2026-06-29 16:11:50,316 | [META-RNW] | INFO | __main__ | Run ID: 20260629_161150_meta_renewed_t37 | tasks=[3=HSacR, 7=VSacR] | max_trials=10 | dropout=0.50 | patience=30 | lr=1e-04 | wd=1e-02
2026-06-29 16:11:50,316 | [META-RNW] | INFO | __main__ | Log file: /home/leggo/AIResearch/VOGBasedMCIDetectionSystemMobileViTSingleExperimentInference/outputs/logs/run_20260629_161150_meta_renewed_t37.log
2026-06-29 16:11:50,317 | [META-RNW] | INFO | __main__ | Loading 8-task VOG tensors (4-error CWT) from: /home/leggo/AIResearch/VOGBasedMCIDetectionSystemMobileViTSingleExperimentInference/data
2026-06-29 16:11:50,473 | [META-RNW] | INFO | full_experiments_using.data_processor.data_engineering | Loaded preprocessed data_store from cache: /home/leggo/AIResearch/VOGBasedMCIDetectionSystemMobileViTSingleExperimentInference/outputs/cache/data_store_meta_4err.pkl (5736 epochs)
2026-06-29 16:11:50,485 | [META-RNW] | INFO | meta_classifier_renewed.data_processor.data_preprocessing | Strict-parity drop (over 2 kept task(s) at MAX_TRIALS=10): 5 subject(s) had <10 trials on ≥1 kept task.
2026-06-29 16:11:50,485 | [META-RNW] | INFO | meta_classifier_renewed.data_processor.data_preprocessing |   · dropped 20260224_093854_1212626_ (MCI) — kept-task counts [t3, t7] = [5, 20]
2026-06-29 16:11:50,485 | [META-RNW] | INFO | meta_classifier_renewed.data_processor.data_preprocessing |   · dropped 20260317_093419_1012933 (MCI) — kept-task counts [t3, t7] = [9, 23]
2026-06-29 16:11:50,486 | [META-RNW] | INFO | meta_classifier_renewed.data_processor.data_preprocessing |   · dropped 20260310_090536_1517154 (MCI) — kept-task counts [t3, t7] = [7, 24]
2026-06-29 16:11:50,486 | [META-RNW] | INFO | meta_classifier_renewed.data_processor.data_preprocessing |   · dropped 20260128_084616_972310 (MCI) — kept-task counts [t3, t7] = [9, 21]
2026-06-29 16:11:50,486 | [META-RNW] | INFO | meta_classifier_renewed.data_processor.data_preprocessing |   · dropped 20260325_084718_1491320 (MCI) — kept-task counts [t3, t7] = [5, 15]
2026-06-29 16:11:50,493 | [META-RNW] | INFO | __main__ | Subject bundles built: 32  (bundle shape = (32, 2, 10, 4, 32, 32); KEEP_TASK_IDS=(3, 7))
2026-06-29 16:11:50,493 | [META-RNW] | INFO | __main__ | Strict-parity dropped subjects: 5
2026-06-29 16:11:50,618 | [META-RNW] | INFO | meta_classifier_renewed.evaluators.monte_carlo_evaluator | Renewed meta MC Group CV — 30 folds | device=cuda | dropout=0.50 | lr=1e-04 | wd=1e-02 | NUM_TASKS=2
2026-06-29 16:11:50,618 | [META-RNW] | INFO | meta_classifier_renewed.evaluators.monte_carlo_evaluator | Loading shared MobileViT-small backbone (one-time, no patches)...
2026-06-29 16:11:51,023 | [META-RNW] | INFO | httpx | HTTP Request: HEAD https://huggingface.co/apple/mobilevit-small/resolve/main/config.json "HTTP/1.1 307 Temporary Redirect"
2026-06-29 16:11:51,040 | [META-RNW] | INFO | httpx | HTTP Request: HEAD https://huggingface.co/api/resolve-cache/models/apple/mobilevit-small/6c8612545dc98676d27bc518fa521d9e9af23e34/config.json "HTTP/1.1 200 OK"
2026-06-29 16:11:51,284 | [META-RNW] | INFO | httpx | HTTP Request: HEAD https://huggingface.co/apple/mobilevit-small/resolve/main/model.safetensors "HTTP/1.1 404 Not Found"
2026-06-29 16:11:51,505 | [META-RNW] | INFO | httpx | HTTP Request: HEAD https://huggingface.co/apple/mobilevit-small/resolve/main/model.safetensors.index.json "HTTP/1.1 404 Not Found"
2026-06-29 16:11:51,727 | [META-RNW] | INFO | httpx | HTTP Request: HEAD https://huggingface.co/apple/mobilevit-small/resolve/main/pytorch_model.bin "HTTP/1.1 302 Found"
2026-06-29 16:11:51,941 | [META-RNW] | INFO | httpx | HTTP Request: HEAD https://huggingface.co/apple/mobilevit-small/resolve/main/model.safetensors "HTTP/1.1 404 Not Found"
2026-06-29 16:11:52,160 | [META-RNW] | INFO | httpx | HTTP Request: GET https://huggingface.co/api/models/apple/mobilevit-small "HTTP/1.1 200 OK"
2026-06-29 16:11:52,464 | [META-RNW] | INFO | httpx | HTTP Request: GET https://huggingface.co/api/models/apple/mobilevit-small/commits/main "HTTP/1.1 200 OK"
2026-06-29 16:11:52,568 | [META-RNW] | INFO | meta_classifier_renewed.evaluators.monte_carlo_evaluator | Shared backbone ready on cuda.
2026-06-29 16:11:52,572 | [META-RNW] | INFO | meta_classifier_renewed.evaluators.monte_carlo_evaluator | === Fold 01/30 | train: 22 subj | test: 10 subj ===
2026-06-29 16:11:52,589 | [META-RNW] | INFO | meta_classifier_renewed.model_trainers.meta_trainer | Device: cuda | max_epochs=500 | batch=8 | es_patience=30 | lr=1e-04 | wd=1e-02
2026-06-29 16:11:52,591 | [META-RNW] | INFO | meta_classifier_renewed.model_trainers.meta_trainer | CE weights — HC: 1.100  MCI: 0.917
2026-06-29 16:11:52,690 | [META-RNW] | INFO | httpx | HTTP Request: GET https://huggingface.co/api/models/apple/mobilevit-small/discussions?p=0 "HTTP/1.1 200 OK"
2026-06-29 16:11:52,920 | [META-RNW] | INFO | httpx | HTTP Request: GET https://huggingface.co/api/models/apple/mobilevit-small/commits/refs%2Fpr%2F6 "HTTP/1.1 200 OK"
2026-06-29 16:11:53,187 | [META-RNW] | INFO | httpx | HTTP Request: HEAD https://huggingface.co/apple/mobilevit-small/resolve/refs%2Fpr%2F6/model.safetensors.index.json "HTTP/1.1 404 Not Found"
2026-06-29 16:11:53,408 | [META-RNW] | INFO | httpx | HTTP Request: HEAD https://huggingface.co/apple/mobilevit-small/resolve/refs%2Fpr%2F6/model.safetensors "HTTP/1.1 302 Found"
2026-06-29 16:11:54,336 | [META-RNW] | INFO | meta_classifier_renewed.model_trainers.meta_trainer | Ep [001/500] T-Acc:  50.0%  V-Acc:  60.0%  V-AUROC: 0.0417  LR: 2.00e-05
2026-06-29 16:11:54,434 | [META-RNW] | INFO | meta_classifier_renewed.model_trainers.meta_trainer |   ↳ new best AUROC; saved checkpoint: /home/leggo/AIResearch/VOGBasedMCIDetectionSystemMobileViTSingleExperimentInference/outputs/checkpoints/run_20260629_161150_meta_renewed_t37/fold_00_best.pth
2026-06-29 16:11:54,862 | [META-RNW] | INFO | meta_classifier_renewed.model_trainers.meta_trainer | Ep [002/500] T-Acc:  54.5%  V-Acc:  60.0%  V-AUROC: 0.0417  LR: 4.00e-05
2026-06-29 16:11:55,224 | [META-RNW] | INFO | meta_classifier_renewed.model_trainers.meta_trainer | Ep [003/500] T-Acc:  59.1%  V-Acc:  60.0%  V-AUROC: 0.0417  LR: 6.00e-05
2026-06-29 16:11:55,576 | [META-RNW] | INFO | meta_classifier_renewed.model_trainers.meta_trainer | Ep [004/500] T-Acc:  54.5%  V-Acc:  60.0%  V-AUROC: 0.0417  LR: 8.00e-05
2026-06-29 16:11:55,991 | [META-RNW] | INFO | meta_classifier_renewed.model_trainers.meta_trainer | Ep [005/500] T-Acc:  54.5%  V-Acc:  30.0%  V-AUROC: 0.0833  LR: 1.00e-04
2026-06-29 16:11:56,101 | [META-RNW] | INFO | meta_classifier_renewed.model_trainers.meta_trainer |   ↳ new best AUROC; saved checkpoint: /home/leggo/AIResearch/VOGBasedMCIDetectionSystemMobileViTSingleExperimentInference/outputs/checkpoints/run_20260629_161150_meta_renewed_t37/fold_00_best.pth
2026-06-29 16:11:56,528 | [META-RNW] | INFO | meta_classifier_renewed.model_trainers.meta_trainer | Ep [006/500] T-Acc:  31.8%  V-Acc:  30.0%  V-AUROC: 0.0833  LR: 1.00e-04
2026-06-29 16:11:56,960 | [META-RNW] | INFO | meta_classifier_renewed.model_trainers.meta_trainer | Ep [007/500] T-Acc:  36.4%  V-Acc:  20.0%  V-AUROC: 0.1250  LR: 1.00e-04
2026-06-29 16:11:57,081 | [META-RNW] | INFO | meta_classifier_renewed.model_trainers.meta_trainer |   ↳ new best AUROC; saved checkpoint: /home/leggo/AIResearch/VOGBasedMCIDetectionSystemMobileViTSingleExperimentInference/outputs/checkpoints/run_20260629_161150_meta_renewed_t37/fold_00_best.pth
2026-06-29 16:11:57,499 | [META-RNW] | INFO | meta_classifier_renewed.model_trainers.meta_trainer | Ep [008/500] T-Acc:  63.6%  V-Acc:  10.0%  V-AUROC: 0.1667  LR: 1.00e-04
2026-06-29 16:11:57,612 | [META-RNW] | INFO | meta_classifier_renewed.model_trainers.meta_trainer |   ↳ new best AUROC; saved checkpoint: /home/leggo/AIResearch/VOGBasedMCIDetectionSystemMobileViTSingleExperimentInference/outputs/checkpoints/run_20260629_161150_meta_renewed_t37/fold_00_best.pth
2026-06-29 16:11:58,033 | [META-RNW] | INFO | meta_classifier_renewed.model_trainers.meta_trainer | Ep [009/500] T-Acc:  54.5%  V-Acc:  30.0%  V-AUROC: 0.2500  LR: 1.00e-04
2026-06-29 16:11:58,150 | [META-RNW] | INFO | meta_classifier_renewed.model_trainers.meta_trainer |   ↳ new best AUROC; saved checkpoint: /home/leggo/AIResearch/VOGBasedMCIDetectionSystemMobileViTSingleExperimentInference/outputs/checkpoints/run_20260629_161150_meta_renewed_t37/fold_00_best.pth
2026-06-29 16:11:58,547 | [META-RNW] | INFO | meta_classifier_renewed.model_trainers.meta_trainer | Ep [010/500] T-Acc:  77.3%  V-Acc:  60.0%  V-AUROC: 0.2083  LR: 1.00e-04
2026-06-29 16:11:58,961 | [META-RNW] | INFO | meta_classifier_renewed.model_trainers.meta_trainer | Ep [011/500] T-Acc:  68.2%  V-Acc:  60.0%  V-AUROC: 0.2083  LR: 1.00e-04
2026-06-29 16:11:59,334 | [META-RNW] | INFO | meta_classifier_renewed.model_trainers.meta_trainer | Ep [012/500] T-Acc:  77.3%  V-Acc:  60.0%  V-AUROC: 0.2083  LR: 1.00e-04
2026-06-29 16:11:59,711 | [META-RNW] | INFO | meta_classifier_renewed.model_trainers.meta_trainer | Ep [013/500] T-Acc:  68.2%  V-Acc:  50.0%  V-AUROC: 0.3333  LR: 1.00e-04
2026-06-29 16:11:59,826 | [META-RNW] | INFO | meta_classifier_renewed.model_trainers.meta_trainer |   ↳ new best AUROC; saved checkpoint: /home/leggo/AIResearch/VOGBasedMCIDetectionSystemMobileViTSingleExperimentInference/outputs/checkpoints/run_20260629_161150_meta_renewed_t37/fold_00_best.pth
2026-06-29 16:12:00,213 | [META-RNW] | INFO | meta_classifier_renewed.model_trainers.meta_trainer | Ep [014/500] T-Acc:  86.4%  V-Acc:  60.0%  V-AUROC: 0.5417  LR: 1.00e-04
2026-06-29 16:12:00,488 | [META-RNW] | INFO | meta_classifier_renewed.model_trainers.meta_trainer |   ↳ new best AUROC; saved checkpoint: /home/leggo/AIResearch/VOGBasedMCIDetectionSystemMobileViTSingleExperimentInference/outputs/checkpoints/run_20260629_161150_meta_renewed_t37/fold_00_best.pth
2026-06-29 16:12:00,907 | [META-RNW] | INFO | meta_classifier_renewed.model_trainers.meta_trainer | Ep [015/500] T-Acc:  77.3%  V-Acc:  50.0%  V-AUROC: 0.4583  LR: 1.00e-04
2026-06-29 16:12:01,285 | [META-RNW] | INFO | meta_classifier_renewed.model_trainers.meta_trainer | Ep [016/500] T-Acc:  86.4%  V-Acc:  50.0%  V-AUROC: 0.4167  LR: 1.00e-04
2026-06-29 16:12:01,665 | [META-RNW] | INFO | meta_classifier_renewed.model_trainers.meta_trainer | Ep [017/500] T-Acc:  86.4%  V-Acc:  50.0%  V-AUROC: 0.4167  LR: 1.00e-04
2026-06-29 16:12:02,034 | [META-RNW] | INFO | meta_classifier_renewed.model_trainers.meta_trainer | Ep [018/500] T-Acc:  86.4%  V-Acc:  50.0%  V-AUROC: 0.4167  LR: 1.00e-04
2026-06-29 16:12:02,444 | [META-RNW] | INFO | meta_classifier_renewed.model_trainers.meta_trainer | Ep [019/500] T-Acc:  77.3%  V-Acc:  50.0%  V-AUROC: 0.3750  LR: 1.00e-04
2026-06-29 16:12:02,812 | [META-RNW] | INFO | meta_classifier_renewed.model_trainers.meta_trainer | Ep [020/500] T-Acc:  77.3%  V-Acc:  30.0%  V-AUROC: 0.3750  LR: 1.00e-04
2026-06-29 16:12:03,146 | [META-RNW] | INFO | meta_classifier_renewed.model_trainers.meta_trainer | Ep [021/500] T-Acc:  90.9%  V-Acc:  30.0%  V-AUROC: 0.3750  LR: 1.00e-04
2026-06-29 16:12:03,495 | [META-RNW] | INFO | meta_classifier_renewed.model_trainers.meta_trainer | Ep [022/500] T-Acc:  81.8%  V-Acc:  40.0%  V-AUROC: 0.3333  LR: 1.00e-04
2026-06-29 16:12:03,848 | [META-RNW] | INFO | meta_classifier_renewed.model_trainers.meta_trainer | Ep [023/500] T-Acc:  90.9%  V-Acc:  50.0%  V-AUROC: 0.2917  LR: 1.00e-04
2026-06-29 16:12:04,210 | [META-RNW] | INFO | meta_classifier_renewed.model_trainers.meta_trainer | Ep [024/500] T-Acc:  86.4%  V-Acc:  50.0%  V-AUROC: 0.3750  LR: 1.00e-04
2026-06-29 16:12:04,675 | [META-RNW] | INFO | meta_classifier_renewed.model_trainers.meta_trainer | Ep [025/500] T-Acc:  81.8%  V-Acc:  50.0%  V-AUROC: 0.3750  LR: 1.00e-04
2026-06-29 16:12:05,058 | [META-RNW] | INFO | meta_classifier_renewed.model_trainers.meta_trainer | Ep [026/500] T-Acc:  86.4%  V-Acc:  50.0%  V-AUROC: 0.3750  LR: 2.00e-05
2026-06-29 16:12:05,527 | [META-RNW] | INFO | meta_classifier_renewed.model_trainers.meta_trainer | Ep [027/500] T-Acc:  90.9%  V-Acc:  50.0%  V-AUROC: 0.3750  LR: 2.00e-05
2026-06-29 16:12:05,890 | [META-RNW] | INFO | meta_classifier_renewed.model_trainers.meta_trainer | Ep [028/500] T-Acc:  90.9%  V-Acc:  50.0%  V-AUROC: 0.4167  LR: 2.00e-05
2026-06-29 16:12:06,257 | [META-RNW] | INFO | meta_classifier_renewed.model_trainers.meta_trainer | Ep [029/500] T-Acc:  95.5%  V-Acc:  50.0%  V-AUROC: 0.4167  LR: 2.00e-05
2026-06-29 16:12:06,645 | [META-RNW] | INFO | meta_classifier_renewed.model_trainers.meta_trainer | Ep [030/500] T-Acc: 100.0%  V-Acc:  50.0%  V-AUROC: 0.4167  LR: 2.00e-05
2026-06-29 16:12:07,042 | [META-RNW] | INFO | meta_classifier_renewed.model_trainers.meta_trainer | Ep [031/500] T-Acc: 100.0%  V-Acc:  50.0%  V-AUROC: 0.4167  LR: 2.00e-05
2026-06-29 16:12:07,424 | [META-RNW] | INFO | meta_classifier_renewed.model_trainers.meta_trainer | Ep [032/500] T-Acc:  90.9%  V-Acc:  50.0%  V-AUROC: 0.4167  LR: 2.00e-05
2026-06-29 16:12:07,808 | [META-RNW] | INFO | meta_classifier_renewed.model_trainers.meta_trainer | Ep [033/500] T-Acc: 100.0%  V-Acc:  50.0%  V-AUROC: 0.4583  LR: 2.00e-05
2026-06-29 16:12:08,189 | [META-RNW] | INFO | meta_classifier_renewed.model_trainers.meta_trainer | Ep [034/500] T-Acc:  86.4%  V-Acc:  50.0%  V-AUROC: 0.4583  LR: 2.00e-05
2026-06-29 16:12:08,556 | [META-RNW] | INFO | meta_classifier_renewed.model_trainers.meta_trainer | Ep [035/500] T-Acc:  86.4%  V-Acc:  60.0%  V-AUROC: 0.4583  LR: 2.00e-05
2026-06-29 16:12:08,926 | [META-RNW] | INFO | meta_classifier_renewed.model_trainers.meta_trainer | Ep [036/500] T-Acc:  90.9%  V-Acc:  60.0%  V-AUROC: 0.4167  LR: 2.00e-05
2026-06-29 16:12:09,317 | [META-RNW] | INFO | meta_classifier_renewed.model_trainers.meta_trainer | Ep [037/500] T-Acc: 100.0%  V-Acc:  60.0%  V-AUROC: 0.4167  LR: 4.00e-06
2026-06-29 16:12:09,697 | [META-RNW] | INFO | meta_classifier_renewed.model_trainers.meta_trainer | Ep [038/500] T-Acc: 100.0%  V-Acc:  60.0%  V-AUROC: 0.4167  LR: 4.00e-06
2026-06-29 16:12:10,081 | [META-RNW] | INFO | meta_classifier_renewed.model_trainers.meta_trainer | Ep [039/500] T-Acc:  95.5%  V-Acc:  60.0%  V-AUROC: 0.4167  LR: 4.00e-06
2026-06-29 16:12:10,457 | [META-RNW] | INFO | meta_classifier_renewed.model_trainers.meta_trainer | Ep [040/500] T-Acc:  95.5%  V-Acc:  60.0%  V-AUROC: 0.4167  LR: 4.00e-06
2026-06-29 16:12:10,821 | [META-RNW] | INFO | meta_classifier_renewed.model_trainers.meta_trainer | Ep [041/500] T-Acc: 100.0%  V-Acc:  60.0%  V-AUROC: 0.4167  LR: 4.00e-06
2026-06-29 16:12:11,185 | [META-RNW] | INFO | meta_classifier_renewed.model_trainers.meta_trainer | Ep [042/500] T-Acc:  95.5%  V-Acc:  60.0%  V-AUROC: 0.4167  LR: 4.00e-06
2026-06-29 16:12:11,542 | [META-RNW] | INFO | meta_classifier_renewed.model_trainers.meta_trainer | Ep [043/500] T-Acc:  95.5%  V-Acc:  60.0%  V-AUROC: 0.4167  LR: 4.00e-06
2026-06-29 16:12:11,910 | [META-RNW] | INFO | meta_classifier_renewed.model_trainers.meta_trainer | Ep [044/500] T-Acc:  95.5%  V-Acc:  60.0%  V-AUROC: 0.4167  LR: 4.00e-06
2026-06-29 16:12:11,911 | [META-RNW] | INFO | meta_classifier_renewed.model_trainers.meta_trainer | Early stop — best AUROC 0.5417 at epoch 14 (no improvement for 30 epochs)
2026-06-29 16:12:11,911 | [META-RNW] | INFO | meta_classifier_renewed.model_trainers.meta_trainer | Done. Best AUROC: 0.5417 (epoch 14)
2026-06-29 16:12:12,071 | [META-RNW] | INFO | meta_classifier_renewed.model_trainers.meta_trainer | Restored best-AUROC checkpoint into model (epoch 14, AUROC 0.5417).
2026-06-29 16:12:12,306 | [META-RNW] | INFO | meta_classifier_renewed.evaluators.monte_carlo_evaluator | -> Fold 01 Result | Acc=0.600 Sens=0.500 Spec=0.750 AUROC=0.583 (Fixed Threshold: 0.5)
2026-06-29 16:12:12,315 | [META-RNW] | INFO | meta_classifier_renewed.evaluators.monte_carlo_evaluator | === Fold 02/30 | train: 22 subj | test: 10 subj ===
2026-06-29 16:12:12,329 | [META-RNW] | INFO | meta_classifier_renewed.model_trainers.meta_trainer | Device: cuda | max_epochs=500 | batch=8 | es_patience=30 | lr=1e-04 | wd=1e-02
2026-06-29 16:12:12,330 | [META-RNW] | INFO | meta_classifier_renewed.model_trainers.meta_trainer | CE weights — HC: 1.375  MCI: 0.786
2026-06-29 16:12:12,707 | [META-RNW] | INFO | meta_classifier_renewed.model_trainers.meta_trainer | Ep [001/500] T-Acc:  45.5%  V-Acc:  50.0%  V-AUROC: 0.5833  LR: 2.00e-05
2026-06-29 16:12:12,807 | [META-RNW] | INFO | meta_classifier_renewed.model_trainers.meta_trainer |   ↳ new best AUROC; saved checkpoint: /home/leggo/AIResearch/VOGBasedMCIDetectionSystemMobileViTSingleExperimentInference/outputs/checkpoints/run_20260629_161150_meta_renewed_t37/fold_01_best.pth
2026-06-29 16:12:13,154 | [META-RNW] | INFO | meta_classifier_renewed.model_trainers.meta_trainer | Ep [002/500] T-Acc:  50.0%  V-Acc:  50.0%  V-AUROC: 0.5833  LR: 4.00e-05
2026-06-29 16:12:13,549 | [META-RNW] | INFO | meta_classifier_renewed.model_trainers.meta_trainer | Ep [003/500] T-Acc:  63.6%  V-Acc:  60.0%  V-AUROC: 0.6250  LR: 6.00e-05
2026-06-29 16:12:13,657 | [META-RNW] | INFO | meta_classifier_renewed.model_trainers.meta_trainer |   ↳ new best AUROC; saved checkpoint: /home/leggo/AIResearch/VOGBasedMCIDetectionSystemMobileViTSingleExperimentInference/outputs/checkpoints/run_20260629_161150_meta_renewed_t37/fold_01_best.pth
2026-06-29 16:12:14,067 | [META-RNW] | INFO | meta_classifier_renewed.model_trainers.meta_trainer | Ep [004/500] T-Acc:  36.4%  V-Acc:  40.0%  V-AUROC: 0.5417  LR: 8.00e-05
2026-06-29 16:12:14,439 | [META-RNW] | INFO | meta_classifier_renewed.model_trainers.meta_trainer | Ep [005/500] T-Acc:  68.2%  V-Acc:  40.0%  V-AUROC: 0.6250  LR: 1.00e-04
2026-06-29 16:12:14,837 | [META-RNW] | INFO | meta_classifier_renewed.model_trainers.meta_trainer | Ep [006/500] T-Acc:  77.3%  V-Acc:  40.0%  V-AUROC: 0.7083  LR: 1.00e-04
2026-06-29 16:12:14,947 | [META-RNW] | INFO | meta_classifier_renewed.model_trainers.meta_trainer |   ↳ new best AUROC; saved checkpoint: /home/leggo/AIResearch/VOGBasedMCIDetectionSystemMobileViTSingleExperimentInference/outputs/checkpoints/run_20260629_161150_meta_renewed_t37/fold_01_best.pth
2026-06-29 16:12:15,333 | [META-RNW] | INFO | meta_classifier_renewed.model_trainers.meta_trainer | Ep [007/500] T-Acc:  90.9%  V-Acc:  60.0%  V-AUROC: 0.7500  LR: 1.00e-04
2026-06-29 16:12:15,445 | [META-RNW] | INFO | meta_classifier_renewed.model_trainers.meta_trainer |   ↳ new best AUROC; saved checkpoint: /home/leggo/AIResearch/VOGBasedMCIDetectionSystemMobileViTSingleExperimentInference/outputs/checkpoints/run_20260629_161150_meta_renewed_t37/fold_01_best.pth
2026-06-29 16:12:15,823 | [META-RNW] | INFO | meta_classifier_renewed.model_trainers.meta_trainer | Ep [008/500] T-Acc:  63.6%  V-Acc:  60.0%  V-AUROC: 0.7500  LR: 1.00e-04
2026-06-29 16:12:16,190 | [META-RNW] | INFO | meta_classifier_renewed.model_trainers.meta_trainer | Ep [009/500] T-Acc:  63.6%  V-Acc:  60.0%  V-AUROC: 0.7500  LR: 1.00e-04
2026-06-29 16:12:16,561 | [META-RNW] | INFO | meta_classifier_renewed.model_trainers.meta_trainer | Ep [010/500] T-Acc:  81.8%  V-Acc:  60.0%  V-AUROC: 0.7083  LR: 1.00e-04
2026-06-29 16:12:16,926 | [META-RNW] | INFO | meta_classifier_renewed.model_trainers.meta_trainer | Ep [011/500] T-Acc:  77.3%  V-Acc:  70.0%  V-AUROC: 0.7083  LR: 1.00e-04
2026-06-29 16:12:17,292 | [META-RNW] | INFO | meta_classifier_renewed.model_trainers.meta_trainer | Ep [012/500] T-Acc:  77.3%  V-Acc:  70.0%  V-AUROC: 0.7083  LR: 1.00e-04
2026-06-29 16:12:17,680 | [META-RNW] | INFO | meta_classifier_renewed.model_trainers.meta_trainer | Ep [013/500] T-Acc:  90.9%  V-Acc:  70.0%  V-AUROC: 0.7083  LR: 1.00e-04
2026-06-29 16:12:18,062 | [META-RNW] | INFO | meta_classifier_renewed.model_trainers.meta_trainer | Ep [014/500] T-Acc:  90.9%  V-Acc:  60.0%  V-AUROC: 0.7083  LR: 1.00e-04
2026-06-29 16:12:18,440 | [META-RNW] | INFO | meta_classifier_renewed.model_trainers.meta_trainer | Ep [015/500] T-Acc:  90.9%  V-Acc:  70.0%  V-AUROC: 0.6667  LR: 1.00e-04
2026-06-29 16:12:18,817 | [META-RNW] | INFO | meta_classifier_renewed.model_trainers.meta_trainer | Ep [016/500] T-Acc:  90.9%  V-Acc:  60.0%  V-AUROC: 0.7083  LR: 1.00e-04
2026-06-29 16:12:19,191 | [META-RNW] | INFO | meta_classifier_renewed.model_trainers.meta_trainer | Ep [017/500] T-Acc:  95.5%  V-Acc:  70.0%  V-AUROC: 0.7083  LR: 1.00e-04
2026-06-29 16:12:19,659 | [META-RNW] | INFO | meta_classifier_renewed.model_trainers.meta_trainer | Ep [018/500] T-Acc:  90.9%  V-Acc:  70.0%  V-AUROC: 0.7500  LR: 1.00e-04
2026-06-29 16:12:20,066 | [META-RNW] | INFO | meta_classifier_renewed.model_trainers.meta_trainer | Ep [019/500] T-Acc:  90.9%  V-Acc:  70.0%  V-AUROC: 0.7500  LR: 2.00e-05
2026-06-29 16:12:20,432 | [META-RNW] | INFO | meta_classifier_renewed.model_trainers.meta_trainer | Ep [020/500] T-Acc:  95.5%  V-Acc:  70.0%  V-AUROC: 0.7500  LR: 2.00e-05
2026-06-29 16:12:20,824 | [META-RNW] | INFO | meta_classifier_renewed.model_trainers.meta_trainer | Ep [021/500] T-Acc:  95.5%  V-Acc:  70.0%  V-AUROC: 0.7500  LR: 2.00e-05
2026-06-29 16:12:21,195 | [META-RNW] | INFO | meta_classifier_renewed.model_trainers.meta_trainer | Ep [022/500] T-Acc: 100.0%  V-Acc:  70.0%  V-AUROC: 0.7500  LR: 2.00e-05
2026-06-29 16:12:21,620 | [META-RNW] | INFO | meta_classifier_renewed.model_trainers.meta_trainer | Ep [023/500] T-Acc: 100.0%  V-Acc:  70.0%  V-AUROC: 0.7083  LR: 2.00e-05
2026-06-29 16:12:22,040 | [META-RNW] | INFO | meta_classifier_renewed.model_trainers.meta_trainer | Ep [024/500] T-Acc:  90.9%  V-Acc:  70.0%  V-AUROC: 0.7083  LR: 2.00e-05
2026-06-29 16:12:22,459 | [META-RNW] | INFO | meta_classifier_renewed.model_trainers.meta_trainer | Ep [025/500] T-Acc:  95.5%  V-Acc:  70.0%  V-AUROC: 0.7083  LR: 2.00e-05
2026-06-29 16:12:22,898 | [META-RNW] | INFO | meta_classifier_renewed.model_trainers.meta_trainer | Ep [026/500] T-Acc:  90.9%  V-Acc:  70.0%  V-AUROC: 0.7083  LR: 2.00e-05
2026-06-29 16:12:23,295 | [META-RNW] | INFO | meta_classifier_renewed.model_trainers.meta_trainer | Ep [027/500] T-Acc:  95.5%  V-Acc:  70.0%  V-AUROC: 0.7083  LR: 2.00e-05
2026-06-29 16:12:23,669 | [META-RNW] | INFO | meta_classifier_renewed.model_trainers.meta_trainer | Ep [028/500] T-Acc:  95.5%  V-Acc:  70.0%  V-AUROC: 0.7083  LR: 2.00e-05
2026-06-29 16:12:24,045 | [META-RNW] | INFO | meta_classifier_renewed.model_trainers.meta_trainer | Ep [029/500] T-Acc:  90.9%  V-Acc:  70.0%  V-AUROC: 0.7500  LR: 2.00e-05
2026-06-29 16:12:24,425 | [META-RNW] | INFO | meta_classifier_renewed.model_trainers.meta_trainer | Ep [030/500] T-Acc: 100.0%  V-Acc:  70.0%  V-AUROC: 0.7500  LR: 4.00e-06
2026-06-29 16:12:24,806 | [META-RNW] | INFO | meta_classifier_renewed.model_trainers.meta_trainer | Ep [031/500] T-Acc:  95.5%  V-Acc:  70.0%  V-AUROC: 0.7500  LR: 4.00e-06
2026-06-29 16:12:25,172 | [META-RNW] | INFO | meta_classifier_renewed.model_trainers.meta_trainer | Ep [032/500] T-Acc:  90.9%  V-Acc:  70.0%  V-AUROC: 0.7500  LR: 4.00e-06
2026-06-29 16:12:25,510 | [META-RNW] | INFO | meta_classifier_renewed.model_trainers.meta_trainer | Ep [033/500] T-Acc:  95.5%  V-Acc:  70.0%  V-AUROC: 0.7500  LR: 4.00e-06
2026-06-29 16:12:25,869 | [META-RNW] | INFO | meta_classifier_renewed.model_trainers.meta_trainer | Ep [034/500] T-Acc:  95.5%  V-Acc:  70.0%  V-AUROC: 0.7500  LR: 4.00e-06
2026-06-29 16:12:26,238 | [META-RNW] | INFO | meta_classifier_renewed.model_trainers.meta_trainer | Ep [035/500] T-Acc: 100.0%  V-Acc:  70.0%  V-AUROC: 0.7500  LR: 4.00e-06
2026-06-29 16:12:26,624 | [META-RNW] | INFO | meta_classifier_renewed.model_trainers.meta_trainer | Ep [036/500] T-Acc:  95.5%  V-Acc:  70.0%  V-AUROC: 0.7500  LR: 4.00e-06
2026-06-29 16:12:26,992 | [META-RNW] | INFO | meta_classifier_renewed.model_trainers.meta_trainer | Ep [037/500] T-Acc: 100.0%  V-Acc:  70.0%  V-AUROC: 0.7500  LR: 4.00e-06
2026-06-29 16:12:26,992 | [META-RNW] | INFO | meta_classifier_renewed.model_trainers.meta_trainer | Early stop — best AUROC 0.7500 at epoch 7 (no improvement for 30 epochs)
2026-06-29 16:12:26,992 | [META-RNW] | INFO | meta_classifier_renewed.model_trainers.meta_trainer | Done. Best AUROC: 0.7500 (epoch 7)
2026-06-29 16:12:27,147 | [META-RNW] | INFO | meta_classifier_renewed.model_trainers.meta_trainer | Restored best-AUROC checkpoint into model (epoch 7, AUROC 0.7500).
2026-06-29 16:12:27,251 | [META-RNW] | INFO | meta_classifier_renewed.evaluators.monte_carlo_evaluator | -> Fold 02 Result | Acc=0.600 Sens=1.000 Spec=0.333 AUROC=0.750 (Fixed Threshold: 0.5)
2026-06-29 16:12:27,261 | [META-RNW] | INFO | meta_classifier_renewed.evaluators.monte_carlo_evaluator | === Fold 03/30 | train: 22 subj | test: 10 subj ===
2026-06-29 16:12:27,274 | [META-RNW] | INFO | meta_classifier_renewed.model_trainers.meta_trainer | Device: cuda | max_epochs=500 | batch=8 | es_patience=30 | lr=1e-04 | wd=1e-02
2026-06-29 16:12:27,276 | [META-RNW] | INFO | meta_classifier_renewed.model_trainers.meta_trainer | CE weights — HC: 1.100  MCI: 0.917
2026-06-29 16:12:27,663 | [META-RNW] | INFO | meta_classifier_renewed.model_trainers.meta_trainer | Ep [001/500] T-Acc:  54.5%  V-Acc:  60.0%  V-AUROC: 0.2500  LR: 2.00e-05
2026-06-29 16:12:27,765 | [META-RNW] | INFO | meta_classifier_renewed.model_trainers.meta_trainer |   ↳ new best AUROC; saved checkpoint: /home/leggo/AIResearch/VOGBasedMCIDetectionSystemMobileViTSingleExperimentInference/outputs/checkpoints/run_20260629_161150_meta_renewed_t37/fold_02_best.pth
2026-06-29 16:12:28,141 | [META-RNW] | INFO | meta_classifier_renewed.model_trainers.meta_trainer | Ep [002/500] T-Acc:  59.1%  V-Acc:  60.0%  V-AUROC: 0.2500  LR: 4.00e-05
2026-06-29 16:12:28,501 | [META-RNW] | INFO | meta_classifier_renewed.model_trainers.meta_trainer | Ep [003/500] T-Acc:  54.5%  V-Acc:  50.0%  V-AUROC: 0.3333  LR: 6.00e-05
2026-06-29 16:12:28,606 | [META-RNW] | INFO | meta_classifier_renewed.model_trainers.meta_trainer |   ↳ new best AUROC; saved checkpoint: /home/leggo/AIResearch/VOGBasedMCIDetectionSystemMobileViTSingleExperimentInference/outputs/checkpoints/run_20260629_161150_meta_renewed_t37/fold_02_best.pth
2026-06-29 16:12:28,951 | [META-RNW] | INFO | meta_classifier_renewed.model_trainers.meta_trainer | Ep [004/500] T-Acc:  45.5%  V-Acc:  40.0%  V-AUROC: 0.4583  LR: 8.00e-05
2026-06-29 16:12:29,151 | [META-RNW] | INFO | meta_classifier_renewed.model_trainers.meta_trainer |   ↳ new best AUROC; saved checkpoint: /home/leggo/AIResearch/VOGBasedMCIDetectionSystemMobileViTSingleExperimentInference/outputs/checkpoints/run_20260629_161150_meta_renewed_t37/fold_02_best.pth
2026-06-29 16:12:29,508 | [META-RNW] | INFO | meta_classifier_renewed.model_trainers.meta_trainer | Ep [005/500] T-Acc:  59.1%  V-Acc:  40.0%  V-AUROC: 0.4583  LR: 1.00e-04
2026-06-29 16:12:29,883 | [META-RNW] | INFO | meta_classifier_renewed.model_trainers.meta_trainer | Ep [006/500] T-Acc:  45.5%  V-Acc:  50.0%  V-AUROC: 0.5417  LR: 1.00e-04
2026-06-29 16:12:29,989 | [META-RNW] | INFO | meta_classifier_renewed.model_trainers.meta_trainer |   ↳ new best AUROC; saved checkpoint: /home/leggo/AIResearch/VOGBasedMCIDetectionSystemMobileViTSingleExperimentInference/outputs/checkpoints/run_20260629_161150_meta_renewed_t37/fold_02_best.pth
2026-06-29 16:12:30,332 | [META-RNW] | INFO | meta_classifier_renewed.model_trainers.meta_trainer | Ep [007/500] T-Acc:  68.2%  V-Acc:  50.0%  V-AUROC: 0.5417  LR: 1.00e-04
2026-06-29 16:12:30,566 | [META-RNW] | INFO | meta_classifier_renewed.model_trainers.meta_trainer |   ↳ new best AUROC; saved checkpoint: /home/leggo/AIResearch/VOGBasedMCIDetectionSystemMobileViTSingleExperimentInference/outputs/checkpoints/run_20260629_161150_meta_renewed_t37/fold_02_best.pth
2026-06-29 16:12:30,924 | [META-RNW] | INFO | meta_classifier_renewed.model_trainers.meta_trainer | Ep [008/500] T-Acc:  50.0%  V-Acc:  60.0%  V-AUROC: 0.5417  LR: 1.00e-04
2026-06-29 16:12:31,291 | [META-RNW] | INFO | meta_classifier_renewed.model_trainers.meta_trainer | Ep [009/500] T-Acc:  86.4%  V-Acc:  60.0%  V-AUROC: 0.5417  LR: 1.00e-04
2026-06-29 16:12:31,659 | [META-RNW] | INFO | meta_classifier_renewed.model_trainers.meta_trainer | Ep [010/500] T-Acc:  68.2%  V-Acc:  60.0%  V-AUROC: 0.4583  LR: 1.00e-04
2026-06-29 16:12:32,027 | [META-RNW] | INFO | meta_classifier_renewed.model_trainers.meta_trainer | Ep [011/500] T-Acc:  68.2%  V-Acc:  60.0%  V-AUROC: 0.4583  LR: 1.00e-04
2026-06-29 16:12:32,403 | [META-RNW] | INFO | meta_classifier_renewed.model_trainers.meta_trainer | Ep [012/500] T-Acc:  72.7%  V-Acc:  50.0%  V-AUROC: 0.5833  LR: 1.00e-04
2026-06-29 16:12:32,513 | [META-RNW] | INFO | meta_classifier_renewed.model_trainers.meta_trainer |   ↳ new best AUROC; saved checkpoint: /home/leggo/AIResearch/VOGBasedMCIDetectionSystemMobileViTSingleExperimentInference/outputs/checkpoints/run_20260629_161150_meta_renewed_t37/fold_02_best.pth
2026-06-29 16:12:32,943 | [META-RNW] | INFO | meta_classifier_renewed.model_trainers.meta_trainer | Ep [013/500] T-Acc:  77.3%  V-Acc:  50.0%  V-AUROC: 0.5833  LR: 1.00e-04
2026-06-29 16:12:33,360 | [META-RNW] | INFO | meta_classifier_renewed.model_trainers.meta_trainer | Ep [014/500] T-Acc:  90.9%  V-Acc:  80.0%  V-AUROC: 0.5833  LR: 1.00e-04
2026-06-29 16:12:33,767 | [META-RNW] | INFO | meta_classifier_renewed.model_trainers.meta_trainer | Ep [015/500] T-Acc:  90.9%  V-Acc:  80.0%  V-AUROC: 0.5417  LR: 1.00e-04
2026-06-29 16:12:34,163 | [META-RNW] | INFO | meta_classifier_renewed.model_trainers.meta_trainer | Ep [016/500] T-Acc:  90.9%  V-Acc:  80.0%  V-AUROC: 0.5833  LR: 1.00e-04
2026-06-29 16:12:34,636 | [META-RNW] | INFO | meta_classifier_renewed.model_trainers.meta_trainer | Ep [017/500] T-Acc:  90.9%  V-Acc:  80.0%  V-AUROC: 0.6250  LR: 1.00e-04
2026-06-29 16:12:34,756 | [META-RNW] | INFO | meta_classifier_renewed.model_trainers.meta_trainer |   ↳ new best AUROC; saved checkpoint: /home/leggo/AIResearch/VOGBasedMCIDetectionSystemMobileViTSingleExperimentInference/outputs/checkpoints/run_20260629_161150_meta_renewed_t37/fold_02_best.pth
2026-06-29 16:12:35,146 | [META-RNW] | INFO | meta_classifier_renewed.model_trainers.meta_trainer | Ep [018/500] T-Acc:  95.5%  V-Acc:  60.0%  V-AUROC: 0.6250  LR: 1.00e-04
2026-06-29 16:12:35,511 | [META-RNW] | INFO | meta_classifier_renewed.model_trainers.meta_trainer | Ep [019/500] T-Acc:  86.4%  V-Acc:  60.0%  V-AUROC: 0.6250  LR: 1.00e-04
2026-06-29 16:12:36,027 | [META-RNW] | INFO | meta_classifier_renewed.model_trainers.meta_trainer | Ep [020/500] T-Acc:  86.4%  V-Acc:  60.0%  V-AUROC: 0.6250  LR: 1.00e-04
2026-06-29 16:12:36,368 | [META-RNW] | INFO | meta_classifier_renewed.model_trainers.meta_trainer | Ep [021/500] T-Acc: 100.0%  V-Acc:  60.0%  V-AUROC: 0.6250  LR: 1.00e-04
2026-06-29 16:12:36,750 | [META-RNW] | INFO | meta_classifier_renewed.model_trainers.meta_trainer | Ep [022/500] T-Acc:  95.5%  V-Acc:  60.0%  V-AUROC: 0.6250  LR: 1.00e-04
2026-06-29 16:12:37,248 | [META-RNW] | INFO | meta_classifier_renewed.model_trainers.meta_trainer | Ep [023/500] T-Acc:  95.5%  V-Acc:  50.0%  V-AUROC: 0.6250  LR: 1.00e-04
2026-06-29 16:12:37,622 | [META-RNW] | INFO | meta_classifier_renewed.model_trainers.meta_trainer | Ep [024/500] T-Acc: 100.0%  V-Acc:  60.0%  V-AUROC: 0.6250  LR: 1.00e-04
2026-06-29 16:12:37,976 | [META-RNW] | INFO | meta_classifier_renewed.model_trainers.meta_trainer | Ep [025/500] T-Acc:  95.5%  V-Acc:  80.0%  V-AUROC: 0.7083  LR: 1.00e-04
2026-06-29 16:12:38,089 | [META-RNW] | INFO | meta_classifier_renewed.model_trainers.meta_trainer |   ↳ new best AUROC; saved checkpoint: /home/leggo/AIResearch/VOGBasedMCIDetectionSystemMobileViTSingleExperimentInference/outputs/checkpoints/run_20260629_161150_meta_renewed_t37/fold_02_best.pth
2026-06-29 16:12:38,453 | [META-RNW] | INFO | meta_classifier_renewed.model_trainers.meta_trainer | Ep [026/500] T-Acc:  95.5%  V-Acc:  80.0%  V-AUROC: 0.7083  LR: 1.00e-04
2026-06-29 16:12:38,817 | [META-RNW] | INFO | meta_classifier_renewed.model_trainers.meta_trainer | Ep [027/500] T-Acc:  95.5%  V-Acc:  80.0%  V-AUROC: 0.7083  LR: 1.00e-04
2026-06-29 16:12:39,189 | [META-RNW] | INFO | meta_classifier_renewed.model_trainers.meta_trainer | Ep [028/500] T-Acc: 100.0%  V-Acc:  80.0%  V-AUROC: 0.6667  LR: 1.00e-04
2026-06-29 16:12:39,571 | [META-RNW] | INFO | meta_classifier_renewed.model_trainers.meta_trainer | Ep [029/500] T-Acc: 100.0%  V-Acc:  60.0%  V-AUROC: 0.6250  LR: 1.00e-04
2026-06-29 16:12:39,950 | [META-RNW] | INFO | meta_classifier_renewed.model_trainers.meta_trainer | Ep [030/500] T-Acc: 100.0%  V-Acc:  60.0%  V-AUROC: 0.5833  LR: 1.00e-04
2026-06-29 16:12:40,328 | [META-RNW] | INFO | meta_classifier_renewed.model_trainers.meta_trainer | Ep [031/500] T-Acc: 100.0%  V-Acc:  60.0%  V-AUROC: 0.5833  LR: 1.00e-04
2026-06-29 16:12:40,738 | [META-RNW] | INFO | meta_classifier_renewed.model_trainers.meta_trainer | Ep [032/500] T-Acc: 100.0%  V-Acc:  60.0%  V-AUROC: 0.5417  LR: 1.00e-04
2026-06-29 16:12:41,158 | [META-RNW] | INFO | meta_classifier_renewed.model_trainers.meta_trainer | Ep [033/500] T-Acc: 100.0%  V-Acc:  60.0%  V-AUROC: 0.5000  LR: 1.00e-04
2026-06-29 16:12:41,590 | [META-RNW] | INFO | meta_classifier_renewed.model_trainers.meta_trainer | Ep [034/500] T-Acc: 100.0%  V-Acc:  60.0%  V-AUROC: 0.5000  LR: 1.00e-04
2026-06-29 16:12:41,977 | [META-RNW] | INFO | meta_classifier_renewed.model_trainers.meta_trainer | Ep [035/500] T-Acc: 100.0%  V-Acc:  60.0%  V-AUROC: 0.5833  LR: 1.00e-04
2026-06-29 16:12:42,351 | [META-RNW] | INFO | meta_classifier_renewed.model_trainers.meta_trainer | Ep [036/500] T-Acc:  95.5%  V-Acc:  60.0%  V-AUROC: 0.6667  LR: 1.00e-04
2026-06-29 16:12:42,720 | [META-RNW] | INFO | meta_classifier_renewed.model_trainers.meta_trainer | Ep [037/500] T-Acc:  90.9%  V-Acc:  60.0%  V-AUROC: 0.6667  LR: 2.00e-05
2026-06-29 16:12:43,076 | [META-RNW] | INFO | meta_classifier_renewed.model_trainers.meta_trainer | Ep [038/500] T-Acc:  95.5%  V-Acc:  60.0%  V-AUROC: 0.6667  LR: 2.00e-05
2026-06-29 16:12:43,431 | [META-RNW] | INFO | meta_classifier_renewed.model_trainers.meta_trainer | Ep [039/500] T-Acc:  95.5%  V-Acc:  60.0%  V-AUROC: 0.6667  LR: 2.00e-05
2026-06-29 16:12:43,805 | [META-RNW] | INFO | meta_classifier_renewed.model_trainers.meta_trainer | Ep [040/500] T-Acc: 100.0%  V-Acc:  60.0%  V-AUROC: 0.6667  LR: 2.00e-05
2026-06-29 16:12:44,166 | [META-RNW] | INFO | meta_classifier_renewed.model_trainers.meta_trainer | Ep [041/500] T-Acc: 100.0%  V-Acc:  60.0%  V-AUROC: 0.6667  LR: 2.00e-05
2026-06-29 16:12:44,528 | [META-RNW] | INFO | meta_classifier_renewed.model_trainers.meta_trainer | Ep [042/500] T-Acc:  95.5%  V-Acc:  60.0%  V-AUROC: 0.6667  LR: 2.00e-05
2026-06-29 16:12:44,910 | [META-RNW] | INFO | meta_classifier_renewed.model_trainers.meta_trainer | Ep [043/500] T-Acc: 100.0%  V-Acc:  70.0%  V-AUROC: 0.6667  LR: 2.00e-05
2026-06-29 16:12:45,286 | [META-RNW] | INFO | meta_classifier_renewed.model_trainers.meta_trainer | Ep [044/500] T-Acc:  95.5%  V-Acc:  80.0%  V-AUROC: 0.7083  LR: 2.00e-05
2026-06-29 16:12:45,661 | [META-RNW] | INFO | meta_classifier_renewed.model_trainers.meta_trainer | Ep [045/500] T-Acc:  95.5%  V-Acc:  80.0%  V-AUROC: 0.7083  LR: 2.00e-05
2026-06-29 16:12:46,056 | [META-RNW] | INFO | meta_classifier_renewed.model_trainers.meta_trainer | Ep [046/500] T-Acc: 100.0%  V-Acc:  80.0%  V-AUROC: 0.7083  LR: 2.00e-05
2026-06-29 16:12:46,438 | [META-RNW] | INFO | meta_classifier_renewed.model_trainers.meta_trainer | Ep [047/500] T-Acc:  95.5%  V-Acc:  70.0%  V-AUROC: 0.7083  LR: 2.00e-05
2026-06-29 16:12:46,830 | [META-RNW] | INFO | meta_classifier_renewed.model_trainers.meta_trainer | Ep [048/500] T-Acc: 100.0%  V-Acc:  70.0%  V-AUROC: 0.7083  LR: 4.00e-06
2026-06-29 16:12:47,206 | [META-RNW] | INFO | meta_classifier_renewed.model_trainers.meta_trainer | Ep [049/500] T-Acc:  95.5%  V-Acc:  70.0%  V-AUROC: 0.7083  LR: 4.00e-06
2026-06-29 16:12:47,574 | [META-RNW] | INFO | meta_classifier_renewed.model_trainers.meta_trainer | Ep [050/500] T-Acc: 100.0%  V-Acc:  60.0%  V-AUROC: 0.6667  LR: 4.00e-06
2026-06-29 16:12:47,964 | [META-RNW] | INFO | meta_classifier_renewed.model_trainers.meta_trainer | Ep [051/500] T-Acc:  95.5%  V-Acc:  60.0%  V-AUROC: 0.6667  LR: 4.00e-06
2026-06-29 16:12:48,358 | [META-RNW] | INFO | meta_classifier_renewed.model_trainers.meta_trainer | Ep [052/500] T-Acc: 100.0%  V-Acc:  60.0%  V-AUROC: 0.6667  LR: 4.00e-06
2026-06-29 16:12:48,759 | [META-RNW] | INFO | meta_classifier_renewed.model_trainers.meta_trainer | Ep [053/500] T-Acc:  95.5%  V-Acc:  60.0%  V-AUROC: 0.6667  LR: 4.00e-06
2026-06-29 16:12:49,141 | [META-RNW] | INFO | meta_classifier_renewed.model_trainers.meta_trainer | Ep [054/500] T-Acc: 100.0%  V-Acc:  60.0%  V-AUROC: 0.7083  LR: 4.00e-06
2026-06-29 16:12:49,568 | [META-RNW] | INFO | meta_classifier_renewed.model_trainers.meta_trainer | Ep [055/500] T-Acc: 100.0%  V-Acc:  60.0%  V-AUROC: 0.6667  LR: 4.00e-06
2026-06-29 16:12:49,569 | [META-RNW] | INFO | meta_classifier_renewed.model_trainers.meta_trainer | Early stop — best AUROC 0.7083 at epoch 25 (no improvement for 30 epochs)
2026-06-29 16:12:49,569 | [META-RNW] | INFO | meta_classifier_renewed.model_trainers.meta_trainer | Done. Best AUROC: 0.7083 (epoch 25)
2026-06-29 16:12:49,730 | [META-RNW] | INFO | meta_classifier_renewed.model_trainers.meta_trainer | Restored best-AUROC checkpoint into model (epoch 25, AUROC 0.7083).
2026-06-29 16:12:49,828 | [META-RNW] | INFO | meta_classifier_renewed.evaluators.monte_carlo_evaluator | -> Fold 03 Result | Acc=0.800 Sens=1.000 Spec=0.500 AUROC=0.667 (Fixed Threshold: 0.5)
2026-06-29 16:12:49,838 | [META-RNW] | INFO | meta_classifier_renewed.evaluators.monte_carlo_evaluator | === Fold 04/30 | train: 22 subj | test: 10 subj ===
2026-06-29 16:12:49,851 | [META-RNW] | INFO | meta_classifier_renewed.model_trainers.meta_trainer | Device: cuda | max_epochs=500 | batch=8 | es_patience=30 | lr=1e-04 | wd=1e-02
2026-06-29 16:12:49,852 | [META-RNW] | INFO | meta_classifier_renewed.model_trainers.meta_trainer | CE weights — HC: 1.100  MCI: 0.917
2026-06-29 16:12:50,244 | [META-RNW] | INFO | meta_classifier_renewed.model_trainers.meta_trainer | Ep [001/500] T-Acc:  50.0%  V-Acc:  40.0%  V-AUROC: 0.1250  LR: 2.00e-05
2026-06-29 16:12:50,344 | [META-RNW] | INFO | meta_classifier_renewed.model_trainers.meta_trainer |   ↳ new best AUROC; saved checkpoint: /home/leggo/AIResearch/VOGBasedMCIDetectionSystemMobileViTSingleExperimentInference/outputs/checkpoints/run_20260629_161150_meta_renewed_t37/fold_03_best.pth
2026-06-29 16:12:50,745 | [META-RNW] | INFO | meta_classifier_renewed.model_trainers.meta_trainer | Ep [002/500] T-Acc:  68.2%  V-Acc:  30.0%  V-AUROC: 0.1667  LR: 4.00e-05
2026-06-29 16:12:50,856 | [META-RNW] | INFO | meta_classifier_renewed.model_trainers.meta_trainer |   ↳ new best AUROC; saved checkpoint: /home/leggo/AIResearch/VOGBasedMCIDetectionSystemMobileViTSingleExperimentInference/outputs/checkpoints/run_20260629_161150_meta_renewed_t37/fold_03_best.pth
2026-06-29 16:12:51,234 | [META-RNW] | INFO | meta_classifier_renewed.model_trainers.meta_trainer | Ep [003/500] T-Acc:  59.1%  V-Acc:  60.0%  V-AUROC: 0.2083  LR: 6.00e-05
2026-06-29 16:12:51,545 | [META-RNW] | INFO | meta_classifier_renewed.model_trainers.meta_trainer |   ↳ new best AUROC; saved checkpoint: /home/leggo/AIResearch/VOGBasedMCIDetectionSystemMobileViTSingleExperimentInference/outputs/checkpoints/run_20260629_161150_meta_renewed_t37/fold_03_best.pth
2026-06-29 16:12:51,981 | [META-RNW] | INFO | meta_classifier_renewed.model_trainers.meta_trainer | Ep [004/500] T-Acc:  59.1%  V-Acc:  60.0%  V-AUROC: 0.3750  LR: 8.00e-05
2026-06-29 16:12:52,095 | [META-RNW] | INFO | meta_classifier_renewed.model_trainers.meta_trainer |   ↳ new best AUROC; saved checkpoint: /home/leggo/AIResearch/VOGBasedMCIDetectionSystemMobileViTSingleExperimentInference/outputs/checkpoints/run_20260629_161150_meta_renewed_t37/fold_03_best.pth
2026-06-29 16:12:52,580 | [META-RNW] | INFO | meta_classifier_renewed.model_trainers.meta_trainer | Ep [005/500] T-Acc:  50.0%  V-Acc:  30.0%  V-AUROC: 0.4167  LR: 1.00e-04
2026-06-29 16:12:52,692 | [META-RNW] | INFO | meta_classifier_renewed.model_trainers.meta_trainer |   ↳ new best AUROC; saved checkpoint: /home/leggo/AIResearch/VOGBasedMCIDetectionSystemMobileViTSingleExperimentInference/outputs/checkpoints/run_20260629_161150_meta_renewed_t37/fold_03_best.pth
2026-06-29 16:12:53,068 | [META-RNW] | INFO | meta_classifier_renewed.model_trainers.meta_trainer | Ep [006/500] T-Acc:  68.2%  V-Acc:  30.0%  V-AUROC: 0.4167  LR: 1.00e-04
2026-06-29 16:12:53,432 | [META-RNW] | INFO | meta_classifier_renewed.model_trainers.meta_trainer | Ep [007/500] T-Acc:  59.1%  V-Acc:  50.0%  V-AUROC: 0.4167  LR: 1.00e-04
2026-06-29 16:12:53,783 | [META-RNW] | INFO | meta_classifier_renewed.model_trainers.meta_trainer | Ep [008/500] T-Acc:  50.0%  V-Acc:  50.0%  V-AUROC: 0.4167  LR: 1.00e-04
2026-06-29 16:12:54,160 | [META-RNW] | INFO | meta_classifier_renewed.model_trainers.meta_trainer | Ep [009/500] T-Acc:  63.6%  V-Acc:  50.0%  V-AUROC: 0.4167  LR: 1.00e-04
2026-06-29 16:12:54,524 | [META-RNW] | INFO | meta_classifier_renewed.model_trainers.meta_trainer | Ep [010/500] T-Acc:  63.6%  V-Acc:  50.0%  V-AUROC: 0.4167  LR: 1.00e-04
2026-06-29 16:12:54,885 | [META-RNW] | INFO | meta_classifier_renewed.model_trainers.meta_trainer | Ep [011/500] T-Acc:  50.0%  V-Acc:  50.0%  V-AUROC: 0.4167  LR: 1.00e-04
2026-06-29 16:12:55,252 | [META-RNW] | INFO | meta_classifier_renewed.model_trainers.meta_trainer | Ep [012/500] T-Acc:  86.4%  V-Acc:  50.0%  V-AUROC: 0.4167  LR: 1.00e-04
2026-06-29 16:12:55,598 | [META-RNW] | INFO | meta_classifier_renewed.model_trainers.meta_trainer | Ep [013/500] T-Acc:  54.5%  V-Acc:  50.0%  V-AUROC: 0.4167  LR: 1.00e-04
2026-06-29 16:12:55,937 | [META-RNW] | INFO | meta_classifier_renewed.model_trainers.meta_trainer | Ep [014/500] T-Acc:  68.2%  V-Acc:  50.0%  V-AUROC: 0.4167  LR: 1.00e-04
2026-06-29 16:12:56,294 | [META-RNW] | INFO | meta_classifier_renewed.model_trainers.meta_trainer | Ep [015/500] T-Acc:  72.7%  V-Acc:  50.0%  V-AUROC: 0.4167  LR: 1.00e-04
2026-06-29 16:12:56,633 | [META-RNW] | INFO | meta_classifier_renewed.model_trainers.meta_trainer | Ep [016/500] T-Acc:  63.6%  V-Acc:  50.0%  V-AUROC: 0.4167  LR: 1.00e-04
2026-06-29 16:12:56,995 | [META-RNW] | INFO | meta_classifier_renewed.model_trainers.meta_trainer | Ep [017/500] T-Acc:  63.6%  V-Acc:  50.0%  V-AUROC: 0.4167  LR: 1.00e-04
2026-06-29 16:12:57,387 | [META-RNW] | INFO | meta_classifier_renewed.model_trainers.meta_trainer | Ep [018/500] T-Acc:  72.7%  V-Acc:  50.0%  V-AUROC: 0.4167  LR: 2.00e-05
2026-06-29 16:12:57,778 | [META-RNW] | INFO | meta_classifier_renewed.model_trainers.meta_trainer | Ep [019/500] T-Acc:  59.1%  V-Acc:  50.0%  V-AUROC: 0.4167  LR: 2.00e-05
2026-06-29 16:12:58,136 | [META-RNW] | INFO | meta_classifier_renewed.model_trainers.meta_trainer | Ep [020/500] T-Acc:  68.2%  V-Acc:  50.0%  V-AUROC: 0.4167  LR: 2.00e-05
2026-06-29 16:12:58,502 | [META-RNW] | INFO | meta_classifier_renewed.model_trainers.meta_trainer | Ep [021/500] T-Acc:  86.4%  V-Acc:  50.0%  V-AUROC: 0.4167  LR: 2.00e-05
2026-06-29 16:12:58,854 | [META-RNW] | INFO | meta_classifier_renewed.model_trainers.meta_trainer | Ep [022/500] T-Acc:  63.6%  V-Acc:  50.0%  V-AUROC: 0.4167  LR: 2.00e-05
2026-06-29 16:12:59,221 | [META-RNW] | INFO | meta_classifier_renewed.model_trainers.meta_trainer | Ep [023/500] T-Acc:  68.2%  V-Acc:  50.0%  V-AUROC: 0.4167  LR: 2.00e-05
2026-06-29 16:12:59,598 | [META-RNW] | INFO | meta_classifier_renewed.model_trainers.meta_trainer | Ep [024/500] T-Acc:  63.6%  V-Acc:  50.0%  V-AUROC: 0.4167  LR: 2.00e-05
2026-06-29 16:12:59,973 | [META-RNW] | INFO | meta_classifier_renewed.model_trainers.meta_trainer | Ep [025/500] T-Acc:  72.7%  V-Acc:  50.0%  V-AUROC: 0.4167  LR: 2.00e-05
2026-06-29 16:13:00,362 | [META-RNW] | INFO | meta_classifier_renewed.model_trainers.meta_trainer | Ep [026/500] T-Acc:  77.3%  V-Acc:  50.0%  V-AUROC: 0.4167  LR: 2.00e-05
2026-06-29 16:13:00,753 | [META-RNW] | INFO | meta_classifier_renewed.model_trainers.meta_trainer | Ep [027/500] T-Acc:  77.3%  V-Acc:  50.0%  V-AUROC: 0.4167  LR: 2.00e-05
2026-06-29 16:13:01,124 | [META-RNW] | INFO | meta_classifier_renewed.model_trainers.meta_trainer | Ep [028/500] T-Acc:  81.8%  V-Acc:  50.0%  V-AUROC: 0.4167  LR: 2.00e-05
2026-06-29 16:13:01,513 | [META-RNW] | INFO | meta_classifier_renewed.model_trainers.meta_trainer | Ep [029/500] T-Acc:  81.8%  V-Acc:  50.0%  V-AUROC: 0.4167  LR: 4.00e-06
2026-06-29 16:13:01,923 | [META-RNW] | INFO | meta_classifier_renewed.model_trainers.meta_trainer | Ep [030/500] T-Acc:  77.3%  V-Acc:  50.0%  V-AUROC: 0.4167  LR: 4.00e-06
2026-06-29 16:13:02,284 | [META-RNW] | INFO | meta_classifier_renewed.model_trainers.meta_trainer | Ep [031/500] T-Acc:  77.3%  V-Acc:  50.0%  V-AUROC: 0.4167  LR: 4.00e-06
2026-06-29 16:13:02,624 | [META-RNW] | INFO | meta_classifier_renewed.model_trainers.meta_trainer | Ep [032/500] T-Acc:  68.2%  V-Acc:  50.0%  V-AUROC: 0.4167  LR: 4.00e-06
2026-06-29 16:13:02,984 | [META-RNW] | INFO | meta_classifier_renewed.model_trainers.meta_trainer | Ep [033/500] T-Acc:  86.4%  V-Acc:  50.0%  V-AUROC: 0.4167  LR: 4.00e-06
2026-06-29 16:13:03,328 | [META-RNW] | INFO | meta_classifier_renewed.model_trainers.meta_trainer | Ep [034/500] T-Acc:  77.3%  V-Acc:  50.0%  V-AUROC: 0.4167  LR: 4.00e-06
2026-06-29 16:13:03,670 | [META-RNW] | INFO | meta_classifier_renewed.model_trainers.meta_trainer | Ep [035/500] T-Acc:  77.3%  V-Acc:  50.0%  V-AUROC: 0.4167  LR: 4.00e-06
2026-06-29 16:13:03,670 | [META-RNW] | INFO | meta_classifier_renewed.model_trainers.meta_trainer | Early stop — best AUROC 0.4167 at epoch 5 (no improvement for 30 epochs)
2026-06-29 16:13:03,670 | [META-RNW] | INFO | meta_classifier_renewed.model_trainers.meta_trainer | Done. Best AUROC: 0.4167 (epoch 5)
2026-06-29 16:13:03,826 | [META-RNW] | INFO | meta_classifier_renewed.model_trainers.meta_trainer | Restored best-AUROC checkpoint into model (epoch 5, AUROC 0.4167).
2026-06-29 16:13:03,912 | [META-RNW] | INFO | meta_classifier_renewed.evaluators.monte_carlo_evaluator | -> Fold 04 Result | Acc=0.300 Sens=0.500 Spec=0.000 AUROC=0.417 (Fixed Threshold: 0.5)
2026-06-29 16:13:03,921 | [META-RNW] | INFO | meta_classifier_renewed.evaluators.monte_carlo_evaluator | === Fold 05/30 | train: 22 subj | test: 10 subj ===
2026-06-29 16:13:03,934 | [META-RNW] | INFO | meta_classifier_renewed.model_trainers.meta_trainer | Device: cuda | max_epochs=500 | batch=8 | es_patience=30 | lr=1e-04 | wd=1e-02
2026-06-29 16:13:03,935 | [META-RNW] | INFO | meta_classifier_renewed.model_trainers.meta_trainer | CE weights — HC: 1.100  MCI: 0.917
2026-06-29 16:13:04,296 | [META-RNW] | INFO | meta_classifier_renewed.model_trainers.meta_trainer | Ep [001/500] T-Acc:  63.6%  V-Acc:  50.0%  V-AUROC: 0.4583  LR: 2.00e-05
2026-06-29 16:13:04,394 | [META-RNW] | INFO | meta_classifier_renewed.model_trainers.meta_trainer |   ↳ new best AUROC; saved checkpoint: /home/leggo/AIResearch/VOGBasedMCIDetectionSystemMobileViTSingleExperimentInference/outputs/checkpoints/run_20260629_161150_meta_renewed_t37/fold_04_best.pth
2026-06-29 16:13:04,797 | [META-RNW] | INFO | meta_classifier_renewed.model_trainers.meta_trainer | Ep [002/500] T-Acc:  40.9%  V-Acc:  60.0%  V-AUROC: 0.4583  LR: 4.00e-05
2026-06-29 16:13:05,236 | [META-RNW] | INFO | meta_classifier_renewed.model_trainers.meta_trainer | Ep [003/500] T-Acc:  36.4%  V-Acc:  40.0%  V-AUROC: 0.4167  LR: 6.00e-05
2026-06-29 16:13:05,593 | [META-RNW] | INFO | meta_classifier_renewed.model_trainers.meta_trainer | Ep [004/500] T-Acc:  50.0%  V-Acc:  40.0%  V-AUROC: 0.3750  LR: 8.00e-05
2026-06-29 16:13:05,926 | [META-RNW] | INFO | meta_classifier_renewed.model_trainers.meta_trainer | Ep [005/500] T-Acc:  45.5%  V-Acc:  40.0%  V-AUROC: 0.3750  LR: 1.00e-04
2026-06-29 16:13:06,246 | [META-RNW] | INFO | meta_classifier_renewed.model_trainers.meta_trainer | Ep [006/500] T-Acc:  50.0%  V-Acc:  40.0%  V-AUROC: 0.3333  LR: 1.00e-04
2026-06-29 16:13:06,739 | [META-RNW] | INFO | meta_classifier_renewed.model_trainers.meta_trainer | Ep [007/500] T-Acc:  59.1%  V-Acc:  40.0%  V-AUROC: 0.4583  LR: 1.00e-04
2026-06-29 16:13:07,323 | [META-RNW] | INFO | meta_classifier_renewed.model_trainers.meta_trainer | Ep [008/500] T-Acc:  77.3%  V-Acc:  50.0%  V-AUROC: 0.6250  LR: 1.00e-04
2026-06-29 16:13:07,439 | [META-RNW] | INFO | meta_classifier_renewed.model_trainers.meta_trainer |   ↳ new best AUROC; saved checkpoint: /home/leggo/AIResearch/VOGBasedMCIDetectionSystemMobileViTSingleExperimentInference/outputs/checkpoints/run_20260629_161150_meta_renewed_t37/fold_04_best.pth
2026-06-29 16:13:07,800 | [META-RNW] | INFO | meta_classifier_renewed.model_trainers.meta_trainer | Ep [009/500] T-Acc:  63.6%  V-Acc:  50.0%  V-AUROC: 0.6250  LR: 1.00e-04
2026-06-29 16:13:08,183 | [META-RNW] | INFO | meta_classifier_renewed.model_trainers.meta_trainer | Ep [010/500] T-Acc:  63.6%  V-Acc:  60.0%  V-AUROC: 0.5833  LR: 1.00e-04
2026-06-29 16:13:08,598 | [META-RNW] | INFO | meta_classifier_renewed.model_trainers.meta_trainer | Ep [011/500] T-Acc:  72.7%  V-Acc:  60.0%  V-AUROC: 0.5833  LR: 1.00e-04
2026-06-29 16:13:09,016 | [META-RNW] | INFO | meta_classifier_renewed.model_trainers.meta_trainer | Ep [012/500] T-Acc:  72.7%  V-Acc:  50.0%  V-AUROC: 0.6250  LR: 1.00e-04
2026-06-29 16:13:09,404 | [META-RNW] | INFO | meta_classifier_renewed.model_trainers.meta_trainer | Ep [013/500] T-Acc:  77.3%  V-Acc:  50.0%  V-AUROC: 0.6667  LR: 1.00e-04
2026-06-29 16:13:09,516 | [META-RNW] | INFO | meta_classifier_renewed.model_trainers.meta_trainer |   ↳ new best AUROC; saved checkpoint: /home/leggo/AIResearch/VOGBasedMCIDetectionSystemMobileViTSingleExperimentInference/outputs/checkpoints/run_20260629_161150_meta_renewed_t37/fold_04_best.pth
2026-06-29 16:13:09,861 | [META-RNW] | INFO | meta_classifier_renewed.model_trainers.meta_trainer | Ep [014/500] T-Acc:  59.1%  V-Acc:  50.0%  V-AUROC: 0.6667  LR: 1.00e-04
2026-06-29 16:13:10,219 | [META-RNW] | INFO | meta_classifier_renewed.model_trainers.meta_trainer | Ep [015/500] T-Acc:  77.3%  V-Acc:  60.0%  V-AUROC: 0.6250  LR: 1.00e-04
2026-06-29 16:13:10,629 | [META-RNW] | INFO | meta_classifier_renewed.model_trainers.meta_trainer | Ep [016/500] T-Acc:  77.3%  V-Acc:  50.0%  V-AUROC: 0.6250  LR: 1.00e-04
2026-06-29 16:13:11,046 | [META-RNW] | INFO | meta_classifier_renewed.model_trainers.meta_trainer | Ep [017/500] T-Acc:  68.2%  V-Acc:  60.0%  V-AUROC: 0.5000  LR: 1.00e-04
2026-06-29 16:13:11,440 | [META-RNW] | INFO | meta_classifier_renewed.model_trainers.meta_trainer | Ep [018/500] T-Acc:  90.9%  V-Acc:  60.0%  V-AUROC: 0.5000  LR: 1.00e-04
2026-06-29 16:13:11,847 | [META-RNW] | INFO | meta_classifier_renewed.model_trainers.meta_trainer | Ep [019/500] T-Acc:  72.7%  V-Acc:  60.0%  V-AUROC: 0.5417  LR: 1.00e-04
2026-06-29 16:13:12,215 | [META-RNW] | INFO | meta_classifier_renewed.model_trainers.meta_trainer | Ep [020/500] T-Acc:  90.9%  V-Acc:  50.0%  V-AUROC: 0.5417  LR: 1.00e-04
2026-06-29 16:13:12,569 | [META-RNW] | INFO | meta_classifier_renewed.model_trainers.meta_trainer | Ep [021/500] T-Acc:  86.4%  V-Acc:  60.0%  V-AUROC: 0.5417  LR: 1.00e-04
2026-06-29 16:13:12,929 | [META-RNW] | INFO | meta_classifier_renewed.model_trainers.meta_trainer | Ep [022/500] T-Acc:  95.5%  V-Acc:  60.0%  V-AUROC: 0.5833  LR: 1.00e-04
2026-06-29 16:13:13,280 | [META-RNW] | INFO | meta_classifier_renewed.model_trainers.meta_trainer | Ep [023/500] T-Acc:  90.9%  V-Acc:  60.0%  V-AUROC: 0.5833  LR: 1.00e-04
2026-06-29 16:13:13,632 | [META-RNW] | INFO | meta_classifier_renewed.model_trainers.meta_trainer | Ep [024/500] T-Acc:  90.9%  V-Acc:  60.0%  V-AUROC: 0.5417  LR: 1.00e-04
2026-06-29 16:13:14,006 | [META-RNW] | INFO | meta_classifier_renewed.model_trainers.meta_trainer | Ep [025/500] T-Acc:  77.3%  V-Acc:  60.0%  V-AUROC: 0.5417  LR: 2.00e-05
2026-06-29 16:13:14,368 | [META-RNW] | INFO | meta_classifier_renewed.model_trainers.meta_trainer | Ep [026/500] T-Acc:  95.5%  V-Acc:  60.0%  V-AUROC: 0.5833  LR: 2.00e-05
2026-06-29 16:13:14,753 | [META-RNW] | INFO | meta_classifier_renewed.model_trainers.meta_trainer | Ep [027/500] T-Acc:  77.3%  V-Acc:  60.0%  V-AUROC: 0.6250  LR: 2.00e-05
2026-06-29 16:13:15,147 | [META-RNW] | INFO | meta_classifier_renewed.model_trainers.meta_trainer | Ep [028/500] T-Acc:  95.5%  V-Acc:  60.0%  V-AUROC: 0.6250  LR: 2.00e-05
2026-06-29 16:13:15,536 | [META-RNW] | INFO | meta_classifier_renewed.model_trainers.meta_trainer | Ep [029/500] T-Acc:  95.5%  V-Acc:  50.0%  V-AUROC: 0.6250  LR: 2.00e-05
2026-06-29 16:13:15,955 | [META-RNW] | INFO | meta_classifier_renewed.model_trainers.meta_trainer | Ep [030/500] T-Acc: 100.0%  V-Acc:  50.0%  V-AUROC: 0.6250  LR: 2.00e-05
2026-06-29 16:13:16,336 | [META-RNW] | INFO | meta_classifier_renewed.model_trainers.meta_trainer | Ep [031/500] T-Acc:  86.4%  V-Acc:  50.0%  V-AUROC: 0.6250  LR: 2.00e-05
2026-06-29 16:13:16,710 | [META-RNW] | INFO | meta_classifier_renewed.model_trainers.meta_trainer | Ep [032/500] T-Acc:  95.5%  V-Acc:  50.0%  V-AUROC: 0.6250  LR: 2.00e-05
2026-06-29 16:13:17,119 | [META-RNW] | INFO | meta_classifier_renewed.model_trainers.meta_trainer | Ep [033/500] T-Acc:  95.5%  V-Acc:  50.0%  V-AUROC: 0.6250  LR: 2.00e-05
2026-06-29 16:13:17,493 | [META-RNW] | INFO | meta_classifier_renewed.model_trainers.meta_trainer | Ep [034/500] T-Acc:  90.9%  V-Acc:  50.0%  V-AUROC: 0.6250  LR: 2.00e-05
2026-06-29 16:13:17,863 | [META-RNW] | INFO | meta_classifier_renewed.model_trainers.meta_trainer | Ep [035/500] T-Acc:  95.5%  V-Acc:  50.0%  V-AUROC: 0.6250  LR: 2.00e-05
2026-06-29 16:13:18,239 | [META-RNW] | INFO | meta_classifier_renewed.model_trainers.meta_trainer | Ep [036/500] T-Acc:  86.4%  V-Acc:  50.0%  V-AUROC: 0.6250  LR: 4.00e-06
2026-06-29 16:13:18,620 | [META-RNW] | INFO | meta_classifier_renewed.model_trainers.meta_trainer | Ep [037/500] T-Acc:  95.5%  V-Acc:  50.0%  V-AUROC: 0.6250  LR: 4.00e-06
2026-06-29 16:13:19,008 | [META-RNW] | INFO | meta_classifier_renewed.model_trainers.meta_trainer | Ep [038/500] T-Acc:  95.5%  V-Acc:  50.0%  V-AUROC: 0.6250  LR: 4.00e-06
2026-06-29 16:13:19,389 | [META-RNW] | INFO | meta_classifier_renewed.model_trainers.meta_trainer | Ep [039/500] T-Acc:  90.9%  V-Acc:  50.0%  V-AUROC: 0.6250  LR: 4.00e-06
2026-06-29 16:13:19,757 | [META-RNW] | INFO | meta_classifier_renewed.model_trainers.meta_trainer | Ep [040/500] T-Acc:  95.5%  V-Acc:  50.0%  V-AUROC: 0.6250  LR: 4.00e-06
2026-06-29 16:13:20,211 | [META-RNW] | INFO | meta_classifier_renewed.model_trainers.meta_trainer | Ep [041/500] T-Acc: 100.0%  V-Acc:  50.0%  V-AUROC: 0.6250  LR: 4.00e-06
2026-06-29 16:13:20,624 | [META-RNW] | INFO | meta_classifier_renewed.model_trainers.meta_trainer | Ep [042/500] T-Acc:  90.9%  V-Acc:  50.0%  V-AUROC: 0.6250  LR: 4.00e-06
2026-06-29 16:13:21,050 | [META-RNW] | INFO | meta_classifier_renewed.model_trainers.meta_trainer | Ep [043/500] T-Acc: 100.0%  V-Acc:  50.0%  V-AUROC: 0.6250  LR: 4.00e-06
2026-06-29 16:13:21,050 | [META-RNW] | INFO | meta_classifier_renewed.model_trainers.meta_trainer | Early stop — best AUROC 0.6667 at epoch 13 (no improvement for 30 epochs)
2026-06-29 16:13:21,051 | [META-RNW] | INFO | meta_classifier_renewed.model_trainers.meta_trainer | Done. Best AUROC: 0.6667 (epoch 13)
2026-06-29 16:13:21,212 | [META-RNW] | INFO | meta_classifier_renewed.model_trainers.meta_trainer | Restored best-AUROC checkpoint into model (epoch 13, AUROC 0.6667).
2026-06-29 16:13:21,306 | [META-RNW] | INFO | meta_classifier_renewed.evaluators.monte_carlo_evaluator | -> Fold 05 Result | Acc=0.500 Sens=0.500 Spec=0.500 AUROC=0.667 (Fixed Threshold: 0.5)
2026-06-29 16:13:21,315 | [META-RNW] | INFO | meta_classifier_renewed.evaluators.monte_carlo_evaluator | === Fold 06/30 | train: 22 subj | test: 10 subj ===
2026-06-29 16:13:21,330 | [META-RNW] | INFO | meta_classifier_renewed.model_trainers.meta_trainer | Device: cuda | max_epochs=500 | batch=8 | es_patience=30 | lr=1e-04 | wd=1e-02
2026-06-29 16:13:21,331 | [META-RNW] | INFO | meta_classifier_renewed.model_trainers.meta_trainer | CE weights — HC: 1.222  MCI: 0.846
2026-06-29 16:13:21,765 | [META-RNW] | INFO | meta_classifier_renewed.model_trainers.meta_trainer | Ep [001/500] T-Acc:  63.6%  V-Acc:  60.0%  V-AUROC: 0.4000  LR: 2.00e-05
2026-06-29 16:13:21,868 | [META-RNW] | INFO | meta_classifier_renewed.model_trainers.meta_trainer |   ↳ new best AUROC; saved checkpoint: /home/leggo/AIResearch/VOGBasedMCIDetectionSystemMobileViTSingleExperimentInference/outputs/checkpoints/run_20260629_161150_meta_renewed_t37/fold_05_best.pth
2026-06-29 16:13:22,291 | [META-RNW] | INFO | meta_classifier_renewed.model_trainers.meta_trainer | Ep [002/500] T-Acc:  50.0%  V-Acc:  50.0%  V-AUROC: 0.4400  LR: 4.00e-05
2026-06-29 16:13:22,403 | [META-RNW] | INFO | meta_classifier_renewed.model_trainers.meta_trainer |   ↳ new best AUROC; saved checkpoint: /home/leggo/AIResearch/VOGBasedMCIDetectionSystemMobileViTSingleExperimentInference/outputs/checkpoints/run_20260629_161150_meta_renewed_t37/fold_05_best.pth
2026-06-29 16:13:22,803 | [META-RNW] | INFO | meta_classifier_renewed.model_trainers.meta_trainer | Ep [003/500] T-Acc:  27.3%  V-Acc:  50.0%  V-AUROC: 0.6000  LR: 6.00e-05
2026-06-29 16:13:23,002 | [META-RNW] | INFO | meta_classifier_renewed.model_trainers.meta_trainer |   ↳ new best AUROC; saved checkpoint: /home/leggo/AIResearch/VOGBasedMCIDetectionSystemMobileViTSingleExperimentInference/outputs/checkpoints/run_20260629_161150_meta_renewed_t37/fold_05_best.pth
2026-06-29 16:13:23,444 | [META-RNW] | INFO | meta_classifier_renewed.model_trainers.meta_trainer | Ep [004/500] T-Acc:  54.5%  V-Acc:  50.0%  V-AUROC: 0.6400  LR: 8.00e-05
2026-06-29 16:13:23,560 | [META-RNW] | INFO | meta_classifier_renewed.model_trainers.meta_trainer |   ↳ new best AUROC; saved checkpoint: /home/leggo/AIResearch/VOGBasedMCIDetectionSystemMobileViTSingleExperimentInference/outputs/checkpoints/run_20260629_161150_meta_renewed_t37/fold_05_best.pth
2026-06-29 16:13:23,929 | [META-RNW] | INFO | meta_classifier_renewed.model_trainers.meta_trainer | Ep [005/500] T-Acc:  68.2%  V-Acc:  50.0%  V-AUROC: 0.6400  LR: 1.00e-04
2026-06-29 16:13:24,278 | [META-RNW] | INFO | meta_classifier_renewed.model_trainers.meta_trainer | Ep [006/500] T-Acc:  50.0%  V-Acc:  50.0%  V-AUROC: 0.6000  LR: 1.00e-04
2026-06-29 16:13:24,649 | [META-RNW] | INFO | meta_classifier_renewed.model_trainers.meta_trainer | Ep [007/500] T-Acc:  54.5%  V-Acc:  50.0%  V-AUROC: 0.6400  LR: 1.00e-04
2026-06-29 16:13:25,003 | [META-RNW] | INFO | meta_classifier_renewed.model_trainers.meta_trainer | Ep [008/500] T-Acc:  50.0%  V-Acc:  60.0%  V-AUROC: 0.6800  LR: 1.00e-04
2026-06-29 16:13:25,111 | [META-RNW] | INFO | meta_classifier_renewed.model_trainers.meta_trainer |   ↳ new best AUROC; saved checkpoint: /home/leggo/AIResearch/VOGBasedMCIDetectionSystemMobileViTSingleExperimentInference/outputs/checkpoints/run_20260629_161150_meta_renewed_t37/fold_05_best.pth
2026-06-29 16:13:25,447 | [META-RNW] | INFO | meta_classifier_renewed.model_trainers.meta_trainer | Ep [009/500] T-Acc:  72.7%  V-Acc:  60.0%  V-AUROC: 0.7200  LR: 1.00e-04
2026-06-29 16:13:25,830 | [META-RNW] | INFO | meta_classifier_renewed.model_trainers.meta_trainer |   ↳ new best AUROC; saved checkpoint: /home/leggo/AIResearch/VOGBasedMCIDetectionSystemMobileViTSingleExperimentInference/outputs/checkpoints/run_20260629_161150_meta_renewed_t37/fold_05_best.pth
2026-06-29 16:13:26,234 | [META-RNW] | INFO | meta_classifier_renewed.model_trainers.meta_trainer | Ep [010/500] T-Acc:  63.6%  V-Acc:  50.0%  V-AUROC: 0.6800  LR: 1.00e-04
2026-06-29 16:13:26,648 | [META-RNW] | INFO | meta_classifier_renewed.model_trainers.meta_trainer | Ep [011/500] T-Acc:  54.5%  V-Acc:  60.0%  V-AUROC: 0.7600  LR: 1.00e-04
2026-06-29 16:13:26,759 | [META-RNW] | INFO | meta_classifier_renewed.model_trainers.meta_trainer |   ↳ new best AUROC; saved checkpoint: /home/leggo/AIResearch/VOGBasedMCIDetectionSystemMobileViTSingleExperimentInference/outputs/checkpoints/run_20260629_161150_meta_renewed_t37/fold_05_best.pth
2026-06-29 16:13:27,122 | [META-RNW] | INFO | meta_classifier_renewed.model_trainers.meta_trainer | Ep [012/500] T-Acc:  63.6%  V-Acc:  60.0%  V-AUROC: 0.8800  LR: 1.00e-04
2026-06-29 16:13:27,345 | [META-RNW] | INFO | meta_classifier_renewed.model_trainers.meta_trainer |   ↳ new best AUROC; saved checkpoint: /home/leggo/AIResearch/VOGBasedMCIDetectionSystemMobileViTSingleExperimentInference/outputs/checkpoints/run_20260629_161150_meta_renewed_t37/fold_05_best.pth
2026-06-29 16:13:27,699 | [META-RNW] | INFO | meta_classifier_renewed.model_trainers.meta_trainer | Ep [013/500] T-Acc:  63.6%  V-Acc:  60.0%  V-AUROC: 0.8800  LR: 1.00e-04
2026-06-29 16:13:28,044 | [META-RNW] | INFO | meta_classifier_renewed.model_trainers.meta_trainer | Ep [014/500] T-Acc:  72.7%  V-Acc:  70.0%  V-AUROC: 0.8000  LR: 1.00e-04
2026-06-29 16:13:28,409 | [META-RNW] | INFO | meta_classifier_renewed.model_trainers.meta_trainer | Ep [015/500] T-Acc:  72.7%  V-Acc:  80.0%  V-AUROC: 0.8400  LR: 1.00e-04
2026-06-29 16:13:28,770 | [META-RNW] | INFO | meta_classifier_renewed.model_trainers.meta_trainer | Ep [016/500] T-Acc:  68.2%  V-Acc:  80.0%  V-AUROC: 0.8400  LR: 1.00e-04
2026-06-29 16:13:29,140 | [META-RNW] | INFO | meta_classifier_renewed.model_trainers.meta_trainer | Ep [017/500] T-Acc:  72.7%  V-Acc:  70.0%  V-AUROC: 0.8800  LR: 1.00e-04
2026-06-29 16:13:29,514 | [META-RNW] | INFO | meta_classifier_renewed.model_trainers.meta_trainer | Ep [018/500] T-Acc:  81.8%  V-Acc:  70.0%  V-AUROC: 0.8400  LR: 1.00e-04
2026-06-29 16:13:29,877 | [META-RNW] | INFO | meta_classifier_renewed.model_trainers.meta_trainer | Ep [019/500] T-Acc:  81.8%  V-Acc:  80.0%  V-AUROC: 0.8000  LR: 1.00e-04
2026-06-29 16:13:30,263 | [META-RNW] | INFO | meta_classifier_renewed.model_trainers.meta_trainer | Ep [020/500] T-Acc:  86.4%  V-Acc:  80.0%  V-AUROC: 0.7600  LR: 1.00e-04
2026-06-29 16:13:30,640 | [META-RNW] | INFO | meta_classifier_renewed.model_trainers.meta_trainer | Ep [021/500] T-Acc: 100.0%  V-Acc:  80.0%  V-AUROC: 0.8000  LR: 1.00e-04
2026-06-29 16:13:31,000 | [META-RNW] | INFO | meta_classifier_renewed.model_trainers.meta_trainer | Ep [022/500] T-Acc:  90.9%  V-Acc:  80.0%  V-AUROC: 0.8000  LR: 1.00e-04
2026-06-29 16:13:31,350 | [META-RNW] | INFO | meta_classifier_renewed.model_trainers.meta_trainer | Ep [023/500] T-Acc:  95.5%  V-Acc:  60.0%  V-AUROC: 0.8400  LR: 1.00e-04
2026-06-29 16:13:31,724 | [META-RNW] | INFO | meta_classifier_renewed.model_trainers.meta_trainer | Ep [024/500] T-Acc:  90.9%  V-Acc:  60.0%  V-AUROC: 0.8400  LR: 2.00e-05
2026-06-29 16:13:32,108 | [META-RNW] | INFO | meta_classifier_renewed.model_trainers.meta_trainer | Ep [025/500] T-Acc:  95.5%  V-Acc:  60.0%  V-AUROC: 0.8400  LR: 2.00e-05
2026-06-29 16:13:32,460 | [META-RNW] | INFO | meta_classifier_renewed.model_trainers.meta_trainer | Ep [026/500] T-Acc:  90.9%  V-Acc:  60.0%  V-AUROC: 0.8400  LR: 2.00e-05
2026-06-29 16:13:32,839 | [META-RNW] | INFO | meta_classifier_renewed.model_trainers.meta_trainer | Ep [027/500] T-Acc:  90.9%  V-Acc:  60.0%  V-AUROC: 0.8400  LR: 2.00e-05
2026-06-29 16:13:33,185 | [META-RNW] | INFO | meta_classifier_renewed.model_trainers.meta_trainer | Ep [028/500] T-Acc:  90.9%  V-Acc:  80.0%  V-AUROC: 0.8400  LR: 2.00e-05
2026-06-29 16:13:33,553 | [META-RNW] | INFO | meta_classifier_renewed.model_trainers.meta_trainer | Ep [029/500] T-Acc:  90.9%  V-Acc:  80.0%  V-AUROC: 0.8400  LR: 2.00e-05
2026-06-29 16:13:33,898 | [META-RNW] | INFO | meta_classifier_renewed.model_trainers.meta_trainer | Ep [030/500] T-Acc:  77.3%  V-Acc:  80.0%  V-AUROC: 0.8400  LR: 2.00e-05
2026-06-29 16:13:34,243 | [META-RNW] | INFO | meta_classifier_renewed.model_trainers.meta_trainer | Ep [031/500] T-Acc:  81.8%  V-Acc:  80.0%  V-AUROC: 0.8400  LR: 2.00e-05
2026-06-29 16:13:34,687 | [META-RNW] | INFO | meta_classifier_renewed.model_trainers.meta_trainer | Ep [032/500] T-Acc:  90.9%  V-Acc:  80.0%  V-AUROC: 0.8400  LR: 2.00e-05
2026-06-29 16:13:35,047 | [META-RNW] | INFO | meta_classifier_renewed.model_trainers.meta_trainer | Ep [033/500] T-Acc:  86.4%  V-Acc:  80.0%  V-AUROC: 0.8400  LR: 2.00e-05
2026-06-29 16:13:35,443 | [META-RNW] | INFO | meta_classifier_renewed.model_trainers.meta_trainer | Ep [034/500] T-Acc: 100.0%  V-Acc:  80.0%  V-AUROC: 0.8400  LR: 2.00e-05
2026-06-29 16:13:35,879 | [META-RNW] | INFO | meta_classifier_renewed.model_trainers.meta_trainer | Ep [035/500] T-Acc:  95.5%  V-Acc:  70.0%  V-AUROC: 0.8400  LR: 4.00e-06
2026-06-29 16:13:36,209 | [META-RNW] | INFO | meta_classifier_renewed.model_trainers.meta_trainer | Ep [036/500] T-Acc:  90.9%  V-Acc:  80.0%  V-AUROC: 0.8400  LR: 4.00e-06
2026-06-29 16:13:36,552 | [META-RNW] | INFO | meta_classifier_renewed.model_trainers.meta_trainer | Ep [037/500] T-Acc:  86.4%  V-Acc:  80.0%  V-AUROC: 0.8400  LR: 4.00e-06
2026-06-29 16:13:36,899 | [META-RNW] | INFO | meta_classifier_renewed.model_trainers.meta_trainer | Ep [038/500] T-Acc:  95.5%  V-Acc:  70.0%  V-AUROC: 0.8400  LR: 4.00e-06
2026-06-29 16:13:37,266 | [META-RNW] | INFO | meta_classifier_renewed.model_trainers.meta_trainer | Ep [039/500] T-Acc:  95.5%  V-Acc:  70.0%  V-AUROC: 0.8400  LR: 4.00e-06
2026-06-29 16:13:37,600 | [META-RNW] | INFO | meta_classifier_renewed.model_trainers.meta_trainer | Ep [040/500] T-Acc: 100.0%  V-Acc:  70.0%  V-AUROC: 0.8400  LR: 4.00e-06
2026-06-29 16:13:37,964 | [META-RNW] | INFO | meta_classifier_renewed.model_trainers.meta_trainer | Ep [041/500] T-Acc:  86.4%  V-Acc:  70.0%  V-AUROC: 0.8400  LR: 4.00e-06
2026-06-29 16:13:38,337 | [META-RNW] | INFO | meta_classifier_renewed.model_trainers.meta_trainer | Ep [042/500] T-Acc:  90.9%  V-Acc:  70.0%  V-AUROC: 0.8400  LR: 4.00e-06
2026-06-29 16:13:38,338 | [META-RNW] | INFO | meta_classifier_renewed.model_trainers.meta_trainer | Early stop — best AUROC 0.8800 at epoch 12 (no improvement for 30 epochs)
2026-06-29 16:13:38,338 | [META-RNW] | INFO | meta_classifier_renewed.model_trainers.meta_trainer | Done. Best AUROC: 0.8800 (epoch 12)
2026-06-29 16:13:38,492 | [META-RNW] | INFO | meta_classifier_renewed.model_trainers.meta_trainer | Restored best-AUROC checkpoint into model (epoch 12, AUROC 0.8800).
2026-06-29 16:13:38,584 | [META-RNW] | INFO | meta_classifier_renewed.evaluators.monte_carlo_evaluator | -> Fold 06 Result | Acc=0.600 Sens=1.000 Spec=0.200 AUROC=0.840 (Fixed Threshold: 0.5)
2026-06-29 16:13:38,594 | [META-RNW] | INFO | meta_classifier_renewed.evaluators.monte_carlo_evaluator | === Fold 07/30 | train: 22 subj | test: 10 subj ===
2026-06-29 16:13:38,608 | [META-RNW] | INFO | meta_classifier_renewed.model_trainers.meta_trainer | Device: cuda | max_epochs=500 | batch=8 | es_patience=30 | lr=1e-04 | wd=1e-02
2026-06-29 16:13:38,609 | [META-RNW] | INFO | meta_classifier_renewed.model_trainers.meta_trainer | CE weights — HC: 0.917  MCI: 1.100
2026-06-29 16:13:38,985 | [META-RNW] | INFO | meta_classifier_renewed.model_trainers.meta_trainer | Ep [001/500] T-Acc:  59.1%  V-Acc:  20.0%  V-AUROC: 0.8125  LR: 2.00e-05
2026-06-29 16:13:39,086 | [META-RNW] | INFO | meta_classifier_renewed.model_trainers.meta_trainer |   ↳ new best AUROC; saved checkpoint: /home/leggo/AIResearch/VOGBasedMCIDetectionSystemMobileViTSingleExperimentInference/outputs/checkpoints/run_20260629_161150_meta_renewed_t37/fold_06_best.pth
2026-06-29 16:13:39,410 | [META-RNW] | INFO | meta_classifier_renewed.model_trainers.meta_trainer | Ep [002/500] T-Acc:  45.5%  V-Acc:  20.0%  V-AUROC: 0.8125  LR: 4.00e-05
2026-06-29 16:13:39,763 | [META-RNW] | INFO | meta_classifier_renewed.model_trainers.meta_trainer | Ep [003/500] T-Acc:  63.6%  V-Acc:  20.0%  V-AUROC: 0.8750  LR: 6.00e-05
2026-06-29 16:13:39,870 | [META-RNW] | INFO | meta_classifier_renewed.model_trainers.meta_trainer |   ↳ new best AUROC; saved checkpoint: /home/leggo/AIResearch/VOGBasedMCIDetectionSystemMobileViTSingleExperimentInference/outputs/checkpoints/run_20260629_161150_meta_renewed_t37/fold_06_best.pth
2026-06-29 16:13:40,212 | [META-RNW] | INFO | meta_classifier_renewed.model_trainers.meta_trainer | Ep [004/500] T-Acc:  63.6%  V-Acc:  70.0%  V-AUROC: 0.7500  LR: 8.00e-05
2026-06-29 16:13:40,573 | [META-RNW] | INFO | meta_classifier_renewed.model_trainers.meta_trainer | Ep [005/500] T-Acc:  54.5%  V-Acc:  80.0%  V-AUROC: 0.5625  LR: 1.00e-04
2026-06-29 16:13:40,938 | [META-RNW] | INFO | meta_classifier_renewed.model_trainers.meta_trainer | Ep [006/500] T-Acc:  59.1%  V-Acc:  80.0%  V-AUROC: 0.7500  LR: 1.00e-04
2026-06-29 16:13:41,303 | [META-RNW] | INFO | meta_classifier_renewed.model_trainers.meta_trainer | Ep [007/500] T-Acc:  54.5%  V-Acc:  60.0%  V-AUROC: 0.8125  LR: 1.00e-04
2026-06-29 16:13:41,689 | [META-RNW] | INFO | meta_classifier_renewed.model_trainers.meta_trainer | Ep [008/500] T-Acc:  59.1%  V-Acc:  40.0%  V-AUROC: 0.8125  LR: 1.00e-04
2026-06-29 16:13:42,054 | [META-RNW] | INFO | meta_classifier_renewed.model_trainers.meta_trainer | Ep [009/500] T-Acc:  77.3%  V-Acc:  30.0%  V-AUROC: 0.6250  LR: 1.00e-04
2026-06-29 16:13:42,402 | [META-RNW] | INFO | meta_classifier_renewed.model_trainers.meta_trainer | Ep [010/500] T-Acc:  68.2%  V-Acc:  60.0%  V-AUROC: 0.5625  LR: 1.00e-04
2026-06-29 16:13:42,772 | [META-RNW] | INFO | meta_classifier_renewed.model_trainers.meta_trainer | Ep [011/500] T-Acc:  86.4%  V-Acc:  50.0%  V-AUROC: 0.5625  LR: 1.00e-04
2026-06-29 16:13:43,147 | [META-RNW] | INFO | meta_classifier_renewed.model_trainers.meta_trainer | Ep [012/500] T-Acc:  86.4%  V-Acc:  50.0%  V-AUROC: 0.5625  LR: 1.00e-04
2026-06-29 16:13:43,496 | [META-RNW] | INFO | meta_classifier_renewed.model_trainers.meta_trainer | Ep [013/500] T-Acc:  63.6%  V-Acc:  50.0%  V-AUROC: 0.5000  LR: 1.00e-04
2026-06-29 16:13:43,852 | [META-RNW] | INFO | meta_classifier_renewed.model_trainers.meta_trainer | Ep [014/500] T-Acc:  72.7%  V-Acc:  50.0%  V-AUROC: 0.4375  LR: 1.00e-04
2026-06-29 16:13:44,196 | [META-RNW] | INFO | meta_classifier_renewed.model_trainers.meta_trainer | Ep [015/500] T-Acc:  86.4%  V-Acc:  50.0%  V-AUROC: 0.4375  LR: 1.00e-04
2026-06-29 16:13:44,543 | [META-RNW] | INFO | meta_classifier_renewed.model_trainers.meta_trainer | Ep [016/500] T-Acc:  77.3%  V-Acc:  40.0%  V-AUROC: 0.4375  LR: 1.00e-04
2026-06-29 16:13:44,913 | [META-RNW] | INFO | meta_classifier_renewed.model_trainers.meta_trainer | Ep [017/500] T-Acc:  68.2%  V-Acc:  40.0%  V-AUROC: 0.4375  LR: 1.00e-04
2026-06-29 16:13:45,292 | [META-RNW] | INFO | meta_classifier_renewed.model_trainers.meta_trainer | Ep [018/500] T-Acc:  81.8%  V-Acc:  50.0%  V-AUROC: 0.4375  LR: 1.00e-04
2026-06-29 16:13:45,658 | [META-RNW] | INFO | meta_classifier_renewed.model_trainers.meta_trainer | Ep [019/500] T-Acc:  77.3%  V-Acc:  50.0%  V-AUROC: 0.4375  LR: 2.00e-05
2026-06-29 16:13:45,983 | [META-RNW] | INFO | meta_classifier_renewed.model_trainers.meta_trainer | Ep [020/500] T-Acc:  81.8%  V-Acc:  50.0%  V-AUROC: 0.4375  LR: 2.00e-05
2026-06-29 16:13:46,356 | [META-RNW] | INFO | meta_classifier_renewed.model_trainers.meta_trainer | Ep [021/500] T-Acc:  86.4%  V-Acc:  50.0%  V-AUROC: 0.4375  LR: 2.00e-05
2026-06-29 16:13:46,739 | [META-RNW] | INFO | meta_classifier_renewed.model_trainers.meta_trainer | Ep [022/500] T-Acc:  81.8%  V-Acc:  50.0%  V-AUROC: 0.4375  LR: 2.00e-05
2026-06-29 16:13:47,108 | [META-RNW] | INFO | meta_classifier_renewed.model_trainers.meta_trainer | Ep [023/500] T-Acc:  95.5%  V-Acc:  50.0%  V-AUROC: 0.4375  LR: 2.00e-05
2026-06-29 16:13:47,473 | [META-RNW] | INFO | meta_classifier_renewed.model_trainers.meta_trainer | Ep [024/500] T-Acc:  95.5%  V-Acc:  50.0%  V-AUROC: 0.4375  LR: 2.00e-05
2026-06-29 16:13:47,825 | [META-RNW] | INFO | meta_classifier_renewed.model_trainers.meta_trainer | Ep [025/500] T-Acc:  90.9%  V-Acc:  50.0%  V-AUROC: 0.4375  LR: 2.00e-05
2026-06-29 16:13:48,185 | [META-RNW] | INFO | meta_classifier_renewed.model_trainers.meta_trainer | Ep [026/500] T-Acc:  81.8%  V-Acc:  50.0%  V-AUROC: 0.4375  LR: 2.00e-05
2026-06-29 16:13:48,541 | [META-RNW] | INFO | meta_classifier_renewed.model_trainers.meta_trainer | Ep [027/500] T-Acc:  90.9%  V-Acc:  40.0%  V-AUROC: 0.4375  LR: 2.00e-05
2026-06-29 16:13:48,903 | [META-RNW] | INFO | meta_classifier_renewed.model_trainers.meta_trainer | Ep [028/500] T-Acc:  90.9%  V-Acc:  50.0%  V-AUROC: 0.4375  LR: 2.00e-05
2026-06-29 16:13:49,267 | [META-RNW] | INFO | meta_classifier_renewed.model_trainers.meta_trainer | Ep [029/500] T-Acc:  90.9%  V-Acc:  50.0%  V-AUROC: 0.4375  LR: 2.00e-05
2026-06-29 16:13:49,689 | [META-RNW] | INFO | meta_classifier_renewed.model_trainers.meta_trainer | Ep [030/500] T-Acc: 100.0%  V-Acc:  50.0%  V-AUROC: 0.4375  LR: 4.00e-06
2026-06-29 16:13:50,045 | [META-RNW] | INFO | meta_classifier_renewed.model_trainers.meta_trainer | Ep [031/500] T-Acc:  86.4%  V-Acc:  40.0%  V-AUROC: 0.4375  LR: 4.00e-06
2026-06-29 16:13:50,484 | [META-RNW] | INFO | meta_classifier_renewed.model_trainers.meta_trainer | Ep [032/500] T-Acc:  90.9%  V-Acc:  40.0%  V-AUROC: 0.4375  LR: 4.00e-06
2026-06-29 16:13:50,875 | [META-RNW] | INFO | meta_classifier_renewed.model_trainers.meta_trainer | Ep [033/500] T-Acc:  90.9%  V-Acc:  40.0%  V-AUROC: 0.4375  LR: 4.00e-06
2026-06-29 16:13:50,876 | [META-RNW] | INFO | meta_classifier_renewed.model_trainers.meta_trainer | Early stop — best AUROC 0.8750 at epoch 3 (no improvement for 30 epochs)
2026-06-29 16:13:50,876 | [META-RNW] | INFO | meta_classifier_renewed.model_trainers.meta_trainer | Done. Best AUROC: 0.8750 (epoch 3)
2026-06-29 16:13:51,032 | [META-RNW] | INFO | meta_classifier_renewed.model_trainers.meta_trainer | Restored best-AUROC checkpoint into model (epoch 3, AUROC 0.8750).
2026-06-29 16:13:51,120 | [META-RNW] | INFO | meta_classifier_renewed.evaluators.monte_carlo_evaluator | -> Fold 07 Result | Acc=0.200 Sens=0.000 Spec=1.000 AUROC=0.875 (Fixed Threshold: 0.5)
2026-06-29 16:13:51,130 | [META-RNW] | INFO | meta_classifier_renewed.evaluators.monte_carlo_evaluator | === Fold 08/30 | train: 22 subj | test: 10 subj ===
2026-06-29 16:13:51,144 | [META-RNW] | INFO | meta_classifier_renewed.model_trainers.meta_trainer | Device: cuda | max_epochs=500 | batch=8 | es_patience=30 | lr=1e-04 | wd=1e-02
2026-06-29 16:13:51,146 | [META-RNW] | INFO | meta_classifier_renewed.model_trainers.meta_trainer | CE weights — HC: 1.375  MCI: 0.786
2026-06-29 16:13:51,576 | [META-RNW] | INFO | meta_classifier_renewed.model_trainers.meta_trainer | Ep [001/500] T-Acc:  68.2%  V-Acc:  20.0%  V-AUROC: 0.4167  LR: 2.00e-05
2026-06-29 16:13:51,689 | [META-RNW] | INFO | meta_classifier_renewed.model_trainers.meta_trainer |   ↳ new best AUROC; saved checkpoint: /home/leggo/AIResearch/VOGBasedMCIDetectionSystemMobileViTSingleExperimentInference/outputs/checkpoints/run_20260629_161150_meta_renewed_t37/fold_07_best.pth
2026-06-29 16:13:52,075 | [META-RNW] | INFO | meta_classifier_renewed.model_trainers.meta_trainer | Ep [002/500] T-Acc:  45.5%  V-Acc:  30.0%  V-AUROC: 0.3333  LR: 4.00e-05
2026-06-29 16:13:52,472 | [META-RNW] | INFO | meta_classifier_renewed.model_trainers.meta_trainer | Ep [003/500] T-Acc:  54.5%  V-Acc:  30.0%  V-AUROC: 0.3333  LR: 6.00e-05
2026-06-29 16:13:52,888 | [META-RNW] | INFO | meta_classifier_renewed.model_trainers.meta_trainer | Ep [004/500] T-Acc:  54.5%  V-Acc:  40.0%  V-AUROC: 0.2917  LR: 8.00e-05
2026-06-29 16:13:53,324 | [META-RNW] | INFO | meta_classifier_renewed.model_trainers.meta_trainer | Ep [005/500] T-Acc:  63.6%  V-Acc:  40.0%  V-AUROC: 0.2917  LR: 1.00e-04
2026-06-29 16:13:53,735 | [META-RNW] | INFO | meta_classifier_renewed.model_trainers.meta_trainer | Ep [006/500] T-Acc:  77.3%  V-Acc:  30.0%  V-AUROC: 0.3333  LR: 1.00e-04
2026-06-29 16:13:54,137 | [META-RNW] | INFO | meta_classifier_renewed.model_trainers.meta_trainer | Ep [007/500] T-Acc:  59.1%  V-Acc:  50.0%  V-AUROC: 0.4167  LR: 1.00e-04
2026-06-29 16:13:54,247 | [META-RNW] | INFO | meta_classifier_renewed.model_trainers.meta_trainer |   ↳ new best AUROC; saved checkpoint: /home/leggo/AIResearch/VOGBasedMCIDetectionSystemMobileViTSingleExperimentInference/outputs/checkpoints/run_20260629_161150_meta_renewed_t37/fold_07_best.pth
2026-06-29 16:13:54,621 | [META-RNW] | INFO | meta_classifier_renewed.model_trainers.meta_trainer | Ep [008/500] T-Acc:  72.7%  V-Acc:  30.0%  V-AUROC: 0.4583  LR: 1.00e-04
2026-06-29 16:13:54,729 | [META-RNW] | INFO | meta_classifier_renewed.model_trainers.meta_trainer |   ↳ new best AUROC; saved checkpoint: /home/leggo/AIResearch/VOGBasedMCIDetectionSystemMobileViTSingleExperimentInference/outputs/checkpoints/run_20260629_161150_meta_renewed_t37/fold_07_best.pth
2026-06-29 16:13:55,103 | [META-RNW] | INFO | meta_classifier_renewed.model_trainers.meta_trainer | Ep [009/500] T-Acc:  63.6%  V-Acc:  40.0%  V-AUROC: 0.4583  LR: 1.00e-04
2026-06-29 16:13:55,496 | [META-RNW] | INFO | meta_classifier_renewed.model_trainers.meta_trainer | Ep [010/500] T-Acc:  72.7%  V-Acc:  40.0%  V-AUROC: 0.4583  LR: 1.00e-04
2026-06-29 16:13:55,924 | [META-RNW] | INFO | meta_classifier_renewed.model_trainers.meta_trainer | Ep [011/500] T-Acc:  68.2%  V-Acc:  50.0%  V-AUROC: 0.5417  LR: 1.00e-04
2026-06-29 16:13:56,037 | [META-RNW] | INFO | meta_classifier_renewed.model_trainers.meta_trainer |   ↳ new best AUROC; saved checkpoint: /home/leggo/AIResearch/VOGBasedMCIDetectionSystemMobileViTSingleExperimentInference/outputs/checkpoints/run_20260629_161150_meta_renewed_t37/fold_07_best.pth
2026-06-29 16:13:56,406 | [META-RNW] | INFO | meta_classifier_renewed.model_trainers.meta_trainer | Ep [012/500] T-Acc:  63.6%  V-Acc:  60.0%  V-AUROC: 0.5417  LR: 1.00e-04
2026-06-29 16:13:56,727 | [META-RNW] | INFO | meta_classifier_renewed.model_trainers.meta_trainer | Ep [013/500] T-Acc:  81.8%  V-Acc:  60.0%  V-AUROC: 0.5833  LR: 1.00e-04
2026-06-29 16:13:56,839 | [META-RNW] | INFO | meta_classifier_renewed.model_trainers.meta_trainer |   ↳ new best AUROC; saved checkpoint: /home/leggo/AIResearch/VOGBasedMCIDetectionSystemMobileViTSingleExperimentInference/outputs/checkpoints/run_20260629_161150_meta_renewed_t37/fold_07_best.pth
2026-06-29 16:13:57,178 | [META-RNW] | INFO | meta_classifier_renewed.model_trainers.meta_trainer | Ep [014/500] T-Acc:  81.8%  V-Acc:  40.0%  V-AUROC: 0.6250  LR: 1.00e-04
2026-06-29 16:13:57,289 | [META-RNW] | INFO | meta_classifier_renewed.model_trainers.meta_trainer |   ↳ new best AUROC; saved checkpoint: /home/leggo/AIResearch/VOGBasedMCIDetectionSystemMobileViTSingleExperimentInference/outputs/checkpoints/run_20260629_161150_meta_renewed_t37/fold_07_best.pth
2026-06-29 16:13:57,620 | [META-RNW] | INFO | meta_classifier_renewed.model_trainers.meta_trainer | Ep [015/500] T-Acc:  86.4%  V-Acc:  40.0%  V-AUROC: 0.6250  LR: 1.00e-04
2026-06-29 16:13:57,981 | [META-RNW] | INFO | meta_classifier_renewed.model_trainers.meta_trainer | Ep [016/500] T-Acc:  95.5%  V-Acc:  70.0%  V-AUROC: 0.6250  LR: 1.00e-04
2026-06-29 16:13:58,327 | [META-RNW] | INFO | meta_classifier_renewed.model_trainers.meta_trainer | Ep [017/500] T-Acc:  90.9%  V-Acc:  70.0%  V-AUROC: 0.6250  LR: 1.00e-04
2026-06-29 16:13:58,663 | [META-RNW] | INFO | meta_classifier_renewed.model_trainers.meta_trainer | Ep [018/500] T-Acc:  77.3%  V-Acc:  40.0%  V-AUROC: 0.6250  LR: 1.00e-04
2026-06-29 16:13:59,011 | [META-RNW] | INFO | meta_classifier_renewed.model_trainers.meta_trainer | Ep [019/500] T-Acc:  86.4%  V-Acc:  40.0%  V-AUROC: 0.6250  LR: 1.00e-04
2026-06-29 16:13:59,366 | [META-RNW] | INFO | meta_classifier_renewed.model_trainers.meta_trainer | Ep [020/500] T-Acc:  86.4%  V-Acc:  40.0%  V-AUROC: 0.7500  LR: 1.00e-04
2026-06-29 16:13:59,473 | [META-RNW] | INFO | meta_classifier_renewed.model_trainers.meta_trainer |   ↳ new best AUROC; saved checkpoint: /home/leggo/AIResearch/VOGBasedMCIDetectionSystemMobileViTSingleExperimentInference/outputs/checkpoints/run_20260629_161150_meta_renewed_t37/fold_07_best.pth
2026-06-29 16:13:59,837 | [META-RNW] | INFO | meta_classifier_renewed.model_trainers.meta_trainer | Ep [021/500] T-Acc: 100.0%  V-Acc:  50.0%  V-AUROC: 0.6250  LR: 1.00e-04
2026-06-29 16:14:00,224 | [META-RNW] | INFO | meta_classifier_renewed.model_trainers.meta_trainer | Ep [022/500] T-Acc:  95.5%  V-Acc:  60.0%  V-AUROC: 0.6250  LR: 1.00e-04
2026-06-29 16:14:00,595 | [META-RNW] | INFO | meta_classifier_renewed.model_trainers.meta_trainer | Ep [023/500] T-Acc:  90.9%  V-Acc:  60.0%  V-AUROC: 0.6250  LR: 1.00e-04
2026-06-29 16:14:00,949 | [META-RNW] | INFO | meta_classifier_renewed.model_trainers.meta_trainer | Ep [024/500] T-Acc:  95.5%  V-Acc:  60.0%  V-AUROC: 0.6250  LR: 1.00e-04
2026-06-29 16:14:01,296 | [META-RNW] | INFO | meta_classifier_renewed.model_trainers.meta_trainer | Ep [025/500] T-Acc:  95.5%  V-Acc:  50.0%  V-AUROC: 0.6250  LR: 1.00e-04
2026-06-29 16:14:01,645 | [META-RNW] | INFO | meta_classifier_renewed.model_trainers.meta_trainer | Ep [026/500] T-Acc: 100.0%  V-Acc:  50.0%  V-AUROC: 0.7500  LR: 1.00e-04
2026-06-29 16:14:02,003 | [META-RNW] | INFO | meta_classifier_renewed.model_trainers.meta_trainer | Ep [027/500] T-Acc: 100.0%  V-Acc:  50.0%  V-AUROC: 0.7500  LR: 1.00e-04
2026-06-29 16:14:02,340 | [META-RNW] | INFO | meta_classifier_renewed.model_trainers.meta_trainer | Ep [028/500] T-Acc: 100.0%  V-Acc:  50.0%  V-AUROC: 0.7500  LR: 1.00e-04
2026-06-29 16:14:02,662 | [META-RNW] | INFO | meta_classifier_renewed.model_trainers.meta_trainer | Ep [029/500] T-Acc:  95.5%  V-Acc:  60.0%  V-AUROC: 0.6250  LR: 1.00e-04
2026-06-29 16:14:02,992 | [META-RNW] | INFO | meta_classifier_renewed.model_trainers.meta_trainer | Ep [030/500] T-Acc: 100.0%  V-Acc:  60.0%  V-AUROC: 0.6250  LR: 1.00e-04
2026-06-29 16:14:03,346 | [META-RNW] | INFO | meta_classifier_renewed.model_trainers.meta_trainer | Ep [031/500] T-Acc: 100.0%  V-Acc:  70.0%  V-AUROC: 0.6250  LR: 1.00e-04
2026-06-29 16:14:03,725 | [META-RNW] | INFO | meta_classifier_renewed.model_trainers.meta_trainer | Ep [032/500] T-Acc:  90.9%  V-Acc:  70.0%  V-AUROC: 0.6250  LR: 2.00e-05
2026-06-29 16:14:04,110 | [META-RNW] | INFO | meta_classifier_renewed.model_trainers.meta_trainer | Ep [033/500] T-Acc:  95.5%  V-Acc:  70.0%  V-AUROC: 0.7500  LR: 2.00e-05
2026-06-29 16:14:04,569 | [META-RNW] | INFO | meta_classifier_renewed.model_trainers.meta_trainer | Ep [034/500] T-Acc:  95.5%  V-Acc:  70.0%  V-AUROC: 0.7500  LR: 2.00e-05
2026-06-29 16:14:04,952 | [META-RNW] | INFO | meta_classifier_renewed.model_trainers.meta_trainer | Ep [035/500] T-Acc: 100.0%  V-Acc:  70.0%  V-AUROC: 0.7500  LR: 2.00e-05
2026-06-29 16:14:05,315 | [META-RNW] | INFO | meta_classifier_renewed.model_trainers.meta_trainer | Ep [036/500] T-Acc: 100.0%  V-Acc:  70.0%  V-AUROC: 0.7500  LR: 2.00e-05
2026-06-29 16:14:05,720 | [META-RNW] | INFO | meta_classifier_renewed.model_trainers.meta_trainer | Ep [037/500] T-Acc: 100.0%  V-Acc:  70.0%  V-AUROC: 0.7500  LR: 2.00e-05
2026-06-29 16:14:06,123 | [META-RNW] | INFO | meta_classifier_renewed.model_trainers.meta_trainer | Ep [038/500] T-Acc:  95.5%  V-Acc:  70.0%  V-AUROC: 0.7500  LR: 2.00e-05
2026-06-29 16:14:06,522 | [META-RNW] | INFO | meta_classifier_renewed.model_trainers.meta_trainer | Ep [039/500] T-Acc:  95.5%  V-Acc:  70.0%  V-AUROC: 0.7500  LR: 2.00e-05
2026-06-29 16:14:06,907 | [META-RNW] | INFO | meta_classifier_renewed.model_trainers.meta_trainer | Ep [040/500] T-Acc: 100.0%  V-Acc:  70.0%  V-AUROC: 0.7500  LR: 2.00e-05
2026-06-29 16:14:07,296 | [META-RNW] | INFO | meta_classifier_renewed.model_trainers.meta_trainer | Ep [041/500] T-Acc: 100.0%  V-Acc:  70.0%  V-AUROC: 0.7500  LR: 2.00e-05
2026-06-29 16:14:07,674 | [META-RNW] | INFO | meta_classifier_renewed.model_trainers.meta_trainer | Ep [042/500] T-Acc: 100.0%  V-Acc:  70.0%  V-AUROC: 0.7500  LR: 2.00e-05
2026-06-29 16:14:08,023 | [META-RNW] | INFO | meta_classifier_renewed.model_trainers.meta_trainer | Ep [043/500] T-Acc: 100.0%  V-Acc:  70.0%  V-AUROC: 0.7500  LR: 4.00e-06
2026-06-29 16:14:08,363 | [META-RNW] | INFO | meta_classifier_renewed.model_trainers.meta_trainer | Ep [044/500] T-Acc: 100.0%  V-Acc:  70.0%  V-AUROC: 0.7500  LR: 4.00e-06
2026-06-29 16:14:08,709 | [META-RNW] | INFO | meta_classifier_renewed.model_trainers.meta_trainer | Ep [045/500] T-Acc:  90.9%  V-Acc:  70.0%  V-AUROC: 0.7500  LR: 4.00e-06
2026-06-29 16:14:09,060 | [META-RNW] | INFO | meta_classifier_renewed.model_trainers.meta_trainer | Ep [046/500] T-Acc: 100.0%  V-Acc:  70.0%  V-AUROC: 0.7500  LR: 4.00e-06
2026-06-29 16:14:09,431 | [META-RNW] | INFO | meta_classifier_renewed.model_trainers.meta_trainer | Ep [047/500] T-Acc: 100.0%  V-Acc:  70.0%  V-AUROC: 0.7500  LR: 4.00e-06
2026-06-29 16:14:09,793 | [META-RNW] | INFO | meta_classifier_renewed.model_trainers.meta_trainer | Ep [048/500] T-Acc: 100.0%  V-Acc:  70.0%  V-AUROC: 0.7500  LR: 4.00e-06
2026-06-29 16:14:10,156 | [META-RNW] | INFO | meta_classifier_renewed.model_trainers.meta_trainer | Ep [049/500] T-Acc:  95.5%  V-Acc:  70.0%  V-AUROC: 0.7500  LR: 4.00e-06
2026-06-29 16:14:10,531 | [META-RNW] | INFO | meta_classifier_renewed.model_trainers.meta_trainer | Ep [050/500] T-Acc: 100.0%  V-Acc:  70.0%  V-AUROC: 0.7500  LR: 4.00e-06
2026-06-29 16:14:10,531 | [META-RNW] | INFO | meta_classifier_renewed.model_trainers.meta_trainer | Early stop — best AUROC 0.7500 at epoch 20 (no improvement for 30 epochs)
2026-06-29 16:14:10,531 | [META-RNW] | INFO | meta_classifier_renewed.model_trainers.meta_trainer | Done. Best AUROC: 0.7500 (epoch 20)
2026-06-29 16:14:10,689 | [META-RNW] | INFO | meta_classifier_renewed.model_trainers.meta_trainer | Restored best-AUROC checkpoint into model (epoch 20, AUROC 0.7500).
2026-06-29 16:14:10,786 | [META-RNW] | INFO | meta_classifier_renewed.evaluators.monte_carlo_evaluator | -> Fold 08 Result | Acc=0.400 Sens=1.000 Spec=0.000 AUROC=0.604 (Fixed Threshold: 0.5)
2026-06-29 16:14:10,796 | [META-RNW] | INFO | meta_classifier_renewed.evaluators.monte_carlo_evaluator | === Fold 09/30 | train: 22 subj | test: 10 subj ===
2026-06-29 16:14:10,809 | [META-RNW] | INFO | meta_classifier_renewed.model_trainers.meta_trainer | Device: cuda | max_epochs=500 | batch=8 | es_patience=30 | lr=1e-04 | wd=1e-02
2026-06-29 16:14:10,810 | [META-RNW] | INFO | meta_classifier_renewed.model_trainers.meta_trainer | CE weights — HC: 1.222  MCI: 0.846
2026-06-29 16:14:11,163 | [META-RNW] | INFO | meta_classifier_renewed.model_trainers.meta_trainer | Ep [001/500] T-Acc:  40.9%  V-Acc:  50.0%  V-AUROC: 0.5600  LR: 2.00e-05
2026-06-29 16:14:11,260 | [META-RNW] | INFO | meta_classifier_renewed.model_trainers.meta_trainer |   ↳ new best AUROC; saved checkpoint: /home/leggo/AIResearch/VOGBasedMCIDetectionSystemMobileViTSingleExperimentInference/outputs/checkpoints/run_20260629_161150_meta_renewed_t37/fold_08_best.pth
2026-06-29 16:14:11,607 | [META-RNW] | INFO | meta_classifier_renewed.model_trainers.meta_trainer | Ep [002/500] T-Acc:  45.5%  V-Acc:  50.0%  V-AUROC: 0.4400  LR: 4.00e-05
2026-06-29 16:14:11,960 | [META-RNW] | INFO | meta_classifier_renewed.model_trainers.meta_trainer | Ep [003/500] T-Acc:  22.7%  V-Acc:  40.0%  V-AUROC: 0.4000  LR: 6.00e-05
2026-06-29 16:14:12,321 | [META-RNW] | INFO | meta_classifier_renewed.model_trainers.meta_trainer | Ep [004/500] T-Acc:  54.5%  V-Acc:  50.0%  V-AUROC: 0.2400  LR: 8.00e-05
2026-06-29 16:14:12,690 | [META-RNW] | INFO | meta_classifier_renewed.model_trainers.meta_trainer | Ep [005/500] T-Acc:  68.2%  V-Acc:  50.0%  V-AUROC: 0.3200  LR: 1.00e-04
2026-06-29 16:14:13,033 | [META-RNW] | INFO | meta_classifier_renewed.model_trainers.meta_trainer | Ep [006/500] T-Acc:  59.1%  V-Acc:  60.0%  V-AUROC: 0.4400  LR: 1.00e-04
2026-06-29 16:14:13,373 | [META-RNW] | INFO | meta_classifier_renewed.model_trainers.meta_trainer | Ep [007/500] T-Acc:  63.6%  V-Acc:  40.0%  V-AUROC: 0.5200  LR: 1.00e-04
2026-06-29 16:14:13,735 | [META-RNW] | INFO | meta_classifier_renewed.model_trainers.meta_trainer | Ep [008/500] T-Acc:  45.5%  V-Acc:  50.0%  V-AUROC: 0.5600  LR: 1.00e-04
2026-06-29 16:14:14,074 | [META-RNW] | INFO | meta_classifier_renewed.model_trainers.meta_trainer | Ep [009/500] T-Acc:  40.9%  V-Acc:  50.0%  V-AUROC: 0.5600  LR: 1.00e-04
2026-06-29 16:14:14,407 | [META-RNW] | INFO | meta_classifier_renewed.model_trainers.meta_trainer | Ep [010/500] T-Acc:  50.0%  V-Acc:  40.0%  V-AUROC: 0.5200  LR: 1.00e-04
2026-06-29 16:14:14,739 | [META-RNW] | INFO | meta_classifier_renewed.model_trainers.meta_trainer | Ep [011/500] T-Acc:  72.7%  V-Acc:  50.0%  V-AUROC: 0.5200  LR: 1.00e-04
2026-06-29 16:14:15,092 | [META-RNW] | INFO | meta_classifier_renewed.model_trainers.meta_trainer | Ep [012/500] T-Acc:  54.5%  V-Acc:  60.0%  V-AUROC: 0.5200  LR: 1.00e-04
2026-06-29 16:14:15,449 | [META-RNW] | INFO | meta_classifier_renewed.model_trainers.meta_trainer | Ep [013/500] T-Acc:  77.3%  V-Acc:  50.0%  V-AUROC: 0.4800  LR: 1.00e-04
2026-06-29 16:14:15,830 | [META-RNW] | INFO | meta_classifier_renewed.model_trainers.meta_trainer | Ep [014/500] T-Acc:  68.2%  V-Acc:  40.0%  V-AUROC: 0.5200  LR: 1.00e-04
2026-06-29 16:14:16,249 | [META-RNW] | INFO | meta_classifier_renewed.model_trainers.meta_trainer | Ep [015/500] T-Acc:  68.2%  V-Acc:  40.0%  V-AUROC: 0.5600  LR: 1.00e-04
2026-06-29 16:14:16,647 | [META-RNW] | INFO | meta_classifier_renewed.model_trainers.meta_trainer | Ep [016/500] T-Acc:  72.7%  V-Acc:  60.0%  V-AUROC: 0.5600  LR: 1.00e-04
2026-06-29 16:14:17,051 | [META-RNW] | INFO | meta_classifier_renewed.model_trainers.meta_trainer | Ep [017/500] T-Acc:  81.8%  V-Acc:  60.0%  V-AUROC: 0.5600  LR: 1.00e-04
2026-06-29 16:14:17,384 | [META-RNW] | INFO | meta_classifier_renewed.model_trainers.meta_trainer | Ep [018/500] T-Acc:  77.3%  V-Acc:  60.0%  V-AUROC: 0.6000  LR: 1.00e-04
2026-06-29 16:14:17,492 | [META-RNW] | INFO | meta_classifier_renewed.model_trainers.meta_trainer |   ↳ new best AUROC; saved checkpoint: /home/leggo/AIResearch/VOGBasedMCIDetectionSystemMobileViTSingleExperimentInference/outputs/checkpoints/run_20260629_161150_meta_renewed_t37/fold_08_best.pth
2026-06-29 16:14:17,850 | [META-RNW] | INFO | meta_classifier_renewed.model_trainers.meta_trainer | Ep [019/500] T-Acc:  77.3%  V-Acc:  40.0%  V-AUROC: 0.6400  LR: 1.00e-04
2026-06-29 16:14:17,957 | [META-RNW] | INFO | meta_classifier_renewed.model_trainers.meta_trainer |   ↳ new best AUROC; saved checkpoint: /home/leggo/AIResearch/VOGBasedMCIDetectionSystemMobileViTSingleExperimentInference/outputs/checkpoints/run_20260629_161150_meta_renewed_t37/fold_08_best.pth
2026-06-29 16:14:18,330 | [META-RNW] | INFO | meta_classifier_renewed.model_trainers.meta_trainer | Ep [020/500] T-Acc:  63.6%  V-Acc:  40.0%  V-AUROC: 0.6800  LR: 1.00e-04
2026-06-29 16:14:18,686 | [META-RNW] | INFO | meta_classifier_renewed.model_trainers.meta_trainer |   ↳ new best AUROC; saved checkpoint: /home/leggo/AIResearch/VOGBasedMCIDetectionSystemMobileViTSingleExperimentInference/outputs/checkpoints/run_20260629_161150_meta_renewed_t37/fold_08_best.pth
2026-06-29 16:14:19,119 | [META-RNW] | INFO | meta_classifier_renewed.model_trainers.meta_trainer | Ep [021/500] T-Acc:  77.3%  V-Acc:  40.0%  V-AUROC: 0.6800  LR: 1.00e-04
2026-06-29 16:14:19,575 | [META-RNW] | INFO | meta_classifier_renewed.model_trainers.meta_trainer | Ep [022/500] T-Acc:  90.9%  V-Acc:  60.0%  V-AUROC: 0.6800  LR: 1.00e-04
2026-06-29 16:14:19,992 | [META-RNW] | INFO | meta_classifier_renewed.model_trainers.meta_trainer | Ep [023/500] T-Acc:  86.4%  V-Acc:  40.0%  V-AUROC: 0.6800  LR: 1.00e-04
2026-06-29 16:14:20,493 | [META-RNW] | INFO | meta_classifier_renewed.model_trainers.meta_trainer | Ep [024/500] T-Acc:  77.3%  V-Acc:  40.0%  V-AUROC: 0.6800  LR: 1.00e-04
2026-06-29 16:14:20,942 | [META-RNW] | INFO | meta_classifier_renewed.model_trainers.meta_trainer | Ep [025/500] T-Acc:  86.4%  V-Acc:  40.0%  V-AUROC: 0.6800  LR: 1.00e-04
2026-06-29 16:14:21,339 | [META-RNW] | INFO | meta_classifier_renewed.model_trainers.meta_trainer | Ep [026/500] T-Acc:  86.4%  V-Acc:  50.0%  V-AUROC: 0.6800  LR: 1.00e-04
2026-06-29 16:14:21,734 | [META-RNW] | INFO | meta_classifier_renewed.model_trainers.meta_trainer | Ep [027/500] T-Acc:  81.8%  V-Acc:  60.0%  V-AUROC: 0.6400  LR: 1.00e-04
2026-06-29 16:14:22,127 | [META-RNW] | INFO | meta_classifier_renewed.model_trainers.meta_trainer | Ep [028/500] T-Acc:  95.5%  V-Acc:  60.0%  V-AUROC: 0.6000  LR: 1.00e-04
2026-06-29 16:14:22,490 | [META-RNW] | INFO | meta_classifier_renewed.model_trainers.meta_trainer | Ep [029/500] T-Acc:  95.5%  V-Acc:  40.0%  V-AUROC: 0.6000  LR: 1.00e-04
2026-06-29 16:14:22,857 | [META-RNW] | INFO | meta_classifier_renewed.model_trainers.meta_trainer | Ep [030/500] T-Acc:  90.9%  V-Acc:  40.0%  V-AUROC: 0.6000  LR: 1.00e-04
2026-06-29 16:14:23,229 | [META-RNW] | INFO | meta_classifier_renewed.model_trainers.meta_trainer | Ep [031/500] T-Acc:  90.9%  V-Acc:  40.0%  V-AUROC: 0.6000  LR: 1.00e-04
2026-06-29 16:14:23,615 | [META-RNW] | INFO | meta_classifier_renewed.model_trainers.meta_trainer | Ep [032/500] T-Acc: 100.0%  V-Acc:  40.0%  V-AUROC: 0.6000  LR: 2.00e-05
2026-06-29 16:14:23,998 | [META-RNW] | INFO | meta_classifier_renewed.model_trainers.meta_trainer | Ep [033/500] T-Acc:  95.5%  V-Acc:  40.0%  V-AUROC: 0.6000  LR: 2.00e-05
2026-06-29 16:14:24,388 | [META-RNW] | INFO | meta_classifier_renewed.model_trainers.meta_trainer | Ep [034/500] T-Acc: 100.0%  V-Acc:  40.0%  V-AUROC: 0.6000  LR: 2.00e-05
2026-06-29 16:14:24,766 | [META-RNW] | INFO | meta_classifier_renewed.model_trainers.meta_trainer | Ep [035/500] T-Acc: 100.0%  V-Acc:  40.0%  V-AUROC: 0.6000  LR: 2.00e-05
2026-06-29 16:14:25,173 | [META-RNW] | INFO | meta_classifier_renewed.model_trainers.meta_trainer | Ep [036/500] T-Acc: 100.0%  V-Acc:  40.0%  V-AUROC: 0.6000  LR: 2.00e-05
2026-06-29 16:14:25,600 | [META-RNW] | INFO | meta_classifier_renewed.model_trainers.meta_trainer | Ep [037/500] T-Acc: 100.0%  V-Acc:  50.0%  V-AUROC: 0.6000  LR: 2.00e-05
2026-06-29 16:14:25,968 | [META-RNW] | INFO | meta_classifier_renewed.model_trainers.meta_trainer | Ep [038/500] T-Acc:  95.5%  V-Acc:  60.0%  V-AUROC: 0.6000  LR: 2.00e-05
2026-06-29 16:14:26,329 | [META-RNW] | INFO | meta_classifier_renewed.model_trainers.meta_trainer | Ep [039/500] T-Acc: 100.0%  V-Acc:  60.0%  V-AUROC: 0.6000  LR: 2.00e-05
2026-06-29 16:14:26,709 | [META-RNW] | INFO | meta_classifier_renewed.model_trainers.meta_trainer | Ep [040/500] T-Acc: 100.0%  V-Acc:  60.0%  V-AUROC: 0.6000  LR: 2.00e-05
2026-06-29 16:14:27,091 | [META-RNW] | INFO | meta_classifier_renewed.model_trainers.meta_trainer | Ep [041/500] T-Acc: 100.0%  V-Acc:  40.0%  V-AUROC: 0.6400  LR: 2.00e-05
2026-06-29 16:14:27,467 | [META-RNW] | INFO | meta_classifier_renewed.model_trainers.meta_trainer | Ep [042/500] T-Acc:  90.9%  V-Acc:  40.0%  V-AUROC: 0.6400  LR: 2.00e-05
2026-06-29 16:14:27,877 | [META-RNW] | INFO | meta_classifier_renewed.model_trainers.meta_trainer | Ep [043/500] T-Acc: 100.0%  V-Acc:  40.0%  V-AUROC: 0.6400  LR: 4.00e-06
2026-06-29 16:14:28,252 | [META-RNW] | INFO | meta_classifier_renewed.model_trainers.meta_trainer | Ep [044/500] T-Acc: 100.0%  V-Acc:  40.0%  V-AUROC: 0.6400  LR: 4.00e-06
2026-06-29 16:14:28,590 | [META-RNW] | INFO | meta_classifier_renewed.model_trainers.meta_trainer | Ep [045/500] T-Acc:  95.5%  V-Acc:  40.0%  V-AUROC: 0.6400  LR: 4.00e-06
2026-06-29 16:14:28,955 | [META-RNW] | INFO | meta_classifier_renewed.model_trainers.meta_trainer | Ep [046/500] T-Acc: 100.0%  V-Acc:  40.0%  V-AUROC: 0.6400  LR: 4.00e-06
2026-06-29 16:14:29,333 | [META-RNW] | INFO | meta_classifier_renewed.model_trainers.meta_trainer | Ep [047/500] T-Acc:  95.5%  V-Acc:  40.0%  V-AUROC: 0.6400  LR: 4.00e-06
2026-06-29 16:14:29,709 | [META-RNW] | INFO | meta_classifier_renewed.model_trainers.meta_trainer | Ep [048/500] T-Acc: 100.0%  V-Acc:  40.0%  V-AUROC: 0.6400  LR: 4.00e-06
2026-06-29 16:14:30,085 | [META-RNW] | INFO | meta_classifier_renewed.model_trainers.meta_trainer | Ep [049/500] T-Acc:  95.5%  V-Acc:  40.0%  V-AUROC: 0.6400  LR: 4.00e-06
2026-06-29 16:14:30,478 | [META-RNW] | INFO | meta_classifier_renewed.model_trainers.meta_trainer | Ep [050/500] T-Acc: 100.0%  V-Acc:  40.0%  V-AUROC: 0.6400  LR: 4.00e-06
2026-06-29 16:14:30,478 | [META-RNW] | INFO | meta_classifier_renewed.model_trainers.meta_trainer | Early stop — best AUROC 0.6800 at epoch 20 (no improvement for 30 epochs)
2026-06-29 16:14:30,479 | [META-RNW] | INFO | meta_classifier_renewed.model_trainers.meta_trainer | Done. Best AUROC: 0.6800 (epoch 20)
2026-06-29 16:14:30,636 | [META-RNW] | INFO | meta_classifier_renewed.model_trainers.meta_trainer | Restored best-AUROC checkpoint into model (epoch 20, AUROC 0.6800).
2026-06-29 16:14:30,743 | [META-RNW] | INFO | meta_classifier_renewed.evaluators.monte_carlo_evaluator | -> Fold 09 Result | Acc=0.400 Sens=0.200 Spec=0.600 AUROC=0.680 (Fixed Threshold: 0.5)
2026-06-29 16:14:30,753 | [META-RNW] | INFO | meta_classifier_renewed.evaluators.monte_carlo_evaluator | === Fold 10/30 | train: 22 subj | test: 10 subj ===
2026-06-29 16:14:30,767 | [META-RNW] | INFO | meta_classifier_renewed.model_trainers.meta_trainer | Device: cuda | max_epochs=500 | batch=8 | es_patience=30 | lr=1e-04 | wd=1e-02
2026-06-29 16:14:30,768 | [META-RNW] | INFO | meta_classifier_renewed.model_trainers.meta_trainer | CE weights — HC: 1.375  MCI: 0.786
2026-06-29 16:14:31,137 | [META-RNW] | INFO | meta_classifier_renewed.model_trainers.meta_trainer | Ep [001/500] T-Acc:  45.5%  V-Acc:  20.0%  V-AUROC: 0.2500  LR: 2.00e-05
2026-06-29 16:14:31,235 | [META-RNW] | INFO | meta_classifier_renewed.model_trainers.meta_trainer |   ↳ new best AUROC; saved checkpoint: /home/leggo/AIResearch/VOGBasedMCIDetectionSystemMobileViTSingleExperimentInference/outputs/checkpoints/run_20260629_161150_meta_renewed_t37/fold_09_best.pth
2026-06-29 16:14:31,590 | [META-RNW] | INFO | meta_classifier_renewed.model_trainers.meta_trainer | Ep [002/500] T-Acc:  40.9%  V-Acc:  50.0%  V-AUROC: 0.3333  LR: 4.00e-05
2026-06-29 16:14:31,695 | [META-RNW] | INFO | meta_classifier_renewed.model_trainers.meta_trainer |   ↳ new best AUROC; saved checkpoint: /home/leggo/AIResearch/VOGBasedMCIDetectionSystemMobileViTSingleExperimentInference/outputs/checkpoints/run_20260629_161150_meta_renewed_t37/fold_09_best.pth
2026-06-29 16:14:32,055 | [META-RNW] | INFO | meta_classifier_renewed.model_trainers.meta_trainer | Ep [003/500] T-Acc:  50.0%  V-Acc:  50.0%  V-AUROC: 0.3333  LR: 6.00e-05
2026-06-29 16:14:32,414 | [META-RNW] | INFO | meta_classifier_renewed.model_trainers.meta_trainer | Ep [004/500] T-Acc:  63.6%  V-Acc:  40.0%  V-AUROC: 0.4167  LR: 8.00e-05
2026-06-29 16:14:32,520 | [META-RNW] | INFO | meta_classifier_renewed.model_trainers.meta_trainer |   ↳ new best AUROC; saved checkpoint: /home/leggo/AIResearch/VOGBasedMCIDetectionSystemMobileViTSingleExperimentInference/outputs/checkpoints/run_20260629_161150_meta_renewed_t37/fold_09_best.pth
2026-06-29 16:14:32,875 | [META-RNW] | INFO | meta_classifier_renewed.model_trainers.meta_trainer | Ep [005/500] T-Acc:  45.5%  V-Acc:  40.0%  V-AUROC: 0.4167  LR: 1.00e-04
2026-06-29 16:14:33,237 | [META-RNW] | INFO | meta_classifier_renewed.model_trainers.meta_trainer | Ep [006/500] T-Acc:  72.7%  V-Acc:  50.0%  V-AUROC: 0.5833  LR: 1.00e-04
2026-06-29 16:14:33,346 | [META-RNW] | INFO | meta_classifier_renewed.model_trainers.meta_trainer |   ↳ new best AUROC; saved checkpoint: /home/leggo/AIResearch/VOGBasedMCIDetectionSystemMobileViTSingleExperimentInference/outputs/checkpoints/run_20260629_161150_meta_renewed_t37/fold_09_best.pth
2026-06-29 16:14:33,684 | [META-RNW] | INFO | meta_classifier_renewed.model_trainers.meta_trainer | Ep [007/500] T-Acc:  59.1%  V-Acc:  50.0%  V-AUROC: 0.6667  LR: 1.00e-04
2026-06-29 16:14:33,792 | [META-RNW] | INFO | meta_classifier_renewed.model_trainers.meta_trainer |   ↳ new best AUROC; saved checkpoint: /home/leggo/AIResearch/VOGBasedMCIDetectionSystemMobileViTSingleExperimentInference/outputs/checkpoints/run_20260629_161150_meta_renewed_t37/fold_09_best.pth
2026-06-29 16:14:34,122 | [META-RNW] | INFO | meta_classifier_renewed.model_trainers.meta_trainer | Ep [008/500] T-Acc:  59.1%  V-Acc:  70.0%  V-AUROC: 0.7500  LR: 1.00e-04
2026-06-29 16:14:34,418 | [META-RNW] | INFO | meta_classifier_renewed.model_trainers.meta_trainer |   ↳ new best AUROC; saved checkpoint: /home/leggo/AIResearch/VOGBasedMCIDetectionSystemMobileViTSingleExperimentInference/outputs/checkpoints/run_20260629_161150_meta_renewed_t37/fold_09_best.pth
2026-06-29 16:14:34,910 | [META-RNW] | INFO | meta_classifier_renewed.model_trainers.meta_trainer | Ep [009/500] T-Acc:  68.2%  V-Acc:  50.0%  V-AUROC: 0.6667  LR: 1.00e-04
2026-06-29 16:14:35,342 | [META-RNW] | INFO | meta_classifier_renewed.model_trainers.meta_trainer | Ep [010/500] T-Acc:  77.3%  V-Acc:  40.0%  V-AUROC: 0.6667  LR: 1.00e-04
2026-06-29 16:14:35,697 | [META-RNW] | INFO | meta_classifier_renewed.model_trainers.meta_trainer | Ep [011/500] T-Acc:  77.3%  V-Acc:  50.0%  V-AUROC: 0.6667  LR: 1.00e-04
2026-06-29 16:14:36,096 | [META-RNW] | INFO | meta_classifier_renewed.model_trainers.meta_trainer | Ep [012/500] T-Acc:  77.3%  V-Acc:  70.0%  V-AUROC: 0.7917  LR: 1.00e-04
2026-06-29 16:14:36,205 | [META-RNW] | INFO | meta_classifier_renewed.model_trainers.meta_trainer |   ↳ new best AUROC; saved checkpoint: /home/leggo/AIResearch/VOGBasedMCIDetectionSystemMobileViTSingleExperimentInference/outputs/checkpoints/run_20260629_161150_meta_renewed_t37/fold_09_best.pth
2026-06-29 16:14:36,600 | [META-RNW] | INFO | meta_classifier_renewed.model_trainers.meta_trainer | Ep [013/500] T-Acc:  63.6%  V-Acc:  70.0%  V-AUROC: 0.8750  LR: 1.00e-04
2026-06-29 16:14:36,766 | [META-RNW] | INFO | meta_classifier_renewed.model_trainers.meta_trainer |   ↳ new best AUROC; saved checkpoint: /home/leggo/AIResearch/VOGBasedMCIDetectionSystemMobileViTSingleExperimentInference/outputs/checkpoints/run_20260629_161150_meta_renewed_t37/fold_09_best.pth
2026-06-29 16:14:37,229 | [META-RNW] | INFO | meta_classifier_renewed.model_trainers.meta_trainer | Ep [014/500] T-Acc:  81.8%  V-Acc:  50.0%  V-AUROC: 0.7917  LR: 1.00e-04
2026-06-29 16:14:37,572 | [META-RNW] | INFO | meta_classifier_renewed.model_trainers.meta_trainer | Ep [015/500] T-Acc:  86.4%  V-Acc:  50.0%  V-AUROC: 0.7917  LR: 1.00e-04
2026-06-29 16:14:37,906 | [META-RNW] | INFO | meta_classifier_renewed.model_trainers.meta_trainer | Ep [016/500] T-Acc:  77.3%  V-Acc:  50.0%  V-AUROC: 0.7917  LR: 1.00e-04
2026-06-29 16:14:38,253 | [META-RNW] | INFO | meta_classifier_renewed.model_trainers.meta_trainer | Ep [017/500] T-Acc:  86.4%  V-Acc:  60.0%  V-AUROC: 0.7917  LR: 1.00e-04
2026-06-29 16:14:38,588 | [META-RNW] | INFO | meta_classifier_renewed.model_trainers.meta_trainer | Ep [018/500] T-Acc:  90.9%  V-Acc:  70.0%  V-AUROC: 0.8333  LR: 1.00e-04
2026-06-29 16:14:38,939 | [META-RNW] | INFO | meta_classifier_renewed.model_trainers.meta_trainer | Ep [019/500] T-Acc:  86.4%  V-Acc:  70.0%  V-AUROC: 0.7917  LR: 1.00e-04
2026-06-29 16:14:39,302 | [META-RNW] | INFO | meta_classifier_renewed.model_trainers.meta_trainer | Ep [020/500] T-Acc:  86.4%  V-Acc:  50.0%  V-AUROC: 0.7917  LR: 1.00e-04
2026-06-29 16:14:39,679 | [META-RNW] | INFO | meta_classifier_renewed.model_trainers.meta_trainer | Ep [021/500] T-Acc:  95.5%  V-Acc:  50.0%  V-AUROC: 0.7083  LR: 1.00e-04
2026-06-29 16:14:40,071 | [META-RNW] | INFO | meta_classifier_renewed.model_trainers.meta_trainer | Ep [022/500] T-Acc: 100.0%  V-Acc:  50.0%  V-AUROC: 0.7083  LR: 1.00e-04
2026-06-29 16:14:40,476 | [META-RNW] | INFO | meta_classifier_renewed.model_trainers.meta_trainer | Ep [023/500] T-Acc:  95.5%  V-Acc:  50.0%  V-AUROC: 0.6667  LR: 1.00e-04
2026-06-29 16:14:40,862 | [META-RNW] | INFO | meta_classifier_renewed.model_trainers.meta_trainer | Ep [024/500] T-Acc:  90.9%  V-Acc:  50.0%  V-AUROC: 0.6250  LR: 1.00e-04
2026-06-29 16:14:41,240 | [META-RNW] | INFO | meta_classifier_renewed.model_trainers.meta_trainer | Ep [025/500] T-Acc:  90.9%  V-Acc:  50.0%  V-AUROC: 0.6250  LR: 2.00e-05
2026-06-29 16:14:41,646 | [META-RNW] | INFO | meta_classifier_renewed.model_trainers.meta_trainer | Ep [026/500] T-Acc:  90.9%  V-Acc:  50.0%  V-AUROC: 0.6250  LR: 2.00e-05
2026-06-29 16:14:42,063 | [META-RNW] | INFO | meta_classifier_renewed.model_trainers.meta_trainer | Ep [027/500] T-Acc:  90.9%  V-Acc:  50.0%  V-AUROC: 0.6250  LR: 2.00e-05
2026-06-29 16:14:42,474 | [META-RNW] | INFO | meta_classifier_renewed.model_trainers.meta_trainer | Ep [028/500] T-Acc:  95.5%  V-Acc:  50.0%  V-AUROC: 0.6250  LR: 2.00e-05
2026-06-29 16:14:42,845 | [META-RNW] | INFO | meta_classifier_renewed.model_trainers.meta_trainer | Ep [029/500] T-Acc:  95.5%  V-Acc:  50.0%  V-AUROC: 0.6250  LR: 2.00e-05
2026-06-29 16:14:43,200 | [META-RNW] | INFO | meta_classifier_renewed.model_trainers.meta_trainer | Ep [030/500] T-Acc: 100.0%  V-Acc:  50.0%  V-AUROC: 0.6250  LR: 2.00e-05
2026-06-29 16:14:43,563 | [META-RNW] | INFO | meta_classifier_renewed.model_trainers.meta_trainer | Ep [031/500] T-Acc: 100.0%  V-Acc:  50.0%  V-AUROC: 0.6250  LR: 2.00e-05
2026-06-29 16:14:43,932 | [META-RNW] | INFO | meta_classifier_renewed.model_trainers.meta_trainer | Ep [032/500] T-Acc: 100.0%  V-Acc:  50.0%  V-AUROC: 0.5833  LR: 2.00e-05
2026-06-29 16:14:44,281 | [META-RNW] | INFO | meta_classifier_renewed.model_trainers.meta_trainer | Ep [033/500] T-Acc:  95.5%  V-Acc:  50.0%  V-AUROC: 0.5417  LR: 2.00e-05
2026-06-29 16:14:44,633 | [META-RNW] | INFO | meta_classifier_renewed.model_trainers.meta_trainer | Ep [034/500] T-Acc:  95.5%  V-Acc:  50.0%  V-AUROC: 0.5417  LR: 2.00e-05
2026-06-29 16:14:45,001 | [META-RNW] | INFO | meta_classifier_renewed.model_trainers.meta_trainer | Ep [035/500] T-Acc: 100.0%  V-Acc:  50.0%  V-AUROC: 0.5417  LR: 2.00e-05
2026-06-29 16:14:45,361 | [META-RNW] | INFO | meta_classifier_renewed.model_trainers.meta_trainer | Ep [036/500] T-Acc:  95.5%  V-Acc:  50.0%  V-AUROC: 0.5417  LR: 4.00e-06
2026-06-29 16:14:45,698 | [META-RNW] | INFO | meta_classifier_renewed.model_trainers.meta_trainer | Ep [037/500] T-Acc: 100.0%  V-Acc:  50.0%  V-AUROC: 0.5417  LR: 4.00e-06
2026-06-29 16:14:46,059 | [META-RNW] | INFO | meta_classifier_renewed.model_trainers.meta_trainer | Ep [038/500] T-Acc: 100.0%  V-Acc:  50.0%  V-AUROC: 0.5417  LR: 4.00e-06
2026-06-29 16:14:46,425 | [META-RNW] | INFO | meta_classifier_renewed.model_trainers.meta_trainer | Ep [039/500] T-Acc:  95.5%  V-Acc:  50.0%  V-AUROC: 0.5417  LR: 4.00e-06
2026-06-29 16:14:46,768 | [META-RNW] | INFO | meta_classifier_renewed.model_trainers.meta_trainer | Ep [040/500] T-Acc:  95.5%  V-Acc:  50.0%  V-AUROC: 0.5417  LR: 4.00e-06
2026-06-29 16:14:47,136 | [META-RNW] | INFO | meta_classifier_renewed.model_trainers.meta_trainer | Ep [041/500] T-Acc:  95.5%  V-Acc:  50.0%  V-AUROC: 0.5417  LR: 4.00e-06
2026-06-29 16:14:47,513 | [META-RNW] | INFO | meta_classifier_renewed.model_trainers.meta_trainer | Ep [042/500] T-Acc:  95.5%  V-Acc:  50.0%  V-AUROC: 0.5417  LR: 4.00e-06
2026-06-29 16:14:47,901 | [META-RNW] | INFO | meta_classifier_renewed.model_trainers.meta_trainer | Ep [043/500] T-Acc:  95.5%  V-Acc:  50.0%  V-AUROC: 0.5417  LR: 4.00e-06
2026-06-29 16:14:47,901 | [META-RNW] | INFO | meta_classifier_renewed.model_trainers.meta_trainer | Early stop — best AUROC 0.8750 at epoch 13 (no improvement for 30 epochs)
2026-06-29 16:14:47,902 | [META-RNW] | INFO | meta_classifier_renewed.model_trainers.meta_trainer | Done. Best AUROC: 0.8750 (epoch 13)
2026-06-29 16:14:48,056 | [META-RNW] | INFO | meta_classifier_renewed.model_trainers.meta_trainer | Restored best-AUROC checkpoint into model (epoch 13, AUROC 0.8750).
2026-06-29 16:14:48,165 | [META-RNW] | INFO | meta_classifier_renewed.evaluators.monte_carlo_evaluator | -> Fold 10 Result | Acc=0.700 Sens=1.000 Spec=0.500 AUROC=0.875 (Fixed Threshold: 0.5)
2026-06-29 16:14:48,175 | [META-RNW] | INFO | meta_classifier_renewed.evaluators.monte_carlo_evaluator | === Fold 11/30 | train: 22 subj | test: 10 subj ===
2026-06-29 16:14:48,190 | [META-RNW] | INFO | meta_classifier_renewed.model_trainers.meta_trainer | Device: cuda | max_epochs=500 | batch=8 | es_patience=30 | lr=1e-04 | wd=1e-02
2026-06-29 16:14:48,191 | [META-RNW] | INFO | meta_classifier_renewed.model_trainers.meta_trainer | CE weights — HC: 1.000  MCI: 1.000
2026-06-29 16:14:48,625 | [META-RNW] | INFO | meta_classifier_renewed.model_trainers.meta_trainer | Ep [001/500] T-Acc:  54.5%  V-Acc:  20.0%  V-AUROC: 0.3333  LR: 2.00e-05
2026-06-29 16:14:48,732 | [META-RNW] | INFO | meta_classifier_renewed.model_trainers.meta_trainer |   ↳ new best AUROC; saved checkpoint: /home/leggo/AIResearch/VOGBasedMCIDetectionSystemMobileViTSingleExperimentInference/outputs/checkpoints/run_20260629_161150_meta_renewed_t37/fold_10_best.pth
2026-06-29 16:14:49,146 | [META-RNW] | INFO | meta_classifier_renewed.model_trainers.meta_trainer | Ep [002/500] T-Acc:  45.5%  V-Acc:  20.0%  V-AUROC: 0.2381  LR: 4.00e-05
2026-06-29 16:14:49,593 | [META-RNW] | INFO | meta_classifier_renewed.model_trainers.meta_trainer | Ep [003/500] T-Acc:  50.0%  V-Acc:  20.0%  V-AUROC: 0.2381  LR: 6.00e-05
2026-06-29 16:14:50,028 | [META-RNW] | INFO | meta_classifier_renewed.model_trainers.meta_trainer | Ep [004/500] T-Acc:  59.1%  V-Acc:  70.0%  V-AUROC: 0.1429  LR: 8.00e-05
2026-06-29 16:14:50,386 | [META-RNW] | INFO | meta_classifier_renewed.model_trainers.meta_trainer | Ep [005/500] T-Acc:  59.1%  V-Acc:  70.0%  V-AUROC: 0.1905  LR: 1.00e-04
2026-06-29 16:14:50,810 | [META-RNW] | INFO | meta_classifier_renewed.model_trainers.meta_trainer | Ep [006/500] T-Acc:  68.2%  V-Acc:  30.0%  V-AUROC: 0.1905  LR: 1.00e-04
2026-06-29 16:14:51,198 | [META-RNW] | INFO | meta_classifier_renewed.model_trainers.meta_trainer | Ep [007/500] T-Acc:  72.7%  V-Acc:  40.0%  V-AUROC: 0.1905  LR: 1.00e-04
2026-06-29 16:14:51,534 | [META-RNW] | INFO | meta_classifier_renewed.model_trainers.meta_trainer | Ep [008/500] T-Acc:  72.7%  V-Acc:  40.0%  V-AUROC: 0.2857  LR: 1.00e-04
2026-06-29 16:14:51,923 | [META-RNW] | INFO | meta_classifier_renewed.model_trainers.meta_trainer | Ep [009/500] T-Acc:  59.1%  V-Acc:  20.0%  V-AUROC: 0.1905  LR: 1.00e-04
2026-06-29 16:14:52,324 | [META-RNW] | INFO | meta_classifier_renewed.model_trainers.meta_trainer | Ep [010/500] T-Acc:  86.4%  V-Acc:  20.0%  V-AUROC: 0.1905  LR: 1.00e-04
2026-06-29 16:14:52,648 | [META-RNW] | INFO | meta_classifier_renewed.model_trainers.meta_trainer | Ep [011/500] T-Acc:  77.3%  V-Acc:  30.0%  V-AUROC: 0.1905  LR: 1.00e-04
2026-06-29 16:14:52,986 | [META-RNW] | INFO | meta_classifier_renewed.model_trainers.meta_trainer | Ep [012/500] T-Acc:  63.6%  V-Acc:  20.0%  V-AUROC: 0.2857  LR: 1.00e-04
2026-06-29 16:14:53,304 | [META-RNW] | INFO | meta_classifier_renewed.model_trainers.meta_trainer | Ep [013/500] T-Acc:  81.8%  V-Acc:  50.0%  V-AUROC: 0.3810  LR: 1.00e-04
2026-06-29 16:14:53,414 | [META-RNW] | INFO | meta_classifier_renewed.model_trainers.meta_trainer |   ↳ new best AUROC; saved checkpoint: /home/leggo/AIResearch/VOGBasedMCIDetectionSystemMobileViTSingleExperimentInference/outputs/checkpoints/run_20260629_161150_meta_renewed_t37/fold_10_best.pth
2026-06-29 16:14:53,744 | [META-RNW] | INFO | meta_classifier_renewed.model_trainers.meta_trainer | Ep [014/500] T-Acc:  72.7%  V-Acc:  30.0%  V-AUROC: 0.4762  LR: 1.00e-04
2026-06-29 16:14:53,861 | [META-RNW] | INFO | meta_classifier_renewed.model_trainers.meta_trainer |   ↳ new best AUROC; saved checkpoint: /home/leggo/AIResearch/VOGBasedMCIDetectionSystemMobileViTSingleExperimentInference/outputs/checkpoints/run_20260629_161150_meta_renewed_t37/fold_10_best.pth
2026-06-29 16:14:54,209 | [META-RNW] | INFO | meta_classifier_renewed.model_trainers.meta_trainer | Ep [015/500] T-Acc:  72.7%  V-Acc:  30.0%  V-AUROC: 0.4762  LR: 1.00e-04
2026-06-29 16:14:54,559 | [META-RNW] | INFO | meta_classifier_renewed.model_trainers.meta_trainer | Ep [016/500] T-Acc:  81.8%  V-Acc:  50.0%  V-AUROC: 0.4762  LR: 1.00e-04
2026-06-29 16:14:54,911 | [META-RNW] | INFO | meta_classifier_renewed.model_trainers.meta_trainer | Ep [017/500] T-Acc:  81.8%  V-Acc:  40.0%  V-AUROC: 0.4762  LR: 1.00e-04
2026-06-29 16:14:55,290 | [META-RNW] | INFO | meta_classifier_renewed.model_trainers.meta_trainer | Ep [018/500] T-Acc:  86.4%  V-Acc:  40.0%  V-AUROC: 0.4762  LR: 1.00e-04
2026-06-29 16:14:55,669 | [META-RNW] | INFO | meta_classifier_renewed.model_trainers.meta_trainer | Ep [019/500] T-Acc:  68.2%  V-Acc:  50.0%  V-AUROC: 0.5714  LR: 1.00e-04
2026-06-29 16:14:55,782 | [META-RNW] | INFO | meta_classifier_renewed.model_trainers.meta_trainer |   ↳ new best AUROC; saved checkpoint: /home/leggo/AIResearch/VOGBasedMCIDetectionSystemMobileViTSingleExperimentInference/outputs/checkpoints/run_20260629_161150_meta_renewed_t37/fold_10_best.pth
2026-06-29 16:14:56,136 | [META-RNW] | INFO | meta_classifier_renewed.model_trainers.meta_trainer | Ep [020/500] T-Acc:  90.9%  V-Acc:  40.0%  V-AUROC: 0.5714  LR: 1.00e-04
2026-06-29 16:14:56,478 | [META-RNW] | INFO | meta_classifier_renewed.model_trainers.meta_trainer | Ep [021/500] T-Acc:  68.2%  V-Acc:  40.0%  V-AUROC: 0.5714  LR: 1.00e-04
2026-06-29 16:14:56,827 | [META-RNW] | INFO | meta_classifier_renewed.model_trainers.meta_trainer | Ep [022/500] T-Acc:  95.5%  V-Acc:  60.0%  V-AUROC: 0.5714  LR: 1.00e-04
2026-06-29 16:14:57,196 | [META-RNW] | INFO | meta_classifier_renewed.model_trainers.meta_trainer | Ep [023/500] T-Acc:  90.9%  V-Acc:  60.0%  V-AUROC: 0.5714  LR: 1.00e-04
2026-06-29 16:14:57,574 | [META-RNW] | INFO | meta_classifier_renewed.model_trainers.meta_trainer | Ep [024/500] T-Acc:  86.4%  V-Acc:  40.0%  V-AUROC: 0.6190  LR: 1.00e-04
2026-06-29 16:14:57,684 | [META-RNW] | INFO | meta_classifier_renewed.model_trainers.meta_trainer |   ↳ new best AUROC; saved checkpoint: /home/leggo/AIResearch/VOGBasedMCIDetectionSystemMobileViTSingleExperimentInference/outputs/checkpoints/run_20260629_161150_meta_renewed_t37/fold_10_best.pth
2026-06-29 16:14:58,067 | [META-RNW] | INFO | meta_classifier_renewed.model_trainers.meta_trainer | Ep [025/500] T-Acc:  95.5%  V-Acc:  30.0%  V-AUROC: 0.6667  LR: 1.00e-04
2026-06-29 16:14:58,180 | [META-RNW] | INFO | meta_classifier_renewed.model_trainers.meta_trainer |   ↳ new best AUROC; saved checkpoint: /home/leggo/AIResearch/VOGBasedMCIDetectionSystemMobileViTSingleExperimentInference/outputs/checkpoints/run_20260629_161150_meta_renewed_t37/fold_10_best.pth
2026-06-29 16:14:58,551 | [META-RNW] | INFO | meta_classifier_renewed.model_trainers.meta_trainer | Ep [026/500] T-Acc:  81.8%  V-Acc:  20.0%  V-AUROC: 0.4762  LR: 1.00e-04
2026-06-29 16:14:58,887 | [META-RNW] | INFO | meta_classifier_renewed.model_trainers.meta_trainer | Ep [027/500] T-Acc:  95.5%  V-Acc:  50.0%  V-AUROC: 0.6667  LR: 1.00e-04
2026-06-29 16:14:59,250 | [META-RNW] | INFO | meta_classifier_renewed.model_trainers.meta_trainer | Ep [028/500] T-Acc:  77.3%  V-Acc:  40.0%  V-AUROC: 0.4762  LR: 1.00e-04
2026-06-29 16:14:59,618 | [META-RNW] | INFO | meta_classifier_renewed.model_trainers.meta_trainer | Ep [029/500] T-Acc:  86.4%  V-Acc:  40.0%  V-AUROC: 0.6667  LR: 1.00e-04
2026-06-29 16:14:59,983 | [META-RNW] | INFO | meta_classifier_renewed.model_trainers.meta_trainer | Ep [030/500] T-Acc:  95.5%  V-Acc:  50.0%  V-AUROC: 0.6190  LR: 1.00e-04
2026-06-29 16:15:00,375 | [META-RNW] | INFO | meta_classifier_renewed.model_trainers.meta_trainer | Ep [031/500] T-Acc:  81.8%  V-Acc:  50.0%  V-AUROC: 0.5714  LR: 1.00e-04
2026-06-29 16:15:00,752 | [META-RNW] | INFO | meta_classifier_renewed.model_trainers.meta_trainer | Ep [032/500] T-Acc:  90.9%  V-Acc:  50.0%  V-AUROC: 0.5238  LR: 1.00e-04
2026-06-29 16:15:01,110 | [META-RNW] | INFO | meta_classifier_renewed.model_trainers.meta_trainer | Ep [033/500] T-Acc:  86.4%  V-Acc:  40.0%  V-AUROC: 0.2857  LR: 1.00e-04
2026-06-29 16:15:01,470 | [META-RNW] | INFO | meta_classifier_renewed.model_trainers.meta_trainer | Ep [034/500] T-Acc:  86.4%  V-Acc:  50.0%  V-AUROC: 0.5714  LR: 1.00e-04
2026-06-29 16:15:01,855 | [META-RNW] | INFO | meta_classifier_renewed.model_trainers.meta_trainer | Ep [035/500] T-Acc: 100.0%  V-Acc:  50.0%  V-AUROC: 0.6190  LR: 1.00e-04
2026-06-29 16:15:02,229 | [META-RNW] | INFO | meta_classifier_renewed.model_trainers.meta_trainer | Ep [036/500] T-Acc:  90.9%  V-Acc:  50.0%  V-AUROC: 0.6190  LR: 1.00e-04
2026-06-29 16:15:02,607 | [META-RNW] | INFO | meta_classifier_renewed.model_trainers.meta_trainer | Ep [037/500] T-Acc:  81.8%  V-Acc:  50.0%  V-AUROC: 0.6190  LR: 2.00e-05
2026-06-29 16:15:02,980 | [META-RNW] | INFO | meta_classifier_renewed.model_trainers.meta_trainer | Ep [038/500] T-Acc:  95.5%  V-Acc:  50.0%  V-AUROC: 0.6190  LR: 2.00e-05
2026-06-29 16:15:03,377 | [META-RNW] | INFO | meta_classifier_renewed.model_trainers.meta_trainer | Ep [039/500] T-Acc:  86.4%  V-Acc:  50.0%  V-AUROC: 0.6190  LR: 2.00e-05
2026-06-29 16:15:03,734 | [META-RNW] | INFO | meta_classifier_renewed.model_trainers.meta_trainer | Ep [040/500] T-Acc:  90.9%  V-Acc:  50.0%  V-AUROC: 0.6190  LR: 2.00e-05
2026-06-29 16:15:04,100 | [META-RNW] | INFO | meta_classifier_renewed.model_trainers.meta_trainer | Ep [041/500] T-Acc: 100.0%  V-Acc:  50.0%  V-AUROC: 0.6667  LR: 2.00e-05
2026-06-29 16:15:04,518 | [META-RNW] | INFO | meta_classifier_renewed.model_trainers.meta_trainer | Ep [042/500] T-Acc:  95.5%  V-Acc:  50.0%  V-AUROC: 0.6667  LR: 2.00e-05
2026-06-29 16:15:04,922 | [META-RNW] | INFO | meta_classifier_renewed.model_trainers.meta_trainer | Ep [043/500] T-Acc:  95.5%  V-Acc:  50.0%  V-AUROC: 0.5714  LR: 2.00e-05
2026-06-29 16:15:05,289 | [META-RNW] | INFO | meta_classifier_renewed.model_trainers.meta_trainer | Ep [044/500] T-Acc:  95.5%  V-Acc:  50.0%  V-AUROC: 0.5714  LR: 2.00e-05
2026-06-29 16:15:05,658 | [META-RNW] | INFO | meta_classifier_renewed.model_trainers.meta_trainer | Ep [045/500] T-Acc:  95.5%  V-Acc:  50.0%  V-AUROC: 0.5714  LR: 2.00e-05
2026-06-29 16:15:06,051 | [META-RNW] | INFO | meta_classifier_renewed.model_trainers.meta_trainer | Ep [046/500] T-Acc: 100.0%  V-Acc:  50.0%  V-AUROC: 0.5714  LR: 2.00e-05
2026-06-29 16:15:06,405 | [META-RNW] | INFO | meta_classifier_renewed.model_trainers.meta_trainer | Ep [047/500] T-Acc:  95.5%  V-Acc:  50.0%  V-AUROC: 0.5238  LR: 2.00e-05
2026-06-29 16:15:06,767 | [META-RNW] | INFO | meta_classifier_renewed.model_trainers.meta_trainer | Ep [048/500] T-Acc: 100.0%  V-Acc:  50.0%  V-AUROC: 0.5238  LR: 4.00e-06
2026-06-29 16:15:07,117 | [META-RNW] | INFO | meta_classifier_renewed.model_trainers.meta_trainer | Ep [049/500] T-Acc:  86.4%  V-Acc:  50.0%  V-AUROC: 0.5238  LR: 4.00e-06
2026-06-29 16:15:07,475 | [META-RNW] | INFO | meta_classifier_renewed.model_trainers.meta_trainer | Ep [050/500] T-Acc:  90.9%  V-Acc:  50.0%  V-AUROC: 0.5714  LR: 4.00e-06
2026-06-29 16:15:07,809 | [META-RNW] | INFO | meta_classifier_renewed.model_trainers.meta_trainer | Ep [051/500] T-Acc:  90.9%  V-Acc:  50.0%  V-AUROC: 0.5714  LR: 4.00e-06
2026-06-29 16:15:08,177 | [META-RNW] | INFO | meta_classifier_renewed.model_trainers.meta_trainer | Ep [052/500] T-Acc:  95.5%  V-Acc:  50.0%  V-AUROC: 0.5714  LR: 4.00e-06
2026-06-29 16:15:08,560 | [META-RNW] | INFO | meta_classifier_renewed.model_trainers.meta_trainer | Ep [053/500] T-Acc:  95.5%  V-Acc:  50.0%  V-AUROC: 0.5714  LR: 4.00e-06
2026-06-29 16:15:08,924 | [META-RNW] | INFO | meta_classifier_renewed.model_trainers.meta_trainer | Ep [054/500] T-Acc: 100.0%  V-Acc:  50.0%  V-AUROC: 0.5714  LR: 4.00e-06
2026-06-29 16:15:09,285 | [META-RNW] | INFO | meta_classifier_renewed.model_trainers.meta_trainer | Ep [055/500] T-Acc:  95.5%  V-Acc:  50.0%  V-AUROC: 0.5714  LR: 4.00e-06
2026-06-29 16:15:09,287 | [META-RNW] | INFO | meta_classifier_renewed.model_trainers.meta_trainer | Early stop — best AUROC 0.6667 at epoch 25 (no improvement for 30 epochs)
2026-06-29 16:15:09,287 | [META-RNW] | INFO | meta_classifier_renewed.model_trainers.meta_trainer | Done. Best AUROC: 0.6667 (epoch 25)
2026-06-29 16:15:09,444 | [META-RNW] | INFO | meta_classifier_renewed.model_trainers.meta_trainer | Restored best-AUROC checkpoint into model (epoch 25, AUROC 0.6667).
2026-06-29 16:15:09,534 | [META-RNW] | INFO | meta_classifier_renewed.evaluators.monte_carlo_evaluator | -> Fold 11 Result | Acc=0.300 Sens=0.000 Spec=1.000 AUROC=0.667 (Fixed Threshold: 0.5)
2026-06-29 16:15:09,543 | [META-RNW] | INFO | meta_classifier_renewed.evaluators.monte_carlo_evaluator | === Fold 12/30 | train: 22 subj | test: 10 subj ===
2026-06-29 16:15:09,557 | [META-RNW] | INFO | meta_classifier_renewed.model_trainers.meta_trainer | Device: cuda | max_epochs=500 | batch=8 | es_patience=30 | lr=1e-04 | wd=1e-02
2026-06-29 16:15:09,558 | [META-RNW] | INFO | meta_classifier_renewed.model_trainers.meta_trainer | CE weights — HC: 1.222  MCI: 0.846
2026-06-29 16:15:09,918 | [META-RNW] | INFO | meta_classifier_renewed.model_trainers.meta_trainer | Ep [001/500] T-Acc:  59.1%  V-Acc:  50.0%  V-AUROC: 0.4800  LR: 2.00e-05
2026-06-29 16:15:10,015 | [META-RNW] | INFO | meta_classifier_renewed.model_trainers.meta_trainer |   ↳ new best AUROC; saved checkpoint: /home/leggo/AIResearch/VOGBasedMCIDetectionSystemMobileViTSingleExperimentInference/outputs/checkpoints/run_20260629_161150_meta_renewed_t37/fold_11_best.pth
2026-06-29 16:15:10,378 | [META-RNW] | INFO | meta_classifier_renewed.model_trainers.meta_trainer | Ep [002/500] T-Acc:  59.1%  V-Acc:  50.0%  V-AUROC: 0.4800  LR: 4.00e-05
2026-06-29 16:15:10,744 | [META-RNW] | INFO | meta_classifier_renewed.model_trainers.meta_trainer | Ep [003/500] T-Acc:  59.1%  V-Acc:  50.0%  V-AUROC: 0.4800  LR: 6.00e-05
2026-06-29 16:15:11,129 | [META-RNW] | INFO | meta_classifier_renewed.model_trainers.meta_trainer | Ep [004/500] T-Acc:  54.5%  V-Acc:  60.0%  V-AUROC: 0.4000  LR: 8.00e-05
2026-06-29 16:15:11,519 | [META-RNW] | INFO | meta_classifier_renewed.model_trainers.meta_trainer | Ep [005/500] T-Acc:  45.5%  V-Acc:  30.0%  V-AUROC: 0.3600  LR: 1.00e-04
2026-06-29 16:15:11,908 | [META-RNW] | INFO | meta_classifier_renewed.model_trainers.meta_trainer | Ep [006/500] T-Acc:  59.1%  V-Acc:  30.0%  V-AUROC: 0.3200  LR: 1.00e-04
2026-06-29 16:15:12,271 | [META-RNW] | INFO | meta_classifier_renewed.model_trainers.meta_trainer | Ep [007/500] T-Acc:  54.5%  V-Acc:  30.0%  V-AUROC: 0.3200  LR: 1.00e-04
2026-06-29 16:15:12,626 | [META-RNW] | INFO | meta_classifier_renewed.model_trainers.meta_trainer | Ep [008/500] T-Acc:  54.5%  V-Acc:  30.0%  V-AUROC: 0.3200  LR: 1.00e-04
2026-06-29 16:15:12,977 | [META-RNW] | INFO | meta_classifier_renewed.model_trainers.meta_trainer | Ep [009/500] T-Acc:  59.1%  V-Acc:  50.0%  V-AUROC: 0.3600  LR: 1.00e-04
2026-06-29 16:15:13,329 | [META-RNW] | INFO | meta_classifier_renewed.model_trainers.meta_trainer | Ep [010/500] T-Acc:  72.7%  V-Acc:  40.0%  V-AUROC: 0.3600  LR: 1.00e-04
2026-06-29 16:15:13,700 | [META-RNW] | INFO | meta_classifier_renewed.model_trainers.meta_trainer | Ep [011/500] T-Acc:  68.2%  V-Acc:  50.0%  V-AUROC: 0.3600  LR: 1.00e-04
2026-06-29 16:15:14,074 | [META-RNW] | INFO | meta_classifier_renewed.model_trainers.meta_trainer | Ep [012/500] T-Acc:  59.1%  V-Acc:  40.0%  V-AUROC: 0.3200  LR: 1.00e-04
2026-06-29 16:15:14,446 | [META-RNW] | INFO | meta_classifier_renewed.model_trainers.meta_trainer | Ep [013/500] T-Acc:  81.8%  V-Acc:  40.0%  V-AUROC: 0.3200  LR: 1.00e-04
2026-06-29 16:15:14,827 | [META-RNW] | INFO | meta_classifier_renewed.model_trainers.meta_trainer | Ep [014/500] T-Acc:  63.6%  V-Acc:  30.0%  V-AUROC: 0.3200  LR: 1.00e-04
2026-06-29 16:15:15,198 | [META-RNW] | INFO | meta_classifier_renewed.model_trainers.meta_trainer | Ep [015/500] T-Acc:  59.1%  V-Acc:  30.0%  V-AUROC: 0.3200  LR: 1.00e-04
2026-06-29 16:15:15,563 | [META-RNW] | INFO | meta_classifier_renewed.model_trainers.meta_trainer | Ep [016/500] T-Acc:  72.7%  V-Acc:  30.0%  V-AUROC: 0.3200  LR: 1.00e-04
2026-06-29 16:15:15,959 | [META-RNW] | INFO | meta_classifier_renewed.model_trainers.meta_trainer | Ep [017/500] T-Acc:  63.6%  V-Acc:  40.0%  V-AUROC: 0.3200  LR: 1.00e-04
2026-06-29 16:15:16,324 | [META-RNW] | INFO | meta_classifier_renewed.model_trainers.meta_trainer | Ep [018/500] T-Acc:  81.8%  V-Acc:  50.0%  V-AUROC: 0.3200  LR: 1.00e-04
2026-06-29 16:15:16,690 | [META-RNW] | INFO | meta_classifier_renewed.model_trainers.meta_trainer | Ep [019/500] T-Acc:  81.8%  V-Acc:  50.0%  V-AUROC: 0.3200  LR: 1.00e-04
2026-06-29 16:15:17,039 | [META-RNW] | INFO | meta_classifier_renewed.model_trainers.meta_trainer | Ep [020/500] T-Acc:  81.8%  V-Acc:  50.0%  V-AUROC: 0.3600  LR: 1.00e-04
2026-06-29 16:15:17,401 | [META-RNW] | INFO | meta_classifier_renewed.model_trainers.meta_trainer | Ep [021/500] T-Acc:  81.8%  V-Acc:  40.0%  V-AUROC: 0.3600  LR: 2.00e-05
2026-06-29 16:15:17,762 | [META-RNW] | INFO | meta_classifier_renewed.model_trainers.meta_trainer | Ep [022/500] T-Acc:  77.3%  V-Acc:  40.0%  V-AUROC: 0.3600  LR: 2.00e-05
2026-06-29 16:15:18,161 | [META-RNW] | INFO | meta_classifier_renewed.model_trainers.meta_trainer | Ep [023/500] T-Acc:  77.3%  V-Acc:  40.0%  V-AUROC: 0.3600  LR: 2.00e-05
2026-06-29 16:15:18,566 | [META-RNW] | INFO | meta_classifier_renewed.model_trainers.meta_trainer | Ep [024/500] T-Acc:  81.8%  V-Acc:  40.0%  V-AUROC: 0.3600  LR: 2.00e-05
2026-06-29 16:15:19,017 | [META-RNW] | INFO | meta_classifier_renewed.model_trainers.meta_trainer | Ep [025/500] T-Acc:  77.3%  V-Acc:  40.0%  V-AUROC: 0.3600  LR: 2.00e-05
2026-06-29 16:15:19,415 | [META-RNW] | INFO | meta_classifier_renewed.model_trainers.meta_trainer | Ep [026/500] T-Acc:  81.8%  V-Acc:  40.0%  V-AUROC: 0.3600  LR: 2.00e-05
2026-06-29 16:15:19,881 | [META-RNW] | INFO | meta_classifier_renewed.model_trainers.meta_trainer | Ep [027/500] T-Acc:  86.4%  V-Acc:  40.0%  V-AUROC: 0.3600  LR: 2.00e-05
2026-06-29 16:15:20,276 | [META-RNW] | INFO | meta_classifier_renewed.model_trainers.meta_trainer | Ep [028/500] T-Acc:  90.9%  V-Acc:  40.0%  V-AUROC: 0.3600  LR: 2.00e-05
2026-06-29 16:15:20,674 | [META-RNW] | INFO | meta_classifier_renewed.model_trainers.meta_trainer | Ep [029/500] T-Acc:  90.9%  V-Acc:  40.0%  V-AUROC: 0.3600  LR: 2.00e-05
2026-06-29 16:15:21,099 | [META-RNW] | INFO | meta_classifier_renewed.model_trainers.meta_trainer | Ep [030/500] T-Acc:  86.4%  V-Acc:  40.0%  V-AUROC: 0.3600  LR: 2.00e-05
2026-06-29 16:15:21,483 | [META-RNW] | INFO | meta_classifier_renewed.model_trainers.meta_trainer | Ep [031/500] T-Acc:  77.3%  V-Acc:  40.0%  V-AUROC: 0.3600  LR: 2.00e-05
2026-06-29 16:15:21,484 | [META-RNW] | INFO | meta_classifier_renewed.model_trainers.meta_trainer | Early stop — best AUROC 0.4800 at epoch 1 (no improvement for 30 epochs)
2026-06-29 16:15:21,484 | [META-RNW] | INFO | meta_classifier_renewed.model_trainers.meta_trainer | Done. Best AUROC: 0.4800 (epoch 1)
2026-06-29 16:15:21,639 | [META-RNW] | INFO | meta_classifier_renewed.model_trainers.meta_trainer | Restored best-AUROC checkpoint into model (epoch 1, AUROC 0.4800).
2026-06-29 16:15:21,732 | [META-RNW] | INFO | meta_classifier_renewed.evaluators.monte_carlo_evaluator | -> Fold 12 Result | Acc=0.500 Sens=1.000 Spec=0.000 AUROC=0.480 (Fixed Threshold: 0.5)
2026-06-29 16:15:21,743 | [META-RNW] | INFO | meta_classifier_renewed.evaluators.monte_carlo_evaluator | === Fold 13/30 | train: 22 subj | test: 10 subj ===
2026-06-29 16:15:21,758 | [META-RNW] | INFO | meta_classifier_renewed.model_trainers.meta_trainer | Device: cuda | max_epochs=500 | batch=8 | es_patience=30 | lr=1e-04 | wd=1e-02
2026-06-29 16:15:21,760 | [META-RNW] | INFO | meta_classifier_renewed.model_trainers.meta_trainer | CE weights — HC: 1.100  MCI: 0.917
2026-06-29 16:15:22,174 | [META-RNW] | INFO | meta_classifier_renewed.model_trainers.meta_trainer | Ep [001/500] T-Acc:  54.5%  V-Acc:  60.0%  V-AUROC: 0.6667  LR: 2.00e-05
2026-06-29 16:15:22,273 | [META-RNW] | INFO | meta_classifier_renewed.model_trainers.meta_trainer |   ↳ new best AUROC; saved checkpoint: /home/leggo/AIResearch/VOGBasedMCIDetectionSystemMobileViTSingleExperimentInference/outputs/checkpoints/run_20260629_161150_meta_renewed_t37/fold_12_best.pth
2026-06-29 16:15:22,645 | [META-RNW] | INFO | meta_classifier_renewed.model_trainers.meta_trainer | Ep [002/500] T-Acc:  45.5%  V-Acc:  60.0%  V-AUROC: 0.8333  LR: 4.00e-05
2026-06-29 16:15:22,754 | [META-RNW] | INFO | meta_classifier_renewed.model_trainers.meta_trainer |   ↳ new best AUROC; saved checkpoint: /home/leggo/AIResearch/VOGBasedMCIDetectionSystemMobileViTSingleExperimentInference/outputs/checkpoints/run_20260629_161150_meta_renewed_t37/fold_12_best.pth
2026-06-29 16:15:23,125 | [META-RNW] | INFO | meta_classifier_renewed.model_trainers.meta_trainer | Ep [003/500] T-Acc:  27.3%  V-Acc:  70.0%  V-AUROC: 0.8750  LR: 6.00e-05
2026-06-29 16:15:23,235 | [META-RNW] | INFO | meta_classifier_renewed.model_trainers.meta_trainer |   ↳ new best AUROC; saved checkpoint: /home/leggo/AIResearch/VOGBasedMCIDetectionSystemMobileViTSingleExperimentInference/outputs/checkpoints/run_20260629_161150_meta_renewed_t37/fold_12_best.pth
2026-06-29 16:15:23,612 | [META-RNW] | INFO | meta_classifier_renewed.model_trainers.meta_trainer | Ep [004/500] T-Acc:  59.1%  V-Acc:  60.0%  V-AUROC: 0.7917  LR: 8.00e-05
2026-06-29 16:15:24,004 | [META-RNW] | INFO | meta_classifier_renewed.model_trainers.meta_trainer | Ep [005/500] T-Acc:  59.1%  V-Acc:  40.0%  V-AUROC: 0.8333  LR: 1.00e-04
2026-06-29 16:15:24,388 | [META-RNW] | INFO | meta_classifier_renewed.model_trainers.meta_trainer | Ep [006/500] T-Acc:  54.5%  V-Acc:  40.0%  V-AUROC: 0.8333  LR: 1.00e-04
2026-06-29 16:15:24,764 | [META-RNW] | INFO | meta_classifier_renewed.model_trainers.meta_trainer | Ep [007/500] T-Acc:  45.5%  V-Acc:  70.0%  V-AUROC: 0.8333  LR: 1.00e-04
2026-06-29 16:15:25,146 | [META-RNW] | INFO | meta_classifier_renewed.model_trainers.meta_trainer | Ep [008/500] T-Acc:  68.2%  V-Acc:  80.0%  V-AUROC: 0.8333  LR: 1.00e-04
2026-06-29 16:15:25,519 | [META-RNW] | INFO | meta_classifier_renewed.model_trainers.meta_trainer | Ep [009/500] T-Acc:  77.3%  V-Acc:  70.0%  V-AUROC: 0.8333  LR: 1.00e-04
2026-06-29 16:15:25,877 | [META-RNW] | INFO | meta_classifier_renewed.model_trainers.meta_trainer | Ep [010/500] T-Acc:  59.1%  V-Acc:  60.0%  V-AUROC: 0.7500  LR: 1.00e-04
2026-06-29 16:15:26,246 | [META-RNW] | INFO | meta_classifier_renewed.model_trainers.meta_trainer | Ep [011/500] T-Acc:  68.2%  V-Acc:  70.0%  V-AUROC: 0.8333  LR: 1.00e-04
2026-06-29 16:15:26,615 | [META-RNW] | INFO | meta_classifier_renewed.model_trainers.meta_trainer | Ep [012/500] T-Acc:  68.2%  V-Acc:  70.0%  V-AUROC: 0.8333  LR: 1.00e-04
2026-06-29 16:15:26,984 | [META-RNW] | INFO | meta_classifier_renewed.model_trainers.meta_trainer | Ep [013/500] T-Acc:  77.3%  V-Acc:  70.0%  V-AUROC: 0.8333  LR: 1.00e-04
2026-06-29 16:15:27,366 | [META-RNW] | INFO | meta_classifier_renewed.model_trainers.meta_trainer | Ep [014/500] T-Acc:  86.4%  V-Acc:  80.0%  V-AUROC: 0.8333  LR: 1.00e-04
2026-06-29 16:15:27,741 | [META-RNW] | INFO | meta_classifier_renewed.model_trainers.meta_trainer | Ep [015/500] T-Acc:  77.3%  V-Acc:  70.0%  V-AUROC: 0.7083  LR: 1.00e-04
2026-06-29 16:15:28,137 | [META-RNW] | INFO | meta_classifier_renewed.model_trainers.meta_trainer | Ep [016/500] T-Acc:  90.9%  V-Acc:  70.0%  V-AUROC: 0.6667  LR: 1.00e-04
2026-06-29 16:15:28,507 | [META-RNW] | INFO | meta_classifier_renewed.model_trainers.meta_trainer | Ep [017/500] T-Acc:  81.8%  V-Acc:  70.0%  V-AUROC: 0.6250  LR: 1.00e-04
2026-06-29 16:15:28,891 | [META-RNW] | INFO | meta_classifier_renewed.model_trainers.meta_trainer | Ep [018/500] T-Acc:  90.9%  V-Acc:  70.0%  V-AUROC: 0.7083  LR: 2.00e-05
2026-06-29 16:15:29,272 | [META-RNW] | INFO | meta_classifier_renewed.model_trainers.meta_trainer | Ep [019/500] T-Acc:  77.3%  V-Acc:  70.0%  V-AUROC: 0.6667  LR: 2.00e-05
2026-06-29 16:15:29,657 | [META-RNW] | INFO | meta_classifier_renewed.model_trainers.meta_trainer | Ep [020/500] T-Acc:  81.8%  V-Acc:  70.0%  V-AUROC: 0.6250  LR: 2.00e-05
2026-06-29 16:15:30,028 | [META-RNW] | INFO | meta_classifier_renewed.model_trainers.meta_trainer | Ep [021/500] T-Acc:  86.4%  V-Acc:  70.0%  V-AUROC: 0.6250  LR: 2.00e-05
2026-06-29 16:15:30,414 | [META-RNW] | INFO | meta_classifier_renewed.model_trainers.meta_trainer | Ep [022/500] T-Acc:  86.4%  V-Acc:  70.0%  V-AUROC: 0.5833  LR: 2.00e-05
2026-06-29 16:15:30,793 | [META-RNW] | INFO | meta_classifier_renewed.model_trainers.meta_trainer | Ep [023/500] T-Acc:  95.5%  V-Acc:  70.0%  V-AUROC: 0.6250  LR: 2.00e-05
2026-06-29 16:15:31,166 | [META-RNW] | INFO | meta_classifier_renewed.model_trainers.meta_trainer | Ep [024/500] T-Acc:  90.9%  V-Acc:  70.0%  V-AUROC: 0.5833  LR: 2.00e-05
2026-06-29 16:15:31,544 | [META-RNW] | INFO | meta_classifier_renewed.model_trainers.meta_trainer | Ep [025/500] T-Acc:  90.9%  V-Acc:  70.0%  V-AUROC: 0.6250  LR: 2.00e-05
2026-06-29 16:15:31,942 | [META-RNW] | INFO | meta_classifier_renewed.model_trainers.meta_trainer | Ep [026/500] T-Acc:  86.4%  V-Acc:  70.0%  V-AUROC: 0.5833  LR: 2.00e-05
2026-06-29 16:15:32,330 | [META-RNW] | INFO | meta_classifier_renewed.model_trainers.meta_trainer | Ep [027/500] T-Acc:  86.4%  V-Acc:  70.0%  V-AUROC: 0.5417  LR: 2.00e-05
2026-06-29 16:15:32,692 | [META-RNW] | INFO | meta_classifier_renewed.model_trainers.meta_trainer | Ep [028/500] T-Acc:  86.4%  V-Acc:  70.0%  V-AUROC: 0.5417  LR: 2.00e-05
2026-06-29 16:15:33,050 | [META-RNW] | INFO | meta_classifier_renewed.model_trainers.meta_trainer | Ep [029/500] T-Acc:  90.9%  V-Acc:  70.0%  V-AUROC: 0.5417  LR: 4.00e-06
2026-06-29 16:15:33,409 | [META-RNW] | INFO | meta_classifier_renewed.model_trainers.meta_trainer | Ep [030/500] T-Acc:  90.9%  V-Acc:  70.0%  V-AUROC: 0.5417  LR: 4.00e-06
2026-06-29 16:15:33,790 | [META-RNW] | INFO | meta_classifier_renewed.model_trainers.meta_trainer | Ep [031/500] T-Acc:  90.9%  V-Acc:  70.0%  V-AUROC: 0.5417  LR: 4.00e-06
2026-06-29 16:15:34,199 | [META-RNW] | INFO | meta_classifier_renewed.model_trainers.meta_trainer | Ep [032/500] T-Acc:  95.5%  V-Acc:  70.0%  V-AUROC: 0.5417  LR: 4.00e-06
2026-06-29 16:15:34,632 | [META-RNW] | INFO | meta_classifier_renewed.model_trainers.meta_trainer | Ep [033/500] T-Acc:  86.4%  V-Acc:  70.0%  V-AUROC: 0.5417  LR: 4.00e-06
2026-06-29 16:15:34,633 | [META-RNW] | INFO | meta_classifier_renewed.model_trainers.meta_trainer | Early stop — best AUROC 0.8750 at epoch 3 (no improvement for 30 epochs)
2026-06-29 16:15:34,633 | [META-RNW] | INFO | meta_classifier_renewed.model_trainers.meta_trainer | Done. Best AUROC: 0.8750 (epoch 3)
2026-06-29 16:15:34,903 | [META-RNW] | INFO | meta_classifier_renewed.model_trainers.meta_trainer | Restored best-AUROC checkpoint into model (epoch 3, AUROC 0.8750).
2026-06-29 16:15:35,030 | [META-RNW] | INFO | meta_classifier_renewed.evaluators.monte_carlo_evaluator | -> Fold 13 Result | Acc=0.700 Sens=0.500 Spec=1.000 AUROC=0.875 (Fixed Threshold: 0.5)
2026-06-29 16:15:35,039 | [META-RNW] | INFO | meta_classifier_renewed.evaluators.monte_carlo_evaluator | === Fold 14/30 | train: 22 subj | test: 10 subj ===
2026-06-29 16:15:35,054 | [META-RNW] | INFO | meta_classifier_renewed.model_trainers.meta_trainer | Device: cuda | max_epochs=500 | batch=8 | es_patience=30 | lr=1e-04 | wd=1e-02
2026-06-29 16:15:35,055 | [META-RNW] | INFO | meta_classifier_renewed.model_trainers.meta_trainer | CE weights — HC: 0.917  MCI: 1.100
2026-06-29 16:15:35,498 | [META-RNW] | INFO | meta_classifier_renewed.model_trainers.meta_trainer | Ep [001/500] T-Acc:  45.5%  V-Acc:  20.0%  V-AUROC: 0.8125  LR: 2.00e-05
2026-06-29 16:15:35,603 | [META-RNW] | INFO | meta_classifier_renewed.model_trainers.meta_trainer |   ↳ new best AUROC; saved checkpoint: /home/leggo/AIResearch/VOGBasedMCIDetectionSystemMobileViTSingleExperimentInference/outputs/checkpoints/run_20260629_161150_meta_renewed_t37/fold_13_best.pth
2026-06-29 16:15:36,082 | [META-RNW] | INFO | meta_classifier_renewed.model_trainers.meta_trainer | Ep [002/500] T-Acc:  50.0%  V-Acc:  20.0%  V-AUROC: 0.8125  LR: 4.00e-05
2026-06-29 16:15:36,415 | [META-RNW] | INFO | meta_classifier_renewed.model_trainers.meta_trainer | Ep [003/500] T-Acc:  59.1%  V-Acc:  20.0%  V-AUROC: 0.8125  LR: 6.00e-05
2026-06-29 16:15:37,011 | [META-RNW] | INFO | meta_classifier_renewed.model_trainers.meta_trainer | Ep [004/500] T-Acc:  72.7%  V-Acc:  20.0%  V-AUROC: 0.8125  LR: 8.00e-05
2026-06-29 16:15:37,490 | [META-RNW] | INFO | meta_classifier_renewed.model_trainers.meta_trainer | Ep [005/500] T-Acc:  63.6%  V-Acc:  70.0%  V-AUROC: 0.5625  LR: 1.00e-04
2026-06-29 16:15:37,861 | [META-RNW] | INFO | meta_classifier_renewed.model_trainers.meta_trainer | Ep [006/500] T-Acc:  63.6%  V-Acc:  70.0%  V-AUROC: 0.5000  LR: 1.00e-04
2026-06-29 16:15:38,210 | [META-RNW] | INFO | meta_classifier_renewed.model_trainers.meta_trainer | Ep [007/500] T-Acc:  59.1%  V-Acc:  30.0%  V-AUROC: 0.5000  LR: 1.00e-04
2026-06-29 16:15:38,600 | [META-RNW] | INFO | meta_classifier_renewed.model_trainers.meta_trainer | Ep [008/500] T-Acc:  63.6%  V-Acc:  20.0%  V-AUROC: 0.5625  LR: 1.00e-04
2026-06-29 16:15:39,032 | [META-RNW] | INFO | meta_classifier_renewed.model_trainers.meta_trainer | Ep [009/500] T-Acc:  72.7%  V-Acc:  20.0%  V-AUROC: 0.5625  LR: 1.00e-04
2026-06-29 16:15:39,438 | [META-RNW] | INFO | meta_classifier_renewed.model_trainers.meta_trainer | Ep [010/500] T-Acc:  68.2%  V-Acc:  30.0%  V-AUROC: 0.5625  LR: 1.00e-04
2026-06-29 16:15:39,800 | [META-RNW] | INFO | meta_classifier_renewed.model_trainers.meta_trainer | Ep [011/500] T-Acc:  63.6%  V-Acc:  60.0%  V-AUROC: 0.5000  LR: 1.00e-04
2026-06-29 16:15:40,173 | [META-RNW] | INFO | meta_classifier_renewed.model_trainers.meta_trainer | Ep [012/500] T-Acc:  68.2%  V-Acc:  80.0%  V-AUROC: 0.5000  LR: 1.00e-04
2026-06-29 16:15:40,523 | [META-RNW] | INFO | meta_classifier_renewed.model_trainers.meta_trainer | Ep [013/500] T-Acc:  63.6%  V-Acc:  80.0%  V-AUROC: 0.4375  LR: 1.00e-04
2026-06-29 16:15:40,893 | [META-RNW] | INFO | meta_classifier_renewed.model_trainers.meta_trainer | Ep [014/500] T-Acc:  54.5%  V-Acc:  30.0%  V-AUROC: 0.4375  LR: 1.00e-04
2026-06-29 16:15:41,254 | [META-RNW] | INFO | meta_classifier_renewed.model_trainers.meta_trainer | Ep [015/500] T-Acc:  63.6%  V-Acc:  20.0%  V-AUROC: 0.5000  LR: 1.00e-04
2026-06-29 16:15:41,643 | [META-RNW] | INFO | meta_classifier_renewed.model_trainers.meta_trainer | Ep [016/500] T-Acc:  68.2%  V-Acc:  20.0%  V-AUROC: 0.5000  LR: 1.00e-04
2026-06-29 16:15:42,038 | [META-RNW] | INFO | meta_classifier_renewed.model_trainers.meta_trainer | Ep [017/500] T-Acc:  68.2%  V-Acc:  20.0%  V-AUROC: 0.5000  LR: 1.00e-04
2026-06-29 16:15:42,408 | [META-RNW] | INFO | meta_classifier_renewed.model_trainers.meta_trainer | Ep [018/500] T-Acc:  77.3%  V-Acc:  20.0%  V-AUROC: 0.4375  LR: 1.00e-04
2026-06-29 16:15:42,782 | [META-RNW] | INFO | meta_classifier_renewed.model_trainers.meta_trainer | Ep [019/500] T-Acc:  90.9%  V-Acc:  30.0%  V-AUROC: 0.4375  LR: 1.00e-04
2026-06-29 16:15:43,174 | [META-RNW] | INFO | meta_classifier_renewed.model_trainers.meta_trainer | Ep [020/500] T-Acc:  77.3%  V-Acc:  30.0%  V-AUROC: 0.4375  LR: 2.00e-05
2026-06-29 16:15:43,534 | [META-RNW] | INFO | meta_classifier_renewed.model_trainers.meta_trainer | Ep [021/500] T-Acc:  81.8%  V-Acc:  30.0%  V-AUROC: 0.4375  LR: 2.00e-05
2026-06-29 16:15:43,894 | [META-RNW] | INFO | meta_classifier_renewed.model_trainers.meta_trainer | Ep [022/500] T-Acc:  77.3%  V-Acc:  30.0%  V-AUROC: 0.4375  LR: 2.00e-05
2026-06-29 16:15:44,262 | [META-RNW] | INFO | meta_classifier_renewed.model_trainers.meta_trainer | Ep [023/500] T-Acc:  86.4%  V-Acc:  30.0%  V-AUROC: 0.4375  LR: 2.00e-05
2026-06-29 16:15:44,631 | [META-RNW] | INFO | meta_classifier_renewed.model_trainers.meta_trainer | Ep [024/500] T-Acc:  81.8%  V-Acc:  30.0%  V-AUROC: 0.4375  LR: 2.00e-05
2026-06-29 16:15:45,014 | [META-RNW] | INFO | meta_classifier_renewed.model_trainers.meta_trainer | Ep [025/500] T-Acc:  72.7%  V-Acc:  30.0%  V-AUROC: 0.4375  LR: 2.00e-05
2026-06-29 16:15:45,409 | [META-RNW] | INFO | meta_classifier_renewed.model_trainers.meta_trainer | Ep [026/500] T-Acc:  81.8%  V-Acc:  30.0%  V-AUROC: 0.5625  LR: 2.00e-05
2026-06-29 16:15:45,784 | [META-RNW] | INFO | meta_classifier_renewed.model_trainers.meta_trainer | Ep [027/500] T-Acc:  86.4%  V-Acc:  30.0%  V-AUROC: 0.5625  LR: 2.00e-05
2026-06-29 16:15:46,128 | [META-RNW] | INFO | meta_classifier_renewed.model_trainers.meta_trainer | Ep [028/500] T-Acc:  77.3%  V-Acc:  30.0%  V-AUROC: 0.5625  LR: 2.00e-05
2026-06-29 16:15:46,466 | [META-RNW] | INFO | meta_classifier_renewed.model_trainers.meta_trainer | Ep [029/500] T-Acc:  90.9%  V-Acc:  30.0%  V-AUROC: 0.5625  LR: 2.00e-05
2026-06-29 16:15:46,822 | [META-RNW] | INFO | meta_classifier_renewed.model_trainers.meta_trainer | Ep [030/500] T-Acc:  63.6%  V-Acc:  30.0%  V-AUROC: 0.5000  LR: 2.00e-05
2026-06-29 16:15:47,185 | [META-RNW] | INFO | meta_classifier_renewed.model_trainers.meta_trainer | Ep [031/500] T-Acc:  90.9%  V-Acc:  30.0%  V-AUROC: 0.4375  LR: 4.00e-06
2026-06-29 16:15:47,185 | [META-RNW] | INFO | meta_classifier_renewed.model_trainers.meta_trainer | Early stop — best AUROC 0.8125 at epoch 1 (no improvement for 30 epochs)
2026-06-29 16:15:47,185 | [META-RNW] | INFO | meta_classifier_renewed.model_trainers.meta_trainer | Done. Best AUROC: 0.8125 (epoch 1)
2026-06-29 16:15:47,339 | [META-RNW] | INFO | meta_classifier_renewed.model_trainers.meta_trainer | Restored best-AUROC checkpoint into model (epoch 1, AUROC 0.8125).
2026-06-29 16:15:47,440 | [META-RNW] | INFO | meta_classifier_renewed.evaluators.monte_carlo_evaluator | -> Fold 14 Result | Acc=0.200 Sens=0.000 Spec=1.000 AUROC=0.812 (Fixed Threshold: 0.5)
2026-06-29 16:15:47,450 | [META-RNW] | INFO | meta_classifier_renewed.evaluators.monte_carlo_evaluator | === Fold 15/30 | train: 22 subj | test: 10 subj ===
2026-06-29 16:15:47,464 | [META-RNW] | INFO | meta_classifier_renewed.model_trainers.meta_trainer | Device: cuda | max_epochs=500 | batch=8 | es_patience=30 | lr=1e-04 | wd=1e-02
2026-06-29 16:15:47,466 | [META-RNW] | INFO | meta_classifier_renewed.model_trainers.meta_trainer | CE weights — HC: 1.000  MCI: 1.000
2026-06-29 16:15:47,822 | [META-RNW] | INFO | meta_classifier_renewed.model_trainers.meta_trainer | Ep [001/500] T-Acc:  63.6%  V-Acc:  40.0%  V-AUROC: 0.6190  LR: 2.00e-05
2026-06-29 16:15:47,920 | [META-RNW] | INFO | meta_classifier_renewed.model_trainers.meta_trainer |   ↳ new best AUROC; saved checkpoint: /home/leggo/AIResearch/VOGBasedMCIDetectionSystemMobileViTSingleExperimentInference/outputs/checkpoints/run_20260629_161150_meta_renewed_t37/fold_14_best.pth
2026-06-29 16:15:48,298 | [META-RNW] | INFO | meta_classifier_renewed.model_trainers.meta_trainer | Ep [002/500] T-Acc:  54.5%  V-Acc:  40.0%  V-AUROC: 0.6667  LR: 4.00e-05
2026-06-29 16:15:48,407 | [META-RNW] | INFO | meta_classifier_renewed.model_trainers.meta_trainer |   ↳ new best AUROC; saved checkpoint: /home/leggo/AIResearch/VOGBasedMCIDetectionSystemMobileViTSingleExperimentInference/outputs/checkpoints/run_20260629_161150_meta_renewed_t37/fold_14_best.pth
2026-06-29 16:15:48,780 | [META-RNW] | INFO | meta_classifier_renewed.model_trainers.meta_trainer | Ep [003/500] T-Acc:  45.5%  V-Acc:  40.0%  V-AUROC: 0.6667  LR: 6.00e-05
2026-06-29 16:15:49,142 | [META-RNW] | INFO | meta_classifier_renewed.model_trainers.meta_trainer | Ep [004/500] T-Acc:  59.1%  V-Acc:  40.0%  V-AUROC: 0.4762  LR: 8.00e-05
2026-06-29 16:15:49,626 | [META-RNW] | INFO | meta_classifier_renewed.model_trainers.meta_trainer | Ep [005/500] T-Acc:  54.5%  V-Acc:  30.0%  V-AUROC: 0.7143  LR: 1.00e-04
2026-06-29 16:15:49,757 | [META-RNW] | INFO | meta_classifier_renewed.model_trainers.meta_trainer |   ↳ new best AUROC; saved checkpoint: /home/leggo/AIResearch/VOGBasedMCIDetectionSystemMobileViTSingleExperimentInference/outputs/checkpoints/run_20260629_161150_meta_renewed_t37/fold_14_best.pth
2026-06-29 16:15:50,173 | [META-RNW] | INFO | meta_classifier_renewed.model_trainers.meta_trainer | Ep [006/500] T-Acc:  45.5%  V-Acc:  30.0%  V-AUROC: 0.8095  LR: 1.00e-04
2026-06-29 16:15:50,464 | [META-RNW] | INFO | meta_classifier_renewed.model_trainers.meta_trainer |   ↳ new best AUROC; saved checkpoint: /home/leggo/AIResearch/VOGBasedMCIDetectionSystemMobileViTSingleExperimentInference/outputs/checkpoints/run_20260629_161150_meta_renewed_t37/fold_14_best.pth
2026-06-29 16:15:50,966 | [META-RNW] | INFO | meta_classifier_renewed.model_trainers.meta_trainer | Ep [007/500] T-Acc:  50.0%  V-Acc:  40.0%  V-AUROC: 0.7143  LR: 1.00e-04
2026-06-29 16:15:51,323 | [META-RNW] | INFO | meta_classifier_renewed.model_trainers.meta_trainer | Ep [008/500] T-Acc:  86.4%  V-Acc:  40.0%  V-AUROC: 0.5238  LR: 1.00e-04
2026-06-29 16:15:51,677 | [META-RNW] | INFO | meta_classifier_renewed.model_trainers.meta_trainer | Ep [009/500] T-Acc:  63.6%  V-Acc:  40.0%  V-AUROC: 0.4762  LR: 1.00e-04
2026-06-29 16:15:52,184 | [META-RNW] | INFO | meta_classifier_renewed.model_trainers.meta_trainer | Ep [010/500] T-Acc:  63.6%  V-Acc:  50.0%  V-AUROC: 0.4286  LR: 1.00e-04
2026-06-29 16:15:52,555 | [META-RNW] | INFO | meta_classifier_renewed.model_trainers.meta_trainer | Ep [011/500] T-Acc:  68.2%  V-Acc:  50.0%  V-AUROC: 0.6667  LR: 1.00e-04
2026-06-29 16:15:52,906 | [META-RNW] | INFO | meta_classifier_renewed.model_trainers.meta_trainer | Ep [012/500] T-Acc:  63.6%  V-Acc:  50.0%  V-AUROC: 0.6667  LR: 1.00e-04
2026-06-29 16:15:53,273 | [META-RNW] | INFO | meta_classifier_renewed.model_trainers.meta_trainer | Ep [013/500] T-Acc:  81.8%  V-Acc:  40.0%  V-AUROC: 0.6667  LR: 1.00e-04
2026-06-29 16:15:53,638 | [META-RNW] | INFO | meta_classifier_renewed.model_trainers.meta_trainer | Ep [014/500] T-Acc:  77.3%  V-Acc:  50.0%  V-AUROC: 0.5714  LR: 1.00e-04
2026-06-29 16:15:53,996 | [META-RNW] | INFO | meta_classifier_renewed.model_trainers.meta_trainer | Ep [015/500] T-Acc:  63.6%  V-Acc:  60.0%  V-AUROC: 0.5238  LR: 1.00e-04
2026-06-29 16:15:54,372 | [META-RNW] | INFO | meta_classifier_renewed.model_trainers.meta_trainer | Ep [016/500] T-Acc:  77.3%  V-Acc:  50.0%  V-AUROC: 0.5238  LR: 1.00e-04
2026-06-29 16:15:54,728 | [META-RNW] | INFO | meta_classifier_renewed.model_trainers.meta_trainer | Ep [017/500] T-Acc:  81.8%  V-Acc:  30.0%  V-AUROC: 0.5238  LR: 1.00e-04
2026-06-29 16:15:55,127 | [META-RNW] | INFO | meta_classifier_renewed.model_trainers.meta_trainer | Ep [018/500] T-Acc:  77.3%  V-Acc:  40.0%  V-AUROC: 0.5238  LR: 2.00e-05
2026-06-29 16:15:55,492 | [META-RNW] | INFO | meta_classifier_renewed.model_trainers.meta_trainer | Ep [019/500] T-Acc:  72.7%  V-Acc:  50.0%  V-AUROC: 0.5238  LR: 2.00e-05
2026-06-29 16:15:55,904 | [META-RNW] | INFO | meta_classifier_renewed.model_trainers.meta_trainer | Ep [020/500] T-Acc:  86.4%  V-Acc:  50.0%  V-AUROC: 0.5238  LR: 2.00e-05
2026-06-29 16:15:56,310 | [META-RNW] | INFO | meta_classifier_renewed.model_trainers.meta_trainer | Ep [021/500] T-Acc:  86.4%  V-Acc:  50.0%  V-AUROC: 0.5238  LR: 2.00e-05
2026-06-29 16:15:56,654 | [META-RNW] | INFO | meta_classifier_renewed.model_trainers.meta_trainer | Ep [022/500] T-Acc:  72.7%  V-Acc:  50.0%  V-AUROC: 0.5238  LR: 2.00e-05
2026-06-29 16:15:56,999 | [META-RNW] | INFO | meta_classifier_renewed.model_trainers.meta_trainer | Ep [023/500] T-Acc:  81.8%  V-Acc:  50.0%  V-AUROC: 0.5238  LR: 2.00e-05
2026-06-29 16:15:57,346 | [META-RNW] | INFO | meta_classifier_renewed.model_trainers.meta_trainer | Ep [024/500] T-Acc:  77.3%  V-Acc:  50.0%  V-AUROC: 0.5238  LR: 2.00e-05
2026-06-29 16:15:57,696 | [META-RNW] | INFO | meta_classifier_renewed.model_trainers.meta_trainer | Ep [025/500] T-Acc:  72.7%  V-Acc:  50.0%  V-AUROC: 0.5238  LR: 2.00e-05
2026-06-29 16:15:58,075 | [META-RNW] | INFO | meta_classifier_renewed.model_trainers.meta_trainer | Ep [026/500] T-Acc:  81.8%  V-Acc:  50.0%  V-AUROC: 0.5238  LR: 2.00e-05
2026-06-29 16:15:58,445 | [META-RNW] | INFO | meta_classifier_renewed.model_trainers.meta_trainer | Ep [027/500] T-Acc:  86.4%  V-Acc:  50.0%  V-AUROC: 0.5238  LR: 2.00e-05
2026-06-29 16:15:58,829 | [META-RNW] | INFO | meta_classifier_renewed.model_trainers.meta_trainer | Ep [028/500] T-Acc:  95.5%  V-Acc:  30.0%  V-AUROC: 0.5238  LR: 2.00e-05
2026-06-29 16:15:59,198 | [META-RNW] | INFO | meta_classifier_renewed.model_trainers.meta_trainer | Ep [029/500] T-Acc:  77.3%  V-Acc:  30.0%  V-AUROC: 0.5238  LR: 4.00e-06
2026-06-29 16:15:59,559 | [META-RNW] | INFO | meta_classifier_renewed.model_trainers.meta_trainer | Ep [030/500] T-Acc:  86.4%  V-Acc:  30.0%  V-AUROC: 0.5238  LR: 4.00e-06
2026-06-29 16:15:59,919 | [META-RNW] | INFO | meta_classifier_renewed.model_trainers.meta_trainer | Ep [031/500] T-Acc:  81.8%  V-Acc:  30.0%  V-AUROC: 0.5238  LR: 4.00e-06
2026-06-29 16:16:00,257 | [META-RNW] | INFO | meta_classifier_renewed.model_trainers.meta_trainer | Ep [032/500] T-Acc:  86.4%  V-Acc:  30.0%  V-AUROC: 0.5238  LR: 4.00e-06
2026-06-29 16:16:00,583 | [META-RNW] | INFO | meta_classifier_renewed.model_trainers.meta_trainer | Ep [033/500] T-Acc:  95.5%  V-Acc:  30.0%  V-AUROC: 0.5238  LR: 4.00e-06
2026-06-29 16:16:00,974 | [META-RNW] | INFO | meta_classifier_renewed.model_trainers.meta_trainer | Ep [034/500] T-Acc:  77.3%  V-Acc:  30.0%  V-AUROC: 0.5238  LR: 4.00e-06
2026-06-29 16:16:01,346 | [META-RNW] | INFO | meta_classifier_renewed.model_trainers.meta_trainer | Ep [035/500] T-Acc:  81.8%  V-Acc:  30.0%  V-AUROC: 0.5238  LR: 4.00e-06
2026-06-29 16:16:01,694 | [META-RNW] | INFO | meta_classifier_renewed.model_trainers.meta_trainer | Ep [036/500] T-Acc:  86.4%  V-Acc:  40.0%  V-AUROC: 0.5238  LR: 4.00e-06
2026-06-29 16:16:01,694 | [META-RNW] | INFO | meta_classifier_renewed.model_trainers.meta_trainer | Early stop — best AUROC 0.8095 at epoch 6 (no improvement for 30 epochs)
2026-06-29 16:16:01,695 | [META-RNW] | INFO | meta_classifier_renewed.model_trainers.meta_trainer | Done. Best AUROC: 0.8095 (epoch 6)
2026-06-29 16:16:01,853 | [META-RNW] | INFO | meta_classifier_renewed.model_trainers.meta_trainer | Restored best-AUROC checkpoint into model (epoch 6, AUROC 0.8095).
2026-06-29 16:16:01,959 | [META-RNW] | INFO | meta_classifier_renewed.evaluators.monte_carlo_evaluator | -> Fold 15 Result | Acc=0.300 Sens=0.000 Spec=1.000 AUROC=0.810 (Fixed Threshold: 0.5)
2026-06-29 16:16:01,969 | [META-RNW] | INFO | meta_classifier_renewed.evaluators.monte_carlo_evaluator | === Fold 16/30 | train: 22 subj | test: 10 subj ===
2026-06-29 16:16:01,983 | [META-RNW] | INFO | meta_classifier_renewed.model_trainers.meta_trainer | Device: cuda | max_epochs=500 | batch=8 | es_patience=30 | lr=1e-04 | wd=1e-02
2026-06-29 16:16:01,984 | [META-RNW] | INFO | meta_classifier_renewed.model_trainers.meta_trainer | CE weights — HC: 1.100  MCI: 0.917
2026-06-29 16:16:02,335 | [META-RNW] | INFO | meta_classifier_renewed.model_trainers.meta_trainer | Ep [001/500] T-Acc:  59.1%  V-Acc:  50.0%  V-AUROC: 0.7083  LR: 2.00e-05
2026-06-29 16:16:02,433 | [META-RNW] | INFO | meta_classifier_renewed.model_trainers.meta_trainer |   ↳ new best AUROC; saved checkpoint: /home/leggo/AIResearch/VOGBasedMCIDetectionSystemMobileViTSingleExperimentInference/outputs/checkpoints/run_20260629_161150_meta_renewed_t37/fold_15_best.pth
2026-06-29 16:16:02,781 | [META-RNW] | INFO | meta_classifier_renewed.model_trainers.meta_trainer | Ep [002/500] T-Acc:  40.9%  V-Acc:  40.0%  V-AUROC: 0.7083  LR: 4.00e-05
2026-06-29 16:16:03,112 | [META-RNW] | INFO | meta_classifier_renewed.model_trainers.meta_trainer | Ep [003/500] T-Acc:  54.5%  V-Acc:  60.0%  V-AUROC: 0.4583  LR: 6.00e-05
2026-06-29 16:16:03,452 | [META-RNW] | INFO | meta_classifier_renewed.model_trainers.meta_trainer | Ep [004/500] T-Acc:  54.5%  V-Acc:  60.0%  V-AUROC: 0.3750  LR: 8.00e-05
2026-06-29 16:16:03,789 | [META-RNW] | INFO | meta_classifier_renewed.model_trainers.meta_trainer | Ep [005/500] T-Acc:  59.1%  V-Acc:  20.0%  V-AUROC: 0.3333  LR: 1.00e-04
2026-06-29 16:16:04,139 | [META-RNW] | INFO | meta_classifier_renewed.model_trainers.meta_trainer | Ep [006/500] T-Acc:  68.2%  V-Acc:  20.0%  V-AUROC: 0.3333  LR: 1.00e-04
2026-06-29 16:16:04,497 | [META-RNW] | INFO | meta_classifier_renewed.model_trainers.meta_trainer | Ep [007/500] T-Acc:  59.1%  V-Acc:  50.0%  V-AUROC: 0.4167  LR: 1.00e-04
2026-06-29 16:16:04,942 | [META-RNW] | INFO | meta_classifier_renewed.model_trainers.meta_trainer | Ep [008/500] T-Acc:  90.9%  V-Acc:  40.0%  V-AUROC: 0.4167  LR: 1.00e-04
2026-06-29 16:16:05,324 | [META-RNW] | INFO | meta_classifier_renewed.model_trainers.meta_trainer | Ep [009/500] T-Acc:  68.2%  V-Acc:  60.0%  V-AUROC: 0.4167  LR: 1.00e-04
2026-06-29 16:16:05,713 | [META-RNW] | INFO | meta_classifier_renewed.model_trainers.meta_trainer | Ep [010/500] T-Acc:  68.2%  V-Acc:  40.0%  V-AUROC: 0.4583  LR: 1.00e-04
2026-06-29 16:16:06,101 | [META-RNW] | INFO | meta_classifier_renewed.model_trainers.meta_trainer | Ep [011/500] T-Acc:  54.5%  V-Acc:  50.0%  V-AUROC: 0.5000  LR: 1.00e-04
2026-06-29 16:16:06,456 | [META-RNW] | INFO | meta_classifier_renewed.model_trainers.meta_trainer | Ep [012/500] T-Acc:  72.7%  V-Acc:  70.0%  V-AUROC: 0.6667  LR: 1.00e-04
2026-06-29 16:16:06,824 | [META-RNW] | INFO | meta_classifier_renewed.model_trainers.meta_trainer | Ep [013/500] T-Acc:  77.3%  V-Acc:  80.0%  V-AUROC: 0.6667  LR: 1.00e-04
2026-06-29 16:16:07,199 | [META-RNW] | INFO | meta_classifier_renewed.model_trainers.meta_trainer | Ep [014/500] T-Acc:  81.8%  V-Acc:  70.0%  V-AUROC: 0.6667  LR: 1.00e-04
2026-06-29 16:16:07,551 | [META-RNW] | INFO | meta_classifier_renewed.model_trainers.meta_trainer | Ep [015/500] T-Acc:  81.8%  V-Acc:  70.0%  V-AUROC: 0.7083  LR: 1.00e-04
2026-06-29 16:16:07,890 | [META-RNW] | INFO | meta_classifier_renewed.model_trainers.meta_trainer | Ep [016/500] T-Acc:  86.4%  V-Acc:  70.0%  V-AUROC: 0.7500  LR: 1.00e-04
2026-06-29 16:16:08,003 | [META-RNW] | INFO | meta_classifier_renewed.model_trainers.meta_trainer |   ↳ new best AUROC; saved checkpoint: /home/leggo/AIResearch/VOGBasedMCIDetectionSystemMobileViTSingleExperimentInference/outputs/checkpoints/run_20260629_161150_meta_renewed_t37/fold_15_best.pth
2026-06-29 16:16:08,340 | [META-RNW] | INFO | meta_classifier_renewed.model_trainers.meta_trainer | Ep [017/500] T-Acc:  86.4%  V-Acc:  70.0%  V-AUROC: 0.7500  LR: 1.00e-04
2026-06-29 16:16:08,671 | [META-RNW] | INFO | meta_classifier_renewed.model_trainers.meta_trainer | Ep [018/500] T-Acc:  86.4%  V-Acc:  70.0%  V-AUROC: 0.7083  LR: 1.00e-04
2026-06-29 16:16:08,999 | [META-RNW] | INFO | meta_classifier_renewed.model_trainers.meta_trainer | Ep [019/500] T-Acc:  86.4%  V-Acc:  70.0%  V-AUROC: 0.6667  LR: 1.00e-04
2026-06-29 16:16:09,350 | [META-RNW] | INFO | meta_classifier_renewed.model_trainers.meta_trainer | Ep [020/500] T-Acc:  86.4%  V-Acc:  60.0%  V-AUROC: 0.6667  LR: 1.00e-04
2026-06-29 16:16:09,690 | [META-RNW] | INFO | meta_classifier_renewed.model_trainers.meta_trainer | Ep [021/500] T-Acc:  95.5%  V-Acc:  50.0%  V-AUROC: 0.6667  LR: 1.00e-04
2026-06-29 16:16:10,057 | [META-RNW] | INFO | meta_classifier_renewed.model_trainers.meta_trainer | Ep [022/500] T-Acc:  90.9%  V-Acc:  60.0%  V-AUROC: 0.6667  LR: 1.00e-04
2026-06-29 16:16:10,441 | [META-RNW] | INFO | meta_classifier_renewed.model_trainers.meta_trainer | Ep [023/500] T-Acc:  90.9%  V-Acc:  60.0%  V-AUROC: 0.7083  LR: 1.00e-04
2026-06-29 16:16:10,790 | [META-RNW] | INFO | meta_classifier_renewed.model_trainers.meta_trainer | Ep [024/500] T-Acc:  86.4%  V-Acc:  70.0%  V-AUROC: 0.6250  LR: 1.00e-04
2026-06-29 16:16:11,186 | [META-RNW] | INFO | meta_classifier_renewed.model_trainers.meta_trainer | Ep [025/500] T-Acc:  90.9%  V-Acc:  60.0%  V-AUROC: 0.6250  LR: 1.00e-04
2026-06-29 16:16:11,555 | [META-RNW] | INFO | meta_classifier_renewed.model_trainers.meta_trainer | Ep [026/500] T-Acc:  86.4%  V-Acc:  70.0%  V-AUROC: 0.6667  LR: 1.00e-04
2026-06-29 16:16:11,925 | [META-RNW] | INFO | meta_classifier_renewed.model_trainers.meta_trainer | Ep [027/500] T-Acc:  90.9%  V-Acc:  50.0%  V-AUROC: 0.6667  LR: 1.00e-04
2026-06-29 16:16:12,323 | [META-RNW] | INFO | meta_classifier_renewed.model_trainers.meta_trainer | Ep [028/500] T-Acc:  90.9%  V-Acc:  50.0%  V-AUROC: 0.6667  LR: 2.00e-05
2026-06-29 16:16:12,711 | [META-RNW] | INFO | meta_classifier_renewed.model_trainers.meta_trainer | Ep [029/500] T-Acc:  95.5%  V-Acc:  50.0%  V-AUROC: 0.6667  LR: 2.00e-05
2026-06-29 16:16:13,088 | [META-RNW] | INFO | meta_classifier_renewed.model_trainers.meta_trainer | Ep [030/500] T-Acc:  95.5%  V-Acc:  50.0%  V-AUROC: 0.6667  LR: 2.00e-05
2026-06-29 16:16:13,448 | [META-RNW] | INFO | meta_classifier_renewed.model_trainers.meta_trainer | Ep [031/500] T-Acc:  95.5%  V-Acc:  50.0%  V-AUROC: 0.6667  LR: 2.00e-05
2026-06-29 16:16:13,814 | [META-RNW] | INFO | meta_classifier_renewed.model_trainers.meta_trainer | Ep [032/500] T-Acc:  95.5%  V-Acc:  50.0%  V-AUROC: 0.6667  LR: 2.00e-05
2026-06-29 16:16:14,180 | [META-RNW] | INFO | meta_classifier_renewed.model_trainers.meta_trainer | Ep [033/500] T-Acc:  95.5%  V-Acc:  50.0%  V-AUROC: 0.6667  LR: 2.00e-05
2026-06-29 16:16:14,541 | [META-RNW] | INFO | meta_classifier_renewed.model_trainers.meta_trainer | Ep [034/500] T-Acc: 100.0%  V-Acc:  50.0%  V-AUROC: 0.6667  LR: 2.00e-05
2026-06-29 16:16:14,930 | [META-RNW] | INFO | meta_classifier_renewed.model_trainers.meta_trainer | Ep [035/500] T-Acc:  95.5%  V-Acc:  60.0%  V-AUROC: 0.6667  LR: 2.00e-05
2026-06-29 16:16:15,299 | [META-RNW] | INFO | meta_classifier_renewed.model_trainers.meta_trainer | Ep [036/500] T-Acc: 100.0%  V-Acc:  60.0%  V-AUROC: 0.6667  LR: 2.00e-05
2026-06-29 16:16:15,661 | [META-RNW] | INFO | meta_classifier_renewed.model_trainers.meta_trainer | Ep [037/500] T-Acc:  90.9%  V-Acc:  60.0%  V-AUROC: 0.6667  LR: 2.00e-05
2026-06-29 16:16:16,030 | [META-RNW] | INFO | meta_classifier_renewed.model_trainers.meta_trainer | Ep [038/500] T-Acc:  95.5%  V-Acc:  60.0%  V-AUROC: 0.6667  LR: 2.00e-05
2026-06-29 16:16:16,424 | [META-RNW] | INFO | meta_classifier_renewed.model_trainers.meta_trainer | Ep [039/500] T-Acc:  90.9%  V-Acc:  60.0%  V-AUROC: 0.6667  LR: 4.00e-06
2026-06-29 16:16:16,812 | [META-RNW] | INFO | meta_classifier_renewed.model_trainers.meta_trainer | Ep [040/500] T-Acc:  95.5%  V-Acc:  60.0%  V-AUROC: 0.6667  LR: 4.00e-06
2026-06-29 16:16:17,174 | [META-RNW] | INFO | meta_classifier_renewed.model_trainers.meta_trainer | Ep [041/500] T-Acc:  95.5%  V-Acc:  60.0%  V-AUROC: 0.6667  LR: 4.00e-06
2026-06-29 16:16:17,495 | [META-RNW] | INFO | meta_classifier_renewed.model_trainers.meta_trainer | Ep [042/500] T-Acc: 100.0%  V-Acc:  60.0%  V-AUROC: 0.6667  LR: 4.00e-06
2026-06-29 16:16:17,840 | [META-RNW] | INFO | meta_classifier_renewed.model_trainers.meta_trainer | Ep [043/500] T-Acc:  95.5%  V-Acc:  60.0%  V-AUROC: 0.6667  LR: 4.00e-06
2026-06-29 16:16:18,157 | [META-RNW] | INFO | meta_classifier_renewed.model_trainers.meta_trainer | Ep [044/500] T-Acc:  95.5%  V-Acc:  60.0%  V-AUROC: 0.6667  LR: 4.00e-06
2026-06-29 16:16:18,496 | [META-RNW] | INFO | meta_classifier_renewed.model_trainers.meta_trainer | Ep [045/500] T-Acc:  95.5%  V-Acc:  60.0%  V-AUROC: 0.6667  LR: 4.00e-06
2026-06-29 16:16:18,862 | [META-RNW] | INFO | meta_classifier_renewed.model_trainers.meta_trainer | Ep [046/500] T-Acc:  95.5%  V-Acc:  60.0%  V-AUROC: 0.6667  LR: 4.00e-06
2026-06-29 16:16:18,862 | [META-RNW] | INFO | meta_classifier_renewed.model_trainers.meta_trainer | Early stop — best AUROC 0.7500 at epoch 16 (no improvement for 30 epochs)
2026-06-29 16:16:18,862 | [META-RNW] | INFO | meta_classifier_renewed.model_trainers.meta_trainer | Done. Best AUROC: 0.7500 (epoch 16)
2026-06-29 16:16:19,017 | [META-RNW] | INFO | meta_classifier_renewed.model_trainers.meta_trainer | Restored best-AUROC checkpoint into model (epoch 16, AUROC 0.7500).
2026-06-29 16:16:19,108 | [META-RNW] | INFO | meta_classifier_renewed.evaluators.monte_carlo_evaluator | -> Fold 16 Result | Acc=0.700 Sens=0.833 Spec=0.500 AUROC=0.750 (Fixed Threshold: 0.5)
2026-06-29 16:16:19,117 | [META-RNW] | INFO | meta_classifier_renewed.evaluators.monte_carlo_evaluator | === Fold 17/30 | train: 22 subj | test: 10 subj ===
2026-06-29 16:16:19,130 | [META-RNW] | INFO | meta_classifier_renewed.model_trainers.meta_trainer | Device: cuda | max_epochs=500 | batch=8 | es_patience=30 | lr=1e-04 | wd=1e-02
2026-06-29 16:16:19,132 | [META-RNW] | INFO | meta_classifier_renewed.model_trainers.meta_trainer | CE weights — HC: 1.100  MCI: 0.917
2026-06-29 16:16:19,488 | [META-RNW] | INFO | meta_classifier_renewed.model_trainers.meta_trainer | Ep [001/500] T-Acc:  63.6%  V-Acc:  50.0%  V-AUROC: 0.3333  LR: 2.00e-05
2026-06-29 16:16:19,589 | [META-RNW] | INFO | meta_classifier_renewed.model_trainers.meta_trainer |   ↳ new best AUROC; saved checkpoint: /home/leggo/AIResearch/VOGBasedMCIDetectionSystemMobileViTSingleExperimentInference/outputs/checkpoints/run_20260629_161150_meta_renewed_t37/fold_16_best.pth
2026-06-29 16:16:19,945 | [META-RNW] | INFO | meta_classifier_renewed.model_trainers.meta_trainer | Ep [002/500] T-Acc:  36.4%  V-Acc:  40.0%  V-AUROC: 0.2500  LR: 4.00e-05
2026-06-29 16:16:20,367 | [META-RNW] | INFO | meta_classifier_renewed.model_trainers.meta_trainer | Ep [003/500] T-Acc:  50.0%  V-Acc:  50.0%  V-AUROC: 0.1667  LR: 6.00e-05
2026-06-29 16:16:20,781 | [META-RNW] | INFO | meta_classifier_renewed.model_trainers.meta_trainer | Ep [004/500] T-Acc:  50.0%  V-Acc:  50.0%  V-AUROC: 0.1667  LR: 8.00e-05
2026-06-29 16:16:21,188 | [META-RNW] | INFO | meta_classifier_renewed.model_trainers.meta_trainer | Ep [005/500] T-Acc:  59.1%  V-Acc:  50.0%  V-AUROC: 0.2917  LR: 1.00e-04
2026-06-29 16:16:21,557 | [META-RNW] | INFO | meta_classifier_renewed.model_trainers.meta_trainer | Ep [006/500] T-Acc:  77.3%  V-Acc:  30.0%  V-AUROC: 0.1667  LR: 1.00e-04
2026-06-29 16:16:21,939 | [META-RNW] | INFO | meta_classifier_renewed.model_trainers.meta_trainer | Ep [007/500] T-Acc:  59.1%  V-Acc:  40.0%  V-AUROC: 0.2083  LR: 1.00e-04
2026-06-29 16:16:22,299 | [META-RNW] | INFO | meta_classifier_renewed.model_trainers.meta_trainer | Ep [008/500] T-Acc:  45.5%  V-Acc:  50.0%  V-AUROC: 0.2917  LR: 1.00e-04
2026-06-29 16:16:22,633 | [META-RNW] | INFO | meta_classifier_renewed.model_trainers.meta_trainer | Ep [009/500] T-Acc:  63.6%  V-Acc:  40.0%  V-AUROC: 0.3333  LR: 1.00e-04
2026-06-29 16:16:22,991 | [META-RNW] | INFO | meta_classifier_renewed.model_trainers.meta_trainer | Ep [010/500] T-Acc:  63.6%  V-Acc:  50.0%  V-AUROC: 0.3750  LR: 1.00e-04
2026-06-29 16:16:23,102 | [META-RNW] | INFO | meta_classifier_renewed.model_trainers.meta_trainer |   ↳ new best AUROC; saved checkpoint: /home/leggo/AIResearch/VOGBasedMCIDetectionSystemMobileViTSingleExperimentInference/outputs/checkpoints/run_20260629_161150_meta_renewed_t37/fold_16_best.pth
2026-06-29 16:16:23,438 | [META-RNW] | INFO | meta_classifier_renewed.model_trainers.meta_trainer | Ep [011/500] T-Acc:  77.3%  V-Acc:  60.0%  V-AUROC: 0.4583  LR: 1.00e-04
2026-06-29 16:16:23,615 | [META-RNW] | INFO | meta_classifier_renewed.model_trainers.meta_trainer |   ↳ new best AUROC; saved checkpoint: /home/leggo/AIResearch/VOGBasedMCIDetectionSystemMobileViTSingleExperimentInference/outputs/checkpoints/run_20260629_161150_meta_renewed_t37/fold_16_best.pth
2026-06-29 16:16:23,971 | [META-RNW] | INFO | meta_classifier_renewed.model_trainers.meta_trainer | Ep [012/500] T-Acc:  68.2%  V-Acc:  50.0%  V-AUROC: 0.4167  LR: 1.00e-04
2026-06-29 16:16:24,328 | [META-RNW] | INFO | meta_classifier_renewed.model_trainers.meta_trainer | Ep [013/500] T-Acc:  59.1%  V-Acc:  50.0%  V-AUROC: 0.4167  LR: 1.00e-04
2026-06-29 16:16:24,677 | [META-RNW] | INFO | meta_classifier_renewed.model_trainers.meta_trainer | Ep [014/500] T-Acc:  81.8%  V-Acc:  50.0%  V-AUROC: 0.3750  LR: 1.00e-04
2026-06-29 16:16:25,006 | [META-RNW] | INFO | meta_classifier_renewed.model_trainers.meta_trainer | Ep [015/500] T-Acc:  68.2%  V-Acc:  50.0%  V-AUROC: 0.4583  LR: 1.00e-04
2026-06-29 16:16:25,347 | [META-RNW] | INFO | meta_classifier_renewed.model_trainers.meta_trainer | Ep [016/500] T-Acc:  72.7%  V-Acc:  50.0%  V-AUROC: 0.4583  LR: 1.00e-04
2026-06-29 16:16:25,703 | [META-RNW] | INFO | meta_classifier_renewed.model_trainers.meta_trainer | Ep [017/500] T-Acc:  81.8%  V-Acc:  50.0%  V-AUROC: 0.4583  LR: 1.00e-04
2026-06-29 16:16:26,035 | [META-RNW] | INFO | meta_classifier_renewed.model_trainers.meta_trainer | Ep [018/500] T-Acc:  86.4%  V-Acc:  50.0%  V-AUROC: 0.4583  LR: 1.00e-04
2026-06-29 16:16:26,384 | [META-RNW] | INFO | meta_classifier_renewed.model_trainers.meta_trainer | Ep [019/500] T-Acc:  81.8%  V-Acc:  50.0%  V-AUROC: 0.5000  LR: 1.00e-04
2026-06-29 16:16:26,495 | [META-RNW] | INFO | meta_classifier_renewed.model_trainers.meta_trainer |   ↳ new best AUROC; saved checkpoint: /home/leggo/AIResearch/VOGBasedMCIDetectionSystemMobileViTSingleExperimentInference/outputs/checkpoints/run_20260629_161150_meta_renewed_t37/fold_16_best.pth
2026-06-29 16:16:26,851 | [META-RNW] | INFO | meta_classifier_renewed.model_trainers.meta_trainer | Ep [020/500] T-Acc:  86.4%  V-Acc:  40.0%  V-AUROC: 0.4583  LR: 1.00e-04
2026-06-29 16:16:27,231 | [META-RNW] | INFO | meta_classifier_renewed.model_trainers.meta_trainer | Ep [021/500] T-Acc:  81.8%  V-Acc:  50.0%  V-AUROC: 0.4583  LR: 1.00e-04
2026-06-29 16:16:27,585 | [META-RNW] | INFO | meta_classifier_renewed.model_trainers.meta_trainer | Ep [022/500] T-Acc: 100.0%  V-Acc:  40.0%  V-AUROC: 0.4583  LR: 1.00e-04
2026-06-29 16:16:27,952 | [META-RNW] | INFO | meta_classifier_renewed.model_trainers.meta_trainer | Ep [023/500] T-Acc:  95.5%  V-Acc:  50.0%  V-AUROC: 0.3750  LR: 1.00e-04
2026-06-29 16:16:28,332 | [META-RNW] | INFO | meta_classifier_renewed.model_trainers.meta_trainer | Ep [024/500] T-Acc:  95.5%  V-Acc:  50.0%  V-AUROC: 0.3750  LR: 1.00e-04
2026-06-29 16:16:28,680 | [META-RNW] | INFO | meta_classifier_renewed.model_trainers.meta_trainer | Ep [025/500] T-Acc:  95.5%  V-Acc:  40.0%  V-AUROC: 0.3750  LR: 1.00e-04
2026-06-29 16:16:29,025 | [META-RNW] | INFO | meta_classifier_renewed.model_trainers.meta_trainer | Ep [026/500] T-Acc:  90.9%  V-Acc:  40.0%  V-AUROC: 0.4167  LR: 1.00e-04
2026-06-29 16:16:29,398 | [META-RNW] | INFO | meta_classifier_renewed.model_trainers.meta_trainer | Ep [027/500] T-Acc:  90.9%  V-Acc:  40.0%  V-AUROC: 0.4583  LR: 1.00e-04
2026-06-29 16:16:29,799 | [META-RNW] | INFO | meta_classifier_renewed.model_trainers.meta_trainer | Ep [028/500] T-Acc:  90.9%  V-Acc:  40.0%  V-AUROC: 0.4583  LR: 1.00e-04
2026-06-29 16:16:30,143 | [META-RNW] | INFO | meta_classifier_renewed.model_trainers.meta_trainer | Ep [029/500] T-Acc:  95.5%  V-Acc:  40.0%  V-AUROC: 0.4583  LR: 1.00e-04
2026-06-29 16:16:30,509 | [META-RNW] | INFO | meta_classifier_renewed.model_trainers.meta_trainer | Ep [030/500] T-Acc:  95.5%  V-Acc:  40.0%  V-AUROC: 0.4167  LR: 1.00e-04
2026-06-29 16:16:30,861 | [META-RNW] | INFO | meta_classifier_renewed.model_trainers.meta_trainer | Ep [031/500] T-Acc: 100.0%  V-Acc:  40.0%  V-AUROC: 0.4167  LR: 2.00e-05
2026-06-29 16:16:31,225 | [META-RNW] | INFO | meta_classifier_renewed.model_trainers.meta_trainer | Ep [032/500] T-Acc: 100.0%  V-Acc:  40.0%  V-AUROC: 0.4167  LR: 2.00e-05
2026-06-29 16:16:31,586 | [META-RNW] | INFO | meta_classifier_renewed.model_trainers.meta_trainer | Ep [033/500] T-Acc:  90.9%  V-Acc:  40.0%  V-AUROC: 0.4167  LR: 2.00e-05
2026-06-29 16:16:31,981 | [META-RNW] | INFO | meta_classifier_renewed.model_trainers.meta_trainer | Ep [034/500] T-Acc: 100.0%  V-Acc:  30.0%  V-AUROC: 0.4167  LR: 2.00e-05
2026-06-29 16:16:32,358 | [META-RNW] | INFO | meta_classifier_renewed.model_trainers.meta_trainer | Ep [035/500] T-Acc:  95.5%  V-Acc:  30.0%  V-AUROC: 0.4167  LR: 2.00e-05
2026-06-29 16:16:32,720 | [META-RNW] | INFO | meta_classifier_renewed.model_trainers.meta_trainer | Ep [036/500] T-Acc: 100.0%  V-Acc:  30.0%  V-AUROC: 0.4167  LR: 2.00e-05
2026-06-29 16:16:33,090 | [META-RNW] | INFO | meta_classifier_renewed.model_trainers.meta_trainer | Ep [037/500] T-Acc:  95.5%  V-Acc:  30.0%  V-AUROC: 0.4167  LR: 2.00e-05
2026-06-29 16:16:33,444 | [META-RNW] | INFO | meta_classifier_renewed.model_trainers.meta_trainer | Ep [038/500] T-Acc: 100.0%  V-Acc:  50.0%  V-AUROC: 0.4167  LR: 2.00e-05
2026-06-29 16:16:33,802 | [META-RNW] | INFO | meta_classifier_renewed.model_trainers.meta_trainer | Ep [039/500] T-Acc:  95.5%  V-Acc:  50.0%  V-AUROC: 0.4167  LR: 2.00e-05
2026-06-29 16:16:34,166 | [META-RNW] | INFO | meta_classifier_renewed.model_trainers.meta_trainer | Ep [040/500] T-Acc: 100.0%  V-Acc:  30.0%  V-AUROC: 0.4167  LR: 2.00e-05
2026-06-29 16:16:34,530 | [META-RNW] | INFO | meta_classifier_renewed.model_trainers.meta_trainer | Ep [041/500] T-Acc:  90.9%  V-Acc:  30.0%  V-AUROC: 0.4167  LR: 2.00e-05
2026-06-29 16:16:35,028 | [META-RNW] | INFO | meta_classifier_renewed.model_trainers.meta_trainer | Ep [042/500] T-Acc: 100.0%  V-Acc:  30.0%  V-AUROC: 0.4167  LR: 4.00e-06
2026-06-29 16:16:35,441 | [META-RNW] | INFO | meta_classifier_renewed.model_trainers.meta_trainer | Ep [043/500] T-Acc: 100.0%  V-Acc:  30.0%  V-AUROC: 0.4167  LR: 4.00e-06
2026-06-29 16:16:35,874 | [META-RNW] | INFO | meta_classifier_renewed.model_trainers.meta_trainer | Ep [044/500] T-Acc: 100.0%  V-Acc:  30.0%  V-AUROC: 0.4167  LR: 4.00e-06
2026-06-29 16:16:36,238 | [META-RNW] | INFO | meta_classifier_renewed.model_trainers.meta_trainer | Ep [045/500] T-Acc: 100.0%  V-Acc:  30.0%  V-AUROC: 0.4167  LR: 4.00e-06
2026-06-29 16:16:36,637 | [META-RNW] | INFO | meta_classifier_renewed.model_trainers.meta_trainer | Ep [046/500] T-Acc:  90.9%  V-Acc:  30.0%  V-AUROC: 0.4167  LR: 4.00e-06
2026-06-29 16:16:37,001 | [META-RNW] | INFO | meta_classifier_renewed.model_trainers.meta_trainer | Ep [047/500] T-Acc:  95.5%  V-Acc:  30.0%  V-AUROC: 0.4167  LR: 4.00e-06
2026-06-29 16:16:37,372 | [META-RNW] | INFO | meta_classifier_renewed.model_trainers.meta_trainer | Ep [048/500] T-Acc:  95.5%  V-Acc:  30.0%  V-AUROC: 0.4167  LR: 4.00e-06
2026-06-29 16:16:37,759 | [META-RNW] | INFO | meta_classifier_renewed.model_trainers.meta_trainer | Ep [049/500] T-Acc: 100.0%  V-Acc:  30.0%  V-AUROC: 0.4167  LR: 4.00e-06
2026-06-29 16:16:37,759 | [META-RNW] | INFO | meta_classifier_renewed.model_trainers.meta_trainer | Early stop — best AUROC 0.5000 at epoch 19 (no improvement for 30 epochs)
2026-06-29 16:16:37,759 | [META-RNW] | INFO | meta_classifier_renewed.model_trainers.meta_trainer | Done. Best AUROC: 0.5000 (epoch 19)
2026-06-29 16:16:37,916 | [META-RNW] | INFO | meta_classifier_renewed.model_trainers.meta_trainer | Restored best-AUROC checkpoint into model (epoch 19, AUROC 0.5000).
2026-06-29 16:16:38,006 | [META-RNW] | INFO | meta_classifier_renewed.evaluators.monte_carlo_evaluator | -> Fold 17 Result | Acc=0.500 Sens=0.667 Spec=0.250 AUROC=0.500 (Fixed Threshold: 0.5)
2026-06-29 16:16:38,015 | [META-RNW] | INFO | meta_classifier_renewed.evaluators.monte_carlo_evaluator | === Fold 18/30 | train: 22 subj | test: 10 subj ===
2026-06-29 16:16:38,027 | [META-RNW] | INFO | meta_classifier_renewed.model_trainers.meta_trainer | Device: cuda | max_epochs=500 | batch=8 | es_patience=30 | lr=1e-04 | wd=1e-02
2026-06-29 16:16:38,028 | [META-RNW] | INFO | meta_classifier_renewed.model_trainers.meta_trainer | CE weights — HC: 1.100  MCI: 0.917
2026-06-29 16:16:38,398 | [META-RNW] | INFO | meta_classifier_renewed.model_trainers.meta_trainer | Ep [001/500] T-Acc:  68.2%  V-Acc:  60.0%  V-AUROC: 0.4167  LR: 2.00e-05
2026-06-29 16:16:38,496 | [META-RNW] | INFO | meta_classifier_renewed.model_trainers.meta_trainer |   ↳ new best AUROC; saved checkpoint: /home/leggo/AIResearch/VOGBasedMCIDetectionSystemMobileViTSingleExperimentInference/outputs/checkpoints/run_20260629_161150_meta_renewed_t37/fold_17_best.pth
2026-06-29 16:16:38,844 | [META-RNW] | INFO | meta_classifier_renewed.model_trainers.meta_trainer | Ep [002/500] T-Acc:  50.0%  V-Acc:  60.0%  V-AUROC: 0.4583  LR: 4.00e-05
2026-06-29 16:16:38,949 | [META-RNW] | INFO | meta_classifier_renewed.model_trainers.meta_trainer |   ↳ new best AUROC; saved checkpoint: /home/leggo/AIResearch/VOGBasedMCIDetectionSystemMobileViTSingleExperimentInference/outputs/checkpoints/run_20260629_161150_meta_renewed_t37/fold_17_best.pth
2026-06-29 16:16:39,295 | [META-RNW] | INFO | meta_classifier_renewed.model_trainers.meta_trainer | Ep [003/500] T-Acc:  45.5%  V-Acc:  60.0%  V-AUROC: 0.5000  LR: 6.00e-05
2026-06-29 16:16:39,400 | [META-RNW] | INFO | meta_classifier_renewed.model_trainers.meta_trainer |   ↳ new best AUROC; saved checkpoint: /home/leggo/AIResearch/VOGBasedMCIDetectionSystemMobileViTSingleExperimentInference/outputs/checkpoints/run_20260629_161150_meta_renewed_t37/fold_17_best.pth
2026-06-29 16:16:39,761 | [META-RNW] | INFO | meta_classifier_renewed.model_trainers.meta_trainer | Ep [004/500] T-Acc:  54.5%  V-Acc:  40.0%  V-AUROC: 0.5000  LR: 8.00e-05
2026-06-29 16:16:40,131 | [META-RNW] | INFO | meta_classifier_renewed.model_trainers.meta_trainer | Ep [005/500] T-Acc:  50.0%  V-Acc:  40.0%  V-AUROC: 0.5833  LR: 1.00e-04
2026-06-29 16:16:40,235 | [META-RNW] | INFO | meta_classifier_renewed.model_trainers.meta_trainer |   ↳ new best AUROC; saved checkpoint: /home/leggo/AIResearch/VOGBasedMCIDetectionSystemMobileViTSingleExperimentInference/outputs/checkpoints/run_20260629_161150_meta_renewed_t37/fold_17_best.pth
2026-06-29 16:16:40,594 | [META-RNW] | INFO | meta_classifier_renewed.model_trainers.meta_trainer | Ep [006/500] T-Acc:  36.4%  V-Acc:  40.0%  V-AUROC: 0.5833  LR: 1.00e-04
2026-06-29 16:16:41,005 | [META-RNW] | INFO | meta_classifier_renewed.model_trainers.meta_trainer | Ep [007/500] T-Acc:  54.5%  V-Acc:  60.0%  V-AUROC: 0.5833  LR: 1.00e-04
2026-06-29 16:16:41,375 | [META-RNW] | INFO | meta_classifier_renewed.model_trainers.meta_trainer | Ep [008/500] T-Acc:  45.5%  V-Acc:  50.0%  V-AUROC: 0.5833  LR: 1.00e-04
2026-06-29 16:16:41,748 | [META-RNW] | INFO | meta_classifier_renewed.model_trainers.meta_trainer | Ep [009/500] T-Acc:  50.0%  V-Acc:  60.0%  V-AUROC: 0.5833  LR: 1.00e-04
2026-06-29 16:16:42,142 | [META-RNW] | INFO | meta_classifier_renewed.model_trainers.meta_trainer | Ep [010/500] T-Acc:  50.0%  V-Acc:  60.0%  V-AUROC: 0.5833  LR: 1.00e-04
2026-06-29 16:16:42,536 | [META-RNW] | INFO | meta_classifier_renewed.model_trainers.meta_trainer | Ep [011/500] T-Acc:  54.5%  V-Acc:  50.0%  V-AUROC: 0.5833  LR: 1.00e-04
2026-06-29 16:16:42,937 | [META-RNW] | INFO | meta_classifier_renewed.model_trainers.meta_trainer | Ep [012/500] T-Acc:  45.5%  V-Acc:  50.0%  V-AUROC: 0.6250  LR: 1.00e-04
2026-06-29 16:16:43,048 | [META-RNW] | INFO | meta_classifier_renewed.model_trainers.meta_trainer |   ↳ new best AUROC; saved checkpoint: /home/leggo/AIResearch/VOGBasedMCIDetectionSystemMobileViTSingleExperimentInference/outputs/checkpoints/run_20260629_161150_meta_renewed_t37/fold_17_best.pth
2026-06-29 16:16:43,441 | [META-RNW] | INFO | meta_classifier_renewed.model_trainers.meta_trainer | Ep [013/500] T-Acc:  50.0%  V-Acc:  40.0%  V-AUROC: 0.6250  LR: 1.00e-04
2026-06-29 16:16:43,794 | [META-RNW] | INFO | meta_classifier_renewed.model_trainers.meta_trainer | Ep [014/500] T-Acc:  54.5%  V-Acc:  40.0%  V-AUROC: 0.6250  LR: 1.00e-04
2026-06-29 16:16:44,148 | [META-RNW] | INFO | meta_classifier_renewed.model_trainers.meta_trainer | Ep [015/500] T-Acc:  50.0%  V-Acc:  40.0%  V-AUROC: 0.6250  LR: 1.00e-04
2026-06-29 16:16:44,494 | [META-RNW] | INFO | meta_classifier_renewed.model_trainers.meta_trainer | Ep [016/500] T-Acc:  54.5%  V-Acc:  40.0%  V-AUROC: 0.6667  LR: 1.00e-04
2026-06-29 16:16:44,607 | [META-RNW] | INFO | meta_classifier_renewed.model_trainers.meta_trainer |   ↳ new best AUROC; saved checkpoint: /home/leggo/AIResearch/VOGBasedMCIDetectionSystemMobileViTSingleExperimentInference/outputs/checkpoints/run_20260629_161150_meta_renewed_t37/fold_17_best.pth
2026-06-29 16:16:45,039 | [META-RNW] | INFO | meta_classifier_renewed.model_trainers.meta_trainer | Ep [017/500] T-Acc:  54.5%  V-Acc:  50.0%  V-AUROC: 0.6667  LR: 1.00e-04
2026-06-29 16:16:45,653 | [META-RNW] | INFO | meta_classifier_renewed.model_trainers.meta_trainer | Ep [018/500] T-Acc:  72.7%  V-Acc:  50.0%  V-AUROC: 0.6667  LR: 1.00e-04
2026-06-29 16:16:46,071 | [META-RNW] | INFO | meta_classifier_renewed.model_trainers.meta_trainer | Ep [019/500] T-Acc:  59.1%  V-Acc:  50.0%  V-AUROC: 0.6667  LR: 1.00e-04
2026-06-29 16:16:46,438 | [META-RNW] | INFO | meta_classifier_renewed.model_trainers.meta_trainer | Ep [020/500] T-Acc:  72.7%  V-Acc:  60.0%  V-AUROC: 0.6667  LR: 1.00e-04
2026-06-29 16:16:46,790 | [META-RNW] | INFO | meta_classifier_renewed.model_trainers.meta_trainer | Ep [021/500] T-Acc:  68.2%  V-Acc:  60.0%  V-AUROC: 0.6667  LR: 1.00e-04
2026-06-29 16:16:47,169 | [META-RNW] | INFO | meta_classifier_renewed.model_trainers.meta_trainer | Ep [022/500] T-Acc:  68.2%  V-Acc:  60.0%  V-AUROC: 0.6667  LR: 1.00e-04
2026-06-29 16:16:47,512 | [META-RNW] | INFO | meta_classifier_renewed.model_trainers.meta_trainer | Ep [023/500] T-Acc:  68.2%  V-Acc:  50.0%  V-AUROC: 0.6250  LR: 1.00e-04
2026-06-29 16:16:47,866 | [META-RNW] | INFO | meta_classifier_renewed.model_trainers.meta_trainer | Ep [024/500] T-Acc:  68.2%  V-Acc:  50.0%  V-AUROC: 0.6250  LR: 1.00e-04
2026-06-29 16:16:48,230 | [META-RNW] | INFO | meta_classifier_renewed.model_trainers.meta_trainer | Ep [025/500] T-Acc:  72.7%  V-Acc:  50.0%  V-AUROC: 0.6250  LR: 1.00e-04
2026-06-29 16:16:48,607 | [META-RNW] | INFO | meta_classifier_renewed.model_trainers.meta_trainer | Ep [026/500] T-Acc:  45.5%  V-Acc:  40.0%  V-AUROC: 0.6250  LR: 1.00e-04
2026-06-29 16:16:49,006 | [META-RNW] | INFO | meta_classifier_renewed.model_trainers.meta_trainer | Ep [027/500] T-Acc:  68.2%  V-Acc:  40.0%  V-AUROC: 0.5833  LR: 1.00e-04
2026-06-29 16:16:49,380 | [META-RNW] | INFO | meta_classifier_renewed.model_trainers.meta_trainer | Ep [028/500] T-Acc:  86.4%  V-Acc:  40.0%  V-AUROC: 0.5833  LR: 2.00e-05
2026-06-29 16:16:49,776 | [META-RNW] | INFO | meta_classifier_renewed.model_trainers.meta_trainer | Ep [029/500] T-Acc:  77.3%  V-Acc:  50.0%  V-AUROC: 0.6250  LR: 2.00e-05
2026-06-29 16:16:50,169 | [META-RNW] | INFO | meta_classifier_renewed.model_trainers.meta_trainer | Ep [030/500] T-Acc:  77.3%  V-Acc:  50.0%  V-AUROC: 0.6250  LR: 2.00e-05
2026-06-29 16:16:50,598 | [META-RNW] | INFO | meta_classifier_renewed.model_trainers.meta_trainer | Ep [031/500] T-Acc:  81.8%  V-Acc:  50.0%  V-AUROC: 0.6250  LR: 2.00e-05
2026-06-29 16:16:51,005 | [META-RNW] | INFO | meta_classifier_renewed.model_trainers.meta_trainer | Ep [032/500] T-Acc:  68.2%  V-Acc:  50.0%  V-AUROC: 0.6250  LR: 2.00e-05
2026-06-29 16:16:51,428 | [META-RNW] | INFO | meta_classifier_renewed.model_trainers.meta_trainer | Ep [033/500] T-Acc:  59.1%  V-Acc:  50.0%  V-AUROC: 0.6250  LR: 2.00e-05
2026-06-29 16:16:51,794 | [META-RNW] | INFO | meta_classifier_renewed.model_trainers.meta_trainer | Ep [034/500] T-Acc:  72.7%  V-Acc:  50.0%  V-AUROC: 0.6250  LR: 2.00e-05
2026-06-29 16:16:52,129 | [META-RNW] | INFO | meta_classifier_renewed.model_trainers.meta_trainer | Ep [035/500] T-Acc:  86.4%  V-Acc:  50.0%  V-AUROC: 0.6250  LR: 2.00e-05
2026-06-29 16:16:52,473 | [META-RNW] | INFO | meta_classifier_renewed.model_trainers.meta_trainer | Ep [036/500] T-Acc:  81.8%  V-Acc:  50.0%  V-AUROC: 0.5833  LR: 2.00e-05
2026-06-29 16:16:52,791 | [META-RNW] | INFO | meta_classifier_renewed.model_trainers.meta_trainer | Ep [037/500] T-Acc:  81.8%  V-Acc:  50.0%  V-AUROC: 0.5833  LR: 2.00e-05
2026-06-29 16:16:53,116 | [META-RNW] | INFO | meta_classifier_renewed.model_trainers.meta_trainer | Ep [038/500] T-Acc:  72.7%  V-Acc:  50.0%  V-AUROC: 0.5833  LR: 2.00e-05
2026-06-29 16:16:53,496 | [META-RNW] | INFO | meta_classifier_renewed.model_trainers.meta_trainer | Ep [039/500] T-Acc:  68.2%  V-Acc:  50.0%  V-AUROC: 0.5833  LR: 4.00e-06
2026-06-29 16:16:53,906 | [META-RNW] | INFO | meta_classifier_renewed.model_trainers.meta_trainer | Ep [040/500] T-Acc:  81.8%  V-Acc:  50.0%  V-AUROC: 0.5833  LR: 4.00e-06
2026-06-29 16:16:54,323 | [META-RNW] | INFO | meta_classifier_renewed.model_trainers.meta_trainer | Ep [041/500] T-Acc:  77.3%  V-Acc:  50.0%  V-AUROC: 0.5833  LR: 4.00e-06
2026-06-29 16:16:54,708 | [META-RNW] | INFO | meta_classifier_renewed.model_trainers.meta_trainer | Ep [042/500] T-Acc:  68.2%  V-Acc:  50.0%  V-AUROC: 0.5833  LR: 4.00e-06
2026-06-29 16:16:55,080 | [META-RNW] | INFO | meta_classifier_renewed.model_trainers.meta_trainer | Ep [043/500] T-Acc:  72.7%  V-Acc:  50.0%  V-AUROC: 0.5833  LR: 4.00e-06
2026-06-29 16:16:55,450 | [META-RNW] | INFO | meta_classifier_renewed.model_trainers.meta_trainer | Ep [044/500] T-Acc:  63.6%  V-Acc:  50.0%  V-AUROC: 0.5833  LR: 4.00e-06
2026-06-29 16:16:55,849 | [META-RNW] | INFO | meta_classifier_renewed.model_trainers.meta_trainer | Ep [045/500] T-Acc:  81.8%  V-Acc:  50.0%  V-AUROC: 0.5833  LR: 4.00e-06
2026-06-29 16:16:56,221 | [META-RNW] | INFO | meta_classifier_renewed.model_trainers.meta_trainer | Ep [046/500] T-Acc:  68.2%  V-Acc:  50.0%  V-AUROC: 0.5833  LR: 4.00e-06
2026-06-29 16:16:56,222 | [META-RNW] | INFO | meta_classifier_renewed.model_trainers.meta_trainer | Early stop — best AUROC 0.6667 at epoch 16 (no improvement for 30 epochs)
2026-06-29 16:16:56,222 | [META-RNW] | INFO | meta_classifier_renewed.model_trainers.meta_trainer | Done. Best AUROC: 0.6667 (epoch 16)
2026-06-29 16:16:56,384 | [META-RNW] | INFO | meta_classifier_renewed.model_trainers.meta_trainer | Restored best-AUROC checkpoint into model (epoch 16, AUROC 0.6667).
2026-06-29 16:16:56,498 | [META-RNW] | INFO | meta_classifier_renewed.evaluators.monte_carlo_evaluator | -> Fold 18 Result | Acc=0.400 Sens=0.000 Spec=1.000 AUROC=0.667 (Fixed Threshold: 0.5)
2026-06-29 16:16:56,508 | [META-RNW] | INFO | meta_classifier_renewed.evaluators.monte_carlo_evaluator | === Fold 19/30 | train: 22 subj | test: 10 subj ===
2026-06-29 16:16:56,523 | [META-RNW] | INFO | meta_classifier_renewed.model_trainers.meta_trainer | Device: cuda | max_epochs=500 | batch=8 | es_patience=30 | lr=1e-04 | wd=1e-02
2026-06-29 16:16:56,525 | [META-RNW] | INFO | meta_classifier_renewed.model_trainers.meta_trainer | CE weights — HC: 0.917  MCI: 1.100
2026-06-29 16:16:56,938 | [META-RNW] | INFO | meta_classifier_renewed.model_trainers.meta_trainer | Ep [001/500] T-Acc:  54.5%  V-Acc:  20.0%  V-AUROC: 0.3750  LR: 2.00e-05
2026-06-29 16:16:57,040 | [META-RNW] | INFO | meta_classifier_renewed.model_trainers.meta_trainer |   ↳ new best AUROC; saved checkpoint: /home/leggo/AIResearch/VOGBasedMCIDetectionSystemMobileViTSingleExperimentInference/outputs/checkpoints/run_20260629_161150_meta_renewed_t37/fold_18_best.pth
2026-06-29 16:16:57,424 | [META-RNW] | INFO | meta_classifier_renewed.model_trainers.meta_trainer | Ep [002/500] T-Acc:  50.0%  V-Acc:  20.0%  V-AUROC: 0.3125  LR: 4.00e-05
2026-06-29 16:16:57,804 | [META-RNW] | INFO | meta_classifier_renewed.model_trainers.meta_trainer | Ep [003/500] T-Acc:  36.4%  V-Acc:  40.0%  V-AUROC: 0.3125  LR: 6.00e-05
2026-06-29 16:16:58,190 | [META-RNW] | INFO | meta_classifier_renewed.model_trainers.meta_trainer | Ep [004/500] T-Acc:  54.5%  V-Acc:  30.0%  V-AUROC: 0.3125  LR: 8.00e-05
2026-06-29 16:16:58,568 | [META-RNW] | INFO | meta_classifier_renewed.model_trainers.meta_trainer | Ep [005/500] T-Acc:  68.2%  V-Acc:  60.0%  V-AUROC: 0.3125  LR: 1.00e-04
2026-06-29 16:16:58,967 | [META-RNW] | INFO | meta_classifier_renewed.model_trainers.meta_trainer | Ep [006/500] T-Acc:  68.2%  V-Acc:  60.0%  V-AUROC: 0.2500  LR: 1.00e-04
2026-06-29 16:16:59,369 | [META-RNW] | INFO | meta_classifier_renewed.model_trainers.meta_trainer | Ep [007/500] T-Acc:  59.1%  V-Acc:  60.0%  V-AUROC: 0.2500  LR: 1.00e-04
2026-06-29 16:16:59,787 | [META-RNW] | INFO | meta_classifier_renewed.model_trainers.meta_trainer | Ep [008/500] T-Acc:  54.5%  V-Acc:  70.0%  V-AUROC: 0.2500  LR: 1.00e-04
2026-06-29 16:17:00,199 | [META-RNW] | INFO | meta_classifier_renewed.model_trainers.meta_trainer | Ep [009/500] T-Acc:  63.6%  V-Acc:  70.0%  V-AUROC: 0.2500  LR: 1.00e-04
2026-06-29 16:17:00,607 | [META-RNW] | INFO | meta_classifier_renewed.model_trainers.meta_trainer | Ep [010/500] T-Acc:  63.6%  V-Acc:  50.0%  V-AUROC: 0.3125  LR: 1.00e-04
2026-06-29 16:17:01,013 | [META-RNW] | INFO | meta_classifier_renewed.model_trainers.meta_trainer | Ep [011/500] T-Acc:  77.3%  V-Acc:  40.0%  V-AUROC: 0.3750  LR: 1.00e-04
2026-06-29 16:17:01,405 | [META-RNW] | INFO | meta_classifier_renewed.model_trainers.meta_trainer | Ep [012/500] T-Acc:  77.3%  V-Acc:  70.0%  V-AUROC: 0.3750  LR: 1.00e-04
2026-06-29 16:17:01,802 | [META-RNW] | INFO | meta_classifier_renewed.model_trainers.meta_trainer | Ep [013/500] T-Acc:  68.2%  V-Acc:  70.0%  V-AUROC: 0.3750  LR: 1.00e-04
2026-06-29 16:17:02,191 | [META-RNW] | INFO | meta_classifier_renewed.model_trainers.meta_trainer | Ep [014/500] T-Acc:  77.3%  V-Acc:  70.0%  V-AUROC: 0.3750  LR: 1.00e-04
2026-06-29 16:17:02,633 | [META-RNW] | INFO | meta_classifier_renewed.model_trainers.meta_trainer | Ep [015/500] T-Acc:  81.8%  V-Acc:  70.0%  V-AUROC: 0.3750  LR: 1.00e-04
2026-06-29 16:17:03,044 | [META-RNW] | INFO | meta_classifier_renewed.model_trainers.meta_trainer | Ep [016/500] T-Acc:  86.4%  V-Acc:  40.0%  V-AUROC: 0.4375  LR: 1.00e-04
2026-06-29 16:17:03,157 | [META-RNW] | INFO | meta_classifier_renewed.model_trainers.meta_trainer |   ↳ new best AUROC; saved checkpoint: /home/leggo/AIResearch/VOGBasedMCIDetectionSystemMobileViTSingleExperimentInference/outputs/checkpoints/run_20260629_161150_meta_renewed_t37/fold_18_best.pth
2026-06-29 16:17:03,527 | [META-RNW] | INFO | meta_classifier_renewed.model_trainers.meta_trainer | Ep [017/500] T-Acc:  86.4%  V-Acc:  30.0%  V-AUROC: 0.4375  LR: 1.00e-04
2026-06-29 16:17:03,897 | [META-RNW] | INFO | meta_classifier_renewed.model_trainers.meta_trainer | Ep [018/500] T-Acc:  86.4%  V-Acc:  50.0%  V-AUROC: 0.4375  LR: 1.00e-04
2026-06-29 16:17:04,311 | [META-RNW] | INFO | meta_classifier_renewed.model_trainers.meta_trainer | Ep [019/500] T-Acc:  81.8%  V-Acc:  70.0%  V-AUROC: 0.6875  LR: 1.00e-04
2026-06-29 16:17:04,422 | [META-RNW] | INFO | meta_classifier_renewed.model_trainers.meta_trainer |   ↳ new best AUROC; saved checkpoint: /home/leggo/AIResearch/VOGBasedMCIDetectionSystemMobileViTSingleExperimentInference/outputs/checkpoints/run_20260629_161150_meta_renewed_t37/fold_18_best.pth
2026-06-29 16:17:04,857 | [META-RNW] | INFO | meta_classifier_renewed.model_trainers.meta_trainer | Ep [020/500] T-Acc:  86.4%  V-Acc:  50.0%  V-AUROC: 0.5625  LR: 1.00e-04
2026-06-29 16:17:05,266 | [META-RNW] | INFO | meta_classifier_renewed.model_trainers.meta_trainer | Ep [021/500] T-Acc:  95.5%  V-Acc:  50.0%  V-AUROC: 0.5000  LR: 1.00e-04
2026-06-29 16:17:05,669 | [META-RNW] | INFO | meta_classifier_renewed.model_trainers.meta_trainer | Ep [022/500] T-Acc:  86.4%  V-Acc:  40.0%  V-AUROC: 0.5000  LR: 1.00e-04
2026-06-29 16:17:06,080 | [META-RNW] | INFO | meta_classifier_renewed.model_trainers.meta_trainer | Ep [023/500] T-Acc:  90.9%  V-Acc:  60.0%  V-AUROC: 0.5000  LR: 1.00e-04
2026-06-29 16:17:06,447 | [META-RNW] | INFO | meta_classifier_renewed.model_trainers.meta_trainer | Ep [024/500] T-Acc:  95.5%  V-Acc:  60.0%  V-AUROC: 0.5000  LR: 1.00e-04
2026-06-29 16:17:06,816 | [META-RNW] | INFO | meta_classifier_renewed.model_trainers.meta_trainer | Ep [025/500] T-Acc:  81.8%  V-Acc:  40.0%  V-AUROC: 0.5000  LR: 1.00e-04
2026-06-29 16:17:07,204 | [META-RNW] | INFO | meta_classifier_renewed.model_trainers.meta_trainer | Ep [026/500] T-Acc:  95.5%  V-Acc:  50.0%  V-AUROC: 0.5000  LR: 1.00e-04
2026-06-29 16:17:07,558 | [META-RNW] | INFO | meta_classifier_renewed.model_trainers.meta_trainer | Ep [027/500] T-Acc:  95.5%  V-Acc:  60.0%  V-AUROC: 0.5000  LR: 1.00e-04
2026-06-29 16:17:07,940 | [META-RNW] | INFO | meta_classifier_renewed.model_trainers.meta_trainer | Ep [028/500] T-Acc: 100.0%  V-Acc:  60.0%  V-AUROC: 0.5000  LR: 1.00e-04
2026-06-29 16:17:08,332 | [META-RNW] | INFO | meta_classifier_renewed.model_trainers.meta_trainer | Ep [029/500] T-Acc: 100.0%  V-Acc:  60.0%  V-AUROC: 0.5000  LR: 1.00e-04
2026-06-29 16:17:08,730 | [META-RNW] | INFO | meta_classifier_renewed.model_trainers.meta_trainer | Ep [030/500] T-Acc:  95.5%  V-Acc:  60.0%  V-AUROC: 0.5625  LR: 1.00e-04
2026-06-29 16:17:09,124 | [META-RNW] | INFO | meta_classifier_renewed.model_trainers.meta_trainer | Ep [031/500] T-Acc: 100.0%  V-Acc:  50.0%  V-AUROC: 0.5625  LR: 2.00e-05
2026-06-29 16:17:09,574 | [META-RNW] | INFO | meta_classifier_renewed.model_trainers.meta_trainer | Ep [032/500] T-Acc: 100.0%  V-Acc:  50.0%  V-AUROC: 0.5625  LR: 2.00e-05
2026-06-29 16:17:09,995 | [META-RNW] | INFO | meta_classifier_renewed.model_trainers.meta_trainer | Ep [033/500] T-Acc:  95.5%  V-Acc:  50.0%  V-AUROC: 0.5000  LR: 2.00e-05
2026-06-29 16:17:10,408 | [META-RNW] | INFO | meta_classifier_renewed.model_trainers.meta_trainer | Ep [034/500] T-Acc: 100.0%  V-Acc:  50.0%  V-AUROC: 0.5000  LR: 2.00e-05
2026-06-29 16:17:10,782 | [META-RNW] | INFO | meta_classifier_renewed.model_trainers.meta_trainer | Ep [035/500] T-Acc: 100.0%  V-Acc:  60.0%  V-AUROC: 0.5000  LR: 2.00e-05
2026-06-29 16:17:11,165 | [META-RNW] | INFO | meta_classifier_renewed.model_trainers.meta_trainer | Ep [036/500] T-Acc: 100.0%  V-Acc:  60.0%  V-AUROC: 0.5000  LR: 2.00e-05
2026-06-29 16:17:11,548 | [META-RNW] | INFO | meta_classifier_renewed.model_trainers.meta_trainer | Ep [037/500] T-Acc: 100.0%  V-Acc:  60.0%  V-AUROC: 0.5000  LR: 2.00e-05
2026-06-29 16:17:11,956 | [META-RNW] | INFO | meta_classifier_renewed.model_trainers.meta_trainer | Ep [038/500] T-Acc: 100.0%  V-Acc:  60.0%  V-AUROC: 0.5000  LR: 2.00e-05
2026-06-29 16:17:12,367 | [META-RNW] | INFO | meta_classifier_renewed.model_trainers.meta_trainer | Ep [039/500] T-Acc: 100.0%  V-Acc:  60.0%  V-AUROC: 0.5000  LR: 2.00e-05
2026-06-29 16:17:12,792 | [META-RNW] | INFO | meta_classifier_renewed.model_trainers.meta_trainer | Ep [040/500] T-Acc:  95.5%  V-Acc:  60.0%  V-AUROC: 0.5000  LR: 2.00e-05
2026-06-29 16:17:13,167 | [META-RNW] | INFO | meta_classifier_renewed.model_trainers.meta_trainer | Ep [041/500] T-Acc: 100.0%  V-Acc:  50.0%  V-AUROC: 0.5000  LR: 2.00e-05
2026-06-29 16:17:13,545 | [META-RNW] | INFO | meta_classifier_renewed.model_trainers.meta_trainer | Ep [042/500] T-Acc:  95.5%  V-Acc:  60.0%  V-AUROC: 0.5000  LR: 4.00e-06
2026-06-29 16:17:13,915 | [META-RNW] | INFO | meta_classifier_renewed.model_trainers.meta_trainer | Ep [043/500] T-Acc: 100.0%  V-Acc:  60.0%  V-AUROC: 0.5000  LR: 4.00e-06
2026-06-29 16:17:14,283 | [META-RNW] | INFO | meta_classifier_renewed.model_trainers.meta_trainer | Ep [044/500] T-Acc:  95.5%  V-Acc:  60.0%  V-AUROC: 0.5000  LR: 4.00e-06
2026-06-29 16:17:14,670 | [META-RNW] | INFO | meta_classifier_renewed.model_trainers.meta_trainer | Ep [045/500] T-Acc: 100.0%  V-Acc:  60.0%  V-AUROC: 0.5000  LR: 4.00e-06
2026-06-29 16:17:15,055 | [META-RNW] | INFO | meta_classifier_renewed.model_trainers.meta_trainer | Ep [046/500] T-Acc: 100.0%  V-Acc:  60.0%  V-AUROC: 0.5000  LR: 4.00e-06
2026-06-29 16:17:15,433 | [META-RNW] | INFO | meta_classifier_renewed.model_trainers.meta_trainer | Ep [047/500] T-Acc:  95.5%  V-Acc:  60.0%  V-AUROC: 0.5000  LR: 4.00e-06
2026-06-29 16:17:15,821 | [META-RNW] | INFO | meta_classifier_renewed.model_trainers.meta_trainer | Ep [048/500] T-Acc:  95.5%  V-Acc:  60.0%  V-AUROC: 0.5000  LR: 4.00e-06
2026-06-29 16:17:16,209 | [META-RNW] | INFO | meta_classifier_renewed.model_trainers.meta_trainer | Ep [049/500] T-Acc: 100.0%  V-Acc:  60.0%  V-AUROC: 0.5000  LR: 4.00e-06
2026-06-29 16:17:16,210 | [META-RNW] | INFO | meta_classifier_renewed.model_trainers.meta_trainer | Early stop — best AUROC 0.6875 at epoch 19 (no improvement for 30 epochs)
2026-06-29 16:17:16,210 | [META-RNW] | INFO | meta_classifier_renewed.model_trainers.meta_trainer | Done. Best AUROC: 0.6875 (epoch 19)
2026-06-29 16:17:16,367 | [META-RNW] | INFO | meta_classifier_renewed.model_trainers.meta_trainer | Restored best-AUROC checkpoint into model (epoch 19, AUROC 0.6875).
2026-06-29 16:17:16,465 | [META-RNW] | INFO | meta_classifier_renewed.evaluators.monte_carlo_evaluator | -> Fold 19 Result | Acc=0.700 Sens=0.875 Spec=0.000 AUROC=0.688 (Fixed Threshold: 0.5)
2026-06-29 16:17:16,474 | [META-RNW] | INFO | meta_classifier_renewed.evaluators.monte_carlo_evaluator | === Fold 20/30 | train: 22 subj | test: 10 subj ===
2026-06-29 16:17:16,488 | [META-RNW] | INFO | meta_classifier_renewed.model_trainers.meta_trainer | Device: cuda | max_epochs=500 | batch=8 | es_patience=30 | lr=1e-04 | wd=1e-02
2026-06-29 16:17:16,489 | [META-RNW] | INFO | meta_classifier_renewed.model_trainers.meta_trainer | CE weights — HC: 1.833  MCI: 0.688
2026-06-29 16:17:16,884 | [META-RNW] | INFO | meta_classifier_renewed.model_trainers.meta_trainer | Ep [001/500] T-Acc:  36.4%  V-Acc:  80.0%  V-AUROC: 0.8750  LR: 2.00e-05
2026-06-29 16:17:16,987 | [META-RNW] | INFO | meta_classifier_renewed.model_trainers.meta_trainer |   ↳ new best AUROC; saved checkpoint: /home/leggo/AIResearch/VOGBasedMCIDetectionSystemMobileViTSingleExperimentInference/outputs/checkpoints/run_20260629_161150_meta_renewed_t37/fold_19_best.pth
2026-06-29 16:17:17,337 | [META-RNW] | INFO | meta_classifier_renewed.model_trainers.meta_trainer | Ep [002/500] T-Acc:  27.3%  V-Acc:  80.0%  V-AUROC: 0.9375  LR: 4.00e-05
2026-06-29 16:17:17,446 | [META-RNW] | INFO | meta_classifier_renewed.model_trainers.meta_trainer |   ↳ new best AUROC; saved checkpoint: /home/leggo/AIResearch/VOGBasedMCIDetectionSystemMobileViTSingleExperimentInference/outputs/checkpoints/run_20260629_161150_meta_renewed_t37/fold_19_best.pth
2026-06-29 16:17:17,827 | [META-RNW] | INFO | meta_classifier_renewed.model_trainers.meta_trainer | Ep [003/500] T-Acc:  36.4%  V-Acc:  80.0%  V-AUROC: 0.8750  LR: 6.00e-05
2026-06-29 16:17:18,516 | [META-RNW] | INFO | meta_classifier_renewed.model_trainers.meta_trainer | Ep [004/500] T-Acc:  36.4%  V-Acc:  20.0%  V-AUROC: 0.5000  LR: 8.00e-05
2026-06-29 16:17:18,881 | [META-RNW] | INFO | meta_classifier_renewed.model_trainers.meta_trainer | Ep [005/500] T-Acc:  63.6%  V-Acc:  20.0%  V-AUROC: 0.3750  LR: 1.00e-04
2026-06-29 16:17:19,242 | [META-RNW] | INFO | meta_classifier_renewed.model_trainers.meta_trainer | Ep [006/500] T-Acc:  63.6%  V-Acc:  20.0%  V-AUROC: 0.3750  LR: 1.00e-04
2026-06-29 16:17:19,607 | [META-RNW] | INFO | meta_classifier_renewed.model_trainers.meta_trainer | Ep [007/500] T-Acc:  68.2%  V-Acc:  30.0%  V-AUROC: 0.3750  LR: 1.00e-04
2026-06-29 16:17:20,037 | [META-RNW] | INFO | meta_classifier_renewed.model_trainers.meta_trainer | Ep [008/500] T-Acc:  54.5%  V-Acc:  50.0%  V-AUROC: 0.3750  LR: 1.00e-04
2026-06-29 16:17:20,410 | [META-RNW] | INFO | meta_classifier_renewed.model_trainers.meta_trainer | Ep [009/500] T-Acc:  68.2%  V-Acc:  30.0%  V-AUROC: 0.3125  LR: 1.00e-04
2026-06-29 16:17:20,774 | [META-RNW] | INFO | meta_classifier_renewed.model_trainers.meta_trainer | Ep [010/500] T-Acc:  90.9%  V-Acc:  20.0%  V-AUROC: 0.3125  LR: 1.00e-04
2026-06-29 16:17:21,192 | [META-RNW] | INFO | meta_classifier_renewed.model_trainers.meta_trainer | Ep [011/500] T-Acc:  72.7%  V-Acc:  20.0%  V-AUROC: 0.3750  LR: 1.00e-04
2026-06-29 16:17:21,604 | [META-RNW] | INFO | meta_classifier_renewed.model_trainers.meta_trainer | Ep [012/500] T-Acc:  81.8%  V-Acc:  20.0%  V-AUROC: 0.4375  LR: 1.00e-04
2026-06-29 16:17:21,973 | [META-RNW] | INFO | meta_classifier_renewed.model_trainers.meta_trainer | Ep [013/500] T-Acc:  81.8%  V-Acc:  20.0%  V-AUROC: 0.4375  LR: 1.00e-04
2026-06-29 16:17:22,371 | [META-RNW] | INFO | meta_classifier_renewed.model_trainers.meta_trainer | Ep [014/500] T-Acc:  90.9%  V-Acc:  20.0%  V-AUROC: 0.4375  LR: 1.00e-04
2026-06-29 16:17:22,785 | [META-RNW] | INFO | meta_classifier_renewed.model_trainers.meta_trainer | Ep [015/500] T-Acc:  90.9%  V-Acc:  20.0%  V-AUROC: 0.5000  LR: 1.00e-04
2026-06-29 16:17:23,198 | [META-RNW] | INFO | meta_classifier_renewed.model_trainers.meta_trainer | Ep [016/500] T-Acc:  95.5%  V-Acc:  30.0%  V-AUROC: 0.5000  LR: 1.00e-04
2026-06-29 16:17:23,610 | [META-RNW] | INFO | meta_classifier_renewed.model_trainers.meta_trainer | Ep [017/500] T-Acc:  90.9%  V-Acc:  30.0%  V-AUROC: 0.5000  LR: 1.00e-04
2026-06-29 16:17:24,012 | [META-RNW] | INFO | meta_classifier_renewed.model_trainers.meta_trainer | Ep [018/500] T-Acc:  86.4%  V-Acc:  20.0%  V-AUROC: 0.5000  LR: 1.00e-04
2026-06-29 16:17:24,390 | [META-RNW] | INFO | meta_classifier_renewed.model_trainers.meta_trainer | Ep [019/500] T-Acc:  86.4%  V-Acc:  20.0%  V-AUROC: 0.5000  LR: 1.00e-04
2026-06-29 16:17:24,760 | [META-RNW] | INFO | meta_classifier_renewed.model_trainers.meta_trainer | Ep [020/500] T-Acc:  90.9%  V-Acc:  20.0%  V-AUROC: 0.5625  LR: 1.00e-04
2026-06-29 16:17:25,152 | [META-RNW] | INFO | meta_classifier_renewed.model_trainers.meta_trainer | Ep [021/500] T-Acc:  81.8%  V-Acc:  20.0%  V-AUROC: 0.5625  LR: 1.00e-04
2026-06-29 16:17:25,517 | [META-RNW] | INFO | meta_classifier_renewed.model_trainers.meta_trainer | Ep [022/500] T-Acc:  86.4%  V-Acc:  20.0%  V-AUROC: 0.5625  LR: 1.00e-04
2026-06-29 16:17:25,886 | [META-RNW] | INFO | meta_classifier_renewed.model_trainers.meta_trainer | Ep [023/500] T-Acc:  95.5%  V-Acc:  30.0%  V-AUROC: 0.5625  LR: 1.00e-04
2026-06-29 16:17:26,253 | [META-RNW] | INFO | meta_classifier_renewed.model_trainers.meta_trainer | Ep [024/500] T-Acc:  95.5%  V-Acc:  30.0%  V-AUROC: 0.5000  LR: 1.00e-04
2026-06-29 16:17:26,638 | [META-RNW] | INFO | meta_classifier_renewed.model_trainers.meta_trainer | Ep [025/500] T-Acc:  86.4%  V-Acc:  30.0%  V-AUROC: 0.5000  LR: 1.00e-04
2026-06-29 16:17:27,022 | [META-RNW] | INFO | meta_classifier_renewed.model_trainers.meta_trainer | Ep [026/500] T-Acc:  90.9%  V-Acc:  30.0%  V-AUROC: 0.5000  LR: 1.00e-04
2026-06-29 16:17:27,398 | [META-RNW] | INFO | meta_classifier_renewed.model_trainers.meta_trainer | Ep [027/500] T-Acc:  95.5%  V-Acc:  30.0%  V-AUROC: 0.5625  LR: 1.00e-04
2026-06-29 16:17:27,743 | [META-RNW] | INFO | meta_classifier_renewed.model_trainers.meta_trainer | Ep [028/500] T-Acc:  95.5%  V-Acc:  30.0%  V-AUROC: 0.5000  LR: 1.00e-04
2026-06-29 16:17:28,109 | [META-RNW] | INFO | meta_classifier_renewed.model_trainers.meta_trainer | Ep [029/500] T-Acc:  95.5%  V-Acc:  30.0%  V-AUROC: 0.4375  LR: 1.00e-04
2026-06-29 16:17:28,488 | [META-RNW] | INFO | meta_classifier_renewed.model_trainers.meta_trainer | Ep [030/500] T-Acc:  90.9%  V-Acc:  20.0%  V-AUROC: 0.4375  LR: 1.00e-04
2026-06-29 16:17:28,846 | [META-RNW] | INFO | meta_classifier_renewed.model_trainers.meta_trainer | Ep [031/500] T-Acc:  95.5%  V-Acc:  20.0%  V-AUROC: 0.4375  LR: 1.00e-04
2026-06-29 16:17:29,222 | [META-RNW] | INFO | meta_classifier_renewed.model_trainers.meta_trainer | Ep [032/500] T-Acc: 100.0%  V-Acc:  20.0%  V-AUROC: 0.4375  LR: 2.00e-05
2026-06-29 16:17:29,222 | [META-RNW] | INFO | meta_classifier_renewed.model_trainers.meta_trainer | Early stop — best AUROC 0.9375 at epoch 2 (no improvement for 30 epochs)
2026-06-29 16:17:29,222 | [META-RNW] | INFO | meta_classifier_renewed.model_trainers.meta_trainer | Done. Best AUROC: 0.9375 (epoch 2)
2026-06-29 16:17:29,379 | [META-RNW] | INFO | meta_classifier_renewed.model_trainers.meta_trainer | Restored best-AUROC checkpoint into model (epoch 2, AUROC 0.9375).
2026-06-29 16:17:29,494 | [META-RNW] | INFO | meta_classifier_renewed.evaluators.monte_carlo_evaluator | -> Fold 20 Result | Acc=0.800 Sens=0.000 Spec=1.000 AUROC=0.938 (Fixed Threshold: 0.5)
2026-06-29 16:17:29,504 | [META-RNW] | INFO | meta_classifier_renewed.evaluators.monte_carlo_evaluator | === Fold 21/30 | train: 22 subj | test: 10 subj ===
2026-06-29 16:17:29,519 | [META-RNW] | INFO | meta_classifier_renewed.model_trainers.meta_trainer | Device: cuda | max_epochs=500 | batch=8 | es_patience=30 | lr=1e-04 | wd=1e-02
2026-06-29 16:17:29,520 | [META-RNW] | INFO | meta_classifier_renewed.model_trainers.meta_trainer | CE weights — HC: 1.000  MCI: 1.000
2026-06-29 16:17:29,936 | [META-RNW] | INFO | meta_classifier_renewed.model_trainers.meta_trainer | Ep [001/500] T-Acc:  63.6%  V-Acc:  30.0%  V-AUROC: 0.1429  LR: 2.00e-05
2026-06-29 16:17:30,038 | [META-RNW] | INFO | meta_classifier_renewed.model_trainers.meta_trainer |   ↳ new best AUROC; saved checkpoint: /home/leggo/AIResearch/VOGBasedMCIDetectionSystemMobileViTSingleExperimentInference/outputs/checkpoints/run_20260629_161150_meta_renewed_t37/fold_20_best.pth
2026-06-29 16:17:30,427 | [META-RNW] | INFO | meta_classifier_renewed.model_trainers.meta_trainer | Ep [002/500] T-Acc:  54.5%  V-Acc:  30.0%  V-AUROC: 0.1905  LR: 4.00e-05
2026-06-29 16:17:30,541 | [META-RNW] | INFO | meta_classifier_renewed.model_trainers.meta_trainer |   ↳ new best AUROC; saved checkpoint: /home/leggo/AIResearch/VOGBasedMCIDetectionSystemMobileViTSingleExperimentInference/outputs/checkpoints/run_20260629_161150_meta_renewed_t37/fold_20_best.pth
2026-06-29 16:17:30,916 | [META-RNW] | INFO | meta_classifier_renewed.model_trainers.meta_trainer | Ep [003/500] T-Acc:  59.1%  V-Acc:  40.0%  V-AUROC: 0.2381  LR: 6.00e-05
2026-06-29 16:17:31,029 | [META-RNW] | INFO | meta_classifier_renewed.model_trainers.meta_trainer |   ↳ new best AUROC; saved checkpoint: /home/leggo/AIResearch/VOGBasedMCIDetectionSystemMobileViTSingleExperimentInference/outputs/checkpoints/run_20260629_161150_meta_renewed_t37/fold_20_best.pth
2026-06-29 16:17:31,397 | [META-RNW] | INFO | meta_classifier_renewed.model_trainers.meta_trainer | Ep [004/500] T-Acc:  59.1%  V-Acc:  70.0%  V-AUROC: 0.3810  LR: 8.00e-05
2026-06-29 16:17:31,512 | [META-RNW] | INFO | meta_classifier_renewed.model_trainers.meta_trainer |   ↳ new best AUROC; saved checkpoint: /home/leggo/AIResearch/VOGBasedMCIDetectionSystemMobileViTSingleExperimentInference/outputs/checkpoints/run_20260629_161150_meta_renewed_t37/fold_20_best.pth
2026-06-29 16:17:31,863 | [META-RNW] | INFO | meta_classifier_renewed.model_trainers.meta_trainer | Ep [005/500] T-Acc:  54.5%  V-Acc:  70.0%  V-AUROC: 0.7619  LR: 1.00e-04
2026-06-29 16:17:31,975 | [META-RNW] | INFO | meta_classifier_renewed.model_trainers.meta_trainer |   ↳ new best AUROC; saved checkpoint: /home/leggo/AIResearch/VOGBasedMCIDetectionSystemMobileViTSingleExperimentInference/outputs/checkpoints/run_20260629_161150_meta_renewed_t37/fold_20_best.pth
2026-06-29 16:17:32,337 | [META-RNW] | INFO | meta_classifier_renewed.model_trainers.meta_trainer | Ep [006/500] T-Acc:  63.6%  V-Acc:  70.0%  V-AUROC: 0.3810  LR: 1.00e-04
2026-06-29 16:17:32,756 | [META-RNW] | INFO | meta_classifier_renewed.model_trainers.meta_trainer | Ep [007/500] T-Acc:  59.1%  V-Acc:  40.0%  V-AUROC: 0.3333  LR: 1.00e-04
2026-06-29 16:17:33,177 | [META-RNW] | INFO | meta_classifier_renewed.model_trainers.meta_trainer | Ep [008/500] T-Acc:  72.7%  V-Acc:  40.0%  V-AUROC: 0.3810  LR: 1.00e-04
2026-06-29 16:17:33,575 | [META-RNW] | INFO | meta_classifier_renewed.model_trainers.meta_trainer | Ep [009/500] T-Acc:  59.1%  V-Acc:  30.0%  V-AUROC: 0.4286  LR: 1.00e-04
2026-06-29 16:17:33,924 | [META-RNW] | INFO | meta_classifier_renewed.model_trainers.meta_trainer | Ep [010/500] T-Acc:  63.6%  V-Acc:  30.0%  V-AUROC: 0.4286  LR: 1.00e-04
2026-06-29 16:17:34,282 | [META-RNW] | INFO | meta_classifier_renewed.model_trainers.meta_trainer | Ep [011/500] T-Acc:  50.0%  V-Acc:  50.0%  V-AUROC: 0.4286  LR: 1.00e-04
2026-06-29 16:17:34,608 | [META-RNW] | INFO | meta_classifier_renewed.model_trainers.meta_trainer | Ep [012/500] T-Acc:  63.6%  V-Acc:  50.0%  V-AUROC: 0.4286  LR: 1.00e-04
2026-06-29 16:17:35,077 | [META-RNW] | INFO | meta_classifier_renewed.model_trainers.meta_trainer | Ep [013/500] T-Acc:  59.1%  V-Acc:  60.0%  V-AUROC: 0.5238  LR: 1.00e-04
2026-06-29 16:17:35,620 | [META-RNW] | INFO | meta_classifier_renewed.model_trainers.meta_trainer | Ep [014/500] T-Acc:  63.6%  V-Acc:  60.0%  V-AUROC: 0.5238  LR: 1.00e-04
2026-06-29 16:17:36,030 | [META-RNW] | INFO | meta_classifier_renewed.model_trainers.meta_trainer | Ep [015/500] T-Acc:  63.6%  V-Acc:  60.0%  V-AUROC: 0.5238  LR: 1.00e-04
2026-06-29 16:17:36,446 | [META-RNW] | INFO | meta_classifier_renewed.model_trainers.meta_trainer | Ep [016/500] T-Acc:  63.6%  V-Acc:  60.0%  V-AUROC: 0.5238  LR: 1.00e-04
2026-06-29 16:17:36,808 | [META-RNW] | INFO | meta_classifier_renewed.model_trainers.meta_trainer | Ep [017/500] T-Acc:  81.8%  V-Acc:  50.0%  V-AUROC: 0.5714  LR: 1.00e-04
2026-06-29 16:17:37,173 | [META-RNW] | INFO | meta_classifier_renewed.model_trainers.meta_trainer | Ep [018/500] T-Acc:  72.7%  V-Acc:  60.0%  V-AUROC: 0.5714  LR: 1.00e-04
2026-06-29 16:17:37,567 | [META-RNW] | INFO | meta_classifier_renewed.model_trainers.meta_trainer | Ep [019/500] T-Acc:  77.3%  V-Acc:  70.0%  V-AUROC: 0.5714  LR: 1.00e-04
2026-06-29 16:17:37,961 | [META-RNW] | INFO | meta_classifier_renewed.model_trainers.meta_trainer | Ep [020/500] T-Acc:  86.4%  V-Acc:  50.0%  V-AUROC: 0.5714  LR: 1.00e-04
2026-06-29 16:17:38,373 | [META-RNW] | INFO | meta_classifier_renewed.model_trainers.meta_trainer | Ep [021/500] T-Acc:  63.6%  V-Acc:  60.0%  V-AUROC: 0.5714  LR: 1.00e-04
2026-06-29 16:17:38,733 | [META-RNW] | INFO | meta_classifier_renewed.model_trainers.meta_trainer | Ep [022/500] T-Acc:  81.8%  V-Acc:  50.0%  V-AUROC: 0.5714  LR: 1.00e-04
2026-06-29 16:17:39,141 | [META-RNW] | INFO | meta_classifier_renewed.model_trainers.meta_trainer | Ep [023/500] T-Acc:  81.8%  V-Acc:  50.0%  V-AUROC: 0.5714  LR: 1.00e-04
2026-06-29 16:17:39,533 | [META-RNW] | INFO | meta_classifier_renewed.model_trainers.meta_trainer | Ep [024/500] T-Acc:  81.8%  V-Acc:  70.0%  V-AUROC: 0.5714  LR: 1.00e-04
2026-06-29 16:17:39,917 | [META-RNW] | INFO | meta_classifier_renewed.model_trainers.meta_trainer | Ep [025/500] T-Acc:  86.4%  V-Acc:  50.0%  V-AUROC: 0.5714  LR: 1.00e-04
2026-06-29 16:17:40,344 | [META-RNW] | INFO | meta_classifier_renewed.model_trainers.meta_trainer | Ep [026/500] T-Acc:  90.9%  V-Acc:  70.0%  V-AUROC: 0.5714  LR: 1.00e-04
2026-06-29 16:17:40,743 | [META-RNW] | INFO | meta_classifier_renewed.model_trainers.meta_trainer | Ep [027/500] T-Acc:  86.4%  V-Acc:  70.0%  V-AUROC: 0.5714  LR: 1.00e-04
2026-06-29 16:17:41,158 | [META-RNW] | INFO | meta_classifier_renewed.model_trainers.meta_trainer | Ep [028/500] T-Acc:  86.4%  V-Acc:  70.0%  V-AUROC: 0.6190  LR: 1.00e-04
2026-06-29 16:17:41,523 | [META-RNW] | INFO | meta_classifier_renewed.model_trainers.meta_trainer | Ep [029/500] T-Acc:  86.4%  V-Acc:  70.0%  V-AUROC: 0.6190  LR: 1.00e-04
2026-06-29 16:17:41,878 | [META-RNW] | INFO | meta_classifier_renewed.model_trainers.meta_trainer | Ep [030/500] T-Acc:  68.2%  V-Acc:  60.0%  V-AUROC: 0.6190  LR: 1.00e-04
2026-06-29 16:17:42,256 | [META-RNW] | INFO | meta_classifier_renewed.model_trainers.meta_trainer | Ep [031/500] T-Acc:  95.5%  V-Acc:  60.0%  V-AUROC: 0.5714  LR: 1.00e-04
2026-06-29 16:17:42,603 | [META-RNW] | INFO | meta_classifier_renewed.model_trainers.meta_trainer | Ep [032/500] T-Acc:  86.4%  V-Acc:  60.0%  V-AUROC: 0.6190  LR: 1.00e-04
2026-06-29 16:17:42,961 | [META-RNW] | INFO | meta_classifier_renewed.model_trainers.meta_trainer | Ep [033/500] T-Acc:  90.9%  V-Acc:  50.0%  V-AUROC: 0.6190  LR: 1.00e-04
2026-06-29 16:17:43,308 | [META-RNW] | INFO | meta_classifier_renewed.model_trainers.meta_trainer | Ep [034/500] T-Acc:  95.5%  V-Acc:  60.0%  V-AUROC: 0.6190  LR: 1.00e-04
2026-06-29 16:17:43,655 | [META-RNW] | INFO | meta_classifier_renewed.model_trainers.meta_trainer | Ep [035/500] T-Acc:  90.9%  V-Acc:  60.0%  V-AUROC: 0.6190  LR: 1.00e-04
2026-06-29 16:17:43,655 | [META-RNW] | INFO | meta_classifier_renewed.model_trainers.meta_trainer | Early stop — best AUROC 0.7619 at epoch 5 (no improvement for 30 epochs)
2026-06-29 16:17:43,656 | [META-RNW] | INFO | meta_classifier_renewed.model_trainers.meta_trainer | Done. Best AUROC: 0.7619 (epoch 5)
2026-06-29 16:17:43,814 | [META-RNW] | INFO | meta_classifier_renewed.model_trainers.meta_trainer | Restored best-AUROC checkpoint into model (epoch 5, AUROC 0.7619).
2026-06-29 16:17:43,904 | [META-RNW] | INFO | meta_classifier_renewed.evaluators.monte_carlo_evaluator | -> Fold 21 Result | Acc=0.700 Sens=1.000 Spec=0.000 AUROC=0.381 (Fixed Threshold: 0.5)
2026-06-29 16:17:43,913 | [META-RNW] | INFO | meta_classifier_renewed.evaluators.monte_carlo_evaluator | === Fold 22/30 | train: 22 subj | test: 10 subj ===
2026-06-29 16:17:43,927 | [META-RNW] | INFO | meta_classifier_renewed.model_trainers.meta_trainer | Device: cuda | max_epochs=500 | batch=8 | es_patience=30 | lr=1e-04 | wd=1e-02
2026-06-29 16:17:43,928 | [META-RNW] | INFO | meta_classifier_renewed.model_trainers.meta_trainer | CE weights — HC: 1.000  MCI: 1.000
2026-06-29 16:17:44,321 | [META-RNW] | INFO | meta_classifier_renewed.model_trainers.meta_trainer | Ep [001/500] T-Acc:  54.5%  V-Acc:  30.0%  V-AUROC: 0.7619  LR: 2.00e-05
2026-06-29 16:17:44,425 | [META-RNW] | INFO | meta_classifier_renewed.model_trainers.meta_trainer |   ↳ new best AUROC; saved checkpoint: /home/leggo/AIResearch/VOGBasedMCIDetectionSystemMobileViTSingleExperimentInference/outputs/checkpoints/run_20260629_161150_meta_renewed_t37/fold_21_best.pth
2026-06-29 16:17:44,796 | [META-RNW] | INFO | meta_classifier_renewed.model_trainers.meta_trainer | Ep [002/500] T-Acc:  54.5%  V-Acc:  30.0%  V-AUROC: 0.7619  LR: 4.00e-05
2026-06-29 16:17:45,143 | [META-RNW] | INFO | meta_classifier_renewed.model_trainers.meta_trainer | Ep [003/500] T-Acc:  45.5%  V-Acc:  30.0%  V-AUROC: 0.7619  LR: 6.00e-05
2026-06-29 16:17:45,488 | [META-RNW] | INFO | meta_classifier_renewed.model_trainers.meta_trainer | Ep [004/500] T-Acc:  54.5%  V-Acc:  40.0%  V-AUROC: 0.6667  LR: 8.00e-05
2026-06-29 16:17:45,840 | [META-RNW] | INFO | meta_classifier_renewed.model_trainers.meta_trainer | Ep [005/500] T-Acc:  45.5%  V-Acc:  70.0%  V-AUROC: 0.7619  LR: 1.00e-04
2026-06-29 16:17:46,209 | [META-RNW] | INFO | meta_classifier_renewed.model_trainers.meta_trainer | Ep [006/500] T-Acc:  68.2%  V-Acc:  70.0%  V-AUROC: 0.7619  LR: 1.00e-04
2026-06-29 16:17:46,582 | [META-RNW] | INFO | meta_classifier_renewed.model_trainers.meta_trainer | Ep [007/500] T-Acc:  54.5%  V-Acc:  70.0%  V-AUROC: 0.8095  LR: 1.00e-04
2026-06-29 16:17:46,691 | [META-RNW] | INFO | meta_classifier_renewed.model_trainers.meta_trainer |   ↳ new best AUROC; saved checkpoint: /home/leggo/AIResearch/VOGBasedMCIDetectionSystemMobileViTSingleExperimentInference/outputs/checkpoints/run_20260629_161150_meta_renewed_t37/fold_21_best.pth
2026-06-29 16:17:47,087 | [META-RNW] | INFO | meta_classifier_renewed.model_trainers.meta_trainer | Ep [008/500] T-Acc:  54.5%  V-Acc:  70.0%  V-AUROC: 0.8095  LR: 1.00e-04
2026-06-29 16:17:47,480 | [META-RNW] | INFO | meta_classifier_renewed.model_trainers.meta_trainer | Ep [009/500] T-Acc:  72.7%  V-Acc:  70.0%  V-AUROC: 0.8095  LR: 1.00e-04
2026-06-29 16:17:47,842 | [META-RNW] | INFO | meta_classifier_renewed.model_trainers.meta_trainer | Ep [010/500] T-Acc:  81.8%  V-Acc:  70.0%  V-AUROC: 0.8571  LR: 1.00e-04
2026-06-29 16:17:47,951 | [META-RNW] | INFO | meta_classifier_renewed.model_trainers.meta_trainer |   ↳ new best AUROC; saved checkpoint: /home/leggo/AIResearch/VOGBasedMCIDetectionSystemMobileViTSingleExperimentInference/outputs/checkpoints/run_20260629_161150_meta_renewed_t37/fold_21_best.pth
2026-06-29 16:17:48,270 | [META-RNW] | INFO | meta_classifier_renewed.model_trainers.meta_trainer | Ep [011/500] T-Acc:  54.5%  V-Acc:  80.0%  V-AUROC: 0.8571  LR: 1.00e-04
2026-06-29 16:17:48,630 | [META-RNW] | INFO | meta_classifier_renewed.model_trainers.meta_trainer | Ep [012/500] T-Acc:  72.7%  V-Acc:  80.0%  V-AUROC: 0.9048  LR: 1.00e-04
2026-06-29 16:17:48,741 | [META-RNW] | INFO | meta_classifier_renewed.model_trainers.meta_trainer |   ↳ new best AUROC; saved checkpoint: /home/leggo/AIResearch/VOGBasedMCIDetectionSystemMobileViTSingleExperimentInference/outputs/checkpoints/run_20260629_161150_meta_renewed_t37/fold_21_best.pth
2026-06-29 16:17:49,109 | [META-RNW] | INFO | meta_classifier_renewed.model_trainers.meta_trainer | Ep [013/500] T-Acc:  72.7%  V-Acc:  70.0%  V-AUROC: 0.9048  LR: 1.00e-04
2026-06-29 16:17:49,479 | [META-RNW] | INFO | meta_classifier_renewed.model_trainers.meta_trainer | Ep [014/500] T-Acc:  59.1%  V-Acc:  70.0%  V-AUROC: 0.9048  LR: 1.00e-04
2026-06-29 16:17:49,890 | [META-RNW] | INFO | meta_classifier_renewed.model_trainers.meta_trainer | Ep [015/500] T-Acc:  77.3%  V-Acc:  70.0%  V-AUROC: 0.9048  LR: 1.00e-04
2026-06-29 16:17:50,268 | [META-RNW] | INFO | meta_classifier_renewed.model_trainers.meta_trainer | Ep [016/500] T-Acc:  86.4%  V-Acc:  70.0%  V-AUROC: 0.9048  LR: 1.00e-04
2026-06-29 16:17:50,636 | [META-RNW] | INFO | meta_classifier_renewed.model_trainers.meta_trainer | Ep [017/500] T-Acc:  81.8%  V-Acc:  70.0%  V-AUROC: 0.9048  LR: 1.00e-04
2026-06-29 16:17:51,070 | [META-RNW] | INFO | meta_classifier_renewed.model_trainers.meta_trainer | Ep [018/500] T-Acc:  86.4%  V-Acc:  70.0%  V-AUROC: 0.9048  LR: 1.00e-04
2026-06-29 16:17:51,409 | [META-RNW] | INFO | meta_classifier_renewed.model_trainers.meta_trainer | Ep [019/500] T-Acc:  77.3%  V-Acc:  70.0%  V-AUROC: 0.9048  LR: 1.00e-04
2026-06-29 16:17:51,838 | [META-RNW] | INFO | meta_classifier_renewed.model_trainers.meta_trainer | Ep [020/500] T-Acc:  59.1%  V-Acc:  80.0%  V-AUROC: 0.9048  LR: 1.00e-04
2026-06-29 16:17:52,195 | [META-RNW] | INFO | meta_classifier_renewed.model_trainers.meta_trainer | Ep [021/500] T-Acc:  86.4%  V-Acc:  70.0%  V-AUROC: 0.9048  LR: 1.00e-04
2026-06-29 16:17:52,554 | [META-RNW] | INFO | meta_classifier_renewed.model_trainers.meta_trainer | Ep [022/500] T-Acc:  77.3%  V-Acc:  70.0%  V-AUROC: 0.8571  LR: 1.00e-04
2026-06-29 16:17:52,909 | [META-RNW] | INFO | meta_classifier_renewed.model_trainers.meta_trainer | Ep [023/500] T-Acc:  72.7%  V-Acc:  70.0%  V-AUROC: 0.8571  LR: 1.00e-04
2026-06-29 16:17:53,287 | [META-RNW] | INFO | meta_classifier_renewed.model_trainers.meta_trainer | Ep [024/500] T-Acc:  86.4%  V-Acc:  60.0%  V-AUROC: 0.8571  LR: 2.00e-05
2026-06-29 16:17:53,667 | [META-RNW] | INFO | meta_classifier_renewed.model_trainers.meta_trainer | Ep [025/500] T-Acc:  77.3%  V-Acc:  60.0%  V-AUROC: 0.8571  LR: 2.00e-05
2026-06-29 16:17:54,023 | [META-RNW] | INFO | meta_classifier_renewed.model_trainers.meta_trainer | Ep [026/500] T-Acc:  77.3%  V-Acc:  70.0%  V-AUROC: 0.8571  LR: 2.00e-05
2026-06-29 16:17:54,404 | [META-RNW] | INFO | meta_classifier_renewed.model_trainers.meta_trainer | Ep [027/500] T-Acc:  86.4%  V-Acc:  70.0%  V-AUROC: 0.8571  LR: 2.00e-05
2026-06-29 16:17:54,834 | [META-RNW] | INFO | meta_classifier_renewed.model_trainers.meta_trainer | Ep [028/500] T-Acc:  77.3%  V-Acc:  70.0%  V-AUROC: 0.9048  LR: 2.00e-05
2026-06-29 16:17:55,227 | [META-RNW] | INFO | meta_classifier_renewed.model_trainers.meta_trainer | Ep [029/500] T-Acc:  90.9%  V-Acc:  80.0%  V-AUROC: 0.9048  LR: 2.00e-05
2026-06-29 16:17:55,650 | [META-RNW] | INFO | meta_classifier_renewed.model_trainers.meta_trainer | Ep [030/500] T-Acc:  95.5%  V-Acc:  80.0%  V-AUROC: 0.9048  LR: 2.00e-05
2026-06-29 16:17:56,078 | [META-RNW] | INFO | meta_classifier_renewed.model_trainers.meta_trainer | Ep [031/500] T-Acc:  86.4%  V-Acc:  80.0%  V-AUROC: 0.9048  LR: 2.00e-05
2026-06-29 16:17:56,492 | [META-RNW] | INFO | meta_classifier_renewed.model_trainers.meta_trainer | Ep [032/500] T-Acc:  90.9%  V-Acc:  80.0%  V-AUROC: 0.9048  LR: 2.00e-05
2026-06-29 16:17:56,905 | [META-RNW] | INFO | meta_classifier_renewed.model_trainers.meta_trainer | Ep [033/500] T-Acc:  86.4%  V-Acc:  70.0%  V-AUROC: 0.9048  LR: 2.00e-05
2026-06-29 16:17:57,315 | [META-RNW] | INFO | meta_classifier_renewed.model_trainers.meta_trainer | Ep [034/500] T-Acc:  68.2%  V-Acc:  70.0%  V-AUROC: 0.8571  LR: 2.00e-05
2026-06-29 16:17:57,718 | [META-RNW] | INFO | meta_classifier_renewed.model_trainers.meta_trainer | Ep [035/500] T-Acc:  90.9%  V-Acc:  70.0%  V-AUROC: 0.8571  LR: 4.00e-06
2026-06-29 16:17:58,103 | [META-RNW] | INFO | meta_classifier_renewed.model_trainers.meta_trainer | Ep [036/500] T-Acc: 100.0%  V-Acc:  70.0%  V-AUROC: 0.8571  LR: 4.00e-06
2026-06-29 16:17:58,505 | [META-RNW] | INFO | meta_classifier_renewed.model_trainers.meta_trainer | Ep [037/500] T-Acc:  95.5%  V-Acc:  70.0%  V-AUROC: 0.8571  LR: 4.00e-06
2026-06-29 16:17:58,871 | [META-RNW] | INFO | meta_classifier_renewed.model_trainers.meta_trainer | Ep [038/500] T-Acc:  86.4%  V-Acc:  70.0%  V-AUROC: 0.8571  LR: 4.00e-06
2026-06-29 16:17:59,249 | [META-RNW] | INFO | meta_classifier_renewed.model_trainers.meta_trainer | Ep [039/500] T-Acc:  81.8%  V-Acc:  70.0%  V-AUROC: 0.8571  LR: 4.00e-06
2026-06-29 16:17:59,642 | [META-RNW] | INFO | meta_classifier_renewed.model_trainers.meta_trainer | Ep [040/500] T-Acc:  86.4%  V-Acc:  70.0%  V-AUROC: 0.8571  LR: 4.00e-06
2026-06-29 16:18:00,064 | [META-RNW] | INFO | meta_classifier_renewed.model_trainers.meta_trainer | Ep [041/500] T-Acc:  81.8%  V-Acc:  70.0%  V-AUROC: 0.8571  LR: 4.00e-06
2026-06-29 16:18:00,457 | [META-RNW] | INFO | meta_classifier_renewed.model_trainers.meta_trainer | Ep [042/500] T-Acc:  86.4%  V-Acc:  70.0%  V-AUROC: 0.9048  LR: 4.00e-06
2026-06-29 16:18:00,458 | [META-RNW] | INFO | meta_classifier_renewed.model_trainers.meta_trainer | Early stop — best AUROC 0.9048 at epoch 12 (no improvement for 30 epochs)
2026-06-29 16:18:00,458 | [META-RNW] | INFO | meta_classifier_renewed.model_trainers.meta_trainer | Done. Best AUROC: 0.9048 (epoch 12)
2026-06-29 16:18:00,613 | [META-RNW] | INFO | meta_classifier_renewed.model_trainers.meta_trainer | Restored best-AUROC checkpoint into model (epoch 12, AUROC 0.9048).
2026-06-29 16:18:00,714 | [META-RNW] | INFO | meta_classifier_renewed.evaluators.monte_carlo_evaluator | -> Fold 22 Result | Acc=0.800 Sens=0.857 Spec=0.667 AUROC=0.905 (Fixed Threshold: 0.5)
2026-06-29 16:18:00,724 | [META-RNW] | INFO | meta_classifier_renewed.evaluators.monte_carlo_evaluator | === Fold 23/30 | train: 22 subj | test: 10 subj ===
2026-06-29 16:18:00,738 | [META-RNW] | INFO | meta_classifier_renewed.model_trainers.meta_trainer | Device: cuda | max_epochs=500 | batch=8 | es_patience=30 | lr=1e-04 | wd=1e-02
2026-06-29 16:18:00,739 | [META-RNW] | INFO | meta_classifier_renewed.model_trainers.meta_trainer | CE weights — HC: 1.100  MCI: 0.917
2026-06-29 16:18:01,129 | [META-RNW] | INFO | meta_classifier_renewed.model_trainers.meta_trainer | Ep [001/500] T-Acc:  59.1%  V-Acc:  60.0%  V-AUROC: 0.5000  LR: 2.00e-05
2026-06-29 16:18:01,225 | [META-RNW] | INFO | meta_classifier_renewed.model_trainers.meta_trainer |   ↳ new best AUROC; saved checkpoint: /home/leggo/AIResearch/VOGBasedMCIDetectionSystemMobileViTSingleExperimentInference/outputs/checkpoints/run_20260629_161150_meta_renewed_t37/fold_22_best.pth
2026-06-29 16:18:01,614 | [META-RNW] | INFO | meta_classifier_renewed.model_trainers.meta_trainer | Ep [002/500] T-Acc:  63.6%  V-Acc:  60.0%  V-AUROC: 0.5000  LR: 4.00e-05
2026-06-29 16:18:01,722 | [META-RNW] | INFO | meta_classifier_renewed.model_trainers.meta_trainer |   ↳ new best AUROC; saved checkpoint: /home/leggo/AIResearch/VOGBasedMCIDetectionSystemMobileViTSingleExperimentInference/outputs/checkpoints/run_20260629_161150_meta_renewed_t37/fold_22_best.pth
2026-06-29 16:18:02,107 | [META-RNW] | INFO | meta_classifier_renewed.model_trainers.meta_trainer | Ep [003/500] T-Acc:  68.2%  V-Acc:  60.0%  V-AUROC: 0.6250  LR: 6.00e-05
2026-06-29 16:18:02,221 | [META-RNW] | INFO | meta_classifier_renewed.model_trainers.meta_trainer |   ↳ new best AUROC; saved checkpoint: /home/leggo/AIResearch/VOGBasedMCIDetectionSystemMobileViTSingleExperimentInference/outputs/checkpoints/run_20260629_161150_meta_renewed_t37/fold_22_best.pth
2026-06-29 16:18:02,611 | [META-RNW] | INFO | meta_classifier_renewed.model_trainers.meta_trainer | Ep [004/500] T-Acc:  50.0%  V-Acc:  50.0%  V-AUROC: 0.8750  LR: 8.00e-05
2026-06-29 16:18:02,728 | [META-RNW] | INFO | meta_classifier_renewed.model_trainers.meta_trainer |   ↳ new best AUROC; saved checkpoint: /home/leggo/AIResearch/VOGBasedMCIDetectionSystemMobileViTSingleExperimentInference/outputs/checkpoints/run_20260629_161150_meta_renewed_t37/fold_22_best.pth
2026-06-29 16:18:03,108 | [META-RNW] | INFO | meta_classifier_renewed.model_trainers.meta_trainer | Ep [005/500] T-Acc:  45.5%  V-Acc:  50.0%  V-AUROC: 0.8750  LR: 1.00e-04
2026-06-29 16:18:03,476 | [META-RNW] | INFO | meta_classifier_renewed.model_trainers.meta_trainer | Ep [006/500] T-Acc:  54.5%  V-Acc:  70.0%  V-AUROC: 0.8750  LR: 1.00e-04
2026-06-29 16:18:03,832 | [META-RNW] | INFO | meta_classifier_renewed.model_trainers.meta_trainer | Ep [007/500] T-Acc:  54.5%  V-Acc:  60.0%  V-AUROC: 0.8333  LR: 1.00e-04
2026-06-29 16:18:04,201 | [META-RNW] | INFO | meta_classifier_renewed.model_trainers.meta_trainer | Ep [008/500] T-Acc:  54.5%  V-Acc:  60.0%  V-AUROC: 0.7500  LR: 1.00e-04
2026-06-29 16:18:04,573 | [META-RNW] | INFO | meta_classifier_renewed.model_trainers.meta_trainer | Ep [009/500] T-Acc:  54.5%  V-Acc:  50.0%  V-AUROC: 0.6667  LR: 1.00e-04
2026-06-29 16:18:05,004 | [META-RNW] | INFO | meta_classifier_renewed.model_trainers.meta_trainer | Ep [010/500] T-Acc:  72.7%  V-Acc:  60.0%  V-AUROC: 0.6667  LR: 1.00e-04
2026-06-29 16:18:05,401 | [META-RNW] | INFO | meta_classifier_renewed.model_trainers.meta_trainer | Ep [011/500] T-Acc:  72.7%  V-Acc:  60.0%  V-AUROC: 0.6667  LR: 1.00e-04
2026-06-29 16:18:05,848 | [META-RNW] | INFO | meta_classifier_renewed.model_trainers.meta_trainer | Ep [012/500] T-Acc:  72.7%  V-Acc:  70.0%  V-AUROC: 0.6667  LR: 1.00e-04
2026-06-29 16:18:06,224 | [META-RNW] | INFO | meta_classifier_renewed.model_trainers.meta_trainer | Ep [013/500] T-Acc:  86.4%  V-Acc:  70.0%  V-AUROC: 0.6667  LR: 1.00e-04
2026-06-29 16:18:06,631 | [META-RNW] | INFO | meta_classifier_renewed.model_trainers.meta_trainer | Ep [014/500] T-Acc:  77.3%  V-Acc:  70.0%  V-AUROC: 0.6667  LR: 1.00e-04
2026-06-29 16:18:07,006 | [META-RNW] | INFO | meta_classifier_renewed.model_trainers.meta_trainer | Ep [015/500] T-Acc:  68.2%  V-Acc:  50.0%  V-AUROC: 0.6667  LR: 1.00e-04
2026-06-29 16:18:07,385 | [META-RNW] | INFO | meta_classifier_renewed.model_trainers.meta_trainer | Ep [016/500] T-Acc:  86.4%  V-Acc:  50.0%  V-AUROC: 0.6667  LR: 1.00e-04
2026-06-29 16:18:07,723 | [META-RNW] | INFO | meta_classifier_renewed.model_trainers.meta_trainer | Ep [017/500] T-Acc:  86.4%  V-Acc:  50.0%  V-AUROC: 0.6250  LR: 1.00e-04
2026-06-29 16:18:08,065 | [META-RNW] | INFO | meta_classifier_renewed.model_trainers.meta_trainer | Ep [018/500] T-Acc:  90.9%  V-Acc:  50.0%  V-AUROC: 0.6250  LR: 2.00e-05
2026-06-29 16:18:08,430 | [META-RNW] | INFO | meta_classifier_renewed.model_trainers.meta_trainer | Ep [019/500] T-Acc:  95.5%  V-Acc:  50.0%  V-AUROC: 0.6250  LR: 2.00e-05
2026-06-29 16:18:08,777 | [META-RNW] | INFO | meta_classifier_renewed.model_trainers.meta_trainer | Ep [020/500] T-Acc: 100.0%  V-Acc:  40.0%  V-AUROC: 0.6250  LR: 2.00e-05
2026-06-29 16:18:09,164 | [META-RNW] | INFO | meta_classifier_renewed.model_trainers.meta_trainer | Ep [021/500] T-Acc: 100.0%  V-Acc:  40.0%  V-AUROC: 0.6250  LR: 2.00e-05
2026-06-29 16:18:09,532 | [META-RNW] | INFO | meta_classifier_renewed.model_trainers.meta_trainer | Ep [022/500] T-Acc:  95.5%  V-Acc:  60.0%  V-AUROC: 0.6250  LR: 2.00e-05
2026-06-29 16:18:09,882 | [META-RNW] | INFO | meta_classifier_renewed.model_trainers.meta_trainer | Ep [023/500] T-Acc:  95.5%  V-Acc:  70.0%  V-AUROC: 0.6250  LR: 2.00e-05
2026-06-29 16:18:10,239 | [META-RNW] | INFO | meta_classifier_renewed.model_trainers.meta_trainer | Ep [024/500] T-Acc:  95.5%  V-Acc:  70.0%  V-AUROC: 0.6250  LR: 2.00e-05
2026-06-29 16:18:10,652 | [META-RNW] | INFO | meta_classifier_renewed.model_trainers.meta_trainer | Ep [025/500] T-Acc:  90.9%  V-Acc:  70.0%  V-AUROC: 0.6667  LR: 2.00e-05
2026-06-29 16:18:11,032 | [META-RNW] | INFO | meta_classifier_renewed.model_trainers.meta_trainer | Ep [026/500] T-Acc:  90.9%  V-Acc:  60.0%  V-AUROC: 0.6667  LR: 2.00e-05
2026-06-29 16:18:11,412 | [META-RNW] | INFO | meta_classifier_renewed.model_trainers.meta_trainer | Ep [027/500] T-Acc:  95.5%  V-Acc:  70.0%  V-AUROC: 0.6667  LR: 2.00e-05
2026-06-29 16:18:11,780 | [META-RNW] | INFO | meta_classifier_renewed.model_trainers.meta_trainer | Ep [028/500] T-Acc: 100.0%  V-Acc:  70.0%  V-AUROC: 0.7083  LR: 2.00e-05
2026-06-29 16:18:12,122 | [META-RNW] | INFO | meta_classifier_renewed.model_trainers.meta_trainer | Ep [029/500] T-Acc: 100.0%  V-Acc:  70.0%  V-AUROC: 0.7083  LR: 4.00e-06
2026-06-29 16:18:12,473 | [META-RNW] | INFO | meta_classifier_renewed.model_trainers.meta_trainer | Ep [030/500] T-Acc: 100.0%  V-Acc:  70.0%  V-AUROC: 0.7083  LR: 4.00e-06
2026-06-29 16:18:12,826 | [META-RNW] | INFO | meta_classifier_renewed.model_trainers.meta_trainer | Ep [031/500] T-Acc: 100.0%  V-Acc:  70.0%  V-AUROC: 0.7083  LR: 4.00e-06
2026-06-29 16:18:13,206 | [META-RNW] | INFO | meta_classifier_renewed.model_trainers.meta_trainer | Ep [032/500] T-Acc: 100.0%  V-Acc:  70.0%  V-AUROC: 0.7083  LR: 4.00e-06
2026-06-29 16:18:13,555 | [META-RNW] | INFO | meta_classifier_renewed.model_trainers.meta_trainer | Ep [033/500] T-Acc:  95.5%  V-Acc:  70.0%  V-AUROC: 0.7083  LR: 4.00e-06
2026-06-29 16:18:13,909 | [META-RNW] | INFO | meta_classifier_renewed.model_trainers.meta_trainer | Ep [034/500] T-Acc: 100.0%  V-Acc:  70.0%  V-AUROC: 0.7083  LR: 4.00e-06
2026-06-29 16:18:13,910 | [META-RNW] | INFO | meta_classifier_renewed.model_trainers.meta_trainer | Early stop — best AUROC 0.8750 at epoch 4 (no improvement for 30 epochs)
2026-06-29 16:18:13,910 | [META-RNW] | INFO | meta_classifier_renewed.model_trainers.meta_trainer | Done. Best AUROC: 0.8750 (epoch 4)
2026-06-29 16:18:14,065 | [META-RNW] | INFO | meta_classifier_renewed.model_trainers.meta_trainer | Restored best-AUROC checkpoint into model (epoch 4, AUROC 0.8750).
2026-06-29 16:18:14,160 | [META-RNW] | INFO | meta_classifier_renewed.evaluators.monte_carlo_evaluator | -> Fold 23 Result | Acc=0.500 Sens=0.167 Spec=1.000 AUROC=0.875 (Fixed Threshold: 0.5)
2026-06-29 16:18:14,169 | [META-RNW] | INFO | meta_classifier_renewed.evaluators.monte_carlo_evaluator | === Fold 24/30 | train: 22 subj | test: 10 subj ===
2026-06-29 16:18:14,182 | [META-RNW] | INFO | meta_classifier_renewed.model_trainers.meta_trainer | Device: cuda | max_epochs=500 | batch=8 | es_patience=30 | lr=1e-04 | wd=1e-02
2026-06-29 16:18:14,183 | [META-RNW] | INFO | meta_classifier_renewed.model_trainers.meta_trainer | CE weights — HC: 1.222  MCI: 0.846
2026-06-29 16:18:14,586 | [META-RNW] | INFO | meta_classifier_renewed.model_trainers.meta_trainer | Ep [001/500] T-Acc:  50.0%  V-Acc:  50.0%  V-AUROC: 0.2800  LR: 2.00e-05
2026-06-29 16:18:14,685 | [META-RNW] | INFO | meta_classifier_renewed.model_trainers.meta_trainer |   ↳ new best AUROC; saved checkpoint: /home/leggo/AIResearch/VOGBasedMCIDetectionSystemMobileViTSingleExperimentInference/outputs/checkpoints/run_20260629_161150_meta_renewed_t37/fold_23_best.pth
2026-06-29 16:18:15,043 | [META-RNW] | INFO | meta_classifier_renewed.model_trainers.meta_trainer | Ep [002/500] T-Acc:  50.0%  V-Acc:  40.0%  V-AUROC: 0.3200  LR: 4.00e-05
2026-06-29 16:18:15,154 | [META-RNW] | INFO | meta_classifier_renewed.model_trainers.meta_trainer |   ↳ new best AUROC; saved checkpoint: /home/leggo/AIResearch/VOGBasedMCIDetectionSystemMobileViTSingleExperimentInference/outputs/checkpoints/run_20260629_161150_meta_renewed_t37/fold_23_best.pth
2026-06-29 16:18:15,581 | [META-RNW] | INFO | meta_classifier_renewed.model_trainers.meta_trainer | Ep [003/500] T-Acc:  45.5%  V-Acc:  40.0%  V-AUROC: 0.3200  LR: 6.00e-05
2026-06-29 16:18:16,146 | [META-RNW] | INFO | meta_classifier_renewed.model_trainers.meta_trainer | Ep [004/500] T-Acc:  68.2%  V-Acc:  30.0%  V-AUROC: 0.4400  LR: 8.00e-05
2026-06-29 16:18:16,283 | [META-RNW] | INFO | meta_classifier_renewed.model_trainers.meta_trainer |   ↳ new best AUROC; saved checkpoint: /home/leggo/AIResearch/VOGBasedMCIDetectionSystemMobileViTSingleExperimentInference/outputs/checkpoints/run_20260629_161150_meta_renewed_t37/fold_23_best.pth
2026-06-29 16:18:16,678 | [META-RNW] | INFO | meta_classifier_renewed.model_trainers.meta_trainer | Ep [005/500] T-Acc:  54.5%  V-Acc:  50.0%  V-AUROC: 0.4400  LR: 1.00e-04
2026-06-29 16:18:17,036 | [META-RNW] | INFO | meta_classifier_renewed.model_trainers.meta_trainer | Ep [006/500] T-Acc:  63.6%  V-Acc:  60.0%  V-AUROC: 0.4400  LR: 1.00e-04
2026-06-29 16:18:17,404 | [META-RNW] | INFO | meta_classifier_renewed.model_trainers.meta_trainer | Ep [007/500] T-Acc:  54.5%  V-Acc:  40.0%  V-AUROC: 0.4800  LR: 1.00e-04
2026-06-29 16:18:17,521 | [META-RNW] | INFO | meta_classifier_renewed.model_trainers.meta_trainer |   ↳ new best AUROC; saved checkpoint: /home/leggo/AIResearch/VOGBasedMCIDetectionSystemMobileViTSingleExperimentInference/outputs/checkpoints/run_20260629_161150_meta_renewed_t37/fold_23_best.pth
2026-06-29 16:18:17,875 | [META-RNW] | INFO | meta_classifier_renewed.model_trainers.meta_trainer | Ep [008/500] T-Acc:  68.2%  V-Acc:  50.0%  V-AUROC: 0.4400  LR: 1.00e-04
2026-06-29 16:18:18,253 | [META-RNW] | INFO | meta_classifier_renewed.model_trainers.meta_trainer | Ep [009/500] T-Acc:  68.2%  V-Acc:  50.0%  V-AUROC: 0.4400  LR: 1.00e-04
2026-06-29 16:18:18,634 | [META-RNW] | INFO | meta_classifier_renewed.model_trainers.meta_trainer | Ep [010/500] T-Acc:  72.7%  V-Acc:  40.0%  V-AUROC: 0.4800  LR: 1.00e-04
2026-06-29 16:18:18,999 | [META-RNW] | INFO | meta_classifier_renewed.model_trainers.meta_trainer | Ep [011/500] T-Acc:  63.6%  V-Acc:  50.0%  V-AUROC: 0.5200  LR: 1.00e-04
2026-06-29 16:18:19,111 | [META-RNW] | INFO | meta_classifier_renewed.model_trainers.meta_trainer |   ↳ new best AUROC; saved checkpoint: /home/leggo/AIResearch/VOGBasedMCIDetectionSystemMobileViTSingleExperimentInference/outputs/checkpoints/run_20260629_161150_meta_renewed_t37/fold_23_best.pth
2026-06-29 16:18:19,471 | [META-RNW] | INFO | meta_classifier_renewed.model_trainers.meta_trainer | Ep [012/500] T-Acc:  68.2%  V-Acc:  40.0%  V-AUROC: 0.5200  LR: 1.00e-04
2026-06-29 16:18:19,881 | [META-RNW] | INFO | meta_classifier_renewed.model_trainers.meta_trainer | Ep [013/500] T-Acc:  72.7%  V-Acc:  40.0%  V-AUROC: 0.5200  LR: 1.00e-04
2026-06-29 16:18:20,310 | [META-RNW] | INFO | meta_classifier_renewed.model_trainers.meta_trainer | Ep [014/500] T-Acc:  72.7%  V-Acc:  70.0%  V-AUROC: 0.5200  LR: 1.00e-04
2026-06-29 16:18:20,705 | [META-RNW] | INFO | meta_classifier_renewed.model_trainers.meta_trainer | Ep [015/500] T-Acc:  72.7%  V-Acc:  60.0%  V-AUROC: 0.5200  LR: 1.00e-04
2026-06-29 16:18:21,102 | [META-RNW] | INFO | meta_classifier_renewed.model_trainers.meta_trainer | Ep [016/500] T-Acc:  86.4%  V-Acc:  40.0%  V-AUROC: 0.5200  LR: 1.00e-04
2026-06-29 16:18:21,535 | [META-RNW] | INFO | meta_classifier_renewed.model_trainers.meta_trainer | Ep [017/500] T-Acc:  90.9%  V-Acc:  40.0%  V-AUROC: 0.5200  LR: 1.00e-04
2026-06-29 16:18:21,965 | [META-RNW] | INFO | meta_classifier_renewed.model_trainers.meta_trainer | Ep [018/500] T-Acc:  81.8%  V-Acc:  40.0%  V-AUROC: 0.5200  LR: 1.00e-04
2026-06-29 16:18:22,379 | [META-RNW] | INFO | meta_classifier_renewed.model_trainers.meta_trainer | Ep [019/500] T-Acc:  81.8%  V-Acc:  40.0%  V-AUROC: 0.5200  LR: 1.00e-04
2026-06-29 16:18:22,782 | [META-RNW] | INFO | meta_classifier_renewed.model_trainers.meta_trainer | Ep [020/500] T-Acc:  90.9%  V-Acc:  40.0%  V-AUROC: 0.5200  LR: 1.00e-04
2026-06-29 16:18:23,219 | [META-RNW] | INFO | meta_classifier_renewed.model_trainers.meta_trainer | Ep [021/500] T-Acc:  81.8%  V-Acc:  40.0%  V-AUROC: 0.5600  LR: 1.00e-04
2026-06-29 16:18:23,339 | [META-RNW] | INFO | meta_classifier_renewed.model_trainers.meta_trainer |   ↳ new best AUROC; saved checkpoint: /home/leggo/AIResearch/VOGBasedMCIDetectionSystemMobileViTSingleExperimentInference/outputs/checkpoints/run_20260629_161150_meta_renewed_t37/fold_23_best.pth
2026-06-29 16:18:23,696 | [META-RNW] | INFO | meta_classifier_renewed.model_trainers.meta_trainer | Ep [022/500] T-Acc:  72.7%  V-Acc:  40.0%  V-AUROC: 0.5600  LR: 1.00e-04
2026-06-29 16:18:24,042 | [META-RNW] | INFO | meta_classifier_renewed.model_trainers.meta_trainer | Ep [023/500] T-Acc:  81.8%  V-Acc:  40.0%  V-AUROC: 0.5200  LR: 1.00e-04
2026-06-29 16:18:24,401 | [META-RNW] | INFO | meta_classifier_renewed.model_trainers.meta_trainer | Ep [024/500] T-Acc:  95.5%  V-Acc:  40.0%  V-AUROC: 0.4800  LR: 1.00e-04
2026-06-29 16:18:24,761 | [META-RNW] | INFO | meta_classifier_renewed.model_trainers.meta_trainer | Ep [025/500] T-Acc:  95.5%  V-Acc:  50.0%  V-AUROC: 0.4800  LR: 1.00e-04
2026-06-29 16:18:25,122 | [META-RNW] | INFO | meta_classifier_renewed.model_trainers.meta_trainer | Ep [026/500] T-Acc:  86.4%  V-Acc:  50.0%  V-AUROC: 0.4800  LR: 1.00e-04
2026-06-29 16:18:25,490 | [META-RNW] | INFO | meta_classifier_renewed.model_trainers.meta_trainer | Ep [027/500] T-Acc:  95.5%  V-Acc:  50.0%  V-AUROC: 0.4400  LR: 1.00e-04
2026-06-29 16:18:25,845 | [META-RNW] | INFO | meta_classifier_renewed.model_trainers.meta_trainer | Ep [028/500] T-Acc:  95.5%  V-Acc:  40.0%  V-AUROC: 0.4800  LR: 1.00e-04
2026-06-29 16:18:26,187 | [META-RNW] | INFO | meta_classifier_renewed.model_trainers.meta_trainer | Ep [029/500] T-Acc:  95.5%  V-Acc:  40.0%  V-AUROC: 0.4400  LR: 1.00e-04
2026-06-29 16:18:26,548 | [META-RNW] | INFO | meta_classifier_renewed.model_trainers.meta_trainer | Ep [030/500] T-Acc:  95.5%  V-Acc:  40.0%  V-AUROC: 0.4000  LR: 1.00e-04
2026-06-29 16:18:26,912 | [META-RNW] | INFO | meta_classifier_renewed.model_trainers.meta_trainer | Ep [031/500] T-Acc:  95.5%  V-Acc:  50.0%  V-AUROC: 0.4400  LR: 1.00e-04
2026-06-29 16:18:27,274 | [META-RNW] | INFO | meta_classifier_renewed.model_trainers.meta_trainer | Ep [032/500] T-Acc: 100.0%  V-Acc:  50.0%  V-AUROC: 0.4400  LR: 1.00e-04
2026-06-29 16:18:27,640 | [META-RNW] | INFO | meta_classifier_renewed.model_trainers.meta_trainer | Ep [033/500] T-Acc:  95.5%  V-Acc:  40.0%  V-AUROC: 0.4800  LR: 2.00e-05
2026-06-29 16:18:28,004 | [META-RNW] | INFO | meta_classifier_renewed.model_trainers.meta_trainer | Ep [034/500] T-Acc: 100.0%  V-Acc:  40.0%  V-AUROC: 0.4800  LR: 2.00e-05
2026-06-29 16:18:28,376 | [META-RNW] | INFO | meta_classifier_renewed.model_trainers.meta_trainer | Ep [035/500] T-Acc: 100.0%  V-Acc:  40.0%  V-AUROC: 0.4800  LR: 2.00e-05
2026-06-29 16:18:28,729 | [META-RNW] | INFO | meta_classifier_renewed.model_trainers.meta_trainer | Ep [036/500] T-Acc:  95.5%  V-Acc:  40.0%  V-AUROC: 0.4800  LR: 2.00e-05
2026-06-29 16:18:29,063 | [META-RNW] | INFO | meta_classifier_renewed.model_trainers.meta_trainer | Ep [037/500] T-Acc:  95.5%  V-Acc:  40.0%  V-AUROC: 0.4800  LR: 2.00e-05
2026-06-29 16:18:29,416 | [META-RNW] | INFO | meta_classifier_renewed.model_trainers.meta_trainer | Ep [038/500] T-Acc: 100.0%  V-Acc:  40.0%  V-AUROC: 0.4800  LR: 2.00e-05
2026-06-29 16:18:29,745 | [META-RNW] | INFO | meta_classifier_renewed.model_trainers.meta_trainer | Ep [039/500] T-Acc: 100.0%  V-Acc:  40.0%  V-AUROC: 0.4800  LR: 2.00e-05
2026-06-29 16:18:30,085 | [META-RNW] | INFO | meta_classifier_renewed.model_trainers.meta_trainer | Ep [040/500] T-Acc: 100.0%  V-Acc:  40.0%  V-AUROC: 0.4800  LR: 2.00e-05
2026-06-29 16:18:30,465 | [META-RNW] | INFO | meta_classifier_renewed.model_trainers.meta_trainer | Ep [041/500] T-Acc: 100.0%  V-Acc:  40.0%  V-AUROC: 0.5200  LR: 2.00e-05
2026-06-29 16:18:30,805 | [META-RNW] | INFO | meta_classifier_renewed.model_trainers.meta_trainer | Ep [042/500] T-Acc: 100.0%  V-Acc:  40.0%  V-AUROC: 0.5200  LR: 2.00e-05
2026-06-29 16:18:31,141 | [META-RNW] | INFO | meta_classifier_renewed.model_trainers.meta_trainer | Ep [043/500] T-Acc:  95.5%  V-Acc:  50.0%  V-AUROC: 0.5200  LR: 2.00e-05
2026-06-29 16:18:31,479 | [META-RNW] | INFO | meta_classifier_renewed.model_trainers.meta_trainer | Ep [044/500] T-Acc: 100.0%  V-Acc:  40.0%  V-AUROC: 0.5200  LR: 4.00e-06
2026-06-29 16:18:31,840 | [META-RNW] | INFO | meta_classifier_renewed.model_trainers.meta_trainer | Ep [045/500] T-Acc: 100.0%  V-Acc:  50.0%  V-AUROC: 0.5200  LR: 4.00e-06
2026-06-29 16:18:32,223 | [META-RNW] | INFO | meta_classifier_renewed.model_trainers.meta_trainer | Ep [046/500] T-Acc: 100.0%  V-Acc:  40.0%  V-AUROC: 0.5200  LR: 4.00e-06
2026-06-29 16:18:32,624 | [META-RNW] | INFO | meta_classifier_renewed.model_trainers.meta_trainer | Ep [047/500] T-Acc: 100.0%  V-Acc:  50.0%  V-AUROC: 0.5200  LR: 4.00e-06
2026-06-29 16:18:32,962 | [META-RNW] | INFO | meta_classifier_renewed.model_trainers.meta_trainer | Ep [048/500] T-Acc:  90.9%  V-Acc:  40.0%  V-AUROC: 0.5200  LR: 4.00e-06
2026-06-29 16:18:33,328 | [META-RNW] | INFO | meta_classifier_renewed.model_trainers.meta_trainer | Ep [049/500] T-Acc:  95.5%  V-Acc:  50.0%  V-AUROC: 0.5200  LR: 4.00e-06
2026-06-29 16:18:33,724 | [META-RNW] | INFO | meta_classifier_renewed.model_trainers.meta_trainer | Ep [050/500] T-Acc: 100.0%  V-Acc:  50.0%  V-AUROC: 0.5200  LR: 4.00e-06
2026-06-29 16:18:34,064 | [META-RNW] | INFO | meta_classifier_renewed.model_trainers.meta_trainer | Ep [051/500] T-Acc:  95.5%  V-Acc:  50.0%  V-AUROC: 0.5200  LR: 4.00e-06
2026-06-29 16:18:34,065 | [META-RNW] | INFO | meta_classifier_renewed.model_trainers.meta_trainer | Early stop — best AUROC 0.5600 at epoch 21 (no improvement for 30 epochs)
2026-06-29 16:18:34,065 | [META-RNW] | INFO | meta_classifier_renewed.model_trainers.meta_trainer | Done. Best AUROC: 0.5600 (epoch 21)
2026-06-29 16:18:34,221 | [META-RNW] | INFO | meta_classifier_renewed.model_trainers.meta_trainer | Restored best-AUROC checkpoint into model (epoch 21, AUROC 0.5600).
2026-06-29 16:18:34,331 | [META-RNW] | INFO | meta_classifier_renewed.evaluators.monte_carlo_evaluator | -> Fold 24 Result | Acc=0.400 Sens=0.200 Spec=0.600 AUROC=0.560 (Fixed Threshold: 0.5)
2026-06-29 16:18:34,341 | [META-RNW] | INFO | meta_classifier_renewed.evaluators.monte_carlo_evaluator | === Fold 25/30 | train: 22 subj | test: 10 subj ===
2026-06-29 16:18:34,356 | [META-RNW] | INFO | meta_classifier_renewed.model_trainers.meta_trainer | Device: cuda | max_epochs=500 | batch=8 | es_patience=30 | lr=1e-04 | wd=1e-02
2026-06-29 16:18:34,358 | [META-RNW] | INFO | meta_classifier_renewed.model_trainers.meta_trainer | CE weights — HC: 1.000  MCI: 1.000
2026-06-29 16:18:34,740 | [META-RNW] | INFO | meta_classifier_renewed.model_trainers.meta_trainer | Ep [001/500] T-Acc:  50.0%  V-Acc:  70.0%  V-AUROC: 0.8095  LR: 2.00e-05
2026-06-29 16:18:34,839 | [META-RNW] | INFO | meta_classifier_renewed.model_trainers.meta_trainer |   ↳ new best AUROC; saved checkpoint: /home/leggo/AIResearch/VOGBasedMCIDetectionSystemMobileViTSingleExperimentInference/outputs/checkpoints/run_20260629_161150_meta_renewed_t37/fold_24_best.pth
2026-06-29 16:18:35,224 | [META-RNW] | INFO | meta_classifier_renewed.model_trainers.meta_trainer | Ep [002/500] T-Acc:  40.9%  V-Acc:  70.0%  V-AUROC: 0.5238  LR: 4.00e-05
2026-06-29 16:18:35,591 | [META-RNW] | INFO | meta_classifier_renewed.model_trainers.meta_trainer | Ep [003/500] T-Acc:  63.6%  V-Acc:  70.0%  V-AUROC: 0.4762  LR: 6.00e-05
2026-06-29 16:18:36,076 | [META-RNW] | INFO | meta_classifier_renewed.model_trainers.meta_trainer | Ep [004/500] T-Acc:  54.5%  V-Acc:  40.0%  V-AUROC: 0.3333  LR: 8.00e-05
2026-06-29 16:18:36,464 | [META-RNW] | INFO | meta_classifier_renewed.model_trainers.meta_trainer | Ep [005/500] T-Acc:  50.0%  V-Acc:  20.0%  V-AUROC: 0.2857  LR: 1.00e-04
2026-06-29 16:18:36,846 | [META-RNW] | INFO | meta_classifier_renewed.model_trainers.meta_trainer | Ep [006/500] T-Acc:  54.5%  V-Acc:  40.0%  V-AUROC: 0.2857  LR: 1.00e-04
2026-06-29 16:18:37,253 | [META-RNW] | INFO | meta_classifier_renewed.model_trainers.meta_trainer | Ep [007/500] T-Acc:  54.5%  V-Acc:  30.0%  V-AUROC: 0.3333  LR: 1.00e-04
2026-06-29 16:18:37,602 | [META-RNW] | INFO | meta_classifier_renewed.model_trainers.meta_trainer | Ep [008/500] T-Acc:  59.1%  V-Acc:  40.0%  V-AUROC: 0.4762  LR: 1.00e-04
2026-06-29 16:18:37,970 | [META-RNW] | INFO | meta_classifier_renewed.model_trainers.meta_trainer | Ep [009/500] T-Acc:  59.1%  V-Acc:  60.0%  V-AUROC: 0.6667  LR: 1.00e-04
2026-06-29 16:18:38,315 | [META-RNW] | INFO | meta_classifier_renewed.model_trainers.meta_trainer | Ep [010/500] T-Acc:  68.2%  V-Acc:  80.0%  V-AUROC: 0.6667  LR: 1.00e-04
2026-06-29 16:18:38,699 | [META-RNW] | INFO | meta_classifier_renewed.model_trainers.meta_trainer | Ep [011/500] T-Acc:  54.5%  V-Acc:  90.0%  V-AUROC: 0.7619  LR: 1.00e-04
2026-06-29 16:18:39,089 | [META-RNW] | INFO | meta_classifier_renewed.model_trainers.meta_trainer | Ep [012/500] T-Acc:  77.3%  V-Acc:  70.0%  V-AUROC: 0.7619  LR: 1.00e-04
2026-06-29 16:18:39,453 | [META-RNW] | INFO | meta_classifier_renewed.model_trainers.meta_trainer | Ep [013/500] T-Acc:  63.6%  V-Acc:  50.0%  V-AUROC: 0.7619  LR: 1.00e-04
2026-06-29 16:18:39,846 | [META-RNW] | INFO | meta_classifier_renewed.model_trainers.meta_trainer | Ep [014/500] T-Acc:  59.1%  V-Acc:  60.0%  V-AUROC: 0.7619  LR: 1.00e-04
2026-06-29 16:18:40,238 | [META-RNW] | INFO | meta_classifier_renewed.model_trainers.meta_trainer | Ep [015/500] T-Acc:  86.4%  V-Acc:  60.0%  V-AUROC: 0.7619  LR: 1.00e-04
2026-06-29 16:18:40,628 | [META-RNW] | INFO | meta_classifier_renewed.model_trainers.meta_trainer | Ep [016/500] T-Acc:  81.8%  V-Acc:  60.0%  V-AUROC: 0.7619  LR: 1.00e-04
2026-06-29 16:18:41,027 | [META-RNW] | INFO | meta_classifier_renewed.model_trainers.meta_trainer | Ep [017/500] T-Acc:  81.8%  V-Acc:  60.0%  V-AUROC: 0.8095  LR: 1.00e-04
2026-06-29 16:18:41,418 | [META-RNW] | INFO | meta_classifier_renewed.model_trainers.meta_trainer | Ep [018/500] T-Acc:  63.6%  V-Acc:  70.0%  V-AUROC: 0.8571  LR: 1.00e-04
2026-06-29 16:18:41,530 | [META-RNW] | INFO | meta_classifier_renewed.model_trainers.meta_trainer |   ↳ new best AUROC; saved checkpoint: /home/leggo/AIResearch/VOGBasedMCIDetectionSystemMobileViTSingleExperimentInference/outputs/checkpoints/run_20260629_161150_meta_renewed_t37/fold_24_best.pth
2026-06-29 16:18:41,925 | [META-RNW] | INFO | meta_classifier_renewed.model_trainers.meta_trainer | Ep [019/500] T-Acc:  86.4%  V-Acc:  70.0%  V-AUROC: 0.8571  LR: 1.00e-04
2026-06-29 16:18:42,301 | [META-RNW] | INFO | meta_classifier_renewed.model_trainers.meta_trainer | Ep [020/500] T-Acc:  77.3%  V-Acc:  60.0%  V-AUROC: 0.8571  LR: 1.00e-04
2026-06-29 16:18:42,656 | [META-RNW] | INFO | meta_classifier_renewed.model_trainers.meta_trainer | Ep [021/500] T-Acc:  86.4%  V-Acc:  60.0%  V-AUROC: 0.8571  LR: 1.00e-04
2026-06-29 16:18:43,011 | [META-RNW] | INFO | meta_classifier_renewed.model_trainers.meta_trainer | Ep [022/500] T-Acc:  77.3%  V-Acc:  60.0%  V-AUROC: 0.8571  LR: 1.00e-04
2026-06-29 16:18:43,380 | [META-RNW] | INFO | meta_classifier_renewed.model_trainers.meta_trainer | Ep [023/500] T-Acc:  68.2%  V-Acc:  60.0%  V-AUROC: 0.8571  LR: 1.00e-04
2026-06-29 16:18:43,774 | [META-RNW] | INFO | meta_classifier_renewed.model_trainers.meta_trainer | Ep [024/500] T-Acc:  90.9%  V-Acc:  60.0%  V-AUROC: 0.8571  LR: 1.00e-04
2026-06-29 16:18:44,136 | [META-RNW] | INFO | meta_classifier_renewed.model_trainers.meta_trainer | Ep [025/500] T-Acc:  86.4%  V-Acc:  70.0%  V-AUROC: 0.8571  LR: 1.00e-04
2026-06-29 16:18:44,541 | [META-RNW] | INFO | meta_classifier_renewed.model_trainers.meta_trainer | Ep [026/500] T-Acc:  90.9%  V-Acc:  60.0%  V-AUROC: 0.8571  LR: 1.00e-04
2026-06-29 16:18:45,009 | [META-RNW] | INFO | meta_classifier_renewed.model_trainers.meta_trainer | Ep [027/500] T-Acc:  77.3%  V-Acc:  60.0%  V-AUROC: 0.8095  LR: 1.00e-04
2026-06-29 16:18:45,437 | [META-RNW] | INFO | meta_classifier_renewed.model_trainers.meta_trainer | Ep [028/500] T-Acc:  86.4%  V-Acc:  60.0%  V-AUROC: 0.8095  LR: 1.00e-04
2026-06-29 16:18:45,834 | [META-RNW] | INFO | meta_classifier_renewed.model_trainers.meta_trainer | Ep [029/500] T-Acc:  90.9%  V-Acc:  60.0%  V-AUROC: 0.8095  LR: 1.00e-04
2026-06-29 16:18:46,243 | [META-RNW] | INFO | meta_classifier_renewed.model_trainers.meta_trainer | Ep [030/500] T-Acc:  81.8%  V-Acc:  60.0%  V-AUROC: 0.8095  LR: 2.00e-05
