2026-05-31 00:28:41,589 | [META    ] | INFO | __main__ | Run ID: 20260531_002841_meta | dropout=0.50 | patience=40 | per_task_proj=16 | fc_hidden=128 | gate=True | lr=1e-04 | wd=1e-02
2026-05-31 00:28:41,590 | [META    ] | INFO | __main__ | Log file: /home/leggo/AIResearch/VOGBasedMCIDetectionSystemMobileViTSingleExperimentInference/outputs/logs/run_20260531_002841_meta.log
2026-05-31 00:28:41,591 | [META    ] | INFO | __main__ | Loading 8-task VOG tensors from: /home/leggo/AIResearch/VOGBasedMCIDetectionSystemMobileViTSingleExperimentInference/data
2026-05-31 00:28:41,757 | [META    ] | INFO | full_experiments_using.data_processor.data_engineering | Loaded preprocessed data_store from cache: /home/leggo/AIResearch/VOGBasedMCIDetectionSystemMobileViTSingleExperimentInference/outputs/cache/data_store_full.pkl (5736 epochs)
2026-05-31 00:28:41,876 | [META    ] | INFO | __main__ | Subject bundles built: 37  (bundle shape = (37, 8, 20, 4, 32, 32))
2026-05-31 00:28:42,009 | [META    ] | INFO | meta_classifier_using.evaluators.monte_carlo_evaluator | Meta-classifier MC Group CV — 30 folds | device=cuda | per_task_proj=16 | fc_hidden=128 | dropout=0.50 | gate=True | lr=1e-04 | wd=1e-02
2026-05-31 00:28:42,009 | [META    ] | INFO | meta_classifier_using.evaluators.monte_carlo_evaluator | Loading shared MobileViT-small backbone (one-time)...
2026-05-31 00:28:42,471 | [META    ] | INFO | httpx | HTTP Request: HEAD https://huggingface.co/apple/mobilevit-small/resolve/main/config.json "HTTP/1.1 307 Temporary Redirect"
2026-05-31 00:28:42,486 | [META    ] | INFO | httpx | HTTP Request: HEAD https://huggingface.co/api/resolve-cache/models/apple/mobilevit-small/6c8612545dc98676d27bc518fa521d9e9af23e34/config.json "HTTP/1.1 200 OK"
2026-05-31 00:28:42,725 | [META    ] | INFO | httpx | HTTP Request: HEAD https://huggingface.co/apple/mobilevit-small/resolve/main/model.safetensors "HTTP/1.1 404 Not Found"
2026-05-31 00:28:42,937 | [META    ] | INFO | httpx | HTTP Request: HEAD https://huggingface.co/apple/mobilevit-small/resolve/main/model.safetensors.index.json "HTTP/1.1 404 Not Found"
2026-05-31 00:28:43,170 | [META    ] | INFO | httpx | HTTP Request: HEAD https://huggingface.co/apple/mobilevit-small/resolve/main/pytorch_model.bin "HTTP/1.1 302 Found"
2026-05-31 00:28:43,391 | [META    ] | INFO | httpx | HTTP Request: HEAD https://huggingface.co/apple/mobilevit-small/resolve/main/model.safetensors "HTTP/1.1 404 Not Found"
2026-05-31 00:28:43,641 | [META    ] | INFO | httpx | HTTP Request: GET https://huggingface.co/api/models/apple/mobilevit-small "HTTP/1.1 200 OK"
2026-05-31 00:28:43,902 | [META    ] | INFO | httpx | HTTP Request: GET https://huggingface.co/api/models/apple/mobilevit-small/commits/main "HTTP/1.1 200 OK"
2026-05-31 00:28:43,989 | [META    ] | INFO | meta_classifier_using.evaluators.monte_carlo_evaluator | Shared backbone ready on cuda.
2026-05-31 00:28:43,991 | [META    ] | INFO | meta_classifier_using.evaluators.monte_carlo_evaluator | === Fold 01/30 | train: 25 subj | test: 12 subj ===
2026-05-31 00:28:44,117 | [META    ] | INFO | httpx | HTTP Request: GET https://huggingface.co/api/models/apple/mobilevit-small/discussions?p=0 "HTTP/1.1 200 OK"
2026-05-31 00:28:44,196 | [META    ] | INFO | meta_classifier_using.model_trainers.meta_trainer | Device: cuda | max_epochs=500 | batch=2 | es_patience=40 | lr=1e-04 | wd=1e-02
2026-05-31 00:28:44,197 | [META    ] | INFO | meta_classifier_using.model_trainers.meta_trainer | CE weights — HC: 1.250  MCI: 0.833
2026-05-31 00:28:44,346 | [META    ] | INFO | httpx | HTTP Request: GET https://huggingface.co/api/models/apple/mobilevit-small/commits/refs%2Fpr%2F6 "HTTP/1.1 200 OK"
2026-05-31 00:28:44,557 | [META    ] | INFO | httpx | HTTP Request: HEAD https://huggingface.co/apple/mobilevit-small/resolve/refs%2Fpr%2F6/model.safetensors.index.json "HTTP/1.1 404 Not Found"
2026-05-31 00:28:44,786 | [META    ] | INFO | httpx | HTTP Request: HEAD https://huggingface.co/apple/mobilevit-small/resolve/refs%2Fpr%2F6/model.safetensors "HTTP/1.1 302 Found"
2026-05-31 00:29:26,141 | [META    ] | INFO | meta_classifier_using.model_trainers.meta_trainer | Ep [001/500] T-Acc:  44.0%  V-Acc:  58.3%  V-AUROC: 0.5938  LR: 2.00e-05
2026-05-31 00:29:26,409 | [META    ] | INFO | meta_classifier_using.model_trainers.meta_trainer |   ↳ new best AUROC; saved checkpoint: /home/leggo/AIResearch/VOGBasedMCIDetectionSystemMobileViTSingleExperimentInference/outputs/checkpoints/run_20260531_002841_meta/fold_00_best.pth
2026-05-31 00:29:56,709 | [META    ] | INFO | meta_classifier_using.model_trainers.meta_trainer | Ep [002/500] T-Acc:  84.0%  V-Acc:  83.3%  V-AUROC: 0.8125  LR: 4.00e-05
2026-05-31 00:29:58,496 | [META    ] | INFO | meta_classifier_using.model_trainers.meta_trainer |   ↳ new best AUROC; saved checkpoint: /home/leggo/AIResearch/VOGBasedMCIDetectionSystemMobileViTSingleExperimentInference/outputs/checkpoints/run_20260531_002841_meta/fold_00_best.pth
2026-05-31 00:30:28,516 | [META    ] | INFO | meta_classifier_using.model_trainers.meta_trainer | Ep [003/500] T-Acc: 100.0%  V-Acc:  91.7%  V-AUROC: 0.9062  LR: 6.00e-05
2026-05-31 00:30:30,664 | [META    ] | INFO | meta_classifier_using.model_trainers.meta_trainer |   ↳ new best AUROC; saved checkpoint: /home/leggo/AIResearch/VOGBasedMCIDetectionSystemMobileViTSingleExperimentInference/outputs/checkpoints/run_20260531_002841_meta/fold_00_best.pth
2026-05-31 00:31:00,740 | [META    ] | INFO | meta_classifier_using.model_trainers.meta_trainer | Ep [004/500] T-Acc:  96.0%  V-Acc:  91.7%  V-AUROC: 1.0000  LR: 8.00e-05
2026-05-31 00:31:02,660 | [META    ] | INFO | meta_classifier_using.model_trainers.meta_trainer |   ↳ new best AUROC; saved checkpoint: /home/leggo/AIResearch/VOGBasedMCIDetectionSystemMobileViTSingleExperimentInference/outputs/checkpoints/run_20260531_002841_meta/fold_00_best.pth
2026-05-31 00:31:32,551 | [META    ] | INFO | meta_classifier_using.model_trainers.meta_trainer | Ep [005/500] T-Acc:  92.0%  V-Acc:  91.7%  V-AUROC: 1.0000  LR: 1.00e-04
2026-05-31 00:32:02,410 | [META    ] | INFO | meta_classifier_using.model_trainers.meta_trainer | Ep [006/500] T-Acc:  96.0%  V-Acc:  91.7%  V-AUROC: 1.0000  LR: 1.00e-04
2026-05-31 00:32:32,197 | [META    ] | INFO | meta_classifier_using.model_trainers.meta_trainer | Ep [007/500] T-Acc: 100.0%  V-Acc:  91.7%  V-AUROC: 0.9688  LR: 1.00e-04
2026-05-31 00:33:02,026 | [META    ] | INFO | meta_classifier_using.model_trainers.meta_trainer | Ep [008/500] T-Acc: 100.0%  V-Acc:  91.7%  V-AUROC: 0.9375  LR: 1.00e-04
2026-05-31 00:33:31,919 | [META    ] | INFO | meta_classifier_using.model_trainers.meta_trainer | Ep [009/500] T-Acc: 100.0%  V-Acc:  91.7%  V-AUROC: 1.0000  LR: 1.00e-04
2026-05-31 00:34:01,711 | [META    ] | INFO | meta_classifier_using.model_trainers.meta_trainer | Ep [010/500] T-Acc: 100.0%  V-Acc:  91.7%  V-AUROC: 1.0000  LR: 1.00e-04
2026-05-31 00:34:31,587 | [META    ] | INFO | meta_classifier_using.model_trainers.meta_trainer | Ep [011/500] T-Acc: 100.0%  V-Acc:  91.7%  V-AUROC: 0.8438  LR: 1.00e-04
2026-05-31 00:35:01,385 | [META    ] | INFO | meta_classifier_using.model_trainers.meta_trainer | Ep [012/500] T-Acc: 100.0%  V-Acc:  91.7%  V-AUROC: 1.0000  LR: 1.00e-04
2026-05-31 00:35:31,241 | [META    ] | INFO | meta_classifier_using.model_trainers.meta_trainer | Ep [013/500] T-Acc: 100.0%  V-Acc:  91.7%  V-AUROC: 1.0000  LR: 1.00e-04
2026-05-31 00:36:01,157 | [META    ] | INFO | meta_classifier_using.model_trainers.meta_trainer | Ep [014/500] T-Acc:  96.0%  V-Acc:  91.7%  V-AUROC: 1.0000  LR: 1.00e-04
2026-05-31 00:36:31,087 | [META    ] | INFO | meta_classifier_using.model_trainers.meta_trainer | Ep [015/500] T-Acc: 100.0%  V-Acc:  91.7%  V-AUROC: 0.9688  LR: 1.00e-04
2026-05-31 00:37:00,940 | [META    ] | INFO | meta_classifier_using.model_trainers.meta_trainer | Ep [016/500] T-Acc: 100.0%  V-Acc:  91.7%  V-AUROC: 1.0000  LR: 1.00e-04
2026-05-31 00:37:30,755 | [META    ] | INFO | meta_classifier_using.model_trainers.meta_trainer | Ep [017/500] T-Acc: 100.0%  V-Acc:  91.7%  V-AUROC: 1.0000  LR: 1.00e-04
2026-05-31 00:38:00,542 | [META    ] | INFO | meta_classifier_using.model_trainers.meta_trainer | Ep [018/500] T-Acc: 100.0%  V-Acc:  91.7%  V-AUROC: 1.0000  LR: 2.00e-05
2026-05-31 00:38:30,442 | [META    ] | INFO | meta_classifier_using.model_trainers.meta_trainer | Ep [019/500] T-Acc: 100.0%  V-Acc:  91.7%  V-AUROC: 1.0000  LR: 2.00e-05
2026-05-31 00:39:00,277 | [META    ] | INFO | meta_classifier_using.model_trainers.meta_trainer | Ep [020/500] T-Acc: 100.0%  V-Acc:  91.7%  V-AUROC: 1.0000  LR: 2.00e-05
2026-05-31 00:39:30,048 | [META    ] | INFO | meta_classifier_using.model_trainers.meta_trainer | Ep [021/500] T-Acc: 100.0%  V-Acc:  91.7%  V-AUROC: 1.0000  LR: 2.00e-05
2026-05-31 00:39:59,894 | [META    ] | INFO | meta_classifier_using.model_trainers.meta_trainer | Ep [022/500] T-Acc: 100.0%  V-Acc:  91.7%  V-AUROC: 1.0000  LR: 2.00e-05
2026-05-31 00:40:29,735 | [META    ] | INFO | meta_classifier_using.model_trainers.meta_trainer | Ep [023/500] T-Acc: 100.0%  V-Acc:  91.7%  V-AUROC: 1.0000  LR: 2.00e-05
2026-05-31 00:40:59,618 | [META    ] | INFO | meta_classifier_using.model_trainers.meta_trainer | Ep [024/500] T-Acc: 100.0%  V-Acc:  91.7%  V-AUROC: 1.0000  LR: 2.00e-05
2026-05-31 00:41:29,484 | [META    ] | INFO | meta_classifier_using.model_trainers.meta_trainer | Ep [025/500] T-Acc: 100.0%  V-Acc:  91.7%  V-AUROC: 1.0000  LR: 2.00e-05
2026-05-31 00:41:59,330 | [META    ] | INFO | meta_classifier_using.model_trainers.meta_trainer | Ep [026/500] T-Acc: 100.0%  V-Acc:  91.7%  V-AUROC: 1.0000  LR: 2.00e-05
2026-05-31 00:42:29,175 | [META    ] | INFO | meta_classifier_using.model_trainers.meta_trainer | Ep [027/500] T-Acc: 100.0%  V-Acc:  91.7%  V-AUROC: 1.0000  LR: 2.00e-05
2026-05-31 00:42:59,036 | [META    ] | INFO | meta_classifier_using.model_trainers.meta_trainer | Ep [028/500] T-Acc: 100.0%  V-Acc:  91.7%  V-AUROC: 1.0000  LR: 2.00e-05
2026-05-31 00:43:28,882 | [META    ] | INFO | meta_classifier_using.model_trainers.meta_trainer | Ep [029/500] T-Acc: 100.0%  V-Acc:  91.7%  V-AUROC: 1.0000  LR: 4.00e-06
2026-05-31 00:43:58,743 | [META    ] | INFO | meta_classifier_using.model_trainers.meta_trainer | Ep [030/500] T-Acc: 100.0%  V-Acc:  91.7%  V-AUROC: 1.0000  LR: 4.00e-06
2026-05-31 00:44:28,592 | [META    ] | INFO | meta_classifier_using.model_trainers.meta_trainer | Ep [031/500] T-Acc: 100.0%  V-Acc:  91.7%  V-AUROC: 1.0000  LR: 4.00e-06
2026-05-31 00:44:58,466 | [META    ] | INFO | meta_classifier_using.model_trainers.meta_trainer | Ep [032/500] T-Acc: 100.0%  V-Acc:  91.7%  V-AUROC: 1.0000  LR: 4.00e-06
2026-05-31 00:45:28,308 | [META    ] | INFO | meta_classifier_using.model_trainers.meta_trainer | Ep [033/500] T-Acc: 100.0%  V-Acc:  91.7%  V-AUROC: 1.0000  LR: 4.00e-06
2026-05-31 00:45:58,187 | [META    ] | INFO | meta_classifier_using.model_trainers.meta_trainer | Ep [034/500] T-Acc: 100.0%  V-Acc:  91.7%  V-AUROC: 1.0000  LR: 4.00e-06
2026-05-31 00:46:28,094 | [META    ] | INFO | meta_classifier_using.model_trainers.meta_trainer | Ep [035/500] T-Acc: 100.0%  V-Acc:  91.7%  V-AUROC: 1.0000  LR: 4.00e-06
2026-05-31 00:46:57,967 | [META    ] | INFO | meta_classifier_using.model_trainers.meta_trainer | Ep [036/500] T-Acc: 100.0%  V-Acc:  91.7%  V-AUROC: 1.0000  LR: 4.00e-06
2026-05-31 00:47:27,803 | [META    ] | INFO | meta_classifier_using.model_trainers.meta_trainer | Ep [037/500] T-Acc: 100.0%  V-Acc:  91.7%  V-AUROC: 1.0000  LR: 4.00e-06
2026-05-31 00:47:57,679 | [META    ] | INFO | meta_classifier_using.model_trainers.meta_trainer | Ep [038/500] T-Acc: 100.0%  V-Acc:  91.7%  V-AUROC: 1.0000  LR: 4.00e-06
2026-05-31 00:48:27,554 | [META    ] | INFO | meta_classifier_using.model_trainers.meta_trainer | Ep [039/500] T-Acc: 100.0%  V-Acc:  91.7%  V-AUROC: 1.0000  LR: 4.00e-06
2026-05-31 00:48:57,451 | [META    ] | INFO | meta_classifier_using.model_trainers.meta_trainer | Ep [040/500] T-Acc: 100.0%  V-Acc:  91.7%  V-AUROC: 1.0000  LR: 1.00e-06
2026-05-31 00:49:27,318 | [META    ] | INFO | meta_classifier_using.model_trainers.meta_trainer | Ep [041/500] T-Acc: 100.0%  V-Acc:  91.7%  V-AUROC: 1.0000  LR: 1.00e-06
2026-05-31 00:49:57,162 | [META    ] | INFO | meta_classifier_using.model_trainers.meta_trainer | Ep [042/500] T-Acc: 100.0%  V-Acc:  91.7%  V-AUROC: 1.0000  LR: 1.00e-06
2026-05-31 00:50:26,951 | [META    ] | INFO | meta_classifier_using.model_trainers.meta_trainer | Ep [043/500] T-Acc: 100.0%  V-Acc:  91.7%  V-AUROC: 1.0000  LR: 1.00e-06
2026-05-31 00:50:56,834 | [META    ] | INFO | meta_classifier_using.model_trainers.meta_trainer | Ep [044/500] T-Acc: 100.0%  V-Acc:  91.7%  V-AUROC: 1.0000  LR: 1.00e-06
2026-05-31 00:50:56,834 | [META    ] | INFO | meta_classifier_using.model_trainers.meta_trainer | Early stop — best AUROC 1.0000 at epoch 4 (no improvement for 40 epochs)
2026-05-31 00:50:56,834 | [META    ] | INFO | meta_classifier_using.model_trainers.meta_trainer | Done. Best AUROC: 1.0000 (epoch 4)
2026-05-31 00:51:04,796 | [META    ] | INFO | meta_classifier_using.evaluators.monte_carlo_evaluator | -> Fold 01 Result | Acc=0.917 Sens=1.000 Spec=0.750 AUROC=0.938 | optimal_thresh=1.000
2026-05-31 00:51:06,859 | [META    ] | INFO | meta_classifier_using.evaluators.monte_carlo_evaluator | === Fold 02/30 | train: 25 subj | test: 12 subj ===
2026-05-31 00:51:07,029 | [META    ] | INFO | meta_classifier_using.model_trainers.meta_trainer | Device: cuda | max_epochs=500 | batch=2 | es_patience=40 | lr=1e-04 | wd=1e-02
2026-05-31 00:51:07,031 | [META    ] | INFO | meta_classifier_using.model_trainers.meta_trainer | CE weights — HC: 1.389  MCI: 0.781
2026-05-31 00:51:45,309 | [META    ] | INFO | meta_classifier_using.model_trainers.meta_trainer | Ep [001/500] T-Acc:  52.0%  V-Acc:  66.7%  V-AUROC: 1.0000  LR: 2.00e-05
2026-05-31 00:51:45,586 | [META    ] | INFO | meta_classifier_using.model_trainers.meta_trainer |   ↳ new best AUROC; saved checkpoint: /home/leggo/AIResearch/VOGBasedMCIDetectionSystemMobileViTSingleExperimentInference/outputs/checkpoints/run_20260531_002841_meta/fold_01_best.pth
2026-05-31 00:52:15,611 | [META    ] | INFO | meta_classifier_using.model_trainers.meta_trainer | Ep [002/500] T-Acc:  72.0%  V-Acc: 100.0%  V-AUROC: 1.0000  LR: 4.00e-05
2026-05-31 00:52:45,450 | [META    ] | INFO | meta_classifier_using.model_trainers.meta_trainer | Ep [003/500] T-Acc:  84.0%  V-Acc:  66.7%  V-AUROC: 1.0000  LR: 6.00e-05
2026-05-31 00:53:15,266 | [META    ] | INFO | meta_classifier_using.model_trainers.meta_trainer | Ep [004/500] T-Acc:  80.0%  V-Acc: 100.0%  V-AUROC: 1.0000  LR: 8.00e-05
2026-05-31 00:53:45,130 | [META    ] | INFO | meta_classifier_using.model_trainers.meta_trainer | Ep [005/500] T-Acc:  92.0%  V-Acc:  91.7%  V-AUROC: 1.0000  LR: 1.00e-04
2026-05-31 00:54:14,976 | [META    ] | INFO | meta_classifier_using.model_trainers.meta_trainer | Ep [006/500] T-Acc: 100.0%  V-Acc:  91.7%  V-AUROC: 1.0000  LR: 1.00e-04
2026-05-31 00:54:44,810 | [META    ] | INFO | meta_classifier_using.model_trainers.meta_trainer | Ep [007/500] T-Acc:  96.0%  V-Acc: 100.0%  V-AUROC: 1.0000  LR: 1.00e-04
2026-05-31 00:55:14,655 | [META    ] | INFO | meta_classifier_using.model_trainers.meta_trainer | Ep [008/500] T-Acc: 100.0%  V-Acc: 100.0%  V-AUROC: 1.0000  LR: 1.00e-04
2026-05-31 00:55:44,525 | [META    ] | INFO | meta_classifier_using.model_trainers.meta_trainer | Ep [009/500] T-Acc: 100.0%  V-Acc: 100.0%  V-AUROC: 1.0000  LR: 1.00e-04
2026-05-31 00:56:14,383 | [META    ] | INFO | meta_classifier_using.model_trainers.meta_trainer | Ep [010/500] T-Acc: 100.0%  V-Acc: 100.0%  V-AUROC: 1.0000  LR: 1.00e-04
2026-05-31 00:56:44,244 | [META    ] | INFO | meta_classifier_using.model_trainers.meta_trainer | Ep [011/500] T-Acc: 100.0%  V-Acc: 100.0%  V-AUROC: 1.0000  LR: 1.00e-04
2026-05-31 00:57:14,041 | [META    ] | INFO | meta_classifier_using.model_trainers.meta_trainer | Ep [012/500] T-Acc: 100.0%  V-Acc: 100.0%  V-AUROC: 1.0000  LR: 1.00e-04
2026-05-31 00:57:43,901 | [META    ] | INFO | meta_classifier_using.model_trainers.meta_trainer | Ep [013/500] T-Acc: 100.0%  V-Acc: 100.0%  V-AUROC: 1.0000  LR: 1.00e-04
2026-05-31 00:58:13,736 | [META    ] | INFO | meta_classifier_using.model_trainers.meta_trainer | Ep [014/500] T-Acc: 100.0%  V-Acc: 100.0%  V-AUROC: 1.0000  LR: 1.00e-04
2026-05-31 00:58:43,575 | [META    ] | INFO | meta_classifier_using.model_trainers.meta_trainer | Ep [015/500] T-Acc: 100.0%  V-Acc: 100.0%  V-AUROC: 1.0000  LR: 1.00e-04
2026-05-31 00:59:13,437 | [META    ] | INFO | meta_classifier_using.model_trainers.meta_trainer | Ep [016/500] T-Acc: 100.0%  V-Acc: 100.0%  V-AUROC: 1.0000  LR: 1.00e-04
2026-05-31 00:59:43,300 | [META    ] | INFO | meta_classifier_using.model_trainers.meta_trainer | Ep [017/500] T-Acc: 100.0%  V-Acc: 100.0%  V-AUROC: 1.0000  LR: 1.00e-04
2026-05-31 01:00:13,153 | [META    ] | INFO | meta_classifier_using.model_trainers.meta_trainer | Ep [018/500] T-Acc: 100.0%  V-Acc: 100.0%  V-AUROC: 1.0000  LR: 2.00e-05
2026-05-31 01:00:43,088 | [META    ] | INFO | meta_classifier_using.model_trainers.meta_trainer | Ep [019/500] T-Acc: 100.0%  V-Acc: 100.0%  V-AUROC: 1.0000  LR: 2.00e-05
2026-05-31 01:01:13,003 | [META    ] | INFO | meta_classifier_using.model_trainers.meta_trainer | Ep [020/500] T-Acc: 100.0%  V-Acc: 100.0%  V-AUROC: 1.0000  LR: 2.00e-05
2026-05-31 01:01:42,947 | [META    ] | INFO | meta_classifier_using.model_trainers.meta_trainer | Ep [021/500] T-Acc: 100.0%  V-Acc: 100.0%  V-AUROC: 1.0000  LR: 2.00e-05
2026-05-31 01:02:12,884 | [META    ] | INFO | meta_classifier_using.model_trainers.meta_trainer | Ep [022/500] T-Acc: 100.0%  V-Acc: 100.0%  V-AUROC: 1.0000  LR: 2.00e-05
2026-05-31 01:02:42,834 | [META    ] | INFO | meta_classifier_using.model_trainers.meta_trainer | Ep [023/500] T-Acc: 100.0%  V-Acc: 100.0%  V-AUROC: 1.0000  LR: 2.00e-05
2026-05-31 01:03:12,790 | [META    ] | INFO | meta_classifier_using.model_trainers.meta_trainer | Ep [024/500] T-Acc: 100.0%  V-Acc: 100.0%  V-AUROC: 1.0000  LR: 2.00e-05
2026-05-31 01:03:42,797 | [META    ] | INFO | meta_classifier_using.model_trainers.meta_trainer | Ep [025/500] T-Acc: 100.0%  V-Acc: 100.0%  V-AUROC: 1.0000  LR: 2.00e-05
2026-05-31 01:04:12,767 | [META    ] | INFO | meta_classifier_using.model_trainers.meta_trainer | Ep [026/500] T-Acc: 100.0%  V-Acc: 100.0%  V-AUROC: 1.0000  LR: 2.00e-05
2026-05-31 01:04:42,647 | [META    ] | INFO | meta_classifier_using.model_trainers.meta_trainer | Ep [027/500] T-Acc: 100.0%  V-Acc: 100.0%  V-AUROC: 1.0000  LR: 2.00e-05
2026-05-31 01:05:12,529 | [META    ] | INFO | meta_classifier_using.model_trainers.meta_trainer | Ep [028/500] T-Acc: 100.0%  V-Acc: 100.0%  V-AUROC: 1.0000  LR: 2.00e-05
2026-05-31 01:05:42,415 | [META    ] | INFO | meta_classifier_using.model_trainers.meta_trainer | Ep [029/500] T-Acc: 100.0%  V-Acc: 100.0%  V-AUROC: 1.0000  LR: 4.00e-06
2026-05-31 01:06:12,275 | [META    ] | INFO | meta_classifier_using.model_trainers.meta_trainer | Ep [030/500] T-Acc: 100.0%  V-Acc: 100.0%  V-AUROC: 1.0000  LR: 4.00e-06
2026-05-31 01:06:42,159 | [META    ] | INFO | meta_classifier_using.model_trainers.meta_trainer | Ep [031/500] T-Acc: 100.0%  V-Acc: 100.0%  V-AUROC: 1.0000  LR: 4.00e-06
2026-05-31 01:07:12,071 | [META    ] | INFO | meta_classifier_using.model_trainers.meta_trainer | Ep [032/500] T-Acc: 100.0%  V-Acc: 100.0%  V-AUROC: 1.0000  LR: 4.00e-06
2026-05-31 01:07:41,993 | [META    ] | INFO | meta_classifier_using.model_trainers.meta_trainer | Ep [033/500] T-Acc: 100.0%  V-Acc: 100.0%  V-AUROC: 1.0000  LR: 4.00e-06
2026-05-31 01:08:11,862 | [META    ] | INFO | meta_classifier_using.model_trainers.meta_trainer | Ep [034/500] T-Acc: 100.0%  V-Acc: 100.0%  V-AUROC: 1.0000  LR: 4.00e-06
2026-05-31 01:08:41,746 | [META    ] | INFO | meta_classifier_using.model_trainers.meta_trainer | Ep [035/500] T-Acc: 100.0%  V-Acc: 100.0%  V-AUROC: 1.0000  LR: 4.00e-06
2026-05-31 01:09:11,631 | [META    ] | INFO | meta_classifier_using.model_trainers.meta_trainer | Ep [036/500] T-Acc: 100.0%  V-Acc: 100.0%  V-AUROC: 1.0000  LR: 4.00e-06
2026-05-31 01:09:41,569 | [META    ] | INFO | meta_classifier_using.model_trainers.meta_trainer | Ep [037/500] T-Acc: 100.0%  V-Acc: 100.0%  V-AUROC: 1.0000  LR: 4.00e-06
2026-05-31 01:10:11,438 | [META    ] | INFO | meta_classifier_using.model_trainers.meta_trainer | Ep [038/500] T-Acc: 100.0%  V-Acc: 100.0%  V-AUROC: 1.0000  LR: 4.00e-06
2026-05-31 01:10:41,344 | [META    ] | INFO | meta_classifier_using.model_trainers.meta_trainer | Ep [039/500] T-Acc: 100.0%  V-Acc: 100.0%  V-AUROC: 1.0000  LR: 4.00e-06
2026-05-31 01:11:11,296 | [META    ] | INFO | meta_classifier_using.model_trainers.meta_trainer | Ep [040/500] T-Acc: 100.0%  V-Acc: 100.0%  V-AUROC: 1.0000  LR: 1.00e-06
2026-05-31 01:11:41,194 | [META    ] | INFO | meta_classifier_using.model_trainers.meta_trainer | Ep [041/500] T-Acc: 100.0%  V-Acc: 100.0%  V-AUROC: 1.0000  LR: 1.00e-06
2026-05-31 01:11:41,194 | [META    ] | INFO | meta_classifier_using.model_trainers.meta_trainer | Early stop — best AUROC 1.0000 at epoch 1 (no improvement for 40 epochs)
2026-05-31 01:11:41,194 | [META    ] | INFO | meta_classifier_using.model_trainers.meta_trainer | Done. Best AUROC: 1.0000 (epoch 1)
2026-05-31 01:11:49,092 | [META    ] | INFO | meta_classifier_using.evaluators.monte_carlo_evaluator | -> Fold 02 Result | Acc=1.000 Sens=1.000 Spec=1.000 AUROC=1.000 | optimal_thresh=1.000
2026-05-31 01:11:51,192 | [META    ] | INFO | meta_classifier_using.evaluators.monte_carlo_evaluator | === Fold 03/30 | train: 25 subj | test: 12 subj ===
2026-05-31 01:11:51,353 | [META    ] | INFO | meta_classifier_using.model_trainers.meta_trainer | Device: cuda | max_epochs=500 | batch=2 | es_patience=40 | lr=1e-04 | wd=1e-02
2026-05-31 01:11:51,355 | [META    ] | INFO | meta_classifier_using.model_trainers.meta_trainer | CE weights — HC: 1.786  MCI: 0.694
2026-05-31 01:12:29,635 | [META    ] | INFO | meta_classifier_using.model_trainers.meta_trainer | Ep [001/500] T-Acc:  48.0%  V-Acc:  41.7%  V-AUROC: 0.5429  LR: 2.00e-05
2026-05-31 01:12:29,913 | [META    ] | INFO | meta_classifier_using.model_trainers.meta_trainer |   ↳ new best AUROC; saved checkpoint: /home/leggo/AIResearch/VOGBasedMCIDetectionSystemMobileViTSingleExperimentInference/outputs/checkpoints/run_20260531_002841_meta/fold_02_best.pth
2026-05-31 01:12:59,834 | [META    ] | INFO | meta_classifier_using.model_trainers.meta_trainer | Ep [002/500] T-Acc:  72.0%  V-Acc:  41.7%  V-AUROC: 0.7714  LR: 4.00e-05
2026-05-31 01:13:00,868 | [META    ] | INFO | meta_classifier_using.model_trainers.meta_trainer |   ↳ new best AUROC; saved checkpoint: /home/leggo/AIResearch/VOGBasedMCIDetectionSystemMobileViTSingleExperimentInference/outputs/checkpoints/run_20260531_002841_meta/fold_02_best.pth
2026-05-31 01:13:30,798 | [META    ] | INFO | meta_classifier_using.model_trainers.meta_trainer | Ep [003/500] T-Acc:  72.0%  V-Acc:  41.7%  V-AUROC: 1.0000  LR: 6.00e-05
2026-05-31 01:13:32,054 | [META    ] | INFO | meta_classifier_using.model_trainers.meta_trainer |   ↳ new best AUROC; saved checkpoint: /home/leggo/AIResearch/VOGBasedMCIDetectionSystemMobileViTSingleExperimentInference/outputs/checkpoints/run_20260531_002841_meta/fold_02_best.pth
2026-05-31 01:14:01,993 | [META    ] | INFO | meta_classifier_using.model_trainers.meta_trainer | Ep [004/500] T-Acc:  84.0%  V-Acc:  83.3%  V-AUROC: 1.0000  LR: 8.00e-05
2026-05-31 01:14:31,854 | [META    ] | INFO | meta_classifier_using.model_trainers.meta_trainer | Ep [005/500] T-Acc:  92.0%  V-Acc:  91.7%  V-AUROC: 0.9714  LR: 1.00e-04
2026-05-31 01:15:01,720 | [META    ] | INFO | meta_classifier_using.model_trainers.meta_trainer | Ep [006/500] T-Acc:  96.0%  V-Acc:  83.3%  V-AUROC: 0.9714  LR: 1.00e-04
2026-05-31 01:15:31,576 | [META    ] | INFO | meta_classifier_using.model_trainers.meta_trainer | Ep [007/500] T-Acc:  96.0%  V-Acc:  83.3%  V-AUROC: 1.0000  LR: 1.00e-04
2026-05-31 01:16:01,401 | [META    ] | INFO | meta_classifier_using.model_trainers.meta_trainer | Ep [008/500] T-Acc:  92.0%  V-Acc: 100.0%  V-AUROC: 1.0000  LR: 1.00e-04
2026-05-31 01:16:31,209 | [META    ] | INFO | meta_classifier_using.model_trainers.meta_trainer | Ep [009/500] T-Acc: 100.0%  V-Acc: 100.0%  V-AUROC: 1.0000  LR: 1.00e-04
2026-05-31 01:17:01,032 | [META    ] | INFO | meta_classifier_using.model_trainers.meta_trainer | Ep [010/500] T-Acc: 100.0%  V-Acc: 100.0%  V-AUROC: 1.0000  LR: 1.00e-04
2026-05-31 01:17:30,830 | [META    ] | INFO | meta_classifier_using.model_trainers.meta_trainer | Ep [011/500] T-Acc:  96.0%  V-Acc: 100.0%  V-AUROC: 1.0000  LR: 1.00e-04
2026-05-31 01:18:00,649 | [META    ] | INFO | meta_classifier_using.model_trainers.meta_trainer | Ep [012/500] T-Acc: 100.0%  V-Acc: 100.0%  V-AUROC: 1.0000  LR: 1.00e-04
2026-05-31 01:18:30,479 | [META    ] | INFO | meta_classifier_using.model_trainers.meta_trainer | Ep [013/500] T-Acc: 100.0%  V-Acc: 100.0%  V-AUROC: 1.0000  LR: 1.00e-04
2026-05-31 01:19:00,318 | [META    ] | INFO | meta_classifier_using.model_trainers.meta_trainer | Ep [014/500] T-Acc: 100.0%  V-Acc: 100.0%  V-AUROC: 1.0000  LR: 1.00e-04
2026-05-31 01:19:30,156 | [META    ] | INFO | meta_classifier_using.model_trainers.meta_trainer | Ep [015/500] T-Acc: 100.0%  V-Acc: 100.0%  V-AUROC: 1.0000  LR: 1.00e-04
2026-05-31 01:20:00,088 | [META    ] | INFO | meta_classifier_using.model_trainers.meta_trainer | Ep [016/500] T-Acc: 100.0%  V-Acc:  91.7%  V-AUROC: 1.0000  LR: 1.00e-04
2026-05-31 01:20:30,004 | [META    ] | INFO | meta_classifier_using.model_trainers.meta_trainer | Ep [017/500] T-Acc: 100.0%  V-Acc: 100.0%  V-AUROC: 1.0000  LR: 1.00e-04
2026-05-31 01:20:59,918 | [META    ] | INFO | meta_classifier_using.model_trainers.meta_trainer | Ep [018/500] T-Acc: 100.0%  V-Acc: 100.0%  V-AUROC: 1.0000  LR: 1.00e-04
2026-05-31 01:21:29,817 | [META    ] | INFO | meta_classifier_using.model_trainers.meta_trainer | Ep [019/500] T-Acc: 100.0%  V-Acc: 100.0%  V-AUROC: 1.0000  LR: 2.00e-05
2026-05-31 01:21:59,721 | [META    ] | INFO | meta_classifier_using.model_trainers.meta_trainer | Ep [020/500] T-Acc: 100.0%  V-Acc: 100.0%  V-AUROC: 1.0000  LR: 2.00e-05
2026-05-31 01:22:29,628 | [META    ] | INFO | meta_classifier_using.model_trainers.meta_trainer | Ep [021/500] T-Acc: 100.0%  V-Acc: 100.0%  V-AUROC: 1.0000  LR: 2.00e-05
2026-05-31 01:22:59,577 | [META    ] | INFO | meta_classifier_using.model_trainers.meta_trainer | Ep [022/500] T-Acc: 100.0%  V-Acc: 100.0%  V-AUROC: 1.0000  LR: 2.00e-05
2026-05-31 01:23:29,462 | [META    ] | INFO | meta_classifier_using.model_trainers.meta_trainer | Ep [023/500] T-Acc: 100.0%  V-Acc: 100.0%  V-AUROC: 1.0000  LR: 2.00e-05
2026-05-31 01:23:59,314 | [META    ] | INFO | meta_classifier_using.model_trainers.meta_trainer | Ep [024/500] T-Acc: 100.0%  V-Acc: 100.0%  V-AUROC: 1.0000  LR: 2.00e-05
2026-05-31 01:24:29,196 | [META    ] | INFO | meta_classifier_using.model_trainers.meta_trainer | Ep [025/500] T-Acc: 100.0%  V-Acc: 100.0%  V-AUROC: 1.0000  LR: 2.00e-05
2026-05-31 01:24:59,091 | [META    ] | INFO | meta_classifier_using.model_trainers.meta_trainer | Ep [026/500] T-Acc:  96.0%  V-Acc: 100.0%  V-AUROC: 1.0000  LR: 2.00e-05
2026-05-31 01:25:29,024 | [META    ] | INFO | meta_classifier_using.model_trainers.meta_trainer | Ep [027/500] T-Acc: 100.0%  V-Acc: 100.0%  V-AUROC: 1.0000  LR: 2.00e-05
2026-05-31 01:25:58,901 | [META    ] | INFO | meta_classifier_using.model_trainers.meta_trainer | Ep [028/500] T-Acc: 100.0%  V-Acc: 100.0%  V-AUROC: 1.0000  LR: 2.00e-05
2026-05-31 01:26:28,791 | [META    ] | INFO | meta_classifier_using.model_trainers.meta_trainer | Ep [029/500] T-Acc: 100.0%  V-Acc: 100.0%  V-AUROC: 1.0000  LR: 2.00e-05
2026-05-31 01:26:58,726 | [META    ] | INFO | meta_classifier_using.model_trainers.meta_trainer | Ep [030/500] T-Acc: 100.0%  V-Acc: 100.0%  V-AUROC: 1.0000  LR: 4.00e-06
2026-05-31 01:27:28,644 | [META    ] | INFO | meta_classifier_using.model_trainers.meta_trainer | Ep [031/500] T-Acc: 100.0%  V-Acc: 100.0%  V-AUROC: 1.0000  LR: 4.00e-06
2026-05-31 01:27:58,526 | [META    ] | INFO | meta_classifier_using.model_trainers.meta_trainer | Ep [032/500] T-Acc: 100.0%  V-Acc: 100.0%  V-AUROC: 1.0000  LR: 4.00e-06
2026-05-31 01:28:28,454 | [META    ] | INFO | meta_classifier_using.model_trainers.meta_trainer | Ep [033/500] T-Acc: 100.0%  V-Acc: 100.0%  V-AUROC: 1.0000  LR: 4.00e-06
2026-05-31 01:28:58,370 | [META    ] | INFO | meta_classifier_using.model_trainers.meta_trainer | Ep [034/500] T-Acc: 100.0%  V-Acc: 100.0%  V-AUROC: 1.0000  LR: 4.00e-06
2026-05-31 01:29:28,257 | [META    ] | INFO | meta_classifier_using.model_trainers.meta_trainer | Ep [035/500] T-Acc: 100.0%  V-Acc: 100.0%  V-AUROC: 1.0000  LR: 4.00e-06
2026-05-31 01:29:58,201 | [META    ] | INFO | meta_classifier_using.model_trainers.meta_trainer | Ep [036/500] T-Acc: 100.0%  V-Acc: 100.0%  V-AUROC: 1.0000  LR: 4.00e-06
2026-05-31 01:30:28,122 | [META    ] | INFO | meta_classifier_using.model_trainers.meta_trainer | Ep [037/500] T-Acc: 100.0%  V-Acc: 100.0%  V-AUROC: 1.0000  LR: 4.00e-06
2026-05-31 01:30:58,022 | [META    ] | INFO | meta_classifier_using.model_trainers.meta_trainer | Ep [038/500] T-Acc: 100.0%  V-Acc: 100.0%  V-AUROC: 1.0000  LR: 4.00e-06
2026-05-31 01:31:27,946 | [META    ] | INFO | meta_classifier_using.model_trainers.meta_trainer | Ep [039/500] T-Acc: 100.0%  V-Acc: 100.0%  V-AUROC: 1.0000  LR: 4.00e-06
2026-05-31 01:31:57,847 | [META    ] | INFO | meta_classifier_using.model_trainers.meta_trainer | Ep [040/500] T-Acc: 100.0%  V-Acc: 100.0%  V-AUROC: 1.0000  LR: 4.00e-06
2026-05-31 01:32:27,744 | [META    ] | INFO | meta_classifier_using.model_trainers.meta_trainer | Ep [041/500] T-Acc: 100.0%  V-Acc: 100.0%  V-AUROC: 1.0000  LR: 1.00e-06
2026-05-31 01:32:57,701 | [META    ] | INFO | meta_classifier_using.model_trainers.meta_trainer | Ep [042/500] T-Acc: 100.0%  V-Acc: 100.0%  V-AUROC: 1.0000  LR: 1.00e-06
2026-05-31 01:33:27,582 | [META    ] | INFO | meta_classifier_using.model_trainers.meta_trainer | Ep [043/500] T-Acc: 100.0%  V-Acc: 100.0%  V-AUROC: 1.0000  LR: 1.00e-06
2026-05-31 01:33:27,583 | [META    ] | INFO | meta_classifier_using.model_trainers.meta_trainer | Early stop — best AUROC 1.0000 at epoch 3 (no improvement for 40 epochs)
2026-05-31 01:33:27,583 | [META    ] | INFO | meta_classifier_using.model_trainers.meta_trainer | Done. Best AUROC: 1.0000 (epoch 3)
2026-05-31 01:33:35,513 | [META    ] | INFO | meta_classifier_using.evaluators.monte_carlo_evaluator | -> Fold 03 Result | Acc=1.000 Sens=1.000 Spec=1.000 AUROC=1.000 | optimal_thresh=1.000
2026-05-31 01:33:37,573 | [META    ] | INFO | meta_classifier_using.evaluators.monte_carlo_evaluator | === Fold 04/30 | train: 25 subj | test: 12 subj ===
2026-05-31 01:33:37,735 | [META    ] | INFO | meta_classifier_using.model_trainers.meta_trainer | Device: cuda | max_epochs=500 | batch=2 | es_patience=40 | lr=1e-04 | wd=1e-02
2026-05-31 01:33:37,737 | [META    ] | INFO | meta_classifier_using.model_trainers.meta_trainer | CE weights — HC: 1.389  MCI: 0.781
2026-05-31 01:34:16,054 | [META    ] | INFO | meta_classifier_using.model_trainers.meta_trainer | Ep [001/500] T-Acc:  56.0%  V-Acc:  58.3%  V-AUROC: 0.9143  LR: 2.00e-05
2026-05-31 01:34:16,329 | [META    ] | INFO | meta_classifier_using.model_trainers.meta_trainer |   ↳ new best AUROC; saved checkpoint: /home/leggo/AIResearch/VOGBasedMCIDetectionSystemMobileViTSingleExperimentInference/outputs/checkpoints/run_20260531_002841_meta/fold_03_best.pth
2026-05-31 01:34:46,350 | [META    ] | INFO | meta_classifier_using.model_trainers.meta_trainer | Ep [002/500] T-Acc:  68.0%  V-Acc: 100.0%  V-AUROC: 1.0000  LR: 4.00e-05
2026-05-31 01:34:47,512 | [META    ] | INFO | meta_classifier_using.model_trainers.meta_trainer |   ↳ new best AUROC; saved checkpoint: /home/leggo/AIResearch/VOGBasedMCIDetectionSystemMobileViTSingleExperimentInference/outputs/checkpoints/run_20260531_002841_meta/fold_03_best.pth
2026-05-31 01:35:17,484 | [META    ] | INFO | meta_classifier_using.model_trainers.meta_trainer | Ep [003/500] T-Acc:  76.0%  V-Acc:  91.7%  V-AUROC: 1.0000  LR: 6.00e-05
2026-05-31 01:35:47,381 | [META    ] | INFO | meta_classifier_using.model_trainers.meta_trainer | Ep [004/500] T-Acc:  88.0%  V-Acc:  83.3%  V-AUROC: 1.0000  LR: 8.00e-05
2026-05-31 01:36:17,276 | [META    ] | INFO | meta_classifier_using.model_trainers.meta_trainer | Ep [005/500] T-Acc:  92.0%  V-Acc:  91.7%  V-AUROC: 1.0000  LR: 1.00e-04
2026-05-31 01:36:47,133 | [META    ] | INFO | meta_classifier_using.model_trainers.meta_trainer | Ep [006/500] T-Acc: 100.0%  V-Acc: 100.0%  V-AUROC: 1.0000  LR: 1.00e-04
2026-05-31 01:37:17,000 | [META    ] | INFO | meta_classifier_using.model_trainers.meta_trainer | Ep [007/500] T-Acc:  96.0%  V-Acc:  91.7%  V-AUROC: 1.0000  LR: 1.00e-04
2026-05-31 01:37:46,866 | [META    ] | INFO | meta_classifier_using.model_trainers.meta_trainer | Ep [008/500] T-Acc: 100.0%  V-Acc:  91.7%  V-AUROC: 1.0000  LR: 1.00e-04
2026-05-31 01:38:16,740 | [META    ] | INFO | meta_classifier_using.model_trainers.meta_trainer | Ep [009/500] T-Acc: 100.0%  V-Acc:  83.3%  V-AUROC: 1.0000  LR: 1.00e-04
2026-05-31 01:38:46,612 | [META    ] | INFO | meta_classifier_using.model_trainers.meta_trainer | Ep [010/500] T-Acc: 100.0%  V-Acc:  91.7%  V-AUROC: 1.0000  LR: 1.00e-04
2026-05-31 01:39:16,468 | [META    ] | INFO | meta_classifier_using.model_trainers.meta_trainer | Ep [011/500] T-Acc: 100.0%  V-Acc: 100.0%  V-AUROC: 1.0000  LR: 1.00e-04
2026-05-31 01:39:46,343 | [META    ] | INFO | meta_classifier_using.model_trainers.meta_trainer | Ep [012/500] T-Acc: 100.0%  V-Acc:  91.7%  V-AUROC: 1.0000  LR: 1.00e-04
2026-05-31 01:40:16,195 | [META    ] | INFO | meta_classifier_using.model_trainers.meta_trainer | Ep [013/500] T-Acc: 100.0%  V-Acc:  91.7%  V-AUROC: 1.0000  LR: 1.00e-04
2026-05-31 01:40:46,029 | [META    ] | INFO | meta_classifier_using.model_trainers.meta_trainer | Ep [014/500] T-Acc:  92.0%  V-Acc:  91.7%  V-AUROC: 1.0000  LR: 1.00e-04
2026-05-31 01:41:15,889 | [META    ] | INFO | meta_classifier_using.model_trainers.meta_trainer | Ep [015/500] T-Acc: 100.0%  V-Acc: 100.0%  V-AUROC: 1.0000  LR: 1.00e-04
2026-05-31 01:41:45,730 | [META    ] | INFO | meta_classifier_using.model_trainers.meta_trainer | Ep [016/500] T-Acc: 100.0%  V-Acc: 100.0%  V-AUROC: 1.0000  LR: 1.00e-04
2026-05-31 01:42:15,574 | [META    ] | INFO | meta_classifier_using.model_trainers.meta_trainer | Ep [017/500] T-Acc: 100.0%  V-Acc: 100.0%  V-AUROC: 1.0000  LR: 1.00e-04
2026-05-31 01:42:45,447 | [META    ] | INFO | meta_classifier_using.model_trainers.meta_trainer | Ep [018/500] T-Acc: 100.0%  V-Acc: 100.0%  V-AUROC: 1.0000  LR: 2.00e-05
2026-05-31 01:43:15,302 | [META    ] | INFO | meta_classifier_using.model_trainers.meta_trainer | Ep [019/500] T-Acc:  96.0%  V-Acc: 100.0%  V-AUROC: 1.0000  LR: 2.00e-05
2026-05-31 01:43:45,139 | [META    ] | INFO | meta_classifier_using.model_trainers.meta_trainer | Ep [020/500] T-Acc: 100.0%  V-Acc: 100.0%  V-AUROC: 1.0000  LR: 2.00e-05
2026-05-31 01:44:15,027 | [META    ] | INFO | meta_classifier_using.model_trainers.meta_trainer | Ep [021/500] T-Acc: 100.0%  V-Acc: 100.0%  V-AUROC: 1.0000  LR: 2.00e-05
2026-05-31 01:44:44,882 | [META    ] | INFO | meta_classifier_using.model_trainers.meta_trainer | Ep [022/500] T-Acc: 100.0%  V-Acc: 100.0%  V-AUROC: 1.0000  LR: 2.00e-05
2026-05-31 01:45:14,783 | [META    ] | INFO | meta_classifier_using.model_trainers.meta_trainer | Ep [023/500] T-Acc: 100.0%  V-Acc: 100.0%  V-AUROC: 1.0000  LR: 2.00e-05
2026-05-31 01:45:44,629 | [META    ] | INFO | meta_classifier_using.model_trainers.meta_trainer | Ep [024/500] T-Acc: 100.0%  V-Acc: 100.0%  V-AUROC: 1.0000  LR: 2.00e-05
2026-05-31 01:46:14,511 | [META    ] | INFO | meta_classifier_using.model_trainers.meta_trainer | Ep [025/500] T-Acc: 100.0%  V-Acc:  91.7%  V-AUROC: 1.0000  LR: 2.00e-05
2026-05-31 01:46:44,448 | [META    ] | INFO | meta_classifier_using.model_trainers.meta_trainer | Ep [026/500] T-Acc: 100.0%  V-Acc:  91.7%  V-AUROC: 1.0000  LR: 2.00e-05
2026-05-31 01:47:14,342 | [META    ] | INFO | meta_classifier_using.model_trainers.meta_trainer | Ep [027/500] T-Acc: 100.0%  V-Acc: 100.0%  V-AUROC: 1.0000  LR: 2.00e-05
2026-05-31 01:47:44,274 | [META    ] | INFO | meta_classifier_using.model_trainers.meta_trainer | Ep [028/500] T-Acc: 100.0%  V-Acc: 100.0%  V-AUROC: 1.0000  LR: 2.00e-05
2026-05-31 01:48:14,210 | [META    ] | INFO | meta_classifier_using.model_trainers.meta_trainer | Ep [029/500] T-Acc:  96.0%  V-Acc:  91.7%  V-AUROC: 1.0000  LR: 4.00e-06
2026-05-31 01:48:44,128 | [META    ] | INFO | meta_classifier_using.model_trainers.meta_trainer | Ep [030/500] T-Acc: 100.0%  V-Acc: 100.0%  V-AUROC: 1.0000  LR: 4.00e-06
2026-05-31 01:49:14,060 | [META    ] | INFO | meta_classifier_using.model_trainers.meta_trainer | Ep [031/500] T-Acc: 100.0%  V-Acc: 100.0%  V-AUROC: 1.0000  LR: 4.00e-06
2026-05-31 01:49:44,012 | [META    ] | INFO | meta_classifier_using.model_trainers.meta_trainer | Ep [032/500] T-Acc: 100.0%  V-Acc: 100.0%  V-AUROC: 1.0000  LR: 4.00e-06
2026-05-31 01:50:13,973 | [META    ] | INFO | meta_classifier_using.model_trainers.meta_trainer | Ep [033/500] T-Acc: 100.0%  V-Acc: 100.0%  V-AUROC: 1.0000  LR: 4.00e-06
2026-05-31 01:50:43,925 | [META    ] | INFO | meta_classifier_using.model_trainers.meta_trainer | Ep [034/500] T-Acc: 100.0%  V-Acc: 100.0%  V-AUROC: 1.0000  LR: 4.00e-06
2026-05-31 01:51:13,843 | [META    ] | INFO | meta_classifier_using.model_trainers.meta_trainer | Ep [035/500] T-Acc: 100.0%  V-Acc: 100.0%  V-AUROC: 1.0000  LR: 4.00e-06
2026-05-31 01:51:43,762 | [META    ] | INFO | meta_classifier_using.model_trainers.meta_trainer | Ep [036/500] T-Acc: 100.0%  V-Acc: 100.0%  V-AUROC: 1.0000  LR: 4.00e-06
2026-05-31 01:52:13,677 | [META    ] | INFO | meta_classifier_using.model_trainers.meta_trainer | Ep [037/500] T-Acc: 100.0%  V-Acc: 100.0%  V-AUROC: 1.0000  LR: 4.00e-06
2026-05-31 01:52:43,604 | [META    ] | INFO | meta_classifier_using.model_trainers.meta_trainer | Ep [038/500] T-Acc: 100.0%  V-Acc: 100.0%  V-AUROC: 1.0000  LR: 4.00e-06
2026-05-31 01:53:13,536 | [META    ] | INFO | meta_classifier_using.model_trainers.meta_trainer | Ep [039/500] T-Acc:  96.0%  V-Acc: 100.0%  V-AUROC: 1.0000  LR: 4.00e-06
2026-05-31 01:53:43,481 | [META    ] | INFO | meta_classifier_using.model_trainers.meta_trainer | Ep [040/500] T-Acc: 100.0%  V-Acc: 100.0%  V-AUROC: 1.0000  LR: 1.00e-06
2026-05-31 01:54:13,388 | [META    ] | INFO | meta_classifier_using.model_trainers.meta_trainer | Ep [041/500] T-Acc: 100.0%  V-Acc: 100.0%  V-AUROC: 1.0000  LR: 1.00e-06
2026-05-31 01:54:43,361 | [META    ] | INFO | meta_classifier_using.model_trainers.meta_trainer | Ep [042/500] T-Acc: 100.0%  V-Acc: 100.0%  V-AUROC: 1.0000  LR: 1.00e-06
2026-05-31 01:54:43,362 | [META    ] | INFO | meta_classifier_using.model_trainers.meta_trainer | Early stop — best AUROC 1.0000 at epoch 2 (no improvement for 40 epochs)
2026-05-31 01:54:43,362 | [META    ] | INFO | meta_classifier_using.model_trainers.meta_trainer | Done. Best AUROC: 1.0000 (epoch 2)
2026-05-31 01:54:51,308 | [META    ] | INFO | meta_classifier_using.evaluators.monte_carlo_evaluator | -> Fold 04 Result | Acc=1.000 Sens=1.000 Spec=1.000 AUROC=1.000 | optimal_thresh=1.000
2026-05-31 01:54:53,375 | [META    ] | INFO | meta_classifier_using.evaluators.monte_carlo_evaluator | === Fold 05/30 | train: 25 subj | test: 12 subj ===
2026-05-31 01:54:53,534 | [META    ] | INFO | meta_classifier_using.model_trainers.meta_trainer | Device: cuda | max_epochs=500 | batch=2 | es_patience=40 | lr=1e-04 | wd=1e-02
2026-05-31 01:54:53,536 | [META    ] | INFO | meta_classifier_using.model_trainers.meta_trainer | CE weights — HC: 1.562  MCI: 0.735
2026-05-31 01:55:32,081 | [META    ] | INFO | meta_classifier_using.model_trainers.meta_trainer | Ep [001/500] T-Acc:  68.0%  V-Acc:  50.0%  V-AUROC: 0.4444  LR: 2.00e-05
2026-05-31 01:55:32,359 | [META    ] | INFO | meta_classifier_using.model_trainers.meta_trainer |   ↳ new best AUROC; saved checkpoint: /home/leggo/AIResearch/VOGBasedMCIDetectionSystemMobileViTSingleExperimentInference/outputs/checkpoints/run_20260531_002841_meta/fold_04_best.pth
2026-05-31 01:56:02,399 | [META    ] | INFO | meta_classifier_using.model_trainers.meta_trainer | Ep [002/500] T-Acc:  72.0%  V-Acc:  50.0%  V-AUROC: 0.9722  LR: 4.00e-05
2026-05-31 01:56:03,350 | [META    ] | INFO | meta_classifier_using.model_trainers.meta_trainer |   ↳ new best AUROC; saved checkpoint: /home/leggo/AIResearch/VOGBasedMCIDetectionSystemMobileViTSingleExperimentInference/outputs/checkpoints/run_20260531_002841_meta/fold_04_best.pth
2026-05-31 01:56:33,367 | [META    ] | INFO | meta_classifier_using.model_trainers.meta_trainer | Ep [003/500] T-Acc:  76.0%  V-Acc:  50.0%  V-AUROC: 0.9444  LR: 6.00e-05
2026-05-31 01:57:03,311 | [META    ] | INFO | meta_classifier_using.model_trainers.meta_trainer | Ep [004/500] T-Acc:  88.0%  V-Acc:  91.7%  V-AUROC: 0.9167  LR: 8.00e-05
2026-05-31 01:57:33,198 | [META    ] | INFO | meta_classifier_using.model_trainers.meta_trainer | Ep [005/500] T-Acc:  96.0%  V-Acc:  83.3%  V-AUROC: 1.0000  LR: 1.00e-04
2026-05-31 01:57:34,088 | [META    ] | INFO | meta_classifier_using.model_trainers.meta_trainer |   ↳ new best AUROC; saved checkpoint: /home/leggo/AIResearch/VOGBasedMCIDetectionSystemMobileViTSingleExperimentInference/outputs/checkpoints/run_20260531_002841_meta/fold_04_best.pth
2026-05-31 01:58:03,998 | [META    ] | INFO | meta_classifier_using.model_trainers.meta_trainer | Ep [006/500] T-Acc:  96.0%  V-Acc:  83.3%  V-AUROC: 1.0000  LR: 1.00e-04
2026-05-31 01:58:33,929 | [META    ] | INFO | meta_classifier_using.model_trainers.meta_trainer | Ep [007/500] T-Acc:  92.0%  V-Acc:  91.7%  V-AUROC: 1.0000  LR: 1.00e-04
2026-05-31 01:59:03,786 | [META    ] | INFO | meta_classifier_using.model_trainers.meta_trainer | Ep [008/500] T-Acc: 100.0%  V-Acc:  83.3%  V-AUROC: 1.0000  LR: 1.00e-04
2026-05-31 01:59:33,622 | [META    ] | INFO | meta_classifier_using.model_trainers.meta_trainer | Ep [009/500] T-Acc: 100.0%  V-Acc:  91.7%  V-AUROC: 1.0000  LR: 1.00e-04
2026-05-31 02:00:03,476 | [META    ] | INFO | meta_classifier_using.model_trainers.meta_trainer | Ep [010/500] T-Acc: 100.0%  V-Acc:  91.7%  V-AUROC: 1.0000  LR: 1.00e-04
2026-05-31 02:00:33,348 | [META    ] | INFO | meta_classifier_using.model_trainers.meta_trainer | Ep [011/500] T-Acc: 100.0%  V-Acc:  91.7%  V-AUROC: 1.0000  LR: 1.00e-04
2026-05-31 02:01:03,184 | [META    ] | INFO | meta_classifier_using.model_trainers.meta_trainer | Ep [012/500] T-Acc: 100.0%  V-Acc:  91.7%  V-AUROC: 1.0000  LR: 1.00e-04
2026-05-31 02:01:33,029 | [META    ] | INFO | meta_classifier_using.model_trainers.meta_trainer | Ep [013/500] T-Acc: 100.0%  V-Acc:  91.7%  V-AUROC: 1.0000  LR: 1.00e-04
2026-05-31 02:02:02,868 | [META    ] | INFO | meta_classifier_using.model_trainers.meta_trainer | Ep [014/500] T-Acc:  96.0%  V-Acc:  91.7%  V-AUROC: 1.0000  LR: 1.00e-04
2026-05-31 02:02:32,776 | [META    ] | INFO | meta_classifier_using.model_trainers.meta_trainer | Ep [015/500] T-Acc: 100.0%  V-Acc:  91.7%  V-AUROC: 1.0000  LR: 1.00e-04
2026-05-31 02:03:02,687 | [META    ] | INFO | meta_classifier_using.model_trainers.meta_trainer | Ep [016/500] T-Acc: 100.0%  V-Acc:  91.7%  V-AUROC: 1.0000  LR: 1.00e-04
2026-05-31 02:03:32,542 | [META    ] | INFO | meta_classifier_using.model_trainers.meta_trainer | Ep [017/500] T-Acc:  96.0%  V-Acc:  91.7%  V-AUROC: 1.0000  LR: 1.00e-04
2026-05-31 02:04:02,408 | [META    ] | INFO | meta_classifier_using.model_trainers.meta_trainer | Ep [018/500] T-Acc: 100.0%  V-Acc:  91.7%  V-AUROC: 1.0000  LR: 2.00e-05
2026-05-31 02:04:32,263 | [META    ] | INFO | meta_classifier_using.model_trainers.meta_trainer | Ep [019/500] T-Acc: 100.0%  V-Acc:  91.7%  V-AUROC: 1.0000  LR: 2.00e-05
2026-05-31 02:05:02,154 | [META    ] | INFO | meta_classifier_using.model_trainers.meta_trainer | Ep [020/500] T-Acc: 100.0%  V-Acc:  91.7%  V-AUROC: 1.0000  LR: 2.00e-05
2026-05-31 02:05:31,993 | [META    ] | INFO | meta_classifier_using.model_trainers.meta_trainer | Ep [021/500] T-Acc: 100.0%  V-Acc:  91.7%  V-AUROC: 1.0000  LR: 2.00e-05
2026-05-31 02:06:01,854 | [META    ] | INFO | meta_classifier_using.model_trainers.meta_trainer | Ep [022/500] T-Acc: 100.0%  V-Acc:  91.7%  V-AUROC: 1.0000  LR: 2.00e-05
2026-05-31 02:06:31,683 | [META    ] | INFO | meta_classifier_using.model_trainers.meta_trainer | Ep [023/500] T-Acc: 100.0%  V-Acc:  91.7%  V-AUROC: 1.0000  LR: 2.00e-05
2026-05-31 02:07:01,569 | [META    ] | INFO | meta_classifier_using.model_trainers.meta_trainer | Ep [024/500] T-Acc: 100.0%  V-Acc:  91.7%  V-AUROC: 1.0000  LR: 2.00e-05
2026-05-31 02:07:31,441 | [META    ] | INFO | meta_classifier_using.model_trainers.meta_trainer | Ep [025/500] T-Acc: 100.0%  V-Acc:  91.7%  V-AUROC: 1.0000  LR: 2.00e-05
2026-05-31 02:08:01,321 | [META    ] | INFO | meta_classifier_using.model_trainers.meta_trainer | Ep [026/500] T-Acc: 100.0%  V-Acc:  91.7%  V-AUROC: 1.0000  LR: 2.00e-05
2026-05-31 02:08:31,149 | [META    ] | INFO | meta_classifier_using.model_trainers.meta_trainer | Ep [027/500] T-Acc: 100.0%  V-Acc:  91.7%  V-AUROC: 1.0000  LR: 2.00e-05
2026-05-31 02:09:00,979 | [META    ] | INFO | meta_classifier_using.model_trainers.meta_trainer | Ep [028/500] T-Acc: 100.0%  V-Acc:  91.7%  V-AUROC: 1.0000  LR: 2.00e-05
2026-05-31 02:09:30,833 | [META    ] | INFO | meta_classifier_using.model_trainers.meta_trainer | Ep [029/500] T-Acc: 100.0%  V-Acc:  91.7%  V-AUROC: 1.0000  LR: 4.00e-06
2026-05-31 02:10:00,662 | [META    ] | INFO | meta_classifier_using.model_trainers.meta_trainer | Ep [030/500] T-Acc: 100.0%  V-Acc:  91.7%  V-AUROC: 1.0000  LR: 4.00e-06
2026-05-31 02:10:30,445 | [META    ] | INFO | meta_classifier_using.model_trainers.meta_trainer | Ep [031/500] T-Acc: 100.0%  V-Acc:  91.7%  V-AUROC: 1.0000  LR: 4.00e-06
2026-05-31 02:11:00,275 | [META    ] | INFO | meta_classifier_using.model_trainers.meta_trainer | Ep [032/500] T-Acc: 100.0%  V-Acc:  91.7%  V-AUROC: 1.0000  LR: 4.00e-06
2026-05-31 02:11:30,109 | [META    ] | INFO | meta_classifier_using.model_trainers.meta_trainer | Ep [033/500] T-Acc: 100.0%  V-Acc:  91.7%  V-AUROC: 1.0000  LR: 4.00e-06
2026-05-31 02:11:59,971 | [META    ] | INFO | meta_classifier_using.model_trainers.meta_trainer | Ep [034/500] T-Acc: 100.0%  V-Acc:  91.7%  V-AUROC: 1.0000  LR: 4.00e-06
2026-05-31 02:12:29,807 | [META    ] | INFO | meta_classifier_using.model_trainers.meta_trainer | Ep [035/500] T-Acc: 100.0%  V-Acc:  91.7%  V-AUROC: 1.0000  LR: 4.00e-06
2026-05-31 02:12:59,699 | [META    ] | INFO | meta_classifier_using.model_trainers.meta_trainer | Ep [036/500] T-Acc: 100.0%  V-Acc:  91.7%  V-AUROC: 1.0000  LR: 4.00e-06
2026-05-31 02:13:29,527 | [META    ] | INFO | meta_classifier_using.model_trainers.meta_trainer | Ep [037/500] T-Acc: 100.0%  V-Acc:  91.7%  V-AUROC: 1.0000  LR: 4.00e-06
2026-05-31 02:13:59,418 | [META    ] | INFO | meta_classifier_using.model_trainers.meta_trainer | Ep [038/500] T-Acc: 100.0%  V-Acc:  91.7%  V-AUROC: 1.0000  LR: 4.00e-06
2026-05-31 02:14:29,394 | [META    ] | INFO | meta_classifier_using.model_trainers.meta_trainer | Ep [039/500] T-Acc: 100.0%  V-Acc:  91.7%  V-AUROC: 1.0000  LR: 4.00e-06
2026-05-31 02:14:59,238 | [META    ] | INFO | meta_classifier_using.model_trainers.meta_trainer | Ep [040/500] T-Acc: 100.0%  V-Acc:  91.7%  V-AUROC: 1.0000  LR: 1.00e-06
2026-05-31 02:15:28,984 | [META    ] | INFO | meta_classifier_using.model_trainers.meta_trainer | Ep [041/500] T-Acc: 100.0%  V-Acc:  91.7%  V-AUROC: 1.0000  LR: 1.00e-06
2026-05-31 02:15:58,778 | [META    ] | INFO | meta_classifier_using.model_trainers.meta_trainer | Ep [042/500] T-Acc: 100.0%  V-Acc:  91.7%  V-AUROC: 1.0000  LR: 1.00e-06
2026-05-31 02:16:28,584 | [META    ] | INFO | meta_classifier_using.model_trainers.meta_trainer | Ep [043/500] T-Acc: 100.0%  V-Acc:  91.7%  V-AUROC: 1.0000  LR: 1.00e-06
2026-05-31 02:16:58,404 | [META    ] | INFO | meta_classifier_using.model_trainers.meta_trainer | Ep [044/500] T-Acc: 100.0%  V-Acc:  91.7%  V-AUROC: 1.0000  LR: 1.00e-06
2026-05-31 02:17:28,213 | [META    ] | INFO | meta_classifier_using.model_trainers.meta_trainer | Ep [045/500] T-Acc: 100.0%  V-Acc:  91.7%  V-AUROC: 1.0000  LR: 1.00e-06
2026-05-31 02:17:28,213 | [META    ] | INFO | meta_classifier_using.model_trainers.meta_trainer | Early stop — best AUROC 1.0000 at epoch 5 (no improvement for 40 epochs)
2026-05-31 02:17:28,213 | [META    ] | INFO | meta_classifier_using.model_trainers.meta_trainer | Done. Best AUROC: 1.0000 (epoch 5)
2026-05-31 02:17:36,127 | [META    ] | INFO | meta_classifier_using.evaluators.monte_carlo_evaluator | -> Fold 05 Result | Acc=1.000 Sens=1.000 Spec=1.000 AUROC=1.000 | optimal_thresh=1.000
2026-05-31 02:17:38,182 | [META    ] | INFO | meta_classifier_using.evaluators.monte_carlo_evaluator | === Fold 06/30 | train: 25 subj | test: 12 subj ===
2026-05-31 02:17:38,341 | [META    ] | INFO | meta_classifier_using.model_trainers.meta_trainer | Device: cuda | max_epochs=500 | batch=2 | es_patience=40 | lr=1e-04 | wd=1e-02
2026-05-31 02:17:38,343 | [META    ] | INFO | meta_classifier_using.model_trainers.meta_trainer | CE weights — HC: 1.250  MCI: 0.833
2026-05-31 02:18:16,612 | [META    ] | INFO | meta_classifier_using.model_trainers.meta_trainer | Ep [001/500] T-Acc:  40.0%  V-Acc:  33.3%  V-AUROC: 0.9688  LR: 2.00e-05
2026-05-31 02:18:16,887 | [META    ] | INFO | meta_classifier_using.model_trainers.meta_trainer |   ↳ new best AUROC; saved checkpoint: /home/leggo/AIResearch/VOGBasedMCIDetectionSystemMobileViTSingleExperimentInference/outputs/checkpoints/run_20260531_002841_meta/fold_05_best.pth
2026-05-31 02:18:46,826 | [META    ] | INFO | meta_classifier_using.model_trainers.meta_trainer | Ep [002/500] T-Acc:  60.0%  V-Acc:  75.0%  V-AUROC: 0.9375  LR: 4.00e-05
2026-05-31 02:19:16,622 | [META    ] | INFO | meta_classifier_using.model_trainers.meta_trainer | Ep [003/500] T-Acc:  96.0%  V-Acc:  83.3%  V-AUROC: 0.9688  LR: 6.00e-05
2026-05-31 02:19:46,453 | [META    ] | INFO | meta_classifier_using.model_trainers.meta_trainer | Ep [004/500] T-Acc: 100.0%  V-Acc:  83.3%  V-AUROC: 0.9375  LR: 8.00e-05
2026-05-31 02:20:16,252 | [META    ] | INFO | meta_classifier_using.model_trainers.meta_trainer | Ep [005/500] T-Acc: 100.0%  V-Acc:  91.7%  V-AUROC: 0.9688  LR: 1.00e-04
2026-05-31 02:20:46,010 | [META    ] | INFO | meta_classifier_using.model_trainers.meta_trainer | Ep [006/500] T-Acc: 100.0%  V-Acc:  91.7%  V-AUROC: 0.9375  LR: 1.00e-04
2026-05-31 02:21:15,777 | [META    ] | INFO | meta_classifier_using.model_trainers.meta_trainer | Ep [007/500] T-Acc:  96.0%  V-Acc:  91.7%  V-AUROC: 0.9375  LR: 1.00e-04
2026-05-31 02:21:45,546 | [META    ] | INFO | meta_classifier_using.model_trainers.meta_trainer | Ep [008/500] T-Acc: 100.0%  V-Acc:  83.3%  V-AUROC: 1.0000  LR: 1.00e-04
2026-05-31 02:21:46,671 | [META    ] | INFO | meta_classifier_using.model_trainers.meta_trainer |   ↳ new best AUROC; saved checkpoint: /home/leggo/AIResearch/VOGBasedMCIDetectionSystemMobileViTSingleExperimentInference/outputs/checkpoints/run_20260531_002841_meta/fold_05_best.pth
2026-05-31 02:22:16,492 | [META    ] | INFO | meta_classifier_using.model_trainers.meta_trainer | Ep [009/500] T-Acc: 100.0%  V-Acc:  91.7%  V-AUROC: 0.9688  LR: 1.00e-04
2026-05-31 02:22:46,326 | [META    ] | INFO | meta_classifier_using.model_trainers.meta_trainer | Ep [010/500] T-Acc: 100.0%  V-Acc:  91.7%  V-AUROC: 1.0000  LR: 1.00e-04
2026-05-31 02:23:16,141 | [META    ] | INFO | meta_classifier_using.model_trainers.meta_trainer | Ep [011/500] T-Acc: 100.0%  V-Acc:  91.7%  V-AUROC: 1.0000  LR: 1.00e-04
2026-05-31 02:23:45,952 | [META    ] | INFO | meta_classifier_using.model_trainers.meta_trainer | Ep [012/500] T-Acc: 100.0%  V-Acc:  91.7%  V-AUROC: 0.9688  LR: 1.00e-04
2026-05-31 02:24:15,721 | [META    ] | INFO | meta_classifier_using.model_trainers.meta_trainer | Ep [013/500] T-Acc: 100.0%  V-Acc:  91.7%  V-AUROC: 0.9688  LR: 1.00e-04
2026-05-31 02:24:45,504 | [META    ] | INFO | meta_classifier_using.model_trainers.meta_trainer | Ep [014/500] T-Acc: 100.0%  V-Acc:  91.7%  V-AUROC: 0.9688  LR: 1.00e-04
2026-05-31 02:25:15,292 | [META    ] | INFO | meta_classifier_using.model_trainers.meta_trainer | Ep [015/500] T-Acc: 100.0%  V-Acc:  91.7%  V-AUROC: 0.9688  LR: 1.00e-04
2026-05-31 02:25:45,052 | [META    ] | INFO | meta_classifier_using.model_trainers.meta_trainer | Ep [016/500] T-Acc:  96.0%  V-Acc:  91.7%  V-AUROC: 1.0000  LR: 1.00e-04
2026-05-31 02:26:14,935 | [META    ] | INFO | meta_classifier_using.model_trainers.meta_trainer | Ep [017/500] T-Acc: 100.0%  V-Acc:  91.7%  V-AUROC: 1.0000  LR: 1.00e-04
2026-05-31 02:26:44,695 | [META    ] | INFO | meta_classifier_using.model_trainers.meta_trainer | Ep [018/500] T-Acc: 100.0%  V-Acc:  91.7%  V-AUROC: 1.0000  LR: 1.00e-04
2026-05-31 02:27:14,511 | [META    ] | INFO | meta_classifier_using.model_trainers.meta_trainer | Ep [019/500] T-Acc: 100.0%  V-Acc:  83.3%  V-AUROC: 1.0000  LR: 1.00e-04
2026-05-31 02:27:44,369 | [META    ] | INFO | meta_classifier_using.model_trainers.meta_trainer | Ep [020/500] T-Acc: 100.0%  V-Acc:  83.3%  V-AUROC: 1.0000  LR: 2.00e-05
2026-05-31 02:28:14,185 | [META    ] | INFO | meta_classifier_using.model_trainers.meta_trainer | Ep [021/500] T-Acc: 100.0%  V-Acc:  83.3%  V-AUROC: 1.0000  LR: 2.00e-05
2026-05-31 02:28:44,009 | [META    ] | INFO | meta_classifier_using.model_trainers.meta_trainer | Ep [022/500] T-Acc: 100.0%  V-Acc:  83.3%  V-AUROC: 1.0000  LR: 2.00e-05
2026-05-31 02:29:13,793 | [META    ] | INFO | meta_classifier_using.model_trainers.meta_trainer | Ep [023/500] T-Acc: 100.0%  V-Acc:  91.7%  V-AUROC: 1.0000  LR: 2.00e-05
2026-05-31 02:29:43,577 | [META    ] | INFO | meta_classifier_using.model_trainers.meta_trainer | Ep [024/500] T-Acc: 100.0%  V-Acc:  91.7%  V-AUROC: 1.0000  LR: 2.00e-05
2026-05-31 02:30:13,380 | [META    ] | INFO | meta_classifier_using.model_trainers.meta_trainer | Ep [025/500] T-Acc: 100.0%  V-Acc:  91.7%  V-AUROC: 1.0000  LR: 2.00e-05
2026-05-31 02:30:43,159 | [META    ] | INFO | meta_classifier_using.model_trainers.meta_trainer | Ep [026/500] T-Acc: 100.0%  V-Acc:  91.7%  V-AUROC: 1.0000  LR: 2.00e-05
2026-05-31 02:31:12,929 | [META    ] | INFO | meta_classifier_using.model_trainers.meta_trainer | Ep [027/500] T-Acc: 100.0%  V-Acc:  91.7%  V-AUROC: 1.0000  LR: 2.00e-05
2026-05-31 02:31:42,785 | [META    ] | INFO | meta_classifier_using.model_trainers.meta_trainer | Ep [028/500] T-Acc: 100.0%  V-Acc:  91.7%  V-AUROC: 1.0000  LR: 2.00e-05
2026-05-31 02:32:12,594 | [META    ] | INFO | meta_classifier_using.model_trainers.meta_trainer | Ep [029/500] T-Acc: 100.0%  V-Acc:  91.7%  V-AUROC: 1.0000  LR: 2.00e-05
2026-05-31 02:32:42,394 | [META    ] | INFO | meta_classifier_using.model_trainers.meta_trainer | Ep [030/500] T-Acc: 100.0%  V-Acc:  91.7%  V-AUROC: 1.0000  LR: 2.00e-05
2026-05-31 02:33:12,207 | [META    ] | INFO | meta_classifier_using.model_trainers.meta_trainer | Ep [031/500] T-Acc: 100.0%  V-Acc:  91.7%  V-AUROC: 1.0000  LR: 4.00e-06
2026-05-31 02:33:42,049 | [META    ] | INFO | meta_classifier_using.model_trainers.meta_trainer | Ep [032/500] T-Acc: 100.0%  V-Acc:  91.7%  V-AUROC: 1.0000  LR: 4.00e-06
2026-05-31 02:34:11,835 | [META    ] | INFO | meta_classifier_using.model_trainers.meta_trainer | Ep [033/500] T-Acc: 100.0%  V-Acc:  91.7%  V-AUROC: 1.0000  LR: 4.00e-06
2026-05-31 02:34:41,722 | [META    ] | INFO | meta_classifier_using.model_trainers.meta_trainer | Ep [034/500] T-Acc: 100.0%  V-Acc:  83.3%  V-AUROC: 1.0000  LR: 4.00e-06
2026-05-31 02:35:11,577 | [META    ] | INFO | meta_classifier_using.model_trainers.meta_trainer | Ep [035/500] T-Acc: 100.0%  V-Acc:  91.7%  V-AUROC: 1.0000  LR: 4.00e-06
2026-05-31 02:35:41,487 | [META    ] | INFO | meta_classifier_using.model_trainers.meta_trainer | Ep [036/500] T-Acc: 100.0%  V-Acc:  91.7%  V-AUROC: 1.0000  LR: 4.00e-06
2026-05-31 02:36:11,403 | [META    ] | INFO | meta_classifier_using.model_trainers.meta_trainer | Ep [037/500] T-Acc: 100.0%  V-Acc:  91.7%  V-AUROC: 1.0000  LR: 4.00e-06
2026-05-31 02:36:41,256 | [META    ] | INFO | meta_classifier_using.model_trainers.meta_trainer | Ep [038/500] T-Acc: 100.0%  V-Acc:  91.7%  V-AUROC: 1.0000  LR: 4.00e-06
2026-05-31 02:37:11,131 | [META    ] | INFO | meta_classifier_using.model_trainers.meta_trainer | Ep [039/500] T-Acc: 100.0%  V-Acc:  91.7%  V-AUROC: 1.0000  LR: 4.00e-06
2026-05-31 02:37:41,011 | [META    ] | INFO | meta_classifier_using.model_trainers.meta_trainer | Ep [040/500] T-Acc: 100.0%  V-Acc:  91.7%  V-AUROC: 1.0000  LR: 4.00e-06
2026-05-31 02:38:10,959 | [META    ] | INFO | meta_classifier_using.model_trainers.meta_trainer | Ep [041/500] T-Acc: 100.0%  V-Acc:  91.7%  V-AUROC: 1.0000  LR: 4.00e-06
2026-05-31 02:38:40,818 | [META    ] | INFO | meta_classifier_using.model_trainers.meta_trainer | Ep [042/500] T-Acc: 100.0%  V-Acc:  91.7%  V-AUROC: 1.0000  LR: 1.00e-06
2026-05-31 02:39:10,699 | [META    ] | INFO | meta_classifier_using.model_trainers.meta_trainer | Ep [043/500] T-Acc: 100.0%  V-Acc:  91.7%  V-AUROC: 1.0000  LR: 1.00e-06
2026-05-31 02:39:40,572 | [META    ] | INFO | meta_classifier_using.model_trainers.meta_trainer | Ep [044/500] T-Acc: 100.0%  V-Acc:  91.7%  V-AUROC: 1.0000  LR: 1.00e-06
2026-05-31 02:40:10,454 | [META    ] | INFO | meta_classifier_using.model_trainers.meta_trainer | Ep [045/500] T-Acc: 100.0%  V-Acc:  91.7%  V-AUROC: 1.0000  LR: 1.00e-06
2026-05-31 02:40:40,321 | [META    ] | INFO | meta_classifier_using.model_trainers.meta_trainer | Ep [046/500] T-Acc: 100.0%  V-Acc:  91.7%  V-AUROC: 1.0000  LR: 1.00e-06
2026-05-31 02:41:10,170 | [META    ] | INFO | meta_classifier_using.model_trainers.meta_trainer | Ep [047/500] T-Acc: 100.0%  V-Acc:  91.7%  V-AUROC: 1.0000  LR: 1.00e-06
2026-05-31 02:41:40,036 | [META    ] | INFO | meta_classifier_using.model_trainers.meta_trainer | Ep [048/500] T-Acc: 100.0%  V-Acc:  91.7%  V-AUROC: 1.0000  LR: 1.00e-06
2026-05-31 02:41:40,037 | [META    ] | INFO | meta_classifier_using.model_trainers.meta_trainer | Early stop — best AUROC 1.0000 at epoch 8 (no improvement for 40 epochs)
2026-05-31 02:41:40,037 | [META    ] | INFO | meta_classifier_using.model_trainers.meta_trainer | Done. Best AUROC: 1.0000 (epoch 8)
2026-05-31 02:41:47,968 | [META    ] | INFO | meta_classifier_using.evaluators.monte_carlo_evaluator | -> Fold 06 Result | Acc=0.833 Sens=0.750 Spec=1.000 AUROC=0.969 | optimal_thresh=1.000
2026-05-31 02:41:50,025 | [META    ] | INFO | meta_classifier_using.evaluators.monte_carlo_evaluator | === Fold 07/30 | train: 25 subj | test: 12 subj ===
2026-05-31 02:41:50,185 | [META    ] | INFO | meta_classifier_using.model_trainers.meta_trainer | Device: cuda | max_epochs=500 | batch=2 | es_patience=40 | lr=1e-04 | wd=1e-02
2026-05-31 02:41:50,187 | [META    ] | INFO | meta_classifier_using.model_trainers.meta_trainer | CE weights — HC: 1.562  MCI: 0.735
2026-05-31 02:42:28,416 | [META    ] | INFO | meta_classifier_using.model_trainers.meta_trainer | Ep [001/500] T-Acc:  68.0%  V-Acc:  50.0%  V-AUROC: 1.0000  LR: 2.00e-05
2026-05-31 02:42:28,697 | [META    ] | INFO | meta_classifier_using.model_trainers.meta_trainer |   ↳ new best AUROC; saved checkpoint: /home/leggo/AIResearch/VOGBasedMCIDetectionSystemMobileViTSingleExperimentInference/outputs/checkpoints/run_20260531_002841_meta/fold_06_best.pth
2026-05-31 02:42:58,569 | [META    ] | INFO | meta_classifier_using.model_trainers.meta_trainer | Ep [002/500] T-Acc:  68.0%  V-Acc:  50.0%  V-AUROC: 0.7778  LR: 4.00e-05
2026-05-31 02:43:28,415 | [META    ] | INFO | meta_classifier_using.model_trainers.meta_trainer | Ep [003/500] T-Acc:  76.0%  V-Acc:  75.0%  V-AUROC: 0.9167  LR: 6.00e-05
2026-05-31 02:43:58,289 | [META    ] | INFO | meta_classifier_using.model_trainers.meta_trainer | Ep [004/500] T-Acc:  92.0%  V-Acc:  91.7%  V-AUROC: 0.8889  LR: 8.00e-05
2026-05-31 02:44:28,143 | [META    ] | INFO | meta_classifier_using.model_trainers.meta_trainer | Ep [005/500] T-Acc:  96.0%  V-Acc:  58.3%  V-AUROC: 1.0000  LR: 1.00e-04
2026-05-31 02:44:57,959 | [META    ] | INFO | meta_classifier_using.model_trainers.meta_trainer | Ep [006/500] T-Acc:  96.0%  V-Acc:  50.0%  V-AUROC: 1.0000  LR: 1.00e-04
2026-05-31 02:45:27,799 | [META    ] | INFO | meta_classifier_using.model_trainers.meta_trainer | Ep [007/500] T-Acc:  96.0%  V-Acc:  91.7%  V-AUROC: 0.9444  LR: 1.00e-04
2026-05-31 02:45:57,745 | [META    ] | INFO | meta_classifier_using.model_trainers.meta_trainer | Ep [008/500] T-Acc: 100.0%  V-Acc:  91.7%  V-AUROC: 0.9444  LR: 1.00e-04
2026-05-31 02:46:27,649 | [META    ] | INFO | meta_classifier_using.model_trainers.meta_trainer | Ep [009/500] T-Acc: 100.0%  V-Acc:  91.7%  V-AUROC: 1.0000  LR: 1.00e-04
2026-05-31 02:46:57,501 | [META    ] | INFO | meta_classifier_using.model_trainers.meta_trainer | Ep [010/500] T-Acc: 100.0%  V-Acc:  91.7%  V-AUROC: 1.0000  LR: 1.00e-04
2026-05-31 02:47:27,436 | [META    ] | INFO | meta_classifier_using.model_trainers.meta_trainer | Ep [011/500] T-Acc: 100.0%  V-Acc:  91.7%  V-AUROC: 1.0000  LR: 1.00e-04
2026-05-31 02:47:57,296 | [META    ] | INFO | meta_classifier_using.model_trainers.meta_trainer | Ep [012/500] T-Acc: 100.0%  V-Acc:  91.7%  V-AUROC: 1.0000  LR: 1.00e-04
2026-05-31 02:48:27,132 | [META    ] | INFO | meta_classifier_using.model_trainers.meta_trainer | Ep [013/500] T-Acc: 100.0%  V-Acc:  91.7%  V-AUROC: 1.0000  LR: 1.00e-04
2026-05-31 02:48:56,993 | [META    ] | INFO | meta_classifier_using.model_trainers.meta_trainer | Ep [014/500] T-Acc: 100.0%  V-Acc:  91.7%  V-AUROC: 0.9444  LR: 1.00e-04
2026-05-31 02:49:26,867 | [META    ] | INFO | meta_classifier_using.model_trainers.meta_trainer | Ep [015/500] T-Acc: 100.0%  V-Acc:  91.7%  V-AUROC: 0.9444  LR: 1.00e-04
2026-05-31 02:49:56,706 | [META    ] | INFO | meta_classifier_using.model_trainers.meta_trainer | Ep [016/500] T-Acc: 100.0%  V-Acc:  91.7%  V-AUROC: 0.9444  LR: 1.00e-04
2026-05-31 02:50:26,544 | [META    ] | INFO | meta_classifier_using.model_trainers.meta_trainer | Ep [017/500] T-Acc: 100.0%  V-Acc:  91.7%  V-AUROC: 0.9444  LR: 1.00e-04
2026-05-31 02:50:56,361 | [META    ] | INFO | meta_classifier_using.model_trainers.meta_trainer | Ep [018/500] T-Acc: 100.0%  V-Acc:  91.7%  V-AUROC: 0.9444  LR: 2.00e-05
2026-05-31 02:51:26,263 | [META    ] | INFO | meta_classifier_using.model_trainers.meta_trainer | Ep [019/500] T-Acc: 100.0%  V-Acc:  91.7%  V-AUROC: 0.9444  LR: 2.00e-05
2026-05-31 02:51:56,057 | [META    ] | INFO | meta_classifier_using.model_trainers.meta_trainer | Ep [020/500] T-Acc: 100.0%  V-Acc:  91.7%  V-AUROC: 0.9444  LR: 2.00e-05
2026-05-31 02:52:25,870 | [META    ] | INFO | meta_classifier_using.model_trainers.meta_trainer | Ep [021/500] T-Acc: 100.0%  V-Acc:  91.7%  V-AUROC: 1.0000  LR: 2.00e-05
2026-05-31 02:52:55,704 | [META    ] | INFO | meta_classifier_using.model_trainers.meta_trainer | Ep [022/500] T-Acc: 100.0%  V-Acc:  91.7%  V-AUROC: 0.9722  LR: 2.00e-05
2026-05-31 02:53:25,521 | [META    ] | INFO | meta_classifier_using.model_trainers.meta_trainer | Ep [023/500] T-Acc: 100.0%  V-Acc:  91.7%  V-AUROC: 1.0000  LR: 2.00e-05
2026-05-31 02:53:55,369 | [META    ] | INFO | meta_classifier_using.model_trainers.meta_trainer | Ep [024/500] T-Acc: 100.0%  V-Acc:  91.7%  V-AUROC: 1.0000  LR: 2.00e-05
2026-05-31 02:54:25,213 | [META    ] | INFO | meta_classifier_using.model_trainers.meta_trainer | Ep [025/500] T-Acc: 100.0%  V-Acc:  91.7%  V-AUROC: 1.0000  LR: 2.00e-05
2026-05-31 02:54:55,046 | [META    ] | INFO | meta_classifier_using.model_trainers.meta_trainer | Ep [026/500] T-Acc: 100.0%  V-Acc:  91.7%  V-AUROC: 0.9444  LR: 2.00e-05
2026-05-31 02:55:24,899 | [META    ] | INFO | meta_classifier_using.model_trainers.meta_trainer | Ep [027/500] T-Acc: 100.0%  V-Acc:  91.7%  V-AUROC: 1.0000  LR: 2.00e-05
2026-05-31 02:55:54,765 | [META    ] | INFO | meta_classifier_using.model_trainers.meta_trainer | Ep [028/500] T-Acc: 100.0%  V-Acc:  91.7%  V-AUROC: 0.9444  LR: 2.00e-05
2026-05-31 02:56:24,590 | [META    ] | INFO | meta_classifier_using.model_trainers.meta_trainer | Ep [029/500] T-Acc: 100.0%  V-Acc:  91.7%  V-AUROC: 0.9444  LR: 4.00e-06
2026-05-31 02:56:54,462 | [META    ] | INFO | meta_classifier_using.model_trainers.meta_trainer | Ep [030/500] T-Acc: 100.0%  V-Acc:  91.7%  V-AUROC: 1.0000  LR: 4.00e-06
2026-05-31 02:57:24,342 | [META    ] | INFO | meta_classifier_using.model_trainers.meta_trainer | Ep [031/500] T-Acc: 100.0%  V-Acc:  91.7%  V-AUROC: 0.9722  LR: 4.00e-06
2026-05-31 02:57:54,227 | [META    ] | INFO | meta_classifier_using.model_trainers.meta_trainer | Ep [032/500] T-Acc: 100.0%  V-Acc:  91.7%  V-AUROC: 0.9444  LR: 4.00e-06
2026-05-31 02:58:24,081 | [META    ] | INFO | meta_classifier_using.model_trainers.meta_trainer | Ep [033/500] T-Acc: 100.0%  V-Acc:  91.7%  V-AUROC: 1.0000  LR: 4.00e-06
2026-05-31 02:58:53,865 | [META    ] | INFO | meta_classifier_using.model_trainers.meta_trainer | Ep [034/500] T-Acc: 100.0%  V-Acc:  91.7%  V-AUROC: 0.9722  LR: 4.00e-06
2026-05-31 02:59:23,636 | [META    ] | INFO | meta_classifier_using.model_trainers.meta_trainer | Ep [035/500] T-Acc: 100.0%  V-Acc:  91.7%  V-AUROC: 0.9444  LR: 4.00e-06
2026-05-31 02:59:53,421 | [META    ] | INFO | meta_classifier_using.model_trainers.meta_trainer | Ep [036/500] T-Acc: 100.0%  V-Acc:  91.7%  V-AUROC: 0.9722  LR: 4.00e-06
2026-05-31 03:00:23,185 | [META    ] | INFO | meta_classifier_using.model_trainers.meta_trainer | Ep [037/500] T-Acc: 100.0%  V-Acc:  91.7%  V-AUROC: 0.9444  LR: 4.00e-06
2026-05-31 03:00:52,976 | [META    ] | INFO | meta_classifier_using.model_trainers.meta_trainer | Ep [038/500] T-Acc: 100.0%  V-Acc:  91.7%  V-AUROC: 1.0000  LR: 4.00e-06
2026-05-31 03:01:22,831 | [META    ] | INFO | meta_classifier_using.model_trainers.meta_trainer | Ep [039/500] T-Acc: 100.0%  V-Acc:  91.7%  V-AUROC: 1.0000  LR: 4.00e-06
2026-05-31 03:01:52,647 | [META    ] | INFO | meta_classifier_using.model_trainers.meta_trainer | Ep [040/500] T-Acc: 100.0%  V-Acc:  91.7%  V-AUROC: 1.0000  LR: 1.00e-06
2026-05-31 03:02:22,445 | [META    ] | INFO | meta_classifier_using.model_trainers.meta_trainer | Ep [041/500] T-Acc: 100.0%  V-Acc:  91.7%  V-AUROC: 1.0000  LR: 1.00e-06
2026-05-31 03:02:22,445 | [META    ] | INFO | meta_classifier_using.model_trainers.meta_trainer | Early stop — best AUROC 1.0000 at epoch 1 (no improvement for 40 epochs)
2026-05-31 03:02:22,445 | [META    ] | INFO | meta_classifier_using.model_trainers.meta_trainer | Done. Best AUROC: 1.0000 (epoch 1)
2026-05-31 03:02:30,342 | [META    ] | INFO | meta_classifier_using.evaluators.monte_carlo_evaluator | -> Fold 07 Result | Acc=0.917 Sens=1.000 Spec=0.833 AUROC=0.944 | optimal_thresh=1.000
2026-05-31 03:02:32,418 | [META    ] | INFO | meta_classifier_using.evaluators.monte_carlo_evaluator | === Fold 08/30 | train: 25 subj | test: 12 subj ===
2026-05-31 03:02:32,579 | [META    ] | INFO | meta_classifier_using.model_trainers.meta_trainer | Device: cuda | max_epochs=500 | batch=2 | es_patience=40 | lr=1e-04 | wd=1e-02
2026-05-31 03:02:32,581 | [META    ] | INFO | meta_classifier_using.model_trainers.meta_trainer | CE weights — HC: 1.389  MCI: 0.781
2026-05-31 03:03:11,089 | [META    ] | INFO | meta_classifier_using.model_trainers.meta_trainer | Ep [001/500] T-Acc:  40.0%  V-Acc:  41.7%  V-AUROC: 1.0000  LR: 2.00e-05
2026-05-31 03:03:11,370 | [META    ] | INFO | meta_classifier_using.model_trainers.meta_trainer |   ↳ new best AUROC; saved checkpoint: /home/leggo/AIResearch/VOGBasedMCIDetectionSystemMobileViTSingleExperimentInference/outputs/checkpoints/run_20260531_002841_meta/fold_07_best.pth
2026-05-31 03:03:41,372 | [META    ] | INFO | meta_classifier_using.model_trainers.meta_trainer | Ep [002/500] T-Acc:  80.0%  V-Acc:  83.3%  V-AUROC: 0.9714  LR: 4.00e-05
2026-05-31 03:04:11,276 | [META    ] | INFO | meta_classifier_using.model_trainers.meta_trainer | Ep [003/500] T-Acc:  96.0%  V-Acc:  91.7%  V-AUROC: 1.0000  LR: 6.00e-05
2026-05-31 03:04:41,208 | [META    ] | INFO | meta_classifier_using.model_trainers.meta_trainer | Ep [004/500] T-Acc: 100.0%  V-Acc:  91.7%  V-AUROC: 1.0000  LR: 8.00e-05
2026-05-31 03:05:11,082 | [META    ] | INFO | meta_classifier_using.model_trainers.meta_trainer | Ep [005/500] T-Acc: 100.0%  V-Acc:  91.7%  V-AUROC: 1.0000  LR: 1.00e-04
2026-05-31 03:05:40,992 | [META    ] | INFO | meta_classifier_using.model_trainers.meta_trainer | Ep [006/500] T-Acc: 100.0%  V-Acc:  91.7%  V-AUROC: 1.0000  LR: 1.00e-04
2026-05-31 03:06:10,956 | [META    ] | INFO | meta_classifier_using.model_trainers.meta_trainer | Ep [007/500] T-Acc: 100.0%  V-Acc:  91.7%  V-AUROC: 1.0000  LR: 1.00e-04
2026-05-31 03:06:40,867 | [META    ] | INFO | meta_classifier_using.model_trainers.meta_trainer | Ep [008/500] T-Acc:  96.0%  V-Acc:  91.7%  V-AUROC: 1.0000  LR: 1.00e-04
2026-05-31 03:07:10,837 | [META    ] | INFO | meta_classifier_using.model_trainers.meta_trainer | Ep [009/500] T-Acc: 100.0%  V-Acc:  91.7%  V-AUROC: 1.0000  LR: 1.00e-04
2026-05-31 03:07:40,743 | [META    ] | INFO | meta_classifier_using.model_trainers.meta_trainer | Ep [010/500] T-Acc: 100.0%  V-Acc:  91.7%  V-AUROC: 1.0000  LR: 1.00e-04
2026-05-31 03:08:10,632 | [META    ] | INFO | meta_classifier_using.model_trainers.meta_trainer | Ep [011/500] T-Acc: 100.0%  V-Acc:  91.7%  V-AUROC: 1.0000  LR: 1.00e-04
2026-05-31 03:08:40,592 | [META    ] | INFO | meta_classifier_using.model_trainers.meta_trainer | Ep [012/500] T-Acc: 100.0%  V-Acc:  91.7%  V-AUROC: 1.0000  LR: 1.00e-04
2026-05-31 03:09:10,490 | [META    ] | INFO | meta_classifier_using.model_trainers.meta_trainer | Ep [013/500] T-Acc: 100.0%  V-Acc:  91.7%  V-AUROC: 1.0000  LR: 1.00e-04
2026-05-31 03:09:40,404 | [META    ] | INFO | meta_classifier_using.model_trainers.meta_trainer | Ep [014/500] T-Acc: 100.0%  V-Acc:  91.7%  V-AUROC: 1.0000  LR: 1.00e-04
2026-05-31 03:10:10,301 | [META    ] | INFO | meta_classifier_using.model_trainers.meta_trainer | Ep [015/500] T-Acc: 100.0%  V-Acc:  91.7%  V-AUROC: 1.0000  LR: 1.00e-04
2026-05-31 03:10:40,198 | [META    ] | INFO | meta_classifier_using.model_trainers.meta_trainer | Ep [016/500] T-Acc: 100.0%  V-Acc:  91.7%  V-AUROC: 1.0000  LR: 1.00e-04
2026-05-31 03:11:10,084 | [META    ] | INFO | meta_classifier_using.model_trainers.meta_trainer | Ep [017/500] T-Acc: 100.0%  V-Acc:  91.7%  V-AUROC: 1.0000  LR: 1.00e-04
2026-05-31 03:11:39,988 | [META    ] | INFO | meta_classifier_using.model_trainers.meta_trainer | Ep [018/500] T-Acc: 100.0%  V-Acc:  91.7%  V-AUROC: 1.0000  LR: 2.00e-05
2026-05-31 03:12:09,894 | [META    ] | INFO | meta_classifier_using.model_trainers.meta_trainer | Ep [019/500] T-Acc: 100.0%  V-Acc:  91.7%  V-AUROC: 1.0000  LR: 2.00e-05
2026-05-31 03:12:39,710 | [META    ] | INFO | meta_classifier_using.model_trainers.meta_trainer | Ep [020/500] T-Acc: 100.0%  V-Acc:  91.7%  V-AUROC: 1.0000  LR: 2.00e-05
2026-05-31 03:13:09,524 | [META    ] | INFO | meta_classifier_using.model_trainers.meta_trainer | Ep [021/500] T-Acc: 100.0%  V-Acc:  91.7%  V-AUROC: 1.0000  LR: 2.00e-05
2026-05-31 03:13:39,367 | [META    ] | INFO | meta_classifier_using.model_trainers.meta_trainer | Ep [022/500] T-Acc: 100.0%  V-Acc:  91.7%  V-AUROC: 1.0000  LR: 2.00e-05
2026-05-31 03:14:09,206 | [META    ] | INFO | meta_classifier_using.model_trainers.meta_trainer | Ep [023/500] T-Acc: 100.0%  V-Acc:  91.7%  V-AUROC: 1.0000  LR: 2.00e-05
2026-05-31 03:14:38,969 | [META    ] | INFO | meta_classifier_using.model_trainers.meta_trainer | Ep [024/500] T-Acc: 100.0%  V-Acc:  91.7%  V-AUROC: 1.0000  LR: 2.00e-05
2026-05-31 03:15:08,785 | [META    ] | INFO | meta_classifier_using.model_trainers.meta_trainer | Ep [025/500] T-Acc: 100.0%  V-Acc:  91.7%  V-AUROC: 1.0000  LR: 2.00e-05
2026-05-31 03:15:38,615 | [META    ] | INFO | meta_classifier_using.model_trainers.meta_trainer | Ep [026/500] T-Acc: 100.0%  V-Acc:  91.7%  V-AUROC: 1.0000  LR: 2.00e-05
2026-05-31 03:16:08,443 | [META    ] | INFO | meta_classifier_using.model_trainers.meta_trainer | Ep [027/500] T-Acc: 100.0%  V-Acc:  91.7%  V-AUROC: 1.0000  LR: 2.00e-05
2026-05-31 03:16:38,212 | [META    ] | INFO | meta_classifier_using.model_trainers.meta_trainer | Ep [028/500] T-Acc: 100.0%  V-Acc:  91.7%  V-AUROC: 1.0000  LR: 2.00e-05
2026-05-31 03:17:07,991 | [META    ] | INFO | meta_classifier_using.model_trainers.meta_trainer | Ep [029/500] T-Acc: 100.0%  V-Acc:  91.7%  V-AUROC: 1.0000  LR: 4.00e-06
2026-05-31 03:17:37,916 | [META    ] | INFO | meta_classifier_using.model_trainers.meta_trainer | Ep [030/500] T-Acc: 100.0%  V-Acc:  91.7%  V-AUROC: 1.0000  LR: 4.00e-06
2026-05-31 03:18:07,776 | [META    ] | INFO | meta_classifier_using.model_trainers.meta_trainer | Ep [031/500] T-Acc: 100.0%  V-Acc:  91.7%  V-AUROC: 1.0000  LR: 4.00e-06
2026-05-31 03:18:37,600 | [META    ] | INFO | meta_classifier_using.model_trainers.meta_trainer | Ep [032/500] T-Acc: 100.0%  V-Acc:  91.7%  V-AUROC: 1.0000  LR: 4.00e-06
2026-05-31 03:19:07,427 | [META    ] | INFO | meta_classifier_using.model_trainers.meta_trainer | Ep [033/500] T-Acc: 100.0%  V-Acc:  91.7%  V-AUROC: 1.0000  LR: 4.00e-06
2026-05-31 03:19:37,180 | [META    ] | INFO | meta_classifier_using.model_trainers.meta_trainer | Ep [034/500] T-Acc: 100.0%  V-Acc:  91.7%  V-AUROC: 1.0000  LR: 4.00e-06
2026-05-31 03:20:06,959 | [META    ] | INFO | meta_classifier_using.model_trainers.meta_trainer | Ep [035/500] T-Acc: 100.0%  V-Acc:  91.7%  V-AUROC: 1.0000  LR: 4.00e-06
2026-05-31 03:20:36,774 | [META    ] | INFO | meta_classifier_using.model_trainers.meta_trainer | Ep [036/500] T-Acc: 100.0%  V-Acc:  91.7%  V-AUROC: 1.0000  LR: 4.00e-06
2026-05-31 03:21:06,632 | [META    ] | INFO | meta_classifier_using.model_trainers.meta_trainer | Ep [037/500] T-Acc: 100.0%  V-Acc:  91.7%  V-AUROC: 1.0000  LR: 4.00e-06
2026-05-31 03:21:36,448 | [META    ] | INFO | meta_classifier_using.model_trainers.meta_trainer | Ep [038/500] T-Acc: 100.0%  V-Acc:  91.7%  V-AUROC: 1.0000  LR: 4.00e-06
2026-05-31 03:22:06,322 | [META    ] | INFO | meta_classifier_using.model_trainers.meta_trainer | Ep [039/500] T-Acc: 100.0%  V-Acc:  91.7%  V-AUROC: 1.0000  LR: 4.00e-06
2026-05-31 03:22:36,093 | [META    ] | INFO | meta_classifier_using.model_trainers.meta_trainer | Ep [040/500] T-Acc: 100.0%  V-Acc:  91.7%  V-AUROC: 1.0000  LR: 1.00e-06
2026-05-31 03:23:05,874 | [META    ] | INFO | meta_classifier_using.model_trainers.meta_trainer | Ep [041/500] T-Acc: 100.0%  V-Acc:  91.7%  V-AUROC: 1.0000  LR: 1.00e-06
2026-05-31 03:23:05,874 | [META    ] | INFO | meta_classifier_using.model_trainers.meta_trainer | Early stop — best AUROC 1.0000 at epoch 1 (no improvement for 40 epochs)
2026-05-31 03:23:05,874 | [META    ] | INFO | meta_classifier_using.model_trainers.meta_trainer | Done. Best AUROC: 1.0000 (epoch 1)
2026-05-31 03:23:13,792 | [META    ] | INFO | meta_classifier_using.evaluators.monte_carlo_evaluator | -> Fold 08 Result | Acc=0.917 Sens=0.857 Spec=1.000 AUROC=1.000 | optimal_thresh=1.000
2026-05-31 03:23:15,852 | [META    ] | INFO | meta_classifier_using.evaluators.monte_carlo_evaluator | === Fold 09/30 | train: 25 subj | test: 12 subj ===
2026-05-31 03:23:16,010 | [META    ] | INFO | meta_classifier_using.model_trainers.meta_trainer | Device: cuda | max_epochs=500 | batch=2 | es_patience=40 | lr=1e-04 | wd=1e-02
2026-05-31 03:23:16,012 | [META    ] | INFO | meta_classifier_using.model_trainers.meta_trainer | CE weights — HC: 1.562  MCI: 0.735
2026-05-31 03:23:54,204 | [META    ] | INFO | meta_classifier_using.model_trainers.meta_trainer | Ep [001/500] T-Acc:  68.0%  V-Acc:  50.0%  V-AUROC: 0.3056  LR: 2.00e-05
2026-05-31 03:23:54,497 | [META    ] | INFO | meta_classifier_using.model_trainers.meta_trainer |   ↳ new best AUROC; saved checkpoint: /home/leggo/AIResearch/VOGBasedMCIDetectionSystemMobileViTSingleExperimentInference/outputs/checkpoints/run_20260531_002841_meta/fold_08_best.pth
2026-05-31 03:24:24,369 | [META    ] | INFO | meta_classifier_using.model_trainers.meta_trainer | Ep [002/500] T-Acc:  68.0%  V-Acc:  50.0%  V-AUROC: 1.0000  LR: 4.00e-05
2026-05-31 03:24:26,145 | [META    ] | INFO | meta_classifier_using.model_trainers.meta_trainer |   ↳ new best AUROC; saved checkpoint: /home/leggo/AIResearch/VOGBasedMCIDetectionSystemMobileViTSingleExperimentInference/outputs/checkpoints/run_20260531_002841_meta/fold_08_best.pth
2026-05-31 03:24:56,016 | [META    ] | INFO | meta_classifier_using.model_trainers.meta_trainer | Ep [003/500] T-Acc:  76.0%  V-Acc: 100.0%  V-AUROC: 1.0000  LR: 6.00e-05
2026-05-31 03:25:25,798 | [META    ] | INFO | meta_classifier_using.model_trainers.meta_trainer | Ep [004/500] T-Acc:  84.0%  V-Acc: 100.0%  V-AUROC: 1.0000  LR: 8.00e-05
2026-05-31 03:25:55,559 | [META    ] | INFO | meta_classifier_using.model_trainers.meta_trainer | Ep [005/500] T-Acc:  92.0%  V-Acc:  91.7%  V-AUROC: 1.0000  LR: 1.00e-04
2026-05-31 03:26:25,407 | [META    ] | INFO | meta_classifier_using.model_trainers.meta_trainer | Ep [006/500] T-Acc:  88.0%  V-Acc: 100.0%  V-AUROC: 1.0000  LR: 1.00e-04
2026-05-31 03:26:55,157 | [META    ] | INFO | meta_classifier_using.model_trainers.meta_trainer | Ep [007/500] T-Acc:  96.0%  V-Acc:  91.7%  V-AUROC: 1.0000  LR: 1.00e-04
2026-05-31 03:27:24,911 | [META    ] | INFO | meta_classifier_using.model_trainers.meta_trainer | Ep [008/500] T-Acc:  96.0%  V-Acc: 100.0%  V-AUROC: 1.0000  LR: 1.00e-04
2026-05-31 03:27:54,746 | [META    ] | INFO | meta_classifier_using.model_trainers.meta_trainer | Ep [009/500] T-Acc: 100.0%  V-Acc:  91.7%  V-AUROC: 1.0000  LR: 1.00e-04
2026-05-31 03:28:24,574 | [META    ] | INFO | meta_classifier_using.model_trainers.meta_trainer | Ep [010/500] T-Acc:  96.0%  V-Acc:  91.7%  V-AUROC: 1.0000  LR: 1.00e-04
2026-05-31 03:28:54,373 | [META    ] | INFO | meta_classifier_using.model_trainers.meta_trainer | Ep [011/500] T-Acc: 100.0%  V-Acc:  91.7%  V-AUROC: 1.0000  LR: 1.00e-04
2026-05-31 03:29:24,195 | [META    ] | INFO | meta_classifier_using.model_trainers.meta_trainer | Ep [012/500] T-Acc: 100.0%  V-Acc:  91.7%  V-AUROC: 1.0000  LR: 1.00e-04
2026-05-31 03:29:54,021 | [META    ] | INFO | meta_classifier_using.model_trainers.meta_trainer | Ep [013/500] T-Acc: 100.0%  V-Acc:  91.7%  V-AUROC: 1.0000  LR: 1.00e-04
2026-05-31 03:30:23,786 | [META    ] | INFO | meta_classifier_using.model_trainers.meta_trainer | Ep [014/500] T-Acc: 100.0%  V-Acc:  91.7%  V-AUROC: 1.0000  LR: 1.00e-04
2026-05-31 03:30:53,535 | [META    ] | INFO | meta_classifier_using.model_trainers.meta_trainer | Ep [015/500] T-Acc: 100.0%  V-Acc:  91.7%  V-AUROC: 1.0000  LR: 1.00e-04
2026-05-31 03:31:23,341 | [META    ] | INFO | meta_classifier_using.model_trainers.meta_trainer | Ep [016/500] T-Acc: 100.0%  V-Acc: 100.0%  V-AUROC: 1.0000  LR: 1.00e-04
2026-05-31 03:31:53,172 | [META    ] | INFO | meta_classifier_using.model_trainers.meta_trainer | Ep [017/500] T-Acc: 100.0%  V-Acc: 100.0%  V-AUROC: 1.0000  LR: 1.00e-04
2026-05-31 03:32:22,946 | [META    ] | INFO | meta_classifier_using.model_trainers.meta_trainer | Ep [018/500] T-Acc: 100.0%  V-Acc: 100.0%  V-AUROC: 1.0000  LR: 2.00e-05
2026-05-31 03:32:52,724 | [META    ] | INFO | meta_classifier_using.model_trainers.meta_trainer | Ep [019/500] T-Acc: 100.0%  V-Acc: 100.0%  V-AUROC: 1.0000  LR: 2.00e-05
2026-05-31 03:33:22,585 | [META    ] | INFO | meta_classifier_using.model_trainers.meta_trainer | Ep [020/500] T-Acc: 100.0%  V-Acc: 100.0%  V-AUROC: 1.0000  LR: 2.00e-05
2026-05-31 03:33:52,382 | [META    ] | INFO | meta_classifier_using.model_trainers.meta_trainer | Ep [021/500] T-Acc: 100.0%  V-Acc: 100.0%  V-AUROC: 1.0000  LR: 2.00e-05
2026-05-31 03:34:22,178 | [META    ] | INFO | meta_classifier_using.model_trainers.meta_trainer | Ep [022/500] T-Acc: 100.0%  V-Acc:  91.7%  V-AUROC: 1.0000  LR: 2.00e-05
2026-05-31 03:34:52,192 | [META    ] | INFO | meta_classifier_using.model_trainers.meta_trainer | Ep [023/500] T-Acc: 100.0%  V-Acc: 100.0%  V-AUROC: 1.0000  LR: 2.00e-05
2026-05-31 03:35:22,173 | [META    ] | INFO | meta_classifier_using.model_trainers.meta_trainer | Ep [024/500] T-Acc: 100.0%  V-Acc: 100.0%  V-AUROC: 1.0000  LR: 2.00e-05
2026-05-31 03:35:52,189 | [META    ] | INFO | meta_classifier_using.model_trainers.meta_trainer | Ep [025/500] T-Acc: 100.0%  V-Acc: 100.0%  V-AUROC: 1.0000  LR: 2.00e-05
2026-05-31 03:36:22,141 | [META    ] | INFO | meta_classifier_using.model_trainers.meta_trainer | Ep [026/500] T-Acc: 100.0%  V-Acc:  91.7%  V-AUROC: 1.0000  LR: 2.00e-05
2026-05-31 03:36:52,171 | [META    ] | INFO | meta_classifier_using.model_trainers.meta_trainer | Ep [027/500] T-Acc: 100.0%  V-Acc: 100.0%  V-AUROC: 1.0000  LR: 2.00e-05
2026-05-31 03:37:22,199 | [META    ] | INFO | meta_classifier_using.model_trainers.meta_trainer | Ep [028/500] T-Acc: 100.0%  V-Acc: 100.0%  V-AUROC: 1.0000  LR: 2.00e-05
2026-05-31 03:37:52,196 | [META    ] | INFO | meta_classifier_using.model_trainers.meta_trainer | Ep [029/500] T-Acc: 100.0%  V-Acc: 100.0%  V-AUROC: 1.0000  LR: 4.00e-06
2026-05-31 03:38:22,148 | [META    ] | INFO | meta_classifier_using.model_trainers.meta_trainer | Ep [030/500] T-Acc: 100.0%  V-Acc: 100.0%  V-AUROC: 1.0000  LR: 4.00e-06
2026-05-31 03:38:52,118 | [META    ] | INFO | meta_classifier_using.model_trainers.meta_trainer | Ep [031/500] T-Acc: 100.0%  V-Acc: 100.0%  V-AUROC: 1.0000  LR: 4.00e-06
2026-05-31 03:39:22,079 | [META    ] | INFO | meta_classifier_using.model_trainers.meta_trainer | Ep [032/500] T-Acc: 100.0%  V-Acc: 100.0%  V-AUROC: 1.0000  LR: 4.00e-06
2026-05-31 03:39:51,968 | [META    ] | INFO | meta_classifier_using.model_trainers.meta_trainer | Ep [033/500] T-Acc: 100.0%  V-Acc: 100.0%  V-AUROC: 1.0000  LR: 4.00e-06
2026-05-31 03:40:21,919 | [META    ] | INFO | meta_classifier_using.model_trainers.meta_trainer | Ep [034/500] T-Acc: 100.0%  V-Acc: 100.0%  V-AUROC: 1.0000  LR: 4.00e-06
2026-05-31 03:40:52,015 | [META    ] | INFO | meta_classifier_using.model_trainers.meta_trainer | Ep [035/500] T-Acc: 100.0%  V-Acc: 100.0%  V-AUROC: 1.0000  LR: 4.00e-06
2026-05-31 03:41:21,999 | [META    ] | INFO | meta_classifier_using.model_trainers.meta_trainer | Ep [036/500] T-Acc: 100.0%  V-Acc: 100.0%  V-AUROC: 1.0000  LR: 4.00e-06
2026-05-31 03:41:51,984 | [META    ] | INFO | meta_classifier_using.model_trainers.meta_trainer | Ep [037/500] T-Acc: 100.0%  V-Acc: 100.0%  V-AUROC: 1.0000  LR: 4.00e-06
2026-05-31 03:42:22,016 | [META    ] | INFO | meta_classifier_using.model_trainers.meta_trainer | Ep [038/500] T-Acc: 100.0%  V-Acc: 100.0%  V-AUROC: 1.0000  LR: 4.00e-06
2026-05-31 03:42:51,996 | [META    ] | INFO | meta_classifier_using.model_trainers.meta_trainer | Ep [039/500] T-Acc: 100.0%  V-Acc: 100.0%  V-AUROC: 1.0000  LR: 4.00e-06
2026-05-31 03:43:21,984 | [META    ] | INFO | meta_classifier_using.model_trainers.meta_trainer | Ep [040/500] T-Acc: 100.0%  V-Acc:  91.7%  V-AUROC: 1.0000  LR: 1.00e-06
2026-05-31 03:43:51,992 | [META    ] | INFO | meta_classifier_using.model_trainers.meta_trainer | Ep [041/500] T-Acc:  96.0%  V-Acc:  91.7%  V-AUROC: 1.0000  LR: 1.00e-06
2026-05-31 03:44:21,946 | [META    ] | INFO | meta_classifier_using.model_trainers.meta_trainer | Ep [042/500] T-Acc: 100.0%  V-Acc: 100.0%  V-AUROC: 1.0000  LR: 1.00e-06
2026-05-31 03:44:21,947 | [META    ] | INFO | meta_classifier_using.model_trainers.meta_trainer | Early stop — best AUROC 1.0000 at epoch 2 (no improvement for 40 epochs)
2026-05-31 03:44:21,947 | [META    ] | INFO | meta_classifier_using.model_trainers.meta_trainer | Done. Best AUROC: 1.0000 (epoch 2)
2026-05-31 03:44:29,862 | [META    ] | INFO | meta_classifier_using.evaluators.monte_carlo_evaluator | -> Fold 09 Result | Acc=1.000 Sens=1.000 Spec=1.000 AUROC=1.000 | optimal_thresh=0.970
2026-05-31 03:44:31,930 | [META    ] | INFO | meta_classifier_using.evaluators.monte_carlo_evaluator | === Fold 10/30 | train: 25 subj | test: 12 subj ===
2026-05-31 03:44:32,086 | [META    ] | INFO | meta_classifier_using.model_trainers.meta_trainer | Device: cuda | max_epochs=500 | batch=2 | es_patience=40 | lr=1e-04 | wd=1e-02
2026-05-31 03:44:32,088 | [META    ] | INFO | meta_classifier_using.model_trainers.meta_trainer | CE weights — HC: 1.250  MCI: 0.833
2026-05-31 03:45:10,857 | [META    ] | INFO | meta_classifier_using.model_trainers.meta_trainer | Ep [001/500] T-Acc:  60.0%  V-Acc:  66.7%  V-AUROC: 1.0000  LR: 2.00e-05
2026-05-31 03:45:11,129 | [META    ] | INFO | meta_classifier_using.model_trainers.meta_trainer |   ↳ new best AUROC; saved checkpoint: /home/leggo/AIResearch/VOGBasedMCIDetectionSystemMobileViTSingleExperimentInference/outputs/checkpoints/run_20260531_002841_meta/fold_09_best.pth
2026-05-31 03:45:41,259 | [META    ] | INFO | meta_classifier_using.model_trainers.meta_trainer | Ep [002/500] T-Acc:  84.0%  V-Acc:  83.3%  V-AUROC: 1.0000  LR: 4.00e-05
2026-05-31 03:46:11,254 | [META    ] | INFO | meta_classifier_using.model_trainers.meta_trainer | Ep [003/500] T-Acc:  80.0%  V-Acc:  91.7%  V-AUROC: 1.0000  LR: 6.00e-05
2026-05-31 03:46:41,310 | [META    ] | INFO | meta_classifier_using.model_trainers.meta_trainer | Ep [004/500] T-Acc:  84.0%  V-Acc:  91.7%  V-AUROC: 1.0000  LR: 8.00e-05
2026-05-31 03:47:11,296 | [META    ] | INFO | meta_classifier_using.model_trainers.meta_trainer | Ep [005/500] T-Acc:  96.0%  V-Acc: 100.0%  V-AUROC: 1.0000  LR: 1.00e-04
2026-05-31 03:47:41,296 | [META    ] | INFO | meta_classifier_using.model_trainers.meta_trainer | Ep [006/500] T-Acc: 100.0%  V-Acc: 100.0%  V-AUROC: 1.0000  LR: 1.00e-04
2026-05-31 03:48:11,331 | [META    ] | INFO | meta_classifier_using.model_trainers.meta_trainer | Ep [007/500] T-Acc: 100.0%  V-Acc:  66.7%  V-AUROC: 1.0000  LR: 1.00e-04
2026-05-31 03:48:41,242 | [META    ] | INFO | meta_classifier_using.model_trainers.meta_trainer | Ep [008/500] T-Acc: 100.0%  V-Acc:  91.7%  V-AUROC: 1.0000  LR: 1.00e-04
2026-05-31 03:49:11,259 | [META    ] | INFO | meta_classifier_using.model_trainers.meta_trainer | Ep [009/500] T-Acc: 100.0%  V-Acc: 100.0%  V-AUROC: 1.0000  LR: 1.00e-04
2026-05-31 03:49:41,299 | [META    ] | INFO | meta_classifier_using.model_trainers.meta_trainer | Ep [010/500] T-Acc: 100.0%  V-Acc: 100.0%  V-AUROC: 1.0000  LR: 1.00e-04
2026-05-31 03:50:11,286 | [META    ] | INFO | meta_classifier_using.model_trainers.meta_trainer | Ep [011/500] T-Acc: 100.0%  V-Acc: 100.0%  V-AUROC: 1.0000  LR: 1.00e-04
2026-05-31 03:50:41,322 | [META    ] | INFO | meta_classifier_using.model_trainers.meta_trainer | Ep [012/500] T-Acc: 100.0%  V-Acc: 100.0%  V-AUROC: 1.0000  LR: 1.00e-04
2026-05-31 03:51:11,307 | [META    ] | INFO | meta_classifier_using.model_trainers.meta_trainer | Ep [013/500] T-Acc: 100.0%  V-Acc:  91.7%  V-AUROC: 1.0000  LR: 1.00e-04
2026-05-31 03:51:41,310 | [META    ] | INFO | meta_classifier_using.model_trainers.meta_trainer | Ep [014/500] T-Acc: 100.0%  V-Acc: 100.0%  V-AUROC: 1.0000  LR: 1.00e-04
2026-05-31 03:52:11,347 | [META    ] | INFO | meta_classifier_using.model_trainers.meta_trainer | Ep [015/500] T-Acc:  96.0%  V-Acc: 100.0%  V-AUROC: 1.0000  LR: 1.00e-04
2026-05-31 03:52:41,333 | [META    ] | INFO | meta_classifier_using.model_trainers.meta_trainer | Ep [016/500] T-Acc: 100.0%  V-Acc: 100.0%  V-AUROC: 1.0000  LR: 1.00e-04
2026-05-31 03:53:11,336 | [META    ] | INFO | meta_classifier_using.model_trainers.meta_trainer | Ep [017/500] T-Acc:  96.0%  V-Acc:  91.7%  V-AUROC: 1.0000  LR: 1.00e-04
2026-05-31 03:53:41,316 | [META    ] | INFO | meta_classifier_using.model_trainers.meta_trainer | Ep [018/500] T-Acc: 100.0%  V-Acc:  91.7%  V-AUROC: 1.0000  LR: 2.00e-05
2026-05-31 03:54:11,264 | [META    ] | INFO | meta_classifier_using.model_trainers.meta_trainer | Ep [019/500] T-Acc: 100.0%  V-Acc:  91.7%  V-AUROC: 1.0000  LR: 2.00e-05
2026-05-31 03:54:41,253 | [META    ] | INFO | meta_classifier_using.model_trainers.meta_trainer | Ep [020/500] T-Acc: 100.0%  V-Acc:  91.7%  V-AUROC: 1.0000  LR: 2.00e-05
2026-05-31 03:55:11,241 | [META    ] | INFO | meta_classifier_using.model_trainers.meta_trainer | Ep [021/500] T-Acc: 100.0%  V-Acc: 100.0%  V-AUROC: 1.0000  LR: 2.00e-05
2026-05-31 03:55:41,230 | [META    ] | INFO | meta_classifier_using.model_trainers.meta_trainer | Ep [022/500] T-Acc: 100.0%  V-Acc: 100.0%  V-AUROC: 1.0000  LR: 2.00e-05
2026-05-31 03:56:11,263 | [META    ] | INFO | meta_classifier_using.model_trainers.meta_trainer | Ep [023/500] T-Acc: 100.0%  V-Acc: 100.0%  V-AUROC: 1.0000  LR: 2.00e-05
2026-05-31 03:56:41,271 | [META    ] | INFO | meta_classifier_using.model_trainers.meta_trainer | Ep [024/500] T-Acc: 100.0%  V-Acc: 100.0%  V-AUROC: 1.0000  LR: 2.00e-05
2026-05-31 03:57:11,287 | [META    ] | INFO | meta_classifier_using.model_trainers.meta_trainer | Ep [025/500] T-Acc: 100.0%  V-Acc: 100.0%  V-AUROC: 1.0000  LR: 2.00e-05
2026-05-31 03:57:41,285 | [META    ] | INFO | meta_classifier_using.model_trainers.meta_trainer | Ep [026/500] T-Acc: 100.0%  V-Acc: 100.0%  V-AUROC: 1.0000  LR: 2.00e-05
2026-05-31 03:58:11,370 | [META    ] | INFO | meta_classifier_using.model_trainers.meta_trainer | Ep [027/500] T-Acc: 100.0%  V-Acc: 100.0%  V-AUROC: 1.0000  LR: 2.00e-05
2026-05-31 03:58:41,370 | [META    ] | INFO | meta_classifier_using.model_trainers.meta_trainer | Ep [028/500] T-Acc: 100.0%  V-Acc: 100.0%  V-AUROC: 1.0000  LR: 2.00e-05
2026-05-31 03:59:11,424 | [META    ] | INFO | meta_classifier_using.model_trainers.meta_trainer | Ep [029/500] T-Acc: 100.0%  V-Acc: 100.0%  V-AUROC: 1.0000  LR: 4.00e-06
2026-05-31 03:59:41,430 | [META    ] | INFO | meta_classifier_using.model_trainers.meta_trainer | Ep [030/500] T-Acc: 100.0%  V-Acc: 100.0%  V-AUROC: 1.0000  LR: 4.00e-06
2026-05-31 04:00:11,396 | [META    ] | INFO | meta_classifier_using.model_trainers.meta_trainer | Ep [031/500] T-Acc: 100.0%  V-Acc: 100.0%  V-AUROC: 1.0000  LR: 4.00e-06
2026-05-31 04:00:41,420 | [META    ] | INFO | meta_classifier_using.model_trainers.meta_trainer | Ep [032/500] T-Acc: 100.0%  V-Acc: 100.0%  V-AUROC: 1.0000  LR: 4.00e-06
2026-05-31 04:01:11,479 | [META    ] | INFO | meta_classifier_using.model_trainers.meta_trainer | Ep [033/500] T-Acc: 100.0%  V-Acc: 100.0%  V-AUROC: 1.0000  LR: 4.00e-06
2026-05-31 04:01:41,500 | [META    ] | INFO | meta_classifier_using.model_trainers.meta_trainer | Ep [034/500] T-Acc: 100.0%  V-Acc: 100.0%  V-AUROC: 1.0000  LR: 4.00e-06
2026-05-31 04:02:11,502 | [META    ] | INFO | meta_classifier_using.model_trainers.meta_trainer | Ep [035/500] T-Acc: 100.0%  V-Acc: 100.0%  V-AUROC: 1.0000  LR: 4.00e-06
2026-05-31 04:02:41,507 | [META    ] | INFO | meta_classifier_using.model_trainers.meta_trainer | Ep [036/500] T-Acc: 100.0%  V-Acc: 100.0%  V-AUROC: 1.0000  LR: 4.00e-06
2026-05-31 04:03:11,466 | [META    ] | INFO | meta_classifier_using.model_trainers.meta_trainer | Ep [037/500] T-Acc: 100.0%  V-Acc: 100.0%  V-AUROC: 1.0000  LR: 4.00e-06
2026-05-31 04:03:41,579 | [META    ] | INFO | meta_classifier_using.model_trainers.meta_trainer | Ep [038/500] T-Acc: 100.0%  V-Acc: 100.0%  V-AUROC: 1.0000  LR: 4.00e-06
2026-05-31 04:04:11,617 | [META    ] | INFO | meta_classifier_using.model_trainers.meta_trainer | Ep [039/500] T-Acc: 100.0%  V-Acc: 100.0%  V-AUROC: 1.0000  LR: 4.00e-06
2026-05-31 04:04:41,638 | [META    ] | INFO | meta_classifier_using.model_trainers.meta_trainer | Ep [040/500] T-Acc: 100.0%  V-Acc: 100.0%  V-AUROC: 1.0000  LR: 1.00e-06
2026-05-31 04:05:11,629 | [META    ] | INFO | meta_classifier_using.model_trainers.meta_trainer | Ep [041/500] T-Acc: 100.0%  V-Acc: 100.0%  V-AUROC: 1.0000  LR: 1.00e-06
2026-05-31 04:05:11,629 | [META    ] | INFO | meta_classifier_using.model_trainers.meta_trainer | Early stop — best AUROC 1.0000 at epoch 1 (no improvement for 40 epochs)
2026-05-31 04:05:11,629 | [META    ] | INFO | meta_classifier_using.model_trainers.meta_trainer | Done. Best AUROC: 1.0000 (epoch 1)
2026-05-31 04:05:19,543 | [META    ] | INFO | meta_classifier_using.evaluators.monte_carlo_evaluator | -> Fold 10 Result | Acc=1.000 Sens=1.000 Spec=1.000 AUROC=1.000 | optimal_thresh=0.998
2026-05-31 04:05:21,651 | [META    ] | INFO | meta_classifier_using.evaluators.monte_carlo_evaluator | === Fold 11/30 | train: 25 subj | test: 12 subj ===
2026-05-31 04:05:21,816 | [META    ] | INFO | meta_classifier_using.model_trainers.meta_trainer | Device: cuda | max_epochs=500 | batch=2 | es_patience=40 | lr=1e-04 | wd=1e-02
2026-05-31 04:05:21,818 | [META    ] | INFO | meta_classifier_using.model_trainers.meta_trainer | CE weights — HC: 1.562  MCI: 0.735
2026-05-31 04:06:00,553 | [META    ] | INFO | meta_classifier_using.model_trainers.meta_trainer | Ep [001/500] T-Acc:  48.0%  V-Acc:  50.0%  V-AUROC: 0.5556  LR: 2.00e-05
2026-05-31 04:06:00,820 | [META    ] | INFO | meta_classifier_using.model_trainers.meta_trainer |   ↳ new best AUROC; saved checkpoint: /home/leggo/AIResearch/VOGBasedMCIDetectionSystemMobileViTSingleExperimentInference/outputs/checkpoints/run_20260531_002841_meta/fold_10_best.pth
2026-05-31 04:06:30,916 | [META    ] | INFO | meta_classifier_using.model_trainers.meta_trainer | Ep [002/500] T-Acc:  76.0%  V-Acc:  58.3%  V-AUROC: 0.8611  LR: 4.00e-05
2026-05-31 04:06:33,072 | [META    ] | INFO | meta_classifier_using.model_trainers.meta_trainer |   ↳ new best AUROC; saved checkpoint: /home/leggo/AIResearch/VOGBasedMCIDetectionSystemMobileViTSingleExperimentInference/outputs/checkpoints/run_20260531_002841_meta/fold_10_best.pth
2026-05-31 04:07:03,363 | [META    ] | INFO | meta_classifier_using.model_trainers.meta_trainer | Ep [003/500] T-Acc:  96.0%  V-Acc:  91.7%  V-AUROC: 0.9167  LR: 6.00e-05
2026-05-31 04:07:05,690 | [META    ] | INFO | meta_classifier_using.model_trainers.meta_trainer |   ↳ new best AUROC; saved checkpoint: /home/leggo/AIResearch/VOGBasedMCIDetectionSystemMobileViTSingleExperimentInference/outputs/checkpoints/run_20260531_002841_meta/fold_10_best.pth
2026-05-31 04:07:35,888 | [META    ] | INFO | meta_classifier_using.model_trainers.meta_trainer | Ep [004/500] T-Acc:  96.0%  V-Acc:  91.7%  V-AUROC: 0.9444  LR: 8.00e-05
2026-05-31 04:07:37,894 | [META    ] | INFO | meta_classifier_using.model_trainers.meta_trainer |   ↳ new best AUROC; saved checkpoint: /home/leggo/AIResearch/VOGBasedMCIDetectionSystemMobileViTSingleExperimentInference/outputs/checkpoints/run_20260531_002841_meta/fold_10_best.pth
2026-05-31 04:08:08,155 | [META    ] | INFO | meta_classifier_using.model_trainers.meta_trainer | Ep [005/500] T-Acc: 100.0%  V-Acc:  91.7%  V-AUROC: 0.9444  LR: 1.00e-04
2026-05-31 04:08:38,150 | [META    ] | INFO | meta_classifier_using.model_trainers.meta_trainer | Ep [006/500] T-Acc:  96.0%  V-Acc:  91.7%  V-AUROC: 0.9444  LR: 1.00e-04
2026-05-31 04:09:08,121 | [META    ] | INFO | meta_classifier_using.model_trainers.meta_trainer | Ep [007/500] T-Acc: 100.0%  V-Acc:  91.7%  V-AUROC: 0.9444  LR: 1.00e-04
2026-05-31 04:09:38,075 | [META    ] | INFO | meta_classifier_using.model_trainers.meta_trainer | Ep [008/500] T-Acc: 100.0%  V-Acc:  91.7%  V-AUROC: 1.0000  LR: 1.00e-04
2026-05-31 04:09:40,054 | [META    ] | INFO | meta_classifier_using.model_trainers.meta_trainer |   ↳ new best AUROC; saved checkpoint: /home/leggo/AIResearch/VOGBasedMCIDetectionSystemMobileViTSingleExperimentInference/outputs/checkpoints/run_20260531_002841_meta/fold_10_best.pth
2026-05-31 04:10:10,017 | [META    ] | INFO | meta_classifier_using.model_trainers.meta_trainer | Ep [009/500] T-Acc: 100.0%  V-Acc:  91.7%  V-AUROC: 1.0000  LR: 1.00e-04
2026-05-31 04:10:39,875 | [META    ] | INFO | meta_classifier_using.model_trainers.meta_trainer | Ep [010/500] T-Acc: 100.0%  V-Acc:  91.7%  V-AUROC: 1.0000  LR: 1.00e-04
2026-05-31 04:11:09,755 | [META    ] | INFO | meta_classifier_using.model_trainers.meta_trainer | Ep [011/500] T-Acc: 100.0%  V-Acc:  91.7%  V-AUROC: 1.0000  LR: 1.00e-04
2026-05-31 04:11:39,674 | [META    ] | INFO | meta_classifier_using.model_trainers.meta_trainer | Ep [012/500] T-Acc: 100.0%  V-Acc:  91.7%  V-AUROC: 1.0000  LR: 1.00e-04
2026-05-31 04:12:09,540 | [META    ] | INFO | meta_classifier_using.model_trainers.meta_trainer | Ep [013/500] T-Acc: 100.0%  V-Acc:  91.7%  V-AUROC: 1.0000  LR: 1.00e-04
2026-05-31 04:12:39,438 | [META    ] | INFO | meta_classifier_using.model_trainers.meta_trainer | Ep [014/500] T-Acc: 100.0%  V-Acc:  91.7%  V-AUROC: 1.0000  LR: 1.00e-04
2026-05-31 04:13:09,311 | [META    ] | INFO | meta_classifier_using.model_trainers.meta_trainer | Ep [015/500] T-Acc: 100.0%  V-Acc:  91.7%  V-AUROC: 1.0000  LR: 1.00e-04
2026-05-31 04:13:39,205 | [META    ] | INFO | meta_classifier_using.model_trainers.meta_trainer | Ep [016/500] T-Acc: 100.0%  V-Acc:  91.7%  V-AUROC: 1.0000  LR: 1.00e-04
2026-05-31 04:14:09,040 | [META    ] | INFO | meta_classifier_using.model_trainers.meta_trainer | Ep [017/500] T-Acc: 100.0%  V-Acc:  91.7%  V-AUROC: 1.0000  LR: 1.00e-04
2026-05-31 04:14:38,963 | [META    ] | INFO | meta_classifier_using.model_trainers.meta_trainer | Ep [018/500] T-Acc: 100.0%  V-Acc:  91.7%  V-AUROC: 0.9444  LR: 1.00e-04
2026-05-31 04:15:08,806 | [META    ] | INFO | meta_classifier_using.model_trainers.meta_trainer | Ep [019/500] T-Acc: 100.0%  V-Acc:  91.7%  V-AUROC: 1.0000  LR: 1.00e-04
2026-05-31 04:15:38,735 | [META    ] | INFO | meta_classifier_using.model_trainers.meta_trainer | Ep [020/500] T-Acc: 100.0%  V-Acc:  91.7%  V-AUROC: 1.0000  LR: 2.00e-05
2026-05-31 04:16:08,742 | [META    ] | INFO | meta_classifier_using.model_trainers.meta_trainer | Ep [021/500] T-Acc: 100.0%  V-Acc:  91.7%  V-AUROC: 1.0000  LR: 2.00e-05
2026-05-31 04:16:38,654 | [META    ] | INFO | meta_classifier_using.model_trainers.meta_trainer | Ep [022/500] T-Acc: 100.0%  V-Acc:  91.7%  V-AUROC: 1.0000  LR: 2.00e-05
2026-05-31 04:17:08,535 | [META    ] | INFO | meta_classifier_using.model_trainers.meta_trainer | Ep [023/500] T-Acc: 100.0%  V-Acc:  91.7%  V-AUROC: 1.0000  LR: 2.00e-05
2026-05-31 04:17:38,414 | [META    ] | INFO | meta_classifier_using.model_trainers.meta_trainer | Ep [024/500] T-Acc: 100.0%  V-Acc:  91.7%  V-AUROC: 1.0000  LR: 2.00e-05
2026-05-31 04:18:08,289 | [META    ] | INFO | meta_classifier_using.model_trainers.meta_trainer | Ep [025/500] T-Acc:  96.0%  V-Acc:  91.7%  V-AUROC: 1.0000  LR: 2.00e-05
2026-05-31 04:18:38,192 | [META    ] | INFO | meta_classifier_using.model_trainers.meta_trainer | Ep [026/500] T-Acc: 100.0%  V-Acc:  91.7%  V-AUROC: 1.0000  LR: 2.00e-05
2026-05-31 04:19:08,098 | [META    ] | INFO | meta_classifier_using.model_trainers.meta_trainer | Ep [027/500] T-Acc: 100.0%  V-Acc:  91.7%  V-AUROC: 1.0000  LR: 2.00e-05
2026-05-31 04:19:37,504 | [META    ] | INFO | meta_classifier_using.model_trainers.meta_trainer | Ep [028/500] T-Acc: 100.0%  V-Acc:  91.7%  V-AUROC: 1.0000  LR: 2.00e-05
2026-05-31 04:20:06,736 | [META    ] | INFO | meta_classifier_using.model_trainers.meta_trainer | Ep [029/500] T-Acc: 100.0%  V-Acc:  91.7%  V-AUROC: 1.0000  LR: 2.00e-05
2026-05-31 04:20:35,943 | [META    ] | INFO | meta_classifier_using.model_trainers.meta_trainer | Ep [030/500] T-Acc: 100.0%  V-Acc:  91.7%  V-AUROC: 1.0000  LR: 2.00e-05
2026-05-31 04:21:05,152 | [META    ] | INFO | meta_classifier_using.model_trainers.meta_trainer | Ep [031/500] T-Acc: 100.0%  V-Acc:  91.7%  V-AUROC: 1.0000  LR: 4.00e-06
2026-05-31 04:21:34,353 | [META    ] | INFO | meta_classifier_using.model_trainers.meta_trainer | Ep [032/500] T-Acc: 100.0%  V-Acc:  91.7%  V-AUROC: 1.0000  LR: 4.00e-06
2026-05-31 04:22:03,548 | [META    ] | INFO | meta_classifier_using.model_trainers.meta_trainer | Ep [033/500] T-Acc: 100.0%  V-Acc:  91.7%  V-AUROC: 1.0000  LR: 4.00e-06
2026-05-31 04:22:32,743 | [META    ] | INFO | meta_classifier_using.model_trainers.meta_trainer | Ep [034/500] T-Acc: 100.0%  V-Acc:  91.7%  V-AUROC: 1.0000  LR: 4.00e-06
2026-05-31 04:23:01,954 | [META    ] | INFO | meta_classifier_using.model_trainers.meta_trainer | Ep [035/500] T-Acc: 100.0%  V-Acc:  91.7%  V-AUROC: 1.0000  LR: 4.00e-06
2026-05-31 04:23:31,169 | [META    ] | INFO | meta_classifier_using.model_trainers.meta_trainer | Ep [036/500] T-Acc: 100.0%  V-Acc:  91.7%  V-AUROC: 1.0000  LR: 4.00e-06
2026-05-31 04:24:00,363 | [META    ] | INFO | meta_classifier_using.model_trainers.meta_trainer | Ep [037/500] T-Acc: 100.0%  V-Acc:  91.7%  V-AUROC: 1.0000  LR: 4.00e-06
2026-05-31 04:24:29,548 | [META    ] | INFO | meta_classifier_using.model_trainers.meta_trainer | Ep [038/500] T-Acc: 100.0%  V-Acc:  91.7%  V-AUROC: 1.0000  LR: 4.00e-06
2026-05-31 04:24:58,760 | [META    ] | INFO | meta_classifier_using.model_trainers.meta_trainer | Ep [039/500] T-Acc: 100.0%  V-Acc:  91.7%  V-AUROC: 1.0000  LR: 4.00e-06
2026-05-31 04:25:27,964 | [META    ] | INFO | meta_classifier_using.model_trainers.meta_trainer | Ep [040/500] T-Acc: 100.0%  V-Acc:  91.7%  V-AUROC: 1.0000  LR: 4.00e-06
2026-05-31 04:25:57,167 | [META    ] | INFO | meta_classifier_using.model_trainers.meta_trainer | Ep [041/500] T-Acc: 100.0%  V-Acc:  91.7%  V-AUROC: 1.0000  LR: 4.00e-06
2026-05-31 04:26:26,374 | [META    ] | INFO | meta_classifier_using.model_trainers.meta_trainer | Ep [042/500] T-Acc: 100.0%  V-Acc:  91.7%  V-AUROC: 1.0000  LR: 1.00e-06
2026-05-31 04:26:55,556 | [META    ] | INFO | meta_classifier_using.model_trainers.meta_trainer | Ep [043/500] T-Acc: 100.0%  V-Acc:  91.7%  V-AUROC: 1.0000  LR: 1.00e-06
2026-05-31 04:27:24,773 | [META    ] | INFO | meta_classifier_using.model_trainers.meta_trainer | Ep [044/500] T-Acc: 100.0%  V-Acc:  91.7%  V-AUROC: 1.0000  LR: 1.00e-06
2026-05-31 04:27:53,981 | [META    ] | INFO | meta_classifier_using.model_trainers.meta_trainer | Ep [045/500] T-Acc: 100.0%  V-Acc:  91.7%  V-AUROC: 1.0000  LR: 1.00e-06
2026-05-31 04:28:23,175 | [META    ] | INFO | meta_classifier_using.model_trainers.meta_trainer | Ep [046/500] T-Acc: 100.0%  V-Acc:  91.7%  V-AUROC: 1.0000  LR: 1.00e-06
2026-05-31 04:28:52,388 | [META    ] | INFO | meta_classifier_using.model_trainers.meta_trainer | Ep [047/500] T-Acc: 100.0%  V-Acc:  91.7%  V-AUROC: 1.0000  LR: 1.00e-06
2026-05-31 04:29:21,594 | [META    ] | INFO | meta_classifier_using.model_trainers.meta_trainer | Ep [048/500] T-Acc: 100.0%  V-Acc:  91.7%  V-AUROC: 1.0000  LR: 1.00e-06
2026-05-31 04:29:21,595 | [META    ] | INFO | meta_classifier_using.model_trainers.meta_trainer | Early stop — best AUROC 1.0000 at epoch 8 (no improvement for 40 epochs)
2026-05-31 04:29:21,595 | [META    ] | INFO | meta_classifier_using.model_trainers.meta_trainer | Done. Best AUROC: 1.0000 (epoch 8)
2026-05-31 04:29:29,309 | [META    ] | INFO | meta_classifier_using.evaluators.monte_carlo_evaluator | -> Fold 11 Result | Acc=0.917 Sens=1.000 Spec=0.833 AUROC=0.944 | optimal_thresh=1.000
2026-05-31 04:29:31,363 | [META    ] | INFO | meta_classifier_using.evaluators.monte_carlo_evaluator | === Fold 12/30 | train: 25 subj | test: 12 subj ===
2026-05-31 04:29:31,519 | [META    ] | INFO | meta_classifier_using.model_trainers.meta_trainer | Device: cuda | max_epochs=500 | batch=2 | es_patience=40 | lr=1e-04 | wd=1e-02
2026-05-31 04:29:31,520 | [META    ] | INFO | meta_classifier_using.model_trainers.meta_trainer | CE weights — HC: 1.389  MCI: 0.781
2026-05-31 04:30:08,815 | [META    ] | INFO | meta_classifier_using.model_trainers.meta_trainer | Ep [001/500] T-Acc:  44.0%  V-Acc:  75.0%  V-AUROC: 0.9429  LR: 2.00e-05
2026-05-31 04:30:09,078 | [META    ] | INFO | meta_classifier_using.model_trainers.meta_trainer |   ↳ new best AUROC; saved checkpoint: /home/leggo/AIResearch/VOGBasedMCIDetectionSystemMobileViTSingleExperimentInference/outputs/checkpoints/run_20260531_002841_meta/fold_11_best.pth
2026-05-31 04:30:38,348 | [META    ] | INFO | meta_classifier_using.model_trainers.meta_trainer | Ep [002/500] T-Acc:  84.0%  V-Acc:  58.3%  V-AUROC: 0.8857  LR: 4.00e-05
2026-05-31 04:31:07,572 | [META    ] | INFO | meta_classifier_using.model_trainers.meta_trainer | Ep [003/500] T-Acc:  72.0%  V-Acc:  75.0%  V-AUROC: 1.0000  LR: 6.00e-05
2026-05-31 04:31:09,904 | [META    ] | INFO | meta_classifier_using.model_trainers.meta_trainer |   ↳ new best AUROC; saved checkpoint: /home/leggo/AIResearch/VOGBasedMCIDetectionSystemMobileViTSingleExperimentInference/outputs/checkpoints/run_20260531_002841_meta/fold_11_best.pth
2026-05-31 04:31:39,349 | [META    ] | INFO | meta_classifier_using.model_trainers.meta_trainer | Ep [004/500] T-Acc:  96.0%  V-Acc: 100.0%  V-AUROC: 1.0000  LR: 8.00e-05
2026-05-31 04:32:08,584 | [META    ] | INFO | meta_classifier_using.model_trainers.meta_trainer | Ep [005/500] T-Acc:  84.0%  V-Acc:  91.7%  V-AUROC: 1.0000  LR: 1.00e-04
2026-05-31 04:32:37,815 | [META    ] | INFO | meta_classifier_using.model_trainers.meta_trainer | Ep [006/500] T-Acc:  96.0%  V-Acc: 100.0%  V-AUROC: 1.0000  LR: 1.00e-04
2026-05-31 04:33:07,035 | [META    ] | INFO | meta_classifier_using.model_trainers.meta_trainer | Ep [007/500] T-Acc: 100.0%  V-Acc: 100.0%  V-AUROC: 1.0000  LR: 1.00e-04
2026-05-31 04:33:36,246 | [META    ] | INFO | meta_classifier_using.model_trainers.meta_trainer | Ep [008/500] T-Acc: 100.0%  V-Acc:  83.3%  V-AUROC: 1.0000  LR: 1.00e-04
2026-05-31 04:34:05,462 | [META    ] | INFO | meta_classifier_using.model_trainers.meta_trainer | Ep [009/500] T-Acc:  96.0%  V-Acc: 100.0%  V-AUROC: 1.0000  LR: 1.00e-04
2026-05-31 04:34:34,694 | [META    ] | INFO | meta_classifier_using.model_trainers.meta_trainer | Ep [010/500] T-Acc: 100.0%  V-Acc: 100.0%  V-AUROC: 1.0000  LR: 1.00e-04
2026-05-31 04:35:03,972 | [META    ] | INFO | meta_classifier_using.model_trainers.meta_trainer | Ep [011/500] T-Acc: 100.0%  V-Acc: 100.0%  V-AUROC: 1.0000  LR: 1.00e-04
2026-05-31 04:35:33,204 | [META    ] | INFO | meta_classifier_using.model_trainers.meta_trainer | Ep [012/500] T-Acc: 100.0%  V-Acc: 100.0%  V-AUROC: 1.0000  LR: 1.00e-04
2026-05-31 04:36:02,410 | [META    ] | INFO | meta_classifier_using.model_trainers.meta_trainer | Ep [013/500] T-Acc: 100.0%  V-Acc: 100.0%  V-AUROC: 1.0000  LR: 1.00e-04
2026-05-31 04:36:31,626 | [META    ] | INFO | meta_classifier_using.model_trainers.meta_trainer | Ep [014/500] T-Acc: 100.0%  V-Acc: 100.0%  V-AUROC: 1.0000  LR: 1.00e-04
2026-05-31 04:37:00,851 | [META    ] | INFO | meta_classifier_using.model_trainers.meta_trainer | Ep [015/500] T-Acc: 100.0%  V-Acc: 100.0%  V-AUROC: 1.0000  LR: 1.00e-04
2026-05-31 04:37:30,073 | [META    ] | INFO | meta_classifier_using.model_trainers.meta_trainer | Ep [016/500] T-Acc: 100.0%  V-Acc: 100.0%  V-AUROC: 1.0000  LR: 1.00e-04
2026-05-31 04:37:59,307 | [META    ] | INFO | meta_classifier_using.model_trainers.meta_trainer | Ep [017/500] T-Acc: 100.0%  V-Acc: 100.0%  V-AUROC: 1.0000  LR: 1.00e-04
2026-05-31 04:38:28,545 | [META    ] | INFO | meta_classifier_using.model_trainers.meta_trainer | Ep [018/500] T-Acc: 100.0%  V-Acc: 100.0%  V-AUROC: 1.0000  LR: 2.00e-05
2026-05-31 04:38:57,783 | [META    ] | INFO | meta_classifier_using.model_trainers.meta_trainer | Ep [019/500] T-Acc: 100.0%  V-Acc: 100.0%  V-AUROC: 1.0000  LR: 2.00e-05
2026-05-31 04:39:27,022 | [META    ] | INFO | meta_classifier_using.model_trainers.meta_trainer | Ep [020/500] T-Acc: 100.0%  V-Acc: 100.0%  V-AUROC: 1.0000  LR: 2.00e-05
2026-05-31 04:39:56,259 | [META    ] | INFO | meta_classifier_using.model_trainers.meta_trainer | Ep [021/500] T-Acc: 100.0%  V-Acc: 100.0%  V-AUROC: 1.0000  LR: 2.00e-05
2026-05-31 04:40:25,495 | [META    ] | INFO | meta_classifier_using.model_trainers.meta_trainer | Ep [022/500] T-Acc: 100.0%  V-Acc: 100.0%  V-AUROC: 1.0000  LR: 2.00e-05
2026-05-31 04:40:54,737 | [META    ] | INFO | meta_classifier_using.model_trainers.meta_trainer | Ep [023/500] T-Acc: 100.0%  V-Acc: 100.0%  V-AUROC: 1.0000  LR: 2.00e-05
2026-05-31 04:41:23,977 | [META    ] | INFO | meta_classifier_using.model_trainers.meta_trainer | Ep [024/500] T-Acc: 100.0%  V-Acc: 100.0%  V-AUROC: 1.0000  LR: 2.00e-05
2026-05-31 04:41:53,208 | [META    ] | INFO | meta_classifier_using.model_trainers.meta_trainer | Ep [025/500] T-Acc: 100.0%  V-Acc: 100.0%  V-AUROC: 1.0000  LR: 2.00e-05
2026-05-31 04:42:22,437 | [META    ] | INFO | meta_classifier_using.model_trainers.meta_trainer | Ep [026/500] T-Acc: 100.0%  V-Acc: 100.0%  V-AUROC: 1.0000  LR: 2.00e-05
2026-05-31 04:42:51,658 | [META    ] | INFO | meta_classifier_using.model_trainers.meta_trainer | Ep [027/500] T-Acc: 100.0%  V-Acc: 100.0%  V-AUROC: 1.0000  LR: 2.00e-05
2026-05-31 04:43:20,889 | [META    ] | INFO | meta_classifier_using.model_trainers.meta_trainer | Ep [028/500] T-Acc: 100.0%  V-Acc: 100.0%  V-AUROC: 1.0000  LR: 2.00e-05
2026-05-31 04:43:50,111 | [META    ] | INFO | meta_classifier_using.model_trainers.meta_trainer | Ep [029/500] T-Acc: 100.0%  V-Acc: 100.0%  V-AUROC: 1.0000  LR: 4.00e-06
2026-05-31 04:44:19,342 | [META    ] | INFO | meta_classifier_using.model_trainers.meta_trainer | Ep [030/500] T-Acc: 100.0%  V-Acc: 100.0%  V-AUROC: 1.0000  LR: 4.00e-06
2026-05-31 04:44:48,570 | [META    ] | INFO | meta_classifier_using.model_trainers.meta_trainer | Ep [031/500] T-Acc: 100.0%  V-Acc: 100.0%  V-AUROC: 1.0000  LR: 4.00e-06
2026-05-31 04:45:17,800 | [META    ] | INFO | meta_classifier_using.model_trainers.meta_trainer | Ep [032/500] T-Acc: 100.0%  V-Acc: 100.0%  V-AUROC: 1.0000  LR: 4.00e-06
2026-05-31 04:45:47,024 | [META    ] | INFO | meta_classifier_using.model_trainers.meta_trainer | Ep [033/500] T-Acc: 100.0%  V-Acc: 100.0%  V-AUROC: 1.0000  LR: 4.00e-06
2026-05-31 04:46:16,242 | [META    ] | INFO | meta_classifier_using.model_trainers.meta_trainer | Ep [034/500] T-Acc: 100.0%  V-Acc: 100.0%  V-AUROC: 1.0000  LR: 4.00e-06
2026-05-31 04:46:45,478 | [META    ] | INFO | meta_classifier_using.model_trainers.meta_trainer | Ep [035/500] T-Acc: 100.0%  V-Acc: 100.0%  V-AUROC: 1.0000  LR: 4.00e-06
2026-05-31 04:47:14,705 | [META    ] | INFO | meta_classifier_using.model_trainers.meta_trainer | Ep [036/500] T-Acc: 100.0%  V-Acc: 100.0%  V-AUROC: 1.0000  LR: 4.00e-06
2026-05-31 04:47:43,926 | [META    ] | INFO | meta_classifier_using.model_trainers.meta_trainer | Ep [037/500] T-Acc: 100.0%  V-Acc: 100.0%  V-AUROC: 1.0000  LR: 4.00e-06
2026-05-31 04:48:13,143 | [META    ] | INFO | meta_classifier_using.model_trainers.meta_trainer | Ep [038/500] T-Acc: 100.0%  V-Acc: 100.0%  V-AUROC: 1.0000  LR: 4.00e-06
2026-05-31 04:48:42,372 | [META    ] | INFO | meta_classifier_using.model_trainers.meta_trainer | Ep [039/500] T-Acc: 100.0%  V-Acc: 100.0%  V-AUROC: 1.0000  LR: 4.00e-06
2026-05-31 04:49:11,607 | [META    ] | INFO | meta_classifier_using.model_trainers.meta_trainer | Ep [040/500] T-Acc: 100.0%  V-Acc: 100.0%  V-AUROC: 1.0000  LR: 1.00e-06
2026-05-31 04:49:40,848 | [META    ] | INFO | meta_classifier_using.model_trainers.meta_trainer | Ep [041/500] T-Acc: 100.0%  V-Acc: 100.0%  V-AUROC: 1.0000  LR: 1.00e-06
2026-05-31 04:50:10,071 | [META    ] | INFO | meta_classifier_using.model_trainers.meta_trainer | Ep [042/500] T-Acc: 100.0%  V-Acc: 100.0%  V-AUROC: 1.0000  LR: 1.00e-06
2026-05-31 04:50:39,285 | [META    ] | INFO | meta_classifier_using.model_trainers.meta_trainer | Ep [043/500] T-Acc: 100.0%  V-Acc: 100.0%  V-AUROC: 1.0000  LR: 1.00e-06
2026-05-31 04:50:39,285 | [META    ] | INFO | meta_classifier_using.model_trainers.meta_trainer | Early stop — best AUROC 1.0000 at epoch 3 (no improvement for 40 epochs)
2026-05-31 04:50:39,285 | [META    ] | INFO | meta_classifier_using.model_trainers.meta_trainer | Done. Best AUROC: 1.0000 (epoch 3)
2026-05-31 04:50:47,024 | [META    ] | INFO | meta_classifier_using.evaluators.monte_carlo_evaluator | -> Fold 12 Result | Acc=1.000 Sens=1.000 Spec=1.000 AUROC=1.000 | optimal_thresh=1.000
2026-05-31 04:50:49,078 | [META    ] | INFO | meta_classifier_using.evaluators.monte_carlo_evaluator | === Fold 13/30 | train: 25 subj | test: 12 subj ===
2026-05-31 04:50:49,232 | [META    ] | INFO | meta_classifier_using.model_trainers.meta_trainer | Device: cuda | max_epochs=500 | batch=2 | es_patience=40 | lr=1e-04 | wd=1e-02
2026-05-31 04:50:49,234 | [META    ] | INFO | meta_classifier_using.model_trainers.meta_trainer | CE weights — HC: 1.786  MCI: 0.694
2026-05-31 04:51:26,497 | [META    ] | INFO | meta_classifier_using.model_trainers.meta_trainer | Ep [001/500] T-Acc:  68.0%  V-Acc:  41.7%  V-AUROC: 0.7714  LR: 2.00e-05
2026-05-31 04:51:26,754 | [META    ] | INFO | meta_classifier_using.model_trainers.meta_trainer |   ↳ new best AUROC; saved checkpoint: /home/leggo/AIResearch/VOGBasedMCIDetectionSystemMobileViTSingleExperimentInference/outputs/checkpoints/run_20260531_002841_meta/fold_12_best.pth
2026-05-31 04:51:56,005 | [META    ] | INFO | meta_classifier_using.model_trainers.meta_trainer | Ep [002/500] T-Acc:  72.0%  V-Acc:  41.7%  V-AUROC: 1.0000  LR: 4.00e-05
2026-05-31 04:51:58,003 | [META    ] | INFO | meta_classifier_using.model_trainers.meta_trainer |   ↳ new best AUROC; saved checkpoint: /home/leggo/AIResearch/VOGBasedMCIDetectionSystemMobileViTSingleExperimentInference/outputs/checkpoints/run_20260531_002841_meta/fold_12_best.pth
2026-05-31 04:52:27,320 | [META    ] | INFO | meta_classifier_using.model_trainers.meta_trainer | Ep [003/500] T-Acc:  80.0%  V-Acc: 100.0%  V-AUROC: 1.0000  LR: 6.00e-05
2026-05-31 04:52:56,586 | [META    ] | INFO | meta_classifier_using.model_trainers.meta_trainer | Ep [004/500] T-Acc:  84.0%  V-Acc:  91.7%  V-AUROC: 0.9714  LR: 8.00e-05
2026-05-31 04:53:25,829 | [META    ] | INFO | meta_classifier_using.model_trainers.meta_trainer | Ep [005/500] T-Acc:  96.0%  V-Acc:  83.3%  V-AUROC: 1.0000  LR: 1.00e-04
2026-05-31 04:53:55,068 | [META    ] | INFO | meta_classifier_using.model_trainers.meta_trainer | Ep [006/500] T-Acc:  96.0%  V-Acc:  91.7%  V-AUROC: 1.0000  LR: 1.00e-04
2026-05-31 04:54:24,281 | [META    ] | INFO | meta_classifier_using.model_trainers.meta_trainer | Ep [007/500] T-Acc:  92.0%  V-Acc:  66.7%  V-AUROC: 1.0000  LR: 1.00e-04
2026-05-31 04:54:53,500 | [META    ] | INFO | meta_classifier_using.model_trainers.meta_trainer | Ep [008/500] T-Acc:  96.0%  V-Acc:  91.7%  V-AUROC: 1.0000  LR: 1.00e-04
2026-05-31 04:55:22,731 | [META    ] | INFO | meta_classifier_using.model_trainers.meta_trainer | Ep [009/500] T-Acc:  96.0%  V-Acc:  83.3%  V-AUROC: 1.0000  LR: 1.00e-04
2026-05-31 04:55:51,951 | [META    ] | INFO | meta_classifier_using.model_trainers.meta_trainer | Ep [010/500] T-Acc: 100.0%  V-Acc:  83.3%  V-AUROC: 1.0000  LR: 1.00e-04
2026-05-31 04:56:21,198 | [META    ] | INFO | meta_classifier_using.model_trainers.meta_trainer | Ep [011/500] T-Acc: 100.0%  V-Acc:  83.3%  V-AUROC: 1.0000  LR: 1.00e-04
2026-05-31 04:56:50,418 | [META    ] | INFO | meta_classifier_using.model_trainers.meta_trainer | Ep [012/500] T-Acc: 100.0%  V-Acc:  91.7%  V-AUROC: 1.0000  LR: 1.00e-04
2026-05-31 04:57:19,643 | [META    ] | INFO | meta_classifier_using.model_trainers.meta_trainer | Ep [013/500] T-Acc: 100.0%  V-Acc:  91.7%  V-AUROC: 1.0000  LR: 1.00e-04
2026-05-31 04:57:48,878 | [META    ] | INFO | meta_classifier_using.model_trainers.meta_trainer | Ep [014/500] T-Acc:  96.0%  V-Acc:  83.3%  V-AUROC: 1.0000  LR: 1.00e-04
2026-05-31 04:58:18,101 | [META    ] | INFO | meta_classifier_using.model_trainers.meta_trainer | Ep [015/500] T-Acc: 100.0%  V-Acc:  66.7%  V-AUROC: 1.0000  LR: 1.00e-04
2026-05-31 04:58:47,319 | [META    ] | INFO | meta_classifier_using.model_trainers.meta_trainer | Ep [016/500] T-Acc:  96.0%  V-Acc:  83.3%  V-AUROC: 1.0000  LR: 1.00e-04
2026-05-31 04:59:16,538 | [META    ] | INFO | meta_classifier_using.model_trainers.meta_trainer | Ep [017/500] T-Acc: 100.0%  V-Acc:  91.7%  V-AUROC: 1.0000  LR: 1.00e-04
2026-05-31 04:59:45,765 | [META    ] | INFO | meta_classifier_using.model_trainers.meta_trainer | Ep [018/500] T-Acc: 100.0%  V-Acc:  91.7%  V-AUROC: 1.0000  LR: 2.00e-05
2026-05-31 05:00:15,009 | [META    ] | INFO | meta_classifier_using.model_trainers.meta_trainer | Ep [019/500] T-Acc: 100.0%  V-Acc:  91.7%  V-AUROC: 1.0000  LR: 2.00e-05
2026-05-31 05:00:44,266 | [META    ] | INFO | meta_classifier_using.model_trainers.meta_trainer | Ep [020/500] T-Acc: 100.0%  V-Acc:  83.3%  V-AUROC: 1.0000  LR: 2.00e-05
2026-05-31 05:01:13,501 | [META    ] | INFO | meta_classifier_using.model_trainers.meta_trainer | Ep [021/500] T-Acc: 100.0%  V-Acc:  83.3%  V-AUROC: 1.0000  LR: 2.00e-05
2026-05-31 05:01:42,715 | [META    ] | INFO | meta_classifier_using.model_trainers.meta_trainer | Ep [022/500] T-Acc: 100.0%  V-Acc:  91.7%  V-AUROC: 1.0000  LR: 2.00e-05
2026-05-31 05:02:11,945 | [META    ] | INFO | meta_classifier_using.model_trainers.meta_trainer | Ep [023/500] T-Acc: 100.0%  V-Acc:  83.3%  V-AUROC: 1.0000  LR: 2.00e-05
2026-05-31 05:02:41,159 | [META    ] | INFO | meta_classifier_using.model_trainers.meta_trainer | Ep [024/500] T-Acc: 100.0%  V-Acc:  91.7%  V-AUROC: 1.0000  LR: 2.00e-05
2026-05-31 05:03:10,381 | [META    ] | INFO | meta_classifier_using.model_trainers.meta_trainer | Ep [025/500] T-Acc: 100.0%  V-Acc:  83.3%  V-AUROC: 1.0000  LR: 2.00e-05
2026-05-31 05:03:39,599 | [META    ] | INFO | meta_classifier_using.model_trainers.meta_trainer | Ep [026/500] T-Acc: 100.0%  V-Acc:  83.3%  V-AUROC: 1.0000  LR: 2.00e-05
2026-05-31 05:04:08,825 | [META    ] | INFO | meta_classifier_using.model_trainers.meta_trainer | Ep [027/500] T-Acc: 100.0%  V-Acc:  91.7%  V-AUROC: 1.0000  LR: 2.00e-05
2026-05-31 05:04:38,049 | [META    ] | INFO | meta_classifier_using.model_trainers.meta_trainer | Ep [028/500] T-Acc: 100.0%  V-Acc:  91.7%  V-AUROC: 1.0000  LR: 2.00e-05
2026-05-31 05:05:07,273 | [META    ] | INFO | meta_classifier_using.model_trainers.meta_trainer | Ep [029/500] T-Acc: 100.0%  V-Acc:  83.3%  V-AUROC: 1.0000  LR: 4.00e-06
2026-05-31 05:05:36,500 | [META    ] | INFO | meta_classifier_using.model_trainers.meta_trainer | Ep [030/500] T-Acc: 100.0%  V-Acc:  83.3%  V-AUROC: 1.0000  LR: 4.00e-06
2026-05-31 05:06:05,728 | [META    ] | INFO | meta_classifier_using.model_trainers.meta_trainer | Ep [031/500] T-Acc: 100.0%  V-Acc:  83.3%  V-AUROC: 1.0000  LR: 4.00e-06
2026-05-31 05:06:34,964 | [META    ] | INFO | meta_classifier_using.model_trainers.meta_trainer | Ep [032/500] T-Acc: 100.0%  V-Acc:  83.3%  V-AUROC: 1.0000  LR: 4.00e-06
2026-05-31 05:07:04,183 | [META    ] | INFO | meta_classifier_using.model_trainers.meta_trainer | Ep [033/500] T-Acc: 100.0%  V-Acc:  91.7%  V-AUROC: 1.0000  LR: 4.00e-06
2026-05-31 05:07:33,398 | [META    ] | INFO | meta_classifier_using.model_trainers.meta_trainer | Ep [034/500] T-Acc: 100.0%  V-Acc:  83.3%  V-AUROC: 1.0000  LR: 4.00e-06
2026-05-31 05:08:02,619 | [META    ] | INFO | meta_classifier_using.model_trainers.meta_trainer | Ep [035/500] T-Acc: 100.0%  V-Acc:  83.3%  V-AUROC: 1.0000  LR: 4.00e-06
2026-05-31 05:08:31,838 | [META    ] | INFO | meta_classifier_using.model_trainers.meta_trainer | Ep [036/500] T-Acc: 100.0%  V-Acc:  83.3%  V-AUROC: 1.0000  LR: 4.00e-06
2026-05-31 05:09:01,068 | [META    ] | INFO | meta_classifier_using.model_trainers.meta_trainer | Ep [037/500] T-Acc: 100.0%  V-Acc:  83.3%  V-AUROC: 1.0000  LR: 4.00e-06
2026-05-31 05:09:30,285 | [META    ] | INFO | meta_classifier_using.model_trainers.meta_trainer | Ep [038/500] T-Acc: 100.0%  V-Acc:  83.3%  V-AUROC: 1.0000  LR: 4.00e-06
2026-05-31 05:09:59,511 | [META    ] | INFO | meta_classifier_using.model_trainers.meta_trainer | Ep [039/500] T-Acc: 100.0%  V-Acc:  83.3%  V-AUROC: 1.0000  LR: 4.00e-06
2026-05-31 05:10:28,726 | [META    ] | INFO | meta_classifier_using.model_trainers.meta_trainer | Ep [040/500] T-Acc: 100.0%  V-Acc:  83.3%  V-AUROC: 1.0000  LR: 1.00e-06
2026-05-31 05:10:57,955 | [META    ] | INFO | meta_classifier_using.model_trainers.meta_trainer | Ep [041/500] T-Acc: 100.0%  V-Acc:  83.3%  V-AUROC: 1.0000  LR: 1.00e-06
2026-05-31 05:11:27,183 | [META    ] | INFO | meta_classifier_using.model_trainers.meta_trainer | Ep [042/500] T-Acc: 100.0%  V-Acc:  83.3%  V-AUROC: 1.0000  LR: 1.00e-06
2026-05-31 05:11:27,183 | [META    ] | INFO | meta_classifier_using.model_trainers.meta_trainer | Early stop — best AUROC 1.0000 at epoch 2 (no improvement for 40 epochs)
2026-05-31 05:11:27,183 | [META    ] | INFO | meta_classifier_using.model_trainers.meta_trainer | Done. Best AUROC: 1.0000 (epoch 2)
2026-05-31 05:11:34,887 | [META    ] | INFO | meta_classifier_using.evaluators.monte_carlo_evaluator | -> Fold 13 Result | Acc=1.000 Sens=1.000 Spec=1.000 AUROC=1.000 | optimal_thresh=1.000
2026-05-31 05:11:36,933 | [META    ] | INFO | meta_classifier_using.evaluators.monte_carlo_evaluator | === Fold 14/30 | train: 25 subj | test: 12 subj ===
2026-05-31 05:11:37,088 | [META    ] | INFO | meta_classifier_using.model_trainers.meta_trainer | Device: cuda | max_epochs=500 | batch=2 | es_patience=40 | lr=1e-04 | wd=1e-02
2026-05-31 05:11:37,089 | [META    ] | INFO | meta_classifier_using.model_trainers.meta_trainer | CE weights — HC: 1.562  MCI: 0.735
2026-05-31 05:12:14,304 | [META    ] | INFO | meta_classifier_using.model_trainers.meta_trainer | Ep [001/500] T-Acc:  48.0%  V-Acc:  91.7%  V-AUROC: 1.0000  LR: 2.00e-05
2026-05-31 05:12:14,563 | [META    ] | INFO | meta_classifier_using.model_trainers.meta_trainer |   ↳ new best AUROC; saved checkpoint: /home/leggo/AIResearch/VOGBasedMCIDetectionSystemMobileViTSingleExperimentInference/outputs/checkpoints/run_20260531_002841_meta/fold_13_best.pth
2026-05-31 05:12:43,821 | [META    ] | INFO | meta_classifier_using.model_trainers.meta_trainer | Ep [002/500] T-Acc:  68.0%  V-Acc:  75.0%  V-AUROC: 1.0000  LR: 4.00e-05
2026-05-31 05:13:13,062 | [META    ] | INFO | meta_classifier_using.model_trainers.meta_trainer | Ep [003/500] T-Acc:  84.0%  V-Acc:  83.3%  V-AUROC: 1.0000  LR: 6.00e-05
2026-05-31 05:13:42,307 | [META    ] | INFO | meta_classifier_using.model_trainers.meta_trainer | Ep [004/500] T-Acc:  88.0%  V-Acc: 100.0%  V-AUROC: 1.0000  LR: 8.00e-05
2026-05-31 05:14:11,546 | [META    ] | INFO | meta_classifier_using.model_trainers.meta_trainer | Ep [005/500] T-Acc:  88.0%  V-Acc:  91.7%  V-AUROC: 1.0000  LR: 1.00e-04
2026-05-31 05:14:40,800 | [META    ] | INFO | meta_classifier_using.model_trainers.meta_trainer | Ep [006/500] T-Acc:  92.0%  V-Acc:  91.7%  V-AUROC: 1.0000  LR: 1.00e-04
2026-05-31 05:15:10,153 | [META    ] | INFO | meta_classifier_using.model_trainers.meta_trainer | Ep [007/500] T-Acc:  92.0%  V-Acc:  83.3%  V-AUROC: 1.0000  LR: 1.00e-04
2026-05-31 05:15:39,396 | [META    ] | INFO | meta_classifier_using.model_trainers.meta_trainer | Ep [008/500] T-Acc:  96.0%  V-Acc:  91.7%  V-AUROC: 1.0000  LR: 1.00e-04
2026-05-31 05:16:08,625 | [META    ] | INFO | meta_classifier_using.model_trainers.meta_trainer | Ep [009/500] T-Acc: 100.0%  V-Acc:  91.7%  V-AUROC: 1.0000  LR: 1.00e-04
2026-05-31 05:16:37,842 | [META    ] | INFO | meta_classifier_using.model_trainers.meta_trainer | Ep [010/500] T-Acc: 100.0%  V-Acc:  91.7%  V-AUROC: 1.0000  LR: 1.00e-04
2026-05-31 05:17:07,065 | [META    ] | INFO | meta_classifier_using.model_trainers.meta_trainer | Ep [011/500] T-Acc:  96.0%  V-Acc:  91.7%  V-AUROC: 1.0000  LR: 1.00e-04
2026-05-31 05:17:36,291 | [META    ] | INFO | meta_classifier_using.model_trainers.meta_trainer | Ep [012/500] T-Acc: 100.0%  V-Acc: 100.0%  V-AUROC: 1.0000  LR: 1.00e-04
2026-05-31 05:18:05,520 | [META    ] | INFO | meta_classifier_using.model_trainers.meta_trainer | Ep [013/500] T-Acc: 100.0%  V-Acc:  91.7%  V-AUROC: 1.0000  LR: 1.00e-04
2026-05-31 05:18:34,758 | [META    ] | INFO | meta_classifier_using.model_trainers.meta_trainer | Ep [014/500] T-Acc: 100.0%  V-Acc:  91.7%  V-AUROC: 1.0000  LR: 1.00e-04
2026-05-31 05:19:04,003 | [META    ] | INFO | meta_classifier_using.model_trainers.meta_trainer | Ep [015/500] T-Acc: 100.0%  V-Acc:  91.7%  V-AUROC: 1.0000  LR: 1.00e-04
2026-05-31 05:19:33,235 | [META    ] | INFO | meta_classifier_using.model_trainers.meta_trainer | Ep [016/500] T-Acc: 100.0%  V-Acc:  91.7%  V-AUROC: 1.0000  LR: 1.00e-04
2026-05-31 05:20:02,485 | [META    ] | INFO | meta_classifier_using.model_trainers.meta_trainer | Ep [017/500] T-Acc: 100.0%  V-Acc:  91.7%  V-AUROC: 1.0000  LR: 1.00e-04
2026-05-31 05:20:31,719 | [META    ] | INFO | meta_classifier_using.model_trainers.meta_trainer | Ep [018/500] T-Acc: 100.0%  V-Acc:  91.7%  V-AUROC: 1.0000  LR: 2.00e-05
2026-05-31 05:21:00,939 | [META    ] | INFO | meta_classifier_using.model_trainers.meta_trainer | Ep [019/500] T-Acc: 100.0%  V-Acc:  91.7%  V-AUROC: 1.0000  LR: 2.00e-05
2026-05-31 05:21:30,167 | [META    ] | INFO | meta_classifier_using.model_trainers.meta_trainer | Ep [020/500] T-Acc: 100.0%  V-Acc:  91.7%  V-AUROC: 1.0000  LR: 2.00e-05
2026-05-31 05:21:59,394 | [META    ] | INFO | meta_classifier_using.model_trainers.meta_trainer | Ep [021/500] T-Acc: 100.0%  V-Acc:  91.7%  V-AUROC: 1.0000  LR: 2.00e-05
2026-05-31 05:22:28,686 | [META    ] | INFO | meta_classifier_using.model_trainers.meta_trainer | Ep [022/500] T-Acc: 100.0%  V-Acc:  91.7%  V-AUROC: 1.0000  LR: 2.00e-05
2026-05-31 05:22:57,925 | [META    ] | INFO | meta_classifier_using.model_trainers.meta_trainer | Ep [023/500] T-Acc: 100.0%  V-Acc:  91.7%  V-AUROC: 1.0000  LR: 2.00e-05
2026-05-31 05:23:27,153 | [META    ] | INFO | meta_classifier_using.model_trainers.meta_trainer | Ep [024/500] T-Acc: 100.0%  V-Acc:  91.7%  V-AUROC: 1.0000  LR: 2.00e-05
2026-05-31 05:23:56,375 | [META    ] | INFO | meta_classifier_using.model_trainers.meta_trainer | Ep [025/500] T-Acc: 100.0%  V-Acc:  91.7%  V-AUROC: 1.0000  LR: 2.00e-05
2026-05-31 05:24:25,589 | [META    ] | INFO | meta_classifier_using.model_trainers.meta_trainer | Ep [026/500] T-Acc: 100.0%  V-Acc:  91.7%  V-AUROC: 1.0000  LR: 2.00e-05
2026-05-31 05:24:54,820 | [META    ] | INFO | meta_classifier_using.model_trainers.meta_trainer | Ep [027/500] T-Acc: 100.0%  V-Acc:  91.7%  V-AUROC: 1.0000  LR: 2.00e-05
2026-05-31 05:25:24,045 | [META    ] | INFO | meta_classifier_using.model_trainers.meta_trainer | Ep [028/500] T-Acc: 100.0%  V-Acc:  91.7%  V-AUROC: 1.0000  LR: 2.00e-05
2026-05-31 05:25:53,274 | [META    ] | INFO | meta_classifier_using.model_trainers.meta_trainer | Ep [029/500] T-Acc: 100.0%  V-Acc:  91.7%  V-AUROC: 1.0000  LR: 4.00e-06
2026-05-31 05:26:22,509 | [META    ] | INFO | meta_classifier_using.model_trainers.meta_trainer | Ep [030/500] T-Acc: 100.0%  V-Acc:  91.7%  V-AUROC: 1.0000  LR: 4.00e-06
2026-05-31 05:26:51,735 | [META    ] | INFO | meta_classifier_using.model_trainers.meta_trainer | Ep [031/500] T-Acc: 100.0%  V-Acc:  91.7%  V-AUROC: 1.0000  LR: 4.00e-06
2026-05-31 05:27:20,978 | [META    ] | INFO | meta_classifier_using.model_trainers.meta_trainer | Ep [032/500] T-Acc: 100.0%  V-Acc:  91.7%  V-AUROC: 1.0000  LR: 4.00e-06
2026-05-31 05:27:50,201 | [META    ] | INFO | meta_classifier_using.model_trainers.meta_trainer | Ep [033/500] T-Acc: 100.0%  V-Acc:  91.7%  V-AUROC: 1.0000  LR: 4.00e-06
2026-05-31 05:28:19,416 | [META    ] | INFO | meta_classifier_using.model_trainers.meta_trainer | Ep [034/500] T-Acc: 100.0%  V-Acc:  91.7%  V-AUROC: 1.0000  LR: 4.00e-06
2026-05-31 05:28:48,636 | [META    ] | INFO | meta_classifier_using.model_trainers.meta_trainer | Ep [035/500] T-Acc: 100.0%  V-Acc:  91.7%  V-AUROC: 1.0000  LR: 4.00e-06
2026-05-31 05:29:17,885 | [META    ] | INFO | meta_classifier_using.model_trainers.meta_trainer | Ep [036/500] T-Acc: 100.0%  V-Acc:  91.7%  V-AUROC: 1.0000  LR: 4.00e-06
2026-05-31 05:29:47,112 | [META    ] | INFO | meta_classifier_using.model_trainers.meta_trainer | Ep [037/500] T-Acc: 100.0%  V-Acc:  91.7%  V-AUROC: 1.0000  LR: 4.00e-06
2026-05-31 05:30:16,351 | [META    ] | INFO | meta_classifier_using.model_trainers.meta_trainer | Ep [038/500] T-Acc: 100.0%  V-Acc:  91.7%  V-AUROC: 1.0000  LR: 4.00e-06
2026-05-31 05:30:45,592 | [META    ] | INFO | meta_classifier_using.model_trainers.meta_trainer | Ep [039/500] T-Acc: 100.0%  V-Acc:  91.7%  V-AUROC: 1.0000  LR: 4.00e-06
2026-05-31 05:31:14,833 | [META    ] | INFO | meta_classifier_using.model_trainers.meta_trainer | Ep [040/500] T-Acc: 100.0%  V-Acc:  91.7%  V-AUROC: 1.0000  LR: 1.00e-06
2026-05-31 05:31:44,064 | [META    ] | INFO | meta_classifier_using.model_trainers.meta_trainer | Ep [041/500] T-Acc: 100.0%  V-Acc:  91.7%  V-AUROC: 1.0000  LR: 1.00e-06
2026-05-31 05:31:44,065 | [META    ] | INFO | meta_classifier_using.model_trainers.meta_trainer | Early stop — best AUROC 1.0000 at epoch 1 (no improvement for 40 epochs)
2026-05-31 05:31:44,066 | [META    ] | INFO | meta_classifier_using.model_trainers.meta_trainer | Done. Best AUROC: 1.0000 (epoch 1)
2026-05-31 05:31:51,807 | [META    ] | INFO | meta_classifier_using.evaluators.monte_carlo_evaluator | -> Fold 14 Result | Acc=1.000 Sens=1.000 Spec=1.000 AUROC=1.000 | optimal_thresh=1.000
2026-05-31 05:31:53,850 | [META    ] | INFO | meta_classifier_using.evaluators.monte_carlo_evaluator | === Fold 15/30 | train: 25 subj | test: 12 subj ===
2026-05-31 05:31:54,004 | [META    ] | INFO | meta_classifier_using.model_trainers.meta_trainer | Device: cuda | max_epochs=500 | batch=2 | es_patience=40 | lr=1e-04 | wd=1e-02
2026-05-31 05:31:54,005 | [META    ] | INFO | meta_classifier_using.model_trainers.meta_trainer | CE weights — HC: 1.250  MCI: 0.833
2026-05-31 05:32:31,277 | [META    ] | INFO | meta_classifier_using.model_trainers.meta_trainer | Ep [001/500] T-Acc:  52.0%  V-Acc:  66.7%  V-AUROC: 1.0000  LR: 2.00e-05
2026-05-31 05:32:31,532 | [META    ] | INFO | meta_classifier_using.model_trainers.meta_trainer |   ↳ new best AUROC; saved checkpoint: /home/leggo/AIResearch/VOGBasedMCIDetectionSystemMobileViTSingleExperimentInference/outputs/checkpoints/run_20260531_002841_meta/fold_14_best.pth
2026-05-31 05:33:00,790 | [META    ] | INFO | meta_classifier_using.model_trainers.meta_trainer | Ep [002/500] T-Acc:  72.0%  V-Acc: 100.0%  V-AUROC: 1.0000  LR: 4.00e-05
2026-05-31 05:33:30,039 | [META    ] | INFO | meta_classifier_using.model_trainers.meta_trainer | Ep [003/500] T-Acc:  92.0%  V-Acc: 100.0%  V-AUROC: 1.0000  LR: 6.00e-05
2026-05-31 05:33:59,291 | [META    ] | INFO | meta_classifier_using.model_trainers.meta_trainer | Ep [004/500] T-Acc:  92.0%  V-Acc: 100.0%  V-AUROC: 1.0000  LR: 8.00e-05
2026-05-31 05:34:28,539 | [META    ] | INFO | meta_classifier_using.model_trainers.meta_trainer | Ep [005/500] T-Acc:  96.0%  V-Acc: 100.0%  V-AUROC: 1.0000  LR: 1.00e-04
2026-05-31 05:34:57,778 | [META    ] | INFO | meta_classifier_using.model_trainers.meta_trainer | Ep [006/500] T-Acc: 100.0%  V-Acc:  91.7%  V-AUROC: 1.0000  LR: 1.00e-04
2026-05-31 05:35:27,030 | [META    ] | INFO | meta_classifier_using.model_trainers.meta_trainer | Ep [007/500] T-Acc:  96.0%  V-Acc: 100.0%  V-AUROC: 1.0000  LR: 1.00e-04
2026-05-31 05:35:56,248 | [META    ] | INFO | meta_classifier_using.model_trainers.meta_trainer | Ep [008/500] T-Acc: 100.0%  V-Acc: 100.0%  V-AUROC: 1.0000  LR: 1.00e-04
2026-05-31 05:36:25,473 | [META    ] | INFO | meta_classifier_using.model_trainers.meta_trainer | Ep [009/500] T-Acc: 100.0%  V-Acc: 100.0%  V-AUROC: 1.0000  LR: 1.00e-04
2026-05-31 05:36:54,698 | [META    ] | INFO | meta_classifier_using.model_trainers.meta_trainer | Ep [010/500] T-Acc: 100.0%  V-Acc:  91.7%  V-AUROC: 1.0000  LR: 1.00e-04
2026-05-31 05:37:23,918 | [META    ] | INFO | meta_classifier_using.model_trainers.meta_trainer | Ep [011/500] T-Acc: 100.0%  V-Acc: 100.0%  V-AUROC: 1.0000  LR: 1.00e-04
2026-05-31 05:37:53,138 | [META    ] | INFO | meta_classifier_using.model_trainers.meta_trainer | Ep [012/500] T-Acc: 100.0%  V-Acc:  91.7%  V-AUROC: 1.0000  LR: 1.00e-04
2026-05-31 05:38:22,357 | [META    ] | INFO | meta_classifier_using.model_trainers.meta_trainer | Ep [013/500] T-Acc: 100.0%  V-Acc: 100.0%  V-AUROC: 1.0000  LR: 1.00e-04
2026-05-31 05:38:51,577 | [META    ] | INFO | meta_classifier_using.model_trainers.meta_trainer | Ep [014/500] T-Acc: 100.0%  V-Acc: 100.0%  V-AUROC: 1.0000  LR: 1.00e-04
2026-05-31 05:39:20,814 | [META    ] | INFO | meta_classifier_using.model_trainers.meta_trainer | Ep [015/500] T-Acc: 100.0%  V-Acc: 100.0%  V-AUROC: 1.0000  LR: 1.00e-04
2026-05-31 05:39:50,044 | [META    ] | INFO | meta_classifier_using.model_trainers.meta_trainer | Ep [016/500] T-Acc: 100.0%  V-Acc: 100.0%  V-AUROC: 1.0000  LR: 1.00e-04
2026-05-31 05:40:19,280 | [META    ] | INFO | meta_classifier_using.model_trainers.meta_trainer | Ep [017/500] T-Acc: 100.0%  V-Acc: 100.0%  V-AUROC: 1.0000  LR: 1.00e-04
2026-05-31 05:40:48,510 | [META    ] | INFO | meta_classifier_using.model_trainers.meta_trainer | Ep [018/500] T-Acc: 100.0%  V-Acc: 100.0%  V-AUROC: 1.0000  LR: 2.00e-05
2026-05-31 05:41:17,735 | [META    ] | INFO | meta_classifier_using.model_trainers.meta_trainer | Ep [019/500] T-Acc: 100.0%  V-Acc: 100.0%  V-AUROC: 1.0000  LR: 2.00e-05
2026-05-31 05:41:46,962 | [META    ] | INFO | meta_classifier_using.model_trainers.meta_trainer | Ep [020/500] T-Acc: 100.0%  V-Acc: 100.0%  V-AUROC: 1.0000  LR: 2.00e-05
2026-05-31 05:42:16,198 | [META    ] | INFO | meta_classifier_using.model_trainers.meta_trainer | Ep [021/500] T-Acc: 100.0%  V-Acc: 100.0%  V-AUROC: 1.0000  LR: 2.00e-05
2026-05-31 05:42:45,409 | [META    ] | INFO | meta_classifier_using.model_trainers.meta_trainer | Ep [022/500] T-Acc: 100.0%  V-Acc: 100.0%  V-AUROC: 1.0000  LR: 2.00e-05
2026-05-31 05:43:14,623 | [META    ] | INFO | meta_classifier_using.model_trainers.meta_trainer | Ep [023/500] T-Acc: 100.0%  V-Acc: 100.0%  V-AUROC: 1.0000  LR: 2.00e-05
2026-05-31 05:43:43,841 | [META    ] | INFO | meta_classifier_using.model_trainers.meta_trainer | Ep [024/500] T-Acc: 100.0%  V-Acc: 100.0%  V-AUROC: 1.0000  LR: 2.00e-05
2026-05-31 05:44:13,061 | [META    ] | INFO | meta_classifier_using.model_trainers.meta_trainer | Ep [025/500] T-Acc: 100.0%  V-Acc: 100.0%  V-AUROC: 1.0000  LR: 2.00e-05
2026-05-31 05:44:42,277 | [META    ] | INFO | meta_classifier_using.model_trainers.meta_trainer | Ep [026/500] T-Acc: 100.0%  V-Acc: 100.0%  V-AUROC: 1.0000  LR: 2.00e-05
2026-05-31 05:45:11,490 | [META    ] | INFO | meta_classifier_using.model_trainers.meta_trainer | Ep [027/500] T-Acc: 100.0%  V-Acc: 100.0%  V-AUROC: 1.0000  LR: 2.00e-05
2026-05-31 05:45:40,696 | [META    ] | INFO | meta_classifier_using.model_trainers.meta_trainer | Ep [028/500] T-Acc: 100.0%  V-Acc:  91.7%  V-AUROC: 1.0000  LR: 2.00e-05
2026-05-31 05:46:09,918 | [META    ] | INFO | meta_classifier_using.model_trainers.meta_trainer | Ep [029/500] T-Acc: 100.0%  V-Acc:  91.7%  V-AUROC: 1.0000  LR: 4.00e-06
2026-05-31 05:46:39,143 | [META    ] | INFO | meta_classifier_using.model_trainers.meta_trainer | Ep [030/500] T-Acc: 100.0%  V-Acc: 100.0%  V-AUROC: 1.0000  LR: 4.00e-06
2026-05-31 05:47:08,359 | [META    ] | INFO | meta_classifier_using.model_trainers.meta_trainer | Ep [031/500] T-Acc: 100.0%  V-Acc: 100.0%  V-AUROC: 1.0000  LR: 4.00e-06
2026-05-31 05:47:37,578 | [META    ] | INFO | meta_classifier_using.model_trainers.meta_trainer | Ep [032/500] T-Acc: 100.0%  V-Acc: 100.0%  V-AUROC: 1.0000  LR: 4.00e-06
2026-05-31 05:48:06,807 | [META    ] | INFO | meta_classifier_using.model_trainers.meta_trainer | Ep [033/500] T-Acc: 100.0%  V-Acc: 100.0%  V-AUROC: 1.0000  LR: 4.00e-06
2026-05-31 05:48:36,036 | [META    ] | INFO | meta_classifier_using.model_trainers.meta_trainer | Ep [034/500] T-Acc: 100.0%  V-Acc: 100.0%  V-AUROC: 1.0000  LR: 4.00e-06
2026-05-31 05:49:05,249 | [META    ] | INFO | meta_classifier_using.model_trainers.meta_trainer | Ep [035/500] T-Acc: 100.0%  V-Acc: 100.0%  V-AUROC: 1.0000  LR: 4.00e-06
2026-05-31 05:49:34,466 | [META    ] | INFO | meta_classifier_using.model_trainers.meta_trainer | Ep [036/500] T-Acc: 100.0%  V-Acc: 100.0%  V-AUROC: 1.0000  LR: 4.00e-06
2026-05-31 05:50:03,682 | [META    ] | INFO | meta_classifier_using.model_trainers.meta_trainer | Ep [037/500] T-Acc: 100.0%  V-Acc: 100.0%  V-AUROC: 1.0000  LR: 4.00e-06
2026-05-31 05:50:32,895 | [META    ] | INFO | meta_classifier_using.model_trainers.meta_trainer | Ep [038/500] T-Acc: 100.0%  V-Acc: 100.0%  V-AUROC: 1.0000  LR: 4.00e-06
2026-05-31 05:51:02,102 | [META    ] | INFO | meta_classifier_using.model_trainers.meta_trainer | Ep [039/500] T-Acc: 100.0%  V-Acc: 100.0%  V-AUROC: 1.0000  LR: 4.00e-06
2026-05-31 05:51:31,340 | [META    ] | INFO | meta_classifier_using.model_trainers.meta_trainer | Ep [040/500] T-Acc: 100.0%  V-Acc: 100.0%  V-AUROC: 1.0000  LR: 1.00e-06
2026-05-31 05:52:00,540 | [META    ] | INFO | meta_classifier_using.model_trainers.meta_trainer | Ep [041/500] T-Acc: 100.0%  V-Acc: 100.0%  V-AUROC: 1.0000  LR: 1.00e-06
2026-05-31 05:52:00,540 | [META    ] | INFO | meta_classifier_using.model_trainers.meta_trainer | Early stop — best AUROC 1.0000 at epoch 1 (no improvement for 40 epochs)
2026-05-31 05:52:00,540 | [META    ] | INFO | meta_classifier_using.model_trainers.meta_trainer | Done. Best AUROC: 1.0000 (epoch 1)
2026-05-31 05:52:08,247 | [META    ] | INFO | meta_classifier_using.evaluators.monte_carlo_evaluator | -> Fold 15 Result | Acc=1.000 Sens=1.000 Spec=1.000 AUROC=1.000 | optimal_thresh=0.943
2026-05-31 05:52:10,301 | [META    ] | INFO | meta_classifier_using.evaluators.monte_carlo_evaluator | === Fold 16/30 | train: 25 subj | test: 12 subj ===
2026-05-31 05:52:10,455 | [META    ] | INFO | meta_classifier_using.model_trainers.meta_trainer | Device: cuda | max_epochs=500 | batch=2 | es_patience=40 | lr=1e-04 | wd=1e-02
2026-05-31 05:52:10,457 | [META    ] | INFO | meta_classifier_using.model_trainers.meta_trainer | CE weights — HC: 1.562  MCI: 0.735
2026-05-31 05:52:47,708 | [META    ] | INFO | meta_classifier_using.model_trainers.meta_trainer | Ep [001/500] T-Acc:  40.0%  V-Acc:  66.7%  V-AUROC: 0.8889  LR: 2.00e-05
2026-05-31 05:52:47,961 | [META    ] | INFO | meta_classifier_using.model_trainers.meta_trainer |   ↳ new best AUROC; saved checkpoint: /home/leggo/AIResearch/VOGBasedMCIDetectionSystemMobileViTSingleExperimentInference/outputs/checkpoints/run_20260531_002841_meta/fold_15_best.pth
2026-05-31 05:53:17,245 | [META    ] | INFO | meta_classifier_using.model_trainers.meta_trainer | Ep [002/500] T-Acc:  84.0%  V-Acc:  83.3%  V-AUROC: 0.9722  LR: 4.00e-05
2026-05-31 05:53:19,186 | [META    ] | INFO | meta_classifier_using.model_trainers.meta_trainer |   ↳ new best AUROC; saved checkpoint: /home/leggo/AIResearch/VOGBasedMCIDetectionSystemMobileViTSingleExperimentInference/outputs/checkpoints/run_20260531_002841_meta/fold_15_best.pth
2026-05-31 05:53:48,520 | [META    ] | INFO | meta_classifier_using.model_trainers.meta_trainer | Ep [003/500] T-Acc:  88.0%  V-Acc:  91.7%  V-AUROC: 0.8889  LR: 6.00e-05
2026-05-31 05:54:17,777 | [META    ] | INFO | meta_classifier_using.model_trainers.meta_trainer | Ep [004/500] T-Acc:  92.0%  V-Acc:  91.7%  V-AUROC: 0.9444  LR: 8.00e-05
2026-05-31 05:54:47,026 | [META    ] | INFO | meta_classifier_using.model_trainers.meta_trainer | Ep [005/500] T-Acc:  96.0%  V-Acc:  91.7%  V-AUROC: 1.0000  LR: 1.00e-04
2026-05-31 05:54:49,109 | [META    ] | INFO | meta_classifier_using.model_trainers.meta_trainer |   ↳ new best AUROC; saved checkpoint: /home/leggo/AIResearch/VOGBasedMCIDetectionSystemMobileViTSingleExperimentInference/outputs/checkpoints/run_20260531_002841_meta/fold_15_best.pth
2026-05-31 05:55:18,418 | [META    ] | INFO | meta_classifier_using.model_trainers.meta_trainer | Ep [006/500] T-Acc: 100.0%  V-Acc:  91.7%  V-AUROC: 1.0000  LR: 1.00e-04
2026-05-31 05:55:47,661 | [META    ] | INFO | meta_classifier_using.model_trainers.meta_trainer | Ep [007/500] T-Acc:  96.0%  V-Acc:  91.7%  V-AUROC: 0.9722  LR: 1.00e-04
2026-05-31 05:56:16,906 | [META    ] | INFO | meta_classifier_using.model_trainers.meta_trainer | Ep [008/500] T-Acc: 100.0%  V-Acc:  91.7%  V-AUROC: 1.0000  LR: 1.00e-04
2026-05-31 05:56:46,126 | [META    ] | INFO | meta_classifier_using.model_trainers.meta_trainer | Ep [009/500] T-Acc: 100.0%  V-Acc:  91.7%  V-AUROC: 1.0000  LR: 1.00e-04
2026-05-31 05:57:15,359 | [META    ] | INFO | meta_classifier_using.model_trainers.meta_trainer | Ep [010/500] T-Acc: 100.0%  V-Acc:  91.7%  V-AUROC: 1.0000  LR: 1.00e-04
2026-05-31 05:57:44,590 | [META    ] | INFO | meta_classifier_using.model_trainers.meta_trainer | Ep [011/500] T-Acc: 100.0%  V-Acc:  91.7%  V-AUROC: 1.0000  LR: 1.00e-04
2026-05-31 05:58:13,828 | [META    ] | INFO | meta_classifier_using.model_trainers.meta_trainer | Ep [012/500] T-Acc:  96.0%  V-Acc:  91.7%  V-AUROC: 1.0000  LR: 1.00e-04
2026-05-31 05:58:43,071 | [META    ] | INFO | meta_classifier_using.model_trainers.meta_trainer | Ep [013/500] T-Acc: 100.0%  V-Acc:  91.7%  V-AUROC: 0.9167  LR: 1.00e-04
2026-05-31 05:59:12,320 | [META    ] | INFO | meta_classifier_using.model_trainers.meta_trainer | Ep [014/500] T-Acc: 100.0%  V-Acc:  91.7%  V-AUROC: 0.9167  LR: 1.00e-04
2026-05-31 05:59:41,565 | [META    ] | INFO | meta_classifier_using.model_trainers.meta_trainer | Ep [015/500] T-Acc: 100.0%  V-Acc:  91.7%  V-AUROC: 1.0000  LR: 1.00e-04
2026-05-31 06:00:10,821 | [META    ] | INFO | meta_classifier_using.model_trainers.meta_trainer | Ep [016/500] T-Acc: 100.0%  V-Acc:  91.7%  V-AUROC: 1.0000  LR: 1.00e-04
2026-05-31 06:00:40,072 | [META    ] | INFO | meta_classifier_using.model_trainers.meta_trainer | Ep [017/500] T-Acc: 100.0%  V-Acc:  91.7%  V-AUROC: 1.0000  LR: 1.00e-04
2026-05-31 06:01:09,552 | [META    ] | INFO | meta_classifier_using.model_trainers.meta_trainer | Ep [018/500] T-Acc: 100.0%  V-Acc:  91.7%  V-AUROC: 1.0000  LR: 2.00e-05
2026-05-31 06:01:39,106 | [META    ] | INFO | meta_classifier_using.model_trainers.meta_trainer | Ep [019/500] T-Acc: 100.0%  V-Acc:  91.7%  V-AUROC: 1.0000  LR: 2.00e-05
2026-05-31 06:02:08,530 | [META    ] | INFO | meta_classifier_using.model_trainers.meta_trainer | Ep [020/500] T-Acc: 100.0%  V-Acc:  91.7%  V-AUROC: 1.0000  LR: 2.00e-05
2026-05-31 06:02:37,756 | [META    ] | INFO | meta_classifier_using.model_trainers.meta_trainer | Ep [021/500] T-Acc: 100.0%  V-Acc:  91.7%  V-AUROC: 1.0000  LR: 2.00e-05
2026-05-31 06:03:07,080 | [META    ] | INFO | meta_classifier_using.model_trainers.meta_trainer | Ep [022/500] T-Acc: 100.0%  V-Acc:  91.7%  V-AUROC: 1.0000  LR: 2.00e-05
2026-05-31 06:03:36,310 | [META    ] | INFO | meta_classifier_using.model_trainers.meta_trainer | Ep [023/500] T-Acc: 100.0%  V-Acc:  91.7%  V-AUROC: 1.0000  LR: 2.00e-05
2026-05-31 06:04:05,579 | [META    ] | INFO | meta_classifier_using.model_trainers.meta_trainer | Ep [024/500] T-Acc: 100.0%  V-Acc:  91.7%  V-AUROC: 1.0000  LR: 2.00e-05
2026-05-31 06:04:34,805 | [META    ] | INFO | meta_classifier_using.model_trainers.meta_trainer | Ep [025/500] T-Acc: 100.0%  V-Acc:  91.7%  V-AUROC: 1.0000  LR: 2.00e-05
2026-05-31 06:05:04,034 | [META    ] | INFO | meta_classifier_using.model_trainers.meta_trainer | Ep [026/500] T-Acc: 100.0%  V-Acc:  91.7%  V-AUROC: 1.0000  LR: 2.00e-05
2026-05-31 06:05:33,259 | [META    ] | INFO | meta_classifier_using.model_trainers.meta_trainer | Ep [027/500] T-Acc: 100.0%  V-Acc:  91.7%  V-AUROC: 1.0000  LR: 2.00e-05
2026-05-31 06:06:02,500 | [META    ] | INFO | meta_classifier_using.model_trainers.meta_trainer | Ep [028/500] T-Acc: 100.0%  V-Acc:  91.7%  V-AUROC: 1.0000  LR: 2.00e-05
2026-05-31 06:06:31,728 | [META    ] | INFO | meta_classifier_using.model_trainers.meta_trainer | Ep [029/500] T-Acc: 100.0%  V-Acc:  91.7%  V-AUROC: 1.0000  LR: 4.00e-06
2026-05-31 06:07:00,958 | [META    ] | INFO | meta_classifier_using.model_trainers.meta_trainer | Ep [030/500] T-Acc: 100.0%  V-Acc:  91.7%  V-AUROC: 1.0000  LR: 4.00e-06
2026-05-31 06:07:30,176 | [META    ] | INFO | meta_classifier_using.model_trainers.meta_trainer | Ep [031/500] T-Acc: 100.0%  V-Acc:  91.7%  V-AUROC: 1.0000  LR: 4.00e-06
2026-05-31 06:07:59,413 | [META    ] | INFO | meta_classifier_using.model_trainers.meta_trainer | Ep [032/500] T-Acc: 100.0%  V-Acc:  91.7%  V-AUROC: 1.0000  LR: 4.00e-06
2026-05-31 06:08:28,644 | [META    ] | INFO | meta_classifier_using.model_trainers.meta_trainer | Ep [033/500] T-Acc: 100.0%  V-Acc:  91.7%  V-AUROC: 1.0000  LR: 4.00e-06
2026-05-31 06:08:57,874 | [META    ] | INFO | meta_classifier_using.model_trainers.meta_trainer | Ep [034/500] T-Acc: 100.0%  V-Acc:  91.7%  V-AUROC: 1.0000  LR: 4.00e-06
2026-05-31 06:09:27,096 | [META    ] | INFO | meta_classifier_using.model_trainers.meta_trainer | Ep [035/500] T-Acc: 100.0%  V-Acc:  91.7%  V-AUROC: 1.0000  LR: 4.00e-06
2026-05-31 06:09:56,322 | [META    ] | INFO | meta_classifier_using.model_trainers.meta_trainer | Ep [036/500] T-Acc: 100.0%  V-Acc:  91.7%  V-AUROC: 1.0000  LR: 4.00e-06
2026-05-31 06:10:25,556 | [META    ] | INFO | meta_classifier_using.model_trainers.meta_trainer | Ep [037/500] T-Acc: 100.0%  V-Acc:  91.7%  V-AUROC: 1.0000  LR: 4.00e-06
2026-05-31 06:10:54,804 | [META    ] | INFO | meta_classifier_using.model_trainers.meta_trainer | Ep [038/500] T-Acc: 100.0%  V-Acc:  91.7%  V-AUROC: 1.0000  LR: 4.00e-06
2026-05-31 06:11:24,028 | [META    ] | INFO | meta_classifier_using.model_trainers.meta_trainer | Ep [039/500] T-Acc: 100.0%  V-Acc:  91.7%  V-AUROC: 1.0000  LR: 4.00e-06
2026-05-31 06:11:53,269 | [META    ] | INFO | meta_classifier_using.model_trainers.meta_trainer | Ep [040/500] T-Acc: 100.0%  V-Acc:  91.7%  V-AUROC: 1.0000  LR: 1.00e-06
2026-05-31 06:12:22,504 | [META    ] | INFO | meta_classifier_using.model_trainers.meta_trainer | Ep [041/500] T-Acc: 100.0%  V-Acc:  91.7%  V-AUROC: 1.0000  LR: 1.00e-06
2026-05-31 06:12:51,734 | [META    ] | INFO | meta_classifier_using.model_trainers.meta_trainer | Ep [042/500] T-Acc: 100.0%  V-Acc:  91.7%  V-AUROC: 1.0000  LR: 1.00e-06
2026-05-31 06:13:21,076 | [META    ] | INFO | meta_classifier_using.model_trainers.meta_trainer | Ep [043/500] T-Acc: 100.0%  V-Acc:  91.7%  V-AUROC: 1.0000  LR: 1.00e-06
2026-05-31 06:13:50,317 | [META    ] | INFO | meta_classifier_using.model_trainers.meta_trainer | Ep [044/500] T-Acc: 100.0%  V-Acc:  91.7%  V-AUROC: 1.0000  LR: 1.00e-06
2026-05-31 06:14:19,555 | [META    ] | INFO | meta_classifier_using.model_trainers.meta_trainer | Ep [045/500] T-Acc: 100.0%  V-Acc:  91.7%  V-AUROC: 1.0000  LR: 1.00e-06
2026-05-31 06:14:19,556 | [META    ] | INFO | meta_classifier_using.model_trainers.meta_trainer | Early stop — best AUROC 1.0000 at epoch 5 (no improvement for 40 epochs)
2026-05-31 06:14:19,556 | [META    ] | INFO | meta_classifier_using.model_trainers.meta_trainer | Done. Best AUROC: 1.0000 (epoch 5)
2026-05-31 06:14:27,285 | [META    ] | INFO | meta_classifier_using.evaluators.monte_carlo_evaluator | -> Fold 16 Result | Acc=0.917 Sens=1.000 Spec=0.833 AUROC=0.917 | optimal_thresh=1.000
2026-05-31 06:14:29,340 | [META    ] | INFO | meta_classifier_using.evaluators.monte_carlo_evaluator | === Fold 17/30 | train: 25 subj | test: 12 subj ===
2026-05-31 06:14:29,491 | [META    ] | INFO | meta_classifier_using.model_trainers.meta_trainer | Device: cuda | max_epochs=500 | batch=2 | es_patience=40 | lr=1e-04 | wd=1e-02
2026-05-31 06:14:29,493 | [META    ] | INFO | meta_classifier_using.model_trainers.meta_trainer | CE weights — HC: 1.562  MCI: 0.735
2026-05-31 06:15:06,699 | [META    ] | INFO | meta_classifier_using.model_trainers.meta_trainer | Ep [001/500] T-Acc:  56.0%  V-Acc:  50.0%  V-AUROC: 0.8611  LR: 2.00e-05
2026-05-31 06:15:06,946 | [META    ] | INFO | meta_classifier_using.model_trainers.meta_trainer |   ↳ new best AUROC; saved checkpoint: /home/leggo/AIResearch/VOGBasedMCIDetectionSystemMobileViTSingleExperimentInference/outputs/checkpoints/run_20260531_002841_meta/fold_16_best.pth
2026-05-31 06:15:36,195 | [META    ] | INFO | meta_classifier_using.model_trainers.meta_trainer | Ep [002/500] T-Acc:  80.0%  V-Acc:  50.0%  V-AUROC: 1.0000  LR: 4.00e-05
2026-05-31 06:15:37,330 | [META    ] | INFO | meta_classifier_using.model_trainers.meta_trainer |   ↳ new best AUROC; saved checkpoint: /home/leggo/AIResearch/VOGBasedMCIDetectionSystemMobileViTSingleExperimentInference/outputs/checkpoints/run_20260531_002841_meta/fold_16_best.pth
2026-05-31 06:16:06,606 | [META    ] | INFO | meta_classifier_using.model_trainers.meta_trainer | Ep [003/500] T-Acc:  80.0%  V-Acc:  66.7%  V-AUROC: 1.0000  LR: 6.00e-05
2026-05-31 06:16:35,828 | [META    ] | INFO | meta_classifier_using.model_trainers.meta_trainer | Ep [004/500] T-Acc:  88.0%  V-Acc:  91.7%  V-AUROC: 1.0000  LR: 8.00e-05
2026-05-31 06:17:05,063 | [META    ] | INFO | meta_classifier_using.model_trainers.meta_trainer | Ep [005/500] T-Acc: 100.0%  V-Acc: 100.0%  V-AUROC: 1.0000  LR: 1.00e-04
2026-05-31 06:17:34,278 | [META    ] | INFO | meta_classifier_using.model_trainers.meta_trainer | Ep [006/500] T-Acc: 100.0%  V-Acc:  91.7%  V-AUROC: 1.0000  LR: 1.00e-04
2026-05-31 06:18:03,512 | [META    ] | INFO | meta_classifier_using.model_trainers.meta_trainer | Ep [007/500] T-Acc:  92.0%  V-Acc:  66.7%  V-AUROC: 1.0000  LR: 1.00e-04
2026-05-31 06:18:32,738 | [META    ] | INFO | meta_classifier_using.model_trainers.meta_trainer | Ep [008/500] T-Acc:  96.0%  V-Acc: 100.0%  V-AUROC: 1.0000  LR: 1.00e-04
2026-05-31 06:19:01,961 | [META    ] | INFO | meta_classifier_using.model_trainers.meta_trainer | Ep [009/500] T-Acc:  96.0%  V-Acc: 100.0%  V-AUROC: 1.0000  LR: 1.00e-04
2026-05-31 06:19:31,188 | [META    ] | INFO | meta_classifier_using.model_trainers.meta_trainer | Ep [010/500] T-Acc:  96.0%  V-Acc: 100.0%  V-AUROC: 1.0000  LR: 1.00e-04
2026-05-31 06:20:00,404 | [META    ] | INFO | meta_classifier_using.model_trainers.meta_trainer | Ep [011/500] T-Acc: 100.0%  V-Acc: 100.0%  V-AUROC: 1.0000  LR: 1.00e-04
2026-05-31 06:20:29,621 | [META    ] | INFO | meta_classifier_using.model_trainers.meta_trainer | Ep [012/500] T-Acc:  96.0%  V-Acc:  83.3%  V-AUROC: 1.0000  LR: 1.00e-04
2026-05-31 06:20:58,830 | [META    ] | INFO | meta_classifier_using.model_trainers.meta_trainer | Ep [013/500] T-Acc: 100.0%  V-Acc:  58.3%  V-AUROC: 1.0000  LR: 1.00e-04
2026-05-31 06:21:28,051 | [META    ] | INFO | meta_classifier_using.model_trainers.meta_trainer | Ep [014/500] T-Acc: 100.0%  V-Acc:  75.0%  V-AUROC: 1.0000  LR: 1.00e-04
2026-05-31 06:21:57,280 | [META    ] | INFO | meta_classifier_using.model_trainers.meta_trainer | Ep [015/500] T-Acc: 100.0%  V-Acc:  75.0%  V-AUROC: 1.0000  LR: 1.00e-04
2026-05-31 06:22:26,517 | [META    ] | INFO | meta_classifier_using.model_trainers.meta_trainer | Ep [016/500] T-Acc: 100.0%  V-Acc: 100.0%  V-AUROC: 1.0000  LR: 1.00e-04
2026-05-31 06:22:55,763 | [META    ] | INFO | meta_classifier_using.model_trainers.meta_trainer | Ep [017/500] T-Acc: 100.0%  V-Acc: 100.0%  V-AUROC: 1.0000  LR: 1.00e-04
2026-05-31 06:23:24,994 | [META    ] | INFO | meta_classifier_using.model_trainers.meta_trainer | Ep [018/500] T-Acc: 100.0%  V-Acc: 100.0%  V-AUROC: 1.0000  LR: 2.00e-05
2026-05-31 06:23:54,205 | [META    ] | INFO | meta_classifier_using.model_trainers.meta_trainer | Ep [019/500] T-Acc: 100.0%  V-Acc: 100.0%  V-AUROC: 1.0000  LR: 2.00e-05
2026-05-31 06:24:23,413 | [META    ] | INFO | meta_classifier_using.model_trainers.meta_trainer | Ep [020/500] T-Acc: 100.0%  V-Acc: 100.0%  V-AUROC: 1.0000  LR: 2.00e-05
2026-05-31 06:24:52,627 | [META    ] | INFO | meta_classifier_using.model_trainers.meta_trainer | Ep [021/500] T-Acc: 100.0%  V-Acc: 100.0%  V-AUROC: 1.0000  LR: 2.00e-05
2026-05-31 06:25:21,852 | [META    ] | INFO | meta_classifier_using.model_trainers.meta_trainer | Ep [022/500] T-Acc: 100.0%  V-Acc: 100.0%  V-AUROC: 1.0000  LR: 2.00e-05
2026-05-31 06:25:51,057 | [META    ] | INFO | meta_classifier_using.model_trainers.meta_trainer | Ep [023/500] T-Acc: 100.0%  V-Acc: 100.0%  V-AUROC: 1.0000  LR: 2.00e-05
2026-05-31 06:26:20,274 | [META    ] | INFO | meta_classifier_using.model_trainers.meta_trainer | Ep [024/500] T-Acc: 100.0%  V-Acc: 100.0%  V-AUROC: 1.0000  LR: 2.00e-05
2026-05-31 06:26:49,495 | [META    ] | INFO | meta_classifier_using.model_trainers.meta_trainer | Ep [025/500] T-Acc: 100.0%  V-Acc: 100.0%  V-AUROC: 1.0000  LR: 2.00e-05
2026-05-31 06:27:18,708 | [META    ] | INFO | meta_classifier_using.model_trainers.meta_trainer | Ep [026/500] T-Acc: 100.0%  V-Acc: 100.0%  V-AUROC: 1.0000  LR: 2.00e-05
2026-05-31 06:27:47,944 | [META    ] | INFO | meta_classifier_using.model_trainers.meta_trainer | Ep [027/500] T-Acc: 100.0%  V-Acc: 100.0%  V-AUROC: 1.0000  LR: 2.00e-05
2026-05-31 06:28:17,156 | [META    ] | INFO | meta_classifier_using.model_trainers.meta_trainer | Ep [028/500] T-Acc: 100.0%  V-Acc: 100.0%  V-AUROC: 1.0000  LR: 2.00e-05
2026-05-31 06:28:46,362 | [META    ] | INFO | meta_classifier_using.model_trainers.meta_trainer | Ep [029/500] T-Acc: 100.0%  V-Acc: 100.0%  V-AUROC: 1.0000  LR: 4.00e-06
2026-05-31 06:29:15,585 | [META    ] | INFO | meta_classifier_using.model_trainers.meta_trainer | Ep [030/500] T-Acc: 100.0%  V-Acc: 100.0%  V-AUROC: 1.0000  LR: 4.00e-06
2026-05-31 06:29:44,796 | [META    ] | INFO | meta_classifier_using.model_trainers.meta_trainer | Ep [031/500] T-Acc: 100.0%  V-Acc: 100.0%  V-AUROC: 1.0000  LR: 4.00e-06
2026-05-31 06:30:14,069 | [META    ] | INFO | meta_classifier_using.model_trainers.meta_trainer | Ep [032/500] T-Acc: 100.0%  V-Acc: 100.0%  V-AUROC: 1.0000  LR: 4.00e-06
2026-05-31 06:30:43,285 | [META    ] | INFO | meta_classifier_using.model_trainers.meta_trainer | Ep [033/500] T-Acc: 100.0%  V-Acc: 100.0%  V-AUROC: 1.0000  LR: 4.00e-06
2026-05-31 06:31:12,513 | [META    ] | INFO | meta_classifier_using.model_trainers.meta_trainer | Ep [034/500] T-Acc: 100.0%  V-Acc: 100.0%  V-AUROC: 1.0000  LR: 4.00e-06
2026-05-31 06:31:41,729 | [META    ] | INFO | meta_classifier_using.model_trainers.meta_trainer | Ep [035/500] T-Acc: 100.0%  V-Acc: 100.0%  V-AUROC: 1.0000  LR: 4.00e-06
2026-05-31 06:32:10,941 | [META    ] | INFO | meta_classifier_using.model_trainers.meta_trainer | Ep [036/500] T-Acc: 100.0%  V-Acc: 100.0%  V-AUROC: 1.0000  LR: 4.00e-06
2026-05-31 06:32:40,148 | [META    ] | INFO | meta_classifier_using.model_trainers.meta_trainer | Ep [037/500] T-Acc: 100.0%  V-Acc: 100.0%  V-AUROC: 1.0000  LR: 4.00e-06
2026-05-31 06:33:09,359 | [META    ] | INFO | meta_classifier_using.model_trainers.meta_trainer | Ep [038/500] T-Acc: 100.0%  V-Acc: 100.0%  V-AUROC: 1.0000  LR: 4.00e-06
2026-05-31 06:33:38,592 | [META    ] | INFO | meta_classifier_using.model_trainers.meta_trainer | Ep [039/500] T-Acc: 100.0%  V-Acc: 100.0%  V-AUROC: 1.0000  LR: 4.00e-06
2026-05-31 06:34:07,811 | [META    ] | INFO | meta_classifier_using.model_trainers.meta_trainer | Ep [040/500] T-Acc: 100.0%  V-Acc: 100.0%  V-AUROC: 1.0000  LR: 1.00e-06
2026-05-31 06:34:37,033 | [META    ] | INFO | meta_classifier_using.model_trainers.meta_trainer | Ep [041/500] T-Acc: 100.0%  V-Acc: 100.0%  V-AUROC: 1.0000  LR: 1.00e-06
2026-05-31 06:35:06,262 | [META    ] | INFO | meta_classifier_using.model_trainers.meta_trainer | Ep [042/500] T-Acc: 100.0%  V-Acc: 100.0%  V-AUROC: 1.0000  LR: 1.00e-06
2026-05-31 06:35:06,263 | [META    ] | INFO | meta_classifier_using.model_trainers.meta_trainer | Early stop — best AUROC 1.0000 at epoch 2 (no improvement for 40 epochs)
2026-05-31 06:35:06,263 | [META    ] | INFO | meta_classifier_using.model_trainers.meta_trainer | Done. Best AUROC: 1.0000 (epoch 2)
2026-05-31 06:35:13,971 | [META    ] | INFO | meta_classifier_using.evaluators.monte_carlo_evaluator | -> Fold 17 Result | Acc=1.000 Sens=1.000 Spec=1.000 AUROC=1.000 | optimal_thresh=1.000
2026-05-31 06:35:16,027 | [META    ] | INFO | meta_classifier_using.evaluators.monte_carlo_evaluator | === Fold 18/30 | train: 25 subj | test: 12 subj ===
2026-05-31 06:35:16,188 | [META    ] | INFO | meta_classifier_using.model_trainers.meta_trainer | Device: cuda | max_epochs=500 | batch=2 | es_patience=40 | lr=1e-04 | wd=1e-02
2026-05-31 06:35:16,190 | [META    ] | INFO | meta_classifier_using.model_trainers.meta_trainer | CE weights — HC: 0.962  MCI: 1.042
2026-05-31 06:35:53,454 | [META    ] | INFO | meta_classifier_using.model_trainers.meta_trainer | Ep [001/500] T-Acc:  44.0%  V-Acc: 100.0%  V-AUROC: 1.0000  LR: 2.00e-05
2026-05-31 06:35:53,703 | [META    ] | INFO | meta_classifier_using.model_trainers.meta_trainer |   ↳ new best AUROC; saved checkpoint: /home/leggo/AIResearch/VOGBasedMCIDetectionSystemMobileViTSingleExperimentInference/outputs/checkpoints/run_20260531_002841_meta/fold_17_best.pth
2026-05-31 06:36:22,978 | [META    ] | INFO | meta_classifier_using.model_trainers.meta_trainer | Ep [002/500] T-Acc:  96.0%  V-Acc: 100.0%  V-AUROC: 1.0000  LR: 4.00e-05
2026-05-31 06:36:52,237 | [META    ] | INFO | meta_classifier_using.model_trainers.meta_trainer | Ep [003/500] T-Acc: 100.0%  V-Acc: 100.0%  V-AUROC: 1.0000  LR: 6.00e-05
2026-05-31 06:37:21,492 | [META    ] | INFO | meta_classifier_using.model_trainers.meta_trainer | Ep [004/500] T-Acc:  96.0%  V-Acc: 100.0%  V-AUROC: 1.0000  LR: 8.00e-05
2026-05-31 06:37:50,739 | [META    ] | INFO | meta_classifier_using.model_trainers.meta_trainer | Ep [005/500] T-Acc:  96.0%  V-Acc: 100.0%  V-AUROC: 1.0000  LR: 1.00e-04
2026-05-31 06:38:19,979 | [META    ] | INFO | meta_classifier_using.model_trainers.meta_trainer | Ep [006/500] T-Acc:  96.0%  V-Acc: 100.0%  V-AUROC: 1.0000  LR: 1.00e-04
2026-05-31 06:38:49,236 | [META    ] | INFO | meta_classifier_using.model_trainers.meta_trainer | Ep [007/500] T-Acc: 100.0%  V-Acc:  83.3%  V-AUROC: 1.0000  LR: 1.00e-04
2026-05-31 06:39:18,461 | [META    ] | INFO | meta_classifier_using.model_trainers.meta_trainer | Ep [008/500] T-Acc:  92.0%  V-Acc: 100.0%  V-AUROC: 1.0000  LR: 1.00e-04
2026-05-31 06:39:47,735 | [META    ] | INFO | meta_classifier_using.model_trainers.meta_trainer | Ep [009/500] T-Acc:  96.0%  V-Acc: 100.0%  V-AUROC: 1.0000  LR: 1.00e-04
2026-05-31 06:40:16,977 | [META    ] | INFO | meta_classifier_using.model_trainers.meta_trainer | Ep [010/500] T-Acc: 100.0%  V-Acc: 100.0%  V-AUROC: 1.0000  LR: 1.00e-04
2026-05-31 06:40:46,213 | [META    ] | INFO | meta_classifier_using.model_trainers.meta_trainer | Ep [011/500] T-Acc: 100.0%  V-Acc: 100.0%  V-AUROC: 1.0000  LR: 1.00e-04
2026-05-31 06:41:15,457 | [META    ] | INFO | meta_classifier_using.model_trainers.meta_trainer | Ep [012/500] T-Acc: 100.0%  V-Acc: 100.0%  V-AUROC: 1.0000  LR: 1.00e-04
2026-05-31 06:41:44,694 | [META    ] | INFO | meta_classifier_using.model_trainers.meta_trainer | Ep [013/500] T-Acc: 100.0%  V-Acc:  83.3%  V-AUROC: 1.0000  LR: 1.00e-04
2026-05-31 06:42:13,939 | [META    ] | INFO | meta_classifier_using.model_trainers.meta_trainer | Ep [014/500] T-Acc: 100.0%  V-Acc: 100.0%  V-AUROC: 1.0000  LR: 1.00e-04
2026-05-31 06:42:43,202 | [META    ] | INFO | meta_classifier_using.model_trainers.meta_trainer | Ep [015/500] T-Acc: 100.0%  V-Acc: 100.0%  V-AUROC: 1.0000  LR: 1.00e-04
2026-05-31 06:43:12,445 | [META    ] | INFO | meta_classifier_using.model_trainers.meta_trainer | Ep [016/500] T-Acc: 100.0%  V-Acc: 100.0%  V-AUROC: 1.0000  LR: 1.00e-04
2026-05-31 06:43:41,691 | [META    ] | INFO | meta_classifier_using.model_trainers.meta_trainer | Ep [017/500] T-Acc: 100.0%  V-Acc: 100.0%  V-AUROC: 1.0000  LR: 1.00e-04
2026-05-31 06:44:10,927 | [META    ] | INFO | meta_classifier_using.model_trainers.meta_trainer | Ep [018/500] T-Acc: 100.0%  V-Acc: 100.0%  V-AUROC: 1.0000  LR: 2.00e-05
2026-05-31 06:44:40,175 | [META    ] | INFO | meta_classifier_using.model_trainers.meta_trainer | Ep [019/500] T-Acc: 100.0%  V-Acc: 100.0%  V-AUROC: 1.0000  LR: 2.00e-05
2026-05-31 06:45:09,430 | [META    ] | INFO | meta_classifier_using.model_trainers.meta_trainer | Ep [020/500] T-Acc: 100.0%  V-Acc: 100.0%  V-AUROC: 1.0000  LR: 2.00e-05
2026-05-31 06:45:38,666 | [META    ] | INFO | meta_classifier_using.model_trainers.meta_trainer | Ep [021/500] T-Acc: 100.0%  V-Acc: 100.0%  V-AUROC: 1.0000  LR: 2.00e-05
2026-05-31 06:46:07,915 | [META    ] | INFO | meta_classifier_using.model_trainers.meta_trainer | Ep [022/500] T-Acc: 100.0%  V-Acc: 100.0%  V-AUROC: 1.0000  LR: 2.00e-05
2026-05-31 06:46:37,175 | [META    ] | INFO | meta_classifier_using.model_trainers.meta_trainer | Ep [023/500] T-Acc: 100.0%  V-Acc: 100.0%  V-AUROC: 1.0000  LR: 2.00e-05
2026-05-31 06:47:06,411 | [META    ] | INFO | meta_classifier_using.model_trainers.meta_trainer | Ep [024/500] T-Acc: 100.0%  V-Acc: 100.0%  V-AUROC: 1.0000  LR: 2.00e-05
2026-05-31 06:47:35,645 | [META    ] | INFO | meta_classifier_using.model_trainers.meta_trainer | Ep [025/500] T-Acc: 100.0%  V-Acc: 100.0%  V-AUROC: 1.0000  LR: 2.00e-05
2026-05-31 06:48:04,900 | [META    ] | INFO | meta_classifier_using.model_trainers.meta_trainer | Ep [026/500] T-Acc: 100.0%  V-Acc: 100.0%  V-AUROC: 1.0000  LR: 2.00e-05
2026-05-31 06:48:34,165 | [META    ] | INFO | meta_classifier_using.model_trainers.meta_trainer | Ep [027/500] T-Acc: 100.0%  V-Acc: 100.0%  V-AUROC: 1.0000  LR: 2.00e-05
2026-05-31 06:49:03,403 | [META    ] | INFO | meta_classifier_using.model_trainers.meta_trainer | Ep [028/500] T-Acc: 100.0%  V-Acc: 100.0%  V-AUROC: 1.0000  LR: 2.00e-05
2026-05-31 06:49:32,638 | [META    ] | INFO | meta_classifier_using.model_trainers.meta_trainer | Ep [029/500] T-Acc: 100.0%  V-Acc: 100.0%  V-AUROC: 1.0000  LR: 4.00e-06
2026-05-31 06:50:01,885 | [META    ] | INFO | meta_classifier_using.model_trainers.meta_trainer | Ep [030/500] T-Acc: 100.0%  V-Acc: 100.0%  V-AUROC: 1.0000  LR: 4.00e-06
2026-05-31 06:50:31,132 | [META    ] | INFO | meta_classifier_using.model_trainers.meta_trainer | Ep [031/500] T-Acc: 100.0%  V-Acc: 100.0%  V-AUROC: 1.0000  LR: 4.00e-06
2026-05-31 06:51:00,365 | [META    ] | INFO | meta_classifier_using.model_trainers.meta_trainer | Ep [032/500] T-Acc: 100.0%  V-Acc: 100.0%  V-AUROC: 1.0000  LR: 4.00e-06
2026-05-31 06:51:29,638 | [META    ] | INFO | meta_classifier_using.model_trainers.meta_trainer | Ep [033/500] T-Acc: 100.0%  V-Acc: 100.0%  V-AUROC: 1.0000  LR: 4.00e-06
2026-05-31 06:51:58,865 | [META    ] | INFO | meta_classifier_using.model_trainers.meta_trainer | Ep [034/500] T-Acc: 100.0%  V-Acc: 100.0%  V-AUROC: 1.0000  LR: 4.00e-06
2026-05-31 06:52:28,091 | [META    ] | INFO | meta_classifier_using.model_trainers.meta_trainer | Ep [035/500] T-Acc: 100.0%  V-Acc: 100.0%  V-AUROC: 1.0000  LR: 4.00e-06
2026-05-31 06:52:57,326 | [META    ] | INFO | meta_classifier_using.model_trainers.meta_trainer | Ep [036/500] T-Acc: 100.0%  V-Acc: 100.0%  V-AUROC: 1.0000  LR: 4.00e-06
2026-05-31 06:53:26,558 | [META    ] | INFO | meta_classifier_using.model_trainers.meta_trainer | Ep [037/500] T-Acc: 100.0%  V-Acc: 100.0%  V-AUROC: 1.0000  LR: 4.00e-06
2026-05-31 06:53:55,767 | [META    ] | INFO | meta_classifier_using.model_trainers.meta_trainer | Ep [038/500] T-Acc: 100.0%  V-Acc: 100.0%  V-AUROC: 1.0000  LR: 4.00e-06
2026-05-31 06:54:25,004 | [META    ] | INFO | meta_classifier_using.model_trainers.meta_trainer | Ep [039/500] T-Acc: 100.0%  V-Acc: 100.0%  V-AUROC: 1.0000  LR: 4.00e-06
2026-05-31 06:54:54,238 | [META    ] | INFO | meta_classifier_using.model_trainers.meta_trainer | Ep [040/500] T-Acc: 100.0%  V-Acc: 100.0%  V-AUROC: 1.0000  LR: 1.00e-06
2026-05-31 06:55:23,467 | [META    ] | INFO | meta_classifier_using.model_trainers.meta_trainer | Ep [041/500] T-Acc: 100.0%  V-Acc: 100.0%  V-AUROC: 1.0000  LR: 1.00e-06
2026-05-31 06:55:23,467 | [META    ] | INFO | meta_classifier_using.model_trainers.meta_trainer | Early stop — best AUROC 1.0000 at epoch 1 (no improvement for 40 epochs)
2026-05-31 06:55:23,468 | [META    ] | INFO | meta_classifier_using.model_trainers.meta_trainer | Done. Best AUROC: 1.0000 (epoch 1)
2026-05-31 06:55:31,195 | [META    ] | INFO | meta_classifier_using.evaluators.monte_carlo_evaluator | -> Fold 18 Result | Acc=1.000 Sens=1.000 Spec=1.000 AUROC=1.000 | optimal_thresh=0.996
2026-05-31 06:55:33,234 | [META    ] | INFO | meta_classifier_using.evaluators.monte_carlo_evaluator | === Fold 19/30 | train: 25 subj | test: 12 subj ===
2026-05-31 06:55:33,399 | [META    ] | INFO | meta_classifier_using.model_trainers.meta_trainer | Device: cuda | max_epochs=500 | batch=2 | es_patience=40 | lr=1e-04 | wd=1e-02
2026-05-31 06:55:33,401 | [META    ] | INFO | meta_classifier_using.model_trainers.meta_trainer | CE weights — HC: 1.250  MCI: 0.833
2026-05-31 06:56:10,660 | [META    ] | INFO | meta_classifier_using.model_trainers.meta_trainer | Ep [001/500] T-Acc:  56.0%  V-Acc:  66.7%  V-AUROC: 0.5625  LR: 2.00e-05
2026-05-31 06:56:10,911 | [META    ] | INFO | meta_classifier_using.model_trainers.meta_trainer |   ↳ new best AUROC; saved checkpoint: /home/leggo/AIResearch/VOGBasedMCIDetectionSystemMobileViTSingleExperimentInference/outputs/checkpoints/run_20260531_002841_meta/fold_18_best.pth
2026-05-31 06:56:40,187 | [META    ] | INFO | meta_classifier_using.model_trainers.meta_trainer | Ep [002/500] T-Acc:  60.0%  V-Acc:  66.7%  V-AUROC: 1.0000  LR: 4.00e-05
2026-05-31 06:56:42,144 | [META    ] | INFO | meta_classifier_using.model_trainers.meta_trainer |   ↳ new best AUROC; saved checkpoint: /home/leggo/AIResearch/VOGBasedMCIDetectionSystemMobileViTSingleExperimentInference/outputs/checkpoints/run_20260531_002841_meta/fold_18_best.pth
2026-05-31 06:57:11,510 | [META    ] | INFO | meta_classifier_using.model_trainers.meta_trainer | Ep [003/500] T-Acc:  88.0%  V-Acc:  91.7%  V-AUROC: 1.0000  LR: 6.00e-05
2026-05-31 06:57:40,763 | [META    ] | INFO | meta_classifier_using.model_trainers.meta_trainer | Ep [004/500] T-Acc:  96.0%  V-Acc: 100.0%  V-AUROC: 1.0000  LR: 8.00e-05
2026-05-31 06:58:10,024 | [META    ] | INFO | meta_classifier_using.model_trainers.meta_trainer | Ep [005/500] T-Acc:  96.0%  V-Acc: 100.0%  V-AUROC: 1.0000  LR: 1.00e-04
2026-05-31 06:58:39,271 | [META    ] | INFO | meta_classifier_using.model_trainers.meta_trainer | Ep [006/500] T-Acc:  96.0%  V-Acc: 100.0%  V-AUROC: 1.0000  LR: 1.00e-04
2026-05-31 06:59:08,524 | [META    ] | INFO | meta_classifier_using.model_trainers.meta_trainer | Ep [007/500] T-Acc:  92.0%  V-Acc:  91.7%  V-AUROC: 1.0000  LR: 1.00e-04
2026-05-31 06:59:37,774 | [META    ] | INFO | meta_classifier_using.model_trainers.meta_trainer | Ep [008/500] T-Acc:  96.0%  V-Acc:  75.0%  V-AUROC: 1.0000  LR: 1.00e-04
2026-05-31 07:00:07,022 | [META    ] | INFO | meta_classifier_using.model_trainers.meta_trainer | Ep [009/500] T-Acc:  96.0%  V-Acc: 100.0%  V-AUROC: 1.0000  LR: 1.00e-04
2026-05-31 07:00:36,270 | [META    ] | INFO | meta_classifier_using.model_trainers.meta_trainer | Ep [010/500] T-Acc: 100.0%  V-Acc:  91.7%  V-AUROC: 1.0000  LR: 1.00e-04
2026-05-31 07:01:05,509 | [META    ] | INFO | meta_classifier_using.model_trainers.meta_trainer | Ep [011/500] T-Acc: 100.0%  V-Acc: 100.0%  V-AUROC: 1.0000  LR: 1.00e-04
2026-05-31 07:01:34,751 | [META    ] | INFO | meta_classifier_using.model_trainers.meta_trainer | Ep [012/500] T-Acc: 100.0%  V-Acc:  91.7%  V-AUROC: 1.0000  LR: 1.00e-04
2026-05-31 07:02:03,983 | [META    ] | INFO | meta_classifier_using.model_trainers.meta_trainer | Ep [013/500] T-Acc: 100.0%  V-Acc:  91.7%  V-AUROC: 1.0000  LR: 1.00e-04
2026-05-31 07:02:33,191 | [META    ] | INFO | meta_classifier_using.model_trainers.meta_trainer | Ep [014/500] T-Acc: 100.0%  V-Acc:  91.7%  V-AUROC: 1.0000  LR: 1.00e-04
2026-05-31 07:03:02,427 | [META    ] | INFO | meta_classifier_using.model_trainers.meta_trainer | Ep [015/500] T-Acc: 100.0%  V-Acc:  91.7%  V-AUROC: 1.0000  LR: 1.00e-04
2026-05-31 07:03:31,658 | [META    ] | INFO | meta_classifier_using.model_trainers.meta_trainer | Ep [016/500] T-Acc: 100.0%  V-Acc: 100.0%  V-AUROC: 1.0000  LR: 1.00e-04
2026-05-31 07:04:00,881 | [META    ] | INFO | meta_classifier_using.model_trainers.meta_trainer | Ep [017/500] T-Acc: 100.0%  V-Acc:  91.7%  V-AUROC: 1.0000  LR: 1.00e-04
2026-05-31 07:04:30,116 | [META    ] | INFO | meta_classifier_using.model_trainers.meta_trainer | Ep [018/500] T-Acc: 100.0%  V-Acc:  91.7%  V-AUROC: 1.0000  LR: 2.00e-05
2026-05-31 07:04:59,350 | [META    ] | INFO | meta_classifier_using.model_trainers.meta_trainer | Ep [019/500] T-Acc: 100.0%  V-Acc:  91.7%  V-AUROC: 1.0000  LR: 2.00e-05
2026-05-31 07:05:28,574 | [META    ] | INFO | meta_classifier_using.model_trainers.meta_trainer | Ep [020/500] T-Acc: 100.0%  V-Acc:  91.7%  V-AUROC: 1.0000  LR: 2.00e-05
2026-05-31 07:05:57,811 | [META    ] | INFO | meta_classifier_using.model_trainers.meta_trainer | Ep [021/500] T-Acc: 100.0%  V-Acc: 100.0%  V-AUROC: 1.0000  LR: 2.00e-05
2026-05-31 07:06:27,049 | [META    ] | INFO | meta_classifier_using.model_trainers.meta_trainer | Ep [022/500] T-Acc: 100.0%  V-Acc:  91.7%  V-AUROC: 1.0000  LR: 2.00e-05
2026-05-31 07:06:56,277 | [META    ] | INFO | meta_classifier_using.model_trainers.meta_trainer | Ep [023/500] T-Acc: 100.0%  V-Acc:  91.7%  V-AUROC: 1.0000  LR: 2.00e-05
2026-05-31 07:07:25,527 | [META    ] | INFO | meta_classifier_using.model_trainers.meta_trainer | Ep [024/500] T-Acc:  96.0%  V-Acc: 100.0%  V-AUROC: 1.0000  LR: 2.00e-05
2026-05-31 07:07:54,771 | [META    ] | INFO | meta_classifier_using.model_trainers.meta_trainer | Ep [025/500] T-Acc: 100.0%  V-Acc: 100.0%  V-AUROC: 1.0000  LR: 2.00e-05
2026-05-31 07:08:24,020 | [META    ] | INFO | meta_classifier_using.model_trainers.meta_trainer | Ep [026/500] T-Acc: 100.0%  V-Acc: 100.0%  V-AUROC: 1.0000  LR: 2.00e-05
2026-05-31 07:08:53,272 | [META    ] | INFO | meta_classifier_using.model_trainers.meta_trainer | Ep [027/500] T-Acc: 100.0%  V-Acc: 100.0%  V-AUROC: 1.0000  LR: 2.00e-05
2026-05-31 07:09:22,499 | [META    ] | INFO | meta_classifier_using.model_trainers.meta_trainer | Ep [028/500] T-Acc: 100.0%  V-Acc:  91.7%  V-AUROC: 1.0000  LR: 2.00e-05
2026-05-31 07:09:51,734 | [META    ] | INFO | meta_classifier_using.model_trainers.meta_trainer | Ep [029/500] T-Acc: 100.0%  V-Acc: 100.0%  V-AUROC: 1.0000  LR: 4.00e-06
2026-05-31 07:10:20,977 | [META    ] | INFO | meta_classifier_using.model_trainers.meta_trainer | Ep [030/500] T-Acc: 100.0%  V-Acc: 100.0%  V-AUROC: 1.0000  LR: 4.00e-06
2026-05-31 07:10:50,221 | [META    ] | INFO | meta_classifier_using.model_trainers.meta_trainer | Ep [031/500] T-Acc: 100.0%  V-Acc:  91.7%  V-AUROC: 1.0000  LR: 4.00e-06
2026-05-31 07:11:19,463 | [META    ] | INFO | meta_classifier_using.model_trainers.meta_trainer | Ep [032/500] T-Acc: 100.0%  V-Acc:  91.7%  V-AUROC: 1.0000  LR: 4.00e-06
2026-05-31 07:11:48,695 | [META    ] | INFO | meta_classifier_using.model_trainers.meta_trainer | Ep [033/500] T-Acc: 100.0%  V-Acc: 100.0%  V-AUROC: 1.0000  LR: 4.00e-06
2026-05-31 07:12:17,933 | [META    ] | INFO | meta_classifier_using.model_trainers.meta_trainer | Ep [034/500] T-Acc: 100.0%  V-Acc:  91.7%  V-AUROC: 1.0000  LR: 4.00e-06
2026-05-31 07:12:47,284 | [META    ] | INFO | meta_classifier_using.model_trainers.meta_trainer | Ep [035/500] T-Acc: 100.0%  V-Acc:  91.7%  V-AUROC: 1.0000  LR: 4.00e-06
2026-05-31 07:13:16,514 | [META    ] | INFO | meta_classifier_using.model_trainers.meta_trainer | Ep [036/500] T-Acc: 100.0%  V-Acc:  91.7%  V-AUROC: 1.0000  LR: 4.00e-06
2026-05-31 07:13:45,736 | [META    ] | INFO | meta_classifier_using.model_trainers.meta_trainer | Ep [037/500] T-Acc: 100.0%  V-Acc:  91.7%  V-AUROC: 1.0000  LR: 4.00e-06
2026-05-31 07:14:14,963 | [META    ] | INFO | meta_classifier_using.model_trainers.meta_trainer | Ep [038/500] T-Acc: 100.0%  V-Acc: 100.0%  V-AUROC: 1.0000  LR: 4.00e-06
2026-05-31 07:14:44,206 | [META    ] | INFO | meta_classifier_using.model_trainers.meta_trainer | Ep [039/500] T-Acc: 100.0%  V-Acc: 100.0%  V-AUROC: 1.0000  LR: 4.00e-06
2026-05-31 07:15:13,442 | [META    ] | INFO | meta_classifier_using.model_trainers.meta_trainer | Ep [040/500] T-Acc: 100.0%  V-Acc:  91.7%  V-AUROC: 1.0000  LR: 1.00e-06
2026-05-31 07:15:42,667 | [META    ] | INFO | meta_classifier_using.model_trainers.meta_trainer | Ep [041/500] T-Acc: 100.0%  V-Acc: 100.0%  V-AUROC: 1.0000  LR: 1.00e-06
2026-05-31 07:16:11,899 | [META    ] | INFO | meta_classifier_using.model_trainers.meta_trainer | Ep [042/500] T-Acc: 100.0%  V-Acc: 100.0%  V-AUROC: 1.0000  LR: 1.00e-06
2026-05-31 07:16:11,900 | [META    ] | INFO | meta_classifier_using.model_trainers.meta_trainer | Early stop — best AUROC 1.0000 at epoch 2 (no improvement for 40 epochs)
2026-05-31 07:16:11,900 | [META    ] | INFO | meta_classifier_using.model_trainers.meta_trainer | Done. Best AUROC: 1.0000 (epoch 2)
2026-05-31 07:16:19,613 | [META    ] | INFO | meta_classifier_using.evaluators.monte_carlo_evaluator | -> Fold 19 Result | Acc=1.000 Sens=1.000 Spec=1.000 AUROC=1.000 | optimal_thresh=1.000
2026-05-31 07:16:21,668 | [META    ] | INFO | meta_classifier_using.evaluators.monte_carlo_evaluator | === Fold 20/30 | train: 25 subj | test: 12 subj ===
2026-05-31 07:16:21,834 | [META    ] | INFO | meta_classifier_using.model_trainers.meta_trainer | Device: cuda | max_epochs=500 | batch=2 | es_patience=40 | lr=1e-04 | wd=1e-02
2026-05-31 07:16:21,835 | [META    ] | INFO | meta_classifier_using.model_trainers.meta_trainer | CE weights — HC: 1.136  MCI: 0.893
2026-05-31 07:16:59,106 | [META    ] | INFO | meta_classifier_using.model_trainers.meta_trainer | Ep [001/500] T-Acc:  48.0%  V-Acc: 100.0%  V-AUROC: 1.0000  LR: 2.00e-05
2026-05-31 07:16:59,358 | [META    ] | INFO | meta_classifier_using.model_trainers.meta_trainer |   ↳ new best AUROC; saved checkpoint: /home/leggo/AIResearch/VOGBasedMCIDetectionSystemMobileViTSingleExperimentInference/outputs/checkpoints/run_20260531_002841_meta/fold_19_best.pth
2026-05-31 07:17:28,634 | [META    ] | INFO | meta_classifier_using.model_trainers.meta_trainer | Ep [002/500] T-Acc:  76.0%  V-Acc:  75.0%  V-AUROC: 1.0000  LR: 4.00e-05
2026-05-31 07:17:57,901 | [META    ] | INFO | meta_classifier_using.model_trainers.meta_trainer | Ep [003/500] T-Acc:  88.0%  V-Acc: 100.0%  V-AUROC: 1.0000  LR: 6.00e-05
2026-05-31 07:18:27,155 | [META    ] | INFO | meta_classifier_using.model_trainers.meta_trainer | Ep [004/500] T-Acc:  92.0%  V-Acc: 100.0%  V-AUROC: 1.0000  LR: 8.00e-05
2026-05-31 07:18:56,428 | [META    ] | INFO | meta_classifier_using.model_trainers.meta_trainer | Ep [005/500] T-Acc:  92.0%  V-Acc: 100.0%  V-AUROC: 1.0000  LR: 1.00e-04
2026-05-31 07:19:25,662 | [META    ] | INFO | meta_classifier_using.model_trainers.meta_trainer | Ep [006/500] T-Acc:  96.0%  V-Acc: 100.0%  V-AUROC: 1.0000  LR: 1.00e-04
2026-05-31 07:19:54,895 | [META    ] | INFO | meta_classifier_using.model_trainers.meta_trainer | Ep [007/500] T-Acc:  96.0%  V-Acc: 100.0%  V-AUROC: 1.0000  LR: 1.00e-04
2026-05-31 07:20:24,138 | [META    ] | INFO | meta_classifier_using.model_trainers.meta_trainer | Ep [008/500] T-Acc: 100.0%  V-Acc: 100.0%  V-AUROC: 1.0000  LR: 1.00e-04
2026-05-31 07:20:53,357 | [META    ] | INFO | meta_classifier_using.model_trainers.meta_trainer | Ep [009/500] T-Acc: 100.0%  V-Acc: 100.0%  V-AUROC: 1.0000  LR: 1.00e-04
2026-05-31 07:21:22,583 | [META    ] | INFO | meta_classifier_using.model_trainers.meta_trainer | Ep [010/500] T-Acc:  96.0%  V-Acc:  91.7%  V-AUROC: 1.0000  LR: 1.00e-04
2026-05-31 07:21:51,819 | [META    ] | INFO | meta_classifier_using.model_trainers.meta_trainer | Ep [011/500] T-Acc: 100.0%  V-Acc:  91.7%  V-AUROC: 1.0000  LR: 1.00e-04
2026-05-31 07:22:21,068 | [META    ] | INFO | meta_classifier_using.model_trainers.meta_trainer | Ep [012/500] T-Acc: 100.0%  V-Acc:  91.7%  V-AUROC: 1.0000  LR: 1.00e-04
2026-05-31 07:22:50,315 | [META    ] | INFO | meta_classifier_using.model_trainers.meta_trainer | Ep [013/500] T-Acc: 100.0%  V-Acc: 100.0%  V-AUROC: 1.0000  LR: 1.00e-04
2026-05-31 07:23:19,549 | [META    ] | INFO | meta_classifier_using.model_trainers.meta_trainer | Ep [014/500] T-Acc: 100.0%  V-Acc: 100.0%  V-AUROC: 1.0000  LR: 1.00e-04
2026-05-31 07:23:48,783 | [META    ] | INFO | meta_classifier_using.model_trainers.meta_trainer | Ep [015/500] T-Acc: 100.0%  V-Acc:  91.7%  V-AUROC: 1.0000  LR: 1.00e-04
2026-05-31 07:24:18,014 | [META    ] | INFO | meta_classifier_using.model_trainers.meta_trainer | Ep [016/500] T-Acc: 100.0%  V-Acc:  75.0%  V-AUROC: 1.0000  LR: 1.00e-04
2026-05-31 07:24:47,238 | [META    ] | INFO | meta_classifier_using.model_trainers.meta_trainer | Ep [017/500] T-Acc: 100.0%  V-Acc: 100.0%  V-AUROC: 1.0000  LR: 1.00e-04
2026-05-31 07:25:16,485 | [META    ] | INFO | meta_classifier_using.model_trainers.meta_trainer | Ep [018/500] T-Acc: 100.0%  V-Acc: 100.0%  V-AUROC: 1.0000  LR: 2.00e-05
2026-05-31 07:25:45,712 | [META    ] | INFO | meta_classifier_using.model_trainers.meta_trainer | Ep [019/500] T-Acc: 100.0%  V-Acc: 100.0%  V-AUROC: 1.0000  LR: 2.00e-05
2026-05-31 07:26:14,950 | [META    ] | INFO | meta_classifier_using.model_trainers.meta_trainer | Ep [020/500] T-Acc: 100.0%  V-Acc: 100.0%  V-AUROC: 1.0000  LR: 2.00e-05
2026-05-31 07:26:44,194 | [META    ] | INFO | meta_classifier_using.model_trainers.meta_trainer | Ep [021/500] T-Acc: 100.0%  V-Acc: 100.0%  V-AUROC: 1.0000  LR: 2.00e-05
2026-05-31 07:27:13,424 | [META    ] | INFO | meta_classifier_using.model_trainers.meta_trainer | Ep [022/500] T-Acc: 100.0%  V-Acc: 100.0%  V-AUROC: 1.0000  LR: 2.00e-05
2026-05-31 07:27:42,667 | [META    ] | INFO | meta_classifier_using.model_trainers.meta_trainer | Ep [023/500] T-Acc: 100.0%  V-Acc: 100.0%  V-AUROC: 1.0000  LR: 2.00e-05
2026-05-31 07:28:11,893 | [META    ] | INFO | meta_classifier_using.model_trainers.meta_trainer | Ep [024/500] T-Acc: 100.0%  V-Acc: 100.0%  V-AUROC: 1.0000  LR: 2.00e-05
2026-05-31 07:28:41,123 | [META    ] | INFO | meta_classifier_using.model_trainers.meta_trainer | Ep [025/500] T-Acc: 100.0%  V-Acc:  91.7%  V-AUROC: 1.0000  LR: 2.00e-05
2026-05-31 07:29:10,369 | [META    ] | INFO | meta_classifier_using.model_trainers.meta_trainer | Ep [026/500] T-Acc: 100.0%  V-Acc:  83.3%  V-AUROC: 1.0000  LR: 2.00e-05
2026-05-31 07:29:39,623 | [META    ] | INFO | meta_classifier_using.model_trainers.meta_trainer | Ep [027/500] T-Acc: 100.0%  V-Acc:  83.3%  V-AUROC: 1.0000  LR: 2.00e-05
2026-05-31 07:30:08,865 | [META    ] | INFO | meta_classifier_using.model_trainers.meta_trainer | Ep [028/500] T-Acc: 100.0%  V-Acc:  91.7%  V-AUROC: 1.0000  LR: 2.00e-05
2026-05-31 07:30:38,088 | [META    ] | INFO | meta_classifier_using.model_trainers.meta_trainer | Ep [029/500] T-Acc: 100.0%  V-Acc:  83.3%  V-AUROC: 1.0000  LR: 4.00e-06
2026-05-31 07:31:07,326 | [META    ] | INFO | meta_classifier_using.model_trainers.meta_trainer | Ep [030/500] T-Acc: 100.0%  V-Acc:  91.7%  V-AUROC: 1.0000  LR: 4.00e-06
2026-05-31 07:31:36,586 | [META    ] | INFO | meta_classifier_using.model_trainers.meta_trainer | Ep [031/500] T-Acc: 100.0%  V-Acc:  91.7%  V-AUROC: 1.0000  LR: 4.00e-06
2026-05-31 07:32:05,829 | [META    ] | INFO | meta_classifier_using.model_trainers.meta_trainer | Ep [032/500] T-Acc: 100.0%  V-Acc:  83.3%  V-AUROC: 1.0000  LR: 4.00e-06
2026-05-31 07:32:35,062 | [META    ] | INFO | meta_classifier_using.model_trainers.meta_trainer | Ep [033/500] T-Acc: 100.0%  V-Acc:  91.7%  V-AUROC: 1.0000  LR: 4.00e-06
2026-05-31 07:33:04,289 | [META    ] | INFO | meta_classifier_using.model_trainers.meta_trainer | Ep [034/500] T-Acc: 100.0%  V-Acc:  83.3%  V-AUROC: 1.0000  LR: 4.00e-06
2026-05-31 07:33:33,527 | [META    ] | INFO | meta_classifier_using.model_trainers.meta_trainer | Ep [035/500] T-Acc: 100.0%  V-Acc:  83.3%  V-AUROC: 1.0000  LR: 4.00e-06
2026-05-31 07:34:02,761 | [META    ] | INFO | meta_classifier_using.model_trainers.meta_trainer | Ep [036/500] T-Acc: 100.0%  V-Acc:  91.7%  V-AUROC: 1.0000  LR: 4.00e-06
2026-05-31 07:34:31,998 | [META    ] | INFO | meta_classifier_using.model_trainers.meta_trainer | Ep [037/500] T-Acc: 100.0%  V-Acc:  91.7%  V-AUROC: 1.0000  LR: 4.00e-06
2026-05-31 07:35:01,232 | [META    ] | INFO | meta_classifier_using.model_trainers.meta_trainer | Ep [038/500] T-Acc: 100.0%  V-Acc:  91.7%  V-AUROC: 1.0000  LR: 4.00e-06
2026-05-31 07:35:30,471 | [META    ] | INFO | meta_classifier_using.model_trainers.meta_trainer | Ep [039/500] T-Acc: 100.0%  V-Acc:  83.3%  V-AUROC: 1.0000  LR: 4.00e-06
2026-05-31 07:35:59,701 | [META    ] | INFO | meta_classifier_using.model_trainers.meta_trainer | Ep [040/500] T-Acc: 100.0%  V-Acc:  83.3%  V-AUROC: 1.0000  LR: 1.00e-06
2026-05-31 07:36:28,929 | [META    ] | INFO | meta_classifier_using.model_trainers.meta_trainer | Ep [041/500] T-Acc: 100.0%  V-Acc:  83.3%  V-AUROC: 1.0000  LR: 1.00e-06
2026-05-31 07:36:28,929 | [META    ] | INFO | meta_classifier_using.model_trainers.meta_trainer | Early stop — best AUROC 1.0000 at epoch 1 (no improvement for 40 epochs)
2026-05-31 07:36:28,929 | [META    ] | INFO | meta_classifier_using.model_trainers.meta_trainer | Done. Best AUROC: 1.0000 (epoch 1)
2026-05-31 07:36:36,668 | [META    ] | INFO | meta_classifier_using.evaluators.monte_carlo_evaluator | -> Fold 20 Result | Acc=1.000 Sens=1.000 Spec=1.000 AUROC=1.000 | optimal_thresh=0.070
2026-05-31 07:36:38,724 | [META    ] | INFO | meta_classifier_using.evaluators.monte_carlo_evaluator | === Fold 21/30 | train: 25 subj | test: 12 subj ===
2026-05-31 07:36:38,890 | [META    ] | INFO | meta_classifier_using.model_trainers.meta_trainer | Device: cuda | max_epochs=500 | batch=2 | es_patience=40 | lr=1e-04 | wd=1e-02
2026-05-31 07:36:38,892 | [META    ] | INFO | meta_classifier_using.model_trainers.meta_trainer | CE weights — HC: 1.562  MCI: 0.735
2026-05-31 07:37:16,171 | [META    ] | INFO | meta_classifier_using.model_trainers.meta_trainer | Ep [001/500] T-Acc:  60.0%  V-Acc:  50.0%  V-AUROC: 0.8056  LR: 2.00e-05
2026-05-31 07:37:16,416 | [META    ] | INFO | meta_classifier_using.model_trainers.meta_trainer |   ↳ new best AUROC; saved checkpoint: /home/leggo/AIResearch/VOGBasedMCIDetectionSystemMobileViTSingleExperimentInference/outputs/checkpoints/run_20260531_002841_meta/fold_20_best.pth
2026-05-31 07:37:45,704 | [META    ] | INFO | meta_classifier_using.model_trainers.meta_trainer | Ep [002/500] T-Acc:  72.0%  V-Acc:  50.0%  V-AUROC: 0.9444  LR: 4.00e-05
2026-05-31 07:37:47,704 | [META    ] | INFO | meta_classifier_using.model_trainers.meta_trainer |   ↳ new best AUROC; saved checkpoint: /home/leggo/AIResearch/VOGBasedMCIDetectionSystemMobileViTSingleExperimentInference/outputs/checkpoints/run_20260531_002841_meta/fold_20_best.pth
2026-05-31 07:38:17,057 | [META    ] | INFO | meta_classifier_using.model_trainers.meta_trainer | Ep [003/500] T-Acc:  80.0%  V-Acc:  83.3%  V-AUROC: 0.9722  LR: 6.00e-05
2026-05-31 07:38:19,644 | [META    ] | INFO | meta_classifier_using.model_trainers.meta_trainer |   ↳ new best AUROC; saved checkpoint: /home/leggo/AIResearch/VOGBasedMCIDetectionSystemMobileViTSingleExperimentInference/outputs/checkpoints/run_20260531_002841_meta/fold_20_best.pth
2026-05-31 07:38:49,111 | [META    ] | INFO | meta_classifier_using.model_trainers.meta_trainer | Ep [004/500] T-Acc:  92.0%  V-Acc:  91.7%  V-AUROC: 0.9722  LR: 8.00e-05
2026-05-31 07:39:18,379 | [META    ] | INFO | meta_classifier_using.model_trainers.meta_trainer | Ep [005/500] T-Acc:  92.0%  V-Acc:  91.7%  V-AUROC: 0.9722  LR: 1.00e-04
2026-05-31 07:39:47,631 | [META    ] | INFO | meta_classifier_using.model_trainers.meta_trainer | Ep [006/500] T-Acc: 100.0%  V-Acc:  91.7%  V-AUROC: 0.9722  LR: 1.00e-04
2026-05-31 07:40:16,874 | [META    ] | INFO | meta_classifier_using.model_trainers.meta_trainer | Ep [007/500] T-Acc: 100.0%  V-Acc:  91.7%  V-AUROC: 0.9722  LR: 1.00e-04
2026-05-31 07:40:46,115 | [META    ] | INFO | meta_classifier_using.model_trainers.meta_trainer | Ep [008/500] T-Acc: 100.0%  V-Acc:  91.7%  V-AUROC: 1.0000  LR: 1.00e-04
2026-05-31 07:40:49,080 | [META    ] | INFO | meta_classifier_using.model_trainers.meta_trainer |   ↳ new best AUROC; saved checkpoint: /home/leggo/AIResearch/VOGBasedMCIDetectionSystemMobileViTSingleExperimentInference/outputs/checkpoints/run_20260531_002841_meta/fold_20_best.pth
2026-05-31 07:41:18,536 | [META    ] | INFO | meta_classifier_using.model_trainers.meta_trainer | Ep [009/500] T-Acc: 100.0%  V-Acc:  91.7%  V-AUROC: 1.0000  LR: 1.00e-04
2026-05-31 07:41:47,766 | [META    ] | INFO | meta_classifier_using.model_trainers.meta_trainer | Ep [010/500] T-Acc: 100.0%  V-Acc:  91.7%  V-AUROC: 1.0000  LR: 1.00e-04
2026-05-31 07:42:17,008 | [META    ] | INFO | meta_classifier_using.model_trainers.meta_trainer | Ep [011/500] T-Acc: 100.0%  V-Acc:  91.7%  V-AUROC: 1.0000  LR: 1.00e-04
2026-05-31 07:42:46,256 | [META    ] | INFO | meta_classifier_using.model_trainers.meta_trainer | Ep [012/500] T-Acc: 100.0%  V-Acc:  91.7%  V-AUROC: 1.0000  LR: 1.00e-04
2026-05-31 07:43:15,511 | [META    ] | INFO | meta_classifier_using.model_trainers.meta_trainer | Ep [013/500] T-Acc: 100.0%  V-Acc:  91.7%  V-AUROC: 1.0000  LR: 1.00e-04
2026-05-31 07:43:44,739 | [META    ] | INFO | meta_classifier_using.model_trainers.meta_trainer | Ep [014/500] T-Acc: 100.0%  V-Acc:  91.7%  V-AUROC: 1.0000  LR: 1.00e-04
2026-05-31 07:44:13,971 | [META    ] | INFO | meta_classifier_using.model_trainers.meta_trainer | Ep [015/500] T-Acc: 100.0%  V-Acc:  91.7%  V-AUROC: 1.0000  LR: 1.00e-04
2026-05-31 07:44:43,208 | [META    ] | INFO | meta_classifier_using.model_trainers.meta_trainer | Ep [016/500] T-Acc: 100.0%  V-Acc:  91.7%  V-AUROC: 1.0000  LR: 1.00e-04
2026-05-31 07:45:12,445 | [META    ] | INFO | meta_classifier_using.model_trainers.meta_trainer | Ep [017/500] T-Acc: 100.0%  V-Acc:  91.7%  V-AUROC: 1.0000  LR: 1.00e-04
2026-05-31 07:45:41,670 | [META    ] | INFO | meta_classifier_using.model_trainers.meta_trainer | Ep [018/500] T-Acc: 100.0%  V-Acc:  91.7%  V-AUROC: 1.0000  LR: 1.00e-04
2026-05-31 07:46:10,912 | [META    ] | INFO | meta_classifier_using.model_trainers.meta_trainer | Ep [019/500] T-Acc: 100.0%  V-Acc:  91.7%  V-AUROC: 1.0000  LR: 1.00e-04
2026-05-31 07:46:40,156 | [META    ] | INFO | meta_classifier_using.model_trainers.meta_trainer | Ep [020/500] T-Acc: 100.0%  V-Acc:  91.7%  V-AUROC: 1.0000  LR: 2.00e-05
2026-05-31 07:47:09,364 | [META    ] | INFO | meta_classifier_using.model_trainers.meta_trainer | Ep [021/500] T-Acc: 100.0%  V-Acc:  91.7%  V-AUROC: 1.0000  LR: 2.00e-05
2026-05-31 07:47:38,577 | [META    ] | INFO | meta_classifier_using.model_trainers.meta_trainer | Ep [022/500] T-Acc: 100.0%  V-Acc:  91.7%  V-AUROC: 1.0000  LR: 2.00e-05
2026-05-31 07:48:07,808 | [META    ] | INFO | meta_classifier_using.model_trainers.meta_trainer | Ep [023/500] T-Acc: 100.0%  V-Acc:  91.7%  V-AUROC: 0.9722  LR: 2.00e-05
2026-05-31 07:48:37,036 | [META    ] | INFO | meta_classifier_using.model_trainers.meta_trainer | Ep [024/500] T-Acc: 100.0%  V-Acc:  91.7%  V-AUROC: 0.9722  LR: 2.00e-05
2026-05-31 07:49:06,260 | [META    ] | INFO | meta_classifier_using.model_trainers.meta_trainer | Ep [025/500] T-Acc: 100.0%  V-Acc:  91.7%  V-AUROC: 0.9722  LR: 2.00e-05
2026-05-31 07:49:35,486 | [META    ] | INFO | meta_classifier_using.model_trainers.meta_trainer | Ep [026/500] T-Acc: 100.0%  V-Acc:  91.7%  V-AUROC: 0.9722  LR: 2.00e-05
2026-05-31 07:50:04,707 | [META    ] | INFO | meta_classifier_using.model_trainers.meta_trainer | Ep [027/500] T-Acc: 100.0%  V-Acc:  91.7%  V-AUROC: 0.9722  LR: 2.00e-05
2026-05-31 07:50:33,923 | [META    ] | INFO | meta_classifier_using.model_trainers.meta_trainer | Ep [028/500] T-Acc: 100.0%  V-Acc:  91.7%  V-AUROC: 0.9722  LR: 2.00e-05
2026-05-31 07:51:03,159 | [META    ] | INFO | meta_classifier_using.model_trainers.meta_trainer | Ep [029/500] T-Acc: 100.0%  V-Acc:  91.7%  V-AUROC: 1.0000  LR: 2.00e-05
2026-05-31 07:51:32,410 | [META    ] | INFO | meta_classifier_using.model_trainers.meta_trainer | Ep [030/500] T-Acc: 100.0%  V-Acc:  91.7%  V-AUROC: 1.0000  LR: 2.00e-05
2026-05-31 07:52:01,656 | [META    ] | INFO | meta_classifier_using.model_trainers.meta_trainer | Ep [031/500] T-Acc: 100.0%  V-Acc:  91.7%  V-AUROC: 1.0000  LR: 4.00e-06
2026-05-31 07:52:30,898 | [META    ] | INFO | meta_classifier_using.model_trainers.meta_trainer | Ep [032/500] T-Acc: 100.0%  V-Acc:  91.7%  V-AUROC: 1.0000  LR: 4.00e-06
2026-05-31 07:53:00,131 | [META    ] | INFO | meta_classifier_using.model_trainers.meta_trainer | Ep [033/500] T-Acc: 100.0%  V-Acc:  91.7%  V-AUROC: 1.0000  LR: 4.00e-06
2026-05-31 07:53:29,369 | [META    ] | INFO | meta_classifier_using.model_trainers.meta_trainer | Ep [034/500] T-Acc: 100.0%  V-Acc:  91.7%  V-AUROC: 1.0000  LR: 4.00e-06
2026-05-31 07:53:58,596 | [META    ] | INFO | meta_classifier_using.model_trainers.meta_trainer | Ep [035/500] T-Acc: 100.0%  V-Acc:  91.7%  V-AUROC: 1.0000  LR: 4.00e-06
2026-05-31 07:54:27,835 | [META    ] | INFO | meta_classifier_using.model_trainers.meta_trainer | Ep [036/500] T-Acc: 100.0%  V-Acc:  91.7%  V-AUROC: 1.0000  LR: 4.00e-06
2026-05-31 07:54:57,068 | [META    ] | INFO | meta_classifier_using.model_trainers.meta_trainer | Ep [037/500] T-Acc: 100.0%  V-Acc:  91.7%  V-AUROC: 1.0000  LR: 4.00e-06
2026-05-31 07:55:26,295 | [META    ] | INFO | meta_classifier_using.model_trainers.meta_trainer | Ep [038/500] T-Acc:  96.0%  V-Acc:  91.7%  V-AUROC: 1.0000  LR: 4.00e-06
2026-05-31 07:55:55,532 | [META    ] | INFO | meta_classifier_using.model_trainers.meta_trainer | Ep [039/500] T-Acc: 100.0%  V-Acc:  91.7%  V-AUROC: 1.0000  LR: 4.00e-06
2026-05-31 07:56:24,757 | [META    ] | INFO | meta_classifier_using.model_trainers.meta_trainer | Ep [040/500] T-Acc: 100.0%  V-Acc:  91.7%  V-AUROC: 1.0000  LR: 4.00e-06
2026-05-31 07:56:53,979 | [META    ] | INFO | meta_classifier_using.model_trainers.meta_trainer | Ep [041/500] T-Acc: 100.0%  V-Acc:  91.7%  V-AUROC: 1.0000  LR: 4.00e-06
2026-05-31 07:57:23,199 | [META    ] | INFO | meta_classifier_using.model_trainers.meta_trainer | Ep [042/500] T-Acc: 100.0%  V-Acc:  91.7%  V-AUROC: 1.0000  LR: 1.00e-06
2026-05-31 07:57:52,416 | [META    ] | INFO | meta_classifier_using.model_trainers.meta_trainer | Ep [043/500] T-Acc: 100.0%  V-Acc:  91.7%  V-AUROC: 1.0000  LR: 1.00e-06
2026-05-31 07:58:21,642 | [META    ] | INFO | meta_classifier_using.model_trainers.meta_trainer | Ep [044/500] T-Acc: 100.0%  V-Acc:  91.7%  V-AUROC: 1.0000  LR: 1.00e-06
2026-05-31 07:58:50,860 | [META    ] | INFO | meta_classifier_using.model_trainers.meta_trainer | Ep [045/500] T-Acc: 100.0%  V-Acc:  91.7%  V-AUROC: 1.0000  LR: 1.00e-06
2026-05-31 07:59:20,096 | [META    ] | INFO | meta_classifier_using.model_trainers.meta_trainer | Ep [046/500] T-Acc: 100.0%  V-Acc:  91.7%  V-AUROC: 1.0000  LR: 1.00e-06
2026-05-31 07:59:49,328 | [META    ] | INFO | meta_classifier_using.model_trainers.meta_trainer | Ep [047/500] T-Acc: 100.0%  V-Acc:  91.7%  V-AUROC: 1.0000  LR: 1.00e-06
2026-05-31 08:00:18,563 | [META    ] | INFO | meta_classifier_using.model_trainers.meta_trainer | Ep [048/500] T-Acc: 100.0%  V-Acc:  91.7%  V-AUROC: 1.0000  LR: 1.00e-06
2026-05-31 08:00:18,564 | [META    ] | INFO | meta_classifier_using.model_trainers.meta_trainer | Early stop — best AUROC 1.0000 at epoch 8 (no improvement for 40 epochs)
2026-05-31 08:00:18,564 | [META    ] | INFO | meta_classifier_using.model_trainers.meta_trainer | Done. Best AUROC: 1.0000 (epoch 8)
2026-05-31 08:00:26,268 | [META    ] | INFO | meta_classifier_using.evaluators.monte_carlo_evaluator | -> Fold 21 Result | Acc=0.917 Sens=0.833 Spec=1.000 AUROC=0.972 | optimal_thresh=1.000
2026-05-31 08:00:28,325 | [META    ] | INFO | meta_classifier_using.evaluators.monte_carlo_evaluator | === Fold 22/30 | train: 25 subj | test: 12 subj ===
2026-05-31 08:00:28,484 | [META    ] | INFO | meta_classifier_using.model_trainers.meta_trainer | Device: cuda | max_epochs=500 | batch=2 | es_patience=40 | lr=1e-04 | wd=1e-02
2026-05-31 08:00:28,485 | [META    ] | INFO | meta_classifier_using.model_trainers.meta_trainer | CE weights — HC: 1.389  MCI: 0.781
2026-05-31 08:01:05,715 | [META    ] | INFO | meta_classifier_using.model_trainers.meta_trainer | Ep [001/500] T-Acc:  40.0%  V-Acc:  58.3%  V-AUROC: 1.0000  LR: 2.00e-05
2026-05-31 08:01:05,966 | [META    ] | INFO | meta_classifier_using.model_trainers.meta_trainer |   ↳ new best AUROC; saved checkpoint: /home/leggo/AIResearch/VOGBasedMCIDetectionSystemMobileViTSingleExperimentInference/outputs/checkpoints/run_20260531_002841_meta/fold_21_best.pth
2026-05-31 08:01:35,243 | [META    ] | INFO | meta_classifier_using.model_trainers.meta_trainer | Ep [002/500] T-Acc:  80.0%  V-Acc: 100.0%  V-AUROC: 1.0000  LR: 4.00e-05
2026-05-31 08:02:04,515 | [META    ] | INFO | meta_classifier_using.model_trainers.meta_trainer | Ep [003/500] T-Acc:  96.0%  V-Acc:  91.7%  V-AUROC: 1.0000  LR: 6.00e-05
2026-05-31 08:02:33,798 | [META    ] | INFO | meta_classifier_using.model_trainers.meta_trainer | Ep [004/500] T-Acc:  96.0%  V-Acc: 100.0%  V-AUROC: 1.0000  LR: 8.00e-05
2026-05-31 08:03:03,043 | [META    ] | INFO | meta_classifier_using.model_trainers.meta_trainer | Ep [005/500] T-Acc:  96.0%  V-Acc: 100.0%  V-AUROC: 1.0000  LR: 1.00e-04
2026-05-31 08:03:32,305 | [META    ] | INFO | meta_classifier_using.model_trainers.meta_trainer | Ep [006/500] T-Acc: 100.0%  V-Acc: 100.0%  V-AUROC: 1.0000  LR: 1.00e-04
2026-05-31 08:04:01,556 | [META    ] | INFO | meta_classifier_using.model_trainers.meta_trainer | Ep [007/500] T-Acc: 100.0%  V-Acc: 100.0%  V-AUROC: 1.0000  LR: 1.00e-04
2026-05-31 08:04:30,791 | [META    ] | INFO | meta_classifier_using.model_trainers.meta_trainer | Ep [008/500] T-Acc: 100.0%  V-Acc: 100.0%  V-AUROC: 1.0000  LR: 1.00e-04
2026-05-31 08:05:00,021 | [META    ] | INFO | meta_classifier_using.model_trainers.meta_trainer | Ep [009/500] T-Acc: 100.0%  V-Acc: 100.0%  V-AUROC: 1.0000  LR: 1.00e-04
2026-05-31 08:05:29,270 | [META    ] | INFO | meta_classifier_using.model_trainers.meta_trainer | Ep [010/500] T-Acc: 100.0%  V-Acc: 100.0%  V-AUROC: 1.0000  LR: 1.00e-04
2026-05-31 08:05:58,518 | [META    ] | INFO | meta_classifier_using.model_trainers.meta_trainer | Ep [011/500] T-Acc: 100.0%  V-Acc: 100.0%  V-AUROC: 1.0000  LR: 1.00e-04
2026-05-31 08:06:27,745 | [META    ] | INFO | meta_classifier_using.model_trainers.meta_trainer | Ep [012/500] T-Acc: 100.0%  V-Acc: 100.0%  V-AUROC: 1.0000  LR: 1.00e-04
2026-05-31 08:06:56,972 | [META    ] | INFO | meta_classifier_using.model_trainers.meta_trainer | Ep [013/500] T-Acc: 100.0%  V-Acc: 100.0%  V-AUROC: 1.0000  LR: 1.00e-04
2026-05-31 08:07:26,209 | [META    ] | INFO | meta_classifier_using.model_trainers.meta_trainer | Ep [014/500] T-Acc: 100.0%  V-Acc: 100.0%  V-AUROC: 1.0000  LR: 1.00e-04
2026-05-31 08:07:55,443 | [META    ] | INFO | meta_classifier_using.model_trainers.meta_trainer | Ep [015/500] T-Acc: 100.0%  V-Acc: 100.0%  V-AUROC: 1.0000  LR: 1.00e-04
2026-05-31 08:08:24,662 | [META    ] | INFO | meta_classifier_using.model_trainers.meta_trainer | Ep [016/500] T-Acc: 100.0%  V-Acc: 100.0%  V-AUROC: 1.0000  LR: 1.00e-04
2026-05-31 08:08:53,907 | [META    ] | INFO | meta_classifier_using.model_trainers.meta_trainer | Ep [017/500] T-Acc: 100.0%  V-Acc: 100.0%  V-AUROC: 1.0000  LR: 1.00e-04
2026-05-31 08:09:23,130 | [META    ] | INFO | meta_classifier_using.model_trainers.meta_trainer | Ep [018/500] T-Acc: 100.0%  V-Acc: 100.0%  V-AUROC: 1.0000  LR: 2.00e-05
2026-05-31 08:09:52,357 | [META    ] | INFO | meta_classifier_using.model_trainers.meta_trainer | Ep [019/500] T-Acc: 100.0%  V-Acc: 100.0%  V-AUROC: 1.0000  LR: 2.00e-05
2026-05-31 08:10:21,694 | [META    ] | INFO | meta_classifier_using.model_trainers.meta_trainer | Ep [020/500] T-Acc: 100.0%  V-Acc: 100.0%  V-AUROC: 1.0000  LR: 2.00e-05
2026-05-31 08:10:50,915 | [META    ] | INFO | meta_classifier_using.model_trainers.meta_trainer | Ep [021/500] T-Acc: 100.0%  V-Acc: 100.0%  V-AUROC: 1.0000  LR: 2.00e-05
2026-05-31 08:11:20,128 | [META    ] | INFO | meta_classifier_using.model_trainers.meta_trainer | Ep [022/500] T-Acc: 100.0%  V-Acc: 100.0%  V-AUROC: 1.0000  LR: 2.00e-05
2026-05-31 08:11:49,344 | [META    ] | INFO | meta_classifier_using.model_trainers.meta_trainer | Ep [023/500] T-Acc: 100.0%  V-Acc: 100.0%  V-AUROC: 1.0000  LR: 2.00e-05
2026-05-31 08:12:18,568 | [META    ] | INFO | meta_classifier_using.model_trainers.meta_trainer | Ep [024/500] T-Acc: 100.0%  V-Acc: 100.0%  V-AUROC: 1.0000  LR: 2.00e-05
2026-05-31 08:12:47,793 | [META    ] | INFO | meta_classifier_using.model_trainers.meta_trainer | Ep [025/500] T-Acc: 100.0%  V-Acc: 100.0%  V-AUROC: 1.0000  LR: 2.00e-05
2026-05-31 08:13:17,013 | [META    ] | INFO | meta_classifier_using.model_trainers.meta_trainer | Ep [026/500] T-Acc: 100.0%  V-Acc: 100.0%  V-AUROC: 1.0000  LR: 2.00e-05
2026-05-31 08:13:46,235 | [META    ] | INFO | meta_classifier_using.model_trainers.meta_trainer | Ep [027/500] T-Acc: 100.0%  V-Acc: 100.0%  V-AUROC: 1.0000  LR: 2.00e-05
2026-05-31 08:14:15,466 | [META    ] | INFO | meta_classifier_using.model_trainers.meta_trainer | Ep [028/500] T-Acc: 100.0%  V-Acc: 100.0%  V-AUROC: 1.0000  LR: 2.00e-05
2026-05-31 08:14:44,671 | [META    ] | INFO | meta_classifier_using.model_trainers.meta_trainer | Ep [029/500] T-Acc: 100.0%  V-Acc: 100.0%  V-AUROC: 1.0000  LR: 4.00e-06
2026-05-31 08:15:13,905 | [META    ] | INFO | meta_classifier_using.model_trainers.meta_trainer | Ep [030/500] T-Acc: 100.0%  V-Acc: 100.0%  V-AUROC: 1.0000  LR: 4.00e-06
2026-05-31 08:15:43,122 | [META    ] | INFO | meta_classifier_using.model_trainers.meta_trainer | Ep [031/500] T-Acc:  96.0%  V-Acc: 100.0%  V-AUROC: 1.0000  LR: 4.00e-06
2026-05-31 08:16:12,346 | [META    ] | INFO | meta_classifier_using.model_trainers.meta_trainer | Ep [032/500] T-Acc: 100.0%  V-Acc: 100.0%  V-AUROC: 1.0000  LR: 4.00e-06
2026-05-31 08:16:41,570 | [META    ] | INFO | meta_classifier_using.model_trainers.meta_trainer | Ep [033/500] T-Acc: 100.0%  V-Acc: 100.0%  V-AUROC: 1.0000  LR: 4.00e-06
2026-05-31 08:17:10,803 | [META    ] | INFO | meta_classifier_using.model_trainers.meta_trainer | Ep [034/500] T-Acc: 100.0%  V-Acc: 100.0%  V-AUROC: 1.0000  LR: 4.00e-06
2026-05-31 08:17:40,036 | [META    ] | INFO | meta_classifier_using.model_trainers.meta_trainer | Ep [035/500] T-Acc: 100.0%  V-Acc: 100.0%  V-AUROC: 1.0000  LR: 4.00e-06
2026-05-31 08:18:09,264 | [META    ] | INFO | meta_classifier_using.model_trainers.meta_trainer | Ep [036/500] T-Acc: 100.0%  V-Acc: 100.0%  V-AUROC: 1.0000  LR: 4.00e-06
2026-05-31 08:18:38,499 | [META    ] | INFO | meta_classifier_using.model_trainers.meta_trainer | Ep [037/500] T-Acc: 100.0%  V-Acc: 100.0%  V-AUROC: 1.0000  LR: 4.00e-06
2026-05-31 08:19:07,737 | [META    ] | INFO | meta_classifier_using.model_trainers.meta_trainer | Ep [038/500] T-Acc: 100.0%  V-Acc: 100.0%  V-AUROC: 1.0000  LR: 4.00e-06
2026-05-31 08:19:36,968 | [META    ] | INFO | meta_classifier_using.model_trainers.meta_trainer | Ep [039/500] T-Acc: 100.0%  V-Acc: 100.0%  V-AUROC: 1.0000  LR: 4.00e-06
2026-05-31 08:20:06,187 | [META    ] | INFO | meta_classifier_using.model_trainers.meta_trainer | Ep [040/500] T-Acc: 100.0%  V-Acc: 100.0%  V-AUROC: 1.0000  LR: 1.00e-06
2026-05-31 08:20:35,422 | [META    ] | INFO | meta_classifier_using.model_trainers.meta_trainer | Ep [041/500] T-Acc: 100.0%  V-Acc: 100.0%  V-AUROC: 1.0000  LR: 1.00e-06
2026-05-31 08:20:35,423 | [META    ] | INFO | meta_classifier_using.model_trainers.meta_trainer | Early stop — best AUROC 1.0000 at epoch 1 (no improvement for 40 epochs)
2026-05-31 08:20:35,423 | [META    ] | INFO | meta_classifier_using.model_trainers.meta_trainer | Done. Best AUROC: 1.0000 (epoch 1)
2026-05-31 08:20:43,156 | [META    ] | INFO | meta_classifier_using.evaluators.monte_carlo_evaluator | -> Fold 22 Result | Acc=1.000 Sens=1.000 Spec=1.000 AUROC=1.000 | optimal_thresh=0.998
2026-05-31 08:20:45,208 | [META    ] | INFO | meta_classifier_using.evaluators.monte_carlo_evaluator | === Fold 23/30 | train: 25 subj | test: 12 subj ===
2026-05-31 08:20:45,362 | [META    ] | INFO | meta_classifier_using.model_trainers.meta_trainer | Device: cuda | max_epochs=500 | batch=2 | es_patience=40 | lr=1e-04 | wd=1e-02
2026-05-31 08:20:45,364 | [META    ] | INFO | meta_classifier_using.model_trainers.meta_trainer | CE weights — HC: 1.389  MCI: 0.781
2026-05-31 08:21:22,613 | [META    ] | INFO | meta_classifier_using.model_trainers.meta_trainer | Ep [001/500] T-Acc:  52.0%  V-Acc:  58.3%  V-AUROC: 0.8857  LR: 2.00e-05
2026-05-31 08:21:22,861 | [META    ] | INFO | meta_classifier_using.model_trainers.meta_trainer |   ↳ new best AUROC; saved checkpoint: /home/leggo/AIResearch/VOGBasedMCIDetectionSystemMobileViTSingleExperimentInference/outputs/checkpoints/run_20260531_002841_meta/fold_22_best.pth
2026-05-31 08:21:52,123 | [META    ] | INFO | meta_classifier_using.model_trainers.meta_trainer | Ep [002/500] T-Acc:  80.0%  V-Acc: 100.0%  V-AUROC: 1.0000  LR: 4.00e-05
2026-05-31 08:21:54,205 | [META    ] | INFO | meta_classifier_using.model_trainers.meta_trainer |   ↳ new best AUROC; saved checkpoint: /home/leggo/AIResearch/VOGBasedMCIDetectionSystemMobileViTSingleExperimentInference/outputs/checkpoints/run_20260531_002841_meta/fold_22_best.pth
2026-05-31 08:22:23,596 | [META    ] | INFO | meta_classifier_using.model_trainers.meta_trainer | Ep [003/500] T-Acc:  92.0%  V-Acc: 100.0%  V-AUROC: 1.0000  LR: 6.00e-05
2026-05-31 08:22:52,831 | [META    ] | INFO | meta_classifier_using.model_trainers.meta_trainer | Ep [004/500] T-Acc:  96.0%  V-Acc: 100.0%  V-AUROC: 1.0000  LR: 8.00e-05
2026-05-31 08:23:22,080 | [META    ] | INFO | meta_classifier_using.model_trainers.meta_trainer | Ep [005/500] T-Acc:  92.0%  V-Acc: 100.0%  V-AUROC: 1.0000  LR: 1.00e-04
2026-05-31 08:23:51,310 | [META    ] | INFO | meta_classifier_using.model_trainers.meta_trainer | Ep [006/500] T-Acc: 100.0%  V-Acc: 100.0%  V-AUROC: 1.0000  LR: 1.00e-04
2026-05-31 08:24:20,531 | [META    ] | INFO | meta_classifier_using.model_trainers.meta_trainer | Ep [007/500] T-Acc:  88.0%  V-Acc: 100.0%  V-AUROC: 1.0000  LR: 1.00e-04
2026-05-31 08:24:49,753 | [META    ] | INFO | meta_classifier_using.model_trainers.meta_trainer | Ep [008/500] T-Acc: 100.0%  V-Acc: 100.0%  V-AUROC: 1.0000  LR: 1.00e-04
2026-05-31 08:25:18,975 | [META    ] | INFO | meta_classifier_using.model_trainers.meta_trainer | Ep [009/500] T-Acc: 100.0%  V-Acc: 100.0%  V-AUROC: 1.0000  LR: 1.00e-04
2026-05-31 08:25:48,195 | [META    ] | INFO | meta_classifier_using.model_trainers.meta_trainer | Ep [010/500] T-Acc:  96.0%  V-Acc: 100.0%  V-AUROC: 1.0000  LR: 1.00e-04
2026-05-31 08:26:17,416 | [META    ] | INFO | meta_classifier_using.model_trainers.meta_trainer | Ep [011/500] T-Acc: 100.0%  V-Acc: 100.0%  V-AUROC: 1.0000  LR: 1.00e-04
2026-05-31 08:26:46,630 | [META    ] | INFO | meta_classifier_using.model_trainers.meta_trainer | Ep [012/500] T-Acc: 100.0%  V-Acc: 100.0%  V-AUROC: 1.0000  LR: 1.00e-04
2026-05-31 08:27:15,840 | [META    ] | INFO | meta_classifier_using.model_trainers.meta_trainer | Ep [013/500] T-Acc: 100.0%  V-Acc: 100.0%  V-AUROC: 1.0000  LR: 1.00e-04
2026-05-31 08:27:45,065 | [META    ] | INFO | meta_classifier_using.model_trainers.meta_trainer | Ep [014/500] T-Acc: 100.0%  V-Acc:  91.7%  V-AUROC: 1.0000  LR: 1.00e-04
2026-05-31 08:28:14,295 | [META    ] | INFO | meta_classifier_using.model_trainers.meta_trainer | Ep [015/500] T-Acc: 100.0%  V-Acc: 100.0%  V-AUROC: 1.0000  LR: 1.00e-04
2026-05-31 08:28:43,515 | [META    ] | INFO | meta_classifier_using.model_trainers.meta_trainer | Ep [016/500] T-Acc: 100.0%  V-Acc: 100.0%  V-AUROC: 1.0000  LR: 1.00e-04
2026-05-31 08:29:12,763 | [META    ] | INFO | meta_classifier_using.model_trainers.meta_trainer | Ep [017/500] T-Acc: 100.0%  V-Acc: 100.0%  V-AUROC: 1.0000  LR: 1.00e-04
2026-05-31 08:29:41,987 | [META    ] | INFO | meta_classifier_using.model_trainers.meta_trainer | Ep [018/500] T-Acc: 100.0%  V-Acc: 100.0%  V-AUROC: 1.0000  LR: 2.00e-05
2026-05-31 08:30:11,230 | [META    ] | INFO | meta_classifier_using.model_trainers.meta_trainer | Ep [019/500] T-Acc: 100.0%  V-Acc: 100.0%  V-AUROC: 1.0000  LR: 2.00e-05
2026-05-31 08:30:40,457 | [META    ] | INFO | meta_classifier_using.model_trainers.meta_trainer | Ep [020/500] T-Acc: 100.0%  V-Acc: 100.0%  V-AUROC: 1.0000  LR: 2.00e-05
2026-05-31 08:31:09,680 | [META    ] | INFO | meta_classifier_using.model_trainers.meta_trainer | Ep [021/500] T-Acc: 100.0%  V-Acc: 100.0%  V-AUROC: 1.0000  LR: 2.00e-05
2026-05-31 08:31:38,918 | [META    ] | INFO | meta_classifier_using.model_trainers.meta_trainer | Ep [022/500] T-Acc: 100.0%  V-Acc: 100.0%  V-AUROC: 1.0000  LR: 2.00e-05
2026-05-31 08:32:08,126 | [META    ] | INFO | meta_classifier_using.model_trainers.meta_trainer | Ep [023/500] T-Acc: 100.0%  V-Acc: 100.0%  V-AUROC: 1.0000  LR: 2.00e-05
2026-05-31 08:32:37,343 | [META    ] | INFO | meta_classifier_using.model_trainers.meta_trainer | Ep [024/500] T-Acc: 100.0%  V-Acc: 100.0%  V-AUROC: 1.0000  LR: 2.00e-05
2026-05-31 08:33:06,574 | [META    ] | INFO | meta_classifier_using.model_trainers.meta_trainer | Ep [025/500] T-Acc: 100.0%  V-Acc: 100.0%  V-AUROC: 1.0000  LR: 2.00e-05
2026-05-31 08:33:35,791 | [META    ] | INFO | meta_classifier_using.model_trainers.meta_trainer | Ep [026/500] T-Acc: 100.0%  V-Acc: 100.0%  V-AUROC: 1.0000  LR: 2.00e-05
2026-05-31 08:34:05,013 | [META    ] | INFO | meta_classifier_using.model_trainers.meta_trainer | Ep [027/500] T-Acc: 100.0%  V-Acc: 100.0%  V-AUROC: 1.0000  LR: 2.00e-05
2026-05-31 08:34:34,226 | [META    ] | INFO | meta_classifier_using.model_trainers.meta_trainer | Ep [028/500] T-Acc: 100.0%  V-Acc: 100.0%  V-AUROC: 1.0000  LR: 2.00e-05
2026-05-31 08:35:03,433 | [META    ] | INFO | meta_classifier_using.model_trainers.meta_trainer | Ep [029/500] T-Acc: 100.0%  V-Acc: 100.0%  V-AUROC: 1.0000  LR: 4.00e-06
2026-05-31 08:35:32,641 | [META    ] | INFO | meta_classifier_using.model_trainers.meta_trainer | Ep [030/500] T-Acc: 100.0%  V-Acc: 100.0%  V-AUROC: 1.0000  LR: 4.00e-06
2026-05-31 08:36:01,852 | [META    ] | INFO | meta_classifier_using.model_trainers.meta_trainer | Ep [031/500] T-Acc: 100.0%  V-Acc: 100.0%  V-AUROC: 1.0000  LR: 4.00e-06
2026-05-31 08:36:31,075 | [META    ] | INFO | meta_classifier_using.model_trainers.meta_trainer | Ep [032/500] T-Acc: 100.0%  V-Acc: 100.0%  V-AUROC: 1.0000  LR: 4.00e-06
2026-05-31 08:37:00,294 | [META    ] | INFO | meta_classifier_using.model_trainers.meta_trainer | Ep [033/500] T-Acc: 100.0%  V-Acc: 100.0%  V-AUROC: 1.0000  LR: 4.00e-06
2026-05-31 08:37:29,522 | [META    ] | INFO | meta_classifier_using.model_trainers.meta_trainer | Ep [034/500] T-Acc: 100.0%  V-Acc: 100.0%  V-AUROC: 1.0000  LR: 4.00e-06
2026-05-31 08:37:58,744 | [META    ] | INFO | meta_classifier_using.model_trainers.meta_trainer | Ep [035/500] T-Acc: 100.0%  V-Acc: 100.0%  V-AUROC: 1.0000  LR: 4.00e-06
2026-05-31 08:38:27,939 | [META    ] | INFO | meta_classifier_using.model_trainers.meta_trainer | Ep [036/500] T-Acc: 100.0%  V-Acc: 100.0%  V-AUROC: 1.0000  LR: 4.00e-06
2026-05-31 08:38:57,144 | [META    ] | INFO | meta_classifier_using.model_trainers.meta_trainer | Ep [037/500] T-Acc: 100.0%  V-Acc: 100.0%  V-AUROC: 1.0000  LR: 4.00e-06
2026-05-31 08:39:26,360 | [META    ] | INFO | meta_classifier_using.model_trainers.meta_trainer | Ep [038/500] T-Acc: 100.0%  V-Acc: 100.0%  V-AUROC: 1.0000  LR: 4.00e-06
2026-05-31 08:39:55,575 | [META    ] | INFO | meta_classifier_using.model_trainers.meta_trainer | Ep [039/500] T-Acc: 100.0%  V-Acc: 100.0%  V-AUROC: 1.0000  LR: 4.00e-06
2026-05-31 08:40:24,804 | [META    ] | INFO | meta_classifier_using.model_trainers.meta_trainer | Ep [040/500] T-Acc: 100.0%  V-Acc: 100.0%  V-AUROC: 1.0000  LR: 1.00e-06
2026-05-31 08:40:54,023 | [META    ] | INFO | meta_classifier_using.model_trainers.meta_trainer | Ep [041/500] T-Acc: 100.0%  V-Acc: 100.0%  V-AUROC: 1.0000  LR: 1.00e-06
2026-05-31 08:41:23,240 | [META    ] | INFO | meta_classifier_using.model_trainers.meta_trainer | Ep [042/500] T-Acc: 100.0%  V-Acc: 100.0%  V-AUROC: 1.0000  LR: 1.00e-06
2026-05-31 08:41:23,241 | [META    ] | INFO | meta_classifier_using.model_trainers.meta_trainer | Early stop — best AUROC 1.0000 at epoch 2 (no improvement for 40 epochs)
2026-05-31 08:41:23,241 | [META    ] | INFO | meta_classifier_using.model_trainers.meta_trainer | Done. Best AUROC: 1.0000 (epoch 2)
2026-05-31 08:41:30,945 | [META    ] | INFO | meta_classifier_using.evaluators.monte_carlo_evaluator | -> Fold 23 Result | Acc=1.000 Sens=1.000 Spec=1.000 AUROC=1.000 | optimal_thresh=1.000
2026-05-31 08:41:32,987 | [META    ] | INFO | meta_classifier_using.evaluators.monte_carlo_evaluator | === Fold 24/30 | train: 25 subj | test: 12 subj ===
2026-05-31 08:41:33,145 | [META    ] | INFO | meta_classifier_using.model_trainers.meta_trainer | Device: cuda | max_epochs=500 | batch=2 | es_patience=40 | lr=1e-04 | wd=1e-02
2026-05-31 08:41:33,147 | [META    ] | INFO | meta_classifier_using.model_trainers.meta_trainer | CE weights — HC: 1.389  MCI: 0.781
2026-05-31 08:42:10,383 | [META    ] | INFO | meta_classifier_using.model_trainers.meta_trainer | Ep [001/500] T-Acc:  36.0%  V-Acc:  50.0%  V-AUROC: 0.2857  LR: 2.00e-05
2026-05-31 08:42:10,632 | [META    ] | INFO | meta_classifier_using.model_trainers.meta_trainer |   ↳ new best AUROC; saved checkpoint: /home/leggo/AIResearch/VOGBasedMCIDetectionSystemMobileViTSingleExperimentInference/outputs/checkpoints/run_20260531_002841_meta/fold_23_best.pth
2026-05-31 08:42:39,887 | [META    ] | INFO | meta_classifier_using.model_trainers.meta_trainer | Ep [002/500] T-Acc:  64.0%  V-Acc:  66.7%  V-AUROC: 0.8857  LR: 4.00e-05
2026-05-31 08:42:41,436 | [META    ] | INFO | meta_classifier_using.model_trainers.meta_trainer |   ↳ new best AUROC; saved checkpoint: /home/leggo/AIResearch/VOGBasedMCIDetectionSystemMobileViTSingleExperimentInference/outputs/checkpoints/run_20260531_002841_meta/fold_23_best.pth
2026-05-31 08:43:10,748 | [META    ] | INFO | meta_classifier_using.model_trainers.meta_trainer | Ep [003/500] T-Acc:  76.0%  V-Acc:  91.7%  V-AUROC: 0.9429  LR: 6.00e-05
2026-05-31 08:43:11,943 | [META    ] | INFO | meta_classifier_using.model_trainers.meta_trainer |   ↳ new best AUROC; saved checkpoint: /home/leggo/AIResearch/VOGBasedMCIDetectionSystemMobileViTSingleExperimentInference/outputs/checkpoints/run_20260531_002841_meta/fold_23_best.pth
2026-05-31 08:43:41,217 | [META    ] | INFO | meta_classifier_using.model_trainers.meta_trainer | Ep [004/500] T-Acc:  96.0%  V-Acc:  91.7%  V-AUROC: 0.8857  LR: 8.00e-05
2026-05-31 08:44:10,440 | [META    ] | INFO | meta_classifier_using.model_trainers.meta_trainer | Ep [005/500] T-Acc:  96.0%  V-Acc:  91.7%  V-AUROC: 0.8857  LR: 1.00e-04
2026-05-31 08:44:39,669 | [META    ] | INFO | meta_classifier_using.model_trainers.meta_trainer | Ep [006/500] T-Acc: 100.0%  V-Acc:  91.7%  V-AUROC: 0.9429  LR: 1.00e-04
2026-05-31 08:45:08,885 | [META    ] | INFO | meta_classifier_using.model_trainers.meta_trainer | Ep [007/500] T-Acc: 100.0%  V-Acc:  91.7%  V-AUROC: 0.9143  LR: 1.00e-04
2026-05-31 08:45:38,095 | [META    ] | INFO | meta_classifier_using.model_trainers.meta_trainer | Ep [008/500] T-Acc: 100.0%  V-Acc:  91.7%  V-AUROC: 1.0000  LR: 1.00e-04
2026-05-31 08:45:40,891 | [META    ] | INFO | meta_classifier_using.model_trainers.meta_trainer |   ↳ new best AUROC; saved checkpoint: /home/leggo/AIResearch/VOGBasedMCIDetectionSystemMobileViTSingleExperimentInference/outputs/checkpoints/run_20260531_002841_meta/fold_23_best.pth
2026-05-31 08:46:10,325 | [META    ] | INFO | meta_classifier_using.model_trainers.meta_trainer | Ep [009/500] T-Acc: 100.0%  V-Acc:  91.7%  V-AUROC: 1.0000  LR: 1.00e-04
2026-05-31 08:46:39,541 | [META    ] | INFO | meta_classifier_using.model_trainers.meta_trainer | Ep [010/500] T-Acc: 100.0%  V-Acc:  91.7%  V-AUROC: 1.0000  LR: 1.00e-04
2026-05-31 08:47:08,744 | [META    ] | INFO | meta_classifier_using.model_trainers.meta_trainer | Ep [011/500] T-Acc: 100.0%  V-Acc:  91.7%  V-AUROC: 1.0000  LR: 1.00e-04
2026-05-31 08:47:37,958 | [META    ] | INFO | meta_classifier_using.model_trainers.meta_trainer | Ep [012/500] T-Acc: 100.0%  V-Acc:  58.3%  V-AUROC: 1.0000  LR: 1.00e-04
2026-05-31 08:48:07,184 | [META    ] | INFO | meta_classifier_using.model_trainers.meta_trainer | Ep [013/500] T-Acc:  96.0%  V-Acc:  75.0%  V-AUROC: 1.0000  LR: 1.00e-04
2026-05-31 08:48:36,391 | [META    ] | INFO | meta_classifier_using.model_trainers.meta_trainer | Ep [014/500] T-Acc: 100.0%  V-Acc:  91.7%  V-AUROC: 0.9714  LR: 1.00e-04
2026-05-31 08:49:05,602 | [META    ] | INFO | meta_classifier_using.model_trainers.meta_trainer | Ep [015/500] T-Acc:  96.0%  V-Acc:  83.3%  V-AUROC: 0.8571  LR: 1.00e-04
2026-05-31 08:49:34,817 | [META    ] | INFO | meta_classifier_using.model_trainers.meta_trainer | Ep [016/500] T-Acc:  96.0%  V-Acc:  91.7%  V-AUROC: 1.0000  LR: 1.00e-04
2026-05-31 08:50:04,030 | [META    ] | INFO | meta_classifier_using.model_trainers.meta_trainer | Ep [017/500] T-Acc: 100.0%  V-Acc:  83.3%  V-AUROC: 1.0000  LR: 1.00e-04
2026-05-31 08:50:33,243 | [META    ] | INFO | meta_classifier_using.model_trainers.meta_trainer | Ep [018/500] T-Acc: 100.0%  V-Acc:  83.3%  V-AUROC: 1.0000  LR: 1.00e-04
2026-05-31 08:51:02,462 | [META    ] | INFO | meta_classifier_using.model_trainers.meta_trainer | Ep [019/500] T-Acc: 100.0%  V-Acc:  75.0%  V-AUROC: 1.0000  LR: 1.00e-04
2026-05-31 08:51:31,677 | [META    ] | INFO | meta_classifier_using.model_trainers.meta_trainer | Ep [020/500] T-Acc: 100.0%  V-Acc:  75.0%  V-AUROC: 1.0000  LR: 2.00e-05
2026-05-31 08:52:00,891 | [META    ] | INFO | meta_classifier_using.model_trainers.meta_trainer | Ep [021/500] T-Acc: 100.0%  V-Acc:  83.3%  V-AUROC: 1.0000  LR: 2.00e-05
2026-05-31 08:52:30,109 | [META    ] | INFO | meta_classifier_using.model_trainers.meta_trainer | Ep [022/500] T-Acc: 100.0%  V-Acc:  75.0%  V-AUROC: 1.0000  LR: 2.00e-05
2026-05-31 08:52:59,328 | [META    ] | INFO | meta_classifier_using.model_trainers.meta_trainer | Ep [023/500] T-Acc: 100.0%  V-Acc:  75.0%  V-AUROC: 1.0000  LR: 2.00e-05
2026-05-31 08:53:28,552 | [META    ] | INFO | meta_classifier_using.model_trainers.meta_trainer | Ep [024/500] T-Acc: 100.0%  V-Acc:  83.3%  V-AUROC: 1.0000  LR: 2.00e-05
2026-05-31 08:53:57,767 | [META    ] | INFO | meta_classifier_using.model_trainers.meta_trainer | Ep [025/500] T-Acc: 100.0%  V-Acc:  83.3%  V-AUROC: 1.0000  LR: 2.00e-05
2026-05-31 08:54:26,980 | [META    ] | INFO | meta_classifier_using.model_trainers.meta_trainer | Ep [026/500] T-Acc: 100.0%  V-Acc:  75.0%  V-AUROC: 1.0000  LR: 2.00e-05
2026-05-31 08:54:56,196 | [META    ] | INFO | meta_classifier_using.model_trainers.meta_trainer | Ep [027/500] T-Acc: 100.0%  V-Acc:  83.3%  V-AUROC: 1.0000  LR: 2.00e-05
2026-05-31 08:55:25,419 | [META    ] | INFO | meta_classifier_using.model_trainers.meta_trainer | Ep [028/500] T-Acc: 100.0%  V-Acc:  83.3%  V-AUROC: 1.0000  LR: 2.00e-05
2026-05-31 08:55:54,656 | [META    ] | INFO | meta_classifier_using.model_trainers.meta_trainer | Ep [029/500] T-Acc: 100.0%  V-Acc:  75.0%  V-AUROC: 1.0000  LR: 2.00e-05
2026-05-31 08:56:23,876 | [META    ] | INFO | meta_classifier_using.model_trainers.meta_trainer | Ep [030/500] T-Acc: 100.0%  V-Acc:  83.3%  V-AUROC: 1.0000  LR: 2.00e-05
2026-05-31 08:56:53,086 | [META    ] | INFO | meta_classifier_using.model_trainers.meta_trainer | Ep [031/500] T-Acc: 100.0%  V-Acc:  83.3%  V-AUROC: 1.0000  LR: 4.00e-06
2026-05-31 08:57:22,304 | [META    ] | INFO | meta_classifier_using.model_trainers.meta_trainer | Ep [032/500] T-Acc: 100.0%  V-Acc:  83.3%  V-AUROC: 1.0000  LR: 4.00e-06
2026-05-31 08:57:51,516 | [META    ] | INFO | meta_classifier_using.model_trainers.meta_trainer | Ep [033/500] T-Acc: 100.0%  V-Acc:  75.0%  V-AUROC: 1.0000  LR: 4.00e-06
2026-05-31 08:58:20,728 | [META    ] | INFO | meta_classifier_using.model_trainers.meta_trainer | Ep [034/500] T-Acc: 100.0%  V-Acc:  83.3%  V-AUROC: 1.0000  LR: 4.00e-06
2026-05-31 08:58:49,937 | [META    ] | INFO | meta_classifier_using.model_trainers.meta_trainer | Ep [035/500] T-Acc: 100.0%  V-Acc:  75.0%  V-AUROC: 1.0000  LR: 4.00e-06
2026-05-31 08:59:19,163 | [META    ] | INFO | meta_classifier_using.model_trainers.meta_trainer | Ep [036/500] T-Acc: 100.0%  V-Acc:  83.3%  V-AUROC: 1.0000  LR: 4.00e-06
2026-05-31 08:59:48,370 | [META    ] | INFO | meta_classifier_using.model_trainers.meta_trainer | Ep [037/500] T-Acc: 100.0%  V-Acc:  83.3%  V-AUROC: 1.0000  LR: 4.00e-06
2026-05-31 09:00:17,587 | [META    ] | INFO | meta_classifier_using.model_trainers.meta_trainer | Ep [038/500] T-Acc: 100.0%  V-Acc:  83.3%  V-AUROC: 1.0000  LR: 4.00e-06
2026-05-31 09:00:46,799 | [META    ] | INFO | meta_classifier_using.model_trainers.meta_trainer | Ep [039/500] T-Acc: 100.0%  V-Acc:  83.3%  V-AUROC: 1.0000  LR: 4.00e-06
2026-05-31 09:01:16,007 | [META    ] | INFO | meta_classifier_using.model_trainers.meta_trainer | Ep [040/500] T-Acc: 100.0%  V-Acc:  83.3%  V-AUROC: 1.0000  LR: 4.00e-06
2026-05-31 09:01:45,216 | [META    ] | INFO | meta_classifier_using.model_trainers.meta_trainer | Ep [041/500] T-Acc: 100.0%  V-Acc:  75.0%  V-AUROC: 1.0000  LR: 4.00e-06
2026-05-31 09:02:14,416 | [META    ] | INFO | meta_classifier_using.model_trainers.meta_trainer | Ep [042/500] T-Acc: 100.0%  V-Acc:  75.0%  V-AUROC: 1.0000  LR: 1.00e-06
2026-05-31 09:02:43,619 | [META    ] | INFO | meta_classifier_using.model_trainers.meta_trainer | Ep [043/500] T-Acc: 100.0%  V-Acc:  83.3%  V-AUROC: 1.0000  LR: 1.00e-06
2026-05-31 09:03:12,844 | [META    ] | INFO | meta_classifier_using.model_trainers.meta_trainer | Ep [044/500] T-Acc: 100.0%  V-Acc:  83.3%  V-AUROC: 1.0000  LR: 1.00e-06
2026-05-31 09:03:42,043 | [META    ] | INFO | meta_classifier_using.model_trainers.meta_trainer | Ep [045/500] T-Acc: 100.0%  V-Acc:  75.0%  V-AUROC: 1.0000  LR: 1.00e-06
2026-05-31 09:04:11,245 | [META    ] | INFO | meta_classifier_using.model_trainers.meta_trainer | Ep [046/500] T-Acc: 100.0%  V-Acc:  75.0%  V-AUROC: 1.0000  LR: 1.00e-06
2026-05-31 09:04:40,459 | [META    ] | INFO | meta_classifier_using.model_trainers.meta_trainer | Ep [047/500] T-Acc: 100.0%  V-Acc:  75.0%  V-AUROC: 1.0000  LR: 1.00e-06
2026-05-31 09:05:09,682 | [META    ] | INFO | meta_classifier_using.model_trainers.meta_trainer | Ep [048/500] T-Acc: 100.0%  V-Acc:  75.0%  V-AUROC: 1.0000  LR: 1.00e-06
2026-05-31 09:05:09,682 | [META    ] | INFO | meta_classifier_using.model_trainers.meta_trainer | Early stop — best AUROC 1.0000 at epoch 8 (no improvement for 40 epochs)
2026-05-31 09:05:09,682 | [META    ] | INFO | meta_classifier_using.model_trainers.meta_trainer | Done. Best AUROC: 1.0000 (epoch 8)
2026-05-31 09:05:17,417 | [META    ] | INFO | meta_classifier_using.evaluators.monte_carlo_evaluator | -> Fold 24 Result | Acc=0.833 Sens=1.000 Spec=0.600 AUROC=0.686 | optimal_thresh=1.000
2026-05-31 09:05:19,472 | [META    ] | INFO | meta_classifier_using.evaluators.monte_carlo_evaluator | === Fold 25/30 | train: 25 subj | test: 12 subj ===
2026-05-31 09:05:19,636 | [META    ] | INFO | meta_classifier_using.model_trainers.meta_trainer | Device: cuda | max_epochs=500 | batch=2 | es_patience=40 | lr=1e-04 | wd=1e-02
2026-05-31 09:05:19,638 | [META    ] | INFO | meta_classifier_using.model_trainers.meta_trainer | CE weights — HC: 1.250  MCI: 0.833
2026-05-31 09:05:56,865 | [META    ] | INFO | meta_classifier_using.model_trainers.meta_trainer | Ep [001/500] T-Acc:  64.0%  V-Acc:  66.7%  V-AUROC: 0.6562  LR: 2.00e-05
2026-05-31 09:05:57,112 | [META    ] | INFO | meta_classifier_using.model_trainers.meta_trainer |   ↳ new best AUROC; saved checkpoint: /home/leggo/AIResearch/VOGBasedMCIDetectionSystemMobileViTSingleExperimentInference/outputs/checkpoints/run_20260531_002841_meta/fold_24_best.pth
2026-05-31 09:06:26,374 | [META    ] | INFO | meta_classifier_using.model_trainers.meta_trainer | Ep [002/500] T-Acc:  76.0%  V-Acc:  83.3%  V-AUROC: 1.0000  LR: 4.00e-05
2026-05-31 09:06:27,444 | [META    ] | INFO | meta_classifier_using.model_trainers.meta_trainer |   ↳ new best AUROC; saved checkpoint: /home/leggo/AIResearch/VOGBasedMCIDetectionSystemMobileViTSingleExperimentInference/outputs/checkpoints/run_20260531_002841_meta/fold_24_best.pth
2026-05-31 09:06:56,783 | [META    ] | INFO | meta_classifier_using.model_trainers.meta_trainer | Ep [003/500] T-Acc:  76.0%  V-Acc:  66.7%  V-AUROC: 1.0000  LR: 6.00e-05
2026-05-31 09:07:26,030 | [META    ] | INFO | meta_classifier_using.model_trainers.meta_trainer | Ep [004/500] T-Acc:  96.0%  V-Acc: 100.0%  V-AUROC: 1.0000  LR: 8.00e-05
2026-05-31 09:07:55,311 | [META    ] | INFO | meta_classifier_using.model_trainers.meta_trainer | Ep [005/500] T-Acc:  88.0%  V-Acc:  58.3%  V-AUROC: 1.0000  LR: 1.00e-04
2026-05-31 09:08:24,558 | [META    ] | INFO | meta_classifier_using.model_trainers.meta_trainer | Ep [006/500] T-Acc:  96.0%  V-Acc: 100.0%  V-AUROC: 1.0000  LR: 1.00e-04
2026-05-31 09:08:53,893 | [META    ] | INFO | meta_classifier_using.model_trainers.meta_trainer | Ep [007/500] T-Acc:  96.0%  V-Acc: 100.0%  V-AUROC: 1.0000  LR: 1.00e-04
2026-05-31 09:09:23,115 | [META    ] | INFO | meta_classifier_using.model_trainers.meta_trainer | Ep [008/500] T-Acc:  92.0%  V-Acc:  91.7%  V-AUROC: 1.0000  LR: 1.00e-04
2026-05-31 09:09:52,336 | [META    ] | INFO | meta_classifier_using.model_trainers.meta_trainer | Ep [009/500] T-Acc: 100.0%  V-Acc: 100.0%  V-AUROC: 1.0000  LR: 1.00e-04
2026-05-31 09:10:21,582 | [META    ] | INFO | meta_classifier_using.model_trainers.meta_trainer | Ep [010/500] T-Acc:  96.0%  V-Acc: 100.0%  V-AUROC: 1.0000  LR: 1.00e-04
2026-05-31 09:10:50,818 | [META    ] | INFO | meta_classifier_using.model_trainers.meta_trainer | Ep [011/500] T-Acc:  96.0%  V-Acc: 100.0%  V-AUROC: 1.0000  LR: 1.00e-04
2026-05-31 09:11:20,060 | [META    ] | INFO | meta_classifier_using.model_trainers.meta_trainer | Ep [012/500] T-Acc: 100.0%  V-Acc:  91.7%  V-AUROC: 1.0000  LR: 1.00e-04
2026-05-31 09:11:49,285 | [META    ] | INFO | meta_classifier_using.model_trainers.meta_trainer | Ep [013/500] T-Acc: 100.0%  V-Acc: 100.0%  V-AUROC: 1.0000  LR: 1.00e-04
2026-05-31 09:12:18,512 | [META    ] | INFO | meta_classifier_using.model_trainers.meta_trainer | Ep [014/500] T-Acc:  96.0%  V-Acc: 100.0%  V-AUROC: 1.0000  LR: 1.00e-04
2026-05-31 09:12:47,736 | [META    ] | INFO | meta_classifier_using.model_trainers.meta_trainer | Ep [015/500] T-Acc:  96.0%  V-Acc: 100.0%  V-AUROC: 1.0000  LR: 1.00e-04
2026-05-31 09:13:16,970 | [META    ] | INFO | meta_classifier_using.model_trainers.meta_trainer | Ep [016/500] T-Acc: 100.0%  V-Acc: 100.0%  V-AUROC: 1.0000  LR: 1.00e-04
2026-05-31 09:13:46,204 | [META    ] | INFO | meta_classifier_using.model_trainers.meta_trainer | Ep [017/500] T-Acc: 100.0%  V-Acc:  91.7%  V-AUROC: 1.0000  LR: 1.00e-04
2026-05-31 09:14:15,425 | [META    ] | INFO | meta_classifier_using.model_trainers.meta_trainer | Ep [018/500] T-Acc: 100.0%  V-Acc:  91.7%  V-AUROC: 1.0000  LR: 2.00e-05
2026-05-31 09:14:44,645 | [META    ] | INFO | meta_classifier_using.model_trainers.meta_trainer | Ep [019/500] T-Acc: 100.0%  V-Acc:  91.7%  V-AUROC: 1.0000  LR: 2.00e-05
2026-05-31 09:15:13,875 | [META    ] | INFO | meta_classifier_using.model_trainers.meta_trainer | Ep [020/500] T-Acc: 100.0%  V-Acc:  91.7%  V-AUROC: 1.0000  LR: 2.00e-05
2026-05-31 09:15:43,095 | [META    ] | INFO | meta_classifier_using.model_trainers.meta_trainer | Ep [021/500] T-Acc: 100.0%  V-Acc:  91.7%  V-AUROC: 1.0000  LR: 2.00e-05
2026-05-31 09:16:12,319 | [META    ] | INFO | meta_classifier_using.model_trainers.meta_trainer | Ep [022/500] T-Acc: 100.0%  V-Acc: 100.0%  V-AUROC: 1.0000  LR: 2.00e-05
2026-05-31 09:16:41,554 | [META    ] | INFO | meta_classifier_using.model_trainers.meta_trainer | Ep [023/500] T-Acc: 100.0%  V-Acc: 100.0%  V-AUROC: 1.0000  LR: 2.00e-05
2026-05-31 09:17:10,781 | [META    ] | INFO | meta_classifier_using.model_trainers.meta_trainer | Ep [024/500] T-Acc: 100.0%  V-Acc: 100.0%  V-AUROC: 1.0000  LR: 2.00e-05
2026-05-31 09:17:40,002 | [META    ] | INFO | meta_classifier_using.model_trainers.meta_trainer | Ep [025/500] T-Acc: 100.0%  V-Acc: 100.0%  V-AUROC: 1.0000  LR: 2.00e-05
2026-05-31 09:18:09,231 | [META    ] | INFO | meta_classifier_using.model_trainers.meta_trainer | Ep [026/500] T-Acc: 100.0%  V-Acc: 100.0%  V-AUROC: 1.0000  LR: 2.00e-05
2026-05-31 09:18:38,451 | [META    ] | INFO | meta_classifier_using.model_trainers.meta_trainer | Ep [027/500] T-Acc: 100.0%  V-Acc: 100.0%  V-AUROC: 1.0000  LR: 2.00e-05
2026-05-31 09:19:07,667 | [META    ] | INFO | meta_classifier_using.model_trainers.meta_trainer | Ep [028/500] T-Acc: 100.0%  V-Acc: 100.0%  V-AUROC: 1.0000  LR: 2.00e-05
2026-05-31 09:19:36,900 | [META    ] | INFO | meta_classifier_using.model_trainers.meta_trainer | Ep [029/500] T-Acc: 100.0%  V-Acc: 100.0%  V-AUROC: 1.0000  LR: 4.00e-06
2026-05-31 09:20:06,109 | [META    ] | INFO | meta_classifier_using.model_trainers.meta_trainer | Ep [030/500] T-Acc: 100.0%  V-Acc: 100.0%  V-AUROC: 1.0000  LR: 4.00e-06
2026-05-31 09:20:35,339 | [META    ] | INFO | meta_classifier_using.model_trainers.meta_trainer | Ep [031/500] T-Acc: 100.0%  V-Acc: 100.0%  V-AUROC: 1.0000  LR: 4.00e-06
2026-05-31 09:21:04,571 | [META    ] | INFO | meta_classifier_using.model_trainers.meta_trainer | Ep [032/500] T-Acc: 100.0%  V-Acc: 100.0%  V-AUROC: 1.0000  LR: 4.00e-06
2026-05-31 09:21:33,814 | [META    ] | INFO | meta_classifier_using.model_trainers.meta_trainer | Ep [033/500] T-Acc: 100.0%  V-Acc: 100.0%  V-AUROC: 1.0000  LR: 4.00e-06
2026-05-31 09:22:03,028 | [META    ] | INFO | meta_classifier_using.model_trainers.meta_trainer | Ep [034/500] T-Acc: 100.0%  V-Acc: 100.0%  V-AUROC: 1.0000  LR: 4.00e-06
2026-05-31 09:22:32,243 | [META    ] | INFO | meta_classifier_using.model_trainers.meta_trainer | Ep [035/500] T-Acc: 100.0%  V-Acc: 100.0%  V-AUROC: 1.0000  LR: 4.00e-06
2026-05-31 09:23:01,460 | [META    ] | INFO | meta_classifier_using.model_trainers.meta_trainer | Ep [036/500] T-Acc: 100.0%  V-Acc: 100.0%  V-AUROC: 1.0000  LR: 4.00e-06
2026-05-31 09:23:30,689 | [META    ] | INFO | meta_classifier_using.model_trainers.meta_trainer | Ep [037/500] T-Acc: 100.0%  V-Acc:  91.7%  V-AUROC: 1.0000  LR: 4.00e-06
2026-05-31 09:23:59,905 | [META    ] | INFO | meta_classifier_using.model_trainers.meta_trainer | Ep [038/500] T-Acc: 100.0%  V-Acc:  91.7%  V-AUROC: 1.0000  LR: 4.00e-06
2026-05-31 09:24:29,124 | [META    ] | INFO | meta_classifier_using.model_trainers.meta_trainer | Ep [039/500] T-Acc: 100.0%  V-Acc: 100.0%  V-AUROC: 1.0000  LR: 4.00e-06
2026-05-31 09:24:58,345 | [META    ] | INFO | meta_classifier_using.model_trainers.meta_trainer | Ep [040/500] T-Acc: 100.0%  V-Acc: 100.0%  V-AUROC: 1.0000  LR: 1.00e-06
2026-05-31 09:25:27,564 | [META    ] | INFO | meta_classifier_using.model_trainers.meta_trainer | Ep [041/500] T-Acc: 100.0%  V-Acc: 100.0%  V-AUROC: 1.0000  LR: 1.00e-06
2026-05-31 09:25:56,787 | [META    ] | INFO | meta_classifier_using.model_trainers.meta_trainer | Ep [042/500] T-Acc: 100.0%  V-Acc: 100.0%  V-AUROC: 1.0000  LR: 1.00e-06
2026-05-31 09:25:56,788 | [META    ] | INFO | meta_classifier_using.model_trainers.meta_trainer | Early stop — best AUROC 1.0000 at epoch 2 (no improvement for 40 epochs)
2026-05-31 09:25:56,788 | [META    ] | INFO | meta_classifier_using.model_trainers.meta_trainer | Done. Best AUROC: 1.0000 (epoch 2)
2026-05-31 09:26:04,496 | [META    ] | INFO | meta_classifier_using.evaluators.monte_carlo_evaluator | -> Fold 25 Result | Acc=1.000 Sens=1.000 Spec=1.000 AUROC=1.000 | optimal_thresh=0.627
2026-05-31 09:26:06,548 | [META    ] | INFO | meta_classifier_using.evaluators.monte_carlo_evaluator | === Fold 26/30 | train: 25 subj | test: 12 subj ===
2026-05-31 09:26:06,714 | [META    ] | INFO | meta_classifier_using.model_trainers.meta_trainer | Device: cuda | max_epochs=500 | batch=2 | es_patience=40 | lr=1e-04 | wd=1e-02
2026-05-31 09:26:06,715 | [META    ] | INFO | meta_classifier_using.model_trainers.meta_trainer | CE weights — HC: 1.562  MCI: 0.735
2026-05-31 09:26:43,914 | [META    ] | INFO | meta_classifier_using.model_trainers.meta_trainer | Ep [001/500] T-Acc:  52.0%  V-Acc:  50.0%  V-AUROC: 0.6111  LR: 2.00e-05
2026-05-31 09:26:44,159 | [META    ] | INFO | meta_classifier_using.model_trainers.meta_trainer |   ↳ new best AUROC; saved checkpoint: /home/leggo/AIResearch/VOGBasedMCIDetectionSystemMobileViTSingleExperimentInference/outputs/checkpoints/run_20260531_002841_meta/fold_25_best.pth
2026-05-31 09:27:13,416 | [META    ] | INFO | meta_classifier_using.model_trainers.meta_trainer | Ep [002/500] T-Acc:  80.0%  V-Acc:  58.3%  V-AUROC: 0.7222  LR: 4.00e-05
2026-05-31 09:27:15,205 | [META    ] | INFO | meta_classifier_using.model_trainers.meta_trainer |   ↳ new best AUROC; saved checkpoint: /home/leggo/AIResearch/VOGBasedMCIDetectionSystemMobileViTSingleExperimentInference/outputs/checkpoints/run_20260531_002841_meta/fold_25_best.pth
2026-05-31 09:27:44,546 | [META    ] | INFO | meta_classifier_using.model_trainers.meta_trainer | Ep [003/500] T-Acc:  92.0%  V-Acc:  58.3%  V-AUROC: 1.0000  LR: 6.00e-05
2026-05-31 09:27:45,984 | [META    ] | INFO | meta_classifier_using.model_trainers.meta_trainer |   ↳ new best AUROC; saved checkpoint: /home/leggo/AIResearch/VOGBasedMCIDetectionSystemMobileViTSingleExperimentInference/outputs/checkpoints/run_20260531_002841_meta/fold_25_best.pth
2026-05-31 09:28:15,306 | [META    ] | INFO | meta_classifier_using.model_trainers.meta_trainer | Ep [004/500] T-Acc:  80.0%  V-Acc:  83.3%  V-AUROC: 1.0000  LR: 8.00e-05
2026-05-31 09:28:44,534 | [META    ] | INFO | meta_classifier_using.model_trainers.meta_trainer | Ep [005/500] T-Acc: 100.0%  V-Acc:  91.7%  V-AUROC: 1.0000  LR: 1.00e-04
2026-05-31 09:29:13,771 | [META    ] | INFO | meta_classifier_using.model_trainers.meta_trainer | Ep [006/500] T-Acc: 100.0%  V-Acc: 100.0%  V-AUROC: 1.0000  LR: 1.00e-04
2026-05-31 09:29:43,002 | [META    ] | INFO | meta_classifier_using.model_trainers.meta_trainer | Ep [007/500] T-Acc: 100.0%  V-Acc: 100.0%  V-AUROC: 1.0000  LR: 1.00e-04
2026-05-31 09:30:12,246 | [META    ] | INFO | meta_classifier_using.model_trainers.meta_trainer | Ep [008/500] T-Acc: 100.0%  V-Acc: 100.0%  V-AUROC: 1.0000  LR: 1.00e-04
2026-05-31 09:30:41,476 | [META    ] | INFO | meta_classifier_using.model_trainers.meta_trainer | Ep [009/500] T-Acc:  96.0%  V-Acc: 100.0%  V-AUROC: 1.0000  LR: 1.00e-04
2026-05-31 09:31:10,704 | [META    ] | INFO | meta_classifier_using.model_trainers.meta_trainer | Ep [010/500] T-Acc: 100.0%  V-Acc: 100.0%  V-AUROC: 1.0000  LR: 1.00e-04
2026-05-31 09:31:39,918 | [META    ] | INFO | meta_classifier_using.model_trainers.meta_trainer | Ep [011/500] T-Acc: 100.0%  V-Acc: 100.0%  V-AUROC: 1.0000  LR: 1.00e-04
2026-05-31 09:32:09,150 | [META    ] | INFO | meta_classifier_using.model_trainers.meta_trainer | Ep [012/500] T-Acc: 100.0%  V-Acc: 100.0%  V-AUROC: 1.0000  LR: 1.00e-04
2026-05-31 09:32:38,395 | [META    ] | INFO | meta_classifier_using.model_trainers.meta_trainer | Ep [013/500] T-Acc: 100.0%  V-Acc: 100.0%  V-AUROC: 1.0000  LR: 1.00e-04
2026-05-31 09:33:07,633 | [META    ] | INFO | meta_classifier_using.model_trainers.meta_trainer | Ep [014/500] T-Acc:  96.0%  V-Acc: 100.0%  V-AUROC: 1.0000  LR: 1.00e-04
2026-05-31 09:33:36,859 | [META    ] | INFO | meta_classifier_using.model_trainers.meta_trainer | Ep [015/500] T-Acc:  96.0%  V-Acc: 100.0%  V-AUROC: 1.0000  LR: 1.00e-04
2026-05-31 09:34:06,079 | [META    ] | INFO | meta_classifier_using.model_trainers.meta_trainer | Ep [016/500] T-Acc: 100.0%  V-Acc: 100.0%  V-AUROC: 1.0000  LR: 1.00e-04
2026-05-31 09:34:35,303 | [META    ] | INFO | meta_classifier_using.model_trainers.meta_trainer | Ep [017/500] T-Acc: 100.0%  V-Acc: 100.0%  V-AUROC: 1.0000  LR: 1.00e-04
2026-05-31 09:35:04,527 | [META    ] | INFO | meta_classifier_using.model_trainers.meta_trainer | Ep [018/500] T-Acc: 100.0%  V-Acc: 100.0%  V-AUROC: 1.0000  LR: 2.00e-05
2026-05-31 09:35:33,750 | [META    ] | INFO | meta_classifier_using.model_trainers.meta_trainer | Ep [019/500] T-Acc: 100.0%  V-Acc: 100.0%  V-AUROC: 1.0000  LR: 2.00e-05
2026-05-31 09:36:02,977 | [META    ] | INFO | meta_classifier_using.model_trainers.meta_trainer | Ep [020/500] T-Acc: 100.0%  V-Acc: 100.0%  V-AUROC: 1.0000  LR: 2.00e-05
2026-05-31 09:36:32,200 | [META    ] | INFO | meta_classifier_using.model_trainers.meta_trainer | Ep [021/500] T-Acc: 100.0%  V-Acc: 100.0%  V-AUROC: 1.0000  LR: 2.00e-05
2026-05-31 09:37:01,438 | [META    ] | INFO | meta_classifier_using.model_trainers.meta_trainer | Ep [022/500] T-Acc: 100.0%  V-Acc: 100.0%  V-AUROC: 1.0000  LR: 2.00e-05
2026-05-31 09:37:30,666 | [META    ] | INFO | meta_classifier_using.model_trainers.meta_trainer | Ep [023/500] T-Acc: 100.0%  V-Acc: 100.0%  V-AUROC: 1.0000  LR: 2.00e-05
2026-05-31 09:37:59,891 | [META    ] | INFO | meta_classifier_using.model_trainers.meta_trainer | Ep [024/500] T-Acc: 100.0%  V-Acc: 100.0%  V-AUROC: 1.0000  LR: 2.00e-05
2026-05-31 09:38:29,130 | [META    ] | INFO | meta_classifier_using.model_trainers.meta_trainer | Ep [025/500] T-Acc:  96.0%  V-Acc: 100.0%  V-AUROC: 1.0000  LR: 2.00e-05
2026-05-31 09:38:58,342 | [META    ] | INFO | meta_classifier_using.model_trainers.meta_trainer | Ep [026/500] T-Acc: 100.0%  V-Acc: 100.0%  V-AUROC: 1.0000  LR: 2.00e-05
2026-05-31 09:39:27,577 | [META    ] | INFO | meta_classifier_using.model_trainers.meta_trainer | Ep [027/500] T-Acc: 100.0%  V-Acc: 100.0%  V-AUROC: 1.0000  LR: 2.00e-05
2026-05-31 09:39:56,810 | [META    ] | INFO | meta_classifier_using.model_trainers.meta_trainer | Ep [028/500] T-Acc: 100.0%  V-Acc: 100.0%  V-AUROC: 1.0000  LR: 2.00e-05
2026-05-31 09:40:26,048 | [META    ] | INFO | meta_classifier_using.model_trainers.meta_trainer | Ep [029/500] T-Acc: 100.0%  V-Acc: 100.0%  V-AUROC: 1.0000  LR: 4.00e-06
2026-05-31 09:40:55,269 | [META    ] | INFO | meta_classifier_using.model_trainers.meta_trainer | Ep [030/500] T-Acc: 100.0%  V-Acc: 100.0%  V-AUROC: 1.0000  LR: 4.00e-06
2026-05-31 09:41:24,486 | [META    ] | INFO | meta_classifier_using.model_trainers.meta_trainer | Ep [031/500] T-Acc: 100.0%  V-Acc: 100.0%  V-AUROC: 1.0000  LR: 4.00e-06
2026-05-31 09:41:53,708 | [META    ] | INFO | meta_classifier_using.model_trainers.meta_trainer | Ep [032/500] T-Acc: 100.0%  V-Acc: 100.0%  V-AUROC: 1.0000  LR: 4.00e-06
2026-05-31 09:42:22,925 | [META    ] | INFO | meta_classifier_using.model_trainers.meta_trainer | Ep [033/500] T-Acc: 100.0%  V-Acc: 100.0%  V-AUROC: 1.0000  LR: 4.00e-06
2026-05-31 09:42:52,146 | [META    ] | INFO | meta_classifier_using.model_trainers.meta_trainer | Ep [034/500] T-Acc: 100.0%  V-Acc: 100.0%  V-AUROC: 1.0000  LR: 4.00e-06
2026-05-31 09:43:21,381 | [META    ] | INFO | meta_classifier_using.model_trainers.meta_trainer | Ep [035/500] T-Acc: 100.0%  V-Acc: 100.0%  V-AUROC: 1.0000  LR: 4.00e-06
2026-05-31 09:43:50,624 | [META    ] | INFO | meta_classifier_using.model_trainers.meta_trainer | Ep [036/500] T-Acc: 100.0%  V-Acc: 100.0%  V-AUROC: 1.0000  LR: 4.00e-06
2026-05-31 09:44:19,845 | [META    ] | INFO | meta_classifier_using.model_trainers.meta_trainer | Ep [037/500] T-Acc: 100.0%  V-Acc: 100.0%  V-AUROC: 1.0000  LR: 4.00e-06
2026-05-31 09:44:49,060 | [META    ] | INFO | meta_classifier_using.model_trainers.meta_trainer | Ep [038/500] T-Acc: 100.0%  V-Acc: 100.0%  V-AUROC: 1.0000  LR: 4.00e-06
2026-05-31 09:45:18,291 | [META    ] | INFO | meta_classifier_using.model_trainers.meta_trainer | Ep [039/500] T-Acc: 100.0%  V-Acc: 100.0%  V-AUROC: 1.0000  LR: 4.00e-06
2026-05-31 09:45:47,506 | [META    ] | INFO | meta_classifier_using.model_trainers.meta_trainer | Ep [040/500] T-Acc: 100.0%  V-Acc: 100.0%  V-AUROC: 1.0000  LR: 1.00e-06
2026-05-31 09:46:16,720 | [META    ] | INFO | meta_classifier_using.model_trainers.meta_trainer | Ep [041/500] T-Acc: 100.0%  V-Acc: 100.0%  V-AUROC: 1.0000  LR: 1.00e-06
2026-05-31 09:46:45,944 | [META    ] | INFO | meta_classifier_using.model_trainers.meta_trainer | Ep [042/500] T-Acc: 100.0%  V-Acc: 100.0%  V-AUROC: 1.0000  LR: 1.00e-06
2026-05-31 09:47:15,167 | [META    ] | INFO | meta_classifier_using.model_trainers.meta_trainer | Ep [043/500] T-Acc: 100.0%  V-Acc: 100.0%  V-AUROC: 1.0000  LR: 1.00e-06
2026-05-31 09:47:15,168 | [META    ] | INFO | meta_classifier_using.model_trainers.meta_trainer | Early stop — best AUROC 1.0000 at epoch 3 (no improvement for 40 epochs)
2026-05-31 09:47:15,168 | [META    ] | INFO | meta_classifier_using.model_trainers.meta_trainer | Done. Best AUROC: 1.0000 (epoch 3)
2026-05-31 09:47:22,897 | [META    ] | INFO | meta_classifier_using.evaluators.monte_carlo_evaluator | -> Fold 26 Result | Acc=1.000 Sens=1.000 Spec=1.000 AUROC=1.000 | optimal_thresh=1.000
2026-05-31 09:47:24,953 | [META    ] | INFO | meta_classifier_using.evaluators.monte_carlo_evaluator | === Fold 27/30 | train: 25 subj | test: 12 subj ===
2026-05-31 09:47:25,106 | [META    ] | INFO | meta_classifier_using.model_trainers.meta_trainer | Device: cuda | max_epochs=500 | batch=2 | es_patience=40 | lr=1e-04 | wd=1e-02
2026-05-31 09:47:25,107 | [META    ] | INFO | meta_classifier_using.model_trainers.meta_trainer | CE weights — HC: 1.389  MCI: 0.781
2026-05-31 09:48:02,313 | [META    ] | INFO | meta_classifier_using.model_trainers.meta_trainer | Ep [001/500] T-Acc:  44.0%  V-Acc:  58.3%  V-AUROC: 0.1143  LR: 2.00e-05
2026-05-31 09:48:02,558 | [META    ] | INFO | meta_classifier_using.model_trainers.meta_trainer |   ↳ new best AUROC; saved checkpoint: /home/leggo/AIResearch/VOGBasedMCIDetectionSystemMobileViTSingleExperimentInference/outputs/checkpoints/run_20260531_002841_meta/fold_26_best.pth
2026-05-31 09:48:31,797 | [META    ] | INFO | meta_classifier_using.model_trainers.meta_trainer | Ep [002/500] T-Acc:  60.0%  V-Acc:  58.3%  V-AUROC: 0.0286  LR: 4.00e-05
2026-05-31 09:49:01,052 | [META    ] | INFO | meta_classifier_using.model_trainers.meta_trainer | Ep [003/500] T-Acc:  76.0%  V-Acc:  66.7%  V-AUROC: 0.2857  LR: 6.00e-05
2026-05-31 09:49:03,467 | [META    ] | INFO | meta_classifier_using.model_trainers.meta_trainer |   ↳ new best AUROC; saved checkpoint: /home/leggo/AIResearch/VOGBasedMCIDetectionSystemMobileViTSingleExperimentInference/outputs/checkpoints/run_20260531_002841_meta/fold_26_best.pth
2026-05-31 09:49:32,920 | [META    ] | INFO | meta_classifier_using.model_trainers.meta_trainer | Ep [004/500] T-Acc:  72.0%  V-Acc:  66.7%  V-AUROC: 0.2857  LR: 8.00e-05
2026-05-31 09:50:02,155 | [META    ] | INFO | meta_classifier_using.model_trainers.meta_trainer | Ep [005/500] T-Acc:  76.0%  V-Acc:  66.7%  V-AUROC: 0.3143  LR: 1.00e-04
2026-05-31 09:50:03,452 | [META    ] | INFO | meta_classifier_using.model_trainers.meta_trainer |   ↳ new best AUROC; saved checkpoint: /home/leggo/AIResearch/VOGBasedMCIDetectionSystemMobileViTSingleExperimentInference/outputs/checkpoints/run_20260531_002841_meta/fold_26_best.pth
2026-05-31 09:50:32,739 | [META    ] | INFO | meta_classifier_using.model_trainers.meta_trainer | Ep [006/500] T-Acc:  76.0%  V-Acc:  66.7%  V-AUROC: 0.6571  LR: 1.00e-04
2026-05-31 09:50:34,396 | [META    ] | INFO | meta_classifier_using.model_trainers.meta_trainer |   ↳ new best AUROC; saved checkpoint: /home/leggo/AIResearch/VOGBasedMCIDetectionSystemMobileViTSingleExperimentInference/outputs/checkpoints/run_20260531_002841_meta/fold_26_best.pth
2026-05-31 09:51:03,707 | [META    ] | INFO | meta_classifier_using.model_trainers.meta_trainer | Ep [007/500] T-Acc: 100.0%  V-Acc: 100.0%  V-AUROC: 1.0000  LR: 1.00e-04
2026-05-31 09:51:05,368 | [META    ] | INFO | meta_classifier_using.model_trainers.meta_trainer |   ↳ new best AUROC; saved checkpoint: /home/leggo/AIResearch/VOGBasedMCIDetectionSystemMobileViTSingleExperimentInference/outputs/checkpoints/run_20260531_002841_meta/fold_26_best.pth
2026-05-31 09:51:34,725 | [META    ] | INFO | meta_classifier_using.model_trainers.meta_trainer | Ep [008/500] T-Acc:  92.0%  V-Acc:  58.3%  V-AUROC: 1.0000  LR: 1.00e-04
2026-05-31 09:52:03,958 | [META    ] | INFO | meta_classifier_using.model_trainers.meta_trainer | Ep [009/500] T-Acc:  96.0%  V-Acc:  66.7%  V-AUROC: 1.0000  LR: 1.00e-04
2026-05-31 09:52:33,181 | [META    ] | INFO | meta_classifier_using.model_trainers.meta_trainer | Ep [010/500] T-Acc:  96.0%  V-Acc:  91.7%  V-AUROC: 1.0000  LR: 1.00e-04
2026-05-31 09:53:02,399 | [META    ] | INFO | meta_classifier_using.model_trainers.meta_trainer | Ep [011/500] T-Acc: 100.0%  V-Acc:  66.7%  V-AUROC: 1.0000  LR: 1.00e-04
2026-05-31 09:53:31,616 | [META    ] | INFO | meta_classifier_using.model_trainers.meta_trainer | Ep [012/500] T-Acc: 100.0%  V-Acc:  66.7%  V-AUROC: 1.0000  LR: 1.00e-04
2026-05-31 09:54:00,835 | [META    ] | INFO | meta_classifier_using.model_trainers.meta_trainer | Ep [013/500] T-Acc: 100.0%  V-Acc:  66.7%  V-AUROC: 1.0000  LR: 1.00e-04
2026-05-31 09:54:30,052 | [META    ] | INFO | meta_classifier_using.model_trainers.meta_trainer | Ep [014/500] T-Acc: 100.0%  V-Acc:  66.7%  V-AUROC: 1.0000  LR: 1.00e-04
2026-05-31 09:54:59,266 | [META    ] | INFO | meta_classifier_using.model_trainers.meta_trainer | Ep [015/500] T-Acc: 100.0%  V-Acc:  66.7%  V-AUROC: 1.0000  LR: 1.00e-04
2026-05-31 09:55:28,478 | [META    ] | INFO | meta_classifier_using.model_trainers.meta_trainer | Ep [016/500] T-Acc: 100.0%  V-Acc:  66.7%  V-AUROC: 1.0000  LR: 1.00e-04
2026-05-31 09:55:57,687 | [META    ] | INFO | meta_classifier_using.model_trainers.meta_trainer | Ep [017/500] T-Acc: 100.0%  V-Acc:  75.0%  V-AUROC: 1.0000  LR: 1.00e-04
2026-05-31 09:56:26,909 | [META    ] | INFO | meta_classifier_using.model_trainers.meta_trainer | Ep [018/500] T-Acc: 100.0%  V-Acc:  75.0%  V-AUROC: 1.0000  LR: 1.00e-04
2026-05-31 09:56:56,122 | [META    ] | INFO | meta_classifier_using.model_trainers.meta_trainer | Ep [019/500] T-Acc: 100.0%  V-Acc:  75.0%  V-AUROC: 1.0000  LR: 2.00e-05
2026-05-31 09:57:25,338 | [META    ] | INFO | meta_classifier_using.model_trainers.meta_trainer | Ep [020/500] T-Acc: 100.0%  V-Acc:  91.7%  V-AUROC: 1.0000  LR: 2.00e-05
2026-05-31 09:57:54,554 | [META    ] | INFO | meta_classifier_using.model_trainers.meta_trainer | Ep [021/500] T-Acc: 100.0%  V-Acc:  83.3%  V-AUROC: 1.0000  LR: 2.00e-05
2026-05-31 09:58:23,762 | [META    ] | INFO | meta_classifier_using.model_trainers.meta_trainer | Ep [022/500] T-Acc: 100.0%  V-Acc:  91.7%  V-AUROC: 1.0000  LR: 2.00e-05
2026-05-31 09:58:52,965 | [META    ] | INFO | meta_classifier_using.model_trainers.meta_trainer | Ep [023/500] T-Acc: 100.0%  V-Acc:  83.3%  V-AUROC: 1.0000  LR: 2.00e-05
2026-05-31 09:59:22,193 | [META    ] | INFO | meta_classifier_using.model_trainers.meta_trainer | Ep [024/500] T-Acc: 100.0%  V-Acc:  83.3%  V-AUROC: 1.0000  LR: 2.00e-05
2026-05-31 09:59:51,422 | [META    ] | INFO | meta_classifier_using.model_trainers.meta_trainer | Ep [025/500] T-Acc: 100.0%  V-Acc:  91.7%  V-AUROC: 1.0000  LR: 2.00e-05
2026-05-31 10:00:20,647 | [META    ] | INFO | meta_classifier_using.model_trainers.meta_trainer | Ep [026/500] T-Acc: 100.0%  V-Acc:  83.3%  V-AUROC: 1.0000  LR: 2.00e-05
2026-05-31 10:00:49,878 | [META    ] | INFO | meta_classifier_using.model_trainers.meta_trainer | Ep [027/500] T-Acc: 100.0%  V-Acc:  75.0%  V-AUROC: 1.0000  LR: 2.00e-05
2026-05-31 10:01:19,095 | [META    ] | INFO | meta_classifier_using.model_trainers.meta_trainer | Ep [028/500] T-Acc: 100.0%  V-Acc:  91.7%  V-AUROC: 1.0000  LR: 2.00e-05
2026-05-31 10:01:48,311 | [META    ] | INFO | meta_classifier_using.model_trainers.meta_trainer | Ep [029/500] T-Acc: 100.0%  V-Acc:  91.7%  V-AUROC: 1.0000  LR: 2.00e-05
2026-05-31 10:02:17,530 | [META    ] | INFO | meta_classifier_using.model_trainers.meta_trainer | Ep [030/500] T-Acc: 100.0%  V-Acc:  91.7%  V-AUROC: 1.0000  LR: 4.00e-06
2026-05-31 10:02:46,751 | [META    ] | INFO | meta_classifier_using.model_trainers.meta_trainer | Ep [031/500] T-Acc: 100.0%  V-Acc:  91.7%  V-AUROC: 1.0000  LR: 4.00e-06
2026-05-31 10:03:15,963 | [META    ] | INFO | meta_classifier_using.model_trainers.meta_trainer | Ep [032/500] T-Acc: 100.0%  V-Acc:  91.7%  V-AUROC: 1.0000  LR: 4.00e-06
2026-05-31 10:03:45,196 | [META    ] | INFO | meta_classifier_using.model_trainers.meta_trainer | Ep [033/500] T-Acc: 100.0%  V-Acc:  91.7%  V-AUROC: 1.0000  LR: 4.00e-06
2026-05-31 10:04:14,615 | [META    ] | INFO | meta_classifier_using.model_trainers.meta_trainer | Ep [034/500] T-Acc: 100.0%  V-Acc:  91.7%  V-AUROC: 1.0000  LR: 4.00e-06
2026-05-31 10:04:44,936 | [META    ] | INFO | meta_classifier_using.model_trainers.meta_trainer | Ep [035/500] T-Acc: 100.0%  V-Acc:  91.7%  V-AUROC: 1.0000  LR: 4.00e-06
2026-05-31 10:05:14,986 | [META    ] | INFO | meta_classifier_using.model_trainers.meta_trainer | Ep [036/500] T-Acc: 100.0%  V-Acc:  91.7%  V-AUROC: 1.0000  LR: 4.00e-06
2026-05-31 10:05:45,001 | [META    ] | INFO | meta_classifier_using.model_trainers.meta_trainer | Ep [037/500] T-Acc: 100.0%  V-Acc:  91.7%  V-AUROC: 1.0000  LR: 4.00e-06
2026-05-31 10:06:14,939 | [META    ] | INFO | meta_classifier_using.model_trainers.meta_trainer | Ep [038/500] T-Acc: 100.0%  V-Acc:  91.7%  V-AUROC: 1.0000  LR: 4.00e-06
2026-05-31 10:06:44,748 | [META    ] | INFO | meta_classifier_using.model_trainers.meta_trainer | Ep [039/500] T-Acc: 100.0%  V-Acc:  91.7%  V-AUROC: 1.0000  LR: 4.00e-06
2026-05-31 10:07:14,570 | [META    ] | INFO | meta_classifier_using.model_trainers.meta_trainer | Ep [040/500] T-Acc: 100.0%  V-Acc:  91.7%  V-AUROC: 1.0000  LR: 4.00e-06
2026-05-31 10:07:44,336 | [META    ] | INFO | meta_classifier_using.model_trainers.meta_trainer | Ep [041/500] T-Acc: 100.0%  V-Acc:  91.7%  V-AUROC: 1.0000  LR: 1.00e-06
2026-05-31 10:08:14,112 | [META    ] | INFO | meta_classifier_using.model_trainers.meta_trainer | Ep [042/500] T-Acc: 100.0%  V-Acc:  91.7%  V-AUROC: 1.0000  LR: 1.00e-06
2026-05-31 10:08:43,914 | [META    ] | INFO | meta_classifier_using.model_trainers.meta_trainer | Ep [043/500] T-Acc: 100.0%  V-Acc:  91.7%  V-AUROC: 1.0000  LR: 1.00e-06
2026-05-31 10:09:13,727 | [META    ] | INFO | meta_classifier_using.model_trainers.meta_trainer | Ep [044/500] T-Acc: 100.0%  V-Acc:  91.7%  V-AUROC: 1.0000  LR: 1.00e-06
2026-05-31 10:09:43,510 | [META    ] | INFO | meta_classifier_using.model_trainers.meta_trainer | Ep [045/500] T-Acc: 100.0%  V-Acc:  91.7%  V-AUROC: 1.0000  LR: 1.00e-06
2026-05-31 10:10:13,292 | [META    ] | INFO | meta_classifier_using.model_trainers.meta_trainer | Ep [046/500] T-Acc: 100.0%  V-Acc:  91.7%  V-AUROC: 1.0000  LR: 1.00e-06
2026-05-31 10:10:43,131 | [META    ] | INFO | meta_classifier_using.model_trainers.meta_trainer | Ep [047/500] T-Acc: 100.0%  V-Acc:  91.7%  V-AUROC: 1.0000  LR: 1.00e-06
2026-05-31 10:10:43,131 | [META    ] | INFO | meta_classifier_using.model_trainers.meta_trainer | Early stop — best AUROC 1.0000 at epoch 7 (no improvement for 40 epochs)
2026-05-31 10:10:43,131 | [META    ] | INFO | meta_classifier_using.model_trainers.meta_trainer | Done. Best AUROC: 1.0000 (epoch 7)
2026-05-31 10:10:51,004 | [META    ] | INFO | meta_classifier_using.evaluators.monte_carlo_evaluator | -> Fold 27 Result | Acc=1.000 Sens=1.000 Spec=1.000 AUROC=1.000 | optimal_thresh=1.000
2026-05-31 10:10:53,079 | [META    ] | INFO | meta_classifier_using.evaluators.monte_carlo_evaluator | === Fold 28/30 | train: 25 subj | test: 12 subj ===
2026-05-31 10:10:53,236 | [META    ] | INFO | meta_classifier_using.model_trainers.meta_trainer | Device: cuda | max_epochs=500 | batch=2 | es_patience=40 | lr=1e-04 | wd=1e-02
2026-05-31 10:10:53,238 | [META    ] | INFO | meta_classifier_using.model_trainers.meta_trainer | CE weights — HC: 1.389  MCI: 0.781
2026-05-31 10:11:31,471 | [META    ] | INFO | meta_classifier_using.model_trainers.meta_trainer | Ep [001/500] T-Acc:  52.0%  V-Acc:  58.3%  V-AUROC: 0.8857  LR: 2.00e-05
2026-05-31 10:11:31,717 | [META    ] | INFO | meta_classifier_using.model_trainers.meta_trainer |   ↳ new best AUROC; saved checkpoint: /home/leggo/AIResearch/VOGBasedMCIDetectionSystemMobileViTSingleExperimentInference/outputs/checkpoints/run_20260531_002841_meta/fold_27_best.pth
2026-05-31 10:12:01,598 | [META    ] | INFO | meta_classifier_using.model_trainers.meta_trainer | Ep [002/500] T-Acc:  64.0%  V-Acc:  91.7%  V-AUROC: 0.9429  LR: 4.00e-05
2026-05-31 10:12:03,554 | [META    ] | INFO | meta_classifier_using.model_trainers.meta_trainer |   ↳ new best AUROC; saved checkpoint: /home/leggo/AIResearch/VOGBasedMCIDetectionSystemMobileViTSingleExperimentInference/outputs/checkpoints/run_20260531_002841_meta/fold_27_best.pth
2026-05-31 10:12:33,871 | [META    ] | INFO | meta_classifier_using.model_trainers.meta_trainer | Ep [003/500] T-Acc:  88.0%  V-Acc:  83.3%  V-AUROC: 0.9429  LR: 6.00e-05
2026-05-31 10:13:04,026 | [META    ] | INFO | meta_classifier_using.model_trainers.meta_trainer | Ep [004/500] T-Acc:  84.0%  V-Acc:  83.3%  V-AUROC: 0.9429  LR: 8.00e-05
2026-05-31 10:13:33,959 | [META    ] | INFO | meta_classifier_using.model_trainers.meta_trainer | Ep [005/500] T-Acc: 100.0%  V-Acc:  91.7%  V-AUROC: 1.0000  LR: 1.00e-04
2026-05-31 10:13:35,175 | [META    ] | INFO | meta_classifier_using.model_trainers.meta_trainer |   ↳ new best AUROC; saved checkpoint: /home/leggo/AIResearch/VOGBasedMCIDetectionSystemMobileViTSingleExperimentInference/outputs/checkpoints/run_20260531_002841_meta/fold_27_best.pth
2026-05-31 10:14:04,959 | [META    ] | INFO | meta_classifier_using.model_trainers.meta_trainer | Ep [006/500] T-Acc:  96.0%  V-Acc:  91.7%  V-AUROC: 0.9143  LR: 1.00e-04
2026-05-31 10:14:34,746 | [META    ] | INFO | meta_classifier_using.model_trainers.meta_trainer | Ep [007/500] T-Acc: 100.0%  V-Acc:  91.7%  V-AUROC: 0.9429  LR: 1.00e-04
2026-05-31 10:15:04,482 | [META    ] | INFO | meta_classifier_using.model_trainers.meta_trainer | Ep [008/500] T-Acc: 100.0%  V-Acc:  83.3%  V-AUROC: 1.0000  LR: 1.00e-04
2026-05-31 10:15:34,201 | [META    ] | INFO | meta_classifier_using.model_trainers.meta_trainer | Ep [009/500] T-Acc:  92.0%  V-Acc:  91.7%  V-AUROC: 1.0000  LR: 1.00e-04
2026-05-31 10:16:04,013 | [META    ] | INFO | meta_classifier_using.model_trainers.meta_trainer | Ep [010/500] T-Acc: 100.0%  V-Acc:  91.7%  V-AUROC: 0.9714  LR: 1.00e-04
2026-05-31 10:16:33,761 | [META    ] | INFO | meta_classifier_using.model_trainers.meta_trainer | Ep [011/500] T-Acc: 100.0%  V-Acc:  83.3%  V-AUROC: 0.9714  LR: 1.00e-04
2026-05-31 10:17:03,518 | [META    ] | INFO | meta_classifier_using.model_trainers.meta_trainer | Ep [012/500] T-Acc: 100.0%  V-Acc:  83.3%  V-AUROC: 0.9714  LR: 1.00e-04
2026-05-31 10:17:33,303 | [META    ] | INFO | meta_classifier_using.model_trainers.meta_trainer | Ep [013/500] T-Acc:  96.0%  V-Acc:  91.7%  V-AUROC: 0.9714  LR: 1.00e-04
2026-05-31 10:18:03,082 | [META    ] | INFO | meta_classifier_using.model_trainers.meta_trainer | Ep [014/500] T-Acc: 100.0%  V-Acc:  91.7%  V-AUROC: 0.9714  LR: 1.00e-04
2026-05-31 10:18:32,882 | [META    ] | INFO | meta_classifier_using.model_trainers.meta_trainer | Ep [015/500] T-Acc: 100.0%  V-Acc:  91.7%  V-AUROC: 1.0000  LR: 1.00e-04
2026-05-31 10:19:02,673 | [META    ] | INFO | meta_classifier_using.model_trainers.meta_trainer | Ep [016/500] T-Acc:  96.0%  V-Acc:  91.7%  V-AUROC: 0.9429  LR: 1.00e-04
2026-05-31 10:19:32,486 | [META    ] | INFO | meta_classifier_using.model_trainers.meta_trainer | Ep [017/500] T-Acc: 100.0%  V-Acc:  91.7%  V-AUROC: 0.9714  LR: 1.00e-04
2026-05-31 10:20:02,345 | [META    ] | INFO | meta_classifier_using.model_trainers.meta_trainer | Ep [018/500] T-Acc: 100.0%  V-Acc:  91.7%  V-AUROC: 0.9714  LR: 1.00e-04
2026-05-31 10:20:32,110 | [META    ] | INFO | meta_classifier_using.model_trainers.meta_trainer | Ep [019/500] T-Acc: 100.0%  V-Acc:  91.7%  V-AUROC: 1.0000  LR: 1.00e-04
2026-05-31 10:21:01,806 | [META    ] | INFO | meta_classifier_using.model_trainers.meta_trainer | Ep [020/500] T-Acc: 100.0%  V-Acc:  91.7%  V-AUROC: 1.0000  LR: 2.00e-05
2026-05-31 10:21:31,522 | [META    ] | INFO | meta_classifier_using.model_trainers.meta_trainer | Ep [021/500] T-Acc: 100.0%  V-Acc:  91.7%  V-AUROC: 1.0000  LR: 2.00e-05
2026-05-31 10:22:01,206 | [META    ] | INFO | meta_classifier_using.model_trainers.meta_trainer | Ep [022/500] T-Acc: 100.0%  V-Acc:  91.7%  V-AUROC: 1.0000  LR: 2.00e-05
2026-05-31 10:22:30,920 | [META    ] | INFO | meta_classifier_using.model_trainers.meta_trainer | Ep [023/500] T-Acc: 100.0%  V-Acc:  91.7%  V-AUROC: 1.0000  LR: 2.00e-05
2026-05-31 10:23:00,589 | [META    ] | INFO | meta_classifier_using.model_trainers.meta_trainer | Ep [024/500] T-Acc: 100.0%  V-Acc:  91.7%  V-AUROC: 1.0000  LR: 2.00e-05
2026-05-31 10:23:30,319 | [META    ] | INFO | meta_classifier_using.model_trainers.meta_trainer | Ep [025/500] T-Acc: 100.0%  V-Acc:  91.7%  V-AUROC: 1.0000  LR: 2.00e-05
2026-05-31 10:24:00,044 | [META    ] | INFO | meta_classifier_using.model_trainers.meta_trainer | Ep [026/500] T-Acc: 100.0%  V-Acc:  91.7%  V-AUROC: 1.0000  LR: 2.00e-05
2026-05-31 10:24:29,721 | [META    ] | INFO | meta_classifier_using.model_trainers.meta_trainer | Ep [027/500] T-Acc: 100.0%  V-Acc:  91.7%  V-AUROC: 1.0000  LR: 2.00e-05
2026-05-31 10:24:59,425 | [META    ] | INFO | meta_classifier_using.model_trainers.meta_trainer | Ep [028/500] T-Acc: 100.0%  V-Acc:  91.7%  V-AUROC: 1.0000  LR: 2.00e-05
2026-05-31 10:25:29,126 | [META    ] | INFO | meta_classifier_using.model_trainers.meta_trainer | Ep [029/500] T-Acc: 100.0%  V-Acc:  91.7%  V-AUROC: 1.0000  LR: 2.00e-05
2026-05-31 10:25:58,837 | [META    ] | INFO | meta_classifier_using.model_trainers.meta_trainer | Ep [030/500] T-Acc: 100.0%  V-Acc:  91.7%  V-AUROC: 1.0000  LR: 2.00e-05
2026-05-31 10:26:28,543 | [META    ] | INFO | meta_classifier_using.model_trainers.meta_trainer | Ep [031/500] T-Acc: 100.0%  V-Acc:  91.7%  V-AUROC: 1.0000  LR: 4.00e-06
2026-05-31 10:26:58,248 | [META    ] | INFO | meta_classifier_using.model_trainers.meta_trainer | Ep [032/500] T-Acc: 100.0%  V-Acc:  91.7%  V-AUROC: 1.0000  LR: 4.00e-06
2026-05-31 10:27:28,010 | [META    ] | INFO | meta_classifier_using.model_trainers.meta_trainer | Ep [033/500] T-Acc: 100.0%  V-Acc:  91.7%  V-AUROC: 1.0000  LR: 4.00e-06
2026-05-31 10:27:57,677 | [META    ] | INFO | meta_classifier_using.model_trainers.meta_trainer | Ep [034/500] T-Acc: 100.0%  V-Acc:  91.7%  V-AUROC: 1.0000  LR: 4.00e-06
2026-05-31 10:28:27,426 | [META    ] | INFO | meta_classifier_using.model_trainers.meta_trainer | Ep [035/500] T-Acc: 100.0%  V-Acc:  91.7%  V-AUROC: 1.0000  LR: 4.00e-06
2026-05-31 10:28:57,153 | [META    ] | INFO | meta_classifier_using.model_trainers.meta_trainer | Ep [036/500] T-Acc: 100.0%  V-Acc:  91.7%  V-AUROC: 1.0000  LR: 4.00e-06
2026-05-31 10:29:26,840 | [META    ] | INFO | meta_classifier_using.model_trainers.meta_trainer | Ep [037/500] T-Acc: 100.0%  V-Acc:  91.7%  V-AUROC: 1.0000  LR: 4.00e-06
2026-05-31 10:29:56,588 | [META    ] | INFO | meta_classifier_using.model_trainers.meta_trainer | Ep [038/500] T-Acc: 100.0%  V-Acc:  91.7%  V-AUROC: 1.0000  LR: 4.00e-06
2026-05-31 10:30:26,297 | [META    ] | INFO | meta_classifier_using.model_trainers.meta_trainer | Ep [039/500] T-Acc:  96.0%  V-Acc:  91.7%  V-AUROC: 1.0000  LR: 4.00e-06
2026-05-31 10:30:56,034 | [META    ] | INFO | meta_classifier_using.model_trainers.meta_trainer | Ep [040/500] T-Acc: 100.0%  V-Acc:  91.7%  V-AUROC: 1.0000  LR: 4.00e-06
2026-05-31 10:31:25,727 | [META    ] | INFO | meta_classifier_using.model_trainers.meta_trainer | Ep [041/500] T-Acc: 100.0%  V-Acc:  91.7%  V-AUROC: 1.0000  LR: 4.00e-06
2026-05-31 10:31:55,428 | [META    ] | INFO | meta_classifier_using.model_trainers.meta_trainer | Ep [042/500] T-Acc: 100.0%  V-Acc:  91.7%  V-AUROC: 1.0000  LR: 1.00e-06
2026-05-31 10:32:25,119 | [META    ] | INFO | meta_classifier_using.model_trainers.meta_trainer | Ep [043/500] T-Acc: 100.0%  V-Acc:  91.7%  V-AUROC: 1.0000  LR: 1.00e-06
2026-05-31 10:32:54,843 | [META    ] | INFO | meta_classifier_using.model_trainers.meta_trainer | Ep [044/500] T-Acc: 100.0%  V-Acc:  91.7%  V-AUROC: 1.0000  LR: 1.00e-06
2026-05-31 10:33:24,514 | [META    ] | INFO | meta_classifier_using.model_trainers.meta_trainer | Ep [045/500] T-Acc: 100.0%  V-Acc:  91.7%  V-AUROC: 1.0000  LR: 1.00e-06
2026-05-31 10:33:24,514 | [META    ] | INFO | meta_classifier_using.model_trainers.meta_trainer | Early stop — best AUROC 1.0000 at epoch 5 (no improvement for 40 epochs)
2026-05-31 10:33:24,514 | [META    ] | INFO | meta_classifier_using.model_trainers.meta_trainer | Done. Best AUROC: 1.0000 (epoch 5)
2026-05-31 10:33:32,334 | [META    ] | INFO | meta_classifier_using.evaluators.monte_carlo_evaluator | -> Fold 28 Result | Acc=0.917 Sens=1.000 Spec=0.800 AUROC=0.971 | optimal_thresh=1.000
2026-05-31 10:33:34,407 | [META    ] | INFO | meta_classifier_using.evaluators.monte_carlo_evaluator | === Fold 29/30 | train: 25 subj | test: 12 subj ===
2026-05-31 10:33:34,567 | [META    ] | INFO | meta_classifier_using.model_trainers.meta_trainer | Device: cuda | max_epochs=500 | batch=2 | es_patience=40 | lr=1e-04 | wd=1e-02
2026-05-31 10:33:34,568 | [META    ] | INFO | meta_classifier_using.model_trainers.meta_trainer | CE weights — HC: 1.042  MCI: 0.962
2026-05-31 10:34:12,714 | [META    ] | INFO | meta_classifier_using.model_trainers.meta_trainer | Ep [001/500] T-Acc:  52.0%  V-Acc:  83.3%  V-AUROC: 1.0000  LR: 2.00e-05
2026-05-31 10:34:12,970 | [META    ] | INFO | meta_classifier_using.model_trainers.meta_trainer |   ↳ new best AUROC; saved checkpoint: /home/leggo/AIResearch/VOGBasedMCIDetectionSystemMobileViTSingleExperimentInference/outputs/checkpoints/run_20260531_002841_meta/fold_28_best.pth
2026-05-31 10:34:42,988 | [META    ] | INFO | meta_classifier_using.model_trainers.meta_trainer | Ep [002/500] T-Acc:  72.0%  V-Acc: 100.0%  V-AUROC: 1.0000  LR: 4.00e-05
2026-05-31 10:35:13,191 | [META    ] | INFO | meta_classifier_using.model_trainers.meta_trainer | Ep [003/500] T-Acc:  80.0%  V-Acc: 100.0%  V-AUROC: 1.0000  LR: 6.00e-05
2026-05-31 10:35:43,023 | [META    ] | INFO | meta_classifier_using.model_trainers.meta_trainer | Ep [004/500] T-Acc:  88.0%  V-Acc: 100.0%  V-AUROC: 1.0000  LR: 8.00e-05
2026-05-31 10:36:12,809 | [META    ] | INFO | meta_classifier_using.model_trainers.meta_trainer | Ep [005/500] T-Acc:  96.0%  V-Acc:  91.7%  V-AUROC: 1.0000  LR: 1.00e-04
2026-05-31 10:36:42,476 | [META    ] | INFO | meta_classifier_using.model_trainers.meta_trainer | Ep [006/500] T-Acc:  88.0%  V-Acc:  91.7%  V-AUROC: 1.0000  LR: 1.00e-04
2026-05-31 10:37:12,218 | [META    ] | INFO | meta_classifier_using.model_trainers.meta_trainer | Ep [007/500] T-Acc:  96.0%  V-Acc: 100.0%  V-AUROC: 1.0000  LR: 1.00e-04
2026-05-31 10:37:41,925 | [META    ] | INFO | meta_classifier_using.model_trainers.meta_trainer | Ep [008/500] T-Acc: 100.0%  V-Acc:  83.3%  V-AUROC: 1.0000  LR: 1.00e-04
2026-05-31 10:38:11,637 | [META    ] | INFO | meta_classifier_using.model_trainers.meta_trainer | Ep [009/500] T-Acc: 100.0%  V-Acc:  83.3%  V-AUROC: 1.0000  LR: 1.00e-04
2026-05-31 10:38:41,347 | [META    ] | INFO | meta_classifier_using.model_trainers.meta_trainer | Ep [010/500] T-Acc: 100.0%  V-Acc:  91.7%  V-AUROC: 1.0000  LR: 1.00e-04
2026-05-31 10:39:11,028 | [META    ] | INFO | meta_classifier_using.model_trainers.meta_trainer | Ep [011/500] T-Acc: 100.0%  V-Acc: 100.0%  V-AUROC: 1.0000  LR: 1.00e-04
2026-05-31 10:39:40,755 | [META    ] | INFO | meta_classifier_using.model_trainers.meta_trainer | Ep [012/500] T-Acc: 100.0%  V-Acc: 100.0%  V-AUROC: 1.0000  LR: 1.00e-04
2026-05-31 10:40:10,442 | [META    ] | INFO | meta_classifier_using.model_trainers.meta_trainer | Ep [013/500] T-Acc: 100.0%  V-Acc: 100.0%  V-AUROC: 1.0000  LR: 1.00e-04
2026-05-31 10:40:40,159 | [META    ] | INFO | meta_classifier_using.model_trainers.meta_trainer | Ep [014/500] T-Acc: 100.0%  V-Acc: 100.0%  V-AUROC: 1.0000  LR: 1.00e-04
2026-05-31 10:41:09,836 | [META    ] | INFO | meta_classifier_using.model_trainers.meta_trainer | Ep [015/500] T-Acc: 100.0%  V-Acc: 100.0%  V-AUROC: 1.0000  LR: 1.00e-04
2026-05-31 10:41:39,529 | [META    ] | INFO | meta_classifier_using.model_trainers.meta_trainer | Ep [016/500] T-Acc: 100.0%  V-Acc: 100.0%  V-AUROC: 1.0000  LR: 1.00e-04
2026-05-31 10:42:09,203 | [META    ] | INFO | meta_classifier_using.model_trainers.meta_trainer | Ep [017/500] T-Acc: 100.0%  V-Acc: 100.0%  V-AUROC: 1.0000  LR: 1.00e-04
2026-05-31 10:42:38,913 | [META    ] | INFO | meta_classifier_using.model_trainers.meta_trainer | Ep [018/500] T-Acc: 100.0%  V-Acc: 100.0%  V-AUROC: 1.0000  LR: 2.00e-05
2026-05-31 10:43:08,614 | [META    ] | INFO | meta_classifier_using.model_trainers.meta_trainer | Ep [019/500] T-Acc: 100.0%  V-Acc: 100.0%  V-AUROC: 1.0000  LR: 2.00e-05
2026-05-31 10:43:38,337 | [META    ] | INFO | meta_classifier_using.model_trainers.meta_trainer | Ep [020/500] T-Acc: 100.0%  V-Acc: 100.0%  V-AUROC: 1.0000  LR: 2.00e-05
2026-05-31 10:44:08,054 | [META    ] | INFO | meta_classifier_using.model_trainers.meta_trainer | Ep [021/500] T-Acc: 100.0%  V-Acc: 100.0%  V-AUROC: 1.0000  LR: 2.00e-05
2026-05-31 10:44:37,704 | [META    ] | INFO | meta_classifier_using.model_trainers.meta_trainer | Ep [022/500] T-Acc: 100.0%  V-Acc: 100.0%  V-AUROC: 1.0000  LR: 2.00e-05
2026-05-31 10:45:07,441 | [META    ] | INFO | meta_classifier_using.model_trainers.meta_trainer | Ep [023/500] T-Acc: 100.0%  V-Acc: 100.0%  V-AUROC: 1.0000  LR: 2.00e-05
2026-05-31 10:45:37,125 | [META    ] | INFO | meta_classifier_using.model_trainers.meta_trainer | Ep [024/500] T-Acc: 100.0%  V-Acc: 100.0%  V-AUROC: 1.0000  LR: 2.00e-05
2026-05-31 10:46:06,834 | [META    ] | INFO | meta_classifier_using.model_trainers.meta_trainer | Ep [025/500] T-Acc: 100.0%  V-Acc: 100.0%  V-AUROC: 1.0000  LR: 2.00e-05
2026-05-31 10:46:36,497 | [META    ] | INFO | meta_classifier_using.model_trainers.meta_trainer | Ep [026/500] T-Acc: 100.0%  V-Acc: 100.0%  V-AUROC: 1.0000  LR: 2.00e-05
2026-05-31 10:47:06,158 | [META    ] | INFO | meta_classifier_using.model_trainers.meta_trainer | Ep [027/500] T-Acc: 100.0%  V-Acc: 100.0%  V-AUROC: 1.0000  LR: 2.00e-05
2026-05-31 10:47:35,837 | [META    ] | INFO | meta_classifier_using.model_trainers.meta_trainer | Ep [028/500] T-Acc: 100.0%  V-Acc: 100.0%  V-AUROC: 1.0000  LR: 2.00e-05
2026-05-31 10:48:05,521 | [META    ] | INFO | meta_classifier_using.model_trainers.meta_trainer | Ep [029/500] T-Acc: 100.0%  V-Acc: 100.0%  V-AUROC: 1.0000  LR: 4.00e-06
2026-05-31 10:48:35,265 | [META    ] | INFO | meta_classifier_using.model_trainers.meta_trainer | Ep [030/500] T-Acc: 100.0%  V-Acc: 100.0%  V-AUROC: 1.0000  LR: 4.00e-06
2026-05-31 10:49:04,917 | [META    ] | INFO | meta_classifier_using.model_trainers.meta_trainer | Ep [031/500] T-Acc: 100.0%  V-Acc: 100.0%  V-AUROC: 1.0000  LR: 4.00e-06
2026-05-31 10:49:34,594 | [META    ] | INFO | meta_classifier_using.model_trainers.meta_trainer | Ep [032/500] T-Acc: 100.0%  V-Acc: 100.0%  V-AUROC: 1.0000  LR: 4.00e-06
2026-05-31 10:50:04,339 | [META    ] | INFO | meta_classifier_using.model_trainers.meta_trainer | Ep [033/500] T-Acc:  96.0%  V-Acc: 100.0%  V-AUROC: 1.0000  LR: 4.00e-06
2026-05-31 10:50:34,002 | [META    ] | INFO | meta_classifier_using.model_trainers.meta_trainer | Ep [034/500] T-Acc: 100.0%  V-Acc: 100.0%  V-AUROC: 1.0000  LR: 4.00e-06
2026-05-31 10:51:03,678 | [META    ] | INFO | meta_classifier_using.model_trainers.meta_trainer | Ep [035/500] T-Acc: 100.0%  V-Acc: 100.0%  V-AUROC: 1.0000  LR: 4.00e-06
2026-05-31 10:51:33,491 | [META    ] | INFO | meta_classifier_using.model_trainers.meta_trainer | Ep [036/500] T-Acc: 100.0%  V-Acc: 100.0%  V-AUROC: 1.0000  LR: 4.00e-06
2026-05-31 10:52:03,350 | [META    ] | INFO | meta_classifier_using.model_trainers.meta_trainer | Ep [037/500] T-Acc: 100.0%  V-Acc: 100.0%  V-AUROC: 1.0000  LR: 4.00e-06
2026-05-31 10:52:33,091 | [META    ] | INFO | meta_classifier_using.model_trainers.meta_trainer | Ep [038/500] T-Acc: 100.0%  V-Acc: 100.0%  V-AUROC: 1.0000  LR: 4.00e-06
2026-05-31 10:53:02,684 | [META    ] | INFO | meta_classifier_using.model_trainers.meta_trainer | Ep [039/500] T-Acc:  96.0%  V-Acc: 100.0%  V-AUROC: 1.0000  LR: 4.00e-06
2026-05-31 10:53:32,312 | [META    ] | INFO | meta_classifier_using.model_trainers.meta_trainer | Ep [040/500] T-Acc: 100.0%  V-Acc: 100.0%  V-AUROC: 1.0000  LR: 1.00e-06
2026-05-31 10:54:02,048 | [META    ] | INFO | meta_classifier_using.model_trainers.meta_trainer | Ep [041/500] T-Acc: 100.0%  V-Acc: 100.0%  V-AUROC: 1.0000  LR: 1.00e-06
2026-05-31 10:54:02,048 | [META    ] | INFO | meta_classifier_using.model_trainers.meta_trainer | Early stop — best AUROC 1.0000 at epoch 1 (no improvement for 40 epochs)
2026-05-31 10:54:02,049 | [META    ] | INFO | meta_classifier_using.model_trainers.meta_trainer | Done. Best AUROC: 1.0000 (epoch 1)
2026-05-31 10:54:09,904 | [META    ] | INFO | meta_classifier_using.evaluators.monte_carlo_evaluator | -> Fold 29 Result | Acc=1.000 Sens=1.000 Spec=1.000 AUROC=1.000 | optimal_thresh=0.986
2026-05-31 10:54:11,956 | [META    ] | INFO | meta_classifier_using.evaluators.monte_carlo_evaluator | === Fold 30/30 | train: 25 subj | test: 12 subj ===
2026-05-31 10:54:12,114 | [META    ] | INFO | meta_classifier_using.model_trainers.meta_trainer | Device: cuda | max_epochs=500 | batch=2 | es_patience=40 | lr=1e-04 | wd=1e-02
2026-05-31 10:54:12,115 | [META    ] | INFO | meta_classifier_using.model_trainers.meta_trainer | CE weights — HC: 1.136  MCI: 0.893
2026-05-31 10:54:50,170 | [META    ] | INFO | meta_classifier_using.model_trainers.meta_trainer | Ep [001/500] T-Acc:  40.0%  V-Acc:  41.7%  V-AUROC: 0.5185  LR: 2.00e-05
2026-05-31 10:54:50,419 | [META    ] | INFO | meta_classifier_using.model_trainers.meta_trainer |   ↳ new best AUROC; saved checkpoint: /home/leggo/AIResearch/VOGBasedMCIDetectionSystemMobileViTSingleExperimentInference/outputs/checkpoints/run_20260531_002841_meta/fold_29_best.pth
2026-05-31 10:55:20,171 | [META    ] | INFO | meta_classifier_using.model_trainers.meta_trainer | Ep [002/500] T-Acc:  44.0%  V-Acc:  25.0%  V-AUROC: 0.6296  LR: 4.00e-05
2026-05-31 10:55:20,488 | [META    ] | INFO | meta_classifier_using.model_trainers.meta_trainer |   ↳ new best AUROC; saved checkpoint: /home/leggo/AIResearch/VOGBasedMCIDetectionSystemMobileViTSingleExperimentInference/outputs/checkpoints/run_20260531_002841_meta/fold_29_best.pth
2026-05-31 10:55:50,761 | [META    ] | INFO | meta_classifier_using.model_trainers.meta_trainer | Ep [003/500] T-Acc:  60.0%  V-Acc:  75.0%  V-AUROC: 0.6296  LR: 6.00e-05
2026-05-31 10:56:20,837 | [META    ] | INFO | meta_classifier_using.model_trainers.meta_trainer | Ep [004/500] T-Acc:  52.0%  V-Acc:  25.0%  V-AUROC: 0.3333  LR: 8.00e-05
2026-05-31 10:56:50,834 | [META    ] | INFO | meta_classifier_using.model_trainers.meta_trainer | Ep [005/500] T-Acc:  76.0%  V-Acc:  75.0%  V-AUROC: 0.9630  LR: 1.00e-04
2026-05-31 10:56:52,735 | [META    ] | INFO | meta_classifier_using.model_trainers.meta_trainer |   ↳ new best AUROC; saved checkpoint: /home/leggo/AIResearch/VOGBasedMCIDetectionSystemMobileViTSingleExperimentInference/outputs/checkpoints/run_20260531_002841_meta/fold_29_best.pth
2026-05-31 10:57:22,641 | [META    ] | INFO | meta_classifier_using.model_trainers.meta_trainer | Ep [006/500] T-Acc:  68.0%  V-Acc:  66.7%  V-AUROC: 0.9259  LR: 1.00e-04
2026-05-31 10:57:52,377 | [META    ] | INFO | meta_classifier_using.model_trainers.meta_trainer | Ep [007/500] T-Acc:  76.0%  V-Acc:  83.3%  V-AUROC: 0.8519  LR: 1.00e-04
2026-05-31 10:58:22,113 | [META    ] | INFO | meta_classifier_using.model_trainers.meta_trainer | Ep [008/500] T-Acc:  80.0%  V-Acc:  83.3%  V-AUROC: 1.0000  LR: 1.00e-04
2026-05-31 10:58:23,568 | [META    ] | INFO | meta_classifier_using.model_trainers.meta_trainer |   ↳ new best AUROC; saved checkpoint: /home/leggo/AIResearch/VOGBasedMCIDetectionSystemMobileViTSingleExperimentInference/outputs/checkpoints/run_20260531_002841_meta/fold_29_best.pth
2026-05-31 10:58:53,459 | [META    ] | INFO | meta_classifier_using.model_trainers.meta_trainer | Ep [009/500] T-Acc:  88.0%  V-Acc:  75.0%  V-AUROC: 0.8148  LR: 1.00e-04
2026-05-31 10:59:23,268 | [META    ] | INFO | meta_classifier_using.model_trainers.meta_trainer | Ep [010/500] T-Acc:  92.0%  V-Acc:  83.3%  V-AUROC: 0.7407  LR: 1.00e-04
2026-05-31 10:59:53,053 | [META    ] | INFO | meta_classifier_using.model_trainers.meta_trainer | Ep [011/500] T-Acc: 100.0%  V-Acc:  91.7%  V-AUROC: 0.9630  LR: 1.00e-04
2026-05-31 11:00:22,836 | [META    ] | INFO | meta_classifier_using.model_trainers.meta_trainer | Ep [012/500] T-Acc:  96.0%  V-Acc:  91.7%  V-AUROC: 1.0000  LR: 1.00e-04
2026-05-31 11:00:52,571 | [META    ] | INFO | meta_classifier_using.model_trainers.meta_trainer | Ep [013/500] T-Acc:  92.0%  V-Acc:  91.7%  V-AUROC: 1.0000  LR: 1.00e-04
2026-05-31 11:01:22,303 | [META    ] | INFO | meta_classifier_using.model_trainers.meta_trainer | Ep [014/500] T-Acc:  88.0%  V-Acc:  91.7%  V-AUROC: 1.0000  LR: 1.00e-04
2026-05-31 11:01:51,984 | [META    ] | INFO | meta_classifier_using.model_trainers.meta_trainer | Ep [015/500] T-Acc: 100.0%  V-Acc:  91.7%  V-AUROC: 1.0000  LR: 1.00e-04
2026-05-31 11:02:21,712 | [META    ] | INFO | meta_classifier_using.model_trainers.meta_trainer | Ep [016/500] T-Acc: 100.0%  V-Acc: 100.0%  V-AUROC: 1.0000  LR: 1.00e-04
2026-05-31 11:02:51,393 | [META    ] | INFO | meta_classifier_using.model_trainers.meta_trainer | Ep [017/500] T-Acc: 100.0%  V-Acc: 100.0%  V-AUROC: 1.0000  LR: 1.00e-04
2026-05-31 11:03:21,135 | [META    ] | INFO | meta_classifier_using.model_trainers.meta_trainer | Ep [018/500] T-Acc:  96.0%  V-Acc: 100.0%  V-AUROC: 1.0000  LR: 1.00e-04
2026-05-31 11:03:50,910 | [META    ] | INFO | meta_classifier_using.model_trainers.meta_trainer | Ep [019/500] T-Acc:  96.0%  V-Acc: 100.0%  V-AUROC: 1.0000  LR: 1.00e-04
2026-05-31 11:04:20,714 | [META    ] | INFO | meta_classifier_using.model_trainers.meta_trainer | Ep [020/500] T-Acc: 100.0%  V-Acc: 100.0%  V-AUROC: 1.0000  LR: 2.00e-05
2026-05-31 11:04:50,463 | [META    ] | INFO | meta_classifier_using.model_trainers.meta_trainer | Ep [021/500] T-Acc: 100.0%  V-Acc: 100.0%  V-AUROC: 1.0000  LR: 2.00e-05
2026-05-31 11:05:20,143 | [META    ] | INFO | meta_classifier_using.model_trainers.meta_trainer | Ep [022/500] T-Acc: 100.0%  V-Acc: 100.0%  V-AUROC: 1.0000  LR: 2.00e-05
2026-05-31 11:05:49,863 | [META    ] | INFO | meta_classifier_using.model_trainers.meta_trainer | Ep [023/500] T-Acc: 100.0%  V-Acc: 100.0%  V-AUROC: 1.0000  LR: 2.00e-05
2026-05-31 11:06:19,772 | [META    ] | INFO | meta_classifier_using.model_trainers.meta_trainer | Ep [024/500] T-Acc: 100.0%  V-Acc: 100.0%  V-AUROC: 1.0000  LR: 2.00e-05
2026-05-31 11:06:49,527 | [META    ] | INFO | meta_classifier_using.model_trainers.meta_trainer | Ep [025/500] T-Acc: 100.0%  V-Acc: 100.0%  V-AUROC: 1.0000  LR: 2.00e-05
2026-05-31 11:07:19,398 | [META    ] | INFO | meta_classifier_using.model_trainers.meta_trainer | Ep [026/500] T-Acc: 100.0%  V-Acc: 100.0%  V-AUROC: 1.0000  LR: 2.00e-05
2026-05-31 11:07:49,216 | [META    ] | INFO | meta_classifier_using.model_trainers.meta_trainer | Ep [027/500] T-Acc: 100.0%  V-Acc: 100.0%  V-AUROC: 1.0000  LR: 2.00e-05
2026-05-31 11:08:18,983 | [META    ] | INFO | meta_classifier_using.model_trainers.meta_trainer | Ep [028/500] T-Acc: 100.0%  V-Acc: 100.0%  V-AUROC: 1.0000  LR: 2.00e-05
2026-05-31 11:08:48,723 | [META    ] | INFO | meta_classifier_using.model_trainers.meta_trainer | Ep [029/500] T-Acc: 100.0%  V-Acc: 100.0%  V-AUROC: 1.0000  LR: 2.00e-05
2026-05-31 11:09:18,504 | [META    ] | INFO | meta_classifier_using.model_trainers.meta_trainer | Ep [030/500] T-Acc: 100.0%  V-Acc: 100.0%  V-AUROC: 1.0000  LR: 2.00e-05
2026-05-31 11:09:48,225 | [META    ] | INFO | meta_classifier_using.model_trainers.meta_trainer | Ep [031/500] T-Acc: 100.0%  V-Acc: 100.0%  V-AUROC: 1.0000  LR: 4.00e-06
2026-05-31 11:10:18,025 | [META    ] | INFO | meta_classifier_using.model_trainers.meta_trainer | Ep [032/500] T-Acc: 100.0%  V-Acc: 100.0%  V-AUROC: 1.0000  LR: 4.00e-06
2026-05-31 11:10:47,804 | [META    ] | INFO | meta_classifier_using.model_trainers.meta_trainer | Ep [033/500] T-Acc: 100.0%  V-Acc: 100.0%  V-AUROC: 1.0000  LR: 4.00e-06
2026-05-31 11:11:17,537 | [META    ] | INFO | meta_classifier_using.model_trainers.meta_trainer | Ep [034/500] T-Acc: 100.0%  V-Acc: 100.0%  V-AUROC: 1.0000  LR: 4.00e-06
2026-05-31 11:11:47,320 | [META    ] | INFO | meta_classifier_using.model_trainers.meta_trainer | Ep [035/500] T-Acc: 100.0%  V-Acc: 100.0%  V-AUROC: 1.0000  LR: 4.00e-06
2026-05-31 11:12:17,109 | [META    ] | INFO | meta_classifier_using.model_trainers.meta_trainer | Ep [036/500] T-Acc: 100.0%  V-Acc: 100.0%  V-AUROC: 1.0000  LR: 4.00e-06
2026-05-31 11:12:46,885 | [META    ] | INFO | meta_classifier_using.model_trainers.meta_trainer | Ep [037/500] T-Acc: 100.0%  V-Acc: 100.0%  V-AUROC: 1.0000  LR: 4.00e-06
2026-05-31 11:13:16,675 | [META    ] | INFO | meta_classifier_using.model_trainers.meta_trainer | Ep [038/500] T-Acc: 100.0%  V-Acc: 100.0%  V-AUROC: 1.0000  LR: 4.00e-06
2026-05-31 11:13:46,421 | [META    ] | INFO | meta_classifier_using.model_trainers.meta_trainer | Ep [039/500] T-Acc: 100.0%  V-Acc: 100.0%  V-AUROC: 1.0000  LR: 4.00e-06
2026-05-31 11:14:16,193 | [META    ] | INFO | meta_classifier_using.model_trainers.meta_trainer | Ep [040/500] T-Acc: 100.0%  V-Acc: 100.0%  V-AUROC: 1.0000  LR: 4.00e-06
2026-05-31 11:14:45,968 | [META    ] | INFO | meta_classifier_using.model_trainers.meta_trainer | Ep [041/500] T-Acc: 100.0%  V-Acc: 100.0%  V-AUROC: 1.0000  LR: 4.00e-06
2026-05-31 11:15:15,717 | [META    ] | INFO | meta_classifier_using.model_trainers.meta_trainer | Ep [042/500] T-Acc: 100.0%  V-Acc: 100.0%  V-AUROC: 1.0000  LR: 1.00e-06
2026-05-31 11:15:45,501 | [META    ] | INFO | meta_classifier_using.model_trainers.meta_trainer | Ep [043/500] T-Acc: 100.0%  V-Acc: 100.0%  V-AUROC: 1.0000  LR: 1.00e-06
2026-05-31 11:16:15,271 | [META    ] | INFO | meta_classifier_using.model_trainers.meta_trainer | Ep [044/500] T-Acc: 100.0%  V-Acc: 100.0%  V-AUROC: 1.0000  LR: 1.00e-06
2026-05-31 11:16:44,997 | [META    ] | INFO | meta_classifier_using.model_trainers.meta_trainer | Ep [045/500] T-Acc: 100.0%  V-Acc: 100.0%  V-AUROC: 1.0000  LR: 1.00e-06
2026-05-31 11:17:14,734 | [META    ] | INFO | meta_classifier_using.model_trainers.meta_trainer | Ep [046/500] T-Acc: 100.0%  V-Acc: 100.0%  V-AUROC: 1.0000  LR: 1.00e-06
2026-05-31 11:17:44,517 | [META    ] | INFO | meta_classifier_using.model_trainers.meta_trainer | Ep [047/500] T-Acc: 100.0%  V-Acc: 100.0%  V-AUROC: 1.0000  LR: 1.00e-06
2026-05-31 11:18:14,322 | [META    ] | INFO | meta_classifier_using.model_trainers.meta_trainer | Ep [048/500] T-Acc: 100.0%  V-Acc: 100.0%  V-AUROC: 1.0000  LR: 1.00e-06
2026-05-31 11:18:14,323 | [META    ] | INFO | meta_classifier_using.model_trainers.meta_trainer | Early stop — best AUROC 1.0000 at epoch 8 (no improvement for 40 epochs)
2026-05-31 11:18:14,323 | [META    ] | INFO | meta_classifier_using.model_trainers.meta_trainer | Done. Best AUROC: 1.0000 (epoch 8)
2026-05-31 11:18:22,119 | [META    ] | INFO | meta_classifier_using.evaluators.monte_carlo_evaluator | -> Fold 30 Result | Acc=1.000 Sens=1.000 Spec=1.000 AUROC=1.000 | optimal_thresh=1.000
2026-05-31 11:18:24,190 | [META    ] | INFO | meta_classifier_using.evaluators.monte_carlo_evaluator | ============================================================
2026-05-31 11:18:24,193 | [META    ] | INFO | meta_classifier_using.evaluators.monte_carlo_evaluator |   Stratified MC-CV Results (30 folds)
2026-05-31 11:18:24,194 | [META    ] | INFO | meta_classifier_using.evaluators.monte_carlo_evaluator |   Accuracy    : 0.969 ± 0.050
2026-05-31 11:18:24,194 | [META    ] | INFO | meta_classifier_using.evaluators.monte_carlo_evaluator |   Sensitivity : 0.981 ± 0.058
2026-05-31 11:18:24,194 | [META    ] | INFO | meta_classifier_using.evaluators.monte_carlo_evaluator |   Specificity : 0.955 ± 0.097
2026-05-31 11:18:24,194 | [META    ] | INFO | meta_classifier_using.evaluators.monte_carlo_evaluator |   AUROC       : 0.978 ± 0.059
2026-05-31 11:18:24,195 | [META    ] | INFO | meta_classifier_using.evaluators.monte_carlo_evaluator |   Youden thr  : 0.953 ± 0.177  (min 0.070, max 1.000) — boundary drift
2026-05-31 11:18:24,195 | [META    ] | INFO | meta_classifier_using.evaluators.monte_carlo_evaluator | ============================================================
