2026-05-24 01:15:32,817 | [AUG ] | INFO | __main__ | Run ID: 20260524_011532_aug | augment=True
2026-05-24 01:15:32,818 | [AUG ] | INFO | __main__ | Log file: /home/leggo/AIResearch/VOGBasedMCIDetectionSystemMobileViTSingleExperimentInference/outputs/logs/run_20260524_011532_aug.log
2026-05-24 01:15:32,819 | [AUG ] | INFO | __main__ | Filtering strictly for Horizontal/Vertical Anti-Saccade B tensors from: /home/leggo/AIResearch/VOGBasedMCIDetectionSystemMobileViTSingleExperimentInference/data
2026-05-24 01:15:32,829 | [AUG ] | INFO | data_processor.data_engineering | Loaded preprocessed data_store from cache: /home/leggo/AIResearch/VOGBasedMCIDetectionSystemMobileViTSingleExperimentInference/outputs/cache/data_store.pkl (229 epochs)
2026-05-24 01:15:32,836 | [AUG ] | INFO | __main__ | Total epoched samples (anti-saccades only): 229
2026-05-24 01:15:32,849 | [AUG ] | INFO | evaluators.monte_carlo_evaluator | Stratified MC Group CV — 30 folds | device=cuda | num_tasks=2 | augment=True
2026-05-24 01:15:32,851 | [AUG ] | INFO | evaluators.monte_carlo_evaluator | === Fold 01/30 | train: 23 subj / 123 windows | test: 11 subj / 106 windows ===
2026-05-24 01:15:33,147 | [AUG ] | INFO | httpx | HTTP Request: HEAD https://huggingface.co/apple/mobilevit-small/resolve/main/config.json "HTTP/1.1 307 Temporary Redirect"
2026-05-24 01:15:33,163 | [AUG ] | INFO | httpx | HTTP Request: HEAD https://huggingface.co/api/resolve-cache/models/apple/mobilevit-small/6c8612545dc98676d27bc518fa521d9e9af23e34/config.json "HTTP/1.1 200 OK"
2026-05-24 01:15:33,413 | [AUG ] | INFO | httpx | HTTP Request: HEAD https://huggingface.co/apple/mobilevit-small/resolve/main/model.safetensors "HTTP/1.1 404 Not Found"
2026-05-24 01:15:33,414 | [AUG ] | WARNING | huggingface_hub.utils._http | Warning: You are sending unauthenticated requests to the HF Hub. Please set a HF_TOKEN to enable higher rate limits and faster downloads.
2026-05-24 01:15:33,627 | [AUG ] | INFO | httpx | HTTP Request: HEAD https://huggingface.co/apple/mobilevit-small/resolve/main/model.safetensors.index.json "HTTP/1.1 404 Not Found"
2026-05-24 01:15:33,841 | [AUG ] | INFO | httpx | HTTP Request: HEAD https://huggingface.co/apple/mobilevit-small/resolve/main/pytorch_model.bin "HTTP/1.1 302 Found"
2026-05-24 01:15:34,051 | [AUG ] | INFO | httpx | HTTP Request: HEAD https://huggingface.co/apple/mobilevit-small/resolve/main/model.safetensors "HTTP/1.1 404 Not Found"
2026-05-24 01:15:34,283 | [AUG ] | INFO | httpx | HTTP Request: GET https://huggingface.co/api/models/apple/mobilevit-small "HTTP/1.1 200 OK"
2026-05-24 01:15:34,567 | [AUG ] | INFO | httpx | HTTP Request: GET https://huggingface.co/api/models/apple/mobilevit-small/commits/main "HTTP/1.1 200 OK"
2026-05-24 01:15:34,791 | [AUG ] | INFO | httpx | HTTP Request: GET https://huggingface.co/api/models/apple/mobilevit-small/discussions?p=0 "HTTP/1.1 200 OK"
2026-05-24 01:15:35,031 | [AUG ] | INFO | httpx | HTTP Request: GET https://huggingface.co/api/models/apple/mobilevit-small/commits/refs%2Fpr%2F6 "HTTP/1.1 200 OK"
2026-05-24 01:15:35,252 | [AUG ] | INFO | httpx | HTTP Request: HEAD https://huggingface.co/apple/mobilevit-small/resolve/refs%2Fpr%2F6/model.safetensors.index.json "HTTP/1.1 404 Not Found"
2026-05-24 01:15:35,467 | [AUG ] | INFO | httpx | HTTP Request: HEAD https://huggingface.co/apple/mobilevit-small/resolve/refs%2Fpr%2F6/model.safetensors "HTTP/1.1 302 Found"
2026-05-24 01:15:39,043 | [AUG ] | INFO | model_trainers.mobile_vit_trainer | Epoch [01/500] | Train Acc: 46.9% | Val Acc: 52.8% | Val Loss: 0.6971
2026-05-24 01:15:39,134 | [AUG ] | INFO | model_trainers.mobile_vit_trainer |   ↳ new best val loss; saved checkpoint: /home/leggo/AIResearch/VOGBasedMCIDetectionSystemMobileViTSingleExperimentInference/outputs/checkpoints/run_20260524_011532_aug/fold_00_best.pth
2026-05-24 01:15:41,073 | [AUG ] | INFO | model_trainers.mobile_vit_trainer | Epoch [02/500] | Train Acc: 56.2% | Val Acc: 44.3% | Val Loss: 0.7770
2026-05-24 01:15:43,018 | [AUG ] | INFO | model_trainers.mobile_vit_trainer | Epoch [03/500] | Train Acc: 58.3% | Val Acc: 41.5% | Val Loss: 0.8428
2026-05-24 01:15:44,977 | [AUG ] | INFO | model_trainers.mobile_vit_trainer | Epoch [04/500] | Train Acc: 52.1% | Val Acc: 37.7% | Val Loss: 0.8847
2026-05-24 01:15:46,921 | [AUG ] | INFO | model_trainers.mobile_vit_trainer | Epoch [05/500] | Train Acc: 47.9% | Val Acc: 37.7% | Val Loss: 0.8936
2026-05-24 01:15:48,882 | [AUG ] | INFO | model_trainers.mobile_vit_trainer | Epoch [06/500] | Train Acc: 57.3% | Val Acc: 37.7% | Val Loss: 0.8560
2026-05-24 01:15:50,808 | [AUG ] | INFO | model_trainers.mobile_vit_trainer | Epoch [07/500] | Train Acc: 55.2% | Val Acc: 44.3% | Val Loss: 0.8170
2026-05-24 01:15:52,725 | [AUG ] | INFO | model_trainers.mobile_vit_trainer | Epoch [08/500] | Train Acc: 51.0% | Val Acc: 49.1% | Val Loss: 0.7918
2026-05-24 01:15:54,646 | [AUG ] | INFO | model_trainers.mobile_vit_trainer | Epoch [09/500] | Train Acc: 62.5% | Val Acc: 50.0% | Val Loss: 0.7713
2026-05-24 01:15:55,788 | [AUG ] | INFO | model_trainers.mobile_vit_trainer | Epoch [10/500] | Train Acc: 46.9% | Val Acc: 53.8% | Val Loss: 0.7554
2026-05-24 01:15:56,703 | [AUG ] | INFO | model_trainers.mobile_vit_trainer | Epoch [11/500] | Train Acc: 55.2% | Val Acc: 51.9% | Val Loss: 0.7421
2026-05-24 01:15:58,381 | [AUG ] | INFO | model_trainers.mobile_vit_trainer | Epoch [12/500] | Train Acc: 56.2% | Val Acc: 53.8% | Val Loss: 0.7240
2026-05-24 01:16:00,109 | [AUG ] | INFO | model_trainers.mobile_vit_trainer | Epoch [13/500] | Train Acc: 53.1% | Val Acc: 53.8% | Val Loss: 0.7126
2026-05-24 01:16:02,051 | [AUG ] | INFO | model_trainers.mobile_vit_trainer | Epoch [14/500] | Train Acc: 54.2% | Val Acc: 52.8% | Val Loss: 0.7069
2026-05-24 01:16:03,784 | [AUG ] | INFO | model_trainers.mobile_vit_trainer | Epoch [15/500] | Train Acc: 47.9% | Val Acc: 54.7% | Val Loss: 0.7091
2026-05-24 01:16:05,669 | [AUG ] | INFO | model_trainers.mobile_vit_trainer | Epoch [16/500] | Train Acc: 66.7% | Val Acc: 50.9% | Val Loss: 0.7348
2026-05-24 01:16:07,603 | [AUG ] | INFO | model_trainers.mobile_vit_trainer | Epoch [17/500] | Train Acc: 62.5% | Val Acc: 46.2% | Val Loss: 0.7507
2026-05-24 01:16:09,554 | [AUG ] | INFO | model_trainers.mobile_vit_trainer | Epoch [18/500] | Train Acc: 49.0% | Val Acc: 47.2% | Val Loss: 0.7652
2026-05-24 01:16:11,474 | [AUG ] | INFO | model_trainers.mobile_vit_trainer | Epoch [19/500] | Train Acc: 62.5% | Val Acc: 46.2% | Val Loss: 0.7704
2026-05-24 01:16:13,383 | [AUG ] | INFO | model_trainers.mobile_vit_trainer | Epoch [20/500] | Train Acc: 58.3% | Val Acc: 46.2% | Val Loss: 0.7792
2026-05-24 01:16:15,347 | [AUG ] | INFO | model_trainers.mobile_vit_trainer | Epoch [21/500] | Train Acc: 58.3% | Val Acc: 47.2% | Val Loss: 0.7878
2026-05-24 01:16:17,258 | [AUG ] | INFO | model_trainers.mobile_vit_trainer | Epoch [22/500] | Train Acc: 58.3% | Val Acc: 47.2% | Val Loss: 0.7826
2026-05-24 01:16:19,163 | [AUG ] | INFO | model_trainers.mobile_vit_trainer | Epoch [23/500] | Train Acc: 56.2% | Val Acc: 47.2% | Val Loss: 0.7812
2026-05-24 01:16:21,015 | [AUG ] | INFO | model_trainers.mobile_vit_trainer | Epoch [24/500] | Train Acc: 52.1% | Val Acc: 45.3% | Val Loss: 0.7771
2026-05-24 01:16:22,950 | [AUG ] | INFO | model_trainers.mobile_vit_trainer | Epoch [25/500] | Train Acc: 52.1% | Val Acc: 46.2% | Val Loss: 0.7708
2026-05-24 01:16:24,828 | [AUG ] | INFO | model_trainers.mobile_vit_trainer | Epoch [26/500] | Train Acc: 59.4% | Val Acc: 44.3% | Val Loss: 0.7740
2026-05-24 01:16:26,691 | [AUG ] | INFO | model_trainers.mobile_vit_trainer | Epoch [27/500] | Train Acc: 54.2% | Val Acc: 46.2% | Val Loss: 0.7707
2026-05-24 01:16:28,622 | [AUG ] | INFO | model_trainers.mobile_vit_trainer | Epoch [28/500] | Train Acc: 56.2% | Val Acc: 46.2% | Val Loss: 0.7738
2026-05-24 01:16:30,563 | [AUG ] | INFO | model_trainers.mobile_vit_trainer | Epoch [29/500] | Train Acc: 57.3% | Val Acc: 47.2% | Val Loss: 0.7702
2026-05-24 01:16:32,473 | [AUG ] | INFO | model_trainers.mobile_vit_trainer | Epoch [30/500] | Train Acc: 62.5% | Val Acc: 48.1% | Val Loss: 0.7721
2026-05-24 01:16:34,392 | [AUG ] | INFO | model_trainers.mobile_vit_trainer | Epoch [31/500] | Train Acc: 62.5% | Val Acc: 47.2% | Val Loss: 0.7770
2026-05-24 01:16:36,362 | [AUG ] | INFO | model_trainers.mobile_vit_trainer | Epoch [32/500] | Train Acc: 57.3% | Val Acc: 46.2% | Val Loss: 0.7826
2026-05-24 01:16:38,286 | [AUG ] | INFO | model_trainers.mobile_vit_trainer | Epoch [33/500] | Train Acc: 57.3% | Val Acc: 45.3% | Val Loss: 0.7883
2026-05-24 01:16:40,179 | [AUG ] | INFO | model_trainers.mobile_vit_trainer | Epoch [34/500] | Train Acc: 69.8% | Val Acc: 45.3% | Val Loss: 0.7902
2026-05-24 01:16:42,077 | [AUG ] | INFO | model_trainers.mobile_vit_trainer | Epoch [35/500] | Train Acc: 58.3% | Val Acc: 44.3% | Val Loss: 0.7888
2026-05-24 01:16:44,030 | [AUG ] | INFO | model_trainers.mobile_vit_trainer | Epoch [36/500] | Train Acc: 55.2% | Val Acc: 44.3% | Val Loss: 0.7838
2026-05-24 01:16:45,973 | [AUG ] | INFO | model_trainers.mobile_vit_trainer | Epoch [37/500] | Train Acc: 56.2% | Val Acc: 44.3% | Val Loss: 0.7799
2026-05-24 01:16:47,900 | [AUG ] | INFO | model_trainers.mobile_vit_trainer | Epoch [38/500] | Train Acc: 56.2% | Val Acc: 46.2% | Val Loss: 0.7706
2026-05-24 01:16:49,813 | [AUG ] | INFO | model_trainers.mobile_vit_trainer | Epoch [39/500] | Train Acc: 52.1% | Val Acc: 45.3% | Val Loss: 0.7777
2026-05-24 01:16:51,766 | [AUG ] | INFO | model_trainers.mobile_vit_trainer | Epoch [40/500] | Train Acc: 58.3% | Val Acc: 45.3% | Val Loss: 0.7803
2026-05-24 01:16:53,666 | [AUG ] | INFO | model_trainers.mobile_vit_trainer | Epoch [41/500] | Train Acc: 60.4% | Val Acc: 44.3% | Val Loss: 0.7855
2026-05-24 01:16:53,666 | [AUG ] | INFO | model_trainers.mobile_vit_trainer | Early stop at epoch 41 (no val-loss improvement for 40 epochs; best=0.6971)
2026-05-24 01:16:54,781 | [AUG ] | INFO | evaluators.monte_carlo_evaluator | -> Fold 01 Result | Acc=0.308 Sens=0.222 Spec=0.500 AUROC=0.472
2026-05-24 01:16:54,783 | [AUG ] | INFO | evaluators.monte_carlo_evaluator | === Fold 02/30 | train: 23 subj / 141 windows | test: 11 subj / 88 windows ===
2026-05-24 01:16:55,034 | [AUG ] | INFO | httpx | HTTP Request: HEAD https://huggingface.co/apple/mobilevit-small/resolve/main/config.json "HTTP/1.1 307 Temporary Redirect"
2026-05-24 01:16:55,049 | [AUG ] | INFO | httpx | HTTP Request: HEAD https://huggingface.co/api/resolve-cache/models/apple/mobilevit-small/6c8612545dc98676d27bc518fa521d9e9af23e34/config.json "HTTP/1.1 200 OK"
2026-05-24 01:16:55,315 | [AUG ] | INFO | httpx | HTTP Request: HEAD https://huggingface.co/apple/mobilevit-small/resolve/main/model.safetensors "HTTP/1.1 404 Not Found"
2026-05-24 01:16:55,527 | [AUG ] | INFO | httpx | HTTP Request: HEAD https://huggingface.co/apple/mobilevit-small/resolve/main/model.safetensors.index.json "HTTP/1.1 404 Not Found"
2026-05-24 01:16:55,739 | [AUG ] | INFO | httpx | HTTP Request: HEAD https://huggingface.co/apple/mobilevit-small/resolve/main/pytorch_model.bin "HTTP/1.1 302 Found"
2026-05-24 01:16:55,982 | [AUG ] | INFO | httpx | HTTP Request: HEAD https://huggingface.co/apple/mobilevit-small/resolve/main/model.safetensors "HTTP/1.1 404 Not Found"
2026-05-24 01:16:56,202 | [AUG ] | INFO | httpx | HTTP Request: GET https://huggingface.co/api/models/apple/mobilevit-small "HTTP/1.1 200 OK"
2026-05-24 01:16:56,433 | [AUG ] | INFO | httpx | HTTP Request: GET https://huggingface.co/api/models/apple/mobilevit-small/commits/main "HTTP/1.1 200 OK"
2026-05-24 01:16:56,661 | [AUG ] | INFO | httpx | HTTP Request: GET https://huggingface.co/api/models/apple/mobilevit-small/discussions?p=0 "HTTP/1.1 200 OK"
2026-05-24 01:16:56,894 | [AUG ] | INFO | httpx | HTTP Request: GET https://huggingface.co/api/models/apple/mobilevit-small/commits/refs%2Fpr%2F6 "HTTP/1.1 200 OK"
2026-05-24 01:16:57,106 | [AUG ] | INFO | httpx | HTTP Request: HEAD https://huggingface.co/apple/mobilevit-small/resolve/refs%2Fpr%2F6/model.safetensors.index.json "HTTP/1.1 404 Not Found"
2026-05-24 01:16:57,329 | [AUG ] | INFO | httpx | HTTP Request: HEAD https://huggingface.co/apple/mobilevit-small/resolve/refs%2Fpr%2F6/model.safetensors "HTTP/1.1 302 Found"
2026-05-24 01:16:59,088 | [AUG ] | INFO | model_trainers.mobile_vit_trainer | Epoch [01/500] | Train Acc: 45.3% | Val Acc: 50.0% | Val Loss: 0.7387
2026-05-24 01:16:59,194 | [AUG ] | INFO | model_trainers.mobile_vit_trainer |   ↳ new best val loss; saved checkpoint: /home/leggo/AIResearch/VOGBasedMCIDetectionSystemMobileViTSingleExperimentInference/outputs/checkpoints/run_20260524_011532_aug/fold_01_best.pth
2026-05-24 01:17:01,498 | [AUG ] | INFO | model_trainers.mobile_vit_trainer | Epoch [02/500] | Train Acc: 44.5% | Val Acc: 47.7% | Val Loss: 0.7163
2026-05-24 01:17:01,624 | [AUG ] | INFO | model_trainers.mobile_vit_trainer |   ↳ new best val loss; saved checkpoint: /home/leggo/AIResearch/VOGBasedMCIDetectionSystemMobileViTSingleExperimentInference/outputs/checkpoints/run_20260524_011532_aug/fold_01_best.pth
2026-05-24 01:17:03,905 | [AUG ] | INFO | model_trainers.mobile_vit_trainer | Epoch [03/500] | Train Acc: 47.7% | Val Acc: 50.0% | Val Loss: 0.7087
2026-05-24 01:17:04,031 | [AUG ] | INFO | model_trainers.mobile_vit_trainer |   ↳ new best val loss; saved checkpoint: /home/leggo/AIResearch/VOGBasedMCIDetectionSystemMobileViTSingleExperimentInference/outputs/checkpoints/run_20260524_011532_aug/fold_01_best.pth
2026-05-24 01:17:06,317 | [AUG ] | INFO | model_trainers.mobile_vit_trainer | Epoch [04/500] | Train Acc: 57.8% | Val Acc: 53.4% | Val Loss: 0.7077
2026-05-24 01:17:06,511 | [AUG ] | INFO | model_trainers.mobile_vit_trainer |   ↳ new best val loss; saved checkpoint: /home/leggo/AIResearch/VOGBasedMCIDetectionSystemMobileViTSingleExperimentInference/outputs/checkpoints/run_20260524_011532_aug/fold_01_best.pth
2026-05-24 01:17:08,769 | [AUG ] | INFO | model_trainers.mobile_vit_trainer | Epoch [05/500] | Train Acc: 56.2% | Val Acc: 53.4% | Val Loss: 0.7011
2026-05-24 01:17:08,889 | [AUG ] | INFO | model_trainers.mobile_vit_trainer |   ↳ new best val loss; saved checkpoint: /home/leggo/AIResearch/VOGBasedMCIDetectionSystemMobileViTSingleExperimentInference/outputs/checkpoints/run_20260524_011532_aug/fold_01_best.pth
2026-05-24 01:17:11,148 | [AUG ] | INFO | model_trainers.mobile_vit_trainer | Epoch [06/500] | Train Acc: 57.0% | Val Acc: 51.1% | Val Loss: 0.7109
2026-05-24 01:17:13,413 | [AUG ] | INFO | model_trainers.mobile_vit_trainer | Epoch [07/500] | Train Acc: 53.1% | Val Acc: 48.9% | Val Loss: 0.7107
2026-05-24 01:17:15,680 | [AUG ] | INFO | model_trainers.mobile_vit_trainer | Epoch [08/500] | Train Acc: 56.2% | Val Acc: 48.9% | Val Loss: 0.7056
2026-05-24 01:17:17,986 | [AUG ] | INFO | model_trainers.mobile_vit_trainer | Epoch [09/500] | Train Acc: 49.2% | Val Acc: 47.7% | Val Loss: 0.7111
2026-05-24 01:17:20,255 | [AUG ] | INFO | model_trainers.mobile_vit_trainer | Epoch [10/500] | Train Acc: 55.5% | Val Acc: 47.7% | Val Loss: 0.7188
2026-05-24 01:17:22,484 | [AUG ] | INFO | model_trainers.mobile_vit_trainer | Epoch [11/500] | Train Acc: 55.5% | Val Acc: 46.6% | Val Loss: 0.7331
2026-05-24 01:17:24,732 | [AUG ] | INFO | model_trainers.mobile_vit_trainer | Epoch [12/500] | Train Acc: 43.8% | Val Acc: 47.7% | Val Loss: 0.7384
2026-05-24 01:17:26,962 | [AUG ] | INFO | model_trainers.mobile_vit_trainer | Epoch [13/500] | Train Acc: 60.9% | Val Acc: 48.9% | Val Loss: 0.7383
2026-05-24 01:17:29,212 | [AUG ] | INFO | model_trainers.mobile_vit_trainer | Epoch [14/500] | Train Acc: 51.6% | Val Acc: 47.7% | Val Loss: 0.7380
2026-05-24 01:17:31,434 | [AUG ] | INFO | model_trainers.mobile_vit_trainer | Epoch [15/500] | Train Acc: 56.2% | Val Acc: 46.6% | Val Loss: 0.7382
2026-05-24 01:17:33,719 | [AUG ] | INFO | model_trainers.mobile_vit_trainer | Epoch [16/500] | Train Acc: 53.1% | Val Acc: 45.5% | Val Loss: 0.7438
2026-05-24 01:17:35,924 | [AUG ] | INFO | model_trainers.mobile_vit_trainer | Epoch [17/500] | Train Acc: 48.4% | Val Acc: 45.5% | Val Loss: 0.7474
2026-05-24 01:17:38,132 | [AUG ] | INFO | model_trainers.mobile_vit_trainer | Epoch [18/500] | Train Acc: 48.4% | Val Acc: 46.6% | Val Loss: 0.7411
2026-05-24 01:17:40,339 | [AUG ] | INFO | model_trainers.mobile_vit_trainer | Epoch [19/500] | Train Acc: 50.8% | Val Acc: 45.5% | Val Loss: 0.7369
2026-05-24 01:17:42,566 | [AUG ] | INFO | model_trainers.mobile_vit_trainer | Epoch [20/500] | Train Acc: 48.4% | Val Acc: 46.6% | Val Loss: 0.7330
2026-05-24 01:17:44,827 | [AUG ] | INFO | model_trainers.mobile_vit_trainer | Epoch [21/500] | Train Acc: 47.7% | Val Acc: 46.6% | Val Loss: 0.7335
2026-05-24 01:17:45,995 | [AUG ] | INFO | model_trainers.mobile_vit_trainer | Epoch [22/500] | Train Acc: 48.4% | Val Acc: 46.6% | Val Loss: 0.7316
2026-05-24 01:17:47,118 | [AUG ] | INFO | model_trainers.mobile_vit_trainer | Epoch [23/500] | Train Acc: 54.7% | Val Acc: 48.9% | Val Loss: 0.7323
2026-05-24 01:17:49,402 | [AUG ] | INFO | model_trainers.mobile_vit_trainer | Epoch [24/500] | Train Acc: 50.8% | Val Acc: 47.7% | Val Loss: 0.7356
2026-05-24 01:17:51,593 | [AUG ] | INFO | model_trainers.mobile_vit_trainer | Epoch [25/500] | Train Acc: 49.2% | Val Acc: 46.6% | Val Loss: 0.7394
2026-05-24 01:17:53,868 | [AUG ] | INFO | model_trainers.mobile_vit_trainer | Epoch [26/500] | Train Acc: 50.8% | Val Acc: 46.6% | Val Loss: 0.7394
2026-05-24 01:17:56,141 | [AUG ] | INFO | model_trainers.mobile_vit_trainer | Epoch [27/500] | Train Acc: 50.0% | Val Acc: 46.6% | Val Loss: 0.7433
2026-05-24 01:17:58,442 | [AUG ] | INFO | model_trainers.mobile_vit_trainer | Epoch [28/500] | Train Acc: 44.5% | Val Acc: 46.6% | Val Loss: 0.7461
2026-05-24 01:18:00,698 | [AUG ] | INFO | model_trainers.mobile_vit_trainer | Epoch [29/500] | Train Acc: 50.8% | Val Acc: 46.6% | Val Loss: 0.7491
2026-05-24 01:18:02,955 | [AUG ] | INFO | model_trainers.mobile_vit_trainer | Epoch [30/500] | Train Acc: 57.8% | Val Acc: 45.5% | Val Loss: 0.7462
2026-05-24 01:18:05,232 | [AUG ] | INFO | model_trainers.mobile_vit_trainer | Epoch [31/500] | Train Acc: 50.0% | Val Acc: 46.6% | Val Loss: 0.7466
2026-05-24 01:18:07,495 | [AUG ] | INFO | model_trainers.mobile_vit_trainer | Epoch [32/500] | Train Acc: 48.4% | Val Acc: 46.6% | Val Loss: 0.7425
2026-05-24 01:18:09,801 | [AUG ] | INFO | model_trainers.mobile_vit_trainer | Epoch [33/500] | Train Acc: 49.2% | Val Acc: 46.6% | Val Loss: 0.7387
2026-05-24 01:18:12,073 | [AUG ] | INFO | model_trainers.mobile_vit_trainer | Epoch [34/500] | Train Acc: 53.1% | Val Acc: 46.6% | Val Loss: 0.7383
2026-05-24 01:18:14,342 | [AUG ] | INFO | model_trainers.mobile_vit_trainer | Epoch [35/500] | Train Acc: 52.3% | Val Acc: 45.5% | Val Loss: 0.7351
2026-05-24 01:18:16,625 | [AUG ] | INFO | model_trainers.mobile_vit_trainer | Epoch [36/500] | Train Acc: 64.1% | Val Acc: 46.6% | Val Loss: 0.7343
2026-05-24 01:18:18,880 | [AUG ] | INFO | model_trainers.mobile_vit_trainer | Epoch [37/500] | Train Acc: 53.1% | Val Acc: 47.7% | Val Loss: 0.7328
2026-05-24 01:18:21,148 | [AUG ] | INFO | model_trainers.mobile_vit_trainer | Epoch [38/500] | Train Acc: 55.5% | Val Acc: 47.7% | Val Loss: 0.7334
2026-05-24 01:18:23,442 | [AUG ] | INFO | model_trainers.mobile_vit_trainer | Epoch [39/500] | Train Acc: 54.7% | Val Acc: 48.9% | Val Loss: 0.7327
2026-05-24 01:18:25,751 | [AUG ] | INFO | model_trainers.mobile_vit_trainer | Epoch [40/500] | Train Acc: 46.9% | Val Acc: 50.0% | Val Loss: 0.7305
2026-05-24 01:18:28,011 | [AUG ] | INFO | model_trainers.mobile_vit_trainer | Epoch [41/500] | Train Acc: 50.0% | Val Acc: 48.9% | Val Loss: 0.7279
2026-05-24 01:18:30,248 | [AUG ] | INFO | model_trainers.mobile_vit_trainer | Epoch [42/500] | Train Acc: 55.5% | Val Acc: 47.7% | Val Loss: 0.7300
2026-05-24 01:18:32,525 | [AUG ] | INFO | model_trainers.mobile_vit_trainer | Epoch [43/500] | Train Acc: 52.3% | Val Acc: 47.7% | Val Loss: 0.7280
2026-05-24 01:18:34,833 | [AUG ] | INFO | model_trainers.mobile_vit_trainer | Epoch [44/500] | Train Acc: 55.5% | Val Acc: 47.7% | Val Loss: 0.7249
2026-05-24 01:18:37,119 | [AUG ] | INFO | model_trainers.mobile_vit_trainer | Epoch [45/500] | Train Acc: 56.2% | Val Acc: 50.0% | Val Loss: 0.7254
2026-05-24 01:18:37,121 | [AUG ] | INFO | model_trainers.mobile_vit_trainer | Early stop at epoch 45 (no val-loss improvement for 40 epochs; best=0.7011)
2026-05-24 01:18:37,924 | [AUG ] | INFO | evaluators.monte_carlo_evaluator | -> Fold 02 Result | Acc=0.500 Sens=0.500 Spec=0.500 AUROC=0.500
2026-05-24 01:18:37,925 | [AUG ] | INFO | evaluators.monte_carlo_evaluator | === Fold 03/30 | train: 23 subj / 133 windows | test: 11 subj / 96 windows ===
2026-05-24 01:18:38,182 | [AUG ] | INFO | httpx | HTTP Request: HEAD https://huggingface.co/apple/mobilevit-small/resolve/main/config.json "HTTP/1.1 307 Temporary Redirect"
2026-05-24 01:18:38,201 | [AUG ] | INFO | httpx | HTTP Request: HEAD https://huggingface.co/api/resolve-cache/models/apple/mobilevit-small/6c8612545dc98676d27bc518fa521d9e9af23e34/config.json "HTTP/1.1 200 OK"
2026-05-24 01:18:38,468 | [AUG ] | INFO | httpx | HTTP Request: HEAD https://huggingface.co/apple/mobilevit-small/resolve/main/model.safetensors "HTTP/1.1 404 Not Found"
2026-05-24 01:18:38,684 | [AUG ] | INFO | httpx | HTTP Request: HEAD https://huggingface.co/apple/mobilevit-small/resolve/main/model.safetensors.index.json "HTTP/1.1 404 Not Found"
2026-05-24 01:18:38,916 | [AUG ] | INFO | httpx | HTTP Request: HEAD https://huggingface.co/apple/mobilevit-small/resolve/main/pytorch_model.bin "HTTP/1.1 302 Found"
2026-05-24 01:18:39,136 | [AUG ] | INFO | httpx | HTTP Request: HEAD https://huggingface.co/apple/mobilevit-small/resolve/main/model.safetensors "HTTP/1.1 404 Not Found"
2026-05-24 01:18:39,352 | [AUG ] | INFO | httpx | HTTP Request: GET https://huggingface.co/api/models/apple/mobilevit-small "HTTP/1.1 200 OK"
2026-05-24 01:18:39,595 | [AUG ] | INFO | httpx | HTTP Request: GET https://huggingface.co/api/models/apple/mobilevit-small/commits/main "HTTP/1.1 200 OK"
2026-05-24 01:18:39,828 | [AUG ] | INFO | httpx | HTTP Request: GET https://huggingface.co/api/models/apple/mobilevit-small/discussions?p=0 "HTTP/1.1 200 OK"
2026-05-24 01:18:40,060 | [AUG ] | INFO | httpx | HTTP Request: GET https://huggingface.co/api/models/apple/mobilevit-small/commits/refs%2Fpr%2F6 "HTTP/1.1 200 OK"
2026-05-24 01:18:40,279 | [AUG ] | INFO | httpx | HTTP Request: HEAD https://huggingface.co/apple/mobilevit-small/resolve/refs%2Fpr%2F6/model.safetensors.index.json "HTTP/1.1 404 Not Found"
2026-05-24 01:18:40,496 | [AUG ] | INFO | httpx | HTTP Request: HEAD https://huggingface.co/apple/mobilevit-small/resolve/refs%2Fpr%2F6/model.safetensors "HTTP/1.1 302 Found"
2026-05-24 01:18:42,376 | [AUG ] | INFO | model_trainers.mobile_vit_trainer | Epoch [01/500] | Train Acc: 44.5% | Val Acc: 60.4% | Val Loss: 0.6862
2026-05-24 01:18:42,480 | [AUG ] | INFO | model_trainers.mobile_vit_trainer |   ↳ new best val loss; saved checkpoint: /home/leggo/AIResearch/VOGBasedMCIDetectionSystemMobileViTSingleExperimentInference/outputs/checkpoints/run_20260524_011532_aug/fold_02_best.pth
2026-05-24 01:18:44,782 | [AUG ] | INFO | model_trainers.mobile_vit_trainer | Epoch [02/500] | Train Acc: 49.2% | Val Acc: 57.3% | Val Loss: 0.6781
2026-05-24 01:18:44,937 | [AUG ] | INFO | model_trainers.mobile_vit_trainer |   ↳ new best val loss; saved checkpoint: /home/leggo/AIResearch/VOGBasedMCIDetectionSystemMobileViTSingleExperimentInference/outputs/checkpoints/run_20260524_011532_aug/fold_02_best.pth
2026-05-24 01:18:47,228 | [AUG ] | INFO | model_trainers.mobile_vit_trainer | Epoch [03/500] | Train Acc: 51.6% | Val Acc: 57.3% | Val Loss: 0.6880
2026-05-24 01:18:49,544 | [AUG ] | INFO | model_trainers.mobile_vit_trainer | Epoch [04/500] | Train Acc: 50.0% | Val Acc: 55.2% | Val Loss: 0.6994
2026-05-24 01:18:51,859 | [AUG ] | INFO | model_trainers.mobile_vit_trainer | Epoch [05/500] | Train Acc: 45.3% | Val Acc: 53.1% | Val Loss: 0.7068
2026-05-24 01:18:54,163 | [AUG ] | INFO | model_trainers.mobile_vit_trainer | Epoch [06/500] | Train Acc: 45.3% | Val Acc: 47.9% | Val Loss: 0.7031
2026-05-24 01:18:56,462 | [AUG ] | INFO | model_trainers.mobile_vit_trainer | Epoch [07/500] | Train Acc: 49.2% | Val Acc: 51.0% | Val Loss: 0.7003
2026-05-24 01:18:58,778 | [AUG ] | INFO | model_trainers.mobile_vit_trainer | Epoch [08/500] | Train Acc: 58.6% | Val Acc: 54.2% | Val Loss: 0.6871
2026-05-24 01:19:01,079 | [AUG ] | INFO | model_trainers.mobile_vit_trainer | Epoch [09/500] | Train Acc: 46.1% | Val Acc: 50.0% | Val Loss: 0.6947
2026-05-24 01:19:03,390 | [AUG ] | INFO | model_trainers.mobile_vit_trainer | Epoch [10/500] | Train Acc: 41.4% | Val Acc: 46.9% | Val Loss: 0.7065
2026-05-24 01:19:05,697 | [AUG ] | INFO | model_trainers.mobile_vit_trainer | Epoch [11/500] | Train Acc: 47.7% | Val Acc: 47.9% | Val Loss: 0.7094
2026-05-24 01:19:08,100 | [AUG ] | INFO | model_trainers.mobile_vit_trainer | Epoch [12/500] | Train Acc: 50.8% | Val Acc: 47.9% | Val Loss: 0.7087
2026-05-24 01:19:10,426 | [AUG ] | INFO | model_trainers.mobile_vit_trainer | Epoch [13/500] | Train Acc: 49.2% | Val Acc: 50.0% | Val Loss: 0.7051
2026-05-24 01:19:12,754 | [AUG ] | INFO | model_trainers.mobile_vit_trainer | Epoch [14/500] | Train Acc: 45.3% | Val Acc: 52.1% | Val Loss: 0.7002
2026-05-24 01:19:15,046 | [AUG ] | INFO | model_trainers.mobile_vit_trainer | Epoch [15/500] | Train Acc: 40.6% | Val Acc: 55.2% | Val Loss: 0.6903
2026-05-24 01:19:16,621 | [AUG ] | INFO | model_trainers.mobile_vit_trainer | Epoch [16/500] | Train Acc: 52.3% | Val Acc: 56.2% | Val Loss: 0.6843
2026-05-24 01:19:17,721 | [AUG ] | INFO | model_trainers.mobile_vit_trainer | Epoch [17/500] | Train Acc: 56.2% | Val Acc: 56.2% | Val Loss: 0.6842
2026-05-24 01:19:19,939 | [AUG ] | INFO | model_trainers.mobile_vit_trainer | Epoch [18/500] | Train Acc: 41.4% | Val Acc: 54.2% | Val Loss: 0.6886
2026-05-24 01:19:22,116 | [AUG ] | INFO | model_trainers.mobile_vit_trainer | Epoch [19/500] | Train Acc: 50.8% | Val Acc: 54.2% | Val Loss: 0.6908
2026-05-24 01:19:24,435 | [AUG ] | INFO | model_trainers.mobile_vit_trainer | Epoch [20/500] | Train Acc: 46.1% | Val Acc: 53.1% | Val Loss: 0.6879
2026-05-24 01:19:26,691 | [AUG ] | INFO | model_trainers.mobile_vit_trainer | Epoch [21/500] | Train Acc: 50.0% | Val Acc: 52.1% | Val Loss: 0.6841
2026-05-24 01:19:28,857 | [AUG ] | INFO | model_trainers.mobile_vit_trainer | Epoch [22/500] | Train Acc: 48.4% | Val Acc: 52.1% | Val Loss: 0.6863
2026-05-24 01:19:31,066 | [AUG ] | INFO | model_trainers.mobile_vit_trainer | Epoch [23/500] | Train Acc: 44.5% | Val Acc: 53.1% | Val Loss: 0.6887
2026-05-24 01:19:33,378 | [AUG ] | INFO | model_trainers.mobile_vit_trainer | Epoch [24/500] | Train Acc: 48.4% | Val Acc: 53.1% | Val Loss: 0.6845
2026-05-24 01:19:35,707 | [AUG ] | INFO | model_trainers.mobile_vit_trainer | Epoch [25/500] | Train Acc: 50.0% | Val Acc: 54.2% | Val Loss: 0.6875
2026-05-24 01:19:37,895 | [AUG ] | INFO | model_trainers.mobile_vit_trainer | Epoch [26/500] | Train Acc: 52.3% | Val Acc: 61.5% | Val Loss: 0.6672
2026-05-24 01:19:38,046 | [AUG ] | INFO | model_trainers.mobile_vit_trainer |   ↳ new best val loss; saved checkpoint: /home/leggo/AIResearch/VOGBasedMCIDetectionSystemMobileViTSingleExperimentInference/outputs/checkpoints/run_20260524_011532_aug/fold_02_best.pth
2026-05-24 01:19:40,377 | [AUG ] | INFO | model_trainers.mobile_vit_trainer | Epoch [27/500] | Train Acc: 49.2% | Val Acc: 60.4% | Val Loss: 0.6646
2026-05-24 01:19:40,659 | [AUG ] | INFO | model_trainers.mobile_vit_trainer |   ↳ new best val loss; saved checkpoint: /home/leggo/AIResearch/VOGBasedMCIDetectionSystemMobileViTSingleExperimentInference/outputs/checkpoints/run_20260524_011532_aug/fold_02_best.pth
2026-05-24 01:19:43,172 | [AUG ] | INFO | model_trainers.mobile_vit_trainer | Epoch [28/500] | Train Acc: 56.2% | Val Acc: 57.3% | Val Loss: 0.6672
2026-05-24 01:19:45,467 | [AUG ] | INFO | model_trainers.mobile_vit_trainer | Epoch [29/500] | Train Acc: 43.8% | Val Acc: 55.2% | Val Loss: 0.6743
2026-05-24 01:19:47,736 | [AUG ] | INFO | model_trainers.mobile_vit_trainer | Epoch [30/500] | Train Acc: 46.9% | Val Acc: 52.1% | Val Loss: 0.6780
2026-05-24 01:19:50,001 | [AUG ] | INFO | model_trainers.mobile_vit_trainer | Epoch [31/500] | Train Acc: 44.5% | Val Acc: 55.2% | Val Loss: 0.6912
2026-05-24 01:19:52,296 | [AUG ] | INFO | model_trainers.mobile_vit_trainer | Epoch [32/500] | Train Acc: 43.8% | Val Acc: 55.2% | Val Loss: 0.6961
2026-05-24 01:19:54,605 | [AUG ] | INFO | model_trainers.mobile_vit_trainer | Epoch [33/500] | Train Acc: 46.1% | Val Acc: 52.1% | Val Loss: 0.6970
2026-05-24 01:19:56,944 | [AUG ] | INFO | model_trainers.mobile_vit_trainer | Epoch [34/500] | Train Acc: 51.6% | Val Acc: 53.1% | Val Loss: 0.7009
2026-05-24 01:19:59,247 | [AUG ] | INFO | model_trainers.mobile_vit_trainer | Epoch [35/500] | Train Acc: 52.3% | Val Acc: 55.2% | Val Loss: 0.6986
2026-05-24 01:20:01,556 | [AUG ] | INFO | model_trainers.mobile_vit_trainer | Epoch [36/500] | Train Acc: 55.5% | Val Acc: 52.1% | Val Loss: 0.7036
2026-05-24 01:20:03,884 | [AUG ] | INFO | model_trainers.mobile_vit_trainer | Epoch [37/500] | Train Acc: 61.7% | Val Acc: 58.3% | Val Loss: 0.6970
2026-05-24 01:20:06,196 | [AUG ] | INFO | model_trainers.mobile_vit_trainer | Epoch [38/500] | Train Acc: 45.3% | Val Acc: 55.2% | Val Loss: 0.6946
2026-05-24 01:20:08,359 | [AUG ] | INFO | model_trainers.mobile_vit_trainer | Epoch [39/500] | Train Acc: 43.0% | Val Acc: 54.2% | Val Loss: 0.6943
2026-05-24 01:20:10,708 | [AUG ] | INFO | model_trainers.mobile_vit_trainer | Epoch [40/500] | Train Acc: 50.8% | Val Acc: 55.2% | Val Loss: 0.7003
2026-05-24 01:20:12,889 | [AUG ] | INFO | model_trainers.mobile_vit_trainer | Epoch [41/500] | Train Acc: 53.1% | Val Acc: 55.2% | Val Loss: 0.7028
2026-05-24 01:20:15,053 | [AUG ] | INFO | model_trainers.mobile_vit_trainer | Epoch [42/500] | Train Acc: 45.3% | Val Acc: 53.1% | Val Loss: 0.7043
2026-05-24 01:20:17,352 | [AUG ] | INFO | model_trainers.mobile_vit_trainer | Epoch [43/500] | Train Acc: 50.0% | Val Acc: 52.1% | Val Loss: 0.7050
2026-05-24 01:20:19,659 | [AUG ] | INFO | model_trainers.mobile_vit_trainer | Epoch [44/500] | Train Acc: 56.2% | Val Acc: 49.0% | Val Loss: 0.7064
2026-05-24 01:20:21,979 | [AUG ] | INFO | model_trainers.mobile_vit_trainer | Epoch [45/500] | Train Acc: 46.9% | Val Acc: 47.9% | Val Loss: 0.7023
2026-05-24 01:20:24,291 | [AUG ] | INFO | model_trainers.mobile_vit_trainer | Epoch [46/500] | Train Acc: 54.7% | Val Acc: 47.9% | Val Loss: 0.7070
2026-05-24 01:20:26,603 | [AUG ] | INFO | model_trainers.mobile_vit_trainer | Epoch [47/500] | Train Acc: 53.1% | Val Acc: 51.0% | Val Loss: 0.7049
2026-05-24 01:20:28,909 | [AUG ] | INFO | model_trainers.mobile_vit_trainer | Epoch [48/500] | Train Acc: 55.5% | Val Acc: 55.2% | Val Loss: 0.7005
2026-05-24 01:20:31,214 | [AUG ] | INFO | model_trainers.mobile_vit_trainer | Epoch [49/500] | Train Acc: 55.5% | Val Acc: 54.2% | Val Loss: 0.6971
2026-05-24 01:20:33,542 | [AUG ] | INFO | model_trainers.mobile_vit_trainer | Epoch [50/500] | Train Acc: 46.9% | Val Acc: 54.2% | Val Loss: 0.6992
2026-05-24 01:20:35,887 | [AUG ] | INFO | model_trainers.mobile_vit_trainer | Epoch [51/500] | Train Acc: 57.0% | Val Acc: 54.2% | Val Loss: 0.7039
2026-05-24 01:20:38,184 | [AUG ] | INFO | model_trainers.mobile_vit_trainer | Epoch [52/500] | Train Acc: 48.4% | Val Acc: 46.9% | Val Loss: 0.7141
2026-05-24 01:20:40,496 | [AUG ] | INFO | model_trainers.mobile_vit_trainer | Epoch [53/500] | Train Acc: 49.2% | Val Acc: 49.0% | Val Loss: 0.7124
2026-05-24 01:20:42,838 | [AUG ] | INFO | model_trainers.mobile_vit_trainer | Epoch [54/500] | Train Acc: 49.2% | Val Acc: 45.8% | Val Loss: 0.7162
2026-05-24 01:20:45,203 | [AUG ] | INFO | model_trainers.mobile_vit_trainer | Epoch [55/500] | Train Acc: 43.8% | Val Acc: 49.0% | Val Loss: 0.7161
2026-05-24 01:20:47,510 | [AUG ] | INFO | model_trainers.mobile_vit_trainer | Epoch [56/500] | Train Acc: 49.2% | Val Acc: 47.9% | Val Loss: 0.7108
2026-05-24 01:20:49,673 | [AUG ] | INFO | model_trainers.mobile_vit_trainer | Epoch [57/500] | Train Acc: 49.2% | Val Acc: 47.9% | Val Loss: 0.7081
2026-05-24 01:20:51,982 | [AUG ] | INFO | model_trainers.mobile_vit_trainer | Epoch [58/500] | Train Acc: 56.2% | Val Acc: 49.0% | Val Loss: 0.7044
2026-05-24 01:20:54,294 | [AUG ] | INFO | model_trainers.mobile_vit_trainer | Epoch [59/500] | Train Acc: 57.8% | Val Acc: 53.1% | Val Loss: 0.6956
2026-05-24 01:20:56,604 | [AUG ] | INFO | model_trainers.mobile_vit_trainer | Epoch [60/500] | Train Acc: 51.6% | Val Acc: 55.2% | Val Loss: 0.6949
2026-05-24 01:20:58,933 | [AUG ] | INFO | model_trainers.mobile_vit_trainer | Epoch [61/500] | Train Acc: 51.6% | Val Acc: 54.2% | Val Loss: 0.6979
2026-05-24 01:21:01,252 | [AUG ] | INFO | model_trainers.mobile_vit_trainer | Epoch [62/500] | Train Acc: 48.4% | Val Acc: 53.1% | Val Loss: 0.7066
2026-05-24 01:21:03,604 | [AUG ] | INFO | model_trainers.mobile_vit_trainer | Epoch [63/500] | Train Acc: 48.4% | Val Acc: 53.1% | Val Loss: 0.7149
2026-05-24 01:21:05,907 | [AUG ] | INFO | model_trainers.mobile_vit_trainer | Epoch [64/500] | Train Acc: 50.0% | Val Acc: 50.0% | Val Loss: 0.7203
2026-05-24 01:21:08,197 | [AUG ] | INFO | model_trainers.mobile_vit_trainer | Epoch [65/500] | Train Acc: 51.6% | Val Acc: 50.0% | Val Loss: 0.7163
2026-05-24 01:21:10,527 | [AUG ] | INFO | model_trainers.mobile_vit_trainer | Epoch [66/500] | Train Acc: 51.6% | Val Acc: 51.0% | Val Loss: 0.7022
2026-05-24 01:21:12,872 | [AUG ] | INFO | model_trainers.mobile_vit_trainer | Epoch [67/500] | Train Acc: 53.1% | Val Acc: 54.2% | Val Loss: 0.7022
2026-05-24 01:21:12,872 | [AUG ] | INFO | model_trainers.mobile_vit_trainer | Early stop at epoch 67 (no val-loss improvement for 40 epochs; best=0.6646)
2026-05-24 01:21:13,749 | [AUG ] | INFO | evaluators.monte_carlo_evaluator | -> Fold 03 Result | Acc=0.500 Sens=0.000 Spec=0.857 AUROC=0.257
2026-05-24 01:21:13,752 | [AUG ] | INFO | evaluators.monte_carlo_evaluator | === Fold 04/30 | train: 23 subj / 153 windows | test: 11 subj / 76 windows ===
2026-05-24 01:21:14,004 | [AUG ] | INFO | httpx | HTTP Request: HEAD https://huggingface.co/apple/mobilevit-small/resolve/main/config.json "HTTP/1.1 307 Temporary Redirect"
2026-05-24 01:21:14,021 | [AUG ] | INFO | httpx | HTTP Request: HEAD https://huggingface.co/api/resolve-cache/models/apple/mobilevit-small/6c8612545dc98676d27bc518fa521d9e9af23e34/config.json "HTTP/1.1 200 OK"
2026-05-24 01:21:14,300 | [AUG ] | INFO | httpx | HTTP Request: HEAD https://huggingface.co/apple/mobilevit-small/resolve/main/model.safetensors "HTTP/1.1 404 Not Found"
2026-05-24 01:21:14,522 | [AUG ] | INFO | httpx | HTTP Request: HEAD https://huggingface.co/apple/mobilevit-small/resolve/main/model.safetensors.index.json "HTTP/1.1 404 Not Found"
2026-05-24 01:21:14,744 | [AUG ] | INFO | httpx | HTTP Request: HEAD https://huggingface.co/apple/mobilevit-small/resolve/main/pytorch_model.bin "HTTP/1.1 302 Found"
2026-05-24 01:21:14,962 | [AUG ] | INFO | httpx | HTTP Request: HEAD https://huggingface.co/apple/mobilevit-small/resolve/main/model.safetensors "HTTP/1.1 404 Not Found"
2026-05-24 01:21:15,203 | [AUG ] | INFO | httpx | HTTP Request: GET https://huggingface.co/api/models/apple/mobilevit-small "HTTP/1.1 200 OK"
2026-05-24 01:21:15,509 | [AUG ] | INFO | httpx | HTTP Request: GET https://huggingface.co/api/models/apple/mobilevit-small/commits/main "HTTP/1.1 200 OK"
2026-05-24 01:21:15,743 | [AUG ] | INFO | httpx | HTTP Request: GET https://huggingface.co/api/models/apple/mobilevit-small/discussions?p=0 "HTTP/1.1 200 OK"
2026-05-24 01:21:15,969 | [AUG ] | INFO | httpx | HTTP Request: GET https://huggingface.co/api/models/apple/mobilevit-small/commits/refs%2Fpr%2F6 "HTTP/1.1 200 OK"
2026-05-24 01:21:16,189 | [AUG ] | INFO | httpx | HTTP Request: HEAD https://huggingface.co/apple/mobilevit-small/resolve/refs%2Fpr%2F6/model.safetensors.index.json "HTTP/1.1 404 Not Found"
2026-05-24 01:21:16,408 | [AUG ] | INFO | httpx | HTTP Request: HEAD https://huggingface.co/apple/mobilevit-small/resolve/refs%2Fpr%2F6/model.safetensors "HTTP/1.1 302 Found"
2026-05-24 01:21:18,059 | [AUG ] | INFO | model_trainers.mobile_vit_trainer | Epoch [01/500] | Train Acc: 41.4% | Val Acc: 56.6% | Val Loss: 0.6779
2026-05-24 01:21:18,153 | [AUG ] | INFO | model_trainers.mobile_vit_trainer |   ↳ new best val loss; saved checkpoint: /home/leggo/AIResearch/VOGBasedMCIDetectionSystemMobileViTSingleExperimentInference/outputs/checkpoints/run_20260524_011532_aug/fold_03_best.pth
2026-05-24 01:21:20,376 | [AUG ] | INFO | model_trainers.mobile_vit_trainer | Epoch [02/500] | Train Acc: 53.9% | Val Acc: 36.8% | Val Loss: 0.7354
2026-05-24 01:21:22,590 | [AUG ] | INFO | model_trainers.mobile_vit_trainer | Epoch [03/500] | Train Acc: 50.8% | Val Acc: 27.6% | Val Loss: 0.7324
2026-05-24 01:21:24,809 | [AUG ] | INFO | model_trainers.mobile_vit_trainer | Epoch [04/500] | Train Acc: 52.3% | Val Acc: 51.3% | Val Loss: 0.7200
2026-05-24 01:21:27,024 | [AUG ] | INFO | model_trainers.mobile_vit_trainer | Epoch [05/500] | Train Acc: 47.7% | Val Acc: 55.3% | Val Loss: 0.6940
2026-05-24 01:21:29,282 | [AUG ] | INFO | model_trainers.mobile_vit_trainer | Epoch [06/500] | Train Acc: 53.1% | Val Acc: 53.9% | Val Loss: 0.6903
2026-05-24 01:21:31,502 | [AUG ] | INFO | model_trainers.mobile_vit_trainer | Epoch [07/500] | Train Acc: 50.8% | Val Acc: 53.9% | Val Loss: 0.6959
2026-05-24 01:21:33,719 | [AUG ] | INFO | model_trainers.mobile_vit_trainer | Epoch [08/500] | Train Acc: 48.4% | Val Acc: 51.3% | Val Loss: 0.7105
2026-05-24 01:21:35,935 | [AUG ] | INFO | model_trainers.mobile_vit_trainer | Epoch [09/500] | Train Acc: 52.3% | Val Acc: 47.4% | Val Loss: 0.7158
2026-05-24 01:21:38,136 | [AUG ] | INFO | model_trainers.mobile_vit_trainer | Epoch [10/500] | Train Acc: 55.5% | Val Acc: 50.0% | Val Loss: 0.7315
2026-05-24 01:21:40,345 | [AUG ] | INFO | model_trainers.mobile_vit_trainer | Epoch [11/500] | Train Acc: 43.0% | Val Acc: 48.7% | Val Loss: 0.7371
2026-05-24 01:21:42,565 | [AUG ] | INFO | model_trainers.mobile_vit_trainer | Epoch [12/500] | Train Acc: 65.6% | Val Acc: 52.6% | Val Loss: 0.7424
2026-05-24 01:21:44,779 | [AUG ] | INFO | model_trainers.mobile_vit_trainer | Epoch [13/500] | Train Acc: 57.0% | Val Acc: 52.6% | Val Loss: 0.7458
2026-05-24 01:21:46,993 | [AUG ] | INFO | model_trainers.mobile_vit_trainer | Epoch [14/500] | Train Acc: 51.6% | Val Acc: 56.6% | Val Loss: 0.7479
2026-05-24 01:21:49,199 | [AUG ] | INFO | model_trainers.mobile_vit_trainer | Epoch [15/500] | Train Acc: 53.9% | Val Acc: 53.9% | Val Loss: 0.7482
2026-05-24 01:21:51,419 | [AUG ] | INFO | model_trainers.mobile_vit_trainer | Epoch [16/500] | Train Acc: 56.2% | Val Acc: 47.4% | Val Loss: 0.7552
2026-05-24 01:21:53,637 | [AUG ] | INFO | model_trainers.mobile_vit_trainer | Epoch [17/500] | Train Acc: 50.0% | Val Acc: 53.9% | Val Loss: 0.7527
2026-05-24 01:21:55,859 | [AUG ] | INFO | model_trainers.mobile_vit_trainer | Epoch [18/500] | Train Acc: 57.0% | Val Acc: 53.9% | Val Loss: 0.7487
2026-05-24 01:21:58,072 | [AUG ] | INFO | model_trainers.mobile_vit_trainer | Epoch [19/500] | Train Acc: 49.2% | Val Acc: 55.3% | Val Loss: 0.7408
2026-05-24 01:22:00,282 | [AUG ] | INFO | model_trainers.mobile_vit_trainer | Epoch [20/500] | Train Acc: 54.7% | Val Acc: 55.3% | Val Loss: 0.7352
2026-05-24 01:22:02,493 | [AUG ] | INFO | model_trainers.mobile_vit_trainer | Epoch [21/500] | Train Acc: 55.5% | Val Acc: 52.6% | Val Loss: 0.7399
2026-05-24 01:22:04,704 | [AUG ] | INFO | model_trainers.mobile_vit_trainer | Epoch [22/500] | Train Acc: 52.3% | Val Acc: 48.7% | Val Loss: 0.7476
2026-05-24 01:22:06,913 | [AUG ] | INFO | model_trainers.mobile_vit_trainer | Epoch [23/500] | Train Acc: 55.5% | Val Acc: 47.4% | Val Loss: 0.7535
2026-05-24 01:22:09,160 | [AUG ] | INFO | model_trainers.mobile_vit_trainer | Epoch [24/500] | Train Acc: 53.1% | Val Acc: 47.4% | Val Loss: 0.7416
2026-05-24 01:22:11,397 | [AUG ] | INFO | model_trainers.mobile_vit_trainer | Epoch [25/500] | Train Acc: 51.6% | Val Acc: 48.7% | Val Loss: 0.7563
2026-05-24 01:22:13,599 | [AUG ] | INFO | model_trainers.mobile_vit_trainer | Epoch [26/500] | Train Acc: 50.0% | Val Acc: 50.0% | Val Loss: 0.7628
2026-05-24 01:22:15,726 | [AUG ] | INFO | model_trainers.mobile_vit_trainer | Epoch [27/500] | Train Acc: 59.4% | Val Acc: 47.4% | Val Loss: 0.7623
2026-05-24 01:22:16,764 | [AUG ] | INFO | model_trainers.mobile_vit_trainer | Epoch [28/500] | Train Acc: 53.1% | Val Acc: 46.1% | Val Loss: 0.7555
2026-05-24 01:22:18,222 | [AUG ] | INFO | model_trainers.mobile_vit_trainer | Epoch [29/500] | Train Acc: 54.7% | Val Acc: 43.4% | Val Loss: 0.7417
2026-05-24 01:22:20,278 | [AUG ] | INFO | model_trainers.mobile_vit_trainer | Epoch [30/500] | Train Acc: 53.1% | Val Acc: 44.7% | Val Loss: 0.7367
2026-05-24 01:22:22,418 | [AUG ] | INFO | model_trainers.mobile_vit_trainer | Epoch [31/500] | Train Acc: 53.9% | Val Acc: 43.4% | Val Loss: 0.7367
2026-05-24 01:22:24,616 | [AUG ] | INFO | model_trainers.mobile_vit_trainer | Epoch [32/500] | Train Acc: 53.9% | Val Acc: 43.4% | Val Loss: 0.7334
2026-05-24 01:22:26,783 | [AUG ] | INFO | model_trainers.mobile_vit_trainer | Epoch [33/500] | Train Acc: 51.6% | Val Acc: 43.4% | Val Loss: 0.7296
2026-05-24 01:22:29,007 | [AUG ] | INFO | model_trainers.mobile_vit_trainer | Epoch [34/500] | Train Acc: 51.6% | Val Acc: 47.4% | Val Loss: 0.7289
2026-05-24 01:22:31,206 | [AUG ] | INFO | model_trainers.mobile_vit_trainer | Epoch [35/500] | Train Acc: 60.2% | Val Acc: 46.1% | Val Loss: 0.7314
2026-05-24 01:22:33,347 | [AUG ] | INFO | model_trainers.mobile_vit_trainer | Epoch [36/500] | Train Acc: 56.2% | Val Acc: 48.7% | Val Loss: 0.7291
2026-05-24 01:22:35,596 | [AUG ] | INFO | model_trainers.mobile_vit_trainer | Epoch [37/500] | Train Acc: 62.5% | Val Acc: 43.4% | Val Loss: 0.7288
2026-05-24 01:22:37,836 | [AUG ] | INFO | model_trainers.mobile_vit_trainer | Epoch [38/500] | Train Acc: 58.6% | Val Acc: 47.4% | Val Loss: 0.7312
2026-05-24 01:22:40,105 | [AUG ] | INFO | model_trainers.mobile_vit_trainer | Epoch [39/500] | Train Acc: 52.3% | Val Acc: 50.0% | Val Loss: 0.7342
2026-05-24 01:22:42,352 | [AUG ] | INFO | model_trainers.mobile_vit_trainer | Epoch [40/500] | Train Acc: 59.4% | Val Acc: 46.1% | Val Loss: 0.7377
2026-05-24 01:22:44,584 | [AUG ] | INFO | model_trainers.mobile_vit_trainer | Epoch [41/500] | Train Acc: 50.8% | Val Acc: 44.7% | Val Loss: 0.7360
2026-05-24 01:22:44,585 | [AUG ] | INFO | model_trainers.mobile_vit_trainer | Early stop at epoch 41 (no val-loss improvement for 40 epochs; best=0.6779)
2026-05-24 01:22:45,306 | [AUG ] | INFO | evaluators.monte_carlo_evaluator | -> Fold 04 Result | Acc=0.600 Sens=0.714 Spec=0.333 AUROC=0.333
2026-05-24 01:22:45,307 | [AUG ] | INFO | evaluators.monte_carlo_evaluator | === Fold 05/30 | train: 23 subj / 140 windows | test: 11 subj / 89 windows ===
2026-05-24 01:22:45,548 | [AUG ] | INFO | httpx | HTTP Request: HEAD https://huggingface.co/apple/mobilevit-small/resolve/main/config.json "HTTP/1.1 307 Temporary Redirect"
2026-05-24 01:22:45,566 | [AUG ] | INFO | httpx | HTTP Request: HEAD https://huggingface.co/api/resolve-cache/models/apple/mobilevit-small/6c8612545dc98676d27bc518fa521d9e9af23e34/config.json "HTTP/1.1 200 OK"
2026-05-24 01:22:45,825 | [AUG ] | INFO | httpx | HTTP Request: HEAD https://huggingface.co/apple/mobilevit-small/resolve/main/model.safetensors "HTTP/1.1 404 Not Found"
2026-05-24 01:22:46,042 | [AUG ] | INFO | httpx | HTTP Request: HEAD https://huggingface.co/apple/mobilevit-small/resolve/main/model.safetensors.index.json "HTTP/1.1 404 Not Found"
2026-05-24 01:22:46,255 | [AUG ] | INFO | httpx | HTTP Request: HEAD https://huggingface.co/apple/mobilevit-small/resolve/main/pytorch_model.bin "HTTP/1.1 302 Found"
2026-05-24 01:22:46,474 | [AUG ] | INFO | httpx | HTTP Request: HEAD https://huggingface.co/apple/mobilevit-small/resolve/main/model.safetensors "HTTP/1.1 404 Not Found"
2026-05-24 01:22:46,708 | [AUG ] | INFO | httpx | HTTP Request: GET https://huggingface.co/api/models/apple/mobilevit-small "HTTP/1.1 200 OK"
2026-05-24 01:22:46,948 | [AUG ] | INFO | httpx | HTTP Request: GET https://huggingface.co/api/models/apple/mobilevit-small/commits/main "HTTP/1.1 200 OK"
2026-05-24 01:22:47,212 | [AUG ] | INFO | httpx | HTTP Request: GET https://huggingface.co/api/models/apple/mobilevit-small/discussions?p=0 "HTTP/1.1 200 OK"
2026-05-24 01:22:47,446 | [AUG ] | INFO | httpx | HTTP Request: GET https://huggingface.co/api/models/apple/mobilevit-small/commits/refs%2Fpr%2F6 "HTTP/1.1 200 OK"
2026-05-24 01:22:47,662 | [AUG ] | INFO | httpx | HTTP Request: HEAD https://huggingface.co/apple/mobilevit-small/resolve/refs%2Fpr%2F6/model.safetensors.index.json "HTTP/1.1 404 Not Found"
2026-05-24 01:22:47,880 | [AUG ] | INFO | httpx | HTTP Request: HEAD https://huggingface.co/apple/mobilevit-small/resolve/refs%2Fpr%2F6/model.safetensors "HTTP/1.1 302 Found"
2026-05-24 01:22:49,406 | [AUG ] | INFO | model_trainers.mobile_vit_trainer | Epoch [01/500] | Train Acc: 46.9% | Val Acc: 50.6% | Val Loss: 0.7391
2026-05-24 01:22:49,506 | [AUG ] | INFO | model_trainers.mobile_vit_trainer |   ↳ new best val loss; saved checkpoint: /home/leggo/AIResearch/VOGBasedMCIDetectionSystemMobileViTSingleExperimentInference/outputs/checkpoints/run_20260524_011532_aug/fold_04_best.pth
2026-05-24 01:22:51,626 | [AUG ] | INFO | model_trainers.mobile_vit_trainer | Epoch [02/500] | Train Acc: 60.9% | Val Acc: 50.6% | Val Loss: 0.7373
2026-05-24 01:22:51,741 | [AUG ] | INFO | model_trainers.mobile_vit_trainer |   ↳ new best val loss; saved checkpoint: /home/leggo/AIResearch/VOGBasedMCIDetectionSystemMobileViTSingleExperimentInference/outputs/checkpoints/run_20260524_011532_aug/fold_04_best.pth
2026-05-24 01:22:54,038 | [AUG ] | INFO | model_trainers.mobile_vit_trainer | Epoch [03/500] | Train Acc: 56.2% | Val Acc: 51.7% | Val Loss: 0.7309
2026-05-24 01:22:54,192 | [AUG ] | INFO | model_trainers.mobile_vit_trainer |   ↳ new best val loss; saved checkpoint: /home/leggo/AIResearch/VOGBasedMCIDetectionSystemMobileViTSingleExperimentInference/outputs/checkpoints/run_20260524_011532_aug/fold_04_best.pth
2026-05-24 01:22:56,450 | [AUG ] | INFO | model_trainers.mobile_vit_trainer | Epoch [04/500] | Train Acc: 43.0% | Val Acc: 51.7% | Val Loss: 0.7348
2026-05-24 01:22:58,747 | [AUG ] | INFO | model_trainers.mobile_vit_trainer | Epoch [05/500] | Train Acc: 45.3% | Val Acc: 49.4% | Val Loss: 0.7231
2026-05-24 01:22:58,894 | [AUG ] | INFO | model_trainers.mobile_vit_trainer |   ↳ new best val loss; saved checkpoint: /home/leggo/AIResearch/VOGBasedMCIDetectionSystemMobileViTSingleExperimentInference/outputs/checkpoints/run_20260524_011532_aug/fold_04_best.pth
2026-05-24 01:23:01,163 | [AUG ] | INFO | model_trainers.mobile_vit_trainer | Epoch [06/500] | Train Acc: 47.7% | Val Acc: 51.7% | Val Loss: 0.7136
2026-05-24 01:23:01,308 | [AUG ] | INFO | model_trainers.mobile_vit_trainer |   ↳ new best val loss; saved checkpoint: /home/leggo/AIResearch/VOGBasedMCIDetectionSystemMobileViTSingleExperimentInference/outputs/checkpoints/run_20260524_011532_aug/fold_04_best.pth
2026-05-24 01:23:03,567 | [AUG ] | INFO | model_trainers.mobile_vit_trainer | Epoch [07/500] | Train Acc: 44.5% | Val Acc: 52.8% | Val Loss: 0.7188
2026-05-24 01:23:05,836 | [AUG ] | INFO | model_trainers.mobile_vit_trainer | Epoch [08/500] | Train Acc: 45.3% | Val Acc: 47.2% | Val Loss: 0.7216
2026-05-24 01:23:08,112 | [AUG ] | INFO | model_trainers.mobile_vit_trainer | Epoch [09/500] | Train Acc: 51.6% | Val Acc: 43.8% | Val Loss: 0.7253
2026-05-24 01:23:10,418 | [AUG ] | INFO | model_trainers.mobile_vit_trainer | Epoch [10/500] | Train Acc: 45.3% | Val Acc: 44.9% | Val Loss: 0.7244
2026-05-24 01:23:12,725 | [AUG ] | INFO | model_trainers.mobile_vit_trainer | Epoch [11/500] | Train Acc: 53.9% | Val Acc: 47.2% | Val Loss: 0.7292
2026-05-24 01:23:14,989 | [AUG ] | INFO | model_trainers.mobile_vit_trainer | Epoch [12/500] | Train Acc: 59.4% | Val Acc: 44.9% | Val Loss: 0.7298
2026-05-24 01:23:17,266 | [AUG ] | INFO | model_trainers.mobile_vit_trainer | Epoch [13/500] | Train Acc: 50.0% | Val Acc: 42.7% | Val Loss: 0.7299
2026-05-24 01:23:19,538 | [AUG ] | INFO | model_trainers.mobile_vit_trainer | Epoch [14/500] | Train Acc: 56.2% | Val Acc: 41.6% | Val Loss: 0.7288
2026-05-24 01:23:21,825 | [AUG ] | INFO | model_trainers.mobile_vit_trainer | Epoch [15/500] | Train Acc: 62.5% | Val Acc: 44.9% | Val Loss: 0.7256
2026-05-24 01:23:24,119 | [AUG ] | INFO | model_trainers.mobile_vit_trainer | Epoch [16/500] | Train Acc: 48.4% | Val Acc: 46.1% | Val Loss: 0.7202
2026-05-24 01:23:26,219 | [AUG ] | INFO | model_trainers.mobile_vit_trainer | Epoch [17/500] | Train Acc: 53.9% | Val Acc: 51.7% | Val Loss: 0.7160
2026-05-24 01:23:28,481 | [AUG ] | INFO | model_trainers.mobile_vit_trainer | Epoch [18/500] | Train Acc: 50.0% | Val Acc: 53.9% | Val Loss: 0.7197
2026-05-24 01:23:30,776 | [AUG ] | INFO | model_trainers.mobile_vit_trainer | Epoch [19/500] | Train Acc: 58.6% | Val Acc: 49.4% | Val Loss: 0.7228
2026-05-24 01:23:33,066 | [AUG ] | INFO | model_trainers.mobile_vit_trainer | Epoch [20/500] | Train Acc: 50.8% | Val Acc: 49.4% | Val Loss: 0.7194
2026-05-24 01:23:35,364 | [AUG ] | INFO | model_trainers.mobile_vit_trainer | Epoch [21/500] | Train Acc: 59.4% | Val Acc: 49.4% | Val Loss: 0.7177
2026-05-24 01:23:37,643 | [AUG ] | INFO | model_trainers.mobile_vit_trainer | Epoch [22/500] | Train Acc: 48.4% | Val Acc: 48.3% | Val Loss: 0.7227
2026-05-24 01:23:39,891 | [AUG ] | INFO | model_trainers.mobile_vit_trainer | Epoch [23/500] | Train Acc: 46.1% | Val Acc: 43.8% | Val Loss: 0.7260
2026-05-24 01:23:42,122 | [AUG ] | INFO | model_trainers.mobile_vit_trainer | Epoch [24/500] | Train Acc: 55.5% | Val Acc: 46.1% | Val Loss: 0.7209
2026-05-24 01:23:44,391 | [AUG ] | INFO | model_trainers.mobile_vit_trainer | Epoch [25/500] | Train Acc: 49.2% | Val Acc: 53.9% | Val Loss: 0.7142
2026-05-24 01:23:46,665 | [AUG ] | INFO | model_trainers.mobile_vit_trainer | Epoch [26/500] | Train Acc: 55.5% | Val Acc: 49.4% | Val Loss: 0.7129
2026-05-24 01:23:46,815 | [AUG ] | INFO | model_trainers.mobile_vit_trainer |   ↳ new best val loss; saved checkpoint: /home/leggo/AIResearch/VOGBasedMCIDetectionSystemMobileViTSingleExperimentInference/outputs/checkpoints/run_20260524_011532_aug/fold_04_best.pth
2026-05-24 01:23:49,082 | [AUG ] | INFO | model_trainers.mobile_vit_trainer | Epoch [27/500] | Train Acc: 44.5% | Val Acc: 51.7% | Val Loss: 0.7102
2026-05-24 01:23:49,232 | [AUG ] | INFO | model_trainers.mobile_vit_trainer |   ↳ new best val loss; saved checkpoint: /home/leggo/AIResearch/VOGBasedMCIDetectionSystemMobileViTSingleExperimentInference/outputs/checkpoints/run_20260524_011532_aug/fold_04_best.pth
2026-05-24 01:23:51,494 | [AUG ] | INFO | model_trainers.mobile_vit_trainer | Epoch [28/500] | Train Acc: 53.1% | Val Acc: 50.6% | Val Loss: 0.7104
2026-05-24 01:23:53,773 | [AUG ] | INFO | model_trainers.mobile_vit_trainer | Epoch [29/500] | Train Acc: 55.5% | Val Acc: 48.3% | Val Loss: 0.7169
2026-05-24 01:23:56,062 | [AUG ] | INFO | model_trainers.mobile_vit_trainer | Epoch [30/500] | Train Acc: 51.6% | Val Acc: 44.9% | Val Loss: 0.7151
2026-05-24 01:23:58,362 | [AUG ] | INFO | model_trainers.mobile_vit_trainer | Epoch [31/500] | Train Acc: 57.0% | Val Acc: 49.4% | Val Loss: 0.7100
2026-05-24 01:23:58,504 | [AUG ] | INFO | model_trainers.mobile_vit_trainer |   ↳ new best val loss; saved checkpoint: /home/leggo/AIResearch/VOGBasedMCIDetectionSystemMobileViTSingleExperimentInference/outputs/checkpoints/run_20260524_011532_aug/fold_04_best.pth
2026-05-24 01:24:00,756 | [AUG ] | INFO | model_trainers.mobile_vit_trainer | Epoch [32/500] | Train Acc: 55.5% | Val Acc: 51.7% | Val Loss: 0.7112
2026-05-24 01:24:03,056 | [AUG ] | INFO | model_trainers.mobile_vit_trainer | Epoch [33/500] | Train Acc: 50.0% | Val Acc: 52.8% | Val Loss: 0.7113
2026-05-24 01:24:05,333 | [AUG ] | INFO | model_trainers.mobile_vit_trainer | Epoch [34/500] | Train Acc: 58.6% | Val Acc: 51.7% | Val Loss: 0.7163
2026-05-24 01:24:07,629 | [AUG ] | INFO | model_trainers.mobile_vit_trainer | Epoch [35/500] | Train Acc: 51.6% | Val Acc: 47.2% | Val Loss: 0.7216
2026-05-24 01:24:09,905 | [AUG ] | INFO | model_trainers.mobile_vit_trainer | Epoch [36/500] | Train Acc: 51.6% | Val Acc: 47.2% | Val Loss: 0.7210
2026-05-24 01:24:12,183 | [AUG ] | INFO | model_trainers.mobile_vit_trainer | Epoch [37/500] | Train Acc: 45.3% | Val Acc: 42.7% | Val Loss: 0.7183
2026-05-24 01:24:14,471 | [AUG ] | INFO | model_trainers.mobile_vit_trainer | Epoch [38/500] | Train Acc: 50.8% | Val Acc: 42.7% | Val Loss: 0.7197
2026-05-24 01:24:16,770 | [AUG ] | INFO | model_trainers.mobile_vit_trainer | Epoch [39/500] | Train Acc: 48.4% | Val Acc: 47.2% | Val Loss: 0.7228
2026-05-24 01:24:19,064 | [AUG ] | INFO | model_trainers.mobile_vit_trainer | Epoch [40/500] | Train Acc: 50.8% | Val Acc: 50.6% | Val Loss: 0.7193
2026-05-24 01:24:21,336 | [AUG ] | INFO | model_trainers.mobile_vit_trainer | Epoch [41/500] | Train Acc: 55.5% | Val Acc: 49.4% | Val Loss: 0.7143
2026-05-24 01:24:23,579 | [AUG ] | INFO | model_trainers.mobile_vit_trainer | Epoch [42/500] | Train Acc: 40.6% | Val Acc: 49.4% | Val Loss: 0.7179
2026-05-24 01:24:25,828 | [AUG ] | INFO | model_trainers.mobile_vit_trainer | Epoch [43/500] | Train Acc: 51.6% | Val Acc: 49.4% | Val Loss: 0.7116
2026-05-24 01:24:28,102 | [AUG ] | INFO | model_trainers.mobile_vit_trainer | Epoch [44/500] | Train Acc: 48.4% | Val Acc: 56.2% | Val Loss: 0.7075
2026-05-24 01:24:28,259 | [AUG ] | INFO | model_trainers.mobile_vit_trainer |   ↳ new best val loss; saved checkpoint: /home/leggo/AIResearch/VOGBasedMCIDetectionSystemMobileViTSingleExperimentInference/outputs/checkpoints/run_20260524_011532_aug/fold_04_best.pth
2026-05-24 01:24:30,522 | [AUG ] | INFO | model_trainers.mobile_vit_trainer | Epoch [45/500] | Train Acc: 52.3% | Val Acc: 56.2% | Val Loss: 0.7093
2026-05-24 01:24:32,802 | [AUG ] | INFO | model_trainers.mobile_vit_trainer | Epoch [46/500] | Train Acc: 54.7% | Val Acc: 48.3% | Val Loss: 0.7080
2026-05-24 01:24:35,085 | [AUG ] | INFO | model_trainers.mobile_vit_trainer | Epoch [47/500] | Train Acc: 48.4% | Val Acc: 47.2% | Val Loss: 0.7057
2026-05-24 01:24:35,229 | [AUG ] | INFO | model_trainers.mobile_vit_trainer |   ↳ new best val loss; saved checkpoint: /home/leggo/AIResearch/VOGBasedMCIDetectionSystemMobileViTSingleExperimentInference/outputs/checkpoints/run_20260524_011532_aug/fold_04_best.pth
2026-05-24 01:24:37,497 | [AUG ] | INFO | model_trainers.mobile_vit_trainer | Epoch [48/500] | Train Acc: 56.2% | Val Acc: 52.8% | Val Loss: 0.6992
2026-05-24 01:24:37,639 | [AUG ] | INFO | model_trainers.mobile_vit_trainer |   ↳ new best val loss; saved checkpoint: /home/leggo/AIResearch/VOGBasedMCIDetectionSystemMobileViTSingleExperimentInference/outputs/checkpoints/run_20260524_011532_aug/fold_04_best.pth
2026-05-24 01:24:39,919 | [AUG ] | INFO | model_trainers.mobile_vit_trainer | Epoch [49/500] | Train Acc: 56.2% | Val Acc: 49.4% | Val Loss: 0.7008
2026-05-24 01:24:42,186 | [AUG ] | INFO | model_trainers.mobile_vit_trainer | Epoch [50/500] | Train Acc: 52.3% | Val Acc: 48.3% | Val Loss: 0.7003
2026-05-24 01:24:44,452 | [AUG ] | INFO | model_trainers.mobile_vit_trainer | Epoch [51/500] | Train Acc: 50.0% | Val Acc: 47.2% | Val Loss: 0.7028
2026-05-24 01:24:46,702 | [AUG ] | INFO | model_trainers.mobile_vit_trainer | Epoch [52/500] | Train Acc: 52.3% | Val Acc: 47.2% | Val Loss: 0.7024
2026-05-24 01:24:48,950 | [AUG ] | INFO | model_trainers.mobile_vit_trainer | Epoch [53/500] | Train Acc: 55.5% | Val Acc: 44.9% | Val Loss: 0.7020
2026-05-24 01:24:51,207 | [AUG ] | INFO | model_trainers.mobile_vit_trainer | Epoch [54/500] | Train Acc: 53.9% | Val Acc: 50.6% | Val Loss: 0.6978
2026-05-24 01:24:51,356 | [AUG ] | INFO | model_trainers.mobile_vit_trainer |   ↳ new best val loss; saved checkpoint: /home/leggo/AIResearch/VOGBasedMCIDetectionSystemMobileViTSingleExperimentInference/outputs/checkpoints/run_20260524_011532_aug/fold_04_best.pth
2026-05-24 01:24:53,060 | [AUG ] | INFO | model_trainers.mobile_vit_trainer | Epoch [55/500] | Train Acc: 59.4% | Val Acc: 53.9% | Val Loss: 0.6996
2026-05-24 01:24:54,123 | [AUG ] | INFO | model_trainers.mobile_vit_trainer | Epoch [56/500] | Train Acc: 52.3% | Val Acc: 47.2% | Val Loss: 0.7025
2026-05-24 01:24:55,745 | [AUG ] | INFO | model_trainers.mobile_vit_trainer | Epoch [57/500] | Train Acc: 48.4% | Val Acc: 49.4% | Val Loss: 0.6945
2026-05-24 01:24:55,885 | [AUG ] | INFO | model_trainers.mobile_vit_trainer |   ↳ new best val loss; saved checkpoint: /home/leggo/AIResearch/VOGBasedMCIDetectionSystemMobileViTSingleExperimentInference/outputs/checkpoints/run_20260524_011532_aug/fold_04_best.pth
2026-05-24 01:24:58,001 | [AUG ] | INFO | model_trainers.mobile_vit_trainer | Epoch [58/500] | Train Acc: 52.3% | Val Acc: 50.6% | Val Loss: 0.6876
2026-05-24 01:24:58,151 | [AUG ] | INFO | model_trainers.mobile_vit_trainer |   ↳ new best val loss; saved checkpoint: /home/leggo/AIResearch/VOGBasedMCIDetectionSystemMobileViTSingleExperimentInference/outputs/checkpoints/run_20260524_011532_aug/fold_04_best.pth
2026-05-24 01:25:00,440 | [AUG ] | INFO | model_trainers.mobile_vit_trainer | Epoch [59/500] | Train Acc: 46.1% | Val Acc: 51.7% | Val Loss: 0.6924
2026-05-24 01:25:02,732 | [AUG ] | INFO | model_trainers.mobile_vit_trainer | Epoch [60/500] | Train Acc: 53.9% | Val Acc: 51.7% | Val Loss: 0.6852
2026-05-24 01:25:02,876 | [AUG ] | INFO | model_trainers.mobile_vit_trainer |   ↳ new best val loss; saved checkpoint: /home/leggo/AIResearch/VOGBasedMCIDetectionSystemMobileViTSingleExperimentInference/outputs/checkpoints/run_20260524_011532_aug/fold_04_best.pth
2026-05-24 01:25:05,180 | [AUG ] | INFO | model_trainers.mobile_vit_trainer | Epoch [61/500] | Train Acc: 50.0% | Val Acc: 53.9% | Val Loss: 0.6839
2026-05-24 01:25:05,328 | [AUG ] | INFO | model_trainers.mobile_vit_trainer |   ↳ new best val loss; saved checkpoint: /home/leggo/AIResearch/VOGBasedMCIDetectionSystemMobileViTSingleExperimentInference/outputs/checkpoints/run_20260524_011532_aug/fold_04_best.pth
2026-05-24 01:25:07,638 | [AUG ] | INFO | model_trainers.mobile_vit_trainer | Epoch [62/500] | Train Acc: 51.6% | Val Acc: 51.7% | Val Loss: 0.6864
2026-05-24 01:25:09,907 | [AUG ] | INFO | model_trainers.mobile_vit_trainer | Epoch [63/500] | Train Acc: 57.0% | Val Acc: 48.3% | Val Loss: 0.6963
2026-05-24 01:25:12,088 | [AUG ] | INFO | model_trainers.mobile_vit_trainer | Epoch [64/500] | Train Acc: 52.3% | Val Acc: 49.4% | Val Loss: 0.7015
2026-05-24 01:25:14,212 | [AUG ] | INFO | model_trainers.mobile_vit_trainer | Epoch [65/500] | Train Acc: 60.9% | Val Acc: 50.6% | Val Loss: 0.7083
2026-05-24 01:25:16,488 | [AUG ] | INFO | model_trainers.mobile_vit_trainer | Epoch [66/500] | Train Acc: 53.9% | Val Acc: 49.4% | Val Loss: 0.7088
2026-05-24 01:25:18,752 | [AUG ] | INFO | model_trainers.mobile_vit_trainer | Epoch [67/500] | Train Acc: 50.0% | Val Acc: 47.2% | Val Loss: 0.7133
2026-05-24 01:25:21,034 | [AUG ] | INFO | model_trainers.mobile_vit_trainer | Epoch [68/500] | Train Acc: 51.6% | Val Acc: 51.7% | Val Loss: 0.7105
2026-05-24 01:25:23,157 | [AUG ] | INFO | model_trainers.mobile_vit_trainer | Epoch [69/500] | Train Acc: 53.9% | Val Acc: 52.8% | Val Loss: 0.7028
2026-05-24 01:25:25,292 | [AUG ] | INFO | model_trainers.mobile_vit_trainer | Epoch [70/500] | Train Acc: 46.9% | Val Acc: 52.8% | Val Loss: 0.6945
2026-05-24 01:25:27,587 | [AUG ] | INFO | model_trainers.mobile_vit_trainer | Epoch [71/500] | Train Acc: 56.2% | Val Acc: 51.7% | Val Loss: 0.7006
2026-05-24 01:25:29,892 | [AUG ] | INFO | model_trainers.mobile_vit_trainer | Epoch [72/500] | Train Acc: 53.9% | Val Acc: 53.9% | Val Loss: 0.7017
2026-05-24 01:25:32,169 | [AUG ] | INFO | model_trainers.mobile_vit_trainer | Epoch [73/500] | Train Acc: 53.9% | Val Acc: 50.6% | Val Loss: 0.7085
2026-05-24 01:25:34,435 | [AUG ] | INFO | model_trainers.mobile_vit_trainer | Epoch [74/500] | Train Acc: 57.0% | Val Acc: 50.6% | Val Loss: 0.7088
2026-05-24 01:25:36,705 | [AUG ] | INFO | model_trainers.mobile_vit_trainer | Epoch [75/500] | Train Acc: 51.6% | Val Acc: 53.9% | Val Loss: 0.7106
2026-05-24 01:25:38,992 | [AUG ] | INFO | model_trainers.mobile_vit_trainer | Epoch [76/500] | Train Acc: 58.6% | Val Acc: 51.7% | Val Loss: 0.7130
2026-05-24 01:25:41,289 | [AUG ] | INFO | model_trainers.mobile_vit_trainer | Epoch [77/500] | Train Acc: 60.9% | Val Acc: 50.6% | Val Loss: 0.7141
2026-05-24 01:25:43,581 | [AUG ] | INFO | model_trainers.mobile_vit_trainer | Epoch [78/500] | Train Acc: 52.3% | Val Acc: 47.2% | Val Loss: 0.7282
2026-05-24 01:25:45,857 | [AUG ] | INFO | model_trainers.mobile_vit_trainer | Epoch [79/500] | Train Acc: 64.1% | Val Acc: 47.2% | Val Loss: 0.7225
2026-05-24 01:25:48,107 | [AUG ] | INFO | model_trainers.mobile_vit_trainer | Epoch [80/500] | Train Acc: 53.9% | Val Acc: 42.7% | Val Loss: 0.7307
2026-05-24 01:25:50,360 | [AUG ] | INFO | model_trainers.mobile_vit_trainer | Epoch [81/500] | Train Acc: 50.0% | Val Acc: 41.6% | Val Loss: 0.7263
2026-05-24 01:25:52,655 | [AUG ] | INFO | model_trainers.mobile_vit_trainer | Epoch [82/500] | Train Acc: 57.0% | Val Acc: 44.9% | Val Loss: 0.7247
2026-05-24 01:25:54,958 | [AUG ] | INFO | model_trainers.mobile_vit_trainer | Epoch [83/500] | Train Acc: 48.4% | Val Acc: 42.7% | Val Loss: 0.7242
2026-05-24 01:25:57,274 | [AUG ] | INFO | model_trainers.mobile_vit_trainer | Epoch [84/500] | Train Acc: 57.0% | Val Acc: 43.8% | Val Loss: 0.7270
2026-05-24 01:25:59,549 | [AUG ] | INFO | model_trainers.mobile_vit_trainer | Epoch [85/500] | Train Acc: 50.8% | Val Acc: 42.7% | Val Loss: 0.7298
2026-05-24 01:26:01,797 | [AUG ] | INFO | model_trainers.mobile_vit_trainer | Epoch [86/500] | Train Acc: 57.8% | Val Acc: 38.2% | Val Loss: 0.7380
2026-05-24 01:26:04,046 | [AUG ] | INFO | model_trainers.mobile_vit_trainer | Epoch [87/500] | Train Acc: 52.3% | Val Acc: 41.6% | Val Loss: 0.7352
2026-05-24 01:26:06,321 | [AUG ] | INFO | model_trainers.mobile_vit_trainer | Epoch [88/500] | Train Acc: 57.0% | Val Acc: 42.7% | Val Loss: 0.7274
2026-05-24 01:26:08,624 | [AUG ] | INFO | model_trainers.mobile_vit_trainer | Epoch [89/500] | Train Acc: 50.0% | Val Acc: 41.6% | Val Loss: 0.7204
2026-05-24 01:26:10,900 | [AUG ] | INFO | model_trainers.mobile_vit_trainer | Epoch [90/500] | Train Acc: 54.7% | Val Acc: 46.1% | Val Loss: 0.7124
2026-05-24 01:26:13,192 | [AUG ] | INFO | model_trainers.mobile_vit_trainer | Epoch [91/500] | Train Acc: 57.8% | Val Acc: 48.3% | Val Loss: 0.7116
2026-05-24 01:26:15,464 | [AUG ] | INFO | model_trainers.mobile_vit_trainer | Epoch [92/500] | Train Acc: 56.2% | Val Acc: 47.2% | Val Loss: 0.7096
2026-05-24 01:26:17,741 | [AUG ] | INFO | model_trainers.mobile_vit_trainer | Epoch [93/500] | Train Acc: 60.9% | Val Acc: 47.2% | Val Loss: 0.7080
2026-05-24 01:26:20,016 | [AUG ] | INFO | model_trainers.mobile_vit_trainer | Epoch [94/500] | Train Acc: 58.6% | Val Acc: 46.1% | Val Loss: 0.7050
2026-05-24 01:26:22,315 | [AUG ] | INFO | model_trainers.mobile_vit_trainer | Epoch [95/500] | Train Acc: 58.6% | Val Acc: 48.3% | Val Loss: 0.6997
2026-05-24 01:26:24,625 | [AUG ] | INFO | model_trainers.mobile_vit_trainer | Epoch [96/500] | Train Acc: 56.2% | Val Acc: 50.6% | Val Loss: 0.6997
2026-05-24 01:26:26,957 | [AUG ] | INFO | model_trainers.mobile_vit_trainer | Epoch [97/500] | Train Acc: 60.9% | Val Acc: 48.3% | Val Loss: 0.7045
2026-05-24 01:26:29,301 | [AUG ] | INFO | model_trainers.mobile_vit_trainer | Epoch [98/500] | Train Acc: 48.4% | Val Acc: 46.1% | Val Loss: 0.7132
2026-05-24 01:26:31,576 | [AUG ] | INFO | model_trainers.mobile_vit_trainer | Epoch [99/500] | Train Acc: 55.5% | Val Acc: 44.9% | Val Loss: 0.7173
2026-05-24 01:26:33,886 | [AUG ] | INFO | model_trainers.mobile_vit_trainer | Epoch [100/500] | Train Acc: 57.0% | Val Acc: 40.4% | Val Loss: 0.7256
2026-05-24 01:26:36,224 | [AUG ] | INFO | model_trainers.mobile_vit_trainer | Epoch [101/500] | Train Acc: 52.3% | Val Acc: 41.6% | Val Loss: 0.7265
2026-05-24 01:26:36,224 | [AUG ] | INFO | model_trainers.mobile_vit_trainer | Early stop at epoch 101 (no val-loss improvement for 40 epochs; best=0.6839)
2026-05-24 01:26:37,038 | [AUG ] | INFO | evaluators.monte_carlo_evaluator | -> Fold 05 Result | Acc=0.417 Sens=0.375 Spec=0.500 AUROC=0.531
2026-05-24 01:26:37,039 | [AUG ] | INFO | evaluators.monte_carlo_evaluator | === Fold 06/30 | train: 23 subj / 164 windows | test: 11 subj / 65 windows ===
2026-05-24 01:26:37,291 | [AUG ] | INFO | httpx | HTTP Request: HEAD https://huggingface.co/apple/mobilevit-small/resolve/main/config.json "HTTP/1.1 307 Temporary Redirect"
2026-05-24 01:26:37,310 | [AUG ] | INFO | httpx | HTTP Request: HEAD https://huggingface.co/api/resolve-cache/models/apple/mobilevit-small/6c8612545dc98676d27bc518fa521d9e9af23e34/config.json "HTTP/1.1 200 OK"
2026-05-24 01:26:37,591 | [AUG ] | INFO | httpx | HTTP Request: HEAD https://huggingface.co/apple/mobilevit-small/resolve/main/model.safetensors "HTTP/1.1 404 Not Found"
2026-05-24 01:26:37,808 | [AUG ] | INFO | httpx | HTTP Request: HEAD https://huggingface.co/apple/mobilevit-small/resolve/main/model.safetensors.index.json "HTTP/1.1 404 Not Found"
2026-05-24 01:26:38,030 | [AUG ] | INFO | httpx | HTTP Request: HEAD https://huggingface.co/apple/mobilevit-small/resolve/main/pytorch_model.bin "HTTP/1.1 302 Found"
2026-05-24 01:26:38,246 | [AUG ] | INFO | httpx | HTTP Request: HEAD https://huggingface.co/apple/mobilevit-small/resolve/main/model.safetensors "HTTP/1.1 404 Not Found"
2026-05-24 01:26:38,479 | [AUG ] | INFO | httpx | HTTP Request: GET https://huggingface.co/api/models/apple/mobilevit-small "HTTP/1.1 200 OK"
2026-05-24 01:26:38,748 | [AUG ] | INFO | httpx | HTTP Request: GET https://huggingface.co/api/models/apple/mobilevit-small/commits/main "HTTP/1.1 200 OK"
2026-05-24 01:26:38,984 | [AUG ] | INFO | httpx | HTTP Request: GET https://huggingface.co/api/models/apple/mobilevit-small/discussions?p=0 "HTTP/1.1 200 OK"
2026-05-24 01:26:39,220 | [AUG ] | INFO | httpx | HTTP Request: GET https://huggingface.co/api/models/apple/mobilevit-small/commits/refs%2Fpr%2F6 "HTTP/1.1 200 OK"
2026-05-24 01:26:39,433 | [AUG ] | INFO | httpx | HTTP Request: HEAD https://huggingface.co/apple/mobilevit-small/resolve/refs%2Fpr%2F6/model.safetensors.index.json "HTTP/1.1 404 Not Found"
2026-05-24 01:26:39,659 | [AUG ] | INFO | httpx | HTTP Request: HEAD https://huggingface.co/apple/mobilevit-small/resolve/refs%2Fpr%2F6/model.safetensors "HTTP/1.1 302 Found"
2026-05-24 01:26:41,883 | [AUG ] | INFO | model_trainers.mobile_vit_trainer | Epoch [01/500] | Train Acc: 52.5% | Val Acc: 43.1% | Val Loss: 0.8241
2026-05-24 01:26:41,979 | [AUG ] | INFO | model_trainers.mobile_vit_trainer |   ↳ new best val loss; saved checkpoint: /home/leggo/AIResearch/VOGBasedMCIDetectionSystemMobileViTSingleExperimentInference/outputs/checkpoints/run_20260524_011532_aug/fold_05_best.pth
2026-05-24 01:26:44,663 | [AUG ] | INFO | model_trainers.mobile_vit_trainer | Epoch [02/500] | Train Acc: 44.4% | Val Acc: 47.7% | Val Loss: 0.7256
2026-05-24 01:26:44,810 | [AUG ] | INFO | model_trainers.mobile_vit_trainer |   ↳ new best val loss; saved checkpoint: /home/leggo/AIResearch/VOGBasedMCIDetectionSystemMobileViTSingleExperimentInference/outputs/checkpoints/run_20260524_011532_aug/fold_05_best.pth
2026-05-24 01:26:47,489 | [AUG ] | INFO | model_trainers.mobile_vit_trainer | Epoch [03/500] | Train Acc: 46.2% | Val Acc: 41.5% | Val Loss: 0.7310
2026-05-24 01:26:50,170 | [AUG ] | INFO | model_trainers.mobile_vit_trainer | Epoch [04/500] | Train Acc: 51.9% | Val Acc: 40.0% | Val Loss: 0.7530
2026-05-24 01:26:51,546 | [AUG ] | INFO | model_trainers.mobile_vit_trainer | Epoch [05/500] | Train Acc: 47.5% | Val Acc: 40.0% | Val Loss: 0.7610
2026-05-24 01:26:52,969 | [AUG ] | INFO | model_trainers.mobile_vit_trainer | Epoch [06/500] | Train Acc: 51.9% | Val Acc: 40.0% | Val Loss: 0.7529
2026-05-24 01:26:55,463 | [AUG ] | INFO | model_trainers.mobile_vit_trainer | Epoch [07/500] | Train Acc: 47.5% | Val Acc: 40.0% | Val Loss: 0.7516
2026-05-24 01:26:58,109 | [AUG ] | INFO | model_trainers.mobile_vit_trainer | Epoch [08/500] | Train Acc: 49.4% | Val Acc: 38.5% | Val Loss: 0.7399
2026-05-24 01:27:00,805 | [AUG ] | INFO | model_trainers.mobile_vit_trainer | Epoch [09/500] | Train Acc: 51.9% | Val Acc: 40.0% | Val Loss: 0.7331
2026-05-24 01:27:03,449 | [AUG ] | INFO | model_trainers.mobile_vit_trainer | Epoch [10/500] | Train Acc: 48.8% | Val Acc: 36.9% | Val Loss: 0.7486
2026-05-24 01:27:06,071 | [AUG ] | INFO | model_trainers.mobile_vit_trainer | Epoch [11/500] | Train Acc: 54.4% | Val Acc: 44.6% | Val Loss: 0.7527
2026-05-24 01:27:08,672 | [AUG ] | INFO | model_trainers.mobile_vit_trainer | Epoch [12/500] | Train Acc: 46.2% | Val Acc: 41.5% | Val Loss: 0.7648
2026-05-24 01:27:11,237 | [AUG ] | INFO | model_trainers.mobile_vit_trainer | Epoch [13/500] | Train Acc: 51.2% | Val Acc: 38.5% | Val Loss: 0.7668
2026-05-24 01:27:13,847 | [AUG ] | INFO | model_trainers.mobile_vit_trainer | Epoch [14/500] | Train Acc: 52.5% | Val Acc: 40.0% | Val Loss: 0.7674
2026-05-24 01:27:16,482 | [AUG ] | INFO | model_trainers.mobile_vit_trainer | Epoch [15/500] | Train Acc: 54.4% | Val Acc: 40.0% | Val Loss: 0.7713
2026-05-24 01:27:19,089 | [AUG ] | INFO | model_trainers.mobile_vit_trainer | Epoch [16/500] | Train Acc: 51.2% | Val Acc: 40.0% | Val Loss: 0.7719
2026-05-24 01:27:21,682 | [AUG ] | INFO | model_trainers.mobile_vit_trainer | Epoch [17/500] | Train Acc: 46.2% | Val Acc: 43.1% | Val Loss: 0.7584
2026-05-24 01:27:24,301 | [AUG ] | INFO | model_trainers.mobile_vit_trainer | Epoch [18/500] | Train Acc: 53.8% | Val Acc: 43.1% | Val Loss: 0.7470
2026-05-24 01:27:26,967 | [AUG ] | INFO | model_trainers.mobile_vit_trainer | Epoch [19/500] | Train Acc: 54.4% | Val Acc: 41.5% | Val Loss: 0.7452
2026-05-24 01:27:29,640 | [AUG ] | INFO | model_trainers.mobile_vit_trainer | Epoch [20/500] | Train Acc: 50.6% | Val Acc: 44.6% | Val Loss: 0.7271
2026-05-24 01:27:32,304 | [AUG ] | INFO | model_trainers.mobile_vit_trainer | Epoch [21/500] | Train Acc: 51.2% | Val Acc: 44.6% | Val Loss: 0.7170
2026-05-24 01:27:32,445 | [AUG ] | INFO | model_trainers.mobile_vit_trainer |   ↳ new best val loss; saved checkpoint: /home/leggo/AIResearch/VOGBasedMCIDetectionSystemMobileViTSingleExperimentInference/outputs/checkpoints/run_20260524_011532_aug/fold_05_best.pth
2026-05-24 01:27:35,104 | [AUG ] | INFO | model_trainers.mobile_vit_trainer | Epoch [22/500] | Train Acc: 50.0% | Val Acc: 43.1% | Val Loss: 0.7202
2026-05-24 01:27:37,800 | [AUG ] | INFO | model_trainers.mobile_vit_trainer | Epoch [23/500] | Train Acc: 46.9% | Val Acc: 44.6% | Val Loss: 0.7179
2026-05-24 01:27:40,390 | [AUG ] | INFO | model_trainers.mobile_vit_trainer | Epoch [24/500] | Train Acc: 44.4% | Val Acc: 43.1% | Val Loss: 0.7180
2026-05-24 01:27:43,013 | [AUG ] | INFO | model_trainers.mobile_vit_trainer | Epoch [25/500] | Train Acc: 50.0% | Val Acc: 46.2% | Val Loss: 0.7103
2026-05-24 01:27:43,148 | [AUG ] | INFO | model_trainers.mobile_vit_trainer |   ↳ new best val loss; saved checkpoint: /home/leggo/AIResearch/VOGBasedMCIDetectionSystemMobileViTSingleExperimentInference/outputs/checkpoints/run_20260524_011532_aug/fold_05_best.pth
2026-05-24 01:27:45,854 | [AUG ] | INFO | model_trainers.mobile_vit_trainer | Epoch [26/500] | Train Acc: 48.8% | Val Acc: 50.8% | Val Loss: 0.7301
2026-05-24 01:27:48,489 | [AUG ] | INFO | model_trainers.mobile_vit_trainer | Epoch [27/500] | Train Acc: 53.8% | Val Acc: 53.8% | Val Loss: 0.7193
2026-05-24 01:27:51,115 | [AUG ] | INFO | model_trainers.mobile_vit_trainer | Epoch [28/500] | Train Acc: 54.4% | Val Acc: 50.8% | Val Loss: 0.7162
2026-05-24 01:27:53,725 | [AUG ] | INFO | model_trainers.mobile_vit_trainer | Epoch [29/500] | Train Acc: 48.1% | Val Acc: 50.8% | Val Loss: 0.7227
2026-05-24 01:27:56,335 | [AUG ] | INFO | model_trainers.mobile_vit_trainer | Epoch [30/500] | Train Acc: 50.0% | Val Acc: 44.6% | Val Loss: 0.7216
2026-05-24 01:27:59,006 | [AUG ] | INFO | model_trainers.mobile_vit_trainer | Epoch [31/500] | Train Acc: 49.4% | Val Acc: 41.5% | Val Loss: 0.7269
2026-05-24 01:28:01,663 | [AUG ] | INFO | model_trainers.mobile_vit_trainer | Epoch [32/500] | Train Acc: 54.4% | Val Acc: 38.5% | Val Loss: 0.7402
2026-05-24 01:28:04,338 | [AUG ] | INFO | model_trainers.mobile_vit_trainer | Epoch [33/500] | Train Acc: 55.6% | Val Acc: 43.1% | Val Loss: 0.7375
2026-05-24 01:28:06,950 | [AUG ] | INFO | model_trainers.mobile_vit_trainer | Epoch [34/500] | Train Acc: 54.4% | Val Acc: 43.1% | Val Loss: 0.7395
2026-05-24 01:28:09,583 | [AUG ] | INFO | model_trainers.mobile_vit_trainer | Epoch [35/500] | Train Acc: 46.2% | Val Acc: 44.6% | Val Loss: 0.7432
2026-05-24 01:28:12,276 | [AUG ] | INFO | model_trainers.mobile_vit_trainer | Epoch [36/500] | Train Acc: 54.4% | Val Acc: 43.1% | Val Loss: 0.7398
2026-05-24 01:28:14,919 | [AUG ] | INFO | model_trainers.mobile_vit_trainer | Epoch [37/500] | Train Acc: 51.9% | Val Acc: 44.6% | Val Loss: 0.7382
2026-05-24 01:28:17,622 | [AUG ] | INFO | model_trainers.mobile_vit_trainer | Epoch [38/500] | Train Acc: 52.5% | Val Acc: 44.6% | Val Loss: 0.7323
2026-05-24 01:28:20,255 | [AUG ] | INFO | model_trainers.mobile_vit_trainer | Epoch [39/500] | Train Acc: 50.0% | Val Acc: 47.7% | Val Loss: 0.7268
2026-05-24 01:28:22,892 | [AUG ] | INFO | model_trainers.mobile_vit_trainer | Epoch [40/500] | Train Acc: 53.8% | Val Acc: 46.2% | Val Loss: 0.7119
2026-05-24 01:28:25,528 | [AUG ] | INFO | model_trainers.mobile_vit_trainer | Epoch [41/500] | Train Acc: 51.2% | Val Acc: 41.5% | Val Loss: 0.7151
2026-05-24 01:28:28,197 | [AUG ] | INFO | model_trainers.mobile_vit_trainer | Epoch [42/500] | Train Acc: 51.9% | Val Acc: 49.2% | Val Loss: 0.7138
2026-05-24 01:28:30,905 | [AUG ] | INFO | model_trainers.mobile_vit_trainer | Epoch [43/500] | Train Acc: 52.5% | Val Acc: 44.6% | Val Loss: 0.7156
2026-05-24 01:28:33,583 | [AUG ] | INFO | model_trainers.mobile_vit_trainer | Epoch [44/500] | Train Acc: 50.6% | Val Acc: 46.2% | Val Loss: 0.7257
2026-05-24 01:28:36,225 | [AUG ] | INFO | model_trainers.mobile_vit_trainer | Epoch [45/500] | Train Acc: 56.2% | Val Acc: 46.2% | Val Loss: 0.7263
2026-05-24 01:28:38,870 | [AUG ] | INFO | model_trainers.mobile_vit_trainer | Epoch [46/500] | Train Acc: 53.1% | Val Acc: 41.5% | Val Loss: 0.7257
2026-05-24 01:28:40,419 | [AUG ] | INFO | model_trainers.mobile_vit_trainer | Epoch [47/500] | Train Acc: 50.6% | Val Acc: 43.1% | Val Loss: 0.7373
2026-05-24 01:28:41,901 | [AUG ] | INFO | model_trainers.mobile_vit_trainer | Epoch [48/500] | Train Acc: 56.9% | Val Acc: 41.5% | Val Loss: 0.7334
2026-05-24 01:28:44,381 | [AUG ] | INFO | model_trainers.mobile_vit_trainer | Epoch [49/500] | Train Acc: 53.8% | Val Acc: 41.5% | Val Loss: 0.7346
2026-05-24 01:28:46,925 | [AUG ] | INFO | model_trainers.mobile_vit_trainer | Epoch [50/500] | Train Acc: 51.2% | Val Acc: 44.6% | Val Loss: 0.7322
2026-05-24 01:28:49,400 | [AUG ] | INFO | model_trainers.mobile_vit_trainer | Epoch [51/500] | Train Acc: 53.1% | Val Acc: 47.7% | Val Loss: 0.7273
2026-05-24 01:28:51,944 | [AUG ] | INFO | model_trainers.mobile_vit_trainer | Epoch [52/500] | Train Acc: 54.4% | Val Acc: 43.1% | Val Loss: 0.7334
2026-05-24 01:28:54,436 | [AUG ] | INFO | model_trainers.mobile_vit_trainer | Epoch [53/500] | Train Acc: 53.1% | Val Acc: 43.1% | Val Loss: 0.7299
2026-05-24 01:28:56,973 | [AUG ] | INFO | model_trainers.mobile_vit_trainer | Epoch [54/500] | Train Acc: 53.1% | Val Acc: 41.5% | Val Loss: 0.7339
2026-05-24 01:28:59,425 | [AUG ] | INFO | model_trainers.mobile_vit_trainer | Epoch [55/500] | Train Acc: 61.2% | Val Acc: 40.0% | Val Loss: 0.7369
2026-05-24 01:29:02,088 | [AUG ] | INFO | model_trainers.mobile_vit_trainer | Epoch [56/500] | Train Acc: 50.0% | Val Acc: 43.1% | Val Loss: 0.7456
2026-05-24 01:29:04,759 | [AUG ] | INFO | model_trainers.mobile_vit_trainer | Epoch [57/500] | Train Acc: 53.8% | Val Acc: 43.1% | Val Loss: 0.7565
2026-05-24 01:29:07,447 | [AUG ] | INFO | model_trainers.mobile_vit_trainer | Epoch [58/500] | Train Acc: 58.1% | Val Acc: 41.5% | Val Loss: 0.7504
2026-05-24 01:29:10,116 | [AUG ] | INFO | model_trainers.mobile_vit_trainer | Epoch [59/500] | Train Acc: 55.6% | Val Acc: 43.1% | Val Loss: 0.7378
2026-05-24 01:29:12,797 | [AUG ] | INFO | model_trainers.mobile_vit_trainer | Epoch [60/500] | Train Acc: 59.4% | Val Acc: 44.6% | Val Loss: 0.7350
2026-05-24 01:29:15,479 | [AUG ] | INFO | model_trainers.mobile_vit_trainer | Epoch [61/500] | Train Acc: 47.5% | Val Acc: 46.2% | Val Loss: 0.7378
2026-05-24 01:29:18,187 | [AUG ] | INFO | model_trainers.mobile_vit_trainer | Epoch [62/500] | Train Acc: 54.4% | Val Acc: 44.6% | Val Loss: 0.7441
2026-05-24 01:29:20,908 | [AUG ] | INFO | model_trainers.mobile_vit_trainer | Epoch [63/500] | Train Acc: 59.4% | Val Acc: 38.5% | Val Loss: 0.7382
2026-05-24 01:29:23,519 | [AUG ] | INFO | model_trainers.mobile_vit_trainer | Epoch [64/500] | Train Acc: 58.8% | Val Acc: 38.5% | Val Loss: 0.7471
2026-05-24 01:29:26,157 | [AUG ] | INFO | model_trainers.mobile_vit_trainer | Epoch [65/500] | Train Acc: 55.6% | Val Acc: 36.9% | Val Loss: 0.7542
2026-05-24 01:29:26,158 | [AUG ] | INFO | model_trainers.mobile_vit_trainer | Early stop at epoch 65 (no val-loss improvement for 40 epochs; best=0.7103)
2026-05-24 01:29:26,914 | [AUG ] | INFO | evaluators.monte_carlo_evaluator | -> Fold 06 Result | Acc=0.667 Sens=0.714 Spec=0.500 AUROC=0.500
2026-05-24 01:29:26,915 | [AUG ] | INFO | evaluators.monte_carlo_evaluator | === Fold 07/30 | train: 23 subj / 160 windows | test: 11 subj / 69 windows ===
2026-05-24 01:29:27,159 | [AUG ] | INFO | httpx | HTTP Request: HEAD https://huggingface.co/apple/mobilevit-small/resolve/main/config.json "HTTP/1.1 307 Temporary Redirect"
2026-05-24 01:29:27,178 | [AUG ] | INFO | httpx | HTTP Request: HEAD https://huggingface.co/api/resolve-cache/models/apple/mobilevit-small/6c8612545dc98676d27bc518fa521d9e9af23e34/config.json "HTTP/1.1 200 OK"
2026-05-24 01:29:27,453 | [AUG ] | INFO | httpx | HTTP Request: HEAD https://huggingface.co/apple/mobilevit-small/resolve/main/model.safetensors "HTTP/1.1 404 Not Found"
2026-05-24 01:29:27,665 | [AUG ] | INFO | httpx | HTTP Request: HEAD https://huggingface.co/apple/mobilevit-small/resolve/main/model.safetensors.index.json "HTTP/1.1 404 Not Found"
2026-05-24 01:29:27,878 | [AUG ] | INFO | httpx | HTTP Request: HEAD https://huggingface.co/apple/mobilevit-small/resolve/main/pytorch_model.bin "HTTP/1.1 302 Found"
2026-05-24 01:29:28,099 | [AUG ] | INFO | httpx | HTTP Request: HEAD https://huggingface.co/apple/mobilevit-small/resolve/main/model.safetensors "HTTP/1.1 404 Not Found"
2026-05-24 01:29:28,334 | [AUG ] | INFO | httpx | HTTP Request: GET https://huggingface.co/api/models/apple/mobilevit-small "HTTP/1.1 200 OK"
2026-05-24 01:29:28,943 | [AUG ] | INFO | httpx | HTTP Request: GET https://huggingface.co/api/models/apple/mobilevit-small/commits/main "HTTP/1.1 200 OK"
2026-05-24 01:29:29,172 | [AUG ] | INFO | httpx | HTTP Request: GET https://huggingface.co/api/models/apple/mobilevit-small/discussions?p=0 "HTTP/1.1 200 OK"
2026-05-24 01:29:29,409 | [AUG ] | INFO | httpx | HTTP Request: GET https://huggingface.co/api/models/apple/mobilevit-small/commits/refs%2Fpr%2F6 "HTTP/1.1 200 OK"
2026-05-24 01:29:29,628 | [AUG ] | INFO | httpx | HTTP Request: HEAD https://huggingface.co/apple/mobilevit-small/resolve/refs%2Fpr%2F6/model.safetensors.index.json "HTTP/1.1 404 Not Found"
2026-05-24 01:29:29,857 | [AUG ] | INFO | httpx | HTTP Request: HEAD https://huggingface.co/apple/mobilevit-small/resolve/refs%2Fpr%2F6/model.safetensors "HTTP/1.1 302 Found"
2026-05-24 01:29:32,110 | [AUG ] | INFO | model_trainers.mobile_vit_trainer | Epoch [01/500] | Train Acc: 53.1% | Val Acc: 44.9% | Val Loss: 0.7171
2026-05-24 01:29:32,207 | [AUG ] | INFO | model_trainers.mobile_vit_trainer |   ↳ new best val loss; saved checkpoint: /home/leggo/AIResearch/VOGBasedMCIDetectionSystemMobileViTSingleExperimentInference/outputs/checkpoints/run_20260524_011532_aug/fold_06_best.pth
2026-05-24 01:29:34,897 | [AUG ] | INFO | model_trainers.mobile_vit_trainer | Epoch [02/500] | Train Acc: 49.4% | Val Acc: 44.9% | Val Loss: 0.7060
2026-05-24 01:29:35,019 | [AUG ] | INFO | model_trainers.mobile_vit_trainer |   ↳ new best val loss; saved checkpoint: /home/leggo/AIResearch/VOGBasedMCIDetectionSystemMobileViTSingleExperimentInference/outputs/checkpoints/run_20260524_011532_aug/fold_06_best.pth
2026-05-24 01:29:37,686 | [AUG ] | INFO | model_trainers.mobile_vit_trainer | Epoch [03/500] | Train Acc: 46.9% | Val Acc: 47.8% | Val Loss: 0.7088
2026-05-24 01:29:40,351 | [AUG ] | INFO | model_trainers.mobile_vit_trainer | Epoch [04/500] | Train Acc: 48.8% | Val Acc: 44.9% | Val Loss: 0.7160
2026-05-24 01:29:43,073 | [AUG ] | INFO | model_trainers.mobile_vit_trainer | Epoch [05/500] | Train Acc: 52.5% | Val Acc: 47.8% | Val Loss: 0.7173
2026-05-24 01:29:45,721 | [AUG ] | INFO | model_trainers.mobile_vit_trainer | Epoch [06/500] | Train Acc: 44.4% | Val Acc: 47.8% | Val Loss: 0.7181
2026-05-24 01:29:48,343 | [AUG ] | INFO | model_trainers.mobile_vit_trainer | Epoch [07/500] | Train Acc: 54.4% | Val Acc: 44.9% | Val Loss: 0.7187
2026-05-24 01:29:50,977 | [AUG ] | INFO | model_trainers.mobile_vit_trainer | Epoch [08/500] | Train Acc: 51.9% | Val Acc: 47.8% | Val Loss: 0.7109
2026-05-24 01:29:53,639 | [AUG ] | INFO | model_trainers.mobile_vit_trainer | Epoch [09/500] | Train Acc: 50.0% | Val Acc: 52.2% | Val Loss: 0.7128
2026-05-24 01:29:56,326 | [AUG ] | INFO | model_trainers.mobile_vit_trainer | Epoch [10/500] | Train Acc: 50.6% | Val Acc: 52.2% | Val Loss: 0.7203
2026-05-24 01:29:59,009 | [AUG ] | INFO | model_trainers.mobile_vit_trainer | Epoch [11/500] | Train Acc: 50.6% | Val Acc: 53.6% | Val Loss: 0.7293
2026-05-24 01:30:01,661 | [AUG ] | INFO | model_trainers.mobile_vit_trainer | Epoch [12/500] | Train Acc: 48.8% | Val Acc: 52.2% | Val Loss: 0.7272
2026-05-24 01:30:04,382 | [AUG ] | INFO | model_trainers.mobile_vit_trainer | Epoch [13/500] | Train Acc: 49.4% | Val Acc: 50.7% | Val Loss: 0.7303
2026-05-24 01:30:07,047 | [AUG ] | INFO | model_trainers.mobile_vit_trainer | Epoch [14/500] | Train Acc: 52.5% | Val Acc: 50.7% | Val Loss: 0.7380
2026-05-24 01:30:09,724 | [AUG ] | INFO | model_trainers.mobile_vit_trainer | Epoch [15/500] | Train Acc: 55.6% | Val Acc: 50.7% | Val Loss: 0.7305
2026-05-24 01:30:12,401 | [AUG ] | INFO | model_trainers.mobile_vit_trainer | Epoch [16/500] | Train Acc: 53.1% | Val Acc: 49.3% | Val Loss: 0.7305
2026-05-24 01:30:15,064 | [AUG ] | INFO | model_trainers.mobile_vit_trainer | Epoch [17/500] | Train Acc: 55.6% | Val Acc: 49.3% | Val Loss: 0.7429
2026-05-24 01:30:17,795 | [AUG ] | INFO | model_trainers.mobile_vit_trainer | Epoch [18/500] | Train Acc: 56.2% | Val Acc: 49.3% | Val Loss: 0.7399
2026-05-24 01:30:20,440 | [AUG ] | INFO | model_trainers.mobile_vit_trainer | Epoch [19/500] | Train Acc: 58.8% | Val Acc: 46.4% | Val Loss: 0.7371
2026-05-24 01:30:22,456 | [AUG ] | INFO | model_trainers.mobile_vit_trainer | Epoch [20/500] | Train Acc: 54.4% | Val Acc: 47.8% | Val Loss: 0.7367
2026-05-24 01:30:23,756 | [AUG ] | INFO | model_trainers.mobile_vit_trainer | Epoch [21/500] | Train Acc: 49.4% | Val Acc: 47.8% | Val Loss: 0.7381
2026-05-24 01:30:26,467 | [AUG ] | INFO | model_trainers.mobile_vit_trainer | Epoch [22/500] | Train Acc: 45.6% | Val Acc: 40.6% | Val Loss: 0.7414
2026-05-24 01:30:29,059 | [AUG ] | INFO | model_trainers.mobile_vit_trainer | Epoch [23/500] | Train Acc: 53.1% | Val Acc: 40.6% | Val Loss: 0.7313
2026-05-24 01:30:31,551 | [AUG ] | INFO | model_trainers.mobile_vit_trainer | Epoch [24/500] | Train Acc: 47.5% | Val Acc: 46.4% | Val Loss: 0.7146
2026-05-24 01:30:34,022 | [AUG ] | INFO | model_trainers.mobile_vit_trainer | Epoch [25/500] | Train Acc: 58.1% | Val Acc: 46.4% | Val Loss: 0.7159
2026-05-24 01:30:36,675 | [AUG ] | INFO | model_trainers.mobile_vit_trainer | Epoch [26/500] | Train Acc: 57.5% | Val Acc: 43.5% | Val Loss: 0.7181
2026-05-24 01:30:39,159 | [AUG ] | INFO | model_trainers.mobile_vit_trainer | Epoch [27/500] | Train Acc: 51.9% | Val Acc: 53.6% | Val Loss: 0.7176
2026-05-24 01:30:41,648 | [AUG ] | INFO | model_trainers.mobile_vit_trainer | Epoch [28/500] | Train Acc: 51.2% | Val Acc: 53.6% | Val Loss: 0.7239
2026-05-24 01:30:44,308 | [AUG ] | INFO | model_trainers.mobile_vit_trainer | Epoch [29/500] | Train Acc: 61.9% | Val Acc: 47.8% | Val Loss: 0.7301
2026-05-24 01:30:46,968 | [AUG ] | INFO | model_trainers.mobile_vit_trainer | Epoch [30/500] | Train Acc: 53.1% | Val Acc: 47.8% | Val Loss: 0.7373
2026-05-24 01:30:49,679 | [AUG ] | INFO | model_trainers.mobile_vit_trainer | Epoch [31/500] | Train Acc: 50.0% | Val Acc: 49.3% | Val Loss: 0.7350
2026-05-24 01:30:52,331 | [AUG ] | INFO | model_trainers.mobile_vit_trainer | Epoch [32/500] | Train Acc: 56.2% | Val Acc: 55.1% | Val Loss: 0.7226
2026-05-24 01:30:54,950 | [AUG ] | INFO | model_trainers.mobile_vit_trainer | Epoch [33/500] | Train Acc: 45.6% | Val Acc: 47.8% | Val Loss: 0.7348
2026-05-24 01:30:57,550 | [AUG ] | INFO | model_trainers.mobile_vit_trainer | Epoch [34/500] | Train Acc: 56.2% | Val Acc: 46.4% | Val Loss: 0.7390
2026-05-24 01:31:00,165 | [AUG ] | INFO | model_trainers.mobile_vit_trainer | Epoch [35/500] | Train Acc: 58.8% | Val Acc: 46.4% | Val Loss: 0.7343
2026-05-24 01:31:02,798 | [AUG ] | INFO | model_trainers.mobile_vit_trainer | Epoch [36/500] | Train Acc: 56.2% | Val Acc: 44.9% | Val Loss: 0.7319
2026-05-24 01:31:05,464 | [AUG ] | INFO | model_trainers.mobile_vit_trainer | Epoch [37/500] | Train Acc: 53.8% | Val Acc: 43.5% | Val Loss: 0.7358
2026-05-24 01:31:08,149 | [AUG ] | INFO | model_trainers.mobile_vit_trainer | Epoch [38/500] | Train Acc: 56.9% | Val Acc: 44.9% | Val Loss: 0.7372
2026-05-24 01:31:10,793 | [AUG ] | INFO | model_trainers.mobile_vit_trainer | Epoch [39/500] | Train Acc: 54.4% | Val Acc: 42.0% | Val Loss: 0.7408
2026-05-24 01:31:13,450 | [AUG ] | INFO | model_trainers.mobile_vit_trainer | Epoch [40/500] | Train Acc: 51.2% | Val Acc: 40.6% | Val Loss: 0.7397
2026-05-24 01:31:16,150 | [AUG ] | INFO | model_trainers.mobile_vit_trainer | Epoch [41/500] | Train Acc: 51.9% | Val Acc: 42.0% | Val Loss: 0.7385
2026-05-24 01:31:18,643 | [AUG ] | INFO | model_trainers.mobile_vit_trainer | Epoch [42/500] | Train Acc: 52.5% | Val Acc: 42.0% | Val Loss: 0.7380
2026-05-24 01:31:18,643 | [AUG ] | INFO | model_trainers.mobile_vit_trainer | Early stop at epoch 42 (no val-loss improvement for 40 epochs; best=0.7060)
2026-05-24 01:31:19,311 | [AUG ] | INFO | evaluators.monte_carlo_evaluator | -> Fold 07 Result | Acc=0.600 Sens=0.833 Spec=0.250 AUROC=0.500
2026-05-24 01:31:19,312 | [AUG ] | INFO | evaluators.monte_carlo_evaluator | === Fold 08/30 | train: 23 subj / 160 windows | test: 11 subj / 69 windows ===
2026-05-24 01:31:19,544 | [AUG ] | INFO | httpx | HTTP Request: HEAD https://huggingface.co/apple/mobilevit-small/resolve/main/config.json "HTTP/1.1 307 Temporary Redirect"
2026-05-24 01:31:19,560 | [AUG ] | INFO | httpx | HTTP Request: HEAD https://huggingface.co/api/resolve-cache/models/apple/mobilevit-small/6c8612545dc98676d27bc518fa521d9e9af23e34/config.json "HTTP/1.1 200 OK"
2026-05-24 01:31:19,821 | [AUG ] | INFO | httpx | HTTP Request: HEAD https://huggingface.co/apple/mobilevit-small/resolve/main/model.safetensors "HTTP/1.1 404 Not Found"
2026-05-24 01:31:20,029 | [AUG ] | INFO | httpx | HTTP Request: HEAD https://huggingface.co/apple/mobilevit-small/resolve/main/model.safetensors.index.json "HTTP/1.1 404 Not Found"
2026-05-24 01:31:20,247 | [AUG ] | INFO | httpx | HTTP Request: HEAD https://huggingface.co/apple/mobilevit-small/resolve/main/pytorch_model.bin "HTTP/1.1 302 Found"
2026-05-24 01:31:20,466 | [AUG ] | INFO | httpx | HTTP Request: HEAD https://huggingface.co/apple/mobilevit-small/resolve/main/model.safetensors "HTTP/1.1 404 Not Found"
2026-05-24 01:31:20,697 | [AUG ] | INFO | httpx | HTTP Request: GET https://huggingface.co/api/models/apple/mobilevit-small "HTTP/1.1 200 OK"
2026-05-24 01:31:20,976 | [AUG ] | INFO | httpx | HTTP Request: GET https://huggingface.co/api/models/apple/mobilevit-small/commits/main "HTTP/1.1 200 OK"
2026-05-24 01:31:21,210 | [AUG ] | INFO | httpx | HTTP Request: GET https://huggingface.co/api/models/apple/mobilevit-small/discussions?p=0 "HTTP/1.1 200 OK"
2026-05-24 01:31:21,438 | [AUG ] | INFO | httpx | HTTP Request: GET https://huggingface.co/api/models/apple/mobilevit-small/commits/refs%2Fpr%2F6 "HTTP/1.1 200 OK"
2026-05-24 01:31:21,655 | [AUG ] | INFO | httpx | HTTP Request: HEAD https://huggingface.co/apple/mobilevit-small/resolve/refs%2Fpr%2F6/model.safetensors.index.json "HTTP/1.1 404 Not Found"
2026-05-24 01:31:21,870 | [AUG ] | INFO | httpx | HTTP Request: HEAD https://huggingface.co/apple/mobilevit-small/resolve/refs%2Fpr%2F6/model.safetensors "HTTP/1.1 302 Found"
2026-05-24 01:31:24,006 | [AUG ] | INFO | model_trainers.mobile_vit_trainer | Epoch [01/500] | Train Acc: 51.2% | Val Acc: 42.0% | Val Loss: 0.7146
2026-05-24 01:31:24,142 | [AUG ] | INFO | model_trainers.mobile_vit_trainer |   ↳ new best val loss; saved checkpoint: /home/leggo/AIResearch/VOGBasedMCIDetectionSystemMobileViTSingleExperimentInference/outputs/checkpoints/run_20260524_011532_aug/fold_07_best.pth
2026-05-24 01:31:26,778 | [AUG ] | INFO | model_trainers.mobile_vit_trainer | Epoch [02/500] | Train Acc: 47.5% | Val Acc: 56.5% | Val Loss: 0.6777
2026-05-24 01:31:26,919 | [AUG ] | INFO | model_trainers.mobile_vit_trainer |   ↳ new best val loss; saved checkpoint: /home/leggo/AIResearch/VOGBasedMCIDetectionSystemMobileViTSingleExperimentInference/outputs/checkpoints/run_20260524_011532_aug/fold_07_best.pth
2026-05-24 01:31:29,553 | [AUG ] | INFO | model_trainers.mobile_vit_trainer | Epoch [03/500] | Train Acc: 50.6% | Val Acc: 59.4% | Val Loss: 0.6566
2026-05-24 01:31:29,685 | [AUG ] | INFO | model_trainers.mobile_vit_trainer |   ↳ new best val loss; saved checkpoint: /home/leggo/AIResearch/VOGBasedMCIDetectionSystemMobileViTSingleExperimentInference/outputs/checkpoints/run_20260524_011532_aug/fold_07_best.pth
2026-05-24 01:31:32,329 | [AUG ] | INFO | model_trainers.mobile_vit_trainer | Epoch [04/500] | Train Acc: 57.5% | Val Acc: 63.8% | Val Loss: 0.6575
2026-05-24 01:31:34,979 | [AUG ] | INFO | model_trainers.mobile_vit_trainer | Epoch [05/500] | Train Acc: 49.4% | Val Acc: 59.4% | Val Loss: 0.6689
2026-05-24 01:31:37,586 | [AUG ] | INFO | model_trainers.mobile_vit_trainer | Epoch [06/500] | Train Acc: 59.4% | Val Acc: 56.5% | Val Loss: 0.6960
2026-05-24 01:31:40,272 | [AUG ] | INFO | model_trainers.mobile_vit_trainer | Epoch [07/500] | Train Acc: 51.9% | Val Acc: 46.4% | Val Loss: 0.7144
2026-05-24 01:31:43,010 | [AUG ] | INFO | model_trainers.mobile_vit_trainer | Epoch [08/500] | Train Acc: 45.6% | Val Acc: 44.9% | Val Loss: 0.7124
2026-05-24 01:31:45,616 | [AUG ] | INFO | model_trainers.mobile_vit_trainer | Epoch [09/500] | Train Acc: 49.4% | Val Acc: 47.8% | Val Loss: 0.7113
2026-05-24 01:31:48,347 | [AUG ] | INFO | model_trainers.mobile_vit_trainer | Epoch [10/500] | Train Acc: 44.4% | Val Acc: 46.4% | Val Loss: 0.7103
2026-05-24 01:31:50,962 | [AUG ] | INFO | model_trainers.mobile_vit_trainer | Epoch [11/500] | Train Acc: 50.6% | Val Acc: 47.8% | Val Loss: 0.7243
2026-05-24 01:31:53,643 | [AUG ] | INFO | model_trainers.mobile_vit_trainer | Epoch [12/500] | Train Acc: 53.8% | Val Acc: 46.4% | Val Loss: 0.7288
2026-05-24 01:31:56,354 | [AUG ] | INFO | model_trainers.mobile_vit_trainer | Epoch [13/500] | Train Acc: 54.4% | Val Acc: 47.8% | Val Loss: 0.7293
2026-05-24 01:31:59,005 | [AUG ] | INFO | model_trainers.mobile_vit_trainer | Epoch [14/500] | Train Acc: 56.9% | Val Acc: 46.4% | Val Loss: 0.7300
2026-05-24 01:32:01,661 | [AUG ] | INFO | model_trainers.mobile_vit_trainer | Epoch [15/500] | Train Acc: 44.4% | Val Acc: 44.9% | Val Loss: 0.7290
2026-05-24 01:32:04,369 | [AUG ] | INFO | model_trainers.mobile_vit_trainer | Epoch [16/500] | Train Acc: 58.1% | Val Acc: 42.0% | Val Loss: 0.7273
2026-05-24 01:32:07,053 | [AUG ] | INFO | model_trainers.mobile_vit_trainer | Epoch [17/500] | Train Acc: 52.5% | Val Acc: 44.9% | Val Loss: 0.7272
2026-05-24 01:32:09,773 | [AUG ] | INFO | model_trainers.mobile_vit_trainer | Epoch [18/500] | Train Acc: 46.2% | Val Acc: 39.1% | Val Loss: 0.7261
2026-05-24 01:32:12,415 | [AUG ] | INFO | model_trainers.mobile_vit_trainer | Epoch [19/500] | Train Acc: 51.2% | Val Acc: 46.4% | Val Loss: 0.7242
2026-05-24 01:32:15,026 | [AUG ] | INFO | model_trainers.mobile_vit_trainer | Epoch [20/500] | Train Acc: 48.1% | Val Acc: 46.4% | Val Loss: 0.7254
2026-05-24 01:32:17,650 | [AUG ] | INFO | model_trainers.mobile_vit_trainer | Epoch [21/500] | Train Acc: 56.2% | Val Acc: 49.3% | Val Loss: 0.7149
2026-05-24 01:32:20,137 | [AUG ] | INFO | model_trainers.mobile_vit_trainer | Epoch [22/500] | Train Acc: 47.5% | Val Acc: 50.7% | Val Loss: 0.7157
2026-05-24 01:32:22,746 | [AUG ] | INFO | model_trainers.mobile_vit_trainer | Epoch [23/500] | Train Acc: 51.2% | Val Acc: 49.3% | Val Loss: 0.7116
2026-05-24 01:32:25,386 | [AUG ] | INFO | model_trainers.mobile_vit_trainer | Epoch [24/500] | Train Acc: 47.5% | Val Acc: 52.2% | Val Loss: 0.7081
2026-05-24 01:32:28,067 | [AUG ] | INFO | model_trainers.mobile_vit_trainer | Epoch [25/500] | Train Acc: 47.5% | Val Acc: 49.3% | Val Loss: 0.7021
2026-05-24 01:32:30,769 | [AUG ] | INFO | model_trainers.mobile_vit_trainer | Epoch [26/500] | Train Acc: 51.9% | Val Acc: 47.8% | Val Loss: 0.7061
2026-05-24 01:32:33,450 | [AUG ] | INFO | model_trainers.mobile_vit_trainer | Epoch [27/500] | Train Acc: 48.8% | Val Acc: 53.6% | Val Loss: 0.7039
2026-05-24 01:32:36,059 | [AUG ] | INFO | model_trainers.mobile_vit_trainer | Epoch [28/500] | Train Acc: 54.4% | Val Acc: 55.1% | Val Loss: 0.7072
2026-05-24 01:32:38,675 | [AUG ] | INFO | model_trainers.mobile_vit_trainer | Epoch [29/500] | Train Acc: 52.5% | Val Acc: 52.2% | Val Loss: 0.7067
2026-05-24 01:32:41,272 | [AUG ] | INFO | model_trainers.mobile_vit_trainer | Epoch [30/500] | Train Acc: 60.6% | Val Acc: 53.6% | Val Loss: 0.6994
2026-05-24 01:32:43,852 | [AUG ] | INFO | model_trainers.mobile_vit_trainer | Epoch [31/500] | Train Acc: 50.6% | Val Acc: 52.2% | Val Loss: 0.6995
2026-05-24 01:32:46,442 | [AUG ] | INFO | model_trainers.mobile_vit_trainer | Epoch [32/500] | Train Acc: 43.1% | Val Acc: 46.4% | Val Loss: 0.7098
2026-05-24 01:32:49,018 | [AUG ] | INFO | model_trainers.mobile_vit_trainer | Epoch [33/500] | Train Acc: 55.0% | Val Acc: 47.8% | Val Loss: 0.7162
2026-05-24 01:32:51,629 | [AUG ] | INFO | model_trainers.mobile_vit_trainer | Epoch [34/500] | Train Acc: 56.9% | Val Acc: 49.3% | Val Loss: 0.7217
2026-05-24 01:32:54,093 | [AUG ] | INFO | model_trainers.mobile_vit_trainer | Epoch [35/500] | Train Acc: 50.6% | Val Acc: 52.2% | Val Loss: 0.7176
2026-05-24 01:32:56,591 | [AUG ] | INFO | model_trainers.mobile_vit_trainer | Epoch [36/500] | Train Acc: 51.2% | Val Acc: 47.8% | Val Loss: 0.7074
2026-05-24 01:32:59,250 | [AUG ] | INFO | model_trainers.mobile_vit_trainer | Epoch [37/500] | Train Acc: 50.6% | Val Acc: 50.7% | Val Loss: 0.7017
2026-05-24 01:33:01,911 | [AUG ] | INFO | model_trainers.mobile_vit_trainer | Epoch [38/500] | Train Acc: 56.2% | Val Acc: 52.2% | Val Loss: 0.6961
2026-05-24 01:33:04,590 | [AUG ] | INFO | model_trainers.mobile_vit_trainer | Epoch [39/500] | Train Acc: 61.2% | Val Acc: 55.1% | Val Loss: 0.6961
2026-05-24 01:33:07,208 | [AUG ] | INFO | model_trainers.mobile_vit_trainer | Epoch [40/500] | Train Acc: 51.2% | Val Acc: 53.6% | Val Loss: 0.7071
2026-05-24 01:33:09,819 | [AUG ] | INFO | model_trainers.mobile_vit_trainer | Epoch [41/500] | Train Acc: 53.1% | Val Acc: 46.4% | Val Loss: 0.7109
2026-05-24 01:33:12,492 | [AUG ] | INFO | model_trainers.mobile_vit_trainer | Epoch [42/500] | Train Acc: 48.1% | Val Acc: 49.3% | Val Loss: 0.7167
2026-05-24 01:33:15,001 | [AUG ] | INFO | model_trainers.mobile_vit_trainer | Epoch [43/500] | Train Acc: 53.1% | Val Acc: 43.5% | Val Loss: 0.7243
2026-05-24 01:33:15,002 | [AUG ] | INFO | model_trainers.mobile_vit_trainer | Early stop at epoch 43 (no val-loss improvement for 40 epochs; best=0.6566)
2026-05-24 01:33:15,609 | [AUG ] | INFO | evaluators.monte_carlo_evaluator | -> Fold 08 Result | Acc=0.400 Sens=0.500 Spec=0.000 AUROC=0.125
2026-05-24 01:33:15,610 | [AUG ] | INFO | evaluators.monte_carlo_evaluator | === Fold 09/30 | train: 23 subj / 147 windows | test: 11 subj / 82 windows ===
2026-05-24 01:33:15,856 | [AUG ] | INFO | httpx | HTTP Request: HEAD https://huggingface.co/apple/mobilevit-small/resolve/main/config.json "HTTP/1.1 307 Temporary Redirect"
2026-05-24 01:33:15,872 | [AUG ] | INFO | httpx | HTTP Request: HEAD https://huggingface.co/api/resolve-cache/models/apple/mobilevit-small/6c8612545dc98676d27bc518fa521d9e9af23e34/config.json "HTTP/1.1 200 OK"
2026-05-24 01:33:16,117 | [AUG ] | INFO | httpx | HTTP Request: HEAD https://huggingface.co/apple/mobilevit-small/resolve/main/model.safetensors "HTTP/1.1 404 Not Found"
2026-05-24 01:33:16,326 | [AUG ] | INFO | httpx | HTTP Request: HEAD https://huggingface.co/apple/mobilevit-small/resolve/main/model.safetensors.index.json "HTTP/1.1 404 Not Found"
2026-05-24 01:33:16,539 | [AUG ] | INFO | httpx | HTTP Request: HEAD https://huggingface.co/apple/mobilevit-small/resolve/main/pytorch_model.bin "HTTP/1.1 302 Found"
2026-05-24 01:33:16,753 | [AUG ] | INFO | httpx | HTTP Request: HEAD https://huggingface.co/apple/mobilevit-small/resolve/main/model.safetensors "HTTP/1.1 404 Not Found"
2026-05-24 01:33:16,968 | [AUG ] | INFO | httpx | HTTP Request: GET https://huggingface.co/api/models/apple/mobilevit-small "HTTP/1.1 200 OK"
2026-05-24 01:33:17,232 | [AUG ] | INFO | httpx | HTTP Request: GET https://huggingface.co/api/models/apple/mobilevit-small/commits/main "HTTP/1.1 200 OK"
2026-05-24 01:33:17,449 | [AUG ] | INFO | httpx | HTTP Request: GET https://huggingface.co/api/models/apple/mobilevit-small/discussions?p=0 "HTTP/1.1 200 OK"
2026-05-24 01:33:17,680 | [AUG ] | INFO | httpx | HTTP Request: GET https://huggingface.co/api/models/apple/mobilevit-small/commits/refs%2Fpr%2F6 "HTTP/1.1 200 OK"
2026-05-24 01:33:17,895 | [AUG ] | INFO | httpx | HTTP Request: HEAD https://huggingface.co/apple/mobilevit-small/resolve/refs%2Fpr%2F6/model.safetensors.index.json "HTTP/1.1 404 Not Found"
2026-05-24 01:33:18,118 | [AUG ] | INFO | httpx | HTTP Request: HEAD https://huggingface.co/apple/mobilevit-small/resolve/refs%2Fpr%2F6/model.safetensors "HTTP/1.1 302 Found"
2026-05-24 01:33:19,964 | [AUG ] | INFO | model_trainers.mobile_vit_trainer | Epoch [01/500] | Train Acc: 43.8% | Val Acc: 65.9% | Val Loss: 0.6463
2026-05-24 01:33:20,058 | [AUG ] | INFO | model_trainers.mobile_vit_trainer |   ↳ new best val loss; saved checkpoint: /home/leggo/AIResearch/VOGBasedMCIDetectionSystemMobileViTSingleExperimentInference/outputs/checkpoints/run_20260524_011532_aug/fold_08_best.pth
2026-05-24 01:33:22,296 | [AUG ] | INFO | model_trainers.mobile_vit_trainer | Epoch [02/500] | Train Acc: 44.5% | Val Acc: 69.5% | Val Loss: 0.6396
2026-05-24 01:33:22,429 | [AUG ] | INFO | model_trainers.mobile_vit_trainer |   ↳ new best val loss; saved checkpoint: /home/leggo/AIResearch/VOGBasedMCIDetectionSystemMobileViTSingleExperimentInference/outputs/checkpoints/run_20260524_011532_aug/fold_08_best.pth
2026-05-24 01:33:24,647 | [AUG ] | INFO | model_trainers.mobile_vit_trainer | Epoch [03/500] | Train Acc: 46.1% | Val Acc: 65.9% | Val Loss: 0.6375
2026-05-24 01:33:24,790 | [AUG ] | INFO | model_trainers.mobile_vit_trainer |   ↳ new best val loss; saved checkpoint: /home/leggo/AIResearch/VOGBasedMCIDetectionSystemMobileViTSingleExperimentInference/outputs/checkpoints/run_20260524_011532_aug/fold_08_best.pth
2026-05-24 01:33:26,987 | [AUG ] | INFO | model_trainers.mobile_vit_trainer | Epoch [04/500] | Train Acc: 50.8% | Val Acc: 63.4% | Val Loss: 0.6396
2026-05-24 01:33:29,088 | [AUG ] | INFO | model_trainers.mobile_vit_trainer | Epoch [05/500] | Train Acc: 48.4% | Val Acc: 57.3% | Val Loss: 0.6625
2026-05-24 01:33:31,273 | [AUG ] | INFO | model_trainers.mobile_vit_trainer | Epoch [06/500] | Train Acc: 46.1% | Val Acc: 51.2% | Val Loss: 0.7013
2026-05-24 01:33:33,507 | [AUG ] | INFO | model_trainers.mobile_vit_trainer | Epoch [07/500] | Train Acc: 37.5% | Val Acc: 51.2% | Val Loss: 0.7058
2026-05-24 01:33:35,748 | [AUG ] | INFO | model_trainers.mobile_vit_trainer | Epoch [08/500] | Train Acc: 54.7% | Val Acc: 52.4% | Val Loss: 0.7008
2026-05-24 01:33:38,032 | [AUG ] | INFO | model_trainers.mobile_vit_trainer | Epoch [09/500] | Train Acc: 53.1% | Val Acc: 62.2% | Val Loss: 0.6791
2026-05-24 01:33:40,292 | [AUG ] | INFO | model_trainers.mobile_vit_trainer | Epoch [10/500] | Train Acc: 48.4% | Val Acc: 61.0% | Val Loss: 0.6704
2026-05-24 01:33:42,502 | [AUG ] | INFO | model_trainers.mobile_vit_trainer | Epoch [11/500] | Train Acc: 43.0% | Val Acc: 58.5% | Val Loss: 0.6800
2026-05-24 01:33:44,709 | [AUG ] | INFO | model_trainers.mobile_vit_trainer | Epoch [12/500] | Train Acc: 39.1% | Val Acc: 58.5% | Val Loss: 0.6873
2026-05-24 01:33:46,904 | [AUG ] | INFO | model_trainers.mobile_vit_trainer | Epoch [13/500] | Train Acc: 40.6% | Val Acc: 57.3% | Val Loss: 0.6932
2026-05-24 01:33:49,166 | [AUG ] | INFO | model_trainers.mobile_vit_trainer | Epoch [14/500] | Train Acc: 46.9% | Val Acc: 57.3% | Val Loss: 0.6989
2026-05-24 01:33:51,413 | [AUG ] | INFO | model_trainers.mobile_vit_trainer | Epoch [15/500] | Train Acc: 46.9% | Val Acc: 57.3% | Val Loss: 0.7104
2026-05-24 01:33:53,620 | [AUG ] | INFO | model_trainers.mobile_vit_trainer | Epoch [16/500] | Train Acc: 50.0% | Val Acc: 53.7% | Val Loss: 0.7128
2026-05-24 01:33:55,869 | [AUG ] | INFO | model_trainers.mobile_vit_trainer | Epoch [17/500] | Train Acc: 52.3% | Val Acc: 52.4% | Val Loss: 0.7185
2026-05-24 01:33:58,098 | [AUG ] | INFO | model_trainers.mobile_vit_trainer | Epoch [18/500] | Train Acc: 43.8% | Val Acc: 56.1% | Val Loss: 0.7081
2026-05-24 01:34:00,152 | [AUG ] | INFO | model_trainers.mobile_vit_trainer | Epoch [19/500] | Train Acc: 50.0% | Val Acc: 57.3% | Val Loss: 0.7148
2026-05-24 01:34:02,408 | [AUG ] | INFO | model_trainers.mobile_vit_trainer | Epoch [20/500] | Train Acc: 46.1% | Val Acc: 54.9% | Val Loss: 0.7125
2026-05-24 01:34:04,652 | [AUG ] | INFO | model_trainers.mobile_vit_trainer | Epoch [21/500] | Train Acc: 41.4% | Val Acc: 52.4% | Val Loss: 0.7200
2026-05-24 01:34:06,883 | [AUG ] | INFO | model_trainers.mobile_vit_trainer | Epoch [22/500] | Train Acc: 46.1% | Val Acc: 52.4% | Val Loss: 0.7200
2026-05-24 01:34:08,938 | [AUG ] | INFO | model_trainers.mobile_vit_trainer | Epoch [23/500] | Train Acc: 52.3% | Val Acc: 53.7% | Val Loss: 0.7009
2026-05-24 01:34:11,128 | [AUG ] | INFO | model_trainers.mobile_vit_trainer | Epoch [24/500] | Train Acc: 42.2% | Val Acc: 54.9% | Val Loss: 0.7071
2026-05-24 01:34:13,325 | [AUG ] | INFO | model_trainers.mobile_vit_trainer | Epoch [25/500] | Train Acc: 46.1% | Val Acc: 53.7% | Val Loss: 0.7118
2026-05-24 01:34:15,590 | [AUG ] | INFO | model_trainers.mobile_vit_trainer | Epoch [26/500] | Train Acc: 46.1% | Val Acc: 48.8% | Val Loss: 0.7147
2026-05-24 01:34:17,788 | [AUG ] | INFO | model_trainers.mobile_vit_trainer | Epoch [27/500] | Train Acc: 46.1% | Val Acc: 53.7% | Val Loss: 0.7141
2026-05-24 01:34:19,984 | [AUG ] | INFO | model_trainers.mobile_vit_trainer | Epoch [28/500] | Train Acc: 44.5% | Val Acc: 52.4% | Val Loss: 0.7242
2026-05-24 01:34:22,246 | [AUG ] | INFO | model_trainers.mobile_vit_trainer | Epoch [29/500] | Train Acc: 48.4% | Val Acc: 51.2% | Val Loss: 0.7269
2026-05-24 01:34:24,490 | [AUG ] | INFO | model_trainers.mobile_vit_trainer | Epoch [30/500] | Train Acc: 46.1% | Val Acc: 52.4% | Val Loss: 0.7233
2026-05-24 01:34:26,750 | [AUG ] | INFO | model_trainers.mobile_vit_trainer | Epoch [31/500] | Train Acc: 49.2% | Val Acc: 59.8% | Val Loss: 0.7042
2026-05-24 01:34:28,969 | [AUG ] | INFO | model_trainers.mobile_vit_trainer | Epoch [32/500] | Train Acc: 46.9% | Val Acc: 61.0% | Val Loss: 0.6802
2026-05-24 01:34:31,230 | [AUG ] | INFO | model_trainers.mobile_vit_trainer | Epoch [33/500] | Train Acc: 46.9% | Val Acc: 59.8% | Val Loss: 0.6818
2026-05-24 01:34:33,439 | [AUG ] | INFO | model_trainers.mobile_vit_trainer | Epoch [34/500] | Train Acc: 44.5% | Val Acc: 63.4% | Val Loss: 0.6702
2026-05-24 01:34:35,642 | [AUG ] | INFO | model_trainers.mobile_vit_trainer | Epoch [35/500] | Train Acc: 47.7% | Val Acc: 61.0% | Val Loss: 0.6709
2026-05-24 01:34:37,850 | [AUG ] | INFO | model_trainers.mobile_vit_trainer | Epoch [36/500] | Train Acc: 46.9% | Val Acc: 63.4% | Val Loss: 0.6728
2026-05-24 01:34:40,063 | [AUG ] | INFO | model_trainers.mobile_vit_trainer | Epoch [37/500] | Train Acc: 51.6% | Val Acc: 58.5% | Val Loss: 0.6797
2026-05-24 01:34:42,294 | [AUG ] | INFO | model_trainers.mobile_vit_trainer | Epoch [38/500] | Train Acc: 58.6% | Val Acc: 57.3% | Val Loss: 0.6768
2026-05-24 01:34:44,547 | [AUG ] | INFO | model_trainers.mobile_vit_trainer | Epoch [39/500] | Train Acc: 47.7% | Val Acc: 54.9% | Val Loss: 0.6839
2026-05-24 01:34:46,829 | [AUG ] | INFO | model_trainers.mobile_vit_trainer | Epoch [40/500] | Train Acc: 58.6% | Val Acc: 52.4% | Val Loss: 0.6846
2026-05-24 01:34:49,073 | [AUG ] | INFO | model_trainers.mobile_vit_trainer | Epoch [41/500] | Train Acc: 45.3% | Val Acc: 54.9% | Val Loss: 0.6843
2026-05-24 01:34:51,270 | [AUG ] | INFO | model_trainers.mobile_vit_trainer | Epoch [42/500] | Train Acc: 52.3% | Val Acc: 46.3% | Val Loss: 0.6852
2026-05-24 01:34:53,511 | [AUG ] | INFO | model_trainers.mobile_vit_trainer | Epoch [43/500] | Train Acc: 49.2% | Val Acc: 51.2% | Val Loss: 0.6826
2026-05-24 01:34:53,511 | [AUG ] | INFO | model_trainers.mobile_vit_trainer | Early stop at epoch 43 (no val-loss improvement for 40 epochs; best=0.6375)
2026-05-24 01:34:54,261 | [AUG ] | INFO | evaluators.monte_carlo_evaluator | -> Fold 09 Result | Acc=0.833 Sens=1.000 Spec=0.333 AUROC=0.667
2026-05-24 01:34:54,261 | [AUG ] | INFO | evaluators.monte_carlo_evaluator | === Fold 10/30 | train: 23 subj / 164 windows | test: 11 subj / 65 windows ===
2026-05-24 01:34:54,516 | [AUG ] | INFO | httpx | HTTP Request: HEAD https://huggingface.co/apple/mobilevit-small/resolve/main/config.json "HTTP/1.1 307 Temporary Redirect"
2026-05-24 01:34:54,534 | [AUG ] | INFO | httpx | HTTP Request: HEAD https://huggingface.co/api/resolve-cache/models/apple/mobilevit-small/6c8612545dc98676d27bc518fa521d9e9af23e34/config.json "HTTP/1.1 200 OK"
2026-05-24 01:34:54,815 | [AUG ] | INFO | httpx | HTTP Request: HEAD https://huggingface.co/apple/mobilevit-small/resolve/main/model.safetensors "HTTP/1.1 404 Not Found"
2026-05-24 01:34:55,026 | [AUG ] | INFO | httpx | HTTP Request: HEAD https://huggingface.co/apple/mobilevit-small/resolve/main/model.safetensors.index.json "HTTP/1.1 404 Not Found"
2026-05-24 01:34:55,244 | [AUG ] | INFO | httpx | HTTP Request: HEAD https://huggingface.co/apple/mobilevit-small/resolve/main/pytorch_model.bin "HTTP/1.1 302 Found"
2026-05-24 01:34:55,451 | [AUG ] | INFO | httpx | HTTP Request: HEAD https://huggingface.co/apple/mobilevit-small/resolve/main/model.safetensors "HTTP/1.1 404 Not Found"
2026-05-24 01:34:55,673 | [AUG ] | INFO | httpx | HTTP Request: GET https://huggingface.co/api/models/apple/mobilevit-small "HTTP/1.1 200 OK"
2026-05-24 01:34:55,943 | [AUG ] | INFO | httpx | HTTP Request: GET https://huggingface.co/api/models/apple/mobilevit-small/commits/main "HTTP/1.1 200 OK"
2026-05-24 01:34:56,176 | [AUG ] | INFO | httpx | HTTP Request: GET https://huggingface.co/api/models/apple/mobilevit-small/discussions?p=0 "HTTP/1.1 200 OK"
2026-05-24 01:34:56,404 | [AUG ] | INFO | httpx | HTTP Request: GET https://huggingface.co/api/models/apple/mobilevit-small/commits/refs%2Fpr%2F6 "HTTP/1.1 200 OK"
2026-05-24 01:34:56,621 | [AUG ] | INFO | httpx | HTTP Request: HEAD https://huggingface.co/apple/mobilevit-small/resolve/refs%2Fpr%2F6/model.safetensors.index.json "HTTP/1.1 404 Not Found"
2026-05-24 01:34:56,842 | [AUG ] | INFO | httpx | HTTP Request: HEAD https://huggingface.co/apple/mobilevit-small/resolve/refs%2Fpr%2F6/model.safetensors "HTTP/1.1 302 Found"
2026-05-24 01:34:58,771 | [AUG ] | INFO | model_trainers.mobile_vit_trainer | Epoch [01/500] | Train Acc: 59.4% | Val Acc: 27.7% | Val Loss: 0.7877
2026-05-24 01:34:58,878 | [AUG ] | INFO | model_trainers.mobile_vit_trainer |   ↳ new best val loss; saved checkpoint: /home/leggo/AIResearch/VOGBasedMCIDetectionSystemMobileViTSingleExperimentInference/outputs/checkpoints/run_20260524_011532_aug/fold_09_best.pth
2026-05-24 01:35:01,534 | [AUG ] | INFO | model_trainers.mobile_vit_trainer | Epoch [02/500] | Train Acc: 58.1% | Val Acc: 33.8% | Val Loss: 0.7764
2026-05-24 01:35:01,668 | [AUG ] | INFO | model_trainers.mobile_vit_trainer |   ↳ new best val loss; saved checkpoint: /home/leggo/AIResearch/VOGBasedMCIDetectionSystemMobileViTSingleExperimentInference/outputs/checkpoints/run_20260524_011532_aug/fold_09_best.pth
2026-05-24 01:35:04,301 | [AUG ] | INFO | model_trainers.mobile_vit_trainer | Epoch [03/500] | Train Acc: 55.0% | Val Acc: 43.1% | Val Loss: 0.7220
2026-05-24 01:35:04,438 | [AUG ] | INFO | model_trainers.mobile_vit_trainer |   ↳ new best val loss; saved checkpoint: /home/leggo/AIResearch/VOGBasedMCIDetectionSystemMobileViTSingleExperimentInference/outputs/checkpoints/run_20260524_011532_aug/fold_09_best.pth
2026-05-24 01:35:07,057 | [AUG ] | INFO | model_trainers.mobile_vit_trainer | Epoch [04/500] | Train Acc: 52.5% | Val Acc: 43.1% | Val Loss: 0.7306
2026-05-24 01:35:09,703 | [AUG ] | INFO | model_trainers.mobile_vit_trainer | Epoch [05/500] | Train Acc: 54.4% | Val Acc: 35.4% | Val Loss: 0.7982
2026-05-24 01:35:12,344 | [AUG ] | INFO | model_trainers.mobile_vit_trainer | Epoch [06/500] | Train Acc: 54.4% | Val Acc: 32.3% | Val Loss: 0.8576
2026-05-24 01:35:15,047 | [AUG ] | INFO | model_trainers.mobile_vit_trainer | Epoch [07/500] | Train Acc: 55.0% | Val Acc: 35.4% | Val Loss: 0.8908
2026-05-24 01:35:17,654 | [AUG ] | INFO | model_trainers.mobile_vit_trainer | Epoch [08/500] | Train Acc: 51.9% | Val Acc: 36.9% | Val Loss: 0.9192
2026-05-24 01:35:20,270 | [AUG ] | INFO | model_trainers.mobile_vit_trainer | Epoch [09/500] | Train Acc: 55.0% | Val Acc: 36.9% | Val Loss: 0.9304
2026-05-24 01:35:22,888 | [AUG ] | INFO | model_trainers.mobile_vit_trainer | Epoch [10/500] | Train Acc: 58.8% | Val Acc: 35.4% | Val Loss: 0.9198
2026-05-24 01:35:25,549 | [AUG ] | INFO | model_trainers.mobile_vit_trainer | Epoch [11/500] | Train Acc: 48.1% | Val Acc: 32.3% | Val Loss: 0.9301
2026-05-24 01:35:28,241 | [AUG ] | INFO | model_trainers.mobile_vit_trainer | Epoch [12/500] | Train Acc: 53.1% | Val Acc: 32.3% | Val Loss: 0.9266
2026-05-24 01:35:30,865 | [AUG ] | INFO | model_trainers.mobile_vit_trainer | Epoch [13/500] | Train Acc: 58.8% | Val Acc: 32.3% | Val Loss: 0.9150
2026-05-24 01:35:33,503 | [AUG ] | INFO | model_trainers.mobile_vit_trainer | Epoch [14/500] | Train Acc: 53.8% | Val Acc: 33.8% | Val Loss: 0.9097
2026-05-24 01:35:36,222 | [AUG ] | INFO | model_trainers.mobile_vit_trainer | Epoch [15/500] | Train Acc: 55.6% | Val Acc: 36.9% | Val Loss: 0.9047
2026-05-24 01:35:38,932 | [AUG ] | INFO | model_trainers.mobile_vit_trainer | Epoch [16/500] | Train Acc: 53.8% | Val Acc: 36.9% | Val Loss: 0.9086
2026-05-24 01:35:41,601 | [AUG ] | INFO | model_trainers.mobile_vit_trainer | Epoch [17/500] | Train Acc: 58.8% | Val Acc: 36.9% | Val Loss: 0.9080
2026-05-24 01:35:44,303 | [AUG ] | INFO | model_trainers.mobile_vit_trainer | Epoch [18/500] | Train Acc: 53.8% | Val Acc: 35.4% | Val Loss: 0.9046
2026-05-24 01:35:47,183 | [AUG ] | INFO | model_trainers.mobile_vit_trainer | Epoch [19/500] | Train Acc: 53.1% | Val Acc: 36.9% | Val Loss: 0.8915
2026-05-24 01:35:49,895 | [AUG ] | INFO | model_trainers.mobile_vit_trainer | Epoch [20/500] | Train Acc: 53.8% | Val Acc: 35.4% | Val Loss: 0.8997
2026-05-24 01:35:51,616 | [AUG ] | INFO | model_trainers.mobile_vit_trainer | Epoch [21/500] | Train Acc: 60.6% | Val Acc: 36.9% | Val Loss: 0.8918
2026-05-24 01:35:52,982 | [AUG ] | INFO | model_trainers.mobile_vit_trainer | Epoch [22/500] | Train Acc: 60.6% | Val Acc: 38.5% | Val Loss: 0.9034
2026-05-24 01:35:55,698 | [AUG ] | INFO | model_trainers.mobile_vit_trainer | Epoch [23/500] | Train Acc: 52.5% | Val Acc: 36.9% | Val Loss: 0.8905
2026-05-24 01:35:58,355 | [AUG ] | INFO | model_trainers.mobile_vit_trainer | Epoch [24/500] | Train Acc: 59.4% | Val Acc: 38.5% | Val Loss: 0.8815
2026-05-24 01:36:00,936 | [AUG ] | INFO | model_trainers.mobile_vit_trainer | Epoch [25/500] | Train Acc: 52.5% | Val Acc: 35.4% | Val Loss: 0.8997
2026-05-24 01:36:03,618 | [AUG ] | INFO | model_trainers.mobile_vit_trainer | Epoch [26/500] | Train Acc: 55.0% | Val Acc: 32.3% | Val Loss: 0.9126
2026-05-24 01:36:06,294 | [AUG ] | INFO | model_trainers.mobile_vit_trainer | Epoch [27/500] | Train Acc: 54.4% | Val Acc: 35.4% | Val Loss: 0.9052
2026-05-24 01:36:08,810 | [AUG ] | INFO | model_trainers.mobile_vit_trainer | Epoch [28/500] | Train Acc: 60.6% | Val Acc: 35.4% | Val Loss: 0.8920
2026-05-24 01:36:11,297 | [AUG ] | INFO | model_trainers.mobile_vit_trainer | Epoch [29/500] | Train Acc: 54.4% | Val Acc: 35.4% | Val Loss: 0.8964
2026-05-24 01:36:13,778 | [AUG ] | INFO | model_trainers.mobile_vit_trainer | Epoch [30/500] | Train Acc: 48.1% | Val Acc: 36.9% | Val Loss: 0.8866
2026-05-24 01:36:16,276 | [AUG ] | INFO | model_trainers.mobile_vit_trainer | Epoch [31/500] | Train Acc: 61.2% | Val Acc: 33.8% | Val Loss: 0.8957
2026-05-24 01:36:18,727 | [AUG ] | INFO | model_trainers.mobile_vit_trainer | Epoch [32/500] | Train Acc: 58.8% | Val Acc: 36.9% | Val Loss: 0.8977
2026-05-24 01:36:21,324 | [AUG ] | INFO | model_trainers.mobile_vit_trainer | Epoch [33/500] | Train Acc: 55.6% | Val Acc: 36.9% | Val Loss: 0.9023
2026-05-24 01:36:23,931 | [AUG ] | INFO | model_trainers.mobile_vit_trainer | Epoch [34/500] | Train Acc: 56.2% | Val Acc: 36.9% | Val Loss: 0.9029
2026-05-24 01:36:26,512 | [AUG ] | INFO | model_trainers.mobile_vit_trainer | Epoch [35/500] | Train Acc: 59.4% | Val Acc: 35.4% | Val Loss: 0.9062
2026-05-24 01:36:29,110 | [AUG ] | INFO | model_trainers.mobile_vit_trainer | Epoch [36/500] | Train Acc: 49.4% | Val Acc: 35.4% | Val Loss: 0.9051
2026-05-24 01:36:31,722 | [AUG ] | INFO | model_trainers.mobile_vit_trainer | Epoch [37/500] | Train Acc: 55.0% | Val Acc: 33.8% | Val Loss: 0.8926
2026-05-24 01:36:34,313 | [AUG ] | INFO | model_trainers.mobile_vit_trainer | Epoch [38/500] | Train Acc: 54.4% | Val Acc: 35.4% | Val Loss: 0.8904
2026-05-24 01:36:36,930 | [AUG ] | INFO | model_trainers.mobile_vit_trainer | Epoch [39/500] | Train Acc: 57.5% | Val Acc: 35.4% | Val Loss: 0.8927
2026-05-24 01:36:39,603 | [AUG ] | INFO | model_trainers.mobile_vit_trainer | Epoch [40/500] | Train Acc: 51.2% | Val Acc: 35.4% | Val Loss: 0.8860
2026-05-24 01:36:42,256 | [AUG ] | INFO | model_trainers.mobile_vit_trainer | Epoch [41/500] | Train Acc: 58.1% | Val Acc: 35.4% | Val Loss: 0.8890
2026-05-24 01:36:44,920 | [AUG ] | INFO | model_trainers.mobile_vit_trainer | Epoch [42/500] | Train Acc: 60.6% | Val Acc: 35.4% | Val Loss: 0.8978
2026-05-24 01:36:47,515 | [AUG ] | INFO | model_trainers.mobile_vit_trainer | Epoch [43/500] | Train Acc: 56.9% | Val Acc: 36.9% | Val Loss: 0.8882
2026-05-24 01:36:47,515 | [AUG ] | INFO | model_trainers.mobile_vit_trainer | Early stop at epoch 43 (no val-loss improvement for 40 epochs; best=0.7220)
2026-05-24 01:36:48,137 | [AUG ] | INFO | evaluators.monte_carlo_evaluator | -> Fold 10 Result | Acc=0.556 Sens=1.000 Spec=0.000 AUROC=0.200
2026-05-24 01:36:48,138 | [AUG ] | INFO | evaluators.monte_carlo_evaluator | === Fold 11/30 | train: 23 subj / 147 windows | test: 11 subj / 82 windows ===
2026-05-24 01:36:48,389 | [AUG ] | INFO | httpx | HTTP Request: HEAD https://huggingface.co/apple/mobilevit-small/resolve/main/config.json "HTTP/1.1 307 Temporary Redirect"
2026-05-24 01:36:48,408 | [AUG ] | INFO | httpx | HTTP Request: HEAD https://huggingface.co/api/resolve-cache/models/apple/mobilevit-small/6c8612545dc98676d27bc518fa521d9e9af23e34/config.json "HTTP/1.1 200 OK"
2026-05-24 01:36:48,691 | [AUG ] | INFO | httpx | HTTP Request: HEAD https://huggingface.co/apple/mobilevit-small/resolve/main/model.safetensors "HTTP/1.1 404 Not Found"
2026-05-24 01:36:48,901 | [AUG ] | INFO | httpx | HTTP Request: HEAD https://huggingface.co/apple/mobilevit-small/resolve/main/model.safetensors.index.json "HTTP/1.1 404 Not Found"
2026-05-24 01:36:49,121 | [AUG ] | INFO | httpx | HTTP Request: HEAD https://huggingface.co/apple/mobilevit-small/resolve/main/pytorch_model.bin "HTTP/1.1 302 Found"
2026-05-24 01:36:49,333 | [AUG ] | INFO | httpx | HTTP Request: HEAD https://huggingface.co/apple/mobilevit-small/resolve/main/model.safetensors "HTTP/1.1 404 Not Found"
2026-05-24 01:36:49,557 | [AUG ] | INFO | httpx | HTTP Request: GET https://huggingface.co/api/models/apple/mobilevit-small "HTTP/1.1 200 OK"
2026-05-24 01:36:49,839 | [AUG ] | INFO | httpx | HTTP Request: GET https://huggingface.co/api/models/apple/mobilevit-small/commits/main "HTTP/1.1 200 OK"
2026-05-24 01:36:50,068 | [AUG ] | INFO | httpx | HTTP Request: GET https://huggingface.co/api/models/apple/mobilevit-small/discussions?p=0 "HTTP/1.1 200 OK"
2026-05-24 01:36:50,296 | [AUG ] | INFO | httpx | HTTP Request: GET https://huggingface.co/api/models/apple/mobilevit-small/commits/refs%2Fpr%2F6 "HTTP/1.1 200 OK"
2026-05-24 01:36:50,506 | [AUG ] | INFO | httpx | HTTP Request: HEAD https://huggingface.co/apple/mobilevit-small/resolve/refs%2Fpr%2F6/model.safetensors.index.json "HTTP/1.1 404 Not Found"
2026-05-24 01:36:50,725 | [AUG ] | INFO | httpx | HTTP Request: HEAD https://huggingface.co/apple/mobilevit-small/resolve/refs%2Fpr%2F6/model.safetensors "HTTP/1.1 302 Found"
2026-05-24 01:36:52,415 | [AUG ] | INFO | model_trainers.mobile_vit_trainer | Epoch [01/500] | Train Acc: 47.7% | Val Acc: 45.1% | Val Loss: 0.7276
2026-05-24 01:36:52,543 | [AUG ] | INFO | model_trainers.mobile_vit_trainer |   ↳ new best val loss; saved checkpoint: /home/leggo/AIResearch/VOGBasedMCIDetectionSystemMobileViTSingleExperimentInference/outputs/checkpoints/run_20260524_011532_aug/fold_10_best.pth
2026-05-24 01:36:54,744 | [AUG ] | INFO | model_trainers.mobile_vit_trainer | Epoch [02/500] | Train Acc: 51.6% | Val Acc: 51.2% | Val Loss: 0.7102
2026-05-24 01:36:54,888 | [AUG ] | INFO | model_trainers.mobile_vit_trainer |   ↳ new best val loss; saved checkpoint: /home/leggo/AIResearch/VOGBasedMCIDetectionSystemMobileViTSingleExperimentInference/outputs/checkpoints/run_20260524_011532_aug/fold_10_best.pth
2026-05-24 01:36:57,097 | [AUG ] | INFO | model_trainers.mobile_vit_trainer | Epoch [03/500] | Train Acc: 52.3% | Val Acc: 37.8% | Val Loss: 0.7095
2026-05-24 01:36:57,243 | [AUG ] | INFO | model_trainers.mobile_vit_trainer |   ↳ new best val loss; saved checkpoint: /home/leggo/AIResearch/VOGBasedMCIDetectionSystemMobileViTSingleExperimentInference/outputs/checkpoints/run_20260524_011532_aug/fold_10_best.pth
2026-05-24 01:36:59,436 | [AUG ] | INFO | model_trainers.mobile_vit_trainer | Epoch [04/500] | Train Acc: 52.3% | Val Acc: 39.0% | Val Loss: 0.7285
2026-05-24 01:37:01,644 | [AUG ] | INFO | model_trainers.mobile_vit_trainer | Epoch [05/500] | Train Acc: 45.3% | Val Acc: 37.8% | Val Loss: 0.7483
2026-05-24 01:37:03,901 | [AUG ] | INFO | model_trainers.mobile_vit_trainer | Epoch [06/500] | Train Acc: 56.2% | Val Acc: 39.0% | Val Loss: 0.7554
2026-05-24 01:37:06,155 | [AUG ] | INFO | model_trainers.mobile_vit_trainer | Epoch [07/500] | Train Acc: 54.7% | Val Acc: 47.6% | Val Loss: 0.7628
2026-05-24 01:37:08,382 | [AUG ] | INFO | model_trainers.mobile_vit_trainer | Epoch [08/500] | Train Acc: 59.4% | Val Acc: 40.2% | Val Loss: 0.7493
2026-05-24 01:37:10,610 | [AUG ] | INFO | model_trainers.mobile_vit_trainer | Epoch [09/500] | Train Acc: 52.3% | Val Acc: 45.1% | Val Loss: 0.7345
2026-05-24 01:37:12,858 | [AUG ] | INFO | model_trainers.mobile_vit_trainer | Epoch [10/500] | Train Acc: 52.3% | Val Acc: 41.5% | Val Loss: 0.7357
2026-05-24 01:37:15,079 | [AUG ] | INFO | model_trainers.mobile_vit_trainer | Epoch [11/500] | Train Acc: 56.2% | Val Acc: 39.0% | Val Loss: 0.7436
2026-05-24 01:37:17,293 | [AUG ] | INFO | model_trainers.mobile_vit_trainer | Epoch [12/500] | Train Acc: 50.8% | Val Acc: 41.5% | Val Loss: 0.7388
2026-05-24 01:37:19,555 | [AUG ] | INFO | model_trainers.mobile_vit_trainer | Epoch [13/500] | Train Acc: 55.5% | Val Acc: 39.0% | Val Loss: 0.7419
2026-05-24 01:37:21,846 | [AUG ] | INFO | model_trainers.mobile_vit_trainer | Epoch [14/500] | Train Acc: 52.3% | Val Acc: 37.8% | Val Loss: 0.7412
2026-05-24 01:37:24,121 | [AUG ] | INFO | model_trainers.mobile_vit_trainer | Epoch [15/500] | Train Acc: 45.3% | Val Acc: 43.9% | Val Loss: 0.7304
2026-05-24 01:37:26,357 | [AUG ] | INFO | model_trainers.mobile_vit_trainer | Epoch [16/500] | Train Acc: 50.0% | Val Acc: 48.8% | Val Loss: 0.7271
2026-05-24 01:37:28,611 | [AUG ] | INFO | model_trainers.mobile_vit_trainer | Epoch [17/500] | Train Acc: 59.4% | Val Acc: 51.2% | Val Loss: 0.7318
2026-05-24 01:37:30,825 | [AUG ] | INFO | model_trainers.mobile_vit_trainer | Epoch [18/500] | Train Acc: 53.1% | Val Acc: 48.8% | Val Loss: 0.7242
2026-05-24 01:37:33,097 | [AUG ] | INFO | model_trainers.mobile_vit_trainer | Epoch [19/500] | Train Acc: 57.0% | Val Acc: 46.3% | Val Loss: 0.7197
2026-05-24 01:37:35,377 | [AUG ] | INFO | model_trainers.mobile_vit_trainer | Epoch [20/500] | Train Acc: 51.6% | Val Acc: 50.0% | Val Loss: 0.7178
2026-05-24 01:37:37,580 | [AUG ] | INFO | model_trainers.mobile_vit_trainer | Epoch [21/500] | Train Acc: 50.0% | Val Acc: 47.6% | Val Loss: 0.7154
2026-05-24 01:37:39,772 | [AUG ] | INFO | model_trainers.mobile_vit_trainer | Epoch [22/500] | Train Acc: 53.9% | Val Acc: 46.3% | Val Loss: 0.7126
2026-05-24 01:37:41,964 | [AUG ] | INFO | model_trainers.mobile_vit_trainer | Epoch [23/500] | Train Acc: 47.7% | Val Acc: 46.3% | Val Loss: 0.7114
2026-05-24 01:37:44,147 | [AUG ] | INFO | model_trainers.mobile_vit_trainer | Epoch [24/500] | Train Acc: 47.7% | Val Acc: 45.1% | Val Loss: 0.7106
2026-05-24 01:37:46,324 | [AUG ] | INFO | model_trainers.mobile_vit_trainer | Epoch [25/500] | Train Acc: 51.6% | Val Acc: 50.0% | Val Loss: 0.7108
2026-05-24 01:37:48,603 | [AUG ] | INFO | model_trainers.mobile_vit_trainer | Epoch [26/500] | Train Acc: 48.4% | Val Acc: 50.0% | Val Loss: 0.7120
2026-05-24 01:37:50,796 | [AUG ] | INFO | model_trainers.mobile_vit_trainer | Epoch [27/500] | Train Acc: 54.7% | Val Acc: 52.4% | Val Loss: 0.7106
2026-05-24 01:37:52,996 | [AUG ] | INFO | model_trainers.mobile_vit_trainer | Epoch [28/500] | Train Acc: 50.0% | Val Acc: 48.8% | Val Loss: 0.7089
2026-05-24 01:37:53,141 | [AUG ] | INFO | model_trainers.mobile_vit_trainer |   ↳ new best val loss; saved checkpoint: /home/leggo/AIResearch/VOGBasedMCIDetectionSystemMobileViTSingleExperimentInference/outputs/checkpoints/run_20260524_011532_aug/fold_10_best.pth
2026-05-24 01:37:55,351 | [AUG ] | INFO | model_trainers.mobile_vit_trainer | Epoch [29/500] | Train Acc: 43.8% | Val Acc: 50.0% | Val Loss: 0.7142
2026-05-24 01:37:57,638 | [AUG ] | INFO | model_trainers.mobile_vit_trainer | Epoch [30/500] | Train Acc: 60.2% | Val Acc: 45.1% | Val Loss: 0.7159
2026-05-24 01:37:59,890 | [AUG ] | INFO | model_trainers.mobile_vit_trainer | Epoch [31/500] | Train Acc: 61.7% | Val Acc: 48.8% | Val Loss: 0.7133
2026-05-24 01:38:01,061 | [AUG ] | INFO | model_trainers.mobile_vit_trainer | Epoch [32/500] | Train Acc: 57.8% | Val Acc: 46.3% | Val Loss: 0.7147
2026-05-24 01:38:02,166 | [AUG ] | INFO | model_trainers.mobile_vit_trainer | Epoch [33/500] | Train Acc: 47.7% | Val Acc: 47.6% | Val Loss: 0.7167
2026-05-24 01:38:04,378 | [AUG ] | INFO | model_trainers.mobile_vit_trainer | Epoch [34/500] | Train Acc: 46.1% | Val Acc: 46.3% | Val Loss: 0.7196
2026-05-24 01:38:06,482 | [AUG ] | INFO | model_trainers.mobile_vit_trainer | Epoch [35/500] | Train Acc: 49.2% | Val Acc: 47.6% | Val Loss: 0.7186
2026-05-24 01:38:08,597 | [AUG ] | INFO | model_trainers.mobile_vit_trainer | Epoch [36/500] | Train Acc: 54.7% | Val Acc: 45.1% | Val Loss: 0.7175
2026-05-24 01:38:10,712 | [AUG ] | INFO | model_trainers.mobile_vit_trainer | Epoch [37/500] | Train Acc: 56.2% | Val Acc: 47.6% | Val Loss: 0.7215
2026-05-24 01:38:12,833 | [AUG ] | INFO | model_trainers.mobile_vit_trainer | Epoch [38/500] | Train Acc: 52.3% | Val Acc: 47.6% | Val Loss: 0.7239
2026-05-24 01:38:15,080 | [AUG ] | INFO | model_trainers.mobile_vit_trainer | Epoch [39/500] | Train Acc: 52.3% | Val Acc: 48.8% | Val Loss: 0.7286
2026-05-24 01:38:17,329 | [AUG ] | INFO | model_trainers.mobile_vit_trainer | Epoch [40/500] | Train Acc: 56.2% | Val Acc: 43.9% | Val Loss: 0.7289
2026-05-24 01:38:19,586 | [AUG ] | INFO | model_trainers.mobile_vit_trainer | Epoch [41/500] | Train Acc: 47.7% | Val Acc: 46.3% | Val Loss: 0.7210
2026-05-24 01:38:21,834 | [AUG ] | INFO | model_trainers.mobile_vit_trainer | Epoch [42/500] | Train Acc: 44.5% | Val Acc: 46.3% | Val Loss: 0.7251
2026-05-24 01:38:24,088 | [AUG ] | INFO | model_trainers.mobile_vit_trainer | Epoch [43/500] | Train Acc: 49.2% | Val Acc: 46.3% | Val Loss: 0.7282
2026-05-24 01:38:26,364 | [AUG ] | INFO | model_trainers.mobile_vit_trainer | Epoch [44/500] | Train Acc: 50.0% | Val Acc: 45.1% | Val Loss: 0.7316
2026-05-24 01:38:28,634 | [AUG ] | INFO | model_trainers.mobile_vit_trainer | Epoch [45/500] | Train Acc: 53.1% | Val Acc: 41.5% | Val Loss: 0.7416
2026-05-24 01:38:30,880 | [AUG ] | INFO | model_trainers.mobile_vit_trainer | Epoch [46/500] | Train Acc: 62.5% | Val Acc: 40.2% | Val Loss: 0.7386
2026-05-24 01:38:33,141 | [AUG ] | INFO | model_trainers.mobile_vit_trainer | Epoch [47/500] | Train Acc: 50.8% | Val Acc: 46.3% | Val Loss: 0.7333
2026-05-24 01:38:35,397 | [AUG ] | INFO | model_trainers.mobile_vit_trainer | Epoch [48/500] | Train Acc: 54.7% | Val Acc: 51.2% | Val Loss: 0.7263
2026-05-24 01:38:37,652 | [AUG ] | INFO | model_trainers.mobile_vit_trainer | Epoch [49/500] | Train Acc: 52.3% | Val Acc: 46.3% | Val Loss: 0.7239
2026-05-24 01:38:39,933 | [AUG ] | INFO | model_trainers.mobile_vit_trainer | Epoch [50/500] | Train Acc: 57.8% | Val Acc: 50.0% | Val Loss: 0.7213
2026-05-24 01:38:42,230 | [AUG ] | INFO | model_trainers.mobile_vit_trainer | Epoch [51/500] | Train Acc: 48.4% | Val Acc: 48.8% | Val Loss: 0.7226
2026-05-24 01:38:44,514 | [AUG ] | INFO | model_trainers.mobile_vit_trainer | Epoch [52/500] | Train Acc: 54.7% | Val Acc: 51.2% | Val Loss: 0.7213
2026-05-24 01:38:46,771 | [AUG ] | INFO | model_trainers.mobile_vit_trainer | Epoch [53/500] | Train Acc: 50.0% | Val Acc: 52.4% | Val Loss: 0.7229
2026-05-24 01:38:49,020 | [AUG ] | INFO | model_trainers.mobile_vit_trainer | Epoch [54/500] | Train Acc: 53.9% | Val Acc: 53.7% | Val Loss: 0.7214
2026-05-24 01:38:51,267 | [AUG ] | INFO | model_trainers.mobile_vit_trainer | Epoch [55/500] | Train Acc: 68.8% | Val Acc: 51.2% | Val Loss: 0.7154
2026-05-24 01:38:53,525 | [AUG ] | INFO | model_trainers.mobile_vit_trainer | Epoch [56/500] | Train Acc: 44.5% | Val Acc: 50.0% | Val Loss: 0.7150
2026-05-24 01:38:55,777 | [AUG ] | INFO | model_trainers.mobile_vit_trainer | Epoch [57/500] | Train Acc: 43.8% | Val Acc: 53.7% | Val Loss: 0.7199
2026-05-24 01:38:58,007 | [AUG ] | INFO | model_trainers.mobile_vit_trainer | Epoch [58/500] | Train Acc: 52.3% | Val Acc: 50.0% | Val Loss: 0.7256
2026-05-24 01:39:00,257 | [AUG ] | INFO | model_trainers.mobile_vit_trainer | Epoch [59/500] | Train Acc: 46.9% | Val Acc: 53.7% | Val Loss: 0.7249
2026-05-24 01:39:02,516 | [AUG ] | INFO | model_trainers.mobile_vit_trainer | Epoch [60/500] | Train Acc: 56.2% | Val Acc: 50.0% | Val Loss: 0.7299
2026-05-24 01:39:04,770 | [AUG ] | INFO | model_trainers.mobile_vit_trainer | Epoch [61/500] | Train Acc: 51.6% | Val Acc: 48.8% | Val Loss: 0.7269
2026-05-24 01:39:07,017 | [AUG ] | INFO | model_trainers.mobile_vit_trainer | Epoch [62/500] | Train Acc: 57.8% | Val Acc: 50.0% | Val Loss: 0.7194
2026-05-24 01:39:09,251 | [AUG ] | INFO | model_trainers.mobile_vit_trainer | Epoch [63/500] | Train Acc: 52.3% | Val Acc: 48.8% | Val Loss: 0.7157
2026-05-24 01:39:11,484 | [AUG ] | INFO | model_trainers.mobile_vit_trainer | Epoch [64/500] | Train Acc: 56.2% | Val Acc: 48.8% | Val Loss: 0.7131
2026-05-24 01:39:13,729 | [AUG ] | INFO | model_trainers.mobile_vit_trainer | Epoch [65/500] | Train Acc: 52.3% | Val Acc: 48.8% | Val Loss: 0.7169
2026-05-24 01:39:15,981 | [AUG ] | INFO | model_trainers.mobile_vit_trainer | Epoch [66/500] | Train Acc: 56.2% | Val Acc: 57.3% | Val Loss: 0.7180
2026-05-24 01:39:18,226 | [AUG ] | INFO | model_trainers.mobile_vit_trainer | Epoch [67/500] | Train Acc: 61.7% | Val Acc: 56.1% | Val Loss: 0.7154
2026-05-24 01:39:20,523 | [AUG ] | INFO | model_trainers.mobile_vit_trainer | Epoch [68/500] | Train Acc: 61.7% | Val Acc: 54.9% | Val Loss: 0.7161
2026-05-24 01:39:20,524 | [AUG ] | INFO | model_trainers.mobile_vit_trainer | Early stop at epoch 68 (no val-loss improvement for 40 epochs; best=0.7089)
2026-05-24 01:39:21,264 | [AUG ] | INFO | evaluators.monte_carlo_evaluator | -> Fold 11 Result | Acc=0.583 Sens=0.667 Spec=0.333 AUROC=0.407
2026-05-24 01:39:21,265 | [AUG ] | INFO | evaluators.monte_carlo_evaluator | === Fold 12/30 | train: 23 subj / 143 windows | test: 11 subj / 86 windows ===
2026-05-24 01:39:21,639 | [AUG ] | INFO | httpx | HTTP Request: HEAD https://huggingface.co/apple/mobilevit-small/resolve/main/config.json "HTTP/1.1 307 Temporary Redirect"
2026-05-24 01:39:21,658 | [AUG ] | INFO | httpx | HTTP Request: HEAD https://huggingface.co/api/resolve-cache/models/apple/mobilevit-small/6c8612545dc98676d27bc518fa521d9e9af23e34/config.json "HTTP/1.1 200 OK"
2026-05-24 01:39:21,950 | [AUG ] | INFO | httpx | HTTP Request: HEAD https://huggingface.co/apple/mobilevit-small/resolve/main/model.safetensors "HTTP/1.1 404 Not Found"
2026-05-24 01:39:22,167 | [AUG ] | INFO | httpx | HTTP Request: HEAD https://huggingface.co/apple/mobilevit-small/resolve/main/model.safetensors.index.json "HTTP/1.1 404 Not Found"
2026-05-24 01:39:22,389 | [AUG ] | INFO | httpx | HTTP Request: HEAD https://huggingface.co/apple/mobilevit-small/resolve/main/pytorch_model.bin "HTTP/1.1 302 Found"
2026-05-24 01:39:22,608 | [AUG ] | INFO | httpx | HTTP Request: HEAD https://huggingface.co/apple/mobilevit-small/resolve/main/model.safetensors "HTTP/1.1 404 Not Found"
2026-05-24 01:39:22,828 | [AUG ] | INFO | httpx | HTTP Request: GET https://huggingface.co/api/models/apple/mobilevit-small "HTTP/1.1 200 OK"
2026-05-24 01:39:23,061 | [AUG ] | INFO | httpx | HTTP Request: GET https://huggingface.co/api/models/apple/mobilevit-small/commits/main "HTTP/1.1 200 OK"
2026-05-24 01:39:23,295 | [AUG ] | INFO | httpx | HTTP Request: GET https://huggingface.co/api/models/apple/mobilevit-small/discussions?p=0 "HTTP/1.1 200 OK"
2026-05-24 01:39:23,519 | [AUG ] | INFO | httpx | HTTP Request: GET https://huggingface.co/api/models/apple/mobilevit-small/commits/refs%2Fpr%2F6 "HTTP/1.1 200 OK"
2026-05-24 01:39:23,733 | [AUG ] | INFO | httpx | HTTP Request: HEAD https://huggingface.co/apple/mobilevit-small/resolve/refs%2Fpr%2F6/model.safetensors.index.json "HTTP/1.1 404 Not Found"
2026-05-24 01:39:23,952 | [AUG ] | INFO | httpx | HTTP Request: HEAD https://huggingface.co/apple/mobilevit-small/resolve/refs%2Fpr%2F6/model.safetensors "HTTP/1.1 302 Found"
2026-05-24 01:39:25,662 | [AUG ] | INFO | model_trainers.mobile_vit_trainer | Epoch [01/500] | Train Acc: 53.9% | Val Acc: 37.2% | Val Loss: 0.7409
2026-05-24 01:39:25,758 | [AUG ] | INFO | model_trainers.mobile_vit_trainer |   ↳ new best val loss; saved checkpoint: /home/leggo/AIResearch/VOGBasedMCIDetectionSystemMobileViTSingleExperimentInference/outputs/checkpoints/run_20260524_011532_aug/fold_11_best.pth
2026-05-24 01:39:28,077 | [AUG ] | INFO | model_trainers.mobile_vit_trainer | Epoch [02/500] | Train Acc: 51.6% | Val Acc: 51.2% | Val Loss: 0.7060
2026-05-24 01:39:28,231 | [AUG ] | INFO | model_trainers.mobile_vit_trainer |   ↳ new best val loss; saved checkpoint: /home/leggo/AIResearch/VOGBasedMCIDetectionSystemMobileViTSingleExperimentInference/outputs/checkpoints/run_20260524_011532_aug/fold_11_best.pth
2026-05-24 01:39:30,527 | [AUG ] | INFO | model_trainers.mobile_vit_trainer | Epoch [03/500] | Train Acc: 55.5% | Val Acc: 60.5% | Val Loss: 0.6739
2026-05-24 01:39:30,656 | [AUG ] | INFO | model_trainers.mobile_vit_trainer |   ↳ new best val loss; saved checkpoint: /home/leggo/AIResearch/VOGBasedMCIDetectionSystemMobileViTSingleExperimentInference/outputs/checkpoints/run_20260524_011532_aug/fold_11_best.pth
2026-05-24 01:39:32,942 | [AUG ] | INFO | model_trainers.mobile_vit_trainer | Epoch [04/500] | Train Acc: 50.8% | Val Acc: 61.6% | Val Loss: 0.6744
2026-05-24 01:39:35,218 | [AUG ] | INFO | model_trainers.mobile_vit_trainer | Epoch [05/500] | Train Acc: 53.9% | Val Acc: 60.5% | Val Loss: 0.6696
2026-05-24 01:39:35,353 | [AUG ] | INFO | model_trainers.mobile_vit_trainer |   ↳ new best val loss; saved checkpoint: /home/leggo/AIResearch/VOGBasedMCIDetectionSystemMobileViTSingleExperimentInference/outputs/checkpoints/run_20260524_011532_aug/fold_11_best.pth
2026-05-24 01:39:37,672 | [AUG ] | INFO | model_trainers.mobile_vit_trainer | Epoch [06/500] | Train Acc: 53.9% | Val Acc: 64.0% | Val Loss: 0.6682
2026-05-24 01:39:37,790 | [AUG ] | INFO | model_trainers.mobile_vit_trainer |   ↳ new best val loss; saved checkpoint: /home/leggo/AIResearch/VOGBasedMCIDetectionSystemMobileViTSingleExperimentInference/outputs/checkpoints/run_20260524_011532_aug/fold_11_best.pth
2026-05-24 01:39:39,865 | [AUG ] | INFO | model_trainers.mobile_vit_trainer | Epoch [07/500] | Train Acc: 45.3% | Val Acc: 62.8% | Val Loss: 0.6692
2026-05-24 01:39:40,922 | [AUG ] | INFO | model_trainers.mobile_vit_trainer | Epoch [08/500] | Train Acc: 55.5% | Val Acc: 64.0% | Val Loss: 0.6778
2026-05-24 01:39:42,208 | [AUG ] | INFO | model_trainers.mobile_vit_trainer | Epoch [09/500] | Train Acc: 47.7% | Val Acc: 61.6% | Val Loss: 0.6826
2026-05-24 01:39:44,280 | [AUG ] | INFO | model_trainers.mobile_vit_trainer | Epoch [10/500] | Train Acc: 52.3% | Val Acc: 65.1% | Val Loss: 0.6819
2026-05-24 01:39:46,535 | [AUG ] | INFO | model_trainers.mobile_vit_trainer | Epoch [11/500] | Train Acc: 50.8% | Val Acc: 60.5% | Val Loss: 0.6818
2026-05-24 01:39:48,639 | [AUG ] | INFO | model_trainers.mobile_vit_trainer | Epoch [12/500] | Train Acc: 60.2% | Val Acc: 58.1% | Val Loss: 0.6755
2026-05-24 01:39:50,885 | [AUG ] | INFO | model_trainers.mobile_vit_trainer | Epoch [13/500] | Train Acc: 60.2% | Val Acc: 58.1% | Val Loss: 0.6766
2026-05-24 01:39:53,131 | [AUG ] | INFO | model_trainers.mobile_vit_trainer | Epoch [14/500] | Train Acc: 50.8% | Val Acc: 59.3% | Val Loss: 0.6848
2026-05-24 01:39:55,379 | [AUG ] | INFO | model_trainers.mobile_vit_trainer | Epoch [15/500] | Train Acc: 56.2% | Val Acc: 59.3% | Val Loss: 0.6845
2026-05-24 01:39:57,593 | [AUG ] | INFO | model_trainers.mobile_vit_trainer | Epoch [16/500] | Train Acc: 51.6% | Val Acc: 61.6% | Val Loss: 0.6796
2026-05-24 01:39:59,800 | [AUG ] | INFO | model_trainers.mobile_vit_trainer | Epoch [17/500] | Train Acc: 55.5% | Val Acc: 65.1% | Val Loss: 0.6703
2026-05-24 01:40:02,071 | [AUG ] | INFO | model_trainers.mobile_vit_trainer | Epoch [18/500] | Train Acc: 56.2% | Val Acc: 61.6% | Val Loss: 0.6645
2026-05-24 01:40:02,214 | [AUG ] | INFO | model_trainers.mobile_vit_trainer |   ↳ new best val loss; saved checkpoint: /home/leggo/AIResearch/VOGBasedMCIDetectionSystemMobileViTSingleExperimentInference/outputs/checkpoints/run_20260524_011532_aug/fold_11_best.pth
2026-05-24 01:40:04,463 | [AUG ] | INFO | model_trainers.mobile_vit_trainer | Epoch [19/500] | Train Acc: 53.1% | Val Acc: 61.6% | Val Loss: 0.6615
2026-05-24 01:40:04,588 | [AUG ] | INFO | model_trainers.mobile_vit_trainer |   ↳ new best val loss; saved checkpoint: /home/leggo/AIResearch/VOGBasedMCIDetectionSystemMobileViTSingleExperimentInference/outputs/checkpoints/run_20260524_011532_aug/fold_11_best.pth
2026-05-24 01:40:06,836 | [AUG ] | INFO | model_trainers.mobile_vit_trainer | Epoch [20/500] | Train Acc: 58.6% | Val Acc: 59.3% | Val Loss: 0.6650
2026-05-24 01:40:09,084 | [AUG ] | INFO | model_trainers.mobile_vit_trainer | Epoch [21/500] | Train Acc: 53.9% | Val Acc: 59.3% | Val Loss: 0.6730
2026-05-24 01:40:11,310 | [AUG ] | INFO | model_trainers.mobile_vit_trainer | Epoch [22/500] | Train Acc: 57.0% | Val Acc: 58.1% | Val Loss: 0.6747
2026-05-24 01:40:13,538 | [AUG ] | INFO | model_trainers.mobile_vit_trainer | Epoch [23/500] | Train Acc: 49.2% | Val Acc: 60.5% | Val Loss: 0.6783
2026-05-24 01:40:15,765 | [AUG ] | INFO | model_trainers.mobile_vit_trainer | Epoch [24/500] | Train Acc: 49.2% | Val Acc: 60.5% | Val Loss: 0.6794
2026-05-24 01:40:18,014 | [AUG ] | INFO | model_trainers.mobile_vit_trainer | Epoch [25/500] | Train Acc: 56.2% | Val Acc: 55.8% | Val Loss: 0.6932
2026-05-24 01:40:20,294 | [AUG ] | INFO | model_trainers.mobile_vit_trainer | Epoch [26/500] | Train Acc: 53.1% | Val Acc: 52.3% | Val Loss: 0.6984
2026-05-24 01:40:22,544 | [AUG ] | INFO | model_trainers.mobile_vit_trainer | Epoch [27/500] | Train Acc: 49.2% | Val Acc: 53.5% | Val Loss: 0.6903
2026-05-24 01:40:24,830 | [AUG ] | INFO | model_trainers.mobile_vit_trainer | Epoch [28/500] | Train Acc: 59.4% | Val Acc: 55.8% | Val Loss: 0.6881
2026-05-24 01:40:27,143 | [AUG ] | INFO | model_trainers.mobile_vit_trainer | Epoch [29/500] | Train Acc: 53.1% | Val Acc: 62.8% | Val Loss: 0.6832
2026-05-24 01:40:29,443 | [AUG ] | INFO | model_trainers.mobile_vit_trainer | Epoch [30/500] | Train Acc: 47.7% | Val Acc: 64.0% | Val Loss: 0.6772
2026-05-24 01:40:31,761 | [AUG ] | INFO | model_trainers.mobile_vit_trainer | Epoch [31/500] | Train Acc: 53.1% | Val Acc: 61.6% | Val Loss: 0.6718
2026-05-24 01:40:34,066 | [AUG ] | INFO | model_trainers.mobile_vit_trainer | Epoch [32/500] | Train Acc: 57.8% | Val Acc: 57.0% | Val Loss: 0.6766
2026-05-24 01:40:36,316 | [AUG ] | INFO | model_trainers.mobile_vit_trainer | Epoch [33/500] | Train Acc: 64.1% | Val Acc: 60.5% | Val Loss: 0.6711
2026-05-24 01:40:38,535 | [AUG ] | INFO | model_trainers.mobile_vit_trainer | Epoch [34/500] | Train Acc: 46.1% | Val Acc: 61.6% | Val Loss: 0.6752
2026-05-24 01:40:40,802 | [AUG ] | INFO | model_trainers.mobile_vit_trainer | Epoch [35/500] | Train Acc: 56.2% | Val Acc: 60.5% | Val Loss: 0.6751
2026-05-24 01:40:43,031 | [AUG ] | INFO | model_trainers.mobile_vit_trainer | Epoch [36/500] | Train Acc: 50.8% | Val Acc: 60.5% | Val Loss: 0.6805
2026-05-24 01:40:45,265 | [AUG ] | INFO | model_trainers.mobile_vit_trainer | Epoch [37/500] | Train Acc: 54.7% | Val Acc: 61.6% | Val Loss: 0.6754
2026-05-24 01:40:47,485 | [AUG ] | INFO | model_trainers.mobile_vit_trainer | Epoch [38/500] | Train Acc: 50.8% | Val Acc: 64.0% | Val Loss: 0.6777
2026-05-24 01:40:49,717 | [AUG ] | INFO | model_trainers.mobile_vit_trainer | Epoch [39/500] | Train Acc: 60.9% | Val Acc: 64.0% | Val Loss: 0.6725
2026-05-24 01:40:51,939 | [AUG ] | INFO | model_trainers.mobile_vit_trainer | Epoch [40/500] | Train Acc: 43.0% | Val Acc: 62.8% | Val Loss: 0.6751
2026-05-24 01:40:54,166 | [AUG ] | INFO | model_trainers.mobile_vit_trainer | Epoch [41/500] | Train Acc: 60.2% | Val Acc: 57.0% | Val Loss: 0.6814
2026-05-24 01:40:56,440 | [AUG ] | INFO | model_trainers.mobile_vit_trainer | Epoch [42/500] | Train Acc: 57.0% | Val Acc: 62.8% | Val Loss: 0.6752
2026-05-24 01:40:58,699 | [AUG ] | INFO | model_trainers.mobile_vit_trainer | Epoch [43/500] | Train Acc: 53.1% | Val Acc: 59.3% | Val Loss: 0.6836
2026-05-24 01:41:00,988 | [AUG ] | INFO | model_trainers.mobile_vit_trainer | Epoch [44/500] | Train Acc: 53.1% | Val Acc: 60.5% | Val Loss: 0.6735
2026-05-24 01:41:03,202 | [AUG ] | INFO | model_trainers.mobile_vit_trainer | Epoch [45/500] | Train Acc: 57.0% | Val Acc: 59.3% | Val Loss: 0.6756
2026-05-24 01:41:05,402 | [AUG ] | INFO | model_trainers.mobile_vit_trainer | Epoch [46/500] | Train Acc: 57.0% | Val Acc: 57.0% | Val Loss: 0.6777
2026-05-24 01:41:07,642 | [AUG ] | INFO | model_trainers.mobile_vit_trainer | Epoch [47/500] | Train Acc: 61.7% | Val Acc: 58.1% | Val Loss: 0.6769
2026-05-24 01:41:09,880 | [AUG ] | INFO | model_trainers.mobile_vit_trainer | Epoch [48/500] | Train Acc: 60.9% | Val Acc: 58.1% | Val Loss: 0.6751
2026-05-24 01:41:12,142 | [AUG ] | INFO | model_trainers.mobile_vit_trainer | Epoch [49/500] | Train Acc: 57.0% | Val Acc: 55.8% | Val Loss: 0.6759
2026-05-24 01:41:14,274 | [AUG ] | INFO | model_trainers.mobile_vit_trainer | Epoch [50/500] | Train Acc: 60.9% | Val Acc: 57.0% | Val Loss: 0.6786
2026-05-24 01:41:15,322 | [AUG ] | INFO | model_trainers.mobile_vit_trainer | Epoch [51/500] | Train Acc: 61.7% | Val Acc: 59.3% | Val Loss: 0.6797
2026-05-24 01:41:16,860 | [AUG ] | INFO | model_trainers.mobile_vit_trainer | Epoch [52/500] | Train Acc: 64.1% | Val Acc: 59.3% | Val Loss: 0.6834
2026-05-24 01:41:18,989 | [AUG ] | INFO | model_trainers.mobile_vit_trainer | Epoch [53/500] | Train Acc: 61.7% | Val Acc: 55.8% | Val Loss: 0.6809
2026-05-24 01:41:21,275 | [AUG ] | INFO | model_trainers.mobile_vit_trainer | Epoch [54/500] | Train Acc: 51.6% | Val Acc: 51.2% | Val Loss: 0.6756
2026-05-24 01:41:23,562 | [AUG ] | INFO | model_trainers.mobile_vit_trainer | Epoch [55/500] | Train Acc: 60.2% | Val Acc: 55.8% | Val Loss: 0.6744
2026-05-24 01:41:25,799 | [AUG ] | INFO | model_trainers.mobile_vit_trainer | Epoch [56/500] | Train Acc: 60.9% | Val Acc: 55.8% | Val Loss: 0.6803
2026-05-24 01:41:28,067 | [AUG ] | INFO | model_trainers.mobile_vit_trainer | Epoch [57/500] | Train Acc: 54.7% | Val Acc: 58.1% | Val Loss: 0.6771
2026-05-24 01:41:30,339 | [AUG ] | INFO | model_trainers.mobile_vit_trainer | Epoch [58/500] | Train Acc: 56.2% | Val Acc: 52.3% | Val Loss: 0.6795
2026-05-24 01:41:32,597 | [AUG ] | INFO | model_trainers.mobile_vit_trainer | Epoch [59/500] | Train Acc: 50.8% | Val Acc: 57.0% | Val Loss: 0.6807
2026-05-24 01:41:32,597 | [AUG ] | INFO | model_trainers.mobile_vit_trainer | Early stop at epoch 59 (no val-loss improvement for 40 epochs; best=0.6615)
2026-05-24 01:41:33,390 | [AUG ] | INFO | evaluators.monte_carlo_evaluator | -> Fold 12 Result | Acc=0.583 Sens=0.429 Spec=0.800 AUROC=0.629
2026-05-24 01:41:33,391 | [AUG ] | INFO | evaluators.monte_carlo_evaluator | === Fold 13/30 | train: 23 subj / 144 windows | test: 11 subj / 85 windows ===
2026-05-24 01:41:33,636 | [AUG ] | INFO | httpx | HTTP Request: HEAD https://huggingface.co/apple/mobilevit-small/resolve/main/config.json "HTTP/1.1 307 Temporary Redirect"
2026-05-24 01:41:33,655 | [AUG ] | INFO | httpx | HTTP Request: HEAD https://huggingface.co/api/resolve-cache/models/apple/mobilevit-small/6c8612545dc98676d27bc518fa521d9e9af23e34/config.json "HTTP/1.1 200 OK"
2026-05-24 01:41:33,936 | [AUG ] | INFO | httpx | HTTP Request: HEAD https://huggingface.co/apple/mobilevit-small/resolve/main/model.safetensors "HTTP/1.1 404 Not Found"
2026-05-24 01:41:34,152 | [AUG ] | INFO | httpx | HTTP Request: HEAD https://huggingface.co/apple/mobilevit-small/resolve/main/model.safetensors.index.json "HTTP/1.1 404 Not Found"
2026-05-24 01:41:34,372 | [AUG ] | INFO | httpx | HTTP Request: HEAD https://huggingface.co/apple/mobilevit-small/resolve/main/pytorch_model.bin "HTTP/1.1 302 Found"
2026-05-24 01:41:34,590 | [AUG ] | INFO | httpx | HTTP Request: HEAD https://huggingface.co/apple/mobilevit-small/resolve/main/model.safetensors "HTTP/1.1 404 Not Found"
2026-05-24 01:41:34,825 | [AUG ] | INFO | httpx | HTTP Request: GET https://huggingface.co/api/models/apple/mobilevit-small "HTTP/1.1 200 OK"
2026-05-24 01:41:35,142 | [AUG ] | INFO | httpx | HTTP Request: GET https://huggingface.co/api/models/apple/mobilevit-small/commits/main "HTTP/1.1 200 OK"
2026-05-24 01:41:35,385 | [AUG ] | INFO | httpx | HTTP Request: GET https://huggingface.co/api/models/apple/mobilevit-small/discussions?p=0 "HTTP/1.1 200 OK"
2026-05-24 01:41:35,611 | [AUG ] | INFO | httpx | HTTP Request: GET https://huggingface.co/api/models/apple/mobilevit-small/commits/refs%2Fpr%2F6 "HTTP/1.1 200 OK"
2026-05-24 01:41:35,822 | [AUG ] | INFO | httpx | HTTP Request: HEAD https://huggingface.co/apple/mobilevit-small/resolve/refs%2Fpr%2F6/model.safetensors.index.json "HTTP/1.1 404 Not Found"
2026-05-24 01:41:36,041 | [AUG ] | INFO | httpx | HTTP Request: HEAD https://huggingface.co/apple/mobilevit-small/resolve/refs%2Fpr%2F6/model.safetensors "HTTP/1.1 302 Found"
2026-05-24 01:41:37,780 | [AUG ] | INFO | model_trainers.mobile_vit_trainer | Epoch [01/500] | Train Acc: 52.3% | Val Acc: 49.4% | Val Loss: 0.7515
2026-05-24 01:41:37,875 | [AUG ] | INFO | model_trainers.mobile_vit_trainer |   ↳ new best val loss; saved checkpoint: /home/leggo/AIResearch/VOGBasedMCIDetectionSystemMobileViTSingleExperimentInference/outputs/checkpoints/run_20260524_011532_aug/fold_12_best.pth
2026-05-24 01:41:40,145 | [AUG ] | INFO | model_trainers.mobile_vit_trainer | Epoch [02/500] | Train Acc: 51.6% | Val Acc: 51.8% | Val Loss: 0.7648
2026-05-24 01:41:42,443 | [AUG ] | INFO | model_trainers.mobile_vit_trainer | Epoch [03/500] | Train Acc: 56.2% | Val Acc: 54.1% | Val Loss: 0.7294
2026-05-24 01:41:42,582 | [AUG ] | INFO | model_trainers.mobile_vit_trainer |   ↳ new best val loss; saved checkpoint: /home/leggo/AIResearch/VOGBasedMCIDetectionSystemMobileViTSingleExperimentInference/outputs/checkpoints/run_20260524_011532_aug/fold_12_best.pth
2026-05-24 01:41:44,844 | [AUG ] | INFO | model_trainers.mobile_vit_trainer | Epoch [04/500] | Train Acc: 50.0% | Val Acc: 54.1% | Val Loss: 0.7072
2026-05-24 01:41:44,996 | [AUG ] | INFO | model_trainers.mobile_vit_trainer |   ↳ new best val loss; saved checkpoint: /home/leggo/AIResearch/VOGBasedMCIDetectionSystemMobileViTSingleExperimentInference/outputs/checkpoints/run_20260524_011532_aug/fold_12_best.pth
2026-05-24 01:41:47,249 | [AUG ] | INFO | model_trainers.mobile_vit_trainer | Epoch [05/500] | Train Acc: 51.6% | Val Acc: 52.9% | Val Loss: 0.7204
2026-05-24 01:41:49,509 | [AUG ] | INFO | model_trainers.mobile_vit_trainer | Epoch [06/500] | Train Acc: 54.7% | Val Acc: 51.8% | Val Loss: 0.7424
2026-05-24 01:41:51,771 | [AUG ] | INFO | model_trainers.mobile_vit_trainer | Epoch [07/500] | Train Acc: 48.4% | Val Acc: 51.8% | Val Loss: 0.7638
2026-05-24 01:41:54,044 | [AUG ] | INFO | model_trainers.mobile_vit_trainer | Epoch [08/500] | Train Acc: 57.8% | Val Acc: 48.2% | Val Loss: 0.7670
2026-05-24 01:41:56,347 | [AUG ] | INFO | model_trainers.mobile_vit_trainer | Epoch [09/500] | Train Acc: 60.2% | Val Acc: 51.8% | Val Loss: 0.7551
2026-05-24 01:41:58,605 | [AUG ] | INFO | model_trainers.mobile_vit_trainer | Epoch [10/500] | Train Acc: 49.2% | Val Acc: 52.9% | Val Loss: 0.7457
2026-05-24 01:42:00,866 | [AUG ] | INFO | model_trainers.mobile_vit_trainer | Epoch [11/500] | Train Acc: 51.6% | Val Acc: 49.4% | Val Loss: 0.7369
2026-05-24 01:42:03,150 | [AUG ] | INFO | model_trainers.mobile_vit_trainer | Epoch [12/500] | Train Acc: 46.1% | Val Acc: 45.9% | Val Loss: 0.7327
2026-05-24 01:42:05,445 | [AUG ] | INFO | model_trainers.mobile_vit_trainer | Epoch [13/500] | Train Acc: 51.6% | Val Acc: 44.7% | Val Loss: 0.7387
2026-05-24 01:42:07,704 | [AUG ] | INFO | model_trainers.mobile_vit_trainer | Epoch [14/500] | Train Acc: 52.3% | Val Acc: 44.7% | Val Loss: 0.7365
2026-05-24 01:42:09,959 | [AUG ] | INFO | model_trainers.mobile_vit_trainer | Epoch [15/500] | Train Acc: 55.5% | Val Acc: 47.1% | Val Loss: 0.7322
2026-05-24 01:42:12,228 | [AUG ] | INFO | model_trainers.mobile_vit_trainer | Epoch [16/500] | Train Acc: 49.2% | Val Acc: 47.1% | Val Loss: 0.7291
2026-05-24 01:42:14,503 | [AUG ] | INFO | model_trainers.mobile_vit_trainer | Epoch [17/500] | Train Acc: 50.8% | Val Acc: 48.2% | Val Loss: 0.7296
2026-05-24 01:42:16,789 | [AUG ] | INFO | model_trainers.mobile_vit_trainer | Epoch [18/500] | Train Acc: 53.1% | Val Acc: 49.4% | Val Loss: 0.7297
2026-05-24 01:42:19,031 | [AUG ] | INFO | model_trainers.mobile_vit_trainer | Epoch [19/500] | Train Acc: 51.6% | Val Acc: 48.2% | Val Loss: 0.7326
2026-05-24 01:42:21,312 | [AUG ] | INFO | model_trainers.mobile_vit_trainer | Epoch [20/500] | Train Acc: 55.5% | Val Acc: 48.2% | Val Loss: 0.7322
2026-05-24 01:42:23,595 | [AUG ] | INFO | model_trainers.mobile_vit_trainer | Epoch [21/500] | Train Acc: 52.3% | Val Acc: 49.4% | Val Loss: 0.7351
2026-05-24 01:42:25,864 | [AUG ] | INFO | model_trainers.mobile_vit_trainer | Epoch [22/500] | Train Acc: 54.7% | Val Acc: 47.1% | Val Loss: 0.7358
2026-05-24 01:42:28,140 | [AUG ] | INFO | model_trainers.mobile_vit_trainer | Epoch [23/500] | Train Acc: 59.4% | Val Acc: 48.2% | Val Loss: 0.7300
2026-05-24 01:42:30,415 | [AUG ] | INFO | model_trainers.mobile_vit_trainer | Epoch [24/500] | Train Acc: 55.5% | Val Acc: 48.2% | Val Loss: 0.7283
2026-05-24 01:42:32,657 | [AUG ] | INFO | model_trainers.mobile_vit_trainer | Epoch [25/500] | Train Acc: 53.1% | Val Acc: 49.4% | Val Loss: 0.7225
2026-05-24 01:42:34,936 | [AUG ] | INFO | model_trainers.mobile_vit_trainer | Epoch [26/500] | Train Acc: 59.4% | Val Acc: 49.4% | Val Loss: 0.7176
2026-05-24 01:42:37,226 | [AUG ] | INFO | model_trainers.mobile_vit_trainer | Epoch [27/500] | Train Acc: 51.6% | Val Acc: 48.2% | Val Loss: 0.7118
2026-05-24 01:42:39,486 | [AUG ] | INFO | model_trainers.mobile_vit_trainer | Epoch [28/500] | Train Acc: 53.9% | Val Acc: 48.2% | Val Loss: 0.7148
2026-05-24 01:42:41,759 | [AUG ] | INFO | model_trainers.mobile_vit_trainer | Epoch [29/500] | Train Acc: 55.5% | Val Acc: 49.4% | Val Loss: 0.7212
2026-05-24 01:42:44,016 | [AUG ] | INFO | model_trainers.mobile_vit_trainer | Epoch [30/500] | Train Acc: 49.2% | Val Acc: 50.6% | Val Loss: 0.7239
2026-05-24 01:42:46,265 | [AUG ] | INFO | model_trainers.mobile_vit_trainer | Epoch [31/500] | Train Acc: 59.4% | Val Acc: 50.6% | Val Loss: 0.7249
2026-05-24 01:42:48,547 | [AUG ] | INFO | model_trainers.mobile_vit_trainer | Epoch [32/500] | Train Acc: 52.3% | Val Acc: 48.2% | Val Loss: 0.7232
2026-05-24 01:42:50,830 | [AUG ] | INFO | model_trainers.mobile_vit_trainer | Epoch [33/500] | Train Acc: 61.7% | Val Acc: 47.1% | Val Loss: 0.7224
2026-05-24 01:42:53,091 | [AUG ] | INFO | model_trainers.mobile_vit_trainer | Epoch [34/500] | Train Acc: 58.6% | Val Acc: 49.4% | Val Loss: 0.7277
2026-05-24 01:42:55,353 | [AUG ] | INFO | model_trainers.mobile_vit_trainer | Epoch [35/500] | Train Acc: 55.5% | Val Acc: 49.4% | Val Loss: 0.7357
2026-05-24 01:42:57,641 | [AUG ] | INFO | model_trainers.mobile_vit_trainer | Epoch [36/500] | Train Acc: 63.3% | Val Acc: 48.2% | Val Loss: 0.7330
2026-05-24 01:42:59,136 | [AUG ] | INFO | model_trainers.mobile_vit_trainer | Epoch [37/500] | Train Acc: 52.3% | Val Acc: 47.1% | Val Loss: 0.7336
2026-05-24 01:43:00,192 | [AUG ] | INFO | model_trainers.mobile_vit_trainer | Epoch [38/500] | Train Acc: 55.5% | Val Acc: 45.9% | Val Loss: 0.7358
2026-05-24 01:43:01,979 | [AUG ] | INFO | model_trainers.mobile_vit_trainer | Epoch [39/500] | Train Acc: 50.0% | Val Acc: 47.1% | Val Loss: 0.7378
2026-05-24 01:43:04,052 | [AUG ] | INFO | model_trainers.mobile_vit_trainer | Epoch [40/500] | Train Acc: 59.4% | Val Acc: 48.2% | Val Loss: 0.7361
2026-05-24 01:43:06,326 | [AUG ] | INFO | model_trainers.mobile_vit_trainer | Epoch [41/500] | Train Acc: 51.6% | Val Acc: 45.9% | Val Loss: 0.7339
2026-05-24 01:43:08,604 | [AUG ] | INFO | model_trainers.mobile_vit_trainer | Epoch [42/500] | Train Acc: 58.6% | Val Acc: 47.1% | Val Loss: 0.7334
2026-05-24 01:43:10,873 | [AUG ] | INFO | model_trainers.mobile_vit_trainer | Epoch [43/500] | Train Acc: 53.1% | Val Acc: 45.9% | Val Loss: 0.7312
2026-05-24 01:43:13,155 | [AUG ] | INFO | model_trainers.mobile_vit_trainer | Epoch [44/500] | Train Acc: 53.9% | Val Acc: 49.4% | Val Loss: 0.7270
2026-05-24 01:43:13,156 | [AUG ] | INFO | model_trainers.mobile_vit_trainer | Early stop at epoch 44 (no val-loss improvement for 40 epochs; best=0.7072)
2026-05-24 01:43:13,936 | [AUG ] | INFO | evaluators.monte_carlo_evaluator | -> Fold 13 Result | Acc=0.333 Sens=0.000 Spec=1.000 AUROC=0.219
2026-05-24 01:43:13,937 | [AUG ] | INFO | evaluators.monte_carlo_evaluator | === Fold 14/30 | train: 23 subj / 146 windows | test: 11 subj / 83 windows ===
2026-05-24 01:43:14,172 | [AUG ] | INFO | httpx | HTTP Request: HEAD https://huggingface.co/apple/mobilevit-small/resolve/main/config.json "HTTP/1.1 307 Temporary Redirect"
2026-05-24 01:43:14,190 | [AUG ] | INFO | httpx | HTTP Request: HEAD https://huggingface.co/api/resolve-cache/models/apple/mobilevit-small/6c8612545dc98676d27bc518fa521d9e9af23e34/config.json "HTTP/1.1 200 OK"
2026-05-24 01:43:14,477 | [AUG ] | INFO | httpx | HTTP Request: HEAD https://huggingface.co/apple/mobilevit-small/resolve/main/model.safetensors "HTTP/1.1 404 Not Found"
2026-05-24 01:43:14,692 | [AUG ] | INFO | httpx | HTTP Request: HEAD https://huggingface.co/apple/mobilevit-small/resolve/main/model.safetensors.index.json "HTTP/1.1 404 Not Found"
2026-05-24 01:43:14,914 | [AUG ] | INFO | httpx | HTTP Request: HEAD https://huggingface.co/apple/mobilevit-small/resolve/main/pytorch_model.bin "HTTP/1.1 302 Found"
2026-05-24 01:43:15,125 | [AUG ] | INFO | httpx | HTTP Request: HEAD https://huggingface.co/apple/mobilevit-small/resolve/main/model.safetensors "HTTP/1.1 404 Not Found"
2026-05-24 01:43:15,359 | [AUG ] | INFO | httpx | HTTP Request: GET https://huggingface.co/api/models/apple/mobilevit-small "HTTP/1.1 200 OK"
2026-05-24 01:43:15,709 | [AUG ] | INFO | httpx | HTTP Request: GET https://huggingface.co/api/models/apple/mobilevit-small/commits/main "HTTP/1.1 200 OK"
2026-05-24 01:43:15,942 | [AUG ] | INFO | httpx | HTTP Request: GET https://huggingface.co/api/models/apple/mobilevit-small/discussions?p=0 "HTTP/1.1 200 OK"
2026-05-24 01:43:16,165 | [AUG ] | INFO | httpx | HTTP Request: GET https://huggingface.co/api/models/apple/mobilevit-small/commits/refs%2Fpr%2F6 "HTTP/1.1 200 OK"
2026-05-24 01:43:16,372 | [AUG ] | INFO | httpx | HTTP Request: HEAD https://huggingface.co/apple/mobilevit-small/resolve/refs%2Fpr%2F6/model.safetensors.index.json "HTTP/1.1 404 Not Found"
2026-05-24 01:43:16,589 | [AUG ] | INFO | httpx | HTTP Request: HEAD https://huggingface.co/apple/mobilevit-small/resolve/refs%2Fpr%2F6/model.safetensors "HTTP/1.1 302 Found"
2026-05-24 01:43:18,360 | [AUG ] | INFO | model_trainers.mobile_vit_trainer | Epoch [01/500] | Train Acc: 57.0% | Val Acc: 44.6% | Val Loss: 0.7335
2026-05-24 01:43:18,463 | [AUG ] | INFO | model_trainers.mobile_vit_trainer |   ↳ new best val loss; saved checkpoint: /home/leggo/AIResearch/VOGBasedMCIDetectionSystemMobileViTSingleExperimentInference/outputs/checkpoints/run_20260524_011532_aug/fold_13_best.pth
2026-05-24 01:43:20,732 | [AUG ] | INFO | model_trainers.mobile_vit_trainer | Epoch [02/500] | Train Acc: 45.3% | Val Acc: 45.8% | Val Loss: 0.7192
2026-05-24 01:43:20,872 | [AUG ] | INFO | model_trainers.mobile_vit_trainer |   ↳ new best val loss; saved checkpoint: /home/leggo/AIResearch/VOGBasedMCIDetectionSystemMobileViTSingleExperimentInference/outputs/checkpoints/run_20260524_011532_aug/fold_13_best.pth
2026-05-24 01:43:23,120 | [AUG ] | INFO | model_trainers.mobile_vit_trainer | Epoch [03/500] | Train Acc: 53.9% | Val Acc: 50.6% | Val Loss: 0.6970
2026-05-24 01:43:23,258 | [AUG ] | INFO | model_trainers.mobile_vit_trainer |   ↳ new best val loss; saved checkpoint: /home/leggo/AIResearch/VOGBasedMCIDetectionSystemMobileViTSingleExperimentInference/outputs/checkpoints/run_20260524_011532_aug/fold_13_best.pth
2026-05-24 01:43:25,506 | [AUG ] | INFO | model_trainers.mobile_vit_trainer | Epoch [04/500] | Train Acc: 52.3% | Val Acc: 60.2% | Val Loss: 0.6738
2026-05-24 01:43:25,642 | [AUG ] | INFO | model_trainers.mobile_vit_trainer |   ↳ new best val loss; saved checkpoint: /home/leggo/AIResearch/VOGBasedMCIDetectionSystemMobileViTSingleExperimentInference/outputs/checkpoints/run_20260524_011532_aug/fold_13_best.pth
2026-05-24 01:43:27,890 | [AUG ] | INFO | model_trainers.mobile_vit_trainer | Epoch [05/500] | Train Acc: 50.0% | Val Acc: 53.0% | Val Loss: 0.6854
2026-05-24 01:43:30,190 | [AUG ] | INFO | model_trainers.mobile_vit_trainer | Epoch [06/500] | Train Acc: 60.9% | Val Acc: 48.2% | Val Loss: 0.6977
2026-05-24 01:43:32,509 | [AUG ] | INFO | model_trainers.mobile_vit_trainer | Epoch [07/500] | Train Acc: 59.4% | Val Acc: 50.6% | Val Loss: 0.7003
2026-05-24 01:43:34,856 | [AUG ] | INFO | model_trainers.mobile_vit_trainer | Epoch [08/500] | Train Acc: 52.3% | Val Acc: 54.2% | Val Loss: 0.6940
2026-05-24 01:43:37,049 | [AUG ] | INFO | model_trainers.mobile_vit_trainer | Epoch [09/500] | Train Acc: 50.0% | Val Acc: 56.6% | Val Loss: 0.6964
2026-05-24 01:43:39,329 | [AUG ] | INFO | model_trainers.mobile_vit_trainer | Epoch [10/500] | Train Acc: 48.4% | Val Acc: 56.6% | Val Loss: 0.7003
2026-05-24 01:43:41,627 | [AUG ] | INFO | model_trainers.mobile_vit_trainer | Epoch [11/500] | Train Acc: 49.2% | Val Acc: 57.8% | Val Loss: 0.6964
2026-05-24 01:43:43,771 | [AUG ] | INFO | model_trainers.mobile_vit_trainer | Epoch [12/500] | Train Acc: 50.8% | Val Acc: 56.6% | Val Loss: 0.6893
2026-05-24 01:43:46,044 | [AUG ] | INFO | model_trainers.mobile_vit_trainer | Epoch [13/500] | Train Acc: 57.8% | Val Acc: 54.2% | Val Loss: 0.6892
2026-05-24 01:43:48,305 | [AUG ] | INFO | model_trainers.mobile_vit_trainer | Epoch [14/500] | Train Acc: 52.3% | Val Acc: 56.6% | Val Loss: 0.6897
2026-05-24 01:43:50,394 | [AUG ] | INFO | model_trainers.mobile_vit_trainer | Epoch [15/500] | Train Acc: 56.2% | Val Acc: 55.4% | Val Loss: 0.6941
2026-05-24 01:43:52,501 | [AUG ] | INFO | model_trainers.mobile_vit_trainer | Epoch [16/500] | Train Acc: 53.9% | Val Acc: 49.4% | Val Loss: 0.7039
2026-05-24 01:43:54,761 | [AUG ] | INFO | model_trainers.mobile_vit_trainer | Epoch [17/500] | Train Acc: 57.8% | Val Acc: 47.0% | Val Loss: 0.7073
2026-05-24 01:43:57,014 | [AUG ] | INFO | model_trainers.mobile_vit_trainer | Epoch [18/500] | Train Acc: 55.5% | Val Acc: 51.8% | Val Loss: 0.7061
2026-05-24 01:43:59,288 | [AUG ] | INFO | model_trainers.mobile_vit_trainer | Epoch [19/500] | Train Acc: 47.7% | Val Acc: 50.6% | Val Loss: 0.7083
2026-05-24 01:44:01,561 | [AUG ] | INFO | model_trainers.mobile_vit_trainer | Epoch [20/500] | Train Acc: 49.2% | Val Acc: 50.6% | Val Loss: 0.7118
2026-05-24 01:44:03,822 | [AUG ] | INFO | model_trainers.mobile_vit_trainer | Epoch [21/500] | Train Acc: 50.8% | Val Acc: 51.8% | Val Loss: 0.7135
2026-05-24 01:44:06,012 | [AUG ] | INFO | model_trainers.mobile_vit_trainer | Epoch [22/500] | Train Acc: 56.2% | Val Acc: 50.6% | Val Loss: 0.7095
2026-05-24 01:44:08,216 | [AUG ] | INFO | model_trainers.mobile_vit_trainer | Epoch [23/500] | Train Acc: 53.1% | Val Acc: 53.0% | Val Loss: 0.7089
2026-05-24 01:44:10,315 | [AUG ] | INFO | model_trainers.mobile_vit_trainer | Epoch [24/500] | Train Acc: 53.9% | Val Acc: 53.0% | Val Loss: 0.7094
2026-05-24 01:44:12,570 | [AUG ] | INFO | model_trainers.mobile_vit_trainer | Epoch [25/500] | Train Acc: 53.9% | Val Acc: 49.4% | Val Loss: 0.7114
2026-05-24 01:44:14,818 | [AUG ] | INFO | model_trainers.mobile_vit_trainer | Epoch [26/500] | Train Acc: 58.6% | Val Acc: 53.0% | Val Loss: 0.7116
2026-05-24 01:44:17,060 | [AUG ] | INFO | model_trainers.mobile_vit_trainer | Epoch [27/500] | Train Acc: 50.8% | Val Acc: 50.6% | Val Loss: 0.7175
2026-05-24 01:44:19,296 | [AUG ] | INFO | model_trainers.mobile_vit_trainer | Epoch [28/500] | Train Acc: 54.7% | Val Acc: 51.8% | Val Loss: 0.7217
2026-05-24 01:44:21,402 | [AUG ] | INFO | model_trainers.mobile_vit_trainer | Epoch [29/500] | Train Acc: 64.1% | Val Acc: 49.4% | Val Loss: 0.7265
2026-05-24 01:44:23,644 | [AUG ] | INFO | model_trainers.mobile_vit_trainer | Epoch [30/500] | Train Acc: 54.7% | Val Acc: 51.8% | Val Loss: 0.7306
2026-05-24 01:44:25,928 | [AUG ] | INFO | model_trainers.mobile_vit_trainer | Epoch [31/500] | Train Acc: 56.2% | Val Acc: 50.6% | Val Loss: 0.7358
2026-05-24 01:44:28,180 | [AUG ] | INFO | model_trainers.mobile_vit_trainer | Epoch [32/500] | Train Acc: 57.0% | Val Acc: 50.6% | Val Loss: 0.7361
2026-05-24 01:44:30,433 | [AUG ] | INFO | model_trainers.mobile_vit_trainer | Epoch [33/500] | Train Acc: 53.1% | Val Acc: 53.0% | Val Loss: 0.7341
2026-05-24 01:44:32,707 | [AUG ] | INFO | model_trainers.mobile_vit_trainer | Epoch [34/500] | Train Acc: 58.6% | Val Acc: 50.6% | Val Loss: 0.7343
2026-05-24 01:44:34,964 | [AUG ] | INFO | model_trainers.mobile_vit_trainer | Epoch [35/500] | Train Acc: 57.0% | Val Acc: 51.8% | Val Loss: 0.7312
2026-05-24 01:44:37,209 | [AUG ] | INFO | model_trainers.mobile_vit_trainer | Epoch [36/500] | Train Acc: 55.5% | Val Acc: 53.0% | Val Loss: 0.7315
2026-05-24 01:44:39,455 | [AUG ] | INFO | model_trainers.mobile_vit_trainer | Epoch [37/500] | Train Acc: 56.2% | Val Acc: 54.2% | Val Loss: 0.7256
2026-05-24 01:44:41,713 | [AUG ] | INFO | model_trainers.mobile_vit_trainer | Epoch [38/500] | Train Acc: 51.6% | Val Acc: 50.6% | Val Loss: 0.7264
2026-05-24 01:44:43,970 | [AUG ] | INFO | model_trainers.mobile_vit_trainer | Epoch [39/500] | Train Acc: 61.7% | Val Acc: 50.6% | Val Loss: 0.7287
2026-05-24 01:44:46,211 | [AUG ] | INFO | model_trainers.mobile_vit_trainer | Epoch [40/500] | Train Acc: 54.7% | Val Acc: 50.6% | Val Loss: 0.7280
2026-05-24 01:44:48,483 | [AUG ] | INFO | model_trainers.mobile_vit_trainer | Epoch [41/500] | Train Acc: 53.9% | Val Acc: 50.6% | Val Loss: 0.7240
2026-05-24 01:44:50,751 | [AUG ] | INFO | model_trainers.mobile_vit_trainer | Epoch [42/500] | Train Acc: 58.6% | Val Acc: 48.2% | Val Loss: 0.7221
2026-05-24 01:44:53,032 | [AUG ] | INFO | model_trainers.mobile_vit_trainer | Epoch [43/500] | Train Acc: 64.8% | Val Acc: 47.0% | Val Loss: 0.7196
2026-05-24 01:44:55,255 | [AUG ] | INFO | model_trainers.mobile_vit_trainer | Epoch [44/500] | Train Acc: 53.9% | Val Acc: 49.4% | Val Loss: 0.7185
2026-05-24 01:44:55,256 | [AUG ] | INFO | model_trainers.mobile_vit_trainer | Early stop at epoch 44 (no val-loss improvement for 40 epochs; best=0.6738)
2026-05-24 01:44:56,015 | [AUG ] | INFO | evaluators.monte_carlo_evaluator | -> Fold 14 Result | Acc=0.500 Sens=0.444 Spec=0.667 AUROC=0.407
2026-05-24 01:44:56,016 | [AUG ] | INFO | evaluators.monte_carlo_evaluator | === Fold 15/30 | train: 23 subj / 161 windows | test: 11 subj / 68 windows ===
2026-05-24 01:44:56,272 | [AUG ] | INFO | httpx | HTTP Request: HEAD https://huggingface.co/apple/mobilevit-small/resolve/main/config.json "HTTP/1.1 307 Temporary Redirect"
2026-05-24 01:44:56,292 | [AUG ] | INFO | httpx | HTTP Request: HEAD https://huggingface.co/api/resolve-cache/models/apple/mobilevit-small/6c8612545dc98676d27bc518fa521d9e9af23e34/config.json "HTTP/1.1 200 OK"
2026-05-24 01:44:56,574 | [AUG ] | INFO | httpx | HTTP Request: HEAD https://huggingface.co/apple/mobilevit-small/resolve/main/model.safetensors "HTTP/1.1 404 Not Found"
2026-05-24 01:44:56,792 | [AUG ] | INFO | httpx | HTTP Request: HEAD https://huggingface.co/apple/mobilevit-small/resolve/main/model.safetensors.index.json "HTTP/1.1 404 Not Found"
2026-05-24 01:44:57,011 | [AUG ] | INFO | httpx | HTTP Request: HEAD https://huggingface.co/apple/mobilevit-small/resolve/main/pytorch_model.bin "HTTP/1.1 302 Found"
2026-05-24 01:44:57,227 | [AUG ] | INFO | httpx | HTTP Request: HEAD https://huggingface.co/apple/mobilevit-small/resolve/main/model.safetensors "HTTP/1.1 404 Not Found"
2026-05-24 01:44:57,699 | [AUG ] | INFO | httpx | HTTP Request: GET https://huggingface.co/api/models/apple/mobilevit-small "HTTP/1.1 200 OK"
2026-05-24 01:44:57,958 | [AUG ] | INFO | httpx | HTTP Request: GET https://huggingface.co/api/models/apple/mobilevit-small/commits/main "HTTP/1.1 200 OK"
2026-05-24 01:44:58,190 | [AUG ] | INFO | httpx | HTTP Request: GET https://huggingface.co/api/models/apple/mobilevit-small/discussions?p=0 "HTTP/1.1 200 OK"
2026-05-24 01:44:58,417 | [AUG ] | INFO | httpx | HTTP Request: GET https://huggingface.co/api/models/apple/mobilevit-small/commits/refs%2Fpr%2F6 "HTTP/1.1 200 OK"
2026-05-24 01:44:58,635 | [AUG ] | INFO | httpx | HTTP Request: HEAD https://huggingface.co/apple/mobilevit-small/resolve/refs%2Fpr%2F6/model.safetensors.index.json "HTTP/1.1 404 Not Found"
2026-05-24 01:44:58,856 | [AUG ] | INFO | httpx | HTTP Request: HEAD https://huggingface.co/apple/mobilevit-small/resolve/refs%2Fpr%2F6/model.safetensors "HTTP/1.1 302 Found"
2026-05-24 01:45:01,128 | [AUG ] | INFO | model_trainers.mobile_vit_trainer | Epoch [01/500] | Train Acc: 46.9% | Val Acc: 51.5% | Val Loss: 0.6905
2026-05-24 01:45:01,231 | [AUG ] | INFO | model_trainers.mobile_vit_trainer |   ↳ new best val loss; saved checkpoint: /home/leggo/AIResearch/VOGBasedMCIDetectionSystemMobileViTSingleExperimentInference/outputs/checkpoints/run_20260524_011532_aug/fold_14_best.pth
2026-05-24 01:45:03,996 | [AUG ] | INFO | model_trainers.mobile_vit_trainer | Epoch [02/500] | Train Acc: 53.8% | Val Acc: 32.4% | Val Loss: 0.7559
2026-05-24 01:45:06,716 | [AUG ] | INFO | model_trainers.mobile_vit_trainer | Epoch [03/500] | Train Acc: 46.9% | Val Acc: 33.8% | Val Loss: 0.7647
2026-05-24 01:45:09,467 | [AUG ] | INFO | model_trainers.mobile_vit_trainer | Epoch [04/500] | Train Acc: 50.0% | Val Acc: 47.1% | Val Loss: 0.7211
2026-05-24 01:45:12,203 | [AUG ] | INFO | model_trainers.mobile_vit_trainer | Epoch [05/500] | Train Acc: 47.5% | Val Acc: 47.1% | Val Loss: 0.7219
2026-05-24 01:45:14,769 | [AUG ] | INFO | model_trainers.mobile_vit_trainer | Epoch [06/500] | Train Acc: 44.4% | Val Acc: 42.6% | Val Loss: 0.7342
2026-05-24 01:45:17,504 | [AUG ] | INFO | model_trainers.mobile_vit_trainer | Epoch [07/500] | Train Acc: 41.2% | Val Acc: 45.6% | Val Loss: 0.7251
2026-05-24 01:45:20,203 | [AUG ] | INFO | model_trainers.mobile_vit_trainer | Epoch [08/500] | Train Acc: 55.0% | Val Acc: 54.4% | Val Loss: 0.6990
2026-05-24 01:45:22,999 | [AUG ] | INFO | model_trainers.mobile_vit_trainer | Epoch [09/500] | Train Acc: 55.0% | Val Acc: 54.4% | Val Loss: 0.6804
2026-05-24 01:45:23,210 | [AUG ] | INFO | model_trainers.mobile_vit_trainer |   ↳ new best val loss; saved checkpoint: /home/leggo/AIResearch/VOGBasedMCIDetectionSystemMobileViTSingleExperimentInference/outputs/checkpoints/run_20260524_011532_aug/fold_14_best.pth
2026-05-24 01:45:25,762 | [AUG ] | INFO | model_trainers.mobile_vit_trainer | Epoch [10/500] | Train Acc: 51.9% | Val Acc: 58.8% | Val Loss: 0.6627
2026-05-24 01:45:25,883 | [AUG ] | INFO | model_trainers.mobile_vit_trainer |   ↳ new best val loss; saved checkpoint: /home/leggo/AIResearch/VOGBasedMCIDetectionSystemMobileViTSingleExperimentInference/outputs/checkpoints/run_20260524_011532_aug/fold_14_best.pth
2026-05-24 01:45:28,403 | [AUG ] | INFO | model_trainers.mobile_vit_trainer | Epoch [11/500] | Train Acc: 51.2% | Val Acc: 55.9% | Val Loss: 0.6531
2026-05-24 01:45:28,542 | [AUG ] | INFO | model_trainers.mobile_vit_trainer |   ↳ new best val loss; saved checkpoint: /home/leggo/AIResearch/VOGBasedMCIDetectionSystemMobileViTSingleExperimentInference/outputs/checkpoints/run_20260524_011532_aug/fold_14_best.pth
2026-05-24 01:45:31,192 | [AUG ] | INFO | model_trainers.mobile_vit_trainer | Epoch [12/500] | Train Acc: 51.9% | Val Acc: 61.8% | Val Loss: 0.6431
2026-05-24 01:45:31,352 | [AUG ] | INFO | model_trainers.mobile_vit_trainer |   ↳ new best val loss; saved checkpoint: /home/leggo/AIResearch/VOGBasedMCIDetectionSystemMobileViTSingleExperimentInference/outputs/checkpoints/run_20260524_011532_aug/fold_14_best.pth
2026-05-24 01:45:33,847 | [AUG ] | INFO | model_trainers.mobile_vit_trainer | Epoch [13/500] | Train Acc: 46.9% | Val Acc: 67.6% | Val Loss: 0.6405
2026-05-24 01:45:33,967 | [AUG ] | INFO | model_trainers.mobile_vit_trainer |   ↳ new best val loss; saved checkpoint: /home/leggo/AIResearch/VOGBasedMCIDetectionSystemMobileViTSingleExperimentInference/outputs/checkpoints/run_20260524_011532_aug/fold_14_best.pth
2026-05-24 01:45:36,467 | [AUG ] | INFO | model_trainers.mobile_vit_trainer | Epoch [14/500] | Train Acc: 51.9% | Val Acc: 63.2% | Val Loss: 0.6359
2026-05-24 01:45:36,601 | [AUG ] | INFO | model_trainers.mobile_vit_trainer |   ↳ new best val loss; saved checkpoint: /home/leggo/AIResearch/VOGBasedMCIDetectionSystemMobileViTSingleExperimentInference/outputs/checkpoints/run_20260524_011532_aug/fold_14_best.pth
2026-05-24 01:45:39,282 | [AUG ] | INFO | model_trainers.mobile_vit_trainer | Epoch [15/500] | Train Acc: 38.1% | Val Acc: 64.7% | Val Loss: 0.6461
2026-05-24 01:45:41,952 | [AUG ] | INFO | model_trainers.mobile_vit_trainer | Epoch [16/500] | Train Acc: 51.2% | Val Acc: 61.8% | Val Loss: 0.6507
2026-05-24 01:45:44,625 | [AUG ] | INFO | model_trainers.mobile_vit_trainer | Epoch [17/500] | Train Acc: 50.0% | Val Acc: 63.2% | Val Loss: 0.6532
2026-05-24 01:45:47,314 | [AUG ] | INFO | model_trainers.mobile_vit_trainer | Epoch [18/500] | Train Acc: 54.4% | Val Acc: 63.2% | Val Loss: 0.6553
2026-05-24 01:45:50,010 | [AUG ] | INFO | model_trainers.mobile_vit_trainer | Epoch [19/500] | Train Acc: 44.4% | Val Acc: 63.2% | Val Loss: 0.6550
2026-05-24 01:45:52,668 | [AUG ] | INFO | model_trainers.mobile_vit_trainer | Epoch [20/500] | Train Acc: 49.4% | Val Acc: 64.7% | Val Loss: 0.6573
2026-05-24 01:45:55,206 | [AUG ] | INFO | model_trainers.mobile_vit_trainer | Epoch [21/500] | Train Acc: 50.6% | Val Acc: 64.7% | Val Loss: 0.6612
2026-05-24 01:45:57,892 | [AUG ] | INFO | model_trainers.mobile_vit_trainer | Epoch [22/500] | Train Acc: 49.4% | Val Acc: 64.7% | Val Loss: 0.6537
2026-05-24 01:46:00,553 | [AUG ] | INFO | model_trainers.mobile_vit_trainer | Epoch [23/500] | Train Acc: 50.6% | Val Acc: 69.1% | Val Loss: 0.6487
2026-05-24 01:46:03,229 | [AUG ] | INFO | model_trainers.mobile_vit_trainer | Epoch [24/500] | Train Acc: 46.9% | Val Acc: 67.6% | Val Loss: 0.6437
2026-05-24 01:46:05,871 | [AUG ] | INFO | model_trainers.mobile_vit_trainer | Epoch [25/500] | Train Acc: 55.6% | Val Acc: 63.2% | Val Loss: 0.6455
2026-05-24 01:46:08,571 | [AUG ] | INFO | model_trainers.mobile_vit_trainer | Epoch [26/500] | Train Acc: 50.0% | Val Acc: 63.2% | Val Loss: 0.6572
2026-05-24 01:46:11,243 | [AUG ] | INFO | model_trainers.mobile_vit_trainer | Epoch [27/500] | Train Acc: 46.9% | Val Acc: 58.8% | Val Loss: 0.6566
2026-05-24 01:46:13,919 | [AUG ] | INFO | model_trainers.mobile_vit_trainer | Epoch [28/500] | Train Acc: 48.8% | Val Acc: 57.4% | Val Loss: 0.6455
2026-05-24 01:46:16,619 | [AUG ] | INFO | model_trainers.mobile_vit_trainer | Epoch [29/500] | Train Acc: 45.0% | Val Acc: 54.4% | Val Loss: 0.6632
2026-05-24 01:46:19,253 | [AUG ] | INFO | model_trainers.mobile_vit_trainer | Epoch [30/500] | Train Acc: 51.9% | Val Acc: 58.8% | Val Loss: 0.6644
2026-05-24 01:46:21,814 | [AUG ] | INFO | model_trainers.mobile_vit_trainer | Epoch [31/500] | Train Acc: 49.4% | Val Acc: 58.8% | Val Loss: 0.6686
2026-05-24 01:46:24,505 | [AUG ] | INFO | model_trainers.mobile_vit_trainer | Epoch [32/500] | Train Acc: 52.5% | Val Acc: 58.8% | Val Loss: 0.6663
2026-05-24 01:46:27,172 | [AUG ] | INFO | model_trainers.mobile_vit_trainer | Epoch [33/500] | Train Acc: 55.0% | Val Acc: 61.8% | Val Loss: 0.6680
2026-05-24 01:46:29,841 | [AUG ] | INFO | model_trainers.mobile_vit_trainer | Epoch [34/500] | Train Acc: 49.4% | Val Acc: 61.8% | Val Loss: 0.6633
2026-05-24 01:46:32,325 | [AUG ] | INFO | model_trainers.mobile_vit_trainer | Epoch [35/500] | Train Acc: 53.8% | Val Acc: 57.4% | Val Loss: 0.6676
2026-05-24 01:46:35,008 | [AUG ] | INFO | model_trainers.mobile_vit_trainer | Epoch [36/500] | Train Acc: 58.8% | Val Acc: 52.9% | Val Loss: 0.6687
2026-05-24 01:46:37,668 | [AUG ] | INFO | model_trainers.mobile_vit_trainer | Epoch [37/500] | Train Acc: 47.5% | Val Acc: 61.8% | Val Loss: 0.6608
2026-05-24 01:46:40,336 | [AUG ] | INFO | model_trainers.mobile_vit_trainer | Epoch [38/500] | Train Acc: 51.9% | Val Acc: 58.8% | Val Loss: 0.6637
2026-05-24 01:46:43,012 | [AUG ] | INFO | model_trainers.mobile_vit_trainer | Epoch [39/500] | Train Acc: 52.5% | Val Acc: 60.3% | Val Loss: 0.6667
2026-05-24 01:46:45,555 | [AUG ] | INFO | model_trainers.mobile_vit_trainer | Epoch [40/500] | Train Acc: 55.0% | Val Acc: 64.7% | Val Loss: 0.6610
2026-05-24 01:46:48,067 | [AUG ] | INFO | model_trainers.mobile_vit_trainer | Epoch [41/500] | Train Acc: 51.9% | Val Acc: 63.2% | Val Loss: 0.6620
2026-05-24 01:46:50,707 | [AUG ] | INFO | model_trainers.mobile_vit_trainer | Epoch [42/500] | Train Acc: 58.8% | Val Acc: 63.2% | Val Loss: 0.6580
2026-05-24 01:46:53,378 | [AUG ] | INFO | model_trainers.mobile_vit_trainer | Epoch [43/500] | Train Acc: 46.9% | Val Acc: 60.3% | Val Loss: 0.6599
2026-05-24 01:46:56,020 | [AUG ] | INFO | model_trainers.mobile_vit_trainer | Epoch [44/500] | Train Acc: 55.6% | Val Acc: 61.8% | Val Loss: 0.6546
2026-05-24 01:46:58,698 | [AUG ] | INFO | model_trainers.mobile_vit_trainer | Epoch [45/500] | Train Acc: 51.2% | Val Acc: 61.8% | Val Loss: 0.6447
2026-05-24 01:47:01,401 | [AUG ] | INFO | model_trainers.mobile_vit_trainer | Epoch [46/500] | Train Acc: 54.4% | Val Acc: 64.7% | Val Loss: 0.6476
2026-05-24 01:47:04,096 | [AUG ] | INFO | model_trainers.mobile_vit_trainer | Epoch [47/500] | Train Acc: 60.6% | Val Acc: 58.8% | Val Loss: 0.6639
2026-05-24 01:47:06,802 | [AUG ] | INFO | model_trainers.mobile_vit_trainer | Epoch [48/500] | Train Acc: 51.2% | Val Acc: 54.4% | Val Loss: 0.6756
2026-05-24 01:47:09,500 | [AUG ] | INFO | model_trainers.mobile_vit_trainer | Epoch [49/500] | Train Acc: 55.0% | Val Acc: 54.4% | Val Loss: 0.6909
2026-05-24 01:47:12,143 | [AUG ] | INFO | model_trainers.mobile_vit_trainer | Epoch [50/500] | Train Acc: 47.5% | Val Acc: 57.4% | Val Loss: 0.6906
2026-05-24 01:47:14,797 | [AUG ] | INFO | model_trainers.mobile_vit_trainer | Epoch [51/500] | Train Acc: 50.6% | Val Acc: 52.9% | Val Loss: 0.6935
2026-05-24 01:47:17,366 | [AUG ] | INFO | model_trainers.mobile_vit_trainer | Epoch [52/500] | Train Acc: 61.9% | Val Acc: 55.9% | Val Loss: 0.6792
2026-05-24 01:47:20,022 | [AUG ] | INFO | model_trainers.mobile_vit_trainer | Epoch [53/500] | Train Acc: 53.8% | Val Acc: 52.9% | Val Loss: 0.6780
2026-05-24 01:47:22,723 | [AUG ] | INFO | model_trainers.mobile_vit_trainer | Epoch [54/500] | Train Acc: 54.4% | Val Acc: 51.5% | Val Loss: 0.6909
2026-05-24 01:47:22,725 | [AUG ] | INFO | model_trainers.mobile_vit_trainer | Early stop at epoch 54 (no val-loss improvement for 40 epochs; best=0.6359)
2026-05-24 01:47:23,452 | [AUG ] | INFO | evaluators.monte_carlo_evaluator | -> Fold 15 Result | Acc=0.778 Sens=1.000 Spec=0.750 AUROC=0.875
2026-05-24 01:47:23,453 | [AUG ] | INFO | evaluators.monte_carlo_evaluator | === Fold 16/30 | train: 23 subj / 152 windows | test: 11 subj / 77 windows ===
2026-05-24 01:47:23,704 | [AUG ] | INFO | httpx | HTTP Request: HEAD https://huggingface.co/apple/mobilevit-small/resolve/main/config.json "HTTP/1.1 307 Temporary Redirect"
2026-05-24 01:47:23,722 | [AUG ] | INFO | httpx | HTTP Request: HEAD https://huggingface.co/api/resolve-cache/models/apple/mobilevit-small/6c8612545dc98676d27bc518fa521d9e9af23e34/config.json "HTTP/1.1 200 OK"
2026-05-24 01:47:23,972 | [AUG ] | INFO | httpx | HTTP Request: HEAD https://huggingface.co/apple/mobilevit-small/resolve/main/model.safetensors "HTTP/1.1 404 Not Found"
2026-05-24 01:47:24,196 | [AUG ] | INFO | httpx | HTTP Request: HEAD https://huggingface.co/apple/mobilevit-small/resolve/main/model.safetensors.index.json "HTTP/1.1 404 Not Found"
2026-05-24 01:47:24,416 | [AUG ] | INFO | httpx | HTTP Request: HEAD https://huggingface.co/apple/mobilevit-small/resolve/main/pytorch_model.bin "HTTP/1.1 302 Found"
2026-05-24 01:47:24,633 | [AUG ] | INFO | httpx | HTTP Request: HEAD https://huggingface.co/apple/mobilevit-small/resolve/main/model.safetensors "HTTP/1.1 404 Not Found"
2026-05-24 01:47:24,860 | [AUG ] | INFO | httpx | HTTP Request: GET https://huggingface.co/api/models/apple/mobilevit-small "HTTP/1.1 200 OK"
2026-05-24 01:47:25,110 | [AUG ] | INFO | httpx | HTTP Request: GET https://huggingface.co/api/models/apple/mobilevit-small/commits/main "HTTP/1.1 200 OK"
2026-05-24 01:47:25,336 | [AUG ] | INFO | httpx | HTTP Request: GET https://huggingface.co/api/models/apple/mobilevit-small/discussions?p=0 "HTTP/1.1 200 OK"
2026-05-24 01:47:25,569 | [AUG ] | INFO | httpx | HTTP Request: GET https://huggingface.co/api/models/apple/mobilevit-small/commits/refs%2Fpr%2F6 "HTTP/1.1 200 OK"
2026-05-24 01:47:25,787 | [AUG ] | INFO | httpx | HTTP Request: HEAD https://huggingface.co/apple/mobilevit-small/resolve/refs%2Fpr%2F6/model.safetensors.index.json "HTTP/1.1 404 Not Found"
2026-05-24 01:47:26,010 | [AUG ] | INFO | httpx | HTTP Request: HEAD https://huggingface.co/apple/mobilevit-small/resolve/refs%2Fpr%2F6/model.safetensors "HTTP/1.1 302 Found"
2026-05-24 01:47:27,621 | [AUG ] | INFO | model_trainers.mobile_vit_trainer | Epoch [01/500] | Train Acc: 49.2% | Val Acc: 59.7% | Val Loss: 0.6439
2026-05-24 01:47:27,715 | [AUG ] | INFO | model_trainers.mobile_vit_trainer |   ↳ new best val loss; saved checkpoint: /home/leggo/AIResearch/VOGBasedMCIDetectionSystemMobileViTSingleExperimentInference/outputs/checkpoints/run_20260524_011532_aug/fold_15_best.pth
2026-05-24 01:47:29,938 | [AUG ] | INFO | model_trainers.mobile_vit_trainer | Epoch [02/500] | Train Acc: 38.3% | Val Acc: 58.4% | Val Loss: 0.6269
2026-05-24 01:47:30,078 | [AUG ] | INFO | model_trainers.mobile_vit_trainer |   ↳ new best val loss; saved checkpoint: /home/leggo/AIResearch/VOGBasedMCIDetectionSystemMobileViTSingleExperimentInference/outputs/checkpoints/run_20260524_011532_aug/fold_15_best.pth
2026-05-24 01:47:32,323 | [AUG ] | INFO | model_trainers.mobile_vit_trainer | Epoch [03/500] | Train Acc: 43.8% | Val Acc: 63.6% | Val Loss: 0.6206
2026-05-24 01:47:32,458 | [AUG ] | INFO | model_trainers.mobile_vit_trainer |   ↳ new best val loss; saved checkpoint: /home/leggo/AIResearch/VOGBasedMCIDetectionSystemMobileViTSingleExperimentInference/outputs/checkpoints/run_20260524_011532_aug/fold_15_best.pth
2026-05-24 01:47:34,683 | [AUG ] | INFO | model_trainers.mobile_vit_trainer | Epoch [04/500] | Train Acc: 50.0% | Val Acc: 63.6% | Val Loss: 0.6088
2026-05-24 01:47:34,818 | [AUG ] | INFO | model_trainers.mobile_vit_trainer |   ↳ new best val loss; saved checkpoint: /home/leggo/AIResearch/VOGBasedMCIDetectionSystemMobileViTSingleExperimentInference/outputs/checkpoints/run_20260524_011532_aug/fold_15_best.pth
2026-05-24 01:47:37,154 | [AUG ] | INFO | model_trainers.mobile_vit_trainer | Epoch [05/500] | Train Acc: 48.4% | Val Acc: 67.5% | Val Loss: 0.6208
2026-05-24 01:47:39,369 | [AUG ] | INFO | model_trainers.mobile_vit_trainer | Epoch [06/500] | Train Acc: 45.3% | Val Acc: 61.0% | Val Loss: 0.6406
2026-05-24 01:47:41,601 | [AUG ] | INFO | model_trainers.mobile_vit_trainer | Epoch [07/500] | Train Acc: 39.8% | Val Acc: 59.7% | Val Loss: 0.6686
2026-05-24 01:47:43,832 | [AUG ] | INFO | model_trainers.mobile_vit_trainer | Epoch [08/500] | Train Acc: 46.9% | Val Acc: 53.2% | Val Loss: 0.7015
2026-05-24 01:47:46,071 | [AUG ] | INFO | model_trainers.mobile_vit_trainer | Epoch [09/500] | Train Acc: 53.9% | Val Acc: 55.8% | Val Loss: 0.6896
2026-05-24 01:47:48,306 | [AUG ] | INFO | model_trainers.mobile_vit_trainer | Epoch [10/500] | Train Acc: 50.0% | Val Acc: 57.1% | Val Loss: 0.6919
2026-05-24 01:47:50,546 | [AUG ] | INFO | model_trainers.mobile_vit_trainer | Epoch [11/500] | Train Acc: 47.7% | Val Acc: 57.1% | Val Loss: 0.6961
2026-05-24 01:47:52,771 | [AUG ] | INFO | model_trainers.mobile_vit_trainer | Epoch [12/500] | Train Acc: 52.3% | Val Acc: 53.2% | Val Loss: 0.7115
2026-05-24 01:47:55,002 | [AUG ] | INFO | model_trainers.mobile_vit_trainer | Epoch [13/500] | Train Acc: 54.7% | Val Acc: 55.8% | Val Loss: 0.7050
2026-05-24 01:47:57,235 | [AUG ] | INFO | model_trainers.mobile_vit_trainer | Epoch [14/500] | Train Acc: 46.9% | Val Acc: 57.1% | Val Loss: 0.7001
2026-05-24 01:47:59,477 | [AUG ] | INFO | model_trainers.mobile_vit_trainer | Epoch [15/500] | Train Acc: 43.8% | Val Acc: 55.8% | Val Loss: 0.7014
2026-05-24 01:48:01,732 | [AUG ] | INFO | model_trainers.mobile_vit_trainer | Epoch [16/500] | Train Acc: 56.2% | Val Acc: 57.1% | Val Loss: 0.6961
2026-05-24 01:48:03,957 | [AUG ] | INFO | model_trainers.mobile_vit_trainer | Epoch [17/500] | Train Acc: 49.2% | Val Acc: 53.2% | Val Loss: 0.6946
2026-05-24 01:48:06,200 | [AUG ] | INFO | model_trainers.mobile_vit_trainer | Epoch [18/500] | Train Acc: 54.7% | Val Acc: 51.9% | Val Loss: 0.6919
2026-05-24 01:48:08,425 | [AUG ] | INFO | model_trainers.mobile_vit_trainer | Epoch [19/500] | Train Acc: 52.3% | Val Acc: 50.6% | Val Loss: 0.6879
2026-05-24 01:48:10,662 | [AUG ] | INFO | model_trainers.mobile_vit_trainer | Epoch [20/500] | Train Acc: 59.4% | Val Acc: 53.2% | Val Loss: 0.6841
2026-05-24 01:48:12,890 | [AUG ] | INFO | model_trainers.mobile_vit_trainer | Epoch [21/500] | Train Acc: 59.4% | Val Acc: 51.9% | Val Loss: 0.6893
2026-05-24 01:48:15,119 | [AUG ] | INFO | model_trainers.mobile_vit_trainer | Epoch [22/500] | Train Acc: 50.8% | Val Acc: 53.2% | Val Loss: 0.6855
2026-05-24 01:48:17,361 | [AUG ] | INFO | model_trainers.mobile_vit_trainer | Epoch [23/500] | Train Acc: 51.6% | Val Acc: 54.5% | Val Loss: 0.6800
2026-05-24 01:48:19,595 | [AUG ] | INFO | model_trainers.mobile_vit_trainer | Epoch [24/500] | Train Acc: 49.2% | Val Acc: 55.8% | Val Loss: 0.6830
2026-05-24 01:48:21,838 | [AUG ] | INFO | model_trainers.mobile_vit_trainer | Epoch [25/500] | Train Acc: 53.9% | Val Acc: 54.5% | Val Loss: 0.6954
2026-05-24 01:48:24,064 | [AUG ] | INFO | model_trainers.mobile_vit_trainer | Epoch [26/500] | Train Acc: 50.0% | Val Acc: 53.2% | Val Loss: 0.6951
2026-05-24 01:48:26,308 | [AUG ] | INFO | model_trainers.mobile_vit_trainer | Epoch [27/500] | Train Acc: 48.4% | Val Acc: 54.5% | Val Loss: 0.6865
2026-05-24 01:48:28,516 | [AUG ] | INFO | model_trainers.mobile_vit_trainer | Epoch [28/500] | Train Acc: 46.1% | Val Acc: 55.8% | Val Loss: 0.6943
2026-05-24 01:48:30,756 | [AUG ] | INFO | model_trainers.mobile_vit_trainer | Epoch [29/500] | Train Acc: 48.4% | Val Acc: 55.8% | Val Loss: 0.6970
2026-05-24 01:48:32,993 | [AUG ] | INFO | model_trainers.mobile_vit_trainer | Epoch [30/500] | Train Acc: 52.3% | Val Acc: 57.1% | Val Loss: 0.6976
2026-05-24 01:48:35,221 | [AUG ] | INFO | model_trainers.mobile_vit_trainer | Epoch [31/500] | Train Acc: 48.4% | Val Acc: 57.1% | Val Loss: 0.6939
2026-05-24 01:48:37,465 | [AUG ] | INFO | model_trainers.mobile_vit_trainer | Epoch [32/500] | Train Acc: 56.2% | Val Acc: 57.1% | Val Loss: 0.6843
2026-05-24 01:48:39,725 | [AUG ] | INFO | model_trainers.mobile_vit_trainer | Epoch [33/500] | Train Acc: 60.9% | Val Acc: 55.8% | Val Loss: 0.6898
2026-05-24 01:48:41,975 | [AUG ] | INFO | model_trainers.mobile_vit_trainer | Epoch [34/500] | Train Acc: 47.7% | Val Acc: 55.8% | Val Loss: 0.6997
2026-05-24 01:48:44,204 | [AUG ] | INFO | model_trainers.mobile_vit_trainer | Epoch [35/500] | Train Acc: 47.7% | Val Acc: 51.9% | Val Loss: 0.7007
2026-05-24 01:48:46,436 | [AUG ] | INFO | model_trainers.mobile_vit_trainer | Epoch [36/500] | Train Acc: 54.7% | Val Acc: 53.2% | Val Loss: 0.6979
2026-05-24 01:48:48,669 | [AUG ] | INFO | model_trainers.mobile_vit_trainer | Epoch [37/500] | Train Acc: 51.6% | Val Acc: 54.5% | Val Loss: 0.7035
2026-05-24 01:48:50,892 | [AUG ] | INFO | model_trainers.mobile_vit_trainer | Epoch [38/500] | Train Acc: 50.0% | Val Acc: 51.9% | Val Loss: 0.7046
2026-05-24 01:48:53,117 | [AUG ] | INFO | model_trainers.mobile_vit_trainer | Epoch [39/500] | Train Acc: 50.8% | Val Acc: 50.6% | Val Loss: 0.7103
2026-05-24 01:48:55,337 | [AUG ] | INFO | model_trainers.mobile_vit_trainer | Epoch [40/500] | Train Acc: 53.9% | Val Acc: 51.9% | Val Loss: 0.7085
2026-05-24 01:48:57,582 | [AUG ] | INFO | model_trainers.mobile_vit_trainer | Epoch [41/500] | Train Acc: 55.5% | Val Acc: 53.2% | Val Loss: 0.7135
2026-05-24 01:48:59,841 | [AUG ] | INFO | model_trainers.mobile_vit_trainer | Epoch [42/500] | Train Acc: 56.2% | Val Acc: 53.2% | Val Loss: 0.6999
2026-05-24 01:49:02,053 | [AUG ] | INFO | model_trainers.mobile_vit_trainer | Epoch [43/500] | Train Acc: 48.4% | Val Acc: 53.2% | Val Loss: 0.6995
2026-05-24 01:49:04,272 | [AUG ] | INFO | model_trainers.mobile_vit_trainer | Epoch [44/500] | Train Acc: 49.2% | Val Acc: 53.2% | Val Loss: 0.7018
2026-05-24 01:49:04,273 | [AUG ] | INFO | model_trainers.mobile_vit_trainer | Early stop at epoch 44 (no val-loss improvement for 40 epochs; best=0.6088)
2026-05-24 01:49:04,992 | [AUG ] | INFO | evaluators.monte_carlo_evaluator | -> Fold 16 Result | Acc=0.400 Sens=1.000 Spec=0.143 AUROC=0.571
2026-05-24 01:49:04,993 | [AUG ] | INFO | evaluators.monte_carlo_evaluator | === Fold 17/30 | train: 23 subj / 160 windows | test: 11 subj / 69 windows ===
2026-05-24 01:49:05,248 | [AUG ] | INFO | httpx | HTTP Request: HEAD https://huggingface.co/apple/mobilevit-small/resolve/main/config.json "HTTP/1.1 307 Temporary Redirect"
2026-05-24 01:49:05,262 | [AUG ] | INFO | httpx | HTTP Request: HEAD https://huggingface.co/api/resolve-cache/models/apple/mobilevit-small/6c8612545dc98676d27bc518fa521d9e9af23e34/config.json "HTTP/1.1 200 OK"
2026-05-24 01:49:05,525 | [AUG ] | INFO | httpx | HTTP Request: HEAD https://huggingface.co/apple/mobilevit-small/resolve/main/model.safetensors "HTTP/1.1 404 Not Found"
2026-05-24 01:49:05,730 | [AUG ] | INFO | httpx | HTTP Request: HEAD https://huggingface.co/apple/mobilevit-small/resolve/main/model.safetensors.index.json "HTTP/1.1 404 Not Found"
2026-05-24 01:49:05,947 | [AUG ] | INFO | httpx | HTTP Request: HEAD https://huggingface.co/apple/mobilevit-small/resolve/main/pytorch_model.bin "HTTP/1.1 302 Found"
2026-05-24 01:49:06,159 | [AUG ] | INFO | httpx | HTTP Request: HEAD https://huggingface.co/apple/mobilevit-small/resolve/main/model.safetensors "HTTP/1.1 404 Not Found"
2026-05-24 01:49:06,375 | [AUG ] | INFO | httpx | HTTP Request: GET https://huggingface.co/api/models/apple/mobilevit-small "HTTP/1.1 200 OK"
2026-05-24 01:49:06,610 | [AUG ] | INFO | httpx | HTTP Request: GET https://huggingface.co/api/models/apple/mobilevit-small/commits/main "HTTP/1.1 200 OK"
2026-05-24 01:49:06,836 | [AUG ] | INFO | httpx | HTTP Request: GET https://huggingface.co/api/models/apple/mobilevit-small/discussions?p=0 "HTTP/1.1 200 OK"
2026-05-24 01:49:07,083 | [AUG ] | INFO | httpx | HTTP Request: GET https://huggingface.co/api/models/apple/mobilevit-small/commits/refs%2Fpr%2F6 "HTTP/1.1 200 OK"
2026-05-24 01:49:07,299 | [AUG ] | INFO | httpx | HTTP Request: HEAD https://huggingface.co/apple/mobilevit-small/resolve/refs%2Fpr%2F6/model.safetensors.index.json "HTTP/1.1 404 Not Found"
2026-05-24 01:49:07,515 | [AUG ] | INFO | httpx | HTTP Request: HEAD https://huggingface.co/apple/mobilevit-small/resolve/refs%2Fpr%2F6/model.safetensors "HTTP/1.1 302 Found"
2026-05-24 01:49:08,467 | [AUG ] | INFO | model_trainers.mobile_vit_trainer | Epoch [01/500] | Train Acc: 46.2% | Val Acc: 39.1% | Val Loss: 0.7317
2026-05-24 01:49:08,582 | [AUG ] | INFO | model_trainers.mobile_vit_trainer |   ↳ new best val loss; saved checkpoint: /home/leggo/AIResearch/VOGBasedMCIDetectionSystemMobileViTSingleExperimentInference/outputs/checkpoints/run_20260524_011532_aug/fold_16_best.pth
2026-05-24 01:49:11,043 | [AUG ] | INFO | model_trainers.mobile_vit_trainer | Epoch [02/500] | Train Acc: 46.2% | Val Acc: 39.1% | Val Loss: 0.7227
2026-05-24 01:49:11,165 | [AUG ] | INFO | model_trainers.mobile_vit_trainer |   ↳ new best val loss; saved checkpoint: /home/leggo/AIResearch/VOGBasedMCIDetectionSystemMobileViTSingleExperimentInference/outputs/checkpoints/run_20260524_011532_aug/fold_16_best.pth
2026-05-24 01:49:13,729 | [AUG ] | INFO | model_trainers.mobile_vit_trainer | Epoch [03/500] | Train Acc: 45.0% | Val Acc: 49.3% | Val Loss: 0.7400
2026-05-24 01:49:16,399 | [AUG ] | INFO | model_trainers.mobile_vit_trainer | Epoch [04/500] | Train Acc: 51.2% | Val Acc: 52.2% | Val Loss: 0.7322
2026-05-24 01:49:19,038 | [AUG ] | INFO | model_trainers.mobile_vit_trainer | Epoch [05/500] | Train Acc: 46.9% | Val Acc: 50.7% | Val Loss: 0.7487
2026-05-24 01:49:21,773 | [AUG ] | INFO | model_trainers.mobile_vit_trainer | Epoch [06/500] | Train Acc: 43.8% | Val Acc: 52.2% | Val Loss: 0.7575
2026-05-24 01:49:24,444 | [AUG ] | INFO | model_trainers.mobile_vit_trainer | Epoch [07/500] | Train Acc: 54.4% | Val Acc: 49.3% | Val Loss: 0.7412
2026-05-24 01:49:27,071 | [AUG ] | INFO | model_trainers.mobile_vit_trainer | Epoch [08/500] | Train Acc: 51.9% | Val Acc: 46.4% | Val Loss: 0.7270
2026-05-24 01:49:29,696 | [AUG ] | INFO | model_trainers.mobile_vit_trainer | Epoch [09/500] | Train Acc: 47.5% | Val Acc: 52.2% | Val Loss: 0.7230
2026-05-24 01:49:32,385 | [AUG ] | INFO | model_trainers.mobile_vit_trainer | Epoch [10/500] | Train Acc: 50.6% | Val Acc: 46.4% | Val Loss: 0.7232
2026-05-24 01:49:35,132 | [AUG ] | INFO | model_trainers.mobile_vit_trainer | Epoch [11/500] | Train Acc: 51.2% | Val Acc: 44.9% | Val Loss: 0.7243
2026-05-24 01:49:37,782 | [AUG ] | INFO | model_trainers.mobile_vit_trainer | Epoch [12/500] | Train Acc: 50.0% | Val Acc: 47.8% | Val Loss: 0.7216
2026-05-24 01:49:37,916 | [AUG ] | INFO | model_trainers.mobile_vit_trainer |   ↳ new best val loss; saved checkpoint: /home/leggo/AIResearch/VOGBasedMCIDetectionSystemMobileViTSingleExperimentInference/outputs/checkpoints/run_20260524_011532_aug/fold_16_best.pth
2026-05-24 01:49:40,629 | [AUG ] | INFO | model_trainers.mobile_vit_trainer | Epoch [13/500] | Train Acc: 50.6% | Val Acc: 47.8% | Val Loss: 0.7161
2026-05-24 01:49:40,766 | [AUG ] | INFO | model_trainers.mobile_vit_trainer |   ↳ new best val loss; saved checkpoint: /home/leggo/AIResearch/VOGBasedMCIDetectionSystemMobileViTSingleExperimentInference/outputs/checkpoints/run_20260524_011532_aug/fold_16_best.pth
2026-05-24 01:49:43,438 | [AUG ] | INFO | model_trainers.mobile_vit_trainer | Epoch [14/500] | Train Acc: 50.6% | Val Acc: 49.3% | Val Loss: 0.7139
2026-05-24 01:49:43,573 | [AUG ] | INFO | model_trainers.mobile_vit_trainer |   ↳ new best val loss; saved checkpoint: /home/leggo/AIResearch/VOGBasedMCIDetectionSystemMobileViTSingleExperimentInference/outputs/checkpoints/run_20260524_011532_aug/fold_16_best.pth
2026-05-24 01:49:46,217 | [AUG ] | INFO | model_trainers.mobile_vit_trainer | Epoch [15/500] | Train Acc: 49.4% | Val Acc: 47.8% | Val Loss: 0.7150
2026-05-24 01:49:48,929 | [AUG ] | INFO | model_trainers.mobile_vit_trainer | Epoch [16/500] | Train Acc: 52.5% | Val Acc: 49.3% | Val Loss: 0.7144
2026-05-24 01:49:51,594 | [AUG ] | INFO | model_trainers.mobile_vit_trainer | Epoch [17/500] | Train Acc: 50.6% | Val Acc: 47.8% | Val Loss: 0.7139
2026-05-24 01:49:54,202 | [AUG ] | INFO | model_trainers.mobile_vit_trainer | Epoch [18/500] | Train Acc: 56.9% | Val Acc: 50.7% | Val Loss: 0.7066
2026-05-24 01:49:54,340 | [AUG ] | INFO | model_trainers.mobile_vit_trainer |   ↳ new best val loss; saved checkpoint: /home/leggo/AIResearch/VOGBasedMCIDetectionSystemMobileViTSingleExperimentInference/outputs/checkpoints/run_20260524_011532_aug/fold_16_best.pth
2026-05-24 01:49:56,984 | [AUG ] | INFO | model_trainers.mobile_vit_trainer | Epoch [19/500] | Train Acc: 46.9% | Val Acc: 52.2% | Val Loss: 0.7059
2026-05-24 01:49:57,119 | [AUG ] | INFO | model_trainers.mobile_vit_trainer |   ↳ new best val loss; saved checkpoint: /home/leggo/AIResearch/VOGBasedMCIDetectionSystemMobileViTSingleExperimentInference/outputs/checkpoints/run_20260524_011532_aug/fold_16_best.pth
2026-05-24 01:49:59,799 | [AUG ] | INFO | model_trainers.mobile_vit_trainer | Epoch [20/500] | Train Acc: 55.6% | Val Acc: 50.7% | Val Loss: 0.7069
2026-05-24 01:50:02,371 | [AUG ] | INFO | model_trainers.mobile_vit_trainer | Epoch [21/500] | Train Acc: 52.5% | Val Acc: 50.7% | Val Loss: 0.7088
2026-05-24 01:50:04,907 | [AUG ] | INFO | model_trainers.mobile_vit_trainer | Epoch [22/500] | Train Acc: 52.5% | Val Acc: 49.3% | Val Loss: 0.7136
2026-05-24 01:50:07,453 | [AUG ] | INFO | model_trainers.mobile_vit_trainer | Epoch [23/500] | Train Acc: 46.2% | Val Acc: 50.7% | Val Loss: 0.7147
2026-05-24 01:50:10,143 | [AUG ] | INFO | model_trainers.mobile_vit_trainer | Epoch [24/500] | Train Acc: 46.9% | Val Acc: 46.4% | Val Loss: 0.7123
2026-05-24 01:50:12,824 | [AUG ] | INFO | model_trainers.mobile_vit_trainer | Epoch [25/500] | Train Acc: 48.8% | Val Acc: 50.7% | Val Loss: 0.7084
2026-05-24 01:50:15,454 | [AUG ] | INFO | model_trainers.mobile_vit_trainer | Epoch [26/500] | Train Acc: 53.1% | Val Acc: 49.3% | Val Loss: 0.7084
2026-05-24 01:50:18,082 | [AUG ] | INFO | model_trainers.mobile_vit_trainer | Epoch [27/500] | Train Acc: 51.2% | Val Acc: 50.7% | Val Loss: 0.7093
2026-05-24 01:50:20,743 | [AUG ] | INFO | model_trainers.mobile_vit_trainer | Epoch [28/500] | Train Acc: 51.9% | Val Acc: 49.3% | Val Loss: 0.7139
2026-05-24 01:50:23,377 | [AUG ] | INFO | model_trainers.mobile_vit_trainer | Epoch [29/500] | Train Acc: 54.4% | Val Acc: 52.2% | Val Loss: 0.7164
2026-05-24 01:50:26,083 | [AUG ] | INFO | model_trainers.mobile_vit_trainer | Epoch [30/500] | Train Acc: 45.0% | Val Acc: 50.7% | Val Loss: 0.7110
2026-05-24 01:50:28,727 | [AUG ] | INFO | model_trainers.mobile_vit_trainer | Epoch [31/500] | Train Acc: 46.2% | Val Acc: 43.5% | Val Loss: 0.7088
2026-05-24 01:50:31,343 | [AUG ] | INFO | model_trainers.mobile_vit_trainer | Epoch [32/500] | Train Acc: 54.4% | Val Acc: 47.8% | Val Loss: 0.7116
2026-05-24 01:50:33,908 | [AUG ] | INFO | model_trainers.mobile_vit_trainer | Epoch [33/500] | Train Acc: 50.0% | Val Acc: 53.6% | Val Loss: 0.7040
2026-05-24 01:50:34,020 | [AUG ] | INFO | model_trainers.mobile_vit_trainer |   ↳ new best val loss; saved checkpoint: /home/leggo/AIResearch/VOGBasedMCIDetectionSystemMobileViTSingleExperimentInference/outputs/checkpoints/run_20260524_011532_aug/fold_16_best.pth
2026-05-24 01:50:36,509 | [AUG ] | INFO | model_trainers.mobile_vit_trainer | Epoch [34/500] | Train Acc: 45.6% | Val Acc: 52.2% | Val Loss: 0.7002
2026-05-24 01:50:36,646 | [AUG ] | INFO | model_trainers.mobile_vit_trainer |   ↳ new best val loss; saved checkpoint: /home/leggo/AIResearch/VOGBasedMCIDetectionSystemMobileViTSingleExperimentInference/outputs/checkpoints/run_20260524_011532_aug/fold_16_best.pth
2026-05-24 01:50:39,356 | [AUG ] | INFO | model_trainers.mobile_vit_trainer | Epoch [35/500] | Train Acc: 50.0% | Val Acc: 52.2% | Val Loss: 0.6936
2026-05-24 01:50:39,494 | [AUG ] | INFO | model_trainers.mobile_vit_trainer |   ↳ new best val loss; saved checkpoint: /home/leggo/AIResearch/VOGBasedMCIDetectionSystemMobileViTSingleExperimentInference/outputs/checkpoints/run_20260524_011532_aug/fold_16_best.pth
2026-05-24 01:50:42,178 | [AUG ] | INFO | model_trainers.mobile_vit_trainer | Epoch [36/500] | Train Acc: 56.9% | Val Acc: 53.6% | Val Loss: 0.6932
2026-05-24 01:50:42,310 | [AUG ] | INFO | model_trainers.mobile_vit_trainer |   ↳ new best val loss; saved checkpoint: /home/leggo/AIResearch/VOGBasedMCIDetectionSystemMobileViTSingleExperimentInference/outputs/checkpoints/run_20260524_011532_aug/fold_16_best.pth
2026-05-24 01:50:44,985 | [AUG ] | INFO | model_trainers.mobile_vit_trainer | Epoch [37/500] | Train Acc: 58.8% | Val Acc: 53.6% | Val Loss: 0.6906
2026-05-24 01:50:45,122 | [AUG ] | INFO | model_trainers.mobile_vit_trainer |   ↳ new best val loss; saved checkpoint: /home/leggo/AIResearch/VOGBasedMCIDetectionSystemMobileViTSingleExperimentInference/outputs/checkpoints/run_20260524_011532_aug/fold_16_best.pth
2026-05-24 01:50:47,776 | [AUG ] | INFO | model_trainers.mobile_vit_trainer | Epoch [38/500] | Train Acc: 51.2% | Val Acc: 55.1% | Val Loss: 0.6920
2026-05-24 01:50:50,456 | [AUG ] | INFO | model_trainers.mobile_vit_trainer | Epoch [39/500] | Train Acc: 56.2% | Val Acc: 55.1% | Val Loss: 0.6950
2026-05-24 01:50:52,966 | [AUG ] | INFO | model_trainers.mobile_vit_trainer | Epoch [40/500] | Train Acc: 50.6% | Val Acc: 55.1% | Val Loss: 0.6991
2026-05-24 01:50:55,635 | [AUG ] | INFO | model_trainers.mobile_vit_trainer | Epoch [41/500] | Train Acc: 50.6% | Val Acc: 58.0% | Val Loss: 0.7023
2026-05-24 01:50:58,327 | [AUG ] | INFO | model_trainers.mobile_vit_trainer | Epoch [42/500] | Train Acc: 54.4% | Val Acc: 53.6% | Val Loss: 0.7052
2026-05-24 01:51:00,988 | [AUG ] | INFO | model_trainers.mobile_vit_trainer | Epoch [43/500] | Train Acc: 47.5% | Val Acc: 47.8% | Val Loss: 0.7120
2026-05-24 01:51:03,656 | [AUG ] | INFO | model_trainers.mobile_vit_trainer | Epoch [44/500] | Train Acc: 49.4% | Val Acc: 43.5% | Val Loss: 0.7195
2026-05-24 01:51:06,180 | [AUG ] | INFO | model_trainers.mobile_vit_trainer | Epoch [45/500] | Train Acc: 55.6% | Val Acc: 47.8% | Val Loss: 0.7149
2026-05-24 01:51:08,892 | [AUG ] | INFO | model_trainers.mobile_vit_trainer | Epoch [46/500] | Train Acc: 55.0% | Val Acc: 53.6% | Val Loss: 0.7062
2026-05-24 01:51:11,616 | [AUG ] | INFO | model_trainers.mobile_vit_trainer | Epoch [47/500] | Train Acc: 50.0% | Val Acc: 52.2% | Val Loss: 0.7058
2026-05-24 01:51:14,260 | [AUG ] | INFO | model_trainers.mobile_vit_trainer | Epoch [48/500] | Train Acc: 49.4% | Val Acc: 52.2% | Val Loss: 0.7075
2026-05-24 01:51:16,882 | [AUG ] | INFO | model_trainers.mobile_vit_trainer | Epoch [49/500] | Train Acc: 46.9% | Val Acc: 52.2% | Val Loss: 0.7062
2026-05-24 01:51:19,570 | [AUG ] | INFO | model_trainers.mobile_vit_trainer | Epoch [50/500] | Train Acc: 47.5% | Val Acc: 49.3% | Val Loss: 0.7055
2026-05-24 01:51:22,241 | [AUG ] | INFO | model_trainers.mobile_vit_trainer | Epoch [51/500] | Train Acc: 50.6% | Val Acc: 46.4% | Val Loss: 0.7116
2026-05-24 01:51:24,926 | [AUG ] | INFO | model_trainers.mobile_vit_trainer | Epoch [52/500] | Train Acc: 52.5% | Val Acc: 49.3% | Val Loss: 0.7104
2026-05-24 01:51:27,581 | [AUG ] | INFO | model_trainers.mobile_vit_trainer | Epoch [53/500] | Train Acc: 45.0% | Val Acc: 49.3% | Val Loss: 0.7098
2026-05-24 01:51:30,249 | [AUG ] | INFO | model_trainers.mobile_vit_trainer | Epoch [54/500] | Train Acc: 63.1% | Val Acc: 44.9% | Val Loss: 0.7114
2026-05-24 01:51:32,904 | [AUG ] | INFO | model_trainers.mobile_vit_trainer | Epoch [55/500] | Train Acc: 58.1% | Val Acc: 47.8% | Val Loss: 0.7160
2026-05-24 01:51:35,581 | [AUG ] | INFO | model_trainers.mobile_vit_trainer | Epoch [56/500] | Train Acc: 51.9% | Val Acc: 49.3% | Val Loss: 0.7106
2026-05-24 01:51:38,198 | [AUG ] | INFO | model_trainers.mobile_vit_trainer | Epoch [57/500] | Train Acc: 51.2% | Val Acc: 49.3% | Val Loss: 0.7074
2026-05-24 01:51:40,869 | [AUG ] | INFO | model_trainers.mobile_vit_trainer | Epoch [58/500] | Train Acc: 56.9% | Val Acc: 50.7% | Val Loss: 0.7090
2026-05-24 01:51:43,560 | [AUG ] | INFO | model_trainers.mobile_vit_trainer | Epoch [59/500] | Train Acc: 60.6% | Val Acc: 46.4% | Val Loss: 0.7097
2026-05-24 01:51:46,252 | [AUG ] | INFO | model_trainers.mobile_vit_trainer | Epoch [60/500] | Train Acc: 54.4% | Val Acc: 47.8% | Val Loss: 0.7038
2026-05-24 01:51:48,918 | [AUG ] | INFO | model_trainers.mobile_vit_trainer | Epoch [61/500] | Train Acc: 55.6% | Val Acc: 50.7% | Val Loss: 0.6955
2026-05-24 01:51:51,572 | [AUG ] | INFO | model_trainers.mobile_vit_trainer | Epoch [62/500] | Train Acc: 56.2% | Val Acc: 49.3% | Val Loss: 0.6962
2026-05-24 01:51:54,252 | [AUG ] | INFO | model_trainers.mobile_vit_trainer | Epoch [63/500] | Train Acc: 59.4% | Val Acc: 53.6% | Val Loss: 0.6958
2026-05-24 01:51:56,889 | [AUG ] | INFO | model_trainers.mobile_vit_trainer | Epoch [64/500] | Train Acc: 61.9% | Val Acc: 50.7% | Val Loss: 0.6929
2026-05-24 01:51:59,554 | [AUG ] | INFO | model_trainers.mobile_vit_trainer | Epoch [65/500] | Train Acc: 56.2% | Val Acc: 50.7% | Val Loss: 0.6962
2026-05-24 01:52:02,221 | [AUG ] | INFO | model_trainers.mobile_vit_trainer | Epoch [66/500] | Train Acc: 55.0% | Val Acc: 50.7% | Val Loss: 0.6969
2026-05-24 01:52:04,865 | [AUG ] | INFO | model_trainers.mobile_vit_trainer | Epoch [67/500] | Train Acc: 51.9% | Val Acc: 55.1% | Val Loss: 0.6950
2026-05-24 01:52:07,471 | [AUG ] | INFO | model_trainers.mobile_vit_trainer | Epoch [68/500] | Train Acc: 55.6% | Val Acc: 53.6% | Val Loss: 0.6939
2026-05-24 01:52:10,142 | [AUG ] | INFO | model_trainers.mobile_vit_trainer | Epoch [69/500] | Train Acc: 52.5% | Val Acc: 53.6% | Val Loss: 0.6961
2026-05-24 01:52:12,799 | [AUG ] | INFO | model_trainers.mobile_vit_trainer | Epoch [70/500] | Train Acc: 61.2% | Val Acc: 53.6% | Val Loss: 0.6931
2026-05-24 01:52:15,459 | [AUG ] | INFO | model_trainers.mobile_vit_trainer | Epoch [71/500] | Train Acc: 52.5% | Val Acc: 55.1% | Val Loss: 0.6941
2026-05-24 01:52:18,157 | [AUG ] | INFO | model_trainers.mobile_vit_trainer | Epoch [72/500] | Train Acc: 57.5% | Val Acc: 56.5% | Val Loss: 0.6939
2026-05-24 01:52:20,831 | [AUG ] | INFO | model_trainers.mobile_vit_trainer | Epoch [73/500] | Train Acc: 53.1% | Val Acc: 55.1% | Val Loss: 0.6948
2026-05-24 01:52:23,464 | [AUG ] | INFO | model_trainers.mobile_vit_trainer | Epoch [74/500] | Train Acc: 58.8% | Val Acc: 52.2% | Val Loss: 0.7006
2026-05-24 01:52:26,046 | [AUG ] | INFO | model_trainers.mobile_vit_trainer | Epoch [75/500] | Train Acc: 61.2% | Val Acc: 50.7% | Val Loss: 0.7055
2026-05-24 01:52:28,699 | [AUG ] | INFO | model_trainers.mobile_vit_trainer | Epoch [76/500] | Train Acc: 55.6% | Val Acc: 52.2% | Val Loss: 0.7100
2026-05-24 01:52:31,141 | [AUG ] | INFO | model_trainers.mobile_vit_trainer | Epoch [77/500] | Train Acc: 55.6% | Val Acc: 52.2% | Val Loss: 0.7098
2026-05-24 01:52:31,141 | [AUG ] | INFO | model_trainers.mobile_vit_trainer | Early stop at epoch 77 (no val-loss improvement for 40 epochs; best=0.6906)
2026-05-24 01:52:31,437 | [AUG ] | INFO | evaluators.monte_carlo_evaluator | -> Fold 17 Result | Acc=0.600 Sens=0.714 Spec=0.333 AUROC=0.571
2026-05-24 01:52:31,438 | [AUG ] | INFO | evaluators.monte_carlo_evaluator | === Fold 18/30 | train: 23 subj / 164 windows | test: 11 subj / 65 windows ===
2026-05-24 01:52:31,672 | [AUG ] | INFO | httpx | HTTP Request: HEAD https://huggingface.co/apple/mobilevit-small/resolve/main/config.json "HTTP/1.1 307 Temporary Redirect"
2026-05-24 01:52:31,689 | [AUG ] | INFO | httpx | HTTP Request: HEAD https://huggingface.co/api/resolve-cache/models/apple/mobilevit-small/6c8612545dc98676d27bc518fa521d9e9af23e34/config.json "HTTP/1.1 200 OK"
2026-05-24 01:52:31,974 | [AUG ] | INFO | httpx | HTTP Request: HEAD https://huggingface.co/apple/mobilevit-small/resolve/main/model.safetensors "HTTP/1.1 404 Not Found"
2026-05-24 01:52:32,185 | [AUG ] | INFO | httpx | HTTP Request: HEAD https://huggingface.co/apple/mobilevit-small/resolve/main/model.safetensors.index.json "HTTP/1.1 404 Not Found"
2026-05-24 01:52:32,403 | [AUG ] | INFO | httpx | HTTP Request: HEAD https://huggingface.co/apple/mobilevit-small/resolve/main/pytorch_model.bin "HTTP/1.1 302 Found"
2026-05-24 01:52:32,621 | [AUG ] | INFO | httpx | HTTP Request: HEAD https://huggingface.co/apple/mobilevit-small/resolve/main/model.safetensors "HTTP/1.1 404 Not Found"
2026-05-24 01:52:32,843 | [AUG ] | INFO | httpx | HTTP Request: GET https://huggingface.co/api/models/apple/mobilevit-small "HTTP/1.1 200 OK"
2026-05-24 01:52:33,094 | [AUG ] | INFO | httpx | HTTP Request: GET https://huggingface.co/api/models/apple/mobilevit-small/commits/main "HTTP/1.1 200 OK"
2026-05-24 01:52:33,343 | [AUG ] | INFO | httpx | HTTP Request: GET https://huggingface.co/api/models/apple/mobilevit-small/discussions?p=0 "HTTP/1.1 200 OK"
2026-05-24 01:52:33,569 | [AUG ] | INFO | httpx | HTTP Request: GET https://huggingface.co/api/models/apple/mobilevit-small/commits/refs%2Fpr%2F6 "HTTP/1.1 200 OK"
2026-05-24 01:52:33,780 | [AUG ] | INFO | httpx | HTTP Request: HEAD https://huggingface.co/apple/mobilevit-small/resolve/refs%2Fpr%2F6/model.safetensors.index.json "HTTP/1.1 404 Not Found"
2026-05-24 01:52:33,993 | [AUG ] | INFO | httpx | HTTP Request: HEAD https://huggingface.co/apple/mobilevit-small/resolve/refs%2Fpr%2F6/model.safetensors "HTTP/1.1 302 Found"
2026-05-24 01:52:35,994 | [AUG ] | INFO | model_trainers.mobile_vit_trainer | Epoch [01/500] | Train Acc: 57.5% | Val Acc: 15.4% | Val Loss: 0.9587
2026-05-24 01:52:36,118 | [AUG ] | INFO | model_trainers.mobile_vit_trainer |   ↳ new best val loss; saved checkpoint: /home/leggo/AIResearch/VOGBasedMCIDetectionSystemMobileViTSingleExperimentInference/outputs/checkpoints/run_20260524_011532_aug/fold_17_best.pth
2026-05-24 01:52:38,765 | [AUG ] | INFO | model_trainers.mobile_vit_trainer | Epoch [02/500] | Train Acc: 60.6% | Val Acc: 20.0% | Val Loss: 0.9078
2026-05-24 01:52:38,885 | [AUG ] | INFO | model_trainers.mobile_vit_trainer |   ↳ new best val loss; saved checkpoint: /home/leggo/AIResearch/VOGBasedMCIDetectionSystemMobileViTSingleExperimentInference/outputs/checkpoints/run_20260524_011532_aug/fold_17_best.pth
2026-05-24 01:52:41,537 | [AUG ] | INFO | model_trainers.mobile_vit_trainer | Epoch [03/500] | Train Acc: 57.5% | Val Acc: 26.2% | Val Loss: 0.8551
2026-05-24 01:52:41,667 | [AUG ] | INFO | model_trainers.mobile_vit_trainer |   ↳ new best val loss; saved checkpoint: /home/leggo/AIResearch/VOGBasedMCIDetectionSystemMobileViTSingleExperimentInference/outputs/checkpoints/run_20260524_011532_aug/fold_17_best.pth
2026-05-24 01:52:44,332 | [AUG ] | INFO | model_trainers.mobile_vit_trainer | Epoch [04/500] | Train Acc: 53.8% | Val Acc: 27.7% | Val Loss: 0.8179
2026-05-24 01:52:44,470 | [AUG ] | INFO | model_trainers.mobile_vit_trainer |   ↳ new best val loss; saved checkpoint: /home/leggo/AIResearch/VOGBasedMCIDetectionSystemMobileViTSingleExperimentInference/outputs/checkpoints/run_20260524_011532_aug/fold_17_best.pth
2026-05-24 01:52:47,168 | [AUG ] | INFO | model_trainers.mobile_vit_trainer | Epoch [05/500] | Train Acc: 51.2% | Val Acc: 26.2% | Val Loss: 0.8243
2026-05-24 01:52:49,840 | [AUG ] | INFO | model_trainers.mobile_vit_trainer | Epoch [06/500] | Train Acc: 58.8% | Val Acc: 23.1% | Val Loss: 0.8312
2026-05-24 01:52:52,512 | [AUG ] | INFO | model_trainers.mobile_vit_trainer | Epoch [07/500] | Train Acc: 60.0% | Val Acc: 24.6% | Val Loss: 0.8726
2026-05-24 01:52:55,064 | [AUG ] | INFO | model_trainers.mobile_vit_trainer | Epoch [08/500] | Train Acc: 65.6% | Val Acc: 27.7% | Val Loss: 0.9377
2026-05-24 01:52:57,697 | [AUG ] | INFO | model_trainers.mobile_vit_trainer | Epoch [09/500] | Train Acc: 60.6% | Val Acc: 32.3% | Val Loss: 0.9017
2026-05-24 01:53:00,330 | [AUG ] | INFO | model_trainers.mobile_vit_trainer | Epoch [10/500] | Train Acc: 56.9% | Val Acc: 33.8% | Val Loss: 0.8552
2026-05-24 01:53:02,997 | [AUG ] | INFO | model_trainers.mobile_vit_trainer | Epoch [11/500] | Train Acc: 52.5% | Val Acc: 36.9% | Val Loss: 0.8178
2026-05-24 01:53:03,137 | [AUG ] | INFO | model_trainers.mobile_vit_trainer |   ↳ new best val loss; saved checkpoint: /home/leggo/AIResearch/VOGBasedMCIDetectionSystemMobileViTSingleExperimentInference/outputs/checkpoints/run_20260524_011532_aug/fold_17_best.pth
2026-05-24 01:53:05,797 | [AUG ] | INFO | model_trainers.mobile_vit_trainer | Epoch [12/500] | Train Acc: 61.9% | Val Acc: 36.9% | Val Loss: 0.8177
2026-05-24 01:53:05,934 | [AUG ] | INFO | model_trainers.mobile_vit_trainer |   ↳ new best val loss; saved checkpoint: /home/leggo/AIResearch/VOGBasedMCIDetectionSystemMobileViTSingleExperimentInference/outputs/checkpoints/run_20260524_011532_aug/fold_17_best.pth
2026-05-24 01:53:08,631 | [AUG ] | INFO | model_trainers.mobile_vit_trainer | Epoch [13/500] | Train Acc: 59.4% | Val Acc: 40.0% | Val Loss: 0.8100
2026-05-24 01:53:08,772 | [AUG ] | INFO | model_trainers.mobile_vit_trainer |   ↳ new best val loss; saved checkpoint: /home/leggo/AIResearch/VOGBasedMCIDetectionSystemMobileViTSingleExperimentInference/outputs/checkpoints/run_20260524_011532_aug/fold_17_best.pth
2026-05-24 01:53:11,455 | [AUG ] | INFO | model_trainers.mobile_vit_trainer | Epoch [14/500] | Train Acc: 55.0% | Val Acc: 36.9% | Val Loss: 0.8074
2026-05-24 01:53:11,592 | [AUG ] | INFO | model_trainers.mobile_vit_trainer |   ↳ new best val loss; saved checkpoint: /home/leggo/AIResearch/VOGBasedMCIDetectionSystemMobileViTSingleExperimentInference/outputs/checkpoints/run_20260524_011532_aug/fold_17_best.pth
2026-05-24 01:53:14,274 | [AUG ] | INFO | model_trainers.mobile_vit_trainer | Epoch [15/500] | Train Acc: 71.9% | Val Acc: 35.4% | Val Loss: 0.8120
2026-05-24 01:53:16,963 | [AUG ] | INFO | model_trainers.mobile_vit_trainer | Epoch [16/500] | Train Acc: 59.4% | Val Acc: 38.5% | Val Loss: 0.7955
2026-05-24 01:53:17,088 | [AUG ] | INFO | model_trainers.mobile_vit_trainer |   ↳ new best val loss; saved checkpoint: /home/leggo/AIResearch/VOGBasedMCIDetectionSystemMobileViTSingleExperimentInference/outputs/checkpoints/run_20260524_011532_aug/fold_17_best.pth
2026-05-24 01:53:19,751 | [AUG ] | INFO | model_trainers.mobile_vit_trainer | Epoch [17/500] | Train Acc: 60.0% | Val Acc: 33.8% | Val Loss: 0.8065
2026-05-24 01:53:22,428 | [AUG ] | INFO | model_trainers.mobile_vit_trainer | Epoch [18/500] | Train Acc: 61.2% | Val Acc: 35.4% | Val Loss: 0.7912
2026-05-24 01:53:22,554 | [AUG ] | INFO | model_trainers.mobile_vit_trainer |   ↳ new best val loss; saved checkpoint: /home/leggo/AIResearch/VOGBasedMCIDetectionSystemMobileViTSingleExperimentInference/outputs/checkpoints/run_20260524_011532_aug/fold_17_best.pth
2026-05-24 01:53:25,233 | [AUG ] | INFO | model_trainers.mobile_vit_trainer | Epoch [19/500] | Train Acc: 60.0% | Val Acc: 36.9% | Val Loss: 0.7889
2026-05-24 01:53:25,366 | [AUG ] | INFO | model_trainers.mobile_vit_trainer |   ↳ new best val loss; saved checkpoint: /home/leggo/AIResearch/VOGBasedMCIDetectionSystemMobileViTSingleExperimentInference/outputs/checkpoints/run_20260524_011532_aug/fold_17_best.pth
2026-05-24 01:53:28,002 | [AUG ] | INFO | model_trainers.mobile_vit_trainer | Epoch [20/500] | Train Acc: 61.2% | Val Acc: 38.5% | Val Loss: 0.7610
2026-05-24 01:53:28,143 | [AUG ] | INFO | model_trainers.mobile_vit_trainer |   ↳ new best val loss; saved checkpoint: /home/leggo/AIResearch/VOGBasedMCIDetectionSystemMobileViTSingleExperimentInference/outputs/checkpoints/run_20260524_011532_aug/fold_17_best.pth
2026-05-24 01:53:30,790 | [AUG ] | INFO | model_trainers.mobile_vit_trainer | Epoch [21/500] | Train Acc: 61.2% | Val Acc: 36.9% | Val Loss: 0.8096
2026-05-24 01:53:33,470 | [AUG ] | INFO | model_trainers.mobile_vit_trainer | Epoch [22/500] | Train Acc: 59.4% | Val Acc: 40.0% | Val Loss: 0.7974
2026-05-24 01:53:36,180 | [AUG ] | INFO | model_trainers.mobile_vit_trainer | Epoch [23/500] | Train Acc: 60.6% | Val Acc: 40.0% | Val Loss: 0.8115
2026-05-24 01:53:38,778 | [AUG ] | INFO | model_trainers.mobile_vit_trainer | Epoch [24/500] | Train Acc: 63.8% | Val Acc: 36.9% | Val Loss: 0.8045
2026-05-24 01:53:41,415 | [AUG ] | INFO | model_trainers.mobile_vit_trainer | Epoch [25/500] | Train Acc: 60.6% | Val Acc: 40.0% | Val Loss: 0.8144
2026-05-24 01:53:44,092 | [AUG ] | INFO | model_trainers.mobile_vit_trainer | Epoch [26/500] | Train Acc: 48.8% | Val Acc: 40.0% | Val Loss: 0.8140
2026-05-24 01:53:46,766 | [AUG ] | INFO | model_trainers.mobile_vit_trainer | Epoch [27/500] | Train Acc: 58.1% | Val Acc: 38.5% | Val Loss: 0.8171
2026-05-24 01:53:49,370 | [AUG ] | INFO | model_trainers.mobile_vit_trainer | Epoch [28/500] | Train Acc: 68.8% | Val Acc: 35.4% | Val Loss: 0.8199
2026-05-24 01:53:52,032 | [AUG ] | INFO | model_trainers.mobile_vit_trainer | Epoch [29/500] | Train Acc: 70.0% | Val Acc: 36.9% | Val Loss: 0.8226
2026-05-24 01:53:54,727 | [AUG ] | INFO | model_trainers.mobile_vit_trainer | Epoch [30/500] | Train Acc: 67.5% | Val Acc: 35.4% | Val Loss: 0.8569
2026-05-24 01:53:57,543 | [AUG ] | INFO | model_trainers.mobile_vit_trainer | Epoch [31/500] | Train Acc: 55.6% | Val Acc: 32.3% | Val Loss: 0.8324
2026-05-24 01:53:59,393 | [AUG ] | INFO | model_trainers.mobile_vit_trainer | Epoch [32/500] | Train Acc: 63.1% | Val Acc: 30.8% | Val Loss: 0.8315
2026-05-24 01:54:00,715 | [AUG ] | INFO | model_trainers.mobile_vit_trainer | Epoch [33/500] | Train Acc: 63.1% | Val Acc: 27.7% | Val Loss: 0.8411
2026-05-24 01:54:03,098 | [AUG ] | INFO | model_trainers.mobile_vit_trainer | Epoch [34/500] | Train Acc: 54.4% | Val Acc: 30.8% | Val Loss: 0.8207
2026-05-24 01:54:05,751 | [AUG ] | INFO | model_trainers.mobile_vit_trainer | Epoch [35/500] | Train Acc: 58.1% | Val Acc: 30.8% | Val Loss: 0.8103
2026-05-24 01:54:08,263 | [AUG ] | INFO | model_trainers.mobile_vit_trainer | Epoch [36/500] | Train Acc: 64.4% | Val Acc: 32.3% | Val Loss: 0.8210
2026-05-24 01:54:10,765 | [AUG ] | INFO | model_trainers.mobile_vit_trainer | Epoch [37/500] | Train Acc: 59.4% | Val Acc: 32.3% | Val Loss: 0.8091
2026-05-24 01:54:13,413 | [AUG ] | INFO | model_trainers.mobile_vit_trainer | Epoch [38/500] | Train Acc: 58.8% | Val Acc: 32.3% | Val Loss: 0.8255
2026-05-24 01:54:16,094 | [AUG ] | INFO | model_trainers.mobile_vit_trainer | Epoch [39/500] | Train Acc: 58.8% | Val Acc: 29.2% | Val Loss: 0.8308
2026-05-24 01:54:18,779 | [AUG ] | INFO | model_trainers.mobile_vit_trainer | Epoch [40/500] | Train Acc: 59.4% | Val Acc: 32.3% | Val Loss: 0.8379
2026-05-24 01:54:21,385 | [AUG ] | INFO | model_trainers.mobile_vit_trainer | Epoch [41/500] | Train Acc: 65.0% | Val Acc: 30.8% | Val Loss: 0.8346
2026-05-24 01:54:23,973 | [AUG ] | INFO | model_trainers.mobile_vit_trainer | Epoch [42/500] | Train Acc: 54.4% | Val Acc: 27.7% | Val Loss: 0.8360
2026-05-24 01:54:26,658 | [AUG ] | INFO | model_trainers.mobile_vit_trainer | Epoch [43/500] | Train Acc: 63.1% | Val Acc: 27.7% | Val Loss: 0.8305
2026-05-24 01:54:29,348 | [AUG ] | INFO | model_trainers.mobile_vit_trainer | Epoch [44/500] | Train Acc: 60.6% | Val Acc: 27.7% | Val Loss: 0.8294
2026-05-24 01:54:31,982 | [AUG ] | INFO | model_trainers.mobile_vit_trainer | Epoch [45/500] | Train Acc: 63.1% | Val Acc: 32.3% | Val Loss: 0.8202
2026-05-24 01:54:34,627 | [AUG ] | INFO | model_trainers.mobile_vit_trainer | Epoch [46/500] | Train Acc: 60.0% | Val Acc: 35.4% | Val Loss: 0.8104
2026-05-24 01:54:37,293 | [AUG ] | INFO | model_trainers.mobile_vit_trainer | Epoch [47/500] | Train Acc: 65.6% | Val Acc: 29.2% | Val Loss: 0.8430
2026-05-24 01:54:40,001 | [AUG ] | INFO | model_trainers.mobile_vit_trainer | Epoch [48/500] | Train Acc: 58.8% | Val Acc: 27.7% | Val Loss: 0.8433
2026-05-24 01:54:42,717 | [AUG ] | INFO | model_trainers.mobile_vit_trainer | Epoch [49/500] | Train Acc: 61.9% | Val Acc: 30.8% | Val Loss: 0.8253
2026-05-24 01:54:45,342 | [AUG ] | INFO | model_trainers.mobile_vit_trainer | Epoch [50/500] | Train Acc: 60.6% | Val Acc: 38.5% | Val Loss: 0.7677
2026-05-24 01:54:48,029 | [AUG ] | INFO | model_trainers.mobile_vit_trainer | Epoch [51/500] | Train Acc: 54.4% | Val Acc: 27.7% | Val Loss: 0.8592
2026-05-24 01:54:50,697 | [AUG ] | INFO | model_trainers.mobile_vit_trainer | Epoch [52/500] | Train Acc: 68.1% | Val Acc: 29.2% | Val Loss: 0.8479
2026-05-24 01:54:53,342 | [AUG ] | INFO | model_trainers.mobile_vit_trainer | Epoch [53/500] | Train Acc: 64.4% | Val Acc: 36.9% | Val Loss: 0.7502
2026-05-24 01:54:53,466 | [AUG ] | INFO | model_trainers.mobile_vit_trainer |   ↳ new best val loss; saved checkpoint: /home/leggo/AIResearch/VOGBasedMCIDetectionSystemMobileViTSingleExperimentInference/outputs/checkpoints/run_20260524_011532_aug/fold_17_best.pth
2026-05-24 01:54:56,103 | [AUG ] | INFO | model_trainers.mobile_vit_trainer | Epoch [54/500] | Train Acc: 62.5% | Val Acc: 29.2% | Val Loss: 0.8332
2026-05-24 01:54:58,779 | [AUG ] | INFO | model_trainers.mobile_vit_trainer | Epoch [55/500] | Train Acc: 61.9% | Val Acc: 29.2% | Val Loss: 0.8362
2026-05-24 01:55:01,415 | [AUG ] | INFO | model_trainers.mobile_vit_trainer | Epoch [56/500] | Train Acc: 64.4% | Val Acc: 29.2% | Val Loss: 0.8397
2026-05-24 01:55:04,030 | [AUG ] | INFO | model_trainers.mobile_vit_trainer | Epoch [57/500] | Train Acc: 63.8% | Val Acc: 30.8% | Val Loss: 0.8250
2026-05-24 01:55:06,678 | [AUG ] | INFO | model_trainers.mobile_vit_trainer | Epoch [58/500] | Train Acc: 65.6% | Val Acc: 36.9% | Val Loss: 0.7756
2026-05-24 01:55:09,360 | [AUG ] | INFO | model_trainers.mobile_vit_trainer | Epoch [59/500] | Train Acc: 60.0% | Val Acc: 32.3% | Val Loss: 0.7826
2026-05-24 01:55:12,017 | [AUG ] | INFO | model_trainers.mobile_vit_trainer | Epoch [60/500] | Train Acc: 64.4% | Val Acc: 30.8% | Val Loss: 0.8083
2026-05-24 01:55:14,718 | [AUG ] | INFO | model_trainers.mobile_vit_trainer | Epoch [61/500] | Train Acc: 51.9% | Val Acc: 32.3% | Val Loss: 0.8110
2026-05-24 01:55:17,436 | [AUG ] | INFO | model_trainers.mobile_vit_trainer | Epoch [62/500] | Train Acc: 63.1% | Val Acc: 32.3% | Val Loss: 0.8004
2026-05-24 01:55:20,134 | [AUG ] | INFO | model_trainers.mobile_vit_trainer | Epoch [63/500] | Train Acc: 66.9% | Val Acc: 38.5% | Val Loss: 0.7781
2026-05-24 01:55:22,810 | [AUG ] | INFO | model_trainers.mobile_vit_trainer | Epoch [64/500] | Train Acc: 65.0% | Val Acc: 38.5% | Val Loss: 0.7738
2026-05-24 01:55:25,523 | [AUG ] | INFO | model_trainers.mobile_vit_trainer | Epoch [65/500] | Train Acc: 58.8% | Val Acc: 35.4% | Val Loss: 0.8011
2026-05-24 01:55:28,085 | [AUG ] | INFO | model_trainers.mobile_vit_trainer | Epoch [66/500] | Train Acc: 62.5% | Val Acc: 38.5% | Val Loss: 0.7557
2026-05-24 01:55:30,723 | [AUG ] | INFO | model_trainers.mobile_vit_trainer | Epoch [67/500] | Train Acc: 60.0% | Val Acc: 35.4% | Val Loss: 0.8008
2026-05-24 01:55:33,208 | [AUG ] | INFO | model_trainers.mobile_vit_trainer | Epoch [68/500] | Train Acc: 60.0% | Val Acc: 38.5% | Val Loss: 0.7752
2026-05-24 01:55:35,912 | [AUG ] | INFO | model_trainers.mobile_vit_trainer | Epoch [69/500] | Train Acc: 57.5% | Val Acc: 30.8% | Val Loss: 0.8182
2026-05-24 01:55:38,567 | [AUG ] | INFO | model_trainers.mobile_vit_trainer | Epoch [70/500] | Train Acc: 66.9% | Val Acc: 32.3% | Val Loss: 0.8139
2026-05-24 01:55:41,228 | [AUG ] | INFO | model_trainers.mobile_vit_trainer | Epoch [71/500] | Train Acc: 64.4% | Val Acc: 33.8% | Val Loss: 0.8431
2026-05-24 01:55:43,874 | [AUG ] | INFO | model_trainers.mobile_vit_trainer | Epoch [72/500] | Train Acc: 61.2% | Val Acc: 32.3% | Val Loss: 0.8338
2026-05-24 01:55:46,526 | [AUG ] | INFO | model_trainers.mobile_vit_trainer | Epoch [73/500] | Train Acc: 53.8% | Val Acc: 32.3% | Val Loss: 0.7857
2026-05-24 01:55:49,210 | [AUG ] | INFO | model_trainers.mobile_vit_trainer | Epoch [74/500] | Train Acc: 60.6% | Val Acc: 33.8% | Val Loss: 0.7975
2026-05-24 01:55:51,831 | [AUG ] | INFO | model_trainers.mobile_vit_trainer | Epoch [75/500] | Train Acc: 66.2% | Val Acc: 30.8% | Val Loss: 0.8026
2026-05-24 01:55:54,470 | [AUG ] | INFO | model_trainers.mobile_vit_trainer | Epoch [76/500] | Train Acc: 63.1% | Val Acc: 30.8% | Val Loss: 0.8040
2026-05-24 01:55:57,137 | [AUG ] | INFO | model_trainers.mobile_vit_trainer | Epoch [77/500] | Train Acc: 56.2% | Val Acc: 32.3% | Val Loss: 0.8080
2026-05-24 01:55:59,826 | [AUG ] | INFO | model_trainers.mobile_vit_trainer | Epoch [78/500] | Train Acc: 65.0% | Val Acc: 32.3% | Val Loss: 0.8145
2026-05-24 01:56:02,431 | [AUG ] | INFO | model_trainers.mobile_vit_trainer | Epoch [79/500] | Train Acc: 63.1% | Val Acc: 32.3% | Val Loss: 0.8142
2026-05-24 01:56:05,051 | [AUG ] | INFO | model_trainers.mobile_vit_trainer | Epoch [80/500] | Train Acc: 60.0% | Val Acc: 33.8% | Val Loss: 0.7962
2026-05-24 01:56:07,720 | [AUG ] | INFO | model_trainers.mobile_vit_trainer | Epoch [81/500] | Train Acc: 65.0% | Val Acc: 36.9% | Val Loss: 0.8071
2026-05-24 01:56:10,424 | [AUG ] | INFO | model_trainers.mobile_vit_trainer | Epoch [82/500] | Train Acc: 64.4% | Val Acc: 35.4% | Val Loss: 0.8255
2026-05-24 01:56:13,066 | [AUG ] | INFO | model_trainers.mobile_vit_trainer | Epoch [83/500] | Train Acc: 61.9% | Val Acc: 35.4% | Val Loss: 0.8195
2026-05-24 01:56:15,689 | [AUG ] | INFO | model_trainers.mobile_vit_trainer | Epoch [84/500] | Train Acc: 66.9% | Val Acc: 40.0% | Val Loss: 0.7991
2026-05-24 01:56:18,383 | [AUG ] | INFO | model_trainers.mobile_vit_trainer | Epoch [85/500] | Train Acc: 58.8% | Val Acc: 33.8% | Val Loss: 0.8053
2026-05-24 01:56:21,040 | [AUG ] | INFO | model_trainers.mobile_vit_trainer | Epoch [86/500] | Train Acc: 65.6% | Val Acc: 40.0% | Val Loss: 0.7724
2026-05-24 01:56:23,720 | [AUG ] | INFO | model_trainers.mobile_vit_trainer | Epoch [87/500] | Train Acc: 61.9% | Val Acc: 36.9% | Val Loss: 0.8156
2026-05-24 01:56:26,447 | [AUG ] | INFO | model_trainers.mobile_vit_trainer | Epoch [88/500] | Train Acc: 66.9% | Val Acc: 30.8% | Val Loss: 0.8310
2026-05-24 01:56:29,050 | [AUG ] | INFO | model_trainers.mobile_vit_trainer | Epoch [89/500] | Train Acc: 62.5% | Val Acc: 29.2% | Val Loss: 0.8368
2026-05-24 01:56:31,680 | [AUG ] | INFO | model_trainers.mobile_vit_trainer | Epoch [90/500] | Train Acc: 63.1% | Val Acc: 32.3% | Val Loss: 0.8330
2026-05-24 01:56:34,348 | [AUG ] | INFO | model_trainers.mobile_vit_trainer | Epoch [91/500] | Train Acc: 61.2% | Val Acc: 33.8% | Val Loss: 0.8264
2026-05-24 01:56:37,009 | [AUG ] | INFO | model_trainers.mobile_vit_trainer | Epoch [92/500] | Train Acc: 58.8% | Val Acc: 32.3% | Val Loss: 0.8414
2026-05-24 01:56:39,684 | [AUG ] | INFO | model_trainers.mobile_vit_trainer | Epoch [93/500] | Train Acc: 64.4% | Val Acc: 35.4% | Val Loss: 0.8398
2026-05-24 01:56:39,685 | [AUG ] | INFO | model_trainers.mobile_vit_trainer | Early stop at epoch 93 (no val-loss improvement for 40 epochs; best=0.7502)
2026-05-24 01:56:40,307 | [AUG ] | INFO | evaluators.monte_carlo_evaluator | -> Fold 18 Result | Acc=0.556 Sens=0.500 Spec=0.571 AUROC=0.286
2026-05-24 01:56:40,308 | [AUG ] | INFO | evaluators.monte_carlo_evaluator | === Fold 19/30 | train: 23 subj / 140 windows | test: 11 subj / 89 windows ===
2026-05-24 01:56:40,564 | [AUG ] | INFO | httpx | HTTP Request: HEAD https://huggingface.co/apple/mobilevit-small/resolve/main/config.json "HTTP/1.1 307 Temporary Redirect"
2026-05-24 01:56:40,583 | [AUG ] | INFO | httpx | HTTP Request: HEAD https://huggingface.co/api/resolve-cache/models/apple/mobilevit-small/6c8612545dc98676d27bc518fa521d9e9af23e34/config.json "HTTP/1.1 200 OK"
2026-05-24 01:56:40,847 | [AUG ] | INFO | httpx | HTTP Request: HEAD https://huggingface.co/apple/mobilevit-small/resolve/main/model.safetensors "HTTP/1.1 404 Not Found"
2026-05-24 01:56:41,063 | [AUG ] | INFO | httpx | HTTP Request: HEAD https://huggingface.co/apple/mobilevit-small/resolve/main/model.safetensors.index.json "HTTP/1.1 404 Not Found"
2026-05-24 01:56:41,278 | [AUG ] | INFO | httpx | HTTP Request: HEAD https://huggingface.co/apple/mobilevit-small/resolve/main/pytorch_model.bin "HTTP/1.1 302 Found"
2026-05-24 01:56:41,503 | [AUG ] | INFO | httpx | HTTP Request: HEAD https://huggingface.co/apple/mobilevit-small/resolve/main/model.safetensors "HTTP/1.1 404 Not Found"
2026-05-24 01:56:41,740 | [AUG ] | INFO | httpx | HTTP Request: GET https://huggingface.co/api/models/apple/mobilevit-small "HTTP/1.1 200 OK"
2026-05-24 01:56:42,019 | [AUG ] | INFO | httpx | HTTP Request: GET https://huggingface.co/api/models/apple/mobilevit-small/commits/main "HTTP/1.1 200 OK"
2026-05-24 01:56:42,245 | [AUG ] | INFO | httpx | HTTP Request: GET https://huggingface.co/api/models/apple/mobilevit-small/discussions?p=0 "HTTP/1.1 200 OK"
2026-05-24 01:56:42,468 | [AUG ] | INFO | httpx | HTTP Request: GET https://huggingface.co/api/models/apple/mobilevit-small/commits/refs%2Fpr%2F6 "HTTP/1.1 200 OK"
2026-05-24 01:56:42,686 | [AUG ] | INFO | httpx | HTTP Request: HEAD https://huggingface.co/apple/mobilevit-small/resolve/refs%2Fpr%2F6/model.safetensors.index.json "HTTP/1.1 404 Not Found"
2026-05-24 01:56:42,906 | [AUG ] | INFO | httpx | HTTP Request: HEAD https://huggingface.co/apple/mobilevit-small/resolve/refs%2Fpr%2F6/model.safetensors "HTTP/1.1 302 Found"
2026-05-24 01:56:44,323 | [AUG ] | INFO | model_trainers.mobile_vit_trainer | Epoch [01/500] | Train Acc: 49.2% | Val Acc: 58.4% | Val Loss: 0.6613
2026-05-24 01:56:44,436 | [AUG ] | INFO | model_trainers.mobile_vit_trainer |   ↳ new best val loss; saved checkpoint: /home/leggo/AIResearch/VOGBasedMCIDetectionSystemMobileViTSingleExperimentInference/outputs/checkpoints/run_20260524_011532_aug/fold_18_best.pth
2026-05-24 01:56:46,709 | [AUG ] | INFO | model_trainers.mobile_vit_trainer | Epoch [02/500] | Train Acc: 46.9% | Val Acc: 59.6% | Val Loss: 0.6945
2026-05-24 01:56:49,036 | [AUG ] | INFO | model_trainers.mobile_vit_trainer | Epoch [03/500] | Train Acc: 48.4% | Val Acc: 43.8% | Val Loss: 0.7560
2026-05-24 01:56:51,435 | [AUG ] | INFO | model_trainers.mobile_vit_trainer | Epoch [04/500] | Train Acc: 55.5% | Val Acc: 44.9% | Val Loss: 0.7738
2026-05-24 01:56:53,702 | [AUG ] | INFO | model_trainers.mobile_vit_trainer | Epoch [05/500] | Train Acc: 43.8% | Val Acc: 42.7% | Val Loss: 0.7999
2026-05-24 01:56:55,906 | [AUG ] | INFO | model_trainers.mobile_vit_trainer | Epoch [06/500] | Train Acc: 49.2% | Val Acc: 48.3% | Val Loss: 0.7987
2026-05-24 01:56:56,962 | [AUG ] | INFO | model_trainers.mobile_vit_trainer | Epoch [07/500] | Train Acc: 46.1% | Val Acc: 47.2% | Val Loss: 0.8080
2026-05-24 01:56:58,305 | [AUG ] | INFO | model_trainers.mobile_vit_trainer | Epoch [08/500] | Train Acc: 54.7% | Val Acc: 40.4% | Val Loss: 0.7965
2026-05-24 01:57:00,549 | [AUG ] | INFO | model_trainers.mobile_vit_trainer | Epoch [09/500] | Train Acc: 44.5% | Val Acc: 42.7% | Val Loss: 0.7723
2026-05-24 01:57:02,811 | [AUG ] | INFO | model_trainers.mobile_vit_trainer | Epoch [10/500] | Train Acc: 45.3% | Val Acc: 47.2% | Val Loss: 0.7481
2026-05-24 01:57:04,956 | [AUG ] | INFO | model_trainers.mobile_vit_trainer | Epoch [11/500] | Train Acc: 53.9% | Val Acc: 48.3% | Val Loss: 0.7286
2026-05-24 01:57:07,220 | [AUG ] | INFO | model_trainers.mobile_vit_trainer | Epoch [12/500] | Train Acc: 51.6% | Val Acc: 50.6% | Val Loss: 0.7141
2026-05-24 01:57:09,501 | [AUG ] | INFO | model_trainers.mobile_vit_trainer | Epoch [13/500] | Train Acc: 53.9% | Val Acc: 52.8% | Val Loss: 0.7075
2026-05-24 01:57:11,798 | [AUG ] | INFO | model_trainers.mobile_vit_trainer | Epoch [14/500] | Train Acc: 58.6% | Val Acc: 51.7% | Val Loss: 0.7074
2026-05-24 01:57:14,072 | [AUG ] | INFO | model_trainers.mobile_vit_trainer | Epoch [15/500] | Train Acc: 48.4% | Val Acc: 48.3% | Val Loss: 0.7200
2026-05-24 01:57:16,351 | [AUG ] | INFO | model_trainers.mobile_vit_trainer | Epoch [16/500] | Train Acc: 50.8% | Val Acc: 44.9% | Val Loss: 0.7264
2026-05-24 01:57:18,636 | [AUG ] | INFO | model_trainers.mobile_vit_trainer | Epoch [17/500] | Train Acc: 47.7% | Val Acc: 47.2% | Val Loss: 0.7282
2026-05-24 01:57:20,915 | [AUG ] | INFO | model_trainers.mobile_vit_trainer | Epoch [18/500] | Train Acc: 50.0% | Val Acc: 46.1% | Val Loss: 0.7239
2026-05-24 01:57:23,204 | [AUG ] | INFO | model_trainers.mobile_vit_trainer | Epoch [19/500] | Train Acc: 57.8% | Val Acc: 44.9% | Val Loss: 0.7168
2026-05-24 01:57:25,540 | [AUG ] | INFO | model_trainers.mobile_vit_trainer | Epoch [20/500] | Train Acc: 43.8% | Val Acc: 48.3% | Val Loss: 0.7167
2026-05-24 01:57:27,852 | [AUG ] | INFO | model_trainers.mobile_vit_trainer | Epoch [21/500] | Train Acc: 50.8% | Val Acc: 50.6% | Val Loss: 0.7137
2026-05-24 01:57:30,120 | [AUG ] | INFO | model_trainers.mobile_vit_trainer | Epoch [22/500] | Train Acc: 46.1% | Val Acc: 51.7% | Val Loss: 0.7109
2026-05-24 01:57:32,435 | [AUG ] | INFO | model_trainers.mobile_vit_trainer | Epoch [23/500] | Train Acc: 45.3% | Val Acc: 51.7% | Val Loss: 0.7001
2026-05-24 01:57:34,711 | [AUG ] | INFO | model_trainers.mobile_vit_trainer | Epoch [24/500] | Train Acc: 46.1% | Val Acc: 52.8% | Val Loss: 0.6970
2026-05-24 01:57:37,001 | [AUG ] | INFO | model_trainers.mobile_vit_trainer | Epoch [25/500] | Train Acc: 49.2% | Val Acc: 52.8% | Val Loss: 0.6954
2026-05-24 01:57:39,265 | [AUG ] | INFO | model_trainers.mobile_vit_trainer | Epoch [26/500] | Train Acc: 44.5% | Val Acc: 52.8% | Val Loss: 0.6935
2026-05-24 01:57:41,554 | [AUG ] | INFO | model_trainers.mobile_vit_trainer | Epoch [27/500] | Train Acc: 50.0% | Val Acc: 51.7% | Val Loss: 0.6946
2026-05-24 01:57:43,839 | [AUG ] | INFO | model_trainers.mobile_vit_trainer | Epoch [28/500] | Train Acc: 50.8% | Val Acc: 51.7% | Val Loss: 0.6993
2026-05-24 01:57:46,112 | [AUG ] | INFO | model_trainers.mobile_vit_trainer | Epoch [29/500] | Train Acc: 53.9% | Val Acc: 52.8% | Val Loss: 0.7005
2026-05-24 01:57:48,404 | [AUG ] | INFO | model_trainers.mobile_vit_trainer | Epoch [30/500] | Train Acc: 50.8% | Val Acc: 51.7% | Val Loss: 0.7013
2026-05-24 01:57:50,665 | [AUG ] | INFO | model_trainers.mobile_vit_trainer | Epoch [31/500] | Train Acc: 60.2% | Val Acc: 51.7% | Val Loss: 0.7002
2026-05-24 01:57:52,978 | [AUG ] | INFO | model_trainers.mobile_vit_trainer | Epoch [32/500] | Train Acc: 53.9% | Val Acc: 52.8% | Val Loss: 0.7018
2026-05-24 01:57:55,240 | [AUG ] | INFO | model_trainers.mobile_vit_trainer | Epoch [33/500] | Train Acc: 44.5% | Val Acc: 55.1% | Val Loss: 0.7019
2026-05-24 01:57:57,560 | [AUG ] | INFO | model_trainers.mobile_vit_trainer | Epoch [34/500] | Train Acc: 54.7% | Val Acc: 53.9% | Val Loss: 0.7071
2026-05-24 01:57:59,837 | [AUG ] | INFO | model_trainers.mobile_vit_trainer | Epoch [35/500] | Train Acc: 57.8% | Val Acc: 51.7% | Val Loss: 0.7066
2026-05-24 01:58:02,151 | [AUG ] | INFO | model_trainers.mobile_vit_trainer | Epoch [36/500] | Train Acc: 51.6% | Val Acc: 53.9% | Val Loss: 0.7012
2026-05-24 01:58:04,498 | [AUG ] | INFO | model_trainers.mobile_vit_trainer | Epoch [37/500] | Train Acc: 53.9% | Val Acc: 52.8% | Val Loss: 0.6972
2026-05-24 01:58:06,786 | [AUG ] | INFO | model_trainers.mobile_vit_trainer | Epoch [38/500] | Train Acc: 53.9% | Val Acc: 52.8% | Val Loss: 0.6959
2026-05-24 01:58:09,086 | [AUG ] | INFO | model_trainers.mobile_vit_trainer | Epoch [39/500] | Train Acc: 60.9% | Val Acc: 53.9% | Val Loss: 0.7002
2026-05-24 01:58:11,366 | [AUG ] | INFO | model_trainers.mobile_vit_trainer | Epoch [40/500] | Train Acc: 53.1% | Val Acc: 55.1% | Val Loss: 0.7042
2026-05-24 01:58:13,703 | [AUG ] | INFO | model_trainers.mobile_vit_trainer | Epoch [41/500] | Train Acc: 49.2% | Val Acc: 53.9% | Val Loss: 0.7040
2026-05-24 01:58:13,704 | [AUG ] | INFO | model_trainers.mobile_vit_trainer | Early stop at epoch 41 (no val-loss improvement for 40 epochs; best=0.6613)
2026-05-24 01:58:14,537 | [AUG ] | INFO | evaluators.monte_carlo_evaluator | -> Fold 19 Result | Acc=0.500 Sens=0.556 Spec=0.333 AUROC=0.333
2026-05-24 01:58:14,538 | [AUG ] | INFO | evaluators.monte_carlo_evaluator | === Fold 20/30 | train: 23 subj / 158 windows | test: 11 subj / 71 windows ===
2026-05-24 01:58:14,802 | [AUG ] | INFO | httpx | HTTP Request: HEAD https://huggingface.co/apple/mobilevit-small/resolve/main/config.json "HTTP/1.1 307 Temporary Redirect"
2026-05-24 01:58:14,820 | [AUG ] | INFO | httpx | HTTP Request: HEAD https://huggingface.co/api/resolve-cache/models/apple/mobilevit-small/6c8612545dc98676d27bc518fa521d9e9af23e34/config.json "HTTP/1.1 200 OK"
2026-05-24 01:58:15,105 | [AUG ] | INFO | httpx | HTTP Request: HEAD https://huggingface.co/apple/mobilevit-small/resolve/main/model.safetensors "HTTP/1.1 404 Not Found"
2026-05-24 01:58:15,315 | [AUG ] | INFO | httpx | HTTP Request: HEAD https://huggingface.co/apple/mobilevit-small/resolve/main/model.safetensors.index.json "HTTP/1.1 404 Not Found"
2026-05-24 01:58:15,530 | [AUG ] | INFO | httpx | HTTP Request: HEAD https://huggingface.co/apple/mobilevit-small/resolve/main/pytorch_model.bin "HTTP/1.1 302 Found"
2026-05-24 01:58:15,740 | [AUG ] | INFO | httpx | HTTP Request: HEAD https://huggingface.co/apple/mobilevit-small/resolve/main/model.safetensors "HTTP/1.1 404 Not Found"
2026-05-24 01:58:15,972 | [AUG ] | INFO | httpx | HTTP Request: GET https://huggingface.co/api/models/apple/mobilevit-small "HTTP/1.1 200 OK"
2026-05-24 01:58:16,258 | [AUG ] | INFO | httpx | HTTP Request: GET https://huggingface.co/api/models/apple/mobilevit-small/commits/main "HTTP/1.1 200 OK"
2026-05-24 01:58:16,490 | [AUG ] | INFO | httpx | HTTP Request: GET https://huggingface.co/api/models/apple/mobilevit-small/discussions?p=0 "HTTP/1.1 200 OK"
2026-05-24 01:58:16,716 | [AUG ] | INFO | httpx | HTTP Request: GET https://huggingface.co/api/models/apple/mobilevit-small/commits/refs%2Fpr%2F6 "HTTP/1.1 200 OK"
2026-05-24 01:58:16,939 | [AUG ] | INFO | httpx | HTTP Request: HEAD https://huggingface.co/apple/mobilevit-small/resolve/refs%2Fpr%2F6/model.safetensors.index.json "HTTP/1.1 404 Not Found"
2026-05-24 01:58:17,149 | [AUG ] | INFO | httpx | HTTP Request: HEAD https://huggingface.co/apple/mobilevit-small/resolve/refs%2Fpr%2F6/model.safetensors "HTTP/1.1 302 Found"
2026-05-24 01:58:18,837 | [AUG ] | INFO | model_trainers.mobile_vit_trainer | Epoch [01/500] | Train Acc: 51.6% | Val Acc: 50.7% | Val Loss: 0.7021
2026-05-24 01:58:18,936 | [AUG ] | INFO | model_trainers.mobile_vit_trainer |   ↳ new best val loss; saved checkpoint: /home/leggo/AIResearch/VOGBasedMCIDetectionSystemMobileViTSingleExperimentInference/outputs/checkpoints/run_20260524_011532_aug/fold_19_best.pth
2026-05-24 01:58:21,149 | [AUG ] | INFO | model_trainers.mobile_vit_trainer | Epoch [02/500] | Train Acc: 50.0% | Val Acc: 43.7% | Val Loss: 0.7299
2026-05-24 01:58:23,405 | [AUG ] | INFO | model_trainers.mobile_vit_trainer | Epoch [03/500] | Train Acc: 60.2% | Val Acc: 47.9% | Val Loss: 0.7287
2026-05-24 01:58:25,589 | [AUG ] | INFO | model_trainers.mobile_vit_trainer | Epoch [04/500] | Train Acc: 56.2% | Val Acc: 43.7% | Val Loss: 0.7081
2026-05-24 01:58:27,824 | [AUG ] | INFO | model_trainers.mobile_vit_trainer | Epoch [05/500] | Train Acc: 55.5% | Val Acc: 38.0% | Val Loss: 0.7339
2026-05-24 01:58:30,049 | [AUG ] | INFO | model_trainers.mobile_vit_trainer | Epoch [06/500] | Train Acc: 50.0% | Val Acc: 28.2% | Val Loss: 0.7734
2026-05-24 01:58:32,254 | [AUG ] | INFO | model_trainers.mobile_vit_trainer | Epoch [07/500] | Train Acc: 52.3% | Val Acc: 29.6% | Val Loss: 0.7857
2026-05-24 01:58:34,509 | [AUG ] | INFO | model_trainers.mobile_vit_trainer | Epoch [08/500] | Train Acc: 46.9% | Val Acc: 32.4% | Val Loss: 0.7897
2026-05-24 01:58:36,698 | [AUG ] | INFO | model_trainers.mobile_vit_trainer | Epoch [09/500] | Train Acc: 46.1% | Val Acc: 36.6% | Val Loss: 0.7753
2026-05-24 01:58:38,902 | [AUG ] | INFO | model_trainers.mobile_vit_trainer | Epoch [10/500] | Train Acc: 47.7% | Val Acc: 36.6% | Val Loss: 0.7802
2026-05-24 01:58:41,157 | [AUG ] | INFO | model_trainers.mobile_vit_trainer | Epoch [11/500] | Train Acc: 46.9% | Val Acc: 38.0% | Val Loss: 0.7844
2026-05-24 01:58:42,363 | [AUG ] | INFO | model_trainers.mobile_vit_trainer | Epoch [12/500] | Train Acc: 53.9% | Val Acc: 39.4% | Val Loss: 0.7911
2026-05-24 01:58:43,462 | [AUG ] | INFO | model_trainers.mobile_vit_trainer | Epoch [13/500] | Train Acc: 51.6% | Val Acc: 32.4% | Val Loss: 0.8074
2026-05-24 01:58:45,705 | [AUG ] | INFO | model_trainers.mobile_vit_trainer | Epoch [14/500] | Train Acc: 54.7% | Val Acc: 35.2% | Val Loss: 0.8197
2026-05-24 01:58:47,838 | [AUG ] | INFO | model_trainers.mobile_vit_trainer | Epoch [15/500] | Train Acc: 50.8% | Val Acc: 36.6% | Val Loss: 0.8135
2026-05-24 01:58:49,885 | [AUG ] | INFO | model_trainers.mobile_vit_trainer | Epoch [16/500] | Train Acc: 52.3% | Val Acc: 39.4% | Val Loss: 0.7994
2026-05-24 01:58:51,956 | [AUG ] | INFO | model_trainers.mobile_vit_trainer | Epoch [17/500] | Train Acc: 49.2% | Val Acc: 38.0% | Val Loss: 0.7718
2026-05-24 01:58:54,181 | [AUG ] | INFO | model_trainers.mobile_vit_trainer | Epoch [18/500] | Train Acc: 52.3% | Val Acc: 39.4% | Val Loss: 0.7718
2026-05-24 01:58:56,377 | [AUG ] | INFO | model_trainers.mobile_vit_trainer | Epoch [19/500] | Train Acc: 50.0% | Val Acc: 35.2% | Val Loss: 0.7694
2026-05-24 01:58:58,625 | [AUG ] | INFO | model_trainers.mobile_vit_trainer | Epoch [20/500] | Train Acc: 49.2% | Val Acc: 36.6% | Val Loss: 0.7751
2026-05-24 01:59:00,848 | [AUG ] | INFO | model_trainers.mobile_vit_trainer | Epoch [21/500] | Train Acc: 50.8% | Val Acc: 35.2% | Val Loss: 0.7723
2026-05-24 01:59:03,058 | [AUG ] | INFO | model_trainers.mobile_vit_trainer | Epoch [22/500] | Train Acc: 54.7% | Val Acc: 39.4% | Val Loss: 0.7731
2026-05-24 01:59:05,283 | [AUG ] | INFO | model_trainers.mobile_vit_trainer | Epoch [23/500] | Train Acc: 53.9% | Val Acc: 39.4% | Val Loss: 0.7701
2026-05-24 01:59:07,497 | [AUG ] | INFO | model_trainers.mobile_vit_trainer | Epoch [24/500] | Train Acc: 47.7% | Val Acc: 40.8% | Val Loss: 0.7621
2026-05-24 01:59:09,736 | [AUG ] | INFO | model_trainers.mobile_vit_trainer | Epoch [25/500] | Train Acc: 52.3% | Val Acc: 45.1% | Val Loss: 0.7584
2026-05-24 01:59:11,998 | [AUG ] | INFO | model_trainers.mobile_vit_trainer | Epoch [26/500] | Train Acc: 50.8% | Val Acc: 45.1% | Val Loss: 0.7611
2026-05-24 01:59:14,204 | [AUG ] | INFO | model_trainers.mobile_vit_trainer | Epoch [27/500] | Train Acc: 42.2% | Val Acc: 42.3% | Val Loss: 0.7626
2026-05-24 01:59:16,402 | [AUG ] | INFO | model_trainers.mobile_vit_trainer | Epoch [28/500] | Train Acc: 48.4% | Val Acc: 39.4% | Val Loss: 0.7660
2026-05-24 01:59:18,595 | [AUG ] | INFO | model_trainers.mobile_vit_trainer | Epoch [29/500] | Train Acc: 57.8% | Val Acc: 40.8% | Val Loss: 0.7674
2026-05-24 01:59:20,792 | [AUG ] | INFO | model_trainers.mobile_vit_trainer | Epoch [30/500] | Train Acc: 54.7% | Val Acc: 40.8% | Val Loss: 0.7783
2026-05-24 01:59:22,966 | [AUG ] | INFO | model_trainers.mobile_vit_trainer | Epoch [31/500] | Train Acc: 46.9% | Val Acc: 38.0% | Val Loss: 0.7804
2026-05-24 01:59:25,134 | [AUG ] | INFO | model_trainers.mobile_vit_trainer | Epoch [32/500] | Train Acc: 54.7% | Val Acc: 38.0% | Val Loss: 0.7807
2026-05-24 01:59:27,307 | [AUG ] | INFO | model_trainers.mobile_vit_trainer | Epoch [33/500] | Train Acc: 53.9% | Val Acc: 36.6% | Val Loss: 0.7773
2026-05-24 01:59:29,487 | [AUG ] | INFO | model_trainers.mobile_vit_trainer | Epoch [34/500] | Train Acc: 55.5% | Val Acc: 35.2% | Val Loss: 0.7781
2026-05-24 01:59:31,670 | [AUG ] | INFO | model_trainers.mobile_vit_trainer | Epoch [35/500] | Train Acc: 61.7% | Val Acc: 33.8% | Val Loss: 0.7792
2026-05-24 01:59:33,830 | [AUG ] | INFO | model_trainers.mobile_vit_trainer | Epoch [36/500] | Train Acc: 56.2% | Val Acc: 36.6% | Val Loss: 0.7806
2026-05-24 01:59:36,034 | [AUG ] | INFO | model_trainers.mobile_vit_trainer | Epoch [37/500] | Train Acc: 51.6% | Val Acc: 42.3% | Val Loss: 0.7618
2026-05-24 01:59:38,245 | [AUG ] | INFO | model_trainers.mobile_vit_trainer | Epoch [38/500] | Train Acc: 57.0% | Val Acc: 39.4% | Val Loss: 0.7451
2026-05-24 01:59:40,429 | [AUG ] | INFO | model_trainers.mobile_vit_trainer | Epoch [39/500] | Train Acc: 43.8% | Val Acc: 43.7% | Val Loss: 0.7397
2026-05-24 01:59:42,639 | [AUG ] | INFO | model_trainers.mobile_vit_trainer | Epoch [40/500] | Train Acc: 50.8% | Val Acc: 33.8% | Val Loss: 0.7619
2026-05-24 01:59:44,891 | [AUG ] | INFO | model_trainers.mobile_vit_trainer | Epoch [41/500] | Train Acc: 53.1% | Val Acc: 33.8% | Val Loss: 0.7764
2026-05-24 01:59:44,891 | [AUG ] | INFO | model_trainers.mobile_vit_trainer | Early stop at epoch 41 (no val-loss improvement for 40 epochs; best=0.7021)
2026-05-24 01:59:45,584 | [AUG ] | INFO | evaluators.monte_carlo_evaluator | -> Fold 20 Result | Acc=0.200 Sens=0.167 Spec=0.250 AUROC=0.125
2026-05-24 01:59:45,585 | [AUG ] | INFO | evaluators.monte_carlo_evaluator | === Fold 21/30 | train: 23 subj / 165 windows | test: 11 subj / 64 windows ===
2026-05-24 01:59:45,842 | [AUG ] | INFO | httpx | HTTP Request: HEAD https://huggingface.co/apple/mobilevit-small/resolve/main/config.json "HTTP/1.1 307 Temporary Redirect"
2026-05-24 01:59:45,860 | [AUG ] | INFO | httpx | HTTP Request: HEAD https://huggingface.co/api/resolve-cache/models/apple/mobilevit-small/6c8612545dc98676d27bc518fa521d9e9af23e34/config.json "HTTP/1.1 200 OK"
2026-05-24 01:59:46,130 | [AUG ] | INFO | httpx | HTTP Request: HEAD https://huggingface.co/apple/mobilevit-small/resolve/main/model.safetensors "HTTP/1.1 404 Not Found"
2026-05-24 01:59:46,347 | [AUG ] | INFO | httpx | HTTP Request: HEAD https://huggingface.co/apple/mobilevit-small/resolve/main/model.safetensors.index.json "HTTP/1.1 404 Not Found"
2026-05-24 01:59:46,570 | [AUG ] | INFO | httpx | HTTP Request: HEAD https://huggingface.co/apple/mobilevit-small/resolve/main/pytorch_model.bin "HTTP/1.1 302 Found"
2026-05-24 01:59:46,783 | [AUG ] | INFO | httpx | HTTP Request: HEAD https://huggingface.co/apple/mobilevit-small/resolve/main/model.safetensors "HTTP/1.1 404 Not Found"
2026-05-24 01:59:47,028 | [AUG ] | INFO | httpx | HTTP Request: GET https://huggingface.co/api/models/apple/mobilevit-small "HTTP/1.1 200 OK"
2026-05-24 01:59:47,344 | [AUG ] | INFO | httpx | HTTP Request: GET https://huggingface.co/api/models/apple/mobilevit-small/commits/main "HTTP/1.1 200 OK"
2026-05-24 01:59:47,587 | [AUG ] | INFO | httpx | HTTP Request: GET https://huggingface.co/api/models/apple/mobilevit-small/discussions?p=0 "HTTP/1.1 200 OK"
2026-05-24 01:59:47,820 | [AUG ] | INFO | httpx | HTTP Request: GET https://huggingface.co/api/models/apple/mobilevit-small/commits/refs%2Fpr%2F6 "HTTP/1.1 200 OK"
2026-05-24 01:59:48,037 | [AUG ] | INFO | httpx | HTTP Request: HEAD https://huggingface.co/apple/mobilevit-small/resolve/refs%2Fpr%2F6/model.safetensors.index.json "HTTP/1.1 404 Not Found"
2026-05-24 01:59:48,261 | [AUG ] | INFO | httpx | HTTP Request: HEAD https://huggingface.co/apple/mobilevit-small/resolve/refs%2Fpr%2F6/model.safetensors "HTTP/1.1 302 Found"
2026-05-24 01:59:50,315 | [AUG ] | INFO | model_trainers.mobile_vit_trainer | Epoch [01/500] | Train Acc: 49.4% | Val Acc: 48.4% | Val Loss: 0.7909
2026-05-24 01:59:50,467 | [AUG ] | INFO | model_trainers.mobile_vit_trainer |   ↳ new best val loss; saved checkpoint: /home/leggo/AIResearch/VOGBasedMCIDetectionSystemMobileViTSingleExperimentInference/outputs/checkpoints/run_20260524_011532_aug/fold_20_best.pth
2026-05-24 01:59:53,026 | [AUG ] | INFO | model_trainers.mobile_vit_trainer | Epoch [02/500] | Train Acc: 50.6% | Val Acc: 48.4% | Val Loss: 0.7665
2026-05-24 01:59:53,161 | [AUG ] | INFO | model_trainers.mobile_vit_trainer |   ↳ new best val loss; saved checkpoint: /home/leggo/AIResearch/VOGBasedMCIDetectionSystemMobileViTSingleExperimentInference/outputs/checkpoints/run_20260524_011532_aug/fold_20_best.pth
2026-05-24 01:59:55,787 | [AUG ] | INFO | model_trainers.mobile_vit_trainer | Epoch [03/500] | Train Acc: 40.6% | Val Acc: 48.4% | Val Loss: 0.7683
2026-05-24 01:59:58,418 | [AUG ] | INFO | model_trainers.mobile_vit_trainer | Epoch [04/500] | Train Acc: 47.5% | Val Acc: 51.6% | Val Loss: 0.7361
2026-05-24 01:59:58,560 | [AUG ] | INFO | model_trainers.mobile_vit_trainer |   ↳ new best val loss; saved checkpoint: /home/leggo/AIResearch/VOGBasedMCIDetectionSystemMobileViTSingleExperimentInference/outputs/checkpoints/run_20260524_011532_aug/fold_20_best.pth
2026-05-24 02:00:01,158 | [AUG ] | INFO | model_trainers.mobile_vit_trainer | Epoch [05/500] | Train Acc: 47.5% | Val Acc: 57.8% | Val Loss: 0.6906
2026-05-24 02:00:01,310 | [AUG ] | INFO | model_trainers.mobile_vit_trainer |   ↳ new best val loss; saved checkpoint: /home/leggo/AIResearch/VOGBasedMCIDetectionSystemMobileViTSingleExperimentInference/outputs/checkpoints/run_20260524_011532_aug/fold_20_best.pth
2026-05-24 02:00:03,916 | [AUG ] | INFO | model_trainers.mobile_vit_trainer | Epoch [06/500] | Train Acc: 51.2% | Val Acc: 59.4% | Val Loss: 0.6737
2026-05-24 02:00:04,054 | [AUG ] | INFO | model_trainers.mobile_vit_trainer |   ↳ new best val loss; saved checkpoint: /home/leggo/AIResearch/VOGBasedMCIDetectionSystemMobileViTSingleExperimentInference/outputs/checkpoints/run_20260524_011532_aug/fold_20_best.pth
2026-05-24 02:00:06,673 | [AUG ] | INFO | model_trainers.mobile_vit_trainer | Epoch [07/500] | Train Acc: 45.0% | Val Acc: 54.7% | Val Loss: 0.7097
2026-05-24 02:00:09,305 | [AUG ] | INFO | model_trainers.mobile_vit_trainer | Epoch [08/500] | Train Acc: 47.5% | Val Acc: 53.1% | Val Loss: 0.7058
2026-05-24 02:00:11,916 | [AUG ] | INFO | model_trainers.mobile_vit_trainer | Epoch [09/500] | Train Acc: 51.2% | Val Acc: 48.4% | Val Loss: 0.7094
2026-05-24 02:00:14,511 | [AUG ] | INFO | model_trainers.mobile_vit_trainer | Epoch [10/500] | Train Acc: 48.8% | Val Acc: 50.0% | Val Loss: 0.7090
2026-05-24 02:00:15,965 | [AUG ] | INFO | model_trainers.mobile_vit_trainer | Epoch [11/500] | Train Acc: 48.8% | Val Acc: 48.4% | Val Loss: 0.7005
2026-05-24 02:00:17,581 | [AUG ] | INFO | model_trainers.mobile_vit_trainer | Epoch [12/500] | Train Acc: 56.9% | Val Acc: 50.0% | Val Loss: 0.6975
2026-05-24 02:00:20,035 | [AUG ] | INFO | model_trainers.mobile_vit_trainer | Epoch [13/500] | Train Acc: 50.6% | Val Acc: 50.0% | Val Loss: 0.7112
2026-05-24 02:00:22,661 | [AUG ] | INFO | model_trainers.mobile_vit_trainer | Epoch [14/500] | Train Acc: 48.1% | Val Acc: 53.1% | Val Loss: 0.7054
2026-05-24 02:00:25,270 | [AUG ] | INFO | model_trainers.mobile_vit_trainer | Epoch [15/500] | Train Acc: 52.5% | Val Acc: 53.1% | Val Loss: 0.6940
2026-05-24 02:00:27,853 | [AUG ] | INFO | model_trainers.mobile_vit_trainer | Epoch [16/500] | Train Acc: 47.5% | Val Acc: 51.6% | Val Loss: 0.6981
2026-05-24 02:00:30,422 | [AUG ] | INFO | model_trainers.mobile_vit_trainer | Epoch [17/500] | Train Acc: 48.8% | Val Acc: 48.4% | Val Loss: 0.7069
2026-05-24 02:00:32,997 | [AUG ] | INFO | model_trainers.mobile_vit_trainer | Epoch [18/500] | Train Acc: 51.9% | Val Acc: 53.1% | Val Loss: 0.7134
2026-05-24 02:00:35,605 | [AUG ] | INFO | model_trainers.mobile_vit_trainer | Epoch [19/500] | Train Acc: 53.1% | Val Acc: 45.3% | Val Loss: 0.7025
2026-05-24 02:00:38,060 | [AUG ] | INFO | model_trainers.mobile_vit_trainer | Epoch [20/500] | Train Acc: 50.0% | Val Acc: 57.8% | Val Loss: 0.7068
2026-05-24 02:00:40,632 | [AUG ] | INFO | model_trainers.mobile_vit_trainer | Epoch [21/500] | Train Acc: 51.2% | Val Acc: 56.2% | Val Loss: 0.6922
2026-05-24 02:00:43,252 | [AUG ] | INFO | model_trainers.mobile_vit_trainer | Epoch [22/500] | Train Acc: 58.8% | Val Acc: 56.2% | Val Loss: 0.7025
2026-05-24 02:00:45,882 | [AUG ] | INFO | model_trainers.mobile_vit_trainer | Epoch [23/500] | Train Acc: 49.4% | Val Acc: 56.2% | Val Loss: 0.7070
2026-05-24 02:00:48,528 | [AUG ] | INFO | model_trainers.mobile_vit_trainer | Epoch [24/500] | Train Acc: 47.5% | Val Acc: 56.2% | Val Loss: 0.7127
2026-05-24 02:00:51,188 | [AUG ] | INFO | model_trainers.mobile_vit_trainer | Epoch [25/500] | Train Acc: 52.5% | Val Acc: 54.7% | Val Loss: 0.7122
2026-05-24 02:00:53,827 | [AUG ] | INFO | model_trainers.mobile_vit_trainer | Epoch [26/500] | Train Acc: 56.9% | Val Acc: 53.1% | Val Loss: 0.7088
2026-05-24 02:00:56,446 | [AUG ] | INFO | model_trainers.mobile_vit_trainer | Epoch [27/500] | Train Acc: 47.5% | Val Acc: 57.8% | Val Loss: 0.7051
2026-05-24 02:00:59,062 | [AUG ] | INFO | model_trainers.mobile_vit_trainer | Epoch [28/500] | Train Acc: 58.1% | Val Acc: 57.8% | Val Loss: 0.7127
2026-05-24 02:01:01,681 | [AUG ] | INFO | model_trainers.mobile_vit_trainer | Epoch [29/500] | Train Acc: 55.0% | Val Acc: 51.6% | Val Loss: 0.6993
2026-05-24 02:01:04,291 | [AUG ] | INFO | model_trainers.mobile_vit_trainer | Epoch [30/500] | Train Acc: 56.9% | Val Acc: 53.1% | Val Loss: 0.6964
2026-05-24 02:01:06,901 | [AUG ] | INFO | model_trainers.mobile_vit_trainer | Epoch [31/500] | Train Acc: 52.5% | Val Acc: 56.2% | Val Loss: 0.6955
2026-05-24 02:01:09,484 | [AUG ] | INFO | model_trainers.mobile_vit_trainer | Epoch [32/500] | Train Acc: 48.8% | Val Acc: 51.6% | Val Loss: 0.7102
2026-05-24 02:01:12,039 | [AUG ] | INFO | model_trainers.mobile_vit_trainer | Epoch [33/500] | Train Acc: 50.6% | Val Acc: 43.8% | Val Loss: 0.7076
2026-05-24 02:01:14,663 | [AUG ] | INFO | model_trainers.mobile_vit_trainer | Epoch [34/500] | Train Acc: 51.2% | Val Acc: 46.9% | Val Loss: 0.7196
2026-05-24 02:01:17,323 | [AUG ] | INFO | model_trainers.mobile_vit_trainer | Epoch [35/500] | Train Acc: 48.1% | Val Acc: 50.0% | Val Loss: 0.7090
2026-05-24 02:01:19,984 | [AUG ] | INFO | model_trainers.mobile_vit_trainer | Epoch [36/500] | Train Acc: 52.5% | Val Acc: 53.1% | Val Loss: 0.7179
2026-05-24 02:01:22,601 | [AUG ] | INFO | model_trainers.mobile_vit_trainer | Epoch [37/500] | Train Acc: 48.8% | Val Acc: 48.4% | Val Loss: 0.7060
2026-05-24 02:01:25,232 | [AUG ] | INFO | model_trainers.mobile_vit_trainer | Epoch [38/500] | Train Acc: 57.5% | Val Acc: 51.6% | Val Loss: 0.7114
2026-05-24 02:01:27,828 | [AUG ] | INFO | model_trainers.mobile_vit_trainer | Epoch [39/500] | Train Acc: 43.1% | Val Acc: 56.2% | Val Loss: 0.7028
2026-05-24 02:01:30,402 | [AUG ] | INFO | model_trainers.mobile_vit_trainer | Epoch [40/500] | Train Acc: 55.0% | Val Acc: 53.1% | Val Loss: 0.7245
2026-05-24 02:01:32,995 | [AUG ] | INFO | model_trainers.mobile_vit_trainer | Epoch [41/500] | Train Acc: 51.9% | Val Acc: 56.2% | Val Loss: 0.7218
2026-05-24 02:01:35,587 | [AUG ] | INFO | model_trainers.mobile_vit_trainer | Epoch [42/500] | Train Acc: 52.5% | Val Acc: 56.2% | Val Loss: 0.7272
2026-05-24 02:01:38,208 | [AUG ] | INFO | model_trainers.mobile_vit_trainer | Epoch [43/500] | Train Acc: 51.2% | Val Acc: 57.8% | Val Loss: 0.7322
2026-05-24 02:01:40,869 | [AUG ] | INFO | model_trainers.mobile_vit_trainer | Epoch [44/500] | Train Acc: 49.4% | Val Acc: 54.7% | Val Loss: 0.7178
2026-05-24 02:01:43,453 | [AUG ] | INFO | model_trainers.mobile_vit_trainer | Epoch [45/500] | Train Acc: 46.9% | Val Acc: 57.8% | Val Loss: 0.7122
2026-05-24 02:01:46,065 | [AUG ] | INFO | model_trainers.mobile_vit_trainer | Epoch [46/500] | Train Acc: 55.0% | Val Acc: 56.2% | Val Loss: 0.7080
2026-05-24 02:01:46,068 | [AUG ] | INFO | model_trainers.mobile_vit_trainer | Early stop at epoch 46 (no val-loss improvement for 40 epochs; best=0.6737)
2026-05-24 02:01:46,653 | [AUG ] | INFO | evaluators.monte_carlo_evaluator | -> Fold 21 Result | Acc=0.556 Sens=0.500 Spec=0.667 AUROC=0.556
2026-05-24 02:01:46,655 | [AUG ] | INFO | evaluators.monte_carlo_evaluator | === Fold 22/30 | train: 23 subj / 180 windows | test: 11 subj / 49 windows ===
2026-05-24 02:01:46,915 | [AUG ] | INFO | httpx | HTTP Request: HEAD https://huggingface.co/apple/mobilevit-small/resolve/main/config.json "HTTP/1.1 307 Temporary Redirect"
2026-05-24 02:01:46,933 | [AUG ] | INFO | httpx | HTTP Request: HEAD https://huggingface.co/api/resolve-cache/models/apple/mobilevit-small/6c8612545dc98676d27bc518fa521d9e9af23e34/config.json "HTTP/1.1 200 OK"
2026-05-24 02:01:47,218 | [AUG ] | INFO | httpx | HTTP Request: HEAD https://huggingface.co/apple/mobilevit-small/resolve/main/model.safetensors "HTTP/1.1 404 Not Found"
2026-05-24 02:01:47,435 | [AUG ] | INFO | httpx | HTTP Request: HEAD https://huggingface.co/apple/mobilevit-small/resolve/main/model.safetensors.index.json "HTTP/1.1 404 Not Found"
2026-05-24 02:01:47,658 | [AUG ] | INFO | httpx | HTTP Request: HEAD https://huggingface.co/apple/mobilevit-small/resolve/main/pytorch_model.bin "HTTP/1.1 302 Found"
2026-05-24 02:01:47,871 | [AUG ] | INFO | httpx | HTTP Request: HEAD https://huggingface.co/apple/mobilevit-small/resolve/main/model.safetensors "HTTP/1.1 404 Not Found"
2026-05-24 02:01:48,361 | [AUG ] | INFO | httpx | HTTP Request: GET https://huggingface.co/api/models/apple/mobilevit-small "HTTP/1.1 200 OK"
2026-05-24 02:01:48,633 | [AUG ] | INFO | httpx | HTTP Request: GET https://huggingface.co/api/models/apple/mobilevit-small/commits/main "HTTP/1.1 200 OK"
2026-05-24 02:01:48,864 | [AUG ] | INFO | httpx | HTTP Request: GET https://huggingface.co/api/models/apple/mobilevit-small/discussions?p=0 "HTTP/1.1 200 OK"
2026-05-24 02:01:49,098 | [AUG ] | INFO | httpx | HTTP Request: GET https://huggingface.co/api/models/apple/mobilevit-small/commits/refs%2Fpr%2F6 "HTTP/1.1 200 OK"
2026-05-24 02:01:49,313 | [AUG ] | INFO | httpx | HTTP Request: HEAD https://huggingface.co/apple/mobilevit-small/resolve/refs%2Fpr%2F6/model.safetensors.index.json "HTTP/1.1 404 Not Found"
2026-05-24 02:01:49,534 | [AUG ] | INFO | httpx | HTTP Request: HEAD https://huggingface.co/apple/mobilevit-small/resolve/refs%2Fpr%2F6/model.safetensors "HTTP/1.1 302 Found"
2026-05-24 02:01:51,668 | [AUG ] | INFO | model_trainers.mobile_vit_trainer | Epoch [01/500] | Train Acc: 51.2% | Val Acc: 55.1% | Val Loss: 0.6847
2026-05-24 02:01:51,766 | [AUG ] | INFO | model_trainers.mobile_vit_trainer |   ↳ new best val loss; saved checkpoint: /home/leggo/AIResearch/VOGBasedMCIDetectionSystemMobileViTSingleExperimentInference/outputs/checkpoints/run_20260524_011532_aug/fold_21_best.pth
2026-05-24 02:01:54,264 | [AUG ] | INFO | model_trainers.mobile_vit_trainer | Epoch [02/500] | Train Acc: 48.1% | Val Acc: 65.3% | Val Loss: 0.6645
2026-05-24 02:01:54,380 | [AUG ] | INFO | model_trainers.mobile_vit_trainer |   ↳ new best val loss; saved checkpoint: /home/leggo/AIResearch/VOGBasedMCIDetectionSystemMobileViTSingleExperimentInference/outputs/checkpoints/run_20260524_011532_aug/fold_21_best.pth
2026-05-24 02:01:56,907 | [AUG ] | INFO | model_trainers.mobile_vit_trainer | Epoch [03/500] | Train Acc: 48.8% | Val Acc: 55.1% | Val Loss: 0.6879
2026-05-24 02:01:59,426 | [AUG ] | INFO | model_trainers.mobile_vit_trainer | Epoch [04/500] | Train Acc: 50.6% | Val Acc: 67.3% | Val Loss: 0.6515
2026-05-24 02:01:59,550 | [AUG ] | INFO | model_trainers.mobile_vit_trainer |   ↳ new best val loss; saved checkpoint: /home/leggo/AIResearch/VOGBasedMCIDetectionSystemMobileViTSingleExperimentInference/outputs/checkpoints/run_20260524_011532_aug/fold_21_best.pth
2026-05-24 02:02:02,080 | [AUG ] | INFO | model_trainers.mobile_vit_trainer | Epoch [05/500] | Train Acc: 52.5% | Val Acc: 57.1% | Val Loss: 0.6283
2026-05-24 02:02:02,227 | [AUG ] | INFO | model_trainers.mobile_vit_trainer |   ↳ new best val loss; saved checkpoint: /home/leggo/AIResearch/VOGBasedMCIDetectionSystemMobileViTSingleExperimentInference/outputs/checkpoints/run_20260524_011532_aug/fold_21_best.pth
2026-05-24 02:02:03,956 | [AUG ] | INFO | model_trainers.mobile_vit_trainer | Epoch [06/500] | Train Acc: 47.5% | Val Acc: 63.3% | Val Loss: 0.6181
2026-05-24 02:02:04,061 | [AUG ] | INFO | model_trainers.mobile_vit_trainer |   ↳ new best val loss; saved checkpoint: /home/leggo/AIResearch/VOGBasedMCIDetectionSystemMobileViTSingleExperimentInference/outputs/checkpoints/run_20260524_011532_aug/fold_21_best.pth
2026-05-24 02:02:05,298 | [AUG ] | INFO | model_trainers.mobile_vit_trainer | Epoch [07/500] | Train Acc: 48.8% | Val Acc: 61.2% | Val Loss: 0.6318
2026-05-24 02:02:07,668 | [AUG ] | INFO | model_trainers.mobile_vit_trainer | Epoch [08/500] | Train Acc: 45.6% | Val Acc: 63.3% | Val Loss: 0.6402
2026-05-24 02:02:10,127 | [AUG ] | INFO | model_trainers.mobile_vit_trainer | Epoch [09/500] | Train Acc: 54.4% | Val Acc: 57.1% | Val Loss: 0.6488
2026-05-24 02:02:12,682 | [AUG ] | INFO | model_trainers.mobile_vit_trainer | Epoch [10/500] | Train Acc: 44.4% | Val Acc: 55.1% | Val Loss: 0.6594
2026-05-24 02:02:15,227 | [AUG ] | INFO | model_trainers.mobile_vit_trainer | Epoch [11/500] | Train Acc: 45.6% | Val Acc: 51.0% | Val Loss: 0.6701
2026-05-24 02:02:17,757 | [AUG ] | INFO | model_trainers.mobile_vit_trainer | Epoch [12/500] | Train Acc: 50.0% | Val Acc: 51.0% | Val Loss: 0.6733
2026-05-24 02:02:20,152 | [AUG ] | INFO | model_trainers.mobile_vit_trainer | Epoch [13/500] | Train Acc: 46.9% | Val Acc: 51.0% | Val Loss: 0.6821
2026-05-24 02:02:22,550 | [AUG ] | INFO | model_trainers.mobile_vit_trainer | Epoch [14/500] | Train Acc: 50.6% | Val Acc: 51.0% | Val Loss: 0.6847
2026-05-24 02:02:25,084 | [AUG ] | INFO | model_trainers.mobile_vit_trainer | Epoch [15/500] | Train Acc: 46.2% | Val Acc: 53.1% | Val Loss: 0.6946
2026-05-24 02:02:27,596 | [AUG ] | INFO | model_trainers.mobile_vit_trainer | Epoch [16/500] | Train Acc: 48.8% | Val Acc: 49.0% | Val Loss: 0.6890
2026-05-24 02:02:30,109 | [AUG ] | INFO | model_trainers.mobile_vit_trainer | Epoch [17/500] | Train Acc: 50.6% | Val Acc: 53.1% | Val Loss: 0.6863
2026-05-24 02:02:32,636 | [AUG ] | INFO | model_trainers.mobile_vit_trainer | Epoch [18/500] | Train Acc: 56.2% | Val Acc: 55.1% | Val Loss: 0.6929
2026-05-24 02:02:35,145 | [AUG ] | INFO | model_trainers.mobile_vit_trainer | Epoch [19/500] | Train Acc: 53.8% | Val Acc: 51.0% | Val Loss: 0.6835
2026-05-24 02:02:37,656 | [AUG ] | INFO | model_trainers.mobile_vit_trainer | Epoch [20/500] | Train Acc: 50.6% | Val Acc: 53.1% | Val Loss: 0.6768
2026-05-24 02:02:40,188 | [AUG ] | INFO | model_trainers.mobile_vit_trainer | Epoch [21/500] | Train Acc: 51.9% | Val Acc: 57.1% | Val Loss: 0.6627
2026-05-24 02:02:42,721 | [AUG ] | INFO | model_trainers.mobile_vit_trainer | Epoch [22/500] | Train Acc: 54.4% | Val Acc: 57.1% | Val Loss: 0.6638
2026-05-24 02:02:45,101 | [AUG ] | INFO | model_trainers.mobile_vit_trainer | Epoch [23/500] | Train Acc: 47.5% | Val Acc: 55.1% | Val Loss: 0.6672
2026-05-24 02:02:47,600 | [AUG ] | INFO | model_trainers.mobile_vit_trainer | Epoch [24/500] | Train Acc: 56.9% | Val Acc: 57.1% | Val Loss: 0.6650
2026-05-24 02:02:50,131 | [AUG ] | INFO | model_trainers.mobile_vit_trainer | Epoch [25/500] | Train Acc: 55.6% | Val Acc: 63.3% | Val Loss: 0.6687
2026-05-24 02:02:52,665 | [AUG ] | INFO | model_trainers.mobile_vit_trainer | Epoch [26/500] | Train Acc: 56.9% | Val Acc: 59.2% | Val Loss: 0.6718
2026-05-24 02:02:55,181 | [AUG ] | INFO | model_trainers.mobile_vit_trainer | Epoch [27/500] | Train Acc: 43.8% | Val Acc: 53.1% | Val Loss: 0.6687
2026-05-24 02:02:57,712 | [AUG ] | INFO | model_trainers.mobile_vit_trainer | Epoch [28/500] | Train Acc: 47.5% | Val Acc: 61.2% | Val Loss: 0.6672
2026-05-24 02:03:00,241 | [AUG ] | INFO | model_trainers.mobile_vit_trainer | Epoch [29/500] | Train Acc: 51.9% | Val Acc: 57.1% | Val Loss: 0.6732
2026-05-24 02:03:02,755 | [AUG ] | INFO | model_trainers.mobile_vit_trainer | Epoch [30/500] | Train Acc: 40.0% | Val Acc: 55.1% | Val Loss: 0.6711
2026-05-24 02:03:05,285 | [AUG ] | INFO | model_trainers.mobile_vit_trainer | Epoch [31/500] | Train Acc: 50.0% | Val Acc: 55.1% | Val Loss: 0.6707
2026-05-24 02:03:07,801 | [AUG ] | INFO | model_trainers.mobile_vit_trainer | Epoch [32/500] | Train Acc: 48.8% | Val Acc: 55.1% | Val Loss: 0.6659
2026-05-24 02:03:10,301 | [AUG ] | INFO | model_trainers.mobile_vit_trainer | Epoch [33/500] | Train Acc: 51.2% | Val Acc: 57.1% | Val Loss: 0.6690
2026-05-24 02:03:12,823 | [AUG ] | INFO | model_trainers.mobile_vit_trainer | Epoch [34/500] | Train Acc: 53.8% | Val Acc: 55.1% | Val Loss: 0.6635
2026-05-24 02:03:15,348 | [AUG ] | INFO | model_trainers.mobile_vit_trainer | Epoch [35/500] | Train Acc: 56.9% | Val Acc: 61.2% | Val Loss: 0.6550
2026-05-24 02:03:17,869 | [AUG ] | INFO | model_trainers.mobile_vit_trainer | Epoch [36/500] | Train Acc: 54.4% | Val Acc: 63.3% | Val Loss: 0.6562
2026-05-24 02:03:20,407 | [AUG ] | INFO | model_trainers.mobile_vit_trainer | Epoch [37/500] | Train Acc: 48.1% | Val Acc: 57.1% | Val Loss: 0.6621
2026-05-24 02:03:22,931 | [AUG ] | INFO | model_trainers.mobile_vit_trainer | Epoch [38/500] | Train Acc: 50.0% | Val Acc: 59.2% | Val Loss: 0.6661
2026-05-24 02:03:25,447 | [AUG ] | INFO | model_trainers.mobile_vit_trainer | Epoch [39/500] | Train Acc: 51.2% | Val Acc: 57.1% | Val Loss: 0.6712
2026-05-24 02:03:27,972 | [AUG ] | INFO | model_trainers.mobile_vit_trainer | Epoch [40/500] | Train Acc: 48.8% | Val Acc: 59.2% | Val Loss: 0.6644
2026-05-24 02:03:30,487 | [AUG ] | INFO | model_trainers.mobile_vit_trainer | Epoch [41/500] | Train Acc: 56.2% | Val Acc: 61.2% | Val Loss: 0.6589
2026-05-24 02:03:33,019 | [AUG ] | INFO | model_trainers.mobile_vit_trainer | Epoch [42/500] | Train Acc: 46.9% | Val Acc: 57.1% | Val Loss: 0.6697
2026-05-24 02:03:35,624 | [AUG ] | INFO | model_trainers.mobile_vit_trainer | Epoch [43/500] | Train Acc: 51.9% | Val Acc: 51.0% | Val Loss: 0.6832
2026-05-24 02:03:38,182 | [AUG ] | INFO | model_trainers.mobile_vit_trainer | Epoch [44/500] | Train Acc: 45.0% | Val Acc: 51.0% | Val Loss: 0.6928
2026-05-24 02:03:40,701 | [AUG ] | INFO | model_trainers.mobile_vit_trainer | Epoch [45/500] | Train Acc: 54.4% | Val Acc: 53.1% | Val Loss: 0.6893
2026-05-24 02:03:43,229 | [AUG ] | INFO | model_trainers.mobile_vit_trainer | Epoch [46/500] | Train Acc: 46.9% | Val Acc: 53.1% | Val Loss: 0.6863
2026-05-24 02:03:43,230 | [AUG ] | INFO | model_trainers.mobile_vit_trainer | Early stop at epoch 46 (no val-loss improvement for 40 epochs; best=0.6181)
2026-05-24 02:03:43,668 | [AUG ] | INFO | evaluators.monte_carlo_evaluator | -> Fold 22 Result | Acc=0.714 Sens=0.600 Spec=1.000 AUROC=0.900
2026-05-24 02:03:43,669 | [AUG ] | INFO | evaluators.monte_carlo_evaluator | === Fold 23/30 | train: 23 subj / 155 windows | test: 11 subj / 74 windows ===
2026-05-24 02:03:43,926 | [AUG ] | INFO | httpx | HTTP Request: HEAD https://huggingface.co/apple/mobilevit-small/resolve/main/config.json "HTTP/1.1 307 Temporary Redirect"
2026-05-24 02:03:43,945 | [AUG ] | INFO | httpx | HTTP Request: HEAD https://huggingface.co/api/resolve-cache/models/apple/mobilevit-small/6c8612545dc98676d27bc518fa521d9e9af23e34/config.json "HTTP/1.1 200 OK"
2026-05-24 02:03:44,226 | [AUG ] | INFO | httpx | HTTP Request: HEAD https://huggingface.co/apple/mobilevit-small/resolve/main/model.safetensors "HTTP/1.1 404 Not Found"
2026-05-24 02:03:44,444 | [AUG ] | INFO | httpx | HTTP Request: HEAD https://huggingface.co/apple/mobilevit-small/resolve/main/model.safetensors.index.json "HTTP/1.1 404 Not Found"
2026-05-24 02:03:44,671 | [AUG ] | INFO | httpx | HTTP Request: HEAD https://huggingface.co/apple/mobilevit-small/resolve/main/pytorch_model.bin "HTTP/1.1 302 Found"
2026-05-24 02:03:44,887 | [AUG ] | INFO | httpx | HTTP Request: HEAD https://huggingface.co/apple/mobilevit-small/resolve/main/model.safetensors "HTTP/1.1 404 Not Found"
2026-05-24 02:03:45,105 | [AUG ] | INFO | httpx | HTTP Request: GET https://huggingface.co/api/models/apple/mobilevit-small "HTTP/1.1 200 OK"
2026-05-24 02:03:45,360 | [AUG ] | INFO | httpx | HTTP Request: GET https://huggingface.co/api/models/apple/mobilevit-small/commits/main "HTTP/1.1 200 OK"
2026-05-24 02:03:45,591 | [AUG ] | INFO | httpx | HTTP Request: GET https://huggingface.co/api/models/apple/mobilevit-small/discussions?p=0 "HTTP/1.1 200 OK"
2026-05-24 02:03:45,822 | [AUG ] | INFO | httpx | HTTP Request: GET https://huggingface.co/api/models/apple/mobilevit-small/commits/refs%2Fpr%2F6 "HTTP/1.1 200 OK"
2026-05-24 02:03:46,047 | [AUG ] | INFO | httpx | HTTP Request: HEAD https://huggingface.co/apple/mobilevit-small/resolve/refs%2Fpr%2F6/model.safetensors.index.json "HTTP/1.1 404 Not Found"
2026-05-24 02:03:46,267 | [AUG ] | INFO | httpx | HTTP Request: HEAD https://huggingface.co/apple/mobilevit-small/resolve/refs%2Fpr%2F6/model.safetensors "HTTP/1.1 302 Found"
2026-05-24 02:03:47,957 | [AUG ] | INFO | model_trainers.mobile_vit_trainer | Epoch [01/500] | Train Acc: 45.3% | Val Acc: 40.5% | Val Loss: 0.8376
2026-05-24 02:03:48,086 | [AUG ] | INFO | model_trainers.mobile_vit_trainer |   ↳ new best val loss; saved checkpoint: /home/leggo/AIResearch/VOGBasedMCIDetectionSystemMobileViTSingleExperimentInference/outputs/checkpoints/run_20260524_011532_aug/fold_22_best.pth
2026-05-24 02:03:50,344 | [AUG ] | INFO | model_trainers.mobile_vit_trainer | Epoch [02/500] | Train Acc: 47.7% | Val Acc: 40.5% | Val Loss: 0.8396
2026-05-24 02:03:52,569 | [AUG ] | INFO | model_trainers.mobile_vit_trainer | Epoch [03/500] | Train Acc: 58.6% | Val Acc: 40.5% | Val Loss: 0.8572
2026-05-24 02:03:54,815 | [AUG ] | INFO | model_trainers.mobile_vit_trainer | Epoch [04/500] | Train Acc: 55.5% | Val Acc: 39.2% | Val Loss: 0.8437
2026-05-24 02:03:57,044 | [AUG ] | INFO | model_trainers.mobile_vit_trainer | Epoch [05/500] | Train Acc: 50.8% | Val Acc: 33.8% | Val Loss: 0.8271
2026-05-24 02:03:57,175 | [AUG ] | INFO | model_trainers.mobile_vit_trainer |   ↳ new best val loss; saved checkpoint: /home/leggo/AIResearch/VOGBasedMCIDetectionSystemMobileViTSingleExperimentInference/outputs/checkpoints/run_20260524_011532_aug/fold_22_best.pth
2026-05-24 02:03:59,404 | [AUG ] | INFO | model_trainers.mobile_vit_trainer | Epoch [06/500] | Train Acc: 54.7% | Val Acc: 32.4% | Val Loss: 0.8432
2026-05-24 02:04:01,618 | [AUG ] | INFO | model_trainers.mobile_vit_trainer | Epoch [07/500] | Train Acc: 48.4% | Val Acc: 29.7% | Val Loss: 0.8531
2026-05-24 02:04:03,834 | [AUG ] | INFO | model_trainers.mobile_vit_trainer | Epoch [08/500] | Train Acc: 57.0% | Val Acc: 33.8% | Val Loss: 0.8650
2026-05-24 02:04:06,058 | [AUG ] | INFO | model_trainers.mobile_vit_trainer | Epoch [09/500] | Train Acc: 53.1% | Val Acc: 31.1% | Val Loss: 0.8626
2026-05-24 02:04:08,292 | [AUG ] | INFO | model_trainers.mobile_vit_trainer | Epoch [10/500] | Train Acc: 51.6% | Val Acc: 31.1% | Val Loss: 0.8411
2026-05-24 02:04:10,522 | [AUG ] | INFO | model_trainers.mobile_vit_trainer | Epoch [11/500] | Train Acc: 49.2% | Val Acc: 31.1% | Val Loss: 0.8309
2026-05-24 02:04:11,783 | [AUG ] | INFO | model_trainers.mobile_vit_trainer | Epoch [12/500] | Train Acc: 52.3% | Val Acc: 33.8% | Val Loss: 0.8295
2026-05-24 02:04:12,968 | [AUG ] | INFO | model_trainers.mobile_vit_trainer | Epoch [13/500] | Train Acc: 56.2% | Val Acc: 39.2% | Val Loss: 0.8265
2026-05-24 02:04:13,100 | [AUG ] | INFO | model_trainers.mobile_vit_trainer |   ↳ new best val loss; saved checkpoint: /home/leggo/AIResearch/VOGBasedMCIDetectionSystemMobileViTSingleExperimentInference/outputs/checkpoints/run_20260524_011532_aug/fold_22_best.pth
2026-05-24 02:04:15,066 | [AUG ] | INFO | model_trainers.mobile_vit_trainer | Epoch [14/500] | Train Acc: 53.1% | Val Acc: 40.5% | Val Loss: 0.8168
2026-05-24 02:04:15,183 | [AUG ] | INFO | model_trainers.mobile_vit_trainer |   ↳ new best val loss; saved checkpoint: /home/leggo/AIResearch/VOGBasedMCIDetectionSystemMobileViTSingleExperimentInference/outputs/checkpoints/run_20260524_011532_aug/fold_22_best.pth
2026-05-24 02:04:17,384 | [AUG ] | INFO | model_trainers.mobile_vit_trainer | Epoch [15/500] | Train Acc: 55.5% | Val Acc: 37.8% | Val Loss: 0.8153
2026-05-24 02:04:17,523 | [AUG ] | INFO | model_trainers.mobile_vit_trainer |   ↳ new best val loss; saved checkpoint: /home/leggo/AIResearch/VOGBasedMCIDetectionSystemMobileViTSingleExperimentInference/outputs/checkpoints/run_20260524_011532_aug/fold_22_best.pth
2026-05-24 02:04:19,566 | [AUG ] | INFO | model_trainers.mobile_vit_trainer | Epoch [16/500] | Train Acc: 53.1% | Val Acc: 37.8% | Val Loss: 0.8118
2026-05-24 02:04:19,701 | [AUG ] | INFO | model_trainers.mobile_vit_trainer |   ↳ new best val loss; saved checkpoint: /home/leggo/AIResearch/VOGBasedMCIDetectionSystemMobileViTSingleExperimentInference/outputs/checkpoints/run_20260524_011532_aug/fold_22_best.pth
2026-05-24 02:04:21,760 | [AUG ] | INFO | model_trainers.mobile_vit_trainer | Epoch [17/500] | Train Acc: 51.6% | Val Acc: 37.8% | Val Loss: 0.8054
2026-05-24 02:04:21,885 | [AUG ] | INFO | model_trainers.mobile_vit_trainer |   ↳ new best val loss; saved checkpoint: /home/leggo/AIResearch/VOGBasedMCIDetectionSystemMobileViTSingleExperimentInference/outputs/checkpoints/run_20260524_011532_aug/fold_22_best.pth
2026-05-24 02:04:24,117 | [AUG ] | INFO | model_trainers.mobile_vit_trainer | Epoch [18/500] | Train Acc: 50.0% | Val Acc: 39.2% | Val Loss: 0.8051
2026-05-24 02:04:24,253 | [AUG ] | INFO | model_trainers.mobile_vit_trainer |   ↳ new best val loss; saved checkpoint: /home/leggo/AIResearch/VOGBasedMCIDetectionSystemMobileViTSingleExperimentInference/outputs/checkpoints/run_20260524_011532_aug/fold_22_best.pth
2026-05-24 02:04:26,473 | [AUG ] | INFO | model_trainers.mobile_vit_trainer | Epoch [19/500] | Train Acc: 50.8% | Val Acc: 40.5% | Val Loss: 0.8027
2026-05-24 02:04:26,615 | [AUG ] | INFO | model_trainers.mobile_vit_trainer |   ↳ new best val loss; saved checkpoint: /home/leggo/AIResearch/VOGBasedMCIDetectionSystemMobileViTSingleExperimentInference/outputs/checkpoints/run_20260524_011532_aug/fold_22_best.pth
2026-05-24 02:04:28,675 | [AUG ] | INFO | model_trainers.mobile_vit_trainer | Epoch [20/500] | Train Acc: 43.8% | Val Acc: 36.5% | Val Loss: 0.8007
2026-05-24 02:04:28,801 | [AUG ] | INFO | model_trainers.mobile_vit_trainer |   ↳ new best val loss; saved checkpoint: /home/leggo/AIResearch/VOGBasedMCIDetectionSystemMobileViTSingleExperimentInference/outputs/checkpoints/run_20260524_011532_aug/fold_22_best.pth
2026-05-24 02:04:30,869 | [AUG ] | INFO | model_trainers.mobile_vit_trainer | Epoch [21/500] | Train Acc: 49.2% | Val Acc: 40.5% | Val Loss: 0.7963
2026-05-24 02:04:30,997 | [AUG ] | INFO | model_trainers.mobile_vit_trainer |   ↳ new best val loss; saved checkpoint: /home/leggo/AIResearch/VOGBasedMCIDetectionSystemMobileViTSingleExperimentInference/outputs/checkpoints/run_20260524_011532_aug/fold_22_best.pth
2026-05-24 02:04:33,072 | [AUG ] | INFO | model_trainers.mobile_vit_trainer | Epoch [22/500] | Train Acc: 58.6% | Val Acc: 40.5% | Val Loss: 0.8050
2026-05-24 02:04:35,330 | [AUG ] | INFO | model_trainers.mobile_vit_trainer | Epoch [23/500] | Train Acc: 46.1% | Val Acc: 40.5% | Val Loss: 0.7994
2026-05-24 02:04:37,565 | [AUG ] | INFO | model_trainers.mobile_vit_trainer | Epoch [24/500] | Train Acc: 48.4% | Val Acc: 41.9% | Val Loss: 0.8031
2026-05-24 02:04:39,756 | [AUG ] | INFO | model_trainers.mobile_vit_trainer | Epoch [25/500] | Train Acc: 55.5% | Val Acc: 41.9% | Val Loss: 0.8069
2026-05-24 02:04:41,948 | [AUG ] | INFO | model_trainers.mobile_vit_trainer | Epoch [26/500] | Train Acc: 43.8% | Val Acc: 41.9% | Val Loss: 0.8067
2026-05-24 02:04:44,004 | [AUG ] | INFO | model_trainers.mobile_vit_trainer | Epoch [27/500] | Train Acc: 43.8% | Val Acc: 41.9% | Val Loss: 0.8027
2026-05-24 02:04:46,065 | [AUG ] | INFO | model_trainers.mobile_vit_trainer | Epoch [28/500] | Train Acc: 58.6% | Val Acc: 40.5% | Val Loss: 0.7972
2026-05-24 02:04:48,107 | [AUG ] | INFO | model_trainers.mobile_vit_trainer | Epoch [29/500] | Train Acc: 55.5% | Val Acc: 39.2% | Val Loss: 0.7993
2026-05-24 02:04:50,328 | [AUG ] | INFO | model_trainers.mobile_vit_trainer | Epoch [30/500] | Train Acc: 44.5% | Val Acc: 39.2% | Val Loss: 0.7961
2026-05-24 02:04:50,465 | [AUG ] | INFO | model_trainers.mobile_vit_trainer |   ↳ new best val loss; saved checkpoint: /home/leggo/AIResearch/VOGBasedMCIDetectionSystemMobileViTSingleExperimentInference/outputs/checkpoints/run_20260524_011532_aug/fold_22_best.pth
2026-05-24 02:04:52,652 | [AUG ] | INFO | model_trainers.mobile_vit_trainer | Epoch [31/500] | Train Acc: 56.2% | Val Acc: 39.2% | Val Loss: 0.7916
2026-05-24 02:04:52,775 | [AUG ] | INFO | model_trainers.mobile_vit_trainer |   ↳ new best val loss; saved checkpoint: /home/leggo/AIResearch/VOGBasedMCIDetectionSystemMobileViTSingleExperimentInference/outputs/checkpoints/run_20260524_011532_aug/fold_22_best.pth
2026-05-24 02:04:55,024 | [AUG ] | INFO | model_trainers.mobile_vit_trainer | Epoch [32/500] | Train Acc: 51.6% | Val Acc: 40.5% | Val Loss: 0.7918
2026-05-24 02:04:57,240 | [AUG ] | INFO | model_trainers.mobile_vit_trainer | Epoch [33/500] | Train Acc: 56.2% | Val Acc: 39.2% | Val Loss: 0.8007
2026-05-24 02:04:59,310 | [AUG ] | INFO | model_trainers.mobile_vit_trainer | Epoch [34/500] | Train Acc: 51.6% | Val Acc: 39.2% | Val Loss: 0.8081
2026-05-24 02:05:01,548 | [AUG ] | INFO | model_trainers.mobile_vit_trainer | Epoch [35/500] | Train Acc: 50.8% | Val Acc: 36.5% | Val Loss: 0.8122
2026-05-24 02:05:03,763 | [AUG ] | INFO | model_trainers.mobile_vit_trainer | Epoch [36/500] | Train Acc: 48.4% | Val Acc: 37.8% | Val Loss: 0.8171
2026-05-24 02:05:06,026 | [AUG ] | INFO | model_trainers.mobile_vit_trainer | Epoch [37/500] | Train Acc: 53.1% | Val Acc: 39.2% | Val Loss: 0.8052
2026-05-24 02:05:08,246 | [AUG ] | INFO | model_trainers.mobile_vit_trainer | Epoch [38/500] | Train Acc: 53.1% | Val Acc: 40.5% | Val Loss: 0.7984
2026-05-24 02:05:10,445 | [AUG ] | INFO | model_trainers.mobile_vit_trainer | Epoch [39/500] | Train Acc: 47.7% | Val Acc: 35.1% | Val Loss: 0.8010
2026-05-24 02:05:12,677 | [AUG ] | INFO | model_trainers.mobile_vit_trainer | Epoch [40/500] | Train Acc: 46.1% | Val Acc: 35.1% | Val Loss: 0.8026
2026-05-24 02:05:14,917 | [AUG ] | INFO | model_trainers.mobile_vit_trainer | Epoch [41/500] | Train Acc: 51.6% | Val Acc: 35.1% | Val Loss: 0.8042
2026-05-24 02:05:17,151 | [AUG ] | INFO | model_trainers.mobile_vit_trainer | Epoch [42/500] | Train Acc: 48.4% | Val Acc: 37.8% | Val Loss: 0.7964
2026-05-24 02:05:19,397 | [AUG ] | INFO | model_trainers.mobile_vit_trainer | Epoch [43/500] | Train Acc: 53.9% | Val Acc: 36.5% | Val Loss: 0.7995
2026-05-24 02:05:21,623 | [AUG ] | INFO | model_trainers.mobile_vit_trainer | Epoch [44/500] | Train Acc: 51.6% | Val Acc: 37.8% | Val Loss: 0.7940
2026-05-24 02:05:23,815 | [AUG ] | INFO | model_trainers.mobile_vit_trainer | Epoch [45/500] | Train Acc: 51.6% | Val Acc: 39.2% | Val Loss: 0.7863
2026-05-24 02:05:23,927 | [AUG ] | INFO | model_trainers.mobile_vit_trainer |   ↳ new best val loss; saved checkpoint: /home/leggo/AIResearch/VOGBasedMCIDetectionSystemMobileViTSingleExperimentInference/outputs/checkpoints/run_20260524_011532_aug/fold_22_best.pth
2026-05-24 02:05:26,173 | [AUG ] | INFO | model_trainers.mobile_vit_trainer | Epoch [46/500] | Train Acc: 44.5% | Val Acc: 36.5% | Val Loss: 0.7848
2026-05-24 02:05:26,302 | [AUG ] | INFO | model_trainers.mobile_vit_trainer |   ↳ new best val loss; saved checkpoint: /home/leggo/AIResearch/VOGBasedMCIDetectionSystemMobileViTSingleExperimentInference/outputs/checkpoints/run_20260524_011532_aug/fold_22_best.pth
2026-05-24 02:05:28,508 | [AUG ] | INFO | model_trainers.mobile_vit_trainer | Epoch [47/500] | Train Acc: 40.6% | Val Acc: 41.9% | Val Loss: 0.7772
2026-05-24 02:05:28,644 | [AUG ] | INFO | model_trainers.mobile_vit_trainer |   ↳ new best val loss; saved checkpoint: /home/leggo/AIResearch/VOGBasedMCIDetectionSystemMobileViTSingleExperimentInference/outputs/checkpoints/run_20260524_011532_aug/fold_22_best.pth
2026-05-24 02:05:30,839 | [AUG ] | INFO | model_trainers.mobile_vit_trainer | Epoch [48/500] | Train Acc: 49.2% | Val Acc: 39.2% | Val Loss: 0.7740
2026-05-24 02:05:30,978 | [AUG ] | INFO | model_trainers.mobile_vit_trainer |   ↳ new best val loss; saved checkpoint: /home/leggo/AIResearch/VOGBasedMCIDetectionSystemMobileViTSingleExperimentInference/outputs/checkpoints/run_20260524_011532_aug/fold_22_best.pth
2026-05-24 02:05:33,178 | [AUG ] | INFO | model_trainers.mobile_vit_trainer | Epoch [49/500] | Train Acc: 58.6% | Val Acc: 39.2% | Val Loss: 0.7745
2026-05-24 02:05:35,374 | [AUG ] | INFO | model_trainers.mobile_vit_trainer | Epoch [50/500] | Train Acc: 55.5% | Val Acc: 39.2% | Val Loss: 0.7713
2026-05-24 02:05:35,513 | [AUG ] | INFO | model_trainers.mobile_vit_trainer |   ↳ new best val loss; saved checkpoint: /home/leggo/AIResearch/VOGBasedMCIDetectionSystemMobileViTSingleExperimentInference/outputs/checkpoints/run_20260524_011532_aug/fold_22_best.pth
2026-05-24 02:05:37,775 | [AUG ] | INFO | model_trainers.mobile_vit_trainer | Epoch [51/500] | Train Acc: 52.3% | Val Acc: 37.8% | Val Loss: 0.7713
2026-05-24 02:05:39,980 | [AUG ] | INFO | model_trainers.mobile_vit_trainer | Epoch [52/500] | Train Acc: 55.5% | Val Acc: 37.8% | Val Loss: 0.7645
2026-05-24 02:05:40,110 | [AUG ] | INFO | model_trainers.mobile_vit_trainer |   ↳ new best val loss; saved checkpoint: /home/leggo/AIResearch/VOGBasedMCIDetectionSystemMobileViTSingleExperimentInference/outputs/checkpoints/run_20260524_011532_aug/fold_22_best.pth
2026-05-24 02:05:42,307 | [AUG ] | INFO | model_trainers.mobile_vit_trainer | Epoch [53/500] | Train Acc: 53.9% | Val Acc: 40.5% | Val Loss: 0.7596
2026-05-24 02:05:42,445 | [AUG ] | INFO | model_trainers.mobile_vit_trainer |   ↳ new best val loss; saved checkpoint: /home/leggo/AIResearch/VOGBasedMCIDetectionSystemMobileViTSingleExperimentInference/outputs/checkpoints/run_20260524_011532_aug/fold_22_best.pth
2026-05-24 02:05:44,651 | [AUG ] | INFO | model_trainers.mobile_vit_trainer | Epoch [54/500] | Train Acc: 50.0% | Val Acc: 39.2% | Val Loss: 0.7692
2026-05-24 02:05:46,887 | [AUG ] | INFO | model_trainers.mobile_vit_trainer | Epoch [55/500] | Train Acc: 49.2% | Val Acc: 39.2% | Val Loss: 0.7736
2026-05-24 02:05:49,172 | [AUG ] | INFO | model_trainers.mobile_vit_trainer | Epoch [56/500] | Train Acc: 47.7% | Val Acc: 40.5% | Val Loss: 0.7701
2026-05-24 02:05:51,428 | [AUG ] | INFO | model_trainers.mobile_vit_trainer | Epoch [57/500] | Train Acc: 57.0% | Val Acc: 39.2% | Val Loss: 0.7630
2026-05-24 02:05:53,623 | [AUG ] | INFO | model_trainers.mobile_vit_trainer | Epoch [58/500] | Train Acc: 48.4% | Val Acc: 40.5% | Val Loss: 0.7600
2026-05-24 02:05:55,842 | [AUG ] | INFO | model_trainers.mobile_vit_trainer | Epoch [59/500] | Train Acc: 57.8% | Val Acc: 37.8% | Val Loss: 0.7572
2026-05-24 02:05:55,975 | [AUG ] | INFO | model_trainers.mobile_vit_trainer |   ↳ new best val loss; saved checkpoint: /home/leggo/AIResearch/VOGBasedMCIDetectionSystemMobileViTSingleExperimentInference/outputs/checkpoints/run_20260524_011532_aug/fold_22_best.pth
2026-05-24 02:05:58,224 | [AUG ] | INFO | model_trainers.mobile_vit_trainer | Epoch [60/500] | Train Acc: 53.9% | Val Acc: 41.9% | Val Loss: 0.7524
2026-05-24 02:05:58,365 | [AUG ] | INFO | model_trainers.mobile_vit_trainer |   ↳ new best val loss; saved checkpoint: /home/leggo/AIResearch/VOGBasedMCIDetectionSystemMobileViTSingleExperimentInference/outputs/checkpoints/run_20260524_011532_aug/fold_22_best.pth
2026-05-24 02:06:00,572 | [AUG ] | INFO | model_trainers.mobile_vit_trainer | Epoch [61/500] | Train Acc: 50.8% | Val Acc: 39.2% | Val Loss: 0.7499
2026-05-24 02:06:00,712 | [AUG ] | INFO | model_trainers.mobile_vit_trainer |   ↳ new best val loss; saved checkpoint: /home/leggo/AIResearch/VOGBasedMCIDetectionSystemMobileViTSingleExperimentInference/outputs/checkpoints/run_20260524_011532_aug/fold_22_best.pth
2026-05-24 02:06:02,936 | [AUG ] | INFO | model_trainers.mobile_vit_trainer | Epoch [62/500] | Train Acc: 57.0% | Val Acc: 43.2% | Val Loss: 0.7393
2026-05-24 02:06:03,068 | [AUG ] | INFO | model_trainers.mobile_vit_trainer |   ↳ new best val loss; saved checkpoint: /home/leggo/AIResearch/VOGBasedMCIDetectionSystemMobileViTSingleExperimentInference/outputs/checkpoints/run_20260524_011532_aug/fold_22_best.pth
2026-05-24 02:06:05,292 | [AUG ] | INFO | model_trainers.mobile_vit_trainer | Epoch [63/500] | Train Acc: 46.9% | Val Acc: 43.2% | Val Loss: 0.7373
2026-05-24 02:06:05,424 | [AUG ] | INFO | model_trainers.mobile_vit_trainer |   ↳ new best val loss; saved checkpoint: /home/leggo/AIResearch/VOGBasedMCIDetectionSystemMobileViTSingleExperimentInference/outputs/checkpoints/run_20260524_011532_aug/fold_22_best.pth
2026-05-24 02:06:07,613 | [AUG ] | INFO | model_trainers.mobile_vit_trainer | Epoch [64/500] | Train Acc: 51.6% | Val Acc: 41.9% | Val Loss: 0.7373
2026-05-24 02:06:09,825 | [AUG ] | INFO | model_trainers.mobile_vit_trainer | Epoch [65/500] | Train Acc: 45.3% | Val Acc: 40.5% | Val Loss: 0.7491
2026-05-24 02:06:12,018 | [AUG ] | INFO | model_trainers.mobile_vit_trainer | Epoch [66/500] | Train Acc: 53.9% | Val Acc: 40.5% | Val Loss: 0.7573
2026-05-24 02:06:14,222 | [AUG ] | INFO | model_trainers.mobile_vit_trainer | Epoch [67/500] | Train Acc: 51.6% | Val Acc: 41.9% | Val Loss: 0.7557
2026-05-24 02:06:16,436 | [AUG ] | INFO | model_trainers.mobile_vit_trainer | Epoch [68/500] | Train Acc: 61.7% | Val Acc: 41.9% | Val Loss: 0.7564
2026-05-24 02:06:18,664 | [AUG ] | INFO | model_trainers.mobile_vit_trainer | Epoch [69/500] | Train Acc: 44.5% | Val Acc: 43.2% | Val Loss: 0.7508
2026-05-24 02:06:20,902 | [AUG ] | INFO | model_trainers.mobile_vit_trainer | Epoch [70/500] | Train Acc: 59.4% | Val Acc: 47.3% | Val Loss: 0.7396
2026-05-24 02:06:23,167 | [AUG ] | INFO | model_trainers.mobile_vit_trainer | Epoch [71/500] | Train Acc: 44.5% | Val Acc: 43.2% | Val Loss: 0.7389
2026-05-24 02:06:24,588 | [AUG ] | INFO | model_trainers.mobile_vit_trainer | Epoch [72/500] | Train Acc: 55.5% | Val Acc: 44.6% | Val Loss: 0.7428
2026-05-24 02:06:25,644 | [AUG ] | INFO | model_trainers.mobile_vit_trainer | Epoch [73/500] | Train Acc: 50.0% | Val Acc: 40.5% | Val Loss: 0.7512
2026-05-24 02:06:26,693 | [AUG ] | INFO | model_trainers.mobile_vit_trainer | Epoch [74/500] | Train Acc: 55.5% | Val Acc: 40.5% | Val Loss: 0.7577
2026-05-24 02:06:27,736 | [AUG ] | INFO | model_trainers.mobile_vit_trainer | Epoch [75/500] | Train Acc: 48.4% | Val Acc: 39.2% | Val Loss: 0.7606
2026-05-24 02:06:28,772 | [AUG ] | INFO | model_trainers.mobile_vit_trainer | Epoch [76/500] | Train Acc: 51.6% | Val Acc: 39.2% | Val Loss: 0.7588
2026-05-24 02:06:29,806 | [AUG ] | INFO | model_trainers.mobile_vit_trainer | Epoch [77/500] | Train Acc: 52.3% | Val Acc: 37.8% | Val Loss: 0.7591
2026-05-24 02:06:30,841 | [AUG ] | INFO | model_trainers.mobile_vit_trainer | Epoch [78/500] | Train Acc: 50.8% | Val Acc: 39.2% | Val Loss: 0.7648
2026-05-24 02:06:31,875 | [AUG ] | INFO | model_trainers.mobile_vit_trainer | Epoch [79/500] | Train Acc: 54.7% | Val Acc: 37.8% | Val Loss: 0.7706
2026-05-24 02:06:32,911 | [AUG ] | INFO | model_trainers.mobile_vit_trainer | Epoch [80/500] | Train Acc: 46.9% | Val Acc: 33.8% | Val Loss: 0.7764
2026-05-24 02:06:33,947 | [AUG ] | INFO | model_trainers.mobile_vit_trainer | Epoch [81/500] | Train Acc: 53.9% | Val Acc: 32.4% | Val Loss: 0.7806
2026-05-24 02:06:34,982 | [AUG ] | INFO | model_trainers.mobile_vit_trainer | Epoch [82/500] | Train Acc: 54.7% | Val Acc: 35.1% | Val Loss: 0.7835
2026-05-24 02:06:36,018 | [AUG ] | INFO | model_trainers.mobile_vit_trainer | Epoch [83/500] | Train Acc: 51.6% | Val Acc: 32.4% | Val Loss: 0.7850
2026-05-24 02:06:37,053 | [AUG ] | INFO | model_trainers.mobile_vit_trainer | Epoch [84/500] | Train Acc: 52.3% | Val Acc: 32.4% | Val Loss: 0.7885
2026-05-24 02:06:38,095 | [AUG ] | INFO | model_trainers.mobile_vit_trainer | Epoch [85/500] | Train Acc: 59.4% | Val Acc: 28.4% | Val Loss: 0.7914
2026-05-24 02:06:39,151 | [AUG ] | INFO | model_trainers.mobile_vit_trainer | Epoch [86/500] | Train Acc: 57.8% | Val Acc: 28.4% | Val Loss: 0.7992
2026-05-24 02:06:40,188 | [AUG ] | INFO | model_trainers.mobile_vit_trainer | Epoch [87/500] | Train Acc: 57.0% | Val Acc: 28.4% | Val Loss: 0.7992
2026-05-24 02:06:41,224 | [AUG ] | INFO | model_trainers.mobile_vit_trainer | Epoch [88/500] | Train Acc: 62.5% | Val Acc: 20.3% | Val Loss: 0.8033
2026-05-24 02:06:42,260 | [AUG ] | INFO | model_trainers.mobile_vit_trainer | Epoch [89/500] | Train Acc: 59.4% | Val Acc: 23.0% | Val Loss: 0.8029
2026-05-24 02:06:43,298 | [AUG ] | INFO | model_trainers.mobile_vit_trainer | Epoch [90/500] | Train Acc: 49.2% | Val Acc: 23.0% | Val Loss: 0.8011
2026-05-24 02:06:44,332 | [AUG ] | INFO | model_trainers.mobile_vit_trainer | Epoch [91/500] | Train Acc: 51.6% | Val Acc: 24.3% | Val Loss: 0.8090
2026-05-24 02:06:45,370 | [AUG ] | INFO | model_trainers.mobile_vit_trainer | Epoch [92/500] | Train Acc: 49.2% | Val Acc: 27.0% | Val Loss: 0.8066
2026-05-24 02:06:46,405 | [AUG ] | INFO | model_trainers.mobile_vit_trainer | Epoch [93/500] | Train Acc: 60.9% | Val Acc: 28.4% | Val Loss: 0.8101
2026-05-24 02:06:47,442 | [AUG ] | INFO | model_trainers.mobile_vit_trainer | Epoch [94/500] | Train Acc: 60.9% | Val Acc: 28.4% | Val Loss: 0.8055
2026-05-24 02:06:48,477 | [AUG ] | INFO | model_trainers.mobile_vit_trainer | Epoch [95/500] | Train Acc: 50.8% | Val Acc: 31.1% | Val Loss: 0.7951
2026-05-24 02:06:49,509 | [AUG ] | INFO | model_trainers.mobile_vit_trainer | Epoch [96/500] | Train Acc: 46.9% | Val Acc: 33.8% | Val Loss: 0.7909
2026-05-24 02:06:50,545 | [AUG ] | INFO | model_trainers.mobile_vit_trainer | Epoch [97/500] | Train Acc: 53.1% | Val Acc: 33.8% | Val Loss: 0.7941
2026-05-24 02:06:51,581 | [AUG ] | INFO | model_trainers.mobile_vit_trainer | Epoch [98/500] | Train Acc: 57.0% | Val Acc: 33.8% | Val Loss: 0.7975
2026-05-24 02:06:52,620 | [AUG ] | INFO | model_trainers.mobile_vit_trainer | Epoch [99/500] | Train Acc: 58.6% | Val Acc: 28.4% | Val Loss: 0.8026
2026-05-24 02:06:53,655 | [AUG ] | INFO | model_trainers.mobile_vit_trainer | Epoch [100/500] | Train Acc: 50.0% | Val Acc: 29.7% | Val Loss: 0.8026
2026-05-24 02:06:54,690 | [AUG ] | INFO | model_trainers.mobile_vit_trainer | Epoch [101/500] | Train Acc: 55.5% | Val Acc: 28.4% | Val Loss: 0.7950
2026-05-24 02:06:55,721 | [AUG ] | INFO | model_trainers.mobile_vit_trainer | Epoch [102/500] | Train Acc: 61.7% | Val Acc: 29.7% | Val Loss: 0.7898
2026-05-24 02:06:56,759 | [AUG ] | INFO | model_trainers.mobile_vit_trainer | Epoch [103/500] | Train Acc: 51.6% | Val Acc: 32.4% | Val Loss: 0.7841
2026-05-24 02:06:56,759 | [AUG ] | INFO | model_trainers.mobile_vit_trainer | Early stop at epoch 103 (no val-loss improvement for 40 epochs; best=0.7373)
2026-05-24 02:06:57,065 | [AUG ] | INFO | evaluators.monte_carlo_evaluator | -> Fold 23 Result | Acc=0.100 Sens=0.143 Spec=0.000 AUROC=0.143
2026-05-24 02:06:57,066 | [AUG ] | INFO | evaluators.monte_carlo_evaluator | === Fold 24/30 | train: 23 subj / 158 windows | test: 11 subj / 71 windows ===
2026-05-24 02:06:57,705 | [AUG ] | INFO | httpx | HTTP Request: HEAD https://huggingface.co/apple/mobilevit-small/resolve/main/config.json "HTTP/1.1 307 Temporary Redirect"
2026-05-24 02:06:57,725 | [AUG ] | INFO | httpx | HTTP Request: HEAD https://huggingface.co/api/resolve-cache/models/apple/mobilevit-small/6c8612545dc98676d27bc518fa521d9e9af23e34/config.json "HTTP/1.1 200 OK"
2026-05-24 02:06:58,006 | [AUG ] | INFO | httpx | HTTP Request: HEAD https://huggingface.co/apple/mobilevit-small/resolve/main/model.safetensors "HTTP/1.1 404 Not Found"
2026-05-24 02:06:58,218 | [AUG ] | INFO | httpx | HTTP Request: HEAD https://huggingface.co/apple/mobilevit-small/resolve/main/model.safetensors.index.json "HTTP/1.1 404 Not Found"
2026-05-24 02:06:58,443 | [AUG ] | INFO | httpx | HTTP Request: HEAD https://huggingface.co/apple/mobilevit-small/resolve/main/pytorch_model.bin "HTTP/1.1 302 Found"
2026-05-24 02:06:58,663 | [AUG ] | INFO | httpx | HTTP Request: HEAD https://huggingface.co/apple/mobilevit-small/resolve/main/model.safetensors "HTTP/1.1 404 Not Found"
2026-05-24 02:06:58,921 | [AUG ] | INFO | httpx | HTTP Request: GET https://huggingface.co/api/models/apple/mobilevit-small "HTTP/1.1 200 OK"
2026-05-24 02:06:59,203 | [AUG ] | INFO | httpx | HTTP Request: GET https://huggingface.co/api/models/apple/mobilevit-small/commits/main "HTTP/1.1 200 OK"
2026-05-24 02:06:59,428 | [AUG ] | INFO | httpx | HTTP Request: GET https://huggingface.co/api/models/apple/mobilevit-small/discussions?p=0 "HTTP/1.1 200 OK"
2026-05-24 02:06:59,655 | [AUG ] | INFO | httpx | HTTP Request: GET https://huggingface.co/api/models/apple/mobilevit-small/commits/refs%2Fpr%2F6 "HTTP/1.1 200 OK"
2026-05-24 02:06:59,873 | [AUG ] | INFO | httpx | HTTP Request: HEAD https://huggingface.co/apple/mobilevit-small/resolve/refs%2Fpr%2F6/model.safetensors.index.json "HTTP/1.1 404 Not Found"
2026-05-24 02:07:00,090 | [AUG ] | INFO | httpx | HTTP Request: HEAD https://huggingface.co/apple/mobilevit-small/resolve/refs%2Fpr%2F6/model.safetensors "HTTP/1.1 302 Found"
2026-05-24 02:07:00,316 | [AUG ] | INFO | model_trainers.mobile_vit_trainer | Epoch [01/500] | Train Acc: 46.1% | Val Acc: 73.2% | Val Loss: 0.6357
2026-05-24 02:07:00,411 | [AUG ] | INFO | model_trainers.mobile_vit_trainer |   ↳ new best val loss; saved checkpoint: /home/leggo/AIResearch/VOGBasedMCIDetectionSystemMobileViTSingleExperimentInference/outputs/checkpoints/run_20260524_011532_aug/fold_23_best.pth
2026-05-24 02:07:01,454 | [AUG ] | INFO | model_trainers.mobile_vit_trainer | Epoch [02/500] | Train Acc: 50.8% | Val Acc: 71.8% | Val Loss: 0.6162
2026-05-24 02:07:01,562 | [AUG ] | INFO | model_trainers.mobile_vit_trainer |   ↳ new best val loss; saved checkpoint: /home/leggo/AIResearch/VOGBasedMCIDetectionSystemMobileViTSingleExperimentInference/outputs/checkpoints/run_20260524_011532_aug/fold_23_best.pth
2026-05-24 02:07:02,614 | [AUG ] | INFO | model_trainers.mobile_vit_trainer | Epoch [03/500] | Train Acc: 51.6% | Val Acc: 70.4% | Val Loss: 0.6403
2026-05-24 02:07:03,772 | [AUG ] | INFO | model_trainers.mobile_vit_trainer | Epoch [04/500] | Train Acc: 51.6% | Val Acc: 64.8% | Val Loss: 0.6580
2026-05-24 02:07:04,999 | [AUG ] | INFO | model_trainers.mobile_vit_trainer | Epoch [05/500] | Train Acc: 44.5% | Val Acc: 63.4% | Val Loss: 0.6760
2026-05-24 02:07:06,184 | [AUG ] | INFO | model_trainers.mobile_vit_trainer | Epoch [06/500] | Train Acc: 49.2% | Val Acc: 53.5% | Val Loss: 0.6933
2026-05-24 02:07:07,241 | [AUG ] | INFO | model_trainers.mobile_vit_trainer | Epoch [07/500] | Train Acc: 57.0% | Val Acc: 59.2% | Val Loss: 0.6786
2026-05-24 02:07:08,280 | [AUG ] | INFO | model_trainers.mobile_vit_trainer | Epoch [08/500] | Train Acc: 47.7% | Val Acc: 56.3% | Val Loss: 0.6677
2026-05-24 02:07:09,390 | [AUG ] | INFO | model_trainers.mobile_vit_trainer | Epoch [09/500] | Train Acc: 53.9% | Val Acc: 59.2% | Val Loss: 0.6654
2026-05-24 02:07:10,474 | [AUG ] | INFO | model_trainers.mobile_vit_trainer | Epoch [10/500] | Train Acc: 49.2% | Val Acc: 52.1% | Val Loss: 0.6792
2026-05-24 02:07:11,554 | [AUG ] | INFO | model_trainers.mobile_vit_trainer | Epoch [11/500] | Train Acc: 49.2% | Val Acc: 46.5% | Val Loss: 0.7228
2026-05-24 02:07:12,674 | [AUG ] | INFO | model_trainers.mobile_vit_trainer | Epoch [12/500] | Train Acc: 50.8% | Val Acc: 43.7% | Val Loss: 0.7473
2026-05-24 02:07:13,711 | [AUG ] | INFO | model_trainers.mobile_vit_trainer | Epoch [13/500] | Train Acc: 58.6% | Val Acc: 38.0% | Val Loss: 0.7735
2026-05-24 02:07:14,746 | [AUG ] | INFO | model_trainers.mobile_vit_trainer | Epoch [14/500] | Train Acc: 53.9% | Val Acc: 33.8% | Val Loss: 0.7850
2026-05-24 02:07:15,786 | [AUG ] | INFO | model_trainers.mobile_vit_trainer | Epoch [15/500] | Train Acc: 53.1% | Val Acc: 35.2% | Val Loss: 0.7937
2026-05-24 02:07:16,876 | [AUG ] | INFO | model_trainers.mobile_vit_trainer | Epoch [16/500] | Train Acc: 50.0% | Val Acc: 36.6% | Val Loss: 0.7899
2026-05-24 02:07:17,918 | [AUG ] | INFO | model_trainers.mobile_vit_trainer | Epoch [17/500] | Train Acc: 46.9% | Val Acc: 36.6% | Val Loss: 0.7944
2026-05-24 02:07:18,957 | [AUG ] | INFO | model_trainers.mobile_vit_trainer | Epoch [18/500] | Train Acc: 50.8% | Val Acc: 31.0% | Val Loss: 0.7949
2026-05-24 02:07:19,991 | [AUG ] | INFO | model_trainers.mobile_vit_trainer | Epoch [19/500] | Train Acc: 49.2% | Val Acc: 38.0% | Val Loss: 0.7828
2026-05-24 02:07:21,025 | [AUG ] | INFO | model_trainers.mobile_vit_trainer | Epoch [20/500] | Train Acc: 58.6% | Val Acc: 36.6% | Val Loss: 0.7803
2026-05-24 02:07:22,061 | [AUG ] | INFO | model_trainers.mobile_vit_trainer | Epoch [21/500] | Train Acc: 54.7% | Val Acc: 36.6% | Val Loss: 0.7904
2026-05-24 02:07:23,098 | [AUG ] | INFO | model_trainers.mobile_vit_trainer | Epoch [22/500] | Train Acc: 53.9% | Val Acc: 35.2% | Val Loss: 0.7818
2026-05-24 02:07:24,135 | [AUG ] | INFO | model_trainers.mobile_vit_trainer | Epoch [23/500] | Train Acc: 49.2% | Val Acc: 33.8% | Val Loss: 0.7840
2026-05-24 02:07:25,176 | [AUG ] | INFO | model_trainers.mobile_vit_trainer | Epoch [24/500] | Train Acc: 53.9% | Val Acc: 38.0% | Val Loss: 0.7712
2026-05-24 02:07:26,212 | [AUG ] | INFO | model_trainers.mobile_vit_trainer | Epoch [25/500] | Train Acc: 53.1% | Val Acc: 35.2% | Val Loss: 0.7853
2026-05-24 02:07:27,249 | [AUG ] | INFO | model_trainers.mobile_vit_trainer | Epoch [26/500] | Train Acc: 56.2% | Val Acc: 32.4% | Val Loss: 0.8088
2026-05-24 02:07:28,286 | [AUG ] | INFO | model_trainers.mobile_vit_trainer | Epoch [27/500] | Train Acc: 58.6% | Val Acc: 31.0% | Val Loss: 0.8055
2026-05-24 02:07:29,325 | [AUG ] | INFO | model_trainers.mobile_vit_trainer | Epoch [28/500] | Train Acc: 58.6% | Val Acc: 32.4% | Val Loss: 0.8057
2026-05-24 02:07:30,362 | [AUG ] | INFO | model_trainers.mobile_vit_trainer | Epoch [29/500] | Train Acc: 56.2% | Val Acc: 33.8% | Val Loss: 0.8104
2026-05-24 02:07:31,397 | [AUG ] | INFO | model_trainers.mobile_vit_trainer | Epoch [30/500] | Train Acc: 61.7% | Val Acc: 35.2% | Val Loss: 0.8089
2026-05-24 02:07:32,434 | [AUG ] | INFO | model_trainers.mobile_vit_trainer | Epoch [31/500] | Train Acc: 46.1% | Val Acc: 35.2% | Val Loss: 0.8016
2026-05-24 02:07:33,472 | [AUG ] | INFO | model_trainers.mobile_vit_trainer | Epoch [32/500] | Train Acc: 55.5% | Val Acc: 35.2% | Val Loss: 0.8026
2026-05-24 02:07:34,508 | [AUG ] | INFO | model_trainers.mobile_vit_trainer | Epoch [33/500] | Train Acc: 58.6% | Val Acc: 36.6% | Val Loss: 0.7953
2026-05-24 02:07:35,545 | [AUG ] | INFO | model_trainers.mobile_vit_trainer | Epoch [34/500] | Train Acc: 58.6% | Val Acc: 38.0% | Val Loss: 0.7959
2026-05-24 02:07:36,583 | [AUG ] | INFO | model_trainers.mobile_vit_trainer | Epoch [35/500] | Train Acc: 60.9% | Val Acc: 31.0% | Val Loss: 0.8041
2026-05-24 02:07:37,812 | [AUG ] | INFO | model_trainers.mobile_vit_trainer | Epoch [36/500] | Train Acc: 53.9% | Val Acc: 33.8% | Val Loss: 0.8165
2026-05-24 02:07:39,021 | [AUG ] | INFO | model_trainers.mobile_vit_trainer | Epoch [37/500] | Train Acc: 52.3% | Val Acc: 31.0% | Val Loss: 0.8255
2026-05-24 02:07:40,087 | [AUG ] | INFO | model_trainers.mobile_vit_trainer | Epoch [38/500] | Train Acc: 51.6% | Val Acc: 28.2% | Val Loss: 0.8201
2026-05-24 02:07:41,129 | [AUG ] | INFO | model_trainers.mobile_vit_trainer | Epoch [39/500] | Train Acc: 55.5% | Val Acc: 31.0% | Val Loss: 0.8177
2026-05-24 02:07:42,257 | [AUG ] | INFO | model_trainers.mobile_vit_trainer | Epoch [40/500] | Train Acc: 59.4% | Val Acc: 29.6% | Val Loss: 0.8142
2026-05-24 02:07:43,464 | [AUG ] | INFO | model_trainers.mobile_vit_trainer | Epoch [41/500] | Train Acc: 53.1% | Val Acc: 35.2% | Val Loss: 0.7879
2026-05-24 02:07:44,521 | [AUG ] | INFO | model_trainers.mobile_vit_trainer | Epoch [42/500] | Train Acc: 56.2% | Val Acc: 32.4% | Val Loss: 0.7924
2026-05-24 02:07:44,521 | [AUG ] | INFO | model_trainers.mobile_vit_trainer | Early stop at epoch 42 (no val-loss improvement for 40 epochs; best=0.6162)
2026-05-24 02:07:44,823 | [AUG ] | INFO | evaluators.monte_carlo_evaluator | -> Fold 24 Result | Acc=0.500 Sens=0.556 Spec=0.000 AUROC=0.111
2026-05-24 02:07:44,823 | [AUG ] | INFO | evaluators.monte_carlo_evaluator | === Fold 25/30 | train: 23 subj / 157 windows | test: 11 subj / 72 windows ===
2026-05-24 02:07:45,069 | [AUG ] | INFO | httpx | HTTP Request: HEAD https://huggingface.co/apple/mobilevit-small/resolve/main/config.json "HTTP/1.1 307 Temporary Redirect"
2026-05-24 02:07:45,087 | [AUG ] | INFO | httpx | HTTP Request: HEAD https://huggingface.co/api/resolve-cache/models/apple/mobilevit-small/6c8612545dc98676d27bc518fa521d9e9af23e34/config.json "HTTP/1.1 200 OK"
2026-05-24 02:07:45,375 | [AUG ] | INFO | httpx | HTTP Request: HEAD https://huggingface.co/apple/mobilevit-small/resolve/main/model.safetensors "HTTP/1.1 404 Not Found"
2026-05-24 02:07:45,596 | [AUG ] | INFO | httpx | HTTP Request: HEAD https://huggingface.co/apple/mobilevit-small/resolve/main/model.safetensors.index.json "HTTP/1.1 404 Not Found"
2026-05-24 02:07:45,819 | [AUG ] | INFO | httpx | HTTP Request: HEAD https://huggingface.co/apple/mobilevit-small/resolve/main/pytorch_model.bin "HTTP/1.1 302 Found"
2026-05-24 02:07:46,059 | [AUG ] | INFO | httpx | HTTP Request: HEAD https://huggingface.co/apple/mobilevit-small/resolve/main/model.safetensors "HTTP/1.1 404 Not Found"
2026-05-24 02:07:46,280 | [AUG ] | INFO | httpx | HTTP Request: GET https://huggingface.co/api/models/apple/mobilevit-small "HTTP/1.1 200 OK"
2026-05-24 02:07:46,636 | [AUG ] | INFO | httpx | HTTP Request: GET https://huggingface.co/api/models/apple/mobilevit-small/commits/main "HTTP/1.1 200 OK"
2026-05-24 02:07:46,865 | [AUG ] | INFO | httpx | HTTP Request: GET https://huggingface.co/api/models/apple/mobilevit-small/discussions?p=0 "HTTP/1.1 200 OK"
2026-05-24 02:07:47,090 | [AUG ] | INFO | httpx | HTTP Request: GET https://huggingface.co/api/models/apple/mobilevit-small/commits/refs%2Fpr%2F6 "HTTP/1.1 200 OK"
2026-05-24 02:07:47,364 | [AUG ] | INFO | httpx | HTTP Request: HEAD https://huggingface.co/apple/mobilevit-small/resolve/refs%2Fpr%2F6/model.safetensors.index.json "HTTP/1.1 404 Not Found"
2026-05-24 02:07:47,658 | [AUG ] | INFO | httpx | HTTP Request: HEAD https://huggingface.co/apple/mobilevit-small/resolve/refs%2Fpr%2F6/model.safetensors "HTTP/1.1 302 Found"
2026-05-24 02:07:47,815 | [AUG ] | INFO | model_trainers.mobile_vit_trainer | Epoch [01/500] | Train Acc: 53.1% | Val Acc: 40.3% | Val Loss: 0.7748
2026-05-24 02:07:47,906 | [AUG ] | INFO | model_trainers.mobile_vit_trainer |   ↳ new best val loss; saved checkpoint: /home/leggo/AIResearch/VOGBasedMCIDetectionSystemMobileViTSingleExperimentInference/outputs/checkpoints/run_20260524_011532_aug/fold_24_best.pth
2026-05-24 02:07:48,975 | [AUG ] | INFO | model_trainers.mobile_vit_trainer | Epoch [02/500] | Train Acc: 56.2% | Val Acc: 43.1% | Val Loss: 0.7601
2026-05-24 02:07:49,082 | [AUG ] | INFO | model_trainers.mobile_vit_trainer |   ↳ new best val loss; saved checkpoint: /home/leggo/AIResearch/VOGBasedMCIDetectionSystemMobileViTSingleExperimentInference/outputs/checkpoints/run_20260524_011532_aug/fold_24_best.pth
2026-05-24 02:07:50,229 | [AUG ] | INFO | model_trainers.mobile_vit_trainer | Epoch [03/500] | Train Acc: 50.8% | Val Acc: 41.7% | Val Loss: 0.8021
2026-05-24 02:07:51,449 | [AUG ] | INFO | model_trainers.mobile_vit_trainer | Epoch [04/500] | Train Acc: 53.1% | Val Acc: 40.3% | Val Loss: 0.7900
2026-05-24 02:07:52,502 | [AUG ] | INFO | model_trainers.mobile_vit_trainer | Epoch [05/500] | Train Acc: 49.2% | Val Acc: 48.6% | Val Loss: 0.7446
2026-05-24 02:07:52,608 | [AUG ] | INFO | model_trainers.mobile_vit_trainer |   ↳ new best val loss; saved checkpoint: /home/leggo/AIResearch/VOGBasedMCIDetectionSystemMobileViTSingleExperimentInference/outputs/checkpoints/run_20260524_011532_aug/fold_24_best.pth
2026-05-24 02:07:53,648 | [AUG ] | INFO | model_trainers.mobile_vit_trainer | Epoch [06/500] | Train Acc: 52.3% | Val Acc: 50.0% | Val Loss: 0.7289
2026-05-24 02:07:53,757 | [AUG ] | INFO | model_trainers.mobile_vit_trainer |   ↳ new best val loss; saved checkpoint: /home/leggo/AIResearch/VOGBasedMCIDetectionSystemMobileViTSingleExperimentInference/outputs/checkpoints/run_20260524_011532_aug/fold_24_best.pth
2026-05-24 02:07:54,799 | [AUG ] | INFO | model_trainers.mobile_vit_trainer | Epoch [07/500] | Train Acc: 49.2% | Val Acc: 51.4% | Val Loss: 0.7321
2026-05-24 02:07:55,957 | [AUG ] | INFO | model_trainers.mobile_vit_trainer | Epoch [08/500] | Train Acc: 57.0% | Val Acc: 47.2% | Val Loss: 0.7497
2026-05-24 02:07:57,072 | [AUG ] | INFO | model_trainers.mobile_vit_trainer | Epoch [09/500] | Train Acc: 50.0% | Val Acc: 41.7% | Val Loss: 0.7573
2026-05-24 02:07:58,120 | [AUG ] | INFO | model_trainers.mobile_vit_trainer | Epoch [10/500] | Train Acc: 47.7% | Val Acc: 40.3% | Val Loss: 0.7613
2026-05-24 02:07:59,158 | [AUG ] | INFO | model_trainers.mobile_vit_trainer | Epoch [11/500] | Train Acc: 51.6% | Val Acc: 44.4% | Val Loss: 0.7630
2026-05-24 02:08:00,284 | [AUG ] | INFO | model_trainers.mobile_vit_trainer | Epoch [12/500] | Train Acc: 52.3% | Val Acc: 44.4% | Val Loss: 0.7659
2026-05-24 02:08:01,342 | [AUG ] | INFO | model_trainers.mobile_vit_trainer | Epoch [13/500] | Train Acc: 55.5% | Val Acc: 47.2% | Val Loss: 0.7797
2026-05-24 02:08:02,393 | [AUG ] | INFO | model_trainers.mobile_vit_trainer | Epoch [14/500] | Train Acc: 53.1% | Val Acc: 48.6% | Val Loss: 0.7831
2026-05-24 02:08:03,499 | [AUG ] | INFO | model_trainers.mobile_vit_trainer | Epoch [15/500] | Train Acc: 53.1% | Val Acc: 45.8% | Val Loss: 0.7884
2026-05-24 02:08:04,544 | [AUG ] | INFO | model_trainers.mobile_vit_trainer | Epoch [16/500] | Train Acc: 49.2% | Val Acc: 47.2% | Val Loss: 0.7868
2026-05-24 02:08:05,607 | [AUG ] | INFO | model_trainers.mobile_vit_trainer | Epoch [17/500] | Train Acc: 55.5% | Val Acc: 50.0% | Val Loss: 0.7810
2026-05-24 02:08:06,666 | [AUG ] | INFO | model_trainers.mobile_vit_trainer | Epoch [18/500] | Train Acc: 47.7% | Val Acc: 47.2% | Val Loss: 0.7768
2026-05-24 02:08:07,714 | [AUG ] | INFO | model_trainers.mobile_vit_trainer | Epoch [19/500] | Train Acc: 49.2% | Val Acc: 45.8% | Val Loss: 0.7705
2026-05-24 02:08:08,812 | [AUG ] | INFO | model_trainers.mobile_vit_trainer | Epoch [20/500] | Train Acc: 50.0% | Val Acc: 54.2% | Val Loss: 0.7581
2026-05-24 02:08:09,939 | [AUG ] | INFO | model_trainers.mobile_vit_trainer | Epoch [21/500] | Train Acc: 58.6% | Val Acc: 50.0% | Val Loss: 0.7367
2026-05-24 02:08:11,001 | [AUG ] | INFO | model_trainers.mobile_vit_trainer | Epoch [22/500] | Train Acc: 52.3% | Val Acc: 48.6% | Val Loss: 0.7292
2026-05-24 02:08:12,058 | [AUG ] | INFO | model_trainers.mobile_vit_trainer | Epoch [23/500] | Train Acc: 54.7% | Val Acc: 45.8% | Val Loss: 0.7292
2026-05-24 02:08:13,114 | [AUG ] | INFO | model_trainers.mobile_vit_trainer | Epoch [24/500] | Train Acc: 54.7% | Val Acc: 45.8% | Val Loss: 0.7242
2026-05-24 02:08:13,226 | [AUG ] | INFO | model_trainers.mobile_vit_trainer |   ↳ new best val loss; saved checkpoint: /home/leggo/AIResearch/VOGBasedMCIDetectionSystemMobileViTSingleExperimentInference/outputs/checkpoints/run_20260524_011532_aug/fold_24_best.pth
2026-05-24 02:08:14,281 | [AUG ] | INFO | model_trainers.mobile_vit_trainer | Epoch [25/500] | Train Acc: 53.1% | Val Acc: 44.4% | Val Loss: 0.7253
2026-05-24 02:08:15,333 | [AUG ] | INFO | model_trainers.mobile_vit_trainer | Epoch [26/500] | Train Acc: 46.1% | Val Acc: 43.1% | Val Loss: 0.7333
2026-05-24 02:08:16,388 | [AUG ] | INFO | model_trainers.mobile_vit_trainer | Epoch [27/500] | Train Acc: 53.1% | Val Acc: 41.7% | Val Loss: 0.7375
2026-05-24 02:08:17,443 | [AUG ] | INFO | model_trainers.mobile_vit_trainer | Epoch [28/500] | Train Acc: 50.8% | Val Acc: 43.1% | Val Loss: 0.7358
2026-05-24 02:08:18,546 | [AUG ] | INFO | model_trainers.mobile_vit_trainer | Epoch [29/500] | Train Acc: 50.0% | Val Acc: 44.4% | Val Loss: 0.7343
2026-05-24 02:08:19,600 | [AUG ] | INFO | model_trainers.mobile_vit_trainer | Epoch [30/500] | Train Acc: 53.9% | Val Acc: 44.4% | Val Loss: 0.7385
2026-05-24 02:08:20,655 | [AUG ] | INFO | model_trainers.mobile_vit_trainer | Epoch [31/500] | Train Acc: 46.9% | Val Acc: 48.6% | Val Loss: 0.7373
2026-05-24 02:08:21,711 | [AUG ] | INFO | model_trainers.mobile_vit_trainer | Epoch [32/500] | Train Acc: 57.0% | Val Acc: 51.4% | Val Loss: 0.7288
2026-05-24 02:08:22,769 | [AUG ] | INFO | model_trainers.mobile_vit_trainer | Epoch [33/500] | Train Acc: 59.4% | Val Acc: 45.8% | Val Loss: 0.7286
2026-05-24 02:08:23,821 | [AUG ] | INFO | model_trainers.mobile_vit_trainer | Epoch [34/500] | Train Acc: 54.7% | Val Acc: 45.8% | Val Loss: 0.7305
2026-05-24 02:08:24,882 | [AUG ] | INFO | model_trainers.mobile_vit_trainer | Epoch [35/500] | Train Acc: 55.5% | Val Acc: 47.2% | Val Loss: 0.7313
2026-05-24 02:08:25,939 | [AUG ] | INFO | model_trainers.mobile_vit_trainer | Epoch [36/500] | Train Acc: 53.1% | Val Acc: 47.2% | Val Loss: 0.7341
2026-05-24 02:08:27,010 | [AUG ] | INFO | model_trainers.mobile_vit_trainer | Epoch [37/500] | Train Acc: 53.9% | Val Acc: 48.6% | Val Loss: 0.7289
2026-05-24 02:08:28,085 | [AUG ] | INFO | model_trainers.mobile_vit_trainer | Epoch [38/500] | Train Acc: 60.2% | Val Acc: 47.2% | Val Loss: 0.7281
2026-05-24 02:08:29,147 | [AUG ] | INFO | model_trainers.mobile_vit_trainer | Epoch [39/500] | Train Acc: 52.3% | Val Acc: 47.2% | Val Loss: 0.7290
2026-05-24 02:08:30,209 | [AUG ] | INFO | model_trainers.mobile_vit_trainer | Epoch [40/500] | Train Acc: 60.2% | Val Acc: 50.0% | Val Loss: 0.7341
2026-05-24 02:08:31,270 | [AUG ] | INFO | model_trainers.mobile_vit_trainer | Epoch [41/500] | Train Acc: 55.5% | Val Acc: 48.6% | Val Loss: 0.7354
2026-05-24 02:08:32,333 | [AUG ] | INFO | model_trainers.mobile_vit_trainer | Epoch [42/500] | Train Acc: 51.6% | Val Acc: 48.6% | Val Loss: 0.7342
2026-05-24 02:08:33,390 | [AUG ] | INFO | model_trainers.mobile_vit_trainer | Epoch [43/500] | Train Acc: 55.5% | Val Acc: 50.0% | Val Loss: 0.7302
2026-05-24 02:08:34,447 | [AUG ] | INFO | model_trainers.mobile_vit_trainer | Epoch [44/500] | Train Acc: 57.0% | Val Acc: 47.2% | Val Loss: 0.7313
2026-05-24 02:08:35,692 | [AUG ] | INFO | model_trainers.mobile_vit_trainer | Epoch [45/500] | Train Acc: 51.6% | Val Acc: 44.4% | Val Loss: 0.7410
2026-05-24 02:08:36,744 | [AUG ] | INFO | model_trainers.mobile_vit_trainer | Epoch [46/500] | Train Acc: 53.1% | Val Acc: 47.2% | Val Loss: 0.7449
2026-05-24 02:08:37,807 | [AUG ] | INFO | model_trainers.mobile_vit_trainer | Epoch [47/500] | Train Acc: 54.7% | Val Acc: 47.2% | Val Loss: 0.7502
2026-05-24 02:08:38,863 | [AUG ] | INFO | model_trainers.mobile_vit_trainer | Epoch [48/500] | Train Acc: 51.6% | Val Acc: 47.2% | Val Loss: 0.7464
2026-05-24 02:08:39,924 | [AUG ] | INFO | model_trainers.mobile_vit_trainer | Epoch [49/500] | Train Acc: 53.9% | Val Acc: 48.6% | Val Loss: 0.7396
2026-05-24 02:08:40,983 | [AUG ] | INFO | model_trainers.mobile_vit_trainer | Epoch [50/500] | Train Acc: 55.5% | Val Acc: 44.4% | Val Loss: 0.7405
2026-05-24 02:08:42,064 | [AUG ] | INFO | model_trainers.mobile_vit_trainer | Epoch [51/500] | Train Acc: 46.1% | Val Acc: 48.6% | Val Loss: 0.7361
2026-05-24 02:08:43,171 | [AUG ] | INFO | model_trainers.mobile_vit_trainer | Epoch [52/500] | Train Acc: 52.3% | Val Acc: 50.0% | Val Loss: 0.7319
2026-05-24 02:08:44,231 | [AUG ] | INFO | model_trainers.mobile_vit_trainer | Epoch [53/500] | Train Acc: 51.6% | Val Acc: 45.8% | Val Loss: 0.7353
2026-05-24 02:08:45,290 | [AUG ] | INFO | model_trainers.mobile_vit_trainer | Epoch [54/500] | Train Acc: 53.9% | Val Acc: 43.1% | Val Loss: 0.7421
2026-05-24 02:08:46,340 | [AUG ] | INFO | model_trainers.mobile_vit_trainer | Epoch [55/500] | Train Acc: 56.2% | Val Acc: 43.1% | Val Loss: 0.7437
2026-05-24 02:08:47,395 | [AUG ] | INFO | model_trainers.mobile_vit_trainer | Epoch [56/500] | Train Acc: 50.8% | Val Acc: 43.1% | Val Loss: 0.7476
2026-05-24 02:08:48,489 | [AUG ] | INFO | model_trainers.mobile_vit_trainer | Epoch [57/500] | Train Acc: 56.2% | Val Acc: 45.8% | Val Loss: 0.7503
2026-05-24 02:08:49,557 | [AUG ] | INFO | model_trainers.mobile_vit_trainer | Epoch [58/500] | Train Acc: 55.5% | Val Acc: 44.4% | Val Loss: 0.7495
2026-05-24 02:08:50,618 | [AUG ] | INFO | model_trainers.mobile_vit_trainer | Epoch [59/500] | Train Acc: 51.6% | Val Acc: 43.1% | Val Loss: 0.7404
2026-05-24 02:08:51,680 | [AUG ] | INFO | model_trainers.mobile_vit_trainer | Epoch [60/500] | Train Acc: 53.9% | Val Acc: 44.4% | Val Loss: 0.7360
2026-05-24 02:08:52,738 | [AUG ] | INFO | model_trainers.mobile_vit_trainer | Epoch [61/500] | Train Acc: 61.7% | Val Acc: 44.4% | Val Loss: 0.7339
2026-05-24 02:08:53,795 | [AUG ] | INFO | model_trainers.mobile_vit_trainer | Epoch [62/500] | Train Acc: 58.6% | Val Acc: 48.6% | Val Loss: 0.7350
2026-05-24 02:08:54,868 | [AUG ] | INFO | model_trainers.mobile_vit_trainer | Epoch [63/500] | Train Acc: 59.4% | Val Acc: 47.2% | Val Loss: 0.7333
2026-05-24 02:08:56,088 | [AUG ] | INFO | model_trainers.mobile_vit_trainer | Epoch [64/500] | Train Acc: 52.3% | Val Acc: 48.6% | Val Loss: 0.7326
2026-05-24 02:08:56,089 | [AUG ] | INFO | model_trainers.mobile_vit_trainer | Early stop at epoch 64 (no val-loss improvement for 40 epochs; best=0.7242)
2026-05-24 02:08:56,488 | [AUG ] | INFO | evaluators.monte_carlo_evaluator | -> Fold 25 Result | Acc=0.600 Sens=1.000 Spec=0.000 AUROC=0.583
2026-05-24 02:08:56,489 | [AUG ] | INFO | evaluators.monte_carlo_evaluator | === Fold 26/30 | train: 23 subj / 175 windows | test: 11 subj / 54 windows ===
2026-05-24 02:08:56,765 | [AUG ] | INFO | httpx | HTTP Request: HEAD https://huggingface.co/apple/mobilevit-small/resolve/main/config.json "HTTP/1.1 307 Temporary Redirect"
2026-05-24 02:08:56,780 | [AUG ] | INFO | httpx | HTTP Request: HEAD https://huggingface.co/api/resolve-cache/models/apple/mobilevit-small/6c8612545dc98676d27bc518fa521d9e9af23e34/config.json "HTTP/1.1 200 OK"
2026-05-24 02:08:57,018 | [AUG ] | INFO | httpx | HTTP Request: HEAD https://huggingface.co/apple/mobilevit-small/resolve/main/model.safetensors "HTTP/1.1 404 Not Found"
2026-05-24 02:08:57,261 | [AUG ] | INFO | httpx | HTTP Request: HEAD https://huggingface.co/apple/mobilevit-small/resolve/main/model.safetensors.index.json "HTTP/1.1 404 Not Found"
2026-05-24 02:08:57,489 | [AUG ] | INFO | httpx | HTTP Request: HEAD https://huggingface.co/apple/mobilevit-small/resolve/main/pytorch_model.bin "HTTP/1.1 302 Found"
2026-05-24 02:08:57,704 | [AUG ] | INFO | httpx | HTTP Request: HEAD https://huggingface.co/apple/mobilevit-small/resolve/main/model.safetensors "HTTP/1.1 404 Not Found"
2026-05-24 02:08:57,931 | [AUG ] | INFO | httpx | HTTP Request: GET https://huggingface.co/api/models/apple/mobilevit-small "HTTP/1.1 200 OK"
2026-05-24 02:08:58,179 | [AUG ] | INFO | httpx | HTTP Request: GET https://huggingface.co/api/models/apple/mobilevit-small/commits/main "HTTP/1.1 200 OK"
2026-05-24 02:08:58,410 | [AUG ] | INFO | httpx | HTTP Request: GET https://huggingface.co/api/models/apple/mobilevit-small/discussions?p=0 "HTTP/1.1 200 OK"
2026-05-24 02:08:58,634 | [AUG ] | INFO | httpx | HTTP Request: GET https://huggingface.co/api/models/apple/mobilevit-small/commits/refs%2Fpr%2F6 "HTTP/1.1 200 OK"
2026-05-24 02:08:58,843 | [AUG ] | INFO | httpx | HTTP Request: HEAD https://huggingface.co/apple/mobilevit-small/resolve/refs%2Fpr%2F6/model.safetensors.index.json "HTTP/1.1 404 Not Found"
2026-05-24 02:08:59,055 | [AUG ] | INFO | httpx | HTTP Request: HEAD https://huggingface.co/apple/mobilevit-small/resolve/refs%2Fpr%2F6/model.safetensors "HTTP/1.1 302 Found"
2026-05-24 02:08:59,367 | [AUG ] | INFO | model_trainers.mobile_vit_trainer | Epoch [01/500] | Train Acc: 41.9% | Val Acc: 68.5% | Val Loss: 0.6387
2026-05-24 02:08:59,463 | [AUG ] | INFO | model_trainers.mobile_vit_trainer |   ↳ new best val loss; saved checkpoint: /home/leggo/AIResearch/VOGBasedMCIDetectionSystemMobileViTSingleExperimentInference/outputs/checkpoints/run_20260524_011532_aug/fold_25_best.pth
2026-05-24 02:09:00,684 | [AUG ] | INFO | model_trainers.mobile_vit_trainer | Epoch [02/500] | Train Acc: 41.9% | Val Acc: 44.4% | Val Loss: 0.7324
2026-05-24 02:09:01,914 | [AUG ] | INFO | model_trainers.mobile_vit_trainer | Epoch [03/500] | Train Acc: 46.9% | Val Acc: 53.7% | Val Loss: 0.7017
2026-05-24 02:09:03,129 | [AUG ] | INFO | model_trainers.mobile_vit_trainer | Epoch [04/500] | Train Acc: 48.8% | Val Acc: 53.7% | Val Loss: 0.6974
2026-05-24 02:09:04,342 | [AUG ] | INFO | model_trainers.mobile_vit_trainer | Epoch [05/500] | Train Acc: 48.1% | Val Acc: 59.3% | Val Loss: 0.6726
2026-05-24 02:09:05,561 | [AUG ] | INFO | model_trainers.mobile_vit_trainer | Epoch [06/500] | Train Acc: 49.4% | Val Acc: 66.7% | Val Loss: 0.6520
2026-05-24 02:09:06,908 | [AUG ] | INFO | model_trainers.mobile_vit_trainer | Epoch [07/500] | Train Acc: 45.0% | Val Acc: 68.5% | Val Loss: 0.6235
2026-05-24 02:09:07,092 | [AUG ] | INFO | model_trainers.mobile_vit_trainer |   ↳ new best val loss; saved checkpoint: /home/leggo/AIResearch/VOGBasedMCIDetectionSystemMobileViTSingleExperimentInference/outputs/checkpoints/run_20260524_011532_aug/fold_25_best.pth
2026-05-24 02:09:08,312 | [AUG ] | INFO | model_trainers.mobile_vit_trainer | Epoch [08/500] | Train Acc: 51.9% | Val Acc: 66.7% | Val Loss: 0.6124
2026-05-24 02:09:08,417 | [AUG ] | INFO | model_trainers.mobile_vit_trainer |   ↳ new best val loss; saved checkpoint: /home/leggo/AIResearch/VOGBasedMCIDetectionSystemMobileViTSingleExperimentInference/outputs/checkpoints/run_20260524_011532_aug/fold_25_best.pth
2026-05-24 02:09:09,755 | [AUG ] | INFO | model_trainers.mobile_vit_trainer | Epoch [09/500] | Train Acc: 51.2% | Val Acc: 66.7% | Val Loss: 0.6291
2026-05-24 02:09:10,975 | [AUG ] | INFO | model_trainers.mobile_vit_trainer | Epoch [10/500] | Train Acc: 44.4% | Val Acc: 61.1% | Val Loss: 0.6486
2026-05-24 02:09:12,254 | [AUG ] | INFO | model_trainers.mobile_vit_trainer | Epoch [11/500] | Train Acc: 40.6% | Val Acc: 59.3% | Val Loss: 0.6676
2026-05-24 02:09:13,594 | [AUG ] | INFO | model_trainers.mobile_vit_trainer | Epoch [12/500] | Train Acc: 48.8% | Val Acc: 59.3% | Val Loss: 0.6778
2026-05-24 02:09:14,810 | [AUG ] | INFO | model_trainers.mobile_vit_trainer | Epoch [13/500] | Train Acc: 52.5% | Val Acc: 61.1% | Val Loss: 0.6883
2026-05-24 02:09:16,026 | [AUG ] | INFO | model_trainers.mobile_vit_trainer | Epoch [14/500] | Train Acc: 43.1% | Val Acc: 57.4% | Val Loss: 0.6901
2026-05-24 02:09:17,302 | [AUG ] | INFO | model_trainers.mobile_vit_trainer | Epoch [15/500] | Train Acc: 49.4% | Val Acc: 57.4% | Val Loss: 0.6813
2026-05-24 02:09:18,642 | [AUG ] | INFO | model_trainers.mobile_vit_trainer | Epoch [16/500] | Train Acc: 48.8% | Val Acc: 61.1% | Val Loss: 0.6685
2026-05-24 02:09:19,854 | [AUG ] | INFO | model_trainers.mobile_vit_trainer | Epoch [17/500] | Train Acc: 49.4% | Val Acc: 57.4% | Val Loss: 0.6597
2026-05-24 02:09:21,068 | [AUG ] | INFO | model_trainers.mobile_vit_trainer | Epoch [18/500] | Train Acc: 51.2% | Val Acc: 59.3% | Val Loss: 0.6622
2026-05-24 02:09:22,282 | [AUG ] | INFO | model_trainers.mobile_vit_trainer | Epoch [19/500] | Train Acc: 45.6% | Val Acc: 64.8% | Val Loss: 0.6561
2026-05-24 02:09:23,606 | [AUG ] | INFO | model_trainers.mobile_vit_trainer | Epoch [20/500] | Train Acc: 50.0% | Val Acc: 63.0% | Val Loss: 0.6503
2026-05-24 02:09:24,820 | [AUG ] | INFO | model_trainers.mobile_vit_trainer | Epoch [21/500] | Train Acc: 50.6% | Val Acc: 66.7% | Val Loss: 0.6509
2026-05-24 02:09:26,035 | [AUG ] | INFO | model_trainers.mobile_vit_trainer | Epoch [22/500] | Train Acc: 45.6% | Val Acc: 66.7% | Val Loss: 0.6507
2026-05-24 02:09:27,251 | [AUG ] | INFO | model_trainers.mobile_vit_trainer | Epoch [23/500] | Train Acc: 48.8% | Val Acc: 68.5% | Val Loss: 0.6430
2026-05-24 02:09:28,479 | [AUG ] | INFO | model_trainers.mobile_vit_trainer | Epoch [24/500] | Train Acc: 50.0% | Val Acc: 68.5% | Val Loss: 0.6412
2026-05-24 02:09:29,855 | [AUG ] | INFO | model_trainers.mobile_vit_trainer | Epoch [25/500] | Train Acc: 43.8% | Val Acc: 68.5% | Val Loss: 0.6446
2026-05-24 02:09:31,061 | [AUG ] | INFO | model_trainers.mobile_vit_trainer | Epoch [26/500] | Train Acc: 46.2% | Val Acc: 64.8% | Val Loss: 0.6490
2026-05-24 02:09:32,275 | [AUG ] | INFO | model_trainers.mobile_vit_trainer | Epoch [27/500] | Train Acc: 53.1% | Val Acc: 66.7% | Val Loss: 0.6382
2026-05-24 02:09:33,493 | [AUG ] | INFO | model_trainers.mobile_vit_trainer | Epoch [28/500] | Train Acc: 51.9% | Val Acc: 64.8% | Val Loss: 0.6321
2026-05-24 02:09:34,706 | [AUG ] | INFO | model_trainers.mobile_vit_trainer | Epoch [29/500] | Train Acc: 47.5% | Val Acc: 68.5% | Val Loss: 0.6360
2026-05-24 02:09:35,925 | [AUG ] | INFO | model_trainers.mobile_vit_trainer | Epoch [30/500] | Train Acc: 56.2% | Val Acc: 70.4% | Val Loss: 0.6357
2026-05-24 02:09:37,139 | [AUG ] | INFO | model_trainers.mobile_vit_trainer | Epoch [31/500] | Train Acc: 50.0% | Val Acc: 64.8% | Val Loss: 0.6357
2026-05-24 02:09:38,411 | [AUG ] | INFO | model_trainers.mobile_vit_trainer | Epoch [32/500] | Train Acc: 48.1% | Val Acc: 63.0% | Val Loss: 0.6367
2026-05-24 02:09:39,647 | [AUG ] | INFO | model_trainers.mobile_vit_trainer | Epoch [33/500] | Train Acc: 50.6% | Val Acc: 61.1% | Val Loss: 0.6395
2026-05-24 02:09:40,864 | [AUG ] | INFO | model_trainers.mobile_vit_trainer | Epoch [34/500] | Train Acc: 52.5% | Val Acc: 64.8% | Val Loss: 0.6361
2026-05-24 02:09:42,085 | [AUG ] | INFO | model_trainers.mobile_vit_trainer | Epoch [35/500] | Train Acc: 58.8% | Val Acc: 63.0% | Val Loss: 0.6429
2026-05-24 02:09:43,306 | [AUG ] | INFO | model_trainers.mobile_vit_trainer | Epoch [36/500] | Train Acc: 52.5% | Val Acc: 63.0% | Val Loss: 0.6485
2026-05-24 02:09:44,526 | [AUG ] | INFO | model_trainers.mobile_vit_trainer | Epoch [37/500] | Train Acc: 48.1% | Val Acc: 61.1% | Val Loss: 0.6517
2026-05-24 02:09:45,745 | [AUG ] | INFO | model_trainers.mobile_vit_trainer | Epoch [38/500] | Train Acc: 44.4% | Val Acc: 59.3% | Val Loss: 0.6601
2026-05-24 02:09:46,974 | [AUG ] | INFO | model_trainers.mobile_vit_trainer | Epoch [39/500] | Train Acc: 43.8% | Val Acc: 57.4% | Val Loss: 0.6639
2026-05-24 02:09:48,199 | [AUG ] | INFO | model_trainers.mobile_vit_trainer | Epoch [40/500] | Train Acc: 50.0% | Val Acc: 53.7% | Val Loss: 0.6777
2026-05-24 02:09:49,410 | [AUG ] | INFO | model_trainers.mobile_vit_trainer | Epoch [41/500] | Train Acc: 55.0% | Val Acc: 51.9% | Val Loss: 0.6997
2026-05-24 02:09:50,629 | [AUG ] | INFO | model_trainers.mobile_vit_trainer | Epoch [42/500] | Train Acc: 58.8% | Val Acc: 50.0% | Val Loss: 0.7036
2026-05-24 02:09:51,840 | [AUG ] | INFO | model_trainers.mobile_vit_trainer | Epoch [43/500] | Train Acc: 51.2% | Val Acc: 46.3% | Val Loss: 0.7036
2026-05-24 02:09:53,053 | [AUG ] | INFO | model_trainers.mobile_vit_trainer | Epoch [44/500] | Train Acc: 53.8% | Val Acc: 46.3% | Val Loss: 0.7044
2026-05-24 02:09:54,265 | [AUG ] | INFO | model_trainers.mobile_vit_trainer | Epoch [45/500] | Train Acc: 52.5% | Val Acc: 48.1% | Val Loss: 0.7004
2026-05-24 02:09:55,484 | [AUG ] | INFO | model_trainers.mobile_vit_trainer | Epoch [46/500] | Train Acc: 53.1% | Val Acc: 46.3% | Val Loss: 0.6924
2026-05-24 02:09:56,701 | [AUG ] | INFO | model_trainers.mobile_vit_trainer | Epoch [47/500] | Train Acc: 56.2% | Val Acc: 48.1% | Val Loss: 0.6905
2026-05-24 02:09:57,882 | [AUG ] | INFO | model_trainers.mobile_vit_trainer | Epoch [48/500] | Train Acc: 45.0% | Val Acc: 48.1% | Val Loss: 0.6926
2026-05-24 02:09:57,882 | [AUG ] | INFO | model_trainers.mobile_vit_trainer | Early stop at epoch 48 (no val-loss improvement for 40 epochs; best=0.6124)
2026-05-24 02:09:58,108 | [AUG ] | INFO | evaluators.monte_carlo_evaluator | -> Fold 26 Result | Acc=0.500 Sens=0.600 Spec=0.333 AUROC=0.667
2026-05-24 02:09:58,109 | [AUG ] | INFO | evaluators.monte_carlo_evaluator | === Fold 27/30 | train: 23 subj / 153 windows | test: 11 subj / 76 windows ===
2026-05-24 02:09:58,358 | [AUG ] | INFO | httpx | HTTP Request: HEAD https://huggingface.co/apple/mobilevit-small/resolve/main/config.json "HTTP/1.1 307 Temporary Redirect"
2026-05-24 02:09:58,375 | [AUG ] | INFO | httpx | HTTP Request: HEAD https://huggingface.co/api/resolve-cache/models/apple/mobilevit-small/6c8612545dc98676d27bc518fa521d9e9af23e34/config.json "HTTP/1.1 200 OK"
2026-05-24 02:09:58,655 | [AUG ] | INFO | httpx | HTTP Request: HEAD https://huggingface.co/apple/mobilevit-small/resolve/main/model.safetensors "HTTP/1.1 404 Not Found"
2026-05-24 02:09:58,866 | [AUG ] | INFO | httpx | HTTP Request: HEAD https://huggingface.co/apple/mobilevit-small/resolve/main/model.safetensors.index.json "HTTP/1.1 404 Not Found"
2026-05-24 02:09:59,089 | [AUG ] | INFO | httpx | HTTP Request: HEAD https://huggingface.co/apple/mobilevit-small/resolve/main/pytorch_model.bin "HTTP/1.1 302 Found"
2026-05-24 02:09:59,306 | [AUG ] | INFO | httpx | HTTP Request: HEAD https://huggingface.co/apple/mobilevit-small/resolve/main/model.safetensors "HTTP/1.1 404 Not Found"
2026-05-24 02:09:59,534 | [AUG ] | INFO | httpx | HTTP Request: GET https://huggingface.co/api/models/apple/mobilevit-small "HTTP/1.1 200 OK"
2026-05-24 02:09:59,809 | [AUG ] | INFO | httpx | HTTP Request: GET https://huggingface.co/api/models/apple/mobilevit-small/commits/main "HTTP/1.1 200 OK"
2026-05-24 02:10:00,037 | [AUG ] | INFO | httpx | HTTP Request: GET https://huggingface.co/api/models/apple/mobilevit-small/discussions?p=0 "HTTP/1.1 200 OK"
2026-05-24 02:10:00,270 | [AUG ] | INFO | httpx | HTTP Request: GET https://huggingface.co/api/models/apple/mobilevit-small/commits/refs%2Fpr%2F6 "HTTP/1.1 200 OK"
2026-05-24 02:10:00,490 | [AUG ] | INFO | httpx | HTTP Request: HEAD https://huggingface.co/apple/mobilevit-small/resolve/refs%2Fpr%2F6/model.safetensors.index.json "HTTP/1.1 404 Not Found"
2026-05-24 02:10:00,715 | [AUG ] | INFO | httpx | HTTP Request: HEAD https://huggingface.co/apple/mobilevit-small/resolve/refs%2Fpr%2F6/model.safetensors "HTTP/1.1 302 Found"
2026-05-24 02:10:00,878 | [AUG ] | INFO | model_trainers.mobile_vit_trainer | Epoch [01/500] | Train Acc: 53.1% | Val Acc: 26.3% | Val Loss: 0.8392
2026-05-24 02:10:00,973 | [AUG ] | INFO | model_trainers.mobile_vit_trainer |   ↳ new best val loss; saved checkpoint: /home/leggo/AIResearch/VOGBasedMCIDetectionSystemMobileViTSingleExperimentInference/outputs/checkpoints/run_20260524_011532_aug/fold_26_best.pth
2026-05-24 02:10:02,024 | [AUG ] | INFO | model_trainers.mobile_vit_trainer | Epoch [02/500] | Train Acc: 55.5% | Val Acc: 35.5% | Val Loss: 0.7878
2026-05-24 02:10:02,140 | [AUG ] | INFO | model_trainers.mobile_vit_trainer |   ↳ new best val loss; saved checkpoint: /home/leggo/AIResearch/VOGBasedMCIDetectionSystemMobileViTSingleExperimentInference/outputs/checkpoints/run_20260524_011532_aug/fold_26_best.pth
2026-05-24 02:10:03,191 | [AUG ] | INFO | model_trainers.mobile_vit_trainer | Epoch [03/500] | Train Acc: 56.2% | Val Acc: 44.7% | Val Loss: 0.7401
2026-05-24 02:10:03,297 | [AUG ] | INFO | model_trainers.mobile_vit_trainer |   ↳ new best val loss; saved checkpoint: /home/leggo/AIResearch/VOGBasedMCIDetectionSystemMobileViTSingleExperimentInference/outputs/checkpoints/run_20260524_011532_aug/fold_26_best.pth
2026-05-24 02:10:04,348 | [AUG ] | INFO | model_trainers.mobile_vit_trainer | Epoch [04/500] | Train Acc: 51.6% | Val Acc: 50.0% | Val Loss: 0.7103
2026-05-24 02:10:04,455 | [AUG ] | INFO | model_trainers.mobile_vit_trainer |   ↳ new best val loss; saved checkpoint: /home/leggo/AIResearch/VOGBasedMCIDetectionSystemMobileViTSingleExperimentInference/outputs/checkpoints/run_20260524_011532_aug/fold_26_best.pth
2026-05-24 02:10:05,507 | [AUG ] | INFO | model_trainers.mobile_vit_trainer | Epoch [05/500] | Train Acc: 57.0% | Val Acc: 50.0% | Val Loss: 0.6997
2026-05-24 02:10:05,615 | [AUG ] | INFO | model_trainers.mobile_vit_trainer |   ↳ new best val loss; saved checkpoint: /home/leggo/AIResearch/VOGBasedMCIDetectionSystemMobileViTSingleExperimentInference/outputs/checkpoints/run_20260524_011532_aug/fold_26_best.pth
2026-05-24 02:10:06,664 | [AUG ] | INFO | model_trainers.mobile_vit_trainer | Epoch [06/500] | Train Acc: 53.9% | Val Acc: 46.1% | Val Loss: 0.7083
2026-05-24 02:10:07,709 | [AUG ] | INFO | model_trainers.mobile_vit_trainer | Epoch [07/500] | Train Acc: 46.1% | Val Acc: 44.7% | Val Loss: 0.7179
2026-05-24 02:10:08,746 | [AUG ] | INFO | model_trainers.mobile_vit_trainer | Epoch [08/500] | Train Acc: 57.0% | Val Acc: 40.8% | Val Loss: 0.7291
2026-05-24 02:10:09,787 | [AUG ] | INFO | model_trainers.mobile_vit_trainer | Epoch [09/500] | Train Acc: 54.7% | Val Acc: 42.1% | Val Loss: 0.7317
2026-05-24 02:10:10,823 | [AUG ] | INFO | model_trainers.mobile_vit_trainer | Epoch [10/500] | Train Acc: 52.3% | Val Acc: 48.7% | Val Loss: 0.7279
2026-05-24 02:10:11,867 | [AUG ] | INFO | model_trainers.mobile_vit_trainer | Epoch [11/500] | Train Acc: 53.9% | Val Acc: 53.9% | Val Loss: 0.7187
2026-05-24 02:10:12,909 | [AUG ] | INFO | model_trainers.mobile_vit_trainer | Epoch [12/500] | Train Acc: 50.0% | Val Acc: 55.3% | Val Loss: 0.7186
2026-05-24 02:10:13,952 | [AUG ] | INFO | model_trainers.mobile_vit_trainer | Epoch [13/500] | Train Acc: 60.9% | Val Acc: 56.6% | Val Loss: 0.7175
2026-05-24 02:10:14,990 | [AUG ] | INFO | model_trainers.mobile_vit_trainer | Epoch [14/500] | Train Acc: 50.0% | Val Acc: 51.3% | Val Loss: 0.7309
2026-05-24 02:10:16,021 | [AUG ] | INFO | model_trainers.mobile_vit_trainer | Epoch [15/500] | Train Acc: 55.5% | Val Acc: 48.7% | Val Loss: 0.7446
2026-05-24 02:10:17,052 | [AUG ] | INFO | model_trainers.mobile_vit_trainer | Epoch [16/500] | Train Acc: 50.8% | Val Acc: 44.7% | Val Loss: 0.7444
2026-05-24 02:10:18,095 | [AUG ] | INFO | model_trainers.mobile_vit_trainer | Epoch [17/500] | Train Acc: 58.6% | Val Acc: 47.4% | Val Loss: 0.7453
2026-05-24 02:10:19,137 | [AUG ] | INFO | model_trainers.mobile_vit_trainer | Epoch [18/500] | Train Acc: 52.3% | Val Acc: 48.7% | Val Loss: 0.7466
2026-05-24 02:10:20,180 | [AUG ] | INFO | model_trainers.mobile_vit_trainer | Epoch [19/500] | Train Acc: 53.1% | Val Acc: 47.4% | Val Loss: 0.7496
2026-05-24 02:10:21,218 | [AUG ] | INFO | model_trainers.mobile_vit_trainer | Epoch [20/500] | Train Acc: 55.5% | Val Acc: 46.1% | Val Loss: 0.7532
2026-05-24 02:10:22,254 | [AUG ] | INFO | model_trainers.mobile_vit_trainer | Epoch [21/500] | Train Acc: 47.7% | Val Acc: 47.4% | Val Loss: 0.7454
2026-05-24 02:10:23,297 | [AUG ] | INFO | model_trainers.mobile_vit_trainer | Epoch [22/500] | Train Acc: 46.9% | Val Acc: 46.1% | Val Loss: 0.7490
2026-05-24 02:10:24,334 | [AUG ] | INFO | model_trainers.mobile_vit_trainer | Epoch [23/500] | Train Acc: 56.2% | Val Acc: 46.1% | Val Loss: 0.7530
2026-05-24 02:10:25,376 | [AUG ] | INFO | model_trainers.mobile_vit_trainer | Epoch [24/500] | Train Acc: 54.7% | Val Acc: 47.4% | Val Loss: 0.7453
2026-05-24 02:10:26,412 | [AUG ] | INFO | model_trainers.mobile_vit_trainer | Epoch [25/500] | Train Acc: 52.3% | Val Acc: 46.1% | Val Loss: 0.7473
2026-05-24 02:10:27,452 | [AUG ] | INFO | model_trainers.mobile_vit_trainer | Epoch [26/500] | Train Acc: 50.8% | Val Acc: 50.0% | Val Loss: 0.7415
2026-05-24 02:10:28,489 | [AUG ] | INFO | model_trainers.mobile_vit_trainer | Epoch [27/500] | Train Acc: 51.6% | Val Acc: 48.7% | Val Loss: 0.7277
2026-05-24 02:10:29,529 | [AUG ] | INFO | model_trainers.mobile_vit_trainer | Epoch [28/500] | Train Acc: 47.7% | Val Acc: 47.4% | Val Loss: 0.7262
2026-05-24 02:10:30,568 | [AUG ] | INFO | model_trainers.mobile_vit_trainer | Epoch [29/500] | Train Acc: 50.8% | Val Acc: 48.7% | Val Loss: 0.7323
2026-05-24 02:10:31,607 | [AUG ] | INFO | model_trainers.mobile_vit_trainer | Epoch [30/500] | Train Acc: 52.3% | Val Acc: 52.6% | Val Loss: 0.7328
2026-05-24 02:10:32,645 | [AUG ] | INFO | model_trainers.mobile_vit_trainer | Epoch [31/500] | Train Acc: 60.9% | Val Acc: 52.6% | Val Loss: 0.7278
2026-05-24 02:10:33,681 | [AUG ] | INFO | model_trainers.mobile_vit_trainer | Epoch [32/500] | Train Acc: 51.6% | Val Acc: 51.3% | Val Loss: 0.7260
2026-05-24 02:10:34,720 | [AUG ] | INFO | model_trainers.mobile_vit_trainer | Epoch [33/500] | Train Acc: 56.2% | Val Acc: 51.3% | Val Loss: 0.7270
2026-05-24 02:10:35,757 | [AUG ] | INFO | model_trainers.mobile_vit_trainer | Epoch [34/500] | Train Acc: 59.4% | Val Acc: 50.0% | Val Loss: 0.7309
2026-05-24 02:10:36,793 | [AUG ] | INFO | model_trainers.mobile_vit_trainer | Epoch [35/500] | Train Acc: 57.8% | Val Acc: 50.0% | Val Loss: 0.7277
2026-05-24 02:10:37,829 | [AUG ] | INFO | model_trainers.mobile_vit_trainer | Epoch [36/500] | Train Acc: 55.5% | Val Acc: 50.0% | Val Loss: 0.7304
2026-05-24 02:10:38,866 | [AUG ] | INFO | model_trainers.mobile_vit_trainer | Epoch [37/500] | Train Acc: 53.1% | Val Acc: 51.3% | Val Loss: 0.7290
2026-05-24 02:10:39,909 | [AUG ] | INFO | model_trainers.mobile_vit_trainer | Epoch [38/500] | Train Acc: 53.9% | Val Acc: 51.3% | Val Loss: 0.7333
2026-05-24 02:10:40,944 | [AUG ] | INFO | model_trainers.mobile_vit_trainer | Epoch [39/500] | Train Acc: 50.8% | Val Acc: 51.3% | Val Loss: 0.7363
2026-05-24 02:10:41,985 | [AUG ] | INFO | model_trainers.mobile_vit_trainer | Epoch [40/500] | Train Acc: 53.9% | Val Acc: 51.3% | Val Loss: 0.7368
2026-05-24 02:10:43,035 | [AUG ] | INFO | model_trainers.mobile_vit_trainer | Epoch [41/500] | Train Acc: 55.5% | Val Acc: 52.6% | Val Loss: 0.7383
2026-05-24 02:10:44,082 | [AUG ] | INFO | model_trainers.mobile_vit_trainer | Epoch [42/500] | Train Acc: 58.6% | Val Acc: 51.3% | Val Loss: 0.7370
2026-05-24 02:10:45,145 | [AUG ] | INFO | model_trainers.mobile_vit_trainer | Epoch [43/500] | Train Acc: 50.8% | Val Acc: 51.3% | Val Loss: 0.7344
2026-05-24 02:10:46,196 | [AUG ] | INFO | model_trainers.mobile_vit_trainer | Epoch [44/500] | Train Acc: 53.9% | Val Acc: 50.0% | Val Loss: 0.7378
2026-05-24 02:10:47,257 | [AUG ] | INFO | model_trainers.mobile_vit_trainer | Epoch [45/500] | Train Acc: 58.6% | Val Acc: 51.3% | Val Loss: 0.7403
2026-05-24 02:10:47,257 | [AUG ] | INFO | model_trainers.mobile_vit_trainer | Early stop at epoch 45 (no val-loss improvement for 40 epochs; best=0.6997)
2026-05-24 02:10:47,571 | [AUG ] | INFO | evaluators.monte_carlo_evaluator | -> Fold 27 Result | Acc=0.200 Sens=0.111 Spec=1.000 AUROC=0.444
2026-05-24 02:10:47,572 | [AUG ] | INFO | evaluators.monte_carlo_evaluator | === Fold 28/30 | train: 23 subj / 146 windows | test: 11 subj / 83 windows ===
2026-05-24 02:10:47,814 | [AUG ] | INFO | httpx | HTTP Request: HEAD https://huggingface.co/apple/mobilevit-small/resolve/main/config.json "HTTP/1.1 307 Temporary Redirect"
2026-05-24 02:10:47,833 | [AUG ] | INFO | httpx | HTTP Request: HEAD https://huggingface.co/api/resolve-cache/models/apple/mobilevit-small/6c8612545dc98676d27bc518fa521d9e9af23e34/config.json "HTTP/1.1 200 OK"
2026-05-24 02:10:48,116 | [AUG ] | INFO | httpx | HTTP Request: HEAD https://huggingface.co/apple/mobilevit-small/resolve/main/model.safetensors "HTTP/1.1 404 Not Found"
2026-05-24 02:10:48,329 | [AUG ] | INFO | httpx | HTTP Request: HEAD https://huggingface.co/apple/mobilevit-small/resolve/main/model.safetensors.index.json "HTTP/1.1 404 Not Found"
2026-05-24 02:10:48,545 | [AUG ] | INFO | httpx | HTTP Request: HEAD https://huggingface.co/apple/mobilevit-small/resolve/main/pytorch_model.bin "HTTP/1.1 302 Found"
2026-05-24 02:10:48,765 | [AUG ] | INFO | httpx | HTTP Request: HEAD https://huggingface.co/apple/mobilevit-small/resolve/main/model.safetensors "HTTP/1.1 404 Not Found"
2026-05-24 02:10:48,995 | [AUG ] | INFO | httpx | HTTP Request: GET https://huggingface.co/api/models/apple/mobilevit-small "HTTP/1.1 200 OK"
2026-05-24 02:10:49,335 | [AUG ] | INFO | httpx | HTTP Request: GET https://huggingface.co/api/models/apple/mobilevit-small/commits/main "HTTP/1.1 200 OK"
2026-05-24 02:10:49,586 | [AUG ] | INFO | httpx | HTTP Request: GET https://huggingface.co/api/models/apple/mobilevit-small/discussions?p=0 "HTTP/1.1 200 OK"
2026-05-24 02:10:49,846 | [AUG ] | INFO | httpx | HTTP Request: GET https://huggingface.co/api/models/apple/mobilevit-small/commits/refs%2Fpr%2F6 "HTTP/1.1 200 OK"
2026-05-24 02:10:50,072 | [AUG ] | INFO | httpx | HTTP Request: HEAD https://huggingface.co/apple/mobilevit-small/resolve/refs%2Fpr%2F6/model.safetensors.index.json "HTTP/1.1 404 Not Found"
2026-05-24 02:10:50,279 | [AUG ] | INFO | httpx | HTTP Request: HEAD https://huggingface.co/apple/mobilevit-small/resolve/refs%2Fpr%2F6/model.safetensors "HTTP/1.1 302 Found"
2026-05-24 02:10:50,364 | [AUG ] | INFO | model_trainers.mobile_vit_trainer | Epoch [01/500] | Train Acc: 52.3% | Val Acc: 44.6% | Val Loss: 0.7241
2026-05-24 02:10:50,463 | [AUG ] | INFO | model_trainers.mobile_vit_trainer |   ↳ new best val loss; saved checkpoint: /home/leggo/AIResearch/VOGBasedMCIDetectionSystemMobileViTSingleExperimentInference/outputs/checkpoints/run_20260524_011532_aug/fold_27_best.pth
2026-05-24 02:10:51,509 | [AUG ] | INFO | model_trainers.mobile_vit_trainer | Epoch [02/500] | Train Acc: 50.8% | Val Acc: 48.2% | Val Loss: 0.7231
2026-05-24 02:10:51,622 | [AUG ] | INFO | model_trainers.mobile_vit_trainer |   ↳ new best val loss; saved checkpoint: /home/leggo/AIResearch/VOGBasedMCIDetectionSystemMobileViTSingleExperimentInference/outputs/checkpoints/run_20260524_011532_aug/fold_27_best.pth
2026-05-24 02:10:52,672 | [AUG ] | INFO | model_trainers.mobile_vit_trainer | Epoch [03/500] | Train Acc: 57.0% | Val Acc: 47.0% | Val Loss: 0.7353
2026-05-24 02:10:53,739 | [AUG ] | INFO | model_trainers.mobile_vit_trainer | Epoch [04/500] | Train Acc: 56.2% | Val Acc: 49.4% | Val Loss: 0.7308
2026-05-24 02:10:54,789 | [AUG ] | INFO | model_trainers.mobile_vit_trainer | Epoch [05/500] | Train Acc: 60.2% | Val Acc: 45.8% | Val Loss: 0.7257
2026-05-24 02:10:55,842 | [AUG ] | INFO | model_trainers.mobile_vit_trainer | Epoch [06/500] | Train Acc: 56.2% | Val Acc: 45.8% | Val Loss: 0.7334
2026-05-24 02:10:56,888 | [AUG ] | INFO | model_trainers.mobile_vit_trainer | Epoch [07/500] | Train Acc: 55.5% | Val Acc: 43.4% | Val Loss: 0.7320
2026-05-24 02:10:57,953 | [AUG ] | INFO | model_trainers.mobile_vit_trainer | Epoch [08/500] | Train Acc: 57.8% | Val Acc: 45.8% | Val Loss: 0.7327
2026-05-24 02:10:58,998 | [AUG ] | INFO | model_trainers.mobile_vit_trainer | Epoch [09/500] | Train Acc: 59.4% | Val Acc: 44.6% | Val Loss: 0.7395
2026-05-24 02:11:00,050 | [AUG ] | INFO | model_trainers.mobile_vit_trainer | Epoch [10/500] | Train Acc: 57.0% | Val Acc: 47.0% | Val Loss: 0.7480
2026-05-24 02:11:01,101 | [AUG ] | INFO | model_trainers.mobile_vit_trainer | Epoch [11/500] | Train Acc: 52.3% | Val Acc: 45.8% | Val Loss: 0.7479
2026-05-24 02:11:02,146 | [AUG ] | INFO | model_trainers.mobile_vit_trainer | Epoch [12/500] | Train Acc: 57.8% | Val Acc: 45.8% | Val Loss: 0.7509
2026-05-24 02:11:03,195 | [AUG ] | INFO | model_trainers.mobile_vit_trainer | Epoch [13/500] | Train Acc: 53.1% | Val Acc: 45.8% | Val Loss: 0.7502
2026-05-24 02:11:04,243 | [AUG ] | INFO | model_trainers.mobile_vit_trainer | Epoch [14/500] | Train Acc: 57.8% | Val Acc: 47.0% | Val Loss: 0.7612
2026-05-24 02:11:05,290 | [AUG ] | INFO | model_trainers.mobile_vit_trainer | Epoch [15/500] | Train Acc: 43.8% | Val Acc: 43.4% | Val Loss: 0.7610
2026-05-24 02:11:06,353 | [AUG ] | INFO | model_trainers.mobile_vit_trainer | Epoch [16/500] | Train Acc: 57.8% | Val Acc: 44.6% | Val Loss: 0.7628
2026-05-24 02:11:07,421 | [AUG ] | INFO | model_trainers.mobile_vit_trainer | Epoch [17/500] | Train Acc: 56.2% | Val Acc: 42.2% | Val Loss: 0.7558
2026-05-24 02:11:08,471 | [AUG ] | INFO | model_trainers.mobile_vit_trainer | Epoch [18/500] | Train Acc: 50.0% | Val Acc: 45.8% | Val Loss: 0.7450
2026-05-24 02:11:09,530 | [AUG ] | INFO | model_trainers.mobile_vit_trainer | Epoch [19/500] | Train Acc: 56.2% | Val Acc: 43.4% | Val Loss: 0.7468
2026-05-24 02:11:10,592 | [AUG ] | INFO | model_trainers.mobile_vit_trainer | Epoch [20/500] | Train Acc: 52.3% | Val Acc: 41.0% | Val Loss: 0.7486
2026-05-24 02:11:11,639 | [AUG ] | INFO | model_trainers.mobile_vit_trainer | Epoch [21/500] | Train Acc: 53.1% | Val Acc: 41.0% | Val Loss: 0.7454
2026-05-24 02:11:12,696 | [AUG ] | INFO | model_trainers.mobile_vit_trainer | Epoch [22/500] | Train Acc: 45.3% | Val Acc: 38.6% | Val Loss: 0.7472
2026-05-24 02:11:13,744 | [AUG ] | INFO | model_trainers.mobile_vit_trainer | Epoch [23/500] | Train Acc: 57.0% | Val Acc: 38.6% | Val Loss: 0.7455
2026-05-24 02:11:14,796 | [AUG ] | INFO | model_trainers.mobile_vit_trainer | Epoch [24/500] | Train Acc: 58.6% | Val Acc: 39.8% | Val Loss: 0.7482
2026-05-24 02:11:15,856 | [AUG ] | INFO | model_trainers.mobile_vit_trainer | Epoch [25/500] | Train Acc: 55.5% | Val Acc: 41.0% | Val Loss: 0.7542
2026-05-24 02:11:16,898 | [AUG ] | INFO | model_trainers.mobile_vit_trainer | Epoch [26/500] | Train Acc: 55.5% | Val Acc: 39.8% | Val Loss: 0.7625
2026-05-24 02:11:17,934 | [AUG ] | INFO | model_trainers.mobile_vit_trainer | Epoch [27/500] | Train Acc: 61.7% | Val Acc: 38.6% | Val Loss: 0.7665
2026-05-24 02:11:18,977 | [AUG ] | INFO | model_trainers.mobile_vit_trainer | Epoch [28/500] | Train Acc: 61.7% | Val Acc: 39.8% | Val Loss: 0.7616
2026-05-24 02:11:20,029 | [AUG ] | INFO | model_trainers.mobile_vit_trainer | Epoch [29/500] | Train Acc: 58.6% | Val Acc: 41.0% | Val Loss: 0.7584
2026-05-24 02:11:21,082 | [AUG ] | INFO | model_trainers.mobile_vit_trainer | Epoch [30/500] | Train Acc: 53.9% | Val Acc: 41.0% | Val Loss: 0.7610
2026-05-24 02:11:22,125 | [AUG ] | INFO | model_trainers.mobile_vit_trainer | Epoch [31/500] | Train Acc: 46.9% | Val Acc: 39.8% | Val Loss: 0.7673
2026-05-24 02:11:23,175 | [AUG ] | INFO | model_trainers.mobile_vit_trainer | Epoch [32/500] | Train Acc: 50.8% | Val Acc: 41.0% | Val Loss: 0.7721
2026-05-24 02:11:24,236 | [AUG ] | INFO | model_trainers.mobile_vit_trainer | Epoch [33/500] | Train Acc: 57.0% | Val Acc: 42.2% | Val Loss: 0.7733
2026-05-24 02:11:25,293 | [AUG ] | INFO | model_trainers.mobile_vit_trainer | Epoch [34/500] | Train Acc: 57.0% | Val Acc: 41.0% | Val Loss: 0.7766
2026-05-24 02:11:26,345 | [AUG ] | INFO | model_trainers.mobile_vit_trainer | Epoch [35/500] | Train Acc: 54.7% | Val Acc: 41.0% | Val Loss: 0.7759
2026-05-24 02:11:27,391 | [AUG ] | INFO | model_trainers.mobile_vit_trainer | Epoch [36/500] | Train Acc: 57.8% | Val Acc: 42.2% | Val Loss: 0.7759
