2026-06-29 22:00:48,778 | [DYN-LATENT] | INFO | __main__ | Run ID: 20260629_220048_dynamic_latent_t01234567 | tasks=[0=HSacA, 1=HSacB, 2=HSacBanti, 3=HSacR, 4=VSacA, 5=VSacB, 6=VSacBanti, 7=VSacR] | min_trials=1 | batch=8
2026-06-29 22:00:48,935 | [DYN-LATENT] | INFO | full_experiments_using.data_processor.data_engineering | Loaded preprocessed data_store from cache: /home/leggo/AIResearch/VOGBasedMCIDetectionSystemMobileViTSingleExperimentInference/outputs/cache/data_store_meta_4err.pkl (5736 epochs)
2026-06-29 22:00:49,012 | [DYN-LATENT] | INFO | meta_classifier_renewed.data_processor.data_preprocessing | Admission Floor drop (over 8 kept task(s) at MIN_TRIALS=1): 14 subject(s) had <1 trials on ≥1 kept task.
2026-06-29 22:00:49,013 | [DYN-LATENT] | INFO | __main__ | Subject bundles built: 23 (Shape: Ragged[N=23, Tasks=8, Trials=Dynamic])
2026-06-29 22:00:49,146 | [DYN-LATENT] | INFO | meta_classifier_renewed.evaluators.monte_carlo_evaluator | Renewed MC Group CV (Dynamic Latent Aggregation) — 30 folds | device=cuda | dropout=0.50 | lr=1e-04 | wd=1e-02
2026-06-29 22:00:49,498 | [DYN-LATENT] | INFO | httpx | HTTP Request: HEAD https://huggingface.co/apple/mobilevit-small/resolve/main/config.json "HTTP/1.1 307 Temporary Redirect"
2026-06-29 22:00:49,520 | [DYN-LATENT] | INFO | httpx | HTTP Request: HEAD https://huggingface.co/api/resolve-cache/models/apple/mobilevit-small/6c8612545dc98676d27bc518fa521d9e9af23e34/config.json "HTTP/1.1 200 OK"
2026-06-29 22:00:49,806 | [DYN-LATENT] | INFO | httpx | HTTP Request: HEAD https://huggingface.co/apple/mobilevit-small/resolve/main/model.safetensors "HTTP/1.1 404 Not Found"
2026-06-29 22:00:50,030 | [DYN-LATENT] | INFO | httpx | HTTP Request: HEAD https://huggingface.co/apple/mobilevit-small/resolve/main/model.safetensors.index.json "HTTP/1.1 404 Not Found"
2026-06-29 22:00:50,265 | [DYN-LATENT] | INFO | httpx | HTTP Request: HEAD https://huggingface.co/apple/mobilevit-small/resolve/main/pytorch_model.bin "HTTP/1.1 302 Found"
2026-06-29 22:00:50,527 | [DYN-LATENT] | INFO | httpx | HTTP Request: HEAD https://huggingface.co/apple/mobilevit-small/resolve/main/model.safetensors "HTTP/1.1 404 Not Found"
2026-06-29 22:00:50,765 | [DYN-LATENT] | INFO | httpx | HTTP Request: GET https://huggingface.co/api/models/apple/mobilevit-small "HTTP/1.1 200 OK"
2026-06-29 22:00:51,064 | [DYN-LATENT] | INFO | httpx | HTTP Request: GET https://huggingface.co/api/models/apple/mobilevit-small/commits/main "HTTP/1.1 200 OK"
2026-06-29 22:00:51,245 | [DYN-LATENT] | INFO | meta_classifier_renewed.evaluators.monte_carlo_evaluator | === Fold 01/30 | train: 16 subj | test: 7 subj ===
2026-06-29 22:00:51,293 | [DYN-LATENT] | INFO | httpx | HTTP Request: GET https://huggingface.co/api/models/apple/mobilevit-small/discussions?p=0 "HTTP/1.1 200 OK"
2026-06-29 22:00:51,523 | [DYN-LATENT] | INFO | httpx | HTTP Request: GET https://huggingface.co/api/models/apple/mobilevit-small/commits/refs%2Fpr%2F6 "HTTP/1.1 200 OK"
2026-06-29 22:00:51,759 | [DYN-LATENT] | INFO | httpx | HTTP Request: HEAD https://huggingface.co/apple/mobilevit-small/resolve/refs%2Fpr%2F6/model.safetensors.index.json "HTTP/1.1 404 Not Found"
2026-06-29 22:00:51,983 | [DYN-LATENT] | INFO | httpx | HTTP Request: HEAD https://huggingface.co/apple/mobilevit-small/resolve/refs%2Fpr%2F6/model.safetensors "HTTP/1.1 302 Found"
2026-06-29 22:00:53,587 | [DYN-LATENT] | INFO | meta_classifier_renewed.model_trainers.meta_trainer | Ep [001/500] T-Acc:  50.0%  V-Acc:  42.9%  V-AUROC: 0.4167  LR: 2.00e-05
2026-06-29 22:00:54,746 | [DYN-LATENT] | INFO | meta_classifier_renewed.model_trainers.meta_trainer | Ep [002/500] T-Acc:  37.5%  V-Acc:  42.9%  V-AUROC: 0.4167  LR: 4.00e-05
2026-06-29 22:00:56,507 | [DYN-LATENT] | INFO | meta_classifier_renewed.model_trainers.meta_trainer | Ep [003/500] T-Acc:  18.8%  V-Acc:  42.9%  V-AUROC: 0.4167  LR: 6.00e-05
2026-06-29 22:00:57,564 | [DYN-LATENT] | INFO | meta_classifier_renewed.model_trainers.meta_trainer | Ep [004/500] T-Acc:  37.5%  V-Acc:  42.9%  V-AUROC: 0.4167  LR: 8.00e-05
2026-06-29 22:00:58,602 | [DYN-LATENT] | INFO | meta_classifier_renewed.model_trainers.meta_trainer | Ep [005/500] T-Acc:  50.0%  V-Acc:  28.6%  V-AUROC: 0.5000  LR: 1.00e-04
2026-06-29 22:00:59,764 | [DYN-LATENT] | INFO | meta_classifier_renewed.model_trainers.meta_trainer | Ep [006/500] T-Acc:  56.2%  V-Acc:  57.1%  V-AUROC: 0.5000  LR: 1.00e-04
2026-06-29 22:01:00,800 | [DYN-LATENT] | INFO | meta_classifier_renewed.model_trainers.meta_trainer | Ep [007/500] T-Acc:  43.8%  V-Acc:  57.1%  V-AUROC: 0.2500  LR: 1.00e-04
2026-06-29 22:01:01,828 | [DYN-LATENT] | INFO | meta_classifier_renewed.model_trainers.meta_trainer | Ep [008/500] T-Acc:  43.8%  V-Acc:  57.1%  V-AUROC: 0.1667  LR: 1.00e-04
2026-06-29 22:01:02,840 | [DYN-LATENT] | INFO | meta_classifier_renewed.model_trainers.meta_trainer | Ep [009/500] T-Acc:  56.2%  V-Acc:  57.1%  V-AUROC: 0.1667  LR: 1.00e-04
2026-06-29 22:01:03,838 | [DYN-LATENT] | INFO | meta_classifier_renewed.model_trainers.meta_trainer | Ep [010/500] T-Acc:  62.5%  V-Acc:  57.1%  V-AUROC: 0.4167  LR: 1.00e-04
2026-06-29 22:01:04,838 | [DYN-LATENT] | INFO | meta_classifier_renewed.model_trainers.meta_trainer | Ep [011/500] T-Acc:  68.8%  V-Acc:  42.9%  V-AUROC: 0.4167  LR: 1.00e-04
2026-06-29 22:01:06,016 | [DYN-LATENT] | INFO | meta_classifier_renewed.model_trainers.meta_trainer | Ep [012/500] T-Acc:  75.0%  V-Acc:  42.9%  V-AUROC: 0.5000  LR: 1.00e-04
2026-06-29 22:01:07,138 | [DYN-LATENT] | INFO | meta_classifier_renewed.model_trainers.meta_trainer | Ep [013/500] T-Acc:  62.5%  V-Acc:  42.9%  V-AUROC: 0.5000  LR: 1.00e-04
2026-06-29 22:01:08,298 | [DYN-LATENT] | INFO | meta_classifier_renewed.model_trainers.meta_trainer | Ep [014/500] T-Acc:  75.0%  V-Acc:  57.1%  V-AUROC: 0.5000  LR: 1.00e-04
2026-06-29 22:01:09,411 | [DYN-LATENT] | INFO | meta_classifier_renewed.model_trainers.meta_trainer | Ep [015/500] T-Acc:  81.2%  V-Acc:  57.1%  V-AUROC: 0.5000  LR: 1.00e-04
2026-06-29 22:01:10,559 | [DYN-LATENT] | INFO | meta_classifier_renewed.model_trainers.meta_trainer | Ep [016/500] T-Acc:  81.2%  V-Acc:  42.9%  V-AUROC: 0.3333  LR: 1.00e-04
2026-06-29 22:01:11,663 | [DYN-LATENT] | INFO | meta_classifier_renewed.model_trainers.meta_trainer | Ep [017/500] T-Acc:  75.0%  V-Acc:  57.1%  V-AUROC: 0.3333  LR: 1.00e-04
2026-06-29 22:01:12,779 | [DYN-LATENT] | INFO | meta_classifier_renewed.model_trainers.meta_trainer | Ep [018/500] T-Acc:  81.2%  V-Acc:  57.1%  V-AUROC: 0.3333  LR: 2.00e-05
2026-06-29 22:01:13,877 | [DYN-LATENT] | INFO | meta_classifier_renewed.model_trainers.meta_trainer | Ep [019/500] T-Acc:  75.0%  V-Acc:  57.1%  V-AUROC: 0.3333  LR: 2.00e-05
2026-06-29 22:01:15,052 | [DYN-LATENT] | INFO | meta_classifier_renewed.model_trainers.meta_trainer | Ep [020/500] T-Acc:  87.5%  V-Acc:  42.9%  V-AUROC: 0.2500  LR: 2.00e-05
2026-06-29 22:01:15,998 | [DYN-LATENT] | INFO | meta_classifier_renewed.model_trainers.meta_trainer | Ep [021/500] T-Acc:  75.0%  V-Acc:  42.9%  V-AUROC: 0.2500  LR: 2.00e-05
2026-06-29 22:01:17,115 | [DYN-LATENT] | INFO | meta_classifier_renewed.model_trainers.meta_trainer | Ep [022/500] T-Acc:  75.0%  V-Acc:  42.9%  V-AUROC: 0.2500  LR: 2.00e-05
2026-06-29 22:01:18,235 | [DYN-LATENT] | INFO | meta_classifier_renewed.model_trainers.meta_trainer | Ep [023/500] T-Acc:  75.0%  V-Acc:  42.9%  V-AUROC: 0.3333  LR: 2.00e-05
2026-06-29 22:01:19,325 | [DYN-LATENT] | INFO | meta_classifier_renewed.model_trainers.meta_trainer | Ep [024/500] T-Acc:  75.0%  V-Acc:  42.9%  V-AUROC: 0.2500  LR: 2.00e-05
2026-06-29 22:01:20,448 | [DYN-LATENT] | INFO | meta_classifier_renewed.model_trainers.meta_trainer | Ep [025/500] T-Acc:  81.2%  V-Acc:  42.9%  V-AUROC: 0.2500  LR: 2.00e-05
2026-06-29 22:01:21,403 | [DYN-LATENT] | INFO | meta_classifier_renewed.model_trainers.meta_trainer | Ep [026/500] T-Acc:  93.8%  V-Acc:  42.9%  V-AUROC: 0.2500  LR: 2.00e-05
2026-06-29 22:01:22,500 | [DYN-LATENT] | INFO | meta_classifier_renewed.model_trainers.meta_trainer | Ep [027/500] T-Acc:  87.5%  V-Acc:  42.9%  V-AUROC: 0.2500  LR: 2.00e-05
2026-06-29 22:01:23,593 | [DYN-LATENT] | INFO | meta_classifier_renewed.model_trainers.meta_trainer | Ep [028/500] T-Acc:  81.2%  V-Acc:  28.6%  V-AUROC: 0.3333  LR: 2.00e-05
2026-06-29 22:01:24,866 | [DYN-LATENT] | INFO | meta_classifier_renewed.model_trainers.meta_trainer | Ep [029/500] T-Acc:  93.8%  V-Acc:  42.9%  V-AUROC: 0.3333  LR: 4.00e-06
2026-06-29 22:01:25,856 | [DYN-LATENT] | INFO | meta_classifier_renewed.model_trainers.meta_trainer | Ep [030/500] T-Acc:  75.0%  V-Acc:  42.9%  V-AUROC: 0.3333  LR: 4.00e-06
2026-06-29 22:01:26,986 | [DYN-LATENT] | INFO | meta_classifier_renewed.model_trainers.meta_trainer | Ep [031/500] T-Acc:  81.2%  V-Acc:  42.9%  V-AUROC: 0.3333  LR: 4.00e-06
2026-06-29 22:01:28,120 | [DYN-LATENT] | INFO | meta_classifier_renewed.model_trainers.meta_trainer | Ep [032/500] T-Acc:  87.5%  V-Acc:  42.9%  V-AUROC: 0.3333  LR: 4.00e-06
2026-06-29 22:01:29,252 | [DYN-LATENT] | INFO | meta_classifier_renewed.model_trainers.meta_trainer | Ep [033/500] T-Acc:  75.0%  V-Acc:  42.9%  V-AUROC: 0.3333  LR: 4.00e-06
2026-06-29 22:01:30,361 | [DYN-LATENT] | INFO | meta_classifier_renewed.model_trainers.meta_trainer | Ep [034/500] T-Acc:  93.8%  V-Acc:  42.9%  V-AUROC: 0.3333  LR: 4.00e-06
2026-06-29 22:01:31,340 | [DYN-LATENT] | INFO | meta_classifier_renewed.model_trainers.meta_trainer | Ep [035/500] T-Acc:  81.2%  V-Acc:  28.6%  V-AUROC: 0.3333  LR: 4.00e-06
2026-06-29 22:01:31,341 | [DYN-LATENT] | INFO | meta_classifier_renewed.model_trainers.meta_trainer | Early stop — best AUROC 0.5000 at epoch 5
2026-06-29 22:01:31,907 | [DYN-LATENT] | INFO | meta_classifier_renewed.evaluators.monte_carlo_evaluator | -> Fold 01 Result | Acc=0.286 Sens=0.667 Spec=0.000 AUROC=0.500
2026-06-29 22:01:32,194 | [DYN-LATENT] | INFO | meta_classifier_renewed.evaluators.monte_carlo_evaluator | === Fold 02/30 | train: 16 subj | test: 7 subj ===
2026-06-29 22:01:33,577 | [DYN-LATENT] | INFO | meta_classifier_renewed.model_trainers.meta_trainer | Ep [001/500] T-Acc:  31.2%  V-Acc:  85.7%  V-AUROC: 0.6667  LR: 2.00e-05
2026-06-29 22:01:34,749 | [DYN-LATENT] | INFO | meta_classifier_renewed.model_trainers.meta_trainer | Ep [002/500] T-Acc:  50.0%  V-Acc:  85.7%  V-AUROC: 0.6667  LR: 4.00e-05
2026-06-29 22:01:35,801 | [DYN-LATENT] | INFO | meta_classifier_renewed.model_trainers.meta_trainer | Ep [003/500] T-Acc:  31.2%  V-Acc:  85.7%  V-AUROC: 0.3333  LR: 6.00e-05
2026-06-29 22:01:36,823 | [DYN-LATENT] | INFO | meta_classifier_renewed.model_trainers.meta_trainer | Ep [004/500] T-Acc:  25.0%  V-Acc:  71.4%  V-AUROC: 0.5000  LR: 8.00e-05
2026-06-29 22:01:37,939 | [DYN-LATENT] | INFO | meta_classifier_renewed.model_trainers.meta_trainer | Ep [005/500] T-Acc:  62.5%  V-Acc:  42.9%  V-AUROC: 0.8333  LR: 1.00e-04
2026-06-29 22:01:39,398 | [DYN-LATENT] | INFO | meta_classifier_renewed.model_trainers.meta_trainer | Ep [006/500] T-Acc:  62.5%  V-Acc:  42.9%  V-AUROC: 0.5000  LR: 1.00e-04
2026-06-29 22:01:40,501 | [DYN-LATENT] | INFO | meta_classifier_renewed.model_trainers.meta_trainer | Ep [007/500] T-Acc:  62.5%  V-Acc:  28.6%  V-AUROC: 0.3333  LR: 1.00e-04
2026-06-29 22:01:41,665 | [DYN-LATENT] | INFO | meta_classifier_renewed.model_trainers.meta_trainer | Ep [008/500] T-Acc:  37.5%  V-Acc:  57.1%  V-AUROC: 0.0000  LR: 1.00e-04
2026-06-29 22:01:42,997 | [DYN-LATENT] | INFO | meta_classifier_renewed.model_trainers.meta_trainer | Ep [009/500] T-Acc:  37.5%  V-Acc:  57.1%  V-AUROC: 0.0000  LR: 1.00e-04
2026-06-29 22:01:44,026 | [DYN-LATENT] | INFO | meta_classifier_renewed.model_trainers.meta_trainer | Ep [010/500] T-Acc:  56.2%  V-Acc:  57.1%  V-AUROC: 0.0000  LR: 1.00e-04
2026-06-29 22:01:45,061 | [DYN-LATENT] | INFO | meta_classifier_renewed.model_trainers.meta_trainer | Ep [011/500] T-Acc:  62.5%  V-Acc:  28.6%  V-AUROC: 0.0000  LR: 1.00e-04
2026-06-29 22:01:46,237 | [DYN-LATENT] | INFO | meta_classifier_renewed.model_trainers.meta_trainer | Ep [012/500] T-Acc:  68.8%  V-Acc:  14.3%  V-AUROC: 0.0000  LR: 1.00e-04
2026-06-29 22:01:47,210 | [DYN-LATENT] | INFO | meta_classifier_renewed.model_trainers.meta_trainer | Ep [013/500] T-Acc:  81.2%  V-Acc:  14.3%  V-AUROC: 0.1667  LR: 1.00e-04
2026-06-29 22:01:48,134 | [DYN-LATENT] | INFO | meta_classifier_renewed.model_trainers.meta_trainer | Ep [014/500] T-Acc:  68.8%  V-Acc:  14.3%  V-AUROC: 0.1667  LR: 1.00e-04
2026-06-29 22:01:49,144 | [DYN-LATENT] | INFO | meta_classifier_renewed.model_trainers.meta_trainer | Ep [015/500] T-Acc:  81.2%  V-Acc:  14.3%  V-AUROC: 0.1667  LR: 1.00e-04
2026-06-29 22:01:50,051 | [DYN-LATENT] | INFO | meta_classifier_renewed.model_trainers.meta_trainer | Ep [016/500] T-Acc:  75.0%  V-Acc:  14.3%  V-AUROC: 0.1667  LR: 1.00e-04
2026-06-29 22:01:51,065 | [DYN-LATENT] | INFO | meta_classifier_renewed.model_trainers.meta_trainer | Ep [017/500] T-Acc:  62.5%  V-Acc:  14.3%  V-AUROC: 0.1667  LR: 1.00e-04
2026-06-29 22:01:51,992 | [DYN-LATENT] | INFO | meta_classifier_renewed.model_trainers.meta_trainer | Ep [018/500] T-Acc:  75.0%  V-Acc:  14.3%  V-AUROC: 0.1667  LR: 2.00e-05
2026-06-29 22:01:52,987 | [DYN-LATENT] | INFO | meta_classifier_renewed.model_trainers.meta_trainer | Ep [019/500] T-Acc:  81.2%  V-Acc:  14.3%  V-AUROC: 0.1667  LR: 2.00e-05
2026-06-29 22:01:53,842 | [DYN-LATENT] | INFO | meta_classifier_renewed.model_trainers.meta_trainer | Ep [020/500] T-Acc:  62.5%  V-Acc:  14.3%  V-AUROC: 0.1667  LR: 2.00e-05
2026-06-29 22:01:54,787 | [DYN-LATENT] | INFO | meta_classifier_renewed.model_trainers.meta_trainer | Ep [021/500] T-Acc:  56.2%  V-Acc:  14.3%  V-AUROC: 0.1667  LR: 2.00e-05
2026-06-29 22:01:55,646 | [DYN-LATENT] | INFO | meta_classifier_renewed.model_trainers.meta_trainer | Ep [022/500] T-Acc:  93.8%  V-Acc:  14.3%  V-AUROC: 0.1667  LR: 2.00e-05
2026-06-29 22:01:56,583 | [DYN-LATENT] | INFO | meta_classifier_renewed.model_trainers.meta_trainer | Ep [023/500] T-Acc:  81.2%  V-Acc:  14.3%  V-AUROC: 0.1667  LR: 2.00e-05
2026-06-29 22:01:57,553 | [DYN-LATENT] | INFO | meta_classifier_renewed.model_trainers.meta_trainer | Ep [024/500] T-Acc:  68.8%  V-Acc:  14.3%  V-AUROC: 0.1667  LR: 2.00e-05
2026-06-29 22:01:58,520 | [DYN-LATENT] | INFO | meta_classifier_renewed.model_trainers.meta_trainer | Ep [025/500] T-Acc:  81.2%  V-Acc:  14.3%  V-AUROC: 0.1667  LR: 2.00e-05
2026-06-29 22:01:59,486 | [DYN-LATENT] | INFO | meta_classifier_renewed.model_trainers.meta_trainer | Ep [026/500] T-Acc:  75.0%  V-Acc:  14.3%  V-AUROC: 0.1667  LR: 2.00e-05
2026-06-29 22:02:00,475 | [DYN-LATENT] | INFO | meta_classifier_renewed.model_trainers.meta_trainer | Ep [027/500] T-Acc:  87.5%  V-Acc:  14.3%  V-AUROC: 0.1667  LR: 2.00e-05
2026-06-29 22:02:01,485 | [DYN-LATENT] | INFO | meta_classifier_renewed.model_trainers.meta_trainer | Ep [028/500] T-Acc:  68.8%  V-Acc:  14.3%  V-AUROC: 0.1667  LR: 2.00e-05
2026-06-29 22:02:02,353 | [DYN-LATENT] | INFO | meta_classifier_renewed.model_trainers.meta_trainer | Ep [029/500] T-Acc:  62.5%  V-Acc:  14.3%  V-AUROC: 0.1667  LR: 4.00e-06
2026-06-29 22:02:03,351 | [DYN-LATENT] | INFO | meta_classifier_renewed.model_trainers.meta_trainer | Ep [030/500] T-Acc:  62.5%  V-Acc:  14.3%  V-AUROC: 0.1667  LR: 4.00e-06
2026-06-29 22:02:04,198 | [DYN-LATENT] | INFO | meta_classifier_renewed.model_trainers.meta_trainer | Ep [031/500] T-Acc:  81.2%  V-Acc:  14.3%  V-AUROC: 0.1667  LR: 4.00e-06
2026-06-29 22:02:05,042 | [DYN-LATENT] | INFO | meta_classifier_renewed.model_trainers.meta_trainer | Ep [032/500] T-Acc:  81.2%  V-Acc:  14.3%  V-AUROC: 0.1667  LR: 4.00e-06
2026-06-29 22:02:05,965 | [DYN-LATENT] | INFO | meta_classifier_renewed.model_trainers.meta_trainer | Ep [033/500] T-Acc:  68.8%  V-Acc:  14.3%  V-AUROC: 0.1667  LR: 4.00e-06
2026-06-29 22:02:06,934 | [DYN-LATENT] | INFO | meta_classifier_renewed.model_trainers.meta_trainer | Ep [034/500] T-Acc:  81.2%  V-Acc:  14.3%  V-AUROC: 0.1667  LR: 4.00e-06
2026-06-29 22:02:07,784 | [DYN-LATENT] | INFO | meta_classifier_renewed.model_trainers.meta_trainer | Ep [035/500] T-Acc:  81.2%  V-Acc:  14.3%  V-AUROC: 0.1667  LR: 4.00e-06
2026-06-29 22:02:07,785 | [DYN-LATENT] | INFO | meta_classifier_renewed.model_trainers.meta_trainer | Early stop — best AUROC 0.8333 at epoch 5
2026-06-29 22:02:08,318 | [DYN-LATENT] | INFO | meta_classifier_renewed.evaluators.monte_carlo_evaluator | -> Fold 02 Result | Acc=0.429 Sens=1.000 Spec=0.333 AUROC=0.833
2026-06-29 22:02:08,533 | [DYN-LATENT] | INFO | meta_classifier_renewed.evaluators.monte_carlo_evaluator | === Fold 03/30 | train: 16 subj | test: 7 subj ===
2026-06-29 22:02:09,694 | [DYN-LATENT] | INFO | meta_classifier_renewed.model_trainers.meta_trainer | Ep [001/500] T-Acc:  37.5%  V-Acc:  57.1%  V-AUROC: 0.6667  LR: 2.00e-05
2026-06-29 22:02:10,937 | [DYN-LATENT] | INFO | meta_classifier_renewed.model_trainers.meta_trainer | Ep [002/500] T-Acc:  56.2%  V-Acc:  71.4%  V-AUROC: 0.6667  LR: 4.00e-05
2026-06-29 22:02:11,869 | [DYN-LATENT] | INFO | meta_classifier_renewed.model_trainers.meta_trainer | Ep [003/500] T-Acc:  43.8%  V-Acc:  57.1%  V-AUROC: 0.6667  LR: 6.00e-05
2026-06-29 22:02:12,728 | [DYN-LATENT] | INFO | meta_classifier_renewed.model_trainers.meta_trainer | Ep [004/500] T-Acc:  43.8%  V-Acc:  57.1%  V-AUROC: 0.6667  LR: 8.00e-05
2026-06-29 22:02:13,759 | [DYN-LATENT] | INFO | meta_classifier_renewed.model_trainers.meta_trainer | Ep [005/500] T-Acc:  81.2%  V-Acc:  71.4%  V-AUROC: 0.6667  LR: 1.00e-04
2026-06-29 22:02:14,793 | [DYN-LATENT] | INFO | meta_classifier_renewed.model_trainers.meta_trainer | Ep [006/500] T-Acc:  68.8%  V-Acc:  71.4%  V-AUROC: 0.6667  LR: 1.00e-04
2026-06-29 22:02:15,814 | [DYN-LATENT] | INFO | meta_classifier_renewed.model_trainers.meta_trainer | Ep [007/500] T-Acc:  43.8%  V-Acc:  71.4%  V-AUROC: 0.6667  LR: 1.00e-04
2026-06-29 22:02:16,735 | [DYN-LATENT] | INFO | meta_classifier_renewed.model_trainers.meta_trainer | Ep [008/500] T-Acc:  68.8%  V-Acc:  57.1%  V-AUROC: 0.6667  LR: 1.00e-04
2026-06-29 22:02:17,675 | [DYN-LATENT] | INFO | meta_classifier_renewed.model_trainers.meta_trainer | Ep [009/500] T-Acc:  50.0%  V-Acc:  57.1%  V-AUROC: 0.5833  LR: 1.00e-04
2026-06-29 22:02:18,586 | [DYN-LATENT] | INFO | meta_classifier_renewed.model_trainers.meta_trainer | Ep [010/500] T-Acc:  50.0%  V-Acc:  57.1%  V-AUROC: 0.6667  LR: 1.00e-04
2026-06-29 22:02:19,450 | [DYN-LATENT] | INFO | meta_classifier_renewed.model_trainers.meta_trainer | Ep [011/500] T-Acc:  62.5%  V-Acc:  57.1%  V-AUROC: 0.6667  LR: 1.00e-04
2026-06-29 22:02:20,384 | [DYN-LATENT] | INFO | meta_classifier_renewed.model_trainers.meta_trainer | Ep [012/500] T-Acc:  75.0%  V-Acc:  71.4%  V-AUROC: 0.6667  LR: 1.00e-04
2026-06-29 22:02:21,301 | [DYN-LATENT] | INFO | meta_classifier_renewed.model_trainers.meta_trainer | Ep [013/500] T-Acc:  75.0%  V-Acc:  57.1%  V-AUROC: 0.6667  LR: 1.00e-04
2026-06-29 22:02:22,218 | [DYN-LATENT] | INFO | meta_classifier_renewed.model_trainers.meta_trainer | Ep [014/500] T-Acc:  75.0%  V-Acc:  71.4%  V-AUROC: 0.7500  LR: 1.00e-04
2026-06-29 22:02:23,469 | [DYN-LATENT] | INFO | meta_classifier_renewed.model_trainers.meta_trainer | Ep [015/500] T-Acc:  62.5%  V-Acc:  71.4%  V-AUROC: 0.7500  LR: 1.00e-04
2026-06-29 22:02:24,388 | [DYN-LATENT] | INFO | meta_classifier_renewed.model_trainers.meta_trainer | Ep [016/500] T-Acc:  50.0%  V-Acc:  71.4%  V-AUROC: 0.8333  LR: 1.00e-04
2026-06-29 22:02:25,602 | [DYN-LATENT] | INFO | meta_classifier_renewed.model_trainers.meta_trainer | Ep [017/500] T-Acc:  75.0%  V-Acc:  71.4%  V-AUROC: 0.9167  LR: 1.00e-04
2026-06-29 22:02:26,770 | [DYN-LATENT] | INFO | meta_classifier_renewed.model_trainers.meta_trainer | Ep [018/500] T-Acc:  81.2%  V-Acc:  71.4%  V-AUROC: 0.8333  LR: 1.00e-04
2026-06-29 22:02:27,725 | [DYN-LATENT] | INFO | meta_classifier_renewed.model_trainers.meta_trainer | Ep [019/500] T-Acc:  81.2%  V-Acc:  71.4%  V-AUROC: 0.8333  LR: 1.00e-04
2026-06-29 22:02:28,764 | [DYN-LATENT] | INFO | meta_classifier_renewed.model_trainers.meta_trainer | Ep [020/500] T-Acc:  75.0%  V-Acc:  71.4%  V-AUROC: 0.8333  LR: 1.00e-04
2026-06-29 22:02:29,707 | [DYN-LATENT] | INFO | meta_classifier_renewed.model_trainers.meta_trainer | Ep [021/500] T-Acc:  87.5%  V-Acc:  57.1%  V-AUROC: 0.8333  LR: 1.00e-04
2026-06-29 22:02:30,563 | [DYN-LATENT] | INFO | meta_classifier_renewed.model_trainers.meta_trainer | Ep [022/500] T-Acc:  87.5%  V-Acc:  57.1%  V-AUROC: 0.9167  LR: 1.00e-04
2026-06-29 22:02:31,484 | [DYN-LATENT] | INFO | meta_classifier_renewed.model_trainers.meta_trainer | Ep [023/500] T-Acc:  81.2%  V-Acc:  71.4%  V-AUROC: 0.9167  LR: 1.00e-04
2026-06-29 22:02:32,411 | [DYN-LATENT] | INFO | meta_classifier_renewed.model_trainers.meta_trainer | Ep [024/500] T-Acc:  75.0%  V-Acc:  71.4%  V-AUROC: 1.0000  LR: 1.00e-04
2026-06-29 22:02:33,493 | [DYN-LATENT] | INFO | meta_classifier_renewed.model_trainers.meta_trainer | Ep [025/500] T-Acc:  87.5%  V-Acc:  71.4%  V-AUROC: 1.0000  LR: 1.00e-04
2026-06-29 22:02:34,406 | [DYN-LATENT] | INFO | meta_classifier_renewed.model_trainers.meta_trainer | Ep [026/500] T-Acc:  81.2%  V-Acc:  71.4%  V-AUROC: 0.9167  LR: 1.00e-04
2026-06-29 22:02:35,261 | [DYN-LATENT] | INFO | meta_classifier_renewed.model_trainers.meta_trainer | Ep [027/500] T-Acc: 100.0%  V-Acc:  85.7%  V-AUROC: 0.9167  LR: 1.00e-04
2026-06-29 22:02:36,173 | [DYN-LATENT] | INFO | meta_classifier_renewed.model_trainers.meta_trainer | Ep [028/500] T-Acc:  93.8%  V-Acc:  71.4%  V-AUROC: 0.9167  LR: 1.00e-04
2026-06-29 22:02:37,133 | [DYN-LATENT] | INFO | meta_classifier_renewed.model_trainers.meta_trainer | Ep [029/500] T-Acc:  93.8%  V-Acc:  71.4%  V-AUROC: 0.9167  LR: 1.00e-04
2026-06-29 22:02:38,073 | [DYN-LATENT] | INFO | meta_classifier_renewed.model_trainers.meta_trainer | Ep [030/500] T-Acc:  87.5%  V-Acc:  71.4%  V-AUROC: 0.9167  LR: 1.00e-04
2026-06-29 22:02:38,956 | [DYN-LATENT] | INFO | meta_classifier_renewed.model_trainers.meta_trainer | Ep [031/500] T-Acc:  93.8%  V-Acc:  85.7%  V-AUROC: 0.9167  LR: 1.00e-04
2026-06-29 22:02:39,955 | [DYN-LATENT] | INFO | meta_classifier_renewed.model_trainers.meta_trainer | Ep [032/500] T-Acc:  93.8%  V-Acc:  85.7%  V-AUROC: 1.0000  LR: 1.00e-04
2026-06-29 22:02:40,997 | [DYN-LATENT] | INFO | meta_classifier_renewed.model_trainers.meta_trainer | Ep [033/500] T-Acc: 100.0%  V-Acc:  85.7%  V-AUROC: 1.0000  LR: 1.00e-04
2026-06-29 22:02:41,888 | [DYN-LATENT] | INFO | meta_classifier_renewed.model_trainers.meta_trainer | Ep [034/500] T-Acc:  93.8%  V-Acc:  85.7%  V-AUROC: 1.0000  LR: 1.00e-04
2026-06-29 22:02:42,788 | [DYN-LATENT] | INFO | meta_classifier_renewed.model_trainers.meta_trainer | Ep [035/500] T-Acc: 100.0%  V-Acc:  71.4%  V-AUROC: 1.0000  LR: 1.00e-04
2026-06-29 22:02:43,661 | [DYN-LATENT] | INFO | meta_classifier_renewed.model_trainers.meta_trainer | Ep [036/500] T-Acc: 100.0%  V-Acc:  71.4%  V-AUROC: 1.0000  LR: 2.00e-05
2026-06-29 22:02:44,602 | [DYN-LATENT] | INFO | meta_classifier_renewed.model_trainers.meta_trainer | Ep [037/500] T-Acc: 100.0%  V-Acc:  57.1%  V-AUROC: 1.0000  LR: 2.00e-05
2026-06-29 22:02:45,535 | [DYN-LATENT] | INFO | meta_classifier_renewed.model_trainers.meta_trainer | Ep [038/500] T-Acc:  93.8%  V-Acc:  71.4%  V-AUROC: 1.0000  LR: 2.00e-05
2026-06-29 22:02:46,469 | [DYN-LATENT] | INFO | meta_classifier_renewed.model_trainers.meta_trainer | Ep [039/500] T-Acc: 100.0%  V-Acc:  71.4%  V-AUROC: 1.0000  LR: 2.00e-05
2026-06-29 22:02:47,383 | [DYN-LATENT] | INFO | meta_classifier_renewed.model_trainers.meta_trainer | Ep [040/500] T-Acc: 100.0%  V-Acc:  71.4%  V-AUROC: 1.0000  LR: 2.00e-05
2026-06-29 22:02:48,285 | [DYN-LATENT] | INFO | meta_classifier_renewed.model_trainers.meta_trainer | Ep [041/500] T-Acc:  93.8%  V-Acc:  71.4%  V-AUROC: 1.0000  LR: 2.00e-05
2026-06-29 22:02:49,216 | [DYN-LATENT] | INFO | meta_classifier_renewed.model_trainers.meta_trainer | Ep [042/500] T-Acc: 100.0%  V-Acc:  71.4%  V-AUROC: 1.0000  LR: 2.00e-05
2026-06-29 22:02:50,080 | [DYN-LATENT] | INFO | meta_classifier_renewed.model_trainers.meta_trainer | Ep [043/500] T-Acc: 100.0%  V-Acc:  71.4%  V-AUROC: 1.0000  LR: 2.00e-05
2026-06-29 22:02:51,069 | [DYN-LATENT] | INFO | meta_classifier_renewed.model_trainers.meta_trainer | Ep [044/500] T-Acc: 100.0%  V-Acc:  71.4%  V-AUROC: 1.0000  LR: 2.00e-05
2026-06-29 22:02:51,940 | [DYN-LATENT] | INFO | meta_classifier_renewed.model_trainers.meta_trainer | Ep [045/500] T-Acc: 100.0%  V-Acc:  71.4%  V-AUROC: 1.0000  LR: 2.00e-05
2026-06-29 22:02:52,914 | [DYN-LATENT] | INFO | meta_classifier_renewed.model_trainers.meta_trainer | Ep [046/500] T-Acc: 100.0%  V-Acc:  71.4%  V-AUROC: 1.0000  LR: 2.00e-05
2026-06-29 22:02:53,768 | [DYN-LATENT] | INFO | meta_classifier_renewed.model_trainers.meta_trainer | Ep [047/500] T-Acc: 100.0%  V-Acc:  57.1%  V-AUROC: 1.0000  LR: 4.00e-06
2026-06-29 22:02:54,616 | [DYN-LATENT] | INFO | meta_classifier_renewed.model_trainers.meta_trainer | Ep [048/500] T-Acc: 100.0%  V-Acc:  57.1%  V-AUROC: 1.0000  LR: 4.00e-06
2026-06-29 22:02:55,565 | [DYN-LATENT] | INFO | meta_classifier_renewed.model_trainers.meta_trainer | Ep [049/500] T-Acc: 100.0%  V-Acc:  57.1%  V-AUROC: 1.0000  LR: 4.00e-06
2026-06-29 22:02:56,541 | [DYN-LATENT] | INFO | meta_classifier_renewed.model_trainers.meta_trainer | Ep [050/500] T-Acc: 100.0%  V-Acc:  57.1%  V-AUROC: 1.0000  LR: 4.00e-06
2026-06-29 22:02:57,394 | [DYN-LATENT] | INFO | meta_classifier_renewed.model_trainers.meta_trainer | Ep [051/500] T-Acc: 100.0%  V-Acc:  57.1%  V-AUROC: 1.0000  LR: 4.00e-06
2026-06-29 22:02:58,247 | [DYN-LATENT] | INFO | meta_classifier_renewed.model_trainers.meta_trainer | Ep [052/500] T-Acc: 100.0%  V-Acc:  57.1%  V-AUROC: 1.0000  LR: 4.00e-06
2026-06-29 22:02:59,231 | [DYN-LATENT] | INFO | meta_classifier_renewed.model_trainers.meta_trainer | Ep [053/500] T-Acc: 100.0%  V-Acc:  57.1%  V-AUROC: 1.0000  LR: 4.00e-06
2026-06-29 22:03:00,096 | [DYN-LATENT] | INFO | meta_classifier_renewed.model_trainers.meta_trainer | Ep [054/500] T-Acc: 100.0%  V-Acc:  57.1%  V-AUROC: 1.0000  LR: 4.00e-06
2026-06-29 22:03:00,096 | [DYN-LATENT] | INFO | meta_classifier_renewed.model_trainers.meta_trainer | Early stop — best AUROC 1.0000 at epoch 24
2026-06-29 22:03:00,567 | [DYN-LATENT] | INFO | meta_classifier_renewed.evaluators.monte_carlo_evaluator | -> Fold 03 Result | Acc=0.714 Sens=0.500 Spec=1.000 AUROC=1.000
2026-06-29 22:03:00,744 | [DYN-LATENT] | INFO | meta_classifier_renewed.evaluators.monte_carlo_evaluator | === Fold 04/30 | train: 16 subj | test: 7 subj ===
2026-06-29 22:03:01,775 | [DYN-LATENT] | INFO | meta_classifier_renewed.model_trainers.meta_trainer | Ep [001/500] T-Acc:  56.2%  V-Acc:  42.9%  V-AUROC: 0.3333  LR: 2.00e-05
2026-06-29 22:03:02,720 | [DYN-LATENT] | INFO | meta_classifier_renewed.model_trainers.meta_trainer | Ep [002/500] T-Acc:  50.0%  V-Acc:  42.9%  V-AUROC: 0.3333  LR: 4.00e-05
2026-06-29 22:03:03,664 | [DYN-LATENT] | INFO | meta_classifier_renewed.model_trainers.meta_trainer | Ep [003/500] T-Acc:  43.8%  V-Acc:  42.9%  V-AUROC: 0.3333  LR: 6.00e-05
2026-06-29 22:03:04,798 | [DYN-LATENT] | INFO | meta_classifier_renewed.model_trainers.meta_trainer | Ep [004/500] T-Acc:  43.8%  V-Acc:  57.1%  V-AUROC: 0.3333  LR: 8.00e-05
2026-06-29 22:03:05,652 | [DYN-LATENT] | INFO | meta_classifier_renewed.model_trainers.meta_trainer | Ep [005/500] T-Acc:  56.2%  V-Acc:  28.6%  V-AUROC: 0.3333  LR: 1.00e-04
2026-06-29 22:03:06,517 | [DYN-LATENT] | INFO | meta_classifier_renewed.model_trainers.meta_trainer | Ep [006/500] T-Acc:  43.8%  V-Acc:  42.9%  V-AUROC: 0.1667  LR: 1.00e-04
2026-06-29 22:03:07,426 | [DYN-LATENT] | INFO | meta_classifier_renewed.model_trainers.meta_trainer | Ep [007/500] T-Acc:  43.8%  V-Acc:  57.1%  V-AUROC: 0.1667  LR: 1.00e-04
2026-06-29 22:03:08,296 | [DYN-LATENT] | INFO | meta_classifier_renewed.model_trainers.meta_trainer | Ep [008/500] T-Acc:  43.8%  V-Acc:  42.9%  V-AUROC: 0.2500  LR: 1.00e-04
2026-06-29 22:03:09,207 | [DYN-LATENT] | INFO | meta_classifier_renewed.model_trainers.meta_trainer | Ep [009/500] T-Acc:  56.2%  V-Acc:  42.9%  V-AUROC: 0.2500  LR: 1.00e-04
2026-06-29 22:03:10,248 | [DYN-LATENT] | INFO | meta_classifier_renewed.model_trainers.meta_trainer | Ep [010/500] T-Acc:  50.0%  V-Acc:  14.3%  V-AUROC: 0.2500  LR: 1.00e-04
2026-06-29 22:03:11,305 | [DYN-LATENT] | INFO | meta_classifier_renewed.model_trainers.meta_trainer | Ep [011/500] T-Acc:  50.0%  V-Acc:  42.9%  V-AUROC: 0.2500  LR: 1.00e-04
2026-06-29 22:03:12,184 | [DYN-LATENT] | INFO | meta_classifier_renewed.model_trainers.meta_trainer | Ep [012/500] T-Acc:  62.5%  V-Acc:  42.9%  V-AUROC: 0.3333  LR: 1.00e-04
2026-06-29 22:03:13,061 | [DYN-LATENT] | INFO | meta_classifier_renewed.model_trainers.meta_trainer | Ep [013/500] T-Acc:  43.8%  V-Acc:  42.9%  V-AUROC: 0.4167  LR: 1.00e-04
2026-06-29 22:03:14,097 | [DYN-LATENT] | INFO | meta_classifier_renewed.model_trainers.meta_trainer | Ep [014/500] T-Acc:  68.8%  V-Acc:  42.9%  V-AUROC: 0.5000  LR: 1.00e-04
2026-06-29 22:03:15,135 | [DYN-LATENT] | INFO | meta_classifier_renewed.model_trainers.meta_trainer | Ep [015/500] T-Acc:  75.0%  V-Acc:  42.9%  V-AUROC: 0.5833  LR: 1.00e-04
2026-06-29 22:03:16,107 | [DYN-LATENT] | INFO | meta_classifier_renewed.model_trainers.meta_trainer | Ep [016/500] T-Acc:  68.8%  V-Acc:  57.1%  V-AUROC: 0.7500  LR: 1.00e-04
2026-06-29 22:03:17,087 | [DYN-LATENT] | INFO | meta_classifier_renewed.model_trainers.meta_trainer | Ep [017/500] T-Acc:  81.2%  V-Acc:  57.1%  V-AUROC: 0.7500  LR: 1.00e-04
2026-06-29 22:03:18,083 | [DYN-LATENT] | INFO | meta_classifier_renewed.model_trainers.meta_trainer | Ep [018/500] T-Acc:  68.8%  V-Acc:  57.1%  V-AUROC: 0.8333  LR: 1.00e-04
2026-06-29 22:03:19,140 | [DYN-LATENT] | INFO | meta_classifier_renewed.model_trainers.meta_trainer | Ep [019/500] T-Acc:  62.5%  V-Acc:  71.4%  V-AUROC: 0.8333  LR: 1.00e-04
2026-06-29 22:03:19,988 | [DYN-LATENT] | INFO | meta_classifier_renewed.model_trainers.meta_trainer | Ep [020/500] T-Acc:  81.2%  V-Acc:  57.1%  V-AUROC: 0.8333  LR: 1.00e-04
2026-06-29 22:03:20,897 | [DYN-LATENT] | INFO | meta_classifier_renewed.model_trainers.meta_trainer | Ep [021/500] T-Acc:  62.5%  V-Acc:  71.4%  V-AUROC: 0.8333  LR: 1.00e-04
2026-06-29 22:03:21,749 | [DYN-LATENT] | INFO | meta_classifier_renewed.model_trainers.meta_trainer | Ep [022/500] T-Acc:  62.5%  V-Acc:  71.4%  V-AUROC: 0.8333  LR: 1.00e-04
2026-06-29 22:03:22,635 | [DYN-LATENT] | INFO | meta_classifier_renewed.model_trainers.meta_trainer | Ep [023/500] T-Acc:  81.2%  V-Acc:  71.4%  V-AUROC: 0.8333  LR: 1.00e-04
2026-06-29 22:03:23,488 | [DYN-LATENT] | INFO | meta_classifier_renewed.model_trainers.meta_trainer | Ep [024/500] T-Acc:  81.2%  V-Acc:  57.1%  V-AUROC: 0.8333  LR: 1.00e-04
2026-06-29 22:03:24,420 | [DYN-LATENT] | INFO | meta_classifier_renewed.model_trainers.meta_trainer | Ep [025/500] T-Acc:  87.5%  V-Acc:  57.1%  V-AUROC: 0.8333  LR: 1.00e-04
2026-06-29 22:03:25,330 | [DYN-LATENT] | INFO | meta_classifier_renewed.model_trainers.meta_trainer | Ep [026/500] T-Acc:  81.2%  V-Acc:  71.4%  V-AUROC: 0.8333  LR: 1.00e-04
2026-06-29 22:03:26,421 | [DYN-LATENT] | INFO | meta_classifier_renewed.model_trainers.meta_trainer | Ep [027/500] T-Acc:  81.2%  V-Acc:  71.4%  V-AUROC: 0.8333  LR: 1.00e-04
2026-06-29 22:03:27,353 | [DYN-LATENT] | INFO | meta_classifier_renewed.model_trainers.meta_trainer | Ep [028/500] T-Acc:  87.5%  V-Acc:  71.4%  V-AUROC: 0.8333  LR: 1.00e-04
2026-06-29 22:03:28,203 | [DYN-LATENT] | INFO | meta_classifier_renewed.model_trainers.meta_trainer | Ep [029/500] T-Acc:  87.5%  V-Acc:  71.4%  V-AUROC: 0.8333  LR: 1.00e-04
2026-06-29 22:03:29,136 | [DYN-LATENT] | INFO | meta_classifier_renewed.model_trainers.meta_trainer | Ep [030/500] T-Acc:  87.5%  V-Acc:  71.4%  V-AUROC: 0.8333  LR: 2.00e-05
2026-06-29 22:03:29,983 | [DYN-LATENT] | INFO | meta_classifier_renewed.model_trainers.meta_trainer | Ep [031/500] T-Acc:  75.0%  V-Acc:  71.4%  V-AUROC: 0.8333  LR: 2.00e-05
2026-06-29 22:03:30,894 | [DYN-LATENT] | INFO | meta_classifier_renewed.model_trainers.meta_trainer | Ep [032/500] T-Acc:  81.2%  V-Acc:  71.4%  V-AUROC: 0.8333  LR: 2.00e-05
2026-06-29 22:03:31,745 | [DYN-LATENT] | INFO | meta_classifier_renewed.model_trainers.meta_trainer | Ep [033/500] T-Acc:  87.5%  V-Acc:  71.4%  V-AUROC: 0.8333  LR: 2.00e-05
2026-06-29 22:03:32,614 | [DYN-LATENT] | INFO | meta_classifier_renewed.model_trainers.meta_trainer | Ep [034/500] T-Acc:  81.2%  V-Acc:  71.4%  V-AUROC: 0.8333  LR: 2.00e-05
2026-06-29 22:03:33,610 | [DYN-LATENT] | INFO | meta_classifier_renewed.model_trainers.meta_trainer | Ep [035/500] T-Acc:  87.5%  V-Acc:  71.4%  V-AUROC: 0.8333  LR: 2.00e-05
2026-06-29 22:03:34,560 | [DYN-LATENT] | INFO | meta_classifier_renewed.model_trainers.meta_trainer | Ep [036/500] T-Acc:  87.5%  V-Acc:  71.4%  V-AUROC: 0.8333  LR: 2.00e-05
2026-06-29 22:03:35,422 | [DYN-LATENT] | INFO | meta_classifier_renewed.model_trainers.meta_trainer | Ep [037/500] T-Acc:  93.8%  V-Acc:  71.4%  V-AUROC: 0.8333  LR: 2.00e-05
2026-06-29 22:03:36,298 | [DYN-LATENT] | INFO | meta_classifier_renewed.model_trainers.meta_trainer | Ep [038/500] T-Acc:  81.2%  V-Acc:  71.4%  V-AUROC: 0.8333  LR: 2.00e-05
2026-06-29 22:03:37,153 | [DYN-LATENT] | INFO | meta_classifier_renewed.model_trainers.meta_trainer | Ep [039/500] T-Acc:  81.2%  V-Acc:  71.4%  V-AUROC: 0.8333  LR: 2.00e-05
2026-06-29 22:03:38,113 | [DYN-LATENT] | INFO | meta_classifier_renewed.model_trainers.meta_trainer | Ep [040/500] T-Acc:  87.5%  V-Acc:  71.4%  V-AUROC: 0.8333  LR: 2.00e-05
2026-06-29 22:03:38,960 | [DYN-LATENT] | INFO | meta_classifier_renewed.model_trainers.meta_trainer | Ep [041/500] T-Acc:  93.8%  V-Acc:  71.4%  V-AUROC: 0.8333  LR: 4.00e-06
2026-06-29 22:03:39,812 | [DYN-LATENT] | INFO | meta_classifier_renewed.model_trainers.meta_trainer | Ep [042/500] T-Acc:  87.5%  V-Acc:  71.4%  V-AUROC: 0.8333  LR: 4.00e-06
2026-06-29 22:03:40,745 | [DYN-LATENT] | INFO | meta_classifier_renewed.model_trainers.meta_trainer | Ep [043/500] T-Acc:  93.8%  V-Acc:  71.4%  V-AUROC: 0.8333  LR: 4.00e-06
2026-06-29 22:03:41,876 | [DYN-LATENT] | INFO | meta_classifier_renewed.model_trainers.meta_trainer | Ep [044/500] T-Acc:  81.2%  V-Acc:  71.4%  V-AUROC: 0.8333  LR: 4.00e-06
2026-06-29 22:03:42,821 | [DYN-LATENT] | INFO | meta_classifier_renewed.model_trainers.meta_trainer | Ep [045/500] T-Acc:  93.8%  V-Acc:  71.4%  V-AUROC: 0.8333  LR: 4.00e-06
2026-06-29 22:03:43,733 | [DYN-LATENT] | INFO | meta_classifier_renewed.model_trainers.meta_trainer | Ep [046/500] T-Acc:  93.8%  V-Acc:  71.4%  V-AUROC: 0.8333  LR: 4.00e-06
2026-06-29 22:03:44,596 | [DYN-LATENT] | INFO | meta_classifier_renewed.model_trainers.meta_trainer | Ep [047/500] T-Acc:  93.8%  V-Acc:  71.4%  V-AUROC: 0.8333  LR: 4.00e-06
2026-06-29 22:03:45,560 | [DYN-LATENT] | INFO | meta_classifier_renewed.model_trainers.meta_trainer | Ep [048/500] T-Acc:  93.8%  V-Acc:  71.4%  V-AUROC: 0.8333  LR: 4.00e-06
2026-06-29 22:03:45,560 | [DYN-LATENT] | INFO | meta_classifier_renewed.model_trainers.meta_trainer | Early stop — best AUROC 0.8333 at epoch 18
2026-06-29 22:03:46,041 | [DYN-LATENT] | INFO | meta_classifier_renewed.evaluators.monte_carlo_evaluator | -> Fold 04 Result | Acc=0.571 Sens=1.000 Spec=0.250 AUROC=0.833
2026-06-29 22:03:46,272 | [DYN-LATENT] | INFO | meta_classifier_renewed.evaluators.monte_carlo_evaluator | === Fold 05/30 | train: 16 subj | test: 7 subj ===
2026-06-29 22:03:47,293 | [DYN-LATENT] | INFO | meta_classifier_renewed.model_trainers.meta_trainer | Ep [001/500] T-Acc:  50.0%  V-Acc:  28.6%  V-AUROC: 0.1000  LR: 2.00e-05
2026-06-29 22:03:48,233 | [DYN-LATENT] | INFO | meta_classifier_renewed.model_trainers.meta_trainer | Ep [002/500] T-Acc:  56.2%  V-Acc:  28.6%  V-AUROC: 0.1000  LR: 4.00e-05
2026-06-29 22:03:49,210 | [DYN-LATENT] | INFO | meta_classifier_renewed.model_trainers.meta_trainer | Ep [003/500] T-Acc:  56.2%  V-Acc:  28.6%  V-AUROC: 0.1000  LR: 6.00e-05
2026-06-29 22:03:50,119 | [DYN-LATENT] | INFO | meta_classifier_renewed.model_trainers.meta_trainer | Ep [004/500] T-Acc:  31.2%  V-Acc:  28.6%  V-AUROC: 0.1000  LR: 8.00e-05
2026-06-29 22:03:51,028 | [DYN-LATENT] | INFO | meta_classifier_renewed.model_trainers.meta_trainer | Ep [005/500] T-Acc:  50.0%  V-Acc:  57.1%  V-AUROC: 0.0000  LR: 1.00e-04
2026-06-29 22:03:51,935 | [DYN-LATENT] | INFO | meta_classifier_renewed.model_trainers.meta_trainer | Ep [006/500] T-Acc:  56.2%  V-Acc:  57.1%  V-AUROC: 0.0000  LR: 1.00e-04
2026-06-29 22:03:53,061 | [DYN-LATENT] | INFO | meta_classifier_renewed.model_trainers.meta_trainer | Ep [007/500] T-Acc:  56.2%  V-Acc:  14.3%  V-AUROC: 0.1000  LR: 1.00e-04
2026-06-29 22:03:53,915 | [DYN-LATENT] | INFO | meta_classifier_renewed.model_trainers.meta_trainer | Ep [008/500] T-Acc:  56.2%  V-Acc:  28.6%  V-AUROC: 0.1000  LR: 1.00e-04
2026-06-29 22:03:54,774 | [DYN-LATENT] | INFO | meta_classifier_renewed.model_trainers.meta_trainer | Ep [009/500] T-Acc:  68.8%  V-Acc:  14.3%  V-AUROC: 0.1000  LR: 1.00e-04
2026-06-29 22:03:55,755 | [DYN-LATENT] | INFO | meta_classifier_renewed.model_trainers.meta_trainer | Ep [010/500] T-Acc:  56.2%  V-Acc:  14.3%  V-AUROC: 0.1000  LR: 1.00e-04
2026-06-29 22:03:56,672 | [DYN-LATENT] | INFO | meta_classifier_renewed.model_trainers.meta_trainer | Ep [011/500] T-Acc:  50.0%  V-Acc:  14.3%  V-AUROC: 0.3000  LR: 1.00e-04
2026-06-29 22:03:57,649 | [DYN-LATENT] | INFO | meta_classifier_renewed.model_trainers.meta_trainer | Ep [012/500] T-Acc:  68.8%  V-Acc:  57.1%  V-AUROC: 0.3000  LR: 1.00e-04
2026-06-29 22:03:58,528 | [DYN-LATENT] | INFO | meta_classifier_renewed.model_trainers.meta_trainer | Ep [013/500] T-Acc:  81.2%  V-Acc:  42.9%  V-AUROC: 0.3000  LR: 1.00e-04
2026-06-29 22:03:59,386 | [DYN-LATENT] | INFO | meta_classifier_renewed.model_trainers.meta_trainer | Ep [014/500] T-Acc:  56.2%  V-Acc:  71.4%  V-AUROC: 0.3000  LR: 1.00e-04
2026-06-29 22:04:00,255 | [DYN-LATENT] | INFO | meta_classifier_renewed.model_trainers.meta_trainer | Ep [015/500] T-Acc:  50.0%  V-Acc:  71.4%  V-AUROC: 0.3000  LR: 1.00e-04
2026-06-29 22:04:01,124 | [DYN-LATENT] | INFO | meta_classifier_renewed.model_trainers.meta_trainer | Ep [016/500] T-Acc:  68.8%  V-Acc:  71.4%  V-AUROC: 0.4000  LR: 1.00e-04
2026-06-29 22:04:02,164 | [DYN-LATENT] | INFO | meta_classifier_renewed.model_trainers.meta_trainer | Ep [017/500] T-Acc:  81.2%  V-Acc:  71.4%  V-AUROC: 0.4000  LR: 1.00e-04
2026-06-29 22:04:03,009 | [DYN-LATENT] | INFO | meta_classifier_renewed.model_trainers.meta_trainer | Ep [018/500] T-Acc:  75.0%  V-Acc:  42.9%  V-AUROC: 0.5000  LR: 1.00e-04
2026-06-29 22:04:04,087 | [DYN-LATENT] | INFO | meta_classifier_renewed.model_trainers.meta_trainer | Ep [019/500] T-Acc:  93.8%  V-Acc:  42.9%  V-AUROC: 0.5000  LR: 1.00e-04
2026-06-29 22:04:04,969 | [DYN-LATENT] | INFO | meta_classifier_renewed.model_trainers.meta_trainer | Ep [020/500] T-Acc:  93.8%  V-Acc:  28.6%  V-AUROC: 0.6000  LR: 1.00e-04
2026-06-29 22:04:05,941 | [DYN-LATENT] | INFO | meta_classifier_renewed.model_trainers.meta_trainer | Ep [021/500] T-Acc:  87.5%  V-Acc:  42.9%  V-AUROC: 0.6000  LR: 1.00e-04
2026-06-29 22:04:06,844 | [DYN-LATENT] | INFO | meta_classifier_renewed.model_trainers.meta_trainer | Ep [022/500] T-Acc:  87.5%  V-Acc:  57.1%  V-AUROC: 0.6000  LR: 1.00e-04
2026-06-29 22:04:07,765 | [DYN-LATENT] | INFO | meta_classifier_renewed.model_trainers.meta_trainer | Ep [023/500] T-Acc:  81.2%  V-Acc:  71.4%  V-AUROC: 0.6000  LR: 1.00e-04
2026-06-29 22:04:08,647 | [DYN-LATENT] | INFO | meta_classifier_renewed.model_trainers.meta_trainer | Ep [024/500] T-Acc:  87.5%  V-Acc:  71.4%  V-AUROC: 0.6000  LR: 1.00e-04
2026-06-29 22:04:09,565 | [DYN-LATENT] | INFO | meta_classifier_renewed.model_trainers.meta_trainer | Ep [025/500] T-Acc:  87.5%  V-Acc:  42.9%  V-AUROC: 0.6000  LR: 1.00e-04
2026-06-29 22:04:10,568 | [DYN-LATENT] | INFO | meta_classifier_renewed.model_trainers.meta_trainer | Ep [026/500] T-Acc:  93.8%  V-Acc:  42.9%  V-AUROC: 0.6000  LR: 1.00e-04
2026-06-29 22:04:11,460 | [DYN-LATENT] | INFO | meta_classifier_renewed.model_trainers.meta_trainer | Ep [027/500] T-Acc:  93.8%  V-Acc:  42.9%  V-AUROC: 0.6000  LR: 1.00e-04
2026-06-29 22:04:12,326 | [DYN-LATENT] | INFO | meta_classifier_renewed.model_trainers.meta_trainer | Ep [028/500] T-Acc:  87.5%  V-Acc:  57.1%  V-AUROC: 0.6000  LR: 1.00e-04
2026-06-29 22:04:13,168 | [DYN-LATENT] | INFO | meta_classifier_renewed.model_trainers.meta_trainer | Ep [029/500] T-Acc:  87.5%  V-Acc:  71.4%  V-AUROC: 0.6000  LR: 1.00e-04
2026-06-29 22:04:14,137 | [DYN-LATENT] | INFO | meta_classifier_renewed.model_trainers.meta_trainer | Ep [030/500] T-Acc:  81.2%  V-Acc:  57.1%  V-AUROC: 0.7000  LR: 1.00e-04
2026-06-29 22:04:15,235 | [DYN-LATENT] | INFO | meta_classifier_renewed.model_trainers.meta_trainer | Ep [031/500] T-Acc: 100.0%  V-Acc:  57.1%  V-AUROC: 0.7000  LR: 1.00e-04
2026-06-29 22:04:16,148 | [DYN-LATENT] | INFO | meta_classifier_renewed.model_trainers.meta_trainer | Ep [032/500] T-Acc:  93.8%  V-Acc:  71.4%  V-AUROC: 0.6000  LR: 1.00e-04
2026-06-29 22:04:17,072 | [DYN-LATENT] | INFO | meta_classifier_renewed.model_trainers.meta_trainer | Ep [033/500] T-Acc: 100.0%  V-Acc:  71.4%  V-AUROC: 0.6000  LR: 1.00e-04
2026-06-29 22:04:17,925 | [DYN-LATENT] | INFO | meta_classifier_renewed.model_trainers.meta_trainer | Ep [034/500] T-Acc: 100.0%  V-Acc:  57.1%  V-AUROC: 0.6000  LR: 1.00e-04
2026-06-29 22:04:18,776 | [DYN-LATENT] | INFO | meta_classifier_renewed.model_trainers.meta_trainer | Ep [035/500] T-Acc:  93.8%  V-Acc:  42.9%  V-AUROC: 0.6000  LR: 1.00e-04
2026-06-29 22:04:19,618 | [DYN-LATENT] | INFO | meta_classifier_renewed.model_trainers.meta_trainer | Ep [036/500] T-Acc: 100.0%  V-Acc:  42.9%  V-AUROC: 0.6000  LR: 1.00e-04
2026-06-29 22:04:20,488 | [DYN-LATENT] | INFO | meta_classifier_renewed.model_trainers.meta_trainer | Ep [037/500] T-Acc:  87.5%  V-Acc:  42.9%  V-AUROC: 0.6000  LR: 1.00e-04
2026-06-29 22:04:21,425 | [DYN-LATENT] | INFO | meta_classifier_renewed.model_trainers.meta_trainer | Ep [038/500] T-Acc:  93.8%  V-Acc:  42.9%  V-AUROC: 0.6000  LR: 1.00e-04
2026-06-29 22:04:22,318 | [DYN-LATENT] | INFO | meta_classifier_renewed.model_trainers.meta_trainer | Ep [039/500] T-Acc:  87.5%  V-Acc:  42.9%  V-AUROC: 0.6000  LR: 1.00e-04
2026-06-29 22:04:23,182 | [DYN-LATENT] | INFO | meta_classifier_renewed.model_trainers.meta_trainer | Ep [040/500] T-Acc:  93.8%  V-Acc:  57.1%  V-AUROC: 0.6000  LR: 1.00e-04
2026-06-29 22:04:24,029 | [DYN-LATENT] | INFO | meta_classifier_renewed.model_trainers.meta_trainer | Ep [041/500] T-Acc: 100.0%  V-Acc:  57.1%  V-AUROC: 0.6000  LR: 1.00e-04
2026-06-29 22:04:24,961 | [DYN-LATENT] | INFO | meta_classifier_renewed.model_trainers.meta_trainer | Ep [042/500] T-Acc: 100.0%  V-Acc:  57.1%  V-AUROC: 0.6000  LR: 2.00e-05
2026-06-29 22:04:25,845 | [DYN-LATENT] | INFO | meta_classifier_renewed.model_trainers.meta_trainer | Ep [043/500] T-Acc: 100.0%  V-Acc:  57.1%  V-AUROC: 0.6000  LR: 2.00e-05
2026-06-29 22:04:26,850 | [DYN-LATENT] | INFO | meta_classifier_renewed.model_trainers.meta_trainer | Ep [044/500] T-Acc: 100.0%  V-Acc:  57.1%  V-AUROC: 0.5000  LR: 2.00e-05
2026-06-29 22:04:27,698 | [DYN-LATENT] | INFO | meta_classifier_renewed.model_trainers.meta_trainer | Ep [045/500] T-Acc:  93.8%  V-Acc:  42.9%  V-AUROC: 0.5000  LR: 2.00e-05
2026-06-29 22:04:28,559 | [DYN-LATENT] | INFO | meta_classifier_renewed.model_trainers.meta_trainer | Ep [046/500] T-Acc: 100.0%  V-Acc:  57.1%  V-AUROC: 0.5000  LR: 2.00e-05
2026-06-29 22:04:29,410 | [DYN-LATENT] | INFO | meta_classifier_renewed.model_trainers.meta_trainer | Ep [047/500] T-Acc: 100.0%  V-Acc:  57.1%  V-AUROC: 0.5000  LR: 2.00e-05
2026-06-29 22:04:30,258 | [DYN-LATENT] | INFO | meta_classifier_renewed.model_trainers.meta_trainer | Ep [048/500] T-Acc: 100.0%  V-Acc:  42.9%  V-AUROC: 0.5000  LR: 2.00e-05
2026-06-29 22:04:31,140 | [DYN-LATENT] | INFO | meta_classifier_renewed.model_trainers.meta_trainer | Ep [049/500] T-Acc: 100.0%  V-Acc:  42.9%  V-AUROC: 0.5000  LR: 2.00e-05
2026-06-29 22:04:32,085 | [DYN-LATENT] | INFO | meta_classifier_renewed.model_trainers.meta_trainer | Ep [050/500] T-Acc: 100.0%  V-Acc:  42.9%  V-AUROC: 0.5000  LR: 2.00e-05
2026-06-29 22:04:32,992 | [DYN-LATENT] | INFO | meta_classifier_renewed.model_trainers.meta_trainer | Ep [051/500] T-Acc: 100.0%  V-Acc:  42.9%  V-AUROC: 0.5000  LR: 2.00e-05
2026-06-29 22:04:34,013 | [DYN-LATENT] | INFO | meta_classifier_renewed.model_trainers.meta_trainer | Ep [052/500] T-Acc: 100.0%  V-Acc:  42.9%  V-AUROC: 0.6000  LR: 2.00e-05
2026-06-29 22:04:34,863 | [DYN-LATENT] | INFO | meta_classifier_renewed.model_trainers.meta_trainer | Ep [053/500] T-Acc: 100.0%  V-Acc:  42.9%  V-AUROC: 0.6000  LR: 4.00e-06
2026-06-29 22:04:35,707 | [DYN-LATENT] | INFO | meta_classifier_renewed.model_trainers.meta_trainer | Ep [054/500] T-Acc: 100.0%  V-Acc:  42.9%  V-AUROC: 0.6000  LR: 4.00e-06
2026-06-29 22:04:36,557 | [DYN-LATENT] | INFO | meta_classifier_renewed.model_trainers.meta_trainer | Ep [055/500] T-Acc: 100.0%  V-Acc:  42.9%  V-AUROC: 0.6000  LR: 4.00e-06
2026-06-29 22:04:37,406 | [DYN-LATENT] | INFO | meta_classifier_renewed.model_trainers.meta_trainer | Ep [056/500] T-Acc: 100.0%  V-Acc:  42.9%  V-AUROC: 0.6000  LR: 4.00e-06
2026-06-29 22:04:38,337 | [DYN-LATENT] | INFO | meta_classifier_renewed.model_trainers.meta_trainer | Ep [057/500] T-Acc: 100.0%  V-Acc:  42.9%  V-AUROC: 0.6000  LR: 4.00e-06
2026-06-29 22:04:39,179 | [DYN-LATENT] | INFO | meta_classifier_renewed.model_trainers.meta_trainer | Ep [058/500] T-Acc: 100.0%  V-Acc:  42.9%  V-AUROC: 0.6000  LR: 4.00e-06
2026-06-29 22:04:40,044 | [DYN-LATENT] | INFO | meta_classifier_renewed.model_trainers.meta_trainer | Ep [059/500] T-Acc:  93.8%  V-Acc:  42.9%  V-AUROC: 0.6000  LR: 4.00e-06
2026-06-29 22:04:40,938 | [DYN-LATENT] | INFO | meta_classifier_renewed.model_trainers.meta_trainer | Ep [060/500] T-Acc: 100.0%  V-Acc:  42.9%  V-AUROC: 0.6000  LR: 4.00e-06
2026-06-29 22:04:40,938 | [DYN-LATENT] | INFO | meta_classifier_renewed.model_trainers.meta_trainer | Early stop — best AUROC 0.7000 at epoch 30
2026-06-29 22:04:41,460 | [DYN-LATENT] | INFO | meta_classifier_renewed.evaluators.monte_carlo_evaluator | -> Fold 05 Result | Acc=0.571 Sens=1.000 Spec=0.400 AUROC=0.700
2026-06-29 22:04:41,653 | [DYN-LATENT] | INFO | meta_classifier_renewed.evaluators.monte_carlo_evaluator | === Fold 06/30 | train: 16 subj | test: 7 subj ===
2026-06-29 22:04:42,714 | [DYN-LATENT] | INFO | meta_classifier_renewed.model_trainers.meta_trainer | Ep [001/500] T-Acc:  31.2%  V-Acc:  71.4%  V-AUROC: 1.0000  LR: 2.00e-05
2026-06-29 22:04:43,850 | [DYN-LATENT] | INFO | meta_classifier_renewed.model_trainers.meta_trainer | Ep [002/500] T-Acc:  31.2%  V-Acc:  71.4%  V-AUROC: 1.0000  LR: 4.00e-05
2026-06-29 22:04:45,003 | [DYN-LATENT] | INFO | meta_classifier_renewed.model_trainers.meta_trainer | Ep [003/500] T-Acc:  68.8%  V-Acc: 100.0%  V-AUROC: 1.0000  LR: 6.00e-05
2026-06-29 22:04:45,859 | [DYN-LATENT] | INFO | meta_classifier_renewed.model_trainers.meta_trainer | Ep [004/500] T-Acc:  50.0%  V-Acc:  57.1%  V-AUROC: 1.0000  LR: 8.00e-05
2026-06-29 22:04:46,758 | [DYN-LATENT] | INFO | meta_classifier_renewed.model_trainers.meta_trainer | Ep [005/500] T-Acc:  56.2%  V-Acc:  57.1%  V-AUROC: 1.0000  LR: 1.00e-04
2026-06-29 22:04:47,621 | [DYN-LATENT] | INFO | meta_classifier_renewed.model_trainers.meta_trainer | Ep [006/500] T-Acc:  62.5%  V-Acc: 100.0%  V-AUROC: 1.0000  LR: 1.00e-04
2026-06-29 22:04:48,554 | [DYN-LATENT] | INFO | meta_classifier_renewed.model_trainers.meta_trainer | Ep [007/500] T-Acc:  75.0%  V-Acc: 100.0%  V-AUROC: 1.0000  LR: 1.00e-04
2026-06-29 22:04:49,410 | [DYN-LATENT] | INFO | meta_classifier_renewed.model_trainers.meta_trainer | Ep [008/500] T-Acc:  50.0%  V-Acc: 100.0%  V-AUROC: 1.0000  LR: 1.00e-04
2026-06-29 22:04:50,258 | [DYN-LATENT] | INFO | meta_classifier_renewed.model_trainers.meta_trainer | Ep [009/500] T-Acc:  37.5%  V-Acc:  71.4%  V-AUROC: 1.0000  LR: 1.00e-04
2026-06-29 22:04:51,191 | [DYN-LATENT] | INFO | meta_classifier_renewed.model_trainers.meta_trainer | Ep [010/500] T-Acc:  56.2%  V-Acc:  42.9%  V-AUROC: 1.0000  LR: 1.00e-04
2026-06-29 22:04:52,041 | [DYN-LATENT] | INFO | meta_classifier_renewed.model_trainers.meta_trainer | Ep [011/500] T-Acc:  56.2%  V-Acc:  42.9%  V-AUROC: 1.0000  LR: 1.00e-04
2026-06-29 22:04:53,032 | [DYN-LATENT] | INFO | meta_classifier_renewed.model_trainers.meta_trainer | Ep [012/500] T-Acc:  75.0%  V-Acc:  57.1%  V-AUROC: 1.0000  LR: 1.00e-04
2026-06-29 22:04:53,892 | [DYN-LATENT] | INFO | meta_classifier_renewed.model_trainers.meta_trainer | Ep [013/500] T-Acc:  87.5%  V-Acc:  71.4%  V-AUROC: 1.0000  LR: 1.00e-04
2026-06-29 22:04:54,751 | [DYN-LATENT] | INFO | meta_classifier_renewed.model_trainers.meta_trainer | Ep [014/500] T-Acc:  68.8%  V-Acc:  85.7%  V-AUROC: 1.0000  LR: 1.00e-04
2026-06-29 22:04:55,983 | [DYN-LATENT] | INFO | meta_classifier_renewed.model_trainers.meta_trainer | Ep [015/500] T-Acc:  62.5%  V-Acc:  85.7%  V-AUROC: 1.0000  LR: 1.00e-04
2026-06-29 22:04:56,893 | [DYN-LATENT] | INFO | meta_classifier_renewed.model_trainers.meta_trainer | Ep [016/500] T-Acc:  62.5%  V-Acc:  71.4%  V-AUROC: 1.0000  LR: 1.00e-04
2026-06-29 22:04:57,770 | [DYN-LATENT] | INFO | meta_classifier_renewed.model_trainers.meta_trainer | Ep [017/500] T-Acc:  87.5%  V-Acc:  57.1%  V-AUROC: 0.9000  LR: 1.00e-04
2026-06-29 22:04:58,644 | [DYN-LATENT] | INFO | meta_classifier_renewed.model_trainers.meta_trainer | Ep [018/500] T-Acc:  93.8%  V-Acc:  57.1%  V-AUROC: 0.9000  LR: 2.00e-05
2026-06-29 22:04:59,578 | [DYN-LATENT] | INFO | meta_classifier_renewed.model_trainers.meta_trainer | Ep [019/500] T-Acc:  75.0%  V-Acc:  57.1%  V-AUROC: 0.9000  LR: 2.00e-05
2026-06-29 22:05:00,432 | [DYN-LATENT] | INFO | meta_classifier_renewed.model_trainers.meta_trainer | Ep [020/500] T-Acc:  93.8%  V-Acc:  57.1%  V-AUROC: 0.8000  LR: 2.00e-05
2026-06-29 22:05:01,423 | [DYN-LATENT] | INFO | meta_classifier_renewed.model_trainers.meta_trainer | Ep [021/500] T-Acc:  68.8%  V-Acc:  57.1%  V-AUROC: 0.8000  LR: 2.00e-05
2026-06-29 22:05:02,362 | [DYN-LATENT] | INFO | meta_classifier_renewed.model_trainers.meta_trainer | Ep [022/500] T-Acc:  93.8%  V-Acc:  57.1%  V-AUROC: 0.8000  LR: 2.00e-05
2026-06-29 22:05:03,211 | [DYN-LATENT] | INFO | meta_classifier_renewed.model_trainers.meta_trainer | Ep [023/500] T-Acc:  62.5%  V-Acc:  71.4%  V-AUROC: 0.8000  LR: 2.00e-05
2026-06-29 22:05:04,132 | [DYN-LATENT] | INFO | meta_classifier_renewed.model_trainers.meta_trainer | Ep [024/500] T-Acc:  81.2%  V-Acc:  71.4%  V-AUROC: 0.8000  LR: 2.00e-05
2026-06-29 22:05:04,980 | [DYN-LATENT] | INFO | meta_classifier_renewed.model_trainers.meta_trainer | Ep [025/500] T-Acc:  68.8%  V-Acc:  71.4%  V-AUROC: 0.8000  LR: 2.00e-05
2026-06-29 22:05:05,831 | [DYN-LATENT] | INFO | meta_classifier_renewed.model_trainers.meta_trainer | Ep [026/500] T-Acc:  87.5%  V-Acc:  85.7%  V-AUROC: 0.8000  LR: 2.00e-05
2026-06-29 22:05:06,789 | [DYN-LATENT] | INFO | meta_classifier_renewed.model_trainers.meta_trainer | Ep [027/500] T-Acc:  81.2%  V-Acc:  85.7%  V-AUROC: 0.8000  LR: 2.00e-05
2026-06-29 22:05:07,672 | [DYN-LATENT] | INFO | meta_classifier_renewed.model_trainers.meta_trainer | Ep [028/500] T-Acc:  87.5%  V-Acc:  85.7%  V-AUROC: 0.8000  LR: 2.00e-05
2026-06-29 22:05:08,606 | [DYN-LATENT] | INFO | meta_classifier_renewed.model_trainers.meta_trainer | Ep [029/500] T-Acc:  81.2%  V-Acc:  85.7%  V-AUROC: 0.8000  LR: 4.00e-06
2026-06-29 22:05:09,454 | [DYN-LATENT] | INFO | meta_classifier_renewed.model_trainers.meta_trainer | Ep [030/500] T-Acc:  87.5%  V-Acc:  85.7%  V-AUROC: 0.8000  LR: 4.00e-06
2026-06-29 22:05:10,337 | [DYN-LATENT] | INFO | meta_classifier_renewed.model_trainers.meta_trainer | Ep [031/500] T-Acc:  75.0%  V-Acc:  85.7%  V-AUROC: 0.8000  LR: 4.00e-06
2026-06-29 22:05:10,337 | [DYN-LATENT] | INFO | meta_classifier_renewed.model_trainers.meta_trainer | Early stop — best AUROC 1.0000 at epoch 1
2026-06-29 22:05:10,900 | [DYN-LATENT] | INFO | meta_classifier_renewed.evaluators.monte_carlo_evaluator | -> Fold 06 Result | Acc=0.714 Sens=1.000 Spec=0.000 AUROC=1.000
2026-06-29 22:05:11,135 | [DYN-LATENT] | INFO | meta_classifier_renewed.evaluators.monte_carlo_evaluator | === Fold 07/30 | train: 16 subj | test: 7 subj ===
2026-06-29 22:05:12,544 | [DYN-LATENT] | INFO | meta_classifier_renewed.model_trainers.meta_trainer | Ep [001/500] T-Acc:  43.8%  V-Acc:  42.9%  V-AUROC: 0.5833  LR: 2.00e-05
2026-06-29 22:05:13,493 | [DYN-LATENT] | INFO | meta_classifier_renewed.model_trainers.meta_trainer | Ep [002/500] T-Acc:  37.5%  V-Acc:  42.9%  V-AUROC: 0.5833  LR: 4.00e-05
2026-06-29 22:05:14,548 | [DYN-LATENT] | INFO | meta_classifier_renewed.model_trainers.meta_trainer | Ep [003/500] T-Acc:  37.5%  V-Acc:  42.9%  V-AUROC: 0.4167  LR: 6.00e-05
2026-06-29 22:05:15,441 | [DYN-LATENT] | INFO | meta_classifier_renewed.model_trainers.meta_trainer | Ep [004/500] T-Acc:  50.0%  V-Acc:  57.1%  V-AUROC: 0.4167  LR: 8.00e-05
2026-06-29 22:05:16,334 | [DYN-LATENT] | INFO | meta_classifier_renewed.model_trainers.meta_trainer | Ep [005/500] T-Acc:  50.0%  V-Acc:  57.1%  V-AUROC: 0.4167  LR: 1.00e-04
2026-06-29 22:05:17,196 | [DYN-LATENT] | INFO | meta_classifier_renewed.model_trainers.meta_trainer | Ep [006/500] T-Acc:  62.5%  V-Acc:  57.1%  V-AUROC: 0.4167  LR: 1.00e-04
2026-06-29 22:05:18,088 | [DYN-LATENT] | INFO | meta_classifier_renewed.model_trainers.meta_trainer | Ep [007/500] T-Acc:  56.2%  V-Acc:  57.1%  V-AUROC: 0.4167  LR: 1.00e-04
2026-06-29 22:05:19,019 | [DYN-LATENT] | INFO | meta_classifier_renewed.model_trainers.meta_trainer | Ep [008/500] T-Acc:  43.8%  V-Acc:  42.9%  V-AUROC: 0.4167  LR: 1.00e-04
2026-06-29 22:05:19,885 | [DYN-LATENT] | INFO | meta_classifier_renewed.model_trainers.meta_trainer | Ep [009/500] T-Acc:  68.8%  V-Acc:  28.6%  V-AUROC: 0.4167  LR: 1.00e-04
2026-06-29 22:05:20,749 | [DYN-LATENT] | INFO | meta_classifier_renewed.model_trainers.meta_trainer | Ep [010/500] T-Acc:  75.0%  V-Acc:  42.9%  V-AUROC: 0.4167  LR: 1.00e-04
2026-06-29 22:05:21,636 | [DYN-LATENT] | INFO | meta_classifier_renewed.model_trainers.meta_trainer | Ep [011/500] T-Acc:  50.0%  V-Acc:  42.9%  V-AUROC: 0.4167  LR: 1.00e-04
2026-06-29 22:05:22,535 | [DYN-LATENT] | INFO | meta_classifier_renewed.model_trainers.meta_trainer | Ep [012/500] T-Acc:  56.2%  V-Acc:  42.9%  V-AUROC: 0.4167  LR: 1.00e-04
2026-06-29 22:05:23,386 | [DYN-LATENT] | INFO | meta_classifier_renewed.model_trainers.meta_trainer | Ep [013/500] T-Acc:  87.5%  V-Acc:  42.9%  V-AUROC: 0.3333  LR: 1.00e-04
2026-06-29 22:05:24,250 | [DYN-LATENT] | INFO | meta_classifier_renewed.model_trainers.meta_trainer | Ep [014/500] T-Acc:  87.5%  V-Acc:  42.9%  V-AUROC: 0.3333  LR: 1.00e-04
2026-06-29 22:05:25,100 | [DYN-LATENT] | INFO | meta_classifier_renewed.model_trainers.meta_trainer | Ep [015/500] T-Acc:  68.8%  V-Acc:  57.1%  V-AUROC: 0.3333  LR: 1.00e-04
2026-06-29 22:05:26,267 | [DYN-LATENT] | INFO | meta_classifier_renewed.model_trainers.meta_trainer | Ep [016/500] T-Acc:  75.0%  V-Acc:  42.9%  V-AUROC: 0.3333  LR: 1.00e-04
2026-06-29 22:05:27,133 | [DYN-LATENT] | INFO | meta_classifier_renewed.model_trainers.meta_trainer | Ep [017/500] T-Acc:  81.2%  V-Acc:  42.9%  V-AUROC: 0.4167  LR: 1.00e-04
2026-06-29 22:05:28,029 | [DYN-LATENT] | INFO | meta_classifier_renewed.model_trainers.meta_trainer | Ep [018/500] T-Acc:  87.5%  V-Acc:  28.6%  V-AUROC: 0.4167  LR: 2.00e-05
2026-06-29 22:05:28,903 | [DYN-LATENT] | INFO | meta_classifier_renewed.model_trainers.meta_trainer | Ep [019/500] T-Acc:  93.8%  V-Acc:  42.9%  V-AUROC: 0.4167  LR: 2.00e-05
2026-06-29 22:05:29,780 | [DYN-LATENT] | INFO | meta_classifier_renewed.model_trainers.meta_trainer | Ep [020/500] T-Acc:  87.5%  V-Acc:  42.9%  V-AUROC: 0.4167  LR: 2.00e-05
2026-06-29 22:05:30,650 | [DYN-LATENT] | INFO | meta_classifier_renewed.model_trainers.meta_trainer | Ep [021/500] T-Acc:  81.2%  V-Acc:  42.9%  V-AUROC: 0.5000  LR: 2.00e-05
2026-06-29 22:05:31,504 | [DYN-LATENT] | INFO | meta_classifier_renewed.model_trainers.meta_trainer | Ep [022/500] T-Acc:  75.0%  V-Acc:  42.9%  V-AUROC: 0.5833  LR: 2.00e-05
2026-06-29 22:05:32,361 | [DYN-LATENT] | INFO | meta_classifier_renewed.model_trainers.meta_trainer | Ep [023/500] T-Acc:  87.5%  V-Acc:  42.9%  V-AUROC: 0.4167  LR: 2.00e-05
2026-06-29 22:05:33,216 | [DYN-LATENT] | INFO | meta_classifier_renewed.model_trainers.meta_trainer | Ep [024/500] T-Acc:  93.8%  V-Acc:  42.9%  V-AUROC: 0.4167  LR: 2.00e-05
2026-06-29 22:05:34,141 | [DYN-LATENT] | INFO | meta_classifier_renewed.model_trainers.meta_trainer | Ep [025/500] T-Acc:  87.5%  V-Acc:  42.9%  V-AUROC: 0.4167  LR: 2.00e-05
2026-06-29 22:05:34,995 | [DYN-LATENT] | INFO | meta_classifier_renewed.model_trainers.meta_trainer | Ep [026/500] T-Acc:  93.8%  V-Acc:  42.9%  V-AUROC: 0.5000  LR: 2.00e-05
2026-06-29 22:05:35,841 | [DYN-LATENT] | INFO | meta_classifier_renewed.model_trainers.meta_trainer | Ep [027/500] T-Acc:  87.5%  V-Acc:  57.1%  V-AUROC: 0.5000  LR: 2.00e-05
2026-06-29 22:05:36,697 | [DYN-LATENT] | INFO | meta_classifier_renewed.model_trainers.meta_trainer | Ep [028/500] T-Acc:  87.5%  V-Acc:  57.1%  V-AUROC: 0.5000  LR: 2.00e-05
2026-06-29 22:05:37,552 | [DYN-LATENT] | INFO | meta_classifier_renewed.model_trainers.meta_trainer | Ep [029/500] T-Acc:  93.8%  V-Acc:  57.1%  V-AUROC: 0.5000  LR: 2.00e-05
2026-06-29 22:05:38,674 | [DYN-LATENT] | INFO | meta_classifier_renewed.model_trainers.meta_trainer | Ep [030/500] T-Acc:  93.8%  V-Acc:  57.1%  V-AUROC: 0.5000  LR: 2.00e-05
2026-06-29 22:05:39,536 | [DYN-LATENT] | INFO | meta_classifier_renewed.model_trainers.meta_trainer | Ep [031/500] T-Acc:  93.8%  V-Acc:  57.1%  V-AUROC: 0.5000  LR: 2.00e-05
2026-06-29 22:05:39,536 | [DYN-LATENT] | INFO | meta_classifier_renewed.model_trainers.meta_trainer | Early stop — best AUROC 0.5833 at epoch 1
2026-06-29 22:05:40,297 | [DYN-LATENT] | INFO | meta_classifier_renewed.evaluators.monte_carlo_evaluator | -> Fold 07 Result | Acc=0.429 Sens=1.000 Spec=0.000 AUROC=0.583
2026-06-29 22:05:40,584 | [DYN-LATENT] | INFO | meta_classifier_renewed.evaluators.monte_carlo_evaluator | === Fold 08/30 | train: 16 subj | test: 7 subj ===
2026-06-29 22:05:41,737 | [DYN-LATENT] | INFO | meta_classifier_renewed.model_trainers.meta_trainer | Ep [001/500] T-Acc:  50.0%  V-Acc:  57.1%  V-AUROC: 0.6667  LR: 2.00e-05
2026-06-29 22:05:42,730 | [DYN-LATENT] | INFO | meta_classifier_renewed.model_trainers.meta_trainer | Ep [002/500] T-Acc:  56.2%  V-Acc:  57.1%  V-AUROC: 0.6667  LR: 4.00e-05
2026-06-29 22:05:43,586 | [DYN-LATENT] | INFO | meta_classifier_renewed.model_trainers.meta_trainer | Ep [003/500] T-Acc:  50.0%  V-Acc:  57.1%  V-AUROC: 0.6667  LR: 6.00e-05
2026-06-29 22:05:44,438 | [DYN-LATENT] | INFO | meta_classifier_renewed.model_trainers.meta_trainer | Ep [004/500] T-Acc:  56.2%  V-Acc:  57.1%  V-AUROC: 0.4167  LR: 8.00e-05
2026-06-29 22:05:45,285 | [DYN-LATENT] | INFO | meta_classifier_renewed.model_trainers.meta_trainer | Ep [005/500] T-Acc:  68.8%  V-Acc:  14.3%  V-AUROC: 0.3333  LR: 1.00e-04
2026-06-29 22:05:46,338 | [DYN-LATENT] | INFO | meta_classifier_renewed.model_trainers.meta_trainer | Ep [006/500] T-Acc:  87.5%  V-Acc:  42.9%  V-AUROC: 0.3333  LR: 1.00e-04
2026-06-29 22:05:47,254 | [DYN-LATENT] | INFO | meta_classifier_renewed.model_trainers.meta_trainer | Ep [007/500] T-Acc:  62.5%  V-Acc:  42.9%  V-AUROC: 0.4167  LR: 1.00e-04
2026-06-29 22:05:48,129 | [DYN-LATENT] | INFO | meta_classifier_renewed.model_trainers.meta_trainer | Ep [008/500] T-Acc:  43.8%  V-Acc:  42.9%  V-AUROC: 0.4167  LR: 1.00e-04
2026-06-29 22:05:48,986 | [DYN-LATENT] | INFO | meta_classifier_renewed.model_trainers.meta_trainer | Ep [009/500] T-Acc:  56.2%  V-Acc:  42.9%  V-AUROC: 0.4167  LR: 1.00e-04
2026-06-29 22:05:49,933 | [DYN-LATENT] | INFO | meta_classifier_renewed.model_trainers.meta_trainer | Ep [010/500] T-Acc:  75.0%  V-Acc:  57.1%  V-AUROC: 0.4167  LR: 1.00e-04
2026-06-29 22:05:50,810 | [DYN-LATENT] | INFO | meta_classifier_renewed.model_trainers.meta_trainer | Ep [011/500] T-Acc:  75.0%  V-Acc:  57.1%  V-AUROC: 0.4167  LR: 1.00e-04
2026-06-29 22:05:51,680 | [DYN-LATENT] | INFO | meta_classifier_renewed.model_trainers.meta_trainer | Ep [012/500] T-Acc:  81.2%  V-Acc:  42.9%  V-AUROC: 0.5000  LR: 1.00e-04
2026-06-29 22:05:52,548 | [DYN-LATENT] | INFO | meta_classifier_renewed.model_trainers.meta_trainer | Ep [013/500] T-Acc:  62.5%  V-Acc:  42.9%  V-AUROC: 0.5000  LR: 1.00e-04
2026-06-29 22:05:53,407 | [DYN-LATENT] | INFO | meta_classifier_renewed.model_trainers.meta_trainer | Ep [014/500] T-Acc:  75.0%  V-Acc:  42.9%  V-AUROC: 0.5000  LR: 1.00e-04
2026-06-29 22:05:54,258 | [DYN-LATENT] | INFO | meta_classifier_renewed.model_trainers.meta_trainer | Ep [015/500] T-Acc:  75.0%  V-Acc:  42.9%  V-AUROC: 0.4167  LR: 1.00e-04
2026-06-29 22:05:55,111 | [DYN-LATENT] | INFO | meta_classifier_renewed.model_trainers.meta_trainer | Ep [016/500] T-Acc:  75.0%  V-Acc:  42.9%  V-AUROC: 0.4167  LR: 1.00e-04
2026-06-29 22:05:56,067 | [DYN-LATENT] | INFO | meta_classifier_renewed.model_trainers.meta_trainer | Ep [017/500] T-Acc:  87.5%  V-Acc:  42.9%  V-AUROC: 0.5000  LR: 1.00e-04
2026-06-29 22:05:56,965 | [DYN-LATENT] | INFO | meta_classifier_renewed.model_trainers.meta_trainer | Ep [018/500] T-Acc:  93.8%  V-Acc:  42.9%  V-AUROC: 0.5833  LR: 1.00e-04
2026-06-29 22:05:57,848 | [DYN-LATENT] | INFO | meta_classifier_renewed.model_trainers.meta_trainer | Ep [019/500] T-Acc:  81.2%  V-Acc:  42.9%  V-AUROC: 0.5833  LR: 1.00e-04
2026-06-29 22:05:58,699 | [DYN-LATENT] | INFO | meta_classifier_renewed.model_trainers.meta_trainer | Ep [020/500] T-Acc:  81.2%  V-Acc:  42.9%  V-AUROC: 0.5000  LR: 1.00e-04
2026-06-29 22:05:59,555 | [DYN-LATENT] | INFO | meta_classifier_renewed.model_trainers.meta_trainer | Ep [021/500] T-Acc:  93.8%  V-Acc:  42.9%  V-AUROC: 0.5000  LR: 1.00e-04
2026-06-29 22:06:00,409 | [DYN-LATENT] | INFO | meta_classifier_renewed.model_trainers.meta_trainer | Ep [022/500] T-Acc:  93.8%  V-Acc:  42.9%  V-AUROC: 0.4167  LR: 1.00e-04
2026-06-29 22:06:01,290 | [DYN-LATENT] | INFO | meta_classifier_renewed.model_trainers.meta_trainer | Ep [023/500] T-Acc:  93.8%  V-Acc:  42.9%  V-AUROC: 0.4167  LR: 1.00e-04
2026-06-29 22:06:02,369 | [DYN-LATENT] | INFO | meta_classifier_renewed.model_trainers.meta_trainer | Ep [024/500] T-Acc:  87.5%  V-Acc:  42.9%  V-AUROC: 0.3333  LR: 1.00e-04
2026-06-29 22:06:03,228 | [DYN-LATENT] | INFO | meta_classifier_renewed.model_trainers.meta_trainer | Ep [025/500] T-Acc:  93.8%  V-Acc:  42.9%  V-AUROC: 0.3333  LR: 1.00e-04
2026-06-29 22:06:04,092 | [DYN-LATENT] | INFO | meta_classifier_renewed.model_trainers.meta_trainer | Ep [026/500] T-Acc:  93.8%  V-Acc:  42.9%  V-AUROC: 0.5000  LR: 1.00e-04
2026-06-29 22:06:04,946 | [DYN-LATENT] | INFO | meta_classifier_renewed.model_trainers.meta_trainer | Ep [027/500] T-Acc:  87.5%  V-Acc:  42.9%  V-AUROC: 0.5000  LR: 1.00e-04
2026-06-29 22:06:05,807 | [DYN-LATENT] | INFO | meta_classifier_renewed.model_trainers.meta_trainer | Ep [028/500] T-Acc:  87.5%  V-Acc:  42.9%  V-AUROC: 0.5000  LR: 1.00e-04
2026-06-29 22:06:06,680 | [DYN-LATENT] | INFO | meta_classifier_renewed.model_trainers.meta_trainer | Ep [029/500] T-Acc:  93.8%  V-Acc:  42.9%  V-AUROC: 0.5000  LR: 1.00e-04
2026-06-29 22:06:07,569 | [DYN-LATENT] | INFO | meta_classifier_renewed.model_trainers.meta_trainer | Ep [030/500] T-Acc:  87.5%  V-Acc:  42.9%  V-AUROC: 0.5000  LR: 2.00e-05
2026-06-29 22:06:08,477 | [DYN-LATENT] | INFO | meta_classifier_renewed.model_trainers.meta_trainer | Ep [031/500] T-Acc: 100.0%  V-Acc:  42.9%  V-AUROC: 0.5000  LR: 2.00e-05
2026-06-29 22:06:08,478 | [DYN-LATENT] | INFO | meta_classifier_renewed.model_trainers.meta_trainer | Early stop — best AUROC 0.6667 at epoch 1
2026-06-29 22:06:08,947 | [DYN-LATENT] | INFO | meta_classifier_renewed.evaluators.monte_carlo_evaluator | -> Fold 08 Result | Acc=0.571 Sens=0.000 Spec=1.000 AUROC=0.667
2026-06-29 22:06:09,190 | [DYN-LATENT] | INFO | meta_classifier_renewed.evaluators.monte_carlo_evaluator | === Fold 09/30 | train: 16 subj | test: 7 subj ===
2026-06-29 22:06:10,611 | [DYN-LATENT] | INFO | meta_classifier_renewed.model_trainers.meta_trainer | Ep [001/500] T-Acc:  43.8%  V-Acc:  57.1%  V-AUROC: 0.8333  LR: 2.00e-05
2026-06-29 22:06:11,638 | [DYN-LATENT] | INFO | meta_classifier_renewed.model_trainers.meta_trainer | Ep [002/500] T-Acc:  43.8%  V-Acc:  57.1%  V-AUROC: 0.8333  LR: 4.00e-05
2026-06-29 22:06:12,503 | [DYN-LATENT] | INFO | meta_classifier_renewed.model_trainers.meta_trainer | Ep [003/500] T-Acc:  50.0%  V-Acc:  42.9%  V-AUROC: 0.2500  LR: 6.00e-05
2026-06-29 22:06:13,361 | [DYN-LATENT] | INFO | meta_classifier_renewed.model_trainers.meta_trainer | Ep [004/500] T-Acc:  50.0%  V-Acc:  42.9%  V-AUROC: 0.1667  LR: 8.00e-05
2026-06-29 22:06:14,221 | [DYN-LATENT] | INFO | meta_classifier_renewed.model_trainers.meta_trainer | Ep [005/500] T-Acc:  62.5%  V-Acc:  14.3%  V-AUROC: 0.0833  LR: 1.00e-04
2026-06-29 22:06:15,101 | [DYN-LATENT] | INFO | meta_classifier_renewed.model_trainers.meta_trainer | Ep [006/500] T-Acc:  68.8%  V-Acc:  14.3%  V-AUROC: 0.0833  LR: 1.00e-04
2026-06-29 22:06:16,024 | [DYN-LATENT] | INFO | meta_classifier_renewed.model_trainers.meta_trainer | Ep [007/500] T-Acc:  62.5%  V-Acc:  28.6%  V-AUROC: 0.0833  LR: 1.00e-04
2026-06-29 22:06:16,906 | [DYN-LATENT] | INFO | meta_classifier_renewed.model_trainers.meta_trainer | Ep [008/500] T-Acc:  81.2%  V-Acc:  14.3%  V-AUROC: 0.0833  LR: 1.00e-04
2026-06-29 22:06:17,757 | [DYN-LATENT] | INFO | meta_classifier_renewed.model_trainers.meta_trainer | Ep [009/500] T-Acc:  87.5%  V-Acc:  28.6%  V-AUROC: 0.0833  LR: 1.00e-04
2026-06-29 22:06:18,612 | [DYN-LATENT] | INFO | meta_classifier_renewed.model_trainers.meta_trainer | Ep [010/500] T-Acc:  81.2%  V-Acc:  28.6%  V-AUROC: 0.0833  LR: 1.00e-04
2026-06-29 22:06:19,473 | [DYN-LATENT] | INFO | meta_classifier_renewed.model_trainers.meta_trainer | Ep [011/500] T-Acc:  62.5%  V-Acc:  28.6%  V-AUROC: 0.0833  LR: 1.00e-04
2026-06-29 22:06:20,340 | [DYN-LATENT] | INFO | meta_classifier_renewed.model_trainers.meta_trainer | Ep [012/500] T-Acc:  68.8%  V-Acc:  28.6%  V-AUROC: 0.0833  LR: 1.00e-04
2026-06-29 22:06:21,198 | [DYN-LATENT] | INFO | meta_classifier_renewed.model_trainers.meta_trainer | Ep [013/500] T-Acc:  81.2%  V-Acc:  14.3%  V-AUROC: 0.0833  LR: 1.00e-04
2026-06-29 22:06:22,051 | [DYN-LATENT] | INFO | meta_classifier_renewed.model_trainers.meta_trainer | Ep [014/500] T-Acc:  75.0%  V-Acc:  28.6%  V-AUROC: 0.1667  LR: 1.00e-04
2026-06-29 22:06:22,906 | [DYN-LATENT] | INFO | meta_classifier_renewed.model_trainers.meta_trainer | Ep [015/500] T-Acc:  81.2%  V-Acc:  14.3%  V-AUROC: 0.1667  LR: 1.00e-04
2026-06-29 22:06:23,759 | [DYN-LATENT] | INFO | meta_classifier_renewed.model_trainers.meta_trainer | Ep [016/500] T-Acc:  75.0%  V-Acc:  28.6%  V-AUROC: 0.1667  LR: 1.00e-04
2026-06-29 22:06:24,641 | [DYN-LATENT] | INFO | meta_classifier_renewed.model_trainers.meta_trainer | Ep [017/500] T-Acc:  68.8%  V-Acc:  42.9%  V-AUROC: 0.1667  LR: 1.00e-04
2026-06-29 22:06:25,570 | [DYN-LATENT] | INFO | meta_classifier_renewed.model_trainers.meta_trainer | Ep [018/500] T-Acc:  75.0%  V-Acc:  28.6%  V-AUROC: 0.1667  LR: 1.00e-04
2026-06-29 22:06:26,512 | [DYN-LATENT] | INFO | meta_classifier_renewed.model_trainers.meta_trainer | Ep [019/500] T-Acc:  75.0%  V-Acc:  28.6%  V-AUROC: 0.1667  LR: 1.00e-04
2026-06-29 22:06:27,392 | [DYN-LATENT] | INFO | meta_classifier_renewed.model_trainers.meta_trainer | Ep [020/500] T-Acc:  93.8%  V-Acc:  28.6%  V-AUROC: 0.1667  LR: 1.00e-04
2026-06-29 22:06:28,295 | [DYN-LATENT] | INFO | meta_classifier_renewed.model_trainers.meta_trainer | Ep [021/500] T-Acc:  87.5%  V-Acc:  28.6%  V-AUROC: 0.1667  LR: 1.00e-04
2026-06-29 22:06:29,195 | [DYN-LATENT] | INFO | meta_classifier_renewed.model_trainers.meta_trainer | Ep [022/500] T-Acc:  75.0%  V-Acc:  28.6%  V-AUROC: 0.1667  LR: 1.00e-04
2026-06-29 22:06:30,091 | [DYN-LATENT] | INFO | meta_classifier_renewed.model_trainers.meta_trainer | Ep [023/500] T-Acc:  87.5%  V-Acc:  14.3%  V-AUROC: 0.1667  LR: 1.00e-04
2026-06-29 22:06:30,946 | [DYN-LATENT] | INFO | meta_classifier_renewed.model_trainers.meta_trainer | Ep [024/500] T-Acc:  87.5%  V-Acc:  14.3%  V-AUROC: 0.1667  LR: 1.00e-04
2026-06-29 22:06:31,835 | [DYN-LATENT] | INFO | meta_classifier_renewed.model_trainers.meta_trainer | Ep [025/500] T-Acc:  93.8%  V-Acc:  14.3%  V-AUROC: 0.1667  LR: 1.00e-04
2026-06-29 22:06:32,692 | [DYN-LATENT] | INFO | meta_classifier_renewed.model_trainers.meta_trainer | Ep [026/500] T-Acc:  93.8%  V-Acc:  14.3%  V-AUROC: 0.1667  LR: 2.00e-05
2026-06-29 22:06:33,584 | [DYN-LATENT] | INFO | meta_classifier_renewed.model_trainers.meta_trainer | Ep [027/500] T-Acc:  93.8%  V-Acc:  14.3%  V-AUROC: 0.1667  LR: 2.00e-05
2026-06-29 22:06:34,474 | [DYN-LATENT] | INFO | meta_classifier_renewed.model_trainers.meta_trainer | Ep [028/500] T-Acc:  93.8%  V-Acc:  14.3%  V-AUROC: 0.2500  LR: 2.00e-05
2026-06-29 22:06:35,436 | [DYN-LATENT] | INFO | meta_classifier_renewed.model_trainers.meta_trainer | Ep [029/500] T-Acc: 100.0%  V-Acc:  28.6%  V-AUROC: 0.2500  LR: 2.00e-05
2026-06-29 22:06:36,362 | [DYN-LATENT] | INFO | meta_classifier_renewed.model_trainers.meta_trainer | Ep [030/500] T-Acc: 100.0%  V-Acc:  28.6%  V-AUROC: 0.2500  LR: 2.00e-05
2026-06-29 22:06:37,213 | [DYN-LATENT] | INFO | meta_classifier_renewed.model_trainers.meta_trainer | Ep [031/500] T-Acc:  93.8%  V-Acc:  28.6%  V-AUROC: 0.2500  LR: 2.00e-05
2026-06-29 22:06:37,214 | [DYN-LATENT] | INFO | meta_classifier_renewed.model_trainers.meta_trainer | Early stop — best AUROC 0.8333 at epoch 1
2026-06-29 22:06:37,693 | [DYN-LATENT] | INFO | meta_classifier_renewed.evaluators.monte_carlo_evaluator | -> Fold 09 Result | Acc=0.571 Sens=1.000 Spec=0.000 AUROC=0.833
2026-06-29 22:06:37,844 | [DYN-LATENT] | INFO | meta_classifier_renewed.evaluators.monte_carlo_evaluator | === Fold 10/30 | train: 16 subj | test: 7 subj ===
2026-06-29 22:06:39,073 | [DYN-LATENT] | INFO | meta_classifier_renewed.model_trainers.meta_trainer | Ep [001/500] T-Acc:  56.2%  V-Acc:  71.4%  V-AUROC: 0.4000  LR: 2.00e-05
2026-06-29 22:06:40,020 | [DYN-LATENT] | INFO | meta_classifier_renewed.model_trainers.meta_trainer | Ep [002/500] T-Acc:  50.0%  V-Acc:  71.4%  V-AUROC: 0.4000  LR: 4.00e-05
2026-06-29 22:06:41,026 | [DYN-LATENT] | INFO | meta_classifier_renewed.model_trainers.meta_trainer | Ep [003/500] T-Acc:  62.5%  V-Acc:  28.6%  V-AUROC: 0.4000  LR: 6.00e-05
2026-06-29 22:06:42,001 | [DYN-LATENT] | INFO | meta_classifier_renewed.model_trainers.meta_trainer | Ep [004/500] T-Acc:  50.0%  V-Acc:  28.6%  V-AUROC: 0.6000  LR: 8.00e-05
2026-06-29 22:06:42,995 | [DYN-LATENT] | INFO | meta_classifier_renewed.model_trainers.meta_trainer | Ep [005/500] T-Acc:  50.0%  V-Acc:  28.6%  V-AUROC: 0.6000  LR: 1.00e-04
2026-06-29 22:06:43,884 | [DYN-LATENT] | INFO | meta_classifier_renewed.model_trainers.meta_trainer | Ep [006/500] T-Acc:  50.0%  V-Acc:  28.6%  V-AUROC: 0.5000  LR: 1.00e-04
2026-06-29 22:06:44,744 | [DYN-LATENT] | INFO | meta_classifier_renewed.model_trainers.meta_trainer | Ep [007/500] T-Acc:  43.8%  V-Acc:  85.7%  V-AUROC: 0.5000  LR: 1.00e-04
2026-06-29 22:06:45,603 | [DYN-LATENT] | INFO | meta_classifier_renewed.model_trainers.meta_trainer | Ep [008/500] T-Acc:  68.8%  V-Acc:  71.4%  V-AUROC: 0.5000  LR: 1.00e-04
2026-06-29 22:06:46,474 | [DYN-LATENT] | INFO | meta_classifier_renewed.model_trainers.meta_trainer | Ep [009/500] T-Acc:  31.2%  V-Acc:  71.4%  V-AUROC: 0.6000  LR: 1.00e-04
2026-06-29 22:06:47,333 | [DYN-LATENT] | INFO | meta_classifier_renewed.model_trainers.meta_trainer | Ep [010/500] T-Acc:  50.0%  V-Acc:  71.4%  V-AUROC: 0.6000  LR: 1.00e-04
2026-06-29 22:06:48,224 | [DYN-LATENT] | INFO | meta_classifier_renewed.model_trainers.meta_trainer | Ep [011/500] T-Acc:  56.2%  V-Acc:  71.4%  V-AUROC: 0.6000  LR: 1.00e-04
2026-06-29 22:06:49,190 | [DYN-LATENT] | INFO | meta_classifier_renewed.model_trainers.meta_trainer | Ep [012/500] T-Acc:  43.8%  V-Acc:  28.6%  V-AUROC: 0.5000  LR: 1.00e-04
2026-06-29 22:06:50,054 | [DYN-LATENT] | INFO | meta_classifier_renewed.model_trainers.meta_trainer | Ep [013/500] T-Acc:  68.8%  V-Acc:  28.6%  V-AUROC: 0.5000  LR: 1.00e-04
2026-06-29 22:06:50,909 | [DYN-LATENT] | INFO | meta_classifier_renewed.model_trainers.meta_trainer | Ep [014/500] T-Acc:  50.0%  V-Acc:  28.6%  V-AUROC: 0.5000  LR: 1.00e-04
2026-06-29 22:06:51,762 | [DYN-LATENT] | INFO | meta_classifier_renewed.model_trainers.meta_trainer | Ep [015/500] T-Acc:  37.5%  V-Acc:  28.6%  V-AUROC: 0.5000  LR: 1.00e-04
2026-06-29 22:06:52,674 | [DYN-LATENT] | INFO | meta_classifier_renewed.model_trainers.meta_trainer | Ep [016/500] T-Acc:  43.8%  V-Acc:  28.6%  V-AUROC: 0.5000  LR: 1.00e-04
2026-06-29 22:06:53,547 | [DYN-LATENT] | INFO | meta_classifier_renewed.model_trainers.meta_trainer | Ep [017/500] T-Acc:  75.0%  V-Acc:  28.6%  V-AUROC: 0.5000  LR: 1.00e-04
2026-06-29 22:06:54,422 | [DYN-LATENT] | INFO | meta_classifier_renewed.model_trainers.meta_trainer | Ep [018/500] T-Acc:  56.2%  V-Acc:  71.4%  V-AUROC: 0.5000  LR: 1.00e-04
2026-06-29 22:06:55,309 | [DYN-LATENT] | INFO | meta_classifier_renewed.model_trainers.meta_trainer | Ep [019/500] T-Acc:  43.8%  V-Acc:  85.7%  V-AUROC: 0.5000  LR: 1.00e-04
2026-06-29 22:06:56,281 | [DYN-LATENT] | INFO | meta_classifier_renewed.model_trainers.meta_trainer | Ep [020/500] T-Acc:  50.0%  V-Acc:  85.7%  V-AUROC: 0.5000  LR: 1.00e-04
2026-06-29 22:06:57,164 | [DYN-LATENT] | INFO | meta_classifier_renewed.model_trainers.meta_trainer | Ep [021/500] T-Acc:  75.0%  V-Acc:  85.7%  V-AUROC: 0.5000  LR: 2.00e-05
2026-06-29 22:06:58,069 | [DYN-LATENT] | INFO | meta_classifier_renewed.model_trainers.meta_trainer | Ep [022/500] T-Acc:  93.8%  V-Acc:  85.7%  V-AUROC: 0.5000  LR: 2.00e-05
2026-06-29 22:06:59,086 | [DYN-LATENT] | INFO | meta_classifier_renewed.model_trainers.meta_trainer | Ep [023/500] T-Acc:  62.5%  V-Acc:  71.4%  V-AUROC: 0.5000  LR: 2.00e-05
2026-06-29 22:06:59,957 | [DYN-LATENT] | INFO | meta_classifier_renewed.model_trainers.meta_trainer | Ep [024/500] T-Acc:  62.5%  V-Acc:  57.1%  V-AUROC: 0.5000  LR: 2.00e-05
2026-06-29 22:07:01,014 | [DYN-LATENT] | INFO | meta_classifier_renewed.model_trainers.meta_trainer | Ep [025/500] T-Acc:  93.8%  V-Acc:  42.9%  V-AUROC: 0.5000  LR: 2.00e-05
2026-06-29 22:07:01,875 | [DYN-LATENT] | INFO | meta_classifier_renewed.model_trainers.meta_trainer | Ep [026/500] T-Acc:  50.0%  V-Acc:  28.6%  V-AUROC: 0.5000  LR: 2.00e-05
2026-06-29 22:07:02,726 | [DYN-LATENT] | INFO | meta_classifier_renewed.model_trainers.meta_trainer | Ep [027/500] T-Acc:  75.0%  V-Acc:  28.6%  V-AUROC: 0.5000  LR: 2.00e-05
2026-06-29 22:07:03,596 | [DYN-LATENT] | INFO | meta_classifier_renewed.model_trainers.meta_trainer | Ep [028/500] T-Acc:  81.2%  V-Acc:  28.6%  V-AUROC: 0.5000  LR: 2.00e-05
2026-06-29 22:07:04,481 | [DYN-LATENT] | INFO | meta_classifier_renewed.model_trainers.meta_trainer | Ep [029/500] T-Acc:  75.0%  V-Acc:  28.6%  V-AUROC: 0.5000  LR: 2.00e-05
2026-06-29 22:07:05,369 | [DYN-LATENT] | INFO | meta_classifier_renewed.model_trainers.meta_trainer | Ep [030/500] T-Acc:  75.0%  V-Acc:  28.6%  V-AUROC: 0.5000  LR: 2.00e-05
2026-06-29 22:07:06,231 | [DYN-LATENT] | INFO | meta_classifier_renewed.model_trainers.meta_trainer | Ep [031/500] T-Acc:  75.0%  V-Acc:  28.6%  V-AUROC: 0.5000  LR: 2.00e-05
2026-06-29 22:07:07,088 | [DYN-LATENT] | INFO | meta_classifier_renewed.model_trainers.meta_trainer | Ep [032/500] T-Acc:  68.8%  V-Acc:  28.6%  V-AUROC: 0.5000  LR: 4.00e-06
2026-06-29 22:07:07,943 | [DYN-LATENT] | INFO | meta_classifier_renewed.model_trainers.meta_trainer | Ep [033/500] T-Acc:  75.0%  V-Acc:  28.6%  V-AUROC: 0.5000  LR: 4.00e-06
2026-06-29 22:07:08,872 | [DYN-LATENT] | INFO | meta_classifier_renewed.model_trainers.meta_trainer | Ep [034/500] T-Acc:  81.2%  V-Acc:  28.6%  V-AUROC: 0.6000  LR: 4.00e-06
2026-06-29 22:07:08,872 | [DYN-LATENT] | INFO | meta_classifier_renewed.model_trainers.meta_trainer | Early stop — best AUROC 0.6000 at epoch 4
2026-06-29 22:07:09,383 | [DYN-LATENT] | INFO | meta_classifier_renewed.evaluators.monte_carlo_evaluator | -> Fold 10 Result | Acc=0.286 Sens=0.000 Spec=1.000 AUROC=0.600
2026-06-29 22:07:09,649 | [DYN-LATENT] | INFO | meta_classifier_renewed.evaluators.monte_carlo_evaluator | === Fold 11/30 | train: 16 subj | test: 7 subj ===
2026-06-29 22:07:10,783 | [DYN-LATENT] | INFO | meta_classifier_renewed.model_trainers.meta_trainer | Ep [001/500] T-Acc:  31.2%  V-Acc:  57.1%  V-AUROC: 0.4167  LR: 2.00e-05
2026-06-29 22:07:11,993 | [DYN-LATENT] | INFO | meta_classifier_renewed.model_trainers.meta_trainer | Ep [002/500] T-Acc:  43.8%  V-Acc:  57.1%  V-AUROC: 0.4167  LR: 4.00e-05
2026-06-29 22:07:12,891 | [DYN-LATENT] | INFO | meta_classifier_renewed.model_trainers.meta_trainer | Ep [003/500] T-Acc:  43.8%  V-Acc:  57.1%  V-AUROC: 0.4167  LR: 6.00e-05
2026-06-29 22:07:13,840 | [DYN-LATENT] | INFO | meta_classifier_renewed.model_trainers.meta_trainer | Ep [004/500] T-Acc:  50.0%  V-Acc:  71.4%  V-AUROC: 0.7500  LR: 8.00e-05
2026-06-29 22:07:14,822 | [DYN-LATENT] | INFO | meta_classifier_renewed.model_trainers.meta_trainer | Ep [005/500] T-Acc:  43.8%  V-Acc:  57.1%  V-AUROC: 0.6667  LR: 1.00e-04
2026-06-29 22:07:15,670 | [DYN-LATENT] | INFO | meta_classifier_renewed.model_trainers.meta_trainer | Ep [006/500] T-Acc:  56.2%  V-Acc:  57.1%  V-AUROC: 0.6667  LR: 1.00e-04
2026-06-29 22:07:16,521 | [DYN-LATENT] | INFO | meta_classifier_renewed.model_trainers.meta_trainer | Ep [007/500] T-Acc:  68.8%  V-Acc:  71.4%  V-AUROC: 0.8333  LR: 1.00e-04
2026-06-29 22:07:17,497 | [DYN-LATENT] | INFO | meta_classifier_renewed.model_trainers.meta_trainer | Ep [008/500] T-Acc:  31.2%  V-Acc: 100.0%  V-AUROC: 1.0000  LR: 1.00e-04
2026-06-29 22:07:18,483 | [DYN-LATENT] | INFO | meta_classifier_renewed.model_trainers.meta_trainer | Ep [009/500] T-Acc:  81.2%  V-Acc: 100.0%  V-AUROC: 1.0000  LR: 1.00e-04
2026-06-29 22:07:19,467 | [DYN-LATENT] | INFO | meta_classifier_renewed.model_trainers.meta_trainer | Ep [010/500] T-Acc:  81.2%  V-Acc:  71.4%  V-AUROC: 1.0000  LR: 1.00e-04
2026-06-29 22:07:20,324 | [DYN-LATENT] | INFO | meta_classifier_renewed.model_trainers.meta_trainer | Ep [011/500] T-Acc:  50.0%  V-Acc:  71.4%  V-AUROC: 1.0000  LR: 1.00e-04
2026-06-29 22:07:21,175 | [DYN-LATENT] | INFO | meta_classifier_renewed.model_trainers.meta_trainer | Ep [012/500] T-Acc:  50.0%  V-Acc: 100.0%  V-AUROC: 1.0000  LR: 1.00e-04
2026-06-29 22:07:22,025 | [DYN-LATENT] | INFO | meta_classifier_renewed.model_trainers.meta_trainer | Ep [013/500] T-Acc:  81.2%  V-Acc:  71.4%  V-AUROC: 1.0000  LR: 1.00e-04
2026-06-29 22:07:22,904 | [DYN-LATENT] | INFO | meta_classifier_renewed.model_trainers.meta_trainer | Ep [014/500] T-Acc:  75.0%  V-Acc:  85.7%  V-AUROC: 1.0000  LR: 1.00e-04
2026-06-29 22:07:23,754 | [DYN-LATENT] | INFO | meta_classifier_renewed.model_trainers.meta_trainer | Ep [015/500] T-Acc:  81.2%  V-Acc:  71.4%  V-AUROC: 0.9167  LR: 1.00e-04
2026-06-29 22:07:24,631 | [DYN-LATENT] | INFO | meta_classifier_renewed.model_trainers.meta_trainer | Ep [016/500] T-Acc:  50.0%  V-Acc:  85.7%  V-AUROC: 1.0000  LR: 1.00e-04
2026-06-29 22:07:25,544 | [DYN-LATENT] | INFO | meta_classifier_renewed.model_trainers.meta_trainer | Ep [017/500] T-Acc:  68.8%  V-Acc: 100.0%  V-AUROC: 1.0000  LR: 1.00e-04
2026-06-29 22:07:26,543 | [DYN-LATENT] | INFO | meta_classifier_renewed.model_trainers.meta_trainer | Ep [018/500] T-Acc:  75.0%  V-Acc: 100.0%  V-AUROC: 1.0000  LR: 1.00e-04
2026-06-29 22:07:27,437 | [DYN-LATENT] | INFO | meta_classifier_renewed.model_trainers.meta_trainer | Ep [019/500] T-Acc:  87.5%  V-Acc: 100.0%  V-AUROC: 1.0000  LR: 1.00e-04
2026-06-29 22:07:28,335 | [DYN-LATENT] | INFO | meta_classifier_renewed.model_trainers.meta_trainer | Ep [020/500] T-Acc:  81.2%  V-Acc: 100.0%  V-AUROC: 1.0000  LR: 2.00e-05
2026-06-29 22:07:29,286 | [DYN-LATENT] | INFO | meta_classifier_renewed.model_trainers.meta_trainer | Ep [021/500] T-Acc:  81.2%  V-Acc: 100.0%  V-AUROC: 1.0000  LR: 2.00e-05
2026-06-29 22:07:30,148 | [DYN-LATENT] | INFO | meta_classifier_renewed.model_trainers.meta_trainer | Ep [022/500] T-Acc:  81.2%  V-Acc: 100.0%  V-AUROC: 1.0000  LR: 2.00e-05
2026-06-29 22:07:31,011 | [DYN-LATENT] | INFO | meta_classifier_renewed.model_trainers.meta_trainer | Ep [023/500] T-Acc:  75.0%  V-Acc: 100.0%  V-AUROC: 1.0000  LR: 2.00e-05
2026-06-29 22:07:31,865 | [DYN-LATENT] | INFO | meta_classifier_renewed.model_trainers.meta_trainer | Ep [024/500] T-Acc:  75.0%  V-Acc: 100.0%  V-AUROC: 1.0000  LR: 2.00e-05
2026-06-29 22:07:32,715 | [DYN-LATENT] | INFO | meta_classifier_renewed.model_trainers.meta_trainer | Ep [025/500] T-Acc:  75.0%  V-Acc: 100.0%  V-AUROC: 1.0000  LR: 2.00e-05
2026-06-29 22:07:33,568 | [DYN-LATENT] | INFO | meta_classifier_renewed.model_trainers.meta_trainer | Ep [026/500] T-Acc:  93.8%  V-Acc: 100.0%  V-AUROC: 1.0000  LR: 2.00e-05
2026-06-29 22:07:34,690 | [DYN-LATENT] | INFO | meta_classifier_renewed.model_trainers.meta_trainer | Ep [027/500] T-Acc:  87.5%  V-Acc: 100.0%  V-AUROC: 1.0000  LR: 2.00e-05
2026-06-29 22:07:35,542 | [DYN-LATENT] | INFO | meta_classifier_renewed.model_trainers.meta_trainer | Ep [028/500] T-Acc:  87.5%  V-Acc: 100.0%  V-AUROC: 1.0000  LR: 2.00e-05
2026-06-29 22:07:36,430 | [DYN-LATENT] | INFO | meta_classifier_renewed.model_trainers.meta_trainer | Ep [029/500] T-Acc:  87.5%  V-Acc: 100.0%  V-AUROC: 1.0000  LR: 2.00e-05
2026-06-29 22:07:37,303 | [DYN-LATENT] | INFO | meta_classifier_renewed.model_trainers.meta_trainer | Ep [030/500] T-Acc:  93.8%  V-Acc: 100.0%  V-AUROC: 1.0000  LR: 2.00e-05
2026-06-29 22:07:38,151 | [DYN-LATENT] | INFO | meta_classifier_renewed.model_trainers.meta_trainer | Ep [031/500] T-Acc:  75.0%  V-Acc: 100.0%  V-AUROC: 1.0000  LR: 4.00e-06
2026-06-29 22:07:39,001 | [DYN-LATENT] | INFO | meta_classifier_renewed.model_trainers.meta_trainer | Ep [032/500] T-Acc:  62.5%  V-Acc: 100.0%  V-AUROC: 1.0000  LR: 4.00e-06
2026-06-29 22:07:39,860 | [DYN-LATENT] | INFO | meta_classifier_renewed.model_trainers.meta_trainer | Ep [033/500] T-Acc:  87.5%  V-Acc: 100.0%  V-AUROC: 1.0000  LR: 4.00e-06
2026-06-29 22:07:40,745 | [DYN-LATENT] | INFO | meta_classifier_renewed.model_trainers.meta_trainer | Ep [034/500] T-Acc:  87.5%  V-Acc: 100.0%  V-AUROC: 1.0000  LR: 4.00e-06
2026-06-29 22:07:41,737 | [DYN-LATENT] | INFO | meta_classifier_renewed.model_trainers.meta_trainer | Ep [035/500] T-Acc:  87.5%  V-Acc: 100.0%  V-AUROC: 1.0000  LR: 4.00e-06
2026-06-29 22:07:42,608 | [DYN-LATENT] | INFO | meta_classifier_renewed.model_trainers.meta_trainer | Ep [036/500] T-Acc:  81.2%  V-Acc: 100.0%  V-AUROC: 1.0000  LR: 4.00e-06
2026-06-29 22:07:43,459 | [DYN-LATENT] | INFO | meta_classifier_renewed.model_trainers.meta_trainer | Ep [037/500] T-Acc:  87.5%  V-Acc: 100.0%  V-AUROC: 1.0000  LR: 4.00e-06
2026-06-29 22:07:44,312 | [DYN-LATENT] | INFO | meta_classifier_renewed.model_trainers.meta_trainer | Ep [038/500] T-Acc:  75.0%  V-Acc:  85.7%  V-AUROC: 1.0000  LR: 4.00e-06
2026-06-29 22:07:44,313 | [DYN-LATENT] | INFO | meta_classifier_renewed.model_trainers.meta_trainer | Early stop — best AUROC 1.0000 at epoch 8
2026-06-29 22:07:44,824 | [DYN-LATENT] | INFO | meta_classifier_renewed.evaluators.monte_carlo_evaluator | -> Fold 11 Result | Acc=1.000 Sens=1.000 Spec=1.000 AUROC=1.000
2026-06-29 22:07:45,112 | [DYN-LATENT] | INFO | meta_classifier_renewed.evaluators.monte_carlo_evaluator | === Fold 12/30 | train: 16 subj | test: 7 subj ===
2026-06-29 22:07:46,109 | [DYN-LATENT] | INFO | meta_classifier_renewed.model_trainers.meta_trainer | Ep [001/500] T-Acc:  43.8%  V-Acc:  28.6%  V-AUROC: 0.4000  LR: 2.00e-05
2026-06-29 22:07:47,072 | [DYN-LATENT] | INFO | meta_classifier_renewed.model_trainers.meta_trainer | Ep [002/500] T-Acc:  50.0%  V-Acc:  28.6%  V-AUROC: 0.4000  LR: 4.00e-05
2026-06-29 22:07:48,023 | [DYN-LATENT] | INFO | meta_classifier_renewed.model_trainers.meta_trainer | Ep [003/500] T-Acc:  81.2%  V-Acc:  28.6%  V-AUROC: 0.5000  LR: 6.00e-05
2026-06-29 22:07:49,013 | [DYN-LATENT] | INFO | meta_classifier_renewed.model_trainers.meta_trainer | Ep [004/500] T-Acc:  18.8%  V-Acc:  28.6%  V-AUROC: 0.4000  LR: 8.00e-05
2026-06-29 22:07:49,901 | [DYN-LATENT] | INFO | meta_classifier_renewed.model_trainers.meta_trainer | Ep [005/500] T-Acc:  62.5%  V-Acc:  42.9%  V-AUROC: 0.5000  LR: 1.00e-04
2026-06-29 22:07:50,754 | [DYN-LATENT] | INFO | meta_classifier_renewed.model_trainers.meta_trainer | Ep [006/500] T-Acc:  75.0%  V-Acc:  57.1%  V-AUROC: 0.6000  LR: 1.00e-04
2026-06-29 22:07:52,343 | [DYN-LATENT] | INFO | meta_classifier_renewed.model_trainers.meta_trainer | Ep [007/500] T-Acc:  75.0%  V-Acc:  57.1%  V-AUROC: 0.8000  LR: 1.00e-04
2026-06-29 22:07:53,336 | [DYN-LATENT] | INFO | meta_classifier_renewed.model_trainers.meta_trainer | Ep [008/500] T-Acc:  56.2%  V-Acc:  28.6%  V-AUROC: 0.7000  LR: 1.00e-04
2026-06-29 22:07:54,192 | [DYN-LATENT] | INFO | meta_classifier_renewed.model_trainers.meta_trainer | Ep [009/500] T-Acc:  50.0%  V-Acc:  28.6%  V-AUROC: 0.6000  LR: 1.00e-04
2026-06-29 22:07:55,081 | [DYN-LATENT] | INFO | meta_classifier_renewed.model_trainers.meta_trainer | Ep [010/500] T-Acc:  81.2%  V-Acc:  28.6%  V-AUROC: 0.6000  LR: 1.00e-04
2026-06-29 22:07:56,063 | [DYN-LATENT] | INFO | meta_classifier_renewed.model_trainers.meta_trainer | Ep [011/500] T-Acc:  81.2%  V-Acc:  28.6%  V-AUROC: 0.4000  LR: 1.00e-04
2026-06-29 22:07:56,958 | [DYN-LATENT] | INFO | meta_classifier_renewed.model_trainers.meta_trainer | Ep [012/500] T-Acc:  62.5%  V-Acc:  28.6%  V-AUROC: 0.4000  LR: 1.00e-04
2026-06-29 22:07:57,842 | [DYN-LATENT] | INFO | meta_classifier_renewed.model_trainers.meta_trainer | Ep [013/500] T-Acc:  62.5%  V-Acc:  42.9%  V-AUROC: 0.4000  LR: 1.00e-04
2026-06-29 22:07:58,727 | [DYN-LATENT] | INFO | meta_classifier_renewed.model_trainers.meta_trainer | Ep [014/500] T-Acc:  87.5%  V-Acc:  42.9%  V-AUROC: 0.7000  LR: 1.00e-04
2026-06-29 22:07:59,643 | [DYN-LATENT] | INFO | meta_classifier_renewed.model_trainers.meta_trainer | Ep [015/500] T-Acc:  62.5%  V-Acc:  57.1%  V-AUROC: 0.7000  LR: 1.00e-04
2026-06-29 22:08:00,528 | [DYN-LATENT] | INFO | meta_classifier_renewed.model_trainers.meta_trainer | Ep [016/500] T-Acc:  87.5%  V-Acc:  57.1%  V-AUROC: 0.8000  LR: 1.00e-04
2026-06-29 22:08:01,591 | [DYN-LATENT] | INFO | meta_classifier_renewed.model_trainers.meta_trainer | Ep [017/500] T-Acc:  81.2%  V-Acc:  57.1%  V-AUROC: 0.8000  LR: 1.00e-04
2026-06-29 22:08:02,537 | [DYN-LATENT] | INFO | meta_classifier_renewed.model_trainers.meta_trainer | Ep [018/500] T-Acc:  87.5%  V-Acc:  42.9%  V-AUROC: 0.7000  LR: 1.00e-04
2026-06-29 22:08:03,437 | [DYN-LATENT] | INFO | meta_classifier_renewed.model_trainers.meta_trainer | Ep [019/500] T-Acc:  75.0%  V-Acc:  42.9%  V-AUROC: 0.7000  LR: 2.00e-05
2026-06-29 22:08:04,314 | [DYN-LATENT] | INFO | meta_classifier_renewed.model_trainers.meta_trainer | Ep [020/500] T-Acc:  87.5%  V-Acc:  42.9%  V-AUROC: 0.7000  LR: 2.00e-05
2026-06-29 22:08:05,186 | [DYN-LATENT] | INFO | meta_classifier_renewed.model_trainers.meta_trainer | Ep [021/500] T-Acc:  68.8%  V-Acc:  57.1%  V-AUROC: 0.7000  LR: 2.00e-05
2026-06-29 22:08:06,126 | [DYN-LATENT] | INFO | meta_classifier_renewed.model_trainers.meta_trainer | Ep [022/500] T-Acc:  75.0%  V-Acc:  57.1%  V-AUROC: 0.7000  LR: 2.00e-05
2026-06-29 22:08:07,044 | [DYN-LATENT] | INFO | meta_classifier_renewed.model_trainers.meta_trainer | Ep [023/500] T-Acc:  93.8%  V-Acc:  57.1%  V-AUROC: 0.7000  LR: 2.00e-05
2026-06-29 22:08:07,905 | [DYN-LATENT] | INFO | meta_classifier_renewed.model_trainers.meta_trainer | Ep [024/500] T-Acc:  81.2%  V-Acc:  57.1%  V-AUROC: 0.8000  LR: 2.00e-05
2026-06-29 22:08:08,808 | [DYN-LATENT] | INFO | meta_classifier_renewed.model_trainers.meta_trainer | Ep [025/500] T-Acc:  87.5%  V-Acc:  57.1%  V-AUROC: 0.8000  LR: 2.00e-05
2026-06-29 22:08:09,716 | [DYN-LATENT] | INFO | meta_classifier_renewed.model_trainers.meta_trainer | Ep [026/500] T-Acc:  81.2%  V-Acc:  57.1%  V-AUROC: 0.8000  LR: 2.00e-05
2026-06-29 22:08:10,604 | [DYN-LATENT] | INFO | meta_classifier_renewed.model_trainers.meta_trainer | Ep [027/500] T-Acc:  87.5%  V-Acc:  57.1%  V-AUROC: 0.8000  LR: 2.00e-05
2026-06-29 22:08:11,530 | [DYN-LATENT] | INFO | meta_classifier_renewed.model_trainers.meta_trainer | Ep [028/500] T-Acc:  87.5%  V-Acc:  57.1%  V-AUROC: 0.7000  LR: 2.00e-05
2026-06-29 22:08:12,388 | [DYN-LATENT] | INFO | meta_classifier_renewed.model_trainers.meta_trainer | Ep [029/500] T-Acc:  87.5%  V-Acc:  57.1%  V-AUROC: 0.7000  LR: 2.00e-05
2026-06-29 22:08:13,242 | [DYN-LATENT] | INFO | meta_classifier_renewed.model_trainers.meta_trainer | Ep [030/500] T-Acc:  87.5%  V-Acc:  57.1%  V-AUROC: 0.7000  LR: 4.00e-06
2026-06-29 22:08:14,104 | [DYN-LATENT] | INFO | meta_classifier_renewed.model_trainers.meta_trainer | Ep [031/500] T-Acc:  81.2%  V-Acc:  57.1%  V-AUROC: 0.7000  LR: 4.00e-06
2026-06-29 22:08:15,010 | [DYN-LATENT] | INFO | meta_classifier_renewed.model_trainers.meta_trainer | Ep [032/500] T-Acc:  93.8%  V-Acc:  57.1%  V-AUROC: 0.7000  LR: 4.00e-06
2026-06-29 22:08:15,882 | [DYN-LATENT] | INFO | meta_classifier_renewed.model_trainers.meta_trainer | Ep [033/500] T-Acc:  87.5%  V-Acc:  57.1%  V-AUROC: 0.7000  LR: 4.00e-06
2026-06-29 22:08:16,738 | [DYN-LATENT] | INFO | meta_classifier_renewed.model_trainers.meta_trainer | Ep [034/500] T-Acc:  93.8%  V-Acc:  57.1%  V-AUROC: 0.7000  LR: 4.00e-06
2026-06-29 22:08:17,626 | [DYN-LATENT] | INFO | meta_classifier_renewed.model_trainers.meta_trainer | Ep [035/500] T-Acc:  81.2%  V-Acc:  57.1%  V-AUROC: 0.7000  LR: 4.00e-06
2026-06-29 22:08:18,565 | [DYN-LATENT] | INFO | meta_classifier_renewed.model_trainers.meta_trainer | Ep [036/500] T-Acc:  93.8%  V-Acc:  57.1%  V-AUROC: 0.7000  LR: 4.00e-06
2026-06-29 22:08:19,478 | [DYN-LATENT] | INFO | meta_classifier_renewed.model_trainers.meta_trainer | Ep [037/500] T-Acc: 100.0%  V-Acc:  57.1%  V-AUROC: 0.7000  LR: 4.00e-06
2026-06-29 22:08:19,478 | [DYN-LATENT] | INFO | meta_classifier_renewed.model_trainers.meta_trainer | Early stop — best AUROC 0.8000 at epoch 7
2026-06-29 22:08:19,967 | [DYN-LATENT] | INFO | meta_classifier_renewed.evaluators.monte_carlo_evaluator | -> Fold 12 Result | Acc=0.571 Sens=1.000 Spec=0.400 AUROC=0.800
2026-06-29 22:08:20,146 | [DYN-LATENT] | INFO | meta_classifier_renewed.evaluators.monte_carlo_evaluator | === Fold 13/30 | train: 16 subj | test: 7 subj ===
2026-06-29 22:08:21,192 | [DYN-LATENT] | INFO | meta_classifier_renewed.model_trainers.meta_trainer | Ep [001/500] T-Acc:  50.0%  V-Acc:  42.9%  V-AUROC: 0.2500  LR: 2.00e-05
2026-06-29 22:08:22,156 | [DYN-LATENT] | INFO | meta_classifier_renewed.model_trainers.meta_trainer | Ep [002/500] T-Acc:  56.2%  V-Acc:  42.9%  V-AUROC: 0.2500  LR: 4.00e-05
2026-06-29 22:08:23,033 | [DYN-LATENT] | INFO | meta_classifier_renewed.model_trainers.meta_trainer | Ep [003/500] T-Acc:  68.8%  V-Acc:  28.6%  V-AUROC: 0.1667  LR: 6.00e-05
2026-06-29 22:08:23,890 | [DYN-LATENT] | INFO | meta_classifier_renewed.model_trainers.meta_trainer | Ep [004/500] T-Acc:  75.0%  V-Acc:  57.1%  V-AUROC: 0.1667  LR: 8.00e-05
2026-06-29 22:08:24,748 | [DYN-LATENT] | INFO | meta_classifier_renewed.model_trainers.meta_trainer | Ep [005/500] T-Acc:  62.5%  V-Acc:  57.1%  V-AUROC: 0.4167  LR: 1.00e-04
2026-06-29 22:08:25,823 | [DYN-LATENT] | INFO | meta_classifier_renewed.model_trainers.meta_trainer | Ep [006/500] T-Acc:  37.5%  V-Acc:  57.1%  V-AUROC: 0.3333  LR: 1.00e-04
2026-06-29 22:08:27,019 | [DYN-LATENT] | INFO | meta_classifier_renewed.model_trainers.meta_trainer | Ep [007/500] T-Acc:  75.0%  V-Acc:  57.1%  V-AUROC: 0.3333  LR: 1.00e-04
2026-06-29 22:08:27,874 | [DYN-LATENT] | INFO | meta_classifier_renewed.model_trainers.meta_trainer | Ep [008/500] T-Acc:  50.0%  V-Acc:  28.6%  V-AUROC: 0.3333  LR: 1.00e-04
2026-06-29 22:08:28,730 | [DYN-LATENT] | INFO | meta_classifier_renewed.model_trainers.meta_trainer | Ep [009/500] T-Acc:  81.2%  V-Acc:  42.9%  V-AUROC: 0.3333  LR: 1.00e-04
2026-06-29 22:08:29,605 | [DYN-LATENT] | INFO | meta_classifier_renewed.model_trainers.meta_trainer | Ep [010/500] T-Acc:  62.5%  V-Acc:  28.6%  V-AUROC: 0.2500  LR: 1.00e-04
2026-06-29 22:08:30,472 | [DYN-LATENT] | INFO | meta_classifier_renewed.model_trainers.meta_trainer | Ep [011/500] T-Acc:  50.0%  V-Acc:  42.9%  V-AUROC: 0.2500  LR: 1.00e-04
2026-06-29 22:08:31,425 | [DYN-LATENT] | INFO | meta_classifier_renewed.model_trainers.meta_trainer | Ep [012/500] T-Acc:  81.2%  V-Acc:  42.9%  V-AUROC: 0.4167  LR: 1.00e-04
2026-06-29 22:08:32,278 | [DYN-LATENT] | INFO | meta_classifier_renewed.model_trainers.meta_trainer | Ep [013/500] T-Acc:  75.0%  V-Acc:  42.9%  V-AUROC: 0.5000  LR: 1.00e-04
2026-06-29 22:08:33,303 | [DYN-LATENT] | INFO | meta_classifier_renewed.model_trainers.meta_trainer | Ep [014/500] T-Acc:  81.2%  V-Acc:  57.1%  V-AUROC: 0.5833  LR: 1.00e-04
2026-06-29 22:08:34,343 | [DYN-LATENT] | INFO | meta_classifier_renewed.model_trainers.meta_trainer | Ep [015/500] T-Acc:  75.0%  V-Acc:  42.9%  V-AUROC: 0.6667  LR: 1.00e-04
2026-06-29 22:08:35,352 | [DYN-LATENT] | INFO | meta_classifier_renewed.model_trainers.meta_trainer | Ep [016/500] T-Acc:  87.5%  V-Acc:  42.9%  V-AUROC: 0.6667  LR: 1.00e-04
2026-06-29 22:08:36,209 | [DYN-LATENT] | INFO | meta_classifier_renewed.model_trainers.meta_trainer | Ep [017/500] T-Acc:  81.2%  V-Acc:  42.9%  V-AUROC: 0.6667  LR: 1.00e-04
2026-06-29 22:08:37,056 | [DYN-LATENT] | INFO | meta_classifier_renewed.model_trainers.meta_trainer | Ep [018/500] T-Acc:  87.5%  V-Acc:  71.4%  V-AUROC: 0.6667  LR: 1.00e-04
2026-06-29 22:08:37,903 | [DYN-LATENT] | INFO | meta_classifier_renewed.model_trainers.meta_trainer | Ep [019/500] T-Acc:  93.8%  V-Acc:  71.4%  V-AUROC: 0.6667  LR: 1.00e-04
2026-06-29 22:08:38,756 | [DYN-LATENT] | INFO | meta_classifier_renewed.model_trainers.meta_trainer | Ep [020/500] T-Acc:  93.8%  V-Acc:  71.4%  V-AUROC: 0.6667  LR: 1.00e-04
2026-06-29 22:08:39,624 | [DYN-LATENT] | INFO | meta_classifier_renewed.model_trainers.meta_trainer | Ep [021/500] T-Acc:  81.2%  V-Acc:  71.4%  V-AUROC: 0.6667  LR: 1.00e-04
2026-06-29 22:08:40,475 | [DYN-LATENT] | INFO | meta_classifier_renewed.model_trainers.meta_trainer | Ep [022/500] T-Acc:  93.8%  V-Acc:  71.4%  V-AUROC: 0.6667  LR: 1.00e-04
2026-06-29 22:08:41,464 | [DYN-LATENT] | INFO | meta_classifier_renewed.model_trainers.meta_trainer | Ep [023/500] T-Acc:  87.5%  V-Acc:  57.1%  V-AUROC: 0.5833  LR: 1.00e-04
2026-06-29 22:08:42,359 | [DYN-LATENT] | INFO | meta_classifier_renewed.model_trainers.meta_trainer | Ep [024/500] T-Acc: 100.0%  V-Acc:  42.9%  V-AUROC: 0.6667  LR: 1.00e-04
2026-06-29 22:08:43,235 | [DYN-LATENT] | INFO | meta_classifier_renewed.model_trainers.meta_trainer | Ep [025/500] T-Acc:  93.8%  V-Acc:  28.6%  V-AUROC: 0.6667  LR: 1.00e-04
2026-06-29 22:08:44,132 | [DYN-LATENT] | INFO | meta_classifier_renewed.model_trainers.meta_trainer | Ep [026/500] T-Acc:  93.8%  V-Acc:  28.6%  V-AUROC: 0.6667  LR: 1.00e-04
2026-06-29 22:08:45,014 | [DYN-LATENT] | INFO | meta_classifier_renewed.model_trainers.meta_trainer | Ep [027/500] T-Acc:  93.8%  V-Acc:  42.9%  V-AUROC: 0.6667  LR: 2.00e-05
2026-06-29 22:08:45,905 | [DYN-LATENT] | INFO | meta_classifier_renewed.model_trainers.meta_trainer | Ep [028/500] T-Acc: 100.0%  V-Acc:  42.9%  V-AUROC: 0.6667  LR: 2.00e-05
2026-06-29 22:08:46,754 | [DYN-LATENT] | INFO | meta_classifier_renewed.model_trainers.meta_trainer | Ep [029/500] T-Acc:  87.5%  V-Acc:  42.9%  V-AUROC: 0.6667  LR: 2.00e-05
2026-06-29 22:08:47,641 | [DYN-LATENT] | INFO | meta_classifier_renewed.model_trainers.meta_trainer | Ep [030/500] T-Acc: 100.0%  V-Acc:  42.9%  V-AUROC: 0.6667  LR: 2.00e-05
2026-06-29 22:08:48,494 | [DYN-LATENT] | INFO | meta_classifier_renewed.model_trainers.meta_trainer | Ep [031/500] T-Acc:  93.8%  V-Acc:  42.9%  V-AUROC: 0.6667  LR: 2.00e-05
2026-06-29 22:08:49,424 | [DYN-LATENT] | INFO | meta_classifier_renewed.model_trainers.meta_trainer | Ep [032/500] T-Acc:  93.8%  V-Acc:  42.9%  V-AUROC: 0.6667  LR: 2.00e-05
2026-06-29 22:08:50,274 | [DYN-LATENT] | INFO | meta_classifier_renewed.model_trainers.meta_trainer | Ep [033/500] T-Acc: 100.0%  V-Acc:  42.9%  V-AUROC: 0.6667  LR: 2.00e-05
2026-06-29 22:08:51,128 | [DYN-LATENT] | INFO | meta_classifier_renewed.model_trainers.meta_trainer | Ep [034/500] T-Acc: 100.0%  V-Acc:  42.9%  V-AUROC: 0.6667  LR: 2.00e-05
2026-06-29 22:08:51,984 | [DYN-LATENT] | INFO | meta_classifier_renewed.model_trainers.meta_trainer | Ep [035/500] T-Acc: 100.0%  V-Acc:  42.9%  V-AUROC: 0.6667  LR: 2.00e-05
2026-06-29 22:08:52,850 | [DYN-LATENT] | INFO | meta_classifier_renewed.model_trainers.meta_trainer | Ep [036/500] T-Acc:  93.8%  V-Acc:  42.9%  V-AUROC: 0.6667  LR: 2.00e-05
2026-06-29 22:08:53,697 | [DYN-LATENT] | INFO | meta_classifier_renewed.model_trainers.meta_trainer | Ep [037/500] T-Acc:  93.8%  V-Acc:  42.9%  V-AUROC: 0.6667  LR: 2.00e-05
2026-06-29 22:08:54,620 | [DYN-LATENT] | INFO | meta_classifier_renewed.model_trainers.meta_trainer | Ep [038/500] T-Acc:  87.5%  V-Acc:  42.9%  V-AUROC: 0.6667  LR: 4.00e-06
2026-06-29 22:08:55,468 | [DYN-LATENT] | INFO | meta_classifier_renewed.model_trainers.meta_trainer | Ep [039/500] T-Acc:  93.8%  V-Acc:  42.9%  V-AUROC: 0.6667  LR: 4.00e-06
2026-06-29 22:08:56,408 | [DYN-LATENT] | INFO | meta_classifier_renewed.model_trainers.meta_trainer | Ep [040/500] T-Acc:  93.8%  V-Acc:  42.9%  V-AUROC: 0.6667  LR: 4.00e-06
2026-06-29 22:08:57,255 | [DYN-LATENT] | INFO | meta_classifier_renewed.model_trainers.meta_trainer | Ep [041/500] T-Acc: 100.0%  V-Acc:  42.9%  V-AUROC: 0.6667  LR: 4.00e-06
2026-06-29 22:08:58,213 | [DYN-LATENT] | INFO | meta_classifier_renewed.model_trainers.meta_trainer | Ep [042/500] T-Acc: 100.0%  V-Acc:  42.9%  V-AUROC: 0.6667  LR: 4.00e-06
2026-06-29 22:08:59,069 | [DYN-LATENT] | INFO | meta_classifier_renewed.model_trainers.meta_trainer | Ep [043/500] T-Acc: 100.0%  V-Acc:  42.9%  V-AUROC: 0.6667  LR: 4.00e-06
2026-06-29 22:08:59,936 | [DYN-LATENT] | INFO | meta_classifier_renewed.model_trainers.meta_trainer | Ep [044/500] T-Acc: 100.0%  V-Acc:  42.9%  V-AUROC: 0.6667  LR: 4.00e-06
2026-06-29 22:09:00,788 | [DYN-LATENT] | INFO | meta_classifier_renewed.model_trainers.meta_trainer | Ep [045/500] T-Acc: 100.0%  V-Acc:  42.9%  V-AUROC: 0.6667  LR: 4.00e-06
2026-06-29 22:09:00,789 | [DYN-LATENT] | INFO | meta_classifier_renewed.model_trainers.meta_trainer | Early stop — best AUROC 0.6667 at epoch 15
2026-06-29 22:09:01,290 | [DYN-LATENT] | INFO | meta_classifier_renewed.evaluators.monte_carlo_evaluator | -> Fold 13 Result | Acc=0.429 Sens=0.250 Spec=0.667 AUROC=0.667
2026-06-29 22:09:01,472 | [DYN-LATENT] | INFO | meta_classifier_renewed.evaluators.monte_carlo_evaluator | === Fold 14/30 | train: 16 subj | test: 7 subj ===
2026-06-29 22:09:02,518 | [DYN-LATENT] | INFO | meta_classifier_renewed.model_trainers.meta_trainer | Ep [001/500] T-Acc:  25.0%  V-Acc:  42.9%  V-AUROC: 0.2500  LR: 2.00e-05
2026-06-29 22:09:03,772 | [DYN-LATENT] | INFO | meta_classifier_renewed.model_trainers.meta_trainer | Ep [002/500] T-Acc:  50.0%  V-Acc:  28.6%  V-AUROC: 0.2500  LR: 4.00e-05
2026-06-29 22:09:04,713 | [DYN-LATENT] | INFO | meta_classifier_renewed.model_trainers.meta_trainer | Ep [003/500] T-Acc:  37.5%  V-Acc:  57.1%  V-AUROC: 0.7500  LR: 6.00e-05
2026-06-29 22:09:05,697 | [DYN-LATENT] | INFO | meta_classifier_renewed.model_trainers.meta_trainer | Ep [004/500] T-Acc:  50.0%  V-Acc:  57.1%  V-AUROC: 0.8333  LR: 8.00e-05
2026-06-29 22:09:06,680 | [DYN-LATENT] | INFO | meta_classifier_renewed.model_trainers.meta_trainer | Ep [005/500] T-Acc:  50.0%  V-Acc:  57.1%  V-AUROC: 0.8333  LR: 1.00e-04
2026-06-29 22:09:07,538 | [DYN-LATENT] | INFO | meta_classifier_renewed.model_trainers.meta_trainer | Ep [006/500] T-Acc:  56.2%  V-Acc:  57.1%  V-AUROC: 0.8333  LR: 1.00e-04
2026-06-29 22:09:08,406 | [DYN-LATENT] | INFO | meta_classifier_renewed.model_trainers.meta_trainer | Ep [007/500] T-Acc:  31.2%  V-Acc:  71.4%  V-AUROC: 0.8333  LR: 1.00e-04
2026-06-29 22:09:09,267 | [DYN-LATENT] | INFO | meta_classifier_renewed.model_trainers.meta_trainer | Ep [008/500] T-Acc:  62.5%  V-Acc:  71.4%  V-AUROC: 0.8333  LR: 1.00e-04
2026-06-29 22:09:10,130 | [DYN-LATENT] | INFO | meta_classifier_renewed.model_trainers.meta_trainer | Ep [009/500] T-Acc:  50.0%  V-Acc:  71.4%  V-AUROC: 0.7500  LR: 1.00e-04
2026-06-29 22:09:11,112 | [DYN-LATENT] | INFO | meta_classifier_renewed.model_trainers.meta_trainer | Ep [010/500] T-Acc:  56.2%  V-Acc:  71.4%  V-AUROC: 0.7500  LR: 1.00e-04
2026-06-29 22:09:12,040 | [DYN-LATENT] | INFO | meta_classifier_renewed.model_trainers.meta_trainer | Ep [011/500] T-Acc:  56.2%  V-Acc:  71.4%  V-AUROC: 0.7500  LR: 1.00e-04
2026-06-29 22:09:12,920 | [DYN-LATENT] | INFO | meta_classifier_renewed.model_trainers.meta_trainer | Ep [012/500] T-Acc:  75.0%  V-Acc:  71.4%  V-AUROC: 0.7500  LR: 1.00e-04
2026-06-29 22:09:13,802 | [DYN-LATENT] | INFO | meta_classifier_renewed.model_trainers.meta_trainer | Ep [013/500] T-Acc:  62.5%  V-Acc:  71.4%  V-AUROC: 0.8333  LR: 1.00e-04
2026-06-29 22:09:14,716 | [DYN-LATENT] | INFO | meta_classifier_renewed.model_trainers.meta_trainer | Ep [014/500] T-Acc:  56.2%  V-Acc:  71.4%  V-AUROC: 0.8333  LR: 1.00e-04
2026-06-29 22:09:15,588 | [DYN-LATENT] | INFO | meta_classifier_renewed.model_trainers.meta_trainer | Ep [015/500] T-Acc:  68.8%  V-Acc:  71.4%  V-AUROC: 0.8333  LR: 1.00e-04
2026-06-29 22:09:16,498 | [DYN-LATENT] | INFO | meta_classifier_renewed.model_trainers.meta_trainer | Ep [016/500] T-Acc:  75.0%  V-Acc:  57.1%  V-AUROC: 0.8333  LR: 1.00e-04
2026-06-29 22:09:17,392 | [DYN-LATENT] | INFO | meta_classifier_renewed.model_trainers.meta_trainer | Ep [017/500] T-Acc:  93.8%  V-Acc:  57.1%  V-AUROC: 0.8333  LR: 1.00e-04
2026-06-29 22:09:18,252 | [DYN-LATENT] | INFO | meta_classifier_renewed.model_trainers.meta_trainer | Ep [018/500] T-Acc:  50.0%  V-Acc:  57.1%  V-AUROC: 0.8333  LR: 2.00e-05
2026-06-29 22:09:19,349 | [DYN-LATENT] | INFO | meta_classifier_renewed.model_trainers.meta_trainer | Ep [019/500] T-Acc:  68.8%  V-Acc:  57.1%  V-AUROC: 0.8333  LR: 2.00e-05
2026-06-29 22:09:20,259 | [DYN-LATENT] | INFO | meta_classifier_renewed.model_trainers.meta_trainer | Ep [020/500] T-Acc: 100.0%  V-Acc:  57.1%  V-AUROC: 0.8333  LR: 2.00e-05
2026-06-29 22:09:21,186 | [DYN-LATENT] | INFO | meta_classifier_renewed.model_trainers.meta_trainer | Ep [021/500] T-Acc:  75.0%  V-Acc:  57.1%  V-AUROC: 0.8333  LR: 2.00e-05
2026-06-29 22:09:22,054 | [DYN-LATENT] | INFO | meta_classifier_renewed.model_trainers.meta_trainer | Ep [022/500] T-Acc:  75.0%  V-Acc:  57.1%  V-AUROC: 0.8333  LR: 2.00e-05
2026-06-29 22:09:22,913 | [DYN-LATENT] | INFO | meta_classifier_renewed.model_trainers.meta_trainer | Ep [023/500] T-Acc:  75.0%  V-Acc:  57.1%  V-AUROC: 0.8333  LR: 2.00e-05
2026-06-29 22:09:23,812 | [DYN-LATENT] | INFO | meta_classifier_renewed.model_trainers.meta_trainer | Ep [024/500] T-Acc:  75.0%  V-Acc:  57.1%  V-AUROC: 0.8333  LR: 2.00e-05
2026-06-29 22:09:24,724 | [DYN-LATENT] | INFO | meta_classifier_renewed.model_trainers.meta_trainer | Ep [025/500] T-Acc:  93.8%  V-Acc:  57.1%  V-AUROC: 0.8333  LR: 2.00e-05
2026-06-29 22:09:25,591 | [DYN-LATENT] | INFO | meta_classifier_renewed.model_trainers.meta_trainer | Ep [026/500] T-Acc: 100.0%  V-Acc:  57.1%  V-AUROC: 0.8333  LR: 2.00e-05
2026-06-29 22:09:26,547 | [DYN-LATENT] | INFO | meta_classifier_renewed.model_trainers.meta_trainer | Ep [027/500] T-Acc:  81.2%  V-Acc:  57.1%  V-AUROC: 0.8333  LR: 2.00e-05
2026-06-29 22:09:27,419 | [DYN-LATENT] | INFO | meta_classifier_renewed.model_trainers.meta_trainer | Ep [028/500] T-Acc:  62.5%  V-Acc:  57.1%  V-AUROC: 0.8333  LR: 2.00e-05
2026-06-29 22:09:28,307 | [DYN-LATENT] | INFO | meta_classifier_renewed.model_trainers.meta_trainer | Ep [029/500] T-Acc:  75.0%  V-Acc:  71.4%  V-AUROC: 0.8333  LR: 4.00e-06
2026-06-29 22:09:29,164 | [DYN-LATENT] | INFO | meta_classifier_renewed.model_trainers.meta_trainer | Ep [030/500] T-Acc:  93.8%  V-Acc:  71.4%  V-AUROC: 0.8333  LR: 4.00e-06
2026-06-29 22:09:30,064 | [DYN-LATENT] | INFO | meta_classifier_renewed.model_trainers.meta_trainer | Ep [031/500] T-Acc:  93.8%  V-Acc:  57.1%  V-AUROC: 0.8333  LR: 4.00e-06
2026-06-29 22:09:30,979 | [DYN-LATENT] | INFO | meta_classifier_renewed.model_trainers.meta_trainer | Ep [032/500] T-Acc:  68.8%  V-Acc:  57.1%  V-AUROC: 0.8333  LR: 4.00e-06
2026-06-29 22:09:31,850 | [DYN-LATENT] | INFO | meta_classifier_renewed.model_trainers.meta_trainer | Ep [033/500] T-Acc:  87.5%  V-Acc:  57.1%  V-AUROC: 0.8333  LR: 4.00e-06
2026-06-29 22:09:32,722 | [DYN-LATENT] | INFO | meta_classifier_renewed.model_trainers.meta_trainer | Ep [034/500] T-Acc:  81.2%  V-Acc:  71.4%  V-AUROC: 0.8333  LR: 4.00e-06
2026-06-29 22:09:32,723 | [DYN-LATENT] | INFO | meta_classifier_renewed.model_trainers.meta_trainer | Early stop — best AUROC 0.8333 at epoch 4
2026-06-29 22:09:33,465 | [DYN-LATENT] | INFO | meta_classifier_renewed.evaluators.monte_carlo_evaluator | -> Fold 14 Result | Acc=0.571 Sens=0.250 Spec=1.000 AUROC=0.833
2026-06-29 22:09:33,715 | [DYN-LATENT] | INFO | meta_classifier_renewed.evaluators.monte_carlo_evaluator | === Fold 15/30 | train: 16 subj | test: 7 subj ===
2026-06-29 22:09:34,838 | [DYN-LATENT] | INFO | meta_classifier_renewed.model_trainers.meta_trainer | Ep [001/500] T-Acc:  56.2%  V-Acc:  28.6%  V-AUROC: 0.3333  LR: 2.00e-05
2026-06-29 22:09:36,002 | [DYN-LATENT] | INFO | meta_classifier_renewed.model_trainers.meta_trainer | Ep [002/500] T-Acc:  43.8%  V-Acc:  28.6%  V-AUROC: 0.3333  LR: 4.00e-05
2026-06-29 22:09:37,073 | [DYN-LATENT] | INFO | meta_classifier_renewed.model_trainers.meta_trainer | Ep [003/500] T-Acc:  31.2%  V-Acc:  42.9%  V-AUROC: 0.3333  LR: 6.00e-05
2026-06-29 22:09:37,954 | [DYN-LATENT] | INFO | meta_classifier_renewed.model_trainers.meta_trainer | Ep [004/500] T-Acc:  43.8%  V-Acc:  42.9%  V-AUROC: 0.4167  LR: 8.00e-05
2026-06-29 22:09:38,977 | [DYN-LATENT] | INFO | meta_classifier_renewed.model_trainers.meta_trainer | Ep [005/500] T-Acc:  56.2%  V-Acc:  57.1%  V-AUROC: 0.4167  LR: 1.00e-04
2026-06-29 22:09:39,838 | [DYN-LATENT] | INFO | meta_classifier_renewed.model_trainers.meta_trainer | Ep [006/500] T-Acc:  62.5%  V-Acc:  57.1%  V-AUROC: 0.4167  LR: 1.00e-04
2026-06-29 22:09:40,773 | [DYN-LATENT] | INFO | meta_classifier_renewed.model_trainers.meta_trainer | Ep [007/500] T-Acc:  87.5%  V-Acc:  57.1%  V-AUROC: 0.4167  LR: 1.00e-04
2026-06-29 22:09:41,779 | [DYN-LATENT] | INFO | meta_classifier_renewed.model_trainers.meta_trainer | Ep [008/500] T-Acc:  56.2%  V-Acc:  57.1%  V-AUROC: 0.5000  LR: 1.00e-04
2026-06-29 22:09:42,785 | [DYN-LATENT] | INFO | meta_classifier_renewed.model_trainers.meta_trainer | Ep [009/500] T-Acc:  68.8%  V-Acc:  57.1%  V-AUROC: 0.5833  LR: 1.00e-04
2026-06-29 22:09:43,815 | [DYN-LATENT] | INFO | meta_classifier_renewed.model_trainers.meta_trainer | Ep [010/500] T-Acc:  68.8%  V-Acc:  71.4%  V-AUROC: 0.5833  LR: 1.00e-04
2026-06-29 22:09:44,687 | [DYN-LATENT] | INFO | meta_classifier_renewed.model_trainers.meta_trainer | Ep [011/500] T-Acc:  68.8%  V-Acc:  71.4%  V-AUROC: 0.5833  LR: 1.00e-04
2026-06-29 22:09:45,541 | [DYN-LATENT] | INFO | meta_classifier_renewed.model_trainers.meta_trainer | Ep [012/500] T-Acc:  75.0%  V-Acc:  71.4%  V-AUROC: 0.5833  LR: 1.00e-04
2026-06-29 22:09:46,396 | [DYN-LATENT] | INFO | meta_classifier_renewed.model_trainers.meta_trainer | Ep [013/500] T-Acc:  75.0%  V-Acc:  57.1%  V-AUROC: 0.5833  LR: 1.00e-04
2026-06-29 22:09:47,294 | [DYN-LATENT] | INFO | meta_classifier_renewed.model_trainers.meta_trainer | Ep [014/500] T-Acc:  75.0%  V-Acc:  57.1%  V-AUROC: 0.5833  LR: 1.00e-04
2026-06-29 22:09:48,172 | [DYN-LATENT] | INFO | meta_classifier_renewed.model_trainers.meta_trainer | Ep [015/500] T-Acc:  81.2%  V-Acc:  71.4%  V-AUROC: 0.5833  LR: 1.00e-04
2026-06-29 22:09:49,037 | [DYN-LATENT] | INFO | meta_classifier_renewed.model_trainers.meta_trainer | Ep [016/500] T-Acc:  87.5%  V-Acc:  57.1%  V-AUROC: 0.5833  LR: 1.00e-04
2026-06-29 22:09:49,959 | [DYN-LATENT] | INFO | meta_classifier_renewed.model_trainers.meta_trainer | Ep [017/500] T-Acc:  93.8%  V-Acc:  57.1%  V-AUROC: 0.6667  LR: 1.00e-04
2026-06-29 22:09:50,974 | [DYN-LATENT] | INFO | meta_classifier_renewed.model_trainers.meta_trainer | Ep [018/500] T-Acc:  81.2%  V-Acc:  57.1%  V-AUROC: 0.6667  LR: 1.00e-04
2026-06-29 22:09:51,856 | [DYN-LATENT] | INFO | meta_classifier_renewed.model_trainers.meta_trainer | Ep [019/500] T-Acc:  93.8%  V-Acc:  57.1%  V-AUROC: 0.5833  LR: 1.00e-04
2026-06-29 22:09:52,778 | [DYN-LATENT] | INFO | meta_classifier_renewed.model_trainers.meta_trainer | Ep [020/500] T-Acc:  87.5%  V-Acc:  57.1%  V-AUROC: 0.5833  LR: 1.00e-04
2026-06-29 22:09:53,656 | [DYN-LATENT] | INFO | meta_classifier_renewed.model_trainers.meta_trainer | Ep [021/500] T-Acc:  93.8%  V-Acc:  71.4%  V-AUROC: 0.5833  LR: 1.00e-04
2026-06-29 22:09:54,514 | [DYN-LATENT] | INFO | meta_classifier_renewed.model_trainers.meta_trainer | Ep [022/500] T-Acc:  93.8%  V-Acc:  71.4%  V-AUROC: 0.5833  LR: 1.00e-04
2026-06-29 22:09:55,369 | [DYN-LATENT] | INFO | meta_classifier_renewed.model_trainers.meta_trainer | Ep [023/500] T-Acc: 100.0%  V-Acc:  71.4%  V-AUROC: 0.6667  LR: 1.00e-04
2026-06-29 22:09:56,294 | [DYN-LATENT] | INFO | meta_classifier_renewed.model_trainers.meta_trainer | Ep [024/500] T-Acc:  93.8%  V-Acc:  71.4%  V-AUROC: 0.6667  LR: 1.00e-04
2026-06-29 22:09:57,187 | [DYN-LATENT] | INFO | meta_classifier_renewed.model_trainers.meta_trainer | Ep [025/500] T-Acc:  93.8%  V-Acc:  71.4%  V-AUROC: 0.6667  LR: 1.00e-04
2026-06-29 22:09:58,037 | [DYN-LATENT] | INFO | meta_classifier_renewed.model_trainers.meta_trainer | Ep [026/500] T-Acc: 100.0%  V-Acc:  71.4%  V-AUROC: 0.6667  LR: 1.00e-04
2026-06-29 22:09:58,957 | [DYN-LATENT] | INFO | meta_classifier_renewed.model_trainers.meta_trainer | Ep [027/500] T-Acc:  87.5%  V-Acc:  71.4%  V-AUROC: 0.6667  LR: 1.00e-04
2026-06-29 22:09:59,816 | [DYN-LATENT] | INFO | meta_classifier_renewed.model_trainers.meta_trainer | Ep [028/500] T-Acc: 100.0%  V-Acc:  71.4%  V-AUROC: 0.5833  LR: 1.00e-04
2026-06-29 22:10:00,756 | [DYN-LATENT] | INFO | meta_classifier_renewed.model_trainers.meta_trainer | Ep [029/500] T-Acc: 100.0%  V-Acc:  71.4%  V-AUROC: 0.5833  LR: 2.00e-05
2026-06-29 22:10:01,614 | [DYN-LATENT] | INFO | meta_classifier_renewed.model_trainers.meta_trainer | Ep [030/500] T-Acc: 100.0%  V-Acc:  71.4%  V-AUROC: 0.5833  LR: 2.00e-05
2026-06-29 22:10:02,530 | [DYN-LATENT] | INFO | meta_classifier_renewed.model_trainers.meta_trainer | Ep [031/500] T-Acc: 100.0%  V-Acc:  71.4%  V-AUROC: 0.5833  LR: 2.00e-05
2026-06-29 22:10:03,381 | [DYN-LATENT] | INFO | meta_classifier_renewed.model_trainers.meta_trainer | Ep [032/500] T-Acc:  87.5%  V-Acc:  71.4%  V-AUROC: 0.6667  LR: 2.00e-05
2026-06-29 22:10:04,223 | [DYN-LATENT] | INFO | meta_classifier_renewed.model_trainers.meta_trainer | Ep [033/500] T-Acc: 100.0%  V-Acc:  71.4%  V-AUROC: 0.6667  LR: 2.00e-05
2026-06-29 22:10:05,093 | [DYN-LATENT] | INFO | meta_classifier_renewed.model_trainers.meta_trainer | Ep [034/500] T-Acc:  93.8%  V-Acc:  71.4%  V-AUROC: 0.6667  LR: 2.00e-05
2026-06-29 22:10:05,945 | [DYN-LATENT] | INFO | meta_classifier_renewed.model_trainers.meta_trainer | Ep [035/500] T-Acc: 100.0%  V-Acc:  57.1%  V-AUROC: 0.6667  LR: 2.00e-05
2026-06-29 22:10:06,841 | [DYN-LATENT] | INFO | meta_classifier_renewed.model_trainers.meta_trainer | Ep [036/500] T-Acc: 100.0%  V-Acc:  57.1%  V-AUROC: 0.6667  LR: 2.00e-05
2026-06-29 22:10:07,730 | [DYN-LATENT] | INFO | meta_classifier_renewed.model_trainers.meta_trainer | Ep [037/500] T-Acc: 100.0%  V-Acc:  57.1%  V-AUROC: 0.6667  LR: 2.00e-05
2026-06-29 22:10:08,621 | [DYN-LATENT] | INFO | meta_classifier_renewed.model_trainers.meta_trainer | Ep [038/500] T-Acc: 100.0%  V-Acc:  42.9%  V-AUROC: 0.6667  LR: 2.00e-05
2026-06-29 22:10:09,485 | [DYN-LATENT] | INFO | meta_classifier_renewed.model_trainers.meta_trainer | Ep [039/500] T-Acc: 100.0%  V-Acc:  42.9%  V-AUROC: 0.7500  LR: 2.00e-05
2026-06-29 22:10:10,507 | [DYN-LATENT] | INFO | meta_classifier_renewed.model_trainers.meta_trainer | Ep [040/500] T-Acc: 100.0%  V-Acc:  42.9%  V-AUROC: 0.7500  LR: 2.00e-05
2026-06-29 22:10:11,474 | [DYN-LATENT] | INFO | meta_classifier_renewed.model_trainers.meta_trainer | Ep [041/500] T-Acc: 100.0%  V-Acc:  42.9%  V-AUROC: 0.7500  LR: 2.00e-05
2026-06-29 22:10:12,374 | [DYN-LATENT] | INFO | meta_classifier_renewed.model_trainers.meta_trainer | Ep [042/500] T-Acc: 100.0%  V-Acc:  42.9%  V-AUROC: 0.7500  LR: 2.00e-05
2026-06-29 22:10:13,262 | [DYN-LATENT] | INFO | meta_classifier_renewed.model_trainers.meta_trainer | Ep [043/500] T-Acc: 100.0%  V-Acc:  42.9%  V-AUROC: 0.6667  LR: 2.00e-05
2026-06-29 22:10:14,111 | [DYN-LATENT] | INFO | meta_classifier_renewed.model_trainers.meta_trainer | Ep [044/500] T-Acc: 100.0%  V-Acc:  42.9%  V-AUROC: 0.6667  LR: 2.00e-05
2026-06-29 22:10:14,966 | [DYN-LATENT] | INFO | meta_classifier_renewed.model_trainers.meta_trainer | Ep [045/500] T-Acc: 100.0%  V-Acc:  42.9%  V-AUROC: 0.6667  LR: 2.00e-05
2026-06-29 22:10:15,830 | [DYN-LATENT] | INFO | meta_classifier_renewed.model_trainers.meta_trainer | Ep [046/500] T-Acc: 100.0%  V-Acc:  42.9%  V-AUROC: 0.6667  LR: 2.00e-05
2026-06-29 22:10:16,685 | [DYN-LATENT] | INFO | meta_classifier_renewed.model_trainers.meta_trainer | Ep [047/500] T-Acc: 100.0%  V-Acc:  42.9%  V-AUROC: 0.6667  LR: 2.00e-05
2026-06-29 22:10:17,542 | [DYN-LATENT] | INFO | meta_classifier_renewed.model_trainers.meta_trainer | Ep [048/500] T-Acc: 100.0%  V-Acc:  42.9%  V-AUROC: 0.6667  LR: 2.00e-05
2026-06-29 22:10:18,454 | [DYN-LATENT] | INFO | meta_classifier_renewed.model_trainers.meta_trainer | Ep [049/500] T-Acc: 100.0%  V-Acc:  57.1%  V-AUROC: 0.6667  LR: 2.00e-05
2026-06-29 22:10:19,308 | [DYN-LATENT] | INFO | meta_classifier_renewed.model_trainers.meta_trainer | Ep [050/500] T-Acc: 100.0%  V-Acc:  57.1%  V-AUROC: 0.6667  LR: 2.00e-05
2026-06-29 22:10:20,158 | [DYN-LATENT] | INFO | meta_classifier_renewed.model_trainers.meta_trainer | Ep [051/500] T-Acc: 100.0%  V-Acc:  57.1%  V-AUROC: 0.6667  LR: 4.00e-06
2026-06-29 22:10:21,024 | [DYN-LATENT] | INFO | meta_classifier_renewed.model_trainers.meta_trainer | Ep [052/500] T-Acc: 100.0%  V-Acc:  57.1%  V-AUROC: 0.6667  LR: 4.00e-06
2026-06-29 22:10:21,880 | [DYN-LATENT] | INFO | meta_classifier_renewed.model_trainers.meta_trainer | Ep [053/500] T-Acc: 100.0%  V-Acc:  57.1%  V-AUROC: 0.6667  LR: 4.00e-06
2026-06-29 22:10:22,767 | [DYN-LATENT] | INFO | meta_classifier_renewed.model_trainers.meta_trainer | Ep [054/500] T-Acc: 100.0%  V-Acc:  57.1%  V-AUROC: 0.6667  LR: 4.00e-06
2026-06-29 22:10:23,628 | [DYN-LATENT] | INFO | meta_classifier_renewed.model_trainers.meta_trainer | Ep [055/500] T-Acc: 100.0%  V-Acc:  57.1%  V-AUROC: 0.6667  LR: 4.00e-06
2026-06-29 22:10:24,485 | [DYN-LATENT] | INFO | meta_classifier_renewed.model_trainers.meta_trainer | Ep [056/500] T-Acc: 100.0%  V-Acc:  57.1%  V-AUROC: 0.6667  LR: 4.00e-06
2026-06-29 22:10:25,341 | [DYN-LATENT] | INFO | meta_classifier_renewed.model_trainers.meta_trainer | Ep [057/500] T-Acc: 100.0%  V-Acc:  57.1%  V-AUROC: 0.6667  LR: 4.00e-06
2026-06-29 22:10:26,247 | [DYN-LATENT] | INFO | meta_classifier_renewed.model_trainers.meta_trainer | Ep [058/500] T-Acc: 100.0%  V-Acc:  57.1%  V-AUROC: 0.6667  LR: 4.00e-06
2026-06-29 22:10:27,156 | [DYN-LATENT] | INFO | meta_classifier_renewed.model_trainers.meta_trainer | Ep [059/500] T-Acc: 100.0%  V-Acc:  57.1%  V-AUROC: 0.6667  LR: 4.00e-06
2026-06-29 22:10:28,032 | [DYN-LATENT] | INFO | meta_classifier_renewed.model_trainers.meta_trainer | Ep [060/500] T-Acc: 100.0%  V-Acc:  57.1%  V-AUROC: 0.6667  LR: 4.00e-06
2026-06-29 22:10:28,946 | [DYN-LATENT] | INFO | meta_classifier_renewed.model_trainers.meta_trainer | Ep [061/500] T-Acc: 100.0%  V-Acc:  57.1%  V-AUROC: 0.6667  LR: 4.00e-06
2026-06-29 22:10:29,840 | [DYN-LATENT] | INFO | meta_classifier_renewed.model_trainers.meta_trainer | Ep [062/500] T-Acc: 100.0%  V-Acc:  57.1%  V-AUROC: 0.6667  LR: 1.00e-06
2026-06-29 22:10:30,720 | [DYN-LATENT] | INFO | meta_classifier_renewed.model_trainers.meta_trainer | Ep [063/500] T-Acc: 100.0%  V-Acc:  42.9%  V-AUROC: 0.6667  LR: 1.00e-06
2026-06-29 22:10:31,625 | [DYN-LATENT] | INFO | meta_classifier_renewed.model_trainers.meta_trainer | Ep [064/500] T-Acc: 100.0%  V-Acc:  42.9%  V-AUROC: 0.6667  LR: 1.00e-06
2026-06-29 22:10:32,525 | [DYN-LATENT] | INFO | meta_classifier_renewed.model_trainers.meta_trainer | Ep [065/500] T-Acc: 100.0%  V-Acc:  42.9%  V-AUROC: 0.6667  LR: 1.00e-06
2026-06-29 22:10:33,398 | [DYN-LATENT] | INFO | meta_classifier_renewed.model_trainers.meta_trainer | Ep [066/500] T-Acc: 100.0%  V-Acc:  57.1%  V-AUROC: 0.6667  LR: 1.00e-06
2026-06-29 22:10:34,293 | [DYN-LATENT] | INFO | meta_classifier_renewed.model_trainers.meta_trainer | Ep [067/500] T-Acc: 100.0%  V-Acc:  42.9%  V-AUROC: 0.6667  LR: 1.00e-06
2026-06-29 22:10:35,155 | [DYN-LATENT] | INFO | meta_classifier_renewed.model_trainers.meta_trainer | Ep [068/500] T-Acc: 100.0%  V-Acc:  42.9%  V-AUROC: 0.6667  LR: 1.00e-06
2026-06-29 22:10:36,022 | [DYN-LATENT] | INFO | meta_classifier_renewed.model_trainers.meta_trainer | Ep [069/500] T-Acc: 100.0%  V-Acc:  42.9%  V-AUROC: 0.6667  LR: 1.00e-06
2026-06-29 22:10:36,024 | [DYN-LATENT] | INFO | meta_classifier_renewed.model_trainers.meta_trainer | Early stop — best AUROC 0.7500 at epoch 39
2026-06-29 22:10:36,536 | [DYN-LATENT] | INFO | meta_classifier_renewed.evaluators.monte_carlo_evaluator | -> Fold 15 Result | Acc=0.429 Sens=0.250 Spec=0.667 AUROC=0.750
2026-06-29 22:10:36,767 | [DYN-LATENT] | INFO | meta_classifier_renewed.evaluators.monte_carlo_evaluator | === Fold 16/30 | train: 16 subj | test: 7 subj ===
2026-06-29 22:10:38,048 | [DYN-LATENT] | INFO | meta_classifier_renewed.model_trainers.meta_trainer | Ep [001/500] T-Acc:  62.5%  V-Acc:  14.3%  V-AUROC: 0.1667  LR: 2.00e-05
2026-06-29 22:10:38,998 | [DYN-LATENT] | INFO | meta_classifier_renewed.model_trainers.meta_trainer | Ep [002/500] T-Acc:  75.0%  V-Acc:  28.6%  V-AUROC: 0.1667  LR: 4.00e-05
2026-06-29 22:10:39,852 | [DYN-LATENT] | INFO | meta_classifier_renewed.model_trainers.meta_trainer | Ep [003/500] T-Acc:  43.8%  V-Acc:  14.3%  V-AUROC: 0.0000  LR: 6.00e-05
2026-06-29 22:10:40,773 | [DYN-LATENT] | INFO | meta_classifier_renewed.model_trainers.meta_trainer | Ep [004/500] T-Acc:  62.5%  V-Acc:  14.3%  V-AUROC: 0.0000  LR: 8.00e-05
2026-06-29 22:10:41,784 | [DYN-LATENT] | INFO | meta_classifier_renewed.model_trainers.meta_trainer | Ep [005/500] T-Acc:  56.2%  V-Acc:  71.4%  V-AUROC: 0.1667  LR: 1.00e-04
2026-06-29 22:10:42,678 | [DYN-LATENT] | INFO | meta_classifier_renewed.model_trainers.meta_trainer | Ep [006/500] T-Acc:  37.5%  V-Acc:  85.7%  V-AUROC: 0.1667  LR: 1.00e-04
2026-06-29 22:10:43,583 | [DYN-LATENT] | INFO | meta_classifier_renewed.model_trainers.meta_trainer | Ep [007/500] T-Acc:  62.5%  V-Acc:  71.4%  V-AUROC: 0.1667  LR: 1.00e-04
2026-06-29 22:10:44,492 | [DYN-LATENT] | INFO | meta_classifier_renewed.model_trainers.meta_trainer | Ep [008/500] T-Acc:  50.0%  V-Acc:  42.9%  V-AUROC: 0.3333  LR: 1.00e-04
2026-06-29 22:10:45,534 | [DYN-LATENT] | INFO | meta_classifier_renewed.model_trainers.meta_trainer | Ep [009/500] T-Acc:  50.0%  V-Acc:  28.6%  V-AUROC: 0.5000  LR: 1.00e-04
2026-06-29 22:10:46,589 | [DYN-LATENT] | INFO | meta_classifier_renewed.model_trainers.meta_trainer | Ep [010/500] T-Acc:  62.5%  V-Acc:  42.9%  V-AUROC: 0.6667  LR: 1.00e-04
2026-06-29 22:10:47,608 | [DYN-LATENT] | INFO | meta_classifier_renewed.model_trainers.meta_trainer | Ep [011/500] T-Acc:  62.5%  V-Acc:  14.3%  V-AUROC: 0.6667  LR: 1.00e-04
2026-06-29 22:10:48,486 | [DYN-LATENT] | INFO | meta_classifier_renewed.model_trainers.meta_trainer | Ep [012/500] T-Acc:  75.0%  V-Acc:  14.3%  V-AUROC: 0.8333  LR: 1.00e-04
2026-06-29 22:10:49,491 | [DYN-LATENT] | INFO | meta_classifier_renewed.model_trainers.meta_trainer | Ep [013/500] T-Acc:  62.5%  V-Acc:  42.9%  V-AUROC: 1.0000  LR: 1.00e-04
2026-06-29 22:10:50,501 | [DYN-LATENT] | INFO | meta_classifier_renewed.model_trainers.meta_trainer | Ep [014/500] T-Acc:  75.0%  V-Acc:  42.9%  V-AUROC: 1.0000  LR: 1.00e-04
2026-06-29 22:10:51,678 | [DYN-LATENT] | INFO | meta_classifier_renewed.model_trainers.meta_trainer | Ep [015/500] T-Acc:  68.8%  V-Acc:  42.9%  V-AUROC: 1.0000  LR: 1.00e-04
2026-06-29 22:10:52,636 | [DYN-LATENT] | INFO | meta_classifier_renewed.model_trainers.meta_trainer | Ep [016/500] T-Acc:  81.2%  V-Acc:  42.9%  V-AUROC: 1.0000  LR: 1.00e-04
2026-06-29 22:10:53,533 | [DYN-LATENT] | INFO | meta_classifier_renewed.model_trainers.meta_trainer | Ep [017/500] T-Acc:  75.0%  V-Acc:  42.9%  V-AUROC: 1.0000  LR: 1.00e-04
2026-06-29 22:10:54,468 | [DYN-LATENT] | INFO | meta_classifier_renewed.model_trainers.meta_trainer | Ep [018/500] T-Acc:  68.8%  V-Acc:  42.9%  V-AUROC: 1.0000  LR: 1.00e-04
2026-06-29 22:10:55,367 | [DYN-LATENT] | INFO | meta_classifier_renewed.model_trainers.meta_trainer | Ep [019/500] T-Acc:  87.5%  V-Acc:  42.9%  V-AUROC: 1.0000  LR: 1.00e-04
2026-06-29 22:10:56,317 | [DYN-LATENT] | INFO | meta_classifier_renewed.model_trainers.meta_trainer | Ep [020/500] T-Acc:  87.5%  V-Acc:  42.9%  V-AUROC: 1.0000  LR: 1.00e-04
2026-06-29 22:10:57,218 | [DYN-LATENT] | INFO | meta_classifier_renewed.model_trainers.meta_trainer | Ep [021/500] T-Acc:  87.5%  V-Acc:  42.9%  V-AUROC: 1.0000  LR: 1.00e-04
2026-06-29 22:10:58,130 | [DYN-LATENT] | INFO | meta_classifier_renewed.model_trainers.meta_trainer | Ep [022/500] T-Acc:  81.2%  V-Acc:  42.9%  V-AUROC: 1.0000  LR: 1.00e-04
2026-06-29 22:10:59,050 | [DYN-LATENT] | INFO | meta_classifier_renewed.model_trainers.meta_trainer | Ep [023/500] T-Acc:  87.5%  V-Acc:  42.9%  V-AUROC: 1.0000  LR: 1.00e-04
2026-06-29 22:10:59,981 | [DYN-LATENT] | INFO | meta_classifier_renewed.model_trainers.meta_trainer | Ep [024/500] T-Acc:  87.5%  V-Acc:  28.6%  V-AUROC: 1.0000  LR: 1.00e-04
2026-06-29 22:11:00,872 | [DYN-LATENT] | INFO | meta_classifier_renewed.model_trainers.meta_trainer | Ep [025/500] T-Acc:  87.5%  V-Acc:  28.6%  V-AUROC: 1.0000  LR: 2.00e-05
2026-06-29 22:11:01,748 | [DYN-LATENT] | INFO | meta_classifier_renewed.model_trainers.meta_trainer | Ep [026/500] T-Acc:  87.5%  V-Acc:  28.6%  V-AUROC: 1.0000  LR: 2.00e-05
2026-06-29 22:11:02,646 | [DYN-LATENT] | INFO | meta_classifier_renewed.model_trainers.meta_trainer | Ep [027/500] T-Acc:  93.8%  V-Acc:  28.6%  V-AUROC: 1.0000  LR: 2.00e-05
2026-06-29 22:11:03,542 | [DYN-LATENT] | INFO | meta_classifier_renewed.model_trainers.meta_trainer | Ep [028/500] T-Acc: 100.0%  V-Acc:  28.6%  V-AUROC: 1.0000  LR: 2.00e-05
2026-06-29 22:11:04,433 | [DYN-LATENT] | INFO | meta_classifier_renewed.model_trainers.meta_trainer | Ep [029/500] T-Acc:  87.5%  V-Acc:  28.6%  V-AUROC: 1.0000  LR: 2.00e-05
2026-06-29 22:11:05,367 | [DYN-LATENT] | INFO | meta_classifier_renewed.model_trainers.meta_trainer | Ep [030/500] T-Acc:  93.8%  V-Acc:  28.6%  V-AUROC: 1.0000  LR: 2.00e-05
2026-06-29 22:11:06,258 | [DYN-LATENT] | INFO | meta_classifier_renewed.model_trainers.meta_trainer | Ep [031/500] T-Acc:  93.8%  V-Acc:  28.6%  V-AUROC: 1.0000  LR: 2.00e-05
2026-06-29 22:11:07,169 | [DYN-LATENT] | INFO | meta_classifier_renewed.model_trainers.meta_trainer | Ep [032/500] T-Acc:  93.8%  V-Acc:  28.6%  V-AUROC: 1.0000  LR: 2.00e-05
2026-06-29 22:11:08,066 | [DYN-LATENT] | INFO | meta_classifier_renewed.model_trainers.meta_trainer | Ep [033/500] T-Acc:  93.8%  V-Acc:  28.6%  V-AUROC: 1.0000  LR: 2.00e-05
2026-06-29 22:11:08,969 | [DYN-LATENT] | INFO | meta_classifier_renewed.model_trainers.meta_trainer | Ep [034/500] T-Acc: 100.0%  V-Acc:  28.6%  V-AUROC: 1.0000  LR: 2.00e-05
2026-06-29 22:11:09,875 | [DYN-LATENT] | INFO | meta_classifier_renewed.model_trainers.meta_trainer | Ep [035/500] T-Acc:  93.8%  V-Acc:  28.6%  V-AUROC: 1.0000  LR: 2.00e-05
2026-06-29 22:11:10,776 | [DYN-LATENT] | INFO | meta_classifier_renewed.model_trainers.meta_trainer | Ep [036/500] T-Acc:  87.5%  V-Acc:  28.6%  V-AUROC: 1.0000  LR: 4.00e-06
2026-06-29 22:11:11,719 | [DYN-LATENT] | INFO | meta_classifier_renewed.model_trainers.meta_trainer | Ep [037/500] T-Acc:  93.8%  V-Acc:  28.6%  V-AUROC: 1.0000  LR: 4.00e-06
2026-06-29 22:11:12,603 | [DYN-LATENT] | INFO | meta_classifier_renewed.model_trainers.meta_trainer | Ep [038/500] T-Acc:  93.8%  V-Acc:  28.6%  V-AUROC: 1.0000  LR: 4.00e-06
2026-06-29 22:11:13,483 | [DYN-LATENT] | INFO | meta_classifier_renewed.model_trainers.meta_trainer | Ep [039/500] T-Acc:  87.5%  V-Acc:  28.6%  V-AUROC: 1.0000  LR: 4.00e-06
2026-06-29 22:11:14,372 | [DYN-LATENT] | INFO | meta_classifier_renewed.model_trainers.meta_trainer | Ep [040/500] T-Acc: 100.0%  V-Acc:  28.6%  V-AUROC: 1.0000  LR: 4.00e-06
2026-06-29 22:11:15,267 | [DYN-LATENT] | INFO | meta_classifier_renewed.model_trainers.meta_trainer | Ep [041/500] T-Acc:  87.5%  V-Acc:  28.6%  V-AUROC: 1.0000  LR: 4.00e-06
2026-06-29 22:11:16,144 | [DYN-LATENT] | INFO | meta_classifier_renewed.model_trainers.meta_trainer | Ep [042/500] T-Acc:  93.8%  V-Acc:  28.6%  V-AUROC: 1.0000  LR: 4.00e-06
2026-06-29 22:11:17,046 | [DYN-LATENT] | INFO | meta_classifier_renewed.model_trainers.meta_trainer | Ep [043/500] T-Acc:  93.8%  V-Acc:  28.6%  V-AUROC: 1.0000  LR: 4.00e-06
2026-06-29 22:11:17,046 | [DYN-LATENT] | INFO | meta_classifier_renewed.model_trainers.meta_trainer | Early stop — best AUROC 1.0000 at epoch 13
2026-06-29 22:11:17,538 | [DYN-LATENT] | INFO | meta_classifier_renewed.evaluators.monte_carlo_evaluator | -> Fold 16 Result | Acc=0.429 Sens=1.000 Spec=0.333 AUROC=1.000
2026-06-29 22:11:17,765 | [DYN-LATENT] | INFO | meta_classifier_renewed.evaluators.monte_carlo_evaluator | === Fold 17/30 | train: 16 subj | test: 7 subj ===
2026-06-29 22:11:18,846 | [DYN-LATENT] | INFO | meta_classifier_renewed.model_trainers.meta_trainer | Ep [001/500] T-Acc:  43.8%  V-Acc:  42.9%  V-AUROC: 0.3333  LR: 2.00e-05
2026-06-29 22:11:19,830 | [DYN-LATENT] | INFO | meta_classifier_renewed.model_trainers.meta_trainer | Ep [002/500] T-Acc:  43.8%  V-Acc:  42.9%  V-AUROC: 0.3333  LR: 4.00e-05
2026-06-29 22:11:20,736 | [DYN-LATENT] | INFO | meta_classifier_renewed.model_trainers.meta_trainer | Ep [003/500] T-Acc:  56.2%  V-Acc:  85.7%  V-AUROC: 0.6667  LR: 6.00e-05
2026-06-29 22:11:21,761 | [DYN-LATENT] | INFO | meta_classifier_renewed.model_trainers.meta_trainer | Ep [004/500] T-Acc:  50.0%  V-Acc:  57.1%  V-AUROC: 0.6667  LR: 8.00e-05
2026-06-29 22:11:22,874 | [DYN-LATENT] | INFO | meta_classifier_renewed.model_trainers.meta_trainer | Ep [005/500] T-Acc:  31.2%  V-Acc:  57.1%  V-AUROC: 0.7500  LR: 1.00e-04
2026-06-29 22:11:23,904 | [DYN-LATENT] | INFO | meta_classifier_renewed.model_trainers.meta_trainer | Ep [006/500] T-Acc:  50.0%  V-Acc:  57.1%  V-AUROC: 0.6667  LR: 1.00e-04
2026-06-29 22:11:25,088 | [DYN-LATENT] | INFO | meta_classifier_renewed.model_trainers.meta_trainer | Ep [007/500] T-Acc:  31.2%  V-Acc:  85.7%  V-AUROC: 0.6667  LR: 1.00e-04
2026-06-29 22:11:26,158 | [DYN-LATENT] | INFO | meta_classifier_renewed.model_trainers.meta_trainer | Ep [008/500] T-Acc:  68.8%  V-Acc:  28.6%  V-AUROC: 0.5000  LR: 1.00e-04
2026-06-29 22:11:27,143 | [DYN-LATENT] | INFO | meta_classifier_renewed.model_trainers.meta_trainer | Ep [009/500] T-Acc:  37.5%  V-Acc:  42.9%  V-AUROC: 0.5000  LR: 1.00e-04
2026-06-29 22:11:28,068 | [DYN-LATENT] | INFO | meta_classifier_renewed.model_trainers.meta_trainer | Ep [010/500] T-Acc:  62.5%  V-Acc:  42.9%  V-AUROC: 0.5000  LR: 1.00e-04
2026-06-29 22:11:28,975 | [DYN-LATENT] | INFO | meta_classifier_renewed.model_trainers.meta_trainer | Ep [011/500] T-Acc:  31.2%  V-Acc:  57.1%  V-AUROC: 0.6667  LR: 1.00e-04
2026-06-29 22:11:29,892 | [DYN-LATENT] | INFO | meta_classifier_renewed.model_trainers.meta_trainer | Ep [012/500] T-Acc:  56.2%  V-Acc:  57.1%  V-AUROC: 0.8333  LR: 1.00e-04
2026-06-29 22:11:30,940 | [DYN-LATENT] | INFO | meta_classifier_renewed.model_trainers.meta_trainer | Ep [013/500] T-Acc:  62.5%  V-Acc:  57.1%  V-AUROC: 0.8333  LR: 1.00e-04
2026-06-29 22:11:31,869 | [DYN-LATENT] | INFO | meta_classifier_renewed.model_trainers.meta_trainer | Ep [014/500] T-Acc:  62.5%  V-Acc:  57.1%  V-AUROC: 0.7500  LR: 1.00e-04
2026-06-29 22:11:32,774 | [DYN-LATENT] | INFO | meta_classifier_renewed.model_trainers.meta_trainer | Ep [015/500] T-Acc:  68.8%  V-Acc:  85.7%  V-AUROC: 0.7500  LR: 1.00e-04
2026-06-29 22:11:33,663 | [DYN-LATENT] | INFO | meta_classifier_renewed.model_trainers.meta_trainer | Ep [016/500] T-Acc:  43.8%  V-Acc:  85.7%  V-AUROC: 0.7500  LR: 1.00e-04
2026-06-29 22:11:34,599 | [DYN-LATENT] | INFO | meta_classifier_renewed.model_trainers.meta_trainer | Ep [017/500] T-Acc:  56.2%  V-Acc:  57.1%  V-AUROC: 0.7500  LR: 1.00e-04
2026-06-29 22:11:35,564 | [DYN-LATENT] | INFO | meta_classifier_renewed.model_trainers.meta_trainer | Ep [018/500] T-Acc:  50.0%  V-Acc:  57.1%  V-AUROC: 0.7500  LR: 1.00e-04
2026-06-29 22:11:36,483 | [DYN-LATENT] | INFO | meta_classifier_renewed.model_trainers.meta_trainer | Ep [019/500] T-Acc:  81.2%  V-Acc:  57.1%  V-AUROC: 0.7500  LR: 1.00e-04
2026-06-29 22:11:37,387 | [DYN-LATENT] | INFO | meta_classifier_renewed.model_trainers.meta_trainer | Ep [020/500] T-Acc:  75.0%  V-Acc:  57.1%  V-AUROC: 0.6667  LR: 1.00e-04
2026-06-29 22:11:38,304 | [DYN-LATENT] | INFO | meta_classifier_renewed.model_trainers.meta_trainer | Ep [021/500] T-Acc:  56.2%  V-Acc:  57.1%  V-AUROC: 0.5000  LR: 1.00e-04
2026-06-29 22:11:39,199 | [DYN-LATENT] | INFO | meta_classifier_renewed.model_trainers.meta_trainer | Ep [022/500] T-Acc:  75.0%  V-Acc:  57.1%  V-AUROC: 0.4167  LR: 1.00e-04
2026-06-29 22:11:40,114 | [DYN-LATENT] | INFO | meta_classifier_renewed.model_trainers.meta_trainer | Ep [023/500] T-Acc:  50.0%  V-Acc:  57.1%  V-AUROC: 0.4167  LR: 1.00e-04
2026-06-29 22:11:41,049 | [DYN-LATENT] | INFO | meta_classifier_renewed.model_trainers.meta_trainer | Ep [024/500] T-Acc:  75.0%  V-Acc:  42.9%  V-AUROC: 0.4167  LR: 2.00e-05
2026-06-29 22:11:41,991 | [DYN-LATENT] | INFO | meta_classifier_renewed.model_trainers.meta_trainer | Ep [025/500] T-Acc:  68.8%  V-Acc:  42.9%  V-AUROC: 0.4167  LR: 2.00e-05
2026-06-29 22:11:42,893 | [DYN-LATENT] | INFO | meta_classifier_renewed.model_trainers.meta_trainer | Ep [026/500] T-Acc:  87.5%  V-Acc:  42.9%  V-AUROC: 0.5000  LR: 2.00e-05
2026-06-29 22:11:43,812 | [DYN-LATENT] | INFO | meta_classifier_renewed.model_trainers.meta_trainer | Ep [027/500] T-Acc:  87.5%  V-Acc:  42.9%  V-AUROC: 0.5000  LR: 2.00e-05
2026-06-29 22:11:44,716 | [DYN-LATENT] | INFO | meta_classifier_renewed.model_trainers.meta_trainer | Ep [028/500] T-Acc:  75.0%  V-Acc:  57.1%  V-AUROC: 0.5000  LR: 2.00e-05
2026-06-29 22:11:45,638 | [DYN-LATENT] | INFO | meta_classifier_renewed.model_trainers.meta_trainer | Ep [029/500] T-Acc:  68.8%  V-Acc:  57.1%  V-AUROC: 0.5833  LR: 2.00e-05
2026-06-29 22:11:46,547 | [DYN-LATENT] | INFO | meta_classifier_renewed.model_trainers.meta_trainer | Ep [030/500] T-Acc:  87.5%  V-Acc:  57.1%  V-AUROC: 0.5833  LR: 2.00e-05
2026-06-29 22:11:47,461 | [DYN-LATENT] | INFO | meta_classifier_renewed.model_trainers.meta_trainer | Ep [031/500] T-Acc:  75.0%  V-Acc:  57.1%  V-AUROC: 0.5833  LR: 2.00e-05
2026-06-29 22:11:48,341 | [DYN-LATENT] | INFO | meta_classifier_renewed.model_trainers.meta_trainer | Ep [032/500] T-Acc:  87.5%  V-Acc:  57.1%  V-AUROC: 0.5833  LR: 2.00e-05
2026-06-29 22:11:49,229 | [DYN-LATENT] | INFO | meta_classifier_renewed.model_trainers.meta_trainer | Ep [033/500] T-Acc:  68.8%  V-Acc:  57.1%  V-AUROC: 0.5833  LR: 2.00e-05
2026-06-29 22:11:50,127 | [DYN-LATENT] | INFO | meta_classifier_renewed.model_trainers.meta_trainer | Ep [034/500] T-Acc:  62.5%  V-Acc:  57.1%  V-AUROC: 0.5833  LR: 2.00e-05
2026-06-29 22:11:51,027 | [DYN-LATENT] | INFO | meta_classifier_renewed.model_trainers.meta_trainer | Ep [035/500] T-Acc:  68.8%  V-Acc:  57.1%  V-AUROC: 0.5833  LR: 4.00e-06
2026-06-29 22:11:51,927 | [DYN-LATENT] | INFO | meta_classifier_renewed.model_trainers.meta_trainer | Ep [036/500] T-Acc:  87.5%  V-Acc:  57.1%  V-AUROC: 0.5833  LR: 4.00e-06
2026-06-29 22:11:52,811 | [DYN-LATENT] | INFO | meta_classifier_renewed.model_trainers.meta_trainer | Ep [037/500] T-Acc:  81.2%  V-Acc:  57.1%  V-AUROC: 0.5833  LR: 4.00e-06
2026-06-29 22:11:53,694 | [DYN-LATENT] | INFO | meta_classifier_renewed.model_trainers.meta_trainer | Ep [038/500] T-Acc:  75.0%  V-Acc:  57.1%  V-AUROC: 0.5833  LR: 4.00e-06
2026-06-29 22:11:54,602 | [DYN-LATENT] | INFO | meta_classifier_renewed.model_trainers.meta_trainer | Ep [039/500] T-Acc:  93.8%  V-Acc:  57.1%  V-AUROC: 0.5833  LR: 4.00e-06
2026-06-29 22:11:55,482 | [DYN-LATENT] | INFO | meta_classifier_renewed.model_trainers.meta_trainer | Ep [040/500] T-Acc:  81.2%  V-Acc:  57.1%  V-AUROC: 0.5833  LR: 4.00e-06
2026-06-29 22:11:56,416 | [DYN-LATENT] | INFO | meta_classifier_renewed.model_trainers.meta_trainer | Ep [041/500] T-Acc:  81.2%  V-Acc:  57.1%  V-AUROC: 0.5833  LR: 4.00e-06
2026-06-29 22:11:57,311 | [DYN-LATENT] | INFO | meta_classifier_renewed.model_trainers.meta_trainer | Ep [042/500] T-Acc: 100.0%  V-Acc:  57.1%  V-AUROC: 0.5833  LR: 4.00e-06
2026-06-29 22:11:57,311 | [DYN-LATENT] | INFO | meta_classifier_renewed.model_trainers.meta_trainer | Early stop — best AUROC 0.8333 at epoch 12
2026-06-29 22:11:57,795 | [DYN-LATENT] | INFO | meta_classifier_renewed.evaluators.monte_carlo_evaluator | -> Fold 17 Result | Acc=0.571 Sens=0.000 Spec=1.000 AUROC=0.833
2026-06-29 22:11:58,029 | [DYN-LATENT] | INFO | meta_classifier_renewed.evaluators.monte_carlo_evaluator | === Fold 18/30 | train: 16 subj | test: 7 subj ===
2026-06-29 22:11:59,107 | [DYN-LATENT] | INFO | meta_classifier_renewed.model_trainers.meta_trainer | Ep [001/500] T-Acc:  43.8%  V-Acc:  57.1%  V-AUROC: 0.5000  LR: 2.00e-05
2026-06-29 22:12:00,092 | [DYN-LATENT] | INFO | meta_classifier_renewed.model_trainers.meta_trainer | Ep [002/500] T-Acc:  50.0%  V-Acc:  57.1%  V-AUROC: 0.5000  LR: 4.00e-05
2026-06-29 22:12:00,980 | [DYN-LATENT] | INFO | meta_classifier_renewed.model_trainers.meta_trainer | Ep [003/500] T-Acc:  68.8%  V-Acc:  57.1%  V-AUROC: 0.2500  LR: 6.00e-05
2026-06-29 22:12:01,885 | [DYN-LATENT] | INFO | meta_classifier_renewed.model_trainers.meta_trainer | Ep [004/500] T-Acc:  50.0%  V-Acc:  28.6%  V-AUROC: 0.3333  LR: 8.00e-05
2026-06-29 22:12:02,777 | [DYN-LATENT] | INFO | meta_classifier_renewed.model_trainers.meta_trainer | Ep [005/500] T-Acc:  37.5%  V-Acc:  28.6%  V-AUROC: 0.2500  LR: 1.00e-04
2026-06-29 22:12:03,725 | [DYN-LATENT] | INFO | meta_classifier_renewed.model_trainers.meta_trainer | Ep [006/500] T-Acc:  68.8%  V-Acc:  28.6%  V-AUROC: 0.1667  LR: 1.00e-04
2026-06-29 22:12:04,622 | [DYN-LATENT] | INFO | meta_classifier_renewed.model_trainers.meta_trainer | Ep [007/500] T-Acc:  62.5%  V-Acc:  42.9%  V-AUROC: 0.1667  LR: 1.00e-04
2026-06-29 22:12:05,530 | [DYN-LATENT] | INFO | meta_classifier_renewed.model_trainers.meta_trainer | Ep [008/500] T-Acc:  56.2%  V-Acc:  28.6%  V-AUROC: 0.2500  LR: 1.00e-04
2026-06-29 22:12:06,425 | [DYN-LATENT] | INFO | meta_classifier_renewed.model_trainers.meta_trainer | Ep [009/500] T-Acc:  75.0%  V-Acc:  28.6%  V-AUROC: 0.1667  LR: 1.00e-04
2026-06-29 22:12:07,323 | [DYN-LATENT] | INFO | meta_classifier_renewed.model_trainers.meta_trainer | Ep [010/500] T-Acc:  62.5%  V-Acc:  42.9%  V-AUROC: 0.1667  LR: 1.00e-04
2026-06-29 22:12:08,193 | [DYN-LATENT] | INFO | meta_classifier_renewed.model_trainers.meta_trainer | Ep [011/500] T-Acc:  75.0%  V-Acc:  42.9%  V-AUROC: 0.1667  LR: 1.00e-04
2026-06-29 22:12:09,088 | [DYN-LATENT] | INFO | meta_classifier_renewed.model_trainers.meta_trainer | Ep [012/500] T-Acc:  56.2%  V-Acc:  42.9%  V-AUROC: 0.1667  LR: 1.00e-04
2026-06-29 22:12:10,009 | [DYN-LATENT] | INFO | meta_classifier_renewed.model_trainers.meta_trainer | Ep [013/500] T-Acc:  68.8%  V-Acc:  28.6%  V-AUROC: 0.1667  LR: 1.00e-04
2026-06-29 22:12:10,955 | [DYN-LATENT] | INFO | meta_classifier_renewed.model_trainers.meta_trainer | Ep [014/500] T-Acc:  68.8%  V-Acc:  28.6%  V-AUROC: 0.1667  LR: 1.00e-04
2026-06-29 22:12:11,981 | [DYN-LATENT] | INFO | meta_classifier_renewed.model_trainers.meta_trainer | Ep [015/500] T-Acc:  81.2%  V-Acc:  42.9%  V-AUROC: 0.3333  LR: 1.00e-04
2026-06-29 22:12:12,926 | [DYN-LATENT] | INFO | meta_classifier_renewed.model_trainers.meta_trainer | Ep [016/500] T-Acc:  56.2%  V-Acc:  42.9%  V-AUROC: 0.3333  LR: 1.00e-04
2026-06-29 22:12:13,820 | [DYN-LATENT] | INFO | meta_classifier_renewed.model_trainers.meta_trainer | Ep [017/500] T-Acc:  87.5%  V-Acc:  42.9%  V-AUROC: 0.4167  LR: 1.00e-04
2026-06-29 22:12:14,702 | [DYN-LATENT] | INFO | meta_classifier_renewed.model_trainers.meta_trainer | Ep [018/500] T-Acc:  75.0%  V-Acc:  42.9%  V-AUROC: 0.3333  LR: 1.00e-04
2026-06-29 22:12:15,629 | [DYN-LATENT] | INFO | meta_classifier_renewed.model_trainers.meta_trainer | Ep [019/500] T-Acc:  87.5%  V-Acc:  57.1%  V-AUROC: 0.3333  LR: 1.00e-04
2026-06-29 22:12:16,528 | [DYN-LATENT] | INFO | meta_classifier_renewed.model_trainers.meta_trainer | Ep [020/500] T-Acc:  81.2%  V-Acc:  57.1%  V-AUROC: 0.3333  LR: 1.00e-04
2026-06-29 22:12:17,438 | [DYN-LATENT] | INFO | meta_classifier_renewed.model_trainers.meta_trainer | Ep [021/500] T-Acc:  87.5%  V-Acc:  57.1%  V-AUROC: 0.3333  LR: 1.00e-04
2026-06-29 22:12:18,329 | [DYN-LATENT] | INFO | meta_classifier_renewed.model_trainers.meta_trainer | Ep [022/500] T-Acc:  81.2%  V-Acc:  28.6%  V-AUROC: 0.3333  LR: 1.00e-04
2026-06-29 22:12:19,210 | [DYN-LATENT] | INFO | meta_classifier_renewed.model_trainers.meta_trainer | Ep [023/500] T-Acc:  87.5%  V-Acc:  28.6%  V-AUROC: 0.3333  LR: 1.00e-04
2026-06-29 22:12:20,100 | [DYN-LATENT] | INFO | meta_classifier_renewed.model_trainers.meta_trainer | Ep [024/500] T-Acc:  75.0%  V-Acc:  28.6%  V-AUROC: 0.3333  LR: 1.00e-04
2026-06-29 22:12:20,982 | [DYN-LATENT] | INFO | meta_classifier_renewed.model_trainers.meta_trainer | Ep [025/500] T-Acc:  93.8%  V-Acc:  28.6%  V-AUROC: 0.3333  LR: 1.00e-04
2026-06-29 22:12:21,874 | [DYN-LATENT] | INFO | meta_classifier_renewed.model_trainers.meta_trainer | Ep [026/500] T-Acc: 100.0%  V-Acc:  28.6%  V-AUROC: 0.3333  LR: 1.00e-04
2026-06-29 22:12:22,770 | [DYN-LATENT] | INFO | meta_classifier_renewed.model_trainers.meta_trainer | Ep [027/500] T-Acc:  93.8%  V-Acc:  28.6%  V-AUROC: 0.4167  LR: 1.00e-04
2026-06-29 22:12:23,664 | [DYN-LATENT] | INFO | meta_classifier_renewed.model_trainers.meta_trainer | Ep [028/500] T-Acc:  81.2%  V-Acc:  28.6%  V-AUROC: 0.3333  LR: 1.00e-04
2026-06-29 22:12:24,554 | [DYN-LATENT] | INFO | meta_classifier_renewed.model_trainers.meta_trainer | Ep [029/500] T-Acc:  93.8%  V-Acc:  28.6%  V-AUROC: 0.4167  LR: 2.00e-05
2026-06-29 22:12:25,464 | [DYN-LATENT] | INFO | meta_classifier_renewed.model_trainers.meta_trainer | Ep [030/500] T-Acc: 100.0%  V-Acc:  28.6%  V-AUROC: 0.4167  LR: 2.00e-05
2026-06-29 22:12:26,381 | [DYN-LATENT] | INFO | meta_classifier_renewed.model_trainers.meta_trainer | Ep [031/500] T-Acc:  87.5%  V-Acc:  28.6%  V-AUROC: 0.4167  LR: 2.00e-05
2026-06-29 22:12:26,381 | [DYN-LATENT] | INFO | meta_classifier_renewed.model_trainers.meta_trainer | Early stop — best AUROC 0.5000 at epoch 1
2026-06-29 22:12:26,848 | [DYN-LATENT] | INFO | meta_classifier_renewed.evaluators.monte_carlo_evaluator | -> Fold 18 Result | Acc=0.571 Sens=0.000 Spec=1.000 AUROC=0.500
2026-06-29 22:12:26,957 | [DYN-LATENT] | INFO | meta_classifier_renewed.evaluators.monte_carlo_evaluator | === Fold 19/30 | train: 16 subj | test: 7 subj ===
2026-06-29 22:12:28,228 | [DYN-LATENT] | INFO | meta_classifier_renewed.model_trainers.meta_trainer | Ep [001/500] T-Acc:  43.8%  V-Acc:  42.9%  V-AUROC: 0.7500  LR: 2.00e-05
2026-06-29 22:12:29,425 | [DYN-LATENT] | INFO | meta_classifier_renewed.model_trainers.meta_trainer | Ep [002/500] T-Acc:  56.2%  V-Acc:  42.9%  V-AUROC: 0.7500  LR: 4.00e-05
2026-06-29 22:12:30,294 | [DYN-LATENT] | INFO | meta_classifier_renewed.model_trainers.meta_trainer | Ep [003/500] T-Acc:  43.8%  V-Acc:  42.9%  V-AUROC: 0.9167  LR: 6.00e-05
2026-06-29 22:12:31,313 | [DYN-LATENT] | INFO | meta_classifier_renewed.model_trainers.meta_trainer | Ep [004/500] T-Acc:  50.0%  V-Acc:  42.9%  V-AUROC: 0.9167  LR: 8.00e-05
2026-06-29 22:12:32,195 | [DYN-LATENT] | INFO | meta_classifier_renewed.model_trainers.meta_trainer | Ep [005/500] T-Acc:  81.2%  V-Acc:  42.9%  V-AUROC: 0.9167  LR: 1.00e-04
2026-06-29 22:12:33,137 | [DYN-LATENT] | INFO | meta_classifier_renewed.model_trainers.meta_trainer | Ep [006/500] T-Acc:  56.2%  V-Acc:  42.9%  V-AUROC: 1.0000  LR: 1.00e-04
2026-06-29 22:12:34,265 | [DYN-LATENT] | INFO | meta_classifier_renewed.model_trainers.meta_trainer | Ep [007/500] T-Acc:  50.0%  V-Acc:  57.1%  V-AUROC: 1.0000  LR: 1.00e-04
2026-06-29 22:12:35,329 | [DYN-LATENT] | INFO | meta_classifier_renewed.model_trainers.meta_trainer | Ep [008/500] T-Acc:  56.2%  V-Acc:  57.1%  V-AUROC: 1.0000  LR: 1.00e-04
2026-06-29 22:12:36,258 | [DYN-LATENT] | INFO | meta_classifier_renewed.model_trainers.meta_trainer | Ep [009/500] T-Acc:  37.5%  V-Acc:  71.4%  V-AUROC: 1.0000  LR: 1.00e-04
2026-06-29 22:12:37,202 | [DYN-LATENT] | INFO | meta_classifier_renewed.model_trainers.meta_trainer | Ep [010/500] T-Acc:  37.5%  V-Acc:  71.4%  V-AUROC: 0.9167  LR: 1.00e-04
2026-06-29 22:12:38,099 | [DYN-LATENT] | INFO | meta_classifier_renewed.model_trainers.meta_trainer | Ep [011/500] T-Acc:  75.0%  V-Acc:  85.7%  V-AUROC: 0.8333  LR: 1.00e-04
2026-06-29 22:12:38,990 | [DYN-LATENT] | INFO | meta_classifier_renewed.model_trainers.meta_trainer | Ep [012/500] T-Acc:  37.5%  V-Acc:  85.7%  V-AUROC: 0.8333  LR: 1.00e-04
2026-06-29 22:12:39,919 | [DYN-LATENT] | INFO | meta_classifier_renewed.model_trainers.meta_trainer | Ep [013/500] T-Acc:  81.2%  V-Acc:  71.4%  V-AUROC: 0.7500  LR: 1.00e-04
2026-06-29 22:12:40,812 | [DYN-LATENT] | INFO | meta_classifier_renewed.model_trainers.meta_trainer | Ep [014/500] T-Acc:  50.0%  V-Acc:  57.1%  V-AUROC: 0.7500  LR: 1.00e-04
2026-06-29 22:12:41,836 | [DYN-LATENT] | INFO | meta_classifier_renewed.model_trainers.meta_trainer | Ep [015/500] T-Acc:  81.2%  V-Acc:  42.9%  V-AUROC: 0.7500  LR: 1.00e-04
2026-06-29 22:12:42,750 | [DYN-LATENT] | INFO | meta_classifier_renewed.model_trainers.meta_trainer | Ep [016/500] T-Acc:  62.5%  V-Acc:  42.9%  V-AUROC: 0.7500  LR: 1.00e-04
2026-06-29 22:12:43,645 | [DYN-LATENT] | INFO | meta_classifier_renewed.model_trainers.meta_trainer | Ep [017/500] T-Acc:  62.5%  V-Acc:  42.9%  V-AUROC: 0.7500  LR: 1.00e-04
2026-06-29 22:12:44,576 | [DYN-LATENT] | INFO | meta_classifier_renewed.model_trainers.meta_trainer | Ep [018/500] T-Acc:  75.0%  V-Acc:  42.9%  V-AUROC: 0.7500  LR: 2.00e-05
2026-06-29 22:12:45,445 | [DYN-LATENT] | INFO | meta_classifier_renewed.model_trainers.meta_trainer | Ep [019/500] T-Acc:  81.2%  V-Acc:  42.9%  V-AUROC: 0.7500  LR: 2.00e-05
2026-06-29 22:12:46,308 | [DYN-LATENT] | INFO | meta_classifier_renewed.model_trainers.meta_trainer | Ep [020/500] T-Acc:  81.2%  V-Acc:  42.9%  V-AUROC: 0.7500  LR: 2.00e-05
2026-06-29 22:12:47,200 | [DYN-LATENT] | INFO | meta_classifier_renewed.model_trainers.meta_trainer | Ep [021/500] T-Acc:  62.5%  V-Acc:  42.9%  V-AUROC: 0.7500  LR: 2.00e-05
2026-06-29 22:12:48,071 | [DYN-LATENT] | INFO | meta_classifier_renewed.model_trainers.meta_trainer | Ep [022/500] T-Acc:  50.0%  V-Acc:  42.9%  V-AUROC: 0.7500  LR: 2.00e-05
2026-06-29 22:12:49,205 | [DYN-LATENT] | INFO | meta_classifier_renewed.model_trainers.meta_trainer | Ep [023/500] T-Acc:  68.8%  V-Acc:  42.9%  V-AUROC: 0.7500  LR: 2.00e-05
2026-06-29 22:12:50,108 | [DYN-LATENT] | INFO | meta_classifier_renewed.model_trainers.meta_trainer | Ep [024/500] T-Acc:  68.8%  V-Acc:  57.1%  V-AUROC: 0.7500  LR: 2.00e-05
2026-06-29 22:12:51,058 | [DYN-LATENT] | INFO | meta_classifier_renewed.model_trainers.meta_trainer | Ep [025/500] T-Acc:  75.0%  V-Acc:  57.1%  V-AUROC: 0.7500  LR: 2.00e-05
2026-06-29 22:12:51,963 | [DYN-LATENT] | INFO | meta_classifier_renewed.model_trainers.meta_trainer | Ep [026/500] T-Acc:  81.2%  V-Acc:  57.1%  V-AUROC: 0.7500  LR: 2.00e-05
2026-06-29 22:12:52,937 | [DYN-LATENT] | INFO | meta_classifier_renewed.model_trainers.meta_trainer | Ep [027/500] T-Acc:  81.2%  V-Acc:  57.1%  V-AUROC: 0.7500  LR: 2.00e-05
2026-06-29 22:12:53,850 | [DYN-LATENT] | INFO | meta_classifier_renewed.model_trainers.meta_trainer | Ep [028/500] T-Acc:  75.0%  V-Acc:  71.4%  V-AUROC: 0.8333  LR: 2.00e-05
2026-06-29 22:12:54,755 | [DYN-LATENT] | INFO | meta_classifier_renewed.model_trainers.meta_trainer | Ep [029/500] T-Acc:  87.5%  V-Acc:  71.4%  V-AUROC: 0.8333  LR: 4.00e-06
2026-06-29 22:12:55,642 | [DYN-LATENT] | INFO | meta_classifier_renewed.model_trainers.meta_trainer | Ep [030/500] T-Acc:  81.2%  V-Acc:  71.4%  V-AUROC: 0.8333  LR: 4.00e-06
2026-06-29 22:12:56,537 | [DYN-LATENT] | INFO | meta_classifier_renewed.model_trainers.meta_trainer | Ep [031/500] T-Acc:  87.5%  V-Acc:  71.4%  V-AUROC: 0.8333  LR: 4.00e-06
2026-06-29 22:12:57,442 | [DYN-LATENT] | INFO | meta_classifier_renewed.model_trainers.meta_trainer | Ep [032/500] T-Acc:  87.5%  V-Acc:  71.4%  V-AUROC: 0.8333  LR: 4.00e-06
2026-06-29 22:12:58,334 | [DYN-LATENT] | INFO | meta_classifier_renewed.model_trainers.meta_trainer | Ep [033/500] T-Acc:  56.2%  V-Acc:  71.4%  V-AUROC: 0.8333  LR: 4.00e-06
2026-06-29 22:12:59,250 | [DYN-LATENT] | INFO | meta_classifier_renewed.model_trainers.meta_trainer | Ep [034/500] T-Acc:  75.0%  V-Acc:  71.4%  V-AUROC: 0.8333  LR: 4.00e-06
2026-06-29 22:13:00,129 | [DYN-LATENT] | INFO | meta_classifier_renewed.model_trainers.meta_trainer | Ep [035/500] T-Acc:  75.0%  V-Acc:  71.4%  V-AUROC: 0.8333  LR: 4.00e-06
2026-06-29 22:13:01,009 | [DYN-LATENT] | INFO | meta_classifier_renewed.model_trainers.meta_trainer | Ep [036/500] T-Acc:  62.5%  V-Acc:  71.4%  V-AUROC: 0.8333  LR: 4.00e-06
2026-06-29 22:13:01,009 | [DYN-LATENT] | INFO | meta_classifier_renewed.model_trainers.meta_trainer | Early stop — best AUROC 1.0000 at epoch 6
2026-06-29 22:13:01,512 | [DYN-LATENT] | INFO | meta_classifier_renewed.evaluators.monte_carlo_evaluator | -> Fold 19 Result | Acc=0.429 Sens=0.000 Spec=1.000 AUROC=1.000
2026-06-29 22:13:01,817 | [DYN-LATENT] | INFO | meta_classifier_renewed.evaluators.monte_carlo_evaluator | === Fold 20/30 | train: 16 subj | test: 7 subj ===
2026-06-29 22:13:03,113 | [DYN-LATENT] | INFO | meta_classifier_renewed.model_trainers.meta_trainer | Ep [001/500] T-Acc:  37.5%  V-Acc:  57.1%  V-AUROC: 0.8333  LR: 2.00e-05
2026-06-29 22:13:04,106 | [DYN-LATENT] | INFO | meta_classifier_renewed.model_trainers.meta_trainer | Ep [002/500] T-Acc:  62.5%  V-Acc:  57.1%  V-AUROC: 0.8333  LR: 4.00e-05
2026-06-29 22:13:05,029 | [DYN-LATENT] | INFO | meta_classifier_renewed.model_trainers.meta_trainer | Ep [003/500] T-Acc:  56.2%  V-Acc:  57.1%  V-AUROC: 0.6667  LR: 6.00e-05
2026-06-29 22:13:05,931 | [DYN-LATENT] | INFO | meta_classifier_renewed.model_trainers.meta_trainer | Ep [004/500] T-Acc:  50.0%  V-Acc:  57.1%  V-AUROC: 0.5000  LR: 8.00e-05
2026-06-29 22:13:06,818 | [DYN-LATENT] | INFO | meta_classifier_renewed.model_trainers.meta_trainer | Ep [005/500] T-Acc:  68.8%  V-Acc: 100.0%  V-AUROC: 1.0000  LR: 1.00e-04
2026-06-29 22:13:07,897 | [DYN-LATENT] | INFO | meta_classifier_renewed.model_trainers.meta_trainer | Ep [006/500] T-Acc:  56.2%  V-Acc:  71.4%  V-AUROC: 1.0000  LR: 1.00e-04
2026-06-29 22:13:09,053 | [DYN-LATENT] | INFO | meta_classifier_renewed.model_trainers.meta_trainer | Ep [007/500] T-Acc:  56.2%  V-Acc:  71.4%  V-AUROC: 0.7500  LR: 1.00e-04
2026-06-29 22:13:09,975 | [DYN-LATENT] | INFO | meta_classifier_renewed.model_trainers.meta_trainer | Ep [008/500] T-Acc:  43.8%  V-Acc:  71.4%  V-AUROC: 0.7500  LR: 1.00e-04
2026-06-29 22:13:10,865 | [DYN-LATENT] | INFO | meta_classifier_renewed.model_trainers.meta_trainer | Ep [009/500] T-Acc:  37.5%  V-Acc:  57.1%  V-AUROC: 0.2500  LR: 1.00e-04
2026-06-29 22:13:11,971 | [DYN-LATENT] | INFO | meta_classifier_renewed.model_trainers.meta_trainer | Ep [010/500] T-Acc:  37.5%  V-Acc:  42.9%  V-AUROC: 0.2500  LR: 1.00e-04
2026-06-29 22:13:12,892 | [DYN-LATENT] | INFO | meta_classifier_renewed.model_trainers.meta_trainer | Ep [011/500] T-Acc:  62.5%  V-Acc:  42.9%  V-AUROC: 0.2500  LR: 1.00e-04
2026-06-29 22:13:13,768 | [DYN-LATENT] | INFO | meta_classifier_renewed.model_trainers.meta_trainer | Ep [012/500] T-Acc:  50.0%  V-Acc:  42.9%  V-AUROC: 0.2500  LR: 1.00e-04
2026-06-29 22:13:14,674 | [DYN-LATENT] | INFO | meta_classifier_renewed.model_trainers.meta_trainer | Ep [013/500] T-Acc:  75.0%  V-Acc:  28.6%  V-AUROC: 0.2500  LR: 1.00e-04
2026-06-29 22:13:15,554 | [DYN-LATENT] | INFO | meta_classifier_renewed.model_trainers.meta_trainer | Ep [014/500] T-Acc:  62.5%  V-Acc:  28.6%  V-AUROC: 0.2500  LR: 1.00e-04
2026-06-29 22:13:16,439 | [DYN-LATENT] | INFO | meta_classifier_renewed.model_trainers.meta_trainer | Ep [015/500] T-Acc:  43.8%  V-Acc:  42.9%  V-AUROC: 0.2500  LR: 1.00e-04
2026-06-29 22:13:17,324 | [DYN-LATENT] | INFO | meta_classifier_renewed.model_trainers.meta_trainer | Ep [016/500] T-Acc:  68.8%  V-Acc:  42.9%  V-AUROC: 0.2500  LR: 1.00e-04
2026-06-29 22:13:18,233 | [DYN-LATENT] | INFO | meta_classifier_renewed.model_trainers.meta_trainer | Ep [017/500] T-Acc:  43.8%  V-Acc:  42.9%  V-AUROC: 0.3333  LR: 1.00e-04
2026-06-29 22:13:19,163 | [DYN-LATENT] | INFO | meta_classifier_renewed.model_trainers.meta_trainer | Ep [018/500] T-Acc:  56.2%  V-Acc:  42.9%  V-AUROC: 0.3333  LR: 2.00e-05
2026-06-29 22:13:20,044 | [DYN-LATENT] | INFO | meta_classifier_renewed.model_trainers.meta_trainer | Ep [019/500] T-Acc:  68.8%  V-Acc:  42.9%  V-AUROC: 0.3333  LR: 2.00e-05
2026-06-29 22:13:20,925 | [DYN-LATENT] | INFO | meta_classifier_renewed.model_trainers.meta_trainer | Ep [020/500] T-Acc:  68.8%  V-Acc:  42.9%  V-AUROC: 0.2500  LR: 2.00e-05
2026-06-29 22:13:21,820 | [DYN-LATENT] | INFO | meta_classifier_renewed.model_trainers.meta_trainer | Ep [021/500] T-Acc:  68.8%  V-Acc:  42.9%  V-AUROC: 0.2500  LR: 2.00e-05
2026-06-29 22:13:22,732 | [DYN-LATENT] | INFO | meta_classifier_renewed.model_trainers.meta_trainer | Ep [022/500] T-Acc:  75.0%  V-Acc:  42.9%  V-AUROC: 0.2500  LR: 2.00e-05
2026-06-29 22:13:23,777 | [DYN-LATENT] | INFO | meta_classifier_renewed.model_trainers.meta_trainer | Ep [023/500] T-Acc:  68.8%  V-Acc:  42.9%  V-AUROC: 0.2500  LR: 2.00e-05
2026-06-29 22:13:24,708 | [DYN-LATENT] | INFO | meta_classifier_renewed.model_trainers.meta_trainer | Ep [024/500] T-Acc:  68.8%  V-Acc:  42.9%  V-AUROC: 0.2500  LR: 2.00e-05
2026-06-29 22:13:25,624 | [DYN-LATENT] | INFO | meta_classifier_renewed.model_trainers.meta_trainer | Ep [025/500] T-Acc:  75.0%  V-Acc:  42.9%  V-AUROC: 0.2500  LR: 2.00e-05
2026-06-29 22:13:26,553 | [DYN-LATENT] | INFO | meta_classifier_renewed.model_trainers.meta_trainer | Ep [026/500] T-Acc:  81.2%  V-Acc:  42.9%  V-AUROC: 0.2500  LR: 2.00e-05
2026-06-29 22:13:27,440 | [DYN-LATENT] | INFO | meta_classifier_renewed.model_trainers.meta_trainer | Ep [027/500] T-Acc:  87.5%  V-Acc:  42.9%  V-AUROC: 0.2500  LR: 2.00e-05
2026-06-29 22:13:28,338 | [DYN-LATENT] | INFO | meta_classifier_renewed.model_trainers.meta_trainer | Ep [028/500] T-Acc:  75.0%  V-Acc:  42.9%  V-AUROC: 0.2500  LR: 2.00e-05
2026-06-29 22:13:29,225 | [DYN-LATENT] | INFO | meta_classifier_renewed.model_trainers.meta_trainer | Ep [029/500] T-Acc:  68.8%  V-Acc:  42.9%  V-AUROC: 0.2500  LR: 4.00e-06
2026-06-29 22:13:30,118 | [DYN-LATENT] | INFO | meta_classifier_renewed.model_trainers.meta_trainer | Ep [030/500] T-Acc:  75.0%  V-Acc:  42.9%  V-AUROC: 0.2500  LR: 4.00e-06
2026-06-29 22:13:31,004 | [DYN-LATENT] | INFO | meta_classifier_renewed.model_trainers.meta_trainer | Ep [031/500] T-Acc:  68.8%  V-Acc:  42.9%  V-AUROC: 0.2500  LR: 4.00e-06
2026-06-29 22:13:31,936 | [DYN-LATENT] | INFO | meta_classifier_renewed.model_trainers.meta_trainer | Ep [032/500] T-Acc:  68.8%  V-Acc:  42.9%  V-AUROC: 0.2500  LR: 4.00e-06
2026-06-29 22:13:32,831 | [DYN-LATENT] | INFO | meta_classifier_renewed.model_trainers.meta_trainer | Ep [033/500] T-Acc:  81.2%  V-Acc:  42.9%  V-AUROC: 0.2500  LR: 4.00e-06
2026-06-29 22:13:33,756 | [DYN-LATENT] | INFO | meta_classifier_renewed.model_trainers.meta_trainer | Ep [034/500] T-Acc:  93.8%  V-Acc:  42.9%  V-AUROC: 0.2500  LR: 4.00e-06
2026-06-29 22:13:34,665 | [DYN-LATENT] | INFO | meta_classifier_renewed.model_trainers.meta_trainer | Ep [035/500] T-Acc:  75.0%  V-Acc:  42.9%  V-AUROC: 0.2500  LR: 4.00e-06
2026-06-29 22:13:34,665 | [DYN-LATENT] | INFO | meta_classifier_renewed.model_trainers.meta_trainer | Early stop — best AUROC 1.0000 at epoch 5
2026-06-29 22:13:35,140 | [DYN-LATENT] | INFO | meta_classifier_renewed.evaluators.monte_carlo_evaluator | -> Fold 20 Result | Acc=1.000 Sens=1.000 Spec=1.000 AUROC=1.000
2026-06-29 22:13:35,400 | [DYN-LATENT] | INFO | meta_classifier_renewed.evaluators.monte_carlo_evaluator | === Fold 21/30 | train: 16 subj | test: 7 subj ===
2026-06-29 22:13:36,616 | [DYN-LATENT] | INFO | meta_classifier_renewed.model_trainers.meta_trainer | Ep [001/500] T-Acc:  43.8%  V-Acc:  42.9%  V-AUROC: 0.4167  LR: 2.00e-05
2026-06-29 22:13:37,601 | [DYN-LATENT] | INFO | meta_classifier_renewed.model_trainers.meta_trainer | Ep [002/500] T-Acc:  56.2%  V-Acc:  57.1%  V-AUROC: 0.4167  LR: 4.00e-05
2026-06-29 22:13:38,826 | [DYN-LATENT] | INFO | meta_classifier_renewed.model_trainers.meta_trainer | Ep [003/500] T-Acc:  68.8%  V-Acc:  71.4%  V-AUROC: 0.5000  LR: 6.00e-05
2026-06-29 22:13:39,842 | [DYN-LATENT] | INFO | meta_classifier_renewed.model_trainers.meta_trainer | Ep [004/500] T-Acc:  43.8%  V-Acc:  71.4%  V-AUROC: 0.5000  LR: 8.00e-05
2026-06-29 22:13:40,727 | [DYN-LATENT] | INFO | meta_classifier_renewed.model_trainers.meta_trainer | Ep [005/500] T-Acc:  68.8%  V-Acc:  57.1%  V-AUROC: 0.5000  LR: 1.00e-04
2026-06-29 22:13:41,686 | [DYN-LATENT] | INFO | meta_classifier_renewed.model_trainers.meta_trainer | Ep [006/500] T-Acc:  43.8%  V-Acc:  57.1%  V-AUROC: 0.5833  LR: 1.00e-04
2026-06-29 22:13:42,675 | [DYN-LATENT] | INFO | meta_classifier_renewed.model_trainers.meta_trainer | Ep [007/500] T-Acc:  62.5%  V-Acc:  57.1%  V-AUROC: 0.6667  LR: 1.00e-04
2026-06-29 22:13:43,676 | [DYN-LATENT] | INFO | meta_classifier_renewed.model_trainers.meta_trainer | Ep [008/500] T-Acc:  62.5%  V-Acc:  57.1%  V-AUROC: 0.6667  LR: 1.00e-04
2026-06-29 22:13:44,557 | [DYN-LATENT] | INFO | meta_classifier_renewed.model_trainers.meta_trainer | Ep [009/500] T-Acc:  68.8%  V-Acc:  42.9%  V-AUROC: 0.6667  LR: 1.00e-04
2026-06-29 22:13:45,445 | [DYN-LATENT] | INFO | meta_classifier_renewed.model_trainers.meta_trainer | Ep [010/500] T-Acc:  75.0%  V-Acc:  42.9%  V-AUROC: 0.6667  LR: 1.00e-04
2026-06-29 22:13:46,323 | [DYN-LATENT] | INFO | meta_classifier_renewed.model_trainers.meta_trainer | Ep [011/500] T-Acc:  62.5%  V-Acc:  71.4%  V-AUROC: 0.6667  LR: 1.00e-04
2026-06-29 22:13:47,208 | [DYN-LATENT] | INFO | meta_classifier_renewed.model_trainers.meta_trainer | Ep [012/500] T-Acc:  87.5%  V-Acc:  71.4%  V-AUROC: 0.6667  LR: 1.00e-04
2026-06-29 22:13:48,106 | [DYN-LATENT] | INFO | meta_classifier_renewed.model_trainers.meta_trainer | Ep [013/500] T-Acc:  81.2%  V-Acc:  42.9%  V-AUROC: 0.6667  LR: 1.00e-04
2026-06-29 22:13:49,050 | [DYN-LATENT] | INFO | meta_classifier_renewed.model_trainers.meta_trainer | Ep [014/500] T-Acc:  93.8%  V-Acc:  57.1%  V-AUROC: 0.6667  LR: 1.00e-04
2026-06-29 22:13:49,945 | [DYN-LATENT] | INFO | meta_classifier_renewed.model_trainers.meta_trainer | Ep [015/500] T-Acc:  81.2%  V-Acc:  57.1%  V-AUROC: 0.6667  LR: 1.00e-04
2026-06-29 22:13:50,854 | [DYN-LATENT] | INFO | meta_classifier_renewed.model_trainers.meta_trainer | Ep [016/500] T-Acc:  87.5%  V-Acc:  71.4%  V-AUROC: 0.6667  LR: 1.00e-04
2026-06-29 22:13:51,783 | [DYN-LATENT] | INFO | meta_classifier_renewed.model_trainers.meta_trainer | Ep [017/500] T-Acc:  81.2%  V-Acc:  71.4%  V-AUROC: 0.6667  LR: 1.00e-04
2026-06-29 22:13:52,679 | [DYN-LATENT] | INFO | meta_classifier_renewed.model_trainers.meta_trainer | Ep [018/500] T-Acc:  93.8%  V-Acc:  71.4%  V-AUROC: 0.6667  LR: 1.00e-04
2026-06-29 22:13:53,585 | [DYN-LATENT] | INFO | meta_classifier_renewed.model_trainers.meta_trainer | Ep [019/500] T-Acc:  93.8%  V-Acc:  71.4%  V-AUROC: 0.6667  LR: 2.00e-05
2026-06-29 22:13:54,496 | [DYN-LATENT] | INFO | meta_classifier_renewed.model_trainers.meta_trainer | Ep [020/500] T-Acc:  81.2%  V-Acc:  71.4%  V-AUROC: 0.6667  LR: 2.00e-05
2026-06-29 22:13:55,398 | [DYN-LATENT] | INFO | meta_classifier_renewed.model_trainers.meta_trainer | Ep [021/500] T-Acc:  93.8%  V-Acc:  71.4%  V-AUROC: 0.6667  LR: 2.00e-05
2026-06-29 22:13:56,326 | [DYN-LATENT] | INFO | meta_classifier_renewed.model_trainers.meta_trainer | Ep [022/500] T-Acc:  93.8%  V-Acc:  71.4%  V-AUROC: 0.6667  LR: 2.00e-05
2026-06-29 22:13:57,362 | [DYN-LATENT] | INFO | meta_classifier_renewed.model_trainers.meta_trainer | Ep [023/500] T-Acc:  93.8%  V-Acc:  71.4%  V-AUROC: 0.6667  LR: 2.00e-05
2026-06-29 22:13:58,253 | [DYN-LATENT] | INFO | meta_classifier_renewed.model_trainers.meta_trainer | Ep [024/500] T-Acc:  93.8%  V-Acc:  71.4%  V-AUROC: 0.6667  LR: 2.00e-05
2026-06-29 22:13:59,160 | [DYN-LATENT] | INFO | meta_classifier_renewed.model_trainers.meta_trainer | Ep [025/500] T-Acc:  93.8%  V-Acc:  71.4%  V-AUROC: 0.6667  LR: 2.00e-05
2026-06-29 22:14:00,040 | [DYN-LATENT] | INFO | meta_classifier_renewed.model_trainers.meta_trainer | Ep [026/500] T-Acc:  87.5%  V-Acc:  71.4%  V-AUROC: 0.6667  LR: 2.00e-05
2026-06-29 22:14:00,927 | [DYN-LATENT] | INFO | meta_classifier_renewed.model_trainers.meta_trainer | Ep [027/500] T-Acc:  87.5%  V-Acc:  71.4%  V-AUROC: 0.6667  LR: 2.00e-05
2026-06-29 22:14:01,811 | [DYN-LATENT] | INFO | meta_classifier_renewed.model_trainers.meta_trainer | Ep [028/500] T-Acc:  87.5%  V-Acc:  71.4%  V-AUROC: 0.6667  LR: 2.00e-05
2026-06-29 22:14:02,725 | [DYN-LATENT] | INFO | meta_classifier_renewed.model_trainers.meta_trainer | Ep [029/500] T-Acc:  93.8%  V-Acc:  71.4%  V-AUROC: 0.6667  LR: 2.00e-05
2026-06-29 22:14:03,632 | [DYN-LATENT] | INFO | meta_classifier_renewed.model_trainers.meta_trainer | Ep [030/500] T-Acc:  87.5%  V-Acc:  71.4%  V-AUROC: 0.6667  LR: 4.00e-06
2026-06-29 22:14:04,544 | [DYN-LATENT] | INFO | meta_classifier_renewed.model_trainers.meta_trainer | Ep [031/500] T-Acc:  93.8%  V-Acc:  71.4%  V-AUROC: 0.6667  LR: 4.00e-06
2026-06-29 22:14:05,442 | [DYN-LATENT] | INFO | meta_classifier_renewed.model_trainers.meta_trainer | Ep [032/500] T-Acc:  81.2%  V-Acc:  71.4%  V-AUROC: 0.6667  LR: 4.00e-06
2026-06-29 22:14:06,413 | [DYN-LATENT] | INFO | meta_classifier_renewed.model_trainers.meta_trainer | Ep [033/500] T-Acc:  87.5%  V-Acc:  71.4%  V-AUROC: 0.6667  LR: 4.00e-06
2026-06-29 22:14:07,293 | [DYN-LATENT] | INFO | meta_classifier_renewed.model_trainers.meta_trainer | Ep [034/500] T-Acc:  87.5%  V-Acc:  71.4%  V-AUROC: 0.6667  LR: 4.00e-06
2026-06-29 22:14:08,187 | [DYN-LATENT] | INFO | meta_classifier_renewed.model_trainers.meta_trainer | Ep [035/500] T-Acc:  93.8%  V-Acc:  71.4%  V-AUROC: 0.6667  LR: 4.00e-06
2026-06-29 22:14:09,081 | [DYN-LATENT] | INFO | meta_classifier_renewed.model_trainers.meta_trainer | Ep [036/500] T-Acc:  81.2%  V-Acc:  71.4%  V-AUROC: 0.6667  LR: 4.00e-06
2026-06-29 22:14:09,966 | [DYN-LATENT] | INFO | meta_classifier_renewed.model_trainers.meta_trainer | Ep [037/500] T-Acc:  87.5%  V-Acc:  71.4%  V-AUROC: 0.6667  LR: 4.00e-06
2026-06-29 22:14:09,966 | [DYN-LATENT] | INFO | meta_classifier_renewed.model_trainers.meta_trainer | Early stop — best AUROC 0.6667 at epoch 7
2026-06-29 22:14:10,468 | [DYN-LATENT] | INFO | meta_classifier_renewed.evaluators.monte_carlo_evaluator | -> Fold 21 Result | Acc=0.571 Sens=0.000 Spec=1.000 AUROC=0.667
2026-06-29 22:14:10,696 | [DYN-LATENT] | INFO | meta_classifier_renewed.evaluators.monte_carlo_evaluator | === Fold 22/30 | train: 16 subj | test: 7 subj ===
2026-06-29 22:14:11,763 | [DYN-LATENT] | INFO | meta_classifier_renewed.model_trainers.meta_trainer | Ep [001/500] T-Acc:  56.2%  V-Acc:  14.3%  V-AUROC: 0.8333  LR: 2.00e-05
2026-06-29 22:14:13,028 | [DYN-LATENT] | INFO | meta_classifier_renewed.model_trainers.meta_trainer | Ep [002/500] T-Acc:  62.5%  V-Acc:  14.3%  V-AUROC: 0.8333  LR: 4.00e-05
2026-06-29 22:14:13,942 | [DYN-LATENT] | INFO | meta_classifier_renewed.model_trainers.meta_trainer | Ep [003/500] T-Acc:  56.2%  V-Acc:  28.6%  V-AUROC: 0.5000  LR: 6.00e-05
2026-06-29 22:14:14,837 | [DYN-LATENT] | INFO | meta_classifier_renewed.model_trainers.meta_trainer | Ep [004/500] T-Acc:  43.8%  V-Acc:  57.1%  V-AUROC: 0.3333  LR: 8.00e-05
2026-06-29 22:14:15,717 | [DYN-LATENT] | INFO | meta_classifier_renewed.model_trainers.meta_trainer | Ep [005/500] T-Acc:  62.5%  V-Acc:  57.1%  V-AUROC: 0.3333  LR: 1.00e-04
2026-06-29 22:14:16,598 | [DYN-LATENT] | INFO | meta_classifier_renewed.model_trainers.meta_trainer | Ep [006/500] T-Acc:  50.0%  V-Acc:  42.9%  V-AUROC: 0.3333  LR: 1.00e-04
2026-06-29 22:14:17,478 | [DYN-LATENT] | INFO | meta_classifier_renewed.model_trainers.meta_trainer | Ep [007/500] T-Acc:  43.8%  V-Acc:  28.6%  V-AUROC: 0.3333  LR: 1.00e-04
2026-06-29 22:14:18,366 | [DYN-LATENT] | INFO | meta_classifier_renewed.model_trainers.meta_trainer | Ep [008/500] T-Acc:  43.8%  V-Acc:  28.6%  V-AUROC: 0.3333  LR: 1.00e-04
2026-06-29 22:14:19,270 | [DYN-LATENT] | INFO | meta_classifier_renewed.model_trainers.meta_trainer | Ep [009/500] T-Acc:  68.8%  V-Acc:  28.6%  V-AUROC: 0.3333  LR: 1.00e-04
2026-06-29 22:14:20,165 | [DYN-LATENT] | INFO | meta_classifier_renewed.model_trainers.meta_trainer | Ep [010/500] T-Acc:  81.2%  V-Acc:  42.9%  V-AUROC: 0.3333  LR: 1.00e-04
2026-06-29 22:14:21,040 | [DYN-LATENT] | INFO | meta_classifier_renewed.model_trainers.meta_trainer | Ep [011/500] T-Acc:  56.2%  V-Acc:  42.9%  V-AUROC: 0.3333  LR: 1.00e-04
2026-06-29 22:14:21,919 | [DYN-LATENT] | INFO | meta_classifier_renewed.model_trainers.meta_trainer | Ep [012/500] T-Acc:  87.5%  V-Acc:  28.6%  V-AUROC: 0.3333  LR: 1.00e-04
2026-06-29 22:14:22,793 | [DYN-LATENT] | INFO | meta_classifier_renewed.model_trainers.meta_trainer | Ep [013/500] T-Acc:  81.2%  V-Acc:  28.6%  V-AUROC: 0.3333  LR: 1.00e-04
2026-06-29 22:14:23,673 | [DYN-LATENT] | INFO | meta_classifier_renewed.model_trainers.meta_trainer | Ep [014/500] T-Acc:  87.5%  V-Acc:  28.6%  V-AUROC: 0.3333  LR: 1.00e-04
2026-06-29 22:14:24,555 | [DYN-LATENT] | INFO | meta_classifier_renewed.model_trainers.meta_trainer | Ep [015/500] T-Acc:  81.2%  V-Acc:  28.6%  V-AUROC: 0.3333  LR: 1.00e-04
2026-06-29 22:14:25,545 | [DYN-LATENT] | INFO | meta_classifier_renewed.model_trainers.meta_trainer | Ep [016/500] T-Acc:  93.8%  V-Acc:  28.6%  V-AUROC: 0.3333  LR: 1.00e-04
2026-06-29 22:14:26,623 | [DYN-LATENT] | INFO | meta_classifier_renewed.model_trainers.meta_trainer | Ep [017/500] T-Acc:  87.5%  V-Acc:  28.6%  V-AUROC: 0.3333  LR: 1.00e-04
2026-06-29 22:14:27,576 | [DYN-LATENT] | INFO | meta_classifier_renewed.model_trainers.meta_trainer | Ep [018/500] T-Acc:  75.0%  V-Acc:  28.6%  V-AUROC: 0.3333  LR: 2.00e-05
2026-06-29 22:14:28,447 | [DYN-LATENT] | INFO | meta_classifier_renewed.model_trainers.meta_trainer | Ep [019/500] T-Acc:  87.5%  V-Acc:  28.6%  V-AUROC: 0.3333  LR: 2.00e-05
2026-06-29 22:14:29,327 | [DYN-LATENT] | INFO | meta_classifier_renewed.model_trainers.meta_trainer | Ep [020/500] T-Acc:  87.5%  V-Acc:  28.6%  V-AUROC: 0.3333  LR: 2.00e-05
2026-06-29 22:14:30,190 | [DYN-LATENT] | INFO | meta_classifier_renewed.model_trainers.meta_trainer | Ep [021/500] T-Acc:  87.5%  V-Acc:  28.6%  V-AUROC: 0.1667  LR: 2.00e-05
2026-06-29 22:14:31,061 | [DYN-LATENT] | INFO | meta_classifier_renewed.model_trainers.meta_trainer | Ep [022/500] T-Acc:  87.5%  V-Acc:  28.6%  V-AUROC: 0.1667  LR: 2.00e-05
2026-06-29 22:14:32,046 | [DYN-LATENT] | INFO | meta_classifier_renewed.model_trainers.meta_trainer | Ep [023/500] T-Acc:  87.5%  V-Acc:  28.6%  V-AUROC: 0.1667  LR: 2.00e-05
2026-06-29 22:14:32,943 | [DYN-LATENT] | INFO | meta_classifier_renewed.model_trainers.meta_trainer | Ep [024/500] T-Acc:  93.8%  V-Acc:  28.6%  V-AUROC: 0.1667  LR: 2.00e-05
2026-06-29 22:14:33,860 | [DYN-LATENT] | INFO | meta_classifier_renewed.model_trainers.meta_trainer | Ep [025/500] T-Acc:  93.8%  V-Acc:  28.6%  V-AUROC: 0.1667  LR: 2.00e-05
2026-06-29 22:14:34,756 | [DYN-LATENT] | INFO | meta_classifier_renewed.model_trainers.meta_trainer | Ep [026/500] T-Acc:  75.0%  V-Acc:  28.6%  V-AUROC: 0.1667  LR: 2.00e-05
2026-06-29 22:14:35,663 | [DYN-LATENT] | INFO | meta_classifier_renewed.model_trainers.meta_trainer | Ep [027/500] T-Acc:  81.2%  V-Acc:  28.6%  V-AUROC: 0.1667  LR: 2.00e-05
2026-06-29 22:14:36,573 | [DYN-LATENT] | INFO | meta_classifier_renewed.model_trainers.meta_trainer | Ep [028/500] T-Acc:  87.5%  V-Acc:  28.6%  V-AUROC: 0.1667  LR: 2.00e-05
2026-06-29 22:14:37,478 | [DYN-LATENT] | INFO | meta_classifier_renewed.model_trainers.meta_trainer | Ep [029/500] T-Acc:  93.8%  V-Acc:  28.6%  V-AUROC: 0.1667  LR: 4.00e-06
2026-06-29 22:14:38,346 | [DYN-LATENT] | INFO | meta_classifier_renewed.model_trainers.meta_trainer | Ep [030/500] T-Acc:  93.8%  V-Acc:  28.6%  V-AUROC: 0.1667  LR: 4.00e-06
2026-06-29 22:14:39,252 | [DYN-LATENT] | INFO | meta_classifier_renewed.model_trainers.meta_trainer | Ep [031/500] T-Acc:  87.5%  V-Acc:  28.6%  V-AUROC: 0.1667  LR: 4.00e-06
2026-06-29 22:14:39,252 | [DYN-LATENT] | INFO | meta_classifier_renewed.model_trainers.meta_trainer | Early stop — best AUROC 0.8333 at epoch 1
2026-06-29 22:14:39,771 | [DYN-LATENT] | INFO | meta_classifier_renewed.evaluators.monte_carlo_evaluator | -> Fold 22 Result | Acc=0.143 Sens=1.000 Spec=0.000 AUROC=0.833
2026-06-29 22:14:39,933 | [DYN-LATENT] | INFO | meta_classifier_renewed.evaluators.monte_carlo_evaluator | === Fold 23/30 | train: 16 subj | test: 7 subj ===
2026-06-29 22:14:41,162 | [DYN-LATENT] | INFO | meta_classifier_renewed.model_trainers.meta_trainer | Ep [001/500] T-Acc:  56.2%  V-Acc:  71.4%  V-AUROC: 0.5000  LR: 2.00e-05
2026-06-29 22:14:42,209 | [DYN-LATENT] | INFO | meta_classifier_renewed.model_trainers.meta_trainer | Ep [002/500] T-Acc:  50.0%  V-Acc:  71.4%  V-AUROC: 0.5000  LR: 4.00e-05
2026-06-29 22:14:43,095 | [DYN-LATENT] | INFO | meta_classifier_renewed.model_trainers.meta_trainer | Ep [003/500] T-Acc:  62.5%  V-Acc:  42.9%  V-AUROC: 0.5000  LR: 6.00e-05
2026-06-29 22:14:43,974 | [DYN-LATENT] | INFO | meta_classifier_renewed.model_trainers.meta_trainer | Ep [004/500] T-Acc:  50.0%  V-Acc:  28.6%  V-AUROC: 0.1000  LR: 8.00e-05
2026-06-29 22:14:44,941 | [DYN-LATENT] | INFO | meta_classifier_renewed.model_trainers.meta_trainer | Ep [005/500] T-Acc:  56.2%  V-Acc:  28.6%  V-AUROC: 0.0000  LR: 1.00e-04
2026-06-29 22:14:45,846 | [DYN-LATENT] | INFO | meta_classifier_renewed.model_trainers.meta_trainer | Ep [006/500] T-Acc:  50.0%  V-Acc:  28.6%  V-AUROC: 0.0000  LR: 1.00e-04
2026-06-29 22:14:46,734 | [DYN-LATENT] | INFO | meta_classifier_renewed.model_trainers.meta_trainer | Ep [007/500] T-Acc:  62.5%  V-Acc:  28.6%  V-AUROC: 0.0000  LR: 1.00e-04
2026-06-29 22:14:47,621 | [DYN-LATENT] | INFO | meta_classifier_renewed.model_trainers.meta_trainer | Ep [008/500] T-Acc:  43.8%  V-Acc:  28.6%  V-AUROC: 0.0000  LR: 1.00e-04
2026-06-29 22:14:48,502 | [DYN-LATENT] | INFO | meta_classifier_renewed.model_trainers.meta_trainer | Ep [009/500] T-Acc:  75.0%  V-Acc:  28.6%  V-AUROC: 0.3000  LR: 1.00e-04
2026-06-29 22:14:49,388 | [DYN-LATENT] | INFO | meta_classifier_renewed.model_trainers.meta_trainer | Ep [010/500] T-Acc:  43.8%  V-Acc:  42.9%  V-AUROC: 0.4000  LR: 1.00e-04
2026-06-29 22:14:50,265 | [DYN-LATENT] | INFO | meta_classifier_renewed.model_trainers.meta_trainer | Ep [011/500] T-Acc:  68.8%  V-Acc:  57.1%  V-AUROC: 0.5000  LR: 1.00e-04
2026-06-29 22:14:51,155 | [DYN-LATENT] | INFO | meta_classifier_renewed.model_trainers.meta_trainer | Ep [012/500] T-Acc:  62.5%  V-Acc:  57.1%  V-AUROC: 0.5000  LR: 1.00e-04
2026-06-29 22:14:52,071 | [DYN-LATENT] | INFO | meta_classifier_renewed.model_trainers.meta_trainer | Ep [013/500] T-Acc:  87.5%  V-Acc:  57.1%  V-AUROC: 0.5000  LR: 1.00e-04
2026-06-29 22:14:53,001 | [DYN-LATENT] | INFO | meta_classifier_renewed.model_trainers.meta_trainer | Ep [014/500] T-Acc:  68.8%  V-Acc:  57.1%  V-AUROC: 0.5000  LR: 1.00e-04
2026-06-29 22:14:53,897 | [DYN-LATENT] | INFO | meta_classifier_renewed.model_trainers.meta_trainer | Ep [015/500] T-Acc:  75.0%  V-Acc:  57.1%  V-AUROC: 0.5000  LR: 1.00e-04
2026-06-29 22:14:54,800 | [DYN-LATENT] | INFO | meta_classifier_renewed.model_trainers.meta_trainer | Ep [016/500] T-Acc:  62.5%  V-Acc:  57.1%  V-AUROC: 0.5000  LR: 1.00e-04
2026-06-29 22:14:55,871 | [DYN-LATENT] | INFO | meta_classifier_renewed.model_trainers.meta_trainer | Ep [017/500] T-Acc:  68.8%  V-Acc:  57.1%  V-AUROC: 0.5000  LR: 1.00e-04
2026-06-29 22:14:56,803 | [DYN-LATENT] | INFO | meta_classifier_renewed.model_trainers.meta_trainer | Ep [018/500] T-Acc:  50.0%  V-Acc:  57.1%  V-AUROC: 0.5000  LR: 1.00e-04
2026-06-29 22:14:57,658 | [DYN-LATENT] | INFO | meta_classifier_renewed.model_trainers.meta_trainer | Ep [019/500] T-Acc:  68.8%  V-Acc:  57.1%  V-AUROC: 0.5000  LR: 1.00e-04
2026-06-29 22:14:58,543 | [DYN-LATENT] | INFO | meta_classifier_renewed.model_trainers.meta_trainer | Ep [020/500] T-Acc:  81.2%  V-Acc:  57.1%  V-AUROC: 0.5000  LR: 1.00e-04
2026-06-29 22:14:59,469 | [DYN-LATENT] | INFO | meta_classifier_renewed.model_trainers.meta_trainer | Ep [021/500] T-Acc:  68.8%  V-Acc:  57.1%  V-AUROC: 0.5000  LR: 1.00e-04
2026-06-29 22:15:00,594 | [DYN-LATENT] | INFO | meta_classifier_renewed.model_trainers.meta_trainer | Ep [022/500] T-Acc:  68.8%  V-Acc:  57.1%  V-AUROC: 0.5000  LR: 1.00e-04
2026-06-29 22:15:01,474 | [DYN-LATENT] | INFO | meta_classifier_renewed.model_trainers.meta_trainer | Ep [023/500] T-Acc:  68.8%  V-Acc:  57.1%  V-AUROC: 0.5000  LR: 2.00e-05
2026-06-29 22:15:02,339 | [DYN-LATENT] | INFO | meta_classifier_renewed.model_trainers.meta_trainer | Ep [024/500] T-Acc:  93.8%  V-Acc:  57.1%  V-AUROC: 0.5000  LR: 2.00e-05
2026-06-29 22:15:03,217 | [DYN-LATENT] | INFO | meta_classifier_renewed.model_trainers.meta_trainer | Ep [025/500] T-Acc:  68.8%  V-Acc:  57.1%  V-AUROC: 0.5000  LR: 2.00e-05
2026-06-29 22:15:04,100 | [DYN-LATENT] | INFO | meta_classifier_renewed.model_trainers.meta_trainer | Ep [026/500] T-Acc:  87.5%  V-Acc:  57.1%  V-AUROC: 0.5000  LR: 2.00e-05
2026-06-29 22:15:04,949 | [DYN-LATENT] | INFO | meta_classifier_renewed.model_trainers.meta_trainer | Ep [027/500] T-Acc:  81.2%  V-Acc:  57.1%  V-AUROC: 0.5000  LR: 2.00e-05
2026-06-29 22:15:05,805 | [DYN-LATENT] | INFO | meta_classifier_renewed.model_trainers.meta_trainer | Ep [028/500] T-Acc: 100.0%  V-Acc:  57.1%  V-AUROC: 0.5000  LR: 2.00e-05
2026-06-29 22:15:06,660 | [DYN-LATENT] | INFO | meta_classifier_renewed.model_trainers.meta_trainer | Ep [029/500] T-Acc:  87.5%  V-Acc:  57.1%  V-AUROC: 0.5000  LR: 2.00e-05
2026-06-29 22:15:07,540 | [DYN-LATENT] | INFO | meta_classifier_renewed.model_trainers.meta_trainer | Ep [030/500] T-Acc:  81.2%  V-Acc:  57.1%  V-AUROC: 0.5000  LR: 2.00e-05
2026-06-29 22:15:08,392 | [DYN-LATENT] | INFO | meta_classifier_renewed.model_trainers.meta_trainer | Ep [031/500] T-Acc:  81.2%  V-Acc:  57.1%  V-AUROC: 0.6000  LR: 2.00e-05
2026-06-29 22:15:09,367 | [DYN-LATENT] | INFO | meta_classifier_renewed.model_trainers.meta_trainer | Ep [032/500] T-Acc:  87.5%  V-Acc:  57.1%  V-AUROC: 0.6000  LR: 2.00e-05
2026-06-29 22:15:10,286 | [DYN-LATENT] | INFO | meta_classifier_renewed.model_trainers.meta_trainer | Ep [033/500] T-Acc:  93.8%  V-Acc:  57.1%  V-AUROC: 0.6000  LR: 2.00e-05
2026-06-29 22:15:11,205 | [DYN-LATENT] | INFO | meta_classifier_renewed.model_trainers.meta_trainer | Ep [034/500] T-Acc:  93.8%  V-Acc:  57.1%  V-AUROC: 0.6000  LR: 2.00e-05
2026-06-29 22:15:12,142 | [DYN-LATENT] | INFO | meta_classifier_renewed.model_trainers.meta_trainer | Ep [035/500] T-Acc:  87.5%  V-Acc:  57.1%  V-AUROC: 0.6000  LR: 2.00e-05
2026-06-29 22:15:13,047 | [DYN-LATENT] | INFO | meta_classifier_renewed.model_trainers.meta_trainer | Ep [036/500] T-Acc:  56.2%  V-Acc:  57.1%  V-AUROC: 0.6000  LR: 2.00e-05
2026-06-29 22:15:13,987 | [DYN-LATENT] | INFO | meta_classifier_renewed.model_trainers.meta_trainer | Ep [037/500] T-Acc:  75.0%  V-Acc:  57.1%  V-AUROC: 0.6000  LR: 2.00e-05
2026-06-29 22:15:14,972 | [DYN-LATENT] | INFO | meta_classifier_renewed.model_trainers.meta_trainer | Ep [038/500] T-Acc:  93.8%  V-Acc:  57.1%  V-AUROC: 0.6000  LR: 2.00e-05
2026-06-29 22:15:15,924 | [DYN-LATENT] | INFO | meta_classifier_renewed.model_trainers.meta_trainer | Ep [039/500] T-Acc:  81.2%  V-Acc:  57.1%  V-AUROC: 0.6000  LR: 2.00e-05
2026-06-29 22:15:16,880 | [DYN-LATENT] | INFO | meta_classifier_renewed.model_trainers.meta_trainer | Ep [040/500] T-Acc:  87.5%  V-Acc:  57.1%  V-AUROC: 0.6000  LR: 2.00e-05
2026-06-29 22:15:17,791 | [DYN-LATENT] | INFO | meta_classifier_renewed.model_trainers.meta_trainer | Ep [041/500] T-Acc:  81.2%  V-Acc:  57.1%  V-AUROC: 0.6000  LR: 2.00e-05
2026-06-29 22:15:18,666 | [DYN-LATENT] | INFO | meta_classifier_renewed.model_trainers.meta_trainer | Ep [042/500] T-Acc:  75.0%  V-Acc:  57.1%  V-AUROC: 0.6000  LR: 2.00e-05
2026-06-29 22:15:19,521 | [DYN-LATENT] | INFO | meta_classifier_renewed.model_trainers.meta_trainer | Ep [043/500] T-Acc: 100.0%  V-Acc:  57.1%  V-AUROC: 0.6000  LR: 4.00e-06
2026-06-29 22:15:20,373 | [DYN-LATENT] | INFO | meta_classifier_renewed.model_trainers.meta_trainer | Ep [044/500] T-Acc:  87.5%  V-Acc:  57.1%  V-AUROC: 0.6000  LR: 4.00e-06
2026-06-29 22:15:21,232 | [DYN-LATENT] | INFO | meta_classifier_renewed.model_trainers.meta_trainer | Ep [045/500] T-Acc:  87.5%  V-Acc:  57.1%  V-AUROC: 0.6000  LR: 4.00e-06
2026-06-29 22:15:22,087 | [DYN-LATENT] | INFO | meta_classifier_renewed.model_trainers.meta_trainer | Ep [046/500] T-Acc:  81.2%  V-Acc:  57.1%  V-AUROC: 0.6000  LR: 4.00e-06
2026-06-29 22:15:22,954 | [DYN-LATENT] | INFO | meta_classifier_renewed.model_trainers.meta_trainer | Ep [047/500] T-Acc:  87.5%  V-Acc:  57.1%  V-AUROC: 0.6000  LR: 4.00e-06
2026-06-29 22:15:23,870 | [DYN-LATENT] | INFO | meta_classifier_renewed.model_trainers.meta_trainer | Ep [048/500] T-Acc:  93.8%  V-Acc:  57.1%  V-AUROC: 0.6000  LR: 4.00e-06
2026-06-29 22:15:24,802 | [DYN-LATENT] | INFO | meta_classifier_renewed.model_trainers.meta_trainer | Ep [049/500] T-Acc:  93.8%  V-Acc:  57.1%  V-AUROC: 0.6000  LR: 4.00e-06
2026-06-29 22:15:25,669 | [DYN-LATENT] | INFO | meta_classifier_renewed.model_trainers.meta_trainer | Ep [050/500] T-Acc:  87.5%  V-Acc:  57.1%  V-AUROC: 0.6000  LR: 4.00e-06
2026-06-29 22:15:26,596 | [DYN-LATENT] | INFO | meta_classifier_renewed.model_trainers.meta_trainer | Ep [051/500] T-Acc:  87.5%  V-Acc:  57.1%  V-AUROC: 0.6000  LR: 4.00e-06
2026-06-29 22:15:27,498 | [DYN-LATENT] | INFO | meta_classifier_renewed.model_trainers.meta_trainer | Ep [052/500] T-Acc:  93.8%  V-Acc:  57.1%  V-AUROC: 0.6000  LR: 4.00e-06
2026-06-29 22:15:28,376 | [DYN-LATENT] | INFO | meta_classifier_renewed.model_trainers.meta_trainer | Ep [053/500] T-Acc:  87.5%  V-Acc:  57.1%  V-AUROC: 0.6000  LR: 4.00e-06
2026-06-29 22:15:29,241 | [DYN-LATENT] | INFO | meta_classifier_renewed.model_trainers.meta_trainer | Ep [054/500] T-Acc:  87.5%  V-Acc:  57.1%  V-AUROC: 0.6000  LR: 1.00e-06
2026-06-29 22:15:30,163 | [DYN-LATENT] | INFO | meta_classifier_renewed.model_trainers.meta_trainer | Ep [055/500] T-Acc:  87.5%  V-Acc:  57.1%  V-AUROC: 0.6000  LR: 1.00e-06
2026-06-29 22:15:31,038 | [DYN-LATENT] | INFO | meta_classifier_renewed.model_trainers.meta_trainer | Ep [056/500] T-Acc:  81.2%  V-Acc:  57.1%  V-AUROC: 0.6000  LR: 1.00e-06
2026-06-29 22:15:31,886 | [DYN-LATENT] | INFO | meta_classifier_renewed.model_trainers.meta_trainer | Ep [057/500] T-Acc: 100.0%  V-Acc:  57.1%  V-AUROC: 0.6000  LR: 1.00e-06
2026-06-29 22:15:32,773 | [DYN-LATENT] | INFO | meta_classifier_renewed.model_trainers.meta_trainer | Ep [058/500] T-Acc:  87.5%  V-Acc:  57.1%  V-AUROC: 0.6000  LR: 1.00e-06
2026-06-29 22:15:33,627 | [DYN-LATENT] | INFO | meta_classifier_renewed.model_trainers.meta_trainer | Ep [059/500] T-Acc:  87.5%  V-Acc:  57.1%  V-AUROC: 0.6000  LR: 1.00e-06
2026-06-29 22:15:34,496 | [DYN-LATENT] | INFO | meta_classifier_renewed.model_trainers.meta_trainer | Ep [060/500] T-Acc:  87.5%  V-Acc:  57.1%  V-AUROC: 0.6000  LR: 1.00e-06
2026-06-29 22:15:35,427 | [DYN-LATENT] | INFO | meta_classifier_renewed.model_trainers.meta_trainer | Ep [061/500] T-Acc:  87.5%  V-Acc:  57.1%  V-AUROC: 0.6000  LR: 1.00e-06
2026-06-29 22:15:35,428 | [DYN-LATENT] | INFO | meta_classifier_renewed.model_trainers.meta_trainer | Early stop — best AUROC 0.6000 at epoch 31
2026-06-29 22:15:36,151 | [DYN-LATENT] | INFO | meta_classifier_renewed.evaluators.monte_carlo_evaluator | -> Fold 23 Result | Acc=0.571 Sens=1.000 Spec=0.400 AUROC=0.600
2026-06-29 22:15:36,401 | [DYN-LATENT] | INFO | meta_classifier_renewed.evaluators.monte_carlo_evaluator | === Fold 24/30 | train: 16 subj | test: 7 subj ===
2026-06-29 22:15:37,443 | [DYN-LATENT] | INFO | meta_classifier_renewed.model_trainers.meta_trainer | Ep [001/500] T-Acc:  50.0%  V-Acc:  42.9%  V-AUROC: 0.5000  LR: 2.00e-05
2026-06-29 22:15:38,386 | [DYN-LATENT] | INFO | meta_classifier_renewed.model_trainers.meta_trainer | Ep [002/500] T-Acc:  50.0%  V-Acc:  42.9%  V-AUROC: 0.5000  LR: 4.00e-05
2026-06-29 22:15:39,248 | [DYN-LATENT] | INFO | meta_classifier_renewed.model_trainers.meta_trainer | Ep [003/500] T-Acc:  68.8%  V-Acc:  28.6%  V-AUROC: 0.5000  LR: 6.00e-05
2026-06-29 22:15:40,106 | [DYN-LATENT] | INFO | meta_classifier_renewed.model_trainers.meta_trainer | Ep [004/500] T-Acc:  62.5%  V-Acc:  28.6%  V-AUROC: 0.3333  LR: 8.00e-05
2026-06-29 22:15:40,952 | [DYN-LATENT] | INFO | meta_classifier_renewed.model_trainers.meta_trainer | Ep [005/500] T-Acc:  56.2%  V-Acc:  57.1%  V-AUROC: 0.3333  LR: 1.00e-04
2026-06-29 22:15:42,053 | [DYN-LATENT] | INFO | meta_classifier_renewed.model_trainers.meta_trainer | Ep [006/500] T-Acc:  43.8%  V-Acc:  57.1%  V-AUROC: 0.4167  LR: 1.00e-04
2026-06-29 22:15:42,955 | [DYN-LATENT] | INFO | meta_classifier_renewed.model_trainers.meta_trainer | Ep [007/500] T-Acc:  56.2%  V-Acc:  57.1%  V-AUROC: 0.3333  LR: 1.00e-04
2026-06-29 22:15:43,849 | [DYN-LATENT] | INFO | meta_classifier_renewed.model_trainers.meta_trainer | Ep [008/500] T-Acc:  62.5%  V-Acc:  57.1%  V-AUROC: 0.2500  LR: 1.00e-04
2026-06-29 22:15:44,761 | [DYN-LATENT] | INFO | meta_classifier_renewed.model_trainers.meta_trainer | Ep [009/500] T-Acc:  50.0%  V-Acc:  57.1%  V-AUROC: 0.2500  LR: 1.00e-04
2026-06-29 22:15:45,648 | [DYN-LATENT] | INFO | meta_classifier_renewed.model_trainers.meta_trainer | Ep [010/500] T-Acc:  56.2%  V-Acc:  42.9%  V-AUROC: 0.3333  LR: 1.00e-04
2026-06-29 22:15:46,531 | [DYN-LATENT] | INFO | meta_classifier_renewed.model_trainers.meta_trainer | Ep [011/500] T-Acc:  56.2%  V-Acc:  42.9%  V-AUROC: 0.2500  LR: 1.00e-04
2026-06-29 22:15:47,428 | [DYN-LATENT] | INFO | meta_classifier_renewed.model_trainers.meta_trainer | Ep [012/500] T-Acc:  68.8%  V-Acc:  42.9%  V-AUROC: 0.2500  LR: 1.00e-04
2026-06-29 22:15:48,321 | [DYN-LATENT] | INFO | meta_classifier_renewed.model_trainers.meta_trainer | Ep [013/500] T-Acc:  68.8%  V-Acc:  42.9%  V-AUROC: 0.4167  LR: 1.00e-04
2026-06-29 22:15:49,216 | [DYN-LATENT] | INFO | meta_classifier_renewed.model_trainers.meta_trainer | Ep [014/500] T-Acc:  75.0%  V-Acc:  42.9%  V-AUROC: 0.4167  LR: 1.00e-04
2026-06-29 22:15:50,112 | [DYN-LATENT] | INFO | meta_classifier_renewed.model_trainers.meta_trainer | Ep [015/500] T-Acc:  75.0%  V-Acc:  42.9%  V-AUROC: 0.5000  LR: 1.00e-04
2026-06-29 22:15:51,015 | [DYN-LATENT] | INFO | meta_classifier_renewed.model_trainers.meta_trainer | Ep [016/500] T-Acc:  62.5%  V-Acc:  42.9%  V-AUROC: 0.5000  LR: 1.00e-04
2026-06-29 22:15:52,141 | [DYN-LATENT] | INFO | meta_classifier_renewed.model_trainers.meta_trainer | Ep [017/500] T-Acc:  81.2%  V-Acc:  57.1%  V-AUROC: 0.5833  LR: 1.00e-04
2026-06-29 22:15:53,206 | [DYN-LATENT] | INFO | meta_classifier_renewed.model_trainers.meta_trainer | Ep [018/500] T-Acc:  75.0%  V-Acc:  57.1%  V-AUROC: 0.5000  LR: 1.00e-04
2026-06-29 22:15:54,133 | [DYN-LATENT] | INFO | meta_classifier_renewed.model_trainers.meta_trainer | Ep [019/500] T-Acc:  68.8%  V-Acc:  57.1%  V-AUROC: 0.5833  LR: 1.00e-04
2026-06-29 22:15:55,141 | [DYN-LATENT] | INFO | meta_classifier_renewed.model_trainers.meta_trainer | Ep [020/500] T-Acc:  68.8%  V-Acc:  42.9%  V-AUROC: 0.5833  LR: 1.00e-04
2026-06-29 22:15:56,164 | [DYN-LATENT] | INFO | meta_classifier_renewed.model_trainers.meta_trainer | Ep [021/500] T-Acc:  81.2%  V-Acc:  42.9%  V-AUROC: 0.5000  LR: 1.00e-04
2026-06-29 22:15:57,275 | [DYN-LATENT] | INFO | meta_classifier_renewed.model_trainers.meta_trainer | Ep [022/500] T-Acc:  62.5%  V-Acc:  57.1%  V-AUROC: 0.5000  LR: 1.00e-04
2026-06-29 22:15:58,266 | [DYN-LATENT] | INFO | meta_classifier_renewed.model_trainers.meta_trainer | Ep [023/500] T-Acc:  68.8%  V-Acc:  57.1%  V-AUROC: 0.5000  LR: 1.00e-04
2026-06-29 22:15:59,333 | [DYN-LATENT] | INFO | meta_classifier_renewed.model_trainers.meta_trainer | Ep [024/500] T-Acc:  75.0%  V-Acc:  57.1%  V-AUROC: 0.5000  LR: 1.00e-04
2026-06-29 22:16:00,429 | [DYN-LATENT] | INFO | meta_classifier_renewed.model_trainers.meta_trainer | Ep [025/500] T-Acc:  62.5%  V-Acc:  42.9%  V-AUROC: 0.5000  LR: 1.00e-04
2026-06-29 22:16:01,494 | [DYN-LATENT] | INFO | meta_classifier_renewed.model_trainers.meta_trainer | Ep [026/500] T-Acc:  93.8%  V-Acc:  57.1%  V-AUROC: 0.5000  LR: 1.00e-04
2026-06-29 22:16:02,484 | [DYN-LATENT] | INFO | meta_classifier_renewed.model_trainers.meta_trainer | Ep [027/500] T-Acc:  81.2%  V-Acc:  57.1%  V-AUROC: 0.5833  LR: 1.00e-04
2026-06-29 22:16:03,512 | [DYN-LATENT] | INFO | meta_classifier_renewed.model_trainers.meta_trainer | Ep [028/500] T-Acc:  87.5%  V-Acc:  57.1%  V-AUROC: 0.5833  LR: 1.00e-04
2026-06-29 22:16:04,585 | [DYN-LATENT] | INFO | meta_classifier_renewed.model_trainers.meta_trainer | Ep [029/500] T-Acc:  81.2%  V-Acc:  57.1%  V-AUROC: 0.5833  LR: 2.00e-05
2026-06-29 22:16:05,631 | [DYN-LATENT] | INFO | meta_classifier_renewed.model_trainers.meta_trainer | Ep [030/500] T-Acc:  87.5%  V-Acc:  57.1%  V-AUROC: 0.5833  LR: 2.00e-05
2026-06-29 22:16:06,619 | [DYN-LATENT] | INFO | meta_classifier_renewed.model_trainers.meta_trainer | Ep [031/500] T-Acc: 100.0%  V-Acc:  57.1%  V-AUROC: 0.5833  LR: 2.00e-05
2026-06-29 22:16:07,695 | [DYN-LATENT] | INFO | meta_classifier_renewed.model_trainers.meta_trainer | Ep [032/500] T-Acc:  87.5%  V-Acc:  57.1%  V-AUROC: 0.5833  LR: 2.00e-05
2026-06-29 22:16:08,813 | [DYN-LATENT] | INFO | meta_classifier_renewed.model_trainers.meta_trainer | Ep [033/500] T-Acc:  81.2%  V-Acc:  57.1%  V-AUROC: 0.5833  LR: 2.00e-05
2026-06-29 22:16:09,903 | [DYN-LATENT] | INFO | meta_classifier_renewed.model_trainers.meta_trainer | Ep [034/500] T-Acc:  93.8%  V-Acc:  57.1%  V-AUROC: 0.5833  LR: 2.00e-05
2026-06-29 22:16:10,856 | [DYN-LATENT] | INFO | meta_classifier_renewed.model_trainers.meta_trainer | Ep [035/500] T-Acc:  68.8%  V-Acc:  71.4%  V-AUROC: 0.5833  LR: 2.00e-05
2026-06-29 22:16:11,808 | [DYN-LATENT] | INFO | meta_classifier_renewed.model_trainers.meta_trainer | Ep [036/500] T-Acc:  87.5%  V-Acc:  71.4%  V-AUROC: 0.5833  LR: 2.00e-05
2026-06-29 22:16:12,892 | [DYN-LATENT] | INFO | meta_classifier_renewed.model_trainers.meta_trainer | Ep [037/500] T-Acc:  81.2%  V-Acc:  71.4%  V-AUROC: 0.5833  LR: 2.00e-05
2026-06-29 22:16:13,934 | [DYN-LATENT] | INFO | meta_classifier_renewed.model_trainers.meta_trainer | Ep [038/500] T-Acc:  87.5%  V-Acc:  71.4%  V-AUROC: 0.5833  LR: 2.00e-05
2026-06-29 22:16:14,873 | [DYN-LATENT] | INFO | meta_classifier_renewed.model_trainers.meta_trainer | Ep [039/500] T-Acc:  81.2%  V-Acc:  71.4%  V-AUROC: 0.5833  LR: 2.00e-05
2026-06-29 22:16:15,872 | [DYN-LATENT] | INFO | meta_classifier_renewed.model_trainers.meta_trainer | Ep [040/500] T-Acc:  93.8%  V-Acc:  71.4%  V-AUROC: 0.5833  LR: 4.00e-06
2026-06-29 22:16:16,926 | [DYN-LATENT] | INFO | meta_classifier_renewed.model_trainers.meta_trainer | Ep [041/500] T-Acc:  87.5%  V-Acc:  71.4%  V-AUROC: 0.5833  LR: 4.00e-06
2026-06-29 22:16:18,010 | [DYN-LATENT] | INFO | meta_classifier_renewed.model_trainers.meta_trainer | Ep [042/500] T-Acc:  93.8%  V-Acc:  71.4%  V-AUROC: 0.5833  LR: 4.00e-06
2026-06-29 22:16:19,023 | [DYN-LATENT] | INFO | meta_classifier_renewed.model_trainers.meta_trainer | Ep [043/500] T-Acc:  87.5%  V-Acc:  71.4%  V-AUROC: 0.5833  LR: 4.00e-06
2026-06-29 22:16:19,993 | [DYN-LATENT] | INFO | meta_classifier_renewed.model_trainers.meta_trainer | Ep [044/500] T-Acc:  81.2%  V-Acc:  71.4%  V-AUROC: 0.5833  LR: 4.00e-06
2026-06-29 22:16:21,004 | [DYN-LATENT] | INFO | meta_classifier_renewed.model_trainers.meta_trainer | Ep [045/500] T-Acc: 100.0%  V-Acc:  71.4%  V-AUROC: 0.5833  LR: 4.00e-06
2026-06-29 22:16:22,058 | [DYN-LATENT] | INFO | meta_classifier_renewed.model_trainers.meta_trainer | Ep [046/500] T-Acc:  68.8%  V-Acc:  71.4%  V-AUROC: 0.5833  LR: 4.00e-06
2026-06-29 22:16:23,034 | [DYN-LATENT] | INFO | meta_classifier_renewed.model_trainers.meta_trainer | Ep [047/500] T-Acc: 100.0%  V-Acc:  71.4%  V-AUROC: 0.5833  LR: 4.00e-06
2026-06-29 22:16:23,034 | [DYN-LATENT] | INFO | meta_classifier_renewed.model_trainers.meta_trainer | Early stop — best AUROC 0.5833 at epoch 17
2026-06-29 22:16:23,577 | [DYN-LATENT] | INFO | meta_classifier_renewed.evaluators.monte_carlo_evaluator | -> Fold 24 Result | Acc=0.571 Sens=0.000 Spec=1.000 AUROC=0.417
2026-06-29 22:16:23,758 | [DYN-LATENT] | INFO | meta_classifier_renewed.evaluators.monte_carlo_evaluator | === Fold 25/30 | train: 16 subj | test: 7 subj ===
2026-06-29 22:16:25,188 | [DYN-LATENT] | INFO | meta_classifier_renewed.model_trainers.meta_trainer | Ep [001/500] T-Acc:  56.2%  V-Acc:  42.9%  V-AUROC: 0.3333  LR: 2.00e-05
2026-06-29 22:16:26,716 | [DYN-LATENT] | INFO | meta_classifier_renewed.model_trainers.meta_trainer | Ep [002/500] T-Acc:  56.2%  V-Acc:  71.4%  V-AUROC: 0.5000  LR: 4.00e-05
2026-06-29 22:16:28,690 | [DYN-LATENT] | INFO | meta_classifier_renewed.model_trainers.meta_trainer | Ep [003/500] T-Acc:  56.2%  V-Acc:  42.9%  V-AUROC: 0.5000  LR: 6.00e-05
2026-06-29 22:16:29,775 | [DYN-LATENT] | INFO | meta_classifier_renewed.model_trainers.meta_trainer | Ep [004/500] T-Acc:  43.8%  V-Acc:  57.1%  V-AUROC: 0.5833  LR: 8.00e-05
2026-06-29 22:16:31,031 | [DYN-LATENT] | INFO | meta_classifier_renewed.model_trainers.meta_trainer | Ep [005/500] T-Acc:  62.5%  V-Acc:  57.1%  V-AUROC: 0.5833  LR: 1.00e-04
2026-06-29 22:16:32,036 | [DYN-LATENT] | INFO | meta_classifier_renewed.model_trainers.meta_trainer | Ep [006/500] T-Acc:  56.2%  V-Acc:  28.6%  V-AUROC: 0.5833  LR: 1.00e-04
2026-06-29 22:16:33,079 | [DYN-LATENT] | INFO | meta_classifier_renewed.model_trainers.meta_trainer | Ep [007/500] T-Acc:  75.0%  V-Acc:  42.9%  V-AUROC: 0.5833  LR: 1.00e-04
2026-06-29 22:16:34,114 | [DYN-LATENT] | INFO | meta_classifier_renewed.model_trainers.meta_trainer | Ep [008/500] T-Acc:  56.2%  V-Acc:  57.1%  V-AUROC: 0.5833  LR: 1.00e-04
2026-06-29 22:16:35,041 | [DYN-LATENT] | INFO | meta_classifier_renewed.model_trainers.meta_trainer | Ep [009/500] T-Acc:  75.0%  V-Acc:  57.1%  V-AUROC: 0.5833  LR: 1.00e-04
2026-06-29 22:16:36,077 | [DYN-LATENT] | INFO | meta_classifier_renewed.model_trainers.meta_trainer | Ep [010/500] T-Acc:  62.5%  V-Acc:  57.1%  V-AUROC: 0.5833  LR: 1.00e-04
2026-06-29 22:16:37,141 | [DYN-LATENT] | INFO | meta_classifier_renewed.model_trainers.meta_trainer | Ep [011/500] T-Acc:  50.0%  V-Acc:  57.1%  V-AUROC: 0.5000  LR: 1.00e-04
2026-06-29 22:16:38,166 | [DYN-LATENT] | INFO | meta_classifier_renewed.model_trainers.meta_trainer | Ep [012/500] T-Acc:  50.0%  V-Acc:  42.9%  V-AUROC: 0.5000  LR: 1.00e-04
2026-06-29 22:16:39,179 | [DYN-LATENT] | INFO | meta_classifier_renewed.model_trainers.meta_trainer | Ep [013/500] T-Acc:  68.8%  V-Acc:  42.9%  V-AUROC: 0.5000  LR: 1.00e-04
2026-06-29 22:16:40,181 | [DYN-LATENT] | INFO | meta_classifier_renewed.model_trainers.meta_trainer | Ep [014/500] T-Acc:  68.8%  V-Acc:  42.9%  V-AUROC: 0.2500  LR: 1.00e-04
2026-06-29 22:16:41,235 | [DYN-LATENT] | INFO | meta_classifier_renewed.model_trainers.meta_trainer | Ep [015/500] T-Acc:  68.8%  V-Acc:  42.9%  V-AUROC: 0.2500  LR: 1.00e-04
2026-06-29 22:16:42,310 | [DYN-LATENT] | INFO | meta_classifier_renewed.model_trainers.meta_trainer | Ep [016/500] T-Acc:  50.0%  V-Acc:  42.9%  V-AUROC: 0.2500  LR: 1.00e-04
2026-06-29 22:16:43,270 | [DYN-LATENT] | INFO | meta_classifier_renewed.model_trainers.meta_trainer | Ep [017/500] T-Acc:  68.8%  V-Acc:  42.9%  V-AUROC: 0.2500  LR: 1.00e-04
2026-06-29 22:16:44,278 | [DYN-LATENT] | INFO | meta_classifier_renewed.model_trainers.meta_trainer | Ep [018/500] T-Acc:  75.0%  V-Acc:  42.9%  V-AUROC: 0.2500  LR: 2.00e-05
2026-06-29 22:16:45,347 | [DYN-LATENT] | INFO | meta_classifier_renewed.model_trainers.meta_trainer | Ep [019/500] T-Acc:  62.5%  V-Acc:  42.9%  V-AUROC: 0.2500  LR: 2.00e-05
2026-06-29 22:16:46,351 | [DYN-LATENT] | INFO | meta_classifier_renewed.model_trainers.meta_trainer | Ep [020/500] T-Acc:  68.8%  V-Acc:  42.9%  V-AUROC: 0.2500  LR: 2.00e-05
2026-06-29 22:16:47,280 | [DYN-LATENT] | INFO | meta_classifier_renewed.model_trainers.meta_trainer | Ep [021/500] T-Acc:  81.2%  V-Acc:  42.9%  V-AUROC: 0.2500  LR: 2.00e-05
2026-06-29 22:16:48,278 | [DYN-LATENT] | INFO | meta_classifier_renewed.model_trainers.meta_trainer | Ep [022/500] T-Acc:  75.0%  V-Acc:  42.9%  V-AUROC: 0.2500  LR: 2.00e-05
2026-06-29 22:16:49,373 | [DYN-LATENT] | INFO | meta_classifier_renewed.model_trainers.meta_trainer | Ep [023/500] T-Acc:  75.0%  V-Acc:  42.9%  V-AUROC: 0.2500  LR: 2.00e-05
2026-06-29 22:16:50,382 | [DYN-LATENT] | INFO | meta_classifier_renewed.model_trainers.meta_trainer | Ep [024/500] T-Acc:  75.0%  V-Acc:  42.9%  V-AUROC: 0.2500  LR: 2.00e-05
2026-06-29 22:16:51,400 | [DYN-LATENT] | INFO | meta_classifier_renewed.model_trainers.meta_trainer | Ep [025/500] T-Acc:  93.8%  V-Acc:  42.9%  V-AUROC: 0.2500  LR: 2.00e-05
2026-06-29 22:16:52,399 | [DYN-LATENT] | INFO | meta_classifier_renewed.model_trainers.meta_trainer | Ep [026/500] T-Acc:  75.0%  V-Acc:  42.9%  V-AUROC: 0.2500  LR: 2.00e-05
2026-06-29 22:16:53,394 | [DYN-LATENT] | INFO | meta_classifier_renewed.model_trainers.meta_trainer | Ep [027/500] T-Acc:  75.0%  V-Acc:  42.9%  V-AUROC: 0.2500  LR: 2.00e-05
2026-06-29 22:16:54,414 | [DYN-LATENT] | INFO | meta_classifier_renewed.model_trainers.meta_trainer | Ep [028/500] T-Acc:  62.5%  V-Acc:  42.9%  V-AUROC: 0.2500  LR: 2.00e-05
2026-06-29 22:16:55,416 | [DYN-LATENT] | INFO | meta_classifier_renewed.model_trainers.meta_trainer | Ep [029/500] T-Acc:  87.5%  V-Acc:  42.9%  V-AUROC: 0.2500  LR: 4.00e-06
2026-06-29 22:16:56,419 | [DYN-LATENT] | INFO | meta_classifier_renewed.model_trainers.meta_trainer | Ep [030/500] T-Acc:  81.2%  V-Acc:  42.9%  V-AUROC: 0.2500  LR: 4.00e-06
2026-06-29 22:16:57,626 | [DYN-LATENT] | INFO | meta_classifier_renewed.model_trainers.meta_trainer | Ep [031/500] T-Acc:  81.2%  V-Acc:  42.9%  V-AUROC: 0.2500  LR: 4.00e-06
2026-06-29 22:16:58,608 | [DYN-LATENT] | INFO | meta_classifier_renewed.model_trainers.meta_trainer | Ep [032/500] T-Acc:  93.8%  V-Acc:  42.9%  V-AUROC: 0.2500  LR: 4.00e-06
2026-06-29 22:16:59,616 | [DYN-LATENT] | INFO | meta_classifier_renewed.model_trainers.meta_trainer | Ep [033/500] T-Acc:  81.2%  V-Acc:  42.9%  V-AUROC: 0.2500  LR: 4.00e-06
2026-06-29 22:17:00,657 | [DYN-LATENT] | INFO | meta_classifier_renewed.model_trainers.meta_trainer | Ep [034/500] T-Acc:  81.2%  V-Acc:  42.9%  V-AUROC: 0.2500  LR: 4.00e-06
2026-06-29 22:17:00,657 | [DYN-LATENT] | INFO | meta_classifier_renewed.model_trainers.meta_trainer | Early stop — best AUROC 0.5833 at epoch 4
2026-06-29 22:17:01,324 | [DYN-LATENT] | INFO | meta_classifier_renewed.evaluators.monte_carlo_evaluator | -> Fold 25 Result | Acc=0.571 Sens=0.750 Spec=0.333 AUROC=0.583
2026-06-29 22:17:01,514 | [DYN-LATENT] | INFO | meta_classifier_renewed.evaluators.monte_carlo_evaluator | === Fold 26/30 | train: 16 subj | test: 7 subj ===
2026-06-29 22:17:02,767 | [DYN-LATENT] | INFO | meta_classifier_renewed.model_trainers.meta_trainer | Ep [001/500] T-Acc:  56.2%  V-Acc:  42.9%  V-AUROC: 0.5833  LR: 2.00e-05
2026-06-29 22:17:03,950 | [DYN-LATENT] | INFO | meta_classifier_renewed.model_trainers.meta_trainer | Ep [002/500] T-Acc:  62.5%  V-Acc:  42.9%  V-AUROC: 0.5833  LR: 4.00e-05
2026-06-29 22:17:04,983 | [DYN-LATENT] | INFO | meta_classifier_renewed.model_trainers.meta_trainer | Ep [003/500] T-Acc:  43.8%  V-Acc:  42.9%  V-AUROC: 0.4167  LR: 6.00e-05
2026-06-29 22:17:06,083 | [DYN-LATENT] | INFO | meta_classifier_renewed.model_trainers.meta_trainer | Ep [004/500] T-Acc:  68.8%  V-Acc:  57.1%  V-AUROC: 0.4167  LR: 8.00e-05
2026-06-29 22:17:07,046 | [DYN-LATENT] | INFO | meta_classifier_renewed.model_trainers.meta_trainer | Ep [005/500] T-Acc:  81.2%  V-Acc:  42.9%  V-AUROC: 0.4167  LR: 1.00e-04
2026-06-29 22:17:08,114 | [DYN-LATENT] | INFO | meta_classifier_renewed.model_trainers.meta_trainer | Ep [006/500] T-Acc:  62.5%  V-Acc:  42.9%  V-AUROC: 0.4167  LR: 1.00e-04
2026-06-29 22:17:09,146 | [DYN-LATENT] | INFO | meta_classifier_renewed.model_trainers.meta_trainer | Ep [007/500] T-Acc:  75.0%  V-Acc:  57.1%  V-AUROC: 0.5833  LR: 1.00e-04
2026-06-29 22:17:10,094 | [DYN-LATENT] | INFO | meta_classifier_renewed.model_trainers.meta_trainer | Ep [008/500] T-Acc:  75.0%  V-Acc:  57.1%  V-AUROC: 0.7500  LR: 1.00e-04
2026-06-29 22:17:11,261 | [DYN-LATENT] | INFO | meta_classifier_renewed.model_trainers.meta_trainer | Ep [009/500] T-Acc:  87.5%  V-Acc:  57.1%  V-AUROC: 0.7500  LR: 1.00e-04
2026-06-29 22:17:12,417 | [DYN-LATENT] | INFO | meta_classifier_renewed.model_trainers.meta_trainer | Ep [010/500] T-Acc:  68.8%  V-Acc:  57.1%  V-AUROC: 0.8333  LR: 1.00e-04
2026-06-29 22:17:13,743 | [DYN-LATENT] | INFO | meta_classifier_renewed.model_trainers.meta_trainer | Ep [011/500] T-Acc:  75.0%  V-Acc:  57.1%  V-AUROC: 0.8333  LR: 1.00e-04
2026-06-29 22:17:14,680 | [DYN-LATENT] | INFO | meta_classifier_renewed.model_trainers.meta_trainer | Ep [012/500] T-Acc:  81.2%  V-Acc:  57.1%  V-AUROC: 0.8333  LR: 1.00e-04
2026-06-29 22:17:15,660 | [DYN-LATENT] | INFO | meta_classifier_renewed.model_trainers.meta_trainer | Ep [013/500] T-Acc:  75.0%  V-Acc:  57.1%  V-AUROC: 0.7500  LR: 1.00e-04
2026-06-29 22:17:16,699 | [DYN-LATENT] | INFO | meta_classifier_renewed.model_trainers.meta_trainer | Ep [014/500] T-Acc:  87.5%  V-Acc:  42.9%  V-AUROC: 0.7500  LR: 1.00e-04
2026-06-29 22:17:17,761 | [DYN-LATENT] | INFO | meta_classifier_renewed.model_trainers.meta_trainer | Ep [015/500] T-Acc:  87.5%  V-Acc:  42.9%  V-AUROC: 0.6667  LR: 1.00e-04
2026-06-29 22:17:18,743 | [DYN-LATENT] | INFO | meta_classifier_renewed.model_trainers.meta_trainer | Ep [016/500] T-Acc: 100.0%  V-Acc:  57.1%  V-AUROC: 0.6667  LR: 1.00e-04
2026-06-29 22:17:19,757 | [DYN-LATENT] | INFO | meta_classifier_renewed.model_trainers.meta_trainer | Ep [017/500] T-Acc:  87.5%  V-Acc:  42.9%  V-AUROC: 0.6667  LR: 1.00e-04
2026-06-29 22:17:20,969 | [DYN-LATENT] | INFO | meta_classifier_renewed.model_trainers.meta_trainer | Ep [018/500] T-Acc: 100.0%  V-Acc:  42.9%  V-AUROC: 0.7500  LR: 1.00e-04
2026-06-29 22:17:21,941 | [DYN-LATENT] | INFO | meta_classifier_renewed.model_trainers.meta_trainer | Ep [019/500] T-Acc:  93.8%  V-Acc:  42.9%  V-AUROC: 0.8333  LR: 1.00e-04
2026-06-29 22:17:22,855 | [DYN-LATENT] | INFO | meta_classifier_renewed.model_trainers.meta_trainer | Ep [020/500] T-Acc: 100.0%  V-Acc:  42.9%  V-AUROC: 0.8333  LR: 1.00e-04
2026-06-29 22:17:23,896 | [DYN-LATENT] | INFO | meta_classifier_renewed.model_trainers.meta_trainer | Ep [021/500] T-Acc: 100.0%  V-Acc:  42.9%  V-AUROC: 0.8333  LR: 1.00e-04
2026-06-29 22:17:24,928 | [DYN-LATENT] | INFO | meta_classifier_renewed.model_trainers.meta_trainer | Ep [022/500] T-Acc: 100.0%  V-Acc:  42.9%  V-AUROC: 0.7500  LR: 2.00e-05
2026-06-29 22:17:25,922 | [DYN-LATENT] | INFO | meta_classifier_renewed.model_trainers.meta_trainer | Ep [023/500] T-Acc: 100.0%  V-Acc:  42.9%  V-AUROC: 0.7500  LR: 2.00e-05
2026-06-29 22:17:26,923 | [DYN-LATENT] | INFO | meta_classifier_renewed.model_trainers.meta_trainer | Ep [024/500] T-Acc: 100.0%  V-Acc:  42.9%  V-AUROC: 0.7500  LR: 2.00e-05
2026-06-29 22:17:27,988 | [DYN-LATENT] | INFO | meta_classifier_renewed.model_trainers.meta_trainer | Ep [025/500] T-Acc: 100.0%  V-Acc:  42.9%  V-AUROC: 0.7500  LR: 2.00e-05
2026-06-29 22:17:29,029 | [DYN-LATENT] | INFO | meta_classifier_renewed.model_trainers.meta_trainer | Ep [026/500] T-Acc: 100.0%  V-Acc:  42.9%  V-AUROC: 0.7500  LR: 2.00e-05
2026-06-29 22:17:30,068 | [DYN-LATENT] | INFO | meta_classifier_renewed.model_trainers.meta_trainer | Ep [027/500] T-Acc: 100.0%  V-Acc:  42.9%  V-AUROC: 0.7500  LR: 2.00e-05
2026-06-29 22:17:31,064 | [DYN-LATENT] | INFO | meta_classifier_renewed.model_trainers.meta_trainer | Ep [028/500] T-Acc: 100.0%  V-Acc:  42.9%  V-AUROC: 0.7500  LR: 2.00e-05
2026-06-29 22:17:32,142 | [DYN-LATENT] | INFO | meta_classifier_renewed.model_trainers.meta_trainer | Ep [029/500] T-Acc: 100.0%  V-Acc:  42.9%  V-AUROC: 0.7500  LR: 2.00e-05
2026-06-29 22:17:33,175 | [DYN-LATENT] | INFO | meta_classifier_renewed.model_trainers.meta_trainer | Ep [030/500] T-Acc: 100.0%  V-Acc:  42.9%  V-AUROC: 0.7500  LR: 2.00e-05
2026-06-29 22:17:34,158 | [DYN-LATENT] | INFO | meta_classifier_renewed.model_trainers.meta_trainer | Ep [031/500] T-Acc: 100.0%  V-Acc:  42.9%  V-AUROC: 0.7500  LR: 2.00e-05
2026-06-29 22:17:35,171 | [DYN-LATENT] | INFO | meta_classifier_renewed.model_trainers.meta_trainer | Ep [032/500] T-Acc: 100.0%  V-Acc:  42.9%  V-AUROC: 0.7500  LR: 2.00e-05
2026-06-29 22:17:36,242 | [DYN-LATENT] | INFO | meta_classifier_renewed.model_trainers.meta_trainer | Ep [033/500] T-Acc: 100.0%  V-Acc:  42.9%  V-AUROC: 0.7500  LR: 4.00e-06
2026-06-29 22:17:37,261 | [DYN-LATENT] | INFO | meta_classifier_renewed.model_trainers.meta_trainer | Ep [034/500] T-Acc: 100.0%  V-Acc:  42.9%  V-AUROC: 0.7500  LR: 4.00e-06
2026-06-29 22:17:38,249 | [DYN-LATENT] | INFO | meta_classifier_renewed.model_trainers.meta_trainer | Ep [035/500] T-Acc: 100.0%  V-Acc:  42.9%  V-AUROC: 0.7500  LR: 4.00e-06
2026-06-29 22:17:39,256 | [DYN-LATENT] | INFO | meta_classifier_renewed.model_trainers.meta_trainer | Ep [036/500] T-Acc: 100.0%  V-Acc:  42.9%  V-AUROC: 0.7500  LR: 4.00e-06
2026-06-29 22:17:40,323 | [DYN-LATENT] | INFO | meta_classifier_renewed.model_trainers.meta_trainer | Ep [037/500] T-Acc: 100.0%  V-Acc:  42.9%  V-AUROC: 0.7500  LR: 4.00e-06
2026-06-29 22:17:41,421 | [DYN-LATENT] | INFO | meta_classifier_renewed.model_trainers.meta_trainer | Ep [038/500] T-Acc: 100.0%  V-Acc:  42.9%  V-AUROC: 0.7500  LR: 4.00e-06
2026-06-29 22:17:42,490 | [DYN-LATENT] | INFO | meta_classifier_renewed.model_trainers.meta_trainer | Ep [039/500] T-Acc: 100.0%  V-Acc:  42.9%  V-AUROC: 0.7500  LR: 4.00e-06
2026-06-29 22:17:43,491 | [DYN-LATENT] | INFO | meta_classifier_renewed.model_trainers.meta_trainer | Ep [040/500] T-Acc: 100.0%  V-Acc:  42.9%  V-AUROC: 0.7500  LR: 4.00e-06
2026-06-29 22:17:43,491 | [DYN-LATENT] | INFO | meta_classifier_renewed.model_trainers.meta_trainer | Early stop — best AUROC 0.8333 at epoch 10
2026-06-29 22:17:44,082 | [DYN-LATENT] | INFO | meta_classifier_renewed.evaluators.monte_carlo_evaluator | -> Fold 26 Result | Acc=0.571 Sens=0.250 Spec=1.000 AUROC=0.833
2026-06-29 22:17:44,322 | [DYN-LATENT] | INFO | meta_classifier_renewed.evaluators.monte_carlo_evaluator | === Fold 27/30 | train: 16 subj | test: 7 subj ===
2026-06-29 22:17:46,003 | [DYN-LATENT] | INFO | meta_classifier_renewed.model_trainers.meta_trainer | Ep [001/500] T-Acc:  50.0%  V-Acc:  42.9%  V-AUROC: 0.0833  LR: 2.00e-05
2026-06-29 22:17:47,078 | [DYN-LATENT] | INFO | meta_classifier_renewed.model_trainers.meta_trainer | Ep [002/500] T-Acc:  50.0%  V-Acc:  42.9%  V-AUROC: 0.0000  LR: 4.00e-05
2026-06-29 22:17:48,135 | [DYN-LATENT] | INFO | meta_classifier_renewed.model_trainers.meta_trainer | Ep [003/500] T-Acc:  50.0%  V-Acc:  28.6%  V-AUROC: 0.0000  LR: 6.00e-05
2026-06-29 22:17:49,148 | [DYN-LATENT] | INFO | meta_classifier_renewed.model_trainers.meta_trainer | Ep [004/500] T-Acc:  62.5%  V-Acc:  57.1%  V-AUROC: 0.0000  LR: 8.00e-05
2026-06-29 22:17:50,088 | [DYN-LATENT] | INFO | meta_classifier_renewed.model_trainers.meta_trainer | Ep [005/500] T-Acc:  56.2%  V-Acc:  57.1%  V-AUROC: 0.0000  LR: 1.00e-04
2026-06-29 22:17:51,118 | [DYN-LATENT] | INFO | meta_classifier_renewed.model_trainers.meta_trainer | Ep [006/500] T-Acc:  62.5%  V-Acc:  14.3%  V-AUROC: 0.0833  LR: 1.00e-04
2026-06-29 22:17:52,129 | [DYN-LATENT] | INFO | meta_classifier_renewed.model_trainers.meta_trainer | Ep [007/500] T-Acc:  68.8%  V-Acc:  14.3%  V-AUROC: 0.0000  LR: 1.00e-04
2026-06-29 22:17:53,196 | [DYN-LATENT] | INFO | meta_classifier_renewed.model_trainers.meta_trainer | Ep [008/500] T-Acc:  75.0%  V-Acc:  14.3%  V-AUROC: 0.0000  LR: 1.00e-04
2026-06-29 22:17:54,192 | [DYN-LATENT] | INFO | meta_classifier_renewed.model_trainers.meta_trainer | Ep [009/500] T-Acc:  75.0%  V-Acc:  28.6%  V-AUROC: 0.0000  LR: 1.00e-04
2026-06-29 22:17:55,165 | [DYN-LATENT] | INFO | meta_classifier_renewed.model_trainers.meta_trainer | Ep [010/500] T-Acc:  75.0%  V-Acc:  28.6%  V-AUROC: 0.0833  LR: 1.00e-04
2026-06-29 22:17:56,204 | [DYN-LATENT] | INFO | meta_classifier_renewed.model_trainers.meta_trainer | Ep [011/500] T-Acc:  75.0%  V-Acc:  28.6%  V-AUROC: 0.1667  LR: 1.00e-04
2026-06-29 22:17:57,628 | [DYN-LATENT] | INFO | meta_classifier_renewed.model_trainers.meta_trainer | Ep [012/500] T-Acc:  81.2%  V-Acc:  42.9%  V-AUROC: 0.1667  LR: 1.00e-04
2026-06-29 22:17:58,658 | [DYN-LATENT] | INFO | meta_classifier_renewed.model_trainers.meta_trainer | Ep [013/500] T-Acc:  87.5%  V-Acc:  42.9%  V-AUROC: 0.1667  LR: 1.00e-04
2026-06-29 22:17:59,709 | [DYN-LATENT] | INFO | meta_classifier_renewed.model_trainers.meta_trainer | Ep [014/500] T-Acc:  93.8%  V-Acc:  28.6%  V-AUROC: 0.1667  LR: 1.00e-04
2026-06-29 22:18:00,702 | [DYN-LATENT] | INFO | meta_classifier_renewed.model_trainers.meta_trainer | Ep [015/500] T-Acc:  87.5%  V-Acc:  28.6%  V-AUROC: 0.1667  LR: 1.00e-04
2026-06-29 22:18:01,700 | [DYN-LATENT] | INFO | meta_classifier_renewed.model_trainers.meta_trainer | Ep [016/500] T-Acc:  81.2%  V-Acc:  28.6%  V-AUROC: 0.1667  LR: 1.00e-04
2026-06-29 22:18:02,685 | [DYN-LATENT] | INFO | meta_classifier_renewed.model_trainers.meta_trainer | Ep [017/500] T-Acc:  93.8%  V-Acc:  42.9%  V-AUROC: 0.1667  LR: 1.00e-04
2026-06-29 22:18:03,654 | [DYN-LATENT] | INFO | meta_classifier_renewed.model_trainers.meta_trainer | Ep [018/500] T-Acc:  93.8%  V-Acc:  42.9%  V-AUROC: 0.1667  LR: 1.00e-04
2026-06-29 22:18:04,722 | [DYN-LATENT] | INFO | meta_classifier_renewed.model_trainers.meta_trainer | Ep [019/500] T-Acc: 100.0%  V-Acc:  42.9%  V-AUROC: 0.1667  LR: 1.00e-04
2026-06-29 22:18:05,706 | [DYN-LATENT] | INFO | meta_classifier_renewed.model_trainers.meta_trainer | Ep [020/500] T-Acc:  81.2%  V-Acc:  28.6%  V-AUROC: 0.1667  LR: 1.00e-04
2026-06-29 22:18:06,642 | [DYN-LATENT] | INFO | meta_classifier_renewed.model_trainers.meta_trainer | Ep [021/500] T-Acc: 100.0%  V-Acc:  42.9%  V-AUROC: 0.1667  LR: 1.00e-04
2026-06-29 22:18:07,604 | [DYN-LATENT] | INFO | meta_classifier_renewed.model_trainers.meta_trainer | Ep [022/500] T-Acc:  93.8%  V-Acc:  42.9%  V-AUROC: 0.1667  LR: 1.00e-04
2026-06-29 22:18:08,621 | [DYN-LATENT] | INFO | meta_classifier_renewed.model_trainers.meta_trainer | Ep [023/500] T-Acc:  93.8%  V-Acc:  42.9%  V-AUROC: 0.1667  LR: 2.00e-05
2026-06-29 22:18:09,622 | [DYN-LATENT] | INFO | meta_classifier_renewed.model_trainers.meta_trainer | Ep [024/500] T-Acc:  93.8%  V-Acc:  42.9%  V-AUROC: 0.1667  LR: 2.00e-05
2026-06-29 22:18:10,596 | [DYN-LATENT] | INFO | meta_classifier_renewed.model_trainers.meta_trainer | Ep [025/500] T-Acc:  87.5%  V-Acc:  42.9%  V-AUROC: 0.1667  LR: 2.00e-05
2026-06-29 22:18:11,598 | [DYN-LATENT] | INFO | meta_classifier_renewed.model_trainers.meta_trainer | Ep [026/500] T-Acc:  93.8%  V-Acc:  42.9%  V-AUROC: 0.1667  LR: 2.00e-05
2026-06-29 22:18:12,662 | [DYN-LATENT] | INFO | meta_classifier_renewed.model_trainers.meta_trainer | Ep [027/500] T-Acc:  87.5%  V-Acc:  28.6%  V-AUROC: 0.1667  LR: 2.00e-05
2026-06-29 22:18:13,654 | [DYN-LATENT] | INFO | meta_classifier_renewed.model_trainers.meta_trainer | Ep [028/500] T-Acc:  93.8%  V-Acc:  28.6%  V-AUROC: 0.1667  LR: 2.00e-05
2026-06-29 22:18:14,657 | [DYN-LATENT] | INFO | meta_classifier_renewed.model_trainers.meta_trainer | Ep [029/500] T-Acc: 100.0%  V-Acc:  28.6%  V-AUROC: 0.1667  LR: 2.00e-05
2026-06-29 22:18:15,687 | [DYN-LATENT] | INFO | meta_classifier_renewed.model_trainers.meta_trainer | Ep [030/500] T-Acc:  93.8%  V-Acc:  42.9%  V-AUROC: 0.1667  LR: 2.00e-05
2026-06-29 22:18:16,717 | [DYN-LATENT] | INFO | meta_classifier_renewed.model_trainers.meta_trainer | Ep [031/500] T-Acc:  93.8%  V-Acc:  42.9%  V-AUROC: 0.1667  LR: 2.00e-05
2026-06-29 22:18:17,658 | [DYN-LATENT] | INFO | meta_classifier_renewed.model_trainers.meta_trainer | Ep [032/500] T-Acc:  93.8%  V-Acc:  42.9%  V-AUROC: 0.1667  LR: 2.00e-05
2026-06-29 22:18:18,763 | [DYN-LATENT] | INFO | meta_classifier_renewed.model_trainers.meta_trainer | Ep [033/500] T-Acc: 100.0%  V-Acc:  42.9%  V-AUROC: 0.1667  LR: 2.00e-05
2026-06-29 22:18:19,817 | [DYN-LATENT] | INFO | meta_classifier_renewed.model_trainers.meta_trainer | Ep [034/500] T-Acc:  93.8%  V-Acc:  42.9%  V-AUROC: 0.1667  LR: 4.00e-06
2026-06-29 22:18:20,894 | [DYN-LATENT] | INFO | meta_classifier_renewed.model_trainers.meta_trainer | Ep [035/500] T-Acc: 100.0%  V-Acc:  42.9%  V-AUROC: 0.1667  LR: 4.00e-06
2026-06-29 22:18:21,828 | [DYN-LATENT] | INFO | meta_classifier_renewed.model_trainers.meta_trainer | Ep [036/500] T-Acc: 100.0%  V-Acc:  42.9%  V-AUROC: 0.1667  LR: 4.00e-06
2026-06-29 22:18:22,830 | [DYN-LATENT] | INFO | meta_classifier_renewed.model_trainers.meta_trainer | Ep [037/500] T-Acc:  93.8%  V-Acc:  42.9%  V-AUROC: 0.1667  LR: 4.00e-06
2026-06-29 22:18:23,945 | [DYN-LATENT] | INFO | meta_classifier_renewed.model_trainers.meta_trainer | Ep [038/500] T-Acc:  93.8%  V-Acc:  42.9%  V-AUROC: 0.1667  LR: 4.00e-06
2026-06-29 22:18:24,909 | [DYN-LATENT] | INFO | meta_classifier_renewed.model_trainers.meta_trainer | Ep [039/500] T-Acc:  93.8%  V-Acc:  42.9%  V-AUROC: 0.1667  LR: 4.00e-06
2026-06-29 22:18:25,818 | [DYN-LATENT] | INFO | meta_classifier_renewed.model_trainers.meta_trainer | Ep [040/500] T-Acc: 100.0%  V-Acc:  42.9%  V-AUROC: 0.1667  LR: 4.00e-06
2026-06-29 22:18:26,806 | [DYN-LATENT] | INFO | meta_classifier_renewed.model_trainers.meta_trainer | Ep [041/500] T-Acc:  93.8%  V-Acc:  42.9%  V-AUROC: 0.1667  LR: 4.00e-06
2026-06-29 22:18:26,807 | [DYN-LATENT] | INFO | meta_classifier_renewed.model_trainers.meta_trainer | Early stop — best AUROC 0.1667 at epoch 11
2026-06-29 22:18:27,526 | [DYN-LATENT] | INFO | meta_classifier_renewed.evaluators.monte_carlo_evaluator | -> Fold 27 Result | Acc=0.286 Sens=0.667 Spec=0.000 AUROC=0.167
2026-06-29 22:18:27,680 | [DYN-LATENT] | INFO | meta_classifier_renewed.evaluators.monte_carlo_evaluator | === Fold 28/30 | train: 16 subj | test: 7 subj ===
2026-06-29 22:18:29,008 | [DYN-LATENT] | INFO | meta_classifier_renewed.model_trainers.meta_trainer | Ep [001/500] T-Acc:  68.8%  V-Acc:  42.9%  V-AUROC: 0.5000  LR: 2.00e-05
2026-06-29 22:18:30,170 | [DYN-LATENT] | INFO | meta_classifier_renewed.model_trainers.meta_trainer | Ep [002/500] T-Acc:  43.8%  V-Acc:  42.9%  V-AUROC: 0.5000  LR: 4.00e-05
2026-06-29 22:18:31,391 | [DYN-LATENT] | INFO | meta_classifier_renewed.model_trainers.meta_trainer | Ep [003/500] T-Acc:  50.0%  V-Acc:  42.9%  V-AUROC: 0.5000  LR: 6.00e-05
2026-06-29 22:18:32,410 | [DYN-LATENT] | INFO | meta_classifier_renewed.model_trainers.meta_trainer | Ep [004/500] T-Acc:  37.5%  V-Acc:  42.9%  V-AUROC: 0.5000  LR: 8.00e-05
2026-06-29 22:18:33,435 | [DYN-LATENT] | INFO | meta_classifier_renewed.model_trainers.meta_trainer | Ep [005/500] T-Acc:  37.5%  V-Acc:  42.9%  V-AUROC: 0.3333  LR: 1.00e-04
2026-06-29 22:18:34,430 | [DYN-LATENT] | INFO | meta_classifier_renewed.model_trainers.meta_trainer | Ep [006/500] T-Acc:  68.8%  V-Acc:  28.6%  V-AUROC: 0.0000  LR: 1.00e-04
2026-06-29 22:18:35,479 | [DYN-LATENT] | INFO | meta_classifier_renewed.model_trainers.meta_trainer | Ep [007/500] T-Acc:  81.2%  V-Acc:  42.9%  V-AUROC: 0.0000  LR: 1.00e-04
2026-06-29 22:18:36,561 | [DYN-LATENT] | INFO | meta_classifier_renewed.model_trainers.meta_trainer | Ep [008/500] T-Acc:  62.5%  V-Acc:  42.9%  V-AUROC: 0.0000  LR: 1.00e-04
2026-06-29 22:18:37,513 | [DYN-LATENT] | INFO | meta_classifier_renewed.model_trainers.meta_trainer | Ep [009/500] T-Acc:  56.2%  V-Acc:  42.9%  V-AUROC: 0.0833  LR: 1.00e-04
2026-06-29 22:18:38,495 | [DYN-LATENT] | INFO | meta_classifier_renewed.model_trainers.meta_trainer | Ep [010/500] T-Acc:  50.0%  V-Acc:  14.3%  V-AUROC: 0.0833  LR: 1.00e-04
2026-06-29 22:18:39,565 | [DYN-LATENT] | INFO | meta_classifier_renewed.model_trainers.meta_trainer | Ep [011/500] T-Acc:  68.8%  V-Acc:  28.6%  V-AUROC: 0.0833  LR: 1.00e-04
2026-06-29 22:18:40,615 | [DYN-LATENT] | INFO | meta_classifier_renewed.model_trainers.meta_trainer | Ep [012/500] T-Acc:  56.2%  V-Acc:  42.9%  V-AUROC: 0.3333  LR: 1.00e-04
2026-06-29 22:18:41,622 | [DYN-LATENT] | INFO | meta_classifier_renewed.model_trainers.meta_trainer | Ep [013/500] T-Acc:  68.8%  V-Acc:  42.9%  V-AUROC: 0.4167  LR: 1.00e-04
2026-06-29 22:18:42,757 | [DYN-LATENT] | INFO | meta_classifier_renewed.model_trainers.meta_trainer | Ep [014/500] T-Acc:  75.0%  V-Acc:  42.9%  V-AUROC: 0.4167  LR: 1.00e-04
2026-06-29 22:18:43,802 | [DYN-LATENT] | INFO | meta_classifier_renewed.model_trainers.meta_trainer | Ep [015/500] T-Acc:  81.2%  V-Acc:  42.9%  V-AUROC: 0.4167  LR: 1.00e-04
2026-06-29 22:18:44,868 | [DYN-LATENT] | INFO | meta_classifier_renewed.model_trainers.meta_trainer | Ep [016/500] T-Acc:  87.5%  V-Acc:  57.1%  V-AUROC: 0.4167  LR: 1.00e-04
2026-06-29 22:18:45,868 | [DYN-LATENT] | INFO | meta_classifier_renewed.model_trainers.meta_trainer | Ep [017/500] T-Acc:  87.5%  V-Acc:  57.1%  V-AUROC: 0.4167  LR: 1.00e-04
2026-06-29 22:18:46,848 | [DYN-LATENT] | INFO | meta_classifier_renewed.model_trainers.meta_trainer | Ep [018/500] T-Acc:  87.5%  V-Acc:  57.1%  V-AUROC: 0.4167  LR: 1.00e-04
2026-06-29 22:18:47,880 | [DYN-LATENT] | INFO | meta_classifier_renewed.model_trainers.meta_trainer | Ep [019/500] T-Acc:  93.8%  V-Acc:  57.1%  V-AUROC: 0.4167  LR: 1.00e-04
2026-06-29 22:18:48,913 | [DYN-LATENT] | INFO | meta_classifier_renewed.model_trainers.meta_trainer | Ep [020/500] T-Acc:  87.5%  V-Acc:  57.1%  V-AUROC: 0.5000  LR: 1.00e-04
2026-06-29 22:18:49,868 | [DYN-LATENT] | INFO | meta_classifier_renewed.model_trainers.meta_trainer | Ep [021/500] T-Acc:  93.8%  V-Acc:  42.9%  V-AUROC: 0.4167  LR: 1.00e-04
2026-06-29 22:18:50,825 | [DYN-LATENT] | INFO | meta_classifier_renewed.model_trainers.meta_trainer | Ep [022/500] T-Acc:  62.5%  V-Acc:  42.9%  V-AUROC: 0.4167  LR: 1.00e-04
2026-06-29 22:18:51,852 | [DYN-LATENT] | INFO | meta_classifier_renewed.model_trainers.meta_trainer | Ep [023/500] T-Acc: 100.0%  V-Acc:  42.9%  V-AUROC: 0.5000  LR: 1.00e-04
2026-06-29 22:18:52,859 | [DYN-LATENT] | INFO | meta_classifier_renewed.model_trainers.meta_trainer | Ep [024/500] T-Acc:  87.5%  V-Acc:  57.1%  V-AUROC: 0.4167  LR: 1.00e-04
2026-06-29 22:18:53,863 | [DYN-LATENT] | INFO | meta_classifier_renewed.model_trainers.meta_trainer | Ep [025/500] T-Acc:  81.2%  V-Acc:  57.1%  V-AUROC: 0.4167  LR: 1.00e-04
2026-06-29 22:18:54,856 | [DYN-LATENT] | INFO | meta_classifier_renewed.model_trainers.meta_trainer | Ep [026/500] T-Acc: 100.0%  V-Acc:  42.9%  V-AUROC: 0.4167  LR: 1.00e-04
2026-06-29 22:18:55,923 | [DYN-LATENT] | INFO | meta_classifier_renewed.model_trainers.meta_trainer | Ep [027/500] T-Acc: 100.0%  V-Acc:  42.9%  V-AUROC: 0.3333  LR: 1.00e-04
2026-06-29 22:18:56,920 | [DYN-LATENT] | INFO | meta_classifier_renewed.model_trainers.meta_trainer | Ep [028/500] T-Acc:  93.8%  V-Acc:  42.9%  V-AUROC: 0.4167  LR: 1.00e-04
2026-06-29 22:18:58,016 | [DYN-LATENT] | INFO | meta_classifier_renewed.model_trainers.meta_trainer | Ep [029/500] T-Acc:  93.8%  V-Acc:  42.9%  V-AUROC: 0.4167  LR: 1.00e-04
2026-06-29 22:18:59,029 | [DYN-LATENT] | INFO | meta_classifier_renewed.model_trainers.meta_trainer | Ep [030/500] T-Acc: 100.0%  V-Acc:  42.9%  V-AUROC: 0.3333  LR: 1.00e-04
2026-06-29 22:19:00,093 | [DYN-LATENT] | INFO | meta_classifier_renewed.model_trainers.meta_trainer | Ep [031/500] T-Acc:  81.2%  V-Acc:  42.9%  V-AUROC: 0.3333  LR: 1.00e-04
2026-06-29 22:19:00,094 | [DYN-LATENT] | INFO | meta_classifier_renewed.model_trainers.meta_trainer | Early stop — best AUROC 0.5000 at epoch 1
2026-06-29 22:19:00,714 | [DYN-LATENT] | INFO | meta_classifier_renewed.evaluators.monte_carlo_evaluator | -> Fold 28 Result | Acc=0.429 Sens=1.000 Spec=0.000 AUROC=0.500
2026-06-29 22:19:01,014 | [DYN-LATENT] | INFO | meta_classifier_renewed.evaluators.monte_carlo_evaluator | === Fold 29/30 | train: 16 subj | test: 7 subj ===
2026-06-29 22:19:02,474 | [DYN-LATENT] | INFO | meta_classifier_renewed.model_trainers.meta_trainer | Ep [001/500] T-Acc:  62.5%  V-Acc:  42.9%  V-AUROC: 0.9167  LR: 2.00e-05
2026-06-29 22:19:03,646 | [DYN-LATENT] | INFO | meta_classifier_renewed.model_trainers.meta_trainer | Ep [002/500] T-Acc:  37.5%  V-Acc:  42.9%  V-AUROC: 0.9167  LR: 4.00e-05
2026-06-29 22:19:04,684 | [DYN-LATENT] | INFO | meta_classifier_renewed.model_trainers.meta_trainer | Ep [003/500] T-Acc:  50.0%  V-Acc:  71.4%  V-AUROC: 0.9167  LR: 6.00e-05
2026-06-29 22:19:05,652 | [DYN-LATENT] | INFO | meta_classifier_renewed.model_trainers.meta_trainer | Ep [004/500] T-Acc:  62.5%  V-Acc:  85.7%  V-AUROC: 0.9167  LR: 8.00e-05
2026-06-29 22:19:06,685 | [DYN-LATENT] | INFO | meta_classifier_renewed.model_trainers.meta_trainer | Ep [005/500] T-Acc:  31.2%  V-Acc:  57.1%  V-AUROC: 0.8333  LR: 1.00e-04
2026-06-29 22:19:07,716 | [DYN-LATENT] | INFO | meta_classifier_renewed.model_trainers.meta_trainer | Ep [006/500] T-Acc:  50.0%  V-Acc:  71.4%  V-AUROC: 0.7500  LR: 1.00e-04
2026-06-29 22:19:08,717 | [DYN-LATENT] | INFO | meta_classifier_renewed.model_trainers.meta_trainer | Ep [007/500] T-Acc:  50.0%  V-Acc:  71.4%  V-AUROC: 0.6667  LR: 1.00e-04
2026-06-29 22:19:09,691 | [DYN-LATENT] | INFO | meta_classifier_renewed.model_trainers.meta_trainer | Ep [008/500] T-Acc:  75.0%  V-Acc:  57.1%  V-AUROC: 0.6667  LR: 1.00e-04
2026-06-29 22:19:11,038 | [DYN-LATENT] | INFO | meta_classifier_renewed.model_trainers.meta_trainer | Ep [009/500] T-Acc:  68.8%  V-Acc:  57.1%  V-AUROC: 0.6667  LR: 1.00e-04
2026-06-29 22:19:12,178 | [DYN-LATENT] | INFO | meta_classifier_renewed.model_trainers.meta_trainer | Ep [010/500] T-Acc:  68.8%  V-Acc:  57.1%  V-AUROC: 0.6667  LR: 1.00e-04
2026-06-29 22:19:13,238 | [DYN-LATENT] | INFO | meta_classifier_renewed.model_trainers.meta_trainer | Ep [011/500] T-Acc:  81.2%  V-Acc:  57.1%  V-AUROC: 0.6667  LR: 1.00e-04
2026-06-29 22:19:14,253 | [DYN-LATENT] | INFO | meta_classifier_renewed.model_trainers.meta_trainer | Ep [012/500] T-Acc:  68.8%  V-Acc:  57.1%  V-AUROC: 0.6667  LR: 1.00e-04
2026-06-29 22:19:15,320 | [DYN-LATENT] | INFO | meta_classifier_renewed.model_trainers.meta_trainer | Ep [013/500] T-Acc:  62.5%  V-Acc:  57.1%  V-AUROC: 0.6667  LR: 1.00e-04
2026-06-29 22:19:16,381 | [DYN-LATENT] | INFO | meta_classifier_renewed.model_trainers.meta_trainer | Ep [014/500] T-Acc:  68.8%  V-Acc:  71.4%  V-AUROC: 0.6667  LR: 1.00e-04
2026-06-29 22:19:17,421 | [DYN-LATENT] | INFO | meta_classifier_renewed.model_trainers.meta_trainer | Ep [015/500] T-Acc:  68.8%  V-Acc:  71.4%  V-AUROC: 0.6667  LR: 1.00e-04
2026-06-29 22:19:18,420 | [DYN-LATENT] | INFO | meta_classifier_renewed.model_trainers.meta_trainer | Ep [016/500] T-Acc:  87.5%  V-Acc:  85.7%  V-AUROC: 0.7500  LR: 1.00e-04
2026-06-29 22:19:19,470 | [DYN-LATENT] | INFO | meta_classifier_renewed.model_trainers.meta_trainer | Ep [017/500] T-Acc:  75.0%  V-Acc:  85.7%  V-AUROC: 0.7500  LR: 1.00e-04
2026-06-29 22:19:20,467 | [DYN-LATENT] | INFO | meta_classifier_renewed.model_trainers.meta_trainer | Ep [018/500] T-Acc:  87.5%  V-Acc:  85.7%  V-AUROC: 0.7500  LR: 2.00e-05
2026-06-29 22:19:21,385 | [DYN-LATENT] | INFO | meta_classifier_renewed.model_trainers.meta_trainer | Ep [019/500] T-Acc:  87.5%  V-Acc:  85.7%  V-AUROC: 0.7500  LR: 2.00e-05
2026-06-29 22:19:22,400 | [DYN-LATENT] | INFO | meta_classifier_renewed.model_trainers.meta_trainer | Ep [020/500] T-Acc:  75.0%  V-Acc:  85.7%  V-AUROC: 0.7500  LR: 2.00e-05
2026-06-29 22:19:23,469 | [DYN-LATENT] | INFO | meta_classifier_renewed.model_trainers.meta_trainer | Ep [021/500] T-Acc:  93.8%  V-Acc:  71.4%  V-AUROC: 0.7500  LR: 2.00e-05
2026-06-29 22:19:24,485 | [DYN-LATENT] | INFO | meta_classifier_renewed.model_trainers.meta_trainer | Ep [022/500] T-Acc:  87.5%  V-Acc:  71.4%  V-AUROC: 0.7500  LR: 2.00e-05
2026-06-29 22:19:25,452 | [DYN-LATENT] | INFO | meta_classifier_renewed.model_trainers.meta_trainer | Ep [023/500] T-Acc:  75.0%  V-Acc:  71.4%  V-AUROC: 0.7500  LR: 2.00e-05
2026-06-29 22:19:26,447 | [DYN-LATENT] | INFO | meta_classifier_renewed.model_trainers.meta_trainer | Ep [024/500] T-Acc:  93.8%  V-Acc:  71.4%  V-AUROC: 0.7500  LR: 2.00e-05
2026-06-29 22:19:27,528 | [DYN-LATENT] | INFO | meta_classifier_renewed.model_trainers.meta_trainer | Ep [025/500] T-Acc:  75.0%  V-Acc:  71.4%  V-AUROC: 0.6667  LR: 2.00e-05
2026-06-29 22:19:28,510 | [DYN-LATENT] | INFO | meta_classifier_renewed.model_trainers.meta_trainer | Ep [026/500] T-Acc:  87.5%  V-Acc:  71.4%  V-AUROC: 0.6667  LR: 2.00e-05
2026-06-29 22:19:29,426 | [DYN-LATENT] | INFO | meta_classifier_renewed.model_trainers.meta_trainer | Ep [027/500] T-Acc: 100.0%  V-Acc:  71.4%  V-AUROC: 0.6667  LR: 2.00e-05
2026-06-29 22:19:30,461 | [DYN-LATENT] | INFO | meta_classifier_renewed.model_trainers.meta_trainer | Ep [028/500] T-Acc: 100.0%  V-Acc:  71.4%  V-AUROC: 0.6667  LR: 2.00e-05
2026-06-29 22:19:31,516 | [DYN-LATENT] | INFO | meta_classifier_renewed.model_trainers.meta_trainer | Ep [029/500] T-Acc:  81.2%  V-Acc:  71.4%  V-AUROC: 0.6667  LR: 4.00e-06
2026-06-29 22:19:32,559 | [DYN-LATENT] | INFO | meta_classifier_renewed.model_trainers.meta_trainer | Ep [030/500] T-Acc:  93.8%  V-Acc:  71.4%  V-AUROC: 0.6667  LR: 4.00e-06
2026-06-29 22:19:33,543 | [DYN-LATENT] | INFO | meta_classifier_renewed.model_trainers.meta_trainer | Ep [031/500] T-Acc:  87.5%  V-Acc:  71.4%  V-AUROC: 0.6667  LR: 4.00e-06
2026-06-29 22:19:33,544 | [DYN-LATENT] | INFO | meta_classifier_renewed.model_trainers.meta_trainer | Early stop — best AUROC 0.9167 at epoch 1
2026-06-29 22:19:34,211 | [DYN-LATENT] | INFO | meta_classifier_renewed.evaluators.monte_carlo_evaluator | -> Fold 29 Result | Acc=0.429 Sens=0.000 Spec=1.000 AUROC=0.917
2026-06-29 22:19:34,417 | [DYN-LATENT] | INFO | meta_classifier_renewed.evaluators.monte_carlo_evaluator | === Fold 30/30 | train: 16 subj | test: 7 subj ===
2026-06-29 22:19:35,926 | [DYN-LATENT] | INFO | meta_classifier_renewed.model_trainers.meta_trainer | Ep [001/500] T-Acc:  43.8%  V-Acc:  28.6%  V-AUROC: 0.1000  LR: 2.00e-05
2026-06-29 22:19:37,055 | [DYN-LATENT] | INFO | meta_classifier_renewed.model_trainers.meta_trainer | Ep [002/500] T-Acc:  43.8%  V-Acc:  28.6%  V-AUROC: 0.1000  LR: 4.00e-05
2026-06-29 22:19:38,232 | [DYN-LATENT] | INFO | meta_classifier_renewed.model_trainers.meta_trainer | Ep [003/500] T-Acc:  43.8%  V-Acc:  28.6%  V-AUROC: 0.1000  LR: 6.00e-05
2026-06-29 22:19:39,350 | [DYN-LATENT] | INFO | meta_classifier_renewed.model_trainers.meta_trainer | Ep [004/500] T-Acc:  43.8%  V-Acc:  28.6%  V-AUROC: 0.2000  LR: 8.00e-05
2026-06-29 22:19:40,522 | [DYN-LATENT] | INFO | meta_classifier_renewed.model_trainers.meta_trainer | Ep [005/500] T-Acc:  31.2%  V-Acc:  28.6%  V-AUROC: 0.4000  LR: 1.00e-04
2026-06-29 22:19:41,600 | [DYN-LATENT] | INFO | meta_classifier_renewed.model_trainers.meta_trainer | Ep [006/500] T-Acc:  37.5%  V-Acc:  42.9%  V-AUROC: 0.6000  LR: 1.00e-04
2026-06-29 22:19:43,015 | [DYN-LATENT] | INFO | meta_classifier_renewed.model_trainers.meta_trainer | Ep [007/500] T-Acc:  62.5%  V-Acc:  42.9%  V-AUROC: 0.6000  LR: 1.00e-04
2026-06-29 22:19:44,159 | [DYN-LATENT] | INFO | meta_classifier_renewed.model_trainers.meta_trainer | Ep [008/500] T-Acc:  75.0%  V-Acc:  42.9%  V-AUROC: 0.5000  LR: 1.00e-04
2026-06-29 22:19:45,115 | [DYN-LATENT] | INFO | meta_classifier_renewed.model_trainers.meta_trainer | Ep [009/500] T-Acc:  62.5%  V-Acc:  28.6%  V-AUROC: 0.5000  LR: 1.00e-04
2026-06-29 22:19:46,045 | [DYN-LATENT] | INFO | meta_classifier_renewed.model_trainers.meta_trainer | Ep [010/500] T-Acc:  68.8%  V-Acc:  42.9%  V-AUROC: 0.4000  LR: 1.00e-04
2026-06-29 22:19:47,071 | [DYN-LATENT] | INFO | meta_classifier_renewed.model_trainers.meta_trainer | Ep [011/500] T-Acc:  68.8%  V-Acc:  28.6%  V-AUROC: 0.3000  LR: 1.00e-04
2026-06-29 22:19:48,071 | [DYN-LATENT] | INFO | meta_classifier_renewed.model_trainers.meta_trainer | Ep [012/500] T-Acc:  62.5%  V-Acc:  28.6%  V-AUROC: 0.4000  LR: 1.00e-04
2026-06-29 22:19:49,011 | [DYN-LATENT] | INFO | meta_classifier_renewed.model_trainers.meta_trainer | Ep [013/500] T-Acc:  75.0%  V-Acc:  28.6%  V-AUROC: 0.3000  LR: 1.00e-04
2026-06-29 22:19:49,957 | [DYN-LATENT] | INFO | meta_classifier_renewed.model_trainers.meta_trainer | Ep [014/500] T-Acc:  68.8%  V-Acc:  57.1%  V-AUROC: 0.4000  LR: 1.00e-04
2026-06-29 22:19:51,052 | [DYN-LATENT] | INFO | meta_classifier_renewed.model_trainers.meta_trainer | Ep [015/500] T-Acc:  75.0%  V-Acc:  57.1%  V-AUROC: 0.4000  LR: 1.00e-04
2026-06-29 22:19:52,076 | [DYN-LATENT] | INFO | meta_classifier_renewed.model_trainers.meta_trainer | Ep [016/500] T-Acc:  56.2%  V-Acc:  28.6%  V-AUROC: 0.4000  LR: 1.00e-04
2026-06-29 22:19:53,105 | [DYN-LATENT] | INFO | meta_classifier_renewed.model_trainers.meta_trainer | Ep [017/500] T-Acc:  75.0%  V-Acc:  42.9%  V-AUROC: 0.4000  LR: 1.00e-04
2026-06-29 22:19:54,097 | [DYN-LATENT] | INFO | meta_classifier_renewed.model_trainers.meta_trainer | Ep [018/500] T-Acc:  75.0%  V-Acc:  42.9%  V-AUROC: 0.4000  LR: 2.00e-05
2026-06-29 22:19:55,075 | [DYN-LATENT] | INFO | meta_classifier_renewed.model_trainers.meta_trainer | Ep [019/500] T-Acc:  87.5%  V-Acc:  42.9%  V-AUROC: 0.4000  LR: 2.00e-05
2026-06-29 22:19:56,116 | [DYN-LATENT] | INFO | meta_classifier_renewed.model_trainers.meta_trainer | Ep [020/500] T-Acc: 100.0%  V-Acc:  42.9%  V-AUROC: 0.4000  LR: 2.00e-05
2026-06-29 22:19:57,179 | [DYN-LATENT] | INFO | meta_classifier_renewed.model_trainers.meta_trainer | Ep [021/500] T-Acc:  93.8%  V-Acc:  42.9%  V-AUROC: 0.4000  LR: 2.00e-05
2026-06-29 22:19:58,189 | [DYN-LATENT] | INFO | meta_classifier_renewed.model_trainers.meta_trainer | Ep [022/500] T-Acc:  81.2%  V-Acc:  42.9%  V-AUROC: 0.4000  LR: 2.00e-05
2026-06-29 22:19:59,168 | [DYN-LATENT] | INFO | meta_classifier_renewed.model_trainers.meta_trainer | Ep [023/500] T-Acc:  75.0%  V-Acc:  42.9%  V-AUROC: 0.4000  LR: 2.00e-05
2026-06-29 22:20:00,218 | [DYN-LATENT] | INFO | meta_classifier_renewed.model_trainers.meta_trainer | Ep [024/500] T-Acc:  81.2%  V-Acc:  42.9%  V-AUROC: 0.4000  LR: 2.00e-05
2026-06-29 22:20:01,195 | [DYN-LATENT] | INFO | meta_classifier_renewed.model_trainers.meta_trainer | Ep [025/500] T-Acc:  87.5%  V-Acc:  42.9%  V-AUROC: 0.4000  LR: 2.00e-05
2026-06-29 22:20:02,149 | [DYN-LATENT] | INFO | meta_classifier_renewed.model_trainers.meta_trainer | Ep [026/500] T-Acc:  81.2%  V-Acc:  42.9%  V-AUROC: 0.4000  LR: 2.00e-05
2026-06-29 22:20:03,187 | [DYN-LATENT] | INFO | meta_classifier_renewed.model_trainers.meta_trainer | Ep [027/500] T-Acc:  93.8%  V-Acc:  42.9%  V-AUROC: 0.4000  LR: 2.00e-05
2026-06-29 22:20:04,211 | [DYN-LATENT] | INFO | meta_classifier_renewed.model_trainers.meta_trainer | Ep [028/500] T-Acc: 100.0%  V-Acc:  42.9%  V-AUROC: 0.4000  LR: 2.00e-05
2026-06-29 22:20:05,141 | [DYN-LATENT] | INFO | meta_classifier_renewed.model_trainers.meta_trainer | Ep [029/500] T-Acc: 100.0%  V-Acc:  42.9%  V-AUROC: 0.4000  LR: 4.00e-06
2026-06-29 22:20:06,100 | [DYN-LATENT] | INFO | meta_classifier_renewed.model_trainers.meta_trainer | Ep [030/500] T-Acc:  87.5%  V-Acc:  42.9%  V-AUROC: 0.4000  LR: 4.00e-06
2026-06-29 22:20:07,130 | [DYN-LATENT] | INFO | meta_classifier_renewed.model_trainers.meta_trainer | Ep [031/500] T-Acc:  75.0%  V-Acc:  42.9%  V-AUROC: 0.4000  LR: 4.00e-06
2026-06-29 22:20:08,134 | [DYN-LATENT] | INFO | meta_classifier_renewed.model_trainers.meta_trainer | Ep [032/500] T-Acc: 100.0%  V-Acc:  42.9%  V-AUROC: 0.4000  LR: 4.00e-06
2026-06-29 22:20:09,047 | [DYN-LATENT] | INFO | meta_classifier_renewed.model_trainers.meta_trainer | Ep [033/500] T-Acc: 100.0%  V-Acc:  42.9%  V-AUROC: 0.4000  LR: 4.00e-06
2026-06-29 22:20:10,008 | [DYN-LATENT] | INFO | meta_classifier_renewed.model_trainers.meta_trainer | Ep [034/500] T-Acc:  75.0%  V-Acc:  42.9%  V-AUROC: 0.4000  LR: 4.00e-06
2026-06-29 22:20:11,039 | [DYN-LATENT] | INFO | meta_classifier_renewed.model_trainers.meta_trainer | Ep [035/500] T-Acc:  87.5%  V-Acc:  42.9%  V-AUROC: 0.4000  LR: 4.00e-06
2026-06-29 22:20:12,156 | [DYN-LATENT] | INFO | meta_classifier_renewed.model_trainers.meta_trainer | Ep [036/500] T-Acc:  87.5%  V-Acc:  42.9%  V-AUROC: 0.4000  LR: 4.00e-06
2026-06-29 22:20:12,156 | [DYN-LATENT] | INFO | meta_classifier_renewed.model_trainers.meta_trainer | Early stop — best AUROC 0.6000 at epoch 6
2026-06-29 22:20:12,757 | [DYN-LATENT] | INFO | meta_classifier_renewed.evaluators.monte_carlo_evaluator | -> Fold 30 Result | Acc=0.429 Sens=0.500 Spec=0.400 AUROC=0.600
2026-06-29 22:20:13,020 | [DYN-LATENT] | INFO | meta_classifier_renewed.evaluators.monte_carlo_evaluator | ============================================================
2026-06-29 22:20:13,022 | [DYN-LATENT] | INFO | meta_classifier_renewed.evaluators.monte_carlo_evaluator |   Dynamic MC-CV Results (30 folds) - STRICT 0.5 THRESHOLD
2026-06-29 22:20:13,022 | [DYN-LATENT] | INFO | meta_classifier_renewed.evaluators.monte_carlo_evaluator |   Accuracy    : 0.524 ± 0.178
2026-06-29 22:20:13,022 | [DYN-LATENT] | INFO | meta_classifier_renewed.evaluators.monte_carlo_evaluator |   AUROC       : 0.735 ± 0.203
2026-06-29 22:20:13,022 | [DYN-LATENT] | INFO | meta_classifier_renewed.evaluators.monte_carlo_evaluator | ============================================================
