2026-06-29 16:19:57,323 | [META-RNW] | INFO | __main__ | Run ID: 20260629_161957_meta_renewed_t123567_mt02 | tasks=[1=HSacB, 2=HSacBanti, 3=HSacR, 5=VSacB, 6=VSacBanti, 7=VSacR] | max_trials=2 | dropout=0.50 | patience=30 | lr=1e-04 | wd=1e-02
2026-06-29 16:19:57,323 | [META-RNW] | INFO | __main__ | Log file: /home/leggo/AIResearch/VOGBasedMCIDetectionSystemMobileViTSingleExperimentInference/outputs/logs/run_20260629_161957_meta_renewed_t123567_mt02.log
2026-06-29 16:19:57,324 | [META-RNW] | INFO | __main__ | Loading 8-task VOG tensors (4-error CWT) from: /home/leggo/AIResearch/VOGBasedMCIDetectionSystemMobileViTSingleExperimentInference/data
2026-06-29 16:19:57,476 | [META-RNW] | INFO | full_experiments_using.data_processor.data_engineering | Loaded preprocessed data_store from cache: /home/leggo/AIResearch/VOGBasedMCIDetectionSystemMobileViTSingleExperimentInference/outputs/cache/data_store_meta_4err.pkl (5736 epochs)
2026-06-29 16:19:57,480 | [META-RNW] | INFO | meta_classifier_renewed.data_processor.data_preprocessing | Strict-parity drop (over 6 kept task(s) at MAX_TRIALS=2): 23 subject(s) had <2 trials on ≥1 kept task.
2026-06-29 16:19:57,481 | [META-RNW] | INFO | meta_classifier_renewed.data_processor.data_preprocessing |   · dropped 20240709_083459_2025307_ (HC) — kept-task counts [t1, t2, t3, t5, t6, t7] = [1, 3, 19, 11, 14, 22]
2026-06-29 16:19:57,481 | [META-RNW] | INFO | meta_classifier_renewed.data_processor.data_preprocessing |   · dropped 20240329_101344_493078_ (HC) — kept-task counts [t1, t2, t3, t5, t6, t7] = [3, 1, 20, 7, 2, 18]
2026-06-29 16:19:57,481 | [META-RNW] | INFO | meta_classifier_renewed.data_processor.data_preprocessing |   · dropped 20240329_084111_1324721_ (HC) — kept-task counts [t1, t2, t3, t5, t6, t7] = [5, 8, 17, 13, 1, 18]
2026-06-29 16:19:57,481 | [META-RNW] | INFO | meta_classifier_renewed.data_processor.data_preprocessing |   · dropped 20241011_105132_853338_ (HC) — kept-task counts [t1, t2, t3, t5, t6, t7] = [2, 1, 18, 4, 6, 16]
2026-06-29 16:19:57,481 | [META-RNW] | INFO | meta_classifier_renewed.data_processor.data_preprocessing |   · dropped 20250612_100903_584743_ (HC) — kept-task counts [t1, t2, t3, t5, t6, t7] = [2, 1, 13, 6, 1, 19]
2026-06-29 16:19:57,481 | [META-RNW] | INFO | meta_classifier_renewed.data_processor.data_preprocessing |   · dropped 20240329_094040_1073209_ (HC) — kept-task counts [t1, t2, t3, t5, t6, t7] = [4, 2, 19, 5, 0, 16]
2026-06-29 16:19:57,481 | [META-RNW] | INFO | meta_classifier_renewed.data_processor.data_preprocessing |   · dropped 20240830_103408_1926067_ (HC) — kept-task counts [t1, t2, t3, t5, t6, t7] = [2, 0, 19, 7, 3, 20]
2026-06-29 16:19:57,481 | [META-RNW] | INFO | meta_classifier_renewed.data_processor.data_preprocessing |   · dropped 20251223_131850_1523559_ (MCI) — kept-task counts [t1, t2, t3, t5, t6, t7] = [1, 0, 10, 1, 0, 24]
2026-06-29 16:19:57,481 | [META-RNW] | INFO | meta_classifier_renewed.data_processor.data_preprocessing |   · dropped 20250701_091148_644377_ (MCI) — kept-task counts [t1, t2, t3, t5, t6, t7] = [6, 0, 12, 6, 1, 24]
2026-06-29 16:19:57,482 | [META-RNW] | INFO | meta_classifier_renewed.data_processor.data_preprocessing |   · dropped 20250917_084851_1188823_ (MCI) — kept-task counts [t1, t2, t3, t5, t6, t7] = [0, 2, 10, 1, 3, 21]
2026-06-29 16:19:57,482 | [META-RNW] | INFO | meta_classifier_renewed.data_processor.data_preprocessing |   · dropped 20260224_093854_1212626_ (MCI) — kept-task counts [t1, t2, t3, t5, t6, t7] = [1, 1, 5, 2, 1, 20]
2026-06-29 16:19:57,482 | [META-RNW] | INFO | meta_classifier_renewed.data_processor.data_preprocessing |   · dropped 20251231_142955_1588893_ (MCI) — kept-task counts [t1, t2, t3, t5, t6, t7] = [3, 3, 10, 4, 0, 24]
2026-06-29 16:19:57,482 | [META-RNW] | INFO | meta_classifier_renewed.data_processor.data_preprocessing |   · dropped 20251112_091044_895787_ (MCI) — kept-task counts [t1, t2, t3, t5, t6, t7] = [3, 2, 11, 2, 0, 20]
2026-06-29 16:19:57,482 | [META-RNW] | INFO | meta_classifier_renewed.data_processor.data_preprocessing |   · dropped 20250826_085849_1502340_ (MCI) — kept-task counts [t1, t2, t3, t5, t6, t7] = [10, 1, 12, 12, 1, 24]
2026-06-29 16:19:57,482 | [META-RNW] | INFO | meta_classifier_renewed.data_processor.data_preprocessing |   · dropped 20260324_091656_1959999 (MCI) — kept-task counts [t1, t2, t3, t5, t6, t7] = [7, 1, 10, 2, 0, 21]
2026-06-29 16:19:57,482 | [META-RNW] | INFO | meta_classifier_renewed.data_processor.data_preprocessing |   · dropped 20260225_142456_1486695 (MCI) — kept-task counts [t1, t2, t3, t5, t6, t7] = [3, 0, 12, 5, 3, 20]
2026-06-29 16:19:57,482 | [META-RNW] | INFO | meta_classifier_renewed.data_processor.data_preprocessing |   · dropped 20260311_094118_984956 (MCI) — kept-task counts [t1, t2, t3, t5, t6, t7] = [3, 1, 14, 0, 0, 22]
2026-06-29 16:19:57,482 | [META-RNW] | INFO | meta_classifier_renewed.data_processor.data_preprocessing |   · dropped 20260317_093419_1012933 (MCI) — kept-task counts [t1, t2, t3, t5, t6, t7] = [2, 0, 9, 3, 0, 23]
2026-06-29 16:19:57,482 | [META-RNW] | INFO | meta_classifier_renewed.data_processor.data_preprocessing |   · dropped 20260204_134719_1968714 (MCI) — kept-task counts [t1, t2, t3, t5, t6, t7] = [4, 0, 12, 4, 6, 21]
2026-06-29 16:19:57,482 | [META-RNW] | INFO | meta_classifier_renewed.data_processor.data_preprocessing |   · dropped 20260310_090536_1517154 (MCI) — kept-task counts [t1, t2, t3, t5, t6, t7] = [4, 0, 7, 11, 2, 24]
2026-06-29 16:19:57,482 | [META-RNW] | INFO | meta_classifier_renewed.data_processor.data_preprocessing |   · dropped 20260421_091245_1871077 (MCI) — kept-task counts [t1, t2, t3, t5, t6, t7] = [2, 2, 12, 1, 6, 25]
2026-06-29 16:19:57,482 | [META-RNW] | INFO | meta_classifier_renewed.data_processor.data_preprocessing |   · dropped 20260128_084616_972310 (MCI) — kept-task counts [t1, t2, t3, t5, t6, t7] = [3, 1, 9, 1, 1, 21]
2026-06-29 16:19:57,483 | [META-RNW] | INFO | meta_classifier_renewed.data_processor.data_preprocessing |   · dropped 20260325_084718_1491320 (MCI) — kept-task counts [t1, t2, t3, t5, t6, t7] = [4, 0, 5, 1, 0, 15]
2026-06-29 16:19:57,485 | [META-RNW] | INFO | __main__ | Subject bundles built: 14  (bundle shape = (14, 6, 2, 4, 32, 32); KEEP_TASK_IDS=(1, 2, 3, 5, 6, 7))
2026-06-29 16:19:57,485 | [META-RNW] | INFO | __main__ | Strict-parity dropped subjects: 23
2026-06-29 16:19:57,611 | [META-RNW] | INFO | meta_classifier_renewed.evaluators.monte_carlo_evaluator | Renewed meta MC Group CV — 30 folds | device=cuda | dropout=0.50 | lr=1e-04 | wd=1e-02 | NUM_TASKS=6
2026-06-29 16:19:57,611 | [META-RNW] | INFO | meta_classifier_renewed.evaluators.monte_carlo_evaluator | Loading shared MobileViT-small backbone (one-time, no patches)...
2026-06-29 16:19:58,183 | [META-RNW] | INFO | httpx | HTTP Request: HEAD https://huggingface.co/apple/mobilevit-small/resolve/main/config.json "HTTP/1.1 307 Temporary Redirect"
2026-06-29 16:19:58,208 | [META-RNW] | INFO | httpx | HTTP Request: HEAD https://huggingface.co/api/resolve-cache/models/apple/mobilevit-small/6c8612545dc98676d27bc518fa521d9e9af23e34/config.json "HTTP/1.1 200 OK"
2026-06-29 16:19:58,491 | [META-RNW] | INFO | httpx | HTTP Request: HEAD https://huggingface.co/apple/mobilevit-small/resolve/main/model.safetensors "HTTP/1.1 404 Not Found"
2026-06-29 16:19:58,719 | [META-RNW] | INFO | httpx | HTTP Request: HEAD https://huggingface.co/apple/mobilevit-small/resolve/main/model.safetensors.index.json "HTTP/1.1 404 Not Found"
2026-06-29 16:19:58,947 | [META-RNW] | INFO | httpx | HTTP Request: HEAD https://huggingface.co/apple/mobilevit-small/resolve/main/pytorch_model.bin "HTTP/1.1 302 Found"
2026-06-29 16:19:59,170 | [META-RNW] | INFO | httpx | HTTP Request: HEAD https://huggingface.co/apple/mobilevit-small/resolve/main/model.safetensors "HTTP/1.1 404 Not Found"
2026-06-29 16:19:59,425 | [META-RNW] | INFO | httpx | HTTP Request: GET https://huggingface.co/api/models/apple/mobilevit-small "HTTP/1.1 200 OK"
2026-06-29 16:19:59,792 | [META-RNW] | INFO | httpx | HTTP Request: GET https://huggingface.co/api/models/apple/mobilevit-small/commits/main "HTTP/1.1 200 OK"
2026-06-29 16:19:59,926 | [META-RNW] | INFO | meta_classifier_renewed.evaluators.monte_carlo_evaluator | Shared backbone ready on cuda.
2026-06-29 16:19:59,930 | [META-RNW] | INFO | meta_classifier_renewed.evaluators.monte_carlo_evaluator | === Fold 01/30 | train: 9 subj | test: 5 subj ===
2026-06-29 16:19:59,948 | [META-RNW] | INFO | meta_classifier_renewed.model_trainers.meta_trainer | Device: cuda | max_epochs=500 | batch=8 | es_patience=30 | lr=1e-04 | wd=1e-02
2026-06-29 16:19:59,949 | [META-RNW] | INFO | meta_classifier_renewed.model_trainers.meta_trainer | CE weights — HC: 0.900  MCI: 1.125
2026-06-29 16:20:00,021 | [META-RNW] | INFO | httpx | HTTP Request: GET https://huggingface.co/api/models/apple/mobilevit-small/discussions?p=0 "HTTP/1.1 200 OK"
2026-06-29 16:20:00,261 | [META-RNW] | INFO | httpx | HTTP Request: GET https://huggingface.co/api/models/apple/mobilevit-small/commits/refs%2Fpr%2F6 "HTTP/1.1 200 OK"
2026-06-29 16:20:00,487 | [META-RNW] | INFO | httpx | HTTP Request: HEAD https://huggingface.co/apple/mobilevit-small/resolve/refs%2Fpr%2F6/model.safetensors.index.json "HTTP/1.1 404 Not Found"
2026-06-29 16:20:00,711 | [META-RNW] | INFO | httpx | HTTP Request: HEAD https://huggingface.co/apple/mobilevit-small/resolve/refs%2Fpr%2F6/model.safetensors "HTTP/1.1 302 Found"
2026-06-29 16:20:01,262 | [META-RNW] | INFO | meta_classifier_renewed.model_trainers.meta_trainer | Ep [001/500] T-Acc:  44.4%  V-Acc:  40.0%  V-AUROC: 1.0000  LR: 2.00e-05
2026-06-29 16:20:01,360 | [META-RNW] | INFO | meta_classifier_renewed.model_trainers.meta_trainer |   ↳ new best AUROC; saved checkpoint: /home/leggo/AIResearch/VOGBasedMCIDetectionSystemMobileViTSingleExperimentInference/outputs/checkpoints/run_20260629_161957_meta_renewed_t123567_mt02/fold_00_best.pth
2026-06-29 16:20:01,562 | [META-RNW] | INFO | meta_classifier_renewed.model_trainers.meta_trainer | Ep [002/500] T-Acc:  44.4%  V-Acc:  40.0%  V-AUROC: 1.0000  LR: 4.00e-05
2026-06-29 16:20:01,771 | [META-RNW] | INFO | meta_classifier_renewed.model_trainers.meta_trainer | Ep [003/500] T-Acc:  44.4%  V-Acc:  40.0%  V-AUROC: 1.0000  LR: 6.00e-05
2026-06-29 16:20:02,049 | [META-RNW] | INFO | meta_classifier_renewed.model_trainers.meta_trainer | Ep [004/500] T-Acc:  55.6%  V-Acc:  60.0%  V-AUROC: 1.0000  LR: 8.00e-05
2026-06-29 16:20:02,271 | [META-RNW] | INFO | meta_classifier_renewed.model_trainers.meta_trainer | Ep [005/500] T-Acc:  77.8%  V-Acc:  60.0%  V-AUROC: 1.0000  LR: 1.00e-04
2026-06-29 16:20:02,511 | [META-RNW] | INFO | meta_classifier_renewed.model_trainers.meta_trainer | Ep [006/500] T-Acc:  55.6%  V-Acc:  60.0%  V-AUROC: 1.0000  LR: 1.00e-04
2026-06-29 16:20:02,761 | [META-RNW] | INFO | meta_classifier_renewed.model_trainers.meta_trainer | Ep [007/500] T-Acc:  77.8%  V-Acc:  80.0%  V-AUROC: 0.8333  LR: 1.00e-04
2026-06-29 16:20:03,004 | [META-RNW] | INFO | meta_classifier_renewed.model_trainers.meta_trainer | Ep [008/500] T-Acc:  77.8%  V-Acc:  60.0%  V-AUROC: 0.8333  LR: 1.00e-04
2026-06-29 16:20:03,259 | [META-RNW] | INFO | meta_classifier_renewed.model_trainers.meta_trainer | Ep [009/500] T-Acc:  55.6%  V-Acc:  60.0%  V-AUROC: 0.8333  LR: 1.00e-04
2026-06-29 16:20:03,546 | [META-RNW] | INFO | meta_classifier_renewed.model_trainers.meta_trainer | Ep [010/500] T-Acc:  44.4%  V-Acc:  60.0%  V-AUROC: 0.8333  LR: 1.00e-04
2026-06-29 16:20:03,831 | [META-RNW] | INFO | meta_classifier_renewed.model_trainers.meta_trainer | Ep [011/500] T-Acc:  66.7%  V-Acc:  60.0%  V-AUROC: 1.0000  LR: 1.00e-04
2026-06-29 16:20:04,075 | [META-RNW] | INFO | meta_classifier_renewed.model_trainers.meta_trainer | Ep [012/500] T-Acc:  88.9%  V-Acc:  60.0%  V-AUROC: 0.8333  LR: 1.00e-04
2026-06-29 16:20:04,315 | [META-RNW] | INFO | meta_classifier_renewed.model_trainers.meta_trainer | Ep [013/500] T-Acc:  77.8%  V-Acc:  60.0%  V-AUROC: 0.8333  LR: 1.00e-04
2026-06-29 16:20:04,579 | [META-RNW] | INFO | meta_classifier_renewed.model_trainers.meta_trainer | Ep [014/500] T-Acc:  77.8%  V-Acc:  60.0%  V-AUROC: 0.8333  LR: 1.00e-04
2026-06-29 16:20:04,839 | [META-RNW] | INFO | meta_classifier_renewed.model_trainers.meta_trainer | Ep [015/500] T-Acc:  77.8%  V-Acc:  60.0%  V-AUROC: 0.6667  LR: 1.00e-04
2026-06-29 16:20:05,060 | [META-RNW] | INFO | meta_classifier_renewed.model_trainers.meta_trainer | Ep [016/500] T-Acc: 100.0%  V-Acc:  60.0%  V-AUROC: 0.6667  LR: 1.00e-04
2026-06-29 16:20:05,272 | [META-RNW] | INFO | meta_classifier_renewed.model_trainers.meta_trainer | Ep [017/500] T-Acc:  88.9%  V-Acc:  60.0%  V-AUROC: 0.5000  LR: 1.00e-04
2026-06-29 16:20:05,488 | [META-RNW] | INFO | meta_classifier_renewed.model_trainers.meta_trainer | Ep [018/500] T-Acc:  88.9%  V-Acc:  60.0%  V-AUROC: 0.5000  LR: 2.00e-05
2026-06-29 16:20:05,701 | [META-RNW] | INFO | meta_classifier_renewed.model_trainers.meta_trainer | Ep [019/500] T-Acc:  88.9%  V-Acc:  40.0%  V-AUROC: 0.5000  LR: 2.00e-05
2026-06-29 16:20:05,993 | [META-RNW] | INFO | meta_classifier_renewed.model_trainers.meta_trainer | Ep [020/500] T-Acc:  88.9%  V-Acc:  40.0%  V-AUROC: 0.3333  LR: 2.00e-05
2026-06-29 16:20:06,281 | [META-RNW] | INFO | meta_classifier_renewed.model_trainers.meta_trainer | Ep [021/500] T-Acc: 100.0%  V-Acc:  40.0%  V-AUROC: 0.3333  LR: 2.00e-05
2026-06-29 16:20:06,543 | [META-RNW] | INFO | meta_classifier_renewed.model_trainers.meta_trainer | Ep [022/500] T-Acc: 100.0%  V-Acc:  40.0%  V-AUROC: 0.3333  LR: 2.00e-05
2026-06-29 16:20:06,777 | [META-RNW] | INFO | meta_classifier_renewed.model_trainers.meta_trainer | Ep [023/500] T-Acc:  88.9%  V-Acc:  40.0%  V-AUROC: 0.3333  LR: 2.00e-05
2026-06-29 16:20:07,009 | [META-RNW] | INFO | meta_classifier_renewed.model_trainers.meta_trainer | Ep [024/500] T-Acc:  88.9%  V-Acc:  40.0%  V-AUROC: 0.3333  LR: 2.00e-05
2026-06-29 16:20:07,263 | [META-RNW] | INFO | meta_classifier_renewed.model_trainers.meta_trainer | Ep [025/500] T-Acc: 100.0%  V-Acc:  40.0%  V-AUROC: 0.3333  LR: 2.00e-05
2026-06-29 16:20:07,532 | [META-RNW] | INFO | meta_classifier_renewed.model_trainers.meta_trainer | Ep [026/500] T-Acc:  88.9%  V-Acc:  40.0%  V-AUROC: 0.3333  LR: 2.00e-05
2026-06-29 16:20:07,800 | [META-RNW] | INFO | meta_classifier_renewed.model_trainers.meta_trainer | Ep [027/500] T-Acc:  88.9%  V-Acc:  40.0%  V-AUROC: 0.3333  LR: 2.00e-05
2026-06-29 16:20:08,032 | [META-RNW] | INFO | meta_classifier_renewed.model_trainers.meta_trainer | Ep [028/500] T-Acc: 100.0%  V-Acc:  40.0%  V-AUROC: 0.3333  LR: 2.00e-05
2026-06-29 16:20:08,259 | [META-RNW] | INFO | meta_classifier_renewed.model_trainers.meta_trainer | Ep [029/500] T-Acc: 100.0%  V-Acc:  40.0%  V-AUROC: 0.3333  LR: 4.00e-06
2026-06-29 16:20:08,505 | [META-RNW] | INFO | meta_classifier_renewed.model_trainers.meta_trainer | Ep [030/500] T-Acc: 100.0%  V-Acc:  40.0%  V-AUROC: 0.3333  LR: 4.00e-06
2026-06-29 16:20:08,770 | [META-RNW] | INFO | meta_classifier_renewed.model_trainers.meta_trainer | Ep [031/500] T-Acc: 100.0%  V-Acc:  40.0%  V-AUROC: 0.3333  LR: 4.00e-06
2026-06-29 16:20:08,771 | [META-RNW] | INFO | meta_classifier_renewed.model_trainers.meta_trainer | Early stop — best AUROC 1.0000 at epoch 1 (no improvement for 30 epochs)
2026-06-29 16:20:08,771 | [META-RNW] | INFO | meta_classifier_renewed.model_trainers.meta_trainer | Done. Best AUROC: 1.0000 (epoch 1)
2026-06-29 16:20:08,938 | [META-RNW] | INFO | meta_classifier_renewed.model_trainers.meta_trainer | Restored best-AUROC checkpoint into model (epoch 1, AUROC 1.0000).
2026-06-29 16:20:09,089 | [META-RNW] | INFO | meta_classifier_renewed.evaluators.monte_carlo_evaluator | -> Fold 01 Result | Acc=0.400 Sens=0.000 Spec=1.000 AUROC=1.000 (Fixed Threshold: 0.5)
2026-06-29 16:20:09,100 | [META-RNW] | INFO | meta_classifier_renewed.evaluators.monte_carlo_evaluator | === Fold 02/30 | train: 9 subj | test: 5 subj ===
2026-06-29 16:20:09,115 | [META-RNW] | INFO | meta_classifier_renewed.model_trainers.meta_trainer | Device: cuda | max_epochs=500 | batch=8 | es_patience=30 | lr=1e-04 | wd=1e-02
2026-06-29 16:20:09,116 | [META-RNW] | INFO | meta_classifier_renewed.model_trainers.meta_trainer | CE weights — HC: 0.900  MCI: 1.125
2026-06-29 16:20:09,357 | [META-RNW] | INFO | meta_classifier_renewed.model_trainers.meta_trainer | Ep [001/500] T-Acc:  55.6%  V-Acc:  20.0%  V-AUROC: 0.1667  LR: 2.00e-05
2026-06-29 16:20:09,460 | [META-RNW] | INFO | meta_classifier_renewed.model_trainers.meta_trainer |   ↳ new best AUROC; saved checkpoint: /home/leggo/AIResearch/VOGBasedMCIDetectionSystemMobileViTSingleExperimentInference/outputs/checkpoints/run_20260629_161957_meta_renewed_t123567_mt02/fold_01_best.pth
2026-06-29 16:20:09,684 | [META-RNW] | INFO | meta_classifier_renewed.model_trainers.meta_trainer | Ep [002/500] T-Acc:  44.4%  V-Acc:  20.0%  V-AUROC: 0.1667  LR: 4.00e-05
2026-06-29 16:20:09,921 | [META-RNW] | INFO | meta_classifier_renewed.model_trainers.meta_trainer | Ep [003/500] T-Acc:  55.6%  V-Acc:  20.0%  V-AUROC: 0.1667  LR: 6.00e-05
2026-06-29 16:20:10,178 | [META-RNW] | INFO | meta_classifier_renewed.model_trainers.meta_trainer | Ep [004/500] T-Acc:  66.7%  V-Acc:  20.0%  V-AUROC: 0.1667  LR: 8.00e-05
2026-06-29 16:20:10,422 | [META-RNW] | INFO | meta_classifier_renewed.model_trainers.meta_trainer | Ep [005/500] T-Acc:  33.3%  V-Acc:  20.0%  V-AUROC: 0.1667  LR: 1.00e-04
2026-06-29 16:20:10,695 | [META-RNW] | INFO | meta_classifier_renewed.model_trainers.meta_trainer | Ep [006/500] T-Acc:  77.8%  V-Acc:  20.0%  V-AUROC: 0.1667  LR: 1.00e-04
2026-06-29 16:20:10,934 | [META-RNW] | INFO | meta_classifier_renewed.model_trainers.meta_trainer | Ep [007/500] T-Acc:  55.6%  V-Acc:  20.0%  V-AUROC: 0.0000  LR: 1.00e-04
2026-06-29 16:20:11,183 | [META-RNW] | INFO | meta_classifier_renewed.model_trainers.meta_trainer | Ep [008/500] T-Acc:  66.7%  V-Acc:  20.0%  V-AUROC: 0.0000  LR: 1.00e-04
2026-06-29 16:20:11,446 | [META-RNW] | INFO | meta_classifier_renewed.model_trainers.meta_trainer | Ep [009/500] T-Acc:  66.7%  V-Acc:  20.0%  V-AUROC: 0.0000  LR: 1.00e-04
2026-06-29 16:20:11,708 | [META-RNW] | INFO | meta_classifier_renewed.model_trainers.meta_trainer | Ep [010/500] T-Acc:  77.8%  V-Acc:  20.0%  V-AUROC: 0.0000  LR: 1.00e-04
2026-06-29 16:20:11,980 | [META-RNW] | INFO | meta_classifier_renewed.model_trainers.meta_trainer | Ep [011/500] T-Acc:  66.7%  V-Acc:  20.0%  V-AUROC: 0.1667  LR: 1.00e-04
2026-06-29 16:20:12,214 | [META-RNW] | INFO | meta_classifier_renewed.model_trainers.meta_trainer | Ep [012/500] T-Acc:  77.8%  V-Acc:  20.0%  V-AUROC: 0.1667  LR: 1.00e-04
2026-06-29 16:20:12,442 | [META-RNW] | INFO | meta_classifier_renewed.model_trainers.meta_trainer | Ep [013/500] T-Acc: 100.0%  V-Acc:  20.0%  V-AUROC: 0.1667  LR: 1.00e-04
2026-06-29 16:20:12,673 | [META-RNW] | INFO | meta_classifier_renewed.model_trainers.meta_trainer | Ep [014/500] T-Acc:  88.9%  V-Acc:  40.0%  V-AUROC: 0.1667  LR: 1.00e-04
2026-06-29 16:20:12,911 | [META-RNW] | INFO | meta_classifier_renewed.model_trainers.meta_trainer | Ep [015/500] T-Acc: 100.0%  V-Acc:  40.0%  V-AUROC: 0.1667  LR: 1.00e-04
2026-06-29 16:20:13,156 | [META-RNW] | INFO | meta_classifier_renewed.model_trainers.meta_trainer | Ep [016/500] T-Acc:  88.9%  V-Acc:  20.0%  V-AUROC: 0.1667  LR: 1.00e-04
2026-06-29 16:20:13,408 | [META-RNW] | INFO | meta_classifier_renewed.model_trainers.meta_trainer | Ep [017/500] T-Acc:  88.9%  V-Acc:  20.0%  V-AUROC: 0.1667  LR: 1.00e-04
2026-06-29 16:20:13,650 | [META-RNW] | INFO | meta_classifier_renewed.model_trainers.meta_trainer | Ep [018/500] T-Acc: 100.0%  V-Acc:  20.0%  V-AUROC: 0.1667  LR: 2.00e-05
2026-06-29 16:20:13,885 | [META-RNW] | INFO | meta_classifier_renewed.model_trainers.meta_trainer | Ep [019/500] T-Acc: 100.0%  V-Acc:  20.0%  V-AUROC: 0.1667  LR: 2.00e-05
2026-06-29 16:20:14,143 | [META-RNW] | INFO | meta_classifier_renewed.model_trainers.meta_trainer | Ep [020/500] T-Acc: 100.0%  V-Acc:  20.0%  V-AUROC: 0.1667  LR: 2.00e-05
2026-06-29 16:20:14,408 | [META-RNW] | INFO | meta_classifier_renewed.model_trainers.meta_trainer | Ep [021/500] T-Acc: 100.0%  V-Acc:  20.0%  V-AUROC: 0.1667  LR: 2.00e-05
2026-06-29 16:20:14,668 | [META-RNW] | INFO | meta_classifier_renewed.model_trainers.meta_trainer | Ep [022/500] T-Acc:  77.8%  V-Acc:  20.0%  V-AUROC: 0.1667  LR: 2.00e-05
2026-06-29 16:20:14,929 | [META-RNW] | INFO | meta_classifier_renewed.model_trainers.meta_trainer | Ep [023/500] T-Acc:  88.9%  V-Acc:  20.0%  V-AUROC: 0.1667  LR: 2.00e-05
2026-06-29 16:20:15,193 | [META-RNW] | INFO | meta_classifier_renewed.model_trainers.meta_trainer | Ep [024/500] T-Acc: 100.0%  V-Acc:  20.0%  V-AUROC: 0.1667  LR: 2.00e-05
2026-06-29 16:20:15,449 | [META-RNW] | INFO | meta_classifier_renewed.model_trainers.meta_trainer | Ep [025/500] T-Acc:  77.8%  V-Acc:  20.0%  V-AUROC: 0.1667  LR: 2.00e-05
2026-06-29 16:20:15,720 | [META-RNW] | INFO | meta_classifier_renewed.model_trainers.meta_trainer | Ep [026/500] T-Acc:  88.9%  V-Acc:  20.0%  V-AUROC: 0.1667  LR: 2.00e-05
2026-06-29 16:20:15,979 | [META-RNW] | INFO | meta_classifier_renewed.model_trainers.meta_trainer | Ep [027/500] T-Acc:  88.9%  V-Acc:  20.0%  V-AUROC: 0.1667  LR: 2.00e-05
2026-06-29 16:20:16,245 | [META-RNW] | INFO | meta_classifier_renewed.model_trainers.meta_trainer | Ep [028/500] T-Acc:  88.9%  V-Acc:  20.0%  V-AUROC: 0.1667  LR: 2.00e-05
2026-06-29 16:20:16,474 | [META-RNW] | INFO | meta_classifier_renewed.model_trainers.meta_trainer | Ep [029/500] T-Acc:  77.8%  V-Acc:  20.0%  V-AUROC: 0.1667  LR: 4.00e-06
2026-06-29 16:20:16,721 | [META-RNW] | INFO | meta_classifier_renewed.model_trainers.meta_trainer | Ep [030/500] T-Acc: 100.0%  V-Acc:  20.0%  V-AUROC: 0.1667  LR: 4.00e-06
2026-06-29 16:20:16,978 | [META-RNW] | INFO | meta_classifier_renewed.model_trainers.meta_trainer | Ep [031/500] T-Acc:  88.9%  V-Acc:  20.0%  V-AUROC: 0.1667  LR: 4.00e-06
2026-06-29 16:20:16,978 | [META-RNW] | INFO | meta_classifier_renewed.model_trainers.meta_trainer | Early stop — best AUROC 0.1667 at epoch 1 (no improvement for 30 epochs)
2026-06-29 16:20:16,979 | [META-RNW] | INFO | meta_classifier_renewed.model_trainers.meta_trainer | Done. Best AUROC: 0.1667 (epoch 1)
2026-06-29 16:20:17,142 | [META-RNW] | INFO | meta_classifier_renewed.model_trainers.meta_trainer | Restored best-AUROC checkpoint into model (epoch 1, AUROC 0.1667).
2026-06-29 16:20:17,191 | [META-RNW] | INFO | meta_classifier_renewed.evaluators.monte_carlo_evaluator | -> Fold 02 Result | Acc=0.200 Sens=0.000 Spec=0.500 AUROC=0.167 (Fixed Threshold: 0.5)
2026-06-29 16:20:17,199 | [META-RNW] | INFO | meta_classifier_renewed.evaluators.monte_carlo_evaluator | === Fold 03/30 | train: 9 subj | test: 5 subj ===
2026-06-29 16:20:17,213 | [META-RNW] | INFO | meta_classifier_renewed.model_trainers.meta_trainer | Device: cuda | max_epochs=500 | batch=8 | es_patience=30 | lr=1e-04 | wd=1e-02
2026-06-29 16:20:17,214 | [META-RNW] | INFO | meta_classifier_renewed.model_trainers.meta_trainer | CE weights — HC: 0.900  MCI: 1.125
2026-06-29 16:20:17,443 | [META-RNW] | INFO | meta_classifier_renewed.model_trainers.meta_trainer | Ep [001/500] T-Acc:  55.6%  V-Acc:  40.0%  V-AUROC: 0.6667  LR: 2.00e-05
2026-06-29 16:20:17,547 | [META-RNW] | INFO | meta_classifier_renewed.model_trainers.meta_trainer |   ↳ new best AUROC; saved checkpoint: /home/leggo/AIResearch/VOGBasedMCIDetectionSystemMobileViTSingleExperimentInference/outputs/checkpoints/run_20260629_161957_meta_renewed_t123567_mt02/fold_02_best.pth
2026-06-29 16:20:17,752 | [META-RNW] | INFO | meta_classifier_renewed.model_trainers.meta_trainer | Ep [002/500] T-Acc:  33.3%  V-Acc:  40.0%  V-AUROC: 0.6667  LR: 4.00e-05
2026-06-29 16:20:17,971 | [META-RNW] | INFO | meta_classifier_renewed.model_trainers.meta_trainer | Ep [003/500] T-Acc:  55.6%  V-Acc:  40.0%  V-AUROC: 0.5000  LR: 6.00e-05
2026-06-29 16:20:18,211 | [META-RNW] | INFO | meta_classifier_renewed.model_trainers.meta_trainer | Ep [004/500] T-Acc:  55.6%  V-Acc:  20.0%  V-AUROC: 0.5000  LR: 8.00e-05
2026-06-29 16:20:18,446 | [META-RNW] | INFO | meta_classifier_renewed.model_trainers.meta_trainer | Ep [005/500] T-Acc:  33.3%  V-Acc:  20.0%  V-AUROC: 0.5000  LR: 1.00e-04
2026-06-29 16:20:18,675 | [META-RNW] | INFO | meta_classifier_renewed.model_trainers.meta_trainer | Ep [006/500] T-Acc:  66.7%  V-Acc:  20.0%  V-AUROC: 0.5000  LR: 1.00e-04
2026-06-29 16:20:18,910 | [META-RNW] | INFO | meta_classifier_renewed.model_trainers.meta_trainer | Ep [007/500] T-Acc:  66.7%  V-Acc:  20.0%  V-AUROC: 0.5000  LR: 1.00e-04
2026-06-29 16:20:19,139 | [META-RNW] | INFO | meta_classifier_renewed.model_trainers.meta_trainer | Ep [008/500] T-Acc:  77.8%  V-Acc:  20.0%  V-AUROC: 0.5000  LR: 1.00e-04
2026-06-29 16:20:19,395 | [META-RNW] | INFO | meta_classifier_renewed.model_trainers.meta_trainer | Ep [009/500] T-Acc:  77.8%  V-Acc:  20.0%  V-AUROC: 0.5000  LR: 1.00e-04
2026-06-29 16:20:19,671 | [META-RNW] | INFO | meta_classifier_renewed.model_trainers.meta_trainer | Ep [010/500] T-Acc: 100.0%  V-Acc:  20.0%  V-AUROC: 0.3333  LR: 1.00e-04
2026-06-29 16:20:19,930 | [META-RNW] | INFO | meta_classifier_renewed.model_trainers.meta_trainer | Ep [011/500] T-Acc:  77.8%  V-Acc:  20.0%  V-AUROC: 0.3333  LR: 1.00e-04
2026-06-29 16:20:20,194 | [META-RNW] | INFO | meta_classifier_renewed.model_trainers.meta_trainer | Ep [012/500] T-Acc: 100.0%  V-Acc:  40.0%  V-AUROC: 0.3333  LR: 1.00e-04
2026-06-29 16:20:20,449 | [META-RNW] | INFO | meta_classifier_renewed.model_trainers.meta_trainer | Ep [013/500] T-Acc:  66.7%  V-Acc:  60.0%  V-AUROC: 0.5000  LR: 1.00e-04
2026-06-29 16:20:20,708 | [META-RNW] | INFO | meta_classifier_renewed.model_trainers.meta_trainer | Ep [014/500] T-Acc:  88.9%  V-Acc:  60.0%  V-AUROC: 0.5000  LR: 1.00e-04
2026-06-29 16:20:20,965 | [META-RNW] | INFO | meta_classifier_renewed.model_trainers.meta_trainer | Ep [015/500] T-Acc:  66.7%  V-Acc:  80.0%  V-AUROC: 0.5000  LR: 1.00e-04
2026-06-29 16:20:21,208 | [META-RNW] | INFO | meta_classifier_renewed.model_trainers.meta_trainer | Ep [016/500] T-Acc: 100.0%  V-Acc:  60.0%  V-AUROC: 0.5000  LR: 1.00e-04
2026-06-29 16:20:21,428 | [META-RNW] | INFO | meta_classifier_renewed.model_trainers.meta_trainer | Ep [017/500] T-Acc: 100.0%  V-Acc:  80.0%  V-AUROC: 0.5000  LR: 1.00e-04
2026-06-29 16:20:21,655 | [META-RNW] | INFO | meta_classifier_renewed.model_trainers.meta_trainer | Ep [018/500] T-Acc:  66.7%  V-Acc:  80.0%  V-AUROC: 0.5000  LR: 2.00e-05
2026-06-29 16:20:21,880 | [META-RNW] | INFO | meta_classifier_renewed.model_trainers.meta_trainer | Ep [019/500] T-Acc:  88.9%  V-Acc:  80.0%  V-AUROC: 0.5000  LR: 2.00e-05
2026-06-29 16:20:22,112 | [META-RNW] | INFO | meta_classifier_renewed.model_trainers.meta_trainer | Ep [020/500] T-Acc: 100.0%  V-Acc:  80.0%  V-AUROC: 0.5000  LR: 2.00e-05
2026-06-29 16:20:22,409 | [META-RNW] | INFO | meta_classifier_renewed.model_trainers.meta_trainer | Ep [021/500] T-Acc:  88.9%  V-Acc:  80.0%  V-AUROC: 0.5000  LR: 2.00e-05
2026-06-29 16:20:22,659 | [META-RNW] | INFO | meta_classifier_renewed.model_trainers.meta_trainer | Ep [022/500] T-Acc:  88.9%  V-Acc:  80.0%  V-AUROC: 0.5000  LR: 2.00e-05
2026-06-29 16:20:22,874 | [META-RNW] | INFO | meta_classifier_renewed.model_trainers.meta_trainer | Ep [023/500] T-Acc:  88.9%  V-Acc:  80.0%  V-AUROC: 0.5000  LR: 2.00e-05
2026-06-29 16:20:23,094 | [META-RNW] | INFO | meta_classifier_renewed.model_trainers.meta_trainer | Ep [024/500] T-Acc: 100.0%  V-Acc:  80.0%  V-AUROC: 0.5000  LR: 2.00e-05
2026-06-29 16:20:23,307 | [META-RNW] | INFO | meta_classifier_renewed.model_trainers.meta_trainer | Ep [025/500] T-Acc: 100.0%  V-Acc:  80.0%  V-AUROC: 0.5000  LR: 2.00e-05
2026-06-29 16:20:23,519 | [META-RNW] | INFO | meta_classifier_renewed.model_trainers.meta_trainer | Ep [026/500] T-Acc: 100.0%  V-Acc:  80.0%  V-AUROC: 0.5000  LR: 2.00e-05
2026-06-29 16:20:23,725 | [META-RNW] | INFO | meta_classifier_renewed.model_trainers.meta_trainer | Ep [027/500] T-Acc: 100.0%  V-Acc:  80.0%  V-AUROC: 0.5000  LR: 2.00e-05
2026-06-29 16:20:23,938 | [META-RNW] | INFO | meta_classifier_renewed.model_trainers.meta_trainer | Ep [028/500] T-Acc: 100.0%  V-Acc:  80.0%  V-AUROC: 0.5000  LR: 2.00e-05
2026-06-29 16:20:24,156 | [META-RNW] | INFO | meta_classifier_renewed.model_trainers.meta_trainer | Ep [029/500] T-Acc: 100.0%  V-Acc:  80.0%  V-AUROC: 0.5000  LR: 4.00e-06
2026-06-29 16:20:24,393 | [META-RNW] | INFO | meta_classifier_renewed.model_trainers.meta_trainer | Ep [030/500] T-Acc:  77.8%  V-Acc:  80.0%  V-AUROC: 0.5000  LR: 4.00e-06
2026-06-29 16:20:24,624 | [META-RNW] | INFO | meta_classifier_renewed.model_trainers.meta_trainer | Ep [031/500] T-Acc:  88.9%  V-Acc:  80.0%  V-AUROC: 0.5000  LR: 4.00e-06
2026-06-29 16:20:24,624 | [META-RNW] | INFO | meta_classifier_renewed.model_trainers.meta_trainer | Early stop — best AUROC 0.6667 at epoch 1 (no improvement for 30 epochs)
2026-06-29 16:20:24,625 | [META-RNW] | INFO | meta_classifier_renewed.model_trainers.meta_trainer | Done. Best AUROC: 0.6667 (epoch 1)
2026-06-29 16:20:24,790 | [META-RNW] | INFO | meta_classifier_renewed.model_trainers.meta_trainer | Restored best-AUROC checkpoint into model (epoch 1, AUROC 0.6667).
2026-06-29 16:20:24,842 | [META-RNW] | INFO | meta_classifier_renewed.evaluators.monte_carlo_evaluator | -> Fold 03 Result | Acc=0.400 Sens=0.000 Spec=1.000 AUROC=0.667 (Fixed Threshold: 0.5)
2026-06-29 16:20:24,850 | [META-RNW] | INFO | meta_classifier_renewed.evaluators.monte_carlo_evaluator | === Fold 04/30 | train: 9 subj | test: 5 subj ===
2026-06-29 16:20:24,866 | [META-RNW] | INFO | meta_classifier_renewed.model_trainers.meta_trainer | Device: cuda | max_epochs=500 | batch=8 | es_patience=30 | lr=1e-04 | wd=1e-02
2026-06-29 16:20:24,869 | [META-RNW] | INFO | meta_classifier_renewed.model_trainers.meta_trainer | CE weights — HC: 0.750  MCI: 1.500
2026-06-29 16:20:25,090 | [META-RNW] | INFO | meta_classifier_renewed.model_trainers.meta_trainer | Ep [001/500] T-Acc:  44.4%  V-Acc:  60.0%  V-AUROC: 0.0000  LR: 2.00e-05
2026-06-29 16:20:25,192 | [META-RNW] | INFO | meta_classifier_renewed.model_trainers.meta_trainer |   ↳ new best AUROC; saved checkpoint: /home/leggo/AIResearch/VOGBasedMCIDetectionSystemMobileViTSingleExperimentInference/outputs/checkpoints/run_20260629_161957_meta_renewed_t123567_mt02/fold_03_best.pth
2026-06-29 16:20:25,419 | [META-RNW] | INFO | meta_classifier_renewed.model_trainers.meta_trainer | Ep [002/500] T-Acc:  44.4%  V-Acc:  40.0%  V-AUROC: 0.0000  LR: 4.00e-05
2026-06-29 16:20:25,670 | [META-RNW] | INFO | meta_classifier_renewed.model_trainers.meta_trainer | Ep [003/500] T-Acc:  44.4%  V-Acc:  40.0%  V-AUROC: 0.0000  LR: 6.00e-05
2026-06-29 16:20:25,935 | [META-RNW] | INFO | meta_classifier_renewed.model_trainers.meta_trainer | Ep [004/500] T-Acc:  66.7%  V-Acc:  40.0%  V-AUROC: 0.0000  LR: 8.00e-05
2026-06-29 16:20:26,184 | [META-RNW] | INFO | meta_classifier_renewed.model_trainers.meta_trainer | Ep [005/500] T-Acc:  66.7%  V-Acc:  40.0%  V-AUROC: 0.0000  LR: 1.00e-04
2026-06-29 16:20:26,444 | [META-RNW] | INFO | meta_classifier_renewed.model_trainers.meta_trainer | Ep [006/500] T-Acc:  77.8%  V-Acc:  60.0%  V-AUROC: 0.2500  LR: 1.00e-04
2026-06-29 16:20:26,566 | [META-RNW] | INFO | meta_classifier_renewed.model_trainers.meta_trainer |   ↳ new best AUROC; saved checkpoint: /home/leggo/AIResearch/VOGBasedMCIDetectionSystemMobileViTSingleExperimentInference/outputs/checkpoints/run_20260629_161957_meta_renewed_t123567_mt02/fold_03_best.pth
2026-06-29 16:20:26,809 | [META-RNW] | INFO | meta_classifier_renewed.model_trainers.meta_trainer | Ep [007/500] T-Acc:  66.7%  V-Acc:  60.0%  V-AUROC: 1.0000  LR: 1.00e-04
2026-06-29 16:20:27,016 | [META-RNW] | INFO | meta_classifier_renewed.model_trainers.meta_trainer |   ↳ new best AUROC; saved checkpoint: /home/leggo/AIResearch/VOGBasedMCIDetectionSystemMobileViTSingleExperimentInference/outputs/checkpoints/run_20260629_161957_meta_renewed_t123567_mt02/fold_03_best.pth
2026-06-29 16:20:27,246 | [META-RNW] | INFO | meta_classifier_renewed.model_trainers.meta_trainer | Ep [008/500] T-Acc:  55.6%  V-Acc:  20.0%  V-AUROC: 1.0000  LR: 1.00e-04
2026-06-29 16:20:27,496 | [META-RNW] | INFO | meta_classifier_renewed.model_trainers.meta_trainer | Ep [009/500] T-Acc:  66.7%  V-Acc:  20.0%  V-AUROC: 1.0000  LR: 1.00e-04
2026-06-29 16:20:27,744 | [META-RNW] | INFO | meta_classifier_renewed.model_trainers.meta_trainer | Ep [010/500] T-Acc:  77.8%  V-Acc:  20.0%  V-AUROC: 1.0000  LR: 1.00e-04
2026-06-29 16:20:28,021 | [META-RNW] | INFO | meta_classifier_renewed.model_trainers.meta_trainer | Ep [011/500] T-Acc:  77.8%  V-Acc:  20.0%  V-AUROC: 1.0000  LR: 1.00e-04
2026-06-29 16:20:28,268 | [META-RNW] | INFO | meta_classifier_renewed.model_trainers.meta_trainer | Ep [012/500] T-Acc:  88.9%  V-Acc:  20.0%  V-AUROC: 1.0000  LR: 1.00e-04
2026-06-29 16:20:28,519 | [META-RNW] | INFO | meta_classifier_renewed.model_trainers.meta_trainer | Ep [013/500] T-Acc:  55.6%  V-Acc:  20.0%  V-AUROC: 1.0000  LR: 1.00e-04
2026-06-29 16:20:28,747 | [META-RNW] | INFO | meta_classifier_renewed.model_trainers.meta_trainer | Ep [014/500] T-Acc: 100.0%  V-Acc:  20.0%  V-AUROC: 1.0000  LR: 1.00e-04
2026-06-29 16:20:28,983 | [META-RNW] | INFO | meta_classifier_renewed.model_trainers.meta_trainer | Ep [015/500] T-Acc:  77.8%  V-Acc:  20.0%  V-AUROC: 1.0000  LR: 1.00e-04
2026-06-29 16:20:29,212 | [META-RNW] | INFO | meta_classifier_renewed.model_trainers.meta_trainer | Ep [016/500] T-Acc:  77.8%  V-Acc:  20.0%  V-AUROC: 1.0000  LR: 1.00e-04
2026-06-29 16:20:29,458 | [META-RNW] | INFO | meta_classifier_renewed.model_trainers.meta_trainer | Ep [017/500] T-Acc:  55.6%  V-Acc:  20.0%  V-AUROC: 1.0000  LR: 1.00e-04
2026-06-29 16:20:29,712 | [META-RNW] | INFO | meta_classifier_renewed.model_trainers.meta_trainer | Ep [018/500] T-Acc:  66.7%  V-Acc:  60.0%  V-AUROC: 1.0000  LR: 1.00e-04
2026-06-29 16:20:29,966 | [META-RNW] | INFO | meta_classifier_renewed.model_trainers.meta_trainer | Ep [019/500] T-Acc:  88.9%  V-Acc:  60.0%  V-AUROC: 1.0000  LR: 2.00e-05
2026-06-29 16:20:30,242 | [META-RNW] | INFO | meta_classifier_renewed.model_trainers.meta_trainer | Ep [020/500] T-Acc:  77.8%  V-Acc:  60.0%  V-AUROC: 1.0000  LR: 2.00e-05
2026-06-29 16:20:30,513 | [META-RNW] | INFO | meta_classifier_renewed.model_trainers.meta_trainer | Ep [021/500] T-Acc: 100.0%  V-Acc:  60.0%  V-AUROC: 1.0000  LR: 2.00e-05
2026-06-29 16:20:30,789 | [META-RNW] | INFO | meta_classifier_renewed.model_trainers.meta_trainer | Ep [022/500] T-Acc:  77.8%  V-Acc:  60.0%  V-AUROC: 1.0000  LR: 2.00e-05
2026-06-29 16:20:31,041 | [META-RNW] | INFO | meta_classifier_renewed.model_trainers.meta_trainer | Ep [023/500] T-Acc:  88.9%  V-Acc:  60.0%  V-AUROC: 1.0000  LR: 2.00e-05
2026-06-29 16:20:31,289 | [META-RNW] | INFO | meta_classifier_renewed.model_trainers.meta_trainer | Ep [024/500] T-Acc: 100.0%  V-Acc:  60.0%  V-AUROC: 1.0000  LR: 2.00e-05
2026-06-29 16:20:31,558 | [META-RNW] | INFO | meta_classifier_renewed.model_trainers.meta_trainer | Ep [025/500] T-Acc:  88.9%  V-Acc:  60.0%  V-AUROC: 1.0000  LR: 2.00e-05
2026-06-29 16:20:31,853 | [META-RNW] | INFO | meta_classifier_renewed.model_trainers.meta_trainer | Ep [026/500] T-Acc:  88.9%  V-Acc:  60.0%  V-AUROC: 1.0000  LR: 2.00e-05
2026-06-29 16:20:32,115 | [META-RNW] | INFO | meta_classifier_renewed.model_trainers.meta_trainer | Ep [027/500] T-Acc: 100.0%  V-Acc:  60.0%  V-AUROC: 1.0000  LR: 2.00e-05
2026-06-29 16:20:32,379 | [META-RNW] | INFO | meta_classifier_renewed.model_trainers.meta_trainer | Ep [028/500] T-Acc:  66.7%  V-Acc:  60.0%  V-AUROC: 1.0000  LR: 2.00e-05
2026-06-29 16:20:32,645 | [META-RNW] | INFO | meta_classifier_renewed.model_trainers.meta_trainer | Ep [029/500] T-Acc:  88.9%  V-Acc:  60.0%  V-AUROC: 1.0000  LR: 2.00e-05
2026-06-29 16:20:32,919 | [META-RNW] | INFO | meta_classifier_renewed.model_trainers.meta_trainer | Ep [030/500] T-Acc:  88.9%  V-Acc:  60.0%  V-AUROC: 1.0000  LR: 4.00e-06
2026-06-29 16:20:33,158 | [META-RNW] | INFO | meta_classifier_renewed.model_trainers.meta_trainer | Ep [031/500] T-Acc: 100.0%  V-Acc:  60.0%  V-AUROC: 1.0000  LR: 4.00e-06
2026-06-29 16:20:33,387 | [META-RNW] | INFO | meta_classifier_renewed.model_trainers.meta_trainer | Ep [032/500] T-Acc:  88.9%  V-Acc:  60.0%  V-AUROC: 1.0000  LR: 4.00e-06
2026-06-29 16:20:33,631 | [META-RNW] | INFO | meta_classifier_renewed.model_trainers.meta_trainer | Ep [033/500] T-Acc:  88.9%  V-Acc:  60.0%  V-AUROC: 1.0000  LR: 4.00e-06
2026-06-29 16:20:33,869 | [META-RNW] | INFO | meta_classifier_renewed.model_trainers.meta_trainer | Ep [034/500] T-Acc:  88.9%  V-Acc:  60.0%  V-AUROC: 1.0000  LR: 4.00e-06
2026-06-29 16:20:34,117 | [META-RNW] | INFO | meta_classifier_renewed.model_trainers.meta_trainer | Ep [035/500] T-Acc: 100.0%  V-Acc:  60.0%  V-AUROC: 1.0000  LR: 4.00e-06
2026-06-29 16:20:34,374 | [META-RNW] | INFO | meta_classifier_renewed.model_trainers.meta_trainer | Ep [036/500] T-Acc:  88.9%  V-Acc:  60.0%  V-AUROC: 1.0000  LR: 4.00e-06
2026-06-29 16:20:34,625 | [META-RNW] | INFO | meta_classifier_renewed.model_trainers.meta_trainer | Ep [037/500] T-Acc: 100.0%  V-Acc:  60.0%  V-AUROC: 1.0000  LR: 4.00e-06
2026-06-29 16:20:34,625 | [META-RNW] | INFO | meta_classifier_renewed.model_trainers.meta_trainer | Early stop — best AUROC 1.0000 at epoch 7 (no improvement for 30 epochs)
2026-06-29 16:20:34,625 | [META-RNW] | INFO | meta_classifier_renewed.model_trainers.meta_trainer | Done. Best AUROC: 1.0000 (epoch 7)
2026-06-29 16:20:34,785 | [META-RNW] | INFO | meta_classifier_renewed.model_trainers.meta_trainer | Restored best-AUROC checkpoint into model (epoch 7, AUROC 1.0000).
2026-06-29 16:20:34,834 | [META-RNW] | INFO | meta_classifier_renewed.evaluators.monte_carlo_evaluator | -> Fold 04 Result | Acc=0.600 Sens=0.500 Spec=1.000 AUROC=1.000 (Fixed Threshold: 0.5)
2026-06-29 16:20:34,842 | [META-RNW] | INFO | meta_classifier_renewed.evaluators.monte_carlo_evaluator | === Fold 05/30 | train: 9 subj | test: 5 subj ===
2026-06-29 16:20:34,857 | [META-RNW] | INFO | meta_classifier_renewed.model_trainers.meta_trainer | Device: cuda | max_epochs=500 | batch=8 | es_patience=30 | lr=1e-04 | wd=1e-02
2026-06-29 16:20:34,858 | [META-RNW] | INFO | meta_classifier_renewed.model_trainers.meta_trainer | CE weights — HC: 0.643  MCI: 2.250
2026-06-29 16:20:35,092 | [META-RNW] | INFO | meta_classifier_renewed.model_trainers.meta_trainer | Ep [001/500] T-Acc:  66.7%  V-Acc:   0.0%  V-AUROC: 0.5000  LR: 2.00e-05
2026-06-29 16:20:35,194 | [META-RNW] | INFO | meta_classifier_renewed.model_trainers.meta_trainer |   ↳ new best AUROC; saved checkpoint: /home/leggo/AIResearch/VOGBasedMCIDetectionSystemMobileViTSingleExperimentInference/outputs/checkpoints/run_20260629_161957_meta_renewed_t123567_mt02/fold_04_best.pth
2026-06-29 16:20:35,396 | [META-RNW] | INFO | meta_classifier_renewed.model_trainers.meta_trainer | Ep [002/500] T-Acc:  66.7%  V-Acc:   0.0%  V-AUROC: 0.5000  LR: 4.00e-05
2026-06-29 16:20:35,602 | [META-RNW] | INFO | meta_classifier_renewed.model_trainers.meta_trainer | Ep [003/500] T-Acc:  66.7%  V-Acc:   0.0%  V-AUROC: 0.5000  LR: 6.00e-05
2026-06-29 16:20:35,849 | [META-RNW] | INFO | meta_classifier_renewed.model_trainers.meta_trainer | Ep [004/500] T-Acc:  44.4%  V-Acc:   0.0%  V-AUROC: 0.5000  LR: 8.00e-05
2026-06-29 16:20:36,120 | [META-RNW] | INFO | meta_classifier_renewed.model_trainers.meta_trainer | Ep [005/500] T-Acc:  66.7%  V-Acc:   0.0%  V-AUROC: 0.5000  LR: 1.00e-04
2026-06-29 16:20:36,379 | [META-RNW] | INFO | meta_classifier_renewed.model_trainers.meta_trainer | Ep [006/500] T-Acc:  55.6%  V-Acc:   0.0%  V-AUROC: 0.5000  LR: 1.00e-04
2026-06-29 16:20:36,629 | [META-RNW] | INFO | meta_classifier_renewed.model_trainers.meta_trainer | Ep [007/500] T-Acc:  88.9%  V-Acc:   0.0%  V-AUROC: 0.5000  LR: 1.00e-04
2026-06-29 16:20:36,916 | [META-RNW] | INFO | meta_classifier_renewed.model_trainers.meta_trainer | Ep [008/500] T-Acc:  66.7%  V-Acc:   0.0%  V-AUROC: 0.5000  LR: 1.00e-04
2026-06-29 16:20:37,142 | [META-RNW] | INFO | meta_classifier_renewed.model_trainers.meta_trainer | Ep [009/500] T-Acc:  77.8%  V-Acc:   0.0%  V-AUROC: 0.5000  LR: 1.00e-04
2026-06-29 16:20:37,373 | [META-RNW] | INFO | meta_classifier_renewed.model_trainers.meta_trainer | Ep [010/500] T-Acc:  66.7%  V-Acc:   0.0%  V-AUROC: 0.5000  LR: 1.00e-04
2026-06-29 16:20:37,626 | [META-RNW] | INFO | meta_classifier_renewed.model_trainers.meta_trainer | Ep [011/500] T-Acc:  77.8%  V-Acc:   0.0%  V-AUROC: 0.5000  LR: 1.00e-04
2026-06-29 16:20:37,883 | [META-RNW] | INFO | meta_classifier_renewed.model_trainers.meta_trainer | Ep [012/500] T-Acc:  88.9%  V-Acc:   0.0%  V-AUROC: 0.5000  LR: 1.00e-04
2026-06-29 16:20:38,143 | [META-RNW] | INFO | meta_classifier_renewed.model_trainers.meta_trainer | Ep [013/500] T-Acc:  88.9%  V-Acc:   0.0%  V-AUROC: 0.5000  LR: 1.00e-04
2026-06-29 16:20:38,426 | [META-RNW] | INFO | meta_classifier_renewed.model_trainers.meta_trainer | Ep [014/500] T-Acc:  88.9%  V-Acc:   0.0%  V-AUROC: 0.5000  LR: 1.00e-04
2026-06-29 16:20:38,688 | [META-RNW] | INFO | meta_classifier_renewed.model_trainers.meta_trainer | Ep [015/500] T-Acc: 100.0%  V-Acc:   0.0%  V-AUROC: 0.5000  LR: 1.00e-04
2026-06-29 16:20:38,957 | [META-RNW] | INFO | meta_classifier_renewed.model_trainers.meta_trainer | Ep [016/500] T-Acc: 100.0%  V-Acc:   0.0%  V-AUROC: 0.5000  LR: 1.00e-04
2026-06-29 16:20:39,222 | [META-RNW] | INFO | meta_classifier_renewed.model_trainers.meta_trainer | Ep [017/500] T-Acc:  88.9%  V-Acc:   0.0%  V-AUROC: 0.5000  LR: 1.00e-04
2026-06-29 16:20:39,439 | [META-RNW] | INFO | meta_classifier_renewed.model_trainers.meta_trainer | Ep [018/500] T-Acc:  88.9%  V-Acc:   0.0%  V-AUROC: 0.5000  LR: 2.00e-05
2026-06-29 16:20:39,667 | [META-RNW] | INFO | meta_classifier_renewed.model_trainers.meta_trainer | Ep [019/500] T-Acc: 100.0%  V-Acc:   0.0%  V-AUROC: 0.5000  LR: 2.00e-05
2026-06-29 16:20:39,912 | [META-RNW] | INFO | meta_classifier_renewed.model_trainers.meta_trainer | Ep [020/500] T-Acc:  88.9%  V-Acc:   0.0%  V-AUROC: 0.5000  LR: 2.00e-05
2026-06-29 16:20:40,159 | [META-RNW] | INFO | meta_classifier_renewed.model_trainers.meta_trainer | Ep [021/500] T-Acc:  88.9%  V-Acc:   0.0%  V-AUROC: 0.5000  LR: 2.00e-05
2026-06-29 16:20:40,409 | [META-RNW] | INFO | meta_classifier_renewed.model_trainers.meta_trainer | Ep [022/500] T-Acc:  88.9%  V-Acc:   0.0%  V-AUROC: 0.5000  LR: 2.00e-05
2026-06-29 16:20:40,680 | [META-RNW] | INFO | meta_classifier_renewed.model_trainers.meta_trainer | Ep [023/500] T-Acc: 100.0%  V-Acc:   0.0%  V-AUROC: 0.5000  LR: 2.00e-05
2026-06-29 16:20:40,919 | [META-RNW] | INFO | meta_classifier_renewed.model_trainers.meta_trainer | Ep [024/500] T-Acc:  88.9%  V-Acc:   0.0%  V-AUROC: 0.5000  LR: 2.00e-05
2026-06-29 16:20:41,172 | [META-RNW] | INFO | meta_classifier_renewed.model_trainers.meta_trainer | Ep [025/500] T-Acc: 100.0%  V-Acc:   0.0%  V-AUROC: 0.5000  LR: 2.00e-05
2026-06-29 16:20:41,429 | [META-RNW] | INFO | meta_classifier_renewed.model_trainers.meta_trainer | Ep [026/500] T-Acc: 100.0%  V-Acc:   0.0%  V-AUROC: 0.5000  LR: 2.00e-05
2026-06-29 16:20:41,704 | [META-RNW] | INFO | meta_classifier_renewed.model_trainers.meta_trainer | Ep [027/500] T-Acc: 100.0%  V-Acc:   0.0%  V-AUROC: 0.5000  LR: 2.00e-05
2026-06-29 16:20:41,974 | [META-RNW] | INFO | meta_classifier_renewed.model_trainers.meta_trainer | Ep [028/500] T-Acc: 100.0%  V-Acc:   0.0%  V-AUROC: 0.5000  LR: 2.00e-05
2026-06-29 16:20:42,212 | [META-RNW] | INFO | meta_classifier_renewed.model_trainers.meta_trainer | Ep [029/500] T-Acc:  88.9%  V-Acc:   0.0%  V-AUROC: 0.5000  LR: 4.00e-06
2026-06-29 16:20:42,459 | [META-RNW] | INFO | meta_classifier_renewed.model_trainers.meta_trainer | Ep [030/500] T-Acc:  88.9%  V-Acc:   0.0%  V-AUROC: 0.5000  LR: 4.00e-06
2026-06-29 16:20:42,731 | [META-RNW] | INFO | meta_classifier_renewed.model_trainers.meta_trainer | Ep [031/500] T-Acc: 100.0%  V-Acc:   0.0%  V-AUROC: 0.5000  LR: 4.00e-06
2026-06-29 16:20:42,731 | [META-RNW] | INFO | meta_classifier_renewed.model_trainers.meta_trainer | Early stop — best AUROC 0.5000 at epoch 1 (no improvement for 30 epochs)
2026-06-29 16:20:42,732 | [META-RNW] | INFO | meta_classifier_renewed.model_trainers.meta_trainer | Done. Best AUROC: 0.5000 (epoch 1)
2026-06-29 16:20:42,905 | [META-RNW] | INFO | meta_classifier_renewed.model_trainers.meta_trainer | Restored best-AUROC checkpoint into model (epoch 1, AUROC 0.5000).
2026-06-29 16:20:42,954 | [META-RNW] | INFO | meta_classifier_renewed.evaluators.monte_carlo_evaluator | -> Fold 05 Result | Acc=0.000 Sens=0.000 Spec=0.000 AUROC=nan (Fixed Threshold: 0.5)
2026-06-29 16:20:42,962 | [META-RNW] | INFO | meta_classifier_renewed.evaluators.monte_carlo_evaluator | === Fold 06/30 | train: 9 subj | test: 5 subj ===
2026-06-29 16:20:42,976 | [META-RNW] | INFO | meta_classifier_renewed.model_trainers.meta_trainer | Device: cuda | max_epochs=500 | batch=8 | es_patience=30 | lr=1e-04 | wd=1e-02
2026-06-29 16:20:42,977 | [META-RNW] | INFO | meta_classifier_renewed.model_trainers.meta_trainer | CE weights — HC: 1.500  MCI: 0.750
2026-06-29 16:20:43,248 | [META-RNW] | INFO | meta_classifier_renewed.model_trainers.meta_trainer | Ep [001/500] T-Acc:  66.7%  V-Acc:  20.0%  V-AUROC: 0.5000  LR: 2.00e-05
2026-06-29 16:20:43,366 | [META-RNW] | INFO | meta_classifier_renewed.model_trainers.meta_trainer |   ↳ new best AUROC; saved checkpoint: /home/leggo/AIResearch/VOGBasedMCIDetectionSystemMobileViTSingleExperimentInference/outputs/checkpoints/run_20260629_161957_meta_renewed_t123567_mt02/fold_05_best.pth
2026-06-29 16:20:43,609 | [META-RNW] | INFO | meta_classifier_renewed.model_trainers.meta_trainer | Ep [002/500] T-Acc:  66.7%  V-Acc:  60.0%  V-AUROC: 0.5000  LR: 4.00e-05
2026-06-29 16:20:43,883 | [META-RNW] | INFO | meta_classifier_renewed.model_trainers.meta_trainer | Ep [003/500] T-Acc:  55.6%  V-Acc:  40.0%  V-AUROC: 0.2500  LR: 6.00e-05
2026-06-29 16:20:44,152 | [META-RNW] | INFO | meta_classifier_renewed.model_trainers.meta_trainer | Ep [004/500] T-Acc:  44.4%  V-Acc:   0.0%  V-AUROC: 0.0000  LR: 8.00e-05
2026-06-29 16:20:44,408 | [META-RNW] | INFO | meta_classifier_renewed.model_trainers.meta_trainer | Ep [005/500] T-Acc:  66.7%  V-Acc:  20.0%  V-AUROC: 0.0000  LR: 1.00e-04
2026-06-29 16:20:44,669 | [META-RNW] | INFO | meta_classifier_renewed.model_trainers.meta_trainer | Ep [006/500] T-Acc:  77.8%  V-Acc:  20.0%  V-AUROC: 0.0000  LR: 1.00e-04
2026-06-29 16:20:44,947 | [META-RNW] | INFO | meta_classifier_renewed.model_trainers.meta_trainer | Ep [007/500] T-Acc:  66.7%  V-Acc:  20.0%  V-AUROC: 0.0000  LR: 1.00e-04
2026-06-29 16:20:45,206 | [META-RNW] | INFO | meta_classifier_renewed.model_trainers.meta_trainer | Ep [008/500] T-Acc:  77.8%  V-Acc:  20.0%  V-AUROC: 0.0000  LR: 1.00e-04
2026-06-29 16:20:45,455 | [META-RNW] | INFO | meta_classifier_renewed.model_trainers.meta_trainer | Ep [009/500] T-Acc:  66.7%  V-Acc:  20.0%  V-AUROC: 0.2500  LR: 1.00e-04
2026-06-29 16:20:45,725 | [META-RNW] | INFO | meta_classifier_renewed.model_trainers.meta_trainer | Ep [010/500] T-Acc:  55.6%  V-Acc:  20.0%  V-AUROC: 0.2500  LR: 1.00e-04
2026-06-29 16:20:45,975 | [META-RNW] | INFO | meta_classifier_renewed.model_trainers.meta_trainer | Ep [011/500] T-Acc:  77.8%  V-Acc:  40.0%  V-AUROC: 0.2500  LR: 1.00e-04
2026-06-29 16:20:46,203 | [META-RNW] | INFO | meta_classifier_renewed.model_trainers.meta_trainer | Ep [012/500] T-Acc:  66.7%  V-Acc:  40.0%  V-AUROC: 0.2500  LR: 1.00e-04
2026-06-29 16:20:46,442 | [META-RNW] | INFO | meta_classifier_renewed.model_trainers.meta_trainer | Ep [013/500] T-Acc:  77.8%  V-Acc:  20.0%  V-AUROC: 0.5000  LR: 1.00e-04
2026-06-29 16:20:46,663 | [META-RNW] | INFO | meta_classifier_renewed.model_trainers.meta_trainer | Ep [014/500] T-Acc:  88.9%  V-Acc:  20.0%  V-AUROC: 0.5000  LR: 1.00e-04
2026-06-29 16:20:46,897 | [META-RNW] | INFO | meta_classifier_renewed.model_trainers.meta_trainer | Ep [015/500] T-Acc: 100.0%  V-Acc:  20.0%  V-AUROC: 0.5000  LR: 1.00e-04
2026-06-29 16:20:47,129 | [META-RNW] | INFO | meta_classifier_renewed.model_trainers.meta_trainer | Ep [016/500] T-Acc: 100.0%  V-Acc:  20.0%  V-AUROC: 0.5000  LR: 1.00e-04
2026-06-29 16:20:47,373 | [META-RNW] | INFO | meta_classifier_renewed.model_trainers.meta_trainer | Ep [017/500] T-Acc: 100.0%  V-Acc:  20.0%  V-AUROC: 0.5000  LR: 1.00e-04
2026-06-29 16:20:47,604 | [META-RNW] | INFO | meta_classifier_renewed.model_trainers.meta_trainer | Ep [018/500] T-Acc: 100.0%  V-Acc:  20.0%  V-AUROC: 0.5000  LR: 1.00e-04
2026-06-29 16:20:47,850 | [META-RNW] | INFO | meta_classifier_renewed.model_trainers.meta_trainer | Ep [019/500] T-Acc: 100.0%  V-Acc:  20.0%  V-AUROC: 0.5000  LR: 1.00e-04
2026-06-29 16:20:48,111 | [META-RNW] | INFO | meta_classifier_renewed.model_trainers.meta_trainer | Ep [020/500] T-Acc: 100.0%  V-Acc:  20.0%  V-AUROC: 0.5000  LR: 1.00e-04
2026-06-29 16:20:48,376 | [META-RNW] | INFO | meta_classifier_renewed.model_trainers.meta_trainer | Ep [021/500] T-Acc: 100.0%  V-Acc:  20.0%  V-AUROC: 0.5000  LR: 1.00e-04
2026-06-29 16:20:48,626 | [META-RNW] | INFO | meta_classifier_renewed.model_trainers.meta_trainer | Ep [022/500] T-Acc: 100.0%  V-Acc:  20.0%  V-AUROC: 0.5000  LR: 1.00e-04
2026-06-29 16:20:48,865 | [META-RNW] | INFO | meta_classifier_renewed.model_trainers.meta_trainer | Ep [023/500] T-Acc: 100.0%  V-Acc:  20.0%  V-AUROC: 0.5000  LR: 1.00e-04
2026-06-29 16:20:49,125 | [META-RNW] | INFO | meta_classifier_renewed.model_trainers.meta_trainer | Ep [024/500] T-Acc: 100.0%  V-Acc:  20.0%  V-AUROC: 1.0000  LR: 1.00e-04
2026-06-29 16:20:49,247 | [META-RNW] | INFO | meta_classifier_renewed.model_trainers.meta_trainer |   ↳ new best AUROC; saved checkpoint: /home/leggo/AIResearch/VOGBasedMCIDetectionSystemMobileViTSingleExperimentInference/outputs/checkpoints/run_20260629_161957_meta_renewed_t123567_mt02/fold_05_best.pth
2026-06-29 16:20:49,465 | [META-RNW] | INFO | meta_classifier_renewed.model_trainers.meta_trainer | Ep [025/500] T-Acc: 100.0%  V-Acc:  20.0%  V-AUROC: 1.0000  LR: 1.00e-04
2026-06-29 16:20:49,686 | [META-RNW] | INFO | meta_classifier_renewed.model_trainers.meta_trainer | Ep [026/500] T-Acc: 100.0%  V-Acc:  20.0%  V-AUROC: 1.0000  LR: 1.00e-04
2026-06-29 16:20:49,937 | [META-RNW] | INFO | meta_classifier_renewed.model_trainers.meta_trainer | Ep [027/500] T-Acc: 100.0%  V-Acc:  20.0%  V-AUROC: 1.0000  LR: 1.00e-04
2026-06-29 16:20:50,188 | [META-RNW] | INFO | meta_classifier_renewed.model_trainers.meta_trainer | Ep [028/500] T-Acc: 100.0%  V-Acc:  20.0%  V-AUROC: 1.0000  LR: 1.00e-04
2026-06-29 16:20:50,462 | [META-RNW] | INFO | meta_classifier_renewed.model_trainers.meta_trainer | Ep [029/500] T-Acc: 100.0%  V-Acc:  20.0%  V-AUROC: 1.0000  LR: 1.00e-04
2026-06-29 16:20:50,742 | [META-RNW] | INFO | meta_classifier_renewed.model_trainers.meta_trainer | Ep [030/500] T-Acc: 100.0%  V-Acc:  20.0%  V-AUROC: 1.0000  LR: 1.00e-04
2026-06-29 16:20:51,046 | [META-RNW] | INFO | meta_classifier_renewed.model_trainers.meta_trainer | Ep [031/500] T-Acc: 100.0%  V-Acc:  20.0%  V-AUROC: 1.0000  LR: 1.00e-04
2026-06-29 16:20:51,330 | [META-RNW] | INFO | meta_classifier_renewed.model_trainers.meta_trainer | Ep [032/500] T-Acc: 100.0%  V-Acc:  20.0%  V-AUROC: 1.0000  LR: 1.00e-04
2026-06-29 16:20:51,596 | [META-RNW] | INFO | meta_classifier_renewed.model_trainers.meta_trainer | Ep [033/500] T-Acc: 100.0%  V-Acc:  20.0%  V-AUROC: 1.0000  LR: 1.00e-04
2026-06-29 16:20:51,895 | [META-RNW] | INFO | meta_classifier_renewed.model_trainers.meta_trainer | Ep [034/500] T-Acc: 100.0%  V-Acc:  20.0%  V-AUROC: 1.0000  LR: 1.00e-04
2026-06-29 16:20:52,160 | [META-RNW] | INFO | meta_classifier_renewed.model_trainers.meta_trainer | Ep [035/500] T-Acc: 100.0%  V-Acc:  20.0%  V-AUROC: 1.0000  LR: 1.00e-04
2026-06-29 16:20:52,375 | [META-RNW] | INFO | meta_classifier_renewed.model_trainers.meta_trainer | Ep [036/500] T-Acc: 100.0%  V-Acc:  20.0%  V-AUROC: 1.0000  LR: 2.00e-05
2026-06-29 16:20:52,582 | [META-RNW] | INFO | meta_classifier_renewed.model_trainers.meta_trainer | Ep [037/500] T-Acc: 100.0%  V-Acc:  20.0%  V-AUROC: 1.0000  LR: 2.00e-05
2026-06-29 16:20:52,793 | [META-RNW] | INFO | meta_classifier_renewed.model_trainers.meta_trainer | Ep [038/500] T-Acc: 100.0%  V-Acc:  20.0%  V-AUROC: 1.0000  LR: 2.00e-05
2026-06-29 16:20:52,998 | [META-RNW] | INFO | meta_classifier_renewed.model_trainers.meta_trainer | Ep [039/500] T-Acc: 100.0%  V-Acc:  20.0%  V-AUROC: 1.0000  LR: 2.00e-05
2026-06-29 16:20:53,267 | [META-RNW] | INFO | meta_classifier_renewed.model_trainers.meta_trainer | Ep [040/500] T-Acc: 100.0%  V-Acc:  20.0%  V-AUROC: 1.0000  LR: 2.00e-05
2026-06-29 16:20:53,500 | [META-RNW] | INFO | meta_classifier_renewed.model_trainers.meta_trainer | Ep [041/500] T-Acc: 100.0%  V-Acc:  20.0%  V-AUROC: 1.0000  LR: 2.00e-05
2026-06-29 16:20:53,727 | [META-RNW] | INFO | meta_classifier_renewed.model_trainers.meta_trainer | Ep [042/500] T-Acc: 100.0%  V-Acc:  20.0%  V-AUROC: 1.0000  LR: 2.00e-05
2026-06-29 16:20:53,951 | [META-RNW] | INFO | meta_classifier_renewed.model_trainers.meta_trainer | Ep [043/500] T-Acc: 100.0%  V-Acc:  20.0%  V-AUROC: 1.0000  LR: 2.00e-05
2026-06-29 16:20:54,205 | [META-RNW] | INFO | meta_classifier_renewed.model_trainers.meta_trainer | Ep [044/500] T-Acc: 100.0%  V-Acc:  20.0%  V-AUROC: 1.0000  LR: 2.00e-05
2026-06-29 16:20:54,477 | [META-RNW] | INFO | meta_classifier_renewed.model_trainers.meta_trainer | Ep [045/500] T-Acc: 100.0%  V-Acc:  20.0%  V-AUROC: 1.0000  LR: 2.00e-05
2026-06-29 16:20:54,720 | [META-RNW] | INFO | meta_classifier_renewed.model_trainers.meta_trainer | Ep [046/500] T-Acc: 100.0%  V-Acc:  20.0%  V-AUROC: 1.0000  LR: 2.00e-05
2026-06-29 16:20:54,965 | [META-RNW] | INFO | meta_classifier_renewed.model_trainers.meta_trainer | Ep [047/500] T-Acc: 100.0%  V-Acc:  20.0%  V-AUROC: 1.0000  LR: 4.00e-06
2026-06-29 16:20:55,213 | [META-RNW] | INFO | meta_classifier_renewed.model_trainers.meta_trainer | Ep [048/500] T-Acc: 100.0%  V-Acc:  20.0%  V-AUROC: 1.0000  LR: 4.00e-06
2026-06-29 16:20:55,467 | [META-RNW] | INFO | meta_classifier_renewed.model_trainers.meta_trainer | Ep [049/500] T-Acc: 100.0%  V-Acc:  20.0%  V-AUROC: 1.0000  LR: 4.00e-06
2026-06-29 16:20:55,717 | [META-RNW] | INFO | meta_classifier_renewed.model_trainers.meta_trainer | Ep [050/500] T-Acc: 100.0%  V-Acc:  20.0%  V-AUROC: 1.0000  LR: 4.00e-06
2026-06-29 16:20:55,959 | [META-RNW] | INFO | meta_classifier_renewed.model_trainers.meta_trainer | Ep [051/500] T-Acc: 100.0%  V-Acc:  20.0%  V-AUROC: 1.0000  LR: 4.00e-06
2026-06-29 16:20:56,208 | [META-RNW] | INFO | meta_classifier_renewed.model_trainers.meta_trainer | Ep [052/500] T-Acc: 100.0%  V-Acc:  20.0%  V-AUROC: 1.0000  LR: 4.00e-06
2026-06-29 16:20:56,465 | [META-RNW] | INFO | meta_classifier_renewed.model_trainers.meta_trainer | Ep [053/500] T-Acc: 100.0%  V-Acc:  20.0%  V-AUROC: 1.0000  LR: 4.00e-06
2026-06-29 16:20:56,688 | [META-RNW] | INFO | meta_classifier_renewed.model_trainers.meta_trainer | Ep [054/500] T-Acc: 100.0%  V-Acc:  20.0%  V-AUROC: 1.0000  LR: 4.00e-06
2026-06-29 16:20:56,688 | [META-RNW] | INFO | meta_classifier_renewed.model_trainers.meta_trainer | Early stop — best AUROC 1.0000 at epoch 24 (no improvement for 30 epochs)
2026-06-29 16:20:56,688 | [META-RNW] | INFO | meta_classifier_renewed.model_trainers.meta_trainer | Done. Best AUROC: 1.0000 (epoch 24)
2026-06-29 16:20:56,851 | [META-RNW] | INFO | meta_classifier_renewed.model_trainers.meta_trainer | Restored best-AUROC checkpoint into model (epoch 24, AUROC 1.0000).
2026-06-29 16:20:56,902 | [META-RNW] | INFO | meta_classifier_renewed.evaluators.monte_carlo_evaluator | -> Fold 06 Result | Acc=0.200 Sens=1.000 Spec=0.000 AUROC=0.500 (Fixed Threshold: 0.5)
2026-06-29 16:20:56,910 | [META-RNW] | INFO | meta_classifier_renewed.evaluators.monte_carlo_evaluator | === Fold 07/30 | train: 9 subj | test: 5 subj ===
2026-06-29 16:20:56,923 | [META-RNW] | INFO | meta_classifier_renewed.model_trainers.meta_trainer | Device: cuda | max_epochs=500 | batch=8 | es_patience=30 | lr=1e-04 | wd=1e-02
2026-06-29 16:20:56,924 | [META-RNW] | INFO | meta_classifier_renewed.model_trainers.meta_trainer | CE weights — HC: 1.500  MCI: 0.750
2026-06-29 16:20:57,171 | [META-RNW] | INFO | meta_classifier_renewed.model_trainers.meta_trainer | Ep [001/500] T-Acc:  66.7%  V-Acc:  20.0%  V-AUROC: 0.0000  LR: 2.00e-05
2026-06-29 16:20:57,277 | [META-RNW] | INFO | meta_classifier_renewed.model_trainers.meta_trainer |   ↳ new best AUROC; saved checkpoint: /home/leggo/AIResearch/VOGBasedMCIDetectionSystemMobileViTSingleExperimentInference/outputs/checkpoints/run_20260629_161957_meta_renewed_t123567_mt02/fold_06_best.pth
2026-06-29 16:20:57,519 | [META-RNW] | INFO | meta_classifier_renewed.model_trainers.meta_trainer | Ep [002/500] T-Acc:  44.4%  V-Acc:  20.0%  V-AUROC: 0.0000  LR: 4.00e-05
2026-06-29 16:20:57,799 | [META-RNW] | INFO | meta_classifier_renewed.model_trainers.meta_trainer | Ep [003/500] T-Acc:  44.4%  V-Acc:  20.0%  V-AUROC: 0.0000  LR: 6.00e-05
2026-06-29 16:20:58,077 | [META-RNW] | INFO | meta_classifier_renewed.model_trainers.meta_trainer | Ep [004/500] T-Acc:  55.6%  V-Acc:  20.0%  V-AUROC: 0.0000  LR: 8.00e-05
2026-06-29 16:20:58,327 | [META-RNW] | INFO | meta_classifier_renewed.model_trainers.meta_trainer | Ep [005/500] T-Acc:  77.8%  V-Acc:   0.0%  V-AUROC: 0.0000  LR: 1.00e-04
2026-06-29 16:20:58,575 | [META-RNW] | INFO | meta_classifier_renewed.model_trainers.meta_trainer | Ep [006/500] T-Acc:  66.7%  V-Acc:   0.0%  V-AUROC: 0.0000  LR: 1.00e-04
2026-06-29 16:20:58,836 | [META-RNW] | INFO | meta_classifier_renewed.model_trainers.meta_trainer | Ep [007/500] T-Acc:  55.6%  V-Acc:   0.0%  V-AUROC: 0.0000  LR: 1.00e-04
2026-06-29 16:20:59,113 | [META-RNW] | INFO | meta_classifier_renewed.model_trainers.meta_trainer | Ep [008/500] T-Acc:  55.6%  V-Acc:   0.0%  V-AUROC: 0.0000  LR: 1.00e-04
2026-06-29 16:20:59,372 | [META-RNW] | INFO | meta_classifier_renewed.model_trainers.meta_trainer | Ep [009/500] T-Acc:  88.9%  V-Acc:   0.0%  V-AUROC: 0.0000  LR: 1.00e-04
2026-06-29 16:20:59,658 | [META-RNW] | INFO | meta_classifier_renewed.model_trainers.meta_trainer | Ep [010/500] T-Acc: 100.0%  V-Acc:   0.0%  V-AUROC: 0.0000  LR: 1.00e-04
2026-06-29 16:20:59,930 | [META-RNW] | INFO | meta_classifier_renewed.model_trainers.meta_trainer | Ep [011/500] T-Acc:  77.8%  V-Acc:   0.0%  V-AUROC: 0.0000  LR: 1.00e-04
2026-06-29 16:21:00,220 | [META-RNW] | INFO | meta_classifier_renewed.model_trainers.meta_trainer | Ep [012/500] T-Acc: 100.0%  V-Acc:   0.0%  V-AUROC: 0.0000  LR: 1.00e-04
2026-06-29 16:21:00,509 | [META-RNW] | INFO | meta_classifier_renewed.model_trainers.meta_trainer | Ep [013/500] T-Acc:  88.9%  V-Acc:   0.0%  V-AUROC: 0.0000  LR: 1.00e-04
2026-06-29 16:21:00,794 | [META-RNW] | INFO | meta_classifier_renewed.model_trainers.meta_trainer | Ep [014/500] T-Acc:  88.9%  V-Acc:   0.0%  V-AUROC: 0.0000  LR: 1.00e-04
2026-06-29 16:21:01,037 | [META-RNW] | INFO | meta_classifier_renewed.model_trainers.meta_trainer | Ep [015/500] T-Acc: 100.0%  V-Acc:  20.0%  V-AUROC: 0.0000  LR: 1.00e-04
2026-06-29 16:21:01,300 | [META-RNW] | INFO | meta_classifier_renewed.model_trainers.meta_trainer | Ep [016/500] T-Acc: 100.0%  V-Acc:  20.0%  V-AUROC: 0.0000  LR: 1.00e-04
2026-06-29 16:21:01,570 | [META-RNW] | INFO | meta_classifier_renewed.model_trainers.meta_trainer | Ep [017/500] T-Acc: 100.0%  V-Acc:  20.0%  V-AUROC: 0.2500  LR: 1.00e-04
2026-06-29 16:21:01,691 | [META-RNW] | INFO | meta_classifier_renewed.model_trainers.meta_trainer |   ↳ new best AUROC; saved checkpoint: /home/leggo/AIResearch/VOGBasedMCIDetectionSystemMobileViTSingleExperimentInference/outputs/checkpoints/run_20260629_161957_meta_renewed_t123567_mt02/fold_06_best.pth
2026-06-29 16:21:01,924 | [META-RNW] | INFO | meta_classifier_renewed.model_trainers.meta_trainer | Ep [018/500] T-Acc: 100.0%  V-Acc:  20.0%  V-AUROC: 0.2500  LR: 1.00e-04
2026-06-29 16:21:02,150 | [META-RNW] | INFO | meta_classifier_renewed.model_trainers.meta_trainer | Ep [019/500] T-Acc: 100.0%  V-Acc:  20.0%  V-AUROC: 0.2500  LR: 1.00e-04
2026-06-29 16:21:02,406 | [META-RNW] | INFO | meta_classifier_renewed.model_trainers.meta_trainer | Ep [020/500] T-Acc: 100.0%  V-Acc:  20.0%  V-AUROC: 0.2500  LR: 1.00e-04
2026-06-29 16:21:02,686 | [META-RNW] | INFO | meta_classifier_renewed.model_trainers.meta_trainer | Ep [021/500] T-Acc: 100.0%  V-Acc:  20.0%  V-AUROC: 0.5000  LR: 1.00e-04
2026-06-29 16:21:02,806 | [META-RNW] | INFO | meta_classifier_renewed.model_trainers.meta_trainer |   ↳ new best AUROC; saved checkpoint: /home/leggo/AIResearch/VOGBasedMCIDetectionSystemMobileViTSingleExperimentInference/outputs/checkpoints/run_20260629_161957_meta_renewed_t123567_mt02/fold_06_best.pth
2026-06-29 16:21:03,019 | [META-RNW] | INFO | meta_classifier_renewed.model_trainers.meta_trainer | Ep [022/500] T-Acc: 100.0%  V-Acc:  20.0%  V-AUROC: 1.0000  LR: 1.00e-04
2026-06-29 16:21:03,219 | [META-RNW] | INFO | meta_classifier_renewed.model_trainers.meta_trainer |   ↳ new best AUROC; saved checkpoint: /home/leggo/AIResearch/VOGBasedMCIDetectionSystemMobileViTSingleExperimentInference/outputs/checkpoints/run_20260629_161957_meta_renewed_t123567_mt02/fold_06_best.pth
2026-06-29 16:21:03,447 | [META-RNW] | INFO | meta_classifier_renewed.model_trainers.meta_trainer | Ep [023/500] T-Acc: 100.0%  V-Acc:  20.0%  V-AUROC: 1.0000  LR: 1.00e-04
2026-06-29 16:21:03,688 | [META-RNW] | INFO | meta_classifier_renewed.model_trainers.meta_trainer | Ep [024/500] T-Acc: 100.0%  V-Acc:  20.0%  V-AUROC: 1.0000  LR: 1.00e-04
2026-06-29 16:21:03,928 | [META-RNW] | INFO | meta_classifier_renewed.model_trainers.meta_trainer | Ep [025/500] T-Acc: 100.0%  V-Acc:  20.0%  V-AUROC: 1.0000  LR: 1.00e-04
2026-06-29 16:21:04,172 | [META-RNW] | INFO | meta_classifier_renewed.model_trainers.meta_trainer | Ep [026/500] T-Acc:  88.9%  V-Acc:  20.0%  V-AUROC: 1.0000  LR: 1.00e-04
2026-06-29 16:21:04,433 | [META-RNW] | INFO | meta_classifier_renewed.model_trainers.meta_trainer | Ep [027/500] T-Acc: 100.0%  V-Acc:  20.0%  V-AUROC: 1.0000  LR: 1.00e-04
2026-06-29 16:21:04,693 | [META-RNW] | INFO | meta_classifier_renewed.model_trainers.meta_trainer | Ep [028/500] T-Acc: 100.0%  V-Acc:  20.0%  V-AUROC: 1.0000  LR: 1.00e-04
2026-06-29 16:21:04,945 | [META-RNW] | INFO | meta_classifier_renewed.model_trainers.meta_trainer | Ep [029/500] T-Acc: 100.0%  V-Acc:  20.0%  V-AUROC: 1.0000  LR: 1.00e-04
2026-06-29 16:21:05,212 | [META-RNW] | INFO | meta_classifier_renewed.model_trainers.meta_trainer | Ep [030/500] T-Acc: 100.0%  V-Acc:  20.0%  V-AUROC: 1.0000  LR: 1.00e-04
2026-06-29 16:21:05,476 | [META-RNW] | INFO | meta_classifier_renewed.model_trainers.meta_trainer | Ep [031/500] T-Acc: 100.0%  V-Acc:  20.0%  V-AUROC: 1.0000  LR: 1.00e-04
2026-06-29 16:21:05,731 | [META-RNW] | INFO | meta_classifier_renewed.model_trainers.meta_trainer | Ep [032/500] T-Acc: 100.0%  V-Acc:  20.0%  V-AUROC: 1.0000  LR: 1.00e-04
2026-06-29 16:21:06,010 | [META-RNW] | INFO | meta_classifier_renewed.model_trainers.meta_trainer | Ep [033/500] T-Acc: 100.0%  V-Acc:  20.0%  V-AUROC: 1.0000  LR: 1.00e-04
2026-06-29 16:21:06,291 | [META-RNW] | INFO | meta_classifier_renewed.model_trainers.meta_trainer | Ep [034/500] T-Acc: 100.0%  V-Acc:  20.0%  V-AUROC: 1.0000  LR: 2.00e-05
2026-06-29 16:21:06,536 | [META-RNW] | INFO | meta_classifier_renewed.model_trainers.meta_trainer | Ep [035/500] T-Acc: 100.0%  V-Acc:  20.0%  V-AUROC: 1.0000  LR: 2.00e-05
2026-06-29 16:21:06,757 | [META-RNW] | INFO | meta_classifier_renewed.model_trainers.meta_trainer | Ep [036/500] T-Acc: 100.0%  V-Acc:  20.0%  V-AUROC: 1.0000  LR: 2.00e-05
2026-06-29 16:21:07,016 | [META-RNW] | INFO | meta_classifier_renewed.model_trainers.meta_trainer | Ep [037/500] T-Acc: 100.0%  V-Acc:  20.0%  V-AUROC: 1.0000  LR: 2.00e-05
2026-06-29 16:21:07,235 | [META-RNW] | INFO | meta_classifier_renewed.model_trainers.meta_trainer | Ep [038/500] T-Acc: 100.0%  V-Acc:  20.0%  V-AUROC: 1.0000  LR: 2.00e-05
2026-06-29 16:21:07,463 | [META-RNW] | INFO | meta_classifier_renewed.model_trainers.meta_trainer | Ep [039/500] T-Acc: 100.0%  V-Acc:  20.0%  V-AUROC: 1.0000  LR: 2.00e-05
2026-06-29 16:21:07,691 | [META-RNW] | INFO | meta_classifier_renewed.model_trainers.meta_trainer | Ep [040/500] T-Acc: 100.0%  V-Acc:  20.0%  V-AUROC: 1.0000  LR: 2.00e-05
2026-06-29 16:21:07,935 | [META-RNW] | INFO | meta_classifier_renewed.model_trainers.meta_trainer | Ep [041/500] T-Acc: 100.0%  V-Acc:  20.0%  V-AUROC: 1.0000  LR: 2.00e-05
2026-06-29 16:21:08,182 | [META-RNW] | INFO | meta_classifier_renewed.model_trainers.meta_trainer | Ep [042/500] T-Acc: 100.0%  V-Acc:  20.0%  V-AUROC: 1.0000  LR: 2.00e-05
2026-06-29 16:21:08,435 | [META-RNW] | INFO | meta_classifier_renewed.model_trainers.meta_trainer | Ep [043/500] T-Acc: 100.0%  V-Acc:  20.0%  V-AUROC: 1.0000  LR: 2.00e-05
2026-06-29 16:21:08,699 | [META-RNW] | INFO | meta_classifier_renewed.model_trainers.meta_trainer | Ep [044/500] T-Acc: 100.0%  V-Acc:  20.0%  V-AUROC: 1.0000  LR: 2.00e-05
2026-06-29 16:21:08,948 | [META-RNW] | INFO | meta_classifier_renewed.model_trainers.meta_trainer | Ep [045/500] T-Acc: 100.0%  V-Acc:  20.0%  V-AUROC: 1.0000  LR: 4.00e-06
2026-06-29 16:21:09,172 | [META-RNW] | INFO | meta_classifier_renewed.model_trainers.meta_trainer | Ep [046/500] T-Acc: 100.0%  V-Acc:  20.0%  V-AUROC: 1.0000  LR: 4.00e-06
2026-06-29 16:21:09,390 | [META-RNW] | INFO | meta_classifier_renewed.model_trainers.meta_trainer | Ep [047/500] T-Acc: 100.0%  V-Acc:  20.0%  V-AUROC: 1.0000  LR: 4.00e-06
2026-06-29 16:21:09,632 | [META-RNW] | INFO | meta_classifier_renewed.model_trainers.meta_trainer | Ep [048/500] T-Acc: 100.0%  V-Acc:  20.0%  V-AUROC: 1.0000  LR: 4.00e-06
2026-06-29 16:21:09,863 | [META-RNW] | INFO | meta_classifier_renewed.model_trainers.meta_trainer | Ep [049/500] T-Acc: 100.0%  V-Acc:  20.0%  V-AUROC: 1.0000  LR: 4.00e-06
2026-06-29 16:21:10,082 | [META-RNW] | INFO | meta_classifier_renewed.model_trainers.meta_trainer | Ep [050/500] T-Acc: 100.0%  V-Acc:  20.0%  V-AUROC: 1.0000  LR: 4.00e-06
2026-06-29 16:21:10,315 | [META-RNW] | INFO | meta_classifier_renewed.model_trainers.meta_trainer | Ep [051/500] T-Acc: 100.0%  V-Acc:  20.0%  V-AUROC: 1.0000  LR: 4.00e-06
2026-06-29 16:21:10,548 | [META-RNW] | INFO | meta_classifier_renewed.model_trainers.meta_trainer | Ep [052/500] T-Acc: 100.0%  V-Acc:  20.0%  V-AUROC: 1.0000  LR: 4.00e-06
2026-06-29 16:21:10,548 | [META-RNW] | INFO | meta_classifier_renewed.model_trainers.meta_trainer | Early stop — best AUROC 1.0000 at epoch 22 (no improvement for 30 epochs)
2026-06-29 16:21:10,548 | [META-RNW] | INFO | meta_classifier_renewed.model_trainers.meta_trainer | Done. Best AUROC: 1.0000 (epoch 22)
2026-06-29 16:21:10,712 | [META-RNW] | INFO | meta_classifier_renewed.model_trainers.meta_trainer | Restored best-AUROC checkpoint into model (epoch 22, AUROC 1.0000).
2026-06-29 16:21:10,759 | [META-RNW] | INFO | meta_classifier_renewed.evaluators.monte_carlo_evaluator | -> Fold 07 Result | Acc=0.200 Sens=1.000 Spec=0.000 AUROC=0.500 (Fixed Threshold: 0.5)
2026-06-29 16:21:10,767 | [META-RNW] | INFO | meta_classifier_renewed.evaluators.monte_carlo_evaluator | === Fold 08/30 | train: 9 subj | test: 5 subj ===
2026-06-29 16:21:10,781 | [META-RNW] | INFO | meta_classifier_renewed.model_trainers.meta_trainer | Device: cuda | max_epochs=500 | batch=8 | es_patience=30 | lr=1e-04 | wd=1e-02
2026-06-29 16:21:10,782 | [META-RNW] | INFO | meta_classifier_renewed.model_trainers.meta_trainer | CE weights — HC: 2.250  MCI: 0.643
2026-06-29 16:21:11,012 | [META-RNW] | INFO | meta_classifier_renewed.model_trainers.meta_trainer | Ep [001/500] T-Acc:  33.3%  V-Acc:  80.0%  V-AUROC: 0.5000  LR: 2.00e-05
2026-06-29 16:21:11,114 | [META-RNW] | INFO | meta_classifier_renewed.model_trainers.meta_trainer |   ↳ new best AUROC; saved checkpoint: /home/leggo/AIResearch/VOGBasedMCIDetectionSystemMobileViTSingleExperimentInference/outputs/checkpoints/run_20260629_161957_meta_renewed_t123567_mt02/fold_07_best.pth
2026-06-29 16:21:11,316 | [META-RNW] | INFO | meta_classifier_renewed.model_trainers.meta_trainer | Ep [002/500] T-Acc:  33.3%  V-Acc:  80.0%  V-AUROC: 0.5000  LR: 4.00e-05
2026-06-29 16:21:11,521 | [META-RNW] | INFO | meta_classifier_renewed.model_trainers.meta_trainer | Ep [003/500] T-Acc:  11.1%  V-Acc:  80.0%  V-AUROC: 0.5000  LR: 6.00e-05
2026-06-29 16:21:11,739 | [META-RNW] | INFO | meta_classifier_renewed.model_trainers.meta_trainer | Ep [004/500] T-Acc:  33.3%  V-Acc:  40.0%  V-AUROC: 0.5000  LR: 8.00e-05
2026-06-29 16:21:11,980 | [META-RNW] | INFO | meta_classifier_renewed.model_trainers.meta_trainer | Ep [005/500] T-Acc:  66.7%  V-Acc:   0.0%  V-AUROC: 0.5000  LR: 1.00e-04
2026-06-29 16:21:12,222 | [META-RNW] | INFO | meta_classifier_renewed.model_trainers.meta_trainer | Ep [006/500] T-Acc:  55.6%  V-Acc:   0.0%  V-AUROC: 0.5000  LR: 1.00e-04
2026-06-29 16:21:12,456 | [META-RNW] | INFO | meta_classifier_renewed.model_trainers.meta_trainer | Ep [007/500] T-Acc:  66.7%  V-Acc:   0.0%  V-AUROC: 0.5000  LR: 1.00e-04
2026-06-29 16:21:12,690 | [META-RNW] | INFO | meta_classifier_renewed.model_trainers.meta_trainer | Ep [008/500] T-Acc:  66.7%  V-Acc:   0.0%  V-AUROC: 0.5000  LR: 1.00e-04
2026-06-29 16:21:12,929 | [META-RNW] | INFO | meta_classifier_renewed.model_trainers.meta_trainer | Ep [009/500] T-Acc:  77.8%  V-Acc:   0.0%  V-AUROC: 0.5000  LR: 1.00e-04
2026-06-29 16:21:13,179 | [META-RNW] | INFO | meta_classifier_renewed.model_trainers.meta_trainer | Ep [010/500] T-Acc:  77.8%  V-Acc:   0.0%  V-AUROC: 0.5000  LR: 1.00e-04
2026-06-29 16:21:13,434 | [META-RNW] | INFO | meta_classifier_renewed.model_trainers.meta_trainer | Ep [011/500] T-Acc:  77.8%  V-Acc:   0.0%  V-AUROC: 0.5000  LR: 1.00e-04
2026-06-29 16:21:13,692 | [META-RNW] | INFO | meta_classifier_renewed.model_trainers.meta_trainer | Ep [012/500] T-Acc:  77.8%  V-Acc:   0.0%  V-AUROC: 0.5000  LR: 1.00e-04
2026-06-29 16:21:13,969 | [META-RNW] | INFO | meta_classifier_renewed.model_trainers.meta_trainer | Ep [013/500] T-Acc:  66.7%  V-Acc:   0.0%  V-AUROC: 0.5000  LR: 1.00e-04
2026-06-29 16:21:14,221 | [META-RNW] | INFO | meta_classifier_renewed.model_trainers.meta_trainer | Ep [014/500] T-Acc:  77.8%  V-Acc:   0.0%  V-AUROC: 0.5000  LR: 1.00e-04
2026-06-29 16:21:14,491 | [META-RNW] | INFO | meta_classifier_renewed.model_trainers.meta_trainer | Ep [015/500] T-Acc:  77.8%  V-Acc:   0.0%  V-AUROC: 0.5000  LR: 1.00e-04
2026-06-29 16:21:14,757 | [META-RNW] | INFO | meta_classifier_renewed.model_trainers.meta_trainer | Ep [016/500] T-Acc:  77.8%  V-Acc:  20.0%  V-AUROC: 0.5000  LR: 1.00e-04
2026-06-29 16:21:15,007 | [META-RNW] | INFO | meta_classifier_renewed.model_trainers.meta_trainer | Ep [017/500] T-Acc:  55.6%  V-Acc:  20.0%  V-AUROC: 0.5000  LR: 1.00e-04
2026-06-29 16:21:15,274 | [META-RNW] | INFO | meta_classifier_renewed.model_trainers.meta_trainer | Ep [018/500] T-Acc:  77.8%  V-Acc:  20.0%  V-AUROC: 0.5000  LR: 2.00e-05
2026-06-29 16:21:15,559 | [META-RNW] | INFO | meta_classifier_renewed.model_trainers.meta_trainer | Ep [019/500] T-Acc:  88.9%  V-Acc:  20.0%  V-AUROC: 0.5000  LR: 2.00e-05
2026-06-29 16:21:15,841 | [META-RNW] | INFO | meta_classifier_renewed.model_trainers.meta_trainer | Ep [020/500] T-Acc:  88.9%  V-Acc:  20.0%  V-AUROC: 0.5000  LR: 2.00e-05
2026-06-29 16:21:16,104 | [META-RNW] | INFO | meta_classifier_renewed.model_trainers.meta_trainer | Ep [021/500] T-Acc:  77.8%  V-Acc:  20.0%  V-AUROC: 0.5000  LR: 2.00e-05
2026-06-29 16:21:16,361 | [META-RNW] | INFO | meta_classifier_renewed.model_trainers.meta_trainer | Ep [022/500] T-Acc:  66.7%  V-Acc:  20.0%  V-AUROC: 0.5000  LR: 2.00e-05
2026-06-29 16:21:16,618 | [META-RNW] | INFO | meta_classifier_renewed.model_trainers.meta_trainer | Ep [023/500] T-Acc:  66.7%  V-Acc:  20.0%  V-AUROC: 0.5000  LR: 2.00e-05
2026-06-29 16:21:16,884 | [META-RNW] | INFO | meta_classifier_renewed.model_trainers.meta_trainer | Ep [024/500] T-Acc:  88.9%  V-Acc:  20.0%  V-AUROC: 0.5000  LR: 2.00e-05
2026-06-29 16:21:17,150 | [META-RNW] | INFO | meta_classifier_renewed.model_trainers.meta_trainer | Ep [025/500] T-Acc: 100.0%  V-Acc:  20.0%  V-AUROC: 0.5000  LR: 2.00e-05
2026-06-29 16:21:17,395 | [META-RNW] | INFO | meta_classifier_renewed.model_trainers.meta_trainer | Ep [026/500] T-Acc:  55.6%  V-Acc:   0.0%  V-AUROC: 0.5000  LR: 2.00e-05
2026-06-29 16:21:17,654 | [META-RNW] | INFO | meta_classifier_renewed.model_trainers.meta_trainer | Ep [027/500] T-Acc:  88.9%  V-Acc:   0.0%  V-AUROC: 0.5000  LR: 2.00e-05
2026-06-29 16:21:17,909 | [META-RNW] | INFO | meta_classifier_renewed.model_trainers.meta_trainer | Ep [028/500] T-Acc:  88.9%  V-Acc:   0.0%  V-AUROC: 0.5000  LR: 2.00e-05
2026-06-29 16:21:18,165 | [META-RNW] | INFO | meta_classifier_renewed.model_trainers.meta_trainer | Ep [029/500] T-Acc: 100.0%  V-Acc:   0.0%  V-AUROC: 0.5000  LR: 4.00e-06
2026-06-29 16:21:18,394 | [META-RNW] | INFO | meta_classifier_renewed.model_trainers.meta_trainer | Ep [030/500] T-Acc:  88.9%  V-Acc:   0.0%  V-AUROC: 0.5000  LR: 4.00e-06
2026-06-29 16:21:18,627 | [META-RNW] | INFO | meta_classifier_renewed.model_trainers.meta_trainer | Ep [031/500] T-Acc:  88.9%  V-Acc:   0.0%  V-AUROC: 0.5000  LR: 4.00e-06
2026-06-29 16:21:18,627 | [META-RNW] | INFO | meta_classifier_renewed.model_trainers.meta_trainer | Early stop — best AUROC 0.5000 at epoch 1 (no improvement for 30 epochs)
2026-06-29 16:21:18,627 | [META-RNW] | INFO | meta_classifier_renewed.model_trainers.meta_trainer | Done. Best AUROC: 0.5000 (epoch 1)
2026-06-29 16:21:18,788 | [META-RNW] | INFO | meta_classifier_renewed.model_trainers.meta_trainer | Restored best-AUROC checkpoint into model (epoch 1, AUROC 0.5000).
2026-06-29 16:21:18,836 | [META-RNW] | INFO | meta_classifier_renewed.evaluators.monte_carlo_evaluator | -> Fold 08 Result | Acc=0.800 Sens=0.000 Spec=0.800 AUROC=nan (Fixed Threshold: 0.5)
2026-06-29 16:21:18,843 | [META-RNW] | INFO | meta_classifier_renewed.evaluators.monte_carlo_evaluator | === Fold 09/30 | train: 9 subj | test: 5 subj ===
2026-06-29 16:21:18,856 | [META-RNW] | INFO | meta_classifier_renewed.model_trainers.meta_trainer | Device: cuda | max_epochs=500 | batch=8 | es_patience=30 | lr=1e-04 | wd=1e-02
2026-06-29 16:21:18,858 | [META-RNW] | INFO | meta_classifier_renewed.model_trainers.meta_trainer | CE weights — HC: 1.125  MCI: 0.900
2026-06-29 16:21:19,087 | [META-RNW] | INFO | meta_classifier_renewed.model_trainers.meta_trainer | Ep [001/500] T-Acc:  77.8%  V-Acc:  80.0%  V-AUROC: 0.8333  LR: 2.00e-05
2026-06-29 16:21:19,190 | [META-RNW] | INFO | meta_classifier_renewed.model_trainers.meta_trainer |   ↳ new best AUROC; saved checkpoint: /home/leggo/AIResearch/VOGBasedMCIDetectionSystemMobileViTSingleExperimentInference/outputs/checkpoints/run_20260629_161957_meta_renewed_t123567_mt02/fold_08_best.pth
2026-06-29 16:21:19,402 | [META-RNW] | INFO | meta_classifier_renewed.model_trainers.meta_trainer | Ep [002/500] T-Acc:  77.8%  V-Acc:  80.0%  V-AUROC: 0.8333  LR: 4.00e-05
2026-06-29 16:21:19,626 | [META-RNW] | INFO | meta_classifier_renewed.model_trainers.meta_trainer | Ep [003/500] T-Acc:  66.7%  V-Acc:  80.0%  V-AUROC: 0.8333  LR: 6.00e-05
2026-06-29 16:21:19,869 | [META-RNW] | INFO | meta_classifier_renewed.model_trainers.meta_trainer | Ep [004/500] T-Acc:  33.3%  V-Acc:  80.0%  V-AUROC: 1.0000  LR: 8.00e-05
2026-06-29 16:21:19,988 | [META-RNW] | INFO | meta_classifier_renewed.model_trainers.meta_trainer |   ↳ new best AUROC; saved checkpoint: /home/leggo/AIResearch/VOGBasedMCIDetectionSystemMobileViTSingleExperimentInference/outputs/checkpoints/run_20260629_161957_meta_renewed_t123567_mt02/fold_08_best.pth
2026-06-29 16:21:20,214 | [META-RNW] | INFO | meta_classifier_renewed.model_trainers.meta_trainer | Ep [005/500] T-Acc:  66.7%  V-Acc:  80.0%  V-AUROC: 1.0000  LR: 1.00e-04
2026-06-29 16:21:20,443 | [META-RNW] | INFO | meta_classifier_renewed.model_trainers.meta_trainer | Ep [006/500] T-Acc:  44.4%  V-Acc:  80.0%  V-AUROC: 1.0000  LR: 1.00e-04
2026-06-29 16:21:20,691 | [META-RNW] | INFO | meta_classifier_renewed.model_trainers.meta_trainer | Ep [007/500] T-Acc:  88.9%  V-Acc:  40.0%  V-AUROC: 1.0000  LR: 1.00e-04
2026-06-29 16:21:20,951 | [META-RNW] | INFO | meta_classifier_renewed.model_trainers.meta_trainer | Ep [008/500] T-Acc:  77.8%  V-Acc:  40.0%  V-AUROC: 1.0000  LR: 1.00e-04
2026-06-29 16:21:21,304 | [META-RNW] | INFO | meta_classifier_renewed.model_trainers.meta_trainer | Ep [009/500] T-Acc:  88.9%  V-Acc:  40.0%  V-AUROC: 0.8333  LR: 1.00e-04
2026-06-29 16:21:21,582 | [META-RNW] | INFO | meta_classifier_renewed.model_trainers.meta_trainer | Ep [010/500] T-Acc:  77.8%  V-Acc:  40.0%  V-AUROC: 0.6667  LR: 1.00e-04
2026-06-29 16:21:21,812 | [META-RNW] | INFO | meta_classifier_renewed.model_trainers.meta_trainer | Ep [011/500] T-Acc:  88.9%  V-Acc:  40.0%  V-AUROC: 0.6667  LR: 1.00e-04
2026-06-29 16:21:22,028 | [META-RNW] | INFO | meta_classifier_renewed.model_trainers.meta_trainer | Ep [012/500] T-Acc:  66.7%  V-Acc:  40.0%  V-AUROC: 0.6667  LR: 1.00e-04
2026-06-29 16:21:22,284 | [META-RNW] | INFO | meta_classifier_renewed.model_trainers.meta_trainer | Ep [013/500] T-Acc:  88.9%  V-Acc:  40.0%  V-AUROC: 0.6667  LR: 1.00e-04
2026-06-29 16:21:22,538 | [META-RNW] | INFO | meta_classifier_renewed.model_trainers.meta_trainer | Ep [014/500] T-Acc:  77.8%  V-Acc:  40.0%  V-AUROC: 0.5000  LR: 1.00e-04
2026-06-29 16:21:22,809 | [META-RNW] | INFO | meta_classifier_renewed.model_trainers.meta_trainer | Ep [015/500] T-Acc:  88.9%  V-Acc:  40.0%  V-AUROC: 0.6667  LR: 1.00e-04
2026-06-29 16:21:23,054 | [META-RNW] | INFO | meta_classifier_renewed.model_trainers.meta_trainer | Ep [016/500] T-Acc:  88.9%  V-Acc:  40.0%  V-AUROC: 0.6667  LR: 1.00e-04
2026-06-29 16:21:23,278 | [META-RNW] | INFO | meta_classifier_renewed.model_trainers.meta_trainer | Ep [017/500] T-Acc: 100.0%  V-Acc:  60.0%  V-AUROC: 0.8333  LR: 1.00e-04
2026-06-29 16:21:23,513 | [META-RNW] | INFO | meta_classifier_renewed.model_trainers.meta_trainer | Ep [018/500] T-Acc: 100.0%  V-Acc:  60.0%  V-AUROC: 0.8333  LR: 2.00e-05
2026-06-29 16:21:23,766 | [META-RNW] | INFO | meta_classifier_renewed.model_trainers.meta_trainer | Ep [019/500] T-Acc: 100.0%  V-Acc:  60.0%  V-AUROC: 0.8333  LR: 2.00e-05
2026-06-29 16:21:24,027 | [META-RNW] | INFO | meta_classifier_renewed.model_trainers.meta_trainer | Ep [020/500] T-Acc: 100.0%  V-Acc:  60.0%  V-AUROC: 0.6667  LR: 2.00e-05
2026-06-29 16:21:24,294 | [META-RNW] | INFO | meta_classifier_renewed.model_trainers.meta_trainer | Ep [021/500] T-Acc:  88.9%  V-Acc:  60.0%  V-AUROC: 0.8333  LR: 2.00e-05
2026-06-29 16:21:24,548 | [META-RNW] | INFO | meta_classifier_renewed.model_trainers.meta_trainer | Ep [022/500] T-Acc: 100.0%  V-Acc:  60.0%  V-AUROC: 0.6667  LR: 2.00e-05
2026-06-29 16:21:24,779 | [META-RNW] | INFO | meta_classifier_renewed.model_trainers.meta_trainer | Ep [023/500] T-Acc: 100.0%  V-Acc:  60.0%  V-AUROC: 0.6667  LR: 2.00e-05
2026-06-29 16:21:25,009 | [META-RNW] | INFO | meta_classifier_renewed.model_trainers.meta_trainer | Ep [024/500] T-Acc: 100.0%  V-Acc:  60.0%  V-AUROC: 0.6667  LR: 2.00e-05
2026-06-29 16:21:25,246 | [META-RNW] | INFO | meta_classifier_renewed.model_trainers.meta_trainer | Ep [025/500] T-Acc: 100.0%  V-Acc:  60.0%  V-AUROC: 0.6667  LR: 2.00e-05
2026-06-29 16:21:25,486 | [META-RNW] | INFO | meta_classifier_renewed.model_trainers.meta_trainer | Ep [026/500] T-Acc: 100.0%  V-Acc:  60.0%  V-AUROC: 0.6667  LR: 2.00e-05
2026-06-29 16:21:25,733 | [META-RNW] | INFO | meta_classifier_renewed.model_trainers.meta_trainer | Ep [027/500] T-Acc: 100.0%  V-Acc:  60.0%  V-AUROC: 0.8333  LR: 2.00e-05
2026-06-29 16:21:25,987 | [META-RNW] | INFO | meta_classifier_renewed.model_trainers.meta_trainer | Ep [028/500] T-Acc: 100.0%  V-Acc:  60.0%  V-AUROC: 0.6667  LR: 2.00e-05
2026-06-29 16:21:26,227 | [META-RNW] | INFO | meta_classifier_renewed.model_trainers.meta_trainer | Ep [029/500] T-Acc:  88.9%  V-Acc:  60.0%  V-AUROC: 0.6667  LR: 4.00e-06
2026-06-29 16:21:26,463 | [META-RNW] | INFO | meta_classifier_renewed.model_trainers.meta_trainer | Ep [030/500] T-Acc: 100.0%  V-Acc:  60.0%  V-AUROC: 0.6667  LR: 4.00e-06
2026-06-29 16:21:26,716 | [META-RNW] | INFO | meta_classifier_renewed.model_trainers.meta_trainer | Ep [031/500] T-Acc: 100.0%  V-Acc:  60.0%  V-AUROC: 0.6667  LR: 4.00e-06
2026-06-29 16:21:26,963 | [META-RNW] | INFO | meta_classifier_renewed.model_trainers.meta_trainer | Ep [032/500] T-Acc: 100.0%  V-Acc:  60.0%  V-AUROC: 0.8333  LR: 4.00e-06
2026-06-29 16:21:27,227 | [META-RNW] | INFO | meta_classifier_renewed.model_trainers.meta_trainer | Ep [033/500] T-Acc: 100.0%  V-Acc:  60.0%  V-AUROC: 0.6667  LR: 4.00e-06
2026-06-29 16:21:27,469 | [META-RNW] | INFO | meta_classifier_renewed.model_trainers.meta_trainer | Ep [034/500] T-Acc: 100.0%  V-Acc:  60.0%  V-AUROC: 0.6667  LR: 4.00e-06
2026-06-29 16:21:27,469 | [META-RNW] | INFO | meta_classifier_renewed.model_trainers.meta_trainer | Early stop — best AUROC 1.0000 at epoch 4 (no improvement for 30 epochs)
2026-06-29 16:21:27,469 | [META-RNW] | INFO | meta_classifier_renewed.model_trainers.meta_trainer | Done. Best AUROC: 1.0000 (epoch 4)
2026-06-29 16:21:27,628 | [META-RNW] | INFO | meta_classifier_renewed.model_trainers.meta_trainer | Restored best-AUROC checkpoint into model (epoch 4, AUROC 1.0000).
2026-06-29 16:21:27,677 | [META-RNW] | INFO | meta_classifier_renewed.evaluators.monte_carlo_evaluator | -> Fold 09 Result | Acc=0.800 Sens=1.000 Spec=0.667 AUROC=1.000 (Fixed Threshold: 0.5)
2026-06-29 16:21:27,686 | [META-RNW] | INFO | meta_classifier_renewed.evaluators.monte_carlo_evaluator | === Fold 10/30 | train: 9 subj | test: 5 subj ===
2026-06-29 16:21:27,700 | [META-RNW] | INFO | meta_classifier_renewed.model_trainers.meta_trainer | Device: cuda | max_epochs=500 | batch=8 | es_patience=30 | lr=1e-04 | wd=1e-02
2026-06-29 16:21:27,701 | [META-RNW] | INFO | meta_classifier_renewed.model_trainers.meta_trainer | CE weights — HC: 0.750  MCI: 1.500
2026-06-29 16:21:27,931 | [META-RNW] | INFO | meta_classifier_renewed.model_trainers.meta_trainer | Ep [001/500] T-Acc:  44.4%  V-Acc:  40.0%  V-AUROC: 0.5000  LR: 2.00e-05
2026-06-29 16:21:28,031 | [META-RNW] | INFO | meta_classifier_renewed.model_trainers.meta_trainer |   ↳ new best AUROC; saved checkpoint: /home/leggo/AIResearch/VOGBasedMCIDetectionSystemMobileViTSingleExperimentInference/outputs/checkpoints/run_20260629_161957_meta_renewed_t123567_mt02/fold_09_best.pth
2026-06-29 16:21:28,240 | [META-RNW] | INFO | meta_classifier_renewed.model_trainers.meta_trainer | Ep [002/500] T-Acc:  22.2%  V-Acc:  40.0%  V-AUROC: 0.5000  LR: 4.00e-05
2026-06-29 16:21:28,475 | [META-RNW] | INFO | meta_classifier_renewed.model_trainers.meta_trainer | Ep [003/500] T-Acc:  33.3%  V-Acc:  40.0%  V-AUROC: 0.5000  LR: 6.00e-05
2026-06-29 16:21:28,708 | [META-RNW] | INFO | meta_classifier_renewed.model_trainers.meta_trainer | Ep [004/500] T-Acc:  44.4%  V-Acc:  40.0%  V-AUROC: 0.5000  LR: 8.00e-05
2026-06-29 16:21:28,961 | [META-RNW] | INFO | meta_classifier_renewed.model_trainers.meta_trainer | Ep [005/500] T-Acc:  55.6%  V-Acc:  20.0%  V-AUROC: 0.0000  LR: 1.00e-04
2026-06-29 16:21:29,232 | [META-RNW] | INFO | meta_classifier_renewed.model_trainers.meta_trainer | Ep [006/500] T-Acc:  44.4%  V-Acc:  20.0%  V-AUROC: 0.0000  LR: 1.00e-04
2026-06-29 16:21:29,499 | [META-RNW] | INFO | meta_classifier_renewed.model_trainers.meta_trainer | Ep [007/500] T-Acc:  66.7%  V-Acc:  20.0%  V-AUROC: 0.0000  LR: 1.00e-04
2026-06-29 16:21:29,773 | [META-RNW] | INFO | meta_classifier_renewed.model_trainers.meta_trainer | Ep [008/500] T-Acc:  66.7%  V-Acc:  20.0%  V-AUROC: 0.0000  LR: 1.00e-04
2026-06-29 16:21:30,029 | [META-RNW] | INFO | meta_classifier_renewed.model_trainers.meta_trainer | Ep [009/500] T-Acc:  66.7%  V-Acc:  20.0%  V-AUROC: 0.0000  LR: 1.00e-04
2026-06-29 16:21:30,256 | [META-RNW] | INFO | meta_classifier_renewed.model_trainers.meta_trainer | Ep [010/500] T-Acc:  77.8%  V-Acc:  20.0%  V-AUROC: 0.0000  LR: 1.00e-04
2026-06-29 16:21:30,526 | [META-RNW] | INFO | meta_classifier_renewed.model_trainers.meta_trainer | Ep [011/500] T-Acc:  88.9%  V-Acc:   0.0%  V-AUROC: 0.0000  LR: 1.00e-04
2026-06-29 16:21:30,806 | [META-RNW] | INFO | meta_classifier_renewed.model_trainers.meta_trainer | Ep [012/500] T-Acc:  88.9%  V-Acc:   0.0%  V-AUROC: 0.0000  LR: 1.00e-04
2026-06-29 16:21:31,077 | [META-RNW] | INFO | meta_classifier_renewed.model_trainers.meta_trainer | Ep [013/500] T-Acc:  88.9%  V-Acc:   0.0%  V-AUROC: 0.0000  LR: 1.00e-04
2026-06-29 16:21:31,365 | [META-RNW] | INFO | meta_classifier_renewed.model_trainers.meta_trainer | Ep [014/500] T-Acc:  77.8%  V-Acc:   0.0%  V-AUROC: 0.0000  LR: 1.00e-04
2026-06-29 16:21:31,715 | [META-RNW] | INFO | meta_classifier_renewed.model_trainers.meta_trainer | Ep [015/500] T-Acc:  88.9%  V-Acc:   0.0%  V-AUROC: 0.0000  LR: 1.00e-04
2026-06-29 16:21:31,980 | [META-RNW] | INFO | meta_classifier_renewed.model_trainers.meta_trainer | Ep [016/500] T-Acc:  77.8%  V-Acc:   0.0%  V-AUROC: 0.0000  LR: 1.00e-04
2026-06-29 16:21:32,204 | [META-RNW] | INFO | meta_classifier_renewed.model_trainers.meta_trainer | Ep [017/500] T-Acc:  88.9%  V-Acc:   0.0%  V-AUROC: 0.0000  LR: 1.00e-04
2026-06-29 16:21:32,413 | [META-RNW] | INFO | meta_classifier_renewed.model_trainers.meta_trainer | Ep [018/500] T-Acc:  88.9%  V-Acc:   0.0%  V-AUROC: 0.0000  LR: 2.00e-05
2026-06-29 16:21:32,624 | [META-RNW] | INFO | meta_classifier_renewed.model_trainers.meta_trainer | Ep [019/500] T-Acc:  88.9%  V-Acc:   0.0%  V-AUROC: 0.0000  LR: 2.00e-05
2026-06-29 16:21:32,832 | [META-RNW] | INFO | meta_classifier_renewed.model_trainers.meta_trainer | Ep [020/500] T-Acc: 100.0%  V-Acc:   0.0%  V-AUROC: 0.0000  LR: 2.00e-05
2026-06-29 16:21:33,047 | [META-RNW] | INFO | meta_classifier_renewed.model_trainers.meta_trainer | Ep [021/500] T-Acc: 100.0%  V-Acc:   0.0%  V-AUROC: 0.0000  LR: 2.00e-05
2026-06-29 16:21:33,255 | [META-RNW] | INFO | meta_classifier_renewed.model_trainers.meta_trainer | Ep [022/500] T-Acc:  88.9%  V-Acc:   0.0%  V-AUROC: 0.0000  LR: 2.00e-05
2026-06-29 16:21:33,464 | [META-RNW] | INFO | meta_classifier_renewed.model_trainers.meta_trainer | Ep [023/500] T-Acc:  88.9%  V-Acc:   0.0%  V-AUROC: 0.0000  LR: 2.00e-05
2026-06-29 16:21:33,678 | [META-RNW] | INFO | meta_classifier_renewed.model_trainers.meta_trainer | Ep [024/500] T-Acc: 100.0%  V-Acc:   0.0%  V-AUROC: 0.0000  LR: 2.00e-05
2026-06-29 16:21:33,911 | [META-RNW] | INFO | meta_classifier_renewed.model_trainers.meta_trainer | Ep [025/500] T-Acc: 100.0%  V-Acc:   0.0%  V-AUROC: 0.0000  LR: 2.00e-05
2026-06-29 16:21:34,139 | [META-RNW] | INFO | meta_classifier_renewed.model_trainers.meta_trainer | Ep [026/500] T-Acc: 100.0%  V-Acc:   0.0%  V-AUROC: 0.0000  LR: 2.00e-05
2026-06-29 16:21:34,365 | [META-RNW] | INFO | meta_classifier_renewed.model_trainers.meta_trainer | Ep [027/500] T-Acc:  88.9%  V-Acc:   0.0%  V-AUROC: 0.0000  LR: 2.00e-05
2026-06-29 16:21:34,611 | [META-RNW] | INFO | meta_classifier_renewed.model_trainers.meta_trainer | Ep [028/500] T-Acc:  88.9%  V-Acc:   0.0%  V-AUROC: 0.0000  LR: 2.00e-05
2026-06-29 16:21:34,862 | [META-RNW] | INFO | meta_classifier_renewed.model_trainers.meta_trainer | Ep [029/500] T-Acc: 100.0%  V-Acc:   0.0%  V-AUROC: 0.0000  LR: 4.00e-06
2026-06-29 16:21:35,132 | [META-RNW] | INFO | meta_classifier_renewed.model_trainers.meta_trainer | Ep [030/500] T-Acc: 100.0%  V-Acc:   0.0%  V-AUROC: 0.0000  LR: 4.00e-06
2026-06-29 16:21:35,410 | [META-RNW] | INFO | meta_classifier_renewed.model_trainers.meta_trainer | Ep [031/500] T-Acc: 100.0%  V-Acc:   0.0%  V-AUROC: 0.0000  LR: 4.00e-06
2026-06-29 16:21:35,410 | [META-RNW] | INFO | meta_classifier_renewed.model_trainers.meta_trainer | Early stop — best AUROC 0.5000 at epoch 1 (no improvement for 30 epochs)
2026-06-29 16:21:35,410 | [META-RNW] | INFO | meta_classifier_renewed.model_trainers.meta_trainer | Done. Best AUROC: 0.5000 (epoch 1)
2026-06-29 16:21:35,584 | [META-RNW] | INFO | meta_classifier_renewed.model_trainers.meta_trainer | Restored best-AUROC checkpoint into model (epoch 1, AUROC 0.5000).
2026-06-29 16:21:35,636 | [META-RNW] | INFO | meta_classifier_renewed.evaluators.monte_carlo_evaluator | -> Fold 10 Result | Acc=0.400 Sens=0.500 Spec=0.000 AUROC=0.500 (Fixed Threshold: 0.5)
2026-06-29 16:21:35,644 | [META-RNW] | INFO | meta_classifier_renewed.evaluators.monte_carlo_evaluator | === Fold 11/30 | train: 9 subj | test: 5 subj ===
2026-06-29 16:21:35,658 | [META-RNW] | INFO | meta_classifier_renewed.model_trainers.meta_trainer | Device: cuda | max_epochs=500 | batch=8 | es_patience=30 | lr=1e-04 | wd=1e-02
2026-06-29 16:21:35,659 | [META-RNW] | INFO | meta_classifier_renewed.model_trainers.meta_trainer | CE weights — HC: 0.900  MCI: 1.125
2026-06-29 16:21:35,910 | [META-RNW] | INFO | meta_classifier_renewed.model_trainers.meta_trainer | Ep [001/500] T-Acc:  66.7%  V-Acc:  40.0%  V-AUROC: 1.0000  LR: 2.00e-05
2026-06-29 16:21:36,026 | [META-RNW] | INFO | meta_classifier_renewed.model_trainers.meta_trainer |   ↳ new best AUROC; saved checkpoint: /home/leggo/AIResearch/VOGBasedMCIDetectionSystemMobileViTSingleExperimentInference/outputs/checkpoints/run_20260629_161957_meta_renewed_t123567_mt02/fold_10_best.pth
2026-06-29 16:21:36,242 | [META-RNW] | INFO | meta_classifier_renewed.model_trainers.meta_trainer | Ep [002/500] T-Acc:  55.6%  V-Acc:  40.0%  V-AUROC: 1.0000  LR: 4.00e-05
2026-06-29 16:21:36,474 | [META-RNW] | INFO | meta_classifier_renewed.model_trainers.meta_trainer | Ep [003/500] T-Acc:  55.6%  V-Acc:  40.0%  V-AUROC: 1.0000  LR: 6.00e-05
2026-06-29 16:21:36,739 | [META-RNW] | INFO | meta_classifier_renewed.model_trainers.meta_trainer | Ep [004/500] T-Acc:  55.6%  V-Acc:  80.0%  V-AUROC: 1.0000  LR: 8.00e-05
2026-06-29 16:21:36,997 | [META-RNW] | INFO | meta_classifier_renewed.model_trainers.meta_trainer | Ep [005/500] T-Acc:  66.7%  V-Acc:  60.0%  V-AUROC: 1.0000  LR: 1.00e-04
2026-06-29 16:21:37,269 | [META-RNW] | INFO | meta_classifier_renewed.model_trainers.meta_trainer | Ep [006/500] T-Acc:  44.4%  V-Acc:  60.0%  V-AUROC: 1.0000  LR: 1.00e-04
2026-06-29 16:21:37,523 | [META-RNW] | INFO | meta_classifier_renewed.model_trainers.meta_trainer | Ep [007/500] T-Acc:  55.6%  V-Acc:  60.0%  V-AUROC: 1.0000  LR: 1.00e-04
2026-06-29 16:21:37,782 | [META-RNW] | INFO | meta_classifier_renewed.model_trainers.meta_trainer | Ep [008/500] T-Acc:  44.4%  V-Acc:  80.0%  V-AUROC: 1.0000  LR: 1.00e-04
2026-06-29 16:21:38,059 | [META-RNW] | INFO | meta_classifier_renewed.model_trainers.meta_trainer | Ep [009/500] T-Acc:  44.4%  V-Acc:  80.0%  V-AUROC: 1.0000  LR: 1.00e-04
2026-06-29 16:21:38,324 | [META-RNW] | INFO | meta_classifier_renewed.model_trainers.meta_trainer | Ep [010/500] T-Acc:  55.6%  V-Acc:  60.0%  V-AUROC: 0.8333  LR: 1.00e-04
2026-06-29 16:21:38,601 | [META-RNW] | INFO | meta_classifier_renewed.model_trainers.meta_trainer | Ep [011/500] T-Acc:  66.7%  V-Acc:  60.0%  V-AUROC: 0.8333  LR: 1.00e-04
2026-06-29 16:21:38,884 | [META-RNW] | INFO | meta_classifier_renewed.model_trainers.meta_trainer | Ep [012/500] T-Acc:  77.8%  V-Acc:  60.0%  V-AUROC: 0.8333  LR: 1.00e-04
2026-06-29 16:21:39,120 | [META-RNW] | INFO | meta_classifier_renewed.model_trainers.meta_trainer | Ep [013/500] T-Acc:  88.9%  V-Acc:  80.0%  V-AUROC: 0.8333  LR: 1.00e-04
2026-06-29 16:21:39,354 | [META-RNW] | INFO | meta_classifier_renewed.model_trainers.meta_trainer | Ep [014/500] T-Acc:  77.8%  V-Acc:  80.0%  V-AUROC: 1.0000  LR: 1.00e-04
2026-06-29 16:21:39,579 | [META-RNW] | INFO | meta_classifier_renewed.model_trainers.meta_trainer | Ep [015/500] T-Acc:  66.7%  V-Acc:  80.0%  V-AUROC: 0.6667  LR: 1.00e-04
2026-06-29 16:21:39,836 | [META-RNW] | INFO | meta_classifier_renewed.model_trainers.meta_trainer | Ep [016/500] T-Acc:  77.8%  V-Acc:  80.0%  V-AUROC: 0.6667  LR: 1.00e-04
2026-06-29 16:21:40,095 | [META-RNW] | INFO | meta_classifier_renewed.model_trainers.meta_trainer | Ep [017/500] T-Acc:  88.9%  V-Acc:  80.0%  V-AUROC: 0.6667  LR: 1.00e-04
2026-06-29 16:21:40,363 | [META-RNW] | INFO | meta_classifier_renewed.model_trainers.meta_trainer | Ep [018/500] T-Acc: 100.0%  V-Acc:  80.0%  V-AUROC: 0.6667  LR: 2.00e-05
2026-06-29 16:21:40,582 | [META-RNW] | INFO | meta_classifier_renewed.model_trainers.meta_trainer | Ep [019/500] T-Acc:  88.9%  V-Acc:  80.0%  V-AUROC: 0.6667  LR: 2.00e-05
2026-06-29 16:21:40,822 | [META-RNW] | INFO | meta_classifier_renewed.model_trainers.meta_trainer | Ep [020/500] T-Acc:  88.9%  V-Acc:  80.0%  V-AUROC: 0.6667  LR: 2.00e-05
2026-06-29 16:21:41,074 | [META-RNW] | INFO | meta_classifier_renewed.model_trainers.meta_trainer | Ep [021/500] T-Acc:  88.9%  V-Acc:  80.0%  V-AUROC: 0.6667  LR: 2.00e-05
2026-06-29 16:21:41,313 | [META-RNW] | INFO | meta_classifier_renewed.model_trainers.meta_trainer | Ep [022/500] T-Acc: 100.0%  V-Acc:  80.0%  V-AUROC: 0.6667  LR: 2.00e-05
2026-06-29 16:21:41,548 | [META-RNW] | INFO | meta_classifier_renewed.model_trainers.meta_trainer | Ep [023/500] T-Acc:  77.8%  V-Acc:  80.0%  V-AUROC: 0.6667  LR: 2.00e-05
2026-06-29 16:21:41,763 | [META-RNW] | INFO | meta_classifier_renewed.model_trainers.meta_trainer | Ep [024/500] T-Acc:  88.9%  V-Acc:  80.0%  V-AUROC: 0.6667  LR: 2.00e-05
2026-06-29 16:21:41,987 | [META-RNW] | INFO | meta_classifier_renewed.model_trainers.meta_trainer | Ep [025/500] T-Acc:  77.8%  V-Acc:  80.0%  V-AUROC: 0.6667  LR: 2.00e-05
2026-06-29 16:21:42,235 | [META-RNW] | INFO | meta_classifier_renewed.model_trainers.meta_trainer | Ep [026/500] T-Acc:  77.8%  V-Acc:  80.0%  V-AUROC: 0.6667  LR: 2.00e-05
2026-06-29 16:21:42,488 | [META-RNW] | INFO | meta_classifier_renewed.model_trainers.meta_trainer | Ep [027/500] T-Acc: 100.0%  V-Acc:  80.0%  V-AUROC: 0.6667  LR: 2.00e-05
2026-06-29 16:21:42,755 | [META-RNW] | INFO | meta_classifier_renewed.model_trainers.meta_trainer | Ep [028/500] T-Acc:  88.9%  V-Acc:  80.0%  V-AUROC: 0.6667  LR: 2.00e-05
2026-06-29 16:21:43,009 | [META-RNW] | INFO | meta_classifier_renewed.model_trainers.meta_trainer | Ep [029/500] T-Acc:  66.7%  V-Acc:  80.0%  V-AUROC: 0.6667  LR: 4.00e-06
2026-06-29 16:21:43,262 | [META-RNW] | INFO | meta_classifier_renewed.model_trainers.meta_trainer | Ep [030/500] T-Acc:  77.8%  V-Acc:  80.0%  V-AUROC: 0.6667  LR: 4.00e-06
2026-06-29 16:21:43,520 | [META-RNW] | INFO | meta_classifier_renewed.model_trainers.meta_trainer | Ep [031/500] T-Acc: 100.0%  V-Acc:  80.0%  V-AUROC: 0.6667  LR: 4.00e-06
2026-06-29 16:21:43,520 | [META-RNW] | INFO | meta_classifier_renewed.model_trainers.meta_trainer | Early stop — best AUROC 1.0000 at epoch 1 (no improvement for 30 epochs)
2026-06-29 16:21:43,521 | [META-RNW] | INFO | meta_classifier_renewed.model_trainers.meta_trainer | Done. Best AUROC: 1.0000 (epoch 1)
2026-06-29 16:21:43,686 | [META-RNW] | INFO | meta_classifier_renewed.model_trainers.meta_trainer | Restored best-AUROC checkpoint into model (epoch 1, AUROC 1.0000).
2026-06-29 16:21:43,737 | [META-RNW] | INFO | meta_classifier_renewed.evaluators.monte_carlo_evaluator | -> Fold 11 Result | Acc=0.400 Sens=0.000 Spec=1.000 AUROC=1.000 (Fixed Threshold: 0.5)
2026-06-29 16:21:43,745 | [META-RNW] | INFO | meta_classifier_renewed.evaluators.monte_carlo_evaluator | === Fold 12/30 | train: 9 subj | test: 5 subj ===
2026-06-29 16:21:43,759 | [META-RNW] | INFO | meta_classifier_renewed.model_trainers.meta_trainer | Device: cuda | max_epochs=500 | batch=8 | es_patience=30 | lr=1e-04 | wd=1e-02
2026-06-29 16:21:43,760 | [META-RNW] | INFO | meta_classifier_renewed.model_trainers.meta_trainer | CE weights — HC: 0.900  MCI: 1.125
2026-06-29 16:21:43,983 | [META-RNW] | INFO | meta_classifier_renewed.model_trainers.meta_trainer | Ep [001/500] T-Acc:  44.4%  V-Acc:  60.0%  V-AUROC: 0.0000  LR: 2.00e-05
2026-06-29 16:21:44,084 | [META-RNW] | INFO | meta_classifier_renewed.model_trainers.meta_trainer |   ↳ new best AUROC; saved checkpoint: /home/leggo/AIResearch/VOGBasedMCIDetectionSystemMobileViTSingleExperimentInference/outputs/checkpoints/run_20260629_161957_meta_renewed_t123567_mt02/fold_11_best.pth
2026-06-29 16:21:44,302 | [META-RNW] | INFO | meta_classifier_renewed.model_trainers.meta_trainer | Ep [002/500] T-Acc:  55.6%  V-Acc:  60.0%  V-AUROC: 0.0000  LR: 4.00e-05
2026-06-29 16:21:44,529 | [META-RNW] | INFO | meta_classifier_renewed.model_trainers.meta_trainer | Ep [003/500] T-Acc:  44.4%  V-Acc:  60.0%  V-AUROC: 0.0000  LR: 6.00e-05
2026-06-29 16:21:44,758 | [META-RNW] | INFO | meta_classifier_renewed.model_trainers.meta_trainer | Ep [004/500] T-Acc:  44.4%  V-Acc:  60.0%  V-AUROC: 0.0000  LR: 8.00e-05
2026-06-29 16:21:44,986 | [META-RNW] | INFO | meta_classifier_renewed.model_trainers.meta_trainer | Ep [005/500] T-Acc:  44.4%  V-Acc:  60.0%  V-AUROC: 0.0000  LR: 1.00e-04
2026-06-29 16:21:45,197 | [META-RNW] | INFO | meta_classifier_renewed.model_trainers.meta_trainer | Ep [006/500] T-Acc:  33.3%  V-Acc:  60.0%  V-AUROC: 0.0000  LR: 1.00e-04
2026-06-29 16:21:45,425 | [META-RNW] | INFO | meta_classifier_renewed.model_trainers.meta_trainer | Ep [007/500] T-Acc:  55.6%  V-Acc:  60.0%  V-AUROC: 0.1667  LR: 1.00e-04
2026-06-29 16:21:45,538 | [META-RNW] | INFO | meta_classifier_renewed.model_trainers.meta_trainer |   ↳ new best AUROC; saved checkpoint: /home/leggo/AIResearch/VOGBasedMCIDetectionSystemMobileViTSingleExperimentInference/outputs/checkpoints/run_20260629_161957_meta_renewed_t123567_mt02/fold_11_best.pth
2026-06-29 16:21:45,754 | [META-RNW] | INFO | meta_classifier_renewed.model_trainers.meta_trainer | Ep [008/500] T-Acc:  66.7%  V-Acc:  60.0%  V-AUROC: 0.3333  LR: 1.00e-04
2026-06-29 16:21:45,867 | [META-RNW] | INFO | meta_classifier_renewed.model_trainers.meta_trainer |   ↳ new best AUROC; saved checkpoint: /home/leggo/AIResearch/VOGBasedMCIDetectionSystemMobileViTSingleExperimentInference/outputs/checkpoints/run_20260629_161957_meta_renewed_t123567_mt02/fold_11_best.pth
2026-06-29 16:21:46,094 | [META-RNW] | INFO | meta_classifier_renewed.model_trainers.meta_trainer | Ep [009/500] T-Acc:  77.8%  V-Acc:  60.0%  V-AUROC: 0.3333  LR: 1.00e-04
2026-06-29 16:21:46,334 | [META-RNW] | INFO | meta_classifier_renewed.model_trainers.meta_trainer | Ep [010/500] T-Acc:  77.8%  V-Acc:  60.0%  V-AUROC: 0.3333  LR: 1.00e-04
2026-06-29 16:21:46,576 | [META-RNW] | INFO | meta_classifier_renewed.model_trainers.meta_trainer | Ep [011/500] T-Acc:  77.8%  V-Acc:  60.0%  V-AUROC: 0.5000  LR: 1.00e-04
2026-06-29 16:21:46,698 | [META-RNW] | INFO | meta_classifier_renewed.model_trainers.meta_trainer |   ↳ new best AUROC; saved checkpoint: /home/leggo/AIResearch/VOGBasedMCIDetectionSystemMobileViTSingleExperimentInference/outputs/checkpoints/run_20260629_161957_meta_renewed_t123567_mt02/fold_11_best.pth
2026-06-29 16:21:46,946 | [META-RNW] | INFO | meta_classifier_renewed.model_trainers.meta_trainer | Ep [012/500] T-Acc: 100.0%  V-Acc:  60.0%  V-AUROC: 0.3333  LR: 1.00e-04
2026-06-29 16:21:47,183 | [META-RNW] | INFO | meta_classifier_renewed.model_trainers.meta_trainer | Ep [013/500] T-Acc:  77.8%  V-Acc:  60.0%  V-AUROC: 0.3333  LR: 1.00e-04
2026-06-29 16:21:47,425 | [META-RNW] | INFO | meta_classifier_renewed.model_trainers.meta_trainer | Ep [014/500] T-Acc:  77.8%  V-Acc:  60.0%  V-AUROC: 0.3333  LR: 1.00e-04
2026-06-29 16:21:47,686 | [META-RNW] | INFO | meta_classifier_renewed.model_trainers.meta_trainer | Ep [015/500] T-Acc: 100.0%  V-Acc:  40.0%  V-AUROC: 0.3333  LR: 1.00e-04
2026-06-29 16:21:47,938 | [META-RNW] | INFO | meta_classifier_renewed.model_trainers.meta_trainer | Ep [016/500] T-Acc: 100.0%  V-Acc:  20.0%  V-AUROC: 0.3333  LR: 1.00e-04
2026-06-29 16:21:48,216 | [META-RNW] | INFO | meta_classifier_renewed.model_trainers.meta_trainer | Ep [017/500] T-Acc:  88.9%  V-Acc:  20.0%  V-AUROC: 0.3333  LR: 1.00e-04
2026-06-29 16:21:48,468 | [META-RNW] | INFO | meta_classifier_renewed.model_trainers.meta_trainer | Ep [018/500] T-Acc: 100.0%  V-Acc:  20.0%  V-AUROC: 0.1667  LR: 1.00e-04
2026-06-29 16:21:48,735 | [META-RNW] | INFO | meta_classifier_renewed.model_trainers.meta_trainer | Ep [019/500] T-Acc: 100.0%  V-Acc:  40.0%  V-AUROC: 0.1667  LR: 1.00e-04
2026-06-29 16:21:48,966 | [META-RNW] | INFO | meta_classifier_renewed.model_trainers.meta_trainer | Ep [020/500] T-Acc:  88.9%  V-Acc:  20.0%  V-AUROC: 0.0000  LR: 1.00e-04
2026-06-29 16:21:49,217 | [META-RNW] | INFO | meta_classifier_renewed.model_trainers.meta_trainer | Ep [021/500] T-Acc:  88.9%  V-Acc:  20.0%  V-AUROC: 0.0000  LR: 1.00e-04
2026-06-29 16:21:49,469 | [META-RNW] | INFO | meta_classifier_renewed.model_trainers.meta_trainer | Ep [022/500] T-Acc:  88.9%  V-Acc:  20.0%  V-AUROC: 0.0000  LR: 1.00e-04
2026-06-29 16:21:49,713 | [META-RNW] | INFO | meta_classifier_renewed.model_trainers.meta_trainer | Ep [023/500] T-Acc: 100.0%  V-Acc:  20.0%  V-AUROC: 0.0000  LR: 2.00e-05
2026-06-29 16:21:49,967 | [META-RNW] | INFO | meta_classifier_renewed.model_trainers.meta_trainer | Ep [024/500] T-Acc: 100.0%  V-Acc:  20.0%  V-AUROC: 0.0000  LR: 2.00e-05
2026-06-29 16:21:50,225 | [META-RNW] | INFO | meta_classifier_renewed.model_trainers.meta_trainer | Ep [025/500] T-Acc: 100.0%  V-Acc:  20.0%  V-AUROC: 0.0000  LR: 2.00e-05
2026-06-29 16:21:50,476 | [META-RNW] | INFO | meta_classifier_renewed.model_trainers.meta_trainer | Ep [026/500] T-Acc: 100.0%  V-Acc:  20.0%  V-AUROC: 0.0000  LR: 2.00e-05
2026-06-29 16:21:50,739 | [META-RNW] | INFO | meta_classifier_renewed.model_trainers.meta_trainer | Ep [027/500] T-Acc: 100.0%  V-Acc:   0.0%  V-AUROC: 0.0000  LR: 2.00e-05
2026-06-29 16:21:51,027 | [META-RNW] | INFO | meta_classifier_renewed.model_trainers.meta_trainer | Ep [028/500] T-Acc: 100.0%  V-Acc:   0.0%  V-AUROC: 0.0000  LR: 2.00e-05
2026-06-29 16:21:51,330 | [META-RNW] | INFO | meta_classifier_renewed.model_trainers.meta_trainer | Ep [029/500] T-Acc: 100.0%  V-Acc:  20.0%  V-AUROC: 0.0000  LR: 2.00e-05
2026-06-29 16:21:51,559 | [META-RNW] | INFO | meta_classifier_renewed.model_trainers.meta_trainer | Ep [030/500] T-Acc: 100.0%  V-Acc:  20.0%  V-AUROC: 0.0000  LR: 2.00e-05
2026-06-29 16:21:51,783 | [META-RNW] | INFO | meta_classifier_renewed.model_trainers.meta_trainer | Ep [031/500] T-Acc: 100.0%  V-Acc:  20.0%  V-AUROC: 0.0000  LR: 2.00e-05
2026-06-29 16:21:52,052 | [META-RNW] | INFO | meta_classifier_renewed.model_trainers.meta_trainer | Ep [032/500] T-Acc: 100.0%  V-Acc:  20.0%  V-AUROC: 0.0000  LR: 2.00e-05
2026-06-29 16:21:52,297 | [META-RNW] | INFO | meta_classifier_renewed.model_trainers.meta_trainer | Ep [033/500] T-Acc: 100.0%  V-Acc:  20.0%  V-AUROC: 0.0000  LR: 2.00e-05
2026-06-29 16:21:52,534 | [META-RNW] | INFO | meta_classifier_renewed.model_trainers.meta_trainer | Ep [034/500] T-Acc: 100.0%  V-Acc:  20.0%  V-AUROC: 0.0000  LR: 4.00e-06
2026-06-29 16:21:52,779 | [META-RNW] | INFO | meta_classifier_renewed.model_trainers.meta_trainer | Ep [035/500] T-Acc: 100.0%  V-Acc:  20.0%  V-AUROC: 0.0000  LR: 4.00e-06
2026-06-29 16:21:53,014 | [META-RNW] | INFO | meta_classifier_renewed.model_trainers.meta_trainer | Ep [036/500] T-Acc: 100.0%  V-Acc:  20.0%  V-AUROC: 0.0000  LR: 4.00e-06
2026-06-29 16:21:53,256 | [META-RNW] | INFO | meta_classifier_renewed.model_trainers.meta_trainer | Ep [037/500] T-Acc: 100.0%  V-Acc:  20.0%  V-AUROC: 0.0000  LR: 4.00e-06
2026-06-29 16:21:53,486 | [META-RNW] | INFO | meta_classifier_renewed.model_trainers.meta_trainer | Ep [038/500] T-Acc: 100.0%  V-Acc:  20.0%  V-AUROC: 0.0000  LR: 4.00e-06
2026-06-29 16:21:53,733 | [META-RNW] | INFO | meta_classifier_renewed.model_trainers.meta_trainer | Ep [039/500] T-Acc: 100.0%  V-Acc:  20.0%  V-AUROC: 0.0000  LR: 4.00e-06
2026-06-29 16:21:53,999 | [META-RNW] | INFO | meta_classifier_renewed.model_trainers.meta_trainer | Ep [040/500] T-Acc: 100.0%  V-Acc:  20.0%  V-AUROC: 0.0000  LR: 4.00e-06
2026-06-29 16:21:54,279 | [META-RNW] | INFO | meta_classifier_renewed.model_trainers.meta_trainer | Ep [041/500] T-Acc: 100.0%  V-Acc:  20.0%  V-AUROC: 0.0000  LR: 4.00e-06
2026-06-29 16:21:54,280 | [META-RNW] | INFO | meta_classifier_renewed.model_trainers.meta_trainer | Early stop — best AUROC 0.5000 at epoch 11 (no improvement for 30 epochs)
2026-06-29 16:21:54,280 | [META-RNW] | INFO | meta_classifier_renewed.model_trainers.meta_trainer | Done. Best AUROC: 0.5000 (epoch 11)
2026-06-29 16:21:54,448 | [META-RNW] | INFO | meta_classifier_renewed.model_trainers.meta_trainer | Restored best-AUROC checkpoint into model (epoch 11, AUROC 0.5000).
2026-06-29 16:21:54,499 | [META-RNW] | INFO | meta_classifier_renewed.evaluators.monte_carlo_evaluator | -> Fold 12 Result | Acc=0.600 Sens=0.667 Spec=0.500 AUROC=0.500 (Fixed Threshold: 0.5)
2026-06-29 16:21:54,506 | [META-RNW] | INFO | meta_classifier_renewed.evaluators.monte_carlo_evaluator | === Fold 13/30 | train: 9 subj | test: 5 subj ===
2026-06-29 16:21:54,521 | [META-RNW] | INFO | meta_classifier_renewed.model_trainers.meta_trainer | Device: cuda | max_epochs=500 | batch=8 | es_patience=30 | lr=1e-04 | wd=1e-02
2026-06-29 16:21:54,522 | [META-RNW] | INFO | meta_classifier_renewed.model_trainers.meta_trainer | CE weights — HC: 0.900  MCI: 1.125
2026-06-29 16:21:54,751 | [META-RNW] | INFO | meta_classifier_renewed.model_trainers.meta_trainer | Ep [001/500] T-Acc:  44.4%  V-Acc:  60.0%  V-AUROC: 0.5000  LR: 2.00e-05
2026-06-29 16:21:54,854 | [META-RNW] | INFO | meta_classifier_renewed.model_trainers.meta_trainer |   ↳ new best AUROC; saved checkpoint: /home/leggo/AIResearch/VOGBasedMCIDetectionSystemMobileViTSingleExperimentInference/outputs/checkpoints/run_20260629_161957_meta_renewed_t123567_mt02/fold_12_best.pth
2026-06-29 16:21:55,081 | [META-RNW] | INFO | meta_classifier_renewed.model_trainers.meta_trainer | Ep [002/500] T-Acc:  44.4%  V-Acc:  60.0%  V-AUROC: 0.5000  LR: 4.00e-05
2026-06-29 16:21:55,312 | [META-RNW] | INFO | meta_classifier_renewed.model_trainers.meta_trainer | Ep [003/500] T-Acc:  44.4%  V-Acc:  60.0%  V-AUROC: 0.5000  LR: 6.00e-05
2026-06-29 16:21:55,573 | [META-RNW] | INFO | meta_classifier_renewed.model_trainers.meta_trainer | Ep [004/500] T-Acc:  55.6%  V-Acc:  60.0%  V-AUROC: 0.5000  LR: 8.00e-05
2026-06-29 16:21:55,816 | [META-RNW] | INFO | meta_classifier_renewed.model_trainers.meta_trainer | Ep [005/500] T-Acc:  44.4%  V-Acc:  60.0%  V-AUROC: 0.1667  LR: 1.00e-04
2026-06-29 16:21:56,080 | [META-RNW] | INFO | meta_classifier_renewed.model_trainers.meta_trainer | Ep [006/500] T-Acc:  66.7%  V-Acc:  40.0%  V-AUROC: 0.1667  LR: 1.00e-04
2026-06-29 16:21:56,328 | [META-RNW] | INFO | meta_classifier_renewed.model_trainers.meta_trainer | Ep [007/500] T-Acc:  66.7%  V-Acc:  40.0%  V-AUROC: 0.3333  LR: 1.00e-04
2026-06-29 16:21:56,556 | [META-RNW] | INFO | meta_classifier_renewed.model_trainers.meta_trainer | Ep [008/500] T-Acc:  66.7%  V-Acc:  40.0%  V-AUROC: 0.3333  LR: 1.00e-04
2026-06-29 16:21:56,786 | [META-RNW] | INFO | meta_classifier_renewed.model_trainers.meta_trainer | Ep [009/500] T-Acc:  66.7%  V-Acc:  40.0%  V-AUROC: 0.3333  LR: 1.00e-04
2026-06-29 16:21:57,032 | [META-RNW] | INFO | meta_classifier_renewed.model_trainers.meta_trainer | Ep [010/500] T-Acc:  44.4%  V-Acc:  40.0%  V-AUROC: 0.3333  LR: 1.00e-04
2026-06-29 16:21:57,276 | [META-RNW] | INFO | meta_classifier_renewed.model_trainers.meta_trainer | Ep [011/500] T-Acc:  66.7%  V-Acc:  40.0%  V-AUROC: 0.3333  LR: 1.00e-04
2026-06-29 16:21:57,492 | [META-RNW] | INFO | meta_classifier_renewed.model_trainers.meta_trainer | Ep [012/500] T-Acc:  66.7%  V-Acc:  40.0%  V-AUROC: 0.3333  LR: 1.00e-04
2026-06-29 16:21:57,731 | [META-RNW] | INFO | meta_classifier_renewed.model_trainers.meta_trainer | Ep [013/500] T-Acc:  77.8%  V-Acc:  40.0%  V-AUROC: 0.3333  LR: 1.00e-04
2026-06-29 16:21:57,970 | [META-RNW] | INFO | meta_classifier_renewed.model_trainers.meta_trainer | Ep [014/500] T-Acc:  88.9%  V-Acc:  60.0%  V-AUROC: 0.3333  LR: 1.00e-04
2026-06-29 16:21:58,205 | [META-RNW] | INFO | meta_classifier_renewed.model_trainers.meta_trainer | Ep [015/500] T-Acc:  77.8%  V-Acc:  20.0%  V-AUROC: 0.3333  LR: 1.00e-04
2026-06-29 16:21:58,432 | [META-RNW] | INFO | meta_classifier_renewed.model_trainers.meta_trainer | Ep [016/500] T-Acc:  88.9%  V-Acc:  20.0%  V-AUROC: 0.3333  LR: 1.00e-04
2026-06-29 16:21:58,682 | [META-RNW] | INFO | meta_classifier_renewed.model_trainers.meta_trainer | Ep [017/500] T-Acc: 100.0%  V-Acc:  20.0%  V-AUROC: 0.3333  LR: 1.00e-04
2026-06-29 16:21:58,942 | [META-RNW] | INFO | meta_classifier_renewed.model_trainers.meta_trainer | Ep [018/500] T-Acc:  66.7%  V-Acc:  20.0%  V-AUROC: 0.3333  LR: 1.00e-04
2026-06-29 16:21:59,192 | [META-RNW] | INFO | meta_classifier_renewed.model_trainers.meta_trainer | Ep [019/500] T-Acc:  88.9%  V-Acc:  20.0%  V-AUROC: 0.3333  LR: 2.00e-05
2026-06-29 16:21:59,430 | [META-RNW] | INFO | meta_classifier_renewed.model_trainers.meta_trainer | Ep [020/500] T-Acc:  88.9%  V-Acc:  40.0%  V-AUROC: 0.3333  LR: 2.00e-05
2026-06-29 16:21:59,685 | [META-RNW] | INFO | meta_classifier_renewed.model_trainers.meta_trainer | Ep [021/500] T-Acc:  77.8%  V-Acc:  60.0%  V-AUROC: 0.3333  LR: 2.00e-05
2026-06-29 16:21:59,945 | [META-RNW] | INFO | meta_classifier_renewed.model_trainers.meta_trainer | Ep [022/500] T-Acc: 100.0%  V-Acc:  60.0%  V-AUROC: 0.3333  LR: 2.00e-05
2026-06-29 16:22:00,193 | [META-RNW] | INFO | meta_classifier_renewed.model_trainers.meta_trainer | Ep [023/500] T-Acc:  77.8%  V-Acc:  60.0%  V-AUROC: 0.3333  LR: 2.00e-05
2026-06-29 16:22:00,431 | [META-RNW] | INFO | meta_classifier_renewed.model_trainers.meta_trainer | Ep [024/500] T-Acc: 100.0%  V-Acc:  60.0%  V-AUROC: 0.3333  LR: 2.00e-05
2026-06-29 16:22:00,686 | [META-RNW] | INFO | meta_classifier_renewed.model_trainers.meta_trainer | Ep [025/500] T-Acc:  88.9%  V-Acc:  60.0%  V-AUROC: 0.3333  LR: 2.00e-05
2026-06-29 16:22:00,920 | [META-RNW] | INFO | meta_classifier_renewed.model_trainers.meta_trainer | Ep [026/500] T-Acc: 100.0%  V-Acc:  60.0%  V-AUROC: 0.3333  LR: 2.00e-05
2026-06-29 16:22:01,155 | [META-RNW] | INFO | meta_classifier_renewed.model_trainers.meta_trainer | Ep [027/500] T-Acc:  77.8%  V-Acc:  60.0%  V-AUROC: 0.3333  LR: 2.00e-05
2026-06-29 16:22:01,392 | [META-RNW] | INFO | meta_classifier_renewed.model_trainers.meta_trainer | Ep [028/500] T-Acc: 100.0%  V-Acc:  60.0%  V-AUROC: 0.3333  LR: 2.00e-05
2026-06-29 16:22:01,619 | [META-RNW] | INFO | meta_classifier_renewed.model_trainers.meta_trainer | Ep [029/500] T-Acc: 100.0%  V-Acc:  60.0%  V-AUROC: 0.3333  LR: 2.00e-05
2026-06-29 16:22:01,880 | [META-RNW] | INFO | meta_classifier_renewed.model_trainers.meta_trainer | Ep [030/500] T-Acc: 100.0%  V-Acc:  60.0%  V-AUROC: 0.3333  LR: 4.00e-06
2026-06-29 16:22:02,149 | [META-RNW] | INFO | meta_classifier_renewed.model_trainers.meta_trainer | Ep [031/500] T-Acc:  77.8%  V-Acc:  60.0%  V-AUROC: 0.3333  LR: 4.00e-06
2026-06-29 16:22:02,150 | [META-RNW] | INFO | meta_classifier_renewed.model_trainers.meta_trainer | Early stop — best AUROC 0.5000 at epoch 1 (no improvement for 30 epochs)
2026-06-29 16:22:02,150 | [META-RNW] | INFO | meta_classifier_renewed.model_trainers.meta_trainer | Done. Best AUROC: 0.5000 (epoch 1)
2026-06-29 16:22:02,319 | [META-RNW] | INFO | meta_classifier_renewed.model_trainers.meta_trainer | Restored best-AUROC checkpoint into model (epoch 1, AUROC 0.5000).
2026-06-29 16:22:02,370 | [META-RNW] | INFO | meta_classifier_renewed.evaluators.monte_carlo_evaluator | -> Fold 13 Result | Acc=0.600 Sens=1.000 Spec=0.000 AUROC=0.500 (Fixed Threshold: 0.5)
2026-06-29 16:22:02,378 | [META-RNW] | INFO | meta_classifier_renewed.evaluators.monte_carlo_evaluator | === Fold 14/30 | train: 9 subj | test: 5 subj ===
2026-06-29 16:22:02,391 | [META-RNW] | INFO | meta_classifier_renewed.model_trainers.meta_trainer | Device: cuda | max_epochs=500 | batch=8 | es_patience=30 | lr=1e-04 | wd=1e-02
2026-06-29 16:22:02,392 | [META-RNW] | INFO | meta_classifier_renewed.model_trainers.meta_trainer | CE weights — HC: 1.125  MCI: 0.900
2026-06-29 16:22:02,652 | [META-RNW] | INFO | meta_classifier_renewed.model_trainers.meta_trainer | Ep [001/500] T-Acc:  44.4%  V-Acc:  60.0%  V-AUROC: 0.3333  LR: 2.00e-05
2026-06-29 16:22:02,760 | [META-RNW] | INFO | meta_classifier_renewed.model_trainers.meta_trainer |   ↳ new best AUROC; saved checkpoint: /home/leggo/AIResearch/VOGBasedMCIDetectionSystemMobileViTSingleExperimentInference/outputs/checkpoints/run_20260629_161957_meta_renewed_t123567_mt02/fold_13_best.pth
2026-06-29 16:22:02,987 | [META-RNW] | INFO | meta_classifier_renewed.model_trainers.meta_trainer | Ep [002/500] T-Acc:  33.3%  V-Acc:  60.0%  V-AUROC: 0.3333  LR: 4.00e-05
2026-06-29 16:22:03,246 | [META-RNW] | INFO | meta_classifier_renewed.model_trainers.meta_trainer | Ep [003/500] T-Acc:  22.2%  V-Acc:  60.0%  V-AUROC: 0.5000  LR: 6.00e-05
2026-06-29 16:22:03,361 | [META-RNW] | INFO | meta_classifier_renewed.model_trainers.meta_trainer |   ↳ new best AUROC; saved checkpoint: /home/leggo/AIResearch/VOGBasedMCIDetectionSystemMobileViTSingleExperimentInference/outputs/checkpoints/run_20260629_161957_meta_renewed_t123567_mt02/fold_13_best.pth
2026-06-29 16:22:03,595 | [META-RNW] | INFO | meta_classifier_renewed.model_trainers.meta_trainer | Ep [004/500] T-Acc:  55.6%  V-Acc:  40.0%  V-AUROC: 0.6667  LR: 8.00e-05
2026-06-29 16:22:03,743 | [META-RNW] | INFO | meta_classifier_renewed.model_trainers.meta_trainer |   ↳ new best AUROC; saved checkpoint: /home/leggo/AIResearch/VOGBasedMCIDetectionSystemMobileViTSingleExperimentInference/outputs/checkpoints/run_20260629_161957_meta_renewed_t123567_mt02/fold_13_best.pth
2026-06-29 16:22:04,009 | [META-RNW] | INFO | meta_classifier_renewed.model_trainers.meta_trainer | Ep [005/500] T-Acc:  55.6%  V-Acc:  60.0%  V-AUROC: 0.8333  LR: 1.00e-04
2026-06-29 16:22:04,124 | [META-RNW] | INFO | meta_classifier_renewed.model_trainers.meta_trainer |   ↳ new best AUROC; saved checkpoint: /home/leggo/AIResearch/VOGBasedMCIDetectionSystemMobileViTSingleExperimentInference/outputs/checkpoints/run_20260629_161957_meta_renewed_t123567_mt02/fold_13_best.pth
2026-06-29 16:22:04,363 | [META-RNW] | INFO | meta_classifier_renewed.model_trainers.meta_trainer | Ep [006/500] T-Acc:  33.3%  V-Acc:  60.0%  V-AUROC: 0.6667  LR: 1.00e-04
2026-06-29 16:22:04,593 | [META-RNW] | INFO | meta_classifier_renewed.model_trainers.meta_trainer | Ep [007/500] T-Acc:  66.7%  V-Acc:  60.0%  V-AUROC: 0.6667  LR: 1.00e-04
2026-06-29 16:22:04,824 | [META-RNW] | INFO | meta_classifier_renewed.model_trainers.meta_trainer | Ep [008/500] T-Acc:  44.4%  V-Acc:  60.0%  V-AUROC: 0.6667  LR: 1.00e-04
2026-06-29 16:22:05,074 | [META-RNW] | INFO | meta_classifier_renewed.model_trainers.meta_trainer | Ep [009/500] T-Acc:  77.8%  V-Acc:  80.0%  V-AUROC: 0.6667  LR: 1.00e-04
2026-06-29 16:22:05,336 | [META-RNW] | INFO | meta_classifier_renewed.model_trainers.meta_trainer | Ep [010/500] T-Acc:  66.7%  V-Acc:  80.0%  V-AUROC: 0.6667  LR: 1.00e-04
2026-06-29 16:22:05,610 | [META-RNW] | INFO | meta_classifier_renewed.model_trainers.meta_trainer | Ep [011/500] T-Acc:  88.9%  V-Acc:  80.0%  V-AUROC: 0.6667  LR: 1.00e-04
2026-06-29 16:22:05,884 | [META-RNW] | INFO | meta_classifier_renewed.model_trainers.meta_trainer | Ep [012/500] T-Acc: 100.0%  V-Acc:  80.0%  V-AUROC: 0.6667  LR: 1.00e-04
2026-06-29 16:22:06,198 | [META-RNW] | INFO | meta_classifier_renewed.model_trainers.meta_trainer | Ep [013/500] T-Acc: 100.0%  V-Acc:  80.0%  V-AUROC: 0.6667  LR: 1.00e-04
2026-06-29 16:22:06,454 | [META-RNW] | INFO | meta_classifier_renewed.model_trainers.meta_trainer | Ep [014/500] T-Acc:  88.9%  V-Acc:  80.0%  V-AUROC: 0.6667  LR: 1.00e-04
2026-06-29 16:22:06,694 | [META-RNW] | INFO | meta_classifier_renewed.model_trainers.meta_trainer | Ep [015/500] T-Acc:  88.9%  V-Acc:  80.0%  V-AUROC: 0.6667  LR: 1.00e-04
2026-06-29 16:22:06,912 | [META-RNW] | INFO | meta_classifier_renewed.model_trainers.meta_trainer | Ep [016/500] T-Acc:  88.9%  V-Acc:  80.0%  V-AUROC: 0.6667  LR: 1.00e-04
2026-06-29 16:22:07,175 | [META-RNW] | INFO | meta_classifier_renewed.model_trainers.meta_trainer | Ep [017/500] T-Acc: 100.0%  V-Acc:  60.0%  V-AUROC: 0.6667  LR: 1.00e-04
2026-06-29 16:22:07,463 | [META-RNW] | INFO | meta_classifier_renewed.model_trainers.meta_trainer | Ep [018/500] T-Acc:  66.7%  V-Acc:  60.0%  V-AUROC: 0.6667  LR: 2.00e-05
2026-06-29 16:22:07,687 | [META-RNW] | INFO | meta_classifier_renewed.model_trainers.meta_trainer | Ep [019/500] T-Acc:  88.9%  V-Acc:  60.0%  V-AUROC: 0.6667  LR: 2.00e-05
2026-06-29 16:22:07,897 | [META-RNW] | INFO | meta_classifier_renewed.model_trainers.meta_trainer | Ep [020/500] T-Acc: 100.0%  V-Acc:  60.0%  V-AUROC: 0.6667  LR: 2.00e-05
2026-06-29 16:22:08,130 | [META-RNW] | INFO | meta_classifier_renewed.model_trainers.meta_trainer | Ep [021/500] T-Acc:  88.9%  V-Acc:  80.0%  V-AUROC: 0.6667  LR: 2.00e-05
2026-06-29 16:22:08,352 | [META-RNW] | INFO | meta_classifier_renewed.model_trainers.meta_trainer | Ep [022/500] T-Acc: 100.0%  V-Acc:  80.0%  V-AUROC: 0.6667  LR: 2.00e-05
2026-06-29 16:22:08,581 | [META-RNW] | INFO | meta_classifier_renewed.model_trainers.meta_trainer | Ep [023/500] T-Acc:  88.9%  V-Acc:  80.0%  V-AUROC: 0.6667  LR: 2.00e-05
2026-06-29 16:22:08,813 | [META-RNW] | INFO | meta_classifier_renewed.model_trainers.meta_trainer | Ep [024/500] T-Acc:  88.9%  V-Acc:  80.0%  V-AUROC: 0.6667  LR: 2.00e-05
2026-06-29 16:22:09,042 | [META-RNW] | INFO | meta_classifier_renewed.model_trainers.meta_trainer | Ep [025/500] T-Acc:  88.9%  V-Acc:  80.0%  V-AUROC: 0.6667  LR: 2.00e-05
2026-06-29 16:22:09,276 | [META-RNW] | INFO | meta_classifier_renewed.model_trainers.meta_trainer | Ep [026/500] T-Acc: 100.0%  V-Acc:  80.0%  V-AUROC: 0.6667  LR: 2.00e-05
2026-06-29 16:22:09,515 | [META-RNW] | INFO | meta_classifier_renewed.model_trainers.meta_trainer | Ep [027/500] T-Acc:  77.8%  V-Acc:  80.0%  V-AUROC: 0.6667  LR: 2.00e-05
2026-06-29 16:22:09,741 | [META-RNW] | INFO | meta_classifier_renewed.model_trainers.meta_trainer | Ep [028/500] T-Acc: 100.0%  V-Acc:  80.0%  V-AUROC: 0.6667  LR: 2.00e-05
2026-06-29 16:22:09,992 | [META-RNW] | INFO | meta_classifier_renewed.model_trainers.meta_trainer | Ep [029/500] T-Acc: 100.0%  V-Acc:  80.0%  V-AUROC: 0.6667  LR: 4.00e-06
2026-06-29 16:22:10,241 | [META-RNW] | INFO | meta_classifier_renewed.model_trainers.meta_trainer | Ep [030/500] T-Acc:  88.9%  V-Acc:  80.0%  V-AUROC: 0.6667  LR: 4.00e-06
2026-06-29 16:22:10,503 | [META-RNW] | INFO | meta_classifier_renewed.model_trainers.meta_trainer | Ep [031/500] T-Acc: 100.0%  V-Acc:  80.0%  V-AUROC: 0.6667  LR: 4.00e-06
2026-06-29 16:22:10,743 | [META-RNW] | INFO | meta_classifier_renewed.model_trainers.meta_trainer | Ep [032/500] T-Acc: 100.0%  V-Acc:  80.0%  V-AUROC: 0.6667  LR: 4.00e-06
2026-06-29 16:22:10,971 | [META-RNW] | INFO | meta_classifier_renewed.model_trainers.meta_trainer | Ep [033/500] T-Acc: 100.0%  V-Acc:  80.0%  V-AUROC: 0.6667  LR: 4.00e-06
2026-06-29 16:22:11,207 | [META-RNW] | INFO | meta_classifier_renewed.model_trainers.meta_trainer | Ep [034/500] T-Acc: 100.0%  V-Acc:  80.0%  V-AUROC: 0.6667  LR: 4.00e-06
2026-06-29 16:22:11,455 | [META-RNW] | INFO | meta_classifier_renewed.model_trainers.meta_trainer | Ep [035/500] T-Acc: 100.0%  V-Acc:  80.0%  V-AUROC: 0.6667  LR: 4.00e-06
2026-06-29 16:22:11,455 | [META-RNW] | INFO | meta_classifier_renewed.model_trainers.meta_trainer | Early stop — best AUROC 0.8333 at epoch 5 (no improvement for 30 epochs)
2026-06-29 16:22:11,455 | [META-RNW] | INFO | meta_classifier_renewed.model_trainers.meta_trainer | Done. Best AUROC: 0.8333 (epoch 5)
2026-06-29 16:22:11,617 | [META-RNW] | INFO | meta_classifier_renewed.model_trainers.meta_trainer | Restored best-AUROC checkpoint into model (epoch 5, AUROC 0.8333).
2026-06-29 16:22:11,671 | [META-RNW] | INFO | meta_classifier_renewed.evaluators.monte_carlo_evaluator | -> Fold 14 Result | Acc=0.600 Sens=1.000 Spec=0.333 AUROC=0.667 (Fixed Threshold: 0.5)
2026-06-29 16:22:11,679 | [META-RNW] | INFO | meta_classifier_renewed.evaluators.monte_carlo_evaluator | === Fold 15/30 | train: 9 subj | test: 5 subj ===
2026-06-29 16:22:11,694 | [META-RNW] | INFO | meta_classifier_renewed.model_trainers.meta_trainer | Device: cuda | max_epochs=500 | batch=8 | es_patience=30 | lr=1e-04 | wd=1e-02
2026-06-29 16:22:11,695 | [META-RNW] | INFO | meta_classifier_renewed.model_trainers.meta_trainer | CE weights — HC: 0.900  MCI: 1.125
2026-06-29 16:22:11,921 | [META-RNW] | INFO | meta_classifier_renewed.model_trainers.meta_trainer | Ep [001/500] T-Acc:  66.7%  V-Acc:  80.0%  V-AUROC: 0.8333  LR: 2.00e-05
2026-06-29 16:22:12,021 | [META-RNW] | INFO | meta_classifier_renewed.model_trainers.meta_trainer |   ↳ new best AUROC; saved checkpoint: /home/leggo/AIResearch/VOGBasedMCIDetectionSystemMobileViTSingleExperimentInference/outputs/checkpoints/run_20260629_161957_meta_renewed_t123567_mt02/fold_14_best.pth
2026-06-29 16:22:12,263 | [META-RNW] | INFO | meta_classifier_renewed.model_trainers.meta_trainer | Ep [002/500] T-Acc:  44.4%  V-Acc:  80.0%  V-AUROC: 0.8333  LR: 4.00e-05
2026-06-29 16:22:12,497 | [META-RNW] | INFO | meta_classifier_renewed.model_trainers.meta_trainer | Ep [003/500] T-Acc:  77.8%  V-Acc:  80.0%  V-AUROC: 1.0000  LR: 6.00e-05
2026-06-29 16:22:12,609 | [META-RNW] | INFO | meta_classifier_renewed.model_trainers.meta_trainer |   ↳ new best AUROC; saved checkpoint: /home/leggo/AIResearch/VOGBasedMCIDetectionSystemMobileViTSingleExperimentInference/outputs/checkpoints/run_20260629_161957_meta_renewed_t123567_mt02/fold_14_best.pth
2026-06-29 16:22:12,842 | [META-RNW] | INFO | meta_classifier_renewed.model_trainers.meta_trainer | Ep [004/500] T-Acc:  44.4%  V-Acc:  80.0%  V-AUROC: 1.0000  LR: 8.00e-05
2026-06-29 16:22:13,106 | [META-RNW] | INFO | meta_classifier_renewed.model_trainers.meta_trainer | Ep [005/500] T-Acc:  88.9%  V-Acc:  80.0%  V-AUROC: 1.0000  LR: 1.00e-04
2026-06-29 16:22:13,379 | [META-RNW] | INFO | meta_classifier_renewed.model_trainers.meta_trainer | Ep [006/500] T-Acc:  88.9%  V-Acc:  80.0%  V-AUROC: 1.0000  LR: 1.00e-04
2026-06-29 16:22:13,653 | [META-RNW] | INFO | meta_classifier_renewed.model_trainers.meta_trainer | Ep [007/500] T-Acc:  66.7%  V-Acc:  80.0%  V-AUROC: 1.0000  LR: 1.00e-04
2026-06-29 16:22:13,893 | [META-RNW] | INFO | meta_classifier_renewed.model_trainers.meta_trainer | Ep [008/500] T-Acc:  66.7%  V-Acc:  80.0%  V-AUROC: 1.0000  LR: 1.00e-04
2026-06-29 16:22:14,134 | [META-RNW] | INFO | meta_classifier_renewed.model_trainers.meta_trainer | Ep [009/500] T-Acc:  88.9%  V-Acc:  80.0%  V-AUROC: 0.8333  LR: 1.00e-04
2026-06-29 16:22:14,389 | [META-RNW] | INFO | meta_classifier_renewed.model_trainers.meta_trainer | Ep [010/500] T-Acc: 100.0%  V-Acc:  80.0%  V-AUROC: 0.8333  LR: 1.00e-04
2026-06-29 16:22:14,671 | [META-RNW] | INFO | meta_classifier_renewed.model_trainers.meta_trainer | Ep [011/500] T-Acc:  66.7%  V-Acc:  60.0%  V-AUROC: 0.8333  LR: 1.00e-04
2026-06-29 16:22:14,932 | [META-RNW] | INFO | meta_classifier_renewed.model_trainers.meta_trainer | Ep [012/500] T-Acc: 100.0%  V-Acc:  60.0%  V-AUROC: 0.8333  LR: 1.00e-04
2026-06-29 16:22:15,169 | [META-RNW] | INFO | meta_classifier_renewed.model_trainers.meta_trainer | Ep [013/500] T-Acc: 100.0%  V-Acc:  60.0%  V-AUROC: 0.5000  LR: 1.00e-04
2026-06-29 16:22:15,389 | [META-RNW] | INFO | meta_classifier_renewed.model_trainers.meta_trainer | Ep [014/500] T-Acc:  88.9%  V-Acc:  60.0%  V-AUROC: 0.5000  LR: 1.00e-04
2026-06-29 16:22:15,625 | [META-RNW] | INFO | meta_classifier_renewed.model_trainers.meta_trainer | Ep [015/500] T-Acc: 100.0%  V-Acc:  60.0%  V-AUROC: 0.3333  LR: 1.00e-04
2026-06-29 16:22:15,882 | [META-RNW] | INFO | meta_classifier_renewed.model_trainers.meta_trainer | Ep [016/500] T-Acc: 100.0%  V-Acc:  60.0%  V-AUROC: 0.5000  LR: 1.00e-04
2026-06-29 16:22:16,148 | [META-RNW] | INFO | meta_classifier_renewed.model_trainers.meta_trainer | Ep [017/500] T-Acc: 100.0%  V-Acc:  60.0%  V-AUROC: 0.5000  LR: 1.00e-04
2026-06-29 16:22:16,400 | [META-RNW] | INFO | meta_classifier_renewed.model_trainers.meta_trainer | Ep [018/500] T-Acc: 100.0%  V-Acc:  60.0%  V-AUROC: 0.5000  LR: 2.00e-05
2026-06-29 16:22:16,653 | [META-RNW] | INFO | meta_classifier_renewed.model_trainers.meta_trainer | Ep [019/500] T-Acc: 100.0%  V-Acc:  60.0%  V-AUROC: 0.5000  LR: 2.00e-05
2026-06-29 16:22:16,907 | [META-RNW] | INFO | meta_classifier_renewed.model_trainers.meta_trainer | Ep [020/500] T-Acc:  88.9%  V-Acc:  60.0%  V-AUROC: 0.5000  LR: 2.00e-05
2026-06-29 16:22:17,144 | [META-RNW] | INFO | meta_classifier_renewed.model_trainers.meta_trainer | Ep [021/500] T-Acc: 100.0%  V-Acc:  40.0%  V-AUROC: 0.5000  LR: 2.00e-05
2026-06-29 16:22:17,390 | [META-RNW] | INFO | meta_classifier_renewed.model_trainers.meta_trainer | Ep [022/500] T-Acc:  88.9%  V-Acc:  40.0%  V-AUROC: 0.5000  LR: 2.00e-05
2026-06-29 16:22:17,633 | [META-RNW] | INFO | meta_classifier_renewed.model_trainers.meta_trainer | Ep [023/500] T-Acc:  88.9%  V-Acc:  40.0%  V-AUROC: 0.5000  LR: 2.00e-05
2026-06-29 16:22:17,890 | [META-RNW] | INFO | meta_classifier_renewed.model_trainers.meta_trainer | Ep [024/500] T-Acc: 100.0%  V-Acc:  40.0%  V-AUROC: 0.5000  LR: 2.00e-05
2026-06-29 16:22:18,166 | [META-RNW] | INFO | meta_classifier_renewed.model_trainers.meta_trainer | Ep [025/500] T-Acc: 100.0%  V-Acc:  40.0%  V-AUROC: 0.5000  LR: 2.00e-05
2026-06-29 16:22:18,429 | [META-RNW] | INFO | meta_classifier_renewed.model_trainers.meta_trainer | Ep [026/500] T-Acc: 100.0%  V-Acc:  40.0%  V-AUROC: 0.5000  LR: 2.00e-05
2026-06-29 16:22:18,678 | [META-RNW] | INFO | meta_classifier_renewed.model_trainers.meta_trainer | Ep [027/500] T-Acc: 100.0%  V-Acc:  40.0%  V-AUROC: 0.5000  LR: 2.00e-05
2026-06-29 16:22:18,946 | [META-RNW] | INFO | meta_classifier_renewed.model_trainers.meta_trainer | Ep [028/500] T-Acc: 100.0%  V-Acc:  40.0%  V-AUROC: 0.5000  LR: 2.00e-05
2026-06-29 16:22:19,217 | [META-RNW] | INFO | meta_classifier_renewed.model_trainers.meta_trainer | Ep [029/500] T-Acc: 100.0%  V-Acc:  40.0%  V-AUROC: 0.5000  LR: 4.00e-06
2026-06-29 16:22:19,488 | [META-RNW] | INFO | meta_classifier_renewed.model_trainers.meta_trainer | Ep [030/500] T-Acc: 100.0%  V-Acc:  40.0%  V-AUROC: 0.5000  LR: 4.00e-06
2026-06-29 16:22:19,758 | [META-RNW] | INFO | meta_classifier_renewed.model_trainers.meta_trainer | Ep [031/500] T-Acc: 100.0%  V-Acc:  40.0%  V-AUROC: 0.5000  LR: 4.00e-06
2026-06-29 16:22:20,034 | [META-RNW] | INFO | meta_classifier_renewed.model_trainers.meta_trainer | Ep [032/500] T-Acc:  88.9%  V-Acc:  40.0%  V-AUROC: 0.5000  LR: 4.00e-06
2026-06-29 16:22:20,269 | [META-RNW] | INFO | meta_classifier_renewed.model_trainers.meta_trainer | Ep [033/500] T-Acc: 100.0%  V-Acc:  40.0%  V-AUROC: 0.5000  LR: 4.00e-06
2026-06-29 16:22:20,270 | [META-RNW] | INFO | meta_classifier_renewed.model_trainers.meta_trainer | Early stop — best AUROC 1.0000 at epoch 3 (no improvement for 30 epochs)
2026-06-29 16:22:20,270 | [META-RNW] | INFO | meta_classifier_renewed.model_trainers.meta_trainer | Done. Best AUROC: 1.0000 (epoch 3)
2026-06-29 16:22:20,429 | [META-RNW] | INFO | meta_classifier_renewed.model_trainers.meta_trainer | Restored best-AUROC checkpoint into model (epoch 3, AUROC 1.0000).
2026-06-29 16:22:20,480 | [META-RNW] | INFO | meta_classifier_renewed.evaluators.monte_carlo_evaluator | -> Fold 15 Result | Acc=0.800 Sens=0.667 Spec=1.000 AUROC=1.000 (Fixed Threshold: 0.5)
2026-06-29 16:22:20,488 | [META-RNW] | INFO | meta_classifier_renewed.evaluators.monte_carlo_evaluator | === Fold 16/30 | train: 9 subj | test: 5 subj ===
2026-06-29 16:22:20,501 | [META-RNW] | INFO | meta_classifier_renewed.model_trainers.meta_trainer | Device: cuda | max_epochs=500 | batch=8 | es_patience=30 | lr=1e-04 | wd=1e-02
2026-06-29 16:22:20,502 | [META-RNW] | INFO | meta_classifier_renewed.model_trainers.meta_trainer | CE weights — HC: 1.500  MCI: 0.750
2026-06-29 16:22:20,769 | [META-RNW] | INFO | meta_classifier_renewed.model_trainers.meta_trainer | Ep [001/500] T-Acc:  55.6%  V-Acc:  60.0%  V-AUROC: 0.5000  LR: 2.00e-05
2026-06-29 16:22:20,882 | [META-RNW] | INFO | meta_classifier_renewed.model_trainers.meta_trainer |   ↳ new best AUROC; saved checkpoint: /home/leggo/AIResearch/VOGBasedMCIDetectionSystemMobileViTSingleExperimentInference/outputs/checkpoints/run_20260629_161957_meta_renewed_t123567_mt02/fold_15_best.pth
2026-06-29 16:22:21,164 | [META-RNW] | INFO | meta_classifier_renewed.model_trainers.meta_trainer | Ep [002/500] T-Acc:  33.3%  V-Acc:  60.0%  V-AUROC: 0.5000  LR: 4.00e-05
2026-06-29 16:22:21,418 | [META-RNW] | INFO | meta_classifier_renewed.model_trainers.meta_trainer | Ep [003/500] T-Acc:  55.6%  V-Acc:  60.0%  V-AUROC: 0.5000  LR: 6.00e-05
2026-06-29 16:22:21,654 | [META-RNW] | INFO | meta_classifier_renewed.model_trainers.meta_trainer | Ep [004/500] T-Acc:  55.6%  V-Acc:  40.0%  V-AUROC: 0.5000  LR: 8.00e-05
2026-06-29 16:22:21,880 | [META-RNW] | INFO | meta_classifier_renewed.model_trainers.meta_trainer | Ep [005/500] T-Acc:  66.7%  V-Acc:  20.0%  V-AUROC: 0.5000  LR: 1.00e-04
2026-06-29 16:22:22,132 | [META-RNW] | INFO | meta_classifier_renewed.model_trainers.meta_trainer | Ep [006/500] T-Acc:  66.7%  V-Acc:  20.0%  V-AUROC: 0.5000  LR: 1.00e-04
2026-06-29 16:22:22,364 | [META-RNW] | INFO | meta_classifier_renewed.model_trainers.meta_trainer | Ep [007/500] T-Acc:  77.8%  V-Acc:  20.0%  V-AUROC: 0.5000  LR: 1.00e-04
2026-06-29 16:22:22,616 | [META-RNW] | INFO | meta_classifier_renewed.model_trainers.meta_trainer | Ep [008/500] T-Acc:  88.9%  V-Acc:  20.0%  V-AUROC: 0.5000  LR: 1.00e-04
2026-06-29 16:22:22,906 | [META-RNW] | INFO | meta_classifier_renewed.model_trainers.meta_trainer | Ep [009/500] T-Acc:  77.8%  V-Acc:  20.0%  V-AUROC: 0.5000  LR: 1.00e-04
2026-06-29 16:22:23,195 | [META-RNW] | INFO | meta_classifier_renewed.model_trainers.meta_trainer | Ep [010/500] T-Acc:  77.8%  V-Acc:  20.0%  V-AUROC: 0.5000  LR: 1.00e-04
2026-06-29 16:22:23,449 | [META-RNW] | INFO | meta_classifier_renewed.model_trainers.meta_trainer | Ep [011/500] T-Acc:  88.9%  V-Acc:  60.0%  V-AUROC: 0.5000  LR: 1.00e-04
2026-06-29 16:22:23,688 | [META-RNW] | INFO | meta_classifier_renewed.model_trainers.meta_trainer | Ep [012/500] T-Acc:  77.8%  V-Acc:  60.0%  V-AUROC: 0.5000  LR: 1.00e-04
2026-06-29 16:22:23,924 | [META-RNW] | INFO | meta_classifier_renewed.model_trainers.meta_trainer | Ep [013/500] T-Acc:  88.9%  V-Acc:  60.0%  V-AUROC: 0.5000  LR: 1.00e-04
2026-06-29 16:22:24,202 | [META-RNW] | INFO | meta_classifier_renewed.model_trainers.meta_trainer | Ep [014/500] T-Acc:  77.8%  V-Acc:  40.0%  V-AUROC: 0.5000  LR: 1.00e-04
2026-06-29 16:22:24,481 | [META-RNW] | INFO | meta_classifier_renewed.model_trainers.meta_trainer | Ep [015/500] T-Acc:  77.8%  V-Acc:  40.0%  V-AUROC: 0.2500  LR: 1.00e-04
2026-06-29 16:22:24,759 | [META-RNW] | INFO | meta_classifier_renewed.model_trainers.meta_trainer | Ep [016/500] T-Acc:  88.9%  V-Acc:  20.0%  V-AUROC: 0.2500  LR: 1.00e-04
2026-06-29 16:22:25,006 | [META-RNW] | INFO | meta_classifier_renewed.model_trainers.meta_trainer | Ep [017/500] T-Acc: 100.0%  V-Acc:  20.0%  V-AUROC: 0.2500  LR: 1.00e-04
2026-06-29 16:22:25,263 | [META-RNW] | INFO | meta_classifier_renewed.model_trainers.meta_trainer | Ep [018/500] T-Acc: 100.0%  V-Acc:  20.0%  V-AUROC: 0.2500  LR: 2.00e-05
2026-06-29 16:22:25,531 | [META-RNW] | INFO | meta_classifier_renewed.model_trainers.meta_trainer | Ep [019/500] T-Acc:  88.9%  V-Acc:  20.0%  V-AUROC: 0.2500  LR: 2.00e-05
2026-06-29 16:22:25,773 | [META-RNW] | INFO | meta_classifier_renewed.model_trainers.meta_trainer | Ep [020/500] T-Acc: 100.0%  V-Acc:  20.0%  V-AUROC: 0.2500  LR: 2.00e-05
2026-06-29 16:22:26,020 | [META-RNW] | INFO | meta_classifier_renewed.model_trainers.meta_trainer | Ep [021/500] T-Acc: 100.0%  V-Acc:  20.0%  V-AUROC: 0.2500  LR: 2.00e-05
2026-06-29 16:22:26,274 | [META-RNW] | INFO | meta_classifier_renewed.model_trainers.meta_trainer | Ep [022/500] T-Acc: 100.0%  V-Acc:  20.0%  V-AUROC: 0.2500  LR: 2.00e-05
2026-06-29 16:22:26,542 | [META-RNW] | INFO | meta_classifier_renewed.model_trainers.meta_trainer | Ep [023/500] T-Acc: 100.0%  V-Acc:  20.0%  V-AUROC: 0.2500  LR: 2.00e-05
2026-06-29 16:22:26,827 | [META-RNW] | INFO | meta_classifier_renewed.model_trainers.meta_trainer | Ep [024/500] T-Acc: 100.0%  V-Acc:  20.0%  V-AUROC: 0.2500  LR: 2.00e-05
2026-06-29 16:22:27,101 | [META-RNW] | INFO | meta_classifier_renewed.model_trainers.meta_trainer | Ep [025/500] T-Acc: 100.0%  V-Acc:  20.0%  V-AUROC: 0.2500  LR: 2.00e-05
2026-06-29 16:22:27,358 | [META-RNW] | INFO | meta_classifier_renewed.model_trainers.meta_trainer | Ep [026/500] T-Acc: 100.0%  V-Acc:  20.0%  V-AUROC: 0.2500  LR: 2.00e-05
2026-06-29 16:22:27,607 | [META-RNW] | INFO | meta_classifier_renewed.model_trainers.meta_trainer | Ep [027/500] T-Acc: 100.0%  V-Acc:  20.0%  V-AUROC: 0.2500  LR: 2.00e-05
2026-06-29 16:22:27,873 | [META-RNW] | INFO | meta_classifier_renewed.model_trainers.meta_trainer | Ep [028/500] T-Acc: 100.0%  V-Acc:  20.0%  V-AUROC: 0.2500  LR: 2.00e-05
2026-06-29 16:22:28,145 | [META-RNW] | INFO | meta_classifier_renewed.model_trainers.meta_trainer | Ep [029/500] T-Acc: 100.0%  V-Acc:  20.0%  V-AUROC: 0.2500  LR: 4.00e-06
2026-06-29 16:22:28,431 | [META-RNW] | INFO | meta_classifier_renewed.model_trainers.meta_trainer | Ep [030/500] T-Acc: 100.0%  V-Acc:  20.0%  V-AUROC: 0.2500  LR: 4.00e-06
2026-06-29 16:22:28,700 | [META-RNW] | INFO | meta_classifier_renewed.model_trainers.meta_trainer | Ep [031/500] T-Acc: 100.0%  V-Acc:  20.0%  V-AUROC: 0.2500  LR: 4.00e-06
2026-06-29 16:22:28,700 | [META-RNW] | INFO | meta_classifier_renewed.model_trainers.meta_trainer | Early stop — best AUROC 0.5000 at epoch 1 (no improvement for 30 epochs)
2026-06-29 16:22:28,700 | [META-RNW] | INFO | meta_classifier_renewed.model_trainers.meta_trainer | Done. Best AUROC: 0.5000 (epoch 1)
2026-06-29 16:22:28,872 | [META-RNW] | INFO | meta_classifier_renewed.model_trainers.meta_trainer | Restored best-AUROC checkpoint into model (epoch 1, AUROC 0.5000).
2026-06-29 16:22:28,924 | [META-RNW] | INFO | meta_classifier_renewed.evaluators.monte_carlo_evaluator | -> Fold 16 Result | Acc=0.600 Sens=0.000 Spec=0.750 AUROC=0.500 (Fixed Threshold: 0.5)
2026-06-29 16:22:28,932 | [META-RNW] | INFO | meta_classifier_renewed.evaluators.monte_carlo_evaluator | === Fold 17/30 | train: 9 subj | test: 5 subj ===
2026-06-29 16:22:28,946 | [META-RNW] | INFO | meta_classifier_renewed.model_trainers.meta_trainer | Device: cuda | max_epochs=500 | batch=8 | es_patience=30 | lr=1e-04 | wd=1e-02
2026-06-29 16:22:28,947 | [META-RNW] | INFO | meta_classifier_renewed.model_trainers.meta_trainer | CE weights — HC: 1.125  MCI: 0.900
2026-06-29 16:22:29,192 | [META-RNW] | INFO | meta_classifier_renewed.model_trainers.meta_trainer | Ep [001/500] T-Acc:  44.4%  V-Acc:  40.0%  V-AUROC: 0.3333  LR: 2.00e-05
2026-06-29 16:22:29,295 | [META-RNW] | INFO | meta_classifier_renewed.model_trainers.meta_trainer |   ↳ new best AUROC; saved checkpoint: /home/leggo/AIResearch/VOGBasedMCIDetectionSystemMobileViTSingleExperimentInference/outputs/checkpoints/run_20260629_161957_meta_renewed_t123567_mt02/fold_16_best.pth
2026-06-29 16:22:29,519 | [META-RNW] | INFO | meta_classifier_renewed.model_trainers.meta_trainer | Ep [002/500] T-Acc:  11.1%  V-Acc:  20.0%  V-AUROC: 0.3333  LR: 4.00e-05
2026-06-29 16:22:29,736 | [META-RNW] | INFO | meta_classifier_renewed.model_trainers.meta_trainer | Ep [003/500] T-Acc:  44.4%  V-Acc:  40.0%  V-AUROC: 0.3333  LR: 6.00e-05
2026-06-29 16:22:29,953 | [META-RNW] | INFO | meta_classifier_renewed.model_trainers.meta_trainer | Ep [004/500] T-Acc:  33.3%  V-Acc:  40.0%  V-AUROC: 0.3333  LR: 8.00e-05
2026-06-29 16:22:30,178 | [META-RNW] | INFO | meta_classifier_renewed.model_trainers.meta_trainer | Ep [005/500] T-Acc:  55.6%  V-Acc:  40.0%  V-AUROC: 0.3333  LR: 1.00e-04
2026-06-29 16:22:30,424 | [META-RNW] | INFO | meta_classifier_renewed.model_trainers.meta_trainer | Ep [006/500] T-Acc:  66.7%  V-Acc:  20.0%  V-AUROC: 0.3333  LR: 1.00e-04
2026-06-29 16:22:30,677 | [META-RNW] | INFO | meta_classifier_renewed.model_trainers.meta_trainer | Ep [007/500] T-Acc:  77.8%  V-Acc:  60.0%  V-AUROC: 0.3333  LR: 1.00e-04
2026-06-29 16:22:30,906 | [META-RNW] | INFO | meta_classifier_renewed.model_trainers.meta_trainer | Ep [008/500] T-Acc:  44.4%  V-Acc:  60.0%  V-AUROC: 0.3333  LR: 1.00e-04
2026-06-29 16:22:31,135 | [META-RNW] | INFO | meta_classifier_renewed.model_trainers.meta_trainer | Ep [009/500] T-Acc:  77.8%  V-Acc:  20.0%  V-AUROC: 0.3333  LR: 1.00e-04
2026-06-29 16:22:31,371 | [META-RNW] | INFO | meta_classifier_renewed.model_trainers.meta_trainer | Ep [010/500] T-Acc:  55.6%  V-Acc:  20.0%  V-AUROC: 0.3333  LR: 1.00e-04
2026-06-29 16:22:31,617 | [META-RNW] | INFO | meta_classifier_renewed.model_trainers.meta_trainer | Ep [011/500] T-Acc:  88.9%  V-Acc:  20.0%  V-AUROC: 0.3333  LR: 1.00e-04
2026-06-29 16:22:31,887 | [META-RNW] | INFO | meta_classifier_renewed.model_trainers.meta_trainer | Ep [012/500] T-Acc:  88.9%  V-Acc:  20.0%  V-AUROC: 0.3333  LR: 1.00e-04
2026-06-29 16:22:32,163 | [META-RNW] | INFO | meta_classifier_renewed.model_trainers.meta_trainer | Ep [013/500] T-Acc:  88.9%  V-Acc:  20.0%  V-AUROC: 0.3333  LR: 1.00e-04
2026-06-29 16:22:32,425 | [META-RNW] | INFO | meta_classifier_renewed.model_trainers.meta_trainer | Ep [014/500] T-Acc: 100.0%  V-Acc:  20.0%  V-AUROC: 0.3333  LR: 1.00e-04
2026-06-29 16:22:32,697 | [META-RNW] | INFO | meta_classifier_renewed.model_trainers.meta_trainer | Ep [015/500] T-Acc:  88.9%  V-Acc:  20.0%  V-AUROC: 0.3333  LR: 1.00e-04
2026-06-29 16:22:32,973 | [META-RNW] | INFO | meta_classifier_renewed.model_trainers.meta_trainer | Ep [016/500] T-Acc: 100.0%  V-Acc:  20.0%  V-AUROC: 0.3333  LR: 1.00e-04
2026-06-29 16:22:33,230 | [META-RNW] | INFO | meta_classifier_renewed.model_trainers.meta_trainer | Ep [017/500] T-Acc: 100.0%  V-Acc:  40.0%  V-AUROC: 0.3333  LR: 1.00e-04
2026-06-29 16:22:33,504 | [META-RNW] | INFO | meta_classifier_renewed.model_trainers.meta_trainer | Ep [018/500] T-Acc: 100.0%  V-Acc:  20.0%  V-AUROC: 0.3333  LR: 2.00e-05
2026-06-29 16:22:33,789 | [META-RNW] | INFO | meta_classifier_renewed.model_trainers.meta_trainer | Ep [019/500] T-Acc:  88.9%  V-Acc:  40.0%  V-AUROC: 0.3333  LR: 2.00e-05
2026-06-29 16:22:34,041 | [META-RNW] | INFO | meta_classifier_renewed.model_trainers.meta_trainer | Ep [020/500] T-Acc:  88.9%  V-Acc:  20.0%  V-AUROC: 0.3333  LR: 2.00e-05
2026-06-29 16:22:34,308 | [META-RNW] | INFO | meta_classifier_renewed.model_trainers.meta_trainer | Ep [021/500] T-Acc:  88.9%  V-Acc:  20.0%  V-AUROC: 0.3333  LR: 2.00e-05
2026-06-29 16:22:34,587 | [META-RNW] | INFO | meta_classifier_renewed.model_trainers.meta_trainer | Ep [022/500] T-Acc: 100.0%  V-Acc:  20.0%  V-AUROC: 0.3333  LR: 2.00e-05
2026-06-29 16:22:34,838 | [META-RNW] | INFO | meta_classifier_renewed.model_trainers.meta_trainer | Ep [023/500] T-Acc: 100.0%  V-Acc:  20.0%  V-AUROC: 0.3333  LR: 2.00e-05
2026-06-29 16:22:35,045 | [META-RNW] | INFO | meta_classifier_renewed.model_trainers.meta_trainer | Ep [024/500] T-Acc: 100.0%  V-Acc:  20.0%  V-AUROC: 0.3333  LR: 2.00e-05
2026-06-29 16:22:35,260 | [META-RNW] | INFO | meta_classifier_renewed.model_trainers.meta_trainer | Ep [025/500] T-Acc: 100.0%  V-Acc:  20.0%  V-AUROC: 0.3333  LR: 2.00e-05
2026-06-29 16:22:35,473 | [META-RNW] | INFO | meta_classifier_renewed.model_trainers.meta_trainer | Ep [026/500] T-Acc:  88.9%  V-Acc:  20.0%  V-AUROC: 0.3333  LR: 2.00e-05
2026-06-29 16:22:35,695 | [META-RNW] | INFO | meta_classifier_renewed.model_trainers.meta_trainer | Ep [027/500] T-Acc: 100.0%  V-Acc:  20.0%  V-AUROC: 0.3333  LR: 2.00e-05
2026-06-29 16:22:35,935 | [META-RNW] | INFO | meta_classifier_renewed.model_trainers.meta_trainer | Ep [028/500] T-Acc:  88.9%  V-Acc:  20.0%  V-AUROC: 0.3333  LR: 2.00e-05
2026-06-29 16:22:36,317 | [META-RNW] | INFO | meta_classifier_renewed.model_trainers.meta_trainer | Ep [029/500] T-Acc: 100.0%  V-Acc:  20.0%  V-AUROC: 0.3333  LR: 4.00e-06
2026-06-29 16:22:36,588 | [META-RNW] | INFO | meta_classifier_renewed.model_trainers.meta_trainer | Ep [030/500] T-Acc: 100.0%  V-Acc:  20.0%  V-AUROC: 0.3333  LR: 4.00e-06
2026-06-29 16:22:36,836 | [META-RNW] | INFO | meta_classifier_renewed.model_trainers.meta_trainer | Ep [031/500] T-Acc: 100.0%  V-Acc:  20.0%  V-AUROC: 0.3333  LR: 4.00e-06
2026-06-29 16:22:36,836 | [META-RNW] | INFO | meta_classifier_renewed.model_trainers.meta_trainer | Early stop — best AUROC 0.3333 at epoch 1 (no improvement for 30 epochs)
2026-06-29 16:22:36,837 | [META-RNW] | INFO | meta_classifier_renewed.model_trainers.meta_trainer | Done. Best AUROC: 0.3333 (epoch 1)
2026-06-29 16:22:37,006 | [META-RNW] | INFO | meta_classifier_renewed.model_trainers.meta_trainer | Restored best-AUROC checkpoint into model (epoch 1, AUROC 0.3333).
2026-06-29 16:22:37,061 | [META-RNW] | INFO | meta_classifier_renewed.evaluators.monte_carlo_evaluator | -> Fold 17 Result | Acc=0.400 Sens=0.000 Spec=0.667 AUROC=0.333 (Fixed Threshold: 0.5)
2026-06-29 16:22:37,070 | [META-RNW] | INFO | meta_classifier_renewed.evaluators.monte_carlo_evaluator | === Fold 18/30 | train: 9 subj | test: 5 subj ===
2026-06-29 16:22:37,084 | [META-RNW] | INFO | meta_classifier_renewed.model_trainers.meta_trainer | Device: cuda | max_epochs=500 | batch=8 | es_patience=30 | lr=1e-04 | wd=1e-02
2026-06-29 16:22:37,085 | [META-RNW] | INFO | meta_classifier_renewed.model_trainers.meta_trainer | CE weights — HC: 0.750  MCI: 1.500
2026-06-29 16:22:37,354 | [META-RNW] | INFO | meta_classifier_renewed.model_trainers.meta_trainer | Ep [001/500] T-Acc:  66.7%  V-Acc:  60.0%  V-AUROC: 1.0000  LR: 2.00e-05
2026-06-29 16:22:37,459 | [META-RNW] | INFO | meta_classifier_renewed.model_trainers.meta_trainer |   ↳ new best AUROC; saved checkpoint: /home/leggo/AIResearch/VOGBasedMCIDetectionSystemMobileViTSingleExperimentInference/outputs/checkpoints/run_20260629_161957_meta_renewed_t123567_mt02/fold_17_best.pth
2026-06-29 16:22:37,724 | [META-RNW] | INFO | meta_classifier_renewed.model_trainers.meta_trainer | Ep [002/500] T-Acc:  55.6%  V-Acc:  60.0%  V-AUROC: 1.0000  LR: 4.00e-05
2026-06-29 16:22:37,970 | [META-RNW] | INFO | meta_classifier_renewed.model_trainers.meta_trainer | Ep [003/500] T-Acc:  66.7%  V-Acc:  60.0%  V-AUROC: 1.0000  LR: 6.00e-05
2026-06-29 16:22:38,205 | [META-RNW] | INFO | meta_classifier_renewed.model_trainers.meta_trainer | Ep [004/500] T-Acc:  55.6%  V-Acc:  60.0%  V-AUROC: 1.0000  LR: 8.00e-05
2026-06-29 16:22:38,440 | [META-RNW] | INFO | meta_classifier_renewed.model_trainers.meta_trainer | Ep [005/500] T-Acc:  77.8%  V-Acc:  60.0%  V-AUROC: 1.0000  LR: 1.00e-04
2026-06-29 16:22:38,670 | [META-RNW] | INFO | meta_classifier_renewed.model_trainers.meta_trainer | Ep [006/500] T-Acc:  77.8%  V-Acc:  60.0%  V-AUROC: 1.0000  LR: 1.00e-04
2026-06-29 16:22:38,919 | [META-RNW] | INFO | meta_classifier_renewed.model_trainers.meta_trainer | Ep [007/500] T-Acc:  44.4%  V-Acc:  60.0%  V-AUROC: 1.0000  LR: 1.00e-04
2026-06-29 16:22:39,179 | [META-RNW] | INFO | meta_classifier_renewed.model_trainers.meta_trainer | Ep [008/500] T-Acc:  77.8%  V-Acc:  60.0%  V-AUROC: 1.0000  LR: 1.00e-04
2026-06-29 16:22:39,448 | [META-RNW] | INFO | meta_classifier_renewed.model_trainers.meta_trainer | Ep [009/500] T-Acc: 100.0%  V-Acc:  60.0%  V-AUROC: 1.0000  LR: 1.00e-04
2026-06-29 16:22:39,730 | [META-RNW] | INFO | meta_classifier_renewed.model_trainers.meta_trainer | Ep [010/500] T-Acc:  88.9%  V-Acc:  40.0%  V-AUROC: 1.0000  LR: 1.00e-04
2026-06-29 16:22:40,020 | [META-RNW] | INFO | meta_classifier_renewed.model_trainers.meta_trainer | Ep [011/500] T-Acc:  77.8%  V-Acc:  40.0%  V-AUROC: 1.0000  LR: 1.00e-04
2026-06-29 16:22:40,316 | [META-RNW] | INFO | meta_classifier_renewed.model_trainers.meta_trainer | Ep [012/500] T-Acc:  88.9%  V-Acc:  40.0%  V-AUROC: 1.0000  LR: 1.00e-04
2026-06-29 16:22:40,579 | [META-RNW] | INFO | meta_classifier_renewed.model_trainers.meta_trainer | Ep [013/500] T-Acc:  88.9%  V-Acc:  40.0%  V-AUROC: 1.0000  LR: 1.00e-04
2026-06-29 16:22:40,872 | [META-RNW] | INFO | meta_classifier_renewed.model_trainers.meta_trainer | Ep [014/500] T-Acc: 100.0%  V-Acc:  40.0%  V-AUROC: 1.0000  LR: 1.00e-04
2026-06-29 16:22:41,166 | [META-RNW] | INFO | meta_classifier_renewed.model_trainers.meta_trainer | Ep [015/500] T-Acc:  88.9%  V-Acc:  20.0%  V-AUROC: 1.0000  LR: 1.00e-04
2026-06-29 16:22:41,434 | [META-RNW] | INFO | meta_classifier_renewed.model_trainers.meta_trainer | Ep [016/500] T-Acc: 100.0%  V-Acc:  20.0%  V-AUROC: 1.0000  LR: 1.00e-04
2026-06-29 16:22:41,733 | [META-RNW] | INFO | meta_classifier_renewed.model_trainers.meta_trainer | Ep [017/500] T-Acc: 100.0%  V-Acc:  20.0%  V-AUROC: 1.0000  LR: 1.00e-04
2026-06-29 16:22:41,998 | [META-RNW] | INFO | meta_classifier_renewed.model_trainers.meta_trainer | Ep [018/500] T-Acc: 100.0%  V-Acc:  20.0%  V-AUROC: 1.0000  LR: 2.00e-05
2026-06-29 16:22:42,271 | [META-RNW] | INFO | meta_classifier_renewed.model_trainers.meta_trainer | Ep [019/500] T-Acc: 100.0%  V-Acc:  20.0%  V-AUROC: 1.0000  LR: 2.00e-05
2026-06-29 16:22:42,518 | [META-RNW] | INFO | meta_classifier_renewed.model_trainers.meta_trainer | Ep [020/500] T-Acc: 100.0%  V-Acc:  20.0%  V-AUROC: 1.0000  LR: 2.00e-05
2026-06-29 16:22:42,746 | [META-RNW] | INFO | meta_classifier_renewed.model_trainers.meta_trainer | Ep [021/500] T-Acc: 100.0%  V-Acc:  40.0%  V-AUROC: 1.0000  LR: 2.00e-05
2026-06-29 16:22:42,993 | [META-RNW] | INFO | meta_classifier_renewed.model_trainers.meta_trainer | Ep [022/500] T-Acc: 100.0%  V-Acc:  40.0%  V-AUROC: 1.0000  LR: 2.00e-05
2026-06-29 16:22:43,245 | [META-RNW] | INFO | meta_classifier_renewed.model_trainers.meta_trainer | Ep [023/500] T-Acc: 100.0%  V-Acc:  40.0%  V-AUROC: 1.0000  LR: 2.00e-05
2026-06-29 16:22:43,487 | [META-RNW] | INFO | meta_classifier_renewed.model_trainers.meta_trainer | Ep [024/500] T-Acc:  88.9%  V-Acc:  40.0%  V-AUROC: 1.0000  LR: 2.00e-05
2026-06-29 16:22:43,759 | [META-RNW] | INFO | meta_classifier_renewed.model_trainers.meta_trainer | Ep [025/500] T-Acc: 100.0%  V-Acc:  40.0%  V-AUROC: 1.0000  LR: 2.00e-05
2026-06-29 16:22:44,011 | [META-RNW] | INFO | meta_classifier_renewed.model_trainers.meta_trainer | Ep [026/500] T-Acc: 100.0%  V-Acc:  40.0%  V-AUROC: 1.0000  LR: 2.00e-05
2026-06-29 16:22:44,244 | [META-RNW] | INFO | meta_classifier_renewed.model_trainers.meta_trainer | Ep [027/500] T-Acc: 100.0%  V-Acc:  40.0%  V-AUROC: 1.0000  LR: 2.00e-05
2026-06-29 16:22:44,489 | [META-RNW] | INFO | meta_classifier_renewed.model_trainers.meta_trainer | Ep [028/500] T-Acc: 100.0%  V-Acc:  40.0%  V-AUROC: 1.0000  LR: 2.00e-05
2026-06-29 16:22:44,735 | [META-RNW] | INFO | meta_classifier_renewed.model_trainers.meta_trainer | Ep [029/500] T-Acc: 100.0%  V-Acc:  40.0%  V-AUROC: 1.0000  LR: 4.00e-06
2026-06-29 16:22:44,963 | [META-RNW] | INFO | meta_classifier_renewed.model_trainers.meta_trainer | Ep [030/500] T-Acc: 100.0%  V-Acc:  40.0%  V-AUROC: 1.0000  LR: 4.00e-06
2026-06-29 16:22:45,205 | [META-RNW] | INFO | meta_classifier_renewed.model_trainers.meta_trainer | Ep [031/500] T-Acc: 100.0%  V-Acc:  40.0%  V-AUROC: 1.0000  LR: 4.00e-06
2026-06-29 16:22:45,206 | [META-RNW] | INFO | meta_classifier_renewed.model_trainers.meta_trainer | Early stop — best AUROC 1.0000 at epoch 1 (no improvement for 30 epochs)
2026-06-29 16:22:45,206 | [META-RNW] | INFO | meta_classifier_renewed.model_trainers.meta_trainer | Done. Best AUROC: 1.0000 (epoch 1)
2026-06-29 16:22:45,371 | [META-RNW] | INFO | meta_classifier_renewed.model_trainers.meta_trainer | Restored best-AUROC checkpoint into model (epoch 1, AUROC 1.0000).
2026-06-29 16:22:45,421 | [META-RNW] | INFO | meta_classifier_renewed.evaluators.monte_carlo_evaluator | -> Fold 18 Result | Acc=0.600 Sens=0.500 Spec=1.000 AUROC=1.000 (Fixed Threshold: 0.5)
2026-06-29 16:22:45,429 | [META-RNW] | INFO | meta_classifier_renewed.evaluators.monte_carlo_evaluator | === Fold 19/30 | train: 9 subj | test: 5 subj ===
2026-06-29 16:22:45,442 | [META-RNW] | INFO | meta_classifier_renewed.model_trainers.meta_trainer | Device: cuda | max_epochs=500 | batch=8 | es_patience=30 | lr=1e-04 | wd=1e-02
2026-06-29 16:22:45,443 | [META-RNW] | INFO | meta_classifier_renewed.model_trainers.meta_trainer | CE weights — HC: 0.750  MCI: 1.500
2026-06-29 16:22:45,673 | [META-RNW] | INFO | meta_classifier_renewed.model_trainers.meta_trainer | Ep [001/500] T-Acc:  33.3%  V-Acc:  60.0%  V-AUROC: 0.5000  LR: 2.00e-05
2026-06-29 16:22:45,776 | [META-RNW] | INFO | meta_classifier_renewed.model_trainers.meta_trainer |   ↳ new best AUROC; saved checkpoint: /home/leggo/AIResearch/VOGBasedMCIDetectionSystemMobileViTSingleExperimentInference/outputs/checkpoints/run_20260629_161957_meta_renewed_t123567_mt02/fold_18_best.pth
2026-06-29 16:22:45,996 | [META-RNW] | INFO | meta_classifier_renewed.model_trainers.meta_trainer | Ep [002/500] T-Acc:  44.4%  V-Acc:  40.0%  V-AUROC: 1.0000  LR: 4.00e-05
2026-06-29 16:22:46,112 | [META-RNW] | INFO | meta_classifier_renewed.model_trainers.meta_trainer |   ↳ new best AUROC; saved checkpoint: /home/leggo/AIResearch/VOGBasedMCIDetectionSystemMobileViTSingleExperimentInference/outputs/checkpoints/run_20260629_161957_meta_renewed_t123567_mt02/fold_18_best.pth
2026-06-29 16:22:46,319 | [META-RNW] | INFO | meta_classifier_renewed.model_trainers.meta_trainer | Ep [003/500] T-Acc:  33.3%  V-Acc:  40.0%  V-AUROC: 1.0000  LR: 6.00e-05
2026-06-29 16:22:46,524 | [META-RNW] | INFO | meta_classifier_renewed.model_trainers.meta_trainer | Ep [004/500] T-Acc:   0.0%  V-Acc:  40.0%  V-AUROC: 1.0000  LR: 8.00e-05
2026-06-29 16:22:46,749 | [META-RNW] | INFO | meta_classifier_renewed.model_trainers.meta_trainer | Ep [005/500] T-Acc:  44.4%  V-Acc:  40.0%  V-AUROC: 1.0000  LR: 1.00e-04
2026-06-29 16:22:47,001 | [META-RNW] | INFO | meta_classifier_renewed.model_trainers.meta_trainer | Ep [006/500] T-Acc:  44.4%  V-Acc:  40.0%  V-AUROC: 1.0000  LR: 1.00e-04
2026-06-29 16:22:47,266 | [META-RNW] | INFO | meta_classifier_renewed.model_trainers.meta_trainer | Ep [007/500] T-Acc:  44.4%  V-Acc:  40.0%  V-AUROC: 1.0000  LR: 1.00e-04
2026-06-29 16:22:47,533 | [META-RNW] | INFO | meta_classifier_renewed.model_trainers.meta_trainer | Ep [008/500] T-Acc:  77.8%  V-Acc:  40.0%  V-AUROC: 1.0000  LR: 1.00e-04
2026-06-29 16:22:47,765 | [META-RNW] | INFO | meta_classifier_renewed.model_trainers.meta_trainer | Ep [009/500] T-Acc:  88.9%  V-Acc:  20.0%  V-AUROC: 1.0000  LR: 1.00e-04
2026-06-29 16:22:47,994 | [META-RNW] | INFO | meta_classifier_renewed.model_trainers.meta_trainer | Ep [010/500] T-Acc:  77.8%  V-Acc:  20.0%  V-AUROC: 1.0000  LR: 1.00e-04
2026-06-29 16:22:48,232 | [META-RNW] | INFO | meta_classifier_renewed.model_trainers.meta_trainer | Ep [011/500] T-Acc:  77.8%  V-Acc:  20.0%  V-AUROC: 1.0000  LR: 1.00e-04
2026-06-29 16:22:48,472 | [META-RNW] | INFO | meta_classifier_renewed.model_trainers.meta_trainer | Ep [012/500] T-Acc:  77.8%  V-Acc:  40.0%  V-AUROC: 1.0000  LR: 1.00e-04
2026-06-29 16:22:48,722 | [META-RNW] | INFO | meta_classifier_renewed.model_trainers.meta_trainer | Ep [013/500] T-Acc:  77.8%  V-Acc:  60.0%  V-AUROC: 1.0000  LR: 1.00e-04
2026-06-29 16:22:48,973 | [META-RNW] | INFO | meta_classifier_renewed.model_trainers.meta_trainer | Ep [014/500] T-Acc:  44.4%  V-Acc:  80.0%  V-AUROC: 1.0000  LR: 1.00e-04
2026-06-29 16:22:49,215 | [META-RNW] | INFO | meta_classifier_renewed.model_trainers.meta_trainer | Ep [015/500] T-Acc:  77.8%  V-Acc:  80.0%  V-AUROC: 1.0000  LR: 1.00e-04
2026-06-29 16:22:49,474 | [META-RNW] | INFO | meta_classifier_renewed.model_trainers.meta_trainer | Ep [016/500] T-Acc:  88.9%  V-Acc:  60.0%  V-AUROC: 1.0000  LR: 1.00e-04
2026-06-29 16:22:49,731 | [META-RNW] | INFO | meta_classifier_renewed.model_trainers.meta_trainer | Ep [017/500] T-Acc:  88.9%  V-Acc:  20.0%  V-AUROC: 1.0000  LR: 1.00e-04
2026-06-29 16:22:49,988 | [META-RNW] | INFO | meta_classifier_renewed.model_trainers.meta_trainer | Ep [018/500] T-Acc: 100.0%  V-Acc:  20.0%  V-AUROC: 1.0000  LR: 2.00e-05
2026-06-29 16:22:50,243 | [META-RNW] | INFO | meta_classifier_renewed.model_trainers.meta_trainer | Ep [019/500] T-Acc:  88.9%  V-Acc:  20.0%  V-AUROC: 1.0000  LR: 2.00e-05
2026-06-29 16:22:50,501 | [META-RNW] | INFO | meta_classifier_renewed.model_trainers.meta_trainer | Ep [020/500] T-Acc:  88.9%  V-Acc:  20.0%  V-AUROC: 1.0000  LR: 2.00e-05
2026-06-29 16:22:50,754 | [META-RNW] | INFO | meta_classifier_renewed.model_trainers.meta_trainer | Ep [021/500] T-Acc: 100.0%  V-Acc:  20.0%  V-AUROC: 0.7500  LR: 2.00e-05
2026-06-29 16:22:51,035 | [META-RNW] | INFO | meta_classifier_renewed.model_trainers.meta_trainer | Ep [022/500] T-Acc:  88.9%  V-Acc:  20.0%  V-AUROC: 0.7500  LR: 2.00e-05
2026-06-29 16:22:51,326 | [META-RNW] | INFO | meta_classifier_renewed.model_trainers.meta_trainer | Ep [023/500] T-Acc:  88.9%  V-Acc:  20.0%  V-AUROC: 0.7500  LR: 2.00e-05
2026-06-29 16:22:51,610 | [META-RNW] | INFO | meta_classifier_renewed.model_trainers.meta_trainer | Ep [024/500] T-Acc: 100.0%  V-Acc:  20.0%  V-AUROC: 0.7500  LR: 2.00e-05
2026-06-29 16:22:51,847 | [META-RNW] | INFO | meta_classifier_renewed.model_trainers.meta_trainer | Ep [025/500] T-Acc:  88.9%  V-Acc:  20.0%  V-AUROC: 0.7500  LR: 2.00e-05
2026-06-29 16:22:52,087 | [META-RNW] | INFO | meta_classifier_renewed.model_trainers.meta_trainer | Ep [026/500] T-Acc: 100.0%  V-Acc:  20.0%  V-AUROC: 0.7500  LR: 2.00e-05
2026-06-29 16:22:52,356 | [META-RNW] | INFO | meta_classifier_renewed.model_trainers.meta_trainer | Ep [027/500] T-Acc: 100.0%  V-Acc:  20.0%  V-AUROC: 0.7500  LR: 2.00e-05
2026-06-29 16:22:52,656 | [META-RNW] | INFO | meta_classifier_renewed.model_trainers.meta_trainer | Ep [028/500] T-Acc:  88.9%  V-Acc:  20.0%  V-AUROC: 0.7500  LR: 2.00e-05
2026-06-29 16:22:52,880 | [META-RNW] | INFO | meta_classifier_renewed.model_trainers.meta_trainer | Ep [029/500] T-Acc: 100.0%  V-Acc:  20.0%  V-AUROC: 0.7500  LR: 4.00e-06
2026-06-29 16:22:53,090 | [META-RNW] | INFO | meta_classifier_renewed.model_trainers.meta_trainer | Ep [030/500] T-Acc: 100.0%  V-Acc:  20.0%  V-AUROC: 0.7500  LR: 4.00e-06
2026-06-29 16:22:53,298 | [META-RNW] | INFO | meta_classifier_renewed.model_trainers.meta_trainer | Ep [031/500] T-Acc:  88.9%  V-Acc:  20.0%  V-AUROC: 0.7500  LR: 4.00e-06
2026-06-29 16:22:53,508 | [META-RNW] | INFO | meta_classifier_renewed.model_trainers.meta_trainer | Ep [032/500] T-Acc: 100.0%  V-Acc:  20.0%  V-AUROC: 0.7500  LR: 4.00e-06
2026-06-29 16:22:53,509 | [META-RNW] | INFO | meta_classifier_renewed.model_trainers.meta_trainer | Early stop — best AUROC 1.0000 at epoch 2 (no improvement for 30 epochs)
2026-06-29 16:22:53,509 | [META-RNW] | INFO | meta_classifier_renewed.model_trainers.meta_trainer | Done. Best AUROC: 1.0000 (epoch 2)
2026-06-29 16:22:53,672 | [META-RNW] | INFO | meta_classifier_renewed.model_trainers.meta_trainer | Restored best-AUROC checkpoint into model (epoch 2, AUROC 1.0000).
2026-06-29 16:22:53,724 | [META-RNW] | INFO | meta_classifier_renewed.evaluators.monte_carlo_evaluator | -> Fold 19 Result | Acc=0.400 Sens=0.250 Spec=1.000 AUROC=1.000 (Fixed Threshold: 0.5)
2026-06-29 16:22:53,735 | [META-RNW] | INFO | meta_classifier_renewed.evaluators.monte_carlo_evaluator | === Fold 20/30 | train: 9 subj | test: 5 subj ===
2026-06-29 16:22:53,750 | [META-RNW] | INFO | meta_classifier_renewed.model_trainers.meta_trainer | Device: cuda | max_epochs=500 | batch=8 | es_patience=30 | lr=1e-04 | wd=1e-02
2026-06-29 16:22:53,752 | [META-RNW] | INFO | meta_classifier_renewed.model_trainers.meta_trainer | CE weights — HC: 1.125  MCI: 0.900
2026-06-29 16:22:53,984 | [META-RNW] | INFO | meta_classifier_renewed.model_trainers.meta_trainer | Ep [001/500] T-Acc:  55.6%  V-Acc:  60.0%  V-AUROC: 0.5000  LR: 2.00e-05
2026-06-29 16:22:54,088 | [META-RNW] | INFO | meta_classifier_renewed.model_trainers.meta_trainer |   ↳ new best AUROC; saved checkpoint: /home/leggo/AIResearch/VOGBasedMCIDetectionSystemMobileViTSingleExperimentInference/outputs/checkpoints/run_20260629_161957_meta_renewed_t123567_mt02/fold_19_best.pth
2026-06-29 16:22:54,310 | [META-RNW] | INFO | meta_classifier_renewed.model_trainers.meta_trainer | Ep [002/500] T-Acc:  44.4%  V-Acc:  60.0%  V-AUROC: 0.5000  LR: 4.00e-05
2026-06-29 16:22:54,574 | [META-RNW] | INFO | meta_classifier_renewed.model_trainers.meta_trainer | Ep [003/500] T-Acc:  44.4%  V-Acc:  60.0%  V-AUROC: 0.5000  LR: 6.00e-05
2026-06-29 16:22:54,805 | [META-RNW] | INFO | meta_classifier_renewed.model_trainers.meta_trainer | Ep [004/500] T-Acc:  44.4%  V-Acc:  60.0%  V-AUROC: 0.5000  LR: 8.00e-05
2026-06-29 16:22:55,049 | [META-RNW] | INFO | meta_classifier_renewed.model_trainers.meta_trainer | Ep [005/500] T-Acc:  66.7%  V-Acc:  60.0%  V-AUROC: 0.5000  LR: 1.00e-04
2026-06-29 16:22:55,323 | [META-RNW] | INFO | meta_classifier_renewed.model_trainers.meta_trainer | Ep [006/500] T-Acc:  77.8%  V-Acc:  60.0%  V-AUROC: 0.5000  LR: 1.00e-04
2026-06-29 16:22:55,571 | [META-RNW] | INFO | meta_classifier_renewed.model_trainers.meta_trainer | Ep [007/500] T-Acc:  66.7%  V-Acc:  80.0%  V-AUROC: 0.5000  LR: 1.00e-04
2026-06-29 16:22:55,846 | [META-RNW] | INFO | meta_classifier_renewed.model_trainers.meta_trainer | Ep [008/500] T-Acc:  66.7%  V-Acc:  40.0%  V-AUROC: 0.6667  LR: 1.00e-04
2026-06-29 16:22:55,973 | [META-RNW] | INFO | meta_classifier_renewed.model_trainers.meta_trainer |   ↳ new best AUROC; saved checkpoint: /home/leggo/AIResearch/VOGBasedMCIDetectionSystemMobileViTSingleExperimentInference/outputs/checkpoints/run_20260629_161957_meta_renewed_t123567_mt02/fold_19_best.pth
2026-06-29 16:22:56,250 | [META-RNW] | INFO | meta_classifier_renewed.model_trainers.meta_trainer | Ep [009/500] T-Acc:  77.8%  V-Acc:  40.0%  V-AUROC: 0.6667  LR: 1.00e-04
2026-06-29 16:22:56,509 | [META-RNW] | INFO | meta_classifier_renewed.model_trainers.meta_trainer | Ep [010/500] T-Acc:  66.7%  V-Acc:  40.0%  V-AUROC: 0.6667  LR: 1.00e-04
2026-06-29 16:22:56,800 | [META-RNW] | INFO | meta_classifier_renewed.model_trainers.meta_trainer | Ep [011/500] T-Acc:  88.9%  V-Acc:  40.0%  V-AUROC: 0.6667  LR: 1.00e-04
2026-06-29 16:22:57,127 | [META-RNW] | INFO | meta_classifier_renewed.model_trainers.meta_trainer | Ep [012/500] T-Acc:  55.6%  V-Acc:  40.0%  V-AUROC: 0.5000  LR: 1.00e-04
2026-06-29 16:22:57,381 | [META-RNW] | INFO | meta_classifier_renewed.model_trainers.meta_trainer | Ep [013/500] T-Acc:  77.8%  V-Acc:  40.0%  V-AUROC: 0.5000  LR: 1.00e-04
2026-06-29 16:22:57,602 | [META-RNW] | INFO | meta_classifier_renewed.model_trainers.meta_trainer | Ep [014/500] T-Acc:  77.8%  V-Acc:  40.0%  V-AUROC: 0.5000  LR: 1.00e-04
2026-06-29 16:22:57,822 | [META-RNW] | INFO | meta_classifier_renewed.model_trainers.meta_trainer | Ep [015/500] T-Acc:  66.7%  V-Acc:  20.0%  V-AUROC: 0.5000  LR: 1.00e-04
2026-06-29 16:22:58,034 | [META-RNW] | INFO | meta_classifier_renewed.model_trainers.meta_trainer | Ep [016/500] T-Acc:  88.9%  V-Acc:  20.0%  V-AUROC: 0.5000  LR: 1.00e-04
2026-06-29 16:22:58,251 | [META-RNW] | INFO | meta_classifier_renewed.model_trainers.meta_trainer | Ep [017/500] T-Acc: 100.0%  V-Acc:  60.0%  V-AUROC: 0.5000  LR: 1.00e-04
2026-06-29 16:22:58,464 | [META-RNW] | INFO | meta_classifier_renewed.model_trainers.meta_trainer | Ep [018/500] T-Acc: 100.0%  V-Acc:  60.0%  V-AUROC: 0.5000  LR: 1.00e-04
2026-06-29 16:22:58,674 | [META-RNW] | INFO | meta_classifier_renewed.model_trainers.meta_trainer | Ep [019/500] T-Acc: 100.0%  V-Acc:  60.0%  V-AUROC: 0.5000  LR: 1.00e-04
2026-06-29 16:22:58,890 | [META-RNW] | INFO | meta_classifier_renewed.model_trainers.meta_trainer | Ep [020/500] T-Acc: 100.0%  V-Acc:  60.0%  V-AUROC: 0.5000  LR: 2.00e-05
2026-06-29 16:22:59,118 | [META-RNW] | INFO | meta_classifier_renewed.model_trainers.meta_trainer | Ep [021/500] T-Acc:  88.9%  V-Acc:  60.0%  V-AUROC: 0.5000  LR: 2.00e-05
2026-06-29 16:22:59,342 | [META-RNW] | INFO | meta_classifier_renewed.model_trainers.meta_trainer | Ep [022/500] T-Acc: 100.0%  V-Acc:  60.0%  V-AUROC: 0.5000  LR: 2.00e-05
2026-06-29 16:22:59,568 | [META-RNW] | INFO | meta_classifier_renewed.model_trainers.meta_trainer | Ep [023/500] T-Acc:  88.9%  V-Acc:  60.0%  V-AUROC: 0.5000  LR: 2.00e-05
2026-06-29 16:22:59,795 | [META-RNW] | INFO | meta_classifier_renewed.model_trainers.meta_trainer | Ep [024/500] T-Acc: 100.0%  V-Acc:  60.0%  V-AUROC: 0.5000  LR: 2.00e-05
2026-06-29 16:23:00,015 | [META-RNW] | INFO | meta_classifier_renewed.model_trainers.meta_trainer | Ep [025/500] T-Acc: 100.0%  V-Acc:  60.0%  V-AUROC: 0.5000  LR: 2.00e-05
2026-06-29 16:23:00,251 | [META-RNW] | INFO | meta_classifier_renewed.model_trainers.meta_trainer | Ep [026/500] T-Acc: 100.0%  V-Acc:  60.0%  V-AUROC: 0.5000  LR: 2.00e-05
2026-06-29 16:23:00,513 | [META-RNW] | INFO | meta_classifier_renewed.model_trainers.meta_trainer | Ep [027/500] T-Acc: 100.0%  V-Acc:  60.0%  V-AUROC: 0.5000  LR: 2.00e-05
2026-06-29 16:23:00,809 | [META-RNW] | INFO | meta_classifier_renewed.model_trainers.meta_trainer | Ep [028/500] T-Acc: 100.0%  V-Acc:  60.0%  V-AUROC: 0.5000  LR: 2.00e-05
2026-06-29 16:23:01,072 | [META-RNW] | INFO | meta_classifier_renewed.model_trainers.meta_trainer | Ep [029/500] T-Acc: 100.0%  V-Acc:  60.0%  V-AUROC: 0.5000  LR: 2.00e-05
2026-06-29 16:23:01,344 | [META-RNW] | INFO | meta_classifier_renewed.model_trainers.meta_trainer | Ep [030/500] T-Acc: 100.0%  V-Acc:  60.0%  V-AUROC: 0.5000  LR: 2.00e-05
2026-06-29 16:23:01,620 | [META-RNW] | INFO | meta_classifier_renewed.model_trainers.meta_trainer | Ep [031/500] T-Acc:  88.9%  V-Acc:  60.0%  V-AUROC: 0.5000  LR: 4.00e-06
2026-06-29 16:23:01,911 | [META-RNW] | INFO | meta_classifier_renewed.model_trainers.meta_trainer | Ep [032/500] T-Acc: 100.0%  V-Acc:  60.0%  V-AUROC: 0.5000  LR: 4.00e-06
2026-06-29 16:23:02,186 | [META-RNW] | INFO | meta_classifier_renewed.model_trainers.meta_trainer | Ep [033/500] T-Acc: 100.0%  V-Acc:  60.0%  V-AUROC: 0.5000  LR: 4.00e-06
2026-06-29 16:23:02,443 | [META-RNW] | INFO | meta_classifier_renewed.model_trainers.meta_trainer | Ep [034/500] T-Acc: 100.0%  V-Acc:  60.0%  V-AUROC: 0.5000  LR: 4.00e-06
2026-06-29 16:23:02,698 | [META-RNW] | INFO | meta_classifier_renewed.model_trainers.meta_trainer | Ep [035/500] T-Acc: 100.0%  V-Acc:  60.0%  V-AUROC: 0.5000  LR: 4.00e-06
2026-06-29 16:23:02,972 | [META-RNW] | INFO | meta_classifier_renewed.model_trainers.meta_trainer | Ep [036/500] T-Acc: 100.0%  V-Acc:  60.0%  V-AUROC: 0.5000  LR: 4.00e-06
2026-06-29 16:23:03,262 | [META-RNW] | INFO | meta_classifier_renewed.model_trainers.meta_trainer | Ep [037/500] T-Acc: 100.0%  V-Acc:  60.0%  V-AUROC: 0.5000  LR: 4.00e-06
2026-06-29 16:23:03,547 | [META-RNW] | INFO | meta_classifier_renewed.model_trainers.meta_trainer | Ep [038/500] T-Acc: 100.0%  V-Acc:  60.0%  V-AUROC: 0.5000  LR: 4.00e-06
2026-06-29 16:23:03,547 | [META-RNW] | INFO | meta_classifier_renewed.model_trainers.meta_trainer | Early stop — best AUROC 0.6667 at epoch 8 (no improvement for 30 epochs)
2026-06-29 16:23:03,547 | [META-RNW] | INFO | meta_classifier_renewed.model_trainers.meta_trainer | Done. Best AUROC: 0.6667 (epoch 8)
2026-06-29 16:23:03,719 | [META-RNW] | INFO | meta_classifier_renewed.model_trainers.meta_trainer | Restored best-AUROC checkpoint into model (epoch 8, AUROC 0.6667).
2026-06-29 16:23:03,768 | [META-RNW] | INFO | meta_classifier_renewed.evaluators.monte_carlo_evaluator | -> Fold 20 Result | Acc=0.400 Sens=0.500 Spec=0.333 AUROC=0.667 (Fixed Threshold: 0.5)
2026-06-29 16:23:03,776 | [META-RNW] | INFO | meta_classifier_renewed.evaluators.monte_carlo_evaluator | === Fold 21/30 | train: 9 subj | test: 5 subj ===
2026-06-29 16:23:03,789 | [META-RNW] | INFO | meta_classifier_renewed.model_trainers.meta_trainer | Device: cuda | max_epochs=500 | batch=8 | es_patience=30 | lr=1e-04 | wd=1e-02
2026-06-29 16:23:03,790 | [META-RNW] | INFO | meta_classifier_renewed.model_trainers.meta_trainer | CE weights — HC: 0.900  MCI: 1.125
2026-06-29 16:23:04,040 | [META-RNW] | INFO | meta_classifier_renewed.model_trainers.meta_trainer | Ep [001/500] T-Acc:  44.4%  V-Acc:  20.0%  V-AUROC: 0.1667  LR: 2.00e-05
2026-06-29 16:23:04,152 | [META-RNW] | INFO | meta_classifier_renewed.model_trainers.meta_trainer |   ↳ new best AUROC; saved checkpoint: /home/leggo/AIResearch/VOGBasedMCIDetectionSystemMobileViTSingleExperimentInference/outputs/checkpoints/run_20260629_161957_meta_renewed_t123567_mt02/fold_20_best.pth
2026-06-29 16:23:04,383 | [META-RNW] | INFO | meta_classifier_renewed.model_trainers.meta_trainer | Ep [002/500] T-Acc:  55.6%  V-Acc:  40.0%  V-AUROC: 0.1667  LR: 4.00e-05
2026-06-29 16:23:04,631 | [META-RNW] | INFO | meta_classifier_renewed.model_trainers.meta_trainer | Ep [003/500] T-Acc:  22.2%  V-Acc:  40.0%  V-AUROC: 0.1667  LR: 6.00e-05
2026-06-29 16:23:04,887 | [META-RNW] | INFO | meta_classifier_renewed.model_trainers.meta_trainer | Ep [004/500] T-Acc:  66.7%  V-Acc:  40.0%  V-AUROC: 0.1667  LR: 8.00e-05
2026-06-29 16:23:05,140 | [META-RNW] | INFO | meta_classifier_renewed.model_trainers.meta_trainer | Ep [005/500] T-Acc:  44.4%  V-Acc:  40.0%  V-AUROC: 0.1667  LR: 1.00e-04
2026-06-29 16:23:05,384 | [META-RNW] | INFO | meta_classifier_renewed.model_trainers.meta_trainer | Ep [006/500] T-Acc:  88.9%  V-Acc:  40.0%  V-AUROC: 0.3333  LR: 1.00e-04
2026-06-29 16:23:05,507 | [META-RNW] | INFO | meta_classifier_renewed.model_trainers.meta_trainer |   ↳ new best AUROC; saved checkpoint: /home/leggo/AIResearch/VOGBasedMCIDetectionSystemMobileViTSingleExperimentInference/outputs/checkpoints/run_20260629_161957_meta_renewed_t123567_mt02/fold_20_best.pth
2026-06-29 16:23:05,761 | [META-RNW] | INFO | meta_classifier_renewed.model_trainers.meta_trainer | Ep [007/500] T-Acc:  66.7%  V-Acc:  40.0%  V-AUROC: 0.3333  LR: 1.00e-04
2026-06-29 16:23:06,077 | [META-RNW] | INFO | meta_classifier_renewed.model_trainers.meta_trainer | Ep [008/500] T-Acc:  66.7%  V-Acc:  40.0%  V-AUROC: 0.3333  LR: 1.00e-04
2026-06-29 16:23:06,358 | [META-RNW] | INFO | meta_classifier_renewed.model_trainers.meta_trainer | Ep [009/500] T-Acc:  88.9%  V-Acc:  40.0%  V-AUROC: 0.3333  LR: 1.00e-04
2026-06-29 16:23:06,629 | [META-RNW] | INFO | meta_classifier_renewed.model_trainers.meta_trainer | Ep [010/500] T-Acc:  88.9%  V-Acc:  40.0%  V-AUROC: 0.3333  LR: 1.00e-04
2026-06-29 16:23:06,941 | [META-RNW] | INFO | meta_classifier_renewed.model_trainers.meta_trainer | Ep [011/500] T-Acc: 100.0%  V-Acc:  40.0%  V-AUROC: 0.3333  LR: 1.00e-04
2026-06-29 16:23:07,221 | [META-RNW] | INFO | meta_classifier_renewed.model_trainers.meta_trainer | Ep [012/500] T-Acc: 100.0%  V-Acc:  40.0%  V-AUROC: 0.3333  LR: 1.00e-04
2026-06-29 16:23:07,447 | [META-RNW] | INFO | meta_classifier_renewed.model_trainers.meta_trainer | Ep [013/500] T-Acc:  88.9%  V-Acc:  40.0%  V-AUROC: 0.3333  LR: 1.00e-04
2026-06-29 16:23:07,685 | [META-RNW] | INFO | meta_classifier_renewed.model_trainers.meta_trainer | Ep [014/500] T-Acc: 100.0%  V-Acc:  40.0%  V-AUROC: 0.3333  LR: 1.00e-04
2026-06-29 16:23:07,919 | [META-RNW] | INFO | meta_classifier_renewed.model_trainers.meta_trainer | Ep [015/500] T-Acc: 100.0%  V-Acc:  40.0%  V-AUROC: 0.3333  LR: 1.00e-04
2026-06-29 16:23:08,182 | [META-RNW] | INFO | meta_classifier_renewed.model_trainers.meta_trainer | Ep [016/500] T-Acc: 100.0%  V-Acc:  40.0%  V-AUROC: 0.3333  LR: 1.00e-04
2026-06-29 16:23:08,457 | [META-RNW] | INFO | meta_classifier_renewed.model_trainers.meta_trainer | Ep [017/500] T-Acc: 100.0%  V-Acc:  40.0%  V-AUROC: 0.3333  LR: 1.00e-04
2026-06-29 16:23:08,727 | [META-RNW] | INFO | meta_classifier_renewed.model_trainers.meta_trainer | Ep [018/500] T-Acc: 100.0%  V-Acc:  40.0%  V-AUROC: 0.3333  LR: 2.00e-05
2026-06-29 16:23:08,979 | [META-RNW] | INFO | meta_classifier_renewed.model_trainers.meta_trainer | Ep [019/500] T-Acc: 100.0%  V-Acc:  40.0%  V-AUROC: 0.3333  LR: 2.00e-05
2026-06-29 16:23:09,239 | [META-RNW] | INFO | meta_classifier_renewed.model_trainers.meta_trainer | Ep [020/500] T-Acc: 100.0%  V-Acc:  40.0%  V-AUROC: 0.3333  LR: 2.00e-05
2026-06-29 16:23:09,493 | [META-RNW] | INFO | meta_classifier_renewed.model_trainers.meta_trainer | Ep [021/500] T-Acc: 100.0%  V-Acc:  40.0%  V-AUROC: 0.3333  LR: 2.00e-05
2026-06-29 16:23:09,749 | [META-RNW] | INFO | meta_classifier_renewed.model_trainers.meta_trainer | Ep [022/500] T-Acc: 100.0%  V-Acc:  40.0%  V-AUROC: 0.3333  LR: 2.00e-05
2026-06-29 16:23:09,990 | [META-RNW] | INFO | meta_classifier_renewed.model_trainers.meta_trainer | Ep [023/500] T-Acc: 100.0%  V-Acc:  40.0%  V-AUROC: 0.3333  LR: 2.00e-05
2026-06-29 16:23:10,227 | [META-RNW] | INFO | meta_classifier_renewed.model_trainers.meta_trainer | Ep [024/500] T-Acc: 100.0%  V-Acc:  40.0%  V-AUROC: 0.3333  LR: 2.00e-05
2026-06-29 16:23:10,468 | [META-RNW] | INFO | meta_classifier_renewed.model_trainers.meta_trainer | Ep [025/500] T-Acc: 100.0%  V-Acc:  40.0%  V-AUROC: 0.3333  LR: 2.00e-05
2026-06-29 16:23:10,718 | [META-RNW] | INFO | meta_classifier_renewed.model_trainers.meta_trainer | Ep [026/500] T-Acc: 100.0%  V-Acc:  40.0%  V-AUROC: 0.3333  LR: 2.00e-05
2026-06-29 16:23:10,970 | [META-RNW] | INFO | meta_classifier_renewed.model_trainers.meta_trainer | Ep [027/500] T-Acc: 100.0%  V-Acc:  40.0%  V-AUROC: 0.3333  LR: 2.00e-05
2026-06-29 16:23:11,202 | [META-RNW] | INFO | meta_classifier_renewed.model_trainers.meta_trainer | Ep [028/500] T-Acc: 100.0%  V-Acc:  40.0%  V-AUROC: 0.3333  LR: 2.00e-05
2026-06-29 16:23:11,427 | [META-RNW] | INFO | meta_classifier_renewed.model_trainers.meta_trainer | Ep [029/500] T-Acc: 100.0%  V-Acc:  40.0%  V-AUROC: 0.3333  LR: 4.00e-06
2026-06-29 16:23:11,665 | [META-RNW] | INFO | meta_classifier_renewed.model_trainers.meta_trainer | Ep [030/500] T-Acc: 100.0%  V-Acc:  40.0%  V-AUROC: 0.3333  LR: 4.00e-06
2026-06-29 16:23:11,924 | [META-RNW] | INFO | meta_classifier_renewed.model_trainers.meta_trainer | Ep [031/500] T-Acc: 100.0%  V-Acc:  40.0%  V-AUROC: 0.3333  LR: 4.00e-06
2026-06-29 16:23:12,217 | [META-RNW] | INFO | meta_classifier_renewed.model_trainers.meta_trainer | Ep [032/500] T-Acc: 100.0%  V-Acc:  40.0%  V-AUROC: 0.3333  LR: 4.00e-06
2026-06-29 16:23:12,476 | [META-RNW] | INFO | meta_classifier_renewed.model_trainers.meta_trainer | Ep [033/500] T-Acc: 100.0%  V-Acc:  40.0%  V-AUROC: 0.3333  LR: 4.00e-06
2026-06-29 16:23:12,730 | [META-RNW] | INFO | meta_classifier_renewed.model_trainers.meta_trainer | Ep [034/500] T-Acc: 100.0%  V-Acc:  40.0%  V-AUROC: 0.3333  LR: 4.00e-06
2026-06-29 16:23:12,994 | [META-RNW] | INFO | meta_classifier_renewed.model_trainers.meta_trainer | Ep [035/500] T-Acc: 100.0%  V-Acc:  40.0%  V-AUROC: 0.3333  LR: 4.00e-06
2026-06-29 16:23:13,242 | [META-RNW] | INFO | meta_classifier_renewed.model_trainers.meta_trainer | Ep [036/500] T-Acc: 100.0%  V-Acc:  40.0%  V-AUROC: 0.3333  LR: 4.00e-06
2026-06-29 16:23:13,242 | [META-RNW] | INFO | meta_classifier_renewed.model_trainers.meta_trainer | Early stop — best AUROC 0.3333 at epoch 6 (no improvement for 30 epochs)
2026-06-29 16:23:13,243 | [META-RNW] | INFO | meta_classifier_renewed.model_trainers.meta_trainer | Done. Best AUROC: 0.3333 (epoch 6)
2026-06-29 16:23:13,404 | [META-RNW] | INFO | meta_classifier_renewed.model_trainers.meta_trainer | Restored best-AUROC checkpoint into model (epoch 6, AUROC 0.3333).
2026-06-29 16:23:13,455 | [META-RNW] | INFO | meta_classifier_renewed.evaluators.monte_carlo_evaluator | -> Fold 21 Result | Acc=0.400 Sens=0.000 Spec=1.000 AUROC=0.333 (Fixed Threshold: 0.5)
2026-06-29 16:23:13,464 | [META-RNW] | INFO | meta_classifier_renewed.evaluators.monte_carlo_evaluator | === Fold 22/30 | train: 9 subj | test: 5 subj ===
2026-06-29 16:23:13,479 | [META-RNW] | INFO | meta_classifier_renewed.model_trainers.meta_trainer | Device: cuda | max_epochs=500 | batch=8 | es_patience=30 | lr=1e-04 | wd=1e-02
2026-06-29 16:23:13,480 | [META-RNW] | INFO | meta_classifier_renewed.model_trainers.meta_trainer | CE weights — HC: 1.125  MCI: 0.900
2026-06-29 16:23:13,701 | [META-RNW] | INFO | meta_classifier_renewed.model_trainers.meta_trainer | Ep [001/500] T-Acc:  44.4%  V-Acc:  40.0%  V-AUROC: 0.6667  LR: 2.00e-05
2026-06-29 16:23:13,804 | [META-RNW] | INFO | meta_classifier_renewed.model_trainers.meta_trainer |   ↳ new best AUROC; saved checkpoint: /home/leggo/AIResearch/VOGBasedMCIDetectionSystemMobileViTSingleExperimentInference/outputs/checkpoints/run_20260629_161957_meta_renewed_t123567_mt02/fold_21_best.pth
2026-06-29 16:23:14,032 | [META-RNW] | INFO | meta_classifier_renewed.model_trainers.meta_trainer | Ep [002/500] T-Acc:  66.7%  V-Acc:  60.0%  V-AUROC: 0.6667  LR: 4.00e-05
2026-06-29 16:23:14,260 | [META-RNW] | INFO | meta_classifier_renewed.model_trainers.meta_trainer | Ep [003/500] T-Acc:  55.6%  V-Acc:  60.0%  V-AUROC: 0.6667  LR: 6.00e-05
2026-06-29 16:23:14,500 | [META-RNW] | INFO | meta_classifier_renewed.model_trainers.meta_trainer | Ep [004/500] T-Acc:  55.6%  V-Acc:  60.0%  V-AUROC: 0.5000  LR: 8.00e-05
2026-06-29 16:23:14,751 | [META-RNW] | INFO | meta_classifier_renewed.model_trainers.meta_trainer | Ep [005/500] T-Acc:  77.8%  V-Acc:  40.0%  V-AUROC: 0.5000  LR: 1.00e-04
2026-06-29 16:23:15,039 | [META-RNW] | INFO | meta_classifier_renewed.model_trainers.meta_trainer | Ep [006/500] T-Acc:  77.8%  V-Acc:  40.0%  V-AUROC: 0.0000  LR: 1.00e-04
2026-06-29 16:23:15,324 | [META-RNW] | INFO | meta_classifier_renewed.model_trainers.meta_trainer | Ep [007/500] T-Acc:  66.7%  V-Acc:  20.0%  V-AUROC: 0.0000  LR: 1.00e-04
2026-06-29 16:23:15,591 | [META-RNW] | INFO | meta_classifier_renewed.model_trainers.meta_trainer | Ep [008/500] T-Acc:  77.8%  V-Acc:  40.0%  V-AUROC: 0.0000  LR: 1.00e-04
2026-06-29 16:23:15,841 | [META-RNW] | INFO | meta_classifier_renewed.model_trainers.meta_trainer | Ep [009/500] T-Acc: 100.0%  V-Acc:  40.0%  V-AUROC: 0.0000  LR: 1.00e-04
2026-06-29 16:23:16,096 | [META-RNW] | INFO | meta_classifier_renewed.model_trainers.meta_trainer | Ep [010/500] T-Acc: 100.0%  V-Acc:  40.0%  V-AUROC: 0.0000  LR: 1.00e-04
2026-06-29 16:23:16,341 | [META-RNW] | INFO | meta_classifier_renewed.model_trainers.meta_trainer | Ep [011/500] T-Acc: 100.0%  V-Acc:  40.0%  V-AUROC: 0.0000  LR: 1.00e-04
2026-06-29 16:23:16,609 | [META-RNW] | INFO | meta_classifier_renewed.model_trainers.meta_trainer | Ep [012/500] T-Acc:  88.9%  V-Acc:  40.0%  V-AUROC: 0.0000  LR: 1.00e-04
2026-06-29 16:23:16,847 | [META-RNW] | INFO | meta_classifier_renewed.model_trainers.meta_trainer | Ep [013/500] T-Acc: 100.0%  V-Acc:  40.0%  V-AUROC: 0.0000  LR: 1.00e-04
2026-06-29 16:23:17,104 | [META-RNW] | INFO | meta_classifier_renewed.model_trainers.meta_trainer | Ep [014/500] T-Acc: 100.0%  V-Acc:  20.0%  V-AUROC: 0.0000  LR: 1.00e-04
2026-06-29 16:23:17,342 | [META-RNW] | INFO | meta_classifier_renewed.model_trainers.meta_trainer | Ep [015/500] T-Acc:  77.8%  V-Acc:  20.0%  V-AUROC: 0.0000  LR: 1.00e-04
2026-06-29 16:23:17,597 | [META-RNW] | INFO | meta_classifier_renewed.model_trainers.meta_trainer | Ep [016/500] T-Acc: 100.0%  V-Acc:  40.0%  V-AUROC: 0.1667  LR: 1.00e-04
2026-06-29 16:23:17,851 | [META-RNW] | INFO | meta_classifier_renewed.model_trainers.meta_trainer | Ep [017/500] T-Acc: 100.0%  V-Acc:  40.0%  V-AUROC: 0.1667  LR: 1.00e-04
2026-06-29 16:23:18,090 | [META-RNW] | INFO | meta_classifier_renewed.model_trainers.meta_trainer | Ep [018/500] T-Acc: 100.0%  V-Acc:  40.0%  V-AUROC: 0.1667  LR: 1.00e-04
2026-06-29 16:23:18,325 | [META-RNW] | INFO | meta_classifier_renewed.model_trainers.meta_trainer | Ep [019/500] T-Acc: 100.0%  V-Acc:  40.0%  V-AUROC: 0.1667  LR: 1.00e-04
2026-06-29 16:23:18,576 | [META-RNW] | INFO | meta_classifier_renewed.model_trainers.meta_trainer | Ep [020/500] T-Acc: 100.0%  V-Acc:  40.0%  V-AUROC: 0.1667  LR: 1.00e-04
2026-06-29 16:23:18,837 | [META-RNW] | INFO | meta_classifier_renewed.model_trainers.meta_trainer | Ep [021/500] T-Acc: 100.0%  V-Acc:  40.0%  V-AUROC: 0.1667  LR: 1.00e-04
2026-06-29 16:23:19,095 | [META-RNW] | INFO | meta_classifier_renewed.model_trainers.meta_trainer | Ep [022/500] T-Acc: 100.0%  V-Acc:  40.0%  V-AUROC: 0.3333  LR: 1.00e-04
2026-06-29 16:23:19,347 | [META-RNW] | INFO | meta_classifier_renewed.model_trainers.meta_trainer | Ep [023/500] T-Acc: 100.0%  V-Acc:  40.0%  V-AUROC: 0.3333  LR: 1.00e-04
2026-06-29 16:23:19,620 | [META-RNW] | INFO | meta_classifier_renewed.model_trainers.meta_trainer | Ep [024/500] T-Acc: 100.0%  V-Acc:  40.0%  V-AUROC: 0.3333  LR: 1.00e-04
2026-06-29 16:23:19,855 | [META-RNW] | INFO | meta_classifier_renewed.model_trainers.meta_trainer | Ep [025/500] T-Acc: 100.0%  V-Acc:  20.0%  V-AUROC: 0.3333  LR: 1.00e-04
2026-06-29 16:23:20,083 | [META-RNW] | INFO | meta_classifier_renewed.model_trainers.meta_trainer | Ep [026/500] T-Acc: 100.0%  V-Acc:  20.0%  V-AUROC: 0.3333  LR: 1.00e-04
2026-06-29 16:23:20,306 | [META-RNW] | INFO | meta_classifier_renewed.model_trainers.meta_trainer | Ep [027/500] T-Acc: 100.0%  V-Acc:  20.0%  V-AUROC: 0.3333  LR: 1.00e-04
2026-06-29 16:23:20,526 | [META-RNW] | INFO | meta_classifier_renewed.model_trainers.meta_trainer | Ep [028/500] T-Acc: 100.0%  V-Acc:  20.0%  V-AUROC: 0.3333  LR: 1.00e-04
2026-06-29 16:23:20,768 | [META-RNW] | INFO | meta_classifier_renewed.model_trainers.meta_trainer | Ep [029/500] T-Acc: 100.0%  V-Acc:  20.0%  V-AUROC: 0.3333  LR: 1.00e-04
2026-06-29 16:23:21,030 | [META-RNW] | INFO | meta_classifier_renewed.model_trainers.meta_trainer | Ep [030/500] T-Acc: 100.0%  V-Acc:  20.0%  V-AUROC: 0.3333  LR: 1.00e-04
2026-06-29 16:23:21,334 | [META-RNW] | INFO | meta_classifier_renewed.model_trainers.meta_trainer | Ep [031/500] T-Acc: 100.0%  V-Acc:  20.0%  V-AUROC: 0.3333  LR: 1.00e-04
2026-06-29 16:23:21,335 | [META-RNW] | INFO | meta_classifier_renewed.model_trainers.meta_trainer | Early stop — best AUROC 0.6667 at epoch 1 (no improvement for 30 epochs)
2026-06-29 16:23:21,335 | [META-RNW] | INFO | meta_classifier_renewed.model_trainers.meta_trainer | Done. Best AUROC: 0.6667 (epoch 1)
2026-06-29 16:23:21,506 | [META-RNW] | INFO | meta_classifier_renewed.model_trainers.meta_trainer | Restored best-AUROC checkpoint into model (epoch 1, AUROC 0.6667).
2026-06-29 16:23:21,560 | [META-RNW] | INFO | meta_classifier_renewed.evaluators.monte_carlo_evaluator | -> Fold 22 Result | Acc=0.400 Sens=0.000 Spec=0.667 AUROC=0.667 (Fixed Threshold: 0.5)
2026-06-29 16:23:21,568 | [META-RNW] | INFO | meta_classifier_renewed.evaluators.monte_carlo_evaluator | === Fold 23/30 | train: 9 subj | test: 5 subj ===
2026-06-29 16:23:21,583 | [META-RNW] | INFO | meta_classifier_renewed.model_trainers.meta_trainer | Device: cuda | max_epochs=500 | batch=8 | es_patience=30 | lr=1e-04 | wd=1e-02
2026-06-29 16:23:21,584 | [META-RNW] | INFO | meta_classifier_renewed.model_trainers.meta_trainer | CE weights — HC: 1.500  MCI: 0.750
2026-06-29 16:23:21,834 | [META-RNW] | INFO | meta_classifier_renewed.model_trainers.meta_trainer | Ep [001/500] T-Acc:  44.4%  V-Acc:  80.0%  V-AUROC: 1.0000  LR: 2.00e-05
2026-06-29 16:23:21,940 | [META-RNW] | INFO | meta_classifier_renewed.model_trainers.meta_trainer |   ↳ new best AUROC; saved checkpoint: /home/leggo/AIResearch/VOGBasedMCIDetectionSystemMobileViTSingleExperimentInference/outputs/checkpoints/run_20260629_161957_meta_renewed_t123567_mt02/fold_22_best.pth
2026-06-29 16:23:22,189 | [META-RNW] | INFO | meta_classifier_renewed.model_trainers.meta_trainer | Ep [002/500] T-Acc:  66.7%  V-Acc:  80.0%  V-AUROC: 1.0000  LR: 4.00e-05
2026-06-29 16:23:22,592 | [META-RNW] | INFO | meta_classifier_renewed.model_trainers.meta_trainer | Ep [003/500] T-Acc:  55.6%  V-Acc:  80.0%  V-AUROC: 1.0000  LR: 6.00e-05
2026-06-29 16:23:22,911 | [META-RNW] | INFO | meta_classifier_renewed.model_trainers.meta_trainer | Ep [004/500] T-Acc:  55.6%  V-Acc:  80.0%  V-AUROC: 1.0000  LR: 8.00e-05
2026-06-29 16:23:23,276 | [META-RNW] | INFO | meta_classifier_renewed.model_trainers.meta_trainer | Ep [005/500] T-Acc:  66.7%  V-Acc:  80.0%  V-AUROC: 0.5000  LR: 1.00e-04
2026-06-29 16:23:23,641 | [META-RNW] | INFO | meta_classifier_renewed.model_trainers.meta_trainer | Ep [006/500] T-Acc:  44.4%  V-Acc:  80.0%  V-AUROC: 0.5000  LR: 1.00e-04
2026-06-29 16:23:23,878 | [META-RNW] | INFO | meta_classifier_renewed.model_trainers.meta_trainer | Ep [007/500] T-Acc:  33.3%  V-Acc:  80.0%  V-AUROC: 0.5000  LR: 1.00e-04
2026-06-29 16:23:24,122 | [META-RNW] | INFO | meta_classifier_renewed.model_trainers.meta_trainer | Ep [008/500] T-Acc:  66.7%  V-Acc:  80.0%  V-AUROC: 0.7500  LR: 1.00e-04
2026-06-29 16:23:24,351 | [META-RNW] | INFO | meta_classifier_renewed.model_trainers.meta_trainer | Ep [009/500] T-Acc:  66.7%  V-Acc:  40.0%  V-AUROC: 0.7500  LR: 1.00e-04
2026-06-29 16:23:24,598 | [META-RNW] | INFO | meta_classifier_renewed.model_trainers.meta_trainer | Ep [010/500] T-Acc: 100.0%  V-Acc:  20.0%  V-AUROC: 0.5000  LR: 1.00e-04
2026-06-29 16:23:24,861 | [META-RNW] | INFO | meta_classifier_renewed.model_trainers.meta_trainer | Ep [011/500] T-Acc:  77.8%  V-Acc:  20.0%  V-AUROC: 0.5000  LR: 1.00e-04
2026-06-29 16:23:25,119 | [META-RNW] | INFO | meta_classifier_renewed.model_trainers.meta_trainer | Ep [012/500] T-Acc:  66.7%  V-Acc:  20.0%  V-AUROC: 0.7500  LR: 1.00e-04
2026-06-29 16:23:25,382 | [META-RNW] | INFO | meta_classifier_renewed.model_trainers.meta_trainer | Ep [013/500] T-Acc:  88.9%  V-Acc:  20.0%  V-AUROC: 0.7500  LR: 1.00e-04
2026-06-29 16:23:25,658 | [META-RNW] | INFO | meta_classifier_renewed.model_trainers.meta_trainer | Ep [014/500] T-Acc:  66.7%  V-Acc:  20.0%  V-AUROC: 0.7500  LR: 1.00e-04
2026-06-29 16:23:25,894 | [META-RNW] | INFO | meta_classifier_renewed.model_trainers.meta_trainer | Ep [015/500] T-Acc:  66.7%  V-Acc:  40.0%  V-AUROC: 0.7500  LR: 1.00e-04
2026-06-29 16:23:26,160 | [META-RNW] | INFO | meta_classifier_renewed.model_trainers.meta_trainer | Ep [016/500] T-Acc:  77.8%  V-Acc:  60.0%  V-AUROC: 0.7500  LR: 1.00e-04
2026-06-29 16:23:26,435 | [META-RNW] | INFO | meta_classifier_renewed.model_trainers.meta_trainer | Ep [017/500] T-Acc:  77.8%  V-Acc:  60.0%  V-AUROC: 0.7500  LR: 1.00e-04
2026-06-29 16:23:26,674 | [META-RNW] | INFO | meta_classifier_renewed.model_trainers.meta_trainer | Ep [018/500] T-Acc:  88.9%  V-Acc:  60.0%  V-AUROC: 0.7500  LR: 1.00e-04
2026-06-29 16:23:26,910 | [META-RNW] | INFO | meta_classifier_renewed.model_trainers.meta_trainer | Ep [019/500] T-Acc:  77.8%  V-Acc:  60.0%  V-AUROC: 0.7500  LR: 1.00e-04
2026-06-29 16:23:27,143 | [META-RNW] | INFO | meta_classifier_renewed.model_trainers.meta_trainer | Ep [020/500] T-Acc:  88.9%  V-Acc:  60.0%  V-AUROC: 0.7500  LR: 2.00e-05
2026-06-29 16:23:27,386 | [META-RNW] | INFO | meta_classifier_renewed.model_trainers.meta_trainer | Ep [021/500] T-Acc: 100.0%  V-Acc:  60.0%  V-AUROC: 0.7500  LR: 2.00e-05
2026-06-29 16:23:27,651 | [META-RNW] | INFO | meta_classifier_renewed.model_trainers.meta_trainer | Ep [022/500] T-Acc: 100.0%  V-Acc:  60.0%  V-AUROC: 0.7500  LR: 2.00e-05
2026-06-29 16:23:27,909 | [META-RNW] | INFO | meta_classifier_renewed.model_trainers.meta_trainer | Ep [023/500] T-Acc:  77.8%  V-Acc:  60.0%  V-AUROC: 0.7500  LR: 2.00e-05
2026-06-29 16:23:28,176 | [META-RNW] | INFO | meta_classifier_renewed.model_trainers.meta_trainer | Ep [024/500] T-Acc: 100.0%  V-Acc:  60.0%  V-AUROC: 0.7500  LR: 2.00e-05
2026-06-29 16:23:28,428 | [META-RNW] | INFO | meta_classifier_renewed.model_trainers.meta_trainer | Ep [025/500] T-Acc:  88.9%  V-Acc:  60.0%  V-AUROC: 0.7500  LR: 2.00e-05
2026-06-29 16:23:28,687 | [META-RNW] | INFO | meta_classifier_renewed.model_trainers.meta_trainer | Ep [026/500] T-Acc:  88.9%  V-Acc:  60.0%  V-AUROC: 0.7500  LR: 2.00e-05
2026-06-29 16:23:28,967 | [META-RNW] | INFO | meta_classifier_renewed.model_trainers.meta_trainer | Ep [027/500] T-Acc: 100.0%  V-Acc:  60.0%  V-AUROC: 0.7500  LR: 2.00e-05
2026-06-29 16:23:29,219 | [META-RNW] | INFO | meta_classifier_renewed.model_trainers.meta_trainer | Ep [028/500] T-Acc:  88.9%  V-Acc:  60.0%  V-AUROC: 0.7500  LR: 2.00e-05
2026-06-29 16:23:29,487 | [META-RNW] | INFO | meta_classifier_renewed.model_trainers.meta_trainer | Ep [029/500] T-Acc:  88.9%  V-Acc:  60.0%  V-AUROC: 0.5000  LR: 2.00e-05
2026-06-29 16:23:29,749 | [META-RNW] | INFO | meta_classifier_renewed.model_trainers.meta_trainer | Ep [030/500] T-Acc:  88.9%  V-Acc:  60.0%  V-AUROC: 0.5000  LR: 2.00e-05
2026-06-29 16:23:30,015 | [META-RNW] | INFO | meta_classifier_renewed.model_trainers.meta_trainer | Ep [031/500] T-Acc: 100.0%  V-Acc:  60.0%  V-AUROC: 0.5000  LR: 4.00e-06
2026-06-29 16:23:30,016 | [META-RNW] | INFO | meta_classifier_renewed.model_trainers.meta_trainer | Early stop — best AUROC 1.0000 at epoch 1 (no improvement for 30 epochs)
2026-06-29 16:23:30,016 | [META-RNW] | INFO | meta_classifier_renewed.model_trainers.meta_trainer | Done. Best AUROC: 1.0000 (epoch 1)
2026-06-29 16:23:30,182 | [META-RNW] | INFO | meta_classifier_renewed.model_trainers.meta_trainer | Restored best-AUROC checkpoint into model (epoch 1, AUROC 1.0000).
2026-06-29 16:23:30,231 | [META-RNW] | INFO | meta_classifier_renewed.evaluators.monte_carlo_evaluator | -> Fold 23 Result | Acc=0.800 Sens=0.000 Spec=1.000 AUROC=1.000 (Fixed Threshold: 0.5)
2026-06-29 16:23:30,240 | [META-RNW] | INFO | meta_classifier_renewed.evaluators.monte_carlo_evaluator | === Fold 24/30 | train: 9 subj | test: 5 subj ===
2026-06-29 16:23:30,255 | [META-RNW] | INFO | meta_classifier_renewed.model_trainers.meta_trainer | Device: cuda | max_epochs=500 | batch=8 | es_patience=30 | lr=1e-04 | wd=1e-02
2026-06-29 16:23:30,256 | [META-RNW] | INFO | meta_classifier_renewed.model_trainers.meta_trainer | CE weights — HC: 1.500  MCI: 0.750
2026-06-29 16:23:30,492 | [META-RNW] | INFO | meta_classifier_renewed.model_trainers.meta_trainer | Ep [001/500] T-Acc:  55.6%  V-Acc:  20.0%  V-AUROC: 0.2500  LR: 2.00e-05
2026-06-29 16:23:30,592 | [META-RNW] | INFO | meta_classifier_renewed.model_trainers.meta_trainer |   ↳ new best AUROC; saved checkpoint: /home/leggo/AIResearch/VOGBasedMCIDetectionSystemMobileViTSingleExperimentInference/outputs/checkpoints/run_20260629_161957_meta_renewed_t123567_mt02/fold_23_best.pth
2026-06-29 16:23:30,835 | [META-RNW] | INFO | meta_classifier_renewed.model_trainers.meta_trainer | Ep [002/500] T-Acc:  66.7%  V-Acc:  60.0%  V-AUROC: 0.5000  LR: 4.00e-05
2026-06-29 16:23:30,948 | [META-RNW] | INFO | meta_classifier_renewed.model_trainers.meta_trainer |   ↳ new best AUROC; saved checkpoint: /home/leggo/AIResearch/VOGBasedMCIDetectionSystemMobileViTSingleExperimentInference/outputs/checkpoints/run_20260629_161957_meta_renewed_t123567_mt02/fold_23_best.pth
2026-06-29 16:23:31,187 | [META-RNW] | INFO | meta_classifier_renewed.model_trainers.meta_trainer | Ep [003/500] T-Acc:  55.6%  V-Acc:  60.0%  V-AUROC: 0.2500  LR: 6.00e-05
2026-06-29 16:23:31,478 | [META-RNW] | INFO | meta_classifier_renewed.model_trainers.meta_trainer | Ep [004/500] T-Acc:  66.7%  V-Acc:  80.0%  V-AUROC: 0.2500  LR: 8.00e-05
2026-06-29 16:23:31,725 | [META-RNW] | INFO | meta_classifier_renewed.model_trainers.meta_trainer | Ep [005/500] T-Acc:  55.6%  V-Acc:  80.0%  V-AUROC: 0.2500  LR: 1.00e-04
2026-06-29 16:23:31,971 | [META-RNW] | INFO | meta_classifier_renewed.model_trainers.meta_trainer | Ep [006/500] T-Acc:  55.6%  V-Acc:  80.0%  V-AUROC: 0.5000  LR: 1.00e-04
2026-06-29 16:23:32,233 | [META-RNW] | INFO | meta_classifier_renewed.model_trainers.meta_trainer | Ep [007/500] T-Acc:  44.4%  V-Acc:  60.0%  V-AUROC: 0.5000  LR: 1.00e-04
2026-06-29 16:23:32,489 | [META-RNW] | INFO | meta_classifier_renewed.model_trainers.meta_trainer | Ep [008/500] T-Acc:  66.7%  V-Acc:  40.0%  V-AUROC: 0.2500  LR: 1.00e-04
2026-06-29 16:23:32,756 | [META-RNW] | INFO | meta_classifier_renewed.model_trainers.meta_trainer | Ep [009/500] T-Acc:  88.9%  V-Acc:  40.0%  V-AUROC: 0.2500  LR: 1.00e-04
2026-06-29 16:23:33,018 | [META-RNW] | INFO | meta_classifier_renewed.model_trainers.meta_trainer | Ep [010/500] T-Acc:  66.7%  V-Acc:  40.0%  V-AUROC: 0.2500  LR: 1.00e-04
2026-06-29 16:23:33,286 | [META-RNW] | INFO | meta_classifier_renewed.model_trainers.meta_trainer | Ep [011/500] T-Acc:  88.9%  V-Acc:  40.0%  V-AUROC: 0.2500  LR: 1.00e-04
2026-06-29 16:23:33,513 | [META-RNW] | INFO | meta_classifier_renewed.model_trainers.meta_trainer | Ep [012/500] T-Acc:  77.8%  V-Acc:  40.0%  V-AUROC: 0.2500  LR: 1.00e-04
2026-06-29 16:23:33,730 | [META-RNW] | INFO | meta_classifier_renewed.model_trainers.meta_trainer | Ep [013/500] T-Acc:  88.9%  V-Acc:  20.0%  V-AUROC: 0.2500  LR: 1.00e-04
2026-06-29 16:23:33,966 | [META-RNW] | INFO | meta_classifier_renewed.model_trainers.meta_trainer | Ep [014/500] T-Acc: 100.0%  V-Acc:  20.0%  V-AUROC: 0.2500  LR: 1.00e-04
2026-06-29 16:23:34,201 | [META-RNW] | INFO | meta_classifier_renewed.model_trainers.meta_trainer | Ep [015/500] T-Acc: 100.0%  V-Acc:  20.0%  V-AUROC: 0.2500  LR: 1.00e-04
2026-06-29 16:23:34,452 | [META-RNW] | INFO | meta_classifier_renewed.model_trainers.meta_trainer | Ep [016/500] T-Acc: 100.0%  V-Acc:  20.0%  V-AUROC: 0.2500  LR: 1.00e-04
2026-06-29 16:23:34,729 | [META-RNW] | INFO | meta_classifier_renewed.model_trainers.meta_trainer | Ep [017/500] T-Acc: 100.0%  V-Acc:  20.0%  V-AUROC: 0.2500  LR: 1.00e-04
2026-06-29 16:23:35,019 | [META-RNW] | INFO | meta_classifier_renewed.model_trainers.meta_trainer | Ep [018/500] T-Acc: 100.0%  V-Acc:  20.0%  V-AUROC: 0.2500  LR: 2.00e-05
2026-06-29 16:23:35,317 | [META-RNW] | INFO | meta_classifier_renewed.model_trainers.meta_trainer | Ep [019/500] T-Acc: 100.0%  V-Acc:  20.0%  V-AUROC: 0.2500  LR: 2.00e-05
2026-06-29 16:23:35,593 | [META-RNW] | INFO | meta_classifier_renewed.model_trainers.meta_trainer | Ep [020/500] T-Acc:  88.9%  V-Acc:  20.0%  V-AUROC: 0.2500  LR: 2.00e-05
2026-06-29 16:23:35,856 | [META-RNW] | INFO | meta_classifier_renewed.model_trainers.meta_trainer | Ep [021/500] T-Acc: 100.0%  V-Acc:  20.0%  V-AUROC: 0.2500  LR: 2.00e-05
2026-06-29 16:23:36,118 | [META-RNW] | INFO | meta_classifier_renewed.model_trainers.meta_trainer | Ep [022/500] T-Acc: 100.0%  V-Acc:  20.0%  V-AUROC: 0.2500  LR: 2.00e-05
2026-06-29 16:23:36,421 | [META-RNW] | INFO | meta_classifier_renewed.model_trainers.meta_trainer | Ep [023/500] T-Acc: 100.0%  V-Acc:  20.0%  V-AUROC: 0.2500  LR: 2.00e-05
2026-06-29 16:23:36,677 | [META-RNW] | INFO | meta_classifier_renewed.model_trainers.meta_trainer | Ep [024/500] T-Acc: 100.0%  V-Acc:  20.0%  V-AUROC: 0.2500  LR: 2.00e-05
2026-06-29 16:23:36,919 | [META-RNW] | INFO | meta_classifier_renewed.model_trainers.meta_trainer | Ep [025/500] T-Acc: 100.0%  V-Acc:  20.0%  V-AUROC: 0.2500  LR: 2.00e-05
2026-06-29 16:23:37,145 | [META-RNW] | INFO | meta_classifier_renewed.model_trainers.meta_trainer | Ep [026/500] T-Acc: 100.0%  V-Acc:  20.0%  V-AUROC: 0.2500  LR: 2.00e-05
2026-06-29 16:23:37,382 | [META-RNW] | INFO | meta_classifier_renewed.model_trainers.meta_trainer | Ep [027/500] T-Acc: 100.0%  V-Acc:  20.0%  V-AUROC: 0.2500  LR: 2.00e-05
2026-06-29 16:23:37,653 | [META-RNW] | INFO | meta_classifier_renewed.model_trainers.meta_trainer | Ep [028/500] T-Acc: 100.0%  V-Acc:  20.0%  V-AUROC: 0.2500  LR: 2.00e-05
2026-06-29 16:23:37,870 | [META-RNW] | INFO | meta_classifier_renewed.model_trainers.meta_trainer | Ep [029/500] T-Acc: 100.0%  V-Acc:  20.0%  V-AUROC: 0.2500  LR: 4.00e-06
2026-06-29 16:23:38,096 | [META-RNW] | INFO | meta_classifier_renewed.model_trainers.meta_trainer | Ep [030/500] T-Acc: 100.0%  V-Acc:  20.0%  V-AUROC: 0.2500  LR: 4.00e-06
2026-06-29 16:23:38,336 | [META-RNW] | INFO | meta_classifier_renewed.model_trainers.meta_trainer | Ep [031/500] T-Acc: 100.0%  V-Acc:  20.0%  V-AUROC: 0.2500  LR: 4.00e-06
2026-06-29 16:23:38,553 | [META-RNW] | INFO | meta_classifier_renewed.model_trainers.meta_trainer | Ep [032/500] T-Acc: 100.0%  V-Acc:  20.0%  V-AUROC: 0.2500  LR: 4.00e-06
2026-06-29 16:23:38,553 | [META-RNW] | INFO | meta_classifier_renewed.model_trainers.meta_trainer | Early stop — best AUROC 0.5000 at epoch 2 (no improvement for 30 epochs)
2026-06-29 16:23:38,553 | [META-RNW] | INFO | meta_classifier_renewed.model_trainers.meta_trainer | Done. Best AUROC: 0.5000 (epoch 2)
2026-06-29 16:23:38,712 | [META-RNW] | INFO | meta_classifier_renewed.model_trainers.meta_trainer | Restored best-AUROC checkpoint into model (epoch 2, AUROC 0.5000).
2026-06-29 16:23:38,762 | [META-RNW] | INFO | meta_classifier_renewed.evaluators.monte_carlo_evaluator | -> Fold 24 Result | Acc=0.600 Sens=0.000 Spec=0.750 AUROC=0.500 (Fixed Threshold: 0.5)
2026-06-29 16:23:38,770 | [META-RNW] | INFO | meta_classifier_renewed.evaluators.monte_carlo_evaluator | === Fold 25/30 | train: 9 subj | test: 5 subj ===
2026-06-29 16:23:38,783 | [META-RNW] | INFO | meta_classifier_renewed.model_trainers.meta_trainer | Device: cuda | max_epochs=500 | batch=8 | es_patience=30 | lr=1e-04 | wd=1e-02
2026-06-29 16:23:38,784 | [META-RNW] | INFO | meta_classifier_renewed.model_trainers.meta_trainer | CE weights — HC: 0.900  MCI: 1.125
2026-06-29 16:23:39,024 | [META-RNW] | INFO | meta_classifier_renewed.model_trainers.meta_trainer | Ep [001/500] T-Acc:  44.4%  V-Acc:  60.0%  V-AUROC: 0.1667  LR: 2.00e-05
2026-06-29 16:23:39,128 | [META-RNW] | INFO | meta_classifier_renewed.model_trainers.meta_trainer |   ↳ new best AUROC; saved checkpoint: /home/leggo/AIResearch/VOGBasedMCIDetectionSystemMobileViTSingleExperimentInference/outputs/checkpoints/run_20260629_161957_meta_renewed_t123567_mt02/fold_24_best.pth
2026-06-29 16:23:39,372 | [META-RNW] | INFO | meta_classifier_renewed.model_trainers.meta_trainer | Ep [002/500] T-Acc:  44.4%  V-Acc:  60.0%  V-AUROC: 0.1667  LR: 4.00e-05
2026-06-29 16:23:39,643 | [META-RNW] | INFO | meta_classifier_renewed.model_trainers.meta_trainer | Ep [003/500] T-Acc:  44.4%  V-Acc:  60.0%  V-AUROC: 0.0000  LR: 6.00e-05
2026-06-29 16:23:39,911 | [META-RNW] | INFO | meta_classifier_renewed.model_trainers.meta_trainer | Ep [004/500] T-Acc:  44.4%  V-Acc:  60.0%  V-AUROC: 0.3333  LR: 8.00e-05
2026-06-29 16:23:40,044 | [META-RNW] | INFO | meta_classifier_renewed.model_trainers.meta_trainer |   ↳ new best AUROC; saved checkpoint: /home/leggo/AIResearch/VOGBasedMCIDetectionSystemMobileViTSingleExperimentInference/outputs/checkpoints/run_20260629_161957_meta_renewed_t123567_mt02/fold_24_best.pth
2026-06-29 16:23:40,293 | [META-RNW] | INFO | meta_classifier_renewed.model_trainers.meta_trainer | Ep [005/500] T-Acc:  55.6%  V-Acc:  60.0%  V-AUROC: 0.0000  LR: 1.00e-04
2026-06-29 16:23:40,581 | [META-RNW] | INFO | meta_classifier_renewed.model_trainers.meta_trainer | Ep [006/500] T-Acc:  44.4%  V-Acc:  60.0%  V-AUROC: 0.3333  LR: 1.00e-04
2026-06-29 16:23:40,854 | [META-RNW] | INFO | meta_classifier_renewed.model_trainers.meta_trainer | Ep [007/500] T-Acc:  55.6%  V-Acc:  80.0%  V-AUROC: 0.6667  LR: 1.00e-04
2026-06-29 16:23:40,972 | [META-RNW] | INFO | meta_classifier_renewed.model_trainers.meta_trainer |   ↳ new best AUROC; saved checkpoint: /home/leggo/AIResearch/VOGBasedMCIDetectionSystemMobileViTSingleExperimentInference/outputs/checkpoints/run_20260629_161957_meta_renewed_t123567_mt02/fold_24_best.pth
2026-06-29 16:23:41,185 | [META-RNW] | INFO | meta_classifier_renewed.model_trainers.meta_trainer | Ep [008/500] T-Acc:  66.7%  V-Acc:  40.0%  V-AUROC: 0.6667  LR: 1.00e-04
2026-06-29 16:23:41,409 | [META-RNW] | INFO | meta_classifier_renewed.model_trainers.meta_trainer | Ep [009/500] T-Acc:  44.4%  V-Acc:  40.0%  V-AUROC: 0.6667  LR: 1.00e-04
2026-06-29 16:23:41,617 | [META-RNW] | INFO | meta_classifier_renewed.model_trainers.meta_trainer | Ep [010/500] T-Acc:  77.8%  V-Acc:  60.0%  V-AUROC: 0.6667  LR: 1.00e-04
2026-06-29 16:23:41,832 | [META-RNW] | INFO | meta_classifier_renewed.model_trainers.meta_trainer | Ep [011/500] T-Acc:  88.9%  V-Acc:  60.0%  V-AUROC: 0.6667  LR: 1.00e-04
2026-06-29 16:23:42,042 | [META-RNW] | INFO | meta_classifier_renewed.model_trainers.meta_trainer | Ep [012/500] T-Acc:  77.8%  V-Acc:  60.0%  V-AUROC: 0.3333  LR: 1.00e-04
2026-06-29 16:23:42,258 | [META-RNW] | INFO | meta_classifier_renewed.model_trainers.meta_trainer | Ep [013/500] T-Acc:  66.7%  V-Acc:  60.0%  V-AUROC: 0.3333  LR: 1.00e-04
2026-06-29 16:23:42,461 | [META-RNW] | INFO | meta_classifier_renewed.model_trainers.meta_trainer | Ep [014/500] T-Acc:  88.9%  V-Acc:  60.0%  V-AUROC: 0.3333  LR: 1.00e-04
2026-06-29 16:23:42,667 | [META-RNW] | INFO | meta_classifier_renewed.model_trainers.meta_trainer | Ep [015/500] T-Acc:  88.9%  V-Acc:  60.0%  V-AUROC: 0.3333  LR: 1.00e-04
2026-06-29 16:23:42,872 | [META-RNW] | INFO | meta_classifier_renewed.model_trainers.meta_trainer | Ep [016/500] T-Acc: 100.0%  V-Acc:  40.0%  V-AUROC: 0.3333  LR: 1.00e-04
2026-06-29 16:23:43,082 | [META-RNW] | INFO | meta_classifier_renewed.model_trainers.meta_trainer | Ep [017/500] T-Acc:  88.9%  V-Acc:  40.0%  V-AUROC: 0.3333  LR: 1.00e-04
2026-06-29 16:23:43,298 | [META-RNW] | INFO | meta_classifier_renewed.model_trainers.meta_trainer | Ep [018/500] T-Acc:  88.9%  V-Acc:  40.0%  V-AUROC: 0.1667  LR: 1.00e-04
2026-06-29 16:23:43,521 | [META-RNW] | INFO | meta_classifier_renewed.model_trainers.meta_trainer | Ep [019/500] T-Acc: 100.0%  V-Acc:  20.0%  V-AUROC: 0.1667  LR: 2.00e-05
2026-06-29 16:23:43,769 | [META-RNW] | INFO | meta_classifier_renewed.model_trainers.meta_trainer | Ep [020/500] T-Acc: 100.0%  V-Acc:  20.0%  V-AUROC: 0.1667  LR: 2.00e-05
2026-06-29 16:23:43,986 | [META-RNW] | INFO | meta_classifier_renewed.model_trainers.meta_trainer | Ep [021/500] T-Acc:  88.9%  V-Acc:  20.0%  V-AUROC: 0.1667  LR: 2.00e-05
2026-06-29 16:23:44,192 | [META-RNW] | INFO | meta_classifier_renewed.model_trainers.meta_trainer | Ep [022/500] T-Acc:  88.9%  V-Acc:  20.0%  V-AUROC: 0.1667  LR: 2.00e-05
2026-06-29 16:23:44,414 | [META-RNW] | INFO | meta_classifier_renewed.model_trainers.meta_trainer | Ep [023/500] T-Acc: 100.0%  V-Acc:  20.0%  V-AUROC: 0.1667  LR: 2.00e-05
2026-06-29 16:23:44,636 | [META-RNW] | INFO | meta_classifier_renewed.model_trainers.meta_trainer | Ep [024/500] T-Acc:  88.9%  V-Acc:  20.0%  V-AUROC: 0.1667  LR: 2.00e-05
2026-06-29 16:23:44,877 | [META-RNW] | INFO | meta_classifier_renewed.model_trainers.meta_trainer | Ep [025/500] T-Acc: 100.0%  V-Acc:  20.0%  V-AUROC: 0.1667  LR: 2.00e-05
2026-06-29 16:23:45,102 | [META-RNW] | INFO | meta_classifier_renewed.model_trainers.meta_trainer | Ep [026/500] T-Acc: 100.0%  V-Acc:  20.0%  V-AUROC: 0.1667  LR: 2.00e-05
2026-06-29 16:23:45,354 | [META-RNW] | INFO | meta_classifier_renewed.model_trainers.meta_trainer | Ep [027/500] T-Acc: 100.0%  V-Acc:  20.0%  V-AUROC: 0.1667  LR: 2.00e-05
2026-06-29 16:23:45,588 | [META-RNW] | INFO | meta_classifier_renewed.model_trainers.meta_trainer | Ep [028/500] T-Acc:  88.9%  V-Acc:  20.0%  V-AUROC: 0.1667  LR: 2.00e-05
2026-06-29 16:23:45,806 | [META-RNW] | INFO | meta_classifier_renewed.model_trainers.meta_trainer | Ep [029/500] T-Acc: 100.0%  V-Acc:  20.0%  V-AUROC: 0.1667  LR: 2.00e-05
2026-06-29 16:23:46,043 | [META-RNW] | INFO | meta_classifier_renewed.model_trainers.meta_trainer | Ep [030/500] T-Acc: 100.0%  V-Acc:  20.0%  V-AUROC: 0.1667  LR: 4.00e-06
2026-06-29 16:23:46,302 | [META-RNW] | INFO | meta_classifier_renewed.model_trainers.meta_trainer | Ep [031/500] T-Acc: 100.0%  V-Acc:  20.0%  V-AUROC: 0.1667  LR: 4.00e-06
2026-06-29 16:23:46,545 | [META-RNW] | INFO | meta_classifier_renewed.model_trainers.meta_trainer | Ep [032/500] T-Acc: 100.0%  V-Acc:  20.0%  V-AUROC: 0.1667  LR: 4.00e-06
2026-06-29 16:23:46,807 | [META-RNW] | INFO | meta_classifier_renewed.model_trainers.meta_trainer | Ep [033/500] T-Acc: 100.0%  V-Acc:  20.0%  V-AUROC: 0.1667  LR: 4.00e-06
2026-06-29 16:23:47,062 | [META-RNW] | INFO | meta_classifier_renewed.model_trainers.meta_trainer | Ep [034/500] T-Acc: 100.0%  V-Acc:  20.0%  V-AUROC: 0.1667  LR: 4.00e-06
2026-06-29 16:23:47,298 | [META-RNW] | INFO | meta_classifier_renewed.model_trainers.meta_trainer | Ep [035/500] T-Acc:  88.9%  V-Acc:  20.0%  V-AUROC: 0.1667  LR: 4.00e-06
2026-06-29 16:23:47,542 | [META-RNW] | INFO | meta_classifier_renewed.model_trainers.meta_trainer | Ep [036/500] T-Acc: 100.0%  V-Acc:  20.0%  V-AUROC: 0.1667  LR: 4.00e-06
2026-06-29 16:23:47,814 | [META-RNW] | INFO | meta_classifier_renewed.model_trainers.meta_trainer | Ep [037/500] T-Acc: 100.0%  V-Acc:  20.0%  V-AUROC: 0.1667  LR: 4.00e-06
2026-06-29 16:23:47,814 | [META-RNW] | INFO | meta_classifier_renewed.model_trainers.meta_trainer | Early stop — best AUROC 0.6667 at epoch 7 (no improvement for 30 epochs)
2026-06-29 16:23:47,814 | [META-RNW] | INFO | meta_classifier_renewed.model_trainers.meta_trainer | Done. Best AUROC: 0.6667 (epoch 7)
2026-06-29 16:23:47,980 | [META-RNW] | INFO | meta_classifier_renewed.model_trainers.meta_trainer | Restored best-AUROC checkpoint into model (epoch 7, AUROC 0.6667).
2026-06-29 16:23:48,037 | [META-RNW] | INFO | meta_classifier_renewed.evaluators.monte_carlo_evaluator | -> Fold 25 Result | Acc=0.800 Sens=1.000 Spec=0.500 AUROC=0.667 (Fixed Threshold: 0.5)
2026-06-29 16:23:48,044 | [META-RNW] | INFO | meta_classifier_renewed.evaluators.monte_carlo_evaluator | === Fold 26/30 | train: 9 subj | test: 5 subj ===
2026-06-29 16:23:48,058 | [META-RNW] | INFO | meta_classifier_renewed.model_trainers.meta_trainer | Device: cuda | max_epochs=500 | batch=8 | es_patience=30 | lr=1e-04 | wd=1e-02
2026-06-29 16:23:48,059 | [META-RNW] | INFO | meta_classifier_renewed.model_trainers.meta_trainer | CE weights — HC: 0.900  MCI: 1.125
2026-06-29 16:23:48,297 | [META-RNW] | INFO | meta_classifier_renewed.model_trainers.meta_trainer | Ep [001/500] T-Acc:  44.4%  V-Acc:  20.0%  V-AUROC: 0.1667  LR: 2.00e-05
2026-06-29 16:23:48,400 | [META-RNW] | INFO | meta_classifier_renewed.model_trainers.meta_trainer |   ↳ new best AUROC; saved checkpoint: /home/leggo/AIResearch/VOGBasedMCIDetectionSystemMobileViTSingleExperimentInference/outputs/checkpoints/run_20260629_161957_meta_renewed_t123567_mt02/fold_25_best.pth
2026-06-29 16:23:48,643 | [META-RNW] | INFO | meta_classifier_renewed.model_trainers.meta_trainer | Ep [002/500] T-Acc:  33.3%  V-Acc:  20.0%  V-AUROC: 0.1667  LR: 4.00e-05
2026-06-29 16:23:48,921 | [META-RNW] | INFO | meta_classifier_renewed.model_trainers.meta_trainer | Ep [003/500] T-Acc:  44.4%  V-Acc:  20.0%  V-AUROC: 0.1667  LR: 6.00e-05
2026-06-29 16:23:49,178 | [META-RNW] | INFO | meta_classifier_renewed.model_trainers.meta_trainer | Ep [004/500] T-Acc:  55.6%  V-Acc:  20.0%  V-AUROC: 0.1667  LR: 8.00e-05
2026-06-29 16:23:49,415 | [META-RNW] | INFO | meta_classifier_renewed.model_trainers.meta_trainer | Ep [005/500] T-Acc:  33.3%  V-Acc:  40.0%  V-AUROC: 0.1667  LR: 1.00e-04
2026-06-29 16:23:49,650 | [META-RNW] | INFO | meta_classifier_renewed.model_trainers.meta_trainer | Ep [006/500] T-Acc:  55.6%  V-Acc:  20.0%  V-AUROC: 0.1667  LR: 1.00e-04
2026-06-29 16:23:49,883 | [META-RNW] | INFO | meta_classifier_renewed.model_trainers.meta_trainer | Ep [007/500] T-Acc:  44.4%  V-Acc:  20.0%  V-AUROC: 0.1667  LR: 1.00e-04
2026-06-29 16:23:50,113 | [META-RNW] | INFO | meta_classifier_renewed.model_trainers.meta_trainer | Ep [008/500] T-Acc:  44.4%  V-Acc:  20.0%  V-AUROC: 0.1667  LR: 1.00e-04
2026-06-29 16:23:50,349 | [META-RNW] | INFO | meta_classifier_renewed.model_trainers.meta_trainer | Ep [009/500] T-Acc:  55.6%  V-Acc:  20.0%  V-AUROC: 0.0000  LR: 1.00e-04
2026-06-29 16:23:50,593 | [META-RNW] | INFO | meta_classifier_renewed.model_trainers.meta_trainer | Ep [010/500] T-Acc:  44.4%  V-Acc:  20.0%  V-AUROC: 0.0000  LR: 1.00e-04
2026-06-29 16:23:50,837 | [META-RNW] | INFO | meta_classifier_renewed.model_trainers.meta_trainer | Ep [011/500] T-Acc:  66.7%  V-Acc:  40.0%  V-AUROC: 0.0000  LR: 1.00e-04
2026-06-29 16:23:51,075 | [META-RNW] | INFO | meta_classifier_renewed.model_trainers.meta_trainer | Ep [012/500] T-Acc:  66.7%  V-Acc:  40.0%  V-AUROC: 0.1667  LR: 1.00e-04
2026-06-29 16:23:51,433 | [META-RNW] | INFO | meta_classifier_renewed.model_trainers.meta_trainer | Ep [013/500] T-Acc:  66.7%  V-Acc:  20.0%  V-AUROC: 0.1667  LR: 1.00e-04
2026-06-29 16:23:51,712 | [META-RNW] | INFO | meta_classifier_renewed.model_trainers.meta_trainer | Ep [014/500] T-Acc:  66.7%  V-Acc:  20.0%  V-AUROC: 0.3333  LR: 1.00e-04
2026-06-29 16:23:51,850 | [META-RNW] | INFO | meta_classifier_renewed.model_trainers.meta_trainer |   ↳ new best AUROC; saved checkpoint: /home/leggo/AIResearch/VOGBasedMCIDetectionSystemMobileViTSingleExperimentInference/outputs/checkpoints/run_20260629_161957_meta_renewed_t123567_mt02/fold_25_best.pth
2026-06-29 16:23:52,130 | [META-RNW] | INFO | meta_classifier_renewed.model_trainers.meta_trainer | Ep [015/500] T-Acc:  77.8%  V-Acc:  40.0%  V-AUROC: 0.3333  LR: 1.00e-04
2026-06-29 16:23:52,366 | [META-RNW] | INFO | meta_classifier_renewed.model_trainers.meta_trainer | Ep [016/500] T-Acc:  55.6%  V-Acc:  40.0%  V-AUROC: 0.1667  LR: 1.00e-04
2026-06-29 16:23:52,611 | [META-RNW] | INFO | meta_classifier_renewed.model_trainers.meta_trainer | Ep [017/500] T-Acc:  66.7%  V-Acc:  40.0%  V-AUROC: 0.1667  LR: 1.00e-04
2026-06-29 16:23:52,860 | [META-RNW] | INFO | meta_classifier_renewed.model_trainers.meta_trainer | Ep [018/500] T-Acc:  88.9%  V-Acc:  20.0%  V-AUROC: 0.1667  LR: 1.00e-04
2026-06-29 16:23:53,127 | [META-RNW] | INFO | meta_classifier_renewed.model_trainers.meta_trainer | Ep [019/500] T-Acc:  88.9%  V-Acc:  40.0%  V-AUROC: 0.0000  LR: 1.00e-04
2026-06-29 16:23:53,352 | [META-RNW] | INFO | meta_classifier_renewed.model_trainers.meta_trainer | Ep [020/500] T-Acc:  66.7%  V-Acc:  40.0%  V-AUROC: 0.1667  LR: 1.00e-04
2026-06-29 16:23:53,568 | [META-RNW] | INFO | meta_classifier_renewed.model_trainers.meta_trainer | Ep [021/500] T-Acc:  77.8%  V-Acc:  40.0%  V-AUROC: 0.1667  LR: 1.00e-04
2026-06-29 16:23:53,800 | [META-RNW] | INFO | meta_classifier_renewed.model_trainers.meta_trainer | Ep [022/500] T-Acc:  88.9%  V-Acc:  20.0%  V-AUROC: 0.0000  LR: 1.00e-04
2026-06-29 16:23:54,041 | [META-RNW] | INFO | meta_classifier_renewed.model_trainers.meta_trainer | Ep [023/500] T-Acc:  88.9%  V-Acc:  20.0%  V-AUROC: 0.0000  LR: 1.00e-04
2026-06-29 16:23:54,282 | [META-RNW] | INFO | meta_classifier_renewed.model_trainers.meta_trainer | Ep [024/500] T-Acc:  77.8%  V-Acc:  20.0%  V-AUROC: 0.1667  LR: 1.00e-04
2026-06-29 16:23:54,503 | [META-RNW] | INFO | meta_classifier_renewed.model_trainers.meta_trainer | Ep [025/500] T-Acc:  88.9%  V-Acc:  20.0%  V-AUROC: 0.0000  LR: 1.00e-04
2026-06-29 16:23:54,731 | [META-RNW] | INFO | meta_classifier_renewed.model_trainers.meta_trainer | Ep [026/500] T-Acc:  88.9%  V-Acc:  20.0%  V-AUROC: 0.0000  LR: 2.00e-05
2026-06-29 16:23:54,968 | [META-RNW] | INFO | meta_classifier_renewed.model_trainers.meta_trainer | Ep [027/500] T-Acc: 100.0%  V-Acc:   0.0%  V-AUROC: 0.0000  LR: 2.00e-05
2026-06-29 16:23:55,193 | [META-RNW] | INFO | meta_classifier_renewed.model_trainers.meta_trainer | Ep [028/500] T-Acc: 100.0%  V-Acc:   0.0%  V-AUROC: 0.0000  LR: 2.00e-05
2026-06-29 16:23:55,414 | [META-RNW] | INFO | meta_classifier_renewed.model_trainers.meta_trainer | Ep [029/500] T-Acc:  66.7%  V-Acc:   0.0%  V-AUROC: 0.0000  LR: 2.00e-05
2026-06-29 16:23:55,636 | [META-RNW] | INFO | meta_classifier_renewed.model_trainers.meta_trainer | Ep [030/500] T-Acc:  77.8%  V-Acc:   0.0%  V-AUROC: 0.0000  LR: 2.00e-05
2026-06-29 16:23:55,880 | [META-RNW] | INFO | meta_classifier_renewed.model_trainers.meta_trainer | Ep [031/500] T-Acc:  88.9%  V-Acc:   0.0%  V-AUROC: 0.0000  LR: 2.00e-05
2026-06-29 16:23:56,124 | [META-RNW] | INFO | meta_classifier_renewed.model_trainers.meta_trainer | Ep [032/500] T-Acc: 100.0%  V-Acc:   0.0%  V-AUROC: 0.0000  LR: 2.00e-05
2026-06-29 16:23:56,385 | [META-RNW] | INFO | meta_classifier_renewed.model_trainers.meta_trainer | Ep [033/500] T-Acc:  77.8%  V-Acc:   0.0%  V-AUROC: 0.0000  LR: 2.00e-05
2026-06-29 16:23:56,657 | [META-RNW] | INFO | meta_classifier_renewed.model_trainers.meta_trainer | Ep [034/500] T-Acc:  88.9%  V-Acc:   0.0%  V-AUROC: 0.0000  LR: 2.00e-05
2026-06-29 16:23:56,918 | [META-RNW] | INFO | meta_classifier_renewed.model_trainers.meta_trainer | Ep [035/500] T-Acc:  88.9%  V-Acc:   0.0%  V-AUROC: 0.0000  LR: 2.00e-05
2026-06-29 16:23:57,190 | [META-RNW] | INFO | meta_classifier_renewed.model_trainers.meta_trainer | Ep [036/500] T-Acc:  88.9%  V-Acc:   0.0%  V-AUROC: 0.0000  LR: 2.00e-05
2026-06-29 16:23:57,451 | [META-RNW] | INFO | meta_classifier_renewed.model_trainers.meta_trainer | Ep [037/500] T-Acc: 100.0%  V-Acc:   0.0%  V-AUROC: 0.0000  LR: 4.00e-06
2026-06-29 16:23:57,704 | [META-RNW] | INFO | meta_classifier_renewed.model_trainers.meta_trainer | Ep [038/500] T-Acc:  88.9%  V-Acc:   0.0%  V-AUROC: 0.0000  LR: 4.00e-06
2026-06-29 16:23:57,940 | [META-RNW] | INFO | meta_classifier_renewed.model_trainers.meta_trainer | Ep [039/500] T-Acc: 100.0%  V-Acc:   0.0%  V-AUROC: 0.0000  LR: 4.00e-06
2026-06-29 16:23:58,196 | [META-RNW] | INFO | meta_classifier_renewed.model_trainers.meta_trainer | Ep [040/500] T-Acc: 100.0%  V-Acc:   0.0%  V-AUROC: 0.0000  LR: 4.00e-06
2026-06-29 16:23:58,428 | [META-RNW] | INFO | meta_classifier_renewed.model_trainers.meta_trainer | Ep [041/500] T-Acc:  88.9%  V-Acc:   0.0%  V-AUROC: 0.0000  LR: 4.00e-06
2026-06-29 16:23:58,656 | [META-RNW] | INFO | meta_classifier_renewed.model_trainers.meta_trainer | Ep [042/500] T-Acc: 100.0%  V-Acc:   0.0%  V-AUROC: 0.0000  LR: 4.00e-06
2026-06-29 16:23:58,887 | [META-RNW] | INFO | meta_classifier_renewed.model_trainers.meta_trainer | Ep [043/500] T-Acc: 100.0%  V-Acc:   0.0%  V-AUROC: 0.0000  LR: 4.00e-06
2026-06-29 16:23:59,116 | [META-RNW] | INFO | meta_classifier_renewed.model_trainers.meta_trainer | Ep [044/500] T-Acc:  77.8%  V-Acc:   0.0%  V-AUROC: 0.0000  LR: 4.00e-06
2026-06-29 16:23:59,116 | [META-RNW] | INFO | meta_classifier_renewed.model_trainers.meta_trainer | Early stop — best AUROC 0.3333 at epoch 14 (no improvement for 30 epochs)
2026-06-29 16:23:59,116 | [META-RNW] | INFO | meta_classifier_renewed.model_trainers.meta_trainer | Done. Best AUROC: 0.3333 (epoch 14)
2026-06-29 16:23:59,278 | [META-RNW] | INFO | meta_classifier_renewed.model_trainers.meta_trainer | Restored best-AUROC checkpoint into model (epoch 14, AUROC 0.3333).
2026-06-29 16:23:59,330 | [META-RNW] | INFO | meta_classifier_renewed.evaluators.monte_carlo_evaluator | -> Fold 26 Result | Acc=0.200 Sens=0.000 Spec=0.500 AUROC=0.333 (Fixed Threshold: 0.5)
2026-06-29 16:23:59,338 | [META-RNW] | INFO | meta_classifier_renewed.evaluators.monte_carlo_evaluator | === Fold 27/30 | train: 9 subj | test: 5 subj ===
2026-06-29 16:23:59,353 | [META-RNW] | INFO | meta_classifier_renewed.model_trainers.meta_trainer | Device: cuda | max_epochs=500 | batch=8 | es_patience=30 | lr=1e-04 | wd=1e-02
2026-06-29 16:23:59,354 | [META-RNW] | INFO | meta_classifier_renewed.model_trainers.meta_trainer | CE weights — HC: 1.500  MCI: 0.750
2026-06-29 16:23:59,596 | [META-RNW] | INFO | meta_classifier_renewed.model_trainers.meta_trainer | Ep [001/500] T-Acc:  44.4%  V-Acc:   0.0%  V-AUROC: 0.0000  LR: 2.00e-05
2026-06-29 16:23:59,700 | [META-RNW] | INFO | meta_classifier_renewed.model_trainers.meta_trainer |   ↳ new best AUROC; saved checkpoint: /home/leggo/AIResearch/VOGBasedMCIDetectionSystemMobileViTSingleExperimentInference/outputs/checkpoints/run_20260629_161957_meta_renewed_t123567_mt02/fold_26_best.pth
2026-06-29 16:23:59,922 | [META-RNW] | INFO | meta_classifier_renewed.model_trainers.meta_trainer | Ep [002/500] T-Acc:  33.3%  V-Acc:  20.0%  V-AUROC: 0.0000  LR: 4.00e-05
2026-06-29 16:24:00,140 | [META-RNW] | INFO | meta_classifier_renewed.model_trainers.meta_trainer | Ep [003/500] T-Acc:  66.7%  V-Acc:  20.0%  V-AUROC: 0.0000  LR: 6.00e-05
2026-06-29 16:24:00,369 | [META-RNW] | INFO | meta_classifier_renewed.model_trainers.meta_trainer | Ep [004/500] T-Acc:  55.6%  V-Acc:  20.0%  V-AUROC: 0.0000  LR: 8.00e-05
2026-06-29 16:24:00,615 | [META-RNW] | INFO | meta_classifier_renewed.model_trainers.meta_trainer | Ep [005/500] T-Acc:  44.4%  V-Acc:  20.0%  V-AUROC: 0.0000  LR: 1.00e-04
2026-06-29 16:24:00,864 | [META-RNW] | INFO | meta_classifier_renewed.model_trainers.meta_trainer | Ep [006/500] T-Acc:  66.7%  V-Acc:  20.0%  V-AUROC: 0.0000  LR: 1.00e-04
2026-06-29 16:24:01,108 | [META-RNW] | INFO | meta_classifier_renewed.model_trainers.meta_trainer | Ep [007/500] T-Acc:  66.7%  V-Acc:  20.0%  V-AUROC: 0.0000  LR: 1.00e-04
2026-06-29 16:24:01,340 | [META-RNW] | INFO | meta_classifier_renewed.model_trainers.meta_trainer | Ep [008/500] T-Acc:  66.7%  V-Acc:  20.0%  V-AUROC: 0.2500  LR: 1.00e-04
2026-06-29 16:24:01,458 | [META-RNW] | INFO | meta_classifier_renewed.model_trainers.meta_trainer |   ↳ new best AUROC; saved checkpoint: /home/leggo/AIResearch/VOGBasedMCIDetectionSystemMobileViTSingleExperimentInference/outputs/checkpoints/run_20260629_161957_meta_renewed_t123567_mt02/fold_26_best.pth
2026-06-29 16:24:01,672 | [META-RNW] | INFO | meta_classifier_renewed.model_trainers.meta_trainer | Ep [009/500] T-Acc:  55.6%  V-Acc:  20.0%  V-AUROC: 0.2500  LR: 1.00e-04
2026-06-29 16:24:01,893 | [META-RNW] | INFO | meta_classifier_renewed.model_trainers.meta_trainer | Ep [010/500] T-Acc:  77.8%  V-Acc:  40.0%  V-AUROC: 0.5000  LR: 1.00e-04
2026-06-29 16:24:02,010 | [META-RNW] | INFO | meta_classifier_renewed.model_trainers.meta_trainer |   ↳ new best AUROC; saved checkpoint: /home/leggo/AIResearch/VOGBasedMCIDetectionSystemMobileViTSingleExperimentInference/outputs/checkpoints/run_20260629_161957_meta_renewed_t123567_mt02/fold_26_best.pth
2026-06-29 16:24:02,237 | [META-RNW] | INFO | meta_classifier_renewed.model_trainers.meta_trainer | Ep [011/500] T-Acc:  77.8%  V-Acc:  60.0%  V-AUROC: 0.5000  LR: 1.00e-04
2026-06-29 16:24:02,469 | [META-RNW] | INFO | meta_classifier_renewed.model_trainers.meta_trainer | Ep [012/500] T-Acc: 100.0%  V-Acc:  60.0%  V-AUROC: 0.5000  LR: 1.00e-04
2026-06-29 16:24:02,694 | [META-RNW] | INFO | meta_classifier_renewed.model_trainers.meta_trainer | Ep [013/500] T-Acc: 100.0%  V-Acc:  60.0%  V-AUROC: 0.5000  LR: 1.00e-04
2026-06-29 16:24:02,933 | [META-RNW] | INFO | meta_classifier_renewed.model_trainers.meta_trainer | Ep [014/500] T-Acc:  88.9%  V-Acc:  60.0%  V-AUROC: 0.7500  LR: 1.00e-04
2026-06-29 16:24:03,055 | [META-RNW] | INFO | meta_classifier_renewed.model_trainers.meta_trainer |   ↳ new best AUROC; saved checkpoint: /home/leggo/AIResearch/VOGBasedMCIDetectionSystemMobileViTSingleExperimentInference/outputs/checkpoints/run_20260629_161957_meta_renewed_t123567_mt02/fold_26_best.pth
2026-06-29 16:24:03,270 | [META-RNW] | INFO | meta_classifier_renewed.model_trainers.meta_trainer | Ep [015/500] T-Acc: 100.0%  V-Acc:  60.0%  V-AUROC: 0.7500  LR: 1.00e-04
2026-06-29 16:24:03,505 | [META-RNW] | INFO | meta_classifier_renewed.model_trainers.meta_trainer | Ep [016/500] T-Acc:  88.9%  V-Acc:  40.0%  V-AUROC: 0.7500  LR: 1.00e-04
2026-06-29 16:24:03,753 | [META-RNW] | INFO | meta_classifier_renewed.model_trainers.meta_trainer | Ep [017/500] T-Acc: 100.0%  V-Acc:  20.0%  V-AUROC: 0.7500  LR: 1.00e-04
2026-06-29 16:24:04,012 | [META-RNW] | INFO | meta_classifier_renewed.model_trainers.meta_trainer | Ep [018/500] T-Acc: 100.0%  V-Acc:  20.0%  V-AUROC: 0.7500  LR: 1.00e-04
2026-06-29 16:24:04,269 | [META-RNW] | INFO | meta_classifier_renewed.model_trainers.meta_trainer | Ep [019/500] T-Acc:  88.9%  V-Acc:  20.0%  V-AUROC: 0.7500  LR: 1.00e-04
2026-06-29 16:24:04,526 | [META-RNW] | INFO | meta_classifier_renewed.model_trainers.meta_trainer | Ep [020/500] T-Acc: 100.0%  V-Acc:  20.0%  V-AUROC: 0.7500  LR: 1.00e-04
2026-06-29 16:24:04,814 | [META-RNW] | INFO | meta_classifier_renewed.model_trainers.meta_trainer | Ep [021/500] T-Acc:  88.9%  V-Acc:  20.0%  V-AUROC: 0.7500  LR: 1.00e-04
2026-06-29 16:24:05,081 | [META-RNW] | INFO | meta_classifier_renewed.model_trainers.meta_trainer | Ep [022/500] T-Acc: 100.0%  V-Acc:  20.0%  V-AUROC: 0.7500  LR: 1.00e-04
2026-06-29 16:24:05,367 | [META-RNW] | INFO | meta_classifier_renewed.model_trainers.meta_trainer | Ep [023/500] T-Acc: 100.0%  V-Acc:  40.0%  V-AUROC: 0.7500  LR: 1.00e-04
2026-06-29 16:24:05,658 | [META-RNW] | INFO | meta_classifier_renewed.model_trainers.meta_trainer | Ep [024/500] T-Acc: 100.0%  V-Acc:  40.0%  V-AUROC: 0.7500  LR: 1.00e-04
2026-06-29 16:24:05,935 | [META-RNW] | INFO | meta_classifier_renewed.model_trainers.meta_trainer | Ep [025/500] T-Acc: 100.0%  V-Acc:  40.0%  V-AUROC: 0.7500  LR: 1.00e-04
2026-06-29 16:24:06,213 | [META-RNW] | INFO | meta_classifier_renewed.model_trainers.meta_trainer | Ep [026/500] T-Acc: 100.0%  V-Acc:  40.0%  V-AUROC: 0.7500  LR: 2.00e-05
2026-06-29 16:24:06,542 | [META-RNW] | INFO | meta_classifier_renewed.model_trainers.meta_trainer | Ep [027/500] T-Acc: 100.0%  V-Acc:  40.0%  V-AUROC: 0.7500  LR: 2.00e-05
2026-06-29 16:24:06,798 | [META-RNW] | INFO | meta_classifier_renewed.model_trainers.meta_trainer | Ep [028/500] T-Acc: 100.0%  V-Acc:  40.0%  V-AUROC: 0.7500  LR: 2.00e-05
2026-06-29 16:24:07,020 | [META-RNW] | INFO | meta_classifier_renewed.model_trainers.meta_trainer | Ep [029/500] T-Acc: 100.0%  V-Acc:  40.0%  V-AUROC: 0.7500  LR: 2.00e-05
2026-06-29 16:24:07,229 | [META-RNW] | INFO | meta_classifier_renewed.model_trainers.meta_trainer | Ep [030/500] T-Acc: 100.0%  V-Acc:  40.0%  V-AUROC: 0.7500  LR: 2.00e-05
2026-06-29 16:24:07,444 | [META-RNW] | INFO | meta_classifier_renewed.model_trainers.meta_trainer | Ep [031/500] T-Acc: 100.0%  V-Acc:  40.0%  V-AUROC: 0.7500  LR: 2.00e-05
2026-06-29 16:24:07,702 | [META-RNW] | INFO | meta_classifier_renewed.model_trainers.meta_trainer | Ep [032/500] T-Acc:  88.9%  V-Acc:  40.0%  V-AUROC: 0.7500  LR: 2.00e-05
2026-06-29 16:24:08,014 | [META-RNW] | INFO | meta_classifier_renewed.model_trainers.meta_trainer | Ep [033/500] T-Acc: 100.0%  V-Acc:  40.0%  V-AUROC: 0.7500  LR: 2.00e-05
2026-06-29 16:24:08,237 | [META-RNW] | INFO | meta_classifier_renewed.model_trainers.meta_trainer | Ep [034/500] T-Acc: 100.0%  V-Acc:  40.0%  V-AUROC: 0.7500  LR: 2.00e-05
2026-06-29 16:24:08,454 | [META-RNW] | INFO | meta_classifier_renewed.model_trainers.meta_trainer | Ep [035/500] T-Acc: 100.0%  V-Acc:  40.0%  V-AUROC: 0.7500  LR: 2.00e-05
2026-06-29 16:24:08,680 | [META-RNW] | INFO | meta_classifier_renewed.model_trainers.meta_trainer | Ep [036/500] T-Acc: 100.0%  V-Acc:  40.0%  V-AUROC: 0.7500  LR: 2.00e-05
2026-06-29 16:24:08,898 | [META-RNW] | INFO | meta_classifier_renewed.model_trainers.meta_trainer | Ep [037/500] T-Acc: 100.0%  V-Acc:  40.0%  V-AUROC: 0.7500  LR: 4.00e-06
2026-06-29 16:24:09,149 | [META-RNW] | INFO | meta_classifier_renewed.model_trainers.meta_trainer | Ep [038/500] T-Acc: 100.0%  V-Acc:  40.0%  V-AUROC: 0.7500  LR: 4.00e-06
2026-06-29 16:24:09,415 | [META-RNW] | INFO | meta_classifier_renewed.model_trainers.meta_trainer | Ep [039/500] T-Acc: 100.0%  V-Acc:  40.0%  V-AUROC: 0.7500  LR: 4.00e-06
2026-06-29 16:24:09,685 | [META-RNW] | INFO | meta_classifier_renewed.model_trainers.meta_trainer | Ep [040/500] T-Acc: 100.0%  V-Acc:  40.0%  V-AUROC: 0.7500  LR: 4.00e-06
2026-06-29 16:24:09,935 | [META-RNW] | INFO | meta_classifier_renewed.model_trainers.meta_trainer | Ep [041/500] T-Acc: 100.0%  V-Acc:  40.0%  V-AUROC: 0.7500  LR: 4.00e-06
2026-06-29 16:24:10,200 | [META-RNW] | INFO | meta_classifier_renewed.model_trainers.meta_trainer | Ep [042/500] T-Acc: 100.0%  V-Acc:  40.0%  V-AUROC: 0.7500  LR: 4.00e-06
2026-06-29 16:24:10,483 | [META-RNW] | INFO | meta_classifier_renewed.model_trainers.meta_trainer | Ep [043/500] T-Acc: 100.0%  V-Acc:  40.0%  V-AUROC: 0.7500  LR: 4.00e-06
2026-06-29 16:24:10,766 | [META-RNW] | INFO | meta_classifier_renewed.model_trainers.meta_trainer | Ep [044/500] T-Acc: 100.0%  V-Acc:  40.0%  V-AUROC: 0.7500  LR: 4.00e-06
2026-06-29 16:24:10,766 | [META-RNW] | INFO | meta_classifier_renewed.model_trainers.meta_trainer | Early stop — best AUROC 0.7500 at epoch 14 (no improvement for 30 epochs)
2026-06-29 16:24:10,766 | [META-RNW] | INFO | meta_classifier_renewed.model_trainers.meta_trainer | Done. Best AUROC: 0.7500 (epoch 14)
2026-06-29 16:24:10,943 | [META-RNW] | INFO | meta_classifier_renewed.model_trainers.meta_trainer | Restored best-AUROC checkpoint into model (epoch 14, AUROC 0.7500).
2026-06-29 16:24:10,993 | [META-RNW] | INFO | meta_classifier_renewed.evaluators.monte_carlo_evaluator | -> Fold 27 Result | Acc=0.600 Sens=1.000 Spec=0.500 AUROC=0.750 (Fixed Threshold: 0.5)
2026-06-29 16:24:11,001 | [META-RNW] | INFO | meta_classifier_renewed.evaluators.monte_carlo_evaluator | === Fold 28/30 | train: 9 subj | test: 5 subj ===
2026-06-29 16:24:11,016 | [META-RNW] | INFO | meta_classifier_renewed.model_trainers.meta_trainer | Device: cuda | max_epochs=500 | batch=8 | es_patience=30 | lr=1e-04 | wd=1e-02
2026-06-29 16:24:11,018 | [META-RNW] | INFO | meta_classifier_renewed.model_trainers.meta_trainer | CE weights — HC: 0.900  MCI: 1.125
2026-06-29 16:24:11,283 | [META-RNW] | INFO | meta_classifier_renewed.model_trainers.meta_trainer | Ep [001/500] T-Acc:  33.3%  V-Acc:  60.0%  V-AUROC: 0.6667  LR: 2.00e-05
2026-06-29 16:24:11,392 | [META-RNW] | INFO | meta_classifier_renewed.model_trainers.meta_trainer |   ↳ new best AUROC; saved checkpoint: /home/leggo/AIResearch/VOGBasedMCIDetectionSystemMobileViTSingleExperimentInference/outputs/checkpoints/run_20260629_161957_meta_renewed_t123567_mt02/fold_27_best.pth
2026-06-29 16:24:11,620 | [META-RNW] | INFO | meta_classifier_renewed.model_trainers.meta_trainer | Ep [002/500] T-Acc:  55.6%  V-Acc:  60.0%  V-AUROC: 0.6667  LR: 4.00e-05
2026-06-29 16:24:11,861 | [META-RNW] | INFO | meta_classifier_renewed.model_trainers.meta_trainer | Ep [003/500] T-Acc:  44.4%  V-Acc:  60.0%  V-AUROC: 0.6667  LR: 6.00e-05
2026-06-29 16:24:12,121 | [META-RNW] | INFO | meta_classifier_renewed.model_trainers.meta_trainer | Ep [004/500] T-Acc:  33.3%  V-Acc:  40.0%  V-AUROC: 0.6667  LR: 8.00e-05
2026-06-29 16:24:12,398 | [META-RNW] | INFO | meta_classifier_renewed.model_trainers.meta_trainer | Ep [005/500] T-Acc:  44.4%  V-Acc:  60.0%  V-AUROC: 0.6667  LR: 1.00e-04
2026-06-29 16:24:12,687 | [META-RNW] | INFO | meta_classifier_renewed.model_trainers.meta_trainer | Ep [006/500] T-Acc:  66.7%  V-Acc:  60.0%  V-AUROC: 0.6667  LR: 1.00e-04
2026-06-29 16:24:12,969 | [META-RNW] | INFO | meta_classifier_renewed.model_trainers.meta_trainer | Ep [007/500] T-Acc:  44.4%  V-Acc:  60.0%  V-AUROC: 0.6667  LR: 1.00e-04
2026-06-29 16:24:13,224 | [META-RNW] | INFO | meta_classifier_renewed.model_trainers.meta_trainer | Ep [008/500] T-Acc:  55.6%  V-Acc:  40.0%  V-AUROC: 0.6667  LR: 1.00e-04
2026-06-29 16:24:13,459 | [META-RNW] | INFO | meta_classifier_renewed.model_trainers.meta_trainer | Ep [009/500] T-Acc:  55.6%  V-Acc:  40.0%  V-AUROC: 0.8333  LR: 1.00e-04
2026-06-29 16:24:13,572 | [META-RNW] | INFO | meta_classifier_renewed.model_trainers.meta_trainer |   ↳ new best AUROC; saved checkpoint: /home/leggo/AIResearch/VOGBasedMCIDetectionSystemMobileViTSingleExperimentInference/outputs/checkpoints/run_20260629_161957_meta_renewed_t123567_mt02/fold_27_best.pth
2026-06-29 16:24:13,824 | [META-RNW] | INFO | meta_classifier_renewed.model_trainers.meta_trainer | Ep [010/500] T-Acc:  66.7%  V-Acc:  40.0%  V-AUROC: 0.6667  LR: 1.00e-04
2026-06-29 16:24:14,097 | [META-RNW] | INFO | meta_classifier_renewed.model_trainers.meta_trainer | Ep [011/500] T-Acc:  77.8%  V-Acc:  60.0%  V-AUROC: 0.6667  LR: 1.00e-04
2026-06-29 16:24:14,342 | [META-RNW] | INFO | meta_classifier_renewed.model_trainers.meta_trainer | Ep [012/500] T-Acc:  66.7%  V-Acc:  40.0%  V-AUROC: 0.6667  LR: 1.00e-04
2026-06-29 16:24:14,606 | [META-RNW] | INFO | meta_classifier_renewed.model_trainers.meta_trainer | Ep [013/500] T-Acc:  66.7%  V-Acc:  40.0%  V-AUROC: 0.6667  LR: 1.00e-04
2026-06-29 16:24:14,877 | [META-RNW] | INFO | meta_classifier_renewed.model_trainers.meta_trainer | Ep [014/500] T-Acc:  66.7%  V-Acc:  60.0%  V-AUROC: 0.6667  LR: 1.00e-04
2026-06-29 16:24:15,149 | [META-RNW] | INFO | meta_classifier_renewed.model_trainers.meta_trainer | Ep [015/500] T-Acc:  66.7%  V-Acc:  60.0%  V-AUROC: 0.6667  LR: 1.00e-04
2026-06-29 16:24:15,437 | [META-RNW] | INFO | meta_classifier_renewed.model_trainers.meta_trainer | Ep [016/500] T-Acc:  77.8%  V-Acc:  60.0%  V-AUROC: 0.5000  LR: 1.00e-04
2026-06-29 16:24:15,718 | [META-RNW] | INFO | meta_classifier_renewed.model_trainers.meta_trainer | Ep [017/500] T-Acc:  66.7%  V-Acc:  60.0%  V-AUROC: 0.5000  LR: 1.00e-04
2026-06-29 16:24:15,963 | [META-RNW] | INFO | meta_classifier_renewed.model_trainers.meta_trainer | Ep [018/500] T-Acc:  88.9%  V-Acc:  60.0%  V-AUROC: 0.5000  LR: 1.00e-04
2026-06-29 16:24:16,227 | [META-RNW] | INFO | meta_classifier_renewed.model_trainers.meta_trainer | Ep [019/500] T-Acc:  88.9%  V-Acc:  40.0%  V-AUROC: 0.5000  LR: 1.00e-04
2026-06-29 16:24:16,494 | [META-RNW] | INFO | meta_classifier_renewed.model_trainers.meta_trainer | Ep [020/500] T-Acc:  77.8%  V-Acc:  40.0%  V-AUROC: 0.5000  LR: 1.00e-04
2026-06-29 16:24:16,772 | [META-RNW] | INFO | meta_classifier_renewed.model_trainers.meta_trainer | Ep [021/500] T-Acc:  77.8%  V-Acc:  40.0%  V-AUROC: 0.5000  LR: 2.00e-05
2026-06-29 16:24:17,053 | [META-RNW] | INFO | meta_classifier_renewed.model_trainers.meta_trainer | Ep [022/500] T-Acc:  88.9%  V-Acc:  40.0%  V-AUROC: 0.5000  LR: 2.00e-05
2026-06-29 16:24:17,303 | [META-RNW] | INFO | meta_classifier_renewed.model_trainers.meta_trainer | Ep [023/500] T-Acc:  77.8%  V-Acc:  40.0%  V-AUROC: 0.5000  LR: 2.00e-05
2026-06-29 16:24:17,553 | [META-RNW] | INFO | meta_classifier_renewed.model_trainers.meta_trainer | Ep [024/500] T-Acc: 100.0%  V-Acc:  40.0%  V-AUROC: 0.5000  LR: 2.00e-05
2026-06-29 16:24:17,824 | [META-RNW] | INFO | meta_classifier_renewed.model_trainers.meta_trainer | Ep [025/500] T-Acc: 100.0%  V-Acc:  40.0%  V-AUROC: 0.5000  LR: 2.00e-05
2026-06-29 16:24:18,099 | [META-RNW] | INFO | meta_classifier_renewed.model_trainers.meta_trainer | Ep [026/500] T-Acc:  88.9%  V-Acc:  40.0%  V-AUROC: 0.5000  LR: 2.00e-05
2026-06-29 16:24:18,352 | [META-RNW] | INFO | meta_classifier_renewed.model_trainers.meta_trainer | Ep [027/500] T-Acc:  77.8%  V-Acc:  40.0%  V-AUROC: 0.5000  LR: 2.00e-05
2026-06-29 16:24:18,603 | [META-RNW] | INFO | meta_classifier_renewed.model_trainers.meta_trainer | Ep [028/500] T-Acc: 100.0%  V-Acc:  40.0%  V-AUROC: 0.5000  LR: 2.00e-05
2026-06-29 16:24:18,854 | [META-RNW] | INFO | meta_classifier_renewed.model_trainers.meta_trainer | Ep [029/500] T-Acc: 100.0%  V-Acc:  40.0%  V-AUROC: 0.5000  LR: 2.00e-05
2026-06-29 16:24:19,115 | [META-RNW] | INFO | meta_classifier_renewed.model_trainers.meta_trainer | Ep [030/500] T-Acc:  77.8%  V-Acc:  40.0%  V-AUROC: 0.5000  LR: 2.00e-05
2026-06-29 16:24:19,378 | [META-RNW] | INFO | meta_classifier_renewed.model_trainers.meta_trainer | Ep [031/500] T-Acc: 100.0%  V-Acc:  40.0%  V-AUROC: 0.5000  LR: 2.00e-05
2026-06-29 16:24:19,672 | [META-RNW] | INFO | meta_classifier_renewed.model_trainers.meta_trainer | Ep [032/500] T-Acc: 100.0%  V-Acc:  40.0%  V-AUROC: 0.5000  LR: 4.00e-06
2026-06-29 16:24:19,958 | [META-RNW] | INFO | meta_classifier_renewed.model_trainers.meta_trainer | Ep [033/500] T-Acc: 100.0%  V-Acc:  40.0%  V-AUROC: 0.5000  LR: 4.00e-06
2026-06-29 16:24:20,221 | [META-RNW] | INFO | meta_classifier_renewed.model_trainers.meta_trainer | Ep [034/500] T-Acc: 100.0%  V-Acc:  40.0%  V-AUROC: 0.5000  LR: 4.00e-06
2026-06-29 16:24:20,464 | [META-RNW] | INFO | meta_classifier_renewed.model_trainers.meta_trainer | Ep [035/500] T-Acc: 100.0%  V-Acc:  40.0%  V-AUROC: 0.5000  LR: 4.00e-06
2026-06-29 16:24:20,724 | [META-RNW] | INFO | meta_classifier_renewed.model_trainers.meta_trainer | Ep [036/500] T-Acc: 100.0%  V-Acc:  40.0%  V-AUROC: 0.5000  LR: 4.00e-06
2026-06-29 16:24:20,984 | [META-RNW] | INFO | meta_classifier_renewed.model_trainers.meta_trainer | Ep [037/500] T-Acc:  88.9%  V-Acc:  40.0%  V-AUROC: 0.5000  LR: 4.00e-06
2026-06-29 16:24:21,275 | [META-RNW] | INFO | meta_classifier_renewed.model_trainers.meta_trainer | Ep [038/500] T-Acc:  77.8%  V-Acc:  40.0%  V-AUROC: 0.5000  LR: 4.00e-06
2026-06-29 16:24:21,553 | [META-RNW] | INFO | meta_classifier_renewed.model_trainers.meta_trainer | Ep [039/500] T-Acc:  88.9%  V-Acc:  40.0%  V-AUROC: 0.5000  LR: 4.00e-06
2026-06-29 16:24:21,553 | [META-RNW] | INFO | meta_classifier_renewed.model_trainers.meta_trainer | Early stop — best AUROC 0.8333 at epoch 9 (no improvement for 30 epochs)
2026-06-29 16:24:21,554 | [META-RNW] | INFO | meta_classifier_renewed.model_trainers.meta_trainer | Done. Best AUROC: 0.8333 (epoch 9)
2026-06-29 16:24:21,725 | [META-RNW] | INFO | meta_classifier_renewed.model_trainers.meta_trainer | Restored best-AUROC checkpoint into model (epoch 9, AUROC 0.8333).
2026-06-29 16:24:21,781 | [META-RNW] | INFO | meta_classifier_renewed.evaluators.monte_carlo_evaluator | -> Fold 28 Result | Acc=0.400 Sens=0.000 Spec=1.000 AUROC=0.833 (Fixed Threshold: 0.5)
2026-06-29 16:24:21,790 | [META-RNW] | INFO | meta_classifier_renewed.evaluators.monte_carlo_evaluator | === Fold 29/30 | train: 9 subj | test: 5 subj ===
2026-06-29 16:24:21,806 | [META-RNW] | INFO | meta_classifier_renewed.model_trainers.meta_trainer | Device: cuda | max_epochs=500 | batch=8 | es_patience=30 | lr=1e-04 | wd=1e-02
2026-06-29 16:24:21,808 | [META-RNW] | INFO | meta_classifier_renewed.model_trainers.meta_trainer | CE weights — HC: 1.125  MCI: 0.900
2026-06-29 16:24:22,046 | [META-RNW] | INFO | meta_classifier_renewed.model_trainers.meta_trainer | Ep [001/500] T-Acc:  66.7%  V-Acc:  40.0%  V-AUROC: 0.5000  LR: 2.00e-05
2026-06-29 16:24:22,153 | [META-RNW] | INFO | meta_classifier_renewed.model_trainers.meta_trainer |   ↳ new best AUROC; saved checkpoint: /home/leggo/AIResearch/VOGBasedMCIDetectionSystemMobileViTSingleExperimentInference/outputs/checkpoints/run_20260629_161957_meta_renewed_t123567_mt02/fold_28_best.pth
2026-06-29 16:24:22,427 | [META-RNW] | INFO | meta_classifier_renewed.model_trainers.meta_trainer | Ep [002/500] T-Acc:  66.7%  V-Acc:  40.0%  V-AUROC: 0.3333  LR: 4.00e-05
2026-06-29 16:24:22,667 | [META-RNW] | INFO | meta_classifier_renewed.model_trainers.meta_trainer | Ep [003/500] T-Acc:  77.8%  V-Acc:  40.0%  V-AUROC: 0.5000  LR: 6.00e-05
2026-06-29 16:24:22,897 | [META-RNW] | INFO | meta_classifier_renewed.model_trainers.meta_trainer | Ep [004/500] T-Acc:  77.8%  V-Acc:  60.0%  V-AUROC: 0.5000  LR: 8.00e-05
2026-06-29 16:24:23,134 | [META-RNW] | INFO | meta_classifier_renewed.model_trainers.meta_trainer | Ep [005/500] T-Acc:  55.6%  V-Acc:  60.0%  V-AUROC: 0.8333  LR: 1.00e-04
2026-06-29 16:24:23,258 | [META-RNW] | INFO | meta_classifier_renewed.model_trainers.meta_trainer |   ↳ new best AUROC; saved checkpoint: /home/leggo/AIResearch/VOGBasedMCIDetectionSystemMobileViTSingleExperimentInference/outputs/checkpoints/run_20260629_161957_meta_renewed_t123567_mt02/fold_28_best.pth
2026-06-29 16:24:23,471 | [META-RNW] | INFO | meta_classifier_renewed.model_trainers.meta_trainer | Ep [006/500] T-Acc:  77.8%  V-Acc:  60.0%  V-AUROC: 0.8333  LR: 1.00e-04
2026-06-29 16:24:23,702 | [META-RNW] | INFO | meta_classifier_renewed.model_trainers.meta_trainer | Ep [007/500] T-Acc:  88.9%  V-Acc:  60.0%  V-AUROC: 0.6667  LR: 1.00e-04
2026-06-29 16:24:23,945 | [META-RNW] | INFO | meta_classifier_renewed.model_trainers.meta_trainer | Ep [008/500] T-Acc:  77.8%  V-Acc:  60.0%  V-AUROC: 0.6667  LR: 1.00e-04
2026-06-29 16:24:24,203 | [META-RNW] | INFO | meta_classifier_renewed.model_trainers.meta_trainer | Ep [009/500] T-Acc: 100.0%  V-Acc:  60.0%  V-AUROC: 0.6667  LR: 1.00e-04
2026-06-29 16:24:24,478 | [META-RNW] | INFO | meta_classifier_renewed.model_trainers.meta_trainer | Ep [010/500] T-Acc:  88.9%  V-Acc:  60.0%  V-AUROC: 0.6667  LR: 1.00e-04
2026-06-29 16:24:24,752 | [META-RNW] | INFO | meta_classifier_renewed.model_trainers.meta_trainer | Ep [011/500] T-Acc:  88.9%  V-Acc:  60.0%  V-AUROC: 0.6667  LR: 1.00e-04
2026-06-29 16:24:25,027 | [META-RNW] | INFO | meta_classifier_renewed.model_trainers.meta_trainer | Ep [012/500] T-Acc: 100.0%  V-Acc:  60.0%  V-AUROC: 0.6667  LR: 1.00e-04
2026-06-29 16:24:25,281 | [META-RNW] | INFO | meta_classifier_renewed.model_trainers.meta_trainer | Ep [013/500] T-Acc: 100.0%  V-Acc:  60.0%  V-AUROC: 0.6667  LR: 1.00e-04
2026-06-29 16:24:25,542 | [META-RNW] | INFO | meta_classifier_renewed.model_trainers.meta_trainer | Ep [014/500] T-Acc: 100.0%  V-Acc:  60.0%  V-AUROC: 0.6667  LR: 1.00e-04
2026-06-29 16:24:25,798 | [META-RNW] | INFO | meta_classifier_renewed.model_trainers.meta_trainer | Ep [015/500] T-Acc: 100.0%  V-Acc:  60.0%  V-AUROC: 0.8333  LR: 1.00e-04
2026-06-29 16:24:26,023 | [META-RNW] | INFO | meta_classifier_renewed.model_trainers.meta_trainer | Ep [016/500] T-Acc: 100.0%  V-Acc:  60.0%  V-AUROC: 0.8333  LR: 1.00e-04
2026-06-29 16:24:26,261 | [META-RNW] | INFO | meta_classifier_renewed.model_trainers.meta_trainer | Ep [017/500] T-Acc: 100.0%  V-Acc:  60.0%  V-AUROC: 0.8333  LR: 1.00e-04
2026-06-29 16:24:26,480 | [META-RNW] | INFO | meta_classifier_renewed.model_trainers.meta_trainer | Ep [018/500] T-Acc: 100.0%  V-Acc:  60.0%  V-AUROC: 0.8333  LR: 2.00e-05
2026-06-29 16:24:26,712 | [META-RNW] | INFO | meta_classifier_renewed.model_trainers.meta_trainer | Ep [019/500] T-Acc: 100.0%  V-Acc:  60.0%  V-AUROC: 0.8333  LR: 2.00e-05
2026-06-29 16:24:26,955 | [META-RNW] | INFO | meta_classifier_renewed.model_trainers.meta_trainer | Ep [020/500] T-Acc:  88.9%  V-Acc:  60.0%  V-AUROC: 0.8333  LR: 2.00e-05
2026-06-29 16:24:27,211 | [META-RNW] | INFO | meta_classifier_renewed.model_trainers.meta_trainer | Ep [021/500] T-Acc: 100.0%  V-Acc:  60.0%  V-AUROC: 0.8333  LR: 2.00e-05
2026-06-29 16:24:27,458 | [META-RNW] | INFO | meta_classifier_renewed.model_trainers.meta_trainer | Ep [022/500] T-Acc: 100.0%  V-Acc:  60.0%  V-AUROC: 0.8333  LR: 2.00e-05
2026-06-29 16:24:27,730 | [META-RNW] | INFO | meta_classifier_renewed.model_trainers.meta_trainer | Ep [023/500] T-Acc: 100.0%  V-Acc:  60.0%  V-AUROC: 0.8333  LR: 2.00e-05
2026-06-29 16:24:27,981 | [META-RNW] | INFO | meta_classifier_renewed.model_trainers.meta_trainer | Ep [024/500] T-Acc: 100.0%  V-Acc:  60.0%  V-AUROC: 0.8333  LR: 2.00e-05
2026-06-29 16:24:28,238 | [META-RNW] | INFO | meta_classifier_renewed.model_trainers.meta_trainer | Ep [025/500] T-Acc: 100.0%  V-Acc:  60.0%  V-AUROC: 0.8333  LR: 2.00e-05
2026-06-29 16:24:28,491 | [META-RNW] | INFO | meta_classifier_renewed.model_trainers.meta_trainer | Ep [026/500] T-Acc: 100.0%  V-Acc:  60.0%  V-AUROC: 0.8333  LR: 2.00e-05
2026-06-29 16:24:28,751 | [META-RNW] | INFO | meta_classifier_renewed.model_trainers.meta_trainer | Ep [027/500] T-Acc: 100.0%  V-Acc:  60.0%  V-AUROC: 0.8333  LR: 2.00e-05
2026-06-29 16:24:28,982 | [META-RNW] | INFO | meta_classifier_renewed.model_trainers.meta_trainer | Ep [028/500] T-Acc: 100.0%  V-Acc:  60.0%  V-AUROC: 0.8333  LR: 2.00e-05
2026-06-29 16:24:29,250 | [META-RNW] | INFO | meta_classifier_renewed.model_trainers.meta_trainer | Ep [029/500] T-Acc: 100.0%  V-Acc:  60.0%  V-AUROC: 0.8333  LR: 4.00e-06
2026-06-29 16:24:29,500 | [META-RNW] | INFO | meta_classifier_renewed.model_trainers.meta_trainer | Ep [030/500] T-Acc: 100.0%  V-Acc:  60.0%  V-AUROC: 0.8333  LR: 4.00e-06
2026-06-29 16:24:29,747 | [META-RNW] | INFO | meta_classifier_renewed.model_trainers.meta_trainer | Ep [031/500] T-Acc: 100.0%  V-Acc:  60.0%  V-AUROC: 0.8333  LR: 4.00e-06
2026-06-29 16:24:29,973 | [META-RNW] | INFO | meta_classifier_renewed.model_trainers.meta_trainer | Ep [032/500] T-Acc: 100.0%  V-Acc:  60.0%  V-AUROC: 0.8333  LR: 4.00e-06
2026-06-29 16:24:30,183 | [META-RNW] | INFO | meta_classifier_renewed.model_trainers.meta_trainer | Ep [033/500] T-Acc: 100.0%  V-Acc:  60.0%  V-AUROC: 0.8333  LR: 4.00e-06
2026-06-29 16:24:30,416 | [META-RNW] | INFO | meta_classifier_renewed.model_trainers.meta_trainer | Ep [034/500] T-Acc: 100.0%  V-Acc:  60.0%  V-AUROC: 0.8333  LR: 4.00e-06
2026-06-29 16:24:30,654 | [META-RNW] | INFO | meta_classifier_renewed.model_trainers.meta_trainer | Ep [035/500] T-Acc: 100.0%  V-Acc:  60.0%  V-AUROC: 0.8333  LR: 4.00e-06
2026-06-29 16:24:30,655 | [META-RNW] | INFO | meta_classifier_renewed.model_trainers.meta_trainer | Early stop — best AUROC 0.8333 at epoch 5 (no improvement for 30 epochs)
2026-06-29 16:24:30,655 | [META-RNW] | INFO | meta_classifier_renewed.model_trainers.meta_trainer | Done. Best AUROC: 0.8333 (epoch 5)
2026-06-29 16:24:30,820 | [META-RNW] | INFO | meta_classifier_renewed.model_trainers.meta_trainer | Restored best-AUROC checkpoint into model (epoch 5, AUROC 0.8333).
2026-06-29 16:24:30,870 | [META-RNW] | INFO | meta_classifier_renewed.evaluators.monte_carlo_evaluator | -> Fold 29 Result | Acc=0.600 Sens=0.000 Spec=1.000 AUROC=0.833 (Fixed Threshold: 0.5)
2026-06-29 16:24:30,878 | [META-RNW] | INFO | meta_classifier_renewed.evaluators.monte_carlo_evaluator | === Fold 30/30 | train: 9 subj | test: 5 subj ===
2026-06-29 16:24:30,893 | [META-RNW] | INFO | meta_classifier_renewed.model_trainers.meta_trainer | Device: cuda | max_epochs=500 | batch=8 | es_patience=30 | lr=1e-04 | wd=1e-02
2026-06-29 16:24:30,894 | [META-RNW] | INFO | meta_classifier_renewed.model_trainers.meta_trainer | CE weights — HC: 0.750  MCI: 1.500
2026-06-29 16:24:31,151 | [META-RNW] | INFO | meta_classifier_renewed.model_trainers.meta_trainer | Ep [001/500] T-Acc:  55.6%  V-Acc:  20.0%  V-AUROC: 0.5000  LR: 2.00e-05
2026-06-29 16:24:31,255 | [META-RNW] | INFO | meta_classifier_renewed.model_trainers.meta_trainer |   ↳ new best AUROC; saved checkpoint: /home/leggo/AIResearch/VOGBasedMCIDetectionSystemMobileViTSingleExperimentInference/outputs/checkpoints/run_20260629_161957_meta_renewed_t123567_mt02/fold_29_best.pth
2026-06-29 16:24:31,472 | [META-RNW] | INFO | meta_classifier_renewed.model_trainers.meta_trainer | Ep [002/500] T-Acc:  66.7%  V-Acc:  20.0%  V-AUROC: 0.5000  LR: 4.00e-05
2026-06-29 16:24:31,708 | [META-RNW] | INFO | meta_classifier_renewed.model_trainers.meta_trainer | Ep [003/500] T-Acc:  77.8%  V-Acc:  20.0%  V-AUROC: 0.5000  LR: 6.00e-05
2026-06-29 16:24:31,934 | [META-RNW] | INFO | meta_classifier_renewed.model_trainers.meta_trainer | Ep [004/500] T-Acc:  44.4%  V-Acc:  20.0%  V-AUROC: 0.5000  LR: 8.00e-05
2026-06-29 16:24:32,168 | [META-RNW] | INFO | meta_classifier_renewed.model_trainers.meta_trainer | Ep [005/500] T-Acc:  55.6%  V-Acc:  20.0%  V-AUROC: 0.5000  LR: 1.00e-04
2026-06-29 16:24:32,429 | [META-RNW] | INFO | meta_classifier_renewed.model_trainers.meta_trainer | Ep [006/500] T-Acc:  66.7%  V-Acc:  20.0%  V-AUROC: 0.5000  LR: 1.00e-04
2026-06-29 16:24:32,682 | [META-RNW] | INFO | meta_classifier_renewed.model_trainers.meta_trainer | Ep [007/500] T-Acc:  44.4%  V-Acc:  20.0%  V-AUROC: 1.0000  LR: 1.00e-04
2026-06-29 16:24:32,815 | [META-RNW] | INFO | meta_classifier_renewed.model_trainers.meta_trainer |   ↳ new best AUROC; saved checkpoint: /home/leggo/AIResearch/VOGBasedMCIDetectionSystemMobileViTSingleExperimentInference/outputs/checkpoints/run_20260629_161957_meta_renewed_t123567_mt02/fold_29_best.pth
2026-06-29 16:24:33,044 | [META-RNW] | INFO | meta_classifier_renewed.model_trainers.meta_trainer | Ep [008/500] T-Acc:  66.7%  V-Acc:  20.0%  V-AUROC: 1.0000  LR: 1.00e-04
2026-06-29 16:24:33,273 | [META-RNW] | INFO | meta_classifier_renewed.model_trainers.meta_trainer | Ep [009/500] T-Acc:  77.8%  V-Acc:  20.0%  V-AUROC: 1.0000  LR: 1.00e-04
2026-06-29 16:24:33,488 | [META-RNW] | INFO | meta_classifier_renewed.model_trainers.meta_trainer | Ep [010/500] T-Acc:  55.6%  V-Acc:  20.0%  V-AUROC: 1.0000  LR: 1.00e-04
2026-06-29 16:24:33,703 | [META-RNW] | INFO | meta_classifier_renewed.model_trainers.meta_trainer | Ep [011/500] T-Acc:  55.6%  V-Acc:  20.0%  V-AUROC: 1.0000  LR: 1.00e-04
2026-06-29 16:24:33,911 | [META-RNW] | INFO | meta_classifier_renewed.model_trainers.meta_trainer | Ep [012/500] T-Acc:  88.9%  V-Acc:  40.0%  V-AUROC: 1.0000  LR: 1.00e-04
2026-06-29 16:24:34,129 | [META-RNW] | INFO | meta_classifier_renewed.model_trainers.meta_trainer | Ep [013/500] T-Acc:  88.9%  V-Acc:  40.0%  V-AUROC: 1.0000  LR: 1.00e-04
2026-06-29 16:24:34,332 | [META-RNW] | INFO | meta_classifier_renewed.model_trainers.meta_trainer | Ep [014/500] T-Acc:  88.9%  V-Acc:  80.0%  V-AUROC: 1.0000  LR: 1.00e-04
2026-06-29 16:24:34,540 | [META-RNW] | INFO | meta_classifier_renewed.model_trainers.meta_trainer | Ep [015/500] T-Acc: 100.0%  V-Acc:  80.0%  V-AUROC: 1.0000  LR: 1.00e-04
2026-06-29 16:24:34,756 | [META-RNW] | INFO | meta_classifier_renewed.model_trainers.meta_trainer | Ep [016/500] T-Acc:  55.6%  V-Acc:  60.0%  V-AUROC: 1.0000  LR: 1.00e-04
2026-06-29 16:24:34,973 | [META-RNW] | INFO | meta_classifier_renewed.model_trainers.meta_trainer | Ep [017/500] T-Acc: 100.0%  V-Acc:  40.0%  V-AUROC: 1.0000  LR: 1.00e-04
2026-06-29 16:24:35,195 | [META-RNW] | INFO | meta_classifier_renewed.model_trainers.meta_trainer | Ep [018/500] T-Acc:  88.9%  V-Acc:  40.0%  V-AUROC: 1.0000  LR: 1.00e-04
2026-06-29 16:24:35,413 | [META-RNW] | INFO | meta_classifier_renewed.model_trainers.meta_trainer | Ep [019/500] T-Acc: 100.0%  V-Acc:  40.0%  V-AUROC: 1.0000  LR: 2.00e-05
2026-06-29 16:24:35,653 | [META-RNW] | INFO | meta_classifier_renewed.model_trainers.meta_trainer | Ep [020/500] T-Acc: 100.0%  V-Acc:  40.0%  V-AUROC: 1.0000  LR: 2.00e-05
2026-06-29 16:24:35,912 | [META-RNW] | INFO | meta_classifier_renewed.model_trainers.meta_trainer | Ep [021/500] T-Acc: 100.0%  V-Acc:  40.0%  V-AUROC: 1.0000  LR: 2.00e-05
2026-06-29 16:24:36,191 | [META-RNW] | INFO | meta_classifier_renewed.model_trainers.meta_trainer | Ep [022/500] T-Acc: 100.0%  V-Acc:  60.0%  V-AUROC: 1.0000  LR: 2.00e-05
2026-06-29 16:24:36,467 | [META-RNW] | INFO | meta_classifier_renewed.model_trainers.meta_trainer | Ep [023/500] T-Acc: 100.0%  V-Acc:  60.0%  V-AUROC: 1.0000  LR: 2.00e-05
2026-06-29 16:24:36,712 | [META-RNW] | INFO | meta_classifier_renewed.model_trainers.meta_trainer | Ep [024/500] T-Acc:  88.9%  V-Acc:  60.0%  V-AUROC: 1.0000  LR: 2.00e-05
2026-06-29 16:24:36,950 | [META-RNW] | INFO | meta_classifier_renewed.model_trainers.meta_trainer | Ep [025/500] T-Acc: 100.0%  V-Acc:  60.0%  V-AUROC: 1.0000  LR: 2.00e-05
2026-06-29 16:24:37,172 | [META-RNW] | INFO | meta_classifier_renewed.model_trainers.meta_trainer | Ep [026/500] T-Acc:  88.9%  V-Acc:  80.0%  V-AUROC: 1.0000  LR: 2.00e-05
2026-06-29 16:24:37,437 | [META-RNW] | INFO | meta_classifier_renewed.model_trainers.meta_trainer | Ep [027/500] T-Acc: 100.0%  V-Acc:  80.0%  V-AUROC: 1.0000  LR: 2.00e-05
2026-06-29 16:24:37,663 | [META-RNW] | INFO | meta_classifier_renewed.model_trainers.meta_trainer | Ep [028/500] T-Acc: 100.0%  V-Acc:  80.0%  V-AUROC: 1.0000  LR: 2.00e-05
2026-06-29 16:24:37,898 | [META-RNW] | INFO | meta_classifier_renewed.model_trainers.meta_trainer | Ep [029/500] T-Acc: 100.0%  V-Acc:  80.0%  V-AUROC: 1.0000  LR: 2.00e-05
2026-06-29 16:24:38,157 | [META-RNW] | INFO | meta_classifier_renewed.model_trainers.meta_trainer | Ep [030/500] T-Acc: 100.0%  V-Acc:  80.0%  V-AUROC: 1.0000  LR: 4.00e-06
2026-06-29 16:24:38,402 | [META-RNW] | INFO | meta_classifier_renewed.model_trainers.meta_trainer | Ep [031/500] T-Acc: 100.0%  V-Acc:  80.0%  V-AUROC: 1.0000  LR: 4.00e-06
2026-06-29 16:24:38,631 | [META-RNW] | INFO | meta_classifier_renewed.model_trainers.meta_trainer | Ep [032/500] T-Acc: 100.0%  V-Acc:  80.0%  V-AUROC: 1.0000  LR: 4.00e-06
2026-06-29 16:24:38,868 | [META-RNW] | INFO | meta_classifier_renewed.model_trainers.meta_trainer | Ep [033/500] T-Acc: 100.0%  V-Acc:  80.0%  V-AUROC: 1.0000  LR: 4.00e-06
2026-06-29 16:24:39,101 | [META-RNW] | INFO | meta_classifier_renewed.model_trainers.meta_trainer | Ep [034/500] T-Acc: 100.0%  V-Acc:  80.0%  V-AUROC: 1.0000  LR: 4.00e-06
2026-06-29 16:24:39,327 | [META-RNW] | INFO | meta_classifier_renewed.model_trainers.meta_trainer | Ep [035/500] T-Acc:  77.8%  V-Acc:  80.0%  V-AUROC: 1.0000  LR: 4.00e-06
2026-06-29 16:24:39,582 | [META-RNW] | INFO | meta_classifier_renewed.model_trainers.meta_trainer | Ep [036/500] T-Acc: 100.0%  V-Acc:  80.0%  V-AUROC: 1.0000  LR: 4.00e-06
2026-06-29 16:24:39,836 | [META-RNW] | INFO | meta_classifier_renewed.model_trainers.meta_trainer | Ep [037/500] T-Acc: 100.0%  V-Acc:  80.0%  V-AUROC: 1.0000  LR: 4.00e-06
2026-06-29 16:24:39,836 | [META-RNW] | INFO | meta_classifier_renewed.model_trainers.meta_trainer | Early stop — best AUROC 1.0000 at epoch 7 (no improvement for 30 epochs)
2026-06-29 16:24:39,836 | [META-RNW] | INFO | meta_classifier_renewed.model_trainers.meta_trainer | Done. Best AUROC: 1.0000 (epoch 7)
2026-06-29 16:24:39,997 | [META-RNW] | INFO | meta_classifier_renewed.model_trainers.meta_trainer | Restored best-AUROC checkpoint into model (epoch 7, AUROC 1.0000).
2026-06-29 16:24:40,048 | [META-RNW] | INFO | meta_classifier_renewed.evaluators.monte_carlo_evaluator | -> Fold 30 Result | Acc=0.200 Sens=0.000 Spec=1.000 AUROC=1.000 (Fixed Threshold: 0.5)
2026-06-29 16:24:40,055 | [META-RNW] | INFO | meta_classifier_renewed.evaluators.monte_carlo_evaluator | ============================================================
2026-06-29 16:24:40,056 | [META-RNW] | INFO | meta_classifier_renewed.evaluators.monte_carlo_evaluator |   Renewed MC-CV Results (30 folds) - STRICT 0.5 THRESHOLD
2026-06-29 16:24:40,056 | [META-RNW] | INFO | meta_classifier_renewed.evaluators.monte_carlo_evaluator |   Accuracy    : 0.480 ± 0.210
2026-06-29 16:24:40,057 | [META-RNW] | INFO | meta_classifier_renewed.evaluators.monte_carlo_evaluator |   Sensitivity : 0.353 ± 0.417
2026-06-29 16:24:40,057 | [META-RNW] | INFO | meta_classifier_renewed.evaluators.monte_carlo_evaluator |   Specificity : 0.649 ± 0.362
2026-06-29 16:24:40,057 | [META-RNW] | INFO | meta_classifier_renewed.evaluators.monte_carlo_evaluator |   AUROC       : nan ± nan
2026-06-29 16:24:40,057 | [META-RNW] | INFO | meta_classifier_renewed.evaluators.monte_carlo_evaluator | ============================================================
