2026-06-30 01:01:13,566 | [DYN-LATENT] | INFO | __main__ | Run ID: 20260630_010113_dynamic_latent | tasks=[2=HSacBanti, 6=VSacBanti] | min_trials=1 | batch=8
2026-06-30 01:01:13,572 | [DYN-LATENT] | INFO | full_experiments_using.data_processor.data_engineering | Processing 300 CSV files under /home/leggo/AIResearch/VOGBasedMCIDetectionSystemMobileViTSingleExperimentInference/data
2026-06-30 01:03:12,951 | [DYN-LATENT] | INFO | full_experiments_using.data_processor.data_engineering | Pipeline summary | kept_epochs=9378 | files_skipped(task=4, group=0, missing_cols=0, load_errors=0)
2026-06-30 01:03:13,575 | [DYN-LATENT] | INFO | full_experiments_using.data_processor.data_engineering | Cached preprocessed data_store to: /home/leggo/AIResearch/VOGBasedMCIDetectionSystemMobileViTSingleExperimentInference/outputs/cache/data_store_meta_4err.pkl
2026-06-30 01:03:13,617 | [DYN-LATENT] | INFO | __main__ | Subject bundles built: 37 (Shape: Ragged[N=37, Tasks=2, Trials=Dynamic])
2026-06-30 01:03:13,749 | [DYN-LATENT] | INFO | meta_classifier_renewed.evaluators.monte_carlo_evaluator | Renewed MC Group CV (Dynamic Latent Aggregation) — 30 folds | device=cuda | dropout=0.50 | lr=1e-04 | wd=1e-02
2026-06-30 01:03:14,242 | [DYN-LATENT] | INFO | httpx | HTTP Request: HEAD https://huggingface.co/apple/mobilevit-small/resolve/main/config.json "HTTP/1.1 307 Temporary Redirect"
2026-06-30 01:03:14,259 | [DYN-LATENT] | INFO | httpx | HTTP Request: HEAD https://huggingface.co/api/resolve-cache/models/apple/mobilevit-small/6c8612545dc98676d27bc518fa521d9e9af23e34/config.json "HTTP/1.1 200 OK"
2026-06-30 01:03:14,566 | [DYN-LATENT] | INFO | httpx | HTTP Request: HEAD https://huggingface.co/apple/mobilevit-small/resolve/main/model.safetensors "HTTP/1.1 404 Not Found"
2026-06-30 01:03:14,805 | [DYN-LATENT] | INFO | httpx | HTTP Request: HEAD https://huggingface.co/apple/mobilevit-small/resolve/main/model.safetensors.index.json "HTTP/1.1 404 Not Found"
2026-06-30 01:03:15,046 | [DYN-LATENT] | INFO | httpx | HTTP Request: HEAD https://huggingface.co/apple/mobilevit-small/resolve/main/pytorch_model.bin "HTTP/1.1 302 Found"
2026-06-30 01:03:15,254 | [DYN-LATENT] | INFO | httpx | HTTP Request: HEAD https://huggingface.co/apple/mobilevit-small/resolve/main/model.safetensors "HTTP/1.1 404 Not Found"
2026-06-30 01:03:15,513 | [DYN-LATENT] | INFO | httpx | HTTP Request: GET https://huggingface.co/api/models/apple/mobilevit-small "HTTP/1.1 200 OK"
2026-06-30 01:03:15,824 | [DYN-LATENT] | INFO | httpx | HTTP Request: GET https://huggingface.co/api/models/apple/mobilevit-small/commits/main "HTTP/1.1 200 OK"
2026-06-30 01:03:15,894 | [DYN-LATENT] | INFO | meta_classifier_renewed.evaluators.monte_carlo_evaluator | === Fold 01/30 | train: 25 subj | test: 12 subj ===
2026-06-30 01:03:16,052 | [DYN-LATENT] | INFO | httpx | HTTP Request: GET https://huggingface.co/api/models/apple/mobilevit-small/discussions?p=0 "HTTP/1.1 200 OK"
2026-06-30 01:03:16,294 | [DYN-LATENT] | INFO | httpx | HTTP Request: GET https://huggingface.co/api/models/apple/mobilevit-small/commits/refs%2Fpr%2F6 "HTTP/1.1 200 OK"
2026-06-30 01:03:16,507 | [DYN-LATENT] | INFO | httpx | HTTP Request: HEAD https://huggingface.co/apple/mobilevit-small/resolve/refs%2Fpr%2F6/model.safetensors.index.json "HTTP/1.1 404 Not Found"
2026-06-30 01:03:16,721 | [DYN-LATENT] | INFO | httpx | HTTP Request: HEAD https://huggingface.co/apple/mobilevit-small/resolve/refs%2Fpr%2F6/model.safetensors "HTTP/1.1 302 Found"
2026-06-30 01:03:18,216 | [DYN-LATENT] | INFO | meta_classifier_renewed.model_trainers.meta_trainer | Ep [001/500] T-Acc:  52.0%  V-Acc:  66.7%  V-AUROC: 0.5625  LR: 2.00e-05
2026-06-30 01:03:19,375 | [DYN-LATENT] | INFO | meta_classifier_renewed.model_trainers.meta_trainer | Ep [002/500] T-Acc:  44.0%  V-Acc:  58.3%  V-AUROC: 0.6875  LR: 4.00e-05
2026-06-30 01:03:20,894 | [DYN-LATENT] | INFO | meta_classifier_renewed.model_trainers.meta_trainer | Ep [003/500] T-Acc:  52.0%  V-Acc:  58.3%  V-AUROC: 0.6562  LR: 6.00e-05
2026-06-30 01:03:22,228 | [DYN-LATENT] | INFO | meta_classifier_renewed.model_trainers.meta_trainer | Ep [004/500] T-Acc:  56.0%  V-Acc:  50.0%  V-AUROC: 0.6562  LR: 8.00e-05
2026-06-30 01:03:23,381 | [DYN-LATENT] | INFO | meta_classifier_renewed.model_trainers.meta_trainer | Ep [005/500] T-Acc:  48.0%  V-Acc:  66.7%  V-AUROC: 0.6562  LR: 1.00e-04
2026-06-30 01:03:24,469 | [DYN-LATENT] | INFO | meta_classifier_renewed.model_trainers.meta_trainer | Ep [006/500] T-Acc:  64.0%  V-Acc:  58.3%  V-AUROC: 0.6562  LR: 1.00e-04
2026-06-30 01:03:25,615 | [DYN-LATENT] | INFO | meta_classifier_renewed.model_trainers.meta_trainer | Ep [007/500] T-Acc:  68.0%  V-Acc:  58.3%  V-AUROC: 0.5625  LR: 1.00e-04
2026-06-30 01:03:26,845 | [DYN-LATENT] | INFO | meta_classifier_renewed.model_trainers.meta_trainer | Ep [008/500] T-Acc:  76.0%  V-Acc:  58.3%  V-AUROC: 0.5938  LR: 1.00e-04
2026-06-30 01:03:27,806 | [DYN-LATENT] | INFO | meta_classifier_renewed.model_trainers.meta_trainer | Ep [009/500] T-Acc:  68.0%  V-Acc:  58.3%  V-AUROC: 0.6250  LR: 1.00e-04
2026-06-30 01:03:28,751 | [DYN-LATENT] | INFO | meta_classifier_renewed.model_trainers.meta_trainer | Ep [010/500] T-Acc:  72.0%  V-Acc:  50.0%  V-AUROC: 0.6250  LR: 1.00e-04
2026-06-30 01:03:29,584 | [DYN-LATENT] | INFO | meta_classifier_renewed.model_trainers.meta_trainer | Ep [011/500] T-Acc:  76.0%  V-Acc:  75.0%  V-AUROC: 0.6250  LR: 1.00e-04
2026-06-30 01:03:30,687 | [DYN-LATENT] | INFO | meta_classifier_renewed.model_trainers.meta_trainer | Ep [012/500] T-Acc:  92.0%  V-Acc:  58.3%  V-AUROC: 0.6875  LR: 1.00e-04
2026-06-30 01:03:31,682 | [DYN-LATENT] | INFO | meta_classifier_renewed.model_trainers.meta_trainer | Ep [013/500] T-Acc:  88.0%  V-Acc:  58.3%  V-AUROC: 0.7188  LR: 1.00e-04
2026-06-30 01:03:32,470 | [DYN-LATENT] | INFO | meta_classifier_renewed.model_trainers.meta_trainer | Ep [014/500] T-Acc:  92.0%  V-Acc:  66.7%  V-AUROC: 0.5625  LR: 1.00e-04
2026-06-30 01:03:33,020 | [DYN-LATENT] | INFO | meta_classifier_renewed.model_trainers.meta_trainer | Ep [015/500] T-Acc:  88.0%  V-Acc:  66.7%  V-AUROC: 0.6875  LR: 1.00e-04
2026-06-30 01:03:33,965 | [DYN-LATENT] | INFO | meta_classifier_renewed.model_trainers.meta_trainer | Ep [016/500] T-Acc: 100.0%  V-Acc:  58.3%  V-AUROC: 0.6875  LR: 1.00e-04
2026-06-30 01:03:34,659 | [DYN-LATENT] | INFO | meta_classifier_renewed.model_trainers.meta_trainer | Ep [017/500] T-Acc: 100.0%  V-Acc:  58.3%  V-AUROC: 0.7188  LR: 1.00e-04
2026-06-30 01:03:35,698 | [DYN-LATENT] | INFO | meta_classifier_renewed.model_trainers.meta_trainer | Ep [018/500] T-Acc:  96.0%  V-Acc:  66.7%  V-AUROC: 0.8125  LR: 1.00e-04
2026-06-30 01:03:36,624 | [DYN-LATENT] | INFO | meta_classifier_renewed.model_trainers.meta_trainer | Ep [019/500] T-Acc: 100.0%  V-Acc:  58.3%  V-AUROC: 0.7812  LR: 1.00e-04
2026-06-30 01:03:37,625 | [DYN-LATENT] | INFO | meta_classifier_renewed.model_trainers.meta_trainer | Ep [020/500] T-Acc:  96.0%  V-Acc:  58.3%  V-AUROC: 0.6562  LR: 1.00e-04
2026-06-30 01:03:38,301 | [DYN-LATENT] | INFO | meta_classifier_renewed.model_trainers.meta_trainer | Ep [021/500] T-Acc: 100.0%  V-Acc:  58.3%  V-AUROC: 0.6250  LR: 1.00e-04
2026-06-30 01:03:38,967 | [DYN-LATENT] | INFO | meta_classifier_renewed.model_trainers.meta_trainer | Ep [022/500] T-Acc:  96.0%  V-Acc:  58.3%  V-AUROC: 0.6250  LR: 1.00e-04
2026-06-30 01:03:39,472 | [DYN-LATENT] | INFO | meta_classifier_renewed.model_trainers.meta_trainer | Ep [023/500] T-Acc: 100.0%  V-Acc:  75.0%  V-AUROC: 0.7500  LR: 1.00e-04
2026-06-30 01:03:40,477 | [DYN-LATENT] | INFO | meta_classifier_renewed.model_trainers.meta_trainer | Ep [024/500] T-Acc: 100.0%  V-Acc:  75.0%  V-AUROC: 0.6250  LR: 1.00e-04
2026-06-30 01:03:41,048 | [DYN-LATENT] | INFO | meta_classifier_renewed.model_trainers.meta_trainer | Ep [025/500] T-Acc: 100.0%  V-Acc:  50.0%  V-AUROC: 0.6250  LR: 1.00e-04
2026-06-30 01:03:41,726 | [DYN-LATENT] | INFO | meta_classifier_renewed.model_trainers.meta_trainer | Ep [026/500] T-Acc: 100.0%  V-Acc:  66.7%  V-AUROC: 0.6250  LR: 1.00e-04
2026-06-30 01:03:42,234 | [DYN-LATENT] | INFO | meta_classifier_renewed.model_trainers.meta_trainer | Ep [027/500] T-Acc: 100.0%  V-Acc:  66.7%  V-AUROC: 0.7188  LR: 1.00e-04
2026-06-30 01:03:42,894 | [DYN-LATENT] | INFO | meta_classifier_renewed.model_trainers.meta_trainer | Ep [028/500] T-Acc: 100.0%  V-Acc:  66.7%  V-AUROC: 0.7500  LR: 1.00e-04
2026-06-30 01:03:43,713 | [DYN-LATENT] | INFO | meta_classifier_renewed.model_trainers.meta_trainer | Ep [029/500] T-Acc: 100.0%  V-Acc:  58.3%  V-AUROC: 0.7188  LR: 1.00e-04
2026-06-30 01:03:44,636 | [DYN-LATENT] | INFO | meta_classifier_renewed.model_trainers.meta_trainer | Ep [030/500] T-Acc: 100.0%  V-Acc:  66.7%  V-AUROC: 0.6875  LR: 2.00e-05
2026-06-30 01:03:45,388 | [DYN-LATENT] | INFO | meta_classifier_renewed.model_trainers.meta_trainer | Ep [031/500] T-Acc: 100.0%  V-Acc:  66.7%  V-AUROC: 0.6875  LR: 2.00e-05
2026-06-30 01:03:46,298 | [DYN-LATENT] | INFO | meta_classifier_renewed.model_trainers.meta_trainer | Ep [032/500] T-Acc: 100.0%  V-Acc:  66.7%  V-AUROC: 0.7188  LR: 2.00e-05
2026-06-30 01:03:46,996 | [DYN-LATENT] | INFO | meta_classifier_renewed.model_trainers.meta_trainer | Ep [033/500] T-Acc: 100.0%  V-Acc:  58.3%  V-AUROC: 0.7188  LR: 2.00e-05
2026-06-30 01:03:47,674 | [DYN-LATENT] | INFO | meta_classifier_renewed.model_trainers.meta_trainer | Ep [034/500] T-Acc: 100.0%  V-Acc:  58.3%  V-AUROC: 0.7188  LR: 2.00e-05
2026-06-30 01:03:48,215 | [DYN-LATENT] | INFO | meta_classifier_renewed.model_trainers.meta_trainer | Ep [035/500] T-Acc: 100.0%  V-Acc:  58.3%  V-AUROC: 0.6875  LR: 2.00e-05
2026-06-30 01:03:48,900 | [DYN-LATENT] | INFO | meta_classifier_renewed.model_trainers.meta_trainer | Ep [036/500] T-Acc: 100.0%  V-Acc:  58.3%  V-AUROC: 0.6875  LR: 2.00e-05
2026-06-30 01:03:49,407 | [DYN-LATENT] | INFO | meta_classifier_renewed.model_trainers.meta_trainer | Ep [037/500] T-Acc: 100.0%  V-Acc:  58.3%  V-AUROC: 0.6875  LR: 2.00e-05
2026-06-30 01:03:49,944 | [DYN-LATENT] | INFO | meta_classifier_renewed.model_trainers.meta_trainer | Ep [038/500] T-Acc: 100.0%  V-Acc:  58.3%  V-AUROC: 0.7188  LR: 2.00e-05
2026-06-30 01:03:50,642 | [DYN-LATENT] | INFO | meta_classifier_renewed.model_trainers.meta_trainer | Ep [039/500] T-Acc: 100.0%  V-Acc:  58.3%  V-AUROC: 0.7188  LR: 2.00e-05
2026-06-30 01:03:51,357 | [DYN-LATENT] | INFO | meta_classifier_renewed.model_trainers.meta_trainer | Ep [040/500] T-Acc: 100.0%  V-Acc:  66.7%  V-AUROC: 0.6875  LR: 2.00e-05
2026-06-30 01:03:51,909 | [DYN-LATENT] | INFO | meta_classifier_renewed.model_trainers.meta_trainer | Ep [041/500] T-Acc: 100.0%  V-Acc:  66.7%  V-AUROC: 0.6875  LR: 4.00e-06
2026-06-30 01:03:52,433 | [DYN-LATENT] | INFO | meta_classifier_renewed.model_trainers.meta_trainer | Ep [042/500] T-Acc: 100.0%  V-Acc:  66.7%  V-AUROC: 0.6875  LR: 4.00e-06
2026-06-30 01:03:53,428 | [DYN-LATENT] | INFO | meta_classifier_renewed.model_trainers.meta_trainer | Ep [043/500] T-Acc: 100.0%  V-Acc:  66.7%  V-AUROC: 0.6875  LR: 4.00e-06
2026-06-30 01:03:53,990 | [DYN-LATENT] | INFO | meta_classifier_renewed.model_trainers.meta_trainer | Ep [044/500] T-Acc: 100.0%  V-Acc:  66.7%  V-AUROC: 0.6875  LR: 4.00e-06
2026-06-30 01:03:54,649 | [DYN-LATENT] | INFO | meta_classifier_renewed.model_trainers.meta_trainer | Ep [045/500] T-Acc: 100.0%  V-Acc:  66.7%  V-AUROC: 0.6875  LR: 4.00e-06
2026-06-30 01:03:55,168 | [DYN-LATENT] | INFO | meta_classifier_renewed.model_trainers.meta_trainer | Ep [046/500] T-Acc: 100.0%  V-Acc:  66.7%  V-AUROC: 0.6875  LR: 4.00e-06
2026-06-30 01:03:55,830 | [DYN-LATENT] | INFO | meta_classifier_renewed.model_trainers.meta_trainer | Ep [047/500] T-Acc: 100.0%  V-Acc:  66.7%  V-AUROC: 0.6875  LR: 4.00e-06
2026-06-30 01:03:56,474 | [DYN-LATENT] | INFO | meta_classifier_renewed.model_trainers.meta_trainer | Ep [048/500] T-Acc: 100.0%  V-Acc:  66.7%  V-AUROC: 0.6875  LR: 4.00e-06
2026-06-30 01:03:56,474 | [DYN-LATENT] | INFO | meta_classifier_renewed.model_trainers.meta_trainer | Early stop — best AUROC 0.8125 at epoch 18
2026-06-30 01:03:56,914 | [DYN-LATENT] | INFO | meta_classifier_renewed.evaluators.monte_carlo_evaluator | -> Fold 01 Result | Acc=0.667 Sens=0.500 Spec=1.000 AUROC=0.812
2026-06-30 01:03:56,949 | [DYN-LATENT] | INFO | meta_classifier_renewed.evaluators.monte_carlo_evaluator | === Fold 02/30 | train: 25 subj | test: 12 subj ===
2026-06-30 01:03:57,576 | [DYN-LATENT] | INFO | meta_classifier_renewed.model_trainers.meta_trainer | Ep [001/500] T-Acc:  32.0%  V-Acc:  41.7%  V-AUROC: 0.4857  LR: 2.00e-05
2026-06-30 01:03:58,352 | [DYN-LATENT] | INFO | meta_classifier_renewed.model_trainers.meta_trainer | Ep [002/500] T-Acc:  44.0%  V-Acc:  41.7%  V-AUROC: 0.5429  LR: 4.00e-05
2026-06-30 01:03:58,995 | [DYN-LATENT] | INFO | meta_classifier_renewed.model_trainers.meta_trainer | Ep [003/500] T-Acc:  60.0%  V-Acc:  66.7%  V-AUROC: 0.4286  LR: 6.00e-05
2026-06-30 01:03:59,804 | [DYN-LATENT] | INFO | meta_classifier_renewed.model_trainers.meta_trainer | Ep [004/500] T-Acc:  56.0%  V-Acc:  58.3%  V-AUROC: 0.2857  LR: 8.00e-05
2026-06-30 01:04:01,140 | [DYN-LATENT] | INFO | meta_classifier_renewed.model_trainers.meta_trainer | Ep [005/500] T-Acc:  64.0%  V-Acc:  58.3%  V-AUROC: 0.2857  LR: 1.00e-04
2026-06-30 01:04:01,743 | [DYN-LATENT] | INFO | meta_classifier_renewed.model_trainers.meta_trainer | Ep [006/500] T-Acc:  56.0%  V-Acc:  58.3%  V-AUROC: 0.2571  LR: 1.00e-04
2026-06-30 01:04:02,445 | [DYN-LATENT] | INFO | meta_classifier_renewed.model_trainers.meta_trainer | Ep [007/500] T-Acc:  36.0%  V-Acc:  33.3%  V-AUROC: 0.5143  LR: 1.00e-04
2026-06-30 01:04:02,990 | [DYN-LATENT] | INFO | meta_classifier_renewed.model_trainers.meta_trainer | Ep [008/500] T-Acc:  60.0%  V-Acc:  58.3%  V-AUROC: 0.5714  LR: 1.00e-04
2026-06-30 01:04:03,791 | [DYN-LATENT] | INFO | meta_classifier_renewed.model_trainers.meta_trainer | Ep [009/500] T-Acc:  48.0%  V-Acc:  58.3%  V-AUROC: 0.6000  LR: 1.00e-04
2026-06-30 01:04:04,445 | [DYN-LATENT] | INFO | meta_classifier_renewed.model_trainers.meta_trainer | Ep [010/500] T-Acc:  52.0%  V-Acc:  41.7%  V-AUROC: 0.4857  LR: 1.00e-04
2026-06-30 01:04:04,966 | [DYN-LATENT] | INFO | meta_classifier_renewed.model_trainers.meta_trainer | Ep [011/500] T-Acc:  52.0%  V-Acc:  58.3%  V-AUROC: 0.3143  LR: 1.00e-04
2026-06-30 01:04:05,723 | [DYN-LATENT] | INFO | meta_classifier_renewed.model_trainers.meta_trainer | Ep [012/500] T-Acc:  68.0%  V-Acc:  58.3%  V-AUROC: 0.2857  LR: 1.00e-04
2026-06-30 01:04:06,321 | [DYN-LATENT] | INFO | meta_classifier_renewed.model_trainers.meta_trainer | Ep [013/500] T-Acc:  64.0%  V-Acc:  58.3%  V-AUROC: 0.2857  LR: 1.00e-04
2026-06-30 01:04:06,857 | [DYN-LATENT] | INFO | meta_classifier_renewed.model_trainers.meta_trainer | Ep [014/500] T-Acc:  72.0%  V-Acc:  58.3%  V-AUROC: 0.2857  LR: 1.00e-04
2026-06-30 01:04:07,403 | [DYN-LATENT] | INFO | meta_classifier_renewed.model_trainers.meta_trainer | Ep [015/500] T-Acc:  72.0%  V-Acc:  50.0%  V-AUROC: 0.5429  LR: 1.00e-04
2026-06-30 01:04:07,969 | [DYN-LATENT] | INFO | meta_classifier_renewed.model_trainers.meta_trainer | Ep [016/500] T-Acc:  76.0%  V-Acc:  41.7%  V-AUROC: 0.6571  LR: 1.00e-04
2026-06-30 01:04:08,691 | [DYN-LATENT] | INFO | meta_classifier_renewed.model_trainers.meta_trainer | Ep [017/500] T-Acc:  40.0%  V-Acc:  41.7%  V-AUROC: 0.6286  LR: 1.00e-04
2026-06-30 01:04:09,254 | [DYN-LATENT] | INFO | meta_classifier_renewed.model_trainers.meta_trainer | Ep [018/500] T-Acc:  44.0%  V-Acc:  58.3%  V-AUROC: 0.5429  LR: 1.00e-04
2026-06-30 01:04:09,807 | [DYN-LATENT] | INFO | meta_classifier_renewed.model_trainers.meta_trainer | Ep [019/500] T-Acc:  64.0%  V-Acc:  50.0%  V-AUROC: 0.4857  LR: 1.00e-04
2026-06-30 01:04:10,370 | [DYN-LATENT] | INFO | meta_classifier_renewed.model_trainers.meta_trainer | Ep [020/500] T-Acc:  68.0%  V-Acc:  50.0%  V-AUROC: 0.4286  LR: 1.00e-04
2026-06-30 01:04:10,895 | [DYN-LATENT] | INFO | meta_classifier_renewed.model_trainers.meta_trainer | Ep [021/500] T-Acc:  60.0%  V-Acc:  50.0%  V-AUROC: 0.4286  LR: 1.00e-04
2026-06-30 01:04:11,543 | [DYN-LATENT] | INFO | meta_classifier_renewed.model_trainers.meta_trainer | Ep [022/500] T-Acc:  64.0%  V-Acc:  41.7%  V-AUROC: 0.4286  LR: 1.00e-04
2026-06-30 01:04:12,177 | [DYN-LATENT] | INFO | meta_classifier_renewed.model_trainers.meta_trainer | Ep [023/500] T-Acc:  76.0%  V-Acc:  50.0%  V-AUROC: 0.4857  LR: 1.00e-04
2026-06-30 01:04:12,829 | [DYN-LATENT] | INFO | meta_classifier_renewed.model_trainers.meta_trainer | Ep [024/500] T-Acc:  76.0%  V-Acc:  58.3%  V-AUROC: 0.5143  LR: 1.00e-04
2026-06-30 01:04:13,360 | [DYN-LATENT] | INFO | meta_classifier_renewed.model_trainers.meta_trainer | Ep [025/500] T-Acc:  80.0%  V-Acc:  58.3%  V-AUROC: 0.5143  LR: 1.00e-04
2026-06-30 01:04:13,951 | [DYN-LATENT] | INFO | meta_classifier_renewed.model_trainers.meta_trainer | Ep [026/500] T-Acc:  80.0%  V-Acc:  41.7%  V-AUROC: 0.4857  LR: 1.00e-04
2026-06-30 01:04:14,480 | [DYN-LATENT] | INFO | meta_classifier_renewed.model_trainers.meta_trainer | Ep [027/500] T-Acc:  64.0%  V-Acc:  50.0%  V-AUROC: 0.5143  LR: 1.00e-04
2026-06-30 01:04:15,002 | [DYN-LATENT] | INFO | meta_classifier_renewed.model_trainers.meta_trainer | Ep [028/500] T-Acc:  96.0%  V-Acc:  50.0%  V-AUROC: 0.5143  LR: 2.00e-05
2026-06-30 01:04:15,586 | [DYN-LATENT] | INFO | meta_classifier_renewed.model_trainers.meta_trainer | Ep [029/500] T-Acc:  76.0%  V-Acc:  58.3%  V-AUROC: 0.5143  LR: 2.00e-05
2026-06-30 01:04:16,189 | [DYN-LATENT] | INFO | meta_classifier_renewed.model_trainers.meta_trainer | Ep [030/500] T-Acc:  80.0%  V-Acc:  58.3%  V-AUROC: 0.5143  LR: 2.00e-05
2026-06-30 01:04:16,746 | [DYN-LATENT] | INFO | meta_classifier_renewed.model_trainers.meta_trainer | Ep [031/500] T-Acc:  88.0%  V-Acc:  50.0%  V-AUROC: 0.5143  LR: 2.00e-05
2026-06-30 01:04:17,292 | [DYN-LATENT] | INFO | meta_classifier_renewed.model_trainers.meta_trainer | Ep [032/500] T-Acc:  84.0%  V-Acc:  50.0%  V-AUROC: 0.5143  LR: 2.00e-05
2026-06-30 01:04:17,836 | [DYN-LATENT] | INFO | meta_classifier_renewed.model_trainers.meta_trainer | Ep [033/500] T-Acc:  88.0%  V-Acc:  58.3%  V-AUROC: 0.5143  LR: 2.00e-05
2026-06-30 01:04:18,377 | [DYN-LATENT] | INFO | meta_classifier_renewed.model_trainers.meta_trainer | Ep [034/500] T-Acc:  80.0%  V-Acc:  58.3%  V-AUROC: 0.5143  LR: 2.00e-05
2026-06-30 01:04:18,980 | [DYN-LATENT] | INFO | meta_classifier_renewed.model_trainers.meta_trainer | Ep [035/500] T-Acc:  96.0%  V-Acc:  50.0%  V-AUROC: 0.5143  LR: 2.00e-05
2026-06-30 01:04:19,673 | [DYN-LATENT] | INFO | meta_classifier_renewed.model_trainers.meta_trainer | Ep [036/500] T-Acc:  84.0%  V-Acc:  50.0%  V-AUROC: 0.5143  LR: 2.00e-05
2026-06-30 01:04:20,197 | [DYN-LATENT] | INFO | meta_classifier_renewed.model_trainers.meta_trainer | Ep [037/500] T-Acc:  84.0%  V-Acc:  58.3%  V-AUROC: 0.5143  LR: 2.00e-05
2026-06-30 01:04:20,832 | [DYN-LATENT] | INFO | meta_classifier_renewed.model_trainers.meta_trainer | Ep [038/500] T-Acc:  80.0%  V-Acc:  58.3%  V-AUROC: 0.5143  LR: 2.00e-05
2026-06-30 01:04:21,395 | [DYN-LATENT] | INFO | meta_classifier_renewed.model_trainers.meta_trainer | Ep [039/500] T-Acc:  80.0%  V-Acc:  58.3%  V-AUROC: 0.5143  LR: 4.00e-06
2026-06-30 01:04:21,929 | [DYN-LATENT] | INFO | meta_classifier_renewed.model_trainers.meta_trainer | Ep [040/500] T-Acc:  92.0%  V-Acc:  58.3%  V-AUROC: 0.5143  LR: 4.00e-06
2026-06-30 01:04:22,475 | [DYN-LATENT] | INFO | meta_classifier_renewed.model_trainers.meta_trainer | Ep [041/500] T-Acc:  84.0%  V-Acc:  58.3%  V-AUROC: 0.5143  LR: 4.00e-06
2026-06-30 01:04:23,284 | [DYN-LATENT] | INFO | meta_classifier_renewed.model_trainers.meta_trainer | Ep [042/500] T-Acc:  84.0%  V-Acc:  58.3%  V-AUROC: 0.5143  LR: 4.00e-06
2026-06-30 01:04:23,787 | [DYN-LATENT] | INFO | meta_classifier_renewed.model_trainers.meta_trainer | Ep [043/500] T-Acc:  88.0%  V-Acc:  58.3%  V-AUROC: 0.5143  LR: 4.00e-06
2026-06-30 01:04:24,449 | [DYN-LATENT] | INFO | meta_classifier_renewed.model_trainers.meta_trainer | Ep [044/500] T-Acc:  88.0%  V-Acc:  58.3%  V-AUROC: 0.5143  LR: 4.00e-06
2026-06-30 01:04:24,976 | [DYN-LATENT] | INFO | meta_classifier_renewed.model_trainers.meta_trainer | Ep [045/500] T-Acc:  88.0%  V-Acc:  58.3%  V-AUROC: 0.5143  LR: 4.00e-06
2026-06-30 01:04:25,511 | [DYN-LATENT] | INFO | meta_classifier_renewed.model_trainers.meta_trainer | Ep [046/500] T-Acc:  84.0%  V-Acc:  58.3%  V-AUROC: 0.5143  LR: 4.00e-06
2026-06-30 01:04:25,511 | [DYN-LATENT] | INFO | meta_classifier_renewed.model_trainers.meta_trainer | Early stop — best AUROC 0.6571 at epoch 16
2026-06-30 01:04:25,859 | [DYN-LATENT] | INFO | meta_classifier_renewed.evaluators.monte_carlo_evaluator | -> Fold 02 Result | Acc=0.417 Sens=0.000 Spec=1.000 AUROC=0.657
2026-06-30 01:04:25,885 | [DYN-LATENT] | INFO | meta_classifier_renewed.evaluators.monte_carlo_evaluator | === Fold 03/30 | train: 25 subj | test: 12 subj ===
2026-06-30 01:04:26,648 | [DYN-LATENT] | INFO | meta_classifier_renewed.model_trainers.meta_trainer | Ep [001/500] T-Acc:  76.0%  V-Acc:  33.3%  V-AUROC: 0.1714  LR: 2.00e-05
2026-06-30 01:04:27,297 | [DYN-LATENT] | INFO | meta_classifier_renewed.model_trainers.meta_trainer | Ep [002/500] T-Acc:  56.0%  V-Acc:  33.3%  V-AUROC: 0.1714  LR: 4.00e-05
2026-06-30 01:04:27,854 | [DYN-LATENT] | INFO | meta_classifier_renewed.model_trainers.meta_trainer | Ep [003/500] T-Acc:  56.0%  V-Acc:  33.3%  V-AUROC: 0.2571  LR: 6.00e-05
2026-06-30 01:04:28,557 | [DYN-LATENT] | INFO | meta_classifier_renewed.model_trainers.meta_trainer | Ep [004/500] T-Acc:  56.0%  V-Acc:  33.3%  V-AUROC: 0.4000  LR: 8.00e-05
2026-06-30 01:04:29,249 | [DYN-LATENT] | INFO | meta_classifier_renewed.model_trainers.meta_trainer | Ep [005/500] T-Acc:  72.0%  V-Acc:  41.7%  V-AUROC: 0.4571  LR: 1.00e-04
2026-06-30 01:04:30,339 | [DYN-LATENT] | INFO | meta_classifier_renewed.model_trainers.meta_trainer | Ep [006/500] T-Acc:  68.0%  V-Acc:  33.3%  V-AUROC: 0.5143  LR: 1.00e-04
2026-06-30 01:04:31,337 | [DYN-LATENT] | INFO | meta_classifier_renewed.model_trainers.meta_trainer | Ep [007/500] T-Acc:  76.0%  V-Acc:  33.3%  V-AUROC: 0.5143  LR: 1.00e-04
2026-06-30 01:04:31,913 | [DYN-LATENT] | INFO | meta_classifier_renewed.model_trainers.meta_trainer | Ep [008/500] T-Acc:  76.0%  V-Acc:  41.7%  V-AUROC: 0.4571  LR: 1.00e-04
2026-06-30 01:04:32,475 | [DYN-LATENT] | INFO | meta_classifier_renewed.model_trainers.meta_trainer | Ep [009/500] T-Acc:  88.0%  V-Acc:  41.7%  V-AUROC: 0.4286  LR: 1.00e-04
2026-06-30 01:04:33,046 | [DYN-LATENT] | INFO | meta_classifier_renewed.model_trainers.meta_trainer | Ep [010/500] T-Acc:  80.0%  V-Acc:  41.7%  V-AUROC: 0.4571  LR: 1.00e-04
2026-06-30 01:04:33,590 | [DYN-LATENT] | INFO | meta_classifier_renewed.model_trainers.meta_trainer | Ep [011/500] T-Acc:  84.0%  V-Acc:  41.7%  V-AUROC: 0.4571  LR: 1.00e-04
2026-06-30 01:04:34,153 | [DYN-LATENT] | INFO | meta_classifier_renewed.model_trainers.meta_trainer | Ep [012/500] T-Acc:  80.0%  V-Acc:  50.0%  V-AUROC: 0.4000  LR: 1.00e-04
2026-06-30 01:04:34,713 | [DYN-LATENT] | INFO | meta_classifier_renewed.model_trainers.meta_trainer | Ep [013/500] T-Acc:  84.0%  V-Acc:  41.7%  V-AUROC: 0.4000  LR: 1.00e-04
2026-06-30 01:04:35,404 | [DYN-LATENT] | INFO | meta_classifier_renewed.model_trainers.meta_trainer | Ep [014/500] T-Acc:  92.0%  V-Acc:  33.3%  V-AUROC: 0.4857  LR: 1.00e-04
2026-06-30 01:04:36,067 | [DYN-LATENT] | INFO | meta_classifier_renewed.model_trainers.meta_trainer | Ep [015/500] T-Acc:  88.0%  V-Acc:  33.3%  V-AUROC: 0.4857  LR: 1.00e-04
2026-06-30 01:04:36,751 | [DYN-LATENT] | INFO | meta_classifier_renewed.model_trainers.meta_trainer | Ep [016/500] T-Acc:  92.0%  V-Acc:  58.3%  V-AUROC: 0.4571  LR: 1.00e-04
2026-06-30 01:04:37,282 | [DYN-LATENT] | INFO | meta_classifier_renewed.model_trainers.meta_trainer | Ep [017/500] T-Acc:  92.0%  V-Acc:  58.3%  V-AUROC: 0.5143  LR: 1.00e-04
2026-06-30 01:04:37,936 | [DYN-LATENT] | INFO | meta_classifier_renewed.model_trainers.meta_trainer | Ep [018/500] T-Acc: 100.0%  V-Acc:  58.3%  V-AUROC: 0.5143  LR: 2.00e-05
2026-06-30 01:04:38,509 | [DYN-LATENT] | INFO | meta_classifier_renewed.model_trainers.meta_trainer | Ep [019/500] T-Acc:  92.0%  V-Acc:  58.3%  V-AUROC: 0.4857  LR: 2.00e-05
2026-06-30 01:04:39,050 | [DYN-LATENT] | INFO | meta_classifier_renewed.model_trainers.meta_trainer | Ep [020/500] T-Acc:  92.0%  V-Acc:  58.3%  V-AUROC: 0.4857  LR: 2.00e-05
2026-06-30 01:04:39,577 | [DYN-LATENT] | INFO | meta_classifier_renewed.model_trainers.meta_trainer | Ep [021/500] T-Acc:  88.0%  V-Acc:  58.3%  V-AUROC: 0.4857  LR: 2.00e-05
2026-06-30 01:04:40,107 | [DYN-LATENT] | INFO | meta_classifier_renewed.model_trainers.meta_trainer | Ep [022/500] T-Acc: 100.0%  V-Acc:  58.3%  V-AUROC: 0.4857  LR: 2.00e-05
2026-06-30 01:04:40,623 | [DYN-LATENT] | INFO | meta_classifier_renewed.model_trainers.meta_trainer | Ep [023/500] T-Acc:  96.0%  V-Acc:  58.3%  V-AUROC: 0.5143  LR: 2.00e-05
2026-06-30 01:04:41,355 | [DYN-LATENT] | INFO | meta_classifier_renewed.model_trainers.meta_trainer | Ep [024/500] T-Acc: 100.0%  V-Acc:  58.3%  V-AUROC: 0.4857  LR: 2.00e-05
2026-06-30 01:04:41,878 | [DYN-LATENT] | INFO | meta_classifier_renewed.model_trainers.meta_trainer | Ep [025/500] T-Acc:  92.0%  V-Acc:  58.3%  V-AUROC: 0.5143  LR: 2.00e-05
2026-06-30 01:04:42,429 | [DYN-LATENT] | INFO | meta_classifier_renewed.model_trainers.meta_trainer | Ep [026/500] T-Acc: 100.0%  V-Acc:  58.3%  V-AUROC: 0.5143  LR: 2.00e-05
2026-06-30 01:04:42,970 | [DYN-LATENT] | INFO | meta_classifier_renewed.model_trainers.meta_trainer | Ep [027/500] T-Acc:  96.0%  V-Acc:  58.3%  V-AUROC: 0.5143  LR: 2.00e-05
2026-06-30 01:04:43,627 | [DYN-LATENT] | INFO | meta_classifier_renewed.model_trainers.meta_trainer | Ep [028/500] T-Acc:  96.0%  V-Acc:  58.3%  V-AUROC: 0.5429  LR: 2.00e-05
2026-06-30 01:04:44,257 | [DYN-LATENT] | INFO | meta_classifier_renewed.model_trainers.meta_trainer | Ep [029/500] T-Acc: 100.0%  V-Acc:  58.3%  V-AUROC: 0.5143  LR: 2.00e-05
2026-06-30 01:04:44,782 | [DYN-LATENT] | INFO | meta_classifier_renewed.model_trainers.meta_trainer | Ep [030/500] T-Acc: 100.0%  V-Acc:  58.3%  V-AUROC: 0.5429  LR: 2.00e-05
2026-06-30 01:04:45,428 | [DYN-LATENT] | INFO | meta_classifier_renewed.model_trainers.meta_trainer | Ep [031/500] T-Acc:  96.0%  V-Acc:  58.3%  V-AUROC: 0.5429  LR: 2.00e-05
2026-06-30 01:04:46,052 | [DYN-LATENT] | INFO | meta_classifier_renewed.model_trainers.meta_trainer | Ep [032/500] T-Acc: 100.0%  V-Acc:  58.3%  V-AUROC: 0.5429  LR: 2.00e-05
2026-06-30 01:04:46,637 | [DYN-LATENT] | INFO | meta_classifier_renewed.model_trainers.meta_trainer | Ep [033/500] T-Acc:  96.0%  V-Acc:  58.3%  V-AUROC: 0.5429  LR: 2.00e-05
2026-06-30 01:04:47,207 | [DYN-LATENT] | INFO | meta_classifier_renewed.model_trainers.meta_trainer | Ep [034/500] T-Acc:  96.0%  V-Acc:  50.0%  V-AUROC: 0.5429  LR: 2.00e-05
2026-06-30 01:04:47,742 | [DYN-LATENT] | INFO | meta_classifier_renewed.model_trainers.meta_trainer | Ep [035/500] T-Acc: 100.0%  V-Acc:  50.0%  V-AUROC: 0.5429  LR: 2.00e-05
2026-06-30 01:04:48,258 | [DYN-LATENT] | INFO | meta_classifier_renewed.model_trainers.meta_trainer | Ep [036/500] T-Acc:  96.0%  V-Acc:  50.0%  V-AUROC: 0.5429  LR: 2.00e-05
2026-06-30 01:04:48,781 | [DYN-LATENT] | INFO | meta_classifier_renewed.model_trainers.meta_trainer | Ep [037/500] T-Acc: 100.0%  V-Acc:  50.0%  V-AUROC: 0.5429  LR: 2.00e-05
2026-06-30 01:04:49,319 | [DYN-LATENT] | INFO | meta_classifier_renewed.model_trainers.meta_trainer | Ep [038/500] T-Acc: 100.0%  V-Acc:  50.0%  V-AUROC: 0.5429  LR: 2.00e-05
2026-06-30 01:04:49,849 | [DYN-LATENT] | INFO | meta_classifier_renewed.model_trainers.meta_trainer | Ep [039/500] T-Acc: 100.0%  V-Acc:  58.3%  V-AUROC: 0.5429  LR: 2.00e-05
2026-06-30 01:04:50,429 | [DYN-LATENT] | INFO | meta_classifier_renewed.model_trainers.meta_trainer | Ep [040/500] T-Acc: 100.0%  V-Acc:  58.3%  V-AUROC: 0.5429  LR: 4.00e-06
2026-06-30 01:04:51,084 | [DYN-LATENT] | INFO | meta_classifier_renewed.model_trainers.meta_trainer | Ep [041/500] T-Acc: 100.0%  V-Acc:  58.3%  V-AUROC: 0.5429  LR: 4.00e-06
2026-06-30 01:04:51,707 | [DYN-LATENT] | INFO | meta_classifier_renewed.model_trainers.meta_trainer | Ep [042/500] T-Acc: 100.0%  V-Acc:  58.3%  V-AUROC: 0.5429  LR: 4.00e-06
2026-06-30 01:04:52,273 | [DYN-LATENT] | INFO | meta_classifier_renewed.model_trainers.meta_trainer | Ep [043/500] T-Acc: 100.0%  V-Acc:  58.3%  V-AUROC: 0.5429  LR: 4.00e-06
2026-06-30 01:04:52,764 | [DYN-LATENT] | INFO | meta_classifier_renewed.model_trainers.meta_trainer | Ep [044/500] T-Acc: 100.0%  V-Acc:  58.3%  V-AUROC: 0.5429  LR: 4.00e-06
2026-06-30 01:04:53,241 | [DYN-LATENT] | INFO | meta_classifier_renewed.model_trainers.meta_trainer | Ep [045/500] T-Acc: 100.0%  V-Acc:  58.3%  V-AUROC: 0.5429  LR: 4.00e-06
2026-06-30 01:04:53,709 | [DYN-LATENT] | INFO | meta_classifier_renewed.model_trainers.meta_trainer | Ep [046/500] T-Acc: 100.0%  V-Acc:  58.3%  V-AUROC: 0.5429  LR: 4.00e-06
2026-06-30 01:04:54,195 | [DYN-LATENT] | INFO | meta_classifier_renewed.model_trainers.meta_trainer | Ep [047/500] T-Acc: 100.0%  V-Acc:  58.3%  V-AUROC: 0.5429  LR: 4.00e-06
2026-06-30 01:04:54,845 | [DYN-LATENT] | INFO | meta_classifier_renewed.model_trainers.meta_trainer | Ep [048/500] T-Acc: 100.0%  V-Acc:  58.3%  V-AUROC: 0.5429  LR: 4.00e-06
2026-06-30 01:04:55,370 | [DYN-LATENT] | INFO | meta_classifier_renewed.model_trainers.meta_trainer | Ep [049/500] T-Acc: 100.0%  V-Acc:  58.3%  V-AUROC: 0.5429  LR: 4.00e-06
2026-06-30 01:04:55,891 | [DYN-LATENT] | INFO | meta_classifier_renewed.model_trainers.meta_trainer | Ep [050/500] T-Acc: 100.0%  V-Acc:  58.3%  V-AUROC: 0.5429  LR: 4.00e-06
2026-06-30 01:04:56,478 | [DYN-LATENT] | INFO | meta_classifier_renewed.model_trainers.meta_trainer | Ep [051/500] T-Acc: 100.0%  V-Acc:  58.3%  V-AUROC: 0.5429  LR: 1.00e-06
2026-06-30 01:04:57,054 | [DYN-LATENT] | INFO | meta_classifier_renewed.model_trainers.meta_trainer | Ep [052/500] T-Acc: 100.0%  V-Acc:  58.3%  V-AUROC: 0.5429  LR: 1.00e-06
2026-06-30 01:04:57,625 | [DYN-LATENT] | INFO | meta_classifier_renewed.model_trainers.meta_trainer | Ep [053/500] T-Acc: 100.0%  V-Acc:  58.3%  V-AUROC: 0.5143  LR: 1.00e-06
2026-06-30 01:04:58,180 | [DYN-LATENT] | INFO | meta_classifier_renewed.model_trainers.meta_trainer | Ep [054/500] T-Acc: 100.0%  V-Acc:  58.3%  V-AUROC: 0.5143  LR: 1.00e-06
2026-06-30 01:04:58,713 | [DYN-LATENT] | INFO | meta_classifier_renewed.model_trainers.meta_trainer | Ep [055/500] T-Acc: 100.0%  V-Acc:  58.3%  V-AUROC: 0.5143  LR: 1.00e-06
2026-06-30 01:04:59,254 | [DYN-LATENT] | INFO | meta_classifier_renewed.model_trainers.meta_trainer | Ep [056/500] T-Acc:  96.0%  V-Acc:  58.3%  V-AUROC: 0.5143  LR: 1.00e-06
2026-06-30 01:04:59,792 | [DYN-LATENT] | INFO | meta_classifier_renewed.model_trainers.meta_trainer | Ep [057/500] T-Acc: 100.0%  V-Acc:  58.3%  V-AUROC: 0.5143  LR: 1.00e-06
2026-06-30 01:05:00,430 | [DYN-LATENT] | INFO | meta_classifier_renewed.model_trainers.meta_trainer | Ep [058/500] T-Acc: 100.0%  V-Acc:  58.3%  V-AUROC: 0.5143  LR: 1.00e-06
2026-06-30 01:05:00,430 | [DYN-LATENT] | INFO | meta_classifier_renewed.model_trainers.meta_trainer | Early stop — best AUROC 0.5429 at epoch 28
2026-06-30 01:05:00,853 | [DYN-LATENT] | INFO | meta_classifier_renewed.evaluators.monte_carlo_evaluator | -> Fold 03 Result | Acc=0.583 Sens=0.800 Spec=0.429 AUROC=0.486
2026-06-30 01:05:00,888 | [DYN-LATENT] | INFO | meta_classifier_renewed.evaluators.monte_carlo_evaluator | === Fold 04/30 | train: 25 subj | test: 12 subj ===
2026-06-30 01:05:01,747 | [DYN-LATENT] | INFO | meta_classifier_renewed.model_trainers.meta_trainer | Ep [001/500] T-Acc:  44.0%  V-Acc:  75.0%  V-AUROC: 0.8000  LR: 2.00e-05
2026-06-30 01:05:02,427 | [DYN-LATENT] | INFO | meta_classifier_renewed.model_trainers.meta_trainer | Ep [002/500] T-Acc:  60.0%  V-Acc:  66.7%  V-AUROC: 0.8000  LR: 4.00e-05
2026-06-30 01:05:02,985 | [DYN-LATENT] | INFO | meta_classifier_renewed.model_trainers.meta_trainer | Ep [003/500] T-Acc:  56.0%  V-Acc:  58.3%  V-AUROC: 0.7143  LR: 6.00e-05
2026-06-30 01:05:03,537 | [DYN-LATENT] | INFO | meta_classifier_renewed.model_trainers.meta_trainer | Ep [004/500] T-Acc:  40.0%  V-Acc:  50.0%  V-AUROC: 0.4000  LR: 8.00e-05
2026-06-30 01:05:04,065 | [DYN-LATENT] | INFO | meta_classifier_renewed.model_trainers.meta_trainer | Ep [005/500] T-Acc:  52.0%  V-Acc:  41.7%  V-AUROC: 0.4000  LR: 1.00e-04
2026-06-30 01:05:04,590 | [DYN-LATENT] | INFO | meta_classifier_renewed.model_trainers.meta_trainer | Ep [006/500] T-Acc:  44.0%  V-Acc:  41.7%  V-AUROC: 0.4286  LR: 1.00e-04
2026-06-30 01:05:05,104 | [DYN-LATENT] | INFO | meta_classifier_renewed.model_trainers.meta_trainer | Ep [007/500] T-Acc:  56.0%  V-Acc:  33.3%  V-AUROC: 0.4571  LR: 1.00e-04
2026-06-30 01:05:05,802 | [DYN-LATENT] | INFO | meta_classifier_renewed.model_trainers.meta_trainer | Ep [008/500] T-Acc:  56.0%  V-Acc:  41.7%  V-AUROC: 0.4857  LR: 1.00e-04
2026-06-30 01:05:06,468 | [DYN-LATENT] | INFO | meta_classifier_renewed.model_trainers.meta_trainer | Ep [009/500] T-Acc:  56.0%  V-Acc:  58.3%  V-AUROC: 0.4857  LR: 1.00e-04
2026-06-30 01:05:07,065 | [DYN-LATENT] | INFO | meta_classifier_renewed.model_trainers.meta_trainer | Ep [010/500] T-Acc:  68.0%  V-Acc:  58.3%  V-AUROC: 0.5429  LR: 1.00e-04
2026-06-30 01:05:07,637 | [DYN-LATENT] | INFO | meta_classifier_renewed.model_trainers.meta_trainer | Ep [011/500] T-Acc:  68.0%  V-Acc:  58.3%  V-AUROC: 0.5429  LR: 1.00e-04
2026-06-30 01:05:08,208 | [DYN-LATENT] | INFO | meta_classifier_renewed.model_trainers.meta_trainer | Ep [012/500] T-Acc:  60.0%  V-Acc:  50.0%  V-AUROC: 0.6571  LR: 1.00e-04
2026-06-30 01:05:08,767 | [DYN-LATENT] | INFO | meta_classifier_renewed.model_trainers.meta_trainer | Ep [013/500] T-Acc:  60.0%  V-Acc:  50.0%  V-AUROC: 0.6857  LR: 1.00e-04
2026-06-30 01:05:09,364 | [DYN-LATENT] | INFO | meta_classifier_renewed.model_trainers.meta_trainer | Ep [014/500] T-Acc:  48.0%  V-Acc:  50.0%  V-AUROC: 0.6857  LR: 1.00e-04
2026-06-30 01:05:10,052 | [DYN-LATENT] | INFO | meta_classifier_renewed.model_trainers.meta_trainer | Ep [015/500] T-Acc:  64.0%  V-Acc:  58.3%  V-AUROC: 0.6000  LR: 1.00e-04
2026-06-30 01:05:10,606 | [DYN-LATENT] | INFO | meta_classifier_renewed.model_trainers.meta_trainer | Ep [016/500] T-Acc:  60.0%  V-Acc:  50.0%  V-AUROC: 0.6000  LR: 1.00e-04
2026-06-30 01:05:11,124 | [DYN-LATENT] | INFO | meta_classifier_renewed.model_trainers.meta_trainer | Ep [017/500] T-Acc:  72.0%  V-Acc:  58.3%  V-AUROC: 0.6286  LR: 1.00e-04
2026-06-30 01:05:11,647 | [DYN-LATENT] | INFO | meta_classifier_renewed.model_trainers.meta_trainer | Ep [018/500] T-Acc:  88.0%  V-Acc:  50.0%  V-AUROC: 0.6571  LR: 1.00e-04
2026-06-30 01:05:12,180 | [DYN-LATENT] | INFO | meta_classifier_renewed.model_trainers.meta_trainer | Ep [019/500] T-Acc:  68.0%  V-Acc:  58.3%  V-AUROC: 0.6571  LR: 1.00e-04
2026-06-30 01:05:12,827 | [DYN-LATENT] | INFO | meta_classifier_renewed.model_trainers.meta_trainer | Ep [020/500] T-Acc:  72.0%  V-Acc:  58.3%  V-AUROC: 0.7143  LR: 1.00e-04
2026-06-30 01:05:13,342 | [DYN-LATENT] | INFO | meta_classifier_renewed.model_trainers.meta_trainer | Ep [021/500] T-Acc:  76.0%  V-Acc:  58.3%  V-AUROC: 0.6286  LR: 1.00e-04
2026-06-30 01:05:13,897 | [DYN-LATENT] | INFO | meta_classifier_renewed.model_trainers.meta_trainer | Ep [022/500] T-Acc:  72.0%  V-Acc:  58.3%  V-AUROC: 0.6857  LR: 1.00e-04
2026-06-30 01:05:14,480 | [DYN-LATENT] | INFO | meta_classifier_renewed.model_trainers.meta_trainer | Ep [023/500] T-Acc:  80.0%  V-Acc:  58.3%  V-AUROC: 0.6857  LR: 1.00e-04
2026-06-30 01:05:15,062 | [DYN-LATENT] | INFO | meta_classifier_renewed.model_trainers.meta_trainer | Ep [024/500] T-Acc:  84.0%  V-Acc:  58.3%  V-AUROC: 0.6571  LR: 1.00e-04
2026-06-30 01:05:15,747 | [DYN-LATENT] | INFO | meta_classifier_renewed.model_trainers.meta_trainer | Ep [025/500] T-Acc:  68.0%  V-Acc:  75.0%  V-AUROC: 0.7143  LR: 1.00e-04
2026-06-30 01:05:16,363 | [DYN-LATENT] | INFO | meta_classifier_renewed.model_trainers.meta_trainer | Ep [026/500] T-Acc:  88.0%  V-Acc:  58.3%  V-AUROC: 0.6857  LR: 1.00e-04
2026-06-30 01:05:16,927 | [DYN-LATENT] | INFO | meta_classifier_renewed.model_trainers.meta_trainer | Ep [027/500] T-Acc:  80.0%  V-Acc:  50.0%  V-AUROC: 0.6571  LR: 1.00e-04
2026-06-30 01:05:17,478 | [DYN-LATENT] | INFO | meta_classifier_renewed.model_trainers.meta_trainer | Ep [028/500] T-Acc:  88.0%  V-Acc:  58.3%  V-AUROC: 0.7143  LR: 1.00e-04
2026-06-30 01:05:18,025 | [DYN-LATENT] | INFO | meta_classifier_renewed.model_trainers.meta_trainer | Ep [029/500] T-Acc:  68.0%  V-Acc:  58.3%  V-AUROC: 0.6857  LR: 1.00e-04
2026-06-30 01:05:18,582 | [DYN-LATENT] | INFO | meta_classifier_renewed.model_trainers.meta_trainer | Ep [030/500] T-Acc:  80.0%  V-Acc:  58.3%  V-AUROC: 0.6857  LR: 1.00e-04
2026-06-30 01:05:19,259 | [DYN-LATENT] | INFO | meta_classifier_renewed.model_trainers.meta_trainer | Ep [031/500] T-Acc:  92.0%  V-Acc:  58.3%  V-AUROC: 0.6571  LR: 1.00e-04
2026-06-30 01:05:19,260 | [DYN-LATENT] | INFO | meta_classifier_renewed.model_trainers.meta_trainer | Early stop — best AUROC 0.8000 at epoch 1
2026-06-30 01:05:19,599 | [DYN-LATENT] | INFO | meta_classifier_renewed.evaluators.monte_carlo_evaluator | -> Fold 04 Result | Acc=0.750 Sens=1.000 Spec=0.400 AUROC=0.800
2026-06-30 01:05:19,625 | [DYN-LATENT] | INFO | meta_classifier_renewed.evaluators.monte_carlo_evaluator | === Fold 05/30 | train: 25 subj | test: 12 subj ===
2026-06-30 01:05:20,332 | [DYN-LATENT] | INFO | meta_classifier_renewed.model_trainers.meta_trainer | Ep [001/500] T-Acc:  48.0%  V-Acc:  33.3%  V-AUROC: 0.3333  LR: 2.00e-05
2026-06-30 01:05:21,089 | [DYN-LATENT] | INFO | meta_classifier_renewed.model_trainers.meta_trainer | Ep [002/500] T-Acc:  44.0%  V-Acc:  41.7%  V-AUROC: 0.4444  LR: 4.00e-05
2026-06-30 01:05:21,818 | [DYN-LATENT] | INFO | meta_classifier_renewed.model_trainers.meta_trainer | Ep [003/500] T-Acc:  44.0%  V-Acc:  58.3%  V-AUROC: 0.6389  LR: 6.00e-05
2026-06-30 01:05:22,525 | [DYN-LATENT] | INFO | meta_classifier_renewed.model_trainers.meta_trainer | Ep [004/500] T-Acc:  72.0%  V-Acc:  50.0%  V-AUROC: 0.6389  LR: 8.00e-05
2026-06-30 01:05:23,077 | [DYN-LATENT] | INFO | meta_classifier_renewed.model_trainers.meta_trainer | Ep [005/500] T-Acc:  48.0%  V-Acc:  66.7%  V-AUROC: 0.5833  LR: 1.00e-04
2026-06-30 01:05:23,631 | [DYN-LATENT] | INFO | meta_classifier_renewed.model_trainers.meta_trainer | Ep [006/500] T-Acc:  68.0%  V-Acc:  50.0%  V-AUROC: 0.5000  LR: 1.00e-04
2026-06-30 01:05:24,195 | [DYN-LATENT] | INFO | meta_classifier_renewed.model_trainers.meta_trainer | Ep [007/500] T-Acc:  52.0%  V-Acc:  58.3%  V-AUROC: 0.5278  LR: 1.00e-04
2026-06-30 01:05:24,896 | [DYN-LATENT] | INFO | meta_classifier_renewed.model_trainers.meta_trainer | Ep [008/500] T-Acc:  24.0%  V-Acc:  58.3%  V-AUROC: 0.5833  LR: 1.00e-04
2026-06-30 01:05:25,434 | [DYN-LATENT] | INFO | meta_classifier_renewed.model_trainers.meta_trainer | Ep [009/500] T-Acc:  52.0%  V-Acc:  50.0%  V-AUROC: 0.6111  LR: 1.00e-04
2026-06-30 01:05:26,303 | [DYN-LATENT] | INFO | meta_classifier_renewed.model_trainers.meta_trainer | Ep [010/500] T-Acc:  64.0%  V-Acc:  58.3%  V-AUROC: 0.5833  LR: 1.00e-04
2026-06-30 01:05:26,816 | [DYN-LATENT] | INFO | meta_classifier_renewed.model_trainers.meta_trainer | Ep [011/500] T-Acc:  76.0%  V-Acc:  50.0%  V-AUROC: 0.6389  LR: 1.00e-04
2026-06-30 01:05:27,388 | [DYN-LATENT] | INFO | meta_classifier_renewed.model_trainers.meta_trainer | Ep [012/500] T-Acc:  48.0%  V-Acc:  66.7%  V-AUROC: 0.6389  LR: 1.00e-04
2026-06-30 01:05:28,016 | [DYN-LATENT] | INFO | meta_classifier_renewed.model_trainers.meta_trainer | Ep [013/500] T-Acc:  56.0%  V-Acc:  58.3%  V-AUROC: 0.6944  LR: 1.00e-04
2026-06-30 01:05:28,860 | [DYN-LATENT] | INFO | meta_classifier_renewed.model_trainers.meta_trainer | Ep [014/500] T-Acc:  84.0%  V-Acc:  66.7%  V-AUROC: 0.6944  LR: 1.00e-04
2026-06-30 01:05:29,430 | [DYN-LATENT] | INFO | meta_classifier_renewed.model_trainers.meta_trainer | Ep [015/500] T-Acc:  68.0%  V-Acc:  66.7%  V-AUROC: 0.6944  LR: 1.00e-04
2026-06-30 01:05:30,031 | [DYN-LATENT] | INFO | meta_classifier_renewed.model_trainers.meta_trainer | Ep [016/500] T-Acc:  60.0%  V-Acc:  50.0%  V-AUROC: 0.6944  LR: 1.00e-04
2026-06-30 01:05:30,813 | [DYN-LATENT] | INFO | meta_classifier_renewed.model_trainers.meta_trainer | Ep [017/500] T-Acc:  64.0%  V-Acc:  50.0%  V-AUROC: 0.6667  LR: 1.00e-04
2026-06-30 01:05:31,473 | [DYN-LATENT] | INFO | meta_classifier_renewed.model_trainers.meta_trainer | Ep [018/500] T-Acc:  60.0%  V-Acc:  75.0%  V-AUROC: 0.7500  LR: 1.00e-04
2026-06-30 01:05:32,140 | [DYN-LATENT] | INFO | meta_classifier_renewed.model_trainers.meta_trainer | Ep [019/500] T-Acc:  76.0%  V-Acc:  58.3%  V-AUROC: 0.7222  LR: 1.00e-04
2026-06-30 01:05:32,648 | [DYN-LATENT] | INFO | meta_classifier_renewed.model_trainers.meta_trainer | Ep [020/500] T-Acc:  72.0%  V-Acc:  50.0%  V-AUROC: 0.6944  LR: 1.00e-04
2026-06-30 01:05:33,165 | [DYN-LATENT] | INFO | meta_classifier_renewed.model_trainers.meta_trainer | Ep [021/500] T-Acc:  72.0%  V-Acc:  58.3%  V-AUROC: 0.7222  LR: 1.00e-04
2026-06-30 01:05:33,704 | [DYN-LATENT] | INFO | meta_classifier_renewed.model_trainers.meta_trainer | Ep [022/500] T-Acc:  64.0%  V-Acc:  58.3%  V-AUROC: 0.7222  LR: 1.00e-04
2026-06-30 01:05:34,254 | [DYN-LATENT] | INFO | meta_classifier_renewed.model_trainers.meta_trainer | Ep [023/500] T-Acc:  76.0%  V-Acc:  58.3%  V-AUROC: 0.7222  LR: 1.00e-04
2026-06-30 01:05:34,857 | [DYN-LATENT] | INFO | meta_classifier_renewed.model_trainers.meta_trainer | Ep [024/500] T-Acc:  64.0%  V-Acc:  50.0%  V-AUROC: 0.7222  LR: 1.00e-04
2026-06-30 01:05:35,457 | [DYN-LATENT] | INFO | meta_classifier_renewed.model_trainers.meta_trainer | Ep [025/500] T-Acc:  68.0%  V-Acc:  50.0%  V-AUROC: 0.6667  LR: 1.00e-04
2026-06-30 01:05:36,113 | [DYN-LATENT] | INFO | meta_classifier_renewed.model_trainers.meta_trainer | Ep [026/500] T-Acc:  84.0%  V-Acc:  66.7%  V-AUROC: 0.7500  LR: 1.00e-04
2026-06-30 01:05:36,695 | [DYN-LATENT] | INFO | meta_classifier_renewed.model_trainers.meta_trainer | Ep [027/500] T-Acc:  72.0%  V-Acc:  75.0%  V-AUROC: 0.6944  LR: 1.00e-04
2026-06-30 01:05:37,259 | [DYN-LATENT] | INFO | meta_classifier_renewed.model_trainers.meta_trainer | Ep [028/500] T-Acc:  72.0%  V-Acc:  50.0%  V-AUROC: 0.7222  LR: 1.00e-04
2026-06-30 01:05:37,814 | [DYN-LATENT] | INFO | meta_classifier_renewed.model_trainers.meta_trainer | Ep [029/500] T-Acc:  84.0%  V-Acc:  66.7%  V-AUROC: 0.7222  LR: 1.00e-04
2026-06-30 01:05:38,378 | [DYN-LATENT] | INFO | meta_classifier_renewed.model_trainers.meta_trainer | Ep [030/500] T-Acc:  80.0%  V-Acc:  58.3%  V-AUROC: 0.7222  LR: 2.00e-05
2026-06-30 01:05:38,932 | [DYN-LATENT] | INFO | meta_classifier_renewed.model_trainers.meta_trainer | Ep [031/500] T-Acc:  64.0%  V-Acc:  50.0%  V-AUROC: 0.7222  LR: 2.00e-05
2026-06-30 01:05:39,484 | [DYN-LATENT] | INFO | meta_classifier_renewed.model_trainers.meta_trainer | Ep [032/500] T-Acc:  76.0%  V-Acc:  50.0%  V-AUROC: 0.7222  LR: 2.00e-05
2026-06-30 01:05:40,030 | [DYN-LATENT] | INFO | meta_classifier_renewed.model_trainers.meta_trainer | Ep [033/500] T-Acc:  80.0%  V-Acc:  58.3%  V-AUROC: 0.7778  LR: 2.00e-05
2026-06-30 01:05:40,738 | [DYN-LATENT] | INFO | meta_classifier_renewed.model_trainers.meta_trainer | Ep [034/500] T-Acc:  68.0%  V-Acc:  58.3%  V-AUROC: 0.7778  LR: 2.00e-05
2026-06-30 01:05:41,310 | [DYN-LATENT] | INFO | meta_classifier_renewed.model_trainers.meta_trainer | Ep [035/500] T-Acc:  88.0%  V-Acc:  50.0%  V-AUROC: 0.7778  LR: 2.00e-05
2026-06-30 01:05:42,033 | [DYN-LATENT] | INFO | meta_classifier_renewed.model_trainers.meta_trainer | Ep [036/500] T-Acc:  80.0%  V-Acc:  58.3%  V-AUROC: 0.7500  LR: 2.00e-05
2026-06-30 01:05:42,564 | [DYN-LATENT] | INFO | meta_classifier_renewed.model_trainers.meta_trainer | Ep [037/500] T-Acc:  64.0%  V-Acc:  58.3%  V-AUROC: 0.7778  LR: 2.00e-05
2026-06-30 01:05:43,109 | [DYN-LATENT] | INFO | meta_classifier_renewed.model_trainers.meta_trainer | Ep [038/500] T-Acc:  76.0%  V-Acc:  66.7%  V-AUROC: 0.7778  LR: 2.00e-05
2026-06-30 01:05:43,672 | [DYN-LATENT] | INFO | meta_classifier_renewed.model_trainers.meta_trainer | Ep [039/500] T-Acc:  64.0%  V-Acc:  58.3%  V-AUROC: 0.7222  LR: 2.00e-05
2026-06-30 01:05:44,229 | [DYN-LATENT] | INFO | meta_classifier_renewed.model_trainers.meta_trainer | Ep [040/500] T-Acc:  68.0%  V-Acc:  58.3%  V-AUROC: 0.7222  LR: 2.00e-05
2026-06-30 01:05:44,785 | [DYN-LATENT] | INFO | meta_classifier_renewed.model_trainers.meta_trainer | Ep [041/500] T-Acc:  64.0%  V-Acc:  66.7%  V-AUROC: 0.7222  LR: 2.00e-05
2026-06-30 01:05:45,338 | [DYN-LATENT] | INFO | meta_classifier_renewed.model_trainers.meta_trainer | Ep [042/500] T-Acc:  76.0%  V-Acc:  66.7%  V-AUROC: 0.7222  LR: 2.00e-05
2026-06-30 01:05:45,996 | [DYN-LATENT] | INFO | meta_classifier_renewed.model_trainers.meta_trainer | Ep [043/500] T-Acc:  68.0%  V-Acc:  66.7%  V-AUROC: 0.7222  LR: 2.00e-05
2026-06-30 01:05:46,575 | [DYN-LATENT] | INFO | meta_classifier_renewed.model_trainers.meta_trainer | Ep [044/500] T-Acc:  76.0%  V-Acc:  58.3%  V-AUROC: 0.7222  LR: 2.00e-05
2026-06-30 01:05:47,150 | [DYN-LATENT] | INFO | meta_classifier_renewed.model_trainers.meta_trainer | Ep [045/500] T-Acc:  72.0%  V-Acc:  66.7%  V-AUROC: 0.7222  LR: 4.00e-06
2026-06-30 01:05:47,841 | [DYN-LATENT] | INFO | meta_classifier_renewed.model_trainers.meta_trainer | Ep [046/500] T-Acc:  64.0%  V-Acc:  66.7%  V-AUROC: 0.6944  LR: 4.00e-06
2026-06-30 01:05:48,355 | [DYN-LATENT] | INFO | meta_classifier_renewed.model_trainers.meta_trainer | Ep [047/500] T-Acc:  84.0%  V-Acc:  66.7%  V-AUROC: 0.6944  LR: 4.00e-06
2026-06-30 01:05:48,889 | [DYN-LATENT] | INFO | meta_classifier_renewed.model_trainers.meta_trainer | Ep [048/500] T-Acc:  76.0%  V-Acc:  66.7%  V-AUROC: 0.6944  LR: 4.00e-06
2026-06-30 01:05:49,415 | [DYN-LATENT] | INFO | meta_classifier_renewed.model_trainers.meta_trainer | Ep [049/500] T-Acc:  76.0%  V-Acc:  66.7%  V-AUROC: 0.6944  LR: 4.00e-06
2026-06-30 01:05:49,927 | [DYN-LATENT] | INFO | meta_classifier_renewed.model_trainers.meta_trainer | Ep [050/500] T-Acc:  72.0%  V-Acc:  66.7%  V-AUROC: 0.6944  LR: 4.00e-06
2026-06-30 01:05:50,473 | [DYN-LATENT] | INFO | meta_classifier_renewed.model_trainers.meta_trainer | Ep [051/500] T-Acc:  84.0%  V-Acc:  66.7%  V-AUROC: 0.7222  LR: 4.00e-06
2026-06-30 01:05:51,252 | [DYN-LATENT] | INFO | meta_classifier_renewed.model_trainers.meta_trainer | Ep [052/500] T-Acc:  84.0%  V-Acc:  66.7%  V-AUROC: 0.7222  LR: 4.00e-06
2026-06-30 01:05:51,785 | [DYN-LATENT] | INFO | meta_classifier_renewed.model_trainers.meta_trainer | Ep [053/500] T-Acc:  76.0%  V-Acc:  66.7%  V-AUROC: 0.7222  LR: 4.00e-06
2026-06-30 01:05:52,347 | [DYN-LATENT] | INFO | meta_classifier_renewed.model_trainers.meta_trainer | Ep [054/500] T-Acc:  80.0%  V-Acc:  66.7%  V-AUROC: 0.7222  LR: 4.00e-06
2026-06-30 01:05:52,924 | [DYN-LATENT] | INFO | meta_classifier_renewed.model_trainers.meta_trainer | Ep [055/500] T-Acc:  80.0%  V-Acc:  66.7%  V-AUROC: 0.6944  LR: 4.00e-06
2026-06-30 01:05:53,618 | [DYN-LATENT] | INFO | meta_classifier_renewed.model_trainers.meta_trainer | Ep [056/500] T-Acc:  68.0%  V-Acc:  66.7%  V-AUROC: 0.6944  LR: 1.00e-06
2026-06-30 01:05:54,132 | [DYN-LATENT] | INFO | meta_classifier_renewed.model_trainers.meta_trainer | Ep [057/500] T-Acc:  84.0%  V-Acc:  66.7%  V-AUROC: 0.7222  LR: 1.00e-06
2026-06-30 01:05:54,657 | [DYN-LATENT] | INFO | meta_classifier_renewed.model_trainers.meta_trainer | Ep [058/500] T-Acc:  76.0%  V-Acc:  66.7%  V-AUROC: 0.7222  LR: 1.00e-06
2026-06-30 01:05:55,261 | [DYN-LATENT] | INFO | meta_classifier_renewed.model_trainers.meta_trainer | Ep [059/500] T-Acc:  84.0%  V-Acc:  66.7%  V-AUROC: 0.7222  LR: 1.00e-06
2026-06-30 01:05:55,855 | [DYN-LATENT] | INFO | meta_classifier_renewed.model_trainers.meta_trainer | Ep [060/500] T-Acc:  76.0%  V-Acc:  66.7%  V-AUROC: 0.7222  LR: 1.00e-06
2026-06-30 01:05:56,403 | [DYN-LATENT] | INFO | meta_classifier_renewed.model_trainers.meta_trainer | Ep [061/500] T-Acc:  80.0%  V-Acc:  66.7%  V-AUROC: 0.7222  LR: 1.00e-06
2026-06-30 01:05:56,948 | [DYN-LATENT] | INFO | meta_classifier_renewed.model_trainers.meta_trainer | Ep [062/500] T-Acc:  76.0%  V-Acc:  66.7%  V-AUROC: 0.6944  LR: 1.00e-06
2026-06-30 01:05:57,481 | [DYN-LATENT] | INFO | meta_classifier_renewed.model_trainers.meta_trainer | Ep [063/500] T-Acc:  84.0%  V-Acc:  66.7%  V-AUROC: 0.7222  LR: 1.00e-06
2026-06-30 01:05:57,481 | [DYN-LATENT] | INFO | meta_classifier_renewed.model_trainers.meta_trainer | Early stop — best AUROC 0.7778 at epoch 33
2026-06-30 01:05:57,882 | [DYN-LATENT] | INFO | meta_classifier_renewed.evaluators.monte_carlo_evaluator | -> Fold 05 Result | Acc=0.583 Sens=1.000 Spec=0.167 AUROC=0.722
2026-06-30 01:05:57,913 | [DYN-LATENT] | INFO | meta_classifier_renewed.evaluators.monte_carlo_evaluator | === Fold 06/30 | train: 25 subj | test: 12 subj ===
2026-06-30 01:05:58,621 | [DYN-LATENT] | INFO | meta_classifier_renewed.model_trainers.meta_trainer | Ep [001/500] T-Acc:  44.0%  V-Acc:  33.3%  V-AUROC: 0.1250  LR: 2.00e-05
2026-06-30 01:05:59,247 | [DYN-LATENT] | INFO | meta_classifier_renewed.model_trainers.meta_trainer | Ep [002/500] T-Acc:  44.0%  V-Acc:  33.3%  V-AUROC: 0.1562  LR: 4.00e-05
2026-06-30 01:05:59,896 | [DYN-LATENT] | INFO | meta_classifier_renewed.model_trainers.meta_trainer | Ep [003/500] T-Acc:  56.0%  V-Acc:  66.7%  V-AUROC: 0.2500  LR: 6.00e-05
2026-06-30 01:06:00,993 | [DYN-LATENT] | INFO | meta_classifier_renewed.model_trainers.meta_trainer | Ep [004/500] T-Acc:  64.0%  V-Acc:  66.7%  V-AUROC: 0.3125  LR: 8.00e-05
2026-06-30 01:06:01,806 | [DYN-LATENT] | INFO | meta_classifier_renewed.model_trainers.meta_trainer | Ep [005/500] T-Acc:  56.0%  V-Acc:  58.3%  V-AUROC: 0.3750  LR: 1.00e-04
2026-06-30 01:06:02,687 | [DYN-LATENT] | INFO | meta_classifier_renewed.model_trainers.meta_trainer | Ep [006/500] T-Acc:  60.0%  V-Acc:  58.3%  V-AUROC: 0.4062  LR: 1.00e-04
2026-06-30 01:06:03,348 | [DYN-LATENT] | INFO | meta_classifier_renewed.model_trainers.meta_trainer | Ep [007/500] T-Acc:  60.0%  V-Acc:  50.0%  V-AUROC: 0.5625  LR: 1.00e-04
2026-06-30 01:06:04,030 | [DYN-LATENT] | INFO | meta_classifier_renewed.model_trainers.meta_trainer | Ep [008/500] T-Acc:  64.0%  V-Acc:  58.3%  V-AUROC: 0.5625  LR: 1.00e-04
2026-06-30 01:06:04,564 | [DYN-LATENT] | INFO | meta_classifier_renewed.model_trainers.meta_trainer | Ep [009/500] T-Acc:  56.0%  V-Acc:  58.3%  V-AUROC: 0.4688  LR: 1.00e-04
2026-06-30 01:06:05,122 | [DYN-LATENT] | INFO | meta_classifier_renewed.model_trainers.meta_trainer | Ep [010/500] T-Acc:  72.0%  V-Acc:  58.3%  V-AUROC: 0.4375  LR: 1.00e-04
2026-06-30 01:06:05,848 | [DYN-LATENT] | INFO | meta_classifier_renewed.model_trainers.meta_trainer | Ep [011/500] T-Acc:  80.0%  V-Acc:  50.0%  V-AUROC: 0.4688  LR: 1.00e-04
2026-06-30 01:06:06,489 | [DYN-LATENT] | INFO | meta_classifier_renewed.model_trainers.meta_trainer | Ep [012/500] T-Acc:  68.0%  V-Acc:  58.3%  V-AUROC: 0.3438  LR: 1.00e-04
2026-06-30 01:06:07,090 | [DYN-LATENT] | INFO | meta_classifier_renewed.model_trainers.meta_trainer | Ep [013/500] T-Acc:  72.0%  V-Acc:  58.3%  V-AUROC: 0.3438  LR: 1.00e-04
2026-06-30 01:06:07,686 | [DYN-LATENT] | INFO | meta_classifier_renewed.model_trainers.meta_trainer | Ep [014/500] T-Acc:  80.0%  V-Acc:  58.3%  V-AUROC: 0.2812  LR: 1.00e-04
2026-06-30 01:06:08,210 | [DYN-LATENT] | INFO | meta_classifier_renewed.model_trainers.meta_trainer | Ep [015/500] T-Acc:  84.0%  V-Acc:  50.0%  V-AUROC: 0.3125  LR: 1.00e-04
2026-06-30 01:06:08,747 | [DYN-LATENT] | INFO | meta_classifier_renewed.model_trainers.meta_trainer | Ep [016/500] T-Acc:  72.0%  V-Acc:  50.0%  V-AUROC: 0.3438  LR: 1.00e-04
2026-06-30 01:06:09,286 | [DYN-LATENT] | INFO | meta_classifier_renewed.model_trainers.meta_trainer | Ep [017/500] T-Acc:  76.0%  V-Acc:  50.0%  V-AUROC: 0.3438  LR: 1.00e-04
2026-06-30 01:06:09,835 | [DYN-LATENT] | INFO | meta_classifier_renewed.model_trainers.meta_trainer | Ep [018/500] T-Acc:  84.0%  V-Acc:  50.0%  V-AUROC: 0.2812  LR: 1.00e-04
2026-06-30 01:06:10,393 | [DYN-LATENT] | INFO | meta_classifier_renewed.model_trainers.meta_trainer | Ep [019/500] T-Acc:  92.0%  V-Acc:  50.0%  V-AUROC: 0.2812  LR: 2.00e-05
2026-06-30 01:06:11,002 | [DYN-LATENT] | INFO | meta_classifier_renewed.model_trainers.meta_trainer | Ep [020/500] T-Acc:  84.0%  V-Acc:  50.0%  V-AUROC: 0.2812  LR: 2.00e-05
2026-06-30 01:06:11,569 | [DYN-LATENT] | INFO | meta_classifier_renewed.model_trainers.meta_trainer | Ep [021/500] T-Acc:  76.0%  V-Acc:  50.0%  V-AUROC: 0.2812  LR: 2.00e-05
2026-06-30 01:06:12,135 | [DYN-LATENT] | INFO | meta_classifier_renewed.model_trainers.meta_trainer | Ep [022/500] T-Acc:  80.0%  V-Acc:  50.0%  V-AUROC: 0.2812  LR: 2.00e-05
2026-06-30 01:06:12,696 | [DYN-LATENT] | INFO | meta_classifier_renewed.model_trainers.meta_trainer | Ep [023/500] T-Acc:  88.0%  V-Acc:  50.0%  V-AUROC: 0.2812  LR: 2.00e-05
2026-06-30 01:06:13,274 | [DYN-LATENT] | INFO | meta_classifier_renewed.model_trainers.meta_trainer | Ep [024/500] T-Acc:  84.0%  V-Acc:  50.0%  V-AUROC: 0.2812  LR: 2.00e-05
2026-06-30 01:06:13,817 | [DYN-LATENT] | INFO | meta_classifier_renewed.model_trainers.meta_trainer | Ep [025/500] T-Acc:  88.0%  V-Acc:  50.0%  V-AUROC: 0.2812  LR: 2.00e-05
2026-06-30 01:06:14,346 | [DYN-LATENT] | INFO | meta_classifier_renewed.model_trainers.meta_trainer | Ep [026/500] T-Acc:  92.0%  V-Acc:  50.0%  V-AUROC: 0.2812  LR: 2.00e-05
2026-06-30 01:06:14,910 | [DYN-LATENT] | INFO | meta_classifier_renewed.model_trainers.meta_trainer | Ep [027/500] T-Acc:  80.0%  V-Acc:  50.0%  V-AUROC: 0.2812  LR: 2.00e-05
2026-06-30 01:06:15,518 | [DYN-LATENT] | INFO | meta_classifier_renewed.model_trainers.meta_trainer | Ep [028/500] T-Acc:  92.0%  V-Acc:  50.0%  V-AUROC: 0.3125  LR: 2.00e-05
2026-06-30 01:06:16,143 | [DYN-LATENT] | INFO | meta_classifier_renewed.model_trainers.meta_trainer | Ep [029/500] T-Acc:  80.0%  V-Acc:  50.0%  V-AUROC: 0.3125  LR: 2.00e-05
2026-06-30 01:06:16,731 | [DYN-LATENT] | INFO | meta_classifier_renewed.model_trainers.meta_trainer | Ep [030/500] T-Acc:  80.0%  V-Acc:  50.0%  V-AUROC: 0.3125  LR: 4.00e-06
2026-06-30 01:06:17,406 | [DYN-LATENT] | INFO | meta_classifier_renewed.model_trainers.meta_trainer | Ep [031/500] T-Acc:  92.0%  V-Acc:  50.0%  V-AUROC: 0.3125  LR: 4.00e-06
2026-06-30 01:06:17,942 | [DYN-LATENT] | INFO | meta_classifier_renewed.model_trainers.meta_trainer | Ep [032/500] T-Acc:  96.0%  V-Acc:  50.0%  V-AUROC: 0.2812  LR: 4.00e-06
2026-06-30 01:06:18,474 | [DYN-LATENT] | INFO | meta_classifier_renewed.model_trainers.meta_trainer | Ep [033/500] T-Acc:  88.0%  V-Acc:  50.0%  V-AUROC: 0.2812  LR: 4.00e-06
2026-06-30 01:06:19,014 | [DYN-LATENT] | INFO | meta_classifier_renewed.model_trainers.meta_trainer | Ep [034/500] T-Acc:  88.0%  V-Acc:  50.0%  V-AUROC: 0.2812  LR: 4.00e-06
2026-06-30 01:06:19,562 | [DYN-LATENT] | INFO | meta_classifier_renewed.model_trainers.meta_trainer | Ep [035/500] T-Acc:  92.0%  V-Acc:  50.0%  V-AUROC: 0.2812  LR: 4.00e-06
2026-06-30 01:06:20,117 | [DYN-LATENT] | INFO | meta_classifier_renewed.model_trainers.meta_trainer | Ep [036/500] T-Acc:  92.0%  V-Acc:  50.0%  V-AUROC: 0.2812  LR: 4.00e-06
2026-06-30 01:06:20,845 | [DYN-LATENT] | INFO | meta_classifier_renewed.model_trainers.meta_trainer | Ep [037/500] T-Acc:  84.0%  V-Acc:  50.0%  V-AUROC: 0.2812  LR: 4.00e-06
2026-06-30 01:06:20,845 | [DYN-LATENT] | INFO | meta_classifier_renewed.model_trainers.meta_trainer | Early stop — best AUROC 0.5625 at epoch 7
2026-06-30 01:06:21,257 | [DYN-LATENT] | INFO | meta_classifier_renewed.evaluators.monte_carlo_evaluator | -> Fold 06 Result | Acc=0.500 Sens=0.500 Spec=0.500 AUROC=0.562
2026-06-30 01:06:21,292 | [DYN-LATENT] | INFO | meta_classifier_renewed.evaluators.monte_carlo_evaluator | === Fold 07/30 | train: 25 subj | test: 12 subj ===
2026-06-30 01:06:22,014 | [DYN-LATENT] | INFO | meta_classifier_renewed.model_trainers.meta_trainer | Ep [001/500] T-Acc:  32.0%  V-Acc:  50.0%  V-AUROC: 0.3889  LR: 2.00e-05
2026-06-30 01:06:22,681 | [DYN-LATENT] | INFO | meta_classifier_renewed.model_trainers.meta_trainer | Ep [002/500] T-Acc:  32.0%  V-Acc:  50.0%  V-AUROC: 0.4722  LR: 4.00e-05
2026-06-30 01:06:23,321 | [DYN-LATENT] | INFO | meta_classifier_renewed.model_trainers.meta_trainer | Ep [003/500] T-Acc:  48.0%  V-Acc:  50.0%  V-AUROC: 0.4444  LR: 6.00e-05
2026-06-30 01:06:24,021 | [DYN-LATENT] | INFO | meta_classifier_renewed.model_trainers.meta_trainer | Ep [004/500] T-Acc:  60.0%  V-Acc:  50.0%  V-AUROC: 0.4167  LR: 8.00e-05
2026-06-30 01:06:24,531 | [DYN-LATENT] | INFO | meta_classifier_renewed.model_trainers.meta_trainer | Ep [005/500] T-Acc:  64.0%  V-Acc:  50.0%  V-AUROC: 0.5000  LR: 1.00e-04
2026-06-30 01:06:25,159 | [DYN-LATENT] | INFO | meta_classifier_renewed.model_trainers.meta_trainer | Ep [006/500] T-Acc:  68.0%  V-Acc:  50.0%  V-AUROC: 0.5278  LR: 1.00e-04
2026-06-30 01:06:25,798 | [DYN-LATENT] | INFO | meta_classifier_renewed.model_trainers.meta_trainer | Ep [007/500] T-Acc:  48.0%  V-Acc:  41.7%  V-AUROC: 0.5556  LR: 1.00e-04
2026-06-30 01:06:26,475 | [DYN-LATENT] | INFO | meta_classifier_renewed.model_trainers.meta_trainer | Ep [008/500] T-Acc:  56.0%  V-Acc:  41.7%  V-AUROC: 0.5278  LR: 1.00e-04
2026-06-30 01:06:27,033 | [DYN-LATENT] | INFO | meta_classifier_renewed.model_trainers.meta_trainer | Ep [009/500] T-Acc:  60.0%  V-Acc:  50.0%  V-AUROC: 0.5000  LR: 1.00e-04
2026-06-30 01:06:27,581 | [DYN-LATENT] | INFO | meta_classifier_renewed.model_trainers.meta_trainer | Ep [010/500] T-Acc:  80.0%  V-Acc:  41.7%  V-AUROC: 0.5000  LR: 1.00e-04
2026-06-30 01:06:28,103 | [DYN-LATENT] | INFO | meta_classifier_renewed.model_trainers.meta_trainer | Ep [011/500] T-Acc:  56.0%  V-Acc:  50.0%  V-AUROC: 0.4167  LR: 1.00e-04
2026-06-30 01:06:28,611 | [DYN-LATENT] | INFO | meta_classifier_renewed.model_trainers.meta_trainer | Ep [012/500] T-Acc:  56.0%  V-Acc:  50.0%  V-AUROC: 0.4167  LR: 1.00e-04
2026-06-30 01:06:29,263 | [DYN-LATENT] | INFO | meta_classifier_renewed.model_trainers.meta_trainer | Ep [013/500] T-Acc:  64.0%  V-Acc:  41.7%  V-AUROC: 0.4167  LR: 1.00e-04
2026-06-30 01:06:29,777 | [DYN-LATENT] | INFO | meta_classifier_renewed.model_trainers.meta_trainer | Ep [014/500] T-Acc:  76.0%  V-Acc:  50.0%  V-AUROC: 0.4167  LR: 1.00e-04
2026-06-30 01:06:30,412 | [DYN-LATENT] | INFO | meta_classifier_renewed.model_trainers.meta_trainer | Ep [015/500] T-Acc:  64.0%  V-Acc:  50.0%  V-AUROC: 0.3889  LR: 1.00e-04
2026-06-30 01:06:31,068 | [DYN-LATENT] | INFO | meta_classifier_renewed.model_trainers.meta_trainer | Ep [016/500] T-Acc:  68.0%  V-Acc:  33.3%  V-AUROC: 0.4167  LR: 1.00e-04
2026-06-30 01:06:31,708 | [DYN-LATENT] | INFO | meta_classifier_renewed.model_trainers.meta_trainer | Ep [017/500] T-Acc:  64.0%  V-Acc:  41.7%  V-AUROC: 0.4444  LR: 1.00e-04
2026-06-30 01:06:32,323 | [DYN-LATENT] | INFO | meta_classifier_renewed.model_trainers.meta_trainer | Ep [018/500] T-Acc:  80.0%  V-Acc:  41.7%  V-AUROC: 0.4722  LR: 1.00e-04
2026-06-30 01:06:32,901 | [DYN-LATENT] | INFO | meta_classifier_renewed.model_trainers.meta_trainer | Ep [019/500] T-Acc:  84.0%  V-Acc:  41.7%  V-AUROC: 0.4444  LR: 2.00e-05
2026-06-30 01:06:33,456 | [DYN-LATENT] | INFO | meta_classifier_renewed.model_trainers.meta_trainer | Ep [020/500] T-Acc:  80.0%  V-Acc:  41.7%  V-AUROC: 0.4444  LR: 2.00e-05
2026-06-30 01:06:34,041 | [DYN-LATENT] | INFO | meta_classifier_renewed.model_trainers.meta_trainer | Ep [021/500] T-Acc:  68.0%  V-Acc:  41.7%  V-AUROC: 0.4444  LR: 2.00e-05
2026-06-30 01:06:34,619 | [DYN-LATENT] | INFO | meta_classifier_renewed.model_trainers.meta_trainer | Ep [022/500] T-Acc:  80.0%  V-Acc:  41.7%  V-AUROC: 0.4444  LR: 2.00e-05
2026-06-30 01:06:35,174 | [DYN-LATENT] | INFO | meta_classifier_renewed.model_trainers.meta_trainer | Ep [023/500] T-Acc:  76.0%  V-Acc:  41.7%  V-AUROC: 0.4444  LR: 2.00e-05
2026-06-30 01:06:35,819 | [DYN-LATENT] | INFO | meta_classifier_renewed.model_trainers.meta_trainer | Ep [024/500] T-Acc:  80.0%  V-Acc:  50.0%  V-AUROC: 0.4444  LR: 2.00e-05
2026-06-30 01:06:36,523 | [DYN-LATENT] | INFO | meta_classifier_renewed.model_trainers.meta_trainer | Ep [025/500] T-Acc:  84.0%  V-Acc:  50.0%  V-AUROC: 0.4444  LR: 2.00e-05
2026-06-30 01:06:37,138 | [DYN-LATENT] | INFO | meta_classifier_renewed.model_trainers.meta_trainer | Ep [026/500] T-Acc:  88.0%  V-Acc:  50.0%  V-AUROC: 0.4444  LR: 2.00e-05
2026-06-30 01:06:37,729 | [DYN-LATENT] | INFO | meta_classifier_renewed.model_trainers.meta_trainer | Ep [027/500] T-Acc:  80.0%  V-Acc:  50.0%  V-AUROC: 0.4444  LR: 2.00e-05
2026-06-30 01:06:38,301 | [DYN-LATENT] | INFO | meta_classifier_renewed.model_trainers.meta_trainer | Ep [028/500] T-Acc:  84.0%  V-Acc:  33.3%  V-AUROC: 0.4444  LR: 2.00e-05
2026-06-30 01:06:38,844 | [DYN-LATENT] | INFO | meta_classifier_renewed.model_trainers.meta_trainer | Ep [029/500] T-Acc:  84.0%  V-Acc:  41.7%  V-AUROC: 0.4444  LR: 2.00e-05
2026-06-30 01:06:39,370 | [DYN-LATENT] | INFO | meta_classifier_renewed.model_trainers.meta_trainer | Ep [030/500] T-Acc:  92.0%  V-Acc:  41.7%  V-AUROC: 0.4444  LR: 4.00e-06
2026-06-30 01:06:39,898 | [DYN-LATENT] | INFO | meta_classifier_renewed.model_trainers.meta_trainer | Ep [031/500] T-Acc:  84.0%  V-Acc:  41.7%  V-AUROC: 0.4444  LR: 4.00e-06
2026-06-30 01:06:40,458 | [DYN-LATENT] | INFO | meta_classifier_renewed.model_trainers.meta_trainer | Ep [032/500] T-Acc:  84.0%  V-Acc:  41.7%  V-AUROC: 0.4444  LR: 4.00e-06
2026-06-30 01:06:41,000 | [DYN-LATENT] | INFO | meta_classifier_renewed.model_trainers.meta_trainer | Ep [033/500] T-Acc:  84.0%  V-Acc:  41.7%  V-AUROC: 0.4444  LR: 4.00e-06
2026-06-30 01:06:41,517 | [DYN-LATENT] | INFO | meta_classifier_renewed.model_trainers.meta_trainer | Ep [034/500] T-Acc:  80.0%  V-Acc:  41.7%  V-AUROC: 0.4444  LR: 4.00e-06
2026-06-30 01:06:42,063 | [DYN-LATENT] | INFO | meta_classifier_renewed.model_trainers.meta_trainer | Ep [035/500] T-Acc:  84.0%  V-Acc:  33.3%  V-AUROC: 0.4444  LR: 4.00e-06
2026-06-30 01:06:42,603 | [DYN-LATENT] | INFO | meta_classifier_renewed.model_trainers.meta_trainer | Ep [036/500] T-Acc:  88.0%  V-Acc:  33.3%  V-AUROC: 0.4444  LR: 4.00e-06
2026-06-30 01:06:43,110 | [DYN-LATENT] | INFO | meta_classifier_renewed.model_trainers.meta_trainer | Ep [037/500] T-Acc:  72.0%  V-Acc:  41.7%  V-AUROC: 0.4444  LR: 4.00e-06
2026-06-30 01:06:43,111 | [DYN-LATENT] | INFO | meta_classifier_renewed.model_trainers.meta_trainer | Early stop — best AUROC 0.5556 at epoch 7
2026-06-30 01:06:43,486 | [DYN-LATENT] | INFO | meta_classifier_renewed.evaluators.monte_carlo_evaluator | -> Fold 07 Result | Acc=0.417 Sens=0.000 Spec=0.833 AUROC=0.556
2026-06-30 01:06:43,514 | [DYN-LATENT] | INFO | meta_classifier_renewed.evaluators.monte_carlo_evaluator | === Fold 08/30 | train: 25 subj | test: 12 subj ===
2026-06-30 01:06:44,232 | [DYN-LATENT] | INFO | meta_classifier_renewed.model_trainers.meta_trainer | Ep [001/500] T-Acc:  52.0%  V-Acc:  41.7%  V-AUROC: 0.6571  LR: 2.00e-05
2026-06-30 01:06:44,873 | [DYN-LATENT] | INFO | meta_classifier_renewed.model_trainers.meta_trainer | Ep [002/500] T-Acc:  48.0%  V-Acc:  41.7%  V-AUROC: 0.6571  LR: 4.00e-05
2026-06-30 01:06:45,688 | [DYN-LATENT] | INFO | meta_classifier_renewed.model_trainers.meta_trainer | Ep [003/500] T-Acc:  40.0%  V-Acc:  58.3%  V-AUROC: 0.5714  LR: 6.00e-05
2026-06-30 01:06:46,471 | [DYN-LATENT] | INFO | meta_classifier_renewed.model_trainers.meta_trainer | Ep [004/500] T-Acc:  56.0%  V-Acc:  58.3%  V-AUROC: 0.6000  LR: 8.00e-05
2026-06-30 01:06:46,992 | [DYN-LATENT] | INFO | meta_classifier_renewed.model_trainers.meta_trainer | Ep [005/500] T-Acc:  56.0%  V-Acc:  58.3%  V-AUROC: 0.6000  LR: 1.00e-04
2026-06-30 01:06:47,503 | [DYN-LATENT] | INFO | meta_classifier_renewed.model_trainers.meta_trainer | Ep [006/500] T-Acc:  64.0%  V-Acc:  50.0%  V-AUROC: 0.6857  LR: 1.00e-04
2026-06-30 01:06:48,177 | [DYN-LATENT] | INFO | meta_classifier_renewed.model_trainers.meta_trainer | Ep [007/500] T-Acc:  52.0%  V-Acc:  41.7%  V-AUROC: 0.6571  LR: 1.00e-04
2026-06-30 01:06:48,782 | [DYN-LATENT] | INFO | meta_classifier_renewed.model_trainers.meta_trainer | Ep [008/500] T-Acc:  60.0%  V-Acc:  50.0%  V-AUROC: 0.6000  LR: 1.00e-04
2026-06-30 01:06:49,433 | [DYN-LATENT] | INFO | meta_classifier_renewed.model_trainers.meta_trainer | Ep [009/500] T-Acc:  48.0%  V-Acc:  66.7%  V-AUROC: 0.4857  LR: 1.00e-04
2026-06-30 01:06:49,970 | [DYN-LATENT] | INFO | meta_classifier_renewed.model_trainers.meta_trainer | Ep [010/500] T-Acc:  60.0%  V-Acc:  58.3%  V-AUROC: 0.4857  LR: 1.00e-04
2026-06-30 01:06:50,580 | [DYN-LATENT] | INFO | meta_classifier_renewed.model_trainers.meta_trainer | Ep [011/500] T-Acc:  64.0%  V-Acc:  50.0%  V-AUROC: 0.5143  LR: 1.00e-04
2026-06-30 01:06:51,202 | [DYN-LATENT] | INFO | meta_classifier_renewed.model_trainers.meta_trainer | Ep [012/500] T-Acc:  60.0%  V-Acc:  41.7%  V-AUROC: 0.5143  LR: 1.00e-04
2026-06-30 01:06:51,777 | [DYN-LATENT] | INFO | meta_classifier_renewed.model_trainers.meta_trainer | Ep [013/500] T-Acc:  56.0%  V-Acc:  41.7%  V-AUROC: 0.4857  LR: 1.00e-04
2026-06-30 01:06:52,346 | [DYN-LATENT] | INFO | meta_classifier_renewed.model_trainers.meta_trainer | Ep [014/500] T-Acc:  56.0%  V-Acc:  50.0%  V-AUROC: 0.4857  LR: 1.00e-04
2026-06-30 01:06:52,894 | [DYN-LATENT] | INFO | meta_classifier_renewed.model_trainers.meta_trainer | Ep [015/500] T-Acc:  56.0%  V-Acc:  58.3%  V-AUROC: 0.4571  LR: 1.00e-04
2026-06-30 01:06:53,452 | [DYN-LATENT] | INFO | meta_classifier_renewed.model_trainers.meta_trainer | Ep [016/500] T-Acc:  60.0%  V-Acc:  58.3%  V-AUROC: 0.4571  LR: 1.00e-04
2026-06-30 01:06:53,994 | [DYN-LATENT] | INFO | meta_classifier_renewed.model_trainers.meta_trainer | Ep [017/500] T-Acc:  72.0%  V-Acc:  58.3%  V-AUROC: 0.4571  LR: 1.00e-04
2026-06-30 01:06:54,573 | [DYN-LATENT] | INFO | meta_classifier_renewed.model_trainers.meta_trainer | Ep [018/500] T-Acc:  80.0%  V-Acc:  58.3%  V-AUROC: 0.4571  LR: 2.00e-05
2026-06-30 01:06:55,140 | [DYN-LATENT] | INFO | meta_classifier_renewed.model_trainers.meta_trainer | Ep [019/500] T-Acc:  76.0%  V-Acc:  58.3%  V-AUROC: 0.4571  LR: 2.00e-05
2026-06-30 01:06:55,727 | [DYN-LATENT] | INFO | meta_classifier_renewed.model_trainers.meta_trainer | Ep [020/500] T-Acc:  76.0%  V-Acc:  58.3%  V-AUROC: 0.4571  LR: 2.00e-05
2026-06-30 01:06:56,284 | [DYN-LATENT] | INFO | meta_classifier_renewed.model_trainers.meta_trainer | Ep [021/500] T-Acc:  80.0%  V-Acc:  58.3%  V-AUROC: 0.4571  LR: 2.00e-05
2026-06-30 01:06:56,856 | [DYN-LATENT] | INFO | meta_classifier_renewed.model_trainers.meta_trainer | Ep [022/500] T-Acc:  76.0%  V-Acc:  58.3%  V-AUROC: 0.4571  LR: 2.00e-05
2026-06-30 01:06:57,403 | [DYN-LATENT] | INFO | meta_classifier_renewed.model_trainers.meta_trainer | Ep [023/500] T-Acc:  76.0%  V-Acc:  58.3%  V-AUROC: 0.4571  LR: 2.00e-05
2026-06-30 01:06:57,941 | [DYN-LATENT] | INFO | meta_classifier_renewed.model_trainers.meta_trainer | Ep [024/500] T-Acc:  72.0%  V-Acc:  58.3%  V-AUROC: 0.4571  LR: 2.00e-05
2026-06-30 01:06:58,493 | [DYN-LATENT] | INFO | meta_classifier_renewed.model_trainers.meta_trainer | Ep [025/500] T-Acc:  72.0%  V-Acc:  50.0%  V-AUROC: 0.4571  LR: 2.00e-05
2026-06-30 01:06:59,035 | [DYN-LATENT] | INFO | meta_classifier_renewed.model_trainers.meta_trainer | Ep [026/500] T-Acc:  76.0%  V-Acc:  50.0%  V-AUROC: 0.4571  LR: 2.00e-05
2026-06-30 01:06:59,573 | [DYN-LATENT] | INFO | meta_classifier_renewed.model_trainers.meta_trainer | Ep [027/500] T-Acc:  64.0%  V-Acc:  50.0%  V-AUROC: 0.4571  LR: 2.00e-05
2026-06-30 01:07:00,135 | [DYN-LATENT] | INFO | meta_classifier_renewed.model_trainers.meta_trainer | Ep [028/500] T-Acc:  80.0%  V-Acc:  50.0%  V-AUROC: 0.4571  LR: 2.00e-05
2026-06-30 01:07:00,912 | [DYN-LATENT] | INFO | meta_classifier_renewed.model_trainers.meta_trainer | Ep [029/500] T-Acc:  52.0%  V-Acc:  50.0%  V-AUROC: 0.4571  LR: 4.00e-06
2026-06-30 01:07:01,500 | [DYN-LATENT] | INFO | meta_classifier_renewed.model_trainers.meta_trainer | Ep [030/500] T-Acc:  80.0%  V-Acc:  50.0%  V-AUROC: 0.4571  LR: 4.00e-06
2026-06-30 01:07:02,069 | [DYN-LATENT] | INFO | meta_classifier_renewed.model_trainers.meta_trainer | Ep [031/500] T-Acc:  80.0%  V-Acc:  50.0%  V-AUROC: 0.4571  LR: 4.00e-06
2026-06-30 01:07:02,609 | [DYN-LATENT] | INFO | meta_classifier_renewed.model_trainers.meta_trainer | Ep [032/500] T-Acc:  64.0%  V-Acc:  50.0%  V-AUROC: 0.4571  LR: 4.00e-06
2026-06-30 01:07:03,143 | [DYN-LATENT] | INFO | meta_classifier_renewed.model_trainers.meta_trainer | Ep [033/500] T-Acc:  72.0%  V-Acc:  50.0%  V-AUROC: 0.4571  LR: 4.00e-06
2026-06-30 01:07:03,682 | [DYN-LATENT] | INFO | meta_classifier_renewed.model_trainers.meta_trainer | Ep [034/500] T-Acc:  72.0%  V-Acc:  50.0%  V-AUROC: 0.4571  LR: 4.00e-06
2026-06-30 01:07:04,269 | [DYN-LATENT] | INFO | meta_classifier_renewed.model_trainers.meta_trainer | Ep [035/500] T-Acc:  72.0%  V-Acc:  41.7%  V-AUROC: 0.4571  LR: 4.00e-06
2026-06-30 01:07:04,806 | [DYN-LATENT] | INFO | meta_classifier_renewed.model_trainers.meta_trainer | Ep [036/500] T-Acc:  76.0%  V-Acc:  33.3%  V-AUROC: 0.4571  LR: 4.00e-06
2026-06-30 01:07:04,806 | [DYN-LATENT] | INFO | meta_classifier_renewed.model_trainers.meta_trainer | Early stop — best AUROC 0.6857 at epoch 6
2026-06-30 01:07:05,198 | [DYN-LATENT] | INFO | meta_classifier_renewed.evaluators.monte_carlo_evaluator | -> Fold 08 Result | Acc=0.500 Sens=0.286 Spec=0.800 AUROC=0.686
2026-06-30 01:07:05,229 | [DYN-LATENT] | INFO | meta_classifier_renewed.evaluators.monte_carlo_evaluator | === Fold 09/30 | train: 25 subj | test: 12 subj ===
2026-06-30 01:07:05,987 | [DYN-LATENT] | INFO | meta_classifier_renewed.model_trainers.meta_trainer | Ep [001/500] T-Acc:  44.0%  V-Acc:  33.3%  V-AUROC: 0.4167  LR: 2.00e-05
2026-06-30 01:07:06,676 | [DYN-LATENT] | INFO | meta_classifier_renewed.model_trainers.meta_trainer | Ep [002/500] T-Acc:  64.0%  V-Acc:  33.3%  V-AUROC: 0.4444  LR: 4.00e-05
2026-06-30 01:07:07,336 | [DYN-LATENT] | INFO | meta_classifier_renewed.model_trainers.meta_trainer | Ep [003/500] T-Acc:  56.0%  V-Acc:  41.7%  V-AUROC: 0.4167  LR: 6.00e-05
2026-06-30 01:07:07,923 | [DYN-LATENT] | INFO | meta_classifier_renewed.model_trainers.meta_trainer | Ep [004/500] T-Acc:  56.0%  V-Acc:  50.0%  V-AUROC: 0.3889  LR: 8.00e-05
2026-06-30 01:07:08,477 | [DYN-LATENT] | INFO | meta_classifier_renewed.model_trainers.meta_trainer | Ep [005/500] T-Acc:  64.0%  V-Acc:  50.0%  V-AUROC: 0.3889  LR: 1.00e-04
2026-06-30 01:07:09,014 | [DYN-LATENT] | INFO | meta_classifier_renewed.model_trainers.meta_trainer | Ep [006/500] T-Acc:  68.0%  V-Acc:  41.7%  V-AUROC: 0.3889  LR: 1.00e-04
2026-06-30 01:07:09,569 | [DYN-LATENT] | INFO | meta_classifier_renewed.model_trainers.meta_trainer | Ep [007/500] T-Acc:  56.0%  V-Acc:  33.3%  V-AUROC: 0.3333  LR: 1.00e-04
2026-06-30 01:07:10,093 | [DYN-LATENT] | INFO | meta_classifier_renewed.model_trainers.meta_trainer | Ep [008/500] T-Acc:  64.0%  V-Acc:  50.0%  V-AUROC: 0.3056  LR: 1.00e-04
2026-06-30 01:07:10,739 | [DYN-LATENT] | INFO | meta_classifier_renewed.model_trainers.meta_trainer | Ep [009/500] T-Acc:  56.0%  V-Acc:  50.0%  V-AUROC: 0.2500  LR: 1.00e-04
2026-06-30 01:07:11,371 | [DYN-LATENT] | INFO | meta_classifier_renewed.model_trainers.meta_trainer | Ep [010/500] T-Acc:  52.0%  V-Acc:  50.0%  V-AUROC: 0.2778  LR: 1.00e-04
2026-06-30 01:07:11,936 | [DYN-LATENT] | INFO | meta_classifier_renewed.model_trainers.meta_trainer | Ep [011/500] T-Acc:  68.0%  V-Acc:  33.3%  V-AUROC: 0.2778  LR: 1.00e-04
2026-06-30 01:07:12,541 | [DYN-LATENT] | INFO | meta_classifier_renewed.model_trainers.meta_trainer | Ep [012/500] T-Acc:  56.0%  V-Acc:  33.3%  V-AUROC: 0.2778  LR: 1.00e-04
2026-06-30 01:07:13,123 | [DYN-LATENT] | INFO | meta_classifier_renewed.model_trainers.meta_trainer | Ep [013/500] T-Acc:  72.0%  V-Acc:  33.3%  V-AUROC: 0.4167  LR: 1.00e-04
2026-06-30 01:07:13,694 | [DYN-LATENT] | INFO | meta_classifier_renewed.model_trainers.meta_trainer | Ep [014/500] T-Acc:  60.0%  V-Acc:  50.0%  V-AUROC: 0.6667  LR: 1.00e-04
2026-06-30 01:07:14,412 | [DYN-LATENT] | INFO | meta_classifier_renewed.model_trainers.meta_trainer | Ep [015/500] T-Acc:  64.0%  V-Acc:  66.7%  V-AUROC: 0.6667  LR: 1.00e-04
2026-06-30 01:07:14,981 | [DYN-LATENT] | INFO | meta_classifier_renewed.model_trainers.meta_trainer | Ep [016/500] T-Acc:  56.0%  V-Acc:  66.7%  V-AUROC: 0.5556  LR: 1.00e-04
2026-06-30 01:07:15,685 | [DYN-LATENT] | INFO | meta_classifier_renewed.model_trainers.meta_trainer | Ep [017/500] T-Acc:  68.0%  V-Acc:  66.7%  V-AUROC: 0.5556  LR: 1.00e-04
2026-06-30 01:07:16,321 | [DYN-LATENT] | INFO | meta_classifier_renewed.model_trainers.meta_trainer | Ep [018/500] T-Acc:  64.0%  V-Acc:  58.3%  V-AUROC: 0.5556  LR: 1.00e-04
2026-06-30 01:07:16,904 | [DYN-LATENT] | INFO | meta_classifier_renewed.model_trainers.meta_trainer | Ep [019/500] T-Acc:  64.0%  V-Acc:  66.7%  V-AUROC: 0.6111  LR: 1.00e-04
2026-06-30 01:07:17,391 | [DYN-LATENT] | INFO | meta_classifier_renewed.model_trainers.meta_trainer | Ep [020/500] T-Acc:  76.0%  V-Acc:  58.3%  V-AUROC: 0.6389  LR: 1.00e-04
2026-06-30 01:07:17,861 | [DYN-LATENT] | INFO | meta_classifier_renewed.model_trainers.meta_trainer | Ep [021/500] T-Acc:  76.0%  V-Acc:  33.3%  V-AUROC: 0.5000  LR: 1.00e-04
2026-06-30 01:07:18,350 | [DYN-LATENT] | INFO | meta_classifier_renewed.model_trainers.meta_trainer | Ep [022/500] T-Acc:  72.0%  V-Acc:  50.0%  V-AUROC: 0.5000  LR: 1.00e-04
2026-06-30 01:07:18,854 | [DYN-LATENT] | INFO | meta_classifier_renewed.model_trainers.meta_trainer | Ep [023/500] T-Acc:  72.0%  V-Acc:  58.3%  V-AUROC: 0.6111  LR: 1.00e-04
2026-06-30 01:07:19,400 | [DYN-LATENT] | INFO | meta_classifier_renewed.model_trainers.meta_trainer | Ep [024/500] T-Acc:  76.0%  V-Acc:  58.3%  V-AUROC: 0.6389  LR: 1.00e-04
2026-06-30 01:07:19,948 | [DYN-LATENT] | INFO | meta_classifier_renewed.model_trainers.meta_trainer | Ep [025/500] T-Acc:  76.0%  V-Acc:  50.0%  V-AUROC: 0.6667  LR: 1.00e-04
2026-06-30 01:07:20,544 | [DYN-LATENT] | INFO | meta_classifier_renewed.model_trainers.meta_trainer | Ep [026/500] T-Acc:  68.0%  V-Acc:  41.7%  V-AUROC: 0.6389  LR: 2.00e-05
2026-06-30 01:07:21,219 | [DYN-LATENT] | INFO | meta_classifier_renewed.model_trainers.meta_trainer | Ep [027/500] T-Acc:  88.0%  V-Acc:  41.7%  V-AUROC: 0.6667  LR: 2.00e-05
2026-06-30 01:07:21,812 | [DYN-LATENT] | INFO | meta_classifier_renewed.model_trainers.meta_trainer | Ep [028/500] T-Acc:  84.0%  V-Acc:  41.7%  V-AUROC: 0.6389  LR: 2.00e-05
2026-06-30 01:07:22,398 | [DYN-LATENT] | INFO | meta_classifier_renewed.model_trainers.meta_trainer | Ep [029/500] T-Acc:  76.0%  V-Acc:  41.7%  V-AUROC: 0.6389  LR: 2.00e-05
2026-06-30 01:07:22,971 | [DYN-LATENT] | INFO | meta_classifier_renewed.model_trainers.meta_trainer | Ep [030/500] T-Acc:  88.0%  V-Acc:  41.7%  V-AUROC: 0.6389  LR: 2.00e-05
2026-06-30 01:07:23,531 | [DYN-LATENT] | INFO | meta_classifier_renewed.model_trainers.meta_trainer | Ep [031/500] T-Acc:  72.0%  V-Acc:  41.7%  V-AUROC: 0.6389  LR: 2.00e-05
2026-06-30 01:07:24,110 | [DYN-LATENT] | INFO | meta_classifier_renewed.model_trainers.meta_trainer | Ep [032/500] T-Acc:  84.0%  V-Acc:  41.7%  V-AUROC: 0.6389  LR: 2.00e-05
2026-06-30 01:07:24,631 | [DYN-LATENT] | INFO | meta_classifier_renewed.model_trainers.meta_trainer | Ep [033/500] T-Acc:  80.0%  V-Acc:  41.7%  V-AUROC: 0.6389  LR: 2.00e-05
2026-06-30 01:07:25,152 | [DYN-LATENT] | INFO | meta_classifier_renewed.model_trainers.meta_trainer | Ep [034/500] T-Acc:  84.0%  V-Acc:  41.7%  V-AUROC: 0.6111  LR: 2.00e-05
2026-06-30 01:07:25,677 | [DYN-LATENT] | INFO | meta_classifier_renewed.model_trainers.meta_trainer | Ep [035/500] T-Acc:  88.0%  V-Acc:  66.7%  V-AUROC: 0.6111  LR: 2.00e-05
2026-06-30 01:07:26,262 | [DYN-LATENT] | INFO | meta_classifier_renewed.model_trainers.meta_trainer | Ep [036/500] T-Acc:  80.0%  V-Acc:  66.7%  V-AUROC: 0.6111  LR: 2.00e-05
2026-06-30 01:07:26,824 | [DYN-LATENT] | INFO | meta_classifier_renewed.model_trainers.meta_trainer | Ep [037/500] T-Acc:  84.0%  V-Acc:  66.7%  V-AUROC: 0.6111  LR: 4.00e-06
2026-06-30 01:07:27,385 | [DYN-LATENT] | INFO | meta_classifier_renewed.model_trainers.meta_trainer | Ep [038/500] T-Acc:  80.0%  V-Acc:  50.0%  V-AUROC: 0.6111  LR: 4.00e-06
2026-06-30 01:07:27,957 | [DYN-LATENT] | INFO | meta_classifier_renewed.model_trainers.meta_trainer | Ep [039/500] T-Acc:  84.0%  V-Acc:  50.0%  V-AUROC: 0.6111  LR: 4.00e-06
2026-06-30 01:07:28,496 | [DYN-LATENT] | INFO | meta_classifier_renewed.model_trainers.meta_trainer | Ep [040/500] T-Acc:  92.0%  V-Acc:  41.7%  V-AUROC: 0.6389  LR: 4.00e-06
2026-06-30 01:07:29,046 | [DYN-LATENT] | INFO | meta_classifier_renewed.model_trainers.meta_trainer | Ep [041/500] T-Acc:  84.0%  V-Acc:  50.0%  V-AUROC: 0.6389  LR: 4.00e-06
2026-06-30 01:07:29,622 | [DYN-LATENT] | INFO | meta_classifier_renewed.model_trainers.meta_trainer | Ep [042/500] T-Acc:  68.0%  V-Acc:  41.7%  V-AUROC: 0.6389  LR: 4.00e-06
2026-06-30 01:07:30,161 | [DYN-LATENT] | INFO | meta_classifier_renewed.model_trainers.meta_trainer | Ep [043/500] T-Acc:  84.0%  V-Acc:  41.7%  V-AUROC: 0.6667  LR: 4.00e-06
2026-06-30 01:07:30,748 | [DYN-LATENT] | INFO | meta_classifier_renewed.model_trainers.meta_trainer | Ep [044/500] T-Acc:  84.0%  V-Acc:  41.7%  V-AUROC: 0.6667  LR: 4.00e-06
2026-06-30 01:07:30,749 | [DYN-LATENT] | INFO | meta_classifier_renewed.model_trainers.meta_trainer | Early stop — best AUROC 0.6667 at epoch 14
2026-06-30 01:07:31,183 | [DYN-LATENT] | INFO | meta_classifier_renewed.evaluators.monte_carlo_evaluator | -> Fold 09 Result | Acc=0.500 Sens=1.000 Spec=0.000 AUROC=0.667
2026-06-30 01:07:31,214 | [DYN-LATENT] | INFO | meta_classifier_renewed.evaluators.monte_carlo_evaluator | === Fold 10/30 | train: 25 subj | test: 12 subj ===
2026-06-30 01:07:31,943 | [DYN-LATENT] | INFO | meta_classifier_renewed.model_trainers.meta_trainer | Ep [001/500] T-Acc:  44.0%  V-Acc:  33.3%  V-AUROC: 0.5625  LR: 2.00e-05
2026-06-30 01:07:32,576 | [DYN-LATENT] | INFO | meta_classifier_renewed.model_trainers.meta_trainer | Ep [002/500] T-Acc:  28.0%  V-Acc:  33.3%  V-AUROC: 0.5312  LR: 4.00e-05
2026-06-30 01:07:33,107 | [DYN-LATENT] | INFO | meta_classifier_renewed.model_trainers.meta_trainer | Ep [003/500] T-Acc:  48.0%  V-Acc:  66.7%  V-AUROC: 0.5625  LR: 6.00e-05
2026-06-30 01:07:33,683 | [DYN-LATENT] | INFO | meta_classifier_renewed.model_trainers.meta_trainer | Ep [004/500] T-Acc:  52.0%  V-Acc:  50.0%  V-AUROC: 0.5312  LR: 8.00e-05
2026-06-30 01:07:34,282 | [DYN-LATENT] | INFO | meta_classifier_renewed.model_trainers.meta_trainer | Ep [005/500] T-Acc:  64.0%  V-Acc:  66.7%  V-AUROC: 0.5000  LR: 1.00e-04
2026-06-30 01:07:34,841 | [DYN-LATENT] | INFO | meta_classifier_renewed.model_trainers.meta_trainer | Ep [006/500] T-Acc:  52.0%  V-Acc:  41.7%  V-AUROC: 0.5312  LR: 1.00e-04
2026-06-30 01:07:35,394 | [DYN-LATENT] | INFO | meta_classifier_renewed.model_trainers.meta_trainer | Ep [007/500] T-Acc:  56.0%  V-Acc:  33.3%  V-AUROC: 0.5000  LR: 1.00e-04
2026-06-30 01:07:36,208 | [DYN-LATENT] | INFO | meta_classifier_renewed.model_trainers.meta_trainer | Ep [008/500] T-Acc:  60.0%  V-Acc:  58.3%  V-AUROC: 0.5000  LR: 1.00e-04
2026-06-30 01:07:36,825 | [DYN-LATENT] | INFO | meta_classifier_renewed.model_trainers.meta_trainer | Ep [009/500] T-Acc:  56.0%  V-Acc:  66.7%  V-AUROC: 0.4688  LR: 1.00e-04
2026-06-30 01:07:37,418 | [DYN-LATENT] | INFO | meta_classifier_renewed.model_trainers.meta_trainer | Ep [010/500] T-Acc:  56.0%  V-Acc:  66.7%  V-AUROC: 0.4688  LR: 1.00e-04
2026-06-30 01:07:37,973 | [DYN-LATENT] | INFO | meta_classifier_renewed.model_trainers.meta_trainer | Ep [011/500] T-Acc:  60.0%  V-Acc:  41.7%  V-AUROC: 0.5312  LR: 1.00e-04
2026-06-30 01:07:38,514 | [DYN-LATENT] | INFO | meta_classifier_renewed.model_trainers.meta_trainer | Ep [012/500] T-Acc:  48.0%  V-Acc:  33.3%  V-AUROC: 0.5625  LR: 1.00e-04
2026-06-30 01:07:39,055 | [DYN-LATENT] | INFO | meta_classifier_renewed.model_trainers.meta_trainer | Ep [013/500] T-Acc:  48.0%  V-Acc:  33.3%  V-AUROC: 0.5312  LR: 1.00e-04
2026-06-30 01:07:39,592 | [DYN-LATENT] | INFO | meta_classifier_renewed.model_trainers.meta_trainer | Ep [014/500] T-Acc:  60.0%  V-Acc:  66.7%  V-AUROC: 0.5000  LR: 1.00e-04
2026-06-30 01:07:40,158 | [DYN-LATENT] | INFO | meta_classifier_renewed.model_trainers.meta_trainer | Ep [015/500] T-Acc:  56.0%  V-Acc:  58.3%  V-AUROC: 0.5000  LR: 1.00e-04
2026-06-30 01:07:40,697 | [DYN-LATENT] | INFO | meta_classifier_renewed.model_trainers.meta_trainer | Ep [016/500] T-Acc:  76.0%  V-Acc:  66.7%  V-AUROC: 0.5000  LR: 1.00e-04
2026-06-30 01:07:41,237 | [DYN-LATENT] | INFO | meta_classifier_renewed.model_trainers.meta_trainer | Ep [017/500] T-Acc:  76.0%  V-Acc:  66.7%  V-AUROC: 0.5312  LR: 1.00e-04
2026-06-30 01:07:41,790 | [DYN-LATENT] | INFO | meta_classifier_renewed.model_trainers.meta_trainer | Ep [018/500] T-Acc:  84.0%  V-Acc:  41.7%  V-AUROC: 0.5312  LR: 1.00e-04
2026-06-30 01:07:42,346 | [DYN-LATENT] | INFO | meta_classifier_renewed.model_trainers.meta_trainer | Ep [019/500] T-Acc:  72.0%  V-Acc:  41.7%  V-AUROC: 0.5312  LR: 1.00e-04
2026-06-30 01:07:42,909 | [DYN-LATENT] | INFO | meta_classifier_renewed.model_trainers.meta_trainer | Ep [020/500] T-Acc:  64.0%  V-Acc:  75.0%  V-AUROC: 0.5312  LR: 1.00e-04
2026-06-30 01:07:43,490 | [DYN-LATENT] | INFO | meta_classifier_renewed.model_trainers.meta_trainer | Ep [021/500] T-Acc:  68.0%  V-Acc:  66.7%  V-AUROC: 0.5000  LR: 1.00e-04
2026-06-30 01:07:44,040 | [DYN-LATENT] | INFO | meta_classifier_renewed.model_trainers.meta_trainer | Ep [022/500] T-Acc:  88.0%  V-Acc:  41.7%  V-AUROC: 0.5000  LR: 1.00e-04
2026-06-30 01:07:44,589 | [DYN-LATENT] | INFO | meta_classifier_renewed.model_trainers.meta_trainer | Ep [023/500] T-Acc:  72.0%  V-Acc:  41.7%  V-AUROC: 0.5000  LR: 1.00e-04
2026-06-30 01:07:45,140 | [DYN-LATENT] | INFO | meta_classifier_renewed.model_trainers.meta_trainer | Ep [024/500] T-Acc:  88.0%  V-Acc:  41.7%  V-AUROC: 0.5000  LR: 2.00e-05
2026-06-30 01:07:45,807 | [DYN-LATENT] | INFO | meta_classifier_renewed.model_trainers.meta_trainer | Ep [025/500] T-Acc:  76.0%  V-Acc:  41.7%  V-AUROC: 0.5000  LR: 2.00e-05
2026-06-30 01:07:46,412 | [DYN-LATENT] | INFO | meta_classifier_renewed.model_trainers.meta_trainer | Ep [026/500] T-Acc:  80.0%  V-Acc:  41.7%  V-AUROC: 0.5000  LR: 2.00e-05
2026-06-30 01:07:46,976 | [DYN-LATENT] | INFO | meta_classifier_renewed.model_trainers.meta_trainer | Ep [027/500] T-Acc:  52.0%  V-Acc:  58.3%  V-AUROC: 0.5000  LR: 2.00e-05
2026-06-30 01:07:47,548 | [DYN-LATENT] | INFO | meta_classifier_renewed.model_trainers.meta_trainer | Ep [028/500] T-Acc:  80.0%  V-Acc:  66.7%  V-AUROC: 0.5000  LR: 2.00e-05
2026-06-30 01:07:48,097 | [DYN-LATENT] | INFO | meta_classifier_renewed.model_trainers.meta_trainer | Ep [029/500] T-Acc:  80.0%  V-Acc:  66.7%  V-AUROC: 0.5000  LR: 2.00e-05
2026-06-30 01:07:48,623 | [DYN-LATENT] | INFO | meta_classifier_renewed.model_trainers.meta_trainer | Ep [030/500] T-Acc:  80.0%  V-Acc:  58.3%  V-AUROC: 0.5000  LR: 2.00e-05
2026-06-30 01:07:49,151 | [DYN-LATENT] | INFO | meta_classifier_renewed.model_trainers.meta_trainer | Ep [031/500] T-Acc:  76.0%  V-Acc:  58.3%  V-AUROC: 0.5000  LR: 2.00e-05
2026-06-30 01:07:49,152 | [DYN-LATENT] | INFO | meta_classifier_renewed.model_trainers.meta_trainer | Early stop — best AUROC 0.5625 at epoch 1
2026-06-30 01:07:49,539 | [DYN-LATENT] | INFO | meta_classifier_renewed.evaluators.monte_carlo_evaluator | -> Fold 10 Result | Acc=0.333 Sens=0.000 Spec=1.000 AUROC=0.562
2026-06-30 01:07:49,574 | [DYN-LATENT] | INFO | meta_classifier_renewed.evaluators.monte_carlo_evaluator | === Fold 11/30 | train: 25 subj | test: 12 subj ===
2026-06-30 01:07:50,167 | [DYN-LATENT] | INFO | meta_classifier_renewed.model_trainers.meta_trainer | Ep [001/500] T-Acc:  48.0%  V-Acc:  50.0%  V-AUROC: 0.8611  LR: 2.00e-05
2026-06-30 01:07:51,129 | [DYN-LATENT] | INFO | meta_classifier_renewed.model_trainers.meta_trainer | Ep [002/500] T-Acc:  48.0%  V-Acc:  66.7%  V-AUROC: 0.8611  LR: 4.00e-05
2026-06-30 01:07:51,754 | [DYN-LATENT] | INFO | meta_classifier_renewed.model_trainers.meta_trainer | Ep [003/500] T-Acc:  48.0%  V-Acc:  50.0%  V-AUROC: 0.3611  LR: 6.00e-05
2026-06-30 01:07:52,241 | [DYN-LATENT] | INFO | meta_classifier_renewed.model_trainers.meta_trainer | Ep [004/500] T-Acc:  48.0%  V-Acc:  50.0%  V-AUROC: 0.2222  LR: 8.00e-05
2026-06-30 01:07:52,740 | [DYN-LATENT] | INFO | meta_classifier_renewed.model_trainers.meta_trainer | Ep [005/500] T-Acc:  56.0%  V-Acc:  50.0%  V-AUROC: 0.2222  LR: 1.00e-04
2026-06-30 01:07:53,230 | [DYN-LATENT] | INFO | meta_classifier_renewed.model_trainers.meta_trainer | Ep [006/500] T-Acc:  60.0%  V-Acc:  41.7%  V-AUROC: 0.3333  LR: 1.00e-04
2026-06-30 01:07:53,801 | [DYN-LATENT] | INFO | meta_classifier_renewed.model_trainers.meta_trainer | Ep [007/500] T-Acc:  40.0%  V-Acc:  50.0%  V-AUROC: 0.3889  LR: 1.00e-04
2026-06-30 01:07:54,343 | [DYN-LATENT] | INFO | meta_classifier_renewed.model_trainers.meta_trainer | Ep [008/500] T-Acc:  48.0%  V-Acc:  41.7%  V-AUROC: 0.3889  LR: 1.00e-04
2026-06-30 01:07:54,882 | [DYN-LATENT] | INFO | meta_classifier_renewed.model_trainers.meta_trainer | Ep [009/500] T-Acc:  36.0%  V-Acc:  41.7%  V-AUROC: 0.3056  LR: 1.00e-04
2026-06-30 01:07:55,421 | [DYN-LATENT] | INFO | meta_classifier_renewed.model_trainers.meta_trainer | Ep [010/500] T-Acc:  44.0%  V-Acc:  50.0%  V-AUROC: 0.2778  LR: 1.00e-04
2026-06-30 01:07:56,029 | [DYN-LATENT] | INFO | meta_classifier_renewed.model_trainers.meta_trainer | Ep [011/500] T-Acc:  68.0%  V-Acc:  50.0%  V-AUROC: 0.2778  LR: 1.00e-04
2026-06-30 01:07:56,634 | [DYN-LATENT] | INFO | meta_classifier_renewed.model_trainers.meta_trainer | Ep [012/500] T-Acc:  60.0%  V-Acc:  50.0%  V-AUROC: 0.3889  LR: 1.00e-04
2026-06-30 01:07:57,201 | [DYN-LATENT] | INFO | meta_classifier_renewed.model_trainers.meta_trainer | Ep [013/500] T-Acc:  60.0%  V-Acc:  50.0%  V-AUROC: 0.4444  LR: 1.00e-04
2026-06-30 01:07:57,748 | [DYN-LATENT] | INFO | meta_classifier_renewed.model_trainers.meta_trainer | Ep [014/500] T-Acc:  76.0%  V-Acc:  50.0%  V-AUROC: 0.4444  LR: 1.00e-04
2026-06-30 01:07:58,292 | [DYN-LATENT] | INFO | meta_classifier_renewed.model_trainers.meta_trainer | Ep [015/500] T-Acc:  48.0%  V-Acc:  41.7%  V-AUROC: 0.4722  LR: 1.00e-04
2026-06-30 01:07:58,853 | [DYN-LATENT] | INFO | meta_classifier_renewed.model_trainers.meta_trainer | Ep [016/500] T-Acc:  60.0%  V-Acc:  58.3%  V-AUROC: 0.4722  LR: 1.00e-04
2026-06-30 01:07:59,414 | [DYN-LATENT] | INFO | meta_classifier_renewed.model_trainers.meta_trainer | Ep [017/500] T-Acc:  80.0%  V-Acc:  50.0%  V-AUROC: 0.4444  LR: 1.00e-04
2026-06-30 01:07:59,924 | [DYN-LATENT] | INFO | meta_classifier_renewed.model_trainers.meta_trainer | Ep [018/500] T-Acc:  76.0%  V-Acc:  33.3%  V-AUROC: 0.4444  LR: 1.00e-04
2026-06-30 01:08:00,444 | [DYN-LATENT] | INFO | meta_classifier_renewed.model_trainers.meta_trainer | Ep [019/500] T-Acc:  80.0%  V-Acc:  41.7%  V-AUROC: 0.4444  LR: 1.00e-04
2026-06-30 01:08:01,097 | [DYN-LATENT] | INFO | meta_classifier_renewed.model_trainers.meta_trainer | Ep [020/500] T-Acc:  68.0%  V-Acc:  41.7%  V-AUROC: 0.4444  LR: 1.00e-04
2026-06-30 01:08:01,633 | [DYN-LATENT] | INFO | meta_classifier_renewed.model_trainers.meta_trainer | Ep [021/500] T-Acc:  68.0%  V-Acc:  50.0%  V-AUROC: 0.4167  LR: 1.00e-04
2026-06-30 01:08:02,162 | [DYN-LATENT] | INFO | meta_classifier_renewed.model_trainers.meta_trainer | Ep [022/500] T-Acc:  88.0%  V-Acc:  50.0%  V-AUROC: 0.4167  LR: 1.00e-04
2026-06-30 01:08:02,693 | [DYN-LATENT] | INFO | meta_classifier_renewed.model_trainers.meta_trainer | Ep [023/500] T-Acc:  80.0%  V-Acc:  50.0%  V-AUROC: 0.3333  LR: 1.00e-04
2026-06-30 01:08:03,219 | [DYN-LATENT] | INFO | meta_classifier_renewed.model_trainers.meta_trainer | Ep [024/500] T-Acc:  88.0%  V-Acc:  50.0%  V-AUROC: 0.3333  LR: 1.00e-04
2026-06-30 01:08:03,757 | [DYN-LATENT] | INFO | meta_classifier_renewed.model_trainers.meta_trainer | Ep [025/500] T-Acc:  92.0%  V-Acc:  33.3%  V-AUROC: 0.3333  LR: 1.00e-04
2026-06-30 01:08:04,298 | [DYN-LATENT] | INFO | meta_classifier_renewed.model_trainers.meta_trainer | Ep [026/500] T-Acc:  88.0%  V-Acc:  41.7%  V-AUROC: 0.2778  LR: 1.00e-04
2026-06-30 01:08:04,877 | [DYN-LATENT] | INFO | meta_classifier_renewed.model_trainers.meta_trainer | Ep [027/500] T-Acc:  96.0%  V-Acc:  41.7%  V-AUROC: 0.3333  LR: 2.00e-05
2026-06-30 01:08:05,415 | [DYN-LATENT] | INFO | meta_classifier_renewed.model_trainers.meta_trainer | Ep [028/500] T-Acc:  96.0%  V-Acc:  33.3%  V-AUROC: 0.3333  LR: 2.00e-05
2026-06-30 01:08:05,968 | [DYN-LATENT] | INFO | meta_classifier_renewed.model_trainers.meta_trainer | Ep [029/500] T-Acc: 100.0%  V-Acc:  33.3%  V-AUROC: 0.3056  LR: 2.00e-05
2026-06-30 01:08:06,610 | [DYN-LATENT] | INFO | meta_classifier_renewed.model_trainers.meta_trainer | Ep [030/500] T-Acc: 100.0%  V-Acc:  33.3%  V-AUROC: 0.2778  LR: 2.00e-05
2026-06-30 01:08:07,163 | [DYN-LATENT] | INFO | meta_classifier_renewed.model_trainers.meta_trainer | Ep [031/500] T-Acc: 100.0%  V-Acc:  33.3%  V-AUROC: 0.2500  LR: 2.00e-05
2026-06-30 01:08:07,163 | [DYN-LATENT] | INFO | meta_classifier_renewed.model_trainers.meta_trainer | Early stop — best AUROC 0.8611 at epoch 1
2026-06-30 01:08:07,486 | [DYN-LATENT] | INFO | meta_classifier_renewed.evaluators.monte_carlo_evaluator | -> Fold 11 Result | Acc=0.500 Sens=0.000 Spec=1.000 AUROC=0.861
2026-06-30 01:08:07,511 | [DYN-LATENT] | INFO | meta_classifier_renewed.evaluators.monte_carlo_evaluator | === Fold 12/30 | train: 25 subj | test: 12 subj ===
2026-06-30 01:08:08,094 | [DYN-LATENT] | INFO | meta_classifier_renewed.model_trainers.meta_trainer | Ep [001/500] T-Acc:  28.0%  V-Acc:  41.7%  V-AUROC: 0.7143  LR: 2.00e-05
2026-06-30 01:08:08,745 | [DYN-LATENT] | INFO | meta_classifier_renewed.model_trainers.meta_trainer | Ep [002/500] T-Acc:  32.0%  V-Acc:  50.0%  V-AUROC: 0.6286  LR: 4.00e-05
2026-06-30 01:08:09,332 | [DYN-LATENT] | INFO | meta_classifier_renewed.model_trainers.meta_trainer | Ep [003/500] T-Acc:  36.0%  V-Acc:  66.7%  V-AUROC: 0.6000  LR: 6.00e-05
2026-06-30 01:08:09,905 | [DYN-LATENT] | INFO | meta_classifier_renewed.model_trainers.meta_trainer | Ep [004/500] T-Acc:  60.0%  V-Acc:  58.3%  V-AUROC: 0.7429  LR: 8.00e-05
2026-06-30 01:08:10,640 | [DYN-LATENT] | INFO | meta_classifier_renewed.model_trainers.meta_trainer | Ep [005/500] T-Acc:  48.0%  V-Acc:  58.3%  V-AUROC: 0.7429  LR: 1.00e-04
2026-06-30 01:08:11,170 | [DYN-LATENT] | INFO | meta_classifier_renewed.model_trainers.meta_trainer | Ep [006/500] T-Acc:  80.0%  V-Acc:  66.7%  V-AUROC: 0.7714  LR: 1.00e-04
2026-06-30 01:08:11,814 | [DYN-LATENT] | INFO | meta_classifier_renewed.model_trainers.meta_trainer | Ep [007/500] T-Acc:  68.0%  V-Acc:  75.0%  V-AUROC: 0.7714  LR: 1.00e-04
2026-06-30 01:08:12,342 | [DYN-LATENT] | INFO | meta_classifier_renewed.model_trainers.meta_trainer | Ep [008/500] T-Acc:  64.0%  V-Acc:  58.3%  V-AUROC: 0.8857  LR: 1.00e-04
2026-06-30 01:08:12,971 | [DYN-LATENT] | INFO | meta_classifier_renewed.model_trainers.meta_trainer | Ep [009/500] T-Acc:  60.0%  V-Acc:  58.3%  V-AUROC: 0.8857  LR: 1.00e-04
2026-06-30 01:08:13,502 | [DYN-LATENT] | INFO | meta_classifier_renewed.model_trainers.meta_trainer | Ep [010/500] T-Acc:  52.0%  V-Acc:  83.3%  V-AUROC: 0.7714  LR: 1.00e-04
2026-06-30 01:08:14,039 | [DYN-LATENT] | INFO | meta_classifier_renewed.model_trainers.meta_trainer | Ep [011/500] T-Acc:  52.0%  V-Acc:  66.7%  V-AUROC: 0.7429  LR: 1.00e-04
2026-06-30 01:08:14,568 | [DYN-LATENT] | INFO | meta_classifier_renewed.model_trainers.meta_trainer | Ep [012/500] T-Acc:  60.0%  V-Acc:  58.3%  V-AUROC: 0.6857  LR: 1.00e-04
2026-06-30 01:08:15,126 | [DYN-LATENT] | INFO | meta_classifier_renewed.model_trainers.meta_trainer | Ep [013/500] T-Acc:  76.0%  V-Acc:  58.3%  V-AUROC: 0.6857  LR: 1.00e-04
2026-06-30 01:08:15,881 | [DYN-LATENT] | INFO | meta_classifier_renewed.model_trainers.meta_trainer | Ep [014/500] T-Acc:  84.0%  V-Acc:  58.3%  V-AUROC: 0.7429  LR: 1.00e-04
2026-06-30 01:08:16,570 | [DYN-LATENT] | INFO | meta_classifier_renewed.model_trainers.meta_trainer | Ep [015/500] T-Acc:  64.0%  V-Acc:  66.7%  V-AUROC: 0.8286  LR: 1.00e-04
2026-06-30 01:08:17,158 | [DYN-LATENT] | INFO | meta_classifier_renewed.model_trainers.meta_trainer | Ep [016/500] T-Acc:  64.0%  V-Acc:  41.7%  V-AUROC: 0.8286  LR: 1.00e-04
2026-06-30 01:08:17,685 | [DYN-LATENT] | INFO | meta_classifier_renewed.model_trainers.meta_trainer | Ep [017/500] T-Acc:  60.0%  V-Acc:  83.3%  V-AUROC: 0.8286  LR: 1.00e-04
2026-06-30 01:08:18,246 | [DYN-LATENT] | INFO | meta_classifier_renewed.model_trainers.meta_trainer | Ep [018/500] T-Acc:  88.0%  V-Acc:  58.3%  V-AUROC: 0.8571  LR: 1.00e-04
2026-06-30 01:08:18,785 | [DYN-LATENT] | INFO | meta_classifier_renewed.model_trainers.meta_trainer | Ep [019/500] T-Acc:  48.0%  V-Acc:  75.0%  V-AUROC: 0.9429  LR: 1.00e-04
2026-06-30 01:08:19,586 | [DYN-LATENT] | INFO | meta_classifier_renewed.model_trainers.meta_trainer | Ep [020/500] T-Acc:  68.0%  V-Acc:  75.0%  V-AUROC: 0.9143  LR: 1.00e-04
2026-06-30 01:08:20,167 | [DYN-LATENT] | INFO | meta_classifier_renewed.model_trainers.meta_trainer | Ep [021/500] T-Acc:  76.0%  V-Acc:  66.7%  V-AUROC: 0.8571  LR: 1.00e-04
2026-06-30 01:08:20,802 | [DYN-LATENT] | INFO | meta_classifier_renewed.model_trainers.meta_trainer | Ep [022/500] T-Acc:  64.0%  V-Acc:  66.7%  V-AUROC: 0.9143  LR: 1.00e-04
2026-06-30 01:08:21,491 | [DYN-LATENT] | INFO | meta_classifier_renewed.model_trainers.meta_trainer | Ep [023/500] T-Acc:  84.0%  V-Acc:  91.7%  V-AUROC: 0.9714  LR: 1.00e-04
2026-06-30 01:08:22,317 | [DYN-LATENT] | INFO | meta_classifier_renewed.model_trainers.meta_trainer | Ep [024/500] T-Acc:  84.0%  V-Acc:  58.3%  V-AUROC: 1.0000  LR: 1.00e-04
2026-06-30 01:08:23,201 | [DYN-LATENT] | INFO | meta_classifier_renewed.model_trainers.meta_trainer | Ep [025/500] T-Acc:  60.0%  V-Acc:  66.7%  V-AUROC: 0.9714  LR: 1.00e-04
2026-06-30 01:08:23,709 | [DYN-LATENT] | INFO | meta_classifier_renewed.model_trainers.meta_trainer | Ep [026/500] T-Acc:  76.0%  V-Acc:  83.3%  V-AUROC: 0.8857  LR: 1.00e-04
2026-06-30 01:08:24,210 | [DYN-LATENT] | INFO | meta_classifier_renewed.model_trainers.meta_trainer | Ep [027/500] T-Acc:  76.0%  V-Acc:  75.0%  V-AUROC: 0.8000  LR: 1.00e-04
2026-06-30 01:08:24,725 | [DYN-LATENT] | INFO | meta_classifier_renewed.model_trainers.meta_trainer | Ep [028/500] T-Acc:  84.0%  V-Acc:  66.7%  V-AUROC: 0.7143  LR: 1.00e-04
2026-06-30 01:08:25,247 | [DYN-LATENT] | INFO | meta_classifier_renewed.model_trainers.meta_trainer | Ep [029/500] T-Acc:  92.0%  V-Acc:  75.0%  V-AUROC: 0.8286  LR: 1.00e-04
2026-06-30 01:08:25,785 | [DYN-LATENT] | INFO | meta_classifier_renewed.model_trainers.meta_trainer | Ep [030/500] T-Acc:  88.0%  V-Acc:  66.7%  V-AUROC: 0.8571  LR: 1.00e-04
2026-06-30 01:08:26,370 | [DYN-LATENT] | INFO | meta_classifier_renewed.model_trainers.meta_trainer | Ep [031/500] T-Acc:  92.0%  V-Acc:  66.7%  V-AUROC: 0.9429  LR: 1.00e-04
2026-06-30 01:08:26,909 | [DYN-LATENT] | INFO | meta_classifier_renewed.model_trainers.meta_trainer | Ep [032/500] T-Acc:  88.0%  V-Acc:  75.0%  V-AUROC: 0.9429  LR: 1.00e-04
2026-06-30 01:08:27,444 | [DYN-LATENT] | INFO | meta_classifier_renewed.model_trainers.meta_trainer | Ep [033/500] T-Acc:  88.0%  V-Acc:  91.7%  V-AUROC: 0.9429  LR: 1.00e-04
2026-06-30 01:08:27,962 | [DYN-LATENT] | INFO | meta_classifier_renewed.model_trainers.meta_trainer | Ep [034/500] T-Acc:  88.0%  V-Acc:  91.7%  V-AUROC: 0.9143  LR: 1.00e-04
2026-06-30 01:08:28,492 | [DYN-LATENT] | INFO | meta_classifier_renewed.model_trainers.meta_trainer | Ep [035/500] T-Acc:  72.0%  V-Acc:  91.7%  V-AUROC: 0.9429  LR: 1.00e-04
2026-06-30 01:08:29,020 | [DYN-LATENT] | INFO | meta_classifier_renewed.model_trainers.meta_trainer | Ep [036/500] T-Acc:  88.0%  V-Acc:  91.7%  V-AUROC: 0.9143  LR: 2.00e-05
2026-06-30 01:08:29,556 | [DYN-LATENT] | INFO | meta_classifier_renewed.model_trainers.meta_trainer | Ep [037/500] T-Acc:  88.0%  V-Acc:  91.7%  V-AUROC: 0.9143  LR: 2.00e-05
2026-06-30 01:08:30,082 | [DYN-LATENT] | INFO | meta_classifier_renewed.model_trainers.meta_trainer | Ep [038/500] T-Acc:  88.0%  V-Acc:  91.7%  V-AUROC: 0.9143  LR: 2.00e-05
2026-06-30 01:08:30,662 | [DYN-LATENT] | INFO | meta_classifier_renewed.model_trainers.meta_trainer | Ep [039/500] T-Acc:  84.0%  V-Acc:  91.7%  V-AUROC: 0.9429  LR: 2.00e-05
2026-06-30 01:08:31,260 | [DYN-LATENT] | INFO | meta_classifier_renewed.model_trainers.meta_trainer | Ep [040/500] T-Acc:  92.0%  V-Acc:  91.7%  V-AUROC: 0.9714  LR: 2.00e-05
2026-06-30 01:08:31,848 | [DYN-LATENT] | INFO | meta_classifier_renewed.model_trainers.meta_trainer | Ep [041/500] T-Acc:  92.0%  V-Acc:  91.7%  V-AUROC: 0.9714  LR: 2.00e-05
2026-06-30 01:08:32,398 | [DYN-LATENT] | INFO | meta_classifier_renewed.model_trainers.meta_trainer | Ep [042/500] T-Acc:  88.0%  V-Acc:  91.7%  V-AUROC: 0.9714  LR: 2.00e-05
2026-06-30 01:08:32,971 | [DYN-LATENT] | INFO | meta_classifier_renewed.model_trainers.meta_trainer | Ep [043/500] T-Acc:  88.0%  V-Acc:  91.7%  V-AUROC: 0.9714  LR: 2.00e-05
2026-06-30 01:08:33,509 | [DYN-LATENT] | INFO | meta_classifier_renewed.model_trainers.meta_trainer | Ep [044/500] T-Acc:  92.0%  V-Acc:  91.7%  V-AUROC: 0.9429  LR: 2.00e-05
2026-06-30 01:08:34,064 | [DYN-LATENT] | INFO | meta_classifier_renewed.model_trainers.meta_trainer | Ep [045/500] T-Acc:  96.0%  V-Acc:  83.3%  V-AUROC: 0.9429  LR: 2.00e-05
2026-06-30 01:08:34,593 | [DYN-LATENT] | INFO | meta_classifier_renewed.model_trainers.meta_trainer | Ep [046/500] T-Acc:  88.0%  V-Acc:  83.3%  V-AUROC: 0.9429  LR: 2.00e-05
2026-06-30 01:08:35,127 | [DYN-LATENT] | INFO | meta_classifier_renewed.model_trainers.meta_trainer | Ep [047/500] T-Acc:  92.0%  V-Acc:  83.3%  V-AUROC: 0.9429  LR: 4.00e-06
2026-06-30 01:08:35,669 | [DYN-LATENT] | INFO | meta_classifier_renewed.model_trainers.meta_trainer | Ep [048/500] T-Acc:  92.0%  V-Acc:  83.3%  V-AUROC: 0.9429  LR: 4.00e-06
2026-06-30 01:08:36,299 | [DYN-LATENT] | INFO | meta_classifier_renewed.model_trainers.meta_trainer | Ep [049/500] T-Acc:  88.0%  V-Acc:  83.3%  V-AUROC: 0.9429  LR: 4.00e-06
2026-06-30 01:08:36,900 | [DYN-LATENT] | INFO | meta_classifier_renewed.model_trainers.meta_trainer | Ep [050/500] T-Acc: 100.0%  V-Acc:  83.3%  V-AUROC: 0.9429  LR: 4.00e-06
2026-06-30 01:08:37,485 | [DYN-LATENT] | INFO | meta_classifier_renewed.model_trainers.meta_trainer | Ep [051/500] T-Acc:  92.0%  V-Acc:  83.3%  V-AUROC: 0.9429  LR: 4.00e-06
2026-06-30 01:08:38,057 | [DYN-LATENT] | INFO | meta_classifier_renewed.model_trainers.meta_trainer | Ep [052/500] T-Acc:  88.0%  V-Acc:  91.7%  V-AUROC: 0.9429  LR: 4.00e-06
2026-06-30 01:08:38,596 | [DYN-LATENT] | INFO | meta_classifier_renewed.model_trainers.meta_trainer | Ep [053/500] T-Acc:  96.0%  V-Acc:  91.7%  V-AUROC: 0.9429  LR: 4.00e-06
2026-06-30 01:08:39,135 | [DYN-LATENT] | INFO | meta_classifier_renewed.model_trainers.meta_trainer | Ep [054/500] T-Acc:  76.0%  V-Acc:  91.7%  V-AUROC: 0.9429  LR: 4.00e-06
2026-06-30 01:08:39,135 | [DYN-LATENT] | INFO | meta_classifier_renewed.model_trainers.meta_trainer | Early stop — best AUROC 1.0000 at epoch 24
2026-06-30 01:08:39,424 | [DYN-LATENT] | INFO | meta_classifier_renewed.evaluators.monte_carlo_evaluator | -> Fold 12 Result | Acc=0.583 Sens=0.286 Spec=1.000 AUROC=1.000
2026-06-30 01:08:39,450 | [DYN-LATENT] | INFO | meta_classifier_renewed.evaluators.monte_carlo_evaluator | === Fold 13/30 | train: 25 subj | test: 12 subj ===
2026-06-30 01:08:40,053 | [DYN-LATENT] | INFO | meta_classifier_renewed.model_trainers.meta_trainer | Ep [001/500] T-Acc:  28.0%  V-Acc:  58.3%  V-AUROC: 0.6286  LR: 2.00e-05
2026-06-30 01:08:40,688 | [DYN-LATENT] | INFO | meta_classifier_renewed.model_trainers.meta_trainer | Ep [002/500] T-Acc:  28.0%  V-Acc:  58.3%  V-AUROC: 0.6000  LR: 4.00e-05
2026-06-30 01:08:41,246 | [DYN-LATENT] | INFO | meta_classifier_renewed.model_trainers.meta_trainer | Ep [003/500] T-Acc:  32.0%  V-Acc:  41.7%  V-AUROC: 0.1429  LR: 6.00e-05
2026-06-30 01:08:41,787 | [DYN-LATENT] | INFO | meta_classifier_renewed.model_trainers.meta_trainer | Ep [004/500] T-Acc:  64.0%  V-Acc:  41.7%  V-AUROC: 0.0000  LR: 8.00e-05
2026-06-30 01:08:42,339 | [DYN-LATENT] | INFO | meta_classifier_renewed.model_trainers.meta_trainer | Ep [005/500] T-Acc:  60.0%  V-Acc:  41.7%  V-AUROC: 0.0286  LR: 1.00e-04
2026-06-30 01:08:42,918 | [DYN-LATENT] | INFO | meta_classifier_renewed.model_trainers.meta_trainer | Ep [006/500] T-Acc:  64.0%  V-Acc:  41.7%  V-AUROC: 0.0571  LR: 1.00e-04
2026-06-30 01:08:43,473 | [DYN-LATENT] | INFO | meta_classifier_renewed.model_trainers.meta_trainer | Ep [007/500] T-Acc:  68.0%  V-Acc:  16.7%  V-AUROC: 0.0571  LR: 1.00e-04
2026-06-30 01:08:44,004 | [DYN-LATENT] | INFO | meta_classifier_renewed.model_trainers.meta_trainer | Ep [008/500] T-Acc:  48.0%  V-Acc:   8.3%  V-AUROC: 0.0571  LR: 1.00e-04
2026-06-30 01:08:44,587 | [DYN-LATENT] | INFO | meta_classifier_renewed.model_trainers.meta_trainer | Ep [009/500] T-Acc:  40.0%  V-Acc:  25.0%  V-AUROC: 0.0571  LR: 1.00e-04
2026-06-30 01:08:45,165 | [DYN-LATENT] | INFO | meta_classifier_renewed.model_trainers.meta_trainer | Ep [010/500] T-Acc:  84.0%  V-Acc:  16.7%  V-AUROC: 0.0857  LR: 1.00e-04
2026-06-30 01:08:45,945 | [DYN-LATENT] | INFO | meta_classifier_renewed.model_trainers.meta_trainer | Ep [011/500] T-Acc:  64.0%  V-Acc:  16.7%  V-AUROC: 0.1714  LR: 1.00e-04
2026-06-30 01:08:46,597 | [DYN-LATENT] | INFO | meta_classifier_renewed.model_trainers.meta_trainer | Ep [012/500] T-Acc:  80.0%  V-Acc:  33.3%  V-AUROC: 0.2000  LR: 1.00e-04
2026-06-30 01:08:47,138 | [DYN-LATENT] | INFO | meta_classifier_renewed.model_trainers.meta_trainer | Ep [013/500] T-Acc:  76.0%  V-Acc:  33.3%  V-AUROC: 0.2286  LR: 1.00e-04
2026-06-30 01:08:47,724 | [DYN-LATENT] | INFO | meta_classifier_renewed.model_trainers.meta_trainer | Ep [014/500] T-Acc:  68.0%  V-Acc:  25.0%  V-AUROC: 0.2286  LR: 1.00e-04
2026-06-30 01:08:48,297 | [DYN-LATENT] | INFO | meta_classifier_renewed.model_trainers.meta_trainer | Ep [015/500] T-Acc:  80.0%  V-Acc:  25.0%  V-AUROC: 0.2286  LR: 1.00e-04
2026-06-30 01:08:48,896 | [DYN-LATENT] | INFO | meta_classifier_renewed.model_trainers.meta_trainer | Ep [016/500] T-Acc:  72.0%  V-Acc:  25.0%  V-AUROC: 0.2000  LR: 1.00e-04
2026-06-30 01:08:49,544 | [DYN-LATENT] | INFO | meta_classifier_renewed.model_trainers.meta_trainer | Ep [017/500] T-Acc:  96.0%  V-Acc:  16.7%  V-AUROC: 0.2000  LR: 1.00e-04
2026-06-30 01:08:50,111 | [DYN-LATENT] | INFO | meta_classifier_renewed.model_trainers.meta_trainer | Ep [018/500] T-Acc:  88.0%  V-Acc:  16.7%  V-AUROC: 0.2000  LR: 1.00e-04
2026-06-30 01:08:50,658 | [DYN-LATENT] | INFO | meta_classifier_renewed.model_trainers.meta_trainer | Ep [019/500] T-Acc:  84.0%  V-Acc:  16.7%  V-AUROC: 0.2000  LR: 1.00e-04
2026-06-30 01:08:51,336 | [DYN-LATENT] | INFO | meta_classifier_renewed.model_trainers.meta_trainer | Ep [020/500] T-Acc:  92.0%  V-Acc:  25.0%  V-AUROC: 0.2857  LR: 1.00e-04
2026-06-30 01:08:51,886 | [DYN-LATENT] | INFO | meta_classifier_renewed.model_trainers.meta_trainer | Ep [021/500] T-Acc:  88.0%  V-Acc:  25.0%  V-AUROC: 0.3143  LR: 1.00e-04
2026-06-30 01:08:52,454 | [DYN-LATENT] | INFO | meta_classifier_renewed.model_trainers.meta_trainer | Ep [022/500] T-Acc:  92.0%  V-Acc:  25.0%  V-AUROC: 0.3143  LR: 1.00e-04
2026-06-30 01:08:53,027 | [DYN-LATENT] | INFO | meta_classifier_renewed.model_trainers.meta_trainer | Ep [023/500] T-Acc:  96.0%  V-Acc:  41.7%  V-AUROC: 0.3429  LR: 1.00e-04
2026-06-30 01:08:53,607 | [DYN-LATENT] | INFO | meta_classifier_renewed.model_trainers.meta_trainer | Ep [024/500] T-Acc:  84.0%  V-Acc:  33.3%  V-AUROC: 0.3143  LR: 1.00e-04
2026-06-30 01:08:54,229 | [DYN-LATENT] | INFO | meta_classifier_renewed.model_trainers.meta_trainer | Ep [025/500] T-Acc:  88.0%  V-Acc:  33.3%  V-AUROC: 0.3143  LR: 1.00e-04
2026-06-30 01:08:54,789 | [DYN-LATENT] | INFO | meta_classifier_renewed.model_trainers.meta_trainer | Ep [026/500] T-Acc:  88.0%  V-Acc:  25.0%  V-AUROC: 0.3143  LR: 1.00e-04
2026-06-30 01:08:55,345 | [DYN-LATENT] | INFO | meta_classifier_renewed.model_trainers.meta_trainer | Ep [027/500] T-Acc:  88.0%  V-Acc:  33.3%  V-AUROC: 0.3143  LR: 1.00e-04
2026-06-30 01:08:55,907 | [DYN-LATENT] | INFO | meta_classifier_renewed.model_trainers.meta_trainer | Ep [028/500] T-Acc:  92.0%  V-Acc:  41.7%  V-AUROC: 0.3429  LR: 1.00e-04
2026-06-30 01:08:56,464 | [DYN-LATENT] | INFO | meta_classifier_renewed.model_trainers.meta_trainer | Ep [029/500] T-Acc:  96.0%  V-Acc:  33.3%  V-AUROC: 0.3429  LR: 1.00e-04
2026-06-30 01:08:57,016 | [DYN-LATENT] | INFO | meta_classifier_renewed.model_trainers.meta_trainer | Ep [030/500] T-Acc:  92.0%  V-Acc:  33.3%  V-AUROC: 0.3429  LR: 1.00e-04
2026-06-30 01:08:57,573 | [DYN-LATENT] | INFO | meta_classifier_renewed.model_trainers.meta_trainer | Ep [031/500] T-Acc:  96.0%  V-Acc:  33.3%  V-AUROC: 0.3429  LR: 1.00e-04
2026-06-30 01:08:57,574 | [DYN-LATENT] | INFO | meta_classifier_renewed.model_trainers.meta_trainer | Early stop — best AUROC 0.6286 at epoch 1
2026-06-30 01:08:57,911 | [DYN-LATENT] | INFO | meta_classifier_renewed.evaluators.monte_carlo_evaluator | -> Fold 13 Result | Acc=0.583 Sens=0.000 Spec=1.000 AUROC=0.629
2026-06-30 01:08:57,941 | [DYN-LATENT] | INFO | meta_classifier_renewed.evaluators.monte_carlo_evaluator | === Fold 14/30 | train: 25 subj | test: 12 subj ===
2026-06-30 01:08:58,760 | [DYN-LATENT] | INFO | meta_classifier_renewed.model_trainers.meta_trainer | Ep [001/500] T-Acc:  56.0%  V-Acc:  50.0%  V-AUROC: 0.3889  LR: 2.00e-05
2026-06-30 01:08:59,432 | [DYN-LATENT] | INFO | meta_classifier_renewed.model_trainers.meta_trainer | Ep [002/500] T-Acc:  52.0%  V-Acc:  50.0%  V-AUROC: 0.5000  LR: 4.00e-05
2026-06-30 01:09:00,102 | [DYN-LATENT] | INFO | meta_classifier_renewed.model_trainers.meta_trainer | Ep [003/500] T-Acc:  68.0%  V-Acc:  58.3%  V-AUROC: 0.5556  LR: 6.00e-05
2026-06-30 01:09:01,088 | [DYN-LATENT] | INFO | meta_classifier_renewed.model_trainers.meta_trainer | Ep [004/500] T-Acc:  56.0%  V-Acc:  58.3%  V-AUROC: 0.5278  LR: 8.00e-05
2026-06-30 01:09:01,781 | [DYN-LATENT] | INFO | meta_classifier_renewed.model_trainers.meta_trainer | Ep [005/500] T-Acc:  48.0%  V-Acc:  58.3%  V-AUROC: 0.6111  LR: 1.00e-04
2026-06-30 01:09:02,445 | [DYN-LATENT] | INFO | meta_classifier_renewed.model_trainers.meta_trainer | Ep [006/500] T-Acc:  60.0%  V-Acc:  50.0%  V-AUROC: 0.5000  LR: 1.00e-04
2026-06-30 01:09:02,960 | [DYN-LATENT] | INFO | meta_classifier_renewed.model_trainers.meta_trainer | Ep [007/500] T-Acc:  56.0%  V-Acc:  50.0%  V-AUROC: 0.5278  LR: 1.00e-04
2026-06-30 01:09:03,536 | [DYN-LATENT] | INFO | meta_classifier_renewed.model_trainers.meta_trainer | Ep [008/500] T-Acc:  60.0%  V-Acc:  50.0%  V-AUROC: 0.5556  LR: 1.00e-04
2026-06-30 01:09:04,114 | [DYN-LATENT] | INFO | meta_classifier_renewed.model_trainers.meta_trainer | Ep [009/500] T-Acc:  76.0%  V-Acc:  50.0%  V-AUROC: 0.6389  LR: 1.00e-04
2026-06-30 01:09:04,810 | [DYN-LATENT] | INFO | meta_classifier_renewed.model_trainers.meta_trainer | Ep [010/500] T-Acc:  72.0%  V-Acc:  58.3%  V-AUROC: 0.5556  LR: 1.00e-04
2026-06-30 01:09:05,369 | [DYN-LATENT] | INFO | meta_classifier_renewed.model_trainers.meta_trainer | Ep [011/500] T-Acc:  60.0%  V-Acc:  58.3%  V-AUROC: 0.5278  LR: 1.00e-04
2026-06-30 01:09:05,964 | [DYN-LATENT] | INFO | meta_classifier_renewed.model_trainers.meta_trainer | Ep [012/500] T-Acc:  60.0%  V-Acc:  58.3%  V-AUROC: 0.5000  LR: 1.00e-04
2026-06-30 01:09:06,608 | [DYN-LATENT] | INFO | meta_classifier_renewed.model_trainers.meta_trainer | Ep [013/500] T-Acc:  56.0%  V-Acc:  66.7%  V-AUROC: 0.5278  LR: 1.00e-04
2026-06-30 01:09:07,163 | [DYN-LATENT] | INFO | meta_classifier_renewed.model_trainers.meta_trainer | Ep [014/500] T-Acc:  56.0%  V-Acc:  66.7%  V-AUROC: 0.6111  LR: 1.00e-04
2026-06-30 01:09:07,740 | [DYN-LATENT] | INFO | meta_classifier_renewed.model_trainers.meta_trainer | Ep [015/500] T-Acc:  36.0%  V-Acc:  50.0%  V-AUROC: 0.5556  LR: 1.00e-04
2026-06-30 01:09:08,454 | [DYN-LATENT] | INFO | meta_classifier_renewed.model_trainers.meta_trainer | Ep [016/500] T-Acc:  68.0%  V-Acc:  58.3%  V-AUROC: 0.5833  LR: 1.00e-04
2026-06-30 01:09:08,982 | [DYN-LATENT] | INFO | meta_classifier_renewed.model_trainers.meta_trainer | Ep [017/500] T-Acc:  64.0%  V-Acc:  50.0%  V-AUROC: 0.5833  LR: 1.00e-04
2026-06-30 01:09:09,543 | [DYN-LATENT] | INFO | meta_classifier_renewed.model_trainers.meta_trainer | Ep [018/500] T-Acc:  64.0%  V-Acc:  41.7%  V-AUROC: 0.5556  LR: 1.00e-04
2026-06-30 01:09:10,109 | [DYN-LATENT] | INFO | meta_classifier_renewed.model_trainers.meta_trainer | Ep [019/500] T-Acc:  60.0%  V-Acc:  50.0%  V-AUROC: 0.5278  LR: 1.00e-04
2026-06-30 01:09:10,658 | [DYN-LATENT] | INFO | meta_classifier_renewed.model_trainers.meta_trainer | Ep [020/500] T-Acc:  56.0%  V-Acc:  41.7%  V-AUROC: 0.5278  LR: 1.00e-04
2026-06-30 01:09:11,220 | [DYN-LATENT] | INFO | meta_classifier_renewed.model_trainers.meta_trainer | Ep [021/500] T-Acc:  72.0%  V-Acc:  50.0%  V-AUROC: 0.5278  LR: 2.00e-05
2026-06-30 01:09:11,760 | [DYN-LATENT] | INFO | meta_classifier_renewed.model_trainers.meta_trainer | Ep [022/500] T-Acc:  72.0%  V-Acc:  41.7%  V-AUROC: 0.5278  LR: 2.00e-05
2026-06-30 01:09:12,291 | [DYN-LATENT] | INFO | meta_classifier_renewed.model_trainers.meta_trainer | Ep [023/500] T-Acc:  76.0%  V-Acc:  41.7%  V-AUROC: 0.5278  LR: 2.00e-05
2026-06-30 01:09:12,836 | [DYN-LATENT] | INFO | meta_classifier_renewed.model_trainers.meta_trainer | Ep [024/500] T-Acc:  72.0%  V-Acc:  41.7%  V-AUROC: 0.5000  LR: 2.00e-05
2026-06-30 01:09:13,394 | [DYN-LATENT] | INFO | meta_classifier_renewed.model_trainers.meta_trainer | Ep [025/500] T-Acc:  72.0%  V-Acc:  50.0%  V-AUROC: 0.5000  LR: 2.00e-05
2026-06-30 01:09:13,934 | [DYN-LATENT] | INFO | meta_classifier_renewed.model_trainers.meta_trainer | Ep [026/500] T-Acc:  64.0%  V-Acc:  50.0%  V-AUROC: 0.5000  LR: 2.00e-05
2026-06-30 01:09:14,448 | [DYN-LATENT] | INFO | meta_classifier_renewed.model_trainers.meta_trainer | Ep [027/500] T-Acc:  88.0%  V-Acc:  50.0%  V-AUROC: 0.5000  LR: 2.00e-05
2026-06-30 01:09:14,968 | [DYN-LATENT] | INFO | meta_classifier_renewed.model_trainers.meta_trainer | Ep [028/500] T-Acc:  84.0%  V-Acc:  50.0%  V-AUROC: 0.5000  LR: 2.00e-05
2026-06-30 01:09:15,517 | [DYN-LATENT] | INFO | meta_classifier_renewed.model_trainers.meta_trainer | Ep [029/500] T-Acc:  68.0%  V-Acc:  50.0%  V-AUROC: 0.5278  LR: 2.00e-05
2026-06-30 01:09:16,148 | [DYN-LATENT] | INFO | meta_classifier_renewed.model_trainers.meta_trainer | Ep [030/500] T-Acc:  68.0%  V-Acc:  41.7%  V-AUROC: 0.5278  LR: 2.00e-05
2026-06-30 01:09:16,692 | [DYN-LATENT] | INFO | meta_classifier_renewed.model_trainers.meta_trainer | Ep [031/500] T-Acc:  68.0%  V-Acc:  41.7%  V-AUROC: 0.5000  LR: 2.00e-05
2026-06-30 01:09:17,254 | [DYN-LATENT] | INFO | meta_classifier_renewed.model_trainers.meta_trainer | Ep [032/500] T-Acc:  68.0%  V-Acc:  50.0%  V-AUROC: 0.5000  LR: 4.00e-06
2026-06-30 01:09:17,816 | [DYN-LATENT] | INFO | meta_classifier_renewed.model_trainers.meta_trainer | Ep [033/500] T-Acc:  72.0%  V-Acc:  50.0%  V-AUROC: 0.5278  LR: 4.00e-06
2026-06-30 01:09:18,374 | [DYN-LATENT] | INFO | meta_classifier_renewed.model_trainers.meta_trainer | Ep [034/500] T-Acc:  76.0%  V-Acc:  50.0%  V-AUROC: 0.5278  LR: 4.00e-06
2026-06-30 01:09:18,945 | [DYN-LATENT] | INFO | meta_classifier_renewed.model_trainers.meta_trainer | Ep [035/500] T-Acc:  72.0%  V-Acc:  50.0%  V-AUROC: 0.5278  LR: 4.00e-06
2026-06-30 01:09:19,540 | [DYN-LATENT] | INFO | meta_classifier_renewed.model_trainers.meta_trainer | Ep [036/500] T-Acc:  72.0%  V-Acc:  50.0%  V-AUROC: 0.5278  LR: 4.00e-06
2026-06-30 01:09:20,053 | [DYN-LATENT] | INFO | meta_classifier_renewed.model_trainers.meta_trainer | Ep [037/500] T-Acc:  56.0%  V-Acc:  50.0%  V-AUROC: 0.5278  LR: 4.00e-06
2026-06-30 01:09:20,634 | [DYN-LATENT] | INFO | meta_classifier_renewed.model_trainers.meta_trainer | Ep [038/500] T-Acc:  68.0%  V-Acc:  50.0%  V-AUROC: 0.5556  LR: 4.00e-06
2026-06-30 01:09:21,275 | [DYN-LATENT] | INFO | meta_classifier_renewed.model_trainers.meta_trainer | Ep [039/500] T-Acc:  68.0%  V-Acc:  50.0%  V-AUROC: 0.5278  LR: 4.00e-06
2026-06-30 01:09:21,275 | [DYN-LATENT] | INFO | meta_classifier_renewed.model_trainers.meta_trainer | Early stop — best AUROC 0.6389 at epoch 9
2026-06-30 01:09:21,664 | [DYN-LATENT] | INFO | meta_classifier_renewed.evaluators.monte_carlo_evaluator | -> Fold 14 Result | Acc=0.500 Sens=1.000 Spec=0.000 AUROC=0.639
2026-06-30 01:09:21,697 | [DYN-LATENT] | INFO | meta_classifier_renewed.evaluators.monte_carlo_evaluator | === Fold 15/30 | train: 25 subj | test: 12 subj ===
2026-06-30 01:09:22,382 | [DYN-LATENT] | INFO | meta_classifier_renewed.model_trainers.meta_trainer | Ep [001/500] T-Acc:  44.0%  V-Acc:  33.3%  V-AUROC: 0.5938  LR: 2.00e-05
2026-06-30 01:09:23,065 | [DYN-LATENT] | INFO | meta_classifier_renewed.model_trainers.meta_trainer | Ep [002/500] T-Acc:  40.0%  V-Acc:  33.3%  V-AUROC: 0.4375  LR: 4.00e-05
2026-06-30 01:09:23,622 | [DYN-LATENT] | INFO | meta_classifier_renewed.model_trainers.meta_trainer | Ep [003/500] T-Acc:  40.0%  V-Acc:  58.3%  V-AUROC: 0.5000  LR: 6.00e-05
2026-06-30 01:09:24,174 | [DYN-LATENT] | INFO | meta_classifier_renewed.model_trainers.meta_trainer | Ep [004/500] T-Acc:  24.0%  V-Acc:  41.7%  V-AUROC: 0.6562  LR: 8.00e-05
2026-06-30 01:09:24,828 | [DYN-LATENT] | INFO | meta_classifier_renewed.model_trainers.meta_trainer | Ep [005/500] T-Acc:  56.0%  V-Acc:  41.7%  V-AUROC: 0.6875  LR: 1.00e-04
2026-06-30 01:09:25,481 | [DYN-LATENT] | INFO | meta_classifier_renewed.model_trainers.meta_trainer | Ep [006/500] T-Acc:  52.0%  V-Acc:  33.3%  V-AUROC: 0.6562  LR: 1.00e-04
2026-06-30 01:09:26,090 | [DYN-LATENT] | INFO | meta_classifier_renewed.model_trainers.meta_trainer | Ep [007/500] T-Acc:  68.0%  V-Acc:  33.3%  V-AUROC: 0.6562  LR: 1.00e-04
2026-06-30 01:09:26,681 | [DYN-LATENT] | INFO | meta_classifier_renewed.model_trainers.meta_trainer | Ep [008/500] T-Acc:  68.0%  V-Acc:  33.3%  V-AUROC: 0.6875  LR: 1.00e-04
2026-06-30 01:09:27,254 | [DYN-LATENT] | INFO | meta_classifier_renewed.model_trainers.meta_trainer | Ep [009/500] T-Acc:  60.0%  V-Acc:  33.3%  V-AUROC: 0.6562  LR: 1.00e-04
2026-06-30 01:09:27,816 | [DYN-LATENT] | INFO | meta_classifier_renewed.model_trainers.meta_trainer | Ep [010/500] T-Acc:  56.0%  V-Acc:  58.3%  V-AUROC: 0.6562  LR: 1.00e-04
2026-06-30 01:09:28,352 | [DYN-LATENT] | INFO | meta_classifier_renewed.model_trainers.meta_trainer | Ep [011/500] T-Acc:  48.0%  V-Acc:  66.7%  V-AUROC: 0.6562  LR: 1.00e-04
2026-06-30 01:09:28,867 | [DYN-LATENT] | INFO | meta_classifier_renewed.model_trainers.meta_trainer | Ep [012/500] T-Acc:  68.0%  V-Acc:  66.7%  V-AUROC: 0.6875  LR: 1.00e-04
2026-06-30 01:09:29,421 | [DYN-LATENT] | INFO | meta_classifier_renewed.model_trainers.meta_trainer | Ep [013/500] T-Acc:  52.0%  V-Acc:  66.7%  V-AUROC: 0.6250  LR: 1.00e-04
2026-06-30 01:09:29,987 | [DYN-LATENT] | INFO | meta_classifier_renewed.model_trainers.meta_trainer | Ep [014/500] T-Acc:  72.0%  V-Acc:  41.7%  V-AUROC: 0.5938  LR: 1.00e-04
2026-06-30 01:09:30,709 | [DYN-LATENT] | INFO | meta_classifier_renewed.model_trainers.meta_trainer | Ep [015/500] T-Acc:  68.0%  V-Acc:  33.3%  V-AUROC: 0.5938  LR: 1.00e-04
2026-06-30 01:09:31,386 | [DYN-LATENT] | INFO | meta_classifier_renewed.model_trainers.meta_trainer | Ep [016/500] T-Acc:  56.0%  V-Acc:  41.7%  V-AUROC: 0.5938  LR: 1.00e-04
2026-06-30 01:09:31,981 | [DYN-LATENT] | INFO | meta_classifier_renewed.model_trainers.meta_trainer | Ep [017/500] T-Acc:  64.0%  V-Acc:  58.3%  V-AUROC: 0.5938  LR: 1.00e-04
2026-06-30 01:09:32,546 | [DYN-LATENT] | INFO | meta_classifier_renewed.model_trainers.meta_trainer | Ep [018/500] T-Acc:  72.0%  V-Acc:  50.0%  V-AUROC: 0.5625  LR: 1.00e-04
2026-06-30 01:09:33,131 | [DYN-LATENT] | INFO | meta_classifier_renewed.model_trainers.meta_trainer | Ep [019/500] T-Acc:  72.0%  V-Acc:  58.3%  V-AUROC: 0.5625  LR: 1.00e-04
2026-06-30 01:09:33,685 | [DYN-LATENT] | INFO | meta_classifier_renewed.model_trainers.meta_trainer | Ep [020/500] T-Acc:  64.0%  V-Acc:  58.3%  V-AUROC: 0.5625  LR: 2.00e-05
2026-06-30 01:09:34,247 | [DYN-LATENT] | INFO | meta_classifier_renewed.model_trainers.meta_trainer | Ep [021/500] T-Acc:  88.0%  V-Acc:  58.3%  V-AUROC: 0.5625  LR: 2.00e-05
2026-06-30 01:09:34,768 | [DYN-LATENT] | INFO | meta_classifier_renewed.model_trainers.meta_trainer | Ep [022/500] T-Acc:  76.0%  V-Acc:  58.3%  V-AUROC: 0.5625  LR: 2.00e-05
2026-06-30 01:09:35,288 | [DYN-LATENT] | INFO | meta_classifier_renewed.model_trainers.meta_trainer | Ep [023/500] T-Acc:  84.0%  V-Acc:  41.7%  V-AUROC: 0.5625  LR: 2.00e-05
2026-06-30 01:09:35,854 | [DYN-LATENT] | INFO | meta_classifier_renewed.model_trainers.meta_trainer | Ep [024/500] T-Acc:  60.0%  V-Acc:  50.0%  V-AUROC: 0.5625  LR: 2.00e-05
2026-06-30 01:09:36,461 | [DYN-LATENT] | INFO | meta_classifier_renewed.model_trainers.meta_trainer | Ep [025/500] T-Acc:  84.0%  V-Acc:  50.0%  V-AUROC: 0.5625  LR: 2.00e-05
2026-06-30 01:09:36,991 | [DYN-LATENT] | INFO | meta_classifier_renewed.model_trainers.meta_trainer | Ep [026/500] T-Acc:  80.0%  V-Acc:  50.0%  V-AUROC: 0.5625  LR: 2.00e-05
2026-06-30 01:09:37,577 | [DYN-LATENT] | INFO | meta_classifier_renewed.model_trainers.meta_trainer | Ep [027/500] T-Acc:  76.0%  V-Acc:  50.0%  V-AUROC: 0.5625  LR: 2.00e-05
2026-06-30 01:09:38,103 | [DYN-LATENT] | INFO | meta_classifier_renewed.model_trainers.meta_trainer | Ep [028/500] T-Acc:  80.0%  V-Acc:  50.0%  V-AUROC: 0.5625  LR: 2.00e-05
2026-06-30 01:09:38,653 | [DYN-LATENT] | INFO | meta_classifier_renewed.model_trainers.meta_trainer | Ep [029/500] T-Acc:  76.0%  V-Acc:  50.0%  V-AUROC: 0.5625  LR: 2.00e-05
2026-06-30 01:09:39,210 | [DYN-LATENT] | INFO | meta_classifier_renewed.model_trainers.meta_trainer | Ep [030/500] T-Acc:  84.0%  V-Acc:  50.0%  V-AUROC: 0.5938  LR: 2.00e-05
2026-06-30 01:09:39,725 | [DYN-LATENT] | INFO | meta_classifier_renewed.model_trainers.meta_trainer | Ep [031/500] T-Acc:  84.0%  V-Acc:  50.0%  V-AUROC: 0.5938  LR: 4.00e-06
2026-06-30 01:09:40,244 | [DYN-LATENT] | INFO | meta_classifier_renewed.model_trainers.meta_trainer | Ep [032/500] T-Acc:  84.0%  V-Acc:  50.0%  V-AUROC: 0.5938  LR: 4.00e-06
2026-06-30 01:09:40,747 | [DYN-LATENT] | INFO | meta_classifier_renewed.model_trainers.meta_trainer | Ep [033/500] T-Acc:  76.0%  V-Acc:  50.0%  V-AUROC: 0.5938  LR: 4.00e-06
2026-06-30 01:09:41,266 | [DYN-LATENT] | INFO | meta_classifier_renewed.model_trainers.meta_trainer | Ep [034/500] T-Acc:  80.0%  V-Acc:  50.0%  V-AUROC: 0.5938  LR: 4.00e-06
2026-06-30 01:09:41,803 | [DYN-LATENT] | INFO | meta_classifier_renewed.model_trainers.meta_trainer | Ep [035/500] T-Acc:  80.0%  V-Acc:  50.0%  V-AUROC: 0.5938  LR: 4.00e-06
2026-06-30 01:09:41,803 | [DYN-LATENT] | INFO | meta_classifier_renewed.model_trainers.meta_trainer | Early stop — best AUROC 0.6875 at epoch 5
2026-06-30 01:09:42,145 | [DYN-LATENT] | INFO | meta_classifier_renewed.evaluators.monte_carlo_evaluator | -> Fold 15 Result | Acc=0.417 Sens=0.125 Spec=1.000 AUROC=0.688
2026-06-30 01:09:42,175 | [DYN-LATENT] | INFO | meta_classifier_renewed.evaluators.monte_carlo_evaluator | === Fold 16/30 | train: 25 subj | test: 12 subj ===
2026-06-30 01:09:42,892 | [DYN-LATENT] | INFO | meta_classifier_renewed.model_trainers.meta_trainer | Ep [001/500] T-Acc:  56.0%  V-Acc:  50.0%  V-AUROC: 0.3333  LR: 2.00e-05
2026-06-30 01:09:43,545 | [DYN-LATENT] | INFO | meta_classifier_renewed.model_trainers.meta_trainer | Ep [002/500] T-Acc:  56.0%  V-Acc:  58.3%  V-AUROC: 0.4722  LR: 4.00e-05
2026-06-30 01:09:44,215 | [DYN-LATENT] | INFO | meta_classifier_renewed.model_trainers.meta_trainer | Ep [003/500] T-Acc:  60.0%  V-Acc:  58.3%  V-AUROC: 0.5000  LR: 6.00e-05
2026-06-30 01:09:44,935 | [DYN-LATENT] | INFO | meta_classifier_renewed.model_trainers.meta_trainer | Ep [004/500] T-Acc:  44.0%  V-Acc:  58.3%  V-AUROC: 0.5833  LR: 8.00e-05
2026-06-30 01:09:45,849 | [DYN-LATENT] | INFO | meta_classifier_renewed.model_trainers.meta_trainer | Ep [005/500] T-Acc:  52.0%  V-Acc:  66.7%  V-AUROC: 0.6944  LR: 1.00e-04
2026-06-30 01:09:46,654 | [DYN-LATENT] | INFO | meta_classifier_renewed.model_trainers.meta_trainer | Ep [006/500] T-Acc:  68.0%  V-Acc:  50.0%  V-AUROC: 0.6944  LR: 1.00e-04
2026-06-30 01:09:47,167 | [DYN-LATENT] | INFO | meta_classifier_renewed.model_trainers.meta_trainer | Ep [007/500] T-Acc:  68.0%  V-Acc:  58.3%  V-AUROC: 0.6389  LR: 1.00e-04
2026-06-30 01:09:47,688 | [DYN-LATENT] | INFO | meta_classifier_renewed.model_trainers.meta_trainer | Ep [008/500] T-Acc:  60.0%  V-Acc:  58.3%  V-AUROC: 0.5556  LR: 1.00e-04
2026-06-30 01:09:48,255 | [DYN-LATENT] | INFO | meta_classifier_renewed.model_trainers.meta_trainer | Ep [009/500] T-Acc:  64.0%  V-Acc:  58.3%  V-AUROC: 0.6111  LR: 1.00e-04
2026-06-30 01:09:48,804 | [DYN-LATENT] | INFO | meta_classifier_renewed.model_trainers.meta_trainer | Ep [010/500] T-Acc:  80.0%  V-Acc:  58.3%  V-AUROC: 0.7222  LR: 1.00e-04
2026-06-30 01:09:49,832 | [DYN-LATENT] | INFO | meta_classifier_renewed.model_trainers.meta_trainer | Ep [011/500] T-Acc:  84.0%  V-Acc:  66.7%  V-AUROC: 0.7222  LR: 1.00e-04
2026-06-30 01:09:50,410 | [DYN-LATENT] | INFO | meta_classifier_renewed.model_trainers.meta_trainer | Ep [012/500] T-Acc:  64.0%  V-Acc:  66.7%  V-AUROC: 0.7222  LR: 1.00e-04
2026-06-30 01:09:51,070 | [DYN-LATENT] | INFO | meta_classifier_renewed.model_trainers.meta_trainer | Ep [013/500] T-Acc:  88.0%  V-Acc:  58.3%  V-AUROC: 0.7222  LR: 1.00e-04
2026-06-30 01:09:51,666 | [DYN-LATENT] | INFO | meta_classifier_renewed.model_trainers.meta_trainer | Ep [014/500] T-Acc:  84.0%  V-Acc:  58.3%  V-AUROC: 0.7222  LR: 1.00e-04
2026-06-30 01:09:52,284 | [DYN-LATENT] | INFO | meta_classifier_renewed.model_trainers.meta_trainer | Ep [015/500] T-Acc:  84.0%  V-Acc:  58.3%  V-AUROC: 0.7222  LR: 1.00e-04
2026-06-30 01:09:52,852 | [DYN-LATENT] | INFO | meta_classifier_renewed.model_trainers.meta_trainer | Ep [016/500] T-Acc:  84.0%  V-Acc:  50.0%  V-AUROC: 0.7222  LR: 1.00e-04
2026-06-30 01:09:53,451 | [DYN-LATENT] | INFO | meta_classifier_renewed.model_trainers.meta_trainer | Ep [017/500] T-Acc:  88.0%  V-Acc:  58.3%  V-AUROC: 0.6944  LR: 1.00e-04
2026-06-30 01:09:54,015 | [DYN-LATENT] | INFO | meta_classifier_renewed.model_trainers.meta_trainer | Ep [018/500] T-Acc:  92.0%  V-Acc:  58.3%  V-AUROC: 0.6667  LR: 1.00e-04
2026-06-30 01:09:54,590 | [DYN-LATENT] | INFO | meta_classifier_renewed.model_trainers.meta_trainer | Ep [019/500] T-Acc:  88.0%  V-Acc:  66.7%  V-AUROC: 0.7222  LR: 1.00e-04
2026-06-30 01:09:55,130 | [DYN-LATENT] | INFO | meta_classifier_renewed.model_trainers.meta_trainer | Ep [020/500] T-Acc:  76.0%  V-Acc:  66.7%  V-AUROC: 0.8056  LR: 1.00e-04
2026-06-30 01:09:55,795 | [DYN-LATENT] | INFO | meta_classifier_renewed.model_trainers.meta_trainer | Ep [021/500] T-Acc:  92.0%  V-Acc:  75.0%  V-AUROC: 0.8056  LR: 1.00e-04
2026-06-30 01:09:56,394 | [DYN-LATENT] | INFO | meta_classifier_renewed.model_trainers.meta_trainer | Ep [022/500] T-Acc:  92.0%  V-Acc:  75.0%  V-AUROC: 0.8333  LR: 1.00e-04
2026-06-30 01:09:57,063 | [DYN-LATENT] | INFO | meta_classifier_renewed.model_trainers.meta_trainer | Ep [023/500] T-Acc:  96.0%  V-Acc:  66.7%  V-AUROC: 0.8889  LR: 1.00e-04
2026-06-30 01:09:57,733 | [DYN-LATENT] | INFO | meta_classifier_renewed.model_trainers.meta_trainer | Ep [024/500] T-Acc:  88.0%  V-Acc:  66.7%  V-AUROC: 0.8333  LR: 1.00e-04
2026-06-30 01:09:58,321 | [DYN-LATENT] | INFO | meta_classifier_renewed.model_trainers.meta_trainer | Ep [025/500] T-Acc:  88.0%  V-Acc:  75.0%  V-AUROC: 0.8056  LR: 1.00e-04
2026-06-30 01:09:58,878 | [DYN-LATENT] | INFO | meta_classifier_renewed.model_trainers.meta_trainer | Ep [026/500] T-Acc:  92.0%  V-Acc:  75.0%  V-AUROC: 0.7778  LR: 1.00e-04
2026-06-30 01:09:59,430 | [DYN-LATENT] | INFO | meta_classifier_renewed.model_trainers.meta_trainer | Ep [027/500] T-Acc:  88.0%  V-Acc:  83.3%  V-AUROC: 0.8056  LR: 1.00e-04
2026-06-30 01:09:59,999 | [DYN-LATENT] | INFO | meta_classifier_renewed.model_trainers.meta_trainer | Ep [028/500] T-Acc: 100.0%  V-Acc:  75.0%  V-AUROC: 0.8056  LR: 1.00e-04
2026-06-30 01:10:00,620 | [DYN-LATENT] | INFO | meta_classifier_renewed.model_trainers.meta_trainer | Ep [029/500] T-Acc: 100.0%  V-Acc:  83.3%  V-AUROC: 0.8333  LR: 1.00e-04
2026-06-30 01:10:01,226 | [DYN-LATENT] | INFO | meta_classifier_renewed.model_trainers.meta_trainer | Ep [030/500] T-Acc:  96.0%  V-Acc:  83.3%  V-AUROC: 0.8611  LR: 1.00e-04
2026-06-30 01:10:01,795 | [DYN-LATENT] | INFO | meta_classifier_renewed.model_trainers.meta_trainer | Ep [031/500] T-Acc: 100.0%  V-Acc:  75.0%  V-AUROC: 0.8889  LR: 1.00e-04
2026-06-30 01:10:02,335 | [DYN-LATENT] | INFO | meta_classifier_renewed.model_trainers.meta_trainer | Ep [032/500] T-Acc:  96.0%  V-Acc:  75.0%  V-AUROC: 0.8333  LR: 1.00e-04
2026-06-30 01:10:02,875 | [DYN-LATENT] | INFO | meta_classifier_renewed.model_trainers.meta_trainer | Ep [033/500] T-Acc: 100.0%  V-Acc:  66.7%  V-AUROC: 0.7778  LR: 1.00e-04
2026-06-30 01:10:03,452 | [DYN-LATENT] | INFO | meta_classifier_renewed.model_trainers.meta_trainer | Ep [034/500] T-Acc: 100.0%  V-Acc:  58.3%  V-AUROC: 0.7778  LR: 1.00e-04
2026-06-30 01:10:04,059 | [DYN-LATENT] | INFO | meta_classifier_renewed.model_trainers.meta_trainer | Ep [035/500] T-Acc:  96.0%  V-Acc:  58.3%  V-AUROC: 0.7500  LR: 2.00e-05
2026-06-30 01:10:04,634 | [DYN-LATENT] | INFO | meta_classifier_renewed.model_trainers.meta_trainer | Ep [036/500] T-Acc: 100.0%  V-Acc:  58.3%  V-AUROC: 0.7222  LR: 2.00e-05
2026-06-30 01:10:05,198 | [DYN-LATENT] | INFO | meta_classifier_renewed.model_trainers.meta_trainer | Ep [037/500] T-Acc: 100.0%  V-Acc:  58.3%  V-AUROC: 0.6944  LR: 2.00e-05
2026-06-30 01:10:05,808 | [DYN-LATENT] | INFO | meta_classifier_renewed.model_trainers.meta_trainer | Ep [038/500] T-Acc: 100.0%  V-Acc:  66.7%  V-AUROC: 0.6944  LR: 2.00e-05
2026-06-30 01:10:06,387 | [DYN-LATENT] | INFO | meta_classifier_renewed.model_trainers.meta_trainer | Ep [039/500] T-Acc:  96.0%  V-Acc:  66.7%  V-AUROC: 0.6944  LR: 2.00e-05
2026-06-30 01:10:06,967 | [DYN-LATENT] | INFO | meta_classifier_renewed.model_trainers.meta_trainer | Ep [040/500] T-Acc: 100.0%  V-Acc:  66.7%  V-AUROC: 0.6944  LR: 2.00e-05
2026-06-30 01:10:07,514 | [DYN-LATENT] | INFO | meta_classifier_renewed.model_trainers.meta_trainer | Ep [041/500] T-Acc: 100.0%  V-Acc:  66.7%  V-AUROC: 0.6389  LR: 2.00e-05
2026-06-30 01:10:08,105 | [DYN-LATENT] | INFO | meta_classifier_renewed.model_trainers.meta_trainer | Ep [042/500] T-Acc: 100.0%  V-Acc:  66.7%  V-AUROC: 0.6389  LR: 2.00e-05
2026-06-30 01:10:08,836 | [DYN-LATENT] | INFO | meta_classifier_renewed.model_trainers.meta_trainer | Ep [043/500] T-Acc: 100.0%  V-Acc:  66.7%  V-AUROC: 0.6667  LR: 2.00e-05
2026-06-30 01:10:09,372 | [DYN-LATENT] | INFO | meta_classifier_renewed.model_trainers.meta_trainer | Ep [044/500] T-Acc: 100.0%  V-Acc:  66.7%  V-AUROC: 0.6389  LR: 2.00e-05
2026-06-30 01:10:09,916 | [DYN-LATENT] | INFO | meta_classifier_renewed.model_trainers.meta_trainer | Ep [045/500] T-Acc: 100.0%  V-Acc:  66.7%  V-AUROC: 0.6389  LR: 2.00e-05
2026-06-30 01:10:10,468 | [DYN-LATENT] | INFO | meta_classifier_renewed.model_trainers.meta_trainer | Ep [046/500] T-Acc: 100.0%  V-Acc:  66.7%  V-AUROC: 0.6389  LR: 4.00e-06
2026-06-30 01:10:11,041 | [DYN-LATENT] | INFO | meta_classifier_renewed.model_trainers.meta_trainer | Ep [047/500] T-Acc: 100.0%  V-Acc:  66.7%  V-AUROC: 0.6389  LR: 4.00e-06
2026-06-30 01:10:11,601 | [DYN-LATENT] | INFO | meta_classifier_renewed.model_trainers.meta_trainer | Ep [048/500] T-Acc: 100.0%  V-Acc:  66.7%  V-AUROC: 0.6389  LR: 4.00e-06
2026-06-30 01:10:12,171 | [DYN-LATENT] | INFO | meta_classifier_renewed.model_trainers.meta_trainer | Ep [049/500] T-Acc: 100.0%  V-Acc:  66.7%  V-AUROC: 0.6389  LR: 4.00e-06
2026-06-30 01:10:12,747 | [DYN-LATENT] | INFO | meta_classifier_renewed.model_trainers.meta_trainer | Ep [050/500] T-Acc: 100.0%  V-Acc:  66.7%  V-AUROC: 0.6389  LR: 4.00e-06
2026-06-30 01:10:13,304 | [DYN-LATENT] | INFO | meta_classifier_renewed.model_trainers.meta_trainer | Ep [051/500] T-Acc: 100.0%  V-Acc:  58.3%  V-AUROC: 0.6389  LR: 4.00e-06
2026-06-30 01:10:13,846 | [DYN-LATENT] | INFO | meta_classifier_renewed.model_trainers.meta_trainer | Ep [052/500] T-Acc: 100.0%  V-Acc:  66.7%  V-AUROC: 0.6389  LR: 4.00e-06
2026-06-30 01:10:14,364 | [DYN-LATENT] | INFO | meta_classifier_renewed.model_trainers.meta_trainer | Ep [053/500] T-Acc: 100.0%  V-Acc:  66.7%  V-AUROC: 0.6389  LR: 4.00e-06
2026-06-30 01:10:14,365 | [DYN-LATENT] | INFO | meta_classifier_renewed.model_trainers.meta_trainer | Early stop — best AUROC 0.8889 at epoch 23
2026-06-30 01:10:14,751 | [DYN-LATENT] | INFO | meta_classifier_renewed.evaluators.monte_carlo_evaluator | -> Fold 16 Result | Acc=0.667 Sens=1.000 Spec=0.333 AUROC=0.833
2026-06-30 01:10:14,783 | [DYN-LATENT] | INFO | meta_classifier_renewed.evaluators.monte_carlo_evaluator | === Fold 17/30 | train: 25 subj | test: 12 subj ===
2026-06-30 01:10:15,419 | [DYN-LATENT] | INFO | meta_classifier_renewed.model_trainers.meta_trainer | Ep [001/500] T-Acc:  40.0%  V-Acc:  41.7%  V-AUROC: 0.5278  LR: 2.00e-05
2026-06-30 01:10:16,112 | [DYN-LATENT] | INFO | meta_classifier_renewed.model_trainers.meta_trainer | Ep [002/500] T-Acc:  44.0%  V-Acc:  50.0%  V-AUROC: 0.5278  LR: 4.00e-05
2026-06-30 01:10:16,697 | [DYN-LATENT] | INFO | meta_classifier_renewed.model_trainers.meta_trainer | Ep [003/500] T-Acc:  44.0%  V-Acc:  58.3%  V-AUROC: 0.5556  LR: 6.00e-05
2026-06-30 01:10:17,338 | [DYN-LATENT] | INFO | meta_classifier_renewed.model_trainers.meta_trainer | Ep [004/500] T-Acc:  40.0%  V-Acc:  50.0%  V-AUROC: 0.6667  LR: 8.00e-05
2026-06-30 01:10:18,126 | [DYN-LATENT] | INFO | meta_classifier_renewed.model_trainers.meta_trainer | Ep [005/500] T-Acc:  56.0%  V-Acc:  50.0%  V-AUROC: 0.4722  LR: 1.00e-04
2026-06-30 01:10:18,684 | [DYN-LATENT] | INFO | meta_classifier_renewed.model_trainers.meta_trainer | Ep [006/500] T-Acc:  56.0%  V-Acc:  50.0%  V-AUROC: 0.3056  LR: 1.00e-04
2026-06-30 01:10:19,250 | [DYN-LATENT] | INFO | meta_classifier_renewed.model_trainers.meta_trainer | Ep [007/500] T-Acc:  68.0%  V-Acc:  50.0%  V-AUROC: 0.4444  LR: 1.00e-04
2026-06-30 01:10:19,917 | [DYN-LATENT] | INFO | meta_classifier_renewed.model_trainers.meta_trainer | Ep [008/500] T-Acc:  68.0%  V-Acc:  50.0%  V-AUROC: 0.5556  LR: 1.00e-04
2026-06-30 01:10:20,441 | [DYN-LATENT] | INFO | meta_classifier_renewed.model_trainers.meta_trainer | Ep [009/500] T-Acc:  56.0%  V-Acc:  50.0%  V-AUROC: 0.6389  LR: 1.00e-04
2026-06-30 01:10:21,119 | [DYN-LATENT] | INFO | meta_classifier_renewed.model_trainers.meta_trainer | Ep [010/500] T-Acc:  72.0%  V-Acc:  50.0%  V-AUROC: 0.5556  LR: 1.00e-04
2026-06-30 01:10:21,758 | [DYN-LATENT] | INFO | meta_classifier_renewed.model_trainers.meta_trainer | Ep [011/500] T-Acc:  76.0%  V-Acc:  41.7%  V-AUROC: 0.4444  LR: 1.00e-04
2026-06-30 01:10:22,404 | [DYN-LATENT] | INFO | meta_classifier_renewed.model_trainers.meta_trainer | Ep [012/500] T-Acc:  72.0%  V-Acc:  41.7%  V-AUROC: 0.3889  LR: 1.00e-04
2026-06-30 01:10:22,964 | [DYN-LATENT] | INFO | meta_classifier_renewed.model_trainers.meta_trainer | Ep [013/500] T-Acc:  56.0%  V-Acc:  50.0%  V-AUROC: 0.3611  LR: 1.00e-04
2026-06-30 01:10:23,527 | [DYN-LATENT] | INFO | meta_classifier_renewed.model_trainers.meta_trainer | Ep [014/500] T-Acc:  60.0%  V-Acc:  41.7%  V-AUROC: 0.3611  LR: 1.00e-04
2026-06-30 01:10:24,066 | [DYN-LATENT] | INFO | meta_classifier_renewed.model_trainers.meta_trainer | Ep [015/500] T-Acc:  64.0%  V-Acc:  50.0%  V-AUROC: 0.4167  LR: 1.00e-04
2026-06-30 01:10:24,619 | [DYN-LATENT] | INFO | meta_classifier_renewed.model_trainers.meta_trainer | Ep [016/500] T-Acc:  72.0%  V-Acc:  50.0%  V-AUROC: 0.4167  LR: 1.00e-04
2026-06-30 01:10:25,191 | [DYN-LATENT] | INFO | meta_classifier_renewed.model_trainers.meta_trainer | Ep [017/500] T-Acc:  72.0%  V-Acc:  41.7%  V-AUROC: 0.4444  LR: 1.00e-04
2026-06-30 01:10:25,792 | [DYN-LATENT] | INFO | meta_classifier_renewed.model_trainers.meta_trainer | Ep [018/500] T-Acc:  76.0%  V-Acc:  50.0%  V-AUROC: 0.5000  LR: 1.00e-04
2026-06-30 01:10:26,382 | [DYN-LATENT] | INFO | meta_classifier_renewed.model_trainers.meta_trainer | Ep [019/500] T-Acc:  72.0%  V-Acc:  58.3%  V-AUROC: 0.5000  LR: 1.00e-04
2026-06-30 01:10:26,983 | [DYN-LATENT] | INFO | meta_classifier_renewed.model_trainers.meta_trainer | Ep [020/500] T-Acc:  72.0%  V-Acc:  58.3%  V-AUROC: 0.4444  LR: 1.00e-04
2026-06-30 01:10:27,533 | [DYN-LATENT] | INFO | meta_classifier_renewed.model_trainers.meta_trainer | Ep [021/500] T-Acc:  72.0%  V-Acc:  58.3%  V-AUROC: 0.4444  LR: 2.00e-05
2026-06-30 01:10:28,120 | [DYN-LATENT] | INFO | meta_classifier_renewed.model_trainers.meta_trainer | Ep [022/500] T-Acc:  76.0%  V-Acc:  50.0%  V-AUROC: 0.4722  LR: 2.00e-05
2026-06-30 01:10:28,671 | [DYN-LATENT] | INFO | meta_classifier_renewed.model_trainers.meta_trainer | Ep [023/500] T-Acc:  84.0%  V-Acc:  50.0%  V-AUROC: 0.4444  LR: 2.00e-05
2026-06-30 01:10:29,250 | [DYN-LATENT] | INFO | meta_classifier_renewed.model_trainers.meta_trainer | Ep [024/500] T-Acc:  72.0%  V-Acc:  50.0%  V-AUROC: 0.4444  LR: 2.00e-05
2026-06-30 01:10:29,801 | [DYN-LATENT] | INFO | meta_classifier_renewed.model_trainers.meta_trainer | Ep [025/500] T-Acc:  92.0%  V-Acc:  50.0%  V-AUROC: 0.4167  LR: 2.00e-05
2026-06-30 01:10:30,333 | [DYN-LATENT] | INFO | meta_classifier_renewed.model_trainers.meta_trainer | Ep [026/500] T-Acc:  84.0%  V-Acc:  50.0%  V-AUROC: 0.4444  LR: 2.00e-05
2026-06-30 01:10:30,956 | [DYN-LATENT] | INFO | meta_classifier_renewed.model_trainers.meta_trainer | Ep [027/500] T-Acc:  84.0%  V-Acc:  50.0%  V-AUROC: 0.4444  LR: 2.00e-05
2026-06-30 01:10:31,521 | [DYN-LATENT] | INFO | meta_classifier_renewed.model_trainers.meta_trainer | Ep [028/500] T-Acc:  84.0%  V-Acc:  50.0%  V-AUROC: 0.4167  LR: 2.00e-05
2026-06-30 01:10:32,007 | [DYN-LATENT] | INFO | meta_classifier_renewed.model_trainers.meta_trainer | Ep [029/500] T-Acc:  88.0%  V-Acc:  50.0%  V-AUROC: 0.3889  LR: 2.00e-05
2026-06-30 01:10:32,503 | [DYN-LATENT] | INFO | meta_classifier_renewed.model_trainers.meta_trainer | Ep [030/500] T-Acc:  92.0%  V-Acc:  50.0%  V-AUROC: 0.4167  LR: 2.00e-05
2026-06-30 01:10:33,034 | [DYN-LATENT] | INFO | meta_classifier_renewed.model_trainers.meta_trainer | Ep [031/500] T-Acc:  88.0%  V-Acc:  50.0%  V-AUROC: 0.4167  LR: 2.00e-05
2026-06-30 01:10:33,544 | [DYN-LATENT] | INFO | meta_classifier_renewed.model_trainers.meta_trainer | Ep [032/500] T-Acc:  84.0%  V-Acc:  50.0%  V-AUROC: 0.4167  LR: 4.00e-06
2026-06-30 01:10:34,061 | [DYN-LATENT] | INFO | meta_classifier_renewed.model_trainers.meta_trainer | Ep [033/500] T-Acc:  88.0%  V-Acc:  50.0%  V-AUROC: 0.4444  LR: 4.00e-06
2026-06-30 01:10:34,600 | [DYN-LATENT] | INFO | meta_classifier_renewed.model_trainers.meta_trainer | Ep [034/500] T-Acc:  92.0%  V-Acc:  50.0%  V-AUROC: 0.4444  LR: 4.00e-06
2026-06-30 01:10:34,600 | [DYN-LATENT] | INFO | meta_classifier_renewed.model_trainers.meta_trainer | Early stop — best AUROC 0.6667 at epoch 4
2026-06-30 01:10:34,931 | [DYN-LATENT] | INFO | meta_classifier_renewed.evaluators.monte_carlo_evaluator | -> Fold 17 Result | Acc=0.500 Sens=0.833 Spec=0.167 AUROC=0.667
2026-06-30 01:10:34,962 | [DYN-LATENT] | INFO | meta_classifier_renewed.evaluators.monte_carlo_evaluator | === Fold 18/30 | train: 25 subj | test: 12 subj ===
2026-06-30 01:10:35,736 | [DYN-LATENT] | INFO | meta_classifier_renewed.model_trainers.meta_trainer | Ep [001/500] T-Acc:  48.0%  V-Acc:  58.3%  V-AUROC: 0.1818  LR: 2.00e-05
2026-06-30 01:10:36,496 | [DYN-LATENT] | INFO | meta_classifier_renewed.model_trainers.meta_trainer | Ep [002/500] T-Acc:  32.0%  V-Acc:  75.0%  V-AUROC: 0.1818  LR: 4.00e-05
2026-06-30 01:10:37,103 | [DYN-LATENT] | INFO | meta_classifier_renewed.model_trainers.meta_trainer | Ep [003/500] T-Acc:  28.0%  V-Acc:  75.0%  V-AUROC: 0.1818  LR: 6.00e-05
2026-06-30 01:10:37,677 | [DYN-LATENT] | INFO | meta_classifier_renewed.model_trainers.meta_trainer | Ep [004/500] T-Acc:  44.0%  V-Acc:  33.3%  V-AUROC: 0.2727  LR: 8.00e-05
2026-06-30 01:10:38,379 | [DYN-LATENT] | INFO | meta_classifier_renewed.model_trainers.meta_trainer | Ep [005/500] T-Acc:  48.0%  V-Acc:  33.3%  V-AUROC: 0.2727  LR: 1.00e-04
2026-06-30 01:10:39,080 | [DYN-LATENT] | INFO | meta_classifier_renewed.model_trainers.meta_trainer | Ep [006/500] T-Acc:  64.0%  V-Acc:  50.0%  V-AUROC: 0.3636  LR: 1.00e-04
2026-06-30 01:10:39,754 | [DYN-LATENT] | INFO | meta_classifier_renewed.model_trainers.meta_trainer | Ep [007/500] T-Acc:  52.0%  V-Acc:  91.7%  V-AUROC: 0.2727  LR: 1.00e-04
2026-06-30 01:10:40,332 | [DYN-LATENT] | INFO | meta_classifier_renewed.model_trainers.meta_trainer | Ep [008/500] T-Acc:  64.0%  V-Acc:  91.7%  V-AUROC: 0.3636  LR: 1.00e-04
2026-06-30 01:10:40,903 | [DYN-LATENT] | INFO | meta_classifier_renewed.model_trainers.meta_trainer | Ep [009/500] T-Acc:  64.0%  V-Acc:  91.7%  V-AUROC: 0.3636  LR: 1.00e-04
2026-06-30 01:10:41,568 | [DYN-LATENT] | INFO | meta_classifier_renewed.model_trainers.meta_trainer | Ep [010/500] T-Acc:  60.0%  V-Acc:  41.7%  V-AUROC: 0.3636  LR: 1.00e-04
2026-06-30 01:10:42,231 | [DYN-LATENT] | INFO | meta_classifier_renewed.model_trainers.meta_trainer | Ep [011/500] T-Acc:  44.0%  V-Acc:   8.3%  V-AUROC: 0.3636  LR: 1.00e-04
2026-06-30 01:10:42,748 | [DYN-LATENT] | INFO | meta_classifier_renewed.model_trainers.meta_trainer | Ep [012/500] T-Acc:  64.0%  V-Acc:   8.3%  V-AUROC: 0.3636  LR: 1.00e-04
2026-06-30 01:10:43,278 | [DYN-LATENT] | INFO | meta_classifier_renewed.model_trainers.meta_trainer | Ep [013/500] T-Acc:  60.0%  V-Acc:  41.7%  V-AUROC: 0.3636  LR: 1.00e-04
2026-06-30 01:10:43,824 | [DYN-LATENT] | INFO | meta_classifier_renewed.model_trainers.meta_trainer | Ep [014/500] T-Acc:  48.0%  V-Acc:  91.7%  V-AUROC: 0.3636  LR: 1.00e-04
2026-06-30 01:10:44,358 | [DYN-LATENT] | INFO | meta_classifier_renewed.model_trainers.meta_trainer | Ep [015/500] T-Acc:  80.0%  V-Acc:  91.7%  V-AUROC: 0.3636  LR: 1.00e-04
2026-06-30 01:10:44,885 | [DYN-LATENT] | INFO | meta_classifier_renewed.model_trainers.meta_trainer | Ep [016/500] T-Acc:  60.0%  V-Acc:  75.0%  V-AUROC: 0.3636  LR: 1.00e-04
2026-06-30 01:10:45,476 | [DYN-LATENT] | INFO | meta_classifier_renewed.model_trainers.meta_trainer | Ep [017/500] T-Acc:  68.0%  V-Acc:  41.7%  V-AUROC: 0.3636  LR: 1.00e-04
2026-06-30 01:10:46,210 | [DYN-LATENT] | INFO | meta_classifier_renewed.model_trainers.meta_trainer | Ep [018/500] T-Acc:  64.0%  V-Acc:  41.7%  V-AUROC: 0.3636  LR: 2.00e-05
2026-06-30 01:10:46,863 | [DYN-LATENT] | INFO | meta_classifier_renewed.model_trainers.meta_trainer | Ep [019/500] T-Acc:  72.0%  V-Acc:  41.7%  V-AUROC: 0.3636  LR: 2.00e-05
2026-06-30 01:10:47,480 | [DYN-LATENT] | INFO | meta_classifier_renewed.model_trainers.meta_trainer | Ep [020/500] T-Acc:  68.0%  V-Acc:  33.3%  V-AUROC: 0.3636  LR: 2.00e-05
2026-06-30 01:10:48,046 | [DYN-LATENT] | INFO | meta_classifier_renewed.model_trainers.meta_trainer | Ep [021/500] T-Acc:  88.0%  V-Acc:  33.3%  V-AUROC: 0.3636  LR: 2.00e-05
2026-06-30 01:10:48,601 | [DYN-LATENT] | INFO | meta_classifier_renewed.model_trainers.meta_trainer | Ep [022/500] T-Acc:  76.0%  V-Acc:  33.3%  V-AUROC: 0.3636  LR: 2.00e-05
2026-06-30 01:10:49,176 | [DYN-LATENT] | INFO | meta_classifier_renewed.model_trainers.meta_trainer | Ep [023/500] T-Acc:  68.0%  V-Acc:  33.3%  V-AUROC: 0.3636  LR: 2.00e-05
2026-06-30 01:10:49,712 | [DYN-LATENT] | INFO | meta_classifier_renewed.model_trainers.meta_trainer | Ep [024/500] T-Acc:  76.0%  V-Acc:  33.3%  V-AUROC: 0.3636  LR: 2.00e-05
2026-06-30 01:10:50,242 | [DYN-LATENT] | INFO | meta_classifier_renewed.model_trainers.meta_trainer | Ep [025/500] T-Acc:  60.0%  V-Acc:  41.7%  V-AUROC: 0.3636  LR: 2.00e-05
2026-06-30 01:10:50,785 | [DYN-LATENT] | INFO | meta_classifier_renewed.model_trainers.meta_trainer | Ep [026/500] T-Acc:  60.0%  V-Acc:  58.3%  V-AUROC: 0.3636  LR: 2.00e-05
2026-06-30 01:10:51,480 | [DYN-LATENT] | INFO | meta_classifier_renewed.model_trainers.meta_trainer | Ep [027/500] T-Acc:  72.0%  V-Acc:  83.3%  V-AUROC: 0.3636  LR: 2.00e-05
2026-06-30 01:10:52,054 | [DYN-LATENT] | INFO | meta_classifier_renewed.model_trainers.meta_trainer | Ep [028/500] T-Acc:  64.0%  V-Acc:  83.3%  V-AUROC: 0.3636  LR: 2.00e-05
2026-06-30 01:10:52,636 | [DYN-LATENT] | INFO | meta_classifier_renewed.model_trainers.meta_trainer | Ep [029/500] T-Acc:  64.0%  V-Acc:  83.3%  V-AUROC: 0.3636  LR: 4.00e-06
2026-06-30 01:10:53,180 | [DYN-LATENT] | INFO | meta_classifier_renewed.model_trainers.meta_trainer | Ep [030/500] T-Acc:  80.0%  V-Acc:  83.3%  V-AUROC: 0.3636  LR: 4.00e-06
2026-06-30 01:10:53,727 | [DYN-LATENT] | INFO | meta_classifier_renewed.model_trainers.meta_trainer | Ep [031/500] T-Acc:  68.0%  V-Acc:  83.3%  V-AUROC: 0.3636  LR: 4.00e-06
2026-06-30 01:10:54,251 | [DYN-LATENT] | INFO | meta_classifier_renewed.model_trainers.meta_trainer | Ep [032/500] T-Acc:  68.0%  V-Acc:  83.3%  V-AUROC: 0.3636  LR: 4.00e-06
2026-06-30 01:10:54,817 | [DYN-LATENT] | INFO | meta_classifier_renewed.model_trainers.meta_trainer | Ep [033/500] T-Acc:  72.0%  V-Acc:  83.3%  V-AUROC: 0.3636  LR: 4.00e-06
2026-06-30 01:10:55,378 | [DYN-LATENT] | INFO | meta_classifier_renewed.model_trainers.meta_trainer | Ep [034/500] T-Acc:  72.0%  V-Acc:  83.3%  V-AUROC: 0.3636  LR: 4.00e-06
2026-06-30 01:10:55,937 | [DYN-LATENT] | INFO | meta_classifier_renewed.model_trainers.meta_trainer | Ep [035/500] T-Acc:  76.0%  V-Acc:  83.3%  V-AUROC: 0.3636  LR: 4.00e-06
2026-06-30 01:10:56,480 | [DYN-LATENT] | INFO | meta_classifier_renewed.model_trainers.meta_trainer | Ep [036/500] T-Acc:  68.0%  V-Acc:  75.0%  V-AUROC: 0.3636  LR: 4.00e-06
2026-06-30 01:10:56,480 | [DYN-LATENT] | INFO | meta_classifier_renewed.model_trainers.meta_trainer | Early stop — best AUROC 0.3636 at epoch 6
2026-06-30 01:10:56,857 | [DYN-LATENT] | INFO | meta_classifier_renewed.evaluators.monte_carlo_evaluator | -> Fold 18 Result | Acc=0.500 Sens=0.545 Spec=0.000 AUROC=0.364
2026-06-30 01:10:56,885 | [DYN-LATENT] | INFO | meta_classifier_renewed.evaluators.monte_carlo_evaluator | === Fold 19/30 | train: 25 subj | test: 12 subj ===
2026-06-30 01:10:57,590 | [DYN-LATENT] | INFO | meta_classifier_renewed.model_trainers.meta_trainer | Ep [001/500] T-Acc:  52.0%  V-Acc:  33.3%  V-AUROC: 0.4688  LR: 2.00e-05
2026-06-30 01:10:58,248 | [DYN-LATENT] | INFO | meta_classifier_renewed.model_trainers.meta_trainer | Ep [002/500] T-Acc:  56.0%  V-Acc:  33.3%  V-AUROC: 0.4375  LR: 4.00e-05
2026-06-30 01:10:58,831 | [DYN-LATENT] | INFO | meta_classifier_renewed.model_trainers.meta_trainer | Ep [003/500] T-Acc:  44.0%  V-Acc:  66.7%  V-AUROC: 0.6875  LR: 6.00e-05
2026-06-30 01:10:59,513 | [DYN-LATENT] | INFO | meta_classifier_renewed.model_trainers.meta_trainer | Ep [004/500] T-Acc:  52.0%  V-Acc:  66.7%  V-AUROC: 0.7188  LR: 8.00e-05
2026-06-30 01:11:00,215 | [DYN-LATENT] | INFO | meta_classifier_renewed.model_trainers.meta_trainer | Ep [005/500] T-Acc:  56.0%  V-Acc:  58.3%  V-AUROC: 0.8125  LR: 1.00e-04
2026-06-30 01:11:01,034 | [DYN-LATENT] | INFO | meta_classifier_renewed.model_trainers.meta_trainer | Ep [006/500] T-Acc:  60.0%  V-Acc:  75.0%  V-AUROC: 0.8125  LR: 1.00e-04
2026-06-30 01:11:01,750 | [DYN-LATENT] | INFO | meta_classifier_renewed.model_trainers.meta_trainer | Ep [007/500] T-Acc:  32.0%  V-Acc:  66.7%  V-AUROC: 0.6562  LR: 1.00e-04
2026-06-30 01:11:02,253 | [DYN-LATENT] | INFO | meta_classifier_renewed.model_trainers.meta_trainer | Ep [008/500] T-Acc:  48.0%  V-Acc:  41.7%  V-AUROC: 0.6250  LR: 1.00e-04
2026-06-30 01:11:02,730 | [DYN-LATENT] | INFO | meta_classifier_renewed.model_trainers.meta_trainer | Ep [009/500] T-Acc:  60.0%  V-Acc:  41.7%  V-AUROC: 0.6250  LR: 1.00e-04
2026-06-30 01:11:03,215 | [DYN-LATENT] | INFO | meta_classifier_renewed.model_trainers.meta_trainer | Ep [010/500] T-Acc:  40.0%  V-Acc:  66.7%  V-AUROC: 0.5625  LR: 1.00e-04
2026-06-30 01:11:03,735 | [DYN-LATENT] | INFO | meta_classifier_renewed.model_trainers.meta_trainer | Ep [011/500] T-Acc:  68.0%  V-Acc:  66.7%  V-AUROC: 0.5625  LR: 1.00e-04
2026-06-30 01:11:04,300 | [DYN-LATENT] | INFO | meta_classifier_renewed.model_trainers.meta_trainer | Ep [012/500] T-Acc:  80.0%  V-Acc:  66.7%  V-AUROC: 0.5938  LR: 1.00e-04
2026-06-30 01:11:04,860 | [DYN-LATENT] | INFO | meta_classifier_renewed.model_trainers.meta_trainer | Ep [013/500] T-Acc:  56.0%  V-Acc:  58.3%  V-AUROC: 0.5000  LR: 1.00e-04
2026-06-30 01:11:05,423 | [DYN-LATENT] | INFO | meta_classifier_renewed.model_trainers.meta_trainer | Ep [014/500] T-Acc:  64.0%  V-Acc:  41.7%  V-AUROC: 0.5312  LR: 1.00e-04
2026-06-30 01:11:06,011 | [DYN-LATENT] | INFO | meta_classifier_renewed.model_trainers.meta_trainer | Ep [015/500] T-Acc:  72.0%  V-Acc:  75.0%  V-AUROC: 0.7188  LR: 1.00e-04
2026-06-30 01:11:06,658 | [DYN-LATENT] | INFO | meta_classifier_renewed.model_trainers.meta_trainer | Ep [016/500] T-Acc:  72.0%  V-Acc:  66.7%  V-AUROC: 0.8125  LR: 1.00e-04
2026-06-30 01:11:07,199 | [DYN-LATENT] | INFO | meta_classifier_renewed.model_trainers.meta_trainer | Ep [017/500] T-Acc:  68.0%  V-Acc:  75.0%  V-AUROC: 0.7812  LR: 1.00e-04
2026-06-30 01:11:07,784 | [DYN-LATENT] | INFO | meta_classifier_renewed.model_trainers.meta_trainer | Ep [018/500] T-Acc:  84.0%  V-Acc:  75.0%  V-AUROC: 0.7188  LR: 2.00e-05
2026-06-30 01:11:08,360 | [DYN-LATENT] | INFO | meta_classifier_renewed.model_trainers.meta_trainer | Ep [019/500] T-Acc:  68.0%  V-Acc:  83.3%  V-AUROC: 0.6875  LR: 2.00e-05
2026-06-30 01:11:08,897 | [DYN-LATENT] | INFO | meta_classifier_renewed.model_trainers.meta_trainer | Ep [020/500] T-Acc:  72.0%  V-Acc:  66.7%  V-AUROC: 0.6562  LR: 2.00e-05
2026-06-30 01:11:09,461 | [DYN-LATENT] | INFO | meta_classifier_renewed.model_trainers.meta_trainer | Ep [021/500] T-Acc:  64.0%  V-Acc:  66.7%  V-AUROC: 0.6250  LR: 2.00e-05
2026-06-30 01:11:10,116 | [DYN-LATENT] | INFO | meta_classifier_renewed.model_trainers.meta_trainer | Ep [022/500] T-Acc:  76.0%  V-Acc:  66.7%  V-AUROC: 0.6250  LR: 2.00e-05
2026-06-30 01:11:10,730 | [DYN-LATENT] | INFO | meta_classifier_renewed.model_trainers.meta_trainer | Ep [023/500] T-Acc:  76.0%  V-Acc:  66.7%  V-AUROC: 0.6250  LR: 2.00e-05
2026-06-30 01:11:11,361 | [DYN-LATENT] | INFO | meta_classifier_renewed.model_trainers.meta_trainer | Ep [024/500] T-Acc:  84.0%  V-Acc:  66.7%  V-AUROC: 0.6562  LR: 2.00e-05
2026-06-30 01:11:11,926 | [DYN-LATENT] | INFO | meta_classifier_renewed.model_trainers.meta_trainer | Ep [025/500] T-Acc:  88.0%  V-Acc:  66.7%  V-AUROC: 0.6562  LR: 2.00e-05
2026-06-30 01:11:12,491 | [DYN-LATENT] | INFO | meta_classifier_renewed.model_trainers.meta_trainer | Ep [026/500] T-Acc:  84.0%  V-Acc:  75.0%  V-AUROC: 0.6875  LR: 2.00e-05
2026-06-30 01:11:13,022 | [DYN-LATENT] | INFO | meta_classifier_renewed.model_trainers.meta_trainer | Ep [027/500] T-Acc:  68.0%  V-Acc:  75.0%  V-AUROC: 0.7188  LR: 2.00e-05
2026-06-30 01:11:13,559 | [DYN-LATENT] | INFO | meta_classifier_renewed.model_trainers.meta_trainer | Ep [028/500] T-Acc:  76.0%  V-Acc:  75.0%  V-AUROC: 0.7500  LR: 2.00e-05
2026-06-30 01:11:14,159 | [DYN-LATENT] | INFO | meta_classifier_renewed.model_trainers.meta_trainer | Ep [029/500] T-Acc:  80.0%  V-Acc:  75.0%  V-AUROC: 0.7188  LR: 4.00e-06
2026-06-30 01:11:14,706 | [DYN-LATENT] | INFO | meta_classifier_renewed.model_trainers.meta_trainer | Ep [030/500] T-Acc:  80.0%  V-Acc:  75.0%  V-AUROC: 0.7188  LR: 4.00e-06
2026-06-30 01:11:15,303 | [DYN-LATENT] | INFO | meta_classifier_renewed.model_trainers.meta_trainer | Ep [031/500] T-Acc:  80.0%  V-Acc:  75.0%  V-AUROC: 0.7188  LR: 4.00e-06
2026-06-30 01:11:15,908 | [DYN-LATENT] | INFO | meta_classifier_renewed.model_trainers.meta_trainer | Ep [032/500] T-Acc:  96.0%  V-Acc:  75.0%  V-AUROC: 0.7188  LR: 4.00e-06
2026-06-30 01:11:16,510 | [DYN-LATENT] | INFO | meta_classifier_renewed.model_trainers.meta_trainer | Ep [033/500] T-Acc:  88.0%  V-Acc:  75.0%  V-AUROC: 0.7188  LR: 4.00e-06
2026-06-30 01:11:17,072 | [DYN-LATENT] | INFO | meta_classifier_renewed.model_trainers.meta_trainer | Ep [034/500] T-Acc:  84.0%  V-Acc:  75.0%  V-AUROC: 0.7188  LR: 4.00e-06
2026-06-30 01:11:17,633 | [DYN-LATENT] | INFO | meta_classifier_renewed.model_trainers.meta_trainer | Ep [035/500] T-Acc:  84.0%  V-Acc:  66.7%  V-AUROC: 0.7188  LR: 4.00e-06
2026-06-30 01:11:17,634 | [DYN-LATENT] | INFO | meta_classifier_renewed.model_trainers.meta_trainer | Early stop — best AUROC 0.8125 at epoch 5
2026-06-30 01:11:18,023 | [DYN-LATENT] | INFO | meta_classifier_renewed.evaluators.monte_carlo_evaluator | -> Fold 19 Result | Acc=0.583 Sens=0.750 Spec=0.250 AUROC=0.812
2026-06-30 01:11:18,060 | [DYN-LATENT] | INFO | meta_classifier_renewed.evaluators.monte_carlo_evaluator | === Fold 20/30 | train: 25 subj | test: 12 subj ===
2026-06-30 01:11:18,766 | [DYN-LATENT] | INFO | meta_classifier_renewed.model_trainers.meta_trainer | Ep [001/500] T-Acc:  64.0%  V-Acc:  50.0%  V-AUROC: 0.7407  LR: 2.00e-05
2026-06-30 01:11:19,419 | [DYN-LATENT] | INFO | meta_classifier_renewed.model_trainers.meta_trainer | Ep [002/500] T-Acc:  44.0%  V-Acc:  50.0%  V-AUROC: 0.7037  LR: 4.00e-05
2026-06-30 01:11:19,987 | [DYN-LATENT] | INFO | meta_classifier_renewed.model_trainers.meta_trainer | Ep [003/500] T-Acc:  44.0%  V-Acc:  83.3%  V-AUROC: 0.6296  LR: 6.00e-05
2026-06-30 01:11:20,585 | [DYN-LATENT] | INFO | meta_classifier_renewed.model_trainers.meta_trainer | Ep [004/500] T-Acc:  52.0%  V-Acc:  75.0%  V-AUROC: 0.4444  LR: 8.00e-05
2026-06-30 01:11:21,377 | [DYN-LATENT] | INFO | meta_classifier_renewed.model_trainers.meta_trainer | Ep [005/500] T-Acc:  60.0%  V-Acc:  50.0%  V-AUROC: 0.2593  LR: 1.00e-04
2026-06-30 01:11:21,985 | [DYN-LATENT] | INFO | meta_classifier_renewed.model_trainers.meta_trainer | Ep [006/500] T-Acc:  60.0%  V-Acc:  41.7%  V-AUROC: 0.2593  LR: 1.00e-04
2026-06-30 01:11:22,524 | [DYN-LATENT] | INFO | meta_classifier_renewed.model_trainers.meta_trainer | Ep [007/500] T-Acc:  64.0%  V-Acc:  25.0%  V-AUROC: 0.2593  LR: 1.00e-04
2026-06-30 01:11:23,072 | [DYN-LATENT] | INFO | meta_classifier_renewed.model_trainers.meta_trainer | Ep [008/500] T-Acc:  56.0%  V-Acc:  58.3%  V-AUROC: 0.2593  LR: 1.00e-04
2026-06-30 01:11:23,641 | [DYN-LATENT] | INFO | meta_classifier_renewed.model_trainers.meta_trainer | Ep [009/500] T-Acc:  64.0%  V-Acc:  58.3%  V-AUROC: 0.3704  LR: 1.00e-04
2026-06-30 01:11:24,233 | [DYN-LATENT] | INFO | meta_classifier_renewed.model_trainers.meta_trainer | Ep [010/500] T-Acc:  56.0%  V-Acc:  41.7%  V-AUROC: 0.4074  LR: 1.00e-04
2026-06-30 01:11:24,793 | [DYN-LATENT] | INFO | meta_classifier_renewed.model_trainers.meta_trainer | Ep [011/500] T-Acc:  68.0%  V-Acc:  50.0%  V-AUROC: 0.4074  LR: 1.00e-04
2026-06-30 01:11:25,382 | [DYN-LATENT] | INFO | meta_classifier_renewed.model_trainers.meta_trainer | Ep [012/500] T-Acc:  56.0%  V-Acc:  58.3%  V-AUROC: 0.4815  LR: 1.00e-04
2026-06-30 01:11:25,957 | [DYN-LATENT] | INFO | meta_classifier_renewed.model_trainers.meta_trainer | Ep [013/500] T-Acc:  72.0%  V-Acc:  41.7%  V-AUROC: 0.4815  LR: 1.00e-04
2026-06-30 01:11:26,516 | [DYN-LATENT] | INFO | meta_classifier_renewed.model_trainers.meta_trainer | Ep [014/500] T-Acc:  64.0%  V-Acc:  41.7%  V-AUROC: 0.4815  LR: 1.00e-04
2026-06-30 01:11:27,091 | [DYN-LATENT] | INFO | meta_classifier_renewed.model_trainers.meta_trainer | Ep [015/500] T-Acc:  80.0%  V-Acc:  66.7%  V-AUROC: 0.4815  LR: 1.00e-04
2026-06-30 01:11:27,635 | [DYN-LATENT] | INFO | meta_classifier_renewed.model_trainers.meta_trainer | Ep [016/500] T-Acc:  80.0%  V-Acc:  58.3%  V-AUROC: 0.4815  LR: 1.00e-04
2026-06-30 01:11:28,205 | [DYN-LATENT] | INFO | meta_classifier_renewed.model_trainers.meta_trainer | Ep [017/500] T-Acc:  84.0%  V-Acc:  75.0%  V-AUROC: 0.5556  LR: 1.00e-04
2026-06-30 01:11:28,762 | [DYN-LATENT] | INFO | meta_classifier_renewed.model_trainers.meta_trainer | Ep [018/500] T-Acc:  80.0%  V-Acc:  75.0%  V-AUROC: 0.5556  LR: 1.00e-04
2026-06-30 01:11:29,357 | [DYN-LATENT] | INFO | meta_classifier_renewed.model_trainers.meta_trainer | Ep [019/500] T-Acc:  84.0%  V-Acc:  58.3%  V-AUROC: 0.5185  LR: 1.00e-04
2026-06-30 01:11:29,921 | [DYN-LATENT] | INFO | meta_classifier_renewed.model_trainers.meta_trainer | Ep [020/500] T-Acc:  84.0%  V-Acc:  58.3%  V-AUROC: 0.4815  LR: 1.00e-04
2026-06-30 01:11:30,496 | [DYN-LATENT] | INFO | meta_classifier_renewed.model_trainers.meta_trainer | Ep [021/500] T-Acc:  72.0%  V-Acc:  58.3%  V-AUROC: 0.4815  LR: 1.00e-04
2026-06-30 01:11:31,150 | [DYN-LATENT] | INFO | meta_classifier_renewed.model_trainers.meta_trainer | Ep [022/500] T-Acc:  96.0%  V-Acc:  75.0%  V-AUROC: 0.5185  LR: 1.00e-04
2026-06-30 01:11:31,668 | [DYN-LATENT] | INFO | meta_classifier_renewed.model_trainers.meta_trainer | Ep [023/500] T-Acc:  80.0%  V-Acc:  66.7%  V-AUROC: 0.5556  LR: 1.00e-04
2026-06-30 01:11:32,157 | [DYN-LATENT] | INFO | meta_classifier_renewed.model_trainers.meta_trainer | Ep [024/500] T-Acc:  76.0%  V-Acc:  50.0%  V-AUROC: 0.5926  LR: 1.00e-04
2026-06-30 01:11:32,646 | [DYN-LATENT] | INFO | meta_classifier_renewed.model_trainers.meta_trainer | Ep [025/500] T-Acc:  76.0%  V-Acc:  33.3%  V-AUROC: 0.6296  LR: 1.00e-04
2026-06-30 01:11:33,184 | [DYN-LATENT] | INFO | meta_classifier_renewed.model_trainers.meta_trainer | Ep [026/500] T-Acc:  76.0%  V-Acc:  58.3%  V-AUROC: 0.5185  LR: 1.00e-04
2026-06-30 01:11:33,707 | [DYN-LATENT] | INFO | meta_classifier_renewed.model_trainers.meta_trainer | Ep [027/500] T-Acc:  92.0%  V-Acc:  58.3%  V-AUROC: 0.5556  LR: 1.00e-04
2026-06-30 01:11:34,272 | [DYN-LATENT] | INFO | meta_classifier_renewed.model_trainers.meta_trainer | Ep [028/500] T-Acc:  88.0%  V-Acc:  41.7%  V-AUROC: 0.4815  LR: 1.00e-04
2026-06-30 01:11:34,826 | [DYN-LATENT] | INFO | meta_classifier_renewed.model_trainers.meta_trainer | Ep [029/500] T-Acc:  92.0%  V-Acc:  58.3%  V-AUROC: 0.5556  LR: 1.00e-04
2026-06-30 01:11:35,387 | [DYN-LATENT] | INFO | meta_classifier_renewed.model_trainers.meta_trainer | Ep [030/500] T-Acc:  96.0%  V-Acc:  66.7%  V-AUROC: 0.4815  LR: 1.00e-04
2026-06-30 01:11:36,015 | [DYN-LATENT] | INFO | meta_classifier_renewed.model_trainers.meta_trainer | Ep [031/500] T-Acc:  88.0%  V-Acc:  66.7%  V-AUROC: 0.4815  LR: 1.00e-04
2026-06-30 01:11:36,016 | [DYN-LATENT] | INFO | meta_classifier_renewed.model_trainers.meta_trainer | Early stop — best AUROC 0.7407 at epoch 1
2026-06-30 01:11:36,452 | [DYN-LATENT] | INFO | meta_classifier_renewed.evaluators.monte_carlo_evaluator | -> Fold 20 Result | Acc=0.500 Sens=0.444 Spec=0.667 AUROC=0.741
2026-06-30 01:11:36,487 | [DYN-LATENT] | INFO | meta_classifier_renewed.evaluators.monte_carlo_evaluator | === Fold 21/30 | train: 25 subj | test: 12 subj ===
2026-06-30 01:11:37,223 | [DYN-LATENT] | INFO | meta_classifier_renewed.model_trainers.meta_trainer | Ep [001/500] T-Acc:  68.0%  V-Acc:  58.3%  V-AUROC: 0.4722  LR: 2.00e-05
2026-06-30 01:11:37,912 | [DYN-LATENT] | INFO | meta_classifier_renewed.model_trainers.meta_trainer | Ep [002/500] T-Acc:  56.0%  V-Acc:  58.3%  V-AUROC: 0.4722  LR: 4.00e-05
2026-06-30 01:11:38,478 | [DYN-LATENT] | INFO | meta_classifier_renewed.model_trainers.meta_trainer | Ep [003/500] T-Acc:  60.0%  V-Acc:  58.3%  V-AUROC: 0.4722  LR: 6.00e-05
2026-06-30 01:11:39,030 | [DYN-LATENT] | INFO | meta_classifier_renewed.model_trainers.meta_trainer | Ep [004/500] T-Acc:  60.0%  V-Acc:  58.3%  V-AUROC: 0.5000  LR: 8.00e-05
2026-06-30 01:11:39,679 | [DYN-LATENT] | INFO | meta_classifier_renewed.model_trainers.meta_trainer | Ep [005/500] T-Acc:  44.0%  V-Acc:  58.3%  V-AUROC: 0.5833  LR: 1.00e-04
2026-06-30 01:11:40,357 | [DYN-LATENT] | INFO | meta_classifier_renewed.model_trainers.meta_trainer | Ep [006/500] T-Acc:  64.0%  V-Acc:  50.0%  V-AUROC: 0.5833  LR: 1.00e-04
2026-06-30 01:11:40,927 | [DYN-LATENT] | INFO | meta_classifier_renewed.model_trainers.meta_trainer | Ep [007/500] T-Acc:  64.0%  V-Acc:  50.0%  V-AUROC: 0.5833  LR: 1.00e-04
2026-06-30 01:11:41,490 | [DYN-LATENT] | INFO | meta_classifier_renewed.model_trainers.meta_trainer | Ep [008/500] T-Acc:  60.0%  V-Acc:  50.0%  V-AUROC: 0.6667  LR: 1.00e-04
2026-06-30 01:11:42,146 | [DYN-LATENT] | INFO | meta_classifier_renewed.model_trainers.meta_trainer | Ep [009/500] T-Acc:  48.0%  V-Acc:  41.7%  V-AUROC: 0.6111  LR: 1.00e-04
2026-06-30 01:11:42,720 | [DYN-LATENT] | INFO | meta_classifier_renewed.model_trainers.meta_trainer | Ep [010/500] T-Acc:  52.0%  V-Acc:  50.0%  V-AUROC: 0.5833  LR: 1.00e-04
2026-06-30 01:11:43,301 | [DYN-LATENT] | INFO | meta_classifier_renewed.model_trainers.meta_trainer | Ep [011/500] T-Acc:  28.0%  V-Acc:  50.0%  V-AUROC: 0.5556  LR: 1.00e-04
2026-06-30 01:11:43,865 | [DYN-LATENT] | INFO | meta_classifier_renewed.model_trainers.meta_trainer | Ep [012/500] T-Acc:  60.0%  V-Acc:  50.0%  V-AUROC: 0.5000  LR: 1.00e-04
2026-06-30 01:11:44,413 | [DYN-LATENT] | INFO | meta_classifier_renewed.model_trainers.meta_trainer | Ep [013/500] T-Acc:  60.0%  V-Acc:  41.7%  V-AUROC: 0.5000  LR: 1.00e-04
2026-06-30 01:11:44,987 | [DYN-LATENT] | INFO | meta_classifier_renewed.model_trainers.meta_trainer | Ep [014/500] T-Acc:  76.0%  V-Acc:  50.0%  V-AUROC: 0.5000  LR: 1.00e-04
2026-06-30 01:11:45,632 | [DYN-LATENT] | INFO | meta_classifier_renewed.model_trainers.meta_trainer | Ep [015/500] T-Acc:  76.0%  V-Acc:  50.0%  V-AUROC: 0.5000  LR: 1.00e-04
2026-06-30 01:11:46,315 | [DYN-LATENT] | INFO | meta_classifier_renewed.model_trainers.meta_trainer | Ep [016/500] T-Acc:  76.0%  V-Acc:  50.0%  V-AUROC: 0.5278  LR: 1.00e-04
2026-06-30 01:11:46,953 | [DYN-LATENT] | INFO | meta_classifier_renewed.model_trainers.meta_trainer | Ep [017/500] T-Acc:  68.0%  V-Acc:  50.0%  V-AUROC: 0.5556  LR: 1.00e-04
2026-06-30 01:11:47,501 | [DYN-LATENT] | INFO | meta_classifier_renewed.model_trainers.meta_trainer | Ep [018/500] T-Acc:  80.0%  V-Acc:  50.0%  V-AUROC: 0.6111  LR: 1.00e-04
2026-06-30 01:11:48,056 | [DYN-LATENT] | INFO | meta_classifier_renewed.model_trainers.meta_trainer | Ep [019/500] T-Acc:  76.0%  V-Acc:  50.0%  V-AUROC: 0.6944  LR: 1.00e-04
2026-06-30 01:11:48,695 | [DYN-LATENT] | INFO | meta_classifier_renewed.model_trainers.meta_trainer | Ep [020/500] T-Acc:  76.0%  V-Acc:  58.3%  V-AUROC: 0.7222  LR: 1.00e-04
2026-06-30 01:11:49,390 | [DYN-LATENT] | INFO | meta_classifier_renewed.model_trainers.meta_trainer | Ep [021/500] T-Acc:  68.0%  V-Acc:  50.0%  V-AUROC: 0.6944  LR: 1.00e-04
2026-06-30 01:11:49,972 | [DYN-LATENT] | INFO | meta_classifier_renewed.model_trainers.meta_trainer | Ep [022/500] T-Acc:  80.0%  V-Acc:  50.0%  V-AUROC: 0.6389  LR: 1.00e-04
2026-06-30 01:11:50,544 | [DYN-LATENT] | INFO | meta_classifier_renewed.model_trainers.meta_trainer | Ep [023/500] T-Acc:  88.0%  V-Acc:  50.0%  V-AUROC: 0.6944  LR: 1.00e-04
2026-06-30 01:11:51,205 | [DYN-LATENT] | INFO | meta_classifier_renewed.model_trainers.meta_trainer | Ep [024/500] T-Acc:  88.0%  V-Acc:  50.0%  V-AUROC: 0.7778  LR: 1.00e-04
2026-06-30 01:11:51,937 | [DYN-LATENT] | INFO | meta_classifier_renewed.model_trainers.meta_trainer | Ep [025/500] T-Acc:  88.0%  V-Acc:  58.3%  V-AUROC: 1.0000  LR: 1.00e-04
2026-06-30 01:11:52,619 | [DYN-LATENT] | INFO | meta_classifier_renewed.model_trainers.meta_trainer | Ep [026/500] T-Acc:  84.0%  V-Acc:  58.3%  V-AUROC: 1.0000  LR: 1.00e-04
2026-06-30 01:11:53,194 | [DYN-LATENT] | INFO | meta_classifier_renewed.model_trainers.meta_trainer | Ep [027/500] T-Acc:  92.0%  V-Acc:  50.0%  V-AUROC: 0.9722  LR: 1.00e-04
2026-06-30 01:11:53,766 | [DYN-LATENT] | INFO | meta_classifier_renewed.model_trainers.meta_trainer | Ep [028/500] T-Acc:  92.0%  V-Acc:  50.0%  V-AUROC: 0.8333  LR: 1.00e-04
2026-06-30 01:11:54,295 | [DYN-LATENT] | INFO | meta_classifier_renewed.model_trainers.meta_trainer | Ep [029/500] T-Acc:  88.0%  V-Acc:  50.0%  V-AUROC: 0.8056  LR: 1.00e-04
2026-06-30 01:11:54,851 | [DYN-LATENT] | INFO | meta_classifier_renewed.model_trainers.meta_trainer | Ep [030/500] T-Acc:  96.0%  V-Acc:  50.0%  V-AUROC: 0.9444  LR: 1.00e-04
2026-06-30 01:11:55,428 | [DYN-LATENT] | INFO | meta_classifier_renewed.model_trainers.meta_trainer | Ep [031/500] T-Acc:  92.0%  V-Acc:  75.0%  V-AUROC: 1.0000  LR: 1.00e-04
2026-06-30 01:11:55,985 | [DYN-LATENT] | INFO | meta_classifier_renewed.model_trainers.meta_trainer | Ep [032/500] T-Acc:  96.0%  V-Acc:  75.0%  V-AUROC: 0.9444  LR: 1.00e-04
2026-06-30 01:11:56,537 | [DYN-LATENT] | INFO | meta_classifier_renewed.model_trainers.meta_trainer | Ep [033/500] T-Acc:  92.0%  V-Acc:  50.0%  V-AUROC: 0.7500  LR: 1.00e-04
2026-06-30 01:11:57,090 | [DYN-LATENT] | INFO | meta_classifier_renewed.model_trainers.meta_trainer | Ep [034/500] T-Acc:  92.0%  V-Acc:  50.0%  V-AUROC: 0.7778  LR: 1.00e-04
2026-06-30 01:11:57,673 | [DYN-LATENT] | INFO | meta_classifier_renewed.model_trainers.meta_trainer | Ep [035/500] T-Acc:  92.0%  V-Acc:  50.0%  V-AUROC: 0.9444  LR: 1.00e-04
2026-06-30 01:11:58,225 | [DYN-LATENT] | INFO | meta_classifier_renewed.model_trainers.meta_trainer | Ep [036/500] T-Acc:  96.0%  V-Acc: 100.0%  V-AUROC: 1.0000  LR: 1.00e-04
2026-06-30 01:11:58,817 | [DYN-LATENT] | INFO | meta_classifier_renewed.model_trainers.meta_trainer | Ep [037/500] T-Acc:  88.0%  V-Acc: 100.0%  V-AUROC: 1.0000  LR: 2.00e-05
2026-06-30 01:11:59,377 | [DYN-LATENT] | INFO | meta_classifier_renewed.model_trainers.meta_trainer | Ep [038/500] T-Acc:  88.0%  V-Acc:  83.3%  V-AUROC: 1.0000  LR: 2.00e-05
2026-06-30 01:11:59,960 | [DYN-LATENT] | INFO | meta_classifier_renewed.model_trainers.meta_trainer | Ep [039/500] T-Acc:  96.0%  V-Acc:  58.3%  V-AUROC: 0.9722  LR: 2.00e-05
2026-06-30 01:12:00,561 | [DYN-LATENT] | INFO | meta_classifier_renewed.model_trainers.meta_trainer | Ep [040/500] T-Acc: 100.0%  V-Acc:  50.0%  V-AUROC: 0.9444  LR: 2.00e-05
2026-06-30 01:12:01,192 | [DYN-LATENT] | INFO | meta_classifier_renewed.model_trainers.meta_trainer | Ep [041/500] T-Acc: 100.0%  V-Acc:  50.0%  V-AUROC: 0.8889  LR: 2.00e-05
2026-06-30 01:12:01,755 | [DYN-LATENT] | INFO | meta_classifier_renewed.model_trainers.meta_trainer | Ep [042/500] T-Acc:  92.0%  V-Acc:  50.0%  V-AUROC: 0.9167  LR: 2.00e-05
2026-06-30 01:12:02,313 | [DYN-LATENT] | INFO | meta_classifier_renewed.model_trainers.meta_trainer | Ep [043/500] T-Acc:  96.0%  V-Acc:  50.0%  V-AUROC: 0.9167  LR: 2.00e-05
2026-06-30 01:12:02,883 | [DYN-LATENT] | INFO | meta_classifier_renewed.model_trainers.meta_trainer | Ep [044/500] T-Acc: 100.0%  V-Acc:  50.0%  V-AUROC: 0.9167  LR: 2.00e-05
2026-06-30 01:12:03,428 | [DYN-LATENT] | INFO | meta_classifier_renewed.model_trainers.meta_trainer | Ep [045/500] T-Acc: 100.0%  V-Acc:  50.0%  V-AUROC: 0.9444  LR: 2.00e-05
2026-06-30 01:12:03,964 | [DYN-LATENT] | INFO | meta_classifier_renewed.model_trainers.meta_trainer | Ep [046/500] T-Acc: 100.0%  V-Acc:  50.0%  V-AUROC: 0.9444  LR: 2.00e-05
2026-06-30 01:12:04,512 | [DYN-LATENT] | INFO | meta_classifier_renewed.model_trainers.meta_trainer | Ep [047/500] T-Acc: 100.0%  V-Acc:  50.0%  V-AUROC: 0.9167  LR: 2.00e-05
2026-06-30 01:12:05,101 | [DYN-LATENT] | INFO | meta_classifier_renewed.model_trainers.meta_trainer | Ep [048/500] T-Acc:  96.0%  V-Acc:  50.0%  V-AUROC: 0.9167  LR: 4.00e-06
2026-06-30 01:12:05,716 | [DYN-LATENT] | INFO | meta_classifier_renewed.model_trainers.meta_trainer | Ep [049/500] T-Acc: 100.0%  V-Acc:  50.0%  V-AUROC: 0.9167  LR: 4.00e-06
2026-06-30 01:12:06,322 | [DYN-LATENT] | INFO | meta_classifier_renewed.model_trainers.meta_trainer | Ep [050/500] T-Acc: 100.0%  V-Acc:  50.0%  V-AUROC: 0.9167  LR: 4.00e-06
2026-06-30 01:12:06,913 | [DYN-LATENT] | INFO | meta_classifier_renewed.model_trainers.meta_trainer | Ep [051/500] T-Acc:  96.0%  V-Acc:  50.0%  V-AUROC: 0.9167  LR: 4.00e-06
2026-06-30 01:12:07,470 | [DYN-LATENT] | INFO | meta_classifier_renewed.model_trainers.meta_trainer | Ep [052/500] T-Acc:  96.0%  V-Acc:  50.0%  V-AUROC: 0.9444  LR: 4.00e-06
2026-06-30 01:12:08,001 | [DYN-LATENT] | INFO | meta_classifier_renewed.model_trainers.meta_trainer | Ep [053/500] T-Acc: 100.0%  V-Acc:  50.0%  V-AUROC: 0.9444  LR: 4.00e-06
2026-06-30 01:12:08,538 | [DYN-LATENT] | INFO | meta_classifier_renewed.model_trainers.meta_trainer | Ep [054/500] T-Acc: 100.0%  V-Acc:  50.0%  V-AUROC: 0.9167  LR: 4.00e-06
2026-06-30 01:12:09,098 | [DYN-LATENT] | INFO | meta_classifier_renewed.model_trainers.meta_trainer | Ep [055/500] T-Acc: 100.0%  V-Acc:  50.0%  V-AUROC: 0.9444  LR: 4.00e-06
2026-06-30 01:12:09,099 | [DYN-LATENT] | INFO | meta_classifier_renewed.model_trainers.meta_trainer | Early stop — best AUROC 1.0000 at epoch 25
2026-06-30 01:12:09,490 | [DYN-LATENT] | INFO | meta_classifier_renewed.evaluators.monte_carlo_evaluator | -> Fold 21 Result | Acc=0.583 Sens=1.000 Spec=0.167 AUROC=1.000
2026-06-30 01:12:09,525 | [DYN-LATENT] | INFO | meta_classifier_renewed.evaluators.monte_carlo_evaluator | === Fold 22/30 | train: 25 subj | test: 12 subj ===
2026-06-30 01:12:10,232 | [DYN-LATENT] | INFO | meta_classifier_renewed.model_trainers.meta_trainer | Ep [001/500] T-Acc:  56.0%  V-Acc:  58.3%  V-AUROC: 0.0857  LR: 2.00e-05
2026-06-30 01:12:10,947 | [DYN-LATENT] | INFO | meta_classifier_renewed.model_trainers.meta_trainer | Ep [002/500] T-Acc:  68.0%  V-Acc:  58.3%  V-AUROC: 0.1143  LR: 4.00e-05
2026-06-30 01:12:11,601 | [DYN-LATENT] | INFO | meta_classifier_renewed.model_trainers.meta_trainer | Ep [003/500] T-Acc:  68.0%  V-Acc:  58.3%  V-AUROC: 0.2286  LR: 6.00e-05
2026-06-30 01:12:12,244 | [DYN-LATENT] | INFO | meta_classifier_renewed.model_trainers.meta_trainer | Ep [004/500] T-Acc:  52.0%  V-Acc:  33.3%  V-AUROC: 0.6857  LR: 8.00e-05
2026-06-30 01:12:12,898 | [DYN-LATENT] | INFO | meta_classifier_renewed.model_trainers.meta_trainer | Ep [005/500] T-Acc:  44.0%  V-Acc:  41.7%  V-AUROC: 0.8000  LR: 1.00e-04
2026-06-30 01:12:13,988 | [DYN-LATENT] | INFO | meta_classifier_renewed.model_trainers.meta_trainer | Ep [006/500] T-Acc:  52.0%  V-Acc:  66.7%  V-AUROC: 0.6857  LR: 1.00e-04
2026-06-30 01:12:14,554 | [DYN-LATENT] | INFO | meta_classifier_renewed.model_trainers.meta_trainer | Ep [007/500] T-Acc:  44.0%  V-Acc:  58.3%  V-AUROC: 0.5714  LR: 1.00e-04
2026-06-30 01:12:15,113 | [DYN-LATENT] | INFO | meta_classifier_renewed.model_trainers.meta_trainer | Ep [008/500] T-Acc:  72.0%  V-Acc:  58.3%  V-AUROC: 0.5143  LR: 1.00e-04
2026-06-30 01:12:15,749 | [DYN-LATENT] | INFO | meta_classifier_renewed.model_trainers.meta_trainer | Ep [009/500] T-Acc:  72.0%  V-Acc:  66.7%  V-AUROC: 0.6857  LR: 1.00e-04
2026-06-30 01:12:16,543 | [DYN-LATENT] | INFO | meta_classifier_renewed.model_trainers.meta_trainer | Ep [010/500] T-Acc:  72.0%  V-Acc:  83.3%  V-AUROC: 0.7714  LR: 1.00e-04
2026-06-30 01:12:17,164 | [DYN-LATENT] | INFO | meta_classifier_renewed.model_trainers.meta_trainer | Ep [011/500] T-Acc:  56.0%  V-Acc:  50.0%  V-AUROC: 0.7714  LR: 1.00e-04
2026-06-30 01:12:17,693 | [DYN-LATENT] | INFO | meta_classifier_renewed.model_trainers.meta_trainer | Ep [012/500] T-Acc:  56.0%  V-Acc:  33.3%  V-AUROC: 0.7429  LR: 1.00e-04
2026-06-30 01:12:18,197 | [DYN-LATENT] | INFO | meta_classifier_renewed.model_trainers.meta_trainer | Ep [013/500] T-Acc:  48.0%  V-Acc:  75.0%  V-AUROC: 0.7143  LR: 1.00e-04
2026-06-30 01:12:18,725 | [DYN-LATENT] | INFO | meta_classifier_renewed.model_trainers.meta_trainer | Ep [014/500] T-Acc:  60.0%  V-Acc:  58.3%  V-AUROC: 0.6857  LR: 1.00e-04
2026-06-30 01:12:19,260 | [DYN-LATENT] | INFO | meta_classifier_renewed.model_trainers.meta_trainer | Ep [015/500] T-Acc:  68.0%  V-Acc:  66.7%  V-AUROC: 0.5143  LR: 1.00e-04
2026-06-30 01:12:19,924 | [DYN-LATENT] | INFO | meta_classifier_renewed.model_trainers.meta_trainer | Ep [016/500] T-Acc:  84.0%  V-Acc:  66.7%  V-AUROC: 0.4857  LR: 1.00e-04
2026-06-30 01:12:20,429 | [DYN-LATENT] | INFO | meta_classifier_renewed.model_trainers.meta_trainer | Ep [017/500] T-Acc:  68.0%  V-Acc:  66.7%  V-AUROC: 0.4857  LR: 1.00e-04
2026-06-30 01:12:20,962 | [DYN-LATENT] | INFO | meta_classifier_renewed.model_trainers.meta_trainer | Ep [018/500] T-Acc:  64.0%  V-Acc:  66.7%  V-AUROC: 0.4571  LR: 1.00e-04
2026-06-30 01:12:21,613 | [DYN-LATENT] | INFO | meta_classifier_renewed.model_trainers.meta_trainer | Ep [019/500] T-Acc:  88.0%  V-Acc:  50.0%  V-AUROC: 0.4571  LR: 1.00e-04
2026-06-30 01:12:22,159 | [DYN-LATENT] | INFO | meta_classifier_renewed.model_trainers.meta_trainer | Ep [020/500] T-Acc:  80.0%  V-Acc:  41.7%  V-AUROC: 0.4571  LR: 1.00e-04
2026-06-30 01:12:22,738 | [DYN-LATENT] | INFO | meta_classifier_renewed.model_trainers.meta_trainer | Ep [021/500] T-Acc:  88.0%  V-Acc:  50.0%  V-AUROC: 0.4571  LR: 1.00e-04
2026-06-30 01:12:23,314 | [DYN-LATENT] | INFO | meta_classifier_renewed.model_trainers.meta_trainer | Ep [022/500] T-Acc:  80.0%  V-Acc:  50.0%  V-AUROC: 0.4571  LR: 2.00e-05
2026-06-30 01:12:23,903 | [DYN-LATENT] | INFO | meta_classifier_renewed.model_trainers.meta_trainer | Ep [023/500] T-Acc:  76.0%  V-Acc:  50.0%  V-AUROC: 0.4571  LR: 2.00e-05
2026-06-30 01:12:24,470 | [DYN-LATENT] | INFO | meta_classifier_renewed.model_trainers.meta_trainer | Ep [024/500] T-Acc:  84.0%  V-Acc:  50.0%  V-AUROC: 0.4571  LR: 2.00e-05
2026-06-30 01:12:25,034 | [DYN-LATENT] | INFO | meta_classifier_renewed.model_trainers.meta_trainer | Ep [025/500] T-Acc:  92.0%  V-Acc:  50.0%  V-AUROC: 0.4571  LR: 2.00e-05
2026-06-30 01:12:25,588 | [DYN-LATENT] | INFO | meta_classifier_renewed.model_trainers.meta_trainer | Ep [026/500] T-Acc:  88.0%  V-Acc:  58.3%  V-AUROC: 0.4571  LR: 2.00e-05
2026-06-30 01:12:26,299 | [DYN-LATENT] | INFO | meta_classifier_renewed.model_trainers.meta_trainer | Ep [027/500] T-Acc:  88.0%  V-Acc:  58.3%  V-AUROC: 0.4571  LR: 2.00e-05
2026-06-30 01:12:26,836 | [DYN-LATENT] | INFO | meta_classifier_renewed.model_trainers.meta_trainer | Ep [028/500] T-Acc:  88.0%  V-Acc:  58.3%  V-AUROC: 0.4571  LR: 2.00e-05
2026-06-30 01:12:27,382 | [DYN-LATENT] | INFO | meta_classifier_renewed.model_trainers.meta_trainer | Ep [029/500] T-Acc:  96.0%  V-Acc:  66.7%  V-AUROC: 0.4571  LR: 2.00e-05
2026-06-30 01:12:27,908 | [DYN-LATENT] | INFO | meta_classifier_renewed.model_trainers.meta_trainer | Ep [030/500] T-Acc:  88.0%  V-Acc:  58.3%  V-AUROC: 0.4571  LR: 2.00e-05
2026-06-30 01:12:28,469 | [DYN-LATENT] | INFO | meta_classifier_renewed.model_trainers.meta_trainer | Ep [031/500] T-Acc:  88.0%  V-Acc:  58.3%  V-AUROC: 0.4571  LR: 2.00e-05
2026-06-30 01:12:29,048 | [DYN-LATENT] | INFO | meta_classifier_renewed.model_trainers.meta_trainer | Ep [032/500] T-Acc:  84.0%  V-Acc:  58.3%  V-AUROC: 0.4571  LR: 2.00e-05
2026-06-30 01:12:29,616 | [DYN-LATENT] | INFO | meta_classifier_renewed.model_trainers.meta_trainer | Ep [033/500] T-Acc:  88.0%  V-Acc:  58.3%  V-AUROC: 0.4571  LR: 4.00e-06
2026-06-30 01:12:30,166 | [DYN-LATENT] | INFO | meta_classifier_renewed.model_trainers.meta_trainer | Ep [034/500] T-Acc:  88.0%  V-Acc:  58.3%  V-AUROC: 0.4571  LR: 4.00e-06
2026-06-30 01:12:30,769 | [DYN-LATENT] | INFO | meta_classifier_renewed.model_trainers.meta_trainer | Ep [035/500] T-Acc:  92.0%  V-Acc:  58.3%  V-AUROC: 0.4571  LR: 4.00e-06
2026-06-30 01:12:30,769 | [DYN-LATENT] | INFO | meta_classifier_renewed.model_trainers.meta_trainer | Early stop — best AUROC 0.8000 at epoch 5
2026-06-30 01:12:31,158 | [DYN-LATENT] | INFO | meta_classifier_renewed.evaluators.monte_carlo_evaluator | -> Fold 22 Result | Acc=0.417 Sens=0.000 Spec=1.000 AUROC=0.800
2026-06-30 01:12:31,190 | [DYN-LATENT] | INFO | meta_classifier_renewed.evaluators.monte_carlo_evaluator | === Fold 23/30 | train: 25 subj | test: 12 subj ===
2026-06-30 01:12:31,913 | [DYN-LATENT] | INFO | meta_classifier_renewed.model_trainers.meta_trainer | Ep [001/500] T-Acc:  44.0%  V-Acc:  41.7%  V-AUROC: 0.5143  LR: 2.00e-05
2026-06-30 01:12:32,922 | [DYN-LATENT] | INFO | meta_classifier_renewed.model_trainers.meta_trainer | Ep [002/500] T-Acc:  48.0%  V-Acc:  50.0%  V-AUROC: 0.4857  LR: 4.00e-05
2026-06-30 01:12:33,548 | [DYN-LATENT] | INFO | meta_classifier_renewed.model_trainers.meta_trainer | Ep [003/500] T-Acc:  64.0%  V-Acc:  58.3%  V-AUROC: 0.2286  LR: 6.00e-05
2026-06-30 01:12:34,119 | [DYN-LATENT] | INFO | meta_classifier_renewed.model_trainers.meta_trainer | Ep [004/500] T-Acc:  64.0%  V-Acc:  58.3%  V-AUROC: 0.2286  LR: 8.00e-05
2026-06-30 01:12:34,710 | [DYN-LATENT] | INFO | meta_classifier_renewed.model_trainers.meta_trainer | Ep [005/500] T-Acc:  56.0%  V-Acc:  58.3%  V-AUROC: 0.2857  LR: 1.00e-04
2026-06-30 01:12:35,239 | [DYN-LATENT] | INFO | meta_classifier_renewed.model_trainers.meta_trainer | Ep [006/500] T-Acc:  68.0%  V-Acc:  50.0%  V-AUROC: 0.3714  LR: 1.00e-04
2026-06-30 01:12:35,810 | [DYN-LATENT] | INFO | meta_classifier_renewed.model_trainers.meta_trainer | Ep [007/500] T-Acc:  64.0%  V-Acc:  41.7%  V-AUROC: 0.4571  LR: 1.00e-04
2026-06-30 01:12:36,602 | [DYN-LATENT] | INFO | meta_classifier_renewed.model_trainers.meta_trainer | Ep [008/500] T-Acc:  48.0%  V-Acc:  33.3%  V-AUROC: 0.4286  LR: 1.00e-04
2026-06-30 01:12:37,267 | [DYN-LATENT] | INFO | meta_classifier_renewed.model_trainers.meta_trainer | Ep [009/500] T-Acc:  72.0%  V-Acc:  58.3%  V-AUROC: 0.4286  LR: 1.00e-04
2026-06-30 01:12:37,856 | [DYN-LATENT] | INFO | meta_classifier_renewed.model_trainers.meta_trainer | Ep [010/500] T-Acc:  64.0%  V-Acc:  66.7%  V-AUROC: 0.6857  LR: 1.00e-04
2026-06-30 01:12:38,532 | [DYN-LATENT] | INFO | meta_classifier_renewed.model_trainers.meta_trainer | Ep [011/500] T-Acc:  52.0%  V-Acc:  66.7%  V-AUROC: 0.7143  LR: 1.00e-04
2026-06-30 01:12:39,250 | [DYN-LATENT] | INFO | meta_classifier_renewed.model_trainers.meta_trainer | Ep [012/500] T-Acc:  80.0%  V-Acc:  66.7%  V-AUROC: 0.6571  LR: 1.00e-04
2026-06-30 01:12:39,794 | [DYN-LATENT] | INFO | meta_classifier_renewed.model_trainers.meta_trainer | Ep [013/500] T-Acc:  68.0%  V-Acc:  50.0%  V-AUROC: 0.7143  LR: 1.00e-04
2026-06-30 01:12:40,322 | [DYN-LATENT] | INFO | meta_classifier_renewed.model_trainers.meta_trainer | Ep [014/500] T-Acc:  88.0%  V-Acc:  75.0%  V-AUROC: 0.7143  LR: 1.00e-04
2026-06-30 01:12:40,840 | [DYN-LATENT] | INFO | meta_classifier_renewed.model_trainers.meta_trainer | Ep [015/500] T-Acc:  72.0%  V-Acc:  83.3%  V-AUROC: 0.7714  LR: 1.00e-04
2026-06-30 01:12:41,518 | [DYN-LATENT] | INFO | meta_classifier_renewed.model_trainers.meta_trainer | Ep [016/500] T-Acc:  80.0%  V-Acc:  83.3%  V-AUROC: 0.7429  LR: 1.00e-04
2026-06-30 01:12:42,066 | [DYN-LATENT] | INFO | meta_classifier_renewed.model_trainers.meta_trainer | Ep [017/500] T-Acc:  84.0%  V-Acc:  75.0%  V-AUROC: 0.7714  LR: 1.00e-04
2026-06-30 01:12:42,596 | [DYN-LATENT] | INFO | meta_classifier_renewed.model_trainers.meta_trainer | Ep [018/500] T-Acc:  92.0%  V-Acc:  75.0%  V-AUROC: 0.7714  LR: 1.00e-04
2026-06-30 01:12:43,111 | [DYN-LATENT] | INFO | meta_classifier_renewed.model_trainers.meta_trainer | Ep [019/500] T-Acc:  92.0%  V-Acc:  75.0%  V-AUROC: 0.7714  LR: 1.00e-04
2026-06-30 01:12:43,633 | [DYN-LATENT] | INFO | meta_classifier_renewed.model_trainers.meta_trainer | Ep [020/500] T-Acc:  92.0%  V-Acc:  75.0%  V-AUROC: 0.6286  LR: 1.00e-04
2026-06-30 01:12:44,159 | [DYN-LATENT] | INFO | meta_classifier_renewed.model_trainers.meta_trainer | Ep [021/500] T-Acc:  92.0%  V-Acc:  58.3%  V-AUROC: 0.5429  LR: 1.00e-04
2026-06-30 01:12:44,765 | [DYN-LATENT] | INFO | meta_classifier_renewed.model_trainers.meta_trainer | Ep [022/500] T-Acc:  96.0%  V-Acc:  75.0%  V-AUROC: 0.6286  LR: 1.00e-04
2026-06-30 01:12:45,335 | [DYN-LATENT] | INFO | meta_classifier_renewed.model_trainers.meta_trainer | Ep [023/500] T-Acc:  96.0%  V-Acc:  75.0%  V-AUROC: 0.7429  LR: 1.00e-04
2026-06-30 01:12:45,921 | [DYN-LATENT] | INFO | meta_classifier_renewed.model_trainers.meta_trainer | Ep [024/500] T-Acc:  84.0%  V-Acc:  75.0%  V-AUROC: 0.7714  LR: 1.00e-04
2026-06-30 01:12:46,564 | [DYN-LATENT] | INFO | meta_classifier_renewed.model_trainers.meta_trainer | Ep [025/500] T-Acc:  92.0%  V-Acc:  75.0%  V-AUROC: 0.6571  LR: 1.00e-04
2026-06-30 01:12:47,134 | [DYN-LATENT] | INFO | meta_classifier_renewed.model_trainers.meta_trainer | Ep [026/500] T-Acc:  96.0%  V-Acc:  58.3%  V-AUROC: 0.6571  LR: 1.00e-04
2026-06-30 01:12:47,691 | [DYN-LATENT] | INFO | meta_classifier_renewed.model_trainers.meta_trainer | Ep [027/500] T-Acc:  96.0%  V-Acc:  58.3%  V-AUROC: 0.6571  LR: 2.00e-05
2026-06-30 01:12:48,268 | [DYN-LATENT] | INFO | meta_classifier_renewed.model_trainers.meta_trainer | Ep [028/500] T-Acc:  96.0%  V-Acc:  66.7%  V-AUROC: 0.6571  LR: 2.00e-05
2026-06-30 01:12:48,841 | [DYN-LATENT] | INFO | meta_classifier_renewed.model_trainers.meta_trainer | Ep [029/500] T-Acc:  92.0%  V-Acc:  58.3%  V-AUROC: 0.6571  LR: 2.00e-05
2026-06-30 01:12:49,450 | [DYN-LATENT] | INFO | meta_classifier_renewed.model_trainers.meta_trainer | Ep [030/500] T-Acc:  92.0%  V-Acc:  75.0%  V-AUROC: 0.6571  LR: 2.00e-05
2026-06-30 01:12:50,023 | [DYN-LATENT] | INFO | meta_classifier_renewed.model_trainers.meta_trainer | Ep [031/500] T-Acc:  96.0%  V-Acc:  75.0%  V-AUROC: 0.6571  LR: 2.00e-05
2026-06-30 01:12:50,568 | [DYN-LATENT] | INFO | meta_classifier_renewed.model_trainers.meta_trainer | Ep [032/500] T-Acc:  96.0%  V-Acc:  75.0%  V-AUROC: 0.6571  LR: 2.00e-05
2026-06-30 01:12:51,118 | [DYN-LATENT] | INFO | meta_classifier_renewed.model_trainers.meta_trainer | Ep [033/500] T-Acc: 100.0%  V-Acc:  75.0%  V-AUROC: 0.6857  LR: 2.00e-05
2026-06-30 01:12:51,693 | [DYN-LATENT] | INFO | meta_classifier_renewed.model_trainers.meta_trainer | Ep [034/500] T-Acc:  92.0%  V-Acc:  75.0%  V-AUROC: 0.7143  LR: 2.00e-05
2026-06-30 01:12:52,232 | [DYN-LATENT] | INFO | meta_classifier_renewed.model_trainers.meta_trainer | Ep [035/500] T-Acc: 100.0%  V-Acc:  75.0%  V-AUROC: 0.7143  LR: 2.00e-05
2026-06-30 01:12:52,765 | [DYN-LATENT] | INFO | meta_classifier_renewed.model_trainers.meta_trainer | Ep [036/500] T-Acc:  96.0%  V-Acc:  75.0%  V-AUROC: 0.7143  LR: 2.00e-05
2026-06-30 01:12:53,298 | [DYN-LATENT] | INFO | meta_classifier_renewed.model_trainers.meta_trainer | Ep [037/500] T-Acc: 100.0%  V-Acc:  75.0%  V-AUROC: 0.6857  LR: 2.00e-05
2026-06-30 01:12:53,867 | [DYN-LATENT] | INFO | meta_classifier_renewed.model_trainers.meta_trainer | Ep [038/500] T-Acc:  96.0%  V-Acc:  75.0%  V-AUROC: 0.6857  LR: 4.00e-06
2026-06-30 01:12:54,458 | [DYN-LATENT] | INFO | meta_classifier_renewed.model_trainers.meta_trainer | Ep [039/500] T-Acc:  92.0%  V-Acc:  75.0%  V-AUROC: 0.7143  LR: 4.00e-06
2026-06-30 01:12:55,025 | [DYN-LATENT] | INFO | meta_classifier_renewed.model_trainers.meta_trainer | Ep [040/500] T-Acc:  96.0%  V-Acc:  75.0%  V-AUROC: 0.7143  LR: 4.00e-06
2026-06-30 01:12:55,607 | [DYN-LATENT] | INFO | meta_classifier_renewed.model_trainers.meta_trainer | Ep [041/500] T-Acc: 100.0%  V-Acc:  75.0%  V-AUROC: 0.6857  LR: 4.00e-06
2026-06-30 01:12:56,146 | [DYN-LATENT] | INFO | meta_classifier_renewed.model_trainers.meta_trainer | Ep [042/500] T-Acc:  84.0%  V-Acc:  75.0%  V-AUROC: 0.6857  LR: 4.00e-06
2026-06-30 01:12:56,699 | [DYN-LATENT] | INFO | meta_classifier_renewed.model_trainers.meta_trainer | Ep [043/500] T-Acc: 100.0%  V-Acc:  75.0%  V-AUROC: 0.6857  LR: 4.00e-06
2026-06-30 01:12:57,234 | [DYN-LATENT] | INFO | meta_classifier_renewed.model_trainers.meta_trainer | Ep [044/500] T-Acc:  96.0%  V-Acc:  75.0%  V-AUROC: 0.6857  LR: 4.00e-06
2026-06-30 01:12:57,763 | [DYN-LATENT] | INFO | meta_classifier_renewed.model_trainers.meta_trainer | Ep [045/500] T-Acc:  96.0%  V-Acc:  75.0%  V-AUROC: 0.7143  LR: 4.00e-06
2026-06-30 01:12:57,763 | [DYN-LATENT] | INFO | meta_classifier_renewed.model_trainers.meta_trainer | Early stop — best AUROC 0.7714 at epoch 15
2026-06-30 01:12:58,109 | [DYN-LATENT] | INFO | meta_classifier_renewed.evaluators.monte_carlo_evaluator | -> Fold 23 Result | Acc=0.833 Sens=0.857 Spec=0.800 AUROC=0.771
2026-06-30 01:12:58,142 | [DYN-LATENT] | INFO | meta_classifier_renewed.evaluators.monte_carlo_evaluator | === Fold 24/30 | train: 25 subj | test: 12 subj ===
2026-06-30 01:12:58,832 | [DYN-LATENT] | INFO | meta_classifier_renewed.model_trainers.meta_trainer | Ep [001/500] T-Acc:  36.0%  V-Acc:  41.7%  V-AUROC: 0.6000  LR: 2.00e-05
2026-06-30 01:12:59,459 | [DYN-LATENT] | INFO | meta_classifier_renewed.model_trainers.meta_trainer | Ep [002/500] T-Acc:  36.0%  V-Acc:  41.7%  V-AUROC: 0.5429  LR: 4.00e-05
2026-06-30 01:13:00,006 | [DYN-LATENT] | INFO | meta_classifier_renewed.model_trainers.meta_trainer | Ep [003/500] T-Acc:  48.0%  V-Acc:  50.0%  V-AUROC: 0.5429  LR: 6.00e-05
2026-06-30 01:13:00,573 | [DYN-LATENT] | INFO | meta_classifier_renewed.model_trainers.meta_trainer | Ep [004/500] T-Acc:  56.0%  V-Acc:  58.3%  V-AUROC: 0.5714  LR: 8.00e-05
2026-06-30 01:13:01,462 | [DYN-LATENT] | INFO | meta_classifier_renewed.model_trainers.meta_trainer | Ep [005/500] T-Acc:  68.0%  V-Acc:  58.3%  V-AUROC: 0.5714  LR: 1.00e-04
2026-06-30 01:13:02,074 | [DYN-LATENT] | INFO | meta_classifier_renewed.model_trainers.meta_trainer | Ep [006/500] T-Acc:  48.0%  V-Acc:  50.0%  V-AUROC: 0.5143  LR: 1.00e-04
2026-06-30 01:13:02,663 | [DYN-LATENT] | INFO | meta_classifier_renewed.model_trainers.meta_trainer | Ep [007/500] T-Acc:  68.0%  V-Acc:  41.7%  V-AUROC: 0.5714  LR: 1.00e-04
2026-06-30 01:13:03,291 | [DYN-LATENT] | INFO | meta_classifier_renewed.model_trainers.meta_trainer | Ep [008/500] T-Acc:  36.0%  V-Acc:  41.7%  V-AUROC: 0.5714  LR: 1.00e-04
2026-06-30 01:13:03,882 | [DYN-LATENT] | INFO | meta_classifier_renewed.model_trainers.meta_trainer | Ep [009/500] T-Acc:  36.0%  V-Acc:  41.7%  V-AUROC: 0.6857  LR: 1.00e-04
2026-06-30 01:13:04,555 | [DYN-LATENT] | INFO | meta_classifier_renewed.model_trainers.meta_trainer | Ep [010/500] T-Acc:  52.0%  V-Acc:  66.7%  V-AUROC: 0.7143  LR: 1.00e-04
2026-06-30 01:13:05,225 | [DYN-LATENT] | INFO | meta_classifier_renewed.model_trainers.meta_trainer | Ep [011/500] T-Acc:  48.0%  V-Acc:  58.3%  V-AUROC: 0.7143  LR: 1.00e-04
2026-06-30 01:13:05,862 | [DYN-LATENT] | INFO | meta_classifier_renewed.model_trainers.meta_trainer | Ep [012/500] T-Acc:  48.0%  V-Acc:  58.3%  V-AUROC: 0.6857  LR: 1.00e-04
2026-06-30 01:13:06,518 | [DYN-LATENT] | INFO | meta_classifier_renewed.model_trainers.meta_trainer | Ep [013/500] T-Acc:  56.0%  V-Acc:  66.7%  V-AUROC: 0.5714  LR: 1.00e-04
2026-06-30 01:13:07,072 | [DYN-LATENT] | INFO | meta_classifier_renewed.model_trainers.meta_trainer | Ep [014/500] T-Acc:  52.0%  V-Acc:  75.0%  V-AUROC: 0.5429  LR: 1.00e-04
2026-06-30 01:13:07,605 | [DYN-LATENT] | INFO | meta_classifier_renewed.model_trainers.meta_trainer | Ep [015/500] T-Acc:  60.0%  V-Acc:  75.0%  V-AUROC: 0.5429  LR: 1.00e-04
2026-06-30 01:13:08,139 | [DYN-LATENT] | INFO | meta_classifier_renewed.model_trainers.meta_trainer | Ep [016/500] T-Acc:  48.0%  V-Acc:  58.3%  V-AUROC: 0.5429  LR: 1.00e-04
2026-06-30 01:13:08,685 | [DYN-LATENT] | INFO | meta_classifier_renewed.model_trainers.meta_trainer | Ep [017/500] T-Acc:  64.0%  V-Acc:  58.3%  V-AUROC: 0.5429  LR: 1.00e-04
2026-06-30 01:13:09,209 | [DYN-LATENT] | INFO | meta_classifier_renewed.model_trainers.meta_trainer | Ep [018/500] T-Acc:  68.0%  V-Acc:  66.7%  V-AUROC: 0.5714  LR: 1.00e-04
2026-06-30 01:13:09,785 | [DYN-LATENT] | INFO | meta_classifier_renewed.model_trainers.meta_trainer | Ep [019/500] T-Acc:  68.0%  V-Acc:  50.0%  V-AUROC: 0.6286  LR: 1.00e-04
2026-06-30 01:13:10,399 | [DYN-LATENT] | INFO | meta_classifier_renewed.model_trainers.meta_trainer | Ep [020/500] T-Acc:  76.0%  V-Acc:  66.7%  V-AUROC: 0.6000  LR: 1.00e-04
2026-06-30 01:13:10,961 | [DYN-LATENT] | INFO | meta_classifier_renewed.model_trainers.meta_trainer | Ep [021/500] T-Acc:  72.0%  V-Acc:  58.3%  V-AUROC: 0.4857  LR: 1.00e-04
2026-06-30 01:13:11,581 | [DYN-LATENT] | INFO | meta_classifier_renewed.model_trainers.meta_trainer | Ep [022/500] T-Acc:  76.0%  V-Acc:  58.3%  V-AUROC: 0.5143  LR: 2.00e-05
2026-06-30 01:13:12,173 | [DYN-LATENT] | INFO | meta_classifier_renewed.model_trainers.meta_trainer | Ep [023/500] T-Acc:  76.0%  V-Acc:  66.7%  V-AUROC: 0.5429  LR: 2.00e-05
2026-06-30 01:13:12,766 | [DYN-LATENT] | INFO | meta_classifier_renewed.model_trainers.meta_trainer | Ep [024/500] T-Acc:  64.0%  V-Acc:  66.7%  V-AUROC: 0.5143  LR: 2.00e-05
2026-06-30 01:13:13,331 | [DYN-LATENT] | INFO | meta_classifier_renewed.model_trainers.meta_trainer | Ep [025/500] T-Acc:  88.0%  V-Acc:  66.7%  V-AUROC: 0.5143  LR: 2.00e-05
2026-06-30 01:13:13,902 | [DYN-LATENT] | INFO | meta_classifier_renewed.model_trainers.meta_trainer | Ep [026/500] T-Acc:  80.0%  V-Acc:  66.7%  V-AUROC: 0.5429  LR: 2.00e-05
2026-06-30 01:13:14,452 | [DYN-LATENT] | INFO | meta_classifier_renewed.model_trainers.meta_trainer | Ep [027/500] T-Acc:  84.0%  V-Acc:  66.7%  V-AUROC: 0.5429  LR: 2.00e-05
2026-06-30 01:13:14,988 | [DYN-LATENT] | INFO | meta_classifier_renewed.model_trainers.meta_trainer | Ep [028/500] T-Acc:  76.0%  V-Acc:  66.7%  V-AUROC: 0.5714  LR: 2.00e-05
2026-06-30 01:13:15,516 | [DYN-LATENT] | INFO | meta_classifier_renewed.model_trainers.meta_trainer | Ep [029/500] T-Acc:  76.0%  V-Acc:  66.7%  V-AUROC: 0.5714  LR: 2.00e-05
2026-06-30 01:13:16,122 | [DYN-LATENT] | INFO | meta_classifier_renewed.model_trainers.meta_trainer | Ep [030/500] T-Acc:  76.0%  V-Acc:  66.7%  V-AUROC: 0.5714  LR: 2.00e-05
2026-06-30 01:13:16,722 | [DYN-LATENT] | INFO | meta_classifier_renewed.model_trainers.meta_trainer | Ep [031/500] T-Acc:  84.0%  V-Acc:  66.7%  V-AUROC: 0.5714  LR: 2.00e-05
2026-06-30 01:13:17,297 | [DYN-LATENT] | INFO | meta_classifier_renewed.model_trainers.meta_trainer | Ep [032/500] T-Acc:  92.0%  V-Acc:  66.7%  V-AUROC: 0.5714  LR: 2.00e-05
2026-06-30 01:13:17,838 | [DYN-LATENT] | INFO | meta_classifier_renewed.model_trainers.meta_trainer | Ep [033/500] T-Acc:  80.0%  V-Acc:  66.7%  V-AUROC: 0.5714  LR: 4.00e-06
2026-06-30 01:13:18,389 | [DYN-LATENT] | INFO | meta_classifier_renewed.model_trainers.meta_trainer | Ep [034/500] T-Acc:  72.0%  V-Acc:  66.7%  V-AUROC: 0.5714  LR: 4.00e-06
2026-06-30 01:13:18,930 | [DYN-LATENT] | INFO | meta_classifier_renewed.model_trainers.meta_trainer | Ep [035/500] T-Acc:  80.0%  V-Acc:  66.7%  V-AUROC: 0.5714  LR: 4.00e-06
2026-06-30 01:13:19,481 | [DYN-LATENT] | INFO | meta_classifier_renewed.model_trainers.meta_trainer | Ep [036/500] T-Acc:  80.0%  V-Acc:  66.7%  V-AUROC: 0.5714  LR: 4.00e-06
2026-06-30 01:13:20,025 | [DYN-LATENT] | INFO | meta_classifier_renewed.model_trainers.meta_trainer | Ep [037/500] T-Acc:  84.0%  V-Acc:  66.7%  V-AUROC: 0.5714  LR: 4.00e-06
2026-06-30 01:13:20,600 | [DYN-LATENT] | INFO | meta_classifier_renewed.model_trainers.meta_trainer | Ep [038/500] T-Acc:  84.0%  V-Acc:  66.7%  V-AUROC: 0.5714  LR: 4.00e-06
2026-06-30 01:13:21,242 | [DYN-LATENT] | INFO | meta_classifier_renewed.model_trainers.meta_trainer | Ep [039/500] T-Acc:  80.0%  V-Acc:  66.7%  V-AUROC: 0.5714  LR: 4.00e-06
2026-06-30 01:13:21,860 | [DYN-LATENT] | INFO | meta_classifier_renewed.model_trainers.meta_trainer | Ep [040/500] T-Acc:  92.0%  V-Acc:  66.7%  V-AUROC: 0.5714  LR: 4.00e-06
2026-06-30 01:13:21,860 | [DYN-LATENT] | INFO | meta_classifier_renewed.model_trainers.meta_trainer | Early stop — best AUROC 0.7143 at epoch 10
2026-06-30 01:13:22,250 | [DYN-LATENT] | INFO | meta_classifier_renewed.evaluators.monte_carlo_evaluator | -> Fold 24 Result | Acc=0.667 Sens=1.000 Spec=0.200 AUROC=0.714
2026-06-30 01:13:22,285 | [DYN-LATENT] | INFO | meta_classifier_renewed.evaluators.monte_carlo_evaluator | === Fold 25/30 | train: 25 subj | test: 12 subj ===
2026-06-30 01:13:23,014 | [DYN-LATENT] | INFO | meta_classifier_renewed.model_trainers.meta_trainer | Ep [001/500] T-Acc:  36.0%  V-Acc:  33.3%  V-AUROC: 0.4062  LR: 2.00e-05
2026-06-30 01:13:23,681 | [DYN-LATENT] | INFO | meta_classifier_renewed.model_trainers.meta_trainer | Ep [002/500] T-Acc:  44.0%  V-Acc:  33.3%  V-AUROC: 0.3750  LR: 4.00e-05
2026-06-30 01:13:24,244 | [DYN-LATENT] | INFO | meta_classifier_renewed.model_trainers.meta_trainer | Ep [003/500] T-Acc:  36.0%  V-Acc:  33.3%  V-AUROC: 0.2812  LR: 6.00e-05
2026-06-30 01:13:24,813 | [DYN-LATENT] | INFO | meta_classifier_renewed.model_trainers.meta_trainer | Ep [004/500] T-Acc:  44.0%  V-Acc:  58.3%  V-AUROC: 0.1875  LR: 8.00e-05
2026-06-30 01:13:25,348 | [DYN-LATENT] | INFO | meta_classifier_renewed.model_trainers.meta_trainer | Ep [005/500] T-Acc:  52.0%  V-Acc:  58.3%  V-AUROC: 0.1875  LR: 1.00e-04
2026-06-30 01:13:25,868 | [DYN-LATENT] | INFO | meta_classifier_renewed.model_trainers.meta_trainer | Ep [006/500] T-Acc:  28.0%  V-Acc:  33.3%  V-AUROC: 0.3750  LR: 1.00e-04
2026-06-30 01:13:26,368 | [DYN-LATENT] | INFO | meta_classifier_renewed.model_trainers.meta_trainer | Ep [007/500] T-Acc:  44.0%  V-Acc:  50.0%  V-AUROC: 0.4062  LR: 1.00e-04
2026-06-30 01:13:26,918 | [DYN-LATENT] | INFO | meta_classifier_renewed.model_trainers.meta_trainer | Ep [008/500] T-Acc:  72.0%  V-Acc:  41.7%  V-AUROC: 0.4062  LR: 1.00e-04
2026-06-30 01:13:27,444 | [DYN-LATENT] | INFO | meta_classifier_renewed.model_trainers.meta_trainer | Ep [009/500] T-Acc:  60.0%  V-Acc:  41.7%  V-AUROC: 0.3750  LR: 1.00e-04
2026-06-30 01:13:27,983 | [DYN-LATENT] | INFO | meta_classifier_renewed.model_trainers.meta_trainer | Ep [010/500] T-Acc:  64.0%  V-Acc:  41.7%  V-AUROC: 0.2812  LR: 1.00e-04
2026-06-30 01:13:28,540 | [DYN-LATENT] | INFO | meta_classifier_renewed.model_trainers.meta_trainer | Ep [011/500] T-Acc:  76.0%  V-Acc:  41.7%  V-AUROC: 0.4062  LR: 1.00e-04
2026-06-30 01:13:29,081 | [DYN-LATENT] | INFO | meta_classifier_renewed.model_trainers.meta_trainer | Ep [012/500] T-Acc:  76.0%  V-Acc:  50.0%  V-AUROC: 0.4375  LR: 1.00e-04
2026-06-30 01:13:29,733 | [DYN-LATENT] | INFO | meta_classifier_renewed.model_trainers.meta_trainer | Ep [013/500] T-Acc:  52.0%  V-Acc:  50.0%  V-AUROC: 0.4688  LR: 1.00e-04
2026-06-30 01:13:30,388 | [DYN-LATENT] | INFO | meta_classifier_renewed.model_trainers.meta_trainer | Ep [014/500] T-Acc:  60.0%  V-Acc:  41.7%  V-AUROC: 0.4375  LR: 1.00e-04
2026-06-30 01:13:31,072 | [DYN-LATENT] | INFO | meta_classifier_renewed.model_trainers.meta_trainer | Ep [015/500] T-Acc:  80.0%  V-Acc:  41.7%  V-AUROC: 0.4375  LR: 1.00e-04
2026-06-30 01:13:31,747 | [DYN-LATENT] | INFO | meta_classifier_renewed.model_trainers.meta_trainer | Ep [016/500] T-Acc:  64.0%  V-Acc:  41.7%  V-AUROC: 0.5000  LR: 1.00e-04
2026-06-30 01:13:32,447 | [DYN-LATENT] | INFO | meta_classifier_renewed.model_trainers.meta_trainer | Ep [017/500] T-Acc:  80.0%  V-Acc:  58.3%  V-AUROC: 0.5625  LR: 1.00e-04
2026-06-30 01:13:33,107 | [DYN-LATENT] | INFO | meta_classifier_renewed.model_trainers.meta_trainer | Ep [018/500] T-Acc:  64.0%  V-Acc:  41.7%  V-AUROC: 0.5625  LR: 1.00e-04
2026-06-30 01:13:33,720 | [DYN-LATENT] | INFO | meta_classifier_renewed.model_trainers.meta_trainer | Ep [019/500] T-Acc:  56.0%  V-Acc:  50.0%  V-AUROC: 0.5625  LR: 1.00e-04
2026-06-30 01:13:34,345 | [DYN-LATENT] | INFO | meta_classifier_renewed.model_trainers.meta_trainer | Ep [020/500] T-Acc:  80.0%  V-Acc:  41.7%  V-AUROC: 0.4062  LR: 1.00e-04
2026-06-30 01:13:34,907 | [DYN-LATENT] | INFO | meta_classifier_renewed.model_trainers.meta_trainer | Ep [021/500] T-Acc:  84.0%  V-Acc:  50.0%  V-AUROC: 0.5000  LR: 1.00e-04
2026-06-30 01:13:35,484 | [DYN-LATENT] | INFO | meta_classifier_renewed.model_trainers.meta_trainer | Ep [022/500] T-Acc:  96.0%  V-Acc:  58.3%  V-AUROC: 0.5312  LR: 1.00e-04
2026-06-30 01:13:36,137 | [DYN-LATENT] | INFO | meta_classifier_renewed.model_trainers.meta_trainer | Ep [023/500] T-Acc:  92.0%  V-Acc:  50.0%  V-AUROC: 0.5000  LR: 1.00e-04
2026-06-30 01:13:36,791 | [DYN-LATENT] | INFO | meta_classifier_renewed.model_trainers.meta_trainer | Ep [024/500] T-Acc:  88.0%  V-Acc:  50.0%  V-AUROC: 0.5000  LR: 1.00e-04
2026-06-30 01:13:37,344 | [DYN-LATENT] | INFO | meta_classifier_renewed.model_trainers.meta_trainer | Ep [025/500] T-Acc:  88.0%  V-Acc:  50.0%  V-AUROC: 0.4375  LR: 1.00e-04
2026-06-30 01:13:37,910 | [DYN-LATENT] | INFO | meta_classifier_renewed.model_trainers.meta_trainer | Ep [026/500] T-Acc:  92.0%  V-Acc:  50.0%  V-AUROC: 0.4375  LR: 1.00e-04
2026-06-30 01:13:38,442 | [DYN-LATENT] | INFO | meta_classifier_renewed.model_trainers.meta_trainer | Ep [027/500] T-Acc:  88.0%  V-Acc:  50.0%  V-AUROC: 0.4688  LR: 1.00e-04
2026-06-30 01:13:38,983 | [DYN-LATENT] | INFO | meta_classifier_renewed.model_trainers.meta_trainer | Ep [028/500] T-Acc:  88.0%  V-Acc:  58.3%  V-AUROC: 0.4375  LR: 1.00e-04
2026-06-30 01:13:39,582 | [DYN-LATENT] | INFO | meta_classifier_renewed.model_trainers.meta_trainer | Ep [029/500] T-Acc:  92.0%  V-Acc:  58.3%  V-AUROC: 0.4375  LR: 2.00e-05
2026-06-30 01:13:40,158 | [DYN-LATENT] | INFO | meta_classifier_renewed.model_trainers.meta_trainer | Ep [030/500] T-Acc:  96.0%  V-Acc:  58.3%  V-AUROC: 0.4375  LR: 2.00e-05
2026-06-30 01:13:40,711 | [DYN-LATENT] | INFO | meta_classifier_renewed.model_trainers.meta_trainer | Ep [031/500] T-Acc:  92.0%  V-Acc:  50.0%  V-AUROC: 0.4375  LR: 2.00e-05
2026-06-30 01:13:41,234 | [DYN-LATENT] | INFO | meta_classifier_renewed.model_trainers.meta_trainer | Ep [032/500] T-Acc:  92.0%  V-Acc:  50.0%  V-AUROC: 0.4375  LR: 2.00e-05
2026-06-30 01:13:41,764 | [DYN-LATENT] | INFO | meta_classifier_renewed.model_trainers.meta_trainer | Ep [033/500] T-Acc:  88.0%  V-Acc:  50.0%  V-AUROC: 0.4375  LR: 2.00e-05
2026-06-30 01:13:42,296 | [DYN-LATENT] | INFO | meta_classifier_renewed.model_trainers.meta_trainer | Ep [034/500] T-Acc:  80.0%  V-Acc:  50.0%  V-AUROC: 0.4375  LR: 2.00e-05
2026-06-30 01:13:42,839 | [DYN-LATENT] | INFO | meta_classifier_renewed.model_trainers.meta_trainer | Ep [035/500] T-Acc:  84.0%  V-Acc:  50.0%  V-AUROC: 0.4688  LR: 2.00e-05
2026-06-30 01:13:43,447 | [DYN-LATENT] | INFO | meta_classifier_renewed.model_trainers.meta_trainer | Ep [036/500] T-Acc:  92.0%  V-Acc:  50.0%  V-AUROC: 0.4688  LR: 2.00e-05
2026-06-30 01:13:43,989 | [DYN-LATENT] | INFO | meta_classifier_renewed.model_trainers.meta_trainer | Ep [037/500] T-Acc:  96.0%  V-Acc:  58.3%  V-AUROC: 0.4688  LR: 2.00e-05
2026-06-30 01:13:44,529 | [DYN-LATENT] | INFO | meta_classifier_renewed.model_trainers.meta_trainer | Ep [038/500] T-Acc:  92.0%  V-Acc:  58.3%  V-AUROC: 0.4688  LR: 2.00e-05
2026-06-30 01:13:45,261 | [DYN-LATENT] | INFO | meta_classifier_renewed.model_trainers.meta_trainer | Ep [039/500] T-Acc:  92.0%  V-Acc:  50.0%  V-AUROC: 0.4688  LR: 2.00e-05
2026-06-30 01:13:45,802 | [DYN-LATENT] | INFO | meta_classifier_renewed.model_trainers.meta_trainer | Ep [040/500] T-Acc:  92.0%  V-Acc:  50.0%  V-AUROC: 0.4688  LR: 4.00e-06
2026-06-30 01:13:46,413 | [DYN-LATENT] | INFO | meta_classifier_renewed.model_trainers.meta_trainer | Ep [041/500] T-Acc:  96.0%  V-Acc:  50.0%  V-AUROC: 0.4688  LR: 4.00e-06
2026-06-30 01:13:47,008 | [DYN-LATENT] | INFO | meta_classifier_renewed.model_trainers.meta_trainer | Ep [042/500] T-Acc:  92.0%  V-Acc:  50.0%  V-AUROC: 0.4688  LR: 4.00e-06
2026-06-30 01:13:47,588 | [DYN-LATENT] | INFO | meta_classifier_renewed.model_trainers.meta_trainer | Ep [043/500] T-Acc:  84.0%  V-Acc:  50.0%  V-AUROC: 0.4688  LR: 4.00e-06
2026-06-30 01:13:48,152 | [DYN-LATENT] | INFO | meta_classifier_renewed.model_trainers.meta_trainer | Ep [044/500] T-Acc:  84.0%  V-Acc:  58.3%  V-AUROC: 0.4688  LR: 4.00e-06
2026-06-30 01:13:48,743 | [DYN-LATENT] | INFO | meta_classifier_renewed.model_trainers.meta_trainer | Ep [045/500] T-Acc: 100.0%  V-Acc:  50.0%  V-AUROC: 0.4688  LR: 4.00e-06
2026-06-30 01:13:49,305 | [DYN-LATENT] | INFO | meta_classifier_renewed.model_trainers.meta_trainer | Ep [046/500] T-Acc:  92.0%  V-Acc:  50.0%  V-AUROC: 0.4688  LR: 4.00e-06
2026-06-30 01:13:49,882 | [DYN-LATENT] | INFO | meta_classifier_renewed.model_trainers.meta_trainer | Ep [047/500] T-Acc:  88.0%  V-Acc:  50.0%  V-AUROC: 0.4688  LR: 4.00e-06
2026-06-30 01:13:49,883 | [DYN-LATENT] | INFO | meta_classifier_renewed.model_trainers.meta_trainer | Early stop — best AUROC 0.5625 at epoch 17
2026-06-30 01:13:50,242 | [DYN-LATENT] | INFO | meta_classifier_renewed.evaluators.monte_carlo_evaluator | -> Fold 25 Result | Acc=0.583 Sens=0.375 Spec=1.000 AUROC=0.562
2026-06-30 01:13:50,272 | [DYN-LATENT] | INFO | meta_classifier_renewed.evaluators.monte_carlo_evaluator | === Fold 26/30 | train: 25 subj | test: 12 subj ===
2026-06-30 01:13:51,051 | [DYN-LATENT] | INFO | meta_classifier_renewed.model_trainers.meta_trainer | Ep [001/500] T-Acc:  68.0%  V-Acc:  50.0%  V-AUROC: 0.6111  LR: 2.00e-05
2026-06-30 01:13:51,781 | [DYN-LATENT] | INFO | meta_classifier_renewed.model_trainers.meta_trainer | Ep [002/500] T-Acc:  64.0%  V-Acc:  50.0%  V-AUROC: 0.6111  LR: 4.00e-05
2026-06-30 01:13:52,337 | [DYN-LATENT] | INFO | meta_classifier_renewed.model_trainers.meta_trainer | Ep [003/500] T-Acc:  68.0%  V-Acc:  50.0%  V-AUROC: 0.6389  LR: 6.00e-05
2026-06-30 01:13:53,014 | [DYN-LATENT] | INFO | meta_classifier_renewed.model_trainers.meta_trainer | Ep [004/500] T-Acc:  52.0%  V-Acc:  50.0%  V-AUROC: 0.5556  LR: 8.00e-05
2026-06-30 01:13:53,638 | [DYN-LATENT] | INFO | meta_classifier_renewed.model_trainers.meta_trainer | Ep [005/500] T-Acc:  48.0%  V-Acc:  50.0%  V-AUROC: 0.5278  LR: 1.00e-04
2026-06-30 01:13:54,188 | [DYN-LATENT] | INFO | meta_classifier_renewed.model_trainers.meta_trainer | Ep [006/500] T-Acc:  76.0%  V-Acc:  50.0%  V-AUROC: 0.5556  LR: 1.00e-04
2026-06-30 01:13:54,741 | [DYN-LATENT] | INFO | meta_classifier_renewed.model_trainers.meta_trainer | Ep [007/500] T-Acc:  68.0%  V-Acc:  50.0%  V-AUROC: 0.5278  LR: 1.00e-04
2026-06-30 01:13:55,296 | [DYN-LATENT] | INFO | meta_classifier_renewed.model_trainers.meta_trainer | Ep [008/500] T-Acc:  92.0%  V-Acc:  50.0%  V-AUROC: 0.5556  LR: 1.00e-04
2026-06-30 01:13:55,870 | [DYN-LATENT] | INFO | meta_classifier_renewed.model_trainers.meta_trainer | Ep [009/500] T-Acc:  60.0%  V-Acc:  50.0%  V-AUROC: 0.5278  LR: 1.00e-04
2026-06-30 01:13:56,449 | [DYN-LATENT] | INFO | meta_classifier_renewed.model_trainers.meta_trainer | Ep [010/500] T-Acc:  64.0%  V-Acc:  41.7%  V-AUROC: 0.5556  LR: 1.00e-04
2026-06-30 01:13:57,026 | [DYN-LATENT] | INFO | meta_classifier_renewed.model_trainers.meta_trainer | Ep [011/500] T-Acc:  92.0%  V-Acc:  58.3%  V-AUROC: 0.5278  LR: 1.00e-04
2026-06-30 01:13:57,595 | [DYN-LATENT] | INFO | meta_classifier_renewed.model_trainers.meta_trainer | Ep [012/500] T-Acc:  80.0%  V-Acc:  41.7%  V-AUROC: 0.5833  LR: 1.00e-04
2026-06-30 01:13:58,177 | [DYN-LATENT] | INFO | meta_classifier_renewed.model_trainers.meta_trainer | Ep [013/500] T-Acc:  64.0%  V-Acc:  50.0%  V-AUROC: 0.5833  LR: 1.00e-04
2026-06-30 01:13:58,748 | [DYN-LATENT] | INFO | meta_classifier_renewed.model_trainers.meta_trainer | Ep [014/500] T-Acc:  52.0%  V-Acc:  41.7%  V-AUROC: 0.5556  LR: 1.00e-04
2026-06-30 01:13:59,321 | [DYN-LATENT] | INFO | meta_classifier_renewed.model_trainers.meta_trainer | Ep [015/500] T-Acc:  68.0%  V-Acc:  50.0%  V-AUROC: 0.5000  LR: 1.00e-04
2026-06-30 01:13:59,893 | [DYN-LATENT] | INFO | meta_classifier_renewed.model_trainers.meta_trainer | Ep [016/500] T-Acc:  80.0%  V-Acc:  41.7%  V-AUROC: 0.5278  LR: 1.00e-04
2026-06-30 01:14:00,486 | [DYN-LATENT] | INFO | meta_classifier_renewed.model_trainers.meta_trainer | Ep [017/500] T-Acc:  76.0%  V-Acc:  58.3%  V-AUROC: 0.5278  LR: 1.00e-04
2026-06-30 01:14:01,478 | [DYN-LATENT] | INFO | meta_classifier_renewed.model_trainers.meta_trainer | Ep [018/500] T-Acc:  72.0%  V-Acc:  58.3%  V-AUROC: 0.5556  LR: 1.00e-04
2026-06-30 01:14:02,104 | [DYN-LATENT] | INFO | meta_classifier_renewed.model_trainers.meta_trainer | Ep [019/500] T-Acc:  80.0%  V-Acc:  58.3%  V-AUROC: 0.5833  LR: 1.00e-04
2026-06-30 01:14:02,680 | [DYN-LATENT] | INFO | meta_classifier_renewed.model_trainers.meta_trainer | Ep [020/500] T-Acc:  84.0%  V-Acc:  58.3%  V-AUROC: 0.5556  LR: 1.00e-04
2026-06-30 01:14:03,201 | [DYN-LATENT] | INFO | meta_classifier_renewed.model_trainers.meta_trainer | Ep [021/500] T-Acc:  76.0%  V-Acc:  58.3%  V-AUROC: 0.5278  LR: 1.00e-04
2026-06-30 01:14:03,728 | [DYN-LATENT] | INFO | meta_classifier_renewed.model_trainers.meta_trainer | Ep [022/500] T-Acc:  76.0%  V-Acc:  58.3%  V-AUROC: 0.5278  LR: 1.00e-04
2026-06-30 01:14:04,276 | [DYN-LATENT] | INFO | meta_classifier_renewed.model_trainers.meta_trainer | Ep [023/500] T-Acc:  80.0%  V-Acc:  58.3%  V-AUROC: 0.5833  LR: 1.00e-04
2026-06-30 01:14:04,808 | [DYN-LATENT] | INFO | meta_classifier_renewed.model_trainers.meta_trainer | Ep [024/500] T-Acc:  88.0%  V-Acc:  58.3%  V-AUROC: 0.5556  LR: 2.00e-05
2026-06-30 01:14:05,335 | [DYN-LATENT] | INFO | meta_classifier_renewed.model_trainers.meta_trainer | Ep [025/500] T-Acc:  96.0%  V-Acc:  58.3%  V-AUROC: 0.5556  LR: 2.00e-05
2026-06-30 01:14:05,889 | [DYN-LATENT] | INFO | meta_classifier_renewed.model_trainers.meta_trainer | Ep [026/500] T-Acc:  84.0%  V-Acc:  58.3%  V-AUROC: 0.5556  LR: 2.00e-05
2026-06-30 01:14:06,606 | [DYN-LATENT] | INFO | meta_classifier_renewed.model_trainers.meta_trainer | Ep [027/500] T-Acc:  88.0%  V-Acc:  58.3%  V-AUROC: 0.5278  LR: 2.00e-05
2026-06-30 01:14:07,183 | [DYN-LATENT] | INFO | meta_classifier_renewed.model_trainers.meta_trainer | Ep [028/500] T-Acc:  84.0%  V-Acc:  58.3%  V-AUROC: 0.5278  LR: 2.00e-05
2026-06-30 01:14:07,757 | [DYN-LATENT] | INFO | meta_classifier_renewed.model_trainers.meta_trainer | Ep [029/500] T-Acc:  76.0%  V-Acc:  58.3%  V-AUROC: 0.5278  LR: 2.00e-05
2026-06-30 01:14:08,334 | [DYN-LATENT] | INFO | meta_classifier_renewed.model_trainers.meta_trainer | Ep [030/500] T-Acc:  84.0%  V-Acc:  58.3%  V-AUROC: 0.5278  LR: 2.00e-05
2026-06-30 01:14:08,907 | [DYN-LATENT] | INFO | meta_classifier_renewed.model_trainers.meta_trainer | Ep [031/500] T-Acc:  80.0%  V-Acc:  66.7%  V-AUROC: 0.5278  LR: 2.00e-05
2026-06-30 01:14:09,481 | [DYN-LATENT] | INFO | meta_classifier_renewed.model_trainers.meta_trainer | Ep [032/500] T-Acc:  80.0%  V-Acc:  66.7%  V-AUROC: 0.5278  LR: 2.00e-05
2026-06-30 01:14:10,058 | [DYN-LATENT] | INFO | meta_classifier_renewed.model_trainers.meta_trainer | Ep [033/500] T-Acc:  84.0%  V-Acc:  58.3%  V-AUROC: 0.5278  LR: 2.00e-05
2026-06-30 01:14:10,059 | [DYN-LATENT] | INFO | meta_classifier_renewed.model_trainers.meta_trainer | Early stop — best AUROC 0.6389 at epoch 3
2026-06-30 01:14:10,428 | [DYN-LATENT] | INFO | meta_classifier_renewed.evaluators.monte_carlo_evaluator | -> Fold 26 Result | Acc=0.500 Sens=1.000 Spec=0.000 AUROC=0.639
2026-06-30 01:14:10,458 | [DYN-LATENT] | INFO | meta_classifier_renewed.evaluators.monte_carlo_evaluator | === Fold 27/30 | train: 25 subj | test: 12 subj ===
2026-06-30 01:14:11,045 | [DYN-LATENT] | INFO | meta_classifier_renewed.model_trainers.meta_trainer | Ep [001/500] T-Acc:  40.0%  V-Acc:  41.7%  V-AUROC: 0.4571  LR: 2.00e-05
2026-06-30 01:14:11,728 | [DYN-LATENT] | INFO | meta_classifier_renewed.model_trainers.meta_trainer | Ep [002/500] T-Acc:  44.0%  V-Acc:  41.7%  V-AUROC: 0.5143  LR: 4.00e-05
2026-06-30 01:14:12,770 | [DYN-LATENT] | INFO | meta_classifier_renewed.model_trainers.meta_trainer | Ep [003/500] T-Acc:  44.0%  V-Acc:  58.3%  V-AUROC: 0.5429  LR: 6.00e-05
2026-06-30 01:14:13,673 | [DYN-LATENT] | INFO | meta_classifier_renewed.model_trainers.meta_trainer | Ep [004/500] T-Acc:  52.0%  V-Acc:  58.3%  V-AUROC: 0.6000  LR: 8.00e-05
2026-06-30 01:14:14,350 | [DYN-LATENT] | INFO | meta_classifier_renewed.model_trainers.meta_trainer | Ep [005/500] T-Acc:  36.0%  V-Acc:  58.3%  V-AUROC: 0.5429  LR: 1.00e-04
2026-06-30 01:14:14,945 | [DYN-LATENT] | INFO | meta_classifier_renewed.model_trainers.meta_trainer | Ep [006/500] T-Acc:  56.0%  V-Acc:  50.0%  V-AUROC: 0.5143  LR: 1.00e-04
2026-06-30 01:14:15,513 | [DYN-LATENT] | INFO | meta_classifier_renewed.model_trainers.meta_trainer | Ep [007/500] T-Acc:  68.0%  V-Acc:  66.7%  V-AUROC: 0.5714  LR: 1.00e-04
2026-06-30 01:14:16,214 | [DYN-LATENT] | INFO | meta_classifier_renewed.model_trainers.meta_trainer | Ep [008/500] T-Acc:  72.0%  V-Acc:  58.3%  V-AUROC: 0.5429  LR: 1.00e-04
2026-06-30 01:14:16,918 | [DYN-LATENT] | INFO | meta_classifier_renewed.model_trainers.meta_trainer | Ep [009/500] T-Acc:  64.0%  V-Acc:  58.3%  V-AUROC: 0.5429  LR: 1.00e-04
2026-06-30 01:14:17,495 | [DYN-LATENT] | INFO | meta_classifier_renewed.model_trainers.meta_trainer | Ep [010/500] T-Acc:  68.0%  V-Acc:  58.3%  V-AUROC: 0.5714  LR: 1.00e-04
2026-06-30 01:14:18,073 | [DYN-LATENT] | INFO | meta_classifier_renewed.model_trainers.meta_trainer | Ep [011/500] T-Acc:  52.0%  V-Acc:  66.7%  V-AUROC: 0.6286  LR: 1.00e-04
2026-06-30 01:14:18,718 | [DYN-LATENT] | INFO | meta_classifier_renewed.model_trainers.meta_trainer | Ep [012/500] T-Acc:  52.0%  V-Acc:  58.3%  V-AUROC: 0.6571  LR: 1.00e-04
2026-06-30 01:14:19,364 | [DYN-LATENT] | INFO | meta_classifier_renewed.model_trainers.meta_trainer | Ep [013/500] T-Acc:  56.0%  V-Acc:  66.7%  V-AUROC: 0.6857  LR: 1.00e-04
2026-06-30 01:14:20,041 | [DYN-LATENT] | INFO | meta_classifier_renewed.model_trainers.meta_trainer | Ep [014/500] T-Acc:  72.0%  V-Acc:  66.7%  V-AUROC: 0.6286  LR: 1.00e-04
2026-06-30 01:14:20,625 | [DYN-LATENT] | INFO | meta_classifier_renewed.model_trainers.meta_trainer | Ep [015/500] T-Acc:  60.0%  V-Acc:  66.7%  V-AUROC: 0.6571  LR: 1.00e-04
2026-06-30 01:14:21,274 | [DYN-LATENT] | INFO | meta_classifier_renewed.model_trainers.meta_trainer | Ep [016/500] T-Acc:  52.0%  V-Acc:  58.3%  V-AUROC: 0.6571  LR: 1.00e-04
2026-06-30 01:14:21,922 | [DYN-LATENT] | INFO | meta_classifier_renewed.model_trainers.meta_trainer | Ep [017/500] T-Acc:  80.0%  V-Acc:  66.7%  V-AUROC: 0.6571  LR: 1.00e-04
2026-06-30 01:14:22,490 | [DYN-LATENT] | INFO | meta_classifier_renewed.model_trainers.meta_trainer | Ep [018/500] T-Acc:  60.0%  V-Acc:  58.3%  V-AUROC: 0.6857  LR: 1.00e-04
2026-06-30 01:14:23,054 | [DYN-LATENT] | INFO | meta_classifier_renewed.model_trainers.meta_trainer | Ep [019/500] T-Acc:  64.0%  V-Acc:  58.3%  V-AUROC: 0.6286  LR: 1.00e-04
2026-06-30 01:14:23,631 | [DYN-LATENT] | INFO | meta_classifier_renewed.model_trainers.meta_trainer | Ep [020/500] T-Acc:  48.0%  V-Acc:  41.7%  V-AUROC: 0.6286  LR: 1.00e-04
2026-06-30 01:14:24,196 | [DYN-LATENT] | INFO | meta_classifier_renewed.model_trainers.meta_trainer | Ep [021/500] T-Acc:  60.0%  V-Acc:  50.0%  V-AUROC: 0.6571  LR: 1.00e-04
2026-06-30 01:14:24,744 | [DYN-LATENT] | INFO | meta_classifier_renewed.model_trainers.meta_trainer | Ep [022/500] T-Acc:  52.0%  V-Acc:  41.7%  V-AUROC: 0.6857  LR: 1.00e-04
2026-06-30 01:14:25,285 | [DYN-LATENT] | INFO | meta_classifier_renewed.model_trainers.meta_trainer | Ep [023/500] T-Acc:  64.0%  V-Acc:  66.7%  V-AUROC: 0.6857  LR: 1.00e-04
2026-06-30 01:14:25,822 | [DYN-LATENT] | INFO | meta_classifier_renewed.model_trainers.meta_trainer | Ep [024/500] T-Acc:  68.0%  V-Acc:  75.0%  V-AUROC: 0.6857  LR: 1.00e-04
2026-06-30 01:14:26,408 | [DYN-LATENT] | INFO | meta_classifier_renewed.model_trainers.meta_trainer | Ep [025/500] T-Acc:  68.0%  V-Acc:  66.7%  V-AUROC: 0.6857  LR: 2.00e-05
2026-06-30 01:14:26,999 | [DYN-LATENT] | INFO | meta_classifier_renewed.model_trainers.meta_trainer | Ep [026/500] T-Acc:  60.0%  V-Acc:  66.7%  V-AUROC: 0.6857  LR: 2.00e-05
2026-06-30 01:14:27,571 | [DYN-LATENT] | INFO | meta_classifier_renewed.model_trainers.meta_trainer | Ep [027/500] T-Acc:  88.0%  V-Acc:  66.7%  V-AUROC: 0.6857  LR: 2.00e-05
2026-06-30 01:14:28,139 | [DYN-LATENT] | INFO | meta_classifier_renewed.model_trainers.meta_trainer | Ep [028/500] T-Acc:  76.0%  V-Acc:  66.7%  V-AUROC: 0.6857  LR: 2.00e-05
2026-06-30 01:14:28,696 | [DYN-LATENT] | INFO | meta_classifier_renewed.model_trainers.meta_trainer | Ep [029/500] T-Acc:  72.0%  V-Acc:  66.7%  V-AUROC: 0.6857  LR: 2.00e-05
2026-06-30 01:14:29,246 | [DYN-LATENT] | INFO | meta_classifier_renewed.model_trainers.meta_trainer | Ep [030/500] T-Acc:  84.0%  V-Acc:  66.7%  V-AUROC: 0.6857  LR: 2.00e-05
2026-06-30 01:14:29,791 | [DYN-LATENT] | INFO | meta_classifier_renewed.model_trainers.meta_trainer | Ep [031/500] T-Acc:  72.0%  V-Acc:  66.7%  V-AUROC: 0.6857  LR: 2.00e-05
2026-06-30 01:14:30,316 | [DYN-LATENT] | INFO | meta_classifier_renewed.model_trainers.meta_trainer | Ep [032/500] T-Acc:  84.0%  V-Acc:  66.7%  V-AUROC: 0.6857  LR: 2.00e-05
2026-06-30 01:14:30,857 | [DYN-LATENT] | INFO | meta_classifier_renewed.model_trainers.meta_trainer | Ep [033/500] T-Acc:  76.0%  V-Acc:  66.7%  V-AUROC: 0.6857  LR: 2.00e-05
2026-06-30 01:14:31,474 | [DYN-LATENT] | INFO | meta_classifier_renewed.model_trainers.meta_trainer | Ep [034/500] T-Acc:  76.0%  V-Acc:  66.7%  V-AUROC: 0.6857  LR: 2.00e-05
2026-06-30 01:14:32,053 | [DYN-LATENT] | INFO | meta_classifier_renewed.model_trainers.meta_trainer | Ep [035/500] T-Acc:  64.0%  V-Acc:  66.7%  V-AUROC: 0.6857  LR: 2.00e-05
2026-06-30 01:14:32,588 | [DYN-LATENT] | INFO | meta_classifier_renewed.model_trainers.meta_trainer | Ep [036/500] T-Acc:  68.0%  V-Acc:  66.7%  V-AUROC: 0.6857  LR: 4.00e-06
2026-06-30 01:14:33,134 | [DYN-LATENT] | INFO | meta_classifier_renewed.model_trainers.meta_trainer | Ep [037/500] T-Acc:  72.0%  V-Acc:  66.7%  V-AUROC: 0.6857  LR: 4.00e-06
2026-06-30 01:14:33,687 | [DYN-LATENT] | INFO | meta_classifier_renewed.model_trainers.meta_trainer | Ep [038/500] T-Acc:  64.0%  V-Acc:  66.7%  V-AUROC: 0.6857  LR: 4.00e-06
2026-06-30 01:14:34,229 | [DYN-LATENT] | INFO | meta_classifier_renewed.model_trainers.meta_trainer | Ep [039/500] T-Acc:  68.0%  V-Acc:  66.7%  V-AUROC: 0.6857  LR: 4.00e-06
2026-06-30 01:14:34,774 | [DYN-LATENT] | INFO | meta_classifier_renewed.model_trainers.meta_trainer | Ep [040/500] T-Acc:  72.0%  V-Acc:  66.7%  V-AUROC: 0.6857  LR: 4.00e-06
2026-06-30 01:14:35,296 | [DYN-LATENT] | INFO | meta_classifier_renewed.model_trainers.meta_trainer | Ep [041/500] T-Acc:  76.0%  V-Acc:  66.7%  V-AUROC: 0.6857  LR: 4.00e-06
2026-06-30 01:14:35,870 | [DYN-LATENT] | INFO | meta_classifier_renewed.model_trainers.meta_trainer | Ep [042/500] T-Acc:  80.0%  V-Acc:  66.7%  V-AUROC: 0.6857  LR: 4.00e-06
2026-06-30 01:14:36,431 | [DYN-LATENT] | INFO | meta_classifier_renewed.model_trainers.meta_trainer | Ep [043/500] T-Acc:  72.0%  V-Acc:  66.7%  V-AUROC: 0.6571  LR: 4.00e-06
2026-06-30 01:14:36,431 | [DYN-LATENT] | INFO | meta_classifier_renewed.model_trainers.meta_trainer | Early stop — best AUROC 0.6857 at epoch 13
2026-06-30 01:14:36,720 | [DYN-LATENT] | INFO | meta_classifier_renewed.evaluators.monte_carlo_evaluator | -> Fold 27 Result | Acc=0.667 Sens=0.571 Spec=0.800 AUROC=0.686
2026-06-30 01:14:36,750 | [DYN-LATENT] | INFO | meta_classifier_renewed.evaluators.monte_carlo_evaluator | === Fold 28/30 | train: 25 subj | test: 12 subj ===
2026-06-30 01:14:37,389 | [DYN-LATENT] | INFO | meta_classifier_renewed.model_trainers.meta_trainer | Ep [001/500] T-Acc:  52.0%  V-Acc:  50.0%  V-AUROC: 0.6857  LR: 2.00e-05
2026-06-30 01:14:38,069 | [DYN-LATENT] | INFO | meta_classifier_renewed.model_trainers.meta_trainer | Ep [002/500] T-Acc:  56.0%  V-Acc:  66.7%  V-AUROC: 0.6571  LR: 4.00e-05
2026-06-30 01:14:38,634 | [DYN-LATENT] | INFO | meta_classifier_renewed.model_trainers.meta_trainer | Ep [003/500] T-Acc:  32.0%  V-Acc:  58.3%  V-AUROC: 0.7714  LR: 6.00e-05
2026-06-30 01:14:39,365 | [DYN-LATENT] | INFO | meta_classifier_renewed.model_trainers.meta_trainer | Ep [004/500] T-Acc:  56.0%  V-Acc:  58.3%  V-AUROC: 0.6286  LR: 8.00e-05
2026-06-30 01:14:39,974 | [DYN-LATENT] | INFO | meta_classifier_renewed.model_trainers.meta_trainer | Ep [005/500] T-Acc:  72.0%  V-Acc:  58.3%  V-AUROC: 0.5429  LR: 1.00e-04
2026-06-30 01:14:40,554 | [DYN-LATENT] | INFO | meta_classifier_renewed.model_trainers.meta_trainer | Ep [006/500] T-Acc:  64.0%  V-Acc:  58.3%  V-AUROC: 0.4857  LR: 1.00e-04
2026-06-30 01:14:41,119 | [DYN-LATENT] | INFO | meta_classifier_renewed.model_trainers.meta_trainer | Ep [007/500] T-Acc:  76.0%  V-Acc:  50.0%  V-AUROC: 0.5429  LR: 1.00e-04
2026-06-30 01:14:41,705 | [DYN-LATENT] | INFO | meta_classifier_renewed.model_trainers.meta_trainer | Ep [008/500] T-Acc:  64.0%  V-Acc:  50.0%  V-AUROC: 0.5429  LR: 1.00e-04
2026-06-30 01:14:42,254 | [DYN-LATENT] | INFO | meta_classifier_renewed.model_trainers.meta_trainer | Ep [009/500] T-Acc:  64.0%  V-Acc:  50.0%  V-AUROC: 0.4571  LR: 1.00e-04
2026-06-30 01:14:42,827 | [DYN-LATENT] | INFO | meta_classifier_renewed.model_trainers.meta_trainer | Ep [010/500] T-Acc:  68.0%  V-Acc:  58.3%  V-AUROC: 0.4286  LR: 1.00e-04
2026-06-30 01:14:43,380 | [DYN-LATENT] | INFO | meta_classifier_renewed.model_trainers.meta_trainer | Ep [011/500] T-Acc:  84.0%  V-Acc:  58.3%  V-AUROC: 0.4000  LR: 1.00e-04
2026-06-30 01:14:43,950 | [DYN-LATENT] | INFO | meta_classifier_renewed.model_trainers.meta_trainer | Ep [012/500] T-Acc:  76.0%  V-Acc:  50.0%  V-AUROC: 0.4571  LR: 1.00e-04
2026-06-30 01:14:44,489 | [DYN-LATENT] | INFO | meta_classifier_renewed.model_trainers.meta_trainer | Ep [013/500] T-Acc:  72.0%  V-Acc:  58.3%  V-AUROC: 0.5429  LR: 1.00e-04
2026-06-30 01:14:45,038 | [DYN-LATENT] | INFO | meta_classifier_renewed.model_trainers.meta_trainer | Ep [014/500] T-Acc:  68.0%  V-Acc:  50.0%  V-AUROC: 0.5429  LR: 1.00e-04
2026-06-30 01:14:45,602 | [DYN-LATENT] | INFO | meta_classifier_renewed.model_trainers.meta_trainer | Ep [015/500] T-Acc:  72.0%  V-Acc:  41.7%  V-AUROC: 0.5143  LR: 1.00e-04
2026-06-30 01:14:46,468 | [DYN-LATENT] | INFO | meta_classifier_renewed.model_trainers.meta_trainer | Ep [016/500] T-Acc:  68.0%  V-Acc:  50.0%  V-AUROC: 0.4000  LR: 1.00e-04
2026-06-30 01:14:47,066 | [DYN-LATENT] | INFO | meta_classifier_renewed.model_trainers.meta_trainer | Ep [017/500] T-Acc:  80.0%  V-Acc:  58.3%  V-AUROC: 0.3714  LR: 1.00e-04
2026-06-30 01:14:47,578 | [DYN-LATENT] | INFO | meta_classifier_renewed.model_trainers.meta_trainer | Ep [018/500] T-Acc:  72.0%  V-Acc:  58.3%  V-AUROC: 0.3714  LR: 1.00e-04
2026-06-30 01:14:48,070 | [DYN-LATENT] | INFO | meta_classifier_renewed.model_trainers.meta_trainer | Ep [019/500] T-Acc:  76.0%  V-Acc:  58.3%  V-AUROC: 0.3714  LR: 2.00e-05
2026-06-30 01:14:48,615 | [DYN-LATENT] | INFO | meta_classifier_renewed.model_trainers.meta_trainer | Ep [020/500] T-Acc:  72.0%  V-Acc:  58.3%  V-AUROC: 0.3714  LR: 2.00e-05
2026-06-30 01:14:49,134 | [DYN-LATENT] | INFO | meta_classifier_renewed.model_trainers.meta_trainer | Ep [021/500] T-Acc:  76.0%  V-Acc:  50.0%  V-AUROC: 0.3714  LR: 2.00e-05
2026-06-30 01:14:49,679 | [DYN-LATENT] | INFO | meta_classifier_renewed.model_trainers.meta_trainer | Ep [022/500] T-Acc:  76.0%  V-Acc:  50.0%  V-AUROC: 0.4000  LR: 2.00e-05
2026-06-30 01:14:50,261 | [DYN-LATENT] | INFO | meta_classifier_renewed.model_trainers.meta_trainer | Ep [023/500] T-Acc:  76.0%  V-Acc:  33.3%  V-AUROC: 0.4000  LR: 2.00e-05
2026-06-30 01:14:50,865 | [DYN-LATENT] | INFO | meta_classifier_renewed.model_trainers.meta_trainer | Ep [024/500] T-Acc:  72.0%  V-Acc:  41.7%  V-AUROC: 0.4286  LR: 2.00e-05
2026-06-30 01:14:51,528 | [DYN-LATENT] | INFO | meta_classifier_renewed.model_trainers.meta_trainer | Ep [025/500] T-Acc:  64.0%  V-Acc:  41.7%  V-AUROC: 0.4286  LR: 2.00e-05
2026-06-30 01:14:52,103 | [DYN-LATENT] | INFO | meta_classifier_renewed.model_trainers.meta_trainer | Ep [026/500] T-Acc:  80.0%  V-Acc:  41.7%  V-AUROC: 0.4571  LR: 2.00e-05
2026-06-30 01:14:52,666 | [DYN-LATENT] | INFO | meta_classifier_renewed.model_trainers.meta_trainer | Ep [027/500] T-Acc:  72.0%  V-Acc:  41.7%  V-AUROC: 0.4571  LR: 2.00e-05
2026-06-30 01:14:53,200 | [DYN-LATENT] | INFO | meta_classifier_renewed.model_trainers.meta_trainer | Ep [028/500] T-Acc:  72.0%  V-Acc:  41.7%  V-AUROC: 0.4571  LR: 2.00e-05
2026-06-30 01:14:53,701 | [DYN-LATENT] | INFO | meta_classifier_renewed.model_trainers.meta_trainer | Ep [029/500] T-Acc:  84.0%  V-Acc:  41.7%  V-AUROC: 0.4571  LR: 2.00e-05
2026-06-30 01:14:54,257 | [DYN-LATENT] | INFO | meta_classifier_renewed.model_trainers.meta_trainer | Ep [030/500] T-Acc:  76.0%  V-Acc:  41.7%  V-AUROC: 0.4571  LR: 4.00e-06
2026-06-30 01:14:54,806 | [DYN-LATENT] | INFO | meta_classifier_renewed.model_trainers.meta_trainer | Ep [031/500] T-Acc:  76.0%  V-Acc:  41.7%  V-AUROC: 0.4571  LR: 4.00e-06
2026-06-30 01:14:55,384 | [DYN-LATENT] | INFO | meta_classifier_renewed.model_trainers.meta_trainer | Ep [032/500] T-Acc:  72.0%  V-Acc:  41.7%  V-AUROC: 0.4571  LR: 4.00e-06
2026-06-30 01:14:55,981 | [DYN-LATENT] | INFO | meta_classifier_renewed.model_trainers.meta_trainer | Ep [033/500] T-Acc:  72.0%  V-Acc:  41.7%  V-AUROC: 0.4571  LR: 4.00e-06
2026-06-30 01:14:55,981 | [DYN-LATENT] | INFO | meta_classifier_renewed.model_trainers.meta_trainer | Early stop — best AUROC 0.7714 at epoch 3
2026-06-30 01:14:56,340 | [DYN-LATENT] | INFO | meta_classifier_renewed.evaluators.monte_carlo_evaluator | -> Fold 28 Result | Acc=0.583 Sens=1.000 Spec=0.000 AUROC=0.771
2026-06-30 01:14:56,364 | [DYN-LATENT] | INFO | meta_classifier_renewed.evaluators.monte_carlo_evaluator | === Fold 29/30 | train: 25 subj | test: 12 subj ===
2026-06-30 01:14:56,953 | [DYN-LATENT] | INFO | meta_classifier_renewed.model_trainers.meta_trainer | Ep [001/500] T-Acc:  44.0%  V-Acc:  41.7%  V-AUROC: 0.6500  LR: 2.00e-05
2026-06-30 01:14:57,611 | [DYN-LATENT] | INFO | meta_classifier_renewed.model_trainers.meta_trainer | Ep [002/500] T-Acc:  56.0%  V-Acc:  75.0%  V-AUROC: 0.6500  LR: 4.00e-05
2026-06-30 01:14:58,173 | [DYN-LATENT] | INFO | meta_classifier_renewed.model_trainers.meta_trainer | Ep [003/500] T-Acc:  40.0%  V-Acc:  75.0%  V-AUROC: 0.7000  LR: 6.00e-05
2026-06-30 01:14:59,023 | [DYN-LATENT] | INFO | meta_classifier_renewed.model_trainers.meta_trainer | Ep [004/500] T-Acc:  72.0%  V-Acc:  58.3%  V-AUROC: 0.7000  LR: 8.00e-05
2026-06-30 01:14:59,612 | [DYN-LATENT] | INFO | meta_classifier_renewed.model_trainers.meta_trainer | Ep [005/500] T-Acc:  60.0%  V-Acc:  25.0%  V-AUROC: 0.6500  LR: 1.00e-04
2026-06-30 01:15:00,153 | [DYN-LATENT] | INFO | meta_classifier_renewed.model_trainers.meta_trainer | Ep [006/500] T-Acc:  56.0%  V-Acc:  58.3%  V-AUROC: 0.7000  LR: 1.00e-04
2026-06-30 01:15:00,704 | [DYN-LATENT] | INFO | meta_classifier_renewed.model_trainers.meta_trainer | Ep [007/500] T-Acc:  48.0%  V-Acc:  66.7%  V-AUROC: 0.7000  LR: 1.00e-04
2026-06-30 01:15:01,479 | [DYN-LATENT] | INFO | meta_classifier_renewed.model_trainers.meta_trainer | Ep [008/500] T-Acc:  76.0%  V-Acc:  66.7%  V-AUROC: 0.7000  LR: 1.00e-04
2026-06-30 01:15:02,130 | [DYN-LATENT] | INFO | meta_classifier_renewed.model_trainers.meta_trainer | Ep [009/500] T-Acc:  60.0%  V-Acc:  66.7%  V-AUROC: 0.6000  LR: 1.00e-04
2026-06-30 01:15:02,748 | [DYN-LATENT] | INFO | meta_classifier_renewed.model_trainers.meta_trainer | Ep [010/500] T-Acc:  72.0%  V-Acc:  58.3%  V-AUROC: 0.6500  LR: 1.00e-04
2026-06-30 01:15:03,298 | [DYN-LATENT] | INFO | meta_classifier_renewed.model_trainers.meta_trainer | Ep [011/500] T-Acc:  64.0%  V-Acc:  58.3%  V-AUROC: 0.5500  LR: 1.00e-04
2026-06-30 01:15:03,839 | [DYN-LATENT] | INFO | meta_classifier_renewed.model_trainers.meta_trainer | Ep [012/500] T-Acc:  64.0%  V-Acc:  58.3%  V-AUROC: 0.5500  LR: 1.00e-04
2026-06-30 01:15:04,364 | [DYN-LATENT] | INFO | meta_classifier_renewed.model_trainers.meta_trainer | Ep [013/500] T-Acc:  72.0%  V-Acc:  50.0%  V-AUROC: 0.5500  LR: 1.00e-04
2026-06-30 01:15:04,873 | [DYN-LATENT] | INFO | meta_classifier_renewed.model_trainers.meta_trainer | Ep [014/500] T-Acc:  68.0%  V-Acc:  66.7%  V-AUROC: 0.5500  LR: 1.00e-04
2026-06-30 01:15:05,399 | [DYN-LATENT] | INFO | meta_classifier_renewed.model_trainers.meta_trainer | Ep [015/500] T-Acc:  68.0%  V-Acc:  58.3%  V-AUROC: 0.5500  LR: 1.00e-04
2026-06-30 01:15:05,957 | [DYN-LATENT] | INFO | meta_classifier_renewed.model_trainers.meta_trainer | Ep [016/500] T-Acc:  68.0%  V-Acc:  58.3%  V-AUROC: 0.5500  LR: 1.00e-04
2026-06-30 01:15:06,595 | [DYN-LATENT] | INFO | meta_classifier_renewed.model_trainers.meta_trainer | Ep [017/500] T-Acc:  64.0%  V-Acc:  58.3%  V-AUROC: 0.5500  LR: 1.00e-04
2026-06-30 01:15:07,196 | [DYN-LATENT] | INFO | meta_classifier_renewed.model_trainers.meta_trainer | Ep [018/500] T-Acc:  60.0%  V-Acc:  58.3%  V-AUROC: 0.5500  LR: 2.00e-05
2026-06-30 01:15:07,759 | [DYN-LATENT] | INFO | meta_classifier_renewed.model_trainers.meta_trainer | Ep [019/500] T-Acc:  76.0%  V-Acc:  58.3%  V-AUROC: 0.5500  LR: 2.00e-05
2026-06-30 01:15:08,314 | [DYN-LATENT] | INFO | meta_classifier_renewed.model_trainers.meta_trainer | Ep [020/500] T-Acc:  76.0%  V-Acc:  50.0%  V-AUROC: 0.5500  LR: 2.00e-05
2026-06-30 01:15:08,889 | [DYN-LATENT] | INFO | meta_classifier_renewed.model_trainers.meta_trainer | Ep [021/500] T-Acc:  84.0%  V-Acc:  58.3%  V-AUROC: 0.5500  LR: 2.00e-05
2026-06-30 01:15:09,445 | [DYN-LATENT] | INFO | meta_classifier_renewed.model_trainers.meta_trainer | Ep [022/500] T-Acc:  76.0%  V-Acc:  58.3%  V-AUROC: 0.5500  LR: 2.00e-05
2026-06-30 01:15:09,974 | [DYN-LATENT] | INFO | meta_classifier_renewed.model_trainers.meta_trainer | Ep [023/500] T-Acc:  84.0%  V-Acc:  58.3%  V-AUROC: 0.5500  LR: 2.00e-05
2026-06-30 01:15:10,512 | [DYN-LATENT] | INFO | meta_classifier_renewed.model_trainers.meta_trainer | Ep [024/500] T-Acc:  84.0%  V-Acc:  58.3%  V-AUROC: 0.5500  LR: 2.00e-05
2026-06-30 01:15:11,053 | [DYN-LATENT] | INFO | meta_classifier_renewed.model_trainers.meta_trainer | Ep [025/500] T-Acc:  68.0%  V-Acc:  58.3%  V-AUROC: 0.5500  LR: 2.00e-05
2026-06-30 01:15:11,645 | [DYN-LATENT] | INFO | meta_classifier_renewed.model_trainers.meta_trainer | Ep [026/500] T-Acc:  92.0%  V-Acc:  58.3%  V-AUROC: 0.5500  LR: 2.00e-05
2026-06-30 01:15:12,241 | [DYN-LATENT] | INFO | meta_classifier_renewed.model_trainers.meta_trainer | Ep [027/500] T-Acc:  72.0%  V-Acc:  58.3%  V-AUROC: 0.5500  LR: 2.00e-05
2026-06-30 01:15:12,821 | [DYN-LATENT] | INFO | meta_classifier_renewed.model_trainers.meta_trainer | Ep [028/500] T-Acc:  76.0%  V-Acc:  50.0%  V-AUROC: 0.5500  LR: 2.00e-05
2026-06-30 01:15:13,448 | [DYN-LATENT] | INFO | meta_classifier_renewed.model_trainers.meta_trainer | Ep [029/500] T-Acc:  92.0%  V-Acc:  50.0%  V-AUROC: 0.5500  LR: 4.00e-06
2026-06-30 01:15:14,013 | [DYN-LATENT] | INFO | meta_classifier_renewed.model_trainers.meta_trainer | Ep [030/500] T-Acc:  88.0%  V-Acc:  50.0%  V-AUROC: 0.5500  LR: 4.00e-06
2026-06-30 01:15:14,547 | [DYN-LATENT] | INFO | meta_classifier_renewed.model_trainers.meta_trainer | Ep [031/500] T-Acc:  80.0%  V-Acc:  58.3%  V-AUROC: 0.5500  LR: 4.00e-06
2026-06-30 01:15:15,084 | [DYN-LATENT] | INFO | meta_classifier_renewed.model_trainers.meta_trainer | Ep [032/500] T-Acc:  76.0%  V-Acc:  58.3%  V-AUROC: 0.5500  LR: 4.00e-06
2026-06-30 01:15:15,606 | [DYN-LATENT] | INFO | meta_classifier_renewed.model_trainers.meta_trainer | Ep [033/500] T-Acc:  88.0%  V-Acc:  58.3%  V-AUROC: 0.5500  LR: 4.00e-06
2026-06-30 01:15:15,606 | [DYN-LATENT] | INFO | meta_classifier_renewed.model_trainers.meta_trainer | Early stop — best AUROC 0.7000 at epoch 3
2026-06-30 01:15:15,948 | [DYN-LATENT] | INFO | meta_classifier_renewed.evaluators.monte_carlo_evaluator | -> Fold 29 Result | Acc=0.667 Sens=0.800 Spec=0.000 AUROC=0.700
2026-06-30 01:15:15,975 | [DYN-LATENT] | INFO | meta_classifier_renewed.evaluators.monte_carlo_evaluator | === Fold 30/30 | train: 25 subj | test: 12 subj ===
2026-06-30 01:15:16,716 | [DYN-LATENT] | INFO | meta_classifier_renewed.model_trainers.meta_trainer | Ep [001/500] T-Acc:  52.0%  V-Acc:  75.0%  V-AUROC: 0.2593  LR: 2.00e-05
2026-06-30 01:15:17,384 | [DYN-LATENT] | INFO | meta_classifier_renewed.model_trainers.meta_trainer | Ep [002/500] T-Acc:  60.0%  V-Acc:  75.0%  V-AUROC: 0.2963  LR: 4.00e-05
2026-06-30 01:15:18,661 | [DYN-LATENT] | INFO | meta_classifier_renewed.model_trainers.meta_trainer | Ep [003/500] T-Acc:  56.0%  V-Acc:  75.0%  V-AUROC: 0.3333  LR: 6.00e-05
2026-06-30 01:15:19,407 | [DYN-LATENT] | INFO | meta_classifier_renewed.model_trainers.meta_trainer | Ep [004/500] T-Acc:  44.0%  V-Acc:  25.0%  V-AUROC: 0.6296  LR: 8.00e-05
2026-06-30 01:15:20,102 | [DYN-LATENT] | INFO | meta_classifier_renewed.model_trainers.meta_trainer | Ep [005/500] T-Acc:  60.0%  V-Acc:  25.0%  V-AUROC: 0.9259  LR: 1.00e-04
2026-06-30 01:15:21,746 | [DYN-LATENT] | INFO | meta_classifier_renewed.model_trainers.meta_trainer | Ep [006/500] T-Acc:  68.0%  V-Acc:  25.0%  V-AUROC: 0.9259  LR: 1.00e-04
2026-06-30 01:15:22,420 | [DYN-LATENT] | INFO | meta_classifier_renewed.model_trainers.meta_trainer | Ep [007/500] T-Acc:  56.0%  V-Acc:  33.3%  V-AUROC: 0.8889  LR: 1.00e-04
2026-06-30 01:15:22,953 | [DYN-LATENT] | INFO | meta_classifier_renewed.model_trainers.meta_trainer | Ep [008/500] T-Acc:  56.0%  V-Acc:  91.7%  V-AUROC: 0.8148  LR: 1.00e-04
2026-06-30 01:15:23,455 | [DYN-LATENT] | INFO | meta_classifier_renewed.model_trainers.meta_trainer | Ep [009/500] T-Acc:  48.0%  V-Acc:  83.3%  V-AUROC: 0.7778  LR: 1.00e-04
2026-06-30 01:15:23,960 | [DYN-LATENT] | INFO | meta_classifier_renewed.model_trainers.meta_trainer | Ep [010/500] T-Acc:  40.0%  V-Acc:  33.3%  V-AUROC: 0.7778  LR: 1.00e-04
2026-06-30 01:15:24,531 | [DYN-LATENT] | INFO | meta_classifier_renewed.model_trainers.meta_trainer | Ep [011/500] T-Acc:  52.0%  V-Acc:  25.0%  V-AUROC: 0.8148  LR: 1.00e-04
2026-06-30 01:15:25,036 | [DYN-LATENT] | INFO | meta_classifier_renewed.model_trainers.meta_trainer | Ep [012/500] T-Acc:  56.0%  V-Acc:  33.3%  V-AUROC: 0.8148  LR: 1.00e-04
2026-06-30 01:15:25,572 | [DYN-LATENT] | INFO | meta_classifier_renewed.model_trainers.meta_trainer | Ep [013/500] T-Acc:  56.0%  V-Acc:  25.0%  V-AUROC: 0.8148  LR: 1.00e-04
2026-06-30 01:15:26,137 | [DYN-LATENT] | INFO | meta_classifier_renewed.model_trainers.meta_trainer | Ep [014/500] T-Acc:  56.0%  V-Acc:  41.7%  V-AUROC: 0.7778  LR: 1.00e-04
2026-06-30 01:15:26,697 | [DYN-LATENT] | INFO | meta_classifier_renewed.model_trainers.meta_trainer | Ep [015/500] T-Acc:  60.0%  V-Acc:  58.3%  V-AUROC: 0.7778  LR: 1.00e-04
2026-06-30 01:15:27,228 | [DYN-LATENT] | INFO | meta_classifier_renewed.model_trainers.meta_trainer | Ep [016/500] T-Acc:  52.0%  V-Acc:  91.7%  V-AUROC: 0.7778  LR: 1.00e-04
2026-06-30 01:15:27,790 | [DYN-LATENT] | INFO | meta_classifier_renewed.model_trainers.meta_trainer | Ep [017/500] T-Acc:  64.0%  V-Acc:  75.0%  V-AUROC: 0.7778  LR: 1.00e-04
2026-06-30 01:15:28,347 | [DYN-LATENT] | INFO | meta_classifier_renewed.model_trainers.meta_trainer | Ep [018/500] T-Acc:  68.0%  V-Acc:  75.0%  V-AUROC: 0.7778  LR: 2.00e-05
2026-06-30 01:15:28,859 | [DYN-LATENT] | INFO | meta_classifier_renewed.model_trainers.meta_trainer | Ep [019/500] T-Acc:  64.0%  V-Acc:  91.7%  V-AUROC: 0.7778  LR: 2.00e-05
2026-06-30 01:15:29,402 | [DYN-LATENT] | INFO | meta_classifier_renewed.model_trainers.meta_trainer | Ep [020/500] T-Acc:  68.0%  V-Acc:  83.3%  V-AUROC: 0.8148  LR: 2.00e-05
2026-06-30 01:15:29,955 | [DYN-LATENT] | INFO | meta_classifier_renewed.model_trainers.meta_trainer | Ep [021/500] T-Acc:  60.0%  V-Acc:  50.0%  V-AUROC: 0.8148  LR: 2.00e-05
2026-06-30 01:15:30,501 | [DYN-LATENT] | INFO | meta_classifier_renewed.model_trainers.meta_trainer | Ep [022/500] T-Acc:  60.0%  V-Acc:  58.3%  V-AUROC: 0.8148  LR: 2.00e-05
2026-06-30 01:15:31,026 | [DYN-LATENT] | INFO | meta_classifier_renewed.model_trainers.meta_trainer | Ep [023/500] T-Acc:  64.0%  V-Acc:  41.7%  V-AUROC: 0.8148  LR: 2.00e-05
2026-06-30 01:15:31,678 | [DYN-LATENT] | INFO | meta_classifier_renewed.model_trainers.meta_trainer | Ep [024/500] T-Acc:  52.0%  V-Acc:  25.0%  V-AUROC: 0.8148  LR: 2.00e-05
2026-06-30 01:15:32,291 | [DYN-LATENT] | INFO | meta_classifier_renewed.model_trainers.meta_trainer | Ep [025/500] T-Acc:  36.0%  V-Acc:  25.0%  V-AUROC: 0.8148  LR: 2.00e-05
2026-06-30 01:15:33,006 | [DYN-LATENT] | INFO | meta_classifier_renewed.model_trainers.meta_trainer | Ep [026/500] T-Acc:  52.0%  V-Acc:  25.0%  V-AUROC: 0.8148  LR: 2.00e-05
2026-06-30 01:15:33,551 | [DYN-LATENT] | INFO | meta_classifier_renewed.model_trainers.meta_trainer | Ep [027/500] T-Acc:  60.0%  V-Acc:  58.3%  V-AUROC: 0.8148  LR: 2.00e-05
2026-06-30 01:15:34,098 | [DYN-LATENT] | INFO | meta_classifier_renewed.model_trainers.meta_trainer | Ep [028/500] T-Acc:  60.0%  V-Acc:  50.0%  V-AUROC: 0.8148  LR: 2.00e-05
2026-06-30 01:15:34,648 | [DYN-LATENT] | INFO | meta_classifier_renewed.model_trainers.meta_trainer | Ep [029/500] T-Acc:  56.0%  V-Acc:  50.0%  V-AUROC: 0.8148  LR: 4.00e-06
2026-06-30 01:15:35,241 | [DYN-LATENT] | INFO | meta_classifier_renewed.model_trainers.meta_trainer | Ep [030/500] T-Acc:  72.0%  V-Acc:  50.0%  V-AUROC: 0.8148  LR: 4.00e-06
2026-06-30 01:15:35,798 | [DYN-LATENT] | INFO | meta_classifier_renewed.model_trainers.meta_trainer | Ep [031/500] T-Acc:  64.0%  V-Acc:  50.0%  V-AUROC: 0.8148  LR: 4.00e-06
2026-06-30 01:15:36,381 | [DYN-LATENT] | INFO | meta_classifier_renewed.model_trainers.meta_trainer | Ep [032/500] T-Acc:  68.0%  V-Acc:  50.0%  V-AUROC: 0.8148  LR: 4.00e-06
2026-06-30 01:15:36,952 | [DYN-LATENT] | INFO | meta_classifier_renewed.model_trainers.meta_trainer | Ep [033/500] T-Acc:  64.0%  V-Acc:  50.0%  V-AUROC: 0.8148  LR: 4.00e-06
2026-06-30 01:15:37,519 | [DYN-LATENT] | INFO | meta_classifier_renewed.model_trainers.meta_trainer | Ep [034/500] T-Acc:  68.0%  V-Acc:  50.0%  V-AUROC: 0.8148  LR: 4.00e-06
2026-06-30 01:15:38,094 | [DYN-LATENT] | INFO | meta_classifier_renewed.model_trainers.meta_trainer | Ep [035/500] T-Acc:  44.0%  V-Acc:  50.0%  V-AUROC: 0.8148  LR: 4.00e-06
2026-06-30 01:15:38,094 | [DYN-LATENT] | INFO | meta_classifier_renewed.model_trainers.meta_trainer | Early stop — best AUROC 0.9259 at epoch 5
2026-06-30 01:15:38,445 | [DYN-LATENT] | INFO | meta_classifier_renewed.evaluators.monte_carlo_evaluator | -> Fold 30 Result | Acc=0.250 Sens=0.000 Spec=1.000 AUROC=0.926
2026-06-30 01:15:38,474 | [DYN-LATENT] | INFO | meta_classifier_renewed.evaluators.monte_carlo_evaluator | ============================================================
2026-06-30 01:15:38,475 | [DYN-LATENT] | INFO | meta_classifier_renewed.evaluators.monte_carlo_evaluator |   Dynamic MC-CV Results (30 folds) - STRICT 0.5 THRESHOLD
2026-06-30 01:15:38,475 | [DYN-LATENT] | INFO | meta_classifier_renewed.evaluators.monte_carlo_evaluator |   Accuracy    : 0.544 ± 0.119
2026-06-30 01:15:38,475 | [DYN-LATENT] | INFO | meta_classifier_renewed.evaluators.monte_carlo_evaluator |   AUROC       : 0.710 ± 0.139
2026-06-30 01:15:38,475 | [DYN-LATENT] | INFO | meta_classifier_renewed.evaluators.monte_carlo_evaluator | ============================================================
