2026-05-24 04:08:20,818 | [FULL+AUG] | INFO | __main__ | Run ID: 20260524_040820_full_aug | augment=True
2026-05-24 04:08:20,819 | [FULL+AUG] | INFO | __main__ | Log file: /home/leggo/AIResearch/VOGBasedMCIDetectionSystemMobileViTSingleExperimentInference/outputs/logs/run_20260524_040820_full_aug.log
2026-05-24 04:08:20,820 | [FULL+AUG] | INFO | __main__ | Loading full 8-task VOG saccade tensors from: /home/leggo/AIResearch/VOGBasedMCIDetectionSystemMobileViTSingleExperimentInference/data
2026-05-24 04:08:20,824 | [FULL+AUG] | INFO | full_experiments_using.data_processor.data_engineering | Processing 300 CSV files under /home/leggo/AIResearch/VOGBasedMCIDetectionSystemMobileViTSingleExperimentInference/data
2026-05-24 04:09:16,145 | [FULL+AUG] | INFO | full_experiments_using.data_processor.data_engineering | Pipeline summary | kept_epochs=5736 | files_skipped(task=4, group=0, missing_cols=0, load_errors=0)
2026-05-24 04:09:16,562 | [FULL+AUG] | INFO | full_experiments_using.data_processor.data_engineering | Cached preprocessed data_store to: /home/leggo/AIResearch/VOGBasedMCIDetectionSystemMobileViTSingleExperimentInference/outputs/cache/data_store_full.pkl
2026-05-24 04:09:16,633 | [FULL+AUG] | INFO | __main__ | Total epoched samples: 5736
2026-05-24 04:09:16,773 | [FULL+AUG] | INFO | full_experiments_using.evaluators.monte_carlo_evaluator | Stratified MC Group CV — 30 folds | device=cuda | num_tasks=8 | augment=True
2026-05-24 04:09:16,785 | [FULL+AUG] | INFO | full_experiments_using.evaluators.monte_carlo_evaluator | === Fold 01/30 | train: 25 subj / 3789 windows | test: 12 subj / 1947 windows ===
2026-05-24 04:09:17,268 | [FULL+AUG] | INFO | httpx | HTTP Request: HEAD https://huggingface.co/apple/mobilevit-small/resolve/main/config.json "HTTP/1.1 307 Temporary Redirect"
2026-05-24 04:09:17,290 | [FULL+AUG] | INFO | httpx | HTTP Request: HEAD https://huggingface.co/api/resolve-cache/models/apple/mobilevit-small/6c8612545dc98676d27bc518fa521d9e9af23e34/config.json "HTTP/1.1 200 OK"
2026-05-24 04:09:17,558 | [FULL+AUG] | INFO | httpx | HTTP Request: HEAD https://huggingface.co/apple/mobilevit-small/resolve/main/model.safetensors "HTTP/1.1 404 Not Found"
2026-05-24 04:09:17,560 | [FULL+AUG] | WARNING | huggingface_hub.utils._http | Warning: You are sending unauthenticated requests to the HF Hub. Please set a HF_TOKEN to enable higher rate limits and faster downloads.
2026-05-24 04:09:17,776 | [FULL+AUG] | INFO | httpx | HTTP Request: HEAD https://huggingface.co/apple/mobilevit-small/resolve/main/model.safetensors.index.json "HTTP/1.1 404 Not Found"
2026-05-24 04:09:18,000 | [FULL+AUG] | INFO | httpx | HTTP Request: HEAD https://huggingface.co/apple/mobilevit-small/resolve/main/pytorch_model.bin "HTTP/1.1 302 Found"
2026-05-24 04:09:18,225 | [FULL+AUG] | INFO | httpx | HTTP Request: HEAD https://huggingface.co/apple/mobilevit-small/resolve/main/model.safetensors "HTTP/1.1 404 Not Found"
2026-05-24 04:09:18,457 | [FULL+AUG] | INFO | httpx | HTTP Request: GET https://huggingface.co/api/models/apple/mobilevit-small "HTTP/1.1 200 OK"
2026-05-24 04:09:18,715 | [FULL+AUG] | INFO | httpx | HTTP Request: GET https://huggingface.co/api/models/apple/mobilevit-small/commits/main "HTTP/1.1 200 OK"
2026-05-24 04:09:18,943 | [FULL+AUG] | INFO | httpx | HTTP Request: GET https://huggingface.co/api/models/apple/mobilevit-small/discussions?p=0 "HTTP/1.1 200 OK"
2026-05-24 04:09:18,974 | [FULL+AUG] | INFO | full_experiments_using.model_trainers.mobile_vit_trainer | Device: cuda | max_epochs=500 | batch=32 | es_patience=40
2026-05-24 04:09:18,975 | [FULL+AUG] | INFO | full_experiments_using.model_trainers.mobile_vit_trainer | CE weights — HC: 1.064  MCI: 0.943
2026-05-24 04:09:19,184 | [FULL+AUG] | INFO | httpx | HTTP Request: GET https://huggingface.co/api/models/apple/mobilevit-small/commits/refs%2Fpr%2F6 "HTTP/1.1 200 OK"
2026-05-24 04:09:19,402 | [FULL+AUG] | INFO | httpx | HTTP Request: HEAD https://huggingface.co/apple/mobilevit-small/resolve/refs%2Fpr%2F6/model.safetensors.index.json "HTTP/1.1 404 Not Found"
2026-05-24 04:09:19,621 | [FULL+AUG] | INFO | httpx | HTTP Request: HEAD https://huggingface.co/apple/mobilevit-small/resolve/refs%2Fpr%2F6/model.safetensors "HTTP/1.1 302 Found"
2026-05-24 04:09:50,108 | [FULL+AUG] | INFO | full_experiments_using.model_trainers.mobile_vit_trainer | Ep [001/500] T-Acc:  51.9%  V-Acc:  49.4%  V-AUROC: 0.4930  LR: 2.00e-04
2026-05-24 04:09:50,196 | [FULL+AUG] | INFO | full_experiments_using.model_trainers.mobile_vit_trainer |   ↳ new best AUROC; saved checkpoint: /home/leggo/AIResearch/VOGBasedMCIDetectionSystemMobileViTSingleExperimentInference/outputs/checkpoints/run_20260524_040820_full_aug/fold_00_best.pth
2026-05-24 04:10:20,101 | [FULL+AUG] | INFO | full_experiments_using.model_trainers.mobile_vit_trainer | Ep [002/500] T-Acc:  52.9%  V-Acc:  49.5%  V-AUROC: 0.4971  LR: 4.00e-04
2026-05-24 04:10:20,210 | [FULL+AUG] | INFO | full_experiments_using.model_trainers.mobile_vit_trainer |   ↳ new best AUROC; saved checkpoint: /home/leggo/AIResearch/VOGBasedMCIDetectionSystemMobileViTSingleExperimentInference/outputs/checkpoints/run_20260524_040820_full_aug/fold_00_best.pth
2026-05-24 04:10:50,198 | [FULL+AUG] | INFO | full_experiments_using.model_trainers.mobile_vit_trainer | Ep [003/500] T-Acc:  54.1%  V-Acc:  48.9%  V-AUROC: 0.5082  LR: 6.00e-04
2026-05-24 04:10:50,309 | [FULL+AUG] | INFO | full_experiments_using.model_trainers.mobile_vit_trainer |   ↳ new best AUROC; saved checkpoint: /home/leggo/AIResearch/VOGBasedMCIDetectionSystemMobileViTSingleExperimentInference/outputs/checkpoints/run_20260524_040820_full_aug/fold_00_best.pth
2026-05-24 04:11:20,336 | [FULL+AUG] | INFO | full_experiments_using.model_trainers.mobile_vit_trainer | Ep [004/500] T-Acc:  53.1%  V-Acc:  49.4%  V-AUROC: 0.5183  LR: 8.00e-04
2026-05-24 04:11:20,446 | [FULL+AUG] | INFO | full_experiments_using.model_trainers.mobile_vit_trainer |   ↳ new best AUROC; saved checkpoint: /home/leggo/AIResearch/VOGBasedMCIDetectionSystemMobileViTSingleExperimentInference/outputs/checkpoints/run_20260524_040820_full_aug/fold_00_best.pth
2026-05-24 04:12:16,563 | [FULL+AUG] | INFO | full_experiments_using.model_trainers.mobile_vit_trainer | Ep [005/500] T-Acc:  54.3%  V-Acc:  50.4%  V-AUROC: 0.5223  LR: 1.00e-03
2026-05-24 04:12:16,707 | [FULL+AUG] | INFO | full_experiments_using.model_trainers.mobile_vit_trainer |   ↳ new best AUROC; saved checkpoint: /home/leggo/AIResearch/VOGBasedMCIDetectionSystemMobileViTSingleExperimentInference/outputs/checkpoints/run_20260524_040820_full_aug/fold_00_best.pth
2026-05-24 04:13:20,408 | [FULL+AUG] | INFO | full_experiments_using.model_trainers.mobile_vit_trainer | Ep [006/500] T-Acc:  54.4%  V-Acc:  49.8%  V-AUROC: 0.5435  LR: 1.00e-03
2026-05-24 04:13:20,520 | [FULL+AUG] | INFO | full_experiments_using.model_trainers.mobile_vit_trainer |   ↳ new best AUROC; saved checkpoint: /home/leggo/AIResearch/VOGBasedMCIDetectionSystemMobileViTSingleExperimentInference/outputs/checkpoints/run_20260524_040820_full_aug/fold_00_best.pth
2026-05-24 04:14:24,272 | [FULL+AUG] | INFO | full_experiments_using.model_trainers.mobile_vit_trainer | Ep [007/500] T-Acc:  56.4%  V-Acc:  49.4%  V-AUROC: 0.5464  LR: 1.00e-03
2026-05-24 04:14:24,414 | [FULL+AUG] | INFO | full_experiments_using.model_trainers.mobile_vit_trainer |   ↳ new best AUROC; saved checkpoint: /home/leggo/AIResearch/VOGBasedMCIDetectionSystemMobileViTSingleExperimentInference/outputs/checkpoints/run_20260524_040820_full_aug/fold_00_best.pth
2026-05-24 04:15:28,285 | [FULL+AUG] | INFO | full_experiments_using.model_trainers.mobile_vit_trainer | Ep [008/500] T-Acc:  57.0%  V-Acc:  49.7%  V-AUROC: 0.5588  LR: 1.00e-03
2026-05-24 04:15:28,431 | [FULL+AUG] | INFO | full_experiments_using.model_trainers.mobile_vit_trainer |   ↳ new best AUROC; saved checkpoint: /home/leggo/AIResearch/VOGBasedMCIDetectionSystemMobileViTSingleExperimentInference/outputs/checkpoints/run_20260524_040820_full_aug/fold_00_best.pth
2026-05-24 04:16:32,191 | [FULL+AUG] | INFO | full_experiments_using.model_trainers.mobile_vit_trainer | Ep [009/500] T-Acc:  56.8%  V-Acc:  49.8%  V-AUROC: 0.5525  LR: 1.00e-03
2026-05-24 04:17:35,821 | [FULL+AUG] | INFO | full_experiments_using.model_trainers.mobile_vit_trainer | Ep [010/500] T-Acc:  57.0%  V-Acc:  50.3%  V-AUROC: 0.5417  LR: 1.00e-03
2026-05-24 04:18:39,494 | [FULL+AUG] | INFO | full_experiments_using.model_trainers.mobile_vit_trainer | Ep [011/500] T-Acc:  57.7%  V-Acc:  47.9%  V-AUROC: 0.5528  LR: 1.00e-03
2026-05-24 04:19:42,842 | [FULL+AUG] | INFO | full_experiments_using.model_trainers.mobile_vit_trainer | Ep [012/500] T-Acc:  57.4%  V-Acc:  50.7%  V-AUROC: 0.5389  LR: 1.00e-03
2026-05-24 04:20:46,562 | [FULL+AUG] | INFO | full_experiments_using.model_trainers.mobile_vit_trainer | Ep [013/500] T-Acc:  57.9%  V-Acc:  48.9%  V-AUROC: 0.5486  LR: 1.00e-03
2026-05-24 04:21:49,961 | [FULL+AUG] | INFO | full_experiments_using.model_trainers.mobile_vit_trainer | Ep [014/500] T-Acc:  57.3%  V-Acc:  49.4%  V-AUROC: 0.5367  LR: 1.00e-03
2026-05-24 04:22:53,693 | [FULL+AUG] | INFO | full_experiments_using.model_trainers.mobile_vit_trainer | Ep [015/500] T-Acc:  58.5%  V-Acc:  49.2%  V-AUROC: 0.5824  LR: 1.00e-03
2026-05-24 04:22:53,823 | [FULL+AUG] | INFO | full_experiments_using.model_trainers.mobile_vit_trainer |   ↳ new best AUROC; saved checkpoint: /home/leggo/AIResearch/VOGBasedMCIDetectionSystemMobileViTSingleExperimentInference/outputs/checkpoints/run_20260524_040820_full_aug/fold_00_best.pth
2026-05-24 04:23:57,462 | [FULL+AUG] | INFO | full_experiments_using.model_trainers.mobile_vit_trainer | Ep [016/500] T-Acc:  59.0%  V-Acc:  52.1%  V-AUROC: 0.5920  LR: 1.00e-03
2026-05-24 04:23:57,603 | [FULL+AUG] | INFO | full_experiments_using.model_trainers.mobile_vit_trainer |   ↳ new best AUROC; saved checkpoint: /home/leggo/AIResearch/VOGBasedMCIDetectionSystemMobileViTSingleExperimentInference/outputs/checkpoints/run_20260524_040820_full_aug/fold_00_best.pth
2026-05-24 04:25:01,055 | [FULL+AUG] | INFO | full_experiments_using.model_trainers.mobile_vit_trainer | Ep [017/500] T-Acc:  58.6%  V-Acc:  51.9%  V-AUROC: 0.5954  LR: 1.00e-03
2026-05-24 04:25:01,195 | [FULL+AUG] | INFO | full_experiments_using.model_trainers.mobile_vit_trainer |   ↳ new best AUROC; saved checkpoint: /home/leggo/AIResearch/VOGBasedMCIDetectionSystemMobileViTSingleExperimentInference/outputs/checkpoints/run_20260524_040820_full_aug/fold_00_best.pth
2026-05-24 04:26:04,854 | [FULL+AUG] | INFO | full_experiments_using.model_trainers.mobile_vit_trainer | Ep [018/500] T-Acc:  59.3%  V-Acc:  52.1%  V-AUROC: 0.5779  LR: 1.00e-03
2026-05-24 04:27:08,350 | [FULL+AUG] | INFO | full_experiments_using.model_trainers.mobile_vit_trainer | Ep [019/500] T-Acc:  59.8%  V-Acc:  50.4%  V-AUROC: 0.5985  LR: 1.00e-03
2026-05-24 04:27:08,492 | [FULL+AUG] | INFO | full_experiments_using.model_trainers.mobile_vit_trainer |   ↳ new best AUROC; saved checkpoint: /home/leggo/AIResearch/VOGBasedMCIDetectionSystemMobileViTSingleExperimentInference/outputs/checkpoints/run_20260524_040820_full_aug/fold_00_best.pth
2026-05-24 04:28:12,342 | [FULL+AUG] | INFO | full_experiments_using.model_trainers.mobile_vit_trainer | Ep [020/500] T-Acc:  59.2%  V-Acc:  54.0%  V-AUROC: 0.6044  LR: 1.00e-03
2026-05-24 04:28:12,488 | [FULL+AUG] | INFO | full_experiments_using.model_trainers.mobile_vit_trainer |   ↳ new best AUROC; saved checkpoint: /home/leggo/AIResearch/VOGBasedMCIDetectionSystemMobileViTSingleExperimentInference/outputs/checkpoints/run_20260524_040820_full_aug/fold_00_best.pth
2026-05-24 04:29:16,118 | [FULL+AUG] | INFO | full_experiments_using.model_trainers.mobile_vit_trainer | Ep [021/500] T-Acc:  58.8%  V-Acc:  52.6%  V-AUROC: 0.5953  LR: 1.00e-03
2026-05-24 04:30:19,786 | [FULL+AUG] | INFO | full_experiments_using.model_trainers.mobile_vit_trainer | Ep [022/500] T-Acc:  59.5%  V-Acc:  52.2%  V-AUROC: 0.5867  LR: 1.00e-03
2026-05-24 04:31:23,552 | [FULL+AUG] | INFO | full_experiments_using.model_trainers.mobile_vit_trainer | Ep [023/500] T-Acc:  59.8%  V-Acc:  52.7%  V-AUROC: 0.5893  LR: 1.00e-03
2026-05-24 04:32:27,475 | [FULL+AUG] | INFO | full_experiments_using.model_trainers.mobile_vit_trainer | Ep [024/500] T-Acc:  59.7%  V-Acc:  53.0%  V-AUROC: 0.5818  LR: 1.00e-03
2026-05-24 04:33:31,249 | [FULL+AUG] | INFO | full_experiments_using.model_trainers.mobile_vit_trainer | Ep [025/500] T-Acc:  60.3%  V-Acc:  54.0%  V-AUROC: 0.5981  LR: 1.00e-03
2026-05-24 04:34:35,196 | [FULL+AUG] | INFO | full_experiments_using.model_trainers.mobile_vit_trainer | Ep [026/500] T-Acc:  59.6%  V-Acc:  54.1%  V-AUROC: 0.6056  LR: 1.00e-03
2026-05-24 04:34:35,325 | [FULL+AUG] | INFO | full_experiments_using.model_trainers.mobile_vit_trainer |   ↳ new best AUROC; saved checkpoint: /home/leggo/AIResearch/VOGBasedMCIDetectionSystemMobileViTSingleExperimentInference/outputs/checkpoints/run_20260524_040820_full_aug/fold_00_best.pth
2026-05-24 04:35:39,272 | [FULL+AUG] | INFO | full_experiments_using.model_trainers.mobile_vit_trainer | Ep [027/500] T-Acc:  60.8%  V-Acc:  54.7%  V-AUROC: 0.6056  LR: 1.00e-03
2026-05-24 04:35:39,426 | [FULL+AUG] | INFO | full_experiments_using.model_trainers.mobile_vit_trainer |   ↳ new best AUROC; saved checkpoint: /home/leggo/AIResearch/VOGBasedMCIDetectionSystemMobileViTSingleExperimentInference/outputs/checkpoints/run_20260524_040820_full_aug/fold_00_best.pth
2026-05-24 04:36:43,379 | [FULL+AUG] | INFO | full_experiments_using.model_trainers.mobile_vit_trainer | Ep [028/500] T-Acc:  60.1%  V-Acc:  54.6%  V-AUROC: 0.5920  LR: 1.00e-03
2026-05-24 04:37:46,909 | [FULL+AUG] | INFO | full_experiments_using.model_trainers.mobile_vit_trainer | Ep [029/500] T-Acc:  59.6%  V-Acc:  54.6%  V-AUROC: 0.6022  LR: 1.00e-03
2026-05-24 04:38:50,981 | [FULL+AUG] | INFO | full_experiments_using.model_trainers.mobile_vit_trainer | Ep [030/500] T-Acc:  60.4%  V-Acc:  53.6%  V-AUROC: 0.5918  LR: 1.00e-03
2026-05-24 04:39:54,971 | [FULL+AUG] | INFO | full_experiments_using.model_trainers.mobile_vit_trainer | Ep [031/500] T-Acc:  60.6%  V-Acc:  53.4%  V-AUROC: 0.6087  LR: 1.00e-03
2026-05-24 04:39:55,116 | [FULL+AUG] | INFO | full_experiments_using.model_trainers.mobile_vit_trainer |   ↳ new best AUROC; saved checkpoint: /home/leggo/AIResearch/VOGBasedMCIDetectionSystemMobileViTSingleExperimentInference/outputs/checkpoints/run_20260524_040820_full_aug/fold_00_best.pth
2026-05-24 04:40:59,066 | [FULL+AUG] | INFO | full_experiments_using.model_trainers.mobile_vit_trainer | Ep [032/500] T-Acc:  59.3%  V-Acc:  53.3%  V-AUROC: 0.6154  LR: 1.00e-03
2026-05-24 04:40:59,192 | [FULL+AUG] | INFO | full_experiments_using.model_trainers.mobile_vit_trainer |   ↳ new best AUROC; saved checkpoint: /home/leggo/AIResearch/VOGBasedMCIDetectionSystemMobileViTSingleExperimentInference/outputs/checkpoints/run_20260524_040820_full_aug/fold_00_best.pth
2026-05-24 04:42:02,637 | [FULL+AUG] | INFO | full_experiments_using.model_trainers.mobile_vit_trainer | Ep [033/500] T-Acc:  60.8%  V-Acc:  55.1%  V-AUROC: 0.6045  LR: 1.00e-03
2026-05-24 04:43:06,534 | [FULL+AUG] | INFO | full_experiments_using.model_trainers.mobile_vit_trainer | Ep [034/500] T-Acc:  60.6%  V-Acc:  54.4%  V-AUROC: 0.6138  LR: 1.00e-03
2026-05-24 04:44:10,352 | [FULL+AUG] | INFO | full_experiments_using.model_trainers.mobile_vit_trainer | Ep [035/500] T-Acc:  61.2%  V-Acc:  53.9%  V-AUROC: 0.5986  LR: 1.00e-03
2026-05-24 04:45:14,364 | [FULL+AUG] | INFO | full_experiments_using.model_trainers.mobile_vit_trainer | Ep [036/500] T-Acc:  61.6%  V-Acc:  53.4%  V-AUROC: 0.5831  LR: 1.00e-03
2026-05-24 04:46:18,440 | [FULL+AUG] | INFO | full_experiments_using.model_trainers.mobile_vit_trainer | Ep [037/500] T-Acc:  61.6%  V-Acc:  54.7%  V-AUROC: 0.6113  LR: 1.00e-03
2026-05-24 04:47:22,322 | [FULL+AUG] | INFO | full_experiments_using.model_trainers.mobile_vit_trainer | Ep [038/500] T-Acc:  59.8%  V-Acc:  54.4%  V-AUROC: 0.6099  LR: 1.00e-03
2026-05-24 04:48:26,239 | [FULL+AUG] | INFO | full_experiments_using.model_trainers.mobile_vit_trainer | Ep [039/500] T-Acc:  60.6%  V-Acc:  53.8%  V-AUROC: 0.5834  LR: 1.00e-03
2026-05-24 04:49:30,202 | [FULL+AUG] | INFO | full_experiments_using.model_trainers.mobile_vit_trainer | Ep [040/500] T-Acc:  60.2%  V-Acc:  55.0%  V-AUROC: 0.6225  LR: 1.00e-03
2026-05-24 04:49:30,344 | [FULL+AUG] | INFO | full_experiments_using.model_trainers.mobile_vit_trainer |   ↳ new best AUROC; saved checkpoint: /home/leggo/AIResearch/VOGBasedMCIDetectionSystemMobileViTSingleExperimentInference/outputs/checkpoints/run_20260524_040820_full_aug/fold_00_best.pth
2026-05-24 04:50:34,108 | [FULL+AUG] | INFO | full_experiments_using.model_trainers.mobile_vit_trainer | Ep [041/500] T-Acc:  62.3%  V-Acc:  54.9%  V-AUROC: 0.5926  LR: 1.00e-03
2026-05-24 04:51:37,918 | [FULL+AUG] | INFO | full_experiments_using.model_trainers.mobile_vit_trainer | Ep [042/500] T-Acc:  60.5%  V-Acc:  54.8%  V-AUROC: 0.6227  LR: 1.00e-03
2026-05-24 04:51:38,069 | [FULL+AUG] | INFO | full_experiments_using.model_trainers.mobile_vit_trainer |   ↳ new best AUROC; saved checkpoint: /home/leggo/AIResearch/VOGBasedMCIDetectionSystemMobileViTSingleExperimentInference/outputs/checkpoints/run_20260524_040820_full_aug/fold_00_best.pth
2026-05-24 04:52:41,837 | [FULL+AUG] | INFO | full_experiments_using.model_trainers.mobile_vit_trainer | Ep [043/500] T-Acc:  60.4%  V-Acc:  55.1%  V-AUROC: 0.6136  LR: 1.00e-03
2026-05-24 04:53:45,703 | [FULL+AUG] | INFO | full_experiments_using.model_trainers.mobile_vit_trainer | Ep [044/500] T-Acc:  60.6%  V-Acc:  55.3%  V-AUROC: 0.6173  LR: 1.00e-03
2026-05-24 04:54:49,723 | [FULL+AUG] | INFO | full_experiments_using.model_trainers.mobile_vit_trainer | Ep [045/500] T-Acc:  60.0%  V-Acc:  56.2%  V-AUROC: 0.6200  LR: 1.00e-03
2026-05-24 04:55:53,759 | [FULL+AUG] | INFO | full_experiments_using.model_trainers.mobile_vit_trainer | Ep [046/500] T-Acc:  62.6%  V-Acc:  54.7%  V-AUROC: 0.6186  LR: 1.00e-03
2026-05-24 04:56:57,514 | [FULL+AUG] | INFO | full_experiments_using.model_trainers.mobile_vit_trainer | Ep [047/500] T-Acc:  60.9%  V-Acc:  54.8%  V-AUROC: 0.6249  LR: 1.00e-03
2026-05-24 04:56:57,659 | [FULL+AUG] | INFO | full_experiments_using.model_trainers.mobile_vit_trainer |   ↳ new best AUROC; saved checkpoint: /home/leggo/AIResearch/VOGBasedMCIDetectionSystemMobileViTSingleExperimentInference/outputs/checkpoints/run_20260524_040820_full_aug/fold_00_best.pth
2026-05-24 04:58:01,530 | [FULL+AUG] | INFO | full_experiments_using.model_trainers.mobile_vit_trainer | Ep [048/500] T-Acc:  61.5%  V-Acc:  54.3%  V-AUROC: 0.6182  LR: 1.00e-03
2026-05-24 04:59:05,223 | [FULL+AUG] | INFO | full_experiments_using.model_trainers.mobile_vit_trainer | Ep [049/500] T-Acc:  62.0%  V-Acc:  53.4%  V-AUROC: 0.5999  LR: 1.00e-03
2026-05-24 05:00:09,066 | [FULL+AUG] | INFO | full_experiments_using.model_trainers.mobile_vit_trainer | Ep [050/500] T-Acc:  62.0%  V-Acc:  54.3%  V-AUROC: 0.6220  LR: 1.00e-03
2026-05-24 05:01:12,892 | [FULL+AUG] | INFO | full_experiments_using.model_trainers.mobile_vit_trainer | Ep [051/500] T-Acc:  62.3%  V-Acc:  55.3%  V-AUROC: 0.6252  LR: 1.00e-03
2026-05-24 05:01:13,039 | [FULL+AUG] | INFO | full_experiments_using.model_trainers.mobile_vit_trainer |   ↳ new best AUROC; saved checkpoint: /home/leggo/AIResearch/VOGBasedMCIDetectionSystemMobileViTSingleExperimentInference/outputs/checkpoints/run_20260524_040820_full_aug/fold_00_best.pth
2026-05-24 05:02:16,862 | [FULL+AUG] | INFO | full_experiments_using.model_trainers.mobile_vit_trainer | Ep [052/500] T-Acc:  62.2%  V-Acc:  53.9%  V-AUROC: 0.6140  LR: 1.00e-03
2026-05-24 05:03:20,729 | [FULL+AUG] | INFO | full_experiments_using.model_trainers.mobile_vit_trainer | Ep [053/500] T-Acc:  61.0%  V-Acc:  56.0%  V-AUROC: 0.6272  LR: 1.00e-03
2026-05-24 05:03:20,861 | [FULL+AUG] | INFO | full_experiments_using.model_trainers.mobile_vit_trainer |   ↳ new best AUROC; saved checkpoint: /home/leggo/AIResearch/VOGBasedMCIDetectionSystemMobileViTSingleExperimentInference/outputs/checkpoints/run_20260524_040820_full_aug/fold_00_best.pth
2026-05-24 05:04:24,396 | [FULL+AUG] | INFO | full_experiments_using.model_trainers.mobile_vit_trainer | Ep [054/500] T-Acc:  62.4%  V-Acc:  55.8%  V-AUROC: 0.6243  LR: 1.00e-03
2026-05-24 05:05:28,004 | [FULL+AUG] | INFO | full_experiments_using.model_trainers.mobile_vit_trainer | Ep [055/500] T-Acc:  61.2%  V-Acc:  57.9%  V-AUROC: 0.6281  LR: 1.00e-03
2026-05-24 05:05:28,148 | [FULL+AUG] | INFO | full_experiments_using.model_trainers.mobile_vit_trainer |   ↳ new best AUROC; saved checkpoint: /home/leggo/AIResearch/VOGBasedMCIDetectionSystemMobileViTSingleExperimentInference/outputs/checkpoints/run_20260524_040820_full_aug/fold_00_best.pth
2026-05-24 05:06:31,692 | [FULL+AUG] | INFO | full_experiments_using.model_trainers.mobile_vit_trainer | Ep [056/500] T-Acc:  63.0%  V-Acc:  56.8%  V-AUROC: 0.6306  LR: 1.00e-03
2026-05-24 05:06:31,837 | [FULL+AUG] | INFO | full_experiments_using.model_trainers.mobile_vit_trainer |   ↳ new best AUROC; saved checkpoint: /home/leggo/AIResearch/VOGBasedMCIDetectionSystemMobileViTSingleExperimentInference/outputs/checkpoints/run_20260524_040820_full_aug/fold_00_best.pth
2026-05-24 05:07:35,248 | [FULL+AUG] | INFO | full_experiments_using.model_trainers.mobile_vit_trainer | Ep [057/500] T-Acc:  61.6%  V-Acc:  55.7%  V-AUROC: 0.6224  LR: 1.00e-03
2026-05-24 05:08:39,045 | [FULL+AUG] | INFO | full_experiments_using.model_trainers.mobile_vit_trainer | Ep [058/500] T-Acc:  62.4%  V-Acc:  56.6%  V-AUROC: 0.6251  LR: 1.00e-03
2026-05-24 05:09:42,529 | [FULL+AUG] | INFO | full_experiments_using.model_trainers.mobile_vit_trainer | Ep [059/500] T-Acc:  61.5%  V-Acc:  56.7%  V-AUROC: 0.6259  LR: 1.00e-03
2026-05-24 05:10:46,211 | [FULL+AUG] | INFO | full_experiments_using.model_trainers.mobile_vit_trainer | Ep [060/500] T-Acc:  61.8%  V-Acc:  55.9%  V-AUROC: 0.6291  LR: 1.00e-03
2026-05-24 05:11:50,232 | [FULL+AUG] | INFO | full_experiments_using.model_trainers.mobile_vit_trainer | Ep [061/500] T-Acc:  63.0%  V-Acc:  55.9%  V-AUROC: 0.6141  LR: 1.00e-03
2026-05-24 05:12:54,184 | [FULL+AUG] | INFO | full_experiments_using.model_trainers.mobile_vit_trainer | Ep [062/500] T-Acc:  62.7%  V-Acc:  57.5%  V-AUROC: 0.6217  LR: 1.00e-03
2026-05-24 05:13:58,072 | [FULL+AUG] | INFO | full_experiments_using.model_trainers.mobile_vit_trainer | Ep [063/500] T-Acc:  62.7%  V-Acc:  55.2%  V-AUROC: 0.6202  LR: 1.00e-03
2026-05-24 05:15:01,904 | [FULL+AUG] | INFO | full_experiments_using.model_trainers.mobile_vit_trainer | Ep [064/500] T-Acc:  63.1%  V-Acc:  56.2%  V-AUROC: 0.6279  LR: 1.00e-03
2026-05-24 05:16:05,754 | [FULL+AUG] | INFO | full_experiments_using.model_trainers.mobile_vit_trainer | Ep [065/500] T-Acc:  62.3%  V-Acc:  56.0%  V-AUROC: 0.6142  LR: 1.00e-03
2026-05-24 05:17:09,445 | [FULL+AUG] | INFO | full_experiments_using.model_trainers.mobile_vit_trainer | Ep [066/500] T-Acc:  63.3%  V-Acc:  56.0%  V-AUROC: 0.6190  LR: 1.00e-03
2026-05-24 05:18:13,308 | [FULL+AUG] | INFO | full_experiments_using.model_trainers.mobile_vit_trainer | Ep [067/500] T-Acc:  62.4%  V-Acc:  55.7%  V-AUROC: 0.6092  LR: 1.00e-03
2026-05-24 05:19:17,003 | [FULL+AUG] | INFO | full_experiments_using.model_trainers.mobile_vit_trainer | Ep [068/500] T-Acc:  62.8%  V-Acc:  55.1%  V-AUROC: 0.6107  LR: 2.00e-04
2026-05-24 05:20:20,744 | [FULL+AUG] | INFO | full_experiments_using.model_trainers.mobile_vit_trainer | Ep [069/500] T-Acc:  62.0%  V-Acc:  54.8%  V-AUROC: 0.6097  LR: 2.00e-04
2026-05-24 05:21:24,689 | [FULL+AUG] | INFO | full_experiments_using.model_trainers.mobile_vit_trainer | Ep [070/500] T-Acc:  63.7%  V-Acc:  54.2%  V-AUROC: 0.6109  LR: 2.00e-04
2026-05-24 05:22:28,498 | [FULL+AUG] | INFO | full_experiments_using.model_trainers.mobile_vit_trainer | Ep [071/500] T-Acc:  62.5%  V-Acc:  54.8%  V-AUROC: 0.6156  LR: 2.00e-04
2026-05-24 05:23:29,830 | [FULL+AUG] | INFO | full_experiments_using.model_trainers.mobile_vit_trainer | Ep [072/500] T-Acc:  62.3%  V-Acc:  55.1%  V-AUROC: 0.6167  LR: 2.00e-04
2026-05-24 05:24:33,654 | [FULL+AUG] | INFO | full_experiments_using.model_trainers.mobile_vit_trainer | Ep [073/500] T-Acc:  63.6%  V-Acc:  54.0%  V-AUROC: 0.6081  LR: 2.00e-04
2026-05-24 05:25:37,178 | [FULL+AUG] | INFO | full_experiments_using.model_trainers.mobile_vit_trainer | Ep [074/500] T-Acc:  62.6%  V-Acc:  55.1%  V-AUROC: 0.6133  LR: 2.00e-04
2026-05-24 05:26:41,051 | [FULL+AUG] | INFO | full_experiments_using.model_trainers.mobile_vit_trainer | Ep [075/500] T-Acc:  63.4%  V-Acc:  56.5%  V-AUROC: 0.6185  LR: 2.00e-04
2026-05-24 05:27:44,346 | [FULL+AUG] | INFO | full_experiments_using.model_trainers.mobile_vit_trainer | Ep [076/500] T-Acc:  62.7%  V-Acc:  55.1%  V-AUROC: 0.6156  LR: 2.00e-04
2026-05-24 05:28:47,876 | [FULL+AUG] | INFO | full_experiments_using.model_trainers.mobile_vit_trainer | Ep [077/500] T-Acc:  61.7%  V-Acc:  54.2%  V-AUROC: 0.6164  LR: 2.00e-04
2026-05-24 05:29:51,768 | [FULL+AUG] | INFO | full_experiments_using.model_trainers.mobile_vit_trainer | Ep [078/500] T-Acc:  62.6%  V-Acc:  56.3%  V-AUROC: 0.6153  LR: 2.00e-04
2026-05-24 05:30:55,326 | [FULL+AUG] | INFO | full_experiments_using.model_trainers.mobile_vit_trainer | Ep [079/500] T-Acc:  63.5%  V-Acc:  55.8%  V-AUROC: 0.6144  LR: 4.00e-05
2026-05-24 05:31:59,384 | [FULL+AUG] | INFO | full_experiments_using.model_trainers.mobile_vit_trainer | Ep [080/500] T-Acc:  62.1%  V-Acc:  55.8%  V-AUROC: 0.6167  LR: 4.00e-05
2026-05-24 05:33:03,119 | [FULL+AUG] | INFO | full_experiments_using.model_trainers.mobile_vit_trainer | Ep [081/500] T-Acc:  62.3%  V-Acc:  54.8%  V-AUROC: 0.6156  LR: 4.00e-05
2026-05-24 05:34:06,496 | [FULL+AUG] | INFO | full_experiments_using.model_trainers.mobile_vit_trainer | Ep [082/500] T-Acc:  64.2%  V-Acc:  55.8%  V-AUROC: 0.6185  LR: 4.00e-05
2026-05-24 05:35:10,252 | [FULL+AUG] | INFO | full_experiments_using.model_trainers.mobile_vit_trainer | Ep [083/500] T-Acc:  63.2%  V-Acc:  55.1%  V-AUROC: 0.6176  LR: 4.00e-05
2026-05-24 05:36:14,023 | [FULL+AUG] | INFO | full_experiments_using.model_trainers.mobile_vit_trainer | Ep [084/500] T-Acc:  63.9%  V-Acc:  56.1%  V-AUROC: 0.6164  LR: 4.00e-05
2026-05-24 05:37:17,540 | [FULL+AUG] | INFO | full_experiments_using.model_trainers.mobile_vit_trainer | Ep [085/500] T-Acc:  62.8%  V-Acc:  55.6%  V-AUROC: 0.6176  LR: 4.00e-05
2026-05-24 05:38:21,018 | [FULL+AUG] | INFO | full_experiments_using.model_trainers.mobile_vit_trainer | Ep [086/500] T-Acc:  62.1%  V-Acc:  56.1%  V-AUROC: 0.6167  LR: 4.00e-05
2026-05-24 05:39:24,842 | [FULL+AUG] | INFO | full_experiments_using.model_trainers.mobile_vit_trainer | Ep [087/500] T-Acc:  63.9%  V-Acc:  55.4%  V-AUROC: 0.6174  LR: 4.00e-05
2026-05-24 05:40:28,540 | [FULL+AUG] | INFO | full_experiments_using.model_trainers.mobile_vit_trainer | Ep [088/500] T-Acc:  62.5%  V-Acc:  55.0%  V-AUROC: 0.6152  LR: 4.00e-05
2026-05-24 05:41:32,434 | [FULL+AUG] | INFO | full_experiments_using.model_trainers.mobile_vit_trainer | Ep [089/500] T-Acc:  62.9%  V-Acc:  55.4%  V-AUROC: 0.6161  LR: 4.00e-05
2026-05-24 05:42:36,005 | [FULL+AUG] | INFO | full_experiments_using.model_trainers.mobile_vit_trainer | Ep [090/500] T-Acc:  63.6%  V-Acc:  55.6%  V-AUROC: 0.6150  LR: 8.00e-06
2026-05-24 05:43:39,913 | [FULL+AUG] | INFO | full_experiments_using.model_trainers.mobile_vit_trainer | Ep [091/500] T-Acc:  63.7%  V-Acc:  55.5%  V-AUROC: 0.6155  LR: 8.00e-06
2026-05-24 05:44:43,312 | [FULL+AUG] | INFO | full_experiments_using.model_trainers.mobile_vit_trainer | Ep [092/500] T-Acc:  63.7%  V-Acc:  54.8%  V-AUROC: 0.6170  LR: 8.00e-06
2026-05-24 05:45:46,847 | [FULL+AUG] | INFO | full_experiments_using.model_trainers.mobile_vit_trainer | Ep [093/500] T-Acc:  63.0%  V-Acc:  55.6%  V-AUROC: 0.6186  LR: 8.00e-06
2026-05-24 05:46:50,575 | [FULL+AUG] | INFO | full_experiments_using.model_trainers.mobile_vit_trainer | Ep [094/500] T-Acc:  62.6%  V-Acc:  55.0%  V-AUROC: 0.6139  LR: 8.00e-06
2026-05-24 05:47:53,564 | [FULL+AUG] | INFO | full_experiments_using.model_trainers.mobile_vit_trainer | Ep [095/500] T-Acc:  63.6%  V-Acc:  55.6%  V-AUROC: 0.6166  LR: 8.00e-06
2026-05-24 05:48:57,229 | [FULL+AUG] | INFO | full_experiments_using.model_trainers.mobile_vit_trainer | Ep [096/500] T-Acc:  63.1%  V-Acc:  55.2%  V-AUROC: 0.6153  LR: 8.00e-06
2026-05-24 05:48:57,230 | [FULL+AUG] | INFO | full_experiments_using.model_trainers.mobile_vit_trainer | Early stop — best AUROC 0.6306 at epoch 56 (no improvement for 40 epochs)
2026-05-24 05:48:57,230 | [FULL+AUG] | INFO | full_experiments_using.model_trainers.mobile_vit_trainer | Done. Best AUROC: 0.6306 (epoch 56) → /home/leggo/AIResearch/VOGBasedMCIDetectionSystemMobileViTSingleExperimentInference/outputs/checkpoints/run_20260524_040820_full_aug/fold_00_best.pth
2026-05-24 05:49:14,587 | [FULL+AUG] | INFO | full_experiments_using.evaluators.monte_carlo_evaluator | -> Fold 01 Result | Acc=0.273 Sens=0.125 Spec=0.667 AUROC=0.667
2026-05-24 05:49:14,590 | [FULL+AUG] | INFO | full_experiments_using.evaluators.monte_carlo_evaluator | === Fold 02/30 | train: 25 subj / 3910 windows | test: 12 subj / 1826 windows ===
2026-05-24 05:49:14,884 | [FULL+AUG] | INFO | httpx | HTTP Request: HEAD https://huggingface.co/apple/mobilevit-small/resolve/main/config.json "HTTP/1.1 307 Temporary Redirect"
2026-05-24 05:49:14,903 | [FULL+AUG] | INFO | httpx | HTTP Request: HEAD https://huggingface.co/api/resolve-cache/models/apple/mobilevit-small/6c8612545dc98676d27bc518fa521d9e9af23e34/config.json "HTTP/1.1 200 OK"
2026-05-24 05:49:15,191 | [FULL+AUG] | INFO | httpx | HTTP Request: HEAD https://huggingface.co/apple/mobilevit-small/resolve/main/model.safetensors "HTTP/1.1 404 Not Found"
2026-05-24 05:49:15,410 | [FULL+AUG] | INFO | httpx | HTTP Request: HEAD https://huggingface.co/apple/mobilevit-small/resolve/main/model.safetensors.index.json "HTTP/1.1 404 Not Found"
2026-05-24 05:49:15,634 | [FULL+AUG] | INFO | httpx | HTTP Request: HEAD https://huggingface.co/apple/mobilevit-small/resolve/main/pytorch_model.bin "HTTP/1.1 302 Found"
2026-05-24 05:49:15,850 | [FULL+AUG] | INFO | httpx | HTTP Request: HEAD https://huggingface.co/apple/mobilevit-small/resolve/main/model.safetensors "HTTP/1.1 404 Not Found"
2026-05-24 05:49:16,069 | [FULL+AUG] | INFO | httpx | HTTP Request: GET https://huggingface.co/api/models/apple/mobilevit-small "HTTP/1.1 200 OK"
2026-05-24 05:49:16,395 | [FULL+AUG] | INFO | httpx | HTTP Request: GET https://huggingface.co/api/models/apple/mobilevit-small/commits/main "HTTP/1.1 200 OK"
2026-05-24 05:49:16,627 | [FULL+AUG] | INFO | httpx | HTTP Request: GET https://huggingface.co/api/models/apple/mobilevit-small/discussions?p=0 "HTTP/1.1 200 OK"
2026-05-24 05:49:16,743 | [FULL+AUG] | INFO | full_experiments_using.model_trainers.mobile_vit_trainer | Device: cuda | max_epochs=500 | batch=32 | es_patience=40
2026-05-24 05:49:16,745 | [FULL+AUG] | INFO | full_experiments_using.model_trainers.mobile_vit_trainer | CE weights — HC: 1.220  MCI: 0.847
2026-05-24 05:49:16,866 | [FULL+AUG] | INFO | httpx | HTTP Request: GET https://huggingface.co/api/models/apple/mobilevit-small/commits/refs%2Fpr%2F6 "HTTP/1.1 200 OK"
2026-05-24 05:49:17,079 | [FULL+AUG] | INFO | httpx | HTTP Request: HEAD https://huggingface.co/apple/mobilevit-small/resolve/refs%2Fpr%2F6/model.safetensors.index.json "HTTP/1.1 404 Not Found"
2026-05-24 05:49:17,310 | [FULL+AUG] | INFO | httpx | HTTP Request: HEAD https://huggingface.co/apple/mobilevit-small/resolve/refs%2Fpr%2F6/model.safetensors "HTTP/1.1 302 Found"
2026-05-24 05:50:21,684 | [FULL+AUG] | INFO | full_experiments_using.model_trainers.mobile_vit_trainer | Ep [001/500] T-Acc:  45.0%  V-Acc:  48.6%  V-AUROC: 0.4848  LR: 2.00e-04
2026-05-24 05:50:21,784 | [FULL+AUG] | INFO | full_experiments_using.model_trainers.mobile_vit_trainer |   ↳ new best AUROC; saved checkpoint: /home/leggo/AIResearch/VOGBasedMCIDetectionSystemMobileViTSingleExperimentInference/outputs/checkpoints/run_20260524_040820_full_aug/fold_01_best.pth
2026-05-24 05:51:26,634 | [FULL+AUG] | INFO | full_experiments_using.model_trainers.mobile_vit_trainer | Ep [002/500] T-Acc:  45.2%  V-Acc:  49.5%  V-AUROC: 0.4849  LR: 4.00e-04
2026-05-24 05:51:26,763 | [FULL+AUG] | INFO | full_experiments_using.model_trainers.mobile_vit_trainer |   ↳ new best AUROC; saved checkpoint: /home/leggo/AIResearch/VOGBasedMCIDetectionSystemMobileViTSingleExperimentInference/outputs/checkpoints/run_20260524_040820_full_aug/fold_01_best.pth
2026-05-24 05:52:31,734 | [FULL+AUG] | INFO | full_experiments_using.model_trainers.mobile_vit_trainer | Ep [003/500] T-Acc:  47.8%  V-Acc:  49.1%  V-AUROC: 0.4877  LR: 6.00e-04
2026-05-24 05:52:31,871 | [FULL+AUG] | INFO | full_experiments_using.model_trainers.mobile_vit_trainer |   ↳ new best AUROC; saved checkpoint: /home/leggo/AIResearch/VOGBasedMCIDetectionSystemMobileViTSingleExperimentInference/outputs/checkpoints/run_20260524_040820_full_aug/fold_01_best.pth
2026-05-24 05:53:36,791 | [FULL+AUG] | INFO | full_experiments_using.model_trainers.mobile_vit_trainer | Ep [004/500] T-Acc:  50.2%  V-Acc:  49.1%  V-AUROC: 0.4811  LR: 8.00e-04
2026-05-24 05:54:41,859 | [FULL+AUG] | INFO | full_experiments_using.model_trainers.mobile_vit_trainer | Ep [005/500] T-Acc:  50.4%  V-Acc:  50.3%  V-AUROC: 0.5093  LR: 1.00e-03
2026-05-24 05:54:41,981 | [FULL+AUG] | INFO | full_experiments_using.model_trainers.mobile_vit_trainer |   ↳ new best AUROC; saved checkpoint: /home/leggo/AIResearch/VOGBasedMCIDetectionSystemMobileViTSingleExperimentInference/outputs/checkpoints/run_20260524_040820_full_aug/fold_01_best.pth
2026-05-24 05:55:46,679 | [FULL+AUG] | INFO | full_experiments_using.model_trainers.mobile_vit_trainer | Ep [006/500] T-Acc:  52.1%  V-Acc:  53.8%  V-AUROC: 0.5562  LR: 1.00e-03
2026-05-24 05:55:46,817 | [FULL+AUG] | INFO | full_experiments_using.model_trainers.mobile_vit_trainer |   ↳ new best AUROC; saved checkpoint: /home/leggo/AIResearch/VOGBasedMCIDetectionSystemMobileViTSingleExperimentInference/outputs/checkpoints/run_20260524_040820_full_aug/fold_01_best.pth
2026-05-24 05:56:51,952 | [FULL+AUG] | INFO | full_experiments_using.model_trainers.mobile_vit_trainer | Ep [007/500] T-Acc:  51.6%  V-Acc:  54.8%  V-AUROC: 0.5709  LR: 1.00e-03
2026-05-24 05:56:52,081 | [FULL+AUG] | INFO | full_experiments_using.model_trainers.mobile_vit_trainer |   ↳ new best AUROC; saved checkpoint: /home/leggo/AIResearch/VOGBasedMCIDetectionSystemMobileViTSingleExperimentInference/outputs/checkpoints/run_20260524_040820_full_aug/fold_01_best.pth
2026-05-24 05:57:57,198 | [FULL+AUG] | INFO | full_experiments_using.model_trainers.mobile_vit_trainer | Ep [008/500] T-Acc:  54.7%  V-Acc:  53.2%  V-AUROC: 0.5528  LR: 1.00e-03
2026-05-24 05:59:02,113 | [FULL+AUG] | INFO | full_experiments_using.model_trainers.mobile_vit_trainer | Ep [009/500] T-Acc:  55.8%  V-Acc:  55.8%  V-AUROC: 0.5837  LR: 1.00e-03
2026-05-24 05:59:02,241 | [FULL+AUG] | INFO | full_experiments_using.model_trainers.mobile_vit_trainer |   ↳ new best AUROC; saved checkpoint: /home/leggo/AIResearch/VOGBasedMCIDetectionSystemMobileViTSingleExperimentInference/outputs/checkpoints/run_20260524_040820_full_aug/fold_01_best.pth
2026-05-24 06:00:07,071 | [FULL+AUG] | INFO | full_experiments_using.model_trainers.mobile_vit_trainer | Ep [010/500] T-Acc:  56.3%  V-Acc:  55.6%  V-AUROC: 0.5796  LR: 1.00e-03
2026-05-24 06:01:12,023 | [FULL+AUG] | INFO | full_experiments_using.model_trainers.mobile_vit_trainer | Ep [011/500] T-Acc:  57.2%  V-Acc:  55.9%  V-AUROC: 0.5923  LR: 1.00e-03
2026-05-24 06:01:12,156 | [FULL+AUG] | INFO | full_experiments_using.model_trainers.mobile_vit_trainer |   ↳ new best AUROC; saved checkpoint: /home/leggo/AIResearch/VOGBasedMCIDetectionSystemMobileViTSingleExperimentInference/outputs/checkpoints/run_20260524_040820_full_aug/fold_01_best.pth
2026-05-24 06:02:17,000 | [FULL+AUG] | INFO | full_experiments_using.model_trainers.mobile_vit_trainer | Ep [012/500] T-Acc:  58.7%  V-Acc:  55.4%  V-AUROC: 0.5919  LR: 1.00e-03
2026-05-24 06:03:21,707 | [FULL+AUG] | INFO | full_experiments_using.model_trainers.mobile_vit_trainer | Ep [013/500] T-Acc:  55.2%  V-Acc:  56.5%  V-AUROC: 0.5946  LR: 1.00e-03
2026-05-24 06:03:21,846 | [FULL+AUG] | INFO | full_experiments_using.model_trainers.mobile_vit_trainer |   ↳ new best AUROC; saved checkpoint: /home/leggo/AIResearch/VOGBasedMCIDetectionSystemMobileViTSingleExperimentInference/outputs/checkpoints/run_20260524_040820_full_aug/fold_01_best.pth
2026-05-24 06:04:26,784 | [FULL+AUG] | INFO | full_experiments_using.model_trainers.mobile_vit_trainer | Ep [014/500] T-Acc:  57.4%  V-Acc:  56.7%  V-AUROC: 0.6011  LR: 1.00e-03
2026-05-24 06:04:26,918 | [FULL+AUG] | INFO | full_experiments_using.model_trainers.mobile_vit_trainer |   ↳ new best AUROC; saved checkpoint: /home/leggo/AIResearch/VOGBasedMCIDetectionSystemMobileViTSingleExperimentInference/outputs/checkpoints/run_20260524_040820_full_aug/fold_01_best.pth
2026-05-24 06:05:31,630 | [FULL+AUG] | INFO | full_experiments_using.model_trainers.mobile_vit_trainer | Ep [015/500] T-Acc:  58.6%  V-Acc:  56.1%  V-AUROC: 0.6060  LR: 1.00e-03
2026-05-24 06:05:31,765 | [FULL+AUG] | INFO | full_experiments_using.model_trainers.mobile_vit_trainer |   ↳ new best AUROC; saved checkpoint: /home/leggo/AIResearch/VOGBasedMCIDetectionSystemMobileViTSingleExperimentInference/outputs/checkpoints/run_20260524_040820_full_aug/fold_01_best.pth
2026-05-24 06:06:36,763 | [FULL+AUG] | INFO | full_experiments_using.model_trainers.mobile_vit_trainer | Ep [016/500] T-Acc:  57.0%  V-Acc:  56.3%  V-AUROC: 0.5947  LR: 1.00e-03
2026-05-24 06:07:41,562 | [FULL+AUG] | INFO | full_experiments_using.model_trainers.mobile_vit_trainer | Ep [017/500] T-Acc:  59.2%  V-Acc:  56.8%  V-AUROC: 0.6054  LR: 1.00e-03
2026-05-24 06:08:46,573 | [FULL+AUG] | INFO | full_experiments_using.model_trainers.mobile_vit_trainer | Ep [018/500] T-Acc:  59.1%  V-Acc:  55.3%  V-AUROC: 0.5855  LR: 1.00e-03
2026-05-24 06:09:51,751 | [FULL+AUG] | INFO | full_experiments_using.model_trainers.mobile_vit_trainer | Ep [019/500] T-Acc:  59.6%  V-Acc:  55.2%  V-AUROC: 0.5843  LR: 1.00e-03
2026-05-24 06:10:56,565 | [FULL+AUG] | INFO | full_experiments_using.model_trainers.mobile_vit_trainer | Ep [020/500] T-Acc:  59.6%  V-Acc:  55.9%  V-AUROC: 0.5915  LR: 1.00e-03
2026-05-24 06:12:01,474 | [FULL+AUG] | INFO | full_experiments_using.model_trainers.mobile_vit_trainer | Ep [021/500] T-Acc:  59.3%  V-Acc:  55.0%  V-AUROC: 0.5855  LR: 1.00e-03
2026-05-24 06:13:06,585 | [FULL+AUG] | INFO | full_experiments_using.model_trainers.mobile_vit_trainer | Ep [022/500] T-Acc:  60.2%  V-Acc:  56.4%  V-AUROC: 0.5980  LR: 1.00e-03
2026-05-24 06:14:11,501 | [FULL+AUG] | INFO | full_experiments_using.model_trainers.mobile_vit_trainer | Ep [023/500] T-Acc:  59.1%  V-Acc:  56.2%  V-AUROC: 0.6007  LR: 1.00e-03
2026-05-24 06:15:16,642 | [FULL+AUG] | INFO | full_experiments_using.model_trainers.mobile_vit_trainer | Ep [024/500] T-Acc:  58.7%  V-Acc:  55.7%  V-AUROC: 0.5910  LR: 1.00e-03
2026-05-24 06:16:21,516 | [FULL+AUG] | INFO | full_experiments_using.model_trainers.mobile_vit_trainer | Ep [025/500] T-Acc:  58.9%  V-Acc:  55.8%  V-AUROC: 0.5973  LR: 1.00e-03
2026-05-24 06:17:26,262 | [FULL+AUG] | INFO | full_experiments_using.model_trainers.mobile_vit_trainer | Ep [026/500] T-Acc:  60.3%  V-Acc:  56.1%  V-AUROC: 0.5980  LR: 1.00e-03
2026-05-24 06:18:30,994 | [FULL+AUG] | INFO | full_experiments_using.model_trainers.mobile_vit_trainer | Ep [027/500] T-Acc:  59.2%  V-Acc:  55.8%  V-AUROC: 0.5968  LR: 2.00e-04
2026-05-24 06:19:35,611 | [FULL+AUG] | INFO | full_experiments_using.model_trainers.mobile_vit_trainer | Ep [028/500] T-Acc:  60.3%  V-Acc:  56.0%  V-AUROC: 0.5994  LR: 2.00e-04
2026-05-24 06:20:40,550 | [FULL+AUG] | INFO | full_experiments_using.model_trainers.mobile_vit_trainer | Ep [029/500] T-Acc:  60.4%  V-Acc:  55.8%  V-AUROC: 0.5972  LR: 2.00e-04
2026-05-24 06:21:45,621 | [FULL+AUG] | INFO | full_experiments_using.model_trainers.mobile_vit_trainer | Ep [030/500] T-Acc:  61.0%  V-Acc:  56.3%  V-AUROC: 0.5987  LR: 2.00e-04
2026-05-24 06:22:50,398 | [FULL+AUG] | INFO | full_experiments_using.model_trainers.mobile_vit_trainer | Ep [031/500] T-Acc:  60.5%  V-Acc:  55.6%  V-AUROC: 0.5985  LR: 2.00e-04
2026-05-24 06:23:55,231 | [FULL+AUG] | INFO | full_experiments_using.model_trainers.mobile_vit_trainer | Ep [032/500] T-Acc:  60.0%  V-Acc:  56.5%  V-AUROC: 0.6036  LR: 2.00e-04
2026-05-24 06:25:00,040 | [FULL+AUG] | INFO | full_experiments_using.model_trainers.mobile_vit_trainer | Ep [033/500] T-Acc:  60.8%  V-Acc:  55.9%  V-AUROC: 0.5994  LR: 2.00e-04
2026-05-24 06:26:04,951 | [FULL+AUG] | INFO | full_experiments_using.model_trainers.mobile_vit_trainer | Ep [034/500] T-Acc:  59.8%  V-Acc:  56.2%  V-AUROC: 0.5970  LR: 2.00e-04
2026-05-24 06:27:09,940 | [FULL+AUG] | INFO | full_experiments_using.model_trainers.mobile_vit_trainer | Ep [035/500] T-Acc:  60.2%  V-Acc:  56.1%  V-AUROC: 0.5969  LR: 2.00e-04
2026-05-24 06:28:14,702 | [FULL+AUG] | INFO | full_experiments_using.model_trainers.mobile_vit_trainer | Ep [036/500] T-Acc:  59.5%  V-Acc:  55.8%  V-AUROC: 0.5960  LR: 2.00e-04
2026-05-24 06:29:19,489 | [FULL+AUG] | INFO | full_experiments_using.model_trainers.mobile_vit_trainer | Ep [037/500] T-Acc:  60.0%  V-Acc:  56.5%  V-AUROC: 0.6037  LR: 2.00e-04
2026-05-24 06:30:24,635 | [FULL+AUG] | INFO | full_experiments_using.model_trainers.mobile_vit_trainer | Ep [038/500] T-Acc:  62.1%  V-Acc:  56.2%  V-AUROC: 0.6020  LR: 4.00e-05
2026-05-24 06:31:29,668 | [FULL+AUG] | INFO | full_experiments_using.model_trainers.mobile_vit_trainer | Ep [039/500] T-Acc:  61.1%  V-Acc:  56.7%  V-AUROC: 0.6047  LR: 4.00e-05
2026-05-24 06:32:34,745 | [FULL+AUG] | INFO | full_experiments_using.model_trainers.mobile_vit_trainer | Ep [040/500] T-Acc:  61.5%  V-Acc:  56.5%  V-AUROC: 0.6020  LR: 4.00e-05
2026-05-24 06:33:39,797 | [FULL+AUG] | INFO | full_experiments_using.model_trainers.mobile_vit_trainer | Ep [041/500] T-Acc:  61.0%  V-Acc:  56.8%  V-AUROC: 0.6038  LR: 4.00e-05
2026-05-24 06:34:44,790 | [FULL+AUG] | INFO | full_experiments_using.model_trainers.mobile_vit_trainer | Ep [042/500] T-Acc:  60.7%  V-Acc:  57.0%  V-AUROC: 0.6023  LR: 4.00e-05
2026-05-24 06:35:50,149 | [FULL+AUG] | INFO | full_experiments_using.model_trainers.mobile_vit_trainer | Ep [043/500] T-Acc:  59.8%  V-Acc:  56.3%  V-AUROC: 0.6025  LR: 4.00e-05
2026-05-24 06:36:55,081 | [FULL+AUG] | INFO | full_experiments_using.model_trainers.mobile_vit_trainer | Ep [044/500] T-Acc:  61.1%  V-Acc:  56.2%  V-AUROC: 0.6035  LR: 4.00e-05
2026-05-24 06:38:00,166 | [FULL+AUG] | INFO | full_experiments_using.model_trainers.mobile_vit_trainer | Ep [045/500] T-Acc:  60.2%  V-Acc:  56.4%  V-AUROC: 0.6036  LR: 4.00e-05
2026-05-24 06:39:04,972 | [FULL+AUG] | INFO | full_experiments_using.model_trainers.mobile_vit_trainer | Ep [046/500] T-Acc:  61.8%  V-Acc:  56.3%  V-AUROC: 0.6039  LR: 4.00e-05
2026-05-24 06:40:10,083 | [FULL+AUG] | INFO | full_experiments_using.model_trainers.mobile_vit_trainer | Ep [047/500] T-Acc:  60.2%  V-Acc:  56.3%  V-AUROC: 0.6032  LR: 4.00e-05
2026-05-24 06:41:15,157 | [FULL+AUG] | INFO | full_experiments_using.model_trainers.mobile_vit_trainer | Ep [048/500] T-Acc:  60.8%  V-Acc:  56.7%  V-AUROC: 0.6026  LR: 4.00e-05
2026-05-24 06:42:20,106 | [FULL+AUG] | INFO | full_experiments_using.model_trainers.mobile_vit_trainer | Ep [049/500] T-Acc:  60.1%  V-Acc:  56.2%  V-AUROC: 0.6043  LR: 8.00e-06
2026-05-24 06:43:25,298 | [FULL+AUG] | INFO | full_experiments_using.model_trainers.mobile_vit_trainer | Ep [050/500] T-Acc:  61.0%  V-Acc:  56.4%  V-AUROC: 0.6016  LR: 8.00e-06
2026-05-24 06:44:30,403 | [FULL+AUG] | INFO | full_experiments_using.model_trainers.mobile_vit_trainer | Ep [051/500] T-Acc:  61.2%  V-Acc:  56.8%  V-AUROC: 0.6043  LR: 8.00e-06
2026-05-24 06:45:35,304 | [FULL+AUG] | INFO | full_experiments_using.model_trainers.mobile_vit_trainer | Ep [052/500] T-Acc:  60.8%  V-Acc:  56.2%  V-AUROC: 0.6026  LR: 8.00e-06
2026-05-24 06:46:40,371 | [FULL+AUG] | INFO | full_experiments_using.model_trainers.mobile_vit_trainer | Ep [053/500] T-Acc:  60.8%  V-Acc:  56.4%  V-AUROC: 0.6013  LR: 8.00e-06
2026-05-24 06:47:45,456 | [FULL+AUG] | INFO | full_experiments_using.model_trainers.mobile_vit_trainer | Ep [054/500] T-Acc:  60.0%  V-Acc:  56.7%  V-AUROC: 0.6044  LR: 8.00e-06
2026-05-24 06:48:50,403 | [FULL+AUG] | INFO | full_experiments_using.model_trainers.mobile_vit_trainer | Ep [055/500] T-Acc:  61.0%  V-Acc:  56.4%  V-AUROC: 0.6035  LR: 8.00e-06
2026-05-24 06:48:50,403 | [FULL+AUG] | INFO | full_experiments_using.model_trainers.mobile_vit_trainer | Early stop — best AUROC 0.6060 at epoch 15 (no improvement for 40 epochs)
2026-05-24 06:48:50,404 | [FULL+AUG] | INFO | full_experiments_using.model_trainers.mobile_vit_trainer | Done. Best AUROC: 0.6060 (epoch 15) → /home/leggo/AIResearch/VOGBasedMCIDetectionSystemMobileViTSingleExperimentInference/outputs/checkpoints/run_20260524_040820_full_aug/fold_01_best.pth
2026-05-24 06:49:06,743 | [FULL+AUG] | INFO | full_experiments_using.evaluators.monte_carlo_evaluator | -> Fold 02 Result | Acc=0.636 Sens=0.714 Spec=0.500 AUROC=0.714
2026-05-24 06:49:06,746 | [FULL+AUG] | INFO | full_experiments_using.evaluators.monte_carlo_evaluator | === Fold 03/30 | train: 25 subj / 3777 windows | test: 12 subj / 1959 windows ===
2026-05-24 06:49:07,287 | [FULL+AUG] | INFO | httpx | HTTP Request: HEAD https://huggingface.co/apple/mobilevit-small/resolve/main/config.json "HTTP/1.1 307 Temporary Redirect"
2026-05-24 06:49:07,304 | [FULL+AUG] | INFO | httpx | HTTP Request: HEAD https://huggingface.co/api/resolve-cache/models/apple/mobilevit-small/6c8612545dc98676d27bc518fa521d9e9af23e34/config.json "HTTP/1.1 200 OK"
2026-05-24 06:49:07,555 | [FULL+AUG] | INFO | httpx | HTTP Request: HEAD https://huggingface.co/apple/mobilevit-small/resolve/main/model.safetensors "HTTP/1.1 404 Not Found"
2026-05-24 06:49:07,776 | [FULL+AUG] | INFO | httpx | HTTP Request: HEAD https://huggingface.co/apple/mobilevit-small/resolve/main/model.safetensors.index.json "HTTP/1.1 404 Not Found"
2026-05-24 06:49:08,000 | [FULL+AUG] | INFO | httpx | HTTP Request: HEAD https://huggingface.co/apple/mobilevit-small/resolve/main/pytorch_model.bin "HTTP/1.1 302 Found"
2026-05-24 06:49:08,251 | [FULL+AUG] | INFO | httpx | HTTP Request: HEAD https://huggingface.co/apple/mobilevit-small/resolve/main/model.safetensors "HTTP/1.1 404 Not Found"
2026-05-24 06:49:08,473 | [FULL+AUG] | INFO | httpx | HTTP Request: GET https://huggingface.co/api/models/apple/mobilevit-small "HTTP/1.1 200 OK"
2026-05-24 06:49:08,733 | [FULL+AUG] | INFO | httpx | HTTP Request: GET https://huggingface.co/api/models/apple/mobilevit-small/commits/main "HTTP/1.1 200 OK"
2026-05-24 06:49:08,961 | [FULL+AUG] | INFO | httpx | HTTP Request: GET https://huggingface.co/api/models/apple/mobilevit-small/discussions?p=0 "HTTP/1.1 200 OK"
2026-05-24 06:49:08,993 | [FULL+AUG] | INFO | full_experiments_using.model_trainers.mobile_vit_trainer | Device: cuda | max_epochs=500 | batch=32 | es_patience=40
2026-05-24 06:49:08,996 | [FULL+AUG] | INFO | full_experiments_using.model_trainers.mobile_vit_trainer | CE weights — HC: 1.543  MCI: 0.740
2026-05-24 06:49:09,192 | [FULL+AUG] | INFO | httpx | HTTP Request: GET https://huggingface.co/api/models/apple/mobilevit-small/commits/refs%2Fpr%2F6 "HTTP/1.1 200 OK"
2026-05-24 06:49:09,406 | [FULL+AUG] | INFO | httpx | HTTP Request: HEAD https://huggingface.co/apple/mobilevit-small/resolve/refs%2Fpr%2F6/model.safetensors.index.json "HTTP/1.1 404 Not Found"
2026-05-24 06:49:09,627 | [FULL+AUG] | INFO | httpx | HTTP Request: HEAD https://huggingface.co/apple/mobilevit-small/resolve/refs%2Fpr%2F6/model.safetensors "HTTP/1.1 302 Found"
2026-05-24 06:50:12,838 | [FULL+AUG] | INFO | full_experiments_using.model_trainers.mobile_vit_trainer | Ep [001/500] T-Acc:  44.0%  V-Acc:  56.7%  V-AUROC: 0.5171  LR: 2.00e-04
2026-05-24 06:50:12,936 | [FULL+AUG] | INFO | full_experiments_using.model_trainers.mobile_vit_trainer |   ↳ new best AUROC; saved checkpoint: /home/leggo/AIResearch/VOGBasedMCIDetectionSystemMobileViTSingleExperimentInference/outputs/checkpoints/run_20260524_040820_full_aug/fold_02_best.pth
2026-05-24 06:51:17,058 | [FULL+AUG] | INFO | full_experiments_using.model_trainers.mobile_vit_trainer | Ep [002/500] T-Acc:  45.4%  V-Acc:  56.6%  V-AUROC: 0.5135  LR: 4.00e-04
2026-05-24 06:52:21,022 | [FULL+AUG] | INFO | full_experiments_using.model_trainers.mobile_vit_trainer | Ep [003/500] T-Acc:  47.9%  V-Acc:  57.9%  V-AUROC: 0.5245  LR: 6.00e-04
2026-05-24 06:52:21,167 | [FULL+AUG] | INFO | full_experiments_using.model_trainers.mobile_vit_trainer |   ↳ new best AUROC; saved checkpoint: /home/leggo/AIResearch/VOGBasedMCIDetectionSystemMobileViTSingleExperimentInference/outputs/checkpoints/run_20260524_040820_full_aug/fold_02_best.pth
2026-05-24 06:53:24,984 | [FULL+AUG] | INFO | full_experiments_using.model_trainers.mobile_vit_trainer | Ep [004/500] T-Acc:  49.5%  V-Acc:  58.9%  V-AUROC: 0.5420  LR: 8.00e-04
2026-05-24 06:53:25,119 | [FULL+AUG] | INFO | full_experiments_using.model_trainers.mobile_vit_trainer |   ↳ new best AUROC; saved checkpoint: /home/leggo/AIResearch/VOGBasedMCIDetectionSystemMobileViTSingleExperimentInference/outputs/checkpoints/run_20260524_040820_full_aug/fold_02_best.pth
2026-05-24 06:54:28,808 | [FULL+AUG] | INFO | full_experiments_using.model_trainers.mobile_vit_trainer | Ep [005/500] T-Acc:  51.7%  V-Acc:  57.7%  V-AUROC: 0.5587  LR: 1.00e-03
2026-05-24 06:54:28,944 | [FULL+AUG] | INFO | full_experiments_using.model_trainers.mobile_vit_trainer |   ↳ new best AUROC; saved checkpoint: /home/leggo/AIResearch/VOGBasedMCIDetectionSystemMobileViTSingleExperimentInference/outputs/checkpoints/run_20260524_040820_full_aug/fold_02_best.pth
2026-05-24 06:55:32,717 | [FULL+AUG] | INFO | full_experiments_using.model_trainers.mobile_vit_trainer | Ep [006/500] T-Acc:  53.6%  V-Acc:  56.2%  V-AUROC: 0.5448  LR: 1.00e-03
2026-05-24 06:56:36,348 | [FULL+AUG] | INFO | full_experiments_using.model_trainers.mobile_vit_trainer | Ep [007/500] T-Acc:  54.8%  V-Acc:  58.4%  V-AUROC: 0.5654  LR: 1.00e-03
2026-05-24 06:56:36,482 | [FULL+AUG] | INFO | full_experiments_using.model_trainers.mobile_vit_trainer |   ↳ new best AUROC; saved checkpoint: /home/leggo/AIResearch/VOGBasedMCIDetectionSystemMobileViTSingleExperimentInference/outputs/checkpoints/run_20260524_040820_full_aug/fold_02_best.pth
2026-05-24 06:57:40,072 | [FULL+AUG] | INFO | full_experiments_using.model_trainers.mobile_vit_trainer | Ep [008/500] T-Acc:  56.7%  V-Acc:  53.5%  V-AUROC: 0.5458  LR: 1.00e-03
2026-05-24 06:58:43,889 | [FULL+AUG] | INFO | full_experiments_using.model_trainers.mobile_vit_trainer | Ep [009/500] T-Acc:  56.3%  V-Acc:  56.3%  V-AUROC: 0.5544  LR: 1.00e-03
2026-05-24 06:59:47,826 | [FULL+AUG] | INFO | full_experiments_using.model_trainers.mobile_vit_trainer | Ep [010/500] T-Acc:  56.8%  V-Acc:  55.2%  V-AUROC: 0.5495  LR: 1.00e-03
2026-05-24 07:00:51,485 | [FULL+AUG] | INFO | full_experiments_using.model_trainers.mobile_vit_trainer | Ep [011/500] T-Acc:  57.6%  V-Acc:  57.3%  V-AUROC: 0.5670  LR: 1.00e-03
2026-05-24 07:00:51,620 | [FULL+AUG] | INFO | full_experiments_using.model_trainers.mobile_vit_trainer |   ↳ new best AUROC; saved checkpoint: /home/leggo/AIResearch/VOGBasedMCIDetectionSystemMobileViTSingleExperimentInference/outputs/checkpoints/run_20260524_040820_full_aug/fold_02_best.pth
2026-05-24 07:01:55,499 | [FULL+AUG] | INFO | full_experiments_using.model_trainers.mobile_vit_trainer | Ep [012/500] T-Acc:  58.6%  V-Acc:  57.6%  V-AUROC: 0.5658  LR: 1.00e-03
2026-05-24 07:02:59,559 | [FULL+AUG] | INFO | full_experiments_using.model_trainers.mobile_vit_trainer | Ep [013/500] T-Acc:  58.2%  V-Acc:  55.9%  V-AUROC: 0.5642  LR: 1.00e-03
2026-05-24 07:04:03,295 | [FULL+AUG] | INFO | full_experiments_using.model_trainers.mobile_vit_trainer | Ep [014/500] T-Acc:  57.3%  V-Acc:  57.8%  V-AUROC: 0.5589  LR: 1.00e-03
2026-05-24 07:05:07,083 | [FULL+AUG] | INFO | full_experiments_using.model_trainers.mobile_vit_trainer | Ep [015/500] T-Acc:  60.1%  V-Acc:  58.2%  V-AUROC: 0.5654  LR: 1.00e-03
2026-05-24 07:06:10,616 | [FULL+AUG] | INFO | full_experiments_using.model_trainers.mobile_vit_trainer | Ep [016/500] T-Acc:  59.2%  V-Acc:  57.8%  V-AUROC: 0.5641  LR: 1.00e-03
2026-05-24 07:07:14,563 | [FULL+AUG] | INFO | full_experiments_using.model_trainers.mobile_vit_trainer | Ep [017/500] T-Acc:  59.5%  V-Acc:  52.1%  V-AUROC: 0.5424  LR: 1.00e-03
2026-05-24 07:08:18,564 | [FULL+AUG] | INFO | full_experiments_using.model_trainers.mobile_vit_trainer | Ep [018/500] T-Acc:  57.9%  V-Acc:  55.7%  V-AUROC: 0.5558  LR: 1.00e-03
2026-05-24 07:09:22,168 | [FULL+AUG] | INFO | full_experiments_using.model_trainers.mobile_vit_trainer | Ep [019/500] T-Acc:  59.3%  V-Acc:  54.3%  V-AUROC: 0.5564  LR: 1.00e-03
2026-05-24 07:10:25,739 | [FULL+AUG] | INFO | full_experiments_using.model_trainers.mobile_vit_trainer | Ep [020/500] T-Acc:  59.4%  V-Acc:  55.0%  V-AUROC: 0.5628  LR: 1.00e-03
2026-05-24 07:11:29,442 | [FULL+AUG] | INFO | full_experiments_using.model_trainers.mobile_vit_trainer | Ep [021/500] T-Acc:  60.0%  V-Acc:  58.2%  V-AUROC: 0.5712  LR: 1.00e-03
2026-05-24 07:11:29,581 | [FULL+AUG] | INFO | full_experiments_using.model_trainers.mobile_vit_trainer |   ↳ new best AUROC; saved checkpoint: /home/leggo/AIResearch/VOGBasedMCIDetectionSystemMobileViTSingleExperimentInference/outputs/checkpoints/run_20260524_040820_full_aug/fold_02_best.pth
2026-05-24 07:12:33,474 | [FULL+AUG] | INFO | full_experiments_using.model_trainers.mobile_vit_trainer | Ep [022/500] T-Acc:  60.8%  V-Acc:  55.4%  V-AUROC: 0.5612  LR: 1.00e-03
2026-05-24 07:13:37,374 | [FULL+AUG] | INFO | full_experiments_using.model_trainers.mobile_vit_trainer | Ep [023/500] T-Acc:  60.1%  V-Acc:  56.0%  V-AUROC: 0.5679  LR: 1.00e-03
2026-05-24 07:14:41,411 | [FULL+AUG] | INFO | full_experiments_using.model_trainers.mobile_vit_trainer | Ep [024/500] T-Acc:  60.1%  V-Acc:  57.1%  V-AUROC: 0.5768  LR: 1.00e-03
2026-05-24 07:14:41,549 | [FULL+AUG] | INFO | full_experiments_using.model_trainers.mobile_vit_trainer |   ↳ new best AUROC; saved checkpoint: /home/leggo/AIResearch/VOGBasedMCIDetectionSystemMobileViTSingleExperimentInference/outputs/checkpoints/run_20260524_040820_full_aug/fold_02_best.pth
2026-05-24 07:15:45,343 | [FULL+AUG] | INFO | full_experiments_using.model_trainers.mobile_vit_trainer | Ep [025/500] T-Acc:  60.7%  V-Acc:  54.8%  V-AUROC: 0.5716  LR: 1.00e-03
2026-05-24 07:16:49,268 | [FULL+AUG] | INFO | full_experiments_using.model_trainers.mobile_vit_trainer | Ep [026/500] T-Acc:  61.1%  V-Acc:  54.1%  V-AUROC: 0.5764  LR: 1.00e-03
2026-05-24 07:17:53,094 | [FULL+AUG] | INFO | full_experiments_using.model_trainers.mobile_vit_trainer | Ep [027/500] T-Acc:  62.2%  V-Acc:  56.9%  V-AUROC: 0.5746  LR: 1.00e-03
2026-05-24 07:18:56,784 | [FULL+AUG] | INFO | full_experiments_using.model_trainers.mobile_vit_trainer | Ep [028/500] T-Acc:  60.0%  V-Acc:  56.6%  V-AUROC: 0.5757  LR: 1.00e-03
2026-05-24 07:20:00,622 | [FULL+AUG] | INFO | full_experiments_using.model_trainers.mobile_vit_trainer | Ep [029/500] T-Acc:  59.5%  V-Acc:  55.5%  V-AUROC: 0.5771  LR: 1.00e-03
2026-05-24 07:20:00,756 | [FULL+AUG] | INFO | full_experiments_using.model_trainers.mobile_vit_trainer |   ↳ new best AUROC; saved checkpoint: /home/leggo/AIResearch/VOGBasedMCIDetectionSystemMobileViTSingleExperimentInference/outputs/checkpoints/run_20260524_040820_full_aug/fold_02_best.pth
2026-05-24 07:21:04,699 | [FULL+AUG] | INFO | full_experiments_using.model_trainers.mobile_vit_trainer | Ep [030/500] T-Acc:  60.3%  V-Acc:  58.2%  V-AUROC: 0.5816  LR: 1.00e-03
2026-05-24 07:21:04,837 | [FULL+AUG] | INFO | full_experiments_using.model_trainers.mobile_vit_trainer |   ↳ new best AUROC; saved checkpoint: /home/leggo/AIResearch/VOGBasedMCIDetectionSystemMobileViTSingleExperimentInference/outputs/checkpoints/run_20260524_040820_full_aug/fold_02_best.pth
2026-05-24 07:22:08,658 | [FULL+AUG] | INFO | full_experiments_using.model_trainers.mobile_vit_trainer | Ep [031/500] T-Acc:  61.4%  V-Acc:  55.8%  V-AUROC: 0.5806  LR: 1.00e-03
2026-05-24 07:23:12,442 | [FULL+AUG] | INFO | full_experiments_using.model_trainers.mobile_vit_trainer | Ep [032/500] T-Acc:  60.5%  V-Acc:  55.2%  V-AUROC: 0.5817  LR: 1.00e-03
2026-05-24 07:23:12,575 | [FULL+AUG] | INFO | full_experiments_using.model_trainers.mobile_vit_trainer |   ↳ new best AUROC; saved checkpoint: /home/leggo/AIResearch/VOGBasedMCIDetectionSystemMobileViTSingleExperimentInference/outputs/checkpoints/run_20260524_040820_full_aug/fold_02_best.pth
2026-05-24 07:24:16,378 | [FULL+AUG] | INFO | full_experiments_using.model_trainers.mobile_vit_trainer | Ep [033/500] T-Acc:  61.2%  V-Acc:  57.8%  V-AUROC: 0.5829  LR: 1.00e-03
2026-05-24 07:24:16,514 | [FULL+AUG] | INFO | full_experiments_using.model_trainers.mobile_vit_trainer |   ↳ new best AUROC; saved checkpoint: /home/leggo/AIResearch/VOGBasedMCIDetectionSystemMobileViTSingleExperimentInference/outputs/checkpoints/run_20260524_040820_full_aug/fold_02_best.pth
2026-05-24 07:25:20,440 | [FULL+AUG] | INFO | full_experiments_using.model_trainers.mobile_vit_trainer | Ep [034/500] T-Acc:  60.1%  V-Acc:  55.4%  V-AUROC: 0.5736  LR: 1.00e-03
2026-05-24 07:26:24,586 | [FULL+AUG] | INFO | full_experiments_using.model_trainers.mobile_vit_trainer | Ep [035/500] T-Acc:  61.0%  V-Acc:  57.2%  V-AUROC: 0.5775  LR: 1.00e-03
2026-05-24 07:27:28,322 | [FULL+AUG] | INFO | full_experiments_using.model_trainers.mobile_vit_trainer | Ep [036/500] T-Acc:  60.5%  V-Acc:  56.3%  V-AUROC: 0.5824  LR: 1.00e-03
2026-05-24 07:28:32,398 | [FULL+AUG] | INFO | full_experiments_using.model_trainers.mobile_vit_trainer | Ep [037/500] T-Acc:  61.1%  V-Acc:  55.0%  V-AUROC: 0.5816  LR: 1.00e-03
2026-05-24 07:29:35,938 | [FULL+AUG] | INFO | full_experiments_using.model_trainers.mobile_vit_trainer | Ep [038/500] T-Acc:  62.4%  V-Acc:  55.2%  V-AUROC: 0.5799  LR: 1.00e-03
2026-05-24 07:30:39,608 | [FULL+AUG] | INFO | full_experiments_using.model_trainers.mobile_vit_trainer | Ep [039/500] T-Acc:  61.5%  V-Acc:  57.7%  V-AUROC: 0.5871  LR: 1.00e-03
2026-05-24 07:30:39,751 | [FULL+AUG] | INFO | full_experiments_using.model_trainers.mobile_vit_trainer |   ↳ new best AUROC; saved checkpoint: /home/leggo/AIResearch/VOGBasedMCIDetectionSystemMobileViTSingleExperimentInference/outputs/checkpoints/run_20260524_040820_full_aug/fold_02_best.pth
2026-05-24 07:31:43,652 | [FULL+AUG] | INFO | full_experiments_using.model_trainers.mobile_vit_trainer | Ep [040/500] T-Acc:  62.7%  V-Acc:  55.7%  V-AUROC: 0.5772  LR: 1.00e-03
2026-05-24 07:32:47,447 | [FULL+AUG] | INFO | full_experiments_using.model_trainers.mobile_vit_trainer | Ep [041/500] T-Acc:  62.3%  V-Acc:  56.8%  V-AUROC: 0.5886  LR: 1.00e-03
2026-05-24 07:32:47,570 | [FULL+AUG] | INFO | full_experiments_using.model_trainers.mobile_vit_trainer |   ↳ new best AUROC; saved checkpoint: /home/leggo/AIResearch/VOGBasedMCIDetectionSystemMobileViTSingleExperimentInference/outputs/checkpoints/run_20260524_040820_full_aug/fold_02_best.pth
2026-05-24 07:33:51,262 | [FULL+AUG] | INFO | full_experiments_using.model_trainers.mobile_vit_trainer | Ep [042/500] T-Acc:  62.2%  V-Acc:  54.6%  V-AUROC: 0.5843  LR: 1.00e-03
2026-05-24 07:34:54,992 | [FULL+AUG] | INFO | full_experiments_using.model_trainers.mobile_vit_trainer | Ep [043/500] T-Acc:  63.1%  V-Acc:  54.9%  V-AUROC: 0.5810  LR: 1.00e-03
2026-05-24 07:35:58,898 | [FULL+AUG] | INFO | full_experiments_using.model_trainers.mobile_vit_trainer | Ep [044/500] T-Acc:  61.5%  V-Acc:  58.5%  V-AUROC: 0.5993  LR: 1.00e-03
2026-05-24 07:35:59,032 | [FULL+AUG] | INFO | full_experiments_using.model_trainers.mobile_vit_trainer |   ↳ new best AUROC; saved checkpoint: /home/leggo/AIResearch/VOGBasedMCIDetectionSystemMobileViTSingleExperimentInference/outputs/checkpoints/run_20260524_040820_full_aug/fold_02_best.pth
2026-05-24 07:37:02,841 | [FULL+AUG] | INFO | full_experiments_using.model_trainers.mobile_vit_trainer | Ep [045/500] T-Acc:  62.6%  V-Acc:  56.9%  V-AUROC: 0.5881  LR: 1.00e-03
2026-05-24 07:38:06,480 | [FULL+AUG] | INFO | full_experiments_using.model_trainers.mobile_vit_trainer | Ep [046/500] T-Acc:  63.2%  V-Acc:  54.6%  V-AUROC: 0.5868  LR: 1.00e-03
2026-05-24 07:39:10,131 | [FULL+AUG] | INFO | full_experiments_using.model_trainers.mobile_vit_trainer | Ep [047/500] T-Acc:  62.9%  V-Acc:  57.4%  V-AUROC: 0.5852  LR: 1.00e-03
2026-05-24 07:40:14,273 | [FULL+AUG] | INFO | full_experiments_using.model_trainers.mobile_vit_trainer | Ep [048/500] T-Acc:  60.7%  V-Acc:  56.8%  V-AUROC: 0.5827  LR: 1.00e-03
2026-05-24 07:41:18,314 | [FULL+AUG] | INFO | full_experiments_using.model_trainers.mobile_vit_trainer | Ep [049/500] T-Acc:  61.2%  V-Acc:  57.2%  V-AUROC: 0.5954  LR: 1.00e-03
2026-05-24 07:42:22,056 | [FULL+AUG] | INFO | full_experiments_using.model_trainers.mobile_vit_trainer | Ep [050/500] T-Acc:  63.0%  V-Acc:  57.7%  V-AUROC: 0.5956  LR: 1.00e-03
2026-05-24 07:43:25,880 | [FULL+AUG] | INFO | full_experiments_using.model_trainers.mobile_vit_trainer | Ep [051/500] T-Acc:  62.2%  V-Acc:  55.4%  V-AUROC: 0.5930  LR: 1.00e-03
2026-05-24 07:44:29,682 | [FULL+AUG] | INFO | full_experiments_using.model_trainers.mobile_vit_trainer | Ep [052/500] T-Acc:  62.0%  V-Acc:  56.0%  V-AUROC: 0.5976  LR: 1.00e-03
2026-05-24 07:45:33,471 | [FULL+AUG] | INFO | full_experiments_using.model_trainers.mobile_vit_trainer | Ep [053/500] T-Acc:  62.2%  V-Acc:  56.3%  V-AUROC: 0.5978  LR: 1.00e-03
2026-05-24 07:46:37,566 | [FULL+AUG] | INFO | full_experiments_using.model_trainers.mobile_vit_trainer | Ep [054/500] T-Acc:  62.6%  V-Acc:  56.1%  V-AUROC: 0.5905  LR: 1.00e-03
2026-05-24 07:47:41,399 | [FULL+AUG] | INFO | full_experiments_using.model_trainers.mobile_vit_trainer | Ep [055/500] T-Acc:  62.0%  V-Acc:  56.0%  V-AUROC: 0.5908  LR: 1.00e-03
2026-05-24 07:48:45,377 | [FULL+AUG] | INFO | full_experiments_using.model_trainers.mobile_vit_trainer | Ep [056/500] T-Acc:  61.7%  V-Acc:  57.5%  V-AUROC: 0.6000  LR: 2.00e-04
2026-05-24 07:48:45,497 | [FULL+AUG] | INFO | full_experiments_using.model_trainers.mobile_vit_trainer |   ↳ new best AUROC; saved checkpoint: /home/leggo/AIResearch/VOGBasedMCIDetectionSystemMobileViTSingleExperimentInference/outputs/checkpoints/run_20260524_040820_full_aug/fold_02_best.pth
2026-05-24 07:49:49,287 | [FULL+AUG] | INFO | full_experiments_using.model_trainers.mobile_vit_trainer | Ep [057/500] T-Acc:  62.3%  V-Acc:  57.2%  V-AUROC: 0.5992  LR: 2.00e-04
2026-05-24 07:50:53,302 | [FULL+AUG] | INFO | full_experiments_using.model_trainers.mobile_vit_trainer | Ep [058/500] T-Acc:  64.2%  V-Acc:  57.5%  V-AUROC: 0.5987  LR: 2.00e-04
2026-05-24 07:51:57,125 | [FULL+AUG] | INFO | full_experiments_using.model_trainers.mobile_vit_trainer | Ep [059/500] T-Acc:  63.2%  V-Acc:  57.6%  V-AUROC: 0.6001  LR: 2.00e-04
2026-05-24 07:51:57,269 | [FULL+AUG] | INFO | full_experiments_using.model_trainers.mobile_vit_trainer |   ↳ new best AUROC; saved checkpoint: /home/leggo/AIResearch/VOGBasedMCIDetectionSystemMobileViTSingleExperimentInference/outputs/checkpoints/run_20260524_040820_full_aug/fold_02_best.pth
2026-05-24 07:53:00,907 | [FULL+AUG] | INFO | full_experiments_using.model_trainers.mobile_vit_trainer | Ep [060/500] T-Acc:  63.1%  V-Acc:  57.1%  V-AUROC: 0.5957  LR: 2.00e-04
2026-05-24 07:54:04,622 | [FULL+AUG] | INFO | full_experiments_using.model_trainers.mobile_vit_trainer | Ep [061/500] T-Acc:  63.9%  V-Acc:  57.8%  V-AUROC: 0.5953  LR: 2.00e-04
2026-05-24 07:55:08,609 | [FULL+AUG] | INFO | full_experiments_using.model_trainers.mobile_vit_trainer | Ep [062/500] T-Acc:  62.9%  V-Acc:  56.3%  V-AUROC: 0.5915  LR: 2.00e-04
2026-05-24 07:56:12,196 | [FULL+AUG] | INFO | full_experiments_using.model_trainers.mobile_vit_trainer | Ep [063/500] T-Acc:  62.9%  V-Acc:  57.0%  V-AUROC: 0.5932  LR: 2.00e-04
2026-05-24 07:57:15,810 | [FULL+AUG] | INFO | full_experiments_using.model_trainers.mobile_vit_trainer | Ep [064/500] T-Acc:  63.3%  V-Acc:  56.8%  V-AUROC: 0.5957  LR: 2.00e-04
2026-05-24 07:58:19,753 | [FULL+AUG] | INFO | full_experiments_using.model_trainers.mobile_vit_trainer | Ep [065/500] T-Acc:  63.4%  V-Acc:  57.8%  V-AUROC: 0.5947  LR: 2.00e-04
2026-05-24 07:59:23,839 | [FULL+AUG] | INFO | full_experiments_using.model_trainers.mobile_vit_trainer | Ep [066/500] T-Acc:  62.8%  V-Acc:  57.9%  V-AUROC: 0.5977  LR: 2.00e-04
2026-05-24 08:00:27,862 | [FULL+AUG] | INFO | full_experiments_using.model_trainers.mobile_vit_trainer | Ep [067/500] T-Acc:  62.9%  V-Acc:  57.2%  V-AUROC: 0.5963  LR: 2.00e-04
2026-05-24 08:01:31,783 | [FULL+AUG] | INFO | full_experiments_using.model_trainers.mobile_vit_trainer | Ep [068/500] T-Acc:  63.3%  V-Acc:  57.5%  V-AUROC: 0.5952  LR: 2.00e-04
2026-05-24 08:02:35,733 | [FULL+AUG] | INFO | full_experiments_using.model_trainers.mobile_vit_trainer | Ep [069/500] T-Acc:  64.0%  V-Acc:  57.1%  V-AUROC: 0.6000  LR: 2.00e-04
2026-05-24 08:03:39,849 | [FULL+AUG] | INFO | full_experiments_using.model_trainers.mobile_vit_trainer | Ep [070/500] T-Acc:  64.2%  V-Acc:  57.7%  V-AUROC: 0.5933  LR: 2.00e-04
2026-05-24 08:04:43,774 | [FULL+AUG] | INFO | full_experiments_using.model_trainers.mobile_vit_trainer | Ep [071/500] T-Acc:  63.4%  V-Acc:  56.7%  V-AUROC: 0.5926  LR: 4.00e-05
2026-05-24 08:05:47,615 | [FULL+AUG] | INFO | full_experiments_using.model_trainers.mobile_vit_trainer | Ep [072/500] T-Acc:  63.7%  V-Acc:  57.5%  V-AUROC: 0.5931  LR: 4.00e-05
2026-05-24 08:06:51,628 | [FULL+AUG] | INFO | full_experiments_using.model_trainers.mobile_vit_trainer | Ep [073/500] T-Acc:  64.0%  V-Acc:  57.0%  V-AUROC: 0.5920  LR: 4.00e-05
2026-05-24 08:07:55,532 | [FULL+AUG] | INFO | full_experiments_using.model_trainers.mobile_vit_trainer | Ep [074/500] T-Acc:  61.7%  V-Acc:  56.5%  V-AUROC: 0.5914  LR: 4.00e-05
2026-05-24 08:08:59,505 | [FULL+AUG] | INFO | full_experiments_using.model_trainers.mobile_vit_trainer | Ep [075/500] T-Acc:  63.3%  V-Acc:  56.2%  V-AUROC: 0.5902  LR: 4.00e-05
2026-05-24 08:10:03,345 | [FULL+AUG] | INFO | full_experiments_using.model_trainers.mobile_vit_trainer | Ep [076/500] T-Acc:  63.7%  V-Acc:  57.0%  V-AUROC: 0.5937  LR: 4.00e-05
2026-05-24 08:11:07,251 | [FULL+AUG] | INFO | full_experiments_using.model_trainers.mobile_vit_trainer | Ep [077/500] T-Acc:  63.0%  V-Acc:  55.5%  V-AUROC: 0.5907  LR: 4.00e-05
2026-05-24 08:12:11,281 | [FULL+AUG] | INFO | full_experiments_using.model_trainers.mobile_vit_trainer | Ep [078/500] T-Acc:  63.9%  V-Acc:  56.5%  V-AUROC: 0.5907  LR: 4.00e-05
2026-05-24 08:13:15,231 | [FULL+AUG] | INFO | full_experiments_using.model_trainers.mobile_vit_trainer | Ep [079/500] T-Acc:  62.6%  V-Acc:  57.3%  V-AUROC: 0.5940  LR: 4.00e-05
2026-05-24 08:14:19,298 | [FULL+AUG] | INFO | full_experiments_using.model_trainers.mobile_vit_trainer | Ep [080/500] T-Acc:  63.3%  V-Acc:  55.7%  V-AUROC: 0.5927  LR: 4.00e-05
2026-05-24 08:15:23,238 | [FULL+AUG] | INFO | full_experiments_using.model_trainers.mobile_vit_trainer | Ep [081/500] T-Acc:  63.0%  V-Acc:  56.7%  V-AUROC: 0.5940  LR: 4.00e-05
2026-05-24 08:16:27,007 | [FULL+AUG] | INFO | full_experiments_using.model_trainers.mobile_vit_trainer | Ep [082/500] T-Acc:  63.5%  V-Acc:  56.9%  V-AUROC: 0.5921  LR: 8.00e-06
2026-05-24 08:17:30,778 | [FULL+AUG] | INFO | full_experiments_using.model_trainers.mobile_vit_trainer | Ep [083/500] T-Acc:  62.8%  V-Acc:  56.7%  V-AUROC: 0.5941  LR: 8.00e-06
2026-05-24 08:18:34,546 | [FULL+AUG] | INFO | full_experiments_using.model_trainers.mobile_vit_trainer | Ep [084/500] T-Acc:  63.3%  V-Acc:  57.6%  V-AUROC: 0.5927  LR: 8.00e-06
2026-05-24 08:19:38,395 | [FULL+AUG] | INFO | full_experiments_using.model_trainers.mobile_vit_trainer | Ep [085/500] T-Acc:  63.7%  V-Acc:  57.5%  V-AUROC: 0.5934  LR: 8.00e-06
2026-05-24 08:20:42,235 | [FULL+AUG] | INFO | full_experiments_using.model_trainers.mobile_vit_trainer | Ep [086/500] T-Acc:  62.8%  V-Acc:  55.3%  V-AUROC: 0.5919  LR: 8.00e-06
2026-05-24 08:21:43,970 | [FULL+AUG] | INFO | full_experiments_using.model_trainers.mobile_vit_trainer | Ep [087/500] T-Acc:  62.9%  V-Acc:  56.5%  V-AUROC: 0.5918  LR: 8.00e-06
2026-05-24 08:22:47,597 | [FULL+AUG] | INFO | full_experiments_using.model_trainers.mobile_vit_trainer | Ep [088/500] T-Acc:  63.5%  V-Acc:  55.7%  V-AUROC: 0.5910  LR: 8.00e-06
2026-05-24 08:23:50,973 | [FULL+AUG] | INFO | full_experiments_using.model_trainers.mobile_vit_trainer | Ep [089/500] T-Acc:  63.3%  V-Acc:  56.4%  V-AUROC: 0.5937  LR: 8.00e-06
2026-05-24 08:24:54,524 | [FULL+AUG] | INFO | full_experiments_using.model_trainers.mobile_vit_trainer | Ep [090/500] T-Acc:  63.0%  V-Acc:  56.9%  V-AUROC: 0.5946  LR: 8.00e-06
2026-05-24 08:25:58,197 | [FULL+AUG] | INFO | full_experiments_using.model_trainers.mobile_vit_trainer | Ep [091/500] T-Acc:  63.6%  V-Acc:  55.8%  V-AUROC: 0.5945  LR: 8.00e-06
2026-05-24 08:27:02,318 | [FULL+AUG] | INFO | full_experiments_using.model_trainers.mobile_vit_trainer | Ep [092/500] T-Acc:  64.5%  V-Acc:  57.6%  V-AUROC: 0.5932  LR: 8.00e-06
2026-05-24 08:28:05,886 | [FULL+AUG] | INFO | full_experiments_using.model_trainers.mobile_vit_trainer | Ep [093/500] T-Acc:  63.3%  V-Acc:  55.7%  V-AUROC: 0.5929  LR: 1.60e-06
2026-05-24 08:29:09,722 | [FULL+AUG] | INFO | full_experiments_using.model_trainers.mobile_vit_trainer | Ep [094/500] T-Acc:  64.4%  V-Acc:  56.0%  V-AUROC: 0.5944  LR: 1.60e-06
2026-05-24 08:30:13,391 | [FULL+AUG] | INFO | full_experiments_using.model_trainers.mobile_vit_trainer | Ep [095/500] T-Acc:  63.7%  V-Acc:  56.0%  V-AUROC: 0.5932  LR: 1.60e-06
2026-05-24 08:31:17,201 | [FULL+AUG] | INFO | full_experiments_using.model_trainers.mobile_vit_trainer | Ep [096/500] T-Acc:  63.2%  V-Acc:  56.5%  V-AUROC: 0.5930  LR: 1.60e-06
2026-05-24 08:32:21,020 | [FULL+AUG] | INFO | full_experiments_using.model_trainers.mobile_vit_trainer | Ep [097/500] T-Acc:  62.7%  V-Acc:  56.3%  V-AUROC: 0.5929  LR: 1.60e-06
2026-05-24 08:33:24,852 | [FULL+AUG] | INFO | full_experiments_using.model_trainers.mobile_vit_trainer | Ep [098/500] T-Acc:  63.2%  V-Acc:  56.4%  V-AUROC: 0.5941  LR: 1.60e-06
2026-05-24 08:34:28,787 | [FULL+AUG] | INFO | full_experiments_using.model_trainers.mobile_vit_trainer | Ep [099/500] T-Acc:  63.7%  V-Acc:  57.0%  V-AUROC: 0.5933  LR: 1.60e-06
2026-05-24 08:34:28,788 | [FULL+AUG] | INFO | full_experiments_using.model_trainers.mobile_vit_trainer | Early stop — best AUROC 0.6001 at epoch 59 (no improvement for 40 epochs)
2026-05-24 08:34:28,788 | [FULL+AUG] | INFO | full_experiments_using.model_trainers.mobile_vit_trainer | Done. Best AUROC: 0.6001 (epoch 59) → /home/leggo/AIResearch/VOGBasedMCIDetectionSystemMobileViTSingleExperimentInference/outputs/checkpoints/run_20260524_040820_full_aug/fold_02_best.pth
2026-05-24 08:34:46,231 | [FULL+AUG] | INFO | full_experiments_using.evaluators.monte_carlo_evaluator | -> Fold 03 Result | Acc=0.750 Sens=0.600 Spec=0.857 AUROC=0.714
2026-05-24 08:34:46,234 | [FULL+AUG] | INFO | full_experiments_using.evaluators.monte_carlo_evaluator | === Fold 04/30 | train: 25 subj / 3917 windows | test: 12 subj / 1819 windows ===
2026-05-24 08:34:46,614 | [FULL+AUG] | INFO | httpx | HTTP Request: HEAD https://huggingface.co/apple/mobilevit-small/resolve/main/config.json "HTTP/1.1 307 Temporary Redirect"
2026-05-24 08:34:46,631 | [FULL+AUG] | INFO | httpx | HTTP Request: HEAD https://huggingface.co/api/resolve-cache/models/apple/mobilevit-small/6c8612545dc98676d27bc518fa521d9e9af23e34/config.json "HTTP/1.1 200 OK"
2026-05-24 08:34:46,914 | [FULL+AUG] | INFO | httpx | HTTP Request: HEAD https://huggingface.co/apple/mobilevit-small/resolve/main/model.safetensors "HTTP/1.1 404 Not Found"
2026-05-24 08:34:47,126 | [FULL+AUG] | INFO | httpx | HTTP Request: HEAD https://huggingface.co/apple/mobilevit-small/resolve/main/model.safetensors.index.json "HTTP/1.1 404 Not Found"
2026-05-24 08:34:47,346 | [FULL+AUG] | INFO | httpx | HTTP Request: HEAD https://huggingface.co/apple/mobilevit-small/resolve/main/pytorch_model.bin "HTTP/1.1 302 Found"
2026-05-24 08:34:47,562 | [FULL+AUG] | INFO | httpx | HTTP Request: HEAD https://huggingface.co/apple/mobilevit-small/resolve/main/model.safetensors "HTTP/1.1 404 Not Found"
2026-05-24 08:34:47,779 | [FULL+AUG] | INFO | httpx | HTTP Request: GET https://huggingface.co/api/models/apple/mobilevit-small "HTTP/1.1 200 OK"
2026-05-24 08:34:48,007 | [FULL+AUG] | INFO | httpx | HTTP Request: GET https://huggingface.co/api/models/apple/mobilevit-small/commits/main "HTTP/1.1 200 OK"
2026-05-24 08:34:48,234 | [FULL+AUG] | INFO | httpx | HTTP Request: GET https://huggingface.co/api/models/apple/mobilevit-small/discussions?p=0 "HTTP/1.1 200 OK"
2026-05-24 08:34:48,435 | [FULL+AUG] | INFO | full_experiments_using.model_trainers.mobile_vit_trainer | Device: cuda | max_epochs=500 | batch=32 | es_patience=40
2026-05-24 08:34:48,436 | [FULL+AUG] | INFO | full_experiments_using.model_trainers.mobile_vit_trainer | CE weights — HC: 1.213  MCI: 0.850
2026-05-24 08:34:48,464 | [FULL+AUG] | INFO | httpx | HTTP Request: GET https://huggingface.co/api/models/apple/mobilevit-small/commits/refs%2Fpr%2F6 "HTTP/1.1 200 OK"
2026-05-24 08:34:48,669 | [FULL+AUG] | INFO | httpx | HTTP Request: HEAD https://huggingface.co/apple/mobilevit-small/resolve/refs%2Fpr%2F6/model.safetensors.index.json "HTTP/1.1 404 Not Found"
2026-05-24 08:34:48,894 | [FULL+AUG] | INFO | httpx | HTTP Request: HEAD https://huggingface.co/apple/mobilevit-small/resolve/refs%2Fpr%2F6/model.safetensors "HTTP/1.1 302 Found"
2026-05-24 08:35:53,226 | [FULL+AUG] | INFO | full_experiments_using.model_trainers.mobile_vit_trainer | Ep [001/500] T-Acc:  49.3%  V-Acc:  48.5%  V-AUROC: 0.4787  LR: 2.00e-04
2026-05-24 08:35:53,354 | [FULL+AUG] | INFO | full_experiments_using.model_trainers.mobile_vit_trainer |   ↳ new best AUROC; saved checkpoint: /home/leggo/AIResearch/VOGBasedMCIDetectionSystemMobileViTSingleExperimentInference/outputs/checkpoints/run_20260524_040820_full_aug/fold_03_best.pth
2026-05-24 08:36:58,320 | [FULL+AUG] | INFO | full_experiments_using.model_trainers.mobile_vit_trainer | Ep [002/500] T-Acc:  50.8%  V-Acc:  48.7%  V-AUROC: 0.4749  LR: 4.00e-04
2026-05-24 08:38:03,184 | [FULL+AUG] | INFO | full_experiments_using.model_trainers.mobile_vit_trainer | Ep [003/500] T-Acc:  49.2%  V-Acc:  49.4%  V-AUROC: 0.4827  LR: 6.00e-04
2026-05-24 08:38:03,326 | [FULL+AUG] | INFO | full_experiments_using.model_trainers.mobile_vit_trainer |   ↳ new best AUROC; saved checkpoint: /home/leggo/AIResearch/VOGBasedMCIDetectionSystemMobileViTSingleExperimentInference/outputs/checkpoints/run_20260524_040820_full_aug/fold_03_best.pth
2026-05-24 08:39:08,453 | [FULL+AUG] | INFO | full_experiments_using.model_trainers.mobile_vit_trainer | Ep [004/500] T-Acc:  50.6%  V-Acc:  48.8%  V-AUROC: 0.4736  LR: 8.00e-04
2026-05-24 08:40:12,854 | [FULL+AUG] | INFO | full_experiments_using.model_trainers.mobile_vit_trainer | Ep [005/500] T-Acc:  51.0%  V-Acc:  51.5%  V-AUROC: 0.4864  LR: 1.00e-03
2026-05-24 08:40:13,003 | [FULL+AUG] | INFO | full_experiments_using.model_trainers.mobile_vit_trainer |   ↳ new best AUROC; saved checkpoint: /home/leggo/AIResearch/VOGBasedMCIDetectionSystemMobileViTSingleExperimentInference/outputs/checkpoints/run_20260524_040820_full_aug/fold_03_best.pth
2026-05-24 08:41:17,929 | [FULL+AUG] | INFO | full_experiments_using.model_trainers.mobile_vit_trainer | Ep [006/500] T-Acc:  52.9%  V-Acc:  53.2%  V-AUROC: 0.5190  LR: 1.00e-03
2026-05-24 08:41:18,067 | [FULL+AUG] | INFO | full_experiments_using.model_trainers.mobile_vit_trainer |   ↳ new best AUROC; saved checkpoint: /home/leggo/AIResearch/VOGBasedMCIDetectionSystemMobileViTSingleExperimentInference/outputs/checkpoints/run_20260524_040820_full_aug/fold_03_best.pth
2026-05-24 08:42:23,314 | [FULL+AUG] | INFO | full_experiments_using.model_trainers.mobile_vit_trainer | Ep [007/500] T-Acc:  53.4%  V-Acc:  53.8%  V-AUROC: 0.5292  LR: 1.00e-03
2026-05-24 08:42:23,461 | [FULL+AUG] | INFO | full_experiments_using.model_trainers.mobile_vit_trainer |   ↳ new best AUROC; saved checkpoint: /home/leggo/AIResearch/VOGBasedMCIDetectionSystemMobileViTSingleExperimentInference/outputs/checkpoints/run_20260524_040820_full_aug/fold_03_best.pth
2026-05-24 08:43:28,411 | [FULL+AUG] | INFO | full_experiments_using.model_trainers.mobile_vit_trainer | Ep [008/500] T-Acc:  53.8%  V-Acc:  52.7%  V-AUROC: 0.5272  LR: 1.00e-03
2026-05-24 08:44:33,008 | [FULL+AUG] | INFO | full_experiments_using.model_trainers.mobile_vit_trainer | Ep [009/500] T-Acc:  55.7%  V-Acc:  53.1%  V-AUROC: 0.5202  LR: 1.00e-03
2026-05-24 08:45:38,052 | [FULL+AUG] | INFO | full_experiments_using.model_trainers.mobile_vit_trainer | Ep [010/500] T-Acc:  56.4%  V-Acc:  53.4%  V-AUROC: 0.5381  LR: 1.00e-03
2026-05-24 08:45:38,195 | [FULL+AUG] | INFO | full_experiments_using.model_trainers.mobile_vit_trainer |   ↳ new best AUROC; saved checkpoint: /home/leggo/AIResearch/VOGBasedMCIDetectionSystemMobileViTSingleExperimentInference/outputs/checkpoints/run_20260524_040820_full_aug/fold_03_best.pth
2026-05-24 08:46:42,934 | [FULL+AUG] | INFO | full_experiments_using.model_trainers.mobile_vit_trainer | Ep [011/500] T-Acc:  56.5%  V-Acc:  55.2%  V-AUROC: 0.5522  LR: 1.00e-03
2026-05-24 08:46:43,079 | [FULL+AUG] | INFO | full_experiments_using.model_trainers.mobile_vit_trainer |   ↳ new best AUROC; saved checkpoint: /home/leggo/AIResearch/VOGBasedMCIDetectionSystemMobileViTSingleExperimentInference/outputs/checkpoints/run_20260524_040820_full_aug/fold_03_best.pth
2026-05-24 08:47:48,259 | [FULL+AUG] | INFO | full_experiments_using.model_trainers.mobile_vit_trainer | Ep [012/500] T-Acc:  56.8%  V-Acc:  54.1%  V-AUROC: 0.5532  LR: 1.00e-03
2026-05-24 08:47:48,402 | [FULL+AUG] | INFO | full_experiments_using.model_trainers.mobile_vit_trainer |   ↳ new best AUROC; saved checkpoint: /home/leggo/AIResearch/VOGBasedMCIDetectionSystemMobileViTSingleExperimentInference/outputs/checkpoints/run_20260524_040820_full_aug/fold_03_best.pth
2026-05-24 08:48:53,067 | [FULL+AUG] | INFO | full_experiments_using.model_trainers.mobile_vit_trainer | Ep [013/500] T-Acc:  57.9%  V-Acc:  52.4%  V-AUROC: 0.5372  LR: 1.00e-03
2026-05-24 08:49:58,025 | [FULL+AUG] | INFO | full_experiments_using.model_trainers.mobile_vit_trainer | Ep [014/500] T-Acc:  58.2%  V-Acc:  54.9%  V-AUROC: 0.5632  LR: 1.00e-03
2026-05-24 08:49:58,172 | [FULL+AUG] | INFO | full_experiments_using.model_trainers.mobile_vit_trainer |   ↳ new best AUROC; saved checkpoint: /home/leggo/AIResearch/VOGBasedMCIDetectionSystemMobileViTSingleExperimentInference/outputs/checkpoints/run_20260524_040820_full_aug/fold_03_best.pth
2026-05-24 08:51:02,860 | [FULL+AUG] | INFO | full_experiments_using.model_trainers.mobile_vit_trainer | Ep [015/500] T-Acc:  58.4%  V-Acc:  53.3%  V-AUROC: 0.5408  LR: 1.00e-03
2026-05-24 08:52:07,378 | [FULL+AUG] | INFO | full_experiments_using.model_trainers.mobile_vit_trainer | Ep [016/500] T-Acc:  59.5%  V-Acc:  54.8%  V-AUROC: 0.5695  LR: 1.00e-03
2026-05-24 08:52:07,503 | [FULL+AUG] | INFO | full_experiments_using.model_trainers.mobile_vit_trainer |   ↳ new best AUROC; saved checkpoint: /home/leggo/AIResearch/VOGBasedMCIDetectionSystemMobileViTSingleExperimentInference/outputs/checkpoints/run_20260524_040820_full_aug/fold_03_best.pth
2026-05-24 08:53:12,554 | [FULL+AUG] | INFO | full_experiments_using.model_trainers.mobile_vit_trainer | Ep [017/500] T-Acc:  60.0%  V-Acc:  55.5%  V-AUROC: 0.5644  LR: 1.00e-03
2026-05-24 08:54:17,435 | [FULL+AUG] | INFO | full_experiments_using.model_trainers.mobile_vit_trainer | Ep [018/500] T-Acc:  59.0%  V-Acc:  53.7%  V-AUROC: 0.5483  LR: 1.00e-03
2026-05-24 08:55:22,210 | [FULL+AUG] | INFO | full_experiments_using.model_trainers.mobile_vit_trainer | Ep [019/500] T-Acc:  59.2%  V-Acc:  55.0%  V-AUROC: 0.5669  LR: 1.00e-03
2026-05-24 08:56:27,323 | [FULL+AUG] | INFO | full_experiments_using.model_trainers.mobile_vit_trainer | Ep [020/500] T-Acc:  60.1%  V-Acc:  52.9%  V-AUROC: 0.5450  LR: 1.00e-03
2026-05-24 08:57:32,522 | [FULL+AUG] | INFO | full_experiments_using.model_trainers.mobile_vit_trainer | Ep [021/500] T-Acc:  61.2%  V-Acc:  54.8%  V-AUROC: 0.5691  LR: 1.00e-03
2026-05-24 08:58:37,609 | [FULL+AUG] | INFO | full_experiments_using.model_trainers.mobile_vit_trainer | Ep [022/500] T-Acc:  61.4%  V-Acc:  53.6%  V-AUROC: 0.5527  LR: 1.00e-03
2026-05-24 08:59:42,532 | [FULL+AUG] | INFO | full_experiments_using.model_trainers.mobile_vit_trainer | Ep [023/500] T-Acc:  60.8%  V-Acc:  54.7%  V-AUROC: 0.5653  LR: 1.00e-03
2026-05-24 09:00:47,402 | [FULL+AUG] | INFO | full_experiments_using.model_trainers.mobile_vit_trainer | Ep [024/500] T-Acc:  60.7%  V-Acc:  54.5%  V-AUROC: 0.5678  LR: 1.00e-03
2026-05-24 09:01:52,387 | [FULL+AUG] | INFO | full_experiments_using.model_trainers.mobile_vit_trainer | Ep [025/500] T-Acc:  61.8%  V-Acc:  53.4%  V-AUROC: 0.5461  LR: 1.00e-03
2026-05-24 09:02:57,484 | [FULL+AUG] | INFO | full_experiments_using.model_trainers.mobile_vit_trainer | Ep [026/500] T-Acc:  61.9%  V-Acc:  53.2%  V-AUROC: 0.5494  LR: 1.00e-03
2026-05-24 09:04:02,751 | [FULL+AUG] | INFO | full_experiments_using.model_trainers.mobile_vit_trainer | Ep [027/500] T-Acc:  61.8%  V-Acc:  53.9%  V-AUROC: 0.5603  LR: 1.00e-03
2026-05-24 09:05:07,649 | [FULL+AUG] | INFO | full_experiments_using.model_trainers.mobile_vit_trainer | Ep [028/500] T-Acc:  61.8%  V-Acc:  54.5%  V-AUROC: 0.5654  LR: 2.00e-04
2026-05-24 09:06:12,510 | [FULL+AUG] | INFO | full_experiments_using.model_trainers.mobile_vit_trainer | Ep [029/500] T-Acc:  62.5%  V-Acc:  54.9%  V-AUROC: 0.5685  LR: 2.00e-04
2026-05-24 09:07:17,564 | [FULL+AUG] | INFO | full_experiments_using.model_trainers.mobile_vit_trainer | Ep [030/500] T-Acc:  62.0%  V-Acc:  55.0%  V-AUROC: 0.5711  LR: 2.00e-04
2026-05-24 09:07:17,711 | [FULL+AUG] | INFO | full_experiments_using.model_trainers.mobile_vit_trainer |   ↳ new best AUROC; saved checkpoint: /home/leggo/AIResearch/VOGBasedMCIDetectionSystemMobileViTSingleExperimentInference/outputs/checkpoints/run_20260524_040820_full_aug/fold_03_best.pth
2026-05-24 09:08:22,695 | [FULL+AUG] | INFO | full_experiments_using.model_trainers.mobile_vit_trainer | Ep [031/500] T-Acc:  61.5%  V-Acc:  55.6%  V-AUROC: 0.5722  LR: 2.00e-04
2026-05-24 09:08:22,855 | [FULL+AUG] | INFO | full_experiments_using.model_trainers.mobile_vit_trainer |   ↳ new best AUROC; saved checkpoint: /home/leggo/AIResearch/VOGBasedMCIDetectionSystemMobileViTSingleExperimentInference/outputs/checkpoints/run_20260524_040820_full_aug/fold_03_best.pth
2026-05-24 09:09:27,594 | [FULL+AUG] | INFO | full_experiments_using.model_trainers.mobile_vit_trainer | Ep [032/500] T-Acc:  62.8%  V-Acc:  55.2%  V-AUROC: 0.5720  LR: 2.00e-04
2026-05-24 09:10:32,772 | [FULL+AUG] | INFO | full_experiments_using.model_trainers.mobile_vit_trainer | Ep [033/500] T-Acc:  62.0%  V-Acc:  54.8%  V-AUROC: 0.5720  LR: 2.00e-04
2026-05-24 09:11:37,919 | [FULL+AUG] | INFO | full_experiments_using.model_trainers.mobile_vit_trainer | Ep [034/500] T-Acc:  62.7%  V-Acc:  54.3%  V-AUROC: 0.5641  LR: 2.00e-04
2026-05-24 09:12:42,830 | [FULL+AUG] | INFO | full_experiments_using.model_trainers.mobile_vit_trainer | Ep [035/500] T-Acc:  62.1%  V-Acc:  54.9%  V-AUROC: 0.5693  LR: 2.00e-04
2026-05-24 09:13:47,624 | [FULL+AUG] | INFO | full_experiments_using.model_trainers.mobile_vit_trainer | Ep [036/500] T-Acc:  61.5%  V-Acc:  54.4%  V-AUROC: 0.5666  LR: 2.00e-04
2026-05-24 09:14:52,466 | [FULL+AUG] | INFO | full_experiments_using.model_trainers.mobile_vit_trainer | Ep [037/500] T-Acc:  61.6%  V-Acc:  54.9%  V-AUROC: 0.5639  LR: 2.00e-04
2026-05-24 09:15:57,298 | [FULL+AUG] | INFO | full_experiments_using.model_trainers.mobile_vit_trainer | Ep [038/500] T-Acc:  61.9%  V-Acc:  55.7%  V-AUROC: 0.5760  LR: 2.00e-04
2026-05-24 09:15:57,440 | [FULL+AUG] | INFO | full_experiments_using.model_trainers.mobile_vit_trainer |   ↳ new best AUROC; saved checkpoint: /home/leggo/AIResearch/VOGBasedMCIDetectionSystemMobileViTSingleExperimentInference/outputs/checkpoints/run_20260524_040820_full_aug/fold_03_best.pth
2026-05-24 09:17:02,116 | [FULL+AUG] | INFO | full_experiments_using.model_trainers.mobile_vit_trainer | Ep [039/500] T-Acc:  61.8%  V-Acc:  55.6%  V-AUROC: 0.5750  LR: 2.00e-04
2026-05-24 09:18:06,921 | [FULL+AUG] | INFO | full_experiments_using.model_trainers.mobile_vit_trainer | Ep [040/500] T-Acc:  62.0%  V-Acc:  54.9%  V-AUROC: 0.5703  LR: 2.00e-04
2026-05-24 09:19:12,046 | [FULL+AUG] | INFO | full_experiments_using.model_trainers.mobile_vit_trainer | Ep [041/500] T-Acc:  62.7%  V-Acc:  55.0%  V-AUROC: 0.5748  LR: 2.00e-04
2026-05-24 09:20:16,610 | [FULL+AUG] | INFO | full_experiments_using.model_trainers.mobile_vit_trainer | Ep [042/500] T-Acc:  62.4%  V-Acc:  54.8%  V-AUROC: 0.5722  LR: 2.00e-04
2026-05-24 09:21:21,466 | [FULL+AUG] | INFO | full_experiments_using.model_trainers.mobile_vit_trainer | Ep [043/500] T-Acc:  62.9%  V-Acc:  55.4%  V-AUROC: 0.5746  LR: 2.00e-04
2026-05-24 09:22:26,314 | [FULL+AUG] | INFO | full_experiments_using.model_trainers.mobile_vit_trainer | Ep [044/500] T-Acc:  63.7%  V-Acc:  55.0%  V-AUROC: 0.5691  LR: 2.00e-04
2026-05-24 09:23:31,729 | [FULL+AUG] | INFO | full_experiments_using.model_trainers.mobile_vit_trainer | Ep [045/500] T-Acc:  62.6%  V-Acc:  55.0%  V-AUROC: 0.5724  LR: 2.00e-04
2026-05-24 09:24:36,770 | [FULL+AUG] | INFO | full_experiments_using.model_trainers.mobile_vit_trainer | Ep [046/500] T-Acc:  63.2%  V-Acc:  55.1%  V-AUROC: 0.5688  LR: 2.00e-04
2026-05-24 09:25:41,919 | [FULL+AUG] | INFO | full_experiments_using.model_trainers.mobile_vit_trainer | Ep [047/500] T-Acc:  62.3%  V-Acc:  54.8%  V-AUROC: 0.5644  LR: 2.00e-04
2026-05-24 09:26:47,090 | [FULL+AUG] | INFO | full_experiments_using.model_trainers.mobile_vit_trainer | Ep [048/500] T-Acc:  62.3%  V-Acc:  55.0%  V-AUROC: 0.5657  LR: 2.00e-04
2026-05-24 09:27:51,925 | [FULL+AUG] | INFO | full_experiments_using.model_trainers.mobile_vit_trainer | Ep [049/500] T-Acc:  62.7%  V-Acc:  55.1%  V-AUROC: 0.5681  LR: 2.00e-04
2026-05-24 09:28:56,918 | [FULL+AUG] | INFO | full_experiments_using.model_trainers.mobile_vit_trainer | Ep [050/500] T-Acc:  63.3%  V-Acc:  54.8%  V-AUROC: 0.5682  LR: 4.00e-05
2026-05-24 09:30:02,092 | [FULL+AUG] | INFO | full_experiments_using.model_trainers.mobile_vit_trainer | Ep [051/500] T-Acc:  62.9%  V-Acc:  54.8%  V-AUROC: 0.5683  LR: 4.00e-05
2026-05-24 09:31:07,149 | [FULL+AUG] | INFO | full_experiments_using.model_trainers.mobile_vit_trainer | Ep [052/500] T-Acc:  63.1%  V-Acc:  54.4%  V-AUROC: 0.5682  LR: 4.00e-05
2026-05-24 09:32:12,277 | [FULL+AUG] | INFO | full_experiments_using.model_trainers.mobile_vit_trainer | Ep [053/500] T-Acc:  62.8%  V-Acc:  54.9%  V-AUROC: 0.5686  LR: 4.00e-05
2026-05-24 09:33:17,209 | [FULL+AUG] | INFO | full_experiments_using.model_trainers.mobile_vit_trainer | Ep [054/500] T-Acc:  63.1%  V-Acc:  54.8%  V-AUROC: 0.5666  LR: 4.00e-05
2026-05-24 09:34:22,186 | [FULL+AUG] | INFO | full_experiments_using.model_trainers.mobile_vit_trainer | Ep [055/500] T-Acc:  64.6%  V-Acc:  54.5%  V-AUROC: 0.5678  LR: 4.00e-05
2026-05-24 09:35:27,127 | [FULL+AUG] | INFO | full_experiments_using.model_trainers.mobile_vit_trainer | Ep [056/500] T-Acc:  63.4%  V-Acc:  54.5%  V-AUROC: 0.5684  LR: 4.00e-05
2026-05-24 09:36:32,189 | [FULL+AUG] | INFO | full_experiments_using.model_trainers.mobile_vit_trainer | Ep [057/500] T-Acc:  63.2%  V-Acc:  54.7%  V-AUROC: 0.5680  LR: 4.00e-05
2026-05-24 09:37:37,153 | [FULL+AUG] | INFO | full_experiments_using.model_trainers.mobile_vit_trainer | Ep [058/500] T-Acc:  63.1%  V-Acc:  55.0%  V-AUROC: 0.5688  LR: 4.00e-05
2026-05-24 09:38:42,068 | [FULL+AUG] | INFO | full_experiments_using.model_trainers.mobile_vit_trainer | Ep [059/500] T-Acc:  64.0%  V-Acc:  55.4%  V-AUROC: 0.5693  LR: 4.00e-05
2026-05-24 09:39:47,184 | [FULL+AUG] | INFO | full_experiments_using.model_trainers.mobile_vit_trainer | Ep [060/500] T-Acc:  61.3%  V-Acc:  54.9%  V-AUROC: 0.5684  LR: 4.00e-05
2026-05-24 09:40:52,118 | [FULL+AUG] | INFO | full_experiments_using.model_trainers.mobile_vit_trainer | Ep [061/500] T-Acc:  65.1%  V-Acc:  55.1%  V-AUROC: 0.5688  LR: 8.00e-06
2026-05-24 09:41:57,142 | [FULL+AUG] | INFO | full_experiments_using.model_trainers.mobile_vit_trainer | Ep [062/500] T-Acc:  64.2%  V-Acc:  55.3%  V-AUROC: 0.5684  LR: 8.00e-06
2026-05-24 09:43:02,207 | [FULL+AUG] | INFO | full_experiments_using.model_trainers.mobile_vit_trainer | Ep [063/500] T-Acc:  63.0%  V-Acc:  54.8%  V-AUROC: 0.5689  LR: 8.00e-06
2026-05-24 09:44:07,146 | [FULL+AUG] | INFO | full_experiments_using.model_trainers.mobile_vit_trainer | Ep [064/500] T-Acc:  62.6%  V-Acc:  54.9%  V-AUROC: 0.5697  LR: 8.00e-06
2026-05-24 09:45:12,157 | [FULL+AUG] | INFO | full_experiments_using.model_trainers.mobile_vit_trainer | Ep [065/500] T-Acc:  64.0%  V-Acc:  54.9%  V-AUROC: 0.5682  LR: 8.00e-06
2026-05-24 09:46:17,266 | [FULL+AUG] | INFO | full_experiments_using.model_trainers.mobile_vit_trainer | Ep [066/500] T-Acc:  63.6%  V-Acc:  54.7%  V-AUROC: 0.5688  LR: 8.00e-06
2026-05-24 09:47:22,558 | [FULL+AUG] | INFO | full_experiments_using.model_trainers.mobile_vit_trainer | Ep [067/500] T-Acc:  63.7%  V-Acc:  54.9%  V-AUROC: 0.5699  LR: 8.00e-06
2026-05-24 09:48:27,697 | [FULL+AUG] | INFO | full_experiments_using.model_trainers.mobile_vit_trainer | Ep [068/500] T-Acc:  63.8%  V-Acc:  55.2%  V-AUROC: 0.5695  LR: 8.00e-06
2026-05-24 09:49:33,084 | [FULL+AUG] | INFO | full_experiments_using.model_trainers.mobile_vit_trainer | Ep [069/500] T-Acc:  62.9%  V-Acc:  55.0%  V-AUROC: 0.5692  LR: 8.00e-06
2026-05-24 09:50:37,861 | [FULL+AUG] | INFO | full_experiments_using.model_trainers.mobile_vit_trainer | Ep [070/500] T-Acc:  63.7%  V-Acc:  54.9%  V-AUROC: 0.5702  LR: 8.00e-06
2026-05-24 09:51:43,094 | [FULL+AUG] | INFO | full_experiments_using.model_trainers.mobile_vit_trainer | Ep [071/500] T-Acc:  64.7%  V-Acc:  55.1%  V-AUROC: 0.5695  LR: 8.00e-06
2026-05-24 09:52:48,294 | [FULL+AUG] | INFO | full_experiments_using.model_trainers.mobile_vit_trainer | Ep [072/500] T-Acc:  62.7%  V-Acc:  55.3%  V-AUROC: 0.5691  LR: 1.60e-06
2026-05-24 09:53:53,414 | [FULL+AUG] | INFO | full_experiments_using.model_trainers.mobile_vit_trainer | Ep [073/500] T-Acc:  63.3%  V-Acc:  55.1%  V-AUROC: 0.5695  LR: 1.60e-06
2026-05-24 09:54:58,428 | [FULL+AUG] | INFO | full_experiments_using.model_trainers.mobile_vit_trainer | Ep [074/500] T-Acc:  63.6%  V-Acc:  54.7%  V-AUROC: 0.5696  LR: 1.60e-06
2026-05-24 09:56:03,434 | [FULL+AUG] | INFO | full_experiments_using.model_trainers.mobile_vit_trainer | Ep [075/500] T-Acc:  63.4%  V-Acc:  55.1%  V-AUROC: 0.5687  LR: 1.60e-06
2026-05-24 09:57:08,311 | [FULL+AUG] | INFO | full_experiments_using.model_trainers.mobile_vit_trainer | Ep [076/500] T-Acc:  63.4%  V-Acc:  55.0%  V-AUROC: 0.5700  LR: 1.60e-06
2026-05-24 09:58:13,278 | [FULL+AUG] | INFO | full_experiments_using.model_trainers.mobile_vit_trainer | Ep [077/500] T-Acc:  63.3%  V-Acc:  55.0%  V-AUROC: 0.5693  LR: 1.60e-06
2026-05-24 09:59:18,403 | [FULL+AUG] | INFO | full_experiments_using.model_trainers.mobile_vit_trainer | Ep [078/500] T-Acc:  63.7%  V-Acc:  55.2%  V-AUROC: 0.5693  LR: 1.60e-06
2026-05-24 09:59:18,404 | [FULL+AUG] | INFO | full_experiments_using.model_trainers.mobile_vit_trainer | Early stop — best AUROC 0.5760 at epoch 38 (no improvement for 40 epochs)
2026-05-24 09:59:18,404 | [FULL+AUG] | INFO | full_experiments_using.model_trainers.mobile_vit_trainer | Done. Best AUROC: 0.5760 (epoch 38) → /home/leggo/AIResearch/VOGBasedMCIDetectionSystemMobileViTSingleExperimentInference/outputs/checkpoints/run_20260524_040820_full_aug/fold_03_best.pth
2026-05-24 09:59:34,522 | [FULL+AUG] | INFO | full_experiments_using.evaluators.monte_carlo_evaluator | -> Fold 04 Result | Acc=0.636 Sens=0.857 Spec=0.250 AUROC=0.571
2026-05-24 09:59:34,528 | [FULL+AUG] | INFO | full_experiments_using.evaluators.monte_carlo_evaluator | === Fold 05/30 | train: 25 subj / 3805 windows | test: 12 subj / 1931 windows ===
2026-05-24 09:59:34,951 | [FULL+AUG] | INFO | httpx | HTTP Request: HEAD https://huggingface.co/apple/mobilevit-small/resolve/main/config.json "HTTP/1.1 307 Temporary Redirect"
2026-05-24 09:59:34,968 | [FULL+AUG] | INFO | httpx | HTTP Request: HEAD https://huggingface.co/api/resolve-cache/models/apple/mobilevit-small/6c8612545dc98676d27bc518fa521d9e9af23e34/config.json "HTTP/1.1 200 OK"
2026-05-24 09:59:35,230 | [FULL+AUG] | INFO | httpx | HTTP Request: HEAD https://huggingface.co/apple/mobilevit-small/resolve/main/model.safetensors "HTTP/1.1 404 Not Found"
2026-05-24 09:59:35,445 | [FULL+AUG] | INFO | httpx | HTTP Request: HEAD https://huggingface.co/apple/mobilevit-small/resolve/main/model.safetensors.index.json "HTTP/1.1 404 Not Found"
2026-05-24 09:59:35,668 | [FULL+AUG] | INFO | httpx | HTTP Request: HEAD https://huggingface.co/apple/mobilevit-small/resolve/main/pytorch_model.bin "HTTP/1.1 302 Found"
2026-05-24 09:59:35,884 | [FULL+AUG] | INFO | httpx | HTTP Request: HEAD https://huggingface.co/apple/mobilevit-small/resolve/main/model.safetensors "HTTP/1.1 404 Not Found"
2026-05-24 09:59:36,110 | [FULL+AUG] | INFO | httpx | HTTP Request: GET https://huggingface.co/api/models/apple/mobilevit-small "HTTP/1.1 200 OK"
2026-05-24 09:59:36,397 | [FULL+AUG] | INFO | httpx | HTTP Request: GET https://huggingface.co/api/models/apple/mobilevit-small/commits/main "HTTP/1.1 200 OK"
2026-05-24 09:59:36,622 | [FULL+AUG] | INFO | httpx | HTTP Request: GET https://huggingface.co/api/models/apple/mobilevit-small/discussions?p=0 "HTTP/1.1 200 OK"
2026-05-24 09:59:36,713 | [FULL+AUG] | INFO | full_experiments_using.model_trainers.mobile_vit_trainer | Device: cuda | max_epochs=500 | batch=32 | es_patience=40
2026-05-24 09:59:36,715 | [FULL+AUG] | INFO | full_experiments_using.model_trainers.mobile_vit_trainer | CE weights — HC: 1.334  MCI: 0.800
2026-05-24 09:59:36,851 | [FULL+AUG] | INFO | httpx | HTTP Request: GET https://huggingface.co/api/models/apple/mobilevit-small/commits/refs%2Fpr%2F6 "HTTP/1.1 200 OK"
2026-05-24 09:59:37,063 | [FULL+AUG] | INFO | httpx | HTTP Request: HEAD https://huggingface.co/apple/mobilevit-small/resolve/refs%2Fpr%2F6/model.safetensors.index.json "HTTP/1.1 404 Not Found"
2026-05-24 09:59:37,285 | [FULL+AUG] | INFO | httpx | HTTP Request: HEAD https://huggingface.co/apple/mobilevit-small/resolve/refs%2Fpr%2F6/model.safetensors "HTTP/1.1 302 Found"
2026-05-24 10:00:40,632 | [FULL+AUG] | INFO | full_experiments_using.model_trainers.mobile_vit_trainer | Ep [001/500] T-Acc:  48.9%  V-Acc:  48.0%  V-AUROC: 0.4716  LR: 2.00e-04
2026-05-24 10:00:40,734 | [FULL+AUG] | INFO | full_experiments_using.model_trainers.mobile_vit_trainer |   ↳ new best AUROC; saved checkpoint: /home/leggo/AIResearch/VOGBasedMCIDetectionSystemMobileViTSingleExperimentInference/outputs/checkpoints/run_20260524_040820_full_aug/fold_04_best.pth
2026-05-24 10:01:44,471 | [FULL+AUG] | INFO | full_experiments_using.model_trainers.mobile_vit_trainer | Ep [002/500] T-Acc:  52.1%  V-Acc:  48.2%  V-AUROC: 0.4691  LR: 4.00e-04
2026-05-24 10:02:48,095 | [FULL+AUG] | INFO | full_experiments_using.model_trainers.mobile_vit_trainer | Ep [003/500] T-Acc:  50.1%  V-Acc:  49.9%  V-AUROC: 0.4955  LR: 6.00e-04
2026-05-24 10:02:48,227 | [FULL+AUG] | INFO | full_experiments_using.model_trainers.mobile_vit_trainer |   ↳ new best AUROC; saved checkpoint: /home/leggo/AIResearch/VOGBasedMCIDetectionSystemMobileViTSingleExperimentInference/outputs/checkpoints/run_20260524_040820_full_aug/fold_04_best.pth
2026-05-24 10:03:51,863 | [FULL+AUG] | INFO | full_experiments_using.model_trainers.mobile_vit_trainer | Ep [004/500] T-Acc:  53.7%  V-Acc:  51.2%  V-AUROC: 0.5358  LR: 8.00e-04
2026-05-24 10:03:52,002 | [FULL+AUG] | INFO | full_experiments_using.model_trainers.mobile_vit_trainer |   ↳ new best AUROC; saved checkpoint: /home/leggo/AIResearch/VOGBasedMCIDetectionSystemMobileViTSingleExperimentInference/outputs/checkpoints/run_20260524_040820_full_aug/fold_04_best.pth
2026-05-24 10:04:55,725 | [FULL+AUG] | INFO | full_experiments_using.model_trainers.mobile_vit_trainer | Ep [005/500] T-Acc:  53.9%  V-Acc:  55.0%  V-AUROC: 0.5785  LR: 1.00e-03
2026-05-24 10:04:55,861 | [FULL+AUG] | INFO | full_experiments_using.model_trainers.mobile_vit_trainer |   ↳ new best AUROC; saved checkpoint: /home/leggo/AIResearch/VOGBasedMCIDetectionSystemMobileViTSingleExperimentInference/outputs/checkpoints/run_20260524_040820_full_aug/fold_04_best.pth
2026-05-24 10:05:59,549 | [FULL+AUG] | INFO | full_experiments_using.model_trainers.mobile_vit_trainer | Ep [006/500] T-Acc:  54.9%  V-Acc:  53.3%  V-AUROC: 0.5609  LR: 1.00e-03
2026-05-24 10:07:03,044 | [FULL+AUG] | INFO | full_experiments_using.model_trainers.mobile_vit_trainer | Ep [007/500] T-Acc:  55.8%  V-Acc:  55.4%  V-AUROC: 0.5830  LR: 1.00e-03
2026-05-24 10:07:03,178 | [FULL+AUG] | INFO | full_experiments_using.model_trainers.mobile_vit_trainer |   ↳ new best AUROC; saved checkpoint: /home/leggo/AIResearch/VOGBasedMCIDetectionSystemMobileViTSingleExperimentInference/outputs/checkpoints/run_20260524_040820_full_aug/fold_04_best.pth
2026-05-24 10:08:06,929 | [FULL+AUG] | INFO | full_experiments_using.model_trainers.mobile_vit_trainer | Ep [008/500] T-Acc:  55.6%  V-Acc:  56.2%  V-AUROC: 0.6003  LR: 1.00e-03
2026-05-24 10:08:07,062 | [FULL+AUG] | INFO | full_experiments_using.model_trainers.mobile_vit_trainer |   ↳ new best AUROC; saved checkpoint: /home/leggo/AIResearch/VOGBasedMCIDetectionSystemMobileViTSingleExperimentInference/outputs/checkpoints/run_20260524_040820_full_aug/fold_04_best.pth
2026-05-24 10:09:10,739 | [FULL+AUG] | INFO | full_experiments_using.model_trainers.mobile_vit_trainer | Ep [009/500] T-Acc:  56.4%  V-Acc:  56.6%  V-AUROC: 0.6008  LR: 1.00e-03
2026-05-24 10:09:10,874 | [FULL+AUG] | INFO | full_experiments_using.model_trainers.mobile_vit_trainer |   ↳ new best AUROC; saved checkpoint: /home/leggo/AIResearch/VOGBasedMCIDetectionSystemMobileViTSingleExperimentInference/outputs/checkpoints/run_20260524_040820_full_aug/fold_04_best.pth
2026-05-24 10:10:14,714 | [FULL+AUG] | INFO | full_experiments_using.model_trainers.mobile_vit_trainer | Ep [010/500] T-Acc:  56.4%  V-Acc:  56.3%  V-AUROC: 0.5996  LR: 1.00e-03
2026-05-24 10:11:18,565 | [FULL+AUG] | INFO | full_experiments_using.model_trainers.mobile_vit_trainer | Ep [011/500] T-Acc:  56.4%  V-Acc:  55.6%  V-AUROC: 0.5887  LR: 1.00e-03
2026-05-24 10:12:22,200 | [FULL+AUG] | INFO | full_experiments_using.model_trainers.mobile_vit_trainer | Ep [012/500] T-Acc:  56.7%  V-Acc:  58.7%  V-AUROC: 0.6191  LR: 1.00e-03
2026-05-24 10:12:22,342 | [FULL+AUG] | INFO | full_experiments_using.model_trainers.mobile_vit_trainer |   ↳ new best AUROC; saved checkpoint: /home/leggo/AIResearch/VOGBasedMCIDetectionSystemMobileViTSingleExperimentInference/outputs/checkpoints/run_20260524_040820_full_aug/fold_04_best.pth
2026-05-24 10:13:26,360 | [FULL+AUG] | INFO | full_experiments_using.model_trainers.mobile_vit_trainer | Ep [013/500] T-Acc:  57.8%  V-Acc:  57.8%  V-AUROC: 0.6239  LR: 1.00e-03
2026-05-24 10:13:26,488 | [FULL+AUG] | INFO | full_experiments_using.model_trainers.mobile_vit_trainer |   ↳ new best AUROC; saved checkpoint: /home/leggo/AIResearch/VOGBasedMCIDetectionSystemMobileViTSingleExperimentInference/outputs/checkpoints/run_20260524_040820_full_aug/fold_04_best.pth
2026-05-24 10:14:30,635 | [FULL+AUG] | INFO | full_experiments_using.model_trainers.mobile_vit_trainer | Ep [014/500] T-Acc:  57.1%  V-Acc:  55.6%  V-AUROC: 0.6022  LR: 1.00e-03
2026-05-24 10:15:34,776 | [FULL+AUG] | INFO | full_experiments_using.model_trainers.mobile_vit_trainer | Ep [015/500] T-Acc:  59.7%  V-Acc:  60.1%  V-AUROC: 0.6305  LR: 1.00e-03
2026-05-24 10:15:34,915 | [FULL+AUG] | INFO | full_experiments_using.model_trainers.mobile_vit_trainer |   ↳ new best AUROC; saved checkpoint: /home/leggo/AIResearch/VOGBasedMCIDetectionSystemMobileViTSingleExperimentInference/outputs/checkpoints/run_20260524_040820_full_aug/fold_04_best.pth
2026-05-24 10:16:38,824 | [FULL+AUG] | INFO | full_experiments_using.model_trainers.mobile_vit_trainer | Ep [016/500] T-Acc:  58.0%  V-Acc:  58.9%  V-AUROC: 0.6318  LR: 1.00e-03
2026-05-24 10:16:38,962 | [FULL+AUG] | INFO | full_experiments_using.model_trainers.mobile_vit_trainer |   ↳ new best AUROC; saved checkpoint: /home/leggo/AIResearch/VOGBasedMCIDetectionSystemMobileViTSingleExperimentInference/outputs/checkpoints/run_20260524_040820_full_aug/fold_04_best.pth
2026-05-24 10:17:42,612 | [FULL+AUG] | INFO | full_experiments_using.model_trainers.mobile_vit_trainer | Ep [017/500] T-Acc:  59.6%  V-Acc:  56.4%  V-AUROC: 0.6116  LR: 1.00e-03
2026-05-24 10:18:46,620 | [FULL+AUG] | INFO | full_experiments_using.model_trainers.mobile_vit_trainer | Ep [018/500] T-Acc:  58.9%  V-Acc:  55.9%  V-AUROC: 0.6088  LR: 1.00e-03
2026-05-24 10:19:50,704 | [FULL+AUG] | INFO | full_experiments_using.model_trainers.mobile_vit_trainer | Ep [019/500] T-Acc:  58.8%  V-Acc:  59.3%  V-AUROC: 0.6242  LR: 1.00e-03
2026-05-24 10:20:54,691 | [FULL+AUG] | INFO | full_experiments_using.model_trainers.mobile_vit_trainer | Ep [020/500] T-Acc:  58.8%  V-Acc:  60.1%  V-AUROC: 0.6364  LR: 1.00e-03
2026-05-24 10:20:54,828 | [FULL+AUG] | INFO | full_experiments_using.model_trainers.mobile_vit_trainer |   ↳ new best AUROC; saved checkpoint: /home/leggo/AIResearch/VOGBasedMCIDetectionSystemMobileViTSingleExperimentInference/outputs/checkpoints/run_20260524_040820_full_aug/fold_04_best.pth
2026-05-24 10:21:58,619 | [FULL+AUG] | INFO | full_experiments_using.model_trainers.mobile_vit_trainer | Ep [021/500] T-Acc:  59.7%  V-Acc:  61.3%  V-AUROC: 0.6561  LR: 1.00e-03
2026-05-24 10:21:58,754 | [FULL+AUG] | INFO | full_experiments_using.model_trainers.mobile_vit_trainer |   ↳ new best AUROC; saved checkpoint: /home/leggo/AIResearch/VOGBasedMCIDetectionSystemMobileViTSingleExperimentInference/outputs/checkpoints/run_20260524_040820_full_aug/fold_04_best.pth
2026-05-24 10:23:02,616 | [FULL+AUG] | INFO | full_experiments_using.model_trainers.mobile_vit_trainer | Ep [022/500] T-Acc:  59.7%  V-Acc:  59.7%  V-AUROC: 0.6400  LR: 1.00e-03
2026-05-24 10:24:06,263 | [FULL+AUG] | INFO | full_experiments_using.model_trainers.mobile_vit_trainer | Ep [023/500] T-Acc:  59.3%  V-Acc:  58.8%  V-AUROC: 0.6298  LR: 1.00e-03
2026-05-24 10:25:10,198 | [FULL+AUG] | INFO | full_experiments_using.model_trainers.mobile_vit_trainer | Ep [024/500] T-Acc:  59.7%  V-Acc:  60.4%  V-AUROC: 0.6526  LR: 1.00e-03
2026-05-24 10:26:14,045 | [FULL+AUG] | INFO | full_experiments_using.model_trainers.mobile_vit_trainer | Ep [025/500] T-Acc:  60.8%  V-Acc:  58.9%  V-AUROC: 0.6416  LR: 1.00e-03
2026-05-24 10:27:17,994 | [FULL+AUG] | INFO | full_experiments_using.model_trainers.mobile_vit_trainer | Ep [026/500] T-Acc:  61.4%  V-Acc:  60.7%  V-AUROC: 0.6521  LR: 1.00e-03
2026-05-24 10:28:21,750 | [FULL+AUG] | INFO | full_experiments_using.model_trainers.mobile_vit_trainer | Ep [027/500] T-Acc:  61.8%  V-Acc:  60.1%  V-AUROC: 0.6477  LR: 1.00e-03
2026-05-24 10:29:25,666 | [FULL+AUG] | INFO | full_experiments_using.model_trainers.mobile_vit_trainer | Ep [028/500] T-Acc:  60.0%  V-Acc:  60.0%  V-AUROC: 0.6481  LR: 1.00e-03
2026-05-24 10:30:29,347 | [FULL+AUG] | INFO | full_experiments_using.model_trainers.mobile_vit_trainer | Ep [029/500] T-Acc:  62.8%  V-Acc:  59.2%  V-AUROC: 0.6410  LR: 1.00e-03
2026-05-24 10:31:33,089 | [FULL+AUG] | INFO | full_experiments_using.model_trainers.mobile_vit_trainer | Ep [030/500] T-Acc:  60.8%  V-Acc:  58.3%  V-AUROC: 0.6340  LR: 1.00e-03
2026-05-24 10:32:35,246 | [FULL+AUG] | INFO | full_experiments_using.model_trainers.mobile_vit_trainer | Ep [031/500] T-Acc:  61.3%  V-Acc:  59.3%  V-AUROC: 0.6500  LR: 1.00e-03
2026-05-24 10:33:38,486 | [FULL+AUG] | INFO | full_experiments_using.model_trainers.mobile_vit_trainer | Ep [032/500] T-Acc:  60.0%  V-Acc:  57.3%  V-AUROC: 0.6305  LR: 1.00e-03
2026-05-24 10:34:42,227 | [FULL+AUG] | INFO | full_experiments_using.model_trainers.mobile_vit_trainer | Ep [033/500] T-Acc:  60.9%  V-Acc:  57.7%  V-AUROC: 0.6363  LR: 2.00e-04
2026-05-24 10:35:46,138 | [FULL+AUG] | INFO | full_experiments_using.model_trainers.mobile_vit_trainer | Ep [034/500] T-Acc:  62.1%  V-Acc:  58.7%  V-AUROC: 0.6396  LR: 2.00e-04
2026-05-24 10:36:50,038 | [FULL+AUG] | INFO | full_experiments_using.model_trainers.mobile_vit_trainer | Ep [035/500] T-Acc:  61.7%  V-Acc:  58.4%  V-AUROC: 0.6426  LR: 2.00e-04
2026-05-24 10:37:53,874 | [FULL+AUG] | INFO | full_experiments_using.model_trainers.mobile_vit_trainer | Ep [036/500] T-Acc:  60.9%  V-Acc:  58.6%  V-AUROC: 0.6406  LR: 2.00e-04
2026-05-24 10:38:57,555 | [FULL+AUG] | INFO | full_experiments_using.model_trainers.mobile_vit_trainer | Ep [037/500] T-Acc:  60.7%  V-Acc:  57.9%  V-AUROC: 0.6413  LR: 2.00e-04
2026-05-24 10:40:01,340 | [FULL+AUG] | INFO | full_experiments_using.model_trainers.mobile_vit_trainer | Ep [038/500] T-Acc:  62.0%  V-Acc:  57.7%  V-AUROC: 0.6360  LR: 2.00e-04
2026-05-24 10:41:05,324 | [FULL+AUG] | INFO | full_experiments_using.model_trainers.mobile_vit_trainer | Ep [039/500] T-Acc:  61.7%  V-Acc:  58.4%  V-AUROC: 0.6329  LR: 2.00e-04
2026-05-24 10:42:08,850 | [FULL+AUG] | INFO | full_experiments_using.model_trainers.mobile_vit_trainer | Ep [040/500] T-Acc:  62.0%  V-Acc:  58.1%  V-AUROC: 0.6370  LR: 2.00e-04
2026-05-24 10:43:12,632 | [FULL+AUG] | INFO | full_experiments_using.model_trainers.mobile_vit_trainer | Ep [041/500] T-Acc:  62.4%  V-Acc:  58.8%  V-AUROC: 0.6423  LR: 2.00e-04
2026-05-24 10:44:16,220 | [FULL+AUG] | INFO | full_experiments_using.model_trainers.mobile_vit_trainer | Ep [042/500] T-Acc:  62.7%  V-Acc:  58.3%  V-AUROC: 0.6420  LR: 2.00e-04
2026-05-24 10:45:20,279 | [FULL+AUG] | INFO | full_experiments_using.model_trainers.mobile_vit_trainer | Ep [043/500] T-Acc:  62.3%  V-Acc:  58.9%  V-AUROC: 0.6448  LR: 2.00e-04
2026-05-24 10:46:24,390 | [FULL+AUG] | INFO | full_experiments_using.model_trainers.mobile_vit_trainer | Ep [044/500] T-Acc:  61.1%  V-Acc:  59.1%  V-AUROC: 0.6451  LR: 4.00e-05
2026-05-24 10:47:28,001 | [FULL+AUG] | INFO | full_experiments_using.model_trainers.mobile_vit_trainer | Ep [045/500] T-Acc:  61.9%  V-Acc:  59.0%  V-AUROC: 0.6475  LR: 4.00e-05
2026-05-24 10:48:32,072 | [FULL+AUG] | INFO | full_experiments_using.model_trainers.mobile_vit_trainer | Ep [046/500] T-Acc:  61.6%  V-Acc:  60.2%  V-AUROC: 0.6490  LR: 4.00e-05
2026-05-24 10:49:36,095 | [FULL+AUG] | INFO | full_experiments_using.model_trainers.mobile_vit_trainer | Ep [047/500] T-Acc:  61.9%  V-Acc:  59.2%  V-AUROC: 0.6478  LR: 4.00e-05
2026-05-24 10:50:40,058 | [FULL+AUG] | INFO | full_experiments_using.model_trainers.mobile_vit_trainer | Ep [048/500] T-Acc:  61.7%  V-Acc:  58.7%  V-AUROC: 0.6483  LR: 4.00e-05
2026-05-24 10:51:43,639 | [FULL+AUG] | INFO | full_experiments_using.model_trainers.mobile_vit_trainer | Ep [049/500] T-Acc:  61.9%  V-Acc:  59.3%  V-AUROC: 0.6480  LR: 4.00e-05
2026-05-24 10:52:47,636 | [FULL+AUG] | INFO | full_experiments_using.model_trainers.mobile_vit_trainer | Ep [050/500] T-Acc:  62.4%  V-Acc:  58.9%  V-AUROC: 0.6486  LR: 4.00e-05
2026-05-24 10:53:51,510 | [FULL+AUG] | INFO | full_experiments_using.model_trainers.mobile_vit_trainer | Ep [051/500] T-Acc:  62.6%  V-Acc:  59.5%  V-AUROC: 0.6466  LR: 4.00e-05
2026-05-24 10:54:55,323 | [FULL+AUG] | INFO | full_experiments_using.model_trainers.mobile_vit_trainer | Ep [052/500] T-Acc:  62.3%  V-Acc:  59.2%  V-AUROC: 0.6468  LR: 4.00e-05
2026-05-24 10:55:58,820 | [FULL+AUG] | INFO | full_experiments_using.model_trainers.mobile_vit_trainer | Ep [053/500] T-Acc:  61.9%  V-Acc:  59.5%  V-AUROC: 0.6467  LR: 4.00e-05
2026-05-24 10:57:02,480 | [FULL+AUG] | INFO | full_experiments_using.model_trainers.mobile_vit_trainer | Ep [054/500] T-Acc:  61.5%  V-Acc:  59.3%  V-AUROC: 0.6451  LR: 4.00e-05
2026-05-24 10:58:06,644 | [FULL+AUG] | INFO | full_experiments_using.model_trainers.mobile_vit_trainer | Ep [055/500] T-Acc:  61.4%  V-Acc:  58.2%  V-AUROC: 0.6481  LR: 8.00e-06
2026-05-24 10:59:10,703 | [FULL+AUG] | INFO | full_experiments_using.model_trainers.mobile_vit_trainer | Ep [056/500] T-Acc:  61.4%  V-Acc:  59.4%  V-AUROC: 0.6465  LR: 8.00e-06
2026-05-24 11:00:14,482 | [FULL+AUG] | INFO | full_experiments_using.model_trainers.mobile_vit_trainer | Ep [057/500] T-Acc:  62.6%  V-Acc:  59.2%  V-AUROC: 0.6467  LR: 8.00e-06
2026-05-24 11:01:18,701 | [FULL+AUG] | INFO | full_experiments_using.model_trainers.mobile_vit_trainer | Ep [058/500] T-Acc:  62.4%  V-Acc:  59.7%  V-AUROC: 0.6472  LR: 8.00e-06
2026-05-24 11:02:23,034 | [FULL+AUG] | INFO | full_experiments_using.model_trainers.mobile_vit_trainer | Ep [059/500] T-Acc:  60.5%  V-Acc:  60.0%  V-AUROC: 0.6477  LR: 8.00e-06
2026-05-24 11:03:26,725 | [FULL+AUG] | INFO | full_experiments_using.model_trainers.mobile_vit_trainer | Ep [060/500] T-Acc:  62.7%  V-Acc:  60.0%  V-AUROC: 0.6488  LR: 8.00e-06
2026-05-24 11:04:33,746 | [FULL+AUG] | INFO | full_experiments_using.model_trainers.mobile_vit_trainer | Ep [061/500] T-Acc:  61.3%  V-Acc:  59.9%  V-AUROC: 0.6492  LR: 8.00e-06
2026-05-24 11:04:33,746 | [FULL+AUG] | INFO | full_experiments_using.model_trainers.mobile_vit_trainer | Early stop — best AUROC 0.6561 at epoch 21 (no improvement for 40 epochs)
2026-05-24 11:04:33,746 | [FULL+AUG] | INFO | full_experiments_using.model_trainers.mobile_vit_trainer | Done. Best AUROC: 0.6561 (epoch 21) → /home/leggo/AIResearch/VOGBasedMCIDetectionSystemMobileViTSingleExperimentInference/outputs/checkpoints/run_20260524_040820_full_aug/fold_04_best.pth
2026-05-24 11:04:52,212 | [FULL+AUG] | INFO | full_experiments_using.evaluators.monte_carlo_evaluator | -> Fold 05 Result | Acc=0.727 Sens=0.800 Spec=0.667 AUROC=0.867
2026-05-24 11:04:52,215 | [FULL+AUG] | INFO | full_experiments_using.evaluators.monte_carlo_evaluator | === Fold 06/30 | train: 25 subj / 3948 windows | test: 12 subj / 1788 windows ===
2026-05-24 11:04:52,720 | [FULL+AUG] | INFO | httpx | HTTP Request: HEAD https://huggingface.co/apple/mobilevit-small/resolve/main/config.json "HTTP/1.1 307 Temporary Redirect"
2026-05-24 11:04:52,736 | [FULL+AUG] | INFO | httpx | HTTP Request: HEAD https://huggingface.co/api/resolve-cache/models/apple/mobilevit-small/6c8612545dc98676d27bc518fa521d9e9af23e34/config.json "HTTP/1.1 200 OK"
2026-05-24 11:04:52,994 | [FULL+AUG] | INFO | httpx | HTTP Request: HEAD https://huggingface.co/apple/mobilevit-small/resolve/main/model.safetensors "HTTP/1.1 404 Not Found"
2026-05-24 11:04:53,214 | [FULL+AUG] | INFO | httpx | HTTP Request: HEAD https://huggingface.co/apple/mobilevit-small/resolve/main/model.safetensors.index.json "HTTP/1.1 404 Not Found"
2026-05-24 11:04:53,429 | [FULL+AUG] | INFO | httpx | HTTP Request: HEAD https://huggingface.co/apple/mobilevit-small/resolve/main/pytorch_model.bin "HTTP/1.1 302 Found"
2026-05-24 11:04:53,642 | [FULL+AUG] | INFO | httpx | HTTP Request: HEAD https://huggingface.co/apple/mobilevit-small/resolve/main/model.safetensors "HTTP/1.1 404 Not Found"
2026-05-24 11:04:54,022 | [FULL+AUG] | INFO | httpx | HTTP Request: GET https://huggingface.co/api/models/apple/mobilevit-small "HTTP/1.1 200 OK"
2026-05-24 11:04:54,258 | [FULL+AUG] | INFO | httpx | HTTP Request: GET https://huggingface.co/api/models/apple/mobilevit-small/commits/main "HTTP/1.1 200 OK"
2026-05-24 11:04:54,489 | [FULL+AUG] | INFO | httpx | HTTP Request: GET https://huggingface.co/api/models/apple/mobilevit-small/discussions?p=0 "HTTP/1.1 200 OK"
2026-05-24 11:04:54,724 | [FULL+AUG] | INFO | httpx | HTTP Request: GET https://huggingface.co/api/models/apple/mobilevit-small/commits/refs%2Fpr%2F6 "HTTP/1.1 200 OK"
2026-05-24 11:04:54,769 | [FULL+AUG] | INFO | full_experiments_using.model_trainers.mobile_vit_trainer | Device: cuda | max_epochs=500 | batch=32 | es_patience=40
2026-05-24 11:04:54,773 | [FULL+AUG] | INFO | full_experiments_using.model_trainers.mobile_vit_trainer | CE weights — HC: 1.069  MCI: 0.939
2026-05-24 11:04:54,937 | [FULL+AUG] | INFO | httpx | HTTP Request: HEAD https://huggingface.co/apple/mobilevit-small/resolve/refs%2Fpr%2F6/model.safetensors.index.json "HTTP/1.1 404 Not Found"
2026-05-24 11:04:55,197 | [FULL+AUG] | INFO | httpx | HTTP Request: HEAD https://huggingface.co/apple/mobilevit-small/resolve/refs%2Fpr%2F6/model.safetensors "HTTP/1.1 302 Found"
2026-05-24 11:06:03,997 | [FULL+AUG] | INFO | full_experiments_using.model_trainers.mobile_vit_trainer | Ep [001/500] T-Acc:  53.4%  V-Acc:  50.4%  V-AUROC: 0.4974  LR: 2.00e-04
2026-05-24 11:06:04,100 | [FULL+AUG] | INFO | full_experiments_using.model_trainers.mobile_vit_trainer |   ↳ new best AUROC; saved checkpoint: /home/leggo/AIResearch/VOGBasedMCIDetectionSystemMobileViTSingleExperimentInference/outputs/checkpoints/run_20260524_040820_full_aug/fold_05_best.pth
2026-05-24 11:07:09,342 | [FULL+AUG] | INFO | full_experiments_using.model_trainers.mobile_vit_trainer | Ep [002/500] T-Acc:  54.4%  V-Acc:  50.4%  V-AUROC: 0.4959  LR: 4.00e-04
2026-05-24 11:08:14,853 | [FULL+AUG] | INFO | full_experiments_using.model_trainers.mobile_vit_trainer | Ep [003/500] T-Acc:  55.1%  V-Acc:  52.1%  V-AUROC: 0.5042  LR: 6.00e-04
2026-05-24 11:08:14,997 | [FULL+AUG] | INFO | full_experiments_using.model_trainers.mobile_vit_trainer |   ↳ new best AUROC; saved checkpoint: /home/leggo/AIResearch/VOGBasedMCIDetectionSystemMobileViTSingleExperimentInference/outputs/checkpoints/run_20260524_040820_full_aug/fold_05_best.pth
2026-05-24 11:09:19,946 | [FULL+AUG] | INFO | full_experiments_using.model_trainers.mobile_vit_trainer | Ep [004/500] T-Acc:  55.3%  V-Acc:  51.6%  V-AUROC: 0.5087  LR: 8.00e-04
2026-05-24 11:09:20,090 | [FULL+AUG] | INFO | full_experiments_using.model_trainers.mobile_vit_trainer |   ↳ new best AUROC; saved checkpoint: /home/leggo/AIResearch/VOGBasedMCIDetectionSystemMobileViTSingleExperimentInference/outputs/checkpoints/run_20260524_040820_full_aug/fold_05_best.pth
2026-05-24 11:10:26,452 | [FULL+AUG] | INFO | full_experiments_using.model_trainers.mobile_vit_trainer | Ep [005/500] T-Acc:  56.5%  V-Acc:  54.6%  V-AUROC: 0.5191  LR: 1.00e-03
2026-05-24 11:10:26,589 | [FULL+AUG] | INFO | full_experiments_using.model_trainers.mobile_vit_trainer |   ↳ new best AUROC; saved checkpoint: /home/leggo/AIResearch/VOGBasedMCIDetectionSystemMobileViTSingleExperimentInference/outputs/checkpoints/run_20260524_040820_full_aug/fold_05_best.pth
2026-05-24 11:11:31,587 | [FULL+AUG] | INFO | full_experiments_using.model_trainers.mobile_vit_trainer | Ep [006/500] T-Acc:  56.8%  V-Acc:  51.8%  V-AUROC: 0.5044  LR: 1.00e-03
2026-05-24 11:12:36,882 | [FULL+AUG] | INFO | full_experiments_using.model_trainers.mobile_vit_trainer | Ep [007/500] T-Acc:  57.9%  V-Acc:  53.7%  V-AUROC: 0.5019  LR: 1.00e-03
2026-05-24 11:13:42,402 | [FULL+AUG] | INFO | full_experiments_using.model_trainers.mobile_vit_trainer | Ep [008/500] T-Acc:  58.5%  V-Acc:  53.0%  V-AUROC: 0.4981  LR: 1.00e-03
2026-05-24 11:14:47,760 | [FULL+AUG] | INFO | full_experiments_using.model_trainers.mobile_vit_trainer | Ep [009/500] T-Acc:  57.6%  V-Acc:  52.5%  V-AUROC: 0.5097  LR: 1.00e-03
2026-05-24 11:15:53,090 | [FULL+AUG] | INFO | full_experiments_using.model_trainers.mobile_vit_trainer | Ep [010/500] T-Acc:  59.9%  V-Acc:  54.3%  V-AUROC: 0.5004  LR: 1.00e-03
2026-05-24 11:16:58,504 | [FULL+AUG] | INFO | full_experiments_using.model_trainers.mobile_vit_trainer | Ep [011/500] T-Acc:  59.2%  V-Acc:  56.8%  V-AUROC: 0.5037  LR: 1.00e-03
2026-05-24 11:18:03,956 | [FULL+AUG] | INFO | full_experiments_using.model_trainers.mobile_vit_trainer | Ep [012/500] T-Acc:  59.5%  V-Acc:  54.0%  V-AUROC: 0.5137  LR: 1.00e-03
2026-05-24 11:19:09,572 | [FULL+AUG] | INFO | full_experiments_using.model_trainers.mobile_vit_trainer | Ep [013/500] T-Acc:  59.9%  V-Acc:  56.0%  V-AUROC: 0.5171  LR: 1.00e-03
2026-05-24 11:20:15,171 | [FULL+AUG] | INFO | full_experiments_using.model_trainers.mobile_vit_trainer | Ep [014/500] T-Acc:  60.5%  V-Acc:  56.5%  V-AUROC: 0.5218  LR: 1.00e-03
2026-05-24 11:20:15,313 | [FULL+AUG] | INFO | full_experiments_using.model_trainers.mobile_vit_trainer |   ↳ new best AUROC; saved checkpoint: /home/leggo/AIResearch/VOGBasedMCIDetectionSystemMobileViTSingleExperimentInference/outputs/checkpoints/run_20260524_040820_full_aug/fold_05_best.pth
2026-05-24 11:21:20,327 | [FULL+AUG] | INFO | full_experiments_using.model_trainers.mobile_vit_trainer | Ep [015/500] T-Acc:  61.0%  V-Acc:  54.9%  V-AUROC: 0.5187  LR: 1.00e-03
2026-05-24 11:22:25,491 | [FULL+AUG] | INFO | full_experiments_using.model_trainers.mobile_vit_trainer | Ep [016/500] T-Acc:  61.5%  V-Acc:  53.4%  V-AUROC: 0.5021  LR: 1.00e-03
2026-05-24 11:23:36,055 | [FULL+AUG] | INFO | full_experiments_using.model_trainers.mobile_vit_trainer | Ep [017/500] T-Acc:  62.4%  V-Acc:  56.5%  V-AUROC: 0.5104  LR: 1.00e-03
2026-05-24 11:25:14,256 | [FULL+AUG] | INFO | full_experiments_using.model_trainers.mobile_vit_trainer | Ep [018/500] T-Acc:  61.1%  V-Acc:  54.6%  V-AUROC: 0.5058  LR: 1.00e-03
2026-05-24 11:26:52,516 | [FULL+AUG] | INFO | full_experiments_using.model_trainers.mobile_vit_trainer | Ep [019/500] T-Acc:  62.1%  V-Acc:  56.1%  V-AUROC: 0.5139  LR: 1.00e-03
2026-05-24 11:28:30,812 | [FULL+AUG] | INFO | full_experiments_using.model_trainers.mobile_vit_trainer | Ep [020/500] T-Acc:  61.1%  V-Acc:  59.1%  V-AUROC: 0.5215  LR: 1.00e-03
2026-05-24 11:30:08,081 | [FULL+AUG] | INFO | full_experiments_using.model_trainers.mobile_vit_trainer | Ep [021/500] T-Acc:  62.5%  V-Acc:  56.6%  V-AUROC: 0.5177  LR: 1.00e-03
2026-05-24 11:31:46,701 | [FULL+AUG] | INFO | full_experiments_using.model_trainers.mobile_vit_trainer | Ep [022/500] T-Acc:  62.3%  V-Acc:  58.7%  V-AUROC: 0.5331  LR: 1.00e-03
2026-05-24 11:31:46,864 | [FULL+AUG] | INFO | full_experiments_using.model_trainers.mobile_vit_trainer |   ↳ new best AUROC; saved checkpoint: /home/leggo/AIResearch/VOGBasedMCIDetectionSystemMobileViTSingleExperimentInference/outputs/checkpoints/run_20260524_040820_full_aug/fold_05_best.pth
2026-05-24 11:33:25,183 | [FULL+AUG] | INFO | full_experiments_using.model_trainers.mobile_vit_trainer | Ep [023/500] T-Acc:  62.2%  V-Acc:  57.9%  V-AUROC: 0.5322  LR: 1.00e-03
2026-05-24 11:35:03,415 | [FULL+AUG] | INFO | full_experiments_using.model_trainers.mobile_vit_trainer | Ep [024/500] T-Acc:  62.4%  V-Acc:  56.4%  V-AUROC: 0.5275  LR: 1.00e-03
2026-05-24 11:36:41,971 | [FULL+AUG] | INFO | full_experiments_using.model_trainers.mobile_vit_trainer | Ep [025/500] T-Acc:  61.6%  V-Acc:  59.8%  V-AUROC: 0.5484  LR: 1.00e-03
2026-05-24 11:36:42,143 | [FULL+AUG] | INFO | full_experiments_using.model_trainers.mobile_vit_trainer |   ↳ new best AUROC; saved checkpoint: /home/leggo/AIResearch/VOGBasedMCIDetectionSystemMobileViTSingleExperimentInference/outputs/checkpoints/run_20260524_040820_full_aug/fold_05_best.pth
2026-05-24 11:38:20,721 | [FULL+AUG] | INFO | full_experiments_using.model_trainers.mobile_vit_trainer | Ep [026/500] T-Acc:  60.1%  V-Acc:  59.2%  V-AUROC: 0.5698  LR: 1.00e-03
2026-05-24 11:38:20,886 | [FULL+AUG] | INFO | full_experiments_using.model_trainers.mobile_vit_trainer |   ↳ new best AUROC; saved checkpoint: /home/leggo/AIResearch/VOGBasedMCIDetectionSystemMobileViTSingleExperimentInference/outputs/checkpoints/run_20260524_040820_full_aug/fold_05_best.pth
2026-05-24 11:40:00,838 | [FULL+AUG] | INFO | full_experiments_using.model_trainers.mobile_vit_trainer | Ep [027/500] T-Acc:  60.2%  V-Acc:  55.5%  V-AUROC: 0.5237  LR: 1.00e-03
2026-05-24 11:41:39,084 | [FULL+AUG] | INFO | full_experiments_using.model_trainers.mobile_vit_trainer | Ep [028/500] T-Acc:  62.6%  V-Acc:  57.7%  V-AUROC: 0.5425  LR: 1.00e-03
2026-05-24 11:43:17,575 | [FULL+AUG] | INFO | full_experiments_using.model_trainers.mobile_vit_trainer | Ep [029/500] T-Acc:  62.3%  V-Acc:  55.9%  V-AUROC: 0.5357  LR: 1.00e-03
2026-05-24 11:44:56,617 | [FULL+AUG] | INFO | full_experiments_using.model_trainers.mobile_vit_trainer | Ep [030/500] T-Acc:  62.3%  V-Acc:  58.9%  V-AUROC: 0.5367  LR: 1.00e-03
2026-05-24 11:46:35,566 | [FULL+AUG] | INFO | full_experiments_using.model_trainers.mobile_vit_trainer | Ep [031/500] T-Acc:  63.3%  V-Acc:  57.2%  V-AUROC: 0.5371  LR: 1.00e-03
2026-05-24 11:48:14,496 | [FULL+AUG] | INFO | full_experiments_using.model_trainers.mobile_vit_trainer | Ep [032/500] T-Acc:  63.5%  V-Acc:  56.9%  V-AUROC: 0.5470  LR: 1.00e-03
2026-05-24 11:49:53,218 | [FULL+AUG] | INFO | full_experiments_using.model_trainers.mobile_vit_trainer | Ep [033/500] T-Acc:  62.2%  V-Acc:  59.1%  V-AUROC: 0.5448  LR: 1.00e-03
2026-05-24 11:51:31,989 | [FULL+AUG] | INFO | full_experiments_using.model_trainers.mobile_vit_trainer | Ep [034/500] T-Acc:  64.4%  V-Acc:  59.2%  V-AUROC: 0.5488  LR: 1.00e-03
2026-05-24 11:53:11,061 | [FULL+AUG] | INFO | full_experiments_using.model_trainers.mobile_vit_trainer | Ep [035/500] T-Acc:  63.4%  V-Acc:  55.8%  V-AUROC: 0.5369  LR: 1.00e-03
2026-05-24 11:54:50,185 | [FULL+AUG] | INFO | full_experiments_using.model_trainers.mobile_vit_trainer | Ep [036/500] T-Acc:  63.2%  V-Acc:  57.8%  V-AUROC: 0.5312  LR: 1.00e-03
2026-05-24 11:56:29,447 | [FULL+AUG] | INFO | full_experiments_using.model_trainers.mobile_vit_trainer | Ep [037/500] T-Acc:  62.8%  V-Acc:  58.1%  V-AUROC: 0.5451  LR: 1.00e-03
2026-05-24 11:58:07,641 | [FULL+AUG] | INFO | full_experiments_using.model_trainers.mobile_vit_trainer | Ep [038/500] T-Acc:  63.7%  V-Acc:  58.8%  V-AUROC: 0.5369  LR: 2.00e-04
2026-05-24 11:59:46,636 | [FULL+AUG] | INFO | full_experiments_using.model_trainers.mobile_vit_trainer | Ep [039/500] T-Acc:  64.2%  V-Acc:  58.1%  V-AUROC: 0.5391  LR: 2.00e-04
2026-05-24 12:01:25,072 | [FULL+AUG] | INFO | full_experiments_using.model_trainers.mobile_vit_trainer | Ep [040/500] T-Acc:  63.3%  V-Acc:  59.0%  V-AUROC: 0.5442  LR: 2.00e-04
2026-05-24 12:03:03,922 | [FULL+AUG] | INFO | full_experiments_using.model_trainers.mobile_vit_trainer | Ep [041/500] T-Acc:  64.8%  V-Acc:  59.2%  V-AUROC: 0.5456  LR: 2.00e-04
2026-05-24 12:04:42,119 | [FULL+AUG] | INFO | full_experiments_using.model_trainers.mobile_vit_trainer | Ep [042/500] T-Acc:  64.6%  V-Acc:  58.9%  V-AUROC: 0.5410  LR: 2.00e-04
2026-05-24 12:06:21,078 | [FULL+AUG] | INFO | full_experiments_using.model_trainers.mobile_vit_trainer | Ep [043/500] T-Acc:  63.3%  V-Acc:  57.9%  V-AUROC: 0.5401  LR: 2.00e-04
2026-05-24 12:08:00,226 | [FULL+AUG] | INFO | full_experiments_using.model_trainers.mobile_vit_trainer | Ep [044/500] T-Acc:  64.6%  V-Acc:  58.7%  V-AUROC: 0.5413  LR: 2.00e-04
2026-05-24 12:10:01,286 | [FULL+AUG] | INFO | full_experiments_using.model_trainers.mobile_vit_trainer | Ep [045/500] T-Acc:  64.4%  V-Acc:  58.1%  V-AUROC: 0.5431  LR: 2.00e-04
2026-05-24 12:12:12,802 | [FULL+AUG] | INFO | full_experiments_using.model_trainers.mobile_vit_trainer | Ep [046/500] T-Acc:  64.2%  V-Acc:  58.3%  V-AUROC: 0.5391  LR: 2.00e-04
2026-05-24 12:14:24,122 | [FULL+AUG] | INFO | full_experiments_using.model_trainers.mobile_vit_trainer | Ep [047/500] T-Acc:  64.1%  V-Acc:  57.9%  V-AUROC: 0.5398  LR: 2.00e-04
2026-05-24 12:16:35,464 | [FULL+AUG] | INFO | full_experiments_using.model_trainers.mobile_vit_trainer | Ep [048/500] T-Acc:  64.2%  V-Acc:  57.8%  V-AUROC: 0.5356  LR: 2.00e-04
2026-05-24 12:18:46,928 | [FULL+AUG] | INFO | full_experiments_using.model_trainers.mobile_vit_trainer | Ep [049/500] T-Acc:  64.0%  V-Acc:  58.4%  V-AUROC: 0.5378  LR: 4.00e-05
2026-05-24 12:20:57,897 | [FULL+AUG] | INFO | full_experiments_using.model_trainers.mobile_vit_trainer | Ep [050/500] T-Acc:  64.3%  V-Acc:  58.1%  V-AUROC: 0.5390  LR: 4.00e-05
2026-05-24 12:23:08,938 | [FULL+AUG] | INFO | full_experiments_using.model_trainers.mobile_vit_trainer | Ep [051/500] T-Acc:  64.4%  V-Acc:  58.8%  V-AUROC: 0.5384  LR: 4.00e-05
2026-05-24 12:25:20,141 | [FULL+AUG] | INFO | full_experiments_using.model_trainers.mobile_vit_trainer | Ep [052/500] T-Acc:  64.7%  V-Acc:  57.3%  V-AUROC: 0.5354  LR: 4.00e-05
2026-05-24 12:27:32,325 | [FULL+AUG] | INFO | full_experiments_using.model_trainers.mobile_vit_trainer | Ep [053/500] T-Acc:  63.6%  V-Acc:  58.2%  V-AUROC: 0.5377  LR: 4.00e-05
2026-05-24 12:29:43,372 | [FULL+AUG] | INFO | full_experiments_using.model_trainers.mobile_vit_trainer | Ep [054/500] T-Acc:  63.9%  V-Acc:  57.9%  V-AUROC: 0.5346  LR: 4.00e-05
2026-05-24 12:31:54,514 | [FULL+AUG] | INFO | full_experiments_using.model_trainers.mobile_vit_trainer | Ep [055/500] T-Acc:  63.5%  V-Acc:  58.1%  V-AUROC: 0.5360  LR: 4.00e-05
2026-05-24 12:34:05,116 | [FULL+AUG] | INFO | full_experiments_using.model_trainers.mobile_vit_trainer | Ep [056/500] T-Acc:  64.5%  V-Acc:  57.7%  V-AUROC: 0.5377  LR: 4.00e-05
2026-05-24 12:36:16,157 | [FULL+AUG] | INFO | full_experiments_using.model_trainers.mobile_vit_trainer | Ep [057/500] T-Acc:  64.2%  V-Acc:  57.4%  V-AUROC: 0.5358  LR: 4.00e-05
2026-05-24 12:38:27,389 | [FULL+AUG] | INFO | full_experiments_using.model_trainers.mobile_vit_trainer | Ep [058/500] T-Acc:  64.8%  V-Acc:  57.8%  V-AUROC: 0.5382  LR: 4.00e-05
2026-05-24 12:40:38,142 | [FULL+AUG] | INFO | full_experiments_using.model_trainers.mobile_vit_trainer | Ep [059/500] T-Acc:  64.9%  V-Acc:  57.8%  V-AUROC: 0.5398  LR: 4.00e-05
2026-05-24 12:42:49,184 | [FULL+AUG] | INFO | full_experiments_using.model_trainers.mobile_vit_trainer | Ep [060/500] T-Acc:  63.4%  V-Acc:  58.2%  V-AUROC: 0.5404  LR: 8.00e-06
2026-05-24 12:45:00,146 | [FULL+AUG] | INFO | full_experiments_using.model_trainers.mobile_vit_trainer | Ep [061/500] T-Acc:  65.1%  V-Acc:  58.3%  V-AUROC: 0.5390  LR: 8.00e-06
2026-05-24 12:47:10,965 | [FULL+AUG] | INFO | full_experiments_using.model_trainers.mobile_vit_trainer | Ep [062/500] T-Acc:  65.3%  V-Acc:  58.2%  V-AUROC: 0.5400  LR: 8.00e-06
2026-05-24 12:49:22,211 | [FULL+AUG] | INFO | full_experiments_using.model_trainers.mobile_vit_trainer | Ep [063/500] T-Acc:  63.9%  V-Acc:  58.4%  V-AUROC: 0.5388  LR: 8.00e-06
2026-05-24 12:51:33,301 | [FULL+AUG] | INFO | full_experiments_using.model_trainers.mobile_vit_trainer | Ep [064/500] T-Acc:  64.3%  V-Acc:  57.2%  V-AUROC: 0.5356  LR: 8.00e-06
2026-05-24 12:53:44,338 | [FULL+AUG] | INFO | full_experiments_using.model_trainers.mobile_vit_trainer | Ep [065/500] T-Acc:  65.0%  V-Acc:  58.1%  V-AUROC: 0.5385  LR: 8.00e-06
2026-05-24 12:55:55,361 | [FULL+AUG] | INFO | full_experiments_using.model_trainers.mobile_vit_trainer | Ep [066/500] T-Acc:  64.4%  V-Acc:  57.5%  V-AUROC: 0.5384  LR: 8.00e-06
2026-05-24 12:55:55,361 | [FULL+AUG] | INFO | full_experiments_using.model_trainers.mobile_vit_trainer | Early stop — best AUROC 0.5698 at epoch 26 (no improvement for 40 epochs)
2026-05-24 12:55:55,362 | [FULL+AUG] | INFO | full_experiments_using.model_trainers.mobile_vit_trainer | Done. Best AUROC: 0.5698 (epoch 26) → /home/leggo/AIResearch/VOGBasedMCIDetectionSystemMobileViTSingleExperimentInference/outputs/checkpoints/run_20260524_040820_full_aug/fold_05_best.pth
2026-05-24 12:56:27,731 | [FULL+AUG] | INFO | full_experiments_using.evaluators.monte_carlo_evaluator | -> Fold 06 Result | Acc=0.700 Sens=1.000 Spec=0.000 AUROC=0.429
2026-05-24 12:56:27,735 | [FULL+AUG] | INFO | full_experiments_using.evaluators.monte_carlo_evaluator | === Fold 07/30 | train: 25 subj / 3959 windows | test: 12 subj / 1777 windows ===
2026-05-24 12:56:28,026 | [FULL+AUG] | INFO | httpx | HTTP Request: HEAD https://huggingface.co/apple/mobilevit-small/resolve/main/config.json "HTTP/1.1 307 Temporary Redirect"
2026-05-24 12:56:28,043 | [FULL+AUG] | INFO | httpx | HTTP Request: HEAD https://huggingface.co/api/resolve-cache/models/apple/mobilevit-small/6c8612545dc98676d27bc518fa521d9e9af23e34/config.json "HTTP/1.1 200 OK"
2026-05-24 12:56:28,320 | [FULL+AUG] | INFO | httpx | HTTP Request: HEAD https://huggingface.co/apple/mobilevit-small/resolve/main/model.safetensors "HTTP/1.1 404 Not Found"
2026-05-24 12:56:28,529 | [FULL+AUG] | INFO | httpx | HTTP Request: HEAD https://huggingface.co/apple/mobilevit-small/resolve/main/model.safetensors.index.json "HTTP/1.1 404 Not Found"
2026-05-24 12:56:28,748 | [FULL+AUG] | INFO | httpx | HTTP Request: HEAD https://huggingface.co/apple/mobilevit-small/resolve/main/pytorch_model.bin "HTTP/1.1 302 Found"
2026-05-24 12:56:28,956 | [FULL+AUG] | INFO | httpx | HTTP Request: HEAD https://huggingface.co/apple/mobilevit-small/resolve/main/model.safetensors "HTTP/1.1 404 Not Found"
2026-05-24 12:56:29,166 | [FULL+AUG] | INFO | httpx | HTTP Request: GET https://huggingface.co/api/models/apple/mobilevit-small "HTTP/1.1 200 OK"
2026-05-24 12:56:29,405 | [FULL+AUG] | INFO | httpx | HTTP Request: GET https://huggingface.co/api/models/apple/mobilevit-small/commits/main "HTTP/1.1 200 OK"
2026-05-24 12:56:29,654 | [FULL+AUG] | INFO | httpx | HTTP Request: GET https://huggingface.co/api/models/apple/mobilevit-small/discussions?p=0 "HTTP/1.1 200 OK"
2026-05-24 12:56:29,892 | [FULL+AUG] | INFO | httpx | HTTP Request: GET https://huggingface.co/api/models/apple/mobilevit-small/commits/refs%2Fpr%2F6 "HTTP/1.1 200 OK"
2026-05-24 12:56:30,107 | [FULL+AUG] | INFO | httpx | HTTP Request: HEAD https://huggingface.co/apple/mobilevit-small/resolve/refs%2Fpr%2F6/model.safetensors.index.json "HTTP/1.1 404 Not Found"
2026-05-24 12:56:30,328 | [FULL+AUG] | INFO | httpx | HTTP Request: HEAD https://huggingface.co/apple/mobilevit-small/resolve/refs%2Fpr%2F6/model.safetensors "HTTP/1.1 302 Found"
2026-05-24 12:56:31,096 | [FULL+AUG] | INFO | full_experiments_using.model_trainers.mobile_vit_trainer | Device: cuda | max_epochs=500 | batch=32 | es_patience=40
2026-05-24 12:56:31,099 | [FULL+AUG] | INFO | full_experiments_using.model_trainers.mobile_vit_trainer | CE weights — HC: 1.331  MCI: 0.801
2026-05-24 12:58:42,761 | [FULL+AUG] | INFO | full_experiments_using.model_trainers.mobile_vit_trainer | Ep [001/500] T-Acc:  51.1%  V-Acc:  54.2%  V-AUROC: 0.5481  LR: 2.00e-04
2026-05-24 12:58:42,860 | [FULL+AUG] | INFO | full_experiments_using.model_trainers.mobile_vit_trainer |   ↳ new best AUROC; saved checkpoint: /home/leggo/AIResearch/VOGBasedMCIDetectionSystemMobileViTSingleExperimentInference/outputs/checkpoints/run_20260524_040820_full_aug/fold_06_best.pth
2026-05-24 13:00:54,370 | [FULL+AUG] | INFO | full_experiments_using.model_trainers.mobile_vit_trainer | Ep [002/500] T-Acc:  51.5%  V-Acc:  53.6%  V-AUROC: 0.5476  LR: 4.00e-04
2026-05-24 13:03:05,818 | [FULL+AUG] | INFO | full_experiments_using.model_trainers.mobile_vit_trainer | Ep [003/500] T-Acc:  50.8%  V-Acc:  54.0%  V-AUROC: 0.5435  LR: 6.00e-04
2026-05-24 13:05:17,353 | [FULL+AUG] | INFO | full_experiments_using.model_trainers.mobile_vit_trainer | Ep [004/500] T-Acc:  51.7%  V-Acc:  56.2%  V-AUROC: 0.5656  LR: 8.00e-04
2026-05-24 13:05:17,511 | [FULL+AUG] | INFO | full_experiments_using.model_trainers.mobile_vit_trainer |   ↳ new best AUROC; saved checkpoint: /home/leggo/AIResearch/VOGBasedMCIDetectionSystemMobileViTSingleExperimentInference/outputs/checkpoints/run_20260524_040820_full_aug/fold_06_best.pth
2026-05-24 13:07:28,708 | [FULL+AUG] | INFO | full_experiments_using.model_trainers.mobile_vit_trainer | Ep [005/500] T-Acc:  54.7%  V-Acc:  54.6%  V-AUROC: 0.5662  LR: 1.00e-03
2026-05-24 13:07:28,820 | [FULL+AUG] | INFO | full_experiments_using.model_trainers.mobile_vit_trainer |   ↳ new best AUROC; saved checkpoint: /home/leggo/AIResearch/VOGBasedMCIDetectionSystemMobileViTSingleExperimentInference/outputs/checkpoints/run_20260524_040820_full_aug/fold_06_best.pth
2026-05-24 13:09:40,263 | [FULL+AUG] | INFO | full_experiments_using.model_trainers.mobile_vit_trainer | Ep [006/500] T-Acc:  53.7%  V-Acc:  56.6%  V-AUROC: 0.5839  LR: 1.00e-03
2026-05-24 13:09:40,414 | [FULL+AUG] | INFO | full_experiments_using.model_trainers.mobile_vit_trainer |   ↳ new best AUROC; saved checkpoint: /home/leggo/AIResearch/VOGBasedMCIDetectionSystemMobileViTSingleExperimentInference/outputs/checkpoints/run_20260524_040820_full_aug/fold_06_best.pth
2026-05-24 13:11:51,570 | [FULL+AUG] | INFO | full_experiments_using.model_trainers.mobile_vit_trainer | Ep [007/500] T-Acc:  57.2%  V-Acc:  55.2%  V-AUROC: 0.5637  LR: 1.00e-03
2026-05-24 13:14:03,637 | [FULL+AUG] | INFO | full_experiments_using.model_trainers.mobile_vit_trainer | Ep [008/500] T-Acc:  57.4%  V-Acc:  53.9%  V-AUROC: 0.5591  LR: 1.00e-03
2026-05-24 13:16:14,895 | [FULL+AUG] | INFO | full_experiments_using.model_trainers.mobile_vit_trainer | Ep [009/500] T-Acc:  56.4%  V-Acc:  55.3%  V-AUROC: 0.5691  LR: 1.00e-03
2026-05-24 13:18:26,213 | [FULL+AUG] | INFO | full_experiments_using.model_trainers.mobile_vit_trainer | Ep [010/500] T-Acc:  57.2%  V-Acc:  54.4%  V-AUROC: 0.5623  LR: 1.00e-03
2026-05-24 13:20:37,523 | [FULL+AUG] | INFO | full_experiments_using.model_trainers.mobile_vit_trainer | Ep [011/500] T-Acc:  59.0%  V-Acc:  56.5%  V-AUROC: 0.5885  LR: 1.00e-03
2026-05-24 13:20:37,664 | [FULL+AUG] | INFO | full_experiments_using.model_trainers.mobile_vit_trainer |   ↳ new best AUROC; saved checkpoint: /home/leggo/AIResearch/VOGBasedMCIDetectionSystemMobileViTSingleExperimentInference/outputs/checkpoints/run_20260524_040820_full_aug/fold_06_best.pth
2026-05-24 13:22:48,597 | [FULL+AUG] | INFO | full_experiments_using.model_trainers.mobile_vit_trainer | Ep [012/500] T-Acc:  58.4%  V-Acc:  56.2%  V-AUROC: 0.5838  LR: 1.00e-03
2026-05-24 13:24:59,530 | [FULL+AUG] | INFO | full_experiments_using.model_trainers.mobile_vit_trainer | Ep [013/500] T-Acc:  58.5%  V-Acc:  58.1%  V-AUROC: 0.6055  LR: 1.00e-03
2026-05-24 13:24:59,694 | [FULL+AUG] | INFO | full_experiments_using.model_trainers.mobile_vit_trainer |   ↳ new best AUROC; saved checkpoint: /home/leggo/AIResearch/VOGBasedMCIDetectionSystemMobileViTSingleExperimentInference/outputs/checkpoints/run_20260524_040820_full_aug/fold_06_best.pth
2026-05-24 13:27:10,867 | [FULL+AUG] | INFO | full_experiments_using.model_trainers.mobile_vit_trainer | Ep [014/500] T-Acc:  60.2%  V-Acc:  57.7%  V-AUROC: 0.6061  LR: 1.00e-03
2026-05-24 13:27:11,024 | [FULL+AUG] | INFO | full_experiments_using.model_trainers.mobile_vit_trainer |   ↳ new best AUROC; saved checkpoint: /home/leggo/AIResearch/VOGBasedMCIDetectionSystemMobileViTSingleExperimentInference/outputs/checkpoints/run_20260524_040820_full_aug/fold_06_best.pth
2026-05-24 13:29:22,408 | [FULL+AUG] | INFO | full_experiments_using.model_trainers.mobile_vit_trainer | Ep [015/500] T-Acc:  59.4%  V-Acc:  57.3%  V-AUROC: 0.6018  LR: 1.00e-03
2026-05-24 13:31:33,442 | [FULL+AUG] | INFO | full_experiments_using.model_trainers.mobile_vit_trainer | Ep [016/500] T-Acc:  59.8%  V-Acc:  58.0%  V-AUROC: 0.6034  LR: 1.00e-03
2026-05-24 13:33:44,323 | [FULL+AUG] | INFO | full_experiments_using.model_trainers.mobile_vit_trainer | Ep [017/500] T-Acc:  58.9%  V-Acc:  57.5%  V-AUROC: 0.6036  LR: 1.00e-03
2026-05-24 13:35:55,134 | [FULL+AUG] | INFO | full_experiments_using.model_trainers.mobile_vit_trainer | Ep [018/500] T-Acc:  62.3%  V-Acc:  55.5%  V-AUROC: 0.6004  LR: 1.00e-03
2026-05-24 13:38:05,892 | [FULL+AUG] | INFO | full_experiments_using.model_trainers.mobile_vit_trainer | Ep [019/500] T-Acc:  61.0%  V-Acc:  57.7%  V-AUROC: 0.6125  LR: 1.00e-03
2026-05-24 13:38:06,047 | [FULL+AUG] | INFO | full_experiments_using.model_trainers.mobile_vit_trainer |   ↳ new best AUROC; saved checkpoint: /home/leggo/AIResearch/VOGBasedMCIDetectionSystemMobileViTSingleExperimentInference/outputs/checkpoints/run_20260524_040820_full_aug/fold_06_best.pth
2026-05-24 13:40:16,849 | [FULL+AUG] | INFO | full_experiments_using.model_trainers.mobile_vit_trainer | Ep [020/500] T-Acc:  61.5%  V-Acc:  59.0%  V-AUROC: 0.6164  LR: 1.00e-03
2026-05-24 13:40:16,998 | [FULL+AUG] | INFO | full_experiments_using.model_trainers.mobile_vit_trainer |   ↳ new best AUROC; saved checkpoint: /home/leggo/AIResearch/VOGBasedMCIDetectionSystemMobileViTSingleExperimentInference/outputs/checkpoints/run_20260524_040820_full_aug/fold_06_best.pth
2026-05-24 13:42:28,030 | [FULL+AUG] | INFO | full_experiments_using.model_trainers.mobile_vit_trainer | Ep [021/500] T-Acc:  61.5%  V-Acc:  58.7%  V-AUROC: 0.6057  LR: 1.00e-03
2026-05-24 13:44:38,800 | [FULL+AUG] | INFO | full_experiments_using.model_trainers.mobile_vit_trainer | Ep [022/500] T-Acc:  61.9%  V-Acc:  59.3%  V-AUROC: 0.6058  LR: 1.00e-03
2026-05-24 13:46:49,546 | [FULL+AUG] | INFO | full_experiments_using.model_trainers.mobile_vit_trainer | Ep [023/500] T-Acc:  61.6%  V-Acc:  57.9%  V-AUROC: 0.6005  LR: 1.00e-03
2026-05-24 13:49:00,509 | [FULL+AUG] | INFO | full_experiments_using.model_trainers.mobile_vit_trainer | Ep [024/500] T-Acc:  61.3%  V-Acc:  57.7%  V-AUROC: 0.5992  LR: 1.00e-03
2026-05-24 13:51:11,471 | [FULL+AUG] | INFO | full_experiments_using.model_trainers.mobile_vit_trainer | Ep [025/500] T-Acc:  61.7%  V-Acc:  57.6%  V-AUROC: 0.6065  LR: 1.00e-03
2026-05-24 13:53:22,577 | [FULL+AUG] | INFO | full_experiments_using.model_trainers.mobile_vit_trainer | Ep [026/500] T-Acc:  61.7%  V-Acc:  58.0%  V-AUROC: 0.6173  LR: 1.00e-03
2026-05-24 13:53:22,725 | [FULL+AUG] | INFO | full_experiments_using.model_trainers.mobile_vit_trainer |   ↳ new best AUROC; saved checkpoint: /home/leggo/AIResearch/VOGBasedMCIDetectionSystemMobileViTSingleExperimentInference/outputs/checkpoints/run_20260524_040820_full_aug/fold_06_best.pth
2026-05-24 13:55:33,567 | [FULL+AUG] | INFO | full_experiments_using.model_trainers.mobile_vit_trainer | Ep [027/500] T-Acc:  62.6%  V-Acc:  59.3%  V-AUROC: 0.6237  LR: 1.00e-03
2026-05-24 13:55:33,716 | [FULL+AUG] | INFO | full_experiments_using.model_trainers.mobile_vit_trainer |   ↳ new best AUROC; saved checkpoint: /home/leggo/AIResearch/VOGBasedMCIDetectionSystemMobileViTSingleExperimentInference/outputs/checkpoints/run_20260524_040820_full_aug/fold_06_best.pth
2026-05-24 13:57:45,065 | [FULL+AUG] | INFO | full_experiments_using.model_trainers.mobile_vit_trainer | Ep [028/500] T-Acc:  62.5%  V-Acc:  59.8%  V-AUROC: 0.6238  LR: 1.00e-03
2026-05-24 13:57:45,213 | [FULL+AUG] | INFO | full_experiments_using.model_trainers.mobile_vit_trainer |   ↳ new best AUROC; saved checkpoint: /home/leggo/AIResearch/VOGBasedMCIDetectionSystemMobileViTSingleExperimentInference/outputs/checkpoints/run_20260524_040820_full_aug/fold_06_best.pth
2026-05-24 13:59:56,080 | [FULL+AUG] | INFO | full_experiments_using.model_trainers.mobile_vit_trainer | Ep [029/500] T-Acc:  62.1%  V-Acc:  60.3%  V-AUROC: 0.6300  LR: 1.00e-03
2026-05-24 13:59:56,191 | [FULL+AUG] | INFO | full_experiments_using.model_trainers.mobile_vit_trainer |   ↳ new best AUROC; saved checkpoint: /home/leggo/AIResearch/VOGBasedMCIDetectionSystemMobileViTSingleExperimentInference/outputs/checkpoints/run_20260524_040820_full_aug/fold_06_best.pth
2026-05-24 14:02:07,162 | [FULL+AUG] | INFO | full_experiments_using.model_trainers.mobile_vit_trainer | Ep [030/500] T-Acc:  62.2%  V-Acc:  60.4%  V-AUROC: 0.6262  LR: 1.00e-03
2026-05-24 14:04:18,217 | [FULL+AUG] | INFO | full_experiments_using.model_trainers.mobile_vit_trainer | Ep [031/500] T-Acc:  62.9%  V-Acc:  60.3%  V-AUROC: 0.6263  LR: 1.00e-03
2026-05-24 14:06:29,428 | [FULL+AUG] | INFO | full_experiments_using.model_trainers.mobile_vit_trainer | Ep [032/500] T-Acc:  62.4%  V-Acc:  58.9%  V-AUROC: 0.6198  LR: 1.00e-03
2026-05-24 14:08:40,624 | [FULL+AUG] | INFO | full_experiments_using.model_trainers.mobile_vit_trainer | Ep [033/500] T-Acc:  62.6%  V-Acc:  59.8%  V-AUROC: 0.6263  LR: 1.00e-03
2026-05-24 14:10:51,831 | [FULL+AUG] | INFO | full_experiments_using.model_trainers.mobile_vit_trainer | Ep [034/500] T-Acc:  62.8%  V-Acc:  59.7%  V-AUROC: 0.6214  LR: 1.00e-03
2026-05-24 14:13:03,163 | [FULL+AUG] | INFO | full_experiments_using.model_trainers.mobile_vit_trainer | Ep [035/500] T-Acc:  63.0%  V-Acc:  59.4%  V-AUROC: 0.6188  LR: 1.00e-03
2026-05-24 14:15:14,150 | [FULL+AUG] | INFO | full_experiments_using.model_trainers.mobile_vit_trainer | Ep [036/500] T-Acc:  62.9%  V-Acc:  59.7%  V-AUROC: 0.6180  LR: 1.00e-03
2026-05-24 14:17:24,913 | [FULL+AUG] | INFO | full_experiments_using.model_trainers.mobile_vit_trainer | Ep [037/500] T-Acc:  63.2%  V-Acc:  59.9%  V-AUROC: 0.6181  LR: 1.00e-03
2026-05-24 14:19:36,462 | [FULL+AUG] | INFO | full_experiments_using.model_trainers.mobile_vit_trainer | Ep [038/500] T-Acc:  62.6%  V-Acc:  59.5%  V-AUROC: 0.6204  LR: 1.00e-03
2026-05-24 14:21:47,987 | [FULL+AUG] | INFO | full_experiments_using.model_trainers.mobile_vit_trainer | Ep [039/500] T-Acc:  64.1%  V-Acc:  59.3%  V-AUROC: 0.6182  LR: 1.00e-03
2026-05-24 14:23:58,913 | [FULL+AUG] | INFO | full_experiments_using.model_trainers.mobile_vit_trainer | Ep [040/500] T-Acc:  62.4%  V-Acc:  59.4%  V-AUROC: 0.6250  LR: 1.00e-03
2026-05-24 14:26:10,602 | [FULL+AUG] | INFO | full_experiments_using.model_trainers.mobile_vit_trainer | Ep [041/500] T-Acc:  63.0%  V-Acc:  60.7%  V-AUROC: 0.6231  LR: 2.00e-04
2026-05-24 14:28:22,038 | [FULL+AUG] | INFO | full_experiments_using.model_trainers.mobile_vit_trainer | Ep [042/500] T-Acc:  64.0%  V-Acc:  61.0%  V-AUROC: 0.6261  LR: 2.00e-04
2026-05-24 14:30:33,350 | [FULL+AUG] | INFO | full_experiments_using.model_trainers.mobile_vit_trainer | Ep [043/500] T-Acc:  64.0%  V-Acc:  60.4%  V-AUROC: 0.6255  LR: 2.00e-04
2026-05-24 14:32:44,533 | [FULL+AUG] | INFO | full_experiments_using.model_trainers.mobile_vit_trainer | Ep [044/500] T-Acc:  63.4%  V-Acc:  60.7%  V-AUROC: 0.6222  LR: 2.00e-04
2026-05-24 14:34:55,972 | [FULL+AUG] | INFO | full_experiments_using.model_trainers.mobile_vit_trainer | Ep [045/500] T-Acc:  63.0%  V-Acc:  59.9%  V-AUROC: 0.6205  LR: 2.00e-04
2026-05-24 14:37:06,371 | [FULL+AUG] | INFO | full_experiments_using.model_trainers.mobile_vit_trainer | Ep [046/500] T-Acc:  62.9%  V-Acc:  60.2%  V-AUROC: 0.6202  LR: 2.00e-04
2026-05-24 14:39:17,973 | [FULL+AUG] | INFO | full_experiments_using.model_trainers.mobile_vit_trainer | Ep [047/500] T-Acc:  63.4%  V-Acc:  60.7%  V-AUROC: 0.6234  LR: 2.00e-04
2026-05-24 14:41:30,038 | [FULL+AUG] | INFO | full_experiments_using.model_trainers.mobile_vit_trainer | Ep [048/500] T-Acc:  63.9%  V-Acc:  60.3%  V-AUROC: 0.6257  LR: 2.00e-04
2026-05-24 14:43:40,913 | [FULL+AUG] | INFO | full_experiments_using.model_trainers.mobile_vit_trainer | Ep [049/500] T-Acc:  64.1%  V-Acc:  60.6%  V-AUROC: 0.6247  LR: 2.00e-04
2026-05-24 14:45:52,519 | [FULL+AUG] | INFO | full_experiments_using.model_trainers.mobile_vit_trainer | Ep [050/500] T-Acc:  64.3%  V-Acc:  61.4%  V-AUROC: 0.6287  LR: 2.00e-04
2026-05-24 14:48:04,436 | [FULL+AUG] | INFO | full_experiments_using.model_trainers.mobile_vit_trainer | Ep [051/500] T-Acc:  63.3%  V-Acc:  60.7%  V-AUROC: 0.6264  LR: 2.00e-04
2026-05-24 14:50:15,475 | [FULL+AUG] | INFO | full_experiments_using.model_trainers.mobile_vit_trainer | Ep [052/500] T-Acc:  63.8%  V-Acc:  60.6%  V-AUROC: 0.6253  LR: 4.00e-05
2026-05-24 14:52:27,236 | [FULL+AUG] | INFO | full_experiments_using.model_trainers.mobile_vit_trainer | Ep [053/500] T-Acc:  64.7%  V-Acc:  60.7%  V-AUROC: 0.6256  LR: 4.00e-05
2026-05-24 14:54:38,929 | [FULL+AUG] | INFO | full_experiments_using.model_trainers.mobile_vit_trainer | Ep [054/500] T-Acc:  64.4%  V-Acc:  60.2%  V-AUROC: 0.6236  LR: 4.00e-05
2026-05-24 14:56:50,709 | [FULL+AUG] | INFO | full_experiments_using.model_trainers.mobile_vit_trainer | Ep [055/500] T-Acc:  64.6%  V-Acc:  61.0%  V-AUROC: 0.6247  LR: 4.00e-05
2026-05-24 14:59:03,071 | [FULL+AUG] | INFO | full_experiments_using.model_trainers.mobile_vit_trainer | Ep [056/500] T-Acc:  64.2%  V-Acc:  60.8%  V-AUROC: 0.6254  LR: 4.00e-05
2026-05-24 15:01:14,949 | [FULL+AUG] | INFO | full_experiments_using.model_trainers.mobile_vit_trainer | Ep [057/500] T-Acc:  63.6%  V-Acc:  60.6%  V-AUROC: 0.6245  LR: 4.00e-05
2026-05-24 15:03:26,119 | [FULL+AUG] | INFO | full_experiments_using.model_trainers.mobile_vit_trainer | Ep [058/500] T-Acc:  63.6%  V-Acc:  60.3%  V-AUROC: 0.6264  LR: 4.00e-05
2026-05-24 15:05:37,267 | [FULL+AUG] | INFO | full_experiments_using.model_trainers.mobile_vit_trainer | Ep [059/500] T-Acc:  63.9%  V-Acc:  60.3%  V-AUROC: 0.6256  LR: 4.00e-05
2026-05-24 15:07:48,897 | [FULL+AUG] | INFO | full_experiments_using.model_trainers.mobile_vit_trainer | Ep [060/500] T-Acc:  64.0%  V-Acc:  60.3%  V-AUROC: 0.6229  LR: 4.00e-05
2026-05-24 15:09:59,897 | [FULL+AUG] | INFO | full_experiments_using.model_trainers.mobile_vit_trainer | Ep [061/500] T-Acc:  63.8%  V-Acc:  60.6%  V-AUROC: 0.6249  LR: 4.00e-05
2026-05-24 15:12:11,824 | [FULL+AUG] | INFO | full_experiments_using.model_trainers.mobile_vit_trainer | Ep [062/500] T-Acc:  64.4%  V-Acc:  60.3%  V-AUROC: 0.6248  LR: 4.00e-05
2026-05-24 15:14:22,578 | [FULL+AUG] | INFO | full_experiments_using.model_trainers.mobile_vit_trainer | Ep [063/500] T-Acc:  64.4%  V-Acc:  59.9%  V-AUROC: 0.6232  LR: 8.00e-06
2026-05-24 15:16:34,594 | [FULL+AUG] | INFO | full_experiments_using.model_trainers.mobile_vit_trainer | Ep [064/500] T-Acc:  62.9%  V-Acc:  60.6%  V-AUROC: 0.6248  LR: 8.00e-06
2026-05-24 15:18:45,454 | [FULL+AUG] | INFO | full_experiments_using.model_trainers.mobile_vit_trainer | Ep [065/500] T-Acc:  64.0%  V-Acc:  60.6%  V-AUROC: 0.6241  LR: 8.00e-06
2026-05-24 15:20:57,337 | [FULL+AUG] | INFO | full_experiments_using.model_trainers.mobile_vit_trainer | Ep [066/500] T-Acc:  63.9%  V-Acc:  60.7%  V-AUROC: 0.6257  LR: 8.00e-06
2026-05-24 15:23:08,345 | [FULL+AUG] | INFO | full_experiments_using.model_trainers.mobile_vit_trainer | Ep [067/500] T-Acc:  64.3%  V-Acc:  60.3%  V-AUROC: 0.6240  LR: 8.00e-06
2026-05-24 15:25:20,205 | [FULL+AUG] | INFO | full_experiments_using.model_trainers.mobile_vit_trainer | Ep [068/500] T-Acc:  64.2%  V-Acc:  60.6%  V-AUROC: 0.6248  LR: 8.00e-06
2026-05-24 15:27:31,875 | [FULL+AUG] | INFO | full_experiments_using.model_trainers.mobile_vit_trainer | Ep [069/500] T-Acc:  64.2%  V-Acc:  60.6%  V-AUROC: 0.6245  LR: 8.00e-06
2026-05-24 15:27:31,876 | [FULL+AUG] | INFO | full_experiments_using.model_trainers.mobile_vit_trainer | Early stop — best AUROC 0.6300 at epoch 29 (no improvement for 40 epochs)
2026-05-24 15:27:31,876 | [FULL+AUG] | INFO | full_experiments_using.model_trainers.mobile_vit_trainer | Done. Best AUROC: 0.6300 (epoch 29) → /home/leggo/AIResearch/VOGBasedMCIDetectionSystemMobileViTSingleExperimentInference/outputs/checkpoints/run_20260524_040820_full_aug/fold_06_best.pth
2026-05-24 15:28:03,585 | [FULL+AUG] | INFO | full_experiments_using.evaluators.monte_carlo_evaluator | -> Fold 07 Result | Acc=0.600 Sens=0.600 Spec=0.600 AUROC=0.600
2026-05-24 15:28:03,587 | [FULL+AUG] | INFO | full_experiments_using.evaluators.monte_carlo_evaluator | === Fold 08/30 | train: 25 subj / 4013 windows | test: 12 subj / 1723 windows ===
2026-05-24 15:28:03,972 | [FULL+AUG] | INFO | httpx | HTTP Request: HEAD https://huggingface.co/apple/mobilevit-small/resolve/main/config.json "HTTP/1.1 307 Temporary Redirect"
2026-05-24 15:28:03,989 | [FULL+AUG] | INFO | httpx | HTTP Request: HEAD https://huggingface.co/api/resolve-cache/models/apple/mobilevit-small/6c8612545dc98676d27bc518fa521d9e9af23e34/config.json "HTTP/1.1 200 OK"
2026-05-24 15:28:04,268 | [FULL+AUG] | INFO | httpx | HTTP Request: HEAD https://huggingface.co/apple/mobilevit-small/resolve/main/model.safetensors "HTTP/1.1 404 Not Found"
2026-05-24 15:28:04,475 | [FULL+AUG] | INFO | httpx | HTTP Request: HEAD https://huggingface.co/apple/mobilevit-small/resolve/main/model.safetensors.index.json "HTTP/1.1 404 Not Found"
2026-05-24 15:28:04,687 | [FULL+AUG] | INFO | httpx | HTTP Request: HEAD https://huggingface.co/apple/mobilevit-small/resolve/main/pytorch_model.bin "HTTP/1.1 302 Found"
2026-05-24 15:28:04,905 | [FULL+AUG] | INFO | httpx | HTTP Request: HEAD https://huggingface.co/apple/mobilevit-small/resolve/main/model.safetensors "HTTP/1.1 404 Not Found"
2026-05-24 15:28:05,132 | [FULL+AUG] | INFO | httpx | HTTP Request: GET https://huggingface.co/api/models/apple/mobilevit-small "HTTP/1.1 200 OK"
2026-05-24 15:28:05,404 | [FULL+AUG] | INFO | httpx | HTTP Request: GET https://huggingface.co/api/models/apple/mobilevit-small/commits/main "HTTP/1.1 200 OK"
2026-05-24 15:28:05,625 | [FULL+AUG] | INFO | httpx | HTTP Request: GET https://huggingface.co/api/models/apple/mobilevit-small/discussions?p=0 "HTTP/1.1 200 OK"
2026-05-24 15:28:05,853 | [FULL+AUG] | INFO | httpx | HTTP Request: GET https://huggingface.co/api/models/apple/mobilevit-small/commits/refs%2Fpr%2F6 "HTTP/1.1 200 OK"
2026-05-24 15:28:06,064 | [FULL+AUG] | INFO | httpx | HTTP Request: HEAD https://huggingface.co/apple/mobilevit-small/resolve/refs%2Fpr%2F6/model.safetensors.index.json "HTTP/1.1 404 Not Found"
2026-05-24 15:28:06,288 | [FULL+AUG] | INFO | httpx | HTTP Request: HEAD https://huggingface.co/apple/mobilevit-small/resolve/refs%2Fpr%2F6/model.safetensors "HTTP/1.1 302 Found"
2026-05-24 15:28:07,058 | [FULL+AUG] | INFO | full_experiments_using.model_trainers.mobile_vit_trainer | Device: cuda | max_epochs=500 | batch=32 | es_patience=40
2026-05-24 15:28:07,061 | [FULL+AUG] | INFO | full_experiments_using.model_trainers.mobile_vit_trainer | CE weights — HC: 1.213  MCI: 0.851
2026-05-24 15:30:19,421 | [FULL+AUG] | INFO | full_experiments_using.model_trainers.mobile_vit_trainer | Ep [001/500] T-Acc:  44.8%  V-Acc:  49.0%  V-AUROC: 0.5066  LR: 2.00e-04
2026-05-24 15:30:19,550 | [FULL+AUG] | INFO | full_experiments_using.model_trainers.mobile_vit_trainer |   ↳ new best AUROC; saved checkpoint: /home/leggo/AIResearch/VOGBasedMCIDetectionSystemMobileViTSingleExperimentInference/outputs/checkpoints/run_20260524_040820_full_aug/fold_07_best.pth
2026-05-24 15:32:31,889 | [FULL+AUG] | INFO | full_experiments_using.model_trainers.mobile_vit_trainer | Ep [002/500] T-Acc:  44.7%  V-Acc:  49.3%  V-AUROC: 0.5050  LR: 4.00e-04
2026-05-24 15:34:43,971 | [FULL+AUG] | INFO | full_experiments_using.model_trainers.mobile_vit_trainer | Ep [003/500] T-Acc:  45.2%  V-Acc:  48.9%  V-AUROC: 0.4863  LR: 6.00e-04
2026-05-24 15:36:56,790 | [FULL+AUG] | INFO | full_experiments_using.model_trainers.mobile_vit_trainer | Ep [004/500] T-Acc:  45.6%  V-Acc:  48.3%  V-AUROC: 0.4861  LR: 8.00e-04
2026-05-24 15:39:09,586 | [FULL+AUG] | INFO | full_experiments_using.model_trainers.mobile_vit_trainer | Ep [005/500] T-Acc:  48.0%  V-Acc:  49.7%  V-AUROC: 0.5066  LR: 1.00e-03
2026-05-24 15:41:22,443 | [FULL+AUG] | INFO | full_experiments_using.model_trainers.mobile_vit_trainer | Ep [006/500] T-Acc:  50.9%  V-Acc:  49.9%  V-AUROC: 0.5085  LR: 1.00e-03
2026-05-24 15:41:22,615 | [FULL+AUG] | INFO | full_experiments_using.model_trainers.mobile_vit_trainer |   ↳ new best AUROC; saved checkpoint: /home/leggo/AIResearch/VOGBasedMCIDetectionSystemMobileViTSingleExperimentInference/outputs/checkpoints/run_20260524_040820_full_aug/fold_07_best.pth
2026-05-24 15:43:35,283 | [FULL+AUG] | INFO | full_experiments_using.model_trainers.mobile_vit_trainer | Ep [007/500] T-Acc:  52.5%  V-Acc:  52.4%  V-AUROC: 0.5201  LR: 1.00e-03
2026-05-24 15:43:35,434 | [FULL+AUG] | INFO | full_experiments_using.model_trainers.mobile_vit_trainer |   ↳ new best AUROC; saved checkpoint: /home/leggo/AIResearch/VOGBasedMCIDetectionSystemMobileViTSingleExperimentInference/outputs/checkpoints/run_20260524_040820_full_aug/fold_07_best.pth
2026-05-24 15:45:48,082 | [FULL+AUG] | INFO | full_experiments_using.model_trainers.mobile_vit_trainer | Ep [008/500] T-Acc:  51.9%  V-Acc:  50.3%  V-AUROC: 0.5012  LR: 1.00e-03
2026-05-24 15:48:00,630 | [FULL+AUG] | INFO | full_experiments_using.model_trainers.mobile_vit_trainer | Ep [009/500] T-Acc:  54.5%  V-Acc:  52.9%  V-AUROC: 0.5306  LR: 1.00e-03
2026-05-24 15:48:00,805 | [FULL+AUG] | INFO | full_experiments_using.model_trainers.mobile_vit_trainer |   ↳ new best AUROC; saved checkpoint: /home/leggo/AIResearch/VOGBasedMCIDetectionSystemMobileViTSingleExperimentInference/outputs/checkpoints/run_20260524_040820_full_aug/fold_07_best.pth
2026-05-24 15:50:13,343 | [FULL+AUG] | INFO | full_experiments_using.model_trainers.mobile_vit_trainer | Ep [010/500] T-Acc:  54.0%  V-Acc:  52.1%  V-AUROC: 0.5322  LR: 1.00e-03
2026-05-24 15:50:13,505 | [FULL+AUG] | INFO | full_experiments_using.model_trainers.mobile_vit_trainer |   ↳ new best AUROC; saved checkpoint: /home/leggo/AIResearch/VOGBasedMCIDetectionSystemMobileViTSingleExperimentInference/outputs/checkpoints/run_20260524_040820_full_aug/fold_07_best.pth
2026-05-24 15:52:25,764 | [FULL+AUG] | INFO | full_experiments_using.model_trainers.mobile_vit_trainer | Ep [011/500] T-Acc:  57.3%  V-Acc:  53.2%  V-AUROC: 0.5373  LR: 1.00e-03
2026-05-24 15:52:25,932 | [FULL+AUG] | INFO | full_experiments_using.model_trainers.mobile_vit_trainer |   ↳ new best AUROC; saved checkpoint: /home/leggo/AIResearch/VOGBasedMCIDetectionSystemMobileViTSingleExperimentInference/outputs/checkpoints/run_20260524_040820_full_aug/fold_07_best.pth
2026-05-24 15:54:38,738 | [FULL+AUG] | INFO | full_experiments_using.model_trainers.mobile_vit_trainer | Ep [012/500] T-Acc:  56.4%  V-Acc:  52.0%  V-AUROC: 0.5294  LR: 1.00e-03
2026-05-24 15:56:51,815 | [FULL+AUG] | INFO | full_experiments_using.model_trainers.mobile_vit_trainer | Ep [013/500] T-Acc:  56.9%  V-Acc:  52.5%  V-AUROC: 0.5339  LR: 1.00e-03
2026-05-24 15:59:04,031 | [FULL+AUG] | INFO | full_experiments_using.model_trainers.mobile_vit_trainer | Ep [014/500] T-Acc:  57.5%  V-Acc:  55.1%  V-AUROC: 0.5510  LR: 1.00e-03
2026-05-24 15:59:04,194 | [FULL+AUG] | INFO | full_experiments_using.model_trainers.mobile_vit_trainer |   ↳ new best AUROC; saved checkpoint: /home/leggo/AIResearch/VOGBasedMCIDetectionSystemMobileViTSingleExperimentInference/outputs/checkpoints/run_20260524_040820_full_aug/fold_07_best.pth
2026-05-24 16:01:16,575 | [FULL+AUG] | INFO | full_experiments_using.model_trainers.mobile_vit_trainer | Ep [015/500] T-Acc:  59.0%  V-Acc:  55.7%  V-AUROC: 0.5810  LR: 1.00e-03
2026-05-24 16:01:16,717 | [FULL+AUG] | INFO | full_experiments_using.model_trainers.mobile_vit_trainer |   ↳ new best AUROC; saved checkpoint: /home/leggo/AIResearch/VOGBasedMCIDetectionSystemMobileViTSingleExperimentInference/outputs/checkpoints/run_20260524_040820_full_aug/fold_07_best.pth
2026-05-24 16:03:28,530 | [FULL+AUG] | INFO | full_experiments_using.model_trainers.mobile_vit_trainer | Ep [016/500] T-Acc:  59.0%  V-Acc:  56.2%  V-AUROC: 0.5789  LR: 1.00e-03
2026-05-24 16:05:40,989 | [FULL+AUG] | INFO | full_experiments_using.model_trainers.mobile_vit_trainer | Ep [017/500] T-Acc:  60.1%  V-Acc:  54.6%  V-AUROC: 0.5650  LR: 1.00e-03
2026-05-24 16:07:52,926 | [FULL+AUG] | INFO | full_experiments_using.model_trainers.mobile_vit_trainer | Ep [018/500] T-Acc:  59.7%  V-Acc:  54.6%  V-AUROC: 0.5570  LR: 1.00e-03
2026-05-24 16:10:05,068 | [FULL+AUG] | INFO | full_experiments_using.model_trainers.mobile_vit_trainer | Ep [019/500] T-Acc:  60.8%  V-Acc:  55.1%  V-AUROC: 0.5660  LR: 1.00e-03
2026-05-24 16:12:16,551 | [FULL+AUG] | INFO | full_experiments_using.model_trainers.mobile_vit_trainer | Ep [020/500] T-Acc:  61.0%  V-Acc:  54.9%  V-AUROC: 0.5584  LR: 1.00e-03
2026-05-24 16:14:29,180 | [FULL+AUG] | INFO | full_experiments_using.model_trainers.mobile_vit_trainer | Ep [021/500] T-Acc:  61.5%  V-Acc:  54.1%  V-AUROC: 0.5589  LR: 1.00e-03
2026-05-24 16:16:41,754 | [FULL+AUG] | INFO | full_experiments_using.model_trainers.mobile_vit_trainer | Ep [022/500] T-Acc:  61.7%  V-Acc:  54.8%  V-AUROC: 0.5546  LR: 1.00e-03
2026-05-24 16:18:54,284 | [FULL+AUG] | INFO | full_experiments_using.model_trainers.mobile_vit_trainer | Ep [023/500] T-Acc:  60.8%  V-Acc:  53.8%  V-AUROC: 0.5518  LR: 1.00e-03
2026-05-24 16:21:06,397 | [FULL+AUG] | INFO | full_experiments_using.model_trainers.mobile_vit_trainer | Ep [024/500] T-Acc:  62.0%  V-Acc:  54.9%  V-AUROC: 0.5496  LR: 1.00e-03
2026-05-24 16:23:18,921 | [FULL+AUG] | INFO | full_experiments_using.model_trainers.mobile_vit_trainer | Ep [025/500] T-Acc:  63.3%  V-Acc:  54.7%  V-AUROC: 0.5458  LR: 1.00e-03
2026-05-24 16:25:31,029 | [FULL+AUG] | INFO | full_experiments_using.model_trainers.mobile_vit_trainer | Ep [026/500] T-Acc:  61.7%  V-Acc:  54.6%  V-AUROC: 0.5530  LR: 1.00e-03
2026-05-24 16:27:43,651 | [FULL+AUG] | INFO | full_experiments_using.model_trainers.mobile_vit_trainer | Ep [027/500] T-Acc:  62.0%  V-Acc:  54.1%  V-AUROC: 0.5473  LR: 2.00e-04
2026-05-24 16:29:55,700 | [FULL+AUG] | INFO | full_experiments_using.model_trainers.mobile_vit_trainer | Ep [028/500] T-Acc:  63.2%  V-Acc:  53.7%  V-AUROC: 0.5479  LR: 2.00e-04
2026-05-24 16:32:07,975 | [FULL+AUG] | INFO | full_experiments_using.model_trainers.mobile_vit_trainer | Ep [029/500] T-Acc:  62.0%  V-Acc:  54.1%  V-AUROC: 0.5451  LR: 2.00e-04
2026-05-24 16:34:20,278 | [FULL+AUG] | INFO | full_experiments_using.model_trainers.mobile_vit_trainer | Ep [030/500] T-Acc:  62.9%  V-Acc:  54.1%  V-AUROC: 0.5442  LR: 2.00e-04
2026-05-24 16:36:32,788 | [FULL+AUG] | INFO | full_experiments_using.model_trainers.mobile_vit_trainer | Ep [031/500] T-Acc:  63.3%  V-Acc:  53.4%  V-AUROC: 0.5456  LR: 2.00e-04
2026-05-24 16:38:45,186 | [FULL+AUG] | INFO | full_experiments_using.model_trainers.mobile_vit_trainer | Ep [032/500] T-Acc:  63.7%  V-Acc:  53.1%  V-AUROC: 0.5467  LR: 2.00e-04
2026-05-24 16:40:57,719 | [FULL+AUG] | INFO | full_experiments_using.model_trainers.mobile_vit_trainer | Ep [033/500] T-Acc:  63.0%  V-Acc:  53.2%  V-AUROC: 0.5455  LR: 2.00e-04
2026-05-24 16:43:11,076 | [FULL+AUG] | INFO | full_experiments_using.model_trainers.mobile_vit_trainer | Ep [034/500] T-Acc:  62.9%  V-Acc:  54.1%  V-AUROC: 0.5485  LR: 2.00e-04
2026-05-24 16:45:24,298 | [FULL+AUG] | INFO | full_experiments_using.model_trainers.mobile_vit_trainer | Ep [035/500] T-Acc:  61.8%  V-Acc:  53.9%  V-AUROC: 0.5453  LR: 2.00e-04
2026-05-24 16:47:37,284 | [FULL+AUG] | INFO | full_experiments_using.model_trainers.mobile_vit_trainer | Ep [036/500] T-Acc:  63.4%  V-Acc:  54.0%  V-AUROC: 0.5439  LR: 2.00e-04
2026-05-24 16:49:49,340 | [FULL+AUG] | INFO | full_experiments_using.model_trainers.mobile_vit_trainer | Ep [037/500] T-Acc:  62.9%  V-Acc:  54.3%  V-AUROC: 0.5460  LR: 2.00e-04
2026-05-24 16:52:02,254 | [FULL+AUG] | INFO | full_experiments_using.model_trainers.mobile_vit_trainer | Ep [038/500] T-Acc:  62.3%  V-Acc:  54.0%  V-AUROC: 0.5472  LR: 4.00e-05
2026-05-24 16:54:14,681 | [FULL+AUG] | INFO | full_experiments_using.model_trainers.mobile_vit_trainer | Ep [039/500] T-Acc:  63.2%  V-Acc:  53.5%  V-AUROC: 0.5447  LR: 4.00e-05
2026-05-24 16:56:26,862 | [FULL+AUG] | INFO | full_experiments_using.model_trainers.mobile_vit_trainer | Ep [040/500] T-Acc:  62.4%  V-Acc:  53.9%  V-AUROC: 0.5474  LR: 4.00e-05
2026-05-24 16:58:39,145 | [FULL+AUG] | INFO | full_experiments_using.model_trainers.mobile_vit_trainer | Ep [041/500] T-Acc:  63.6%  V-Acc:  53.6%  V-AUROC: 0.5458  LR: 4.00e-05
2026-05-24 17:00:51,446 | [FULL+AUG] | INFO | full_experiments_using.model_trainers.mobile_vit_trainer | Ep [042/500] T-Acc:  63.0%  V-Acc:  53.7%  V-AUROC: 0.5458  LR: 4.00e-05
2026-05-24 17:03:03,688 | [FULL+AUG] | INFO | full_experiments_using.model_trainers.mobile_vit_trainer | Ep [043/500] T-Acc:  63.2%  V-Acc:  53.4%  V-AUROC: 0.5472  LR: 4.00e-05
2026-05-24 17:05:16,050 | [FULL+AUG] | INFO | full_experiments_using.model_trainers.mobile_vit_trainer | Ep [044/500] T-Acc:  63.5%  V-Acc:  53.2%  V-AUROC: 0.5459  LR: 4.00e-05
2026-05-24 17:07:28,451 | [FULL+AUG] | INFO | full_experiments_using.model_trainers.mobile_vit_trainer | Ep [045/500] T-Acc:  64.1%  V-Acc:  53.9%  V-AUROC: 0.5471  LR: 4.00e-05
2026-05-24 17:09:41,451 | [FULL+AUG] | INFO | full_experiments_using.model_trainers.mobile_vit_trainer | Ep [046/500] T-Acc:  63.3%  V-Acc:  53.5%  V-AUROC: 0.5457  LR: 4.00e-05
2026-05-24 17:11:54,461 | [FULL+AUG] | INFO | full_experiments_using.model_trainers.mobile_vit_trainer | Ep [047/500] T-Acc:  64.3%  V-Acc:  53.3%  V-AUROC: 0.5463  LR: 4.00e-05
2026-05-24 17:14:07,467 | [FULL+AUG] | INFO | full_experiments_using.model_trainers.mobile_vit_trainer | Ep [048/500] T-Acc:  63.3%  V-Acc:  53.6%  V-AUROC: 0.5440  LR: 4.00e-05
2026-05-24 17:16:20,901 | [FULL+AUG] | INFO | full_experiments_using.model_trainers.mobile_vit_trainer | Ep [049/500] T-Acc:  62.7%  V-Acc:  53.5%  V-AUROC: 0.5462  LR: 8.00e-06
2026-05-24 17:18:33,401 | [FULL+AUG] | INFO | full_experiments_using.model_trainers.mobile_vit_trainer | Ep [050/500] T-Acc:  62.4%  V-Acc:  53.6%  V-AUROC: 0.5457  LR: 8.00e-06
2026-05-24 17:20:45,861 | [FULL+AUG] | INFO | full_experiments_using.model_trainers.mobile_vit_trainer | Ep [051/500] T-Acc:  62.9%  V-Acc:  53.4%  V-AUROC: 0.5446  LR: 8.00e-06
2026-05-24 17:22:58,154 | [FULL+AUG] | INFO | full_experiments_using.model_trainers.mobile_vit_trainer | Ep [052/500] T-Acc:  62.4%  V-Acc:  53.3%  V-AUROC: 0.5447  LR: 8.00e-06
2026-05-24 17:25:10,530 | [FULL+AUG] | INFO | full_experiments_using.model_trainers.mobile_vit_trainer | Ep [053/500] T-Acc:  62.9%  V-Acc:  53.3%  V-AUROC: 0.5454  LR: 8.00e-06
2026-05-24 17:27:22,710 | [FULL+AUG] | INFO | full_experiments_using.model_trainers.mobile_vit_trainer | Ep [054/500] T-Acc:  63.4%  V-Acc:  53.6%  V-AUROC: 0.5454  LR: 8.00e-06
2026-05-24 17:29:35,148 | [FULL+AUG] | INFO | full_experiments_using.model_trainers.mobile_vit_trainer | Ep [055/500] T-Acc:  64.2%  V-Acc:  53.6%  V-AUROC: 0.5443  LR: 8.00e-06
2026-05-24 17:29:35,148 | [FULL+AUG] | INFO | full_experiments_using.model_trainers.mobile_vit_trainer | Early stop — best AUROC 0.5810 at epoch 15 (no improvement for 40 epochs)
2026-05-24 17:29:35,149 | [FULL+AUG] | INFO | full_experiments_using.model_trainers.mobile_vit_trainer | Done. Best AUROC: 0.5810 (epoch 15) → /home/leggo/AIResearch/VOGBasedMCIDetectionSystemMobileViTSingleExperimentInference/outputs/checkpoints/run_20260524_040820_full_aug/fold_07_best.pth
2026-05-24 17:30:06,389 | [FULL+AUG] | INFO | full_experiments_using.evaluators.monte_carlo_evaluator | -> Fold 08 Result | Acc=0.600 Sens=0.667 Spec=0.500 AUROC=0.542
2026-05-24 17:30:06,391 | [FULL+AUG] | INFO | full_experiments_using.evaluators.monte_carlo_evaluator | === Fold 09/30 | train: 25 subj / 3813 windows | test: 12 subj / 1923 windows ===
2026-05-24 17:30:06,772 | [FULL+AUG] | INFO | httpx | HTTP Request: HEAD https://huggingface.co/apple/mobilevit-small/resolve/main/config.json "HTTP/1.1 307 Temporary Redirect"
2026-05-24 17:30:06,789 | [FULL+AUG] | INFO | httpx | HTTP Request: HEAD https://huggingface.co/api/resolve-cache/models/apple/mobilevit-small/6c8612545dc98676d27bc518fa521d9e9af23e34/config.json "HTTP/1.1 200 OK"
2026-05-24 17:30:07,071 | [FULL+AUG] | INFO | httpx | HTTP Request: HEAD https://huggingface.co/apple/mobilevit-small/resolve/main/model.safetensors "HTTP/1.1 404 Not Found"
2026-05-24 17:30:07,287 | [FULL+AUG] | INFO | httpx | HTTP Request: HEAD https://huggingface.co/apple/mobilevit-small/resolve/main/model.safetensors.index.json "HTTP/1.1 404 Not Found"
2026-05-24 17:30:07,506 | [FULL+AUG] | INFO | httpx | HTTP Request: HEAD https://huggingface.co/apple/mobilevit-small/resolve/main/pytorch_model.bin "HTTP/1.1 302 Found"
2026-05-24 17:30:07,717 | [FULL+AUG] | INFO | httpx | HTTP Request: HEAD https://huggingface.co/apple/mobilevit-small/resolve/main/model.safetensors "HTTP/1.1 404 Not Found"
2026-05-24 17:30:07,932 | [FULL+AUG] | INFO | httpx | HTTP Request: GET https://huggingface.co/api/models/apple/mobilevit-small "HTTP/1.1 200 OK"
2026-05-24 17:30:08,165 | [FULL+AUG] | INFO | httpx | HTTP Request: GET https://huggingface.co/api/models/apple/mobilevit-small/commits/main "HTTP/1.1 200 OK"
2026-05-24 17:30:08,390 | [FULL+AUG] | INFO | httpx | HTTP Request: GET https://huggingface.co/api/models/apple/mobilevit-small/discussions?p=0 "HTTP/1.1 200 OK"
2026-05-24 17:30:08,617 | [FULL+AUG] | INFO | httpx | HTTP Request: GET https://huggingface.co/api/models/apple/mobilevit-small/commits/refs%2Fpr%2F6 "HTTP/1.1 200 OK"
2026-05-24 17:30:08,836 | [FULL+AUG] | INFO | httpx | HTTP Request: HEAD https://huggingface.co/apple/mobilevit-small/resolve/refs%2Fpr%2F6/model.safetensors.index.json "HTTP/1.1 404 Not Found"
2026-05-24 17:30:09,062 | [FULL+AUG] | INFO | httpx | HTTP Request: HEAD https://huggingface.co/apple/mobilevit-small/resolve/refs%2Fpr%2F6/model.safetensors "HTTP/1.1 302 Found"
2026-05-24 17:30:09,852 | [FULL+AUG] | INFO | full_experiments_using.model_trainers.mobile_vit_trainer | Device: cuda | max_epochs=500 | batch=32 | es_patience=40
2026-05-24 17:30:09,857 | [FULL+AUG] | INFO | full_experiments_using.model_trainers.mobile_vit_trainer | CE weights — HC: 1.330  MCI: 0.801
2026-05-24 17:32:19,583 | [FULL+AUG] | INFO | full_experiments_using.model_trainers.mobile_vit_trainer | Ep [001/500] T-Acc:  47.6%  V-Acc:  52.5%  V-AUROC: 0.5414  LR: 2.00e-04
2026-05-24 17:32:19,679 | [FULL+AUG] | INFO | full_experiments_using.model_trainers.mobile_vit_trainer |   ↳ new best AUROC; saved checkpoint: /home/leggo/AIResearch/VOGBasedMCIDetectionSystemMobileViTSingleExperimentInference/outputs/checkpoints/run_20260524_040820_full_aug/fold_08_best.pth
2026-05-24 17:34:29,386 | [FULL+AUG] | INFO | full_experiments_using.model_trainers.mobile_vit_trainer | Ep [002/500] T-Acc:  46.9%  V-Acc:  54.2%  V-AUROC: 0.5539  LR: 4.00e-04
2026-05-24 17:34:29,519 | [FULL+AUG] | INFO | full_experiments_using.model_trainers.mobile_vit_trainer |   ↳ new best AUROC; saved checkpoint: /home/leggo/AIResearch/VOGBasedMCIDetectionSystemMobileViTSingleExperimentInference/outputs/checkpoints/run_20260524_040820_full_aug/fold_08_best.pth
2026-05-24 17:36:38,624 | [FULL+AUG] | INFO | full_experiments_using.model_trainers.mobile_vit_trainer | Ep [003/500] T-Acc:  48.3%  V-Acc:  54.1%  V-AUROC: 0.5657  LR: 6.00e-04
2026-05-24 17:36:38,737 | [FULL+AUG] | INFO | full_experiments_using.model_trainers.mobile_vit_trainer |   ↳ new best AUROC; saved checkpoint: /home/leggo/AIResearch/VOGBasedMCIDetectionSystemMobileViTSingleExperimentInference/outputs/checkpoints/run_20260524_040820_full_aug/fold_08_best.pth
2026-05-24 17:38:48,839 | [FULL+AUG] | INFO | full_experiments_using.model_trainers.mobile_vit_trainer | Ep [004/500] T-Acc:  49.8%  V-Acc:  55.6%  V-AUROC: 0.5754  LR: 8.00e-04
2026-05-24 17:38:48,958 | [FULL+AUG] | INFO | full_experiments_using.model_trainers.mobile_vit_trainer |   ↳ new best AUROC; saved checkpoint: /home/leggo/AIResearch/VOGBasedMCIDetectionSystemMobileViTSingleExperimentInference/outputs/checkpoints/run_20260524_040820_full_aug/fold_08_best.pth
2026-05-24 17:40:58,751 | [FULL+AUG] | INFO | full_experiments_using.model_trainers.mobile_vit_trainer | Ep [005/500] T-Acc:  50.0%  V-Acc:  57.2%  V-AUROC: 0.5866  LR: 1.00e-03
2026-05-24 17:40:58,891 | [FULL+AUG] | INFO | full_experiments_using.model_trainers.mobile_vit_trainer |   ↳ new best AUROC; saved checkpoint: /home/leggo/AIResearch/VOGBasedMCIDetectionSystemMobileViTSingleExperimentInference/outputs/checkpoints/run_20260524_040820_full_aug/fold_08_best.pth
2026-05-24 17:43:06,726 | [FULL+AUG] | INFO | full_experiments_using.model_trainers.mobile_vit_trainer | Ep [006/500] T-Acc:  51.8%  V-Acc:  59.4%  V-AUROC: 0.6232  LR: 1.00e-03
2026-05-24 17:43:06,843 | [FULL+AUG] | INFO | full_experiments_using.model_trainers.mobile_vit_trainer |   ↳ new best AUROC; saved checkpoint: /home/leggo/AIResearch/VOGBasedMCIDetectionSystemMobileViTSingleExperimentInference/outputs/checkpoints/run_20260524_040820_full_aug/fold_08_best.pth
2026-05-24 17:45:16,698 | [FULL+AUG] | INFO | full_experiments_using.model_trainers.mobile_vit_trainer | Ep [007/500] T-Acc:  52.0%  V-Acc:  59.6%  V-AUROC: 0.6291  LR: 1.00e-03
2026-05-24 17:45:16,847 | [FULL+AUG] | INFO | full_experiments_using.model_trainers.mobile_vit_trainer |   ↳ new best AUROC; saved checkpoint: /home/leggo/AIResearch/VOGBasedMCIDetectionSystemMobileViTSingleExperimentInference/outputs/checkpoints/run_20260524_040820_full_aug/fold_08_best.pth
2026-05-24 17:47:26,234 | [FULL+AUG] | INFO | full_experiments_using.model_trainers.mobile_vit_trainer | Ep [008/500] T-Acc:  54.0%  V-Acc:  60.9%  V-AUROC: 0.6319  LR: 1.00e-03
2026-05-24 17:47:26,353 | [FULL+AUG] | INFO | full_experiments_using.model_trainers.mobile_vit_trainer |   ↳ new best AUROC; saved checkpoint: /home/leggo/AIResearch/VOGBasedMCIDetectionSystemMobileViTSingleExperimentInference/outputs/checkpoints/run_20260524_040820_full_aug/fold_08_best.pth
2026-05-24 17:49:35,455 | [FULL+AUG] | INFO | full_experiments_using.model_trainers.mobile_vit_trainer | Ep [009/500] T-Acc:  52.2%  V-Acc:  61.3%  V-AUROC: 0.6482  LR: 1.00e-03
2026-05-24 17:49:35,567 | [FULL+AUG] | INFO | full_experiments_using.model_trainers.mobile_vit_trainer |   ↳ new best AUROC; saved checkpoint: /home/leggo/AIResearch/VOGBasedMCIDetectionSystemMobileViTSingleExperimentInference/outputs/checkpoints/run_20260524_040820_full_aug/fold_08_best.pth
2026-05-24 17:51:45,176 | [FULL+AUG] | INFO | full_experiments_using.model_trainers.mobile_vit_trainer | Ep [010/500] T-Acc:  53.7%  V-Acc:  59.8%  V-AUROC: 0.6484  LR: 1.00e-03
2026-05-24 17:51:45,316 | [FULL+AUG] | INFO | full_experiments_using.model_trainers.mobile_vit_trainer |   ↳ new best AUROC; saved checkpoint: /home/leggo/AIResearch/VOGBasedMCIDetectionSystemMobileViTSingleExperimentInference/outputs/checkpoints/run_20260524_040820_full_aug/fold_08_best.pth
2026-05-24 17:53:54,297 | [FULL+AUG] | INFO | full_experiments_using.model_trainers.mobile_vit_trainer | Ep [011/500] T-Acc:  55.2%  V-Acc:  59.9%  V-AUROC: 0.6341  LR: 1.00e-03
2026-05-24 17:56:03,676 | [FULL+AUG] | INFO | full_experiments_using.model_trainers.mobile_vit_trainer | Ep [012/500] T-Acc:  55.5%  V-Acc:  60.5%  V-AUROC: 0.6438  LR: 1.00e-03
2026-05-24 17:58:12,680 | [FULL+AUG] | INFO | full_experiments_using.model_trainers.mobile_vit_trainer | Ep [013/500] T-Acc:  56.5%  V-Acc:  60.6%  V-AUROC: 0.6584  LR: 1.00e-03
2026-05-24 17:58:12,794 | [FULL+AUG] | INFO | full_experiments_using.model_trainers.mobile_vit_trainer |   ↳ new best AUROC; saved checkpoint: /home/leggo/AIResearch/VOGBasedMCIDetectionSystemMobileViTSingleExperimentInference/outputs/checkpoints/run_20260524_040820_full_aug/fold_08_best.pth
2026-05-24 18:00:22,480 | [FULL+AUG] | INFO | full_experiments_using.model_trainers.mobile_vit_trainer | Ep [014/500] T-Acc:  55.9%  V-Acc:  61.6%  V-AUROC: 0.6665  LR: 1.00e-03
2026-05-24 18:00:22,596 | [FULL+AUG] | INFO | full_experiments_using.model_trainers.mobile_vit_trainer |   ↳ new best AUROC; saved checkpoint: /home/leggo/AIResearch/VOGBasedMCIDetectionSystemMobileViTSingleExperimentInference/outputs/checkpoints/run_20260524_040820_full_aug/fold_08_best.pth
2026-05-24 18:02:31,864 | [FULL+AUG] | INFO | full_experiments_using.model_trainers.mobile_vit_trainer | Ep [015/500] T-Acc:  56.8%  V-Acc:  62.4%  V-AUROC: 0.6629  LR: 1.00e-03
2026-05-24 18:04:41,331 | [FULL+AUG] | INFO | full_experiments_using.model_trainers.mobile_vit_trainer | Ep [016/500] T-Acc:  58.1%  V-Acc:  62.4%  V-AUROC: 0.6644  LR: 1.00e-03
2026-05-24 18:06:50,924 | [FULL+AUG] | INFO | full_experiments_using.model_trainers.mobile_vit_trainer | Ep [017/500] T-Acc:  57.2%  V-Acc:  61.4%  V-AUROC: 0.6499  LR: 1.00e-03
2026-05-24 18:09:00,612 | [FULL+AUG] | INFO | full_experiments_using.model_trainers.mobile_vit_trainer | Ep [018/500] T-Acc:  56.0%  V-Acc:  61.2%  V-AUROC: 0.6578  LR: 1.00e-03
2026-05-24 18:11:10,285 | [FULL+AUG] | INFO | full_experiments_using.model_trainers.mobile_vit_trainer | Ep [019/500] T-Acc:  57.6%  V-Acc:  62.4%  V-AUROC: 0.6672  LR: 1.00e-03
2026-05-24 18:11:10,398 | [FULL+AUG] | INFO | full_experiments_using.model_trainers.mobile_vit_trainer |   ↳ new best AUROC; saved checkpoint: /home/leggo/AIResearch/VOGBasedMCIDetectionSystemMobileViTSingleExperimentInference/outputs/checkpoints/run_20260524_040820_full_aug/fold_08_best.pth
2026-05-24 18:13:20,320 | [FULL+AUG] | INFO | full_experiments_using.model_trainers.mobile_vit_trainer | Ep [020/500] T-Acc:  57.0%  V-Acc:  63.2%  V-AUROC: 0.6752  LR: 1.00e-03
2026-05-24 18:13:20,440 | [FULL+AUG] | INFO | full_experiments_using.model_trainers.mobile_vit_trainer |   ↳ new best AUROC; saved checkpoint: /home/leggo/AIResearch/VOGBasedMCIDetectionSystemMobileViTSingleExperimentInference/outputs/checkpoints/run_20260524_040820_full_aug/fold_08_best.pth
2026-05-24 18:15:29,549 | [FULL+AUG] | INFO | full_experiments_using.model_trainers.mobile_vit_trainer | Ep [021/500] T-Acc:  57.0%  V-Acc:  62.7%  V-AUROC: 0.6700  LR: 1.00e-03
2026-05-24 18:17:39,038 | [FULL+AUG] | INFO | full_experiments_using.model_trainers.mobile_vit_trainer | Ep [022/500] T-Acc:  56.6%  V-Acc:  61.4%  V-AUROC: 0.6610  LR: 1.00e-03
2026-05-24 18:19:48,410 | [FULL+AUG] | INFO | full_experiments_using.model_trainers.mobile_vit_trainer | Ep [023/500] T-Acc:  58.4%  V-Acc:  62.6%  V-AUROC: 0.6785  LR: 1.00e-03
2026-05-24 18:19:48,543 | [FULL+AUG] | INFO | full_experiments_using.model_trainers.mobile_vit_trainer |   ↳ new best AUROC; saved checkpoint: /home/leggo/AIResearch/VOGBasedMCIDetectionSystemMobileViTSingleExperimentInference/outputs/checkpoints/run_20260524_040820_full_aug/fold_08_best.pth
2026-05-24 18:21:56,703 | [FULL+AUG] | INFO | full_experiments_using.model_trainers.mobile_vit_trainer | Ep [024/500] T-Acc:  57.4%  V-Acc:  61.9%  V-AUROC: 0.6707  LR: 1.00e-03
2026-05-24 18:24:06,826 | [FULL+AUG] | INFO | full_experiments_using.model_trainers.mobile_vit_trainer | Ep [025/500] T-Acc:  57.0%  V-Acc:  61.2%  V-AUROC: 0.6593  LR: 1.00e-03
2026-05-24 18:26:16,322 | [FULL+AUG] | INFO | full_experiments_using.model_trainers.mobile_vit_trainer | Ep [026/500] T-Acc:  58.1%  V-Acc:  61.9%  V-AUROC: 0.6607  LR: 1.00e-03
2026-05-24 18:28:25,144 | [FULL+AUG] | INFO | full_experiments_using.model_trainers.mobile_vit_trainer | Ep [027/500] T-Acc:  57.6%  V-Acc:  62.8%  V-AUROC: 0.6822  LR: 1.00e-03
2026-05-24 18:28:25,280 | [FULL+AUG] | INFO | full_experiments_using.model_trainers.mobile_vit_trainer |   ↳ new best AUROC; saved checkpoint: /home/leggo/AIResearch/VOGBasedMCIDetectionSystemMobileViTSingleExperimentInference/outputs/checkpoints/run_20260524_040820_full_aug/fold_08_best.pth
2026-05-24 18:30:34,587 | [FULL+AUG] | INFO | full_experiments_using.model_trainers.mobile_vit_trainer | Ep [028/500] T-Acc:  58.7%  V-Acc:  62.9%  V-AUROC: 0.6769  LR: 1.00e-03
2026-05-24 18:32:43,742 | [FULL+AUG] | INFO | full_experiments_using.model_trainers.mobile_vit_trainer | Ep [029/500] T-Acc:  57.9%  V-Acc:  62.0%  V-AUROC: 0.6761  LR: 1.00e-03
2026-05-24 18:34:53,660 | [FULL+AUG] | INFO | full_experiments_using.model_trainers.mobile_vit_trainer | Ep [030/500] T-Acc:  58.5%  V-Acc:  63.8%  V-AUROC: 0.6803  LR: 1.00e-03
2026-05-24 18:37:03,660 | [FULL+AUG] | INFO | full_experiments_using.model_trainers.mobile_vit_trainer | Ep [031/500] T-Acc:  58.7%  V-Acc:  61.6%  V-AUROC: 0.6751  LR: 1.00e-03
2026-05-24 18:39:13,263 | [FULL+AUG] | INFO | full_experiments_using.model_trainers.mobile_vit_trainer | Ep [032/500] T-Acc:  57.8%  V-Acc:  61.7%  V-AUROC: 0.6659  LR: 1.00e-03
2026-05-24 18:41:22,196 | [FULL+AUG] | INFO | full_experiments_using.model_trainers.mobile_vit_trainer | Ep [033/500] T-Acc:  59.4%  V-Acc:  60.8%  V-AUROC: 0.6664  LR: 1.00e-03
2026-05-24 18:43:31,212 | [FULL+AUG] | INFO | full_experiments_using.model_trainers.mobile_vit_trainer | Ep [034/500] T-Acc:  58.8%  V-Acc:  60.3%  V-AUROC: 0.6517  LR: 1.00e-03
2026-05-24 18:45:41,076 | [FULL+AUG] | INFO | full_experiments_using.model_trainers.mobile_vit_trainer | Ep [035/500] T-Acc:  58.6%  V-Acc:  62.0%  V-AUROC: 0.6673  LR: 1.00e-03
2026-05-24 18:47:50,459 | [FULL+AUG] | INFO | full_experiments_using.model_trainers.mobile_vit_trainer | Ep [036/500] T-Acc:  59.5%  V-Acc:  61.8%  V-AUROC: 0.6641  LR: 1.00e-03
2026-05-24 18:49:59,899 | [FULL+AUG] | INFO | full_experiments_using.model_trainers.mobile_vit_trainer | Ep [037/500] T-Acc:  59.1%  V-Acc:  60.1%  V-AUROC: 0.6505  LR: 1.00e-03
2026-05-24 18:52:09,615 | [FULL+AUG] | INFO | full_experiments_using.model_trainers.mobile_vit_trainer | Ep [038/500] T-Acc:  59.8%  V-Acc:  61.4%  V-AUROC: 0.6694  LR: 1.00e-03
2026-05-24 18:54:18,486 | [FULL+AUG] | INFO | full_experiments_using.model_trainers.mobile_vit_trainer | Ep [039/500] T-Acc:  59.5%  V-Acc:  63.0%  V-AUROC: 0.6757  LR: 2.00e-04
2026-05-24 18:56:27,561 | [FULL+AUG] | INFO | full_experiments_using.model_trainers.mobile_vit_trainer | Ep [040/500] T-Acc:  60.9%  V-Acc:  62.5%  V-AUROC: 0.6772  LR: 2.00e-04
2026-05-24 18:58:36,919 | [FULL+AUG] | INFO | full_experiments_using.model_trainers.mobile_vit_trainer | Ep [041/500] T-Acc:  59.1%  V-Acc:  62.0%  V-AUROC: 0.6731  LR: 2.00e-04
2026-05-24 19:00:46,648 | [FULL+AUG] | INFO | full_experiments_using.model_trainers.mobile_vit_trainer | Ep [042/500] T-Acc:  59.3%  V-Acc:  61.1%  V-AUROC: 0.6732  LR: 2.00e-04
2026-05-24 19:02:55,656 | [FULL+AUG] | INFO | full_experiments_using.model_trainers.mobile_vit_trainer | Ep [043/500] T-Acc:  59.0%  V-Acc:  62.4%  V-AUROC: 0.6737  LR: 2.00e-04
2026-05-24 19:05:05,364 | [FULL+AUG] | INFO | full_experiments_using.model_trainers.mobile_vit_trainer | Ep [044/500] T-Acc:  60.1%  V-Acc:  62.9%  V-AUROC: 0.6740  LR: 2.00e-04
2026-05-24 19:07:14,949 | [FULL+AUG] | INFO | full_experiments_using.model_trainers.mobile_vit_trainer | Ep [045/500] T-Acc:  59.6%  V-Acc:  63.0%  V-AUROC: 0.6733  LR: 2.00e-04
2026-05-24 19:09:24,570 | [FULL+AUG] | INFO | full_experiments_using.model_trainers.mobile_vit_trainer | Ep [046/500] T-Acc:  58.9%  V-Acc:  63.0%  V-AUROC: 0.6712  LR: 2.00e-04
2026-05-24 19:11:34,094 | [FULL+AUG] | INFO | full_experiments_using.model_trainers.mobile_vit_trainer | Ep [047/500] T-Acc:  59.5%  V-Acc:  62.5%  V-AUROC: 0.6697  LR: 2.00e-04
2026-05-24 19:13:44,078 | [FULL+AUG] | INFO | full_experiments_using.model_trainers.mobile_vit_trainer | Ep [048/500] T-Acc:  59.1%  V-Acc:  62.6%  V-AUROC: 0.6706  LR: 2.00e-04
2026-05-24 19:15:53,076 | [FULL+AUG] | INFO | full_experiments_using.model_trainers.mobile_vit_trainer | Ep [049/500] T-Acc:  59.4%  V-Acc:  62.9%  V-AUROC: 0.6716  LR: 2.00e-04
2026-05-24 19:18:03,165 | [FULL+AUG] | INFO | full_experiments_using.model_trainers.mobile_vit_trainer | Ep [050/500] T-Acc:  59.9%  V-Acc:  62.5%  V-AUROC: 0.6722  LR: 4.00e-05
2026-05-24 19:20:12,427 | [FULL+AUG] | INFO | full_experiments_using.model_trainers.mobile_vit_trainer | Ep [051/500] T-Acc:  59.6%  V-Acc:  62.7%  V-AUROC: 0.6719  LR: 4.00e-05
2026-05-24 19:22:21,609 | [FULL+AUG] | INFO | full_experiments_using.model_trainers.mobile_vit_trainer | Ep [052/500] T-Acc:  60.7%  V-Acc:  62.2%  V-AUROC: 0.6712  LR: 4.00e-05
2026-05-24 19:24:30,878 | [FULL+AUG] | INFO | full_experiments_using.model_trainers.mobile_vit_trainer | Ep [053/500] T-Acc:  59.3%  V-Acc:  62.2%  V-AUROC: 0.6720  LR: 4.00e-05
2026-05-24 19:26:40,245 | [FULL+AUG] | INFO | full_experiments_using.model_trainers.mobile_vit_trainer | Ep [054/500] T-Acc:  59.0%  V-Acc:  62.9%  V-AUROC: 0.6728  LR: 4.00e-05
2026-05-24 19:28:49,187 | [FULL+AUG] | INFO | full_experiments_using.model_trainers.mobile_vit_trainer | Ep [055/500] T-Acc:  59.7%  V-Acc:  62.6%  V-AUROC: 0.6733  LR: 4.00e-05
2026-05-24 19:30:58,137 | [FULL+AUG] | INFO | full_experiments_using.model_trainers.mobile_vit_trainer | Ep [056/500] T-Acc:  60.6%  V-Acc:  62.2%  V-AUROC: 0.6725  LR: 4.00e-05
2026-05-24 19:33:07,203 | [FULL+AUG] | INFO | full_experiments_using.model_trainers.mobile_vit_trainer | Ep [057/500] T-Acc:  58.6%  V-Acc:  62.5%  V-AUROC: 0.6731  LR: 4.00e-05
2026-05-24 19:35:15,985 | [FULL+AUG] | INFO | full_experiments_using.model_trainers.mobile_vit_trainer | Ep [058/500] T-Acc:  58.8%  V-Acc:  62.4%  V-AUROC: 0.6726  LR: 4.00e-05
2026-05-24 19:37:25,565 | [FULL+AUG] | INFO | full_experiments_using.model_trainers.mobile_vit_trainer | Ep [059/500] T-Acc:  60.0%  V-Acc:  62.7%  V-AUROC: 0.6716  LR: 4.00e-05
2026-05-24 19:39:34,905 | [FULL+AUG] | INFO | full_experiments_using.model_trainers.mobile_vit_trainer | Ep [060/500] T-Acc:  60.8%  V-Acc:  62.2%  V-AUROC: 0.6727  LR: 4.00e-05
2026-05-24 19:41:44,326 | [FULL+AUG] | INFO | full_experiments_using.model_trainers.mobile_vit_trainer | Ep [061/500] T-Acc:  59.8%  V-Acc:  63.2%  V-AUROC: 0.6724  LR: 8.00e-06
2026-05-24 19:43:53,919 | [FULL+AUG] | INFO | full_experiments_using.model_trainers.mobile_vit_trainer | Ep [062/500] T-Acc:  59.9%  V-Acc:  62.8%  V-AUROC: 0.6722  LR: 8.00e-06
2026-05-24 19:46:03,019 | [FULL+AUG] | INFO | full_experiments_using.model_trainers.mobile_vit_trainer | Ep [063/500] T-Acc:  59.9%  V-Acc:  62.2%  V-AUROC: 0.6721  LR: 8.00e-06
2026-05-24 19:48:12,342 | [FULL+AUG] | INFO | full_experiments_using.model_trainers.mobile_vit_trainer | Ep [064/500] T-Acc:  58.6%  V-Acc:  62.8%  V-AUROC: 0.6731  LR: 8.00e-06
2026-05-24 19:50:21,867 | [FULL+AUG] | INFO | full_experiments_using.model_trainers.mobile_vit_trainer | Ep [065/500] T-Acc:  60.0%  V-Acc:  62.4%  V-AUROC: 0.6716  LR: 8.00e-06
2026-05-24 19:52:30,746 | [FULL+AUG] | INFO | full_experiments_using.model_trainers.mobile_vit_trainer | Ep [066/500] T-Acc:  59.8%  V-Acc:  62.5%  V-AUROC: 0.6737  LR: 8.00e-06
2026-05-24 19:54:40,539 | [FULL+AUG] | INFO | full_experiments_using.model_trainers.mobile_vit_trainer | Ep [067/500] T-Acc:  60.7%  V-Acc:  62.8%  V-AUROC: 0.6733  LR: 8.00e-06
2026-05-24 19:54:40,540 | [FULL+AUG] | INFO | full_experiments_using.model_trainers.mobile_vit_trainer | Early stop — best AUROC 0.6822 at epoch 27 (no improvement for 40 epochs)
2026-05-24 19:54:40,540 | [FULL+AUG] | INFO | full_experiments_using.model_trainers.mobile_vit_trainer | Done. Best AUROC: 0.6822 (epoch 27) → /home/leggo/AIResearch/VOGBasedMCIDetectionSystemMobileViTSingleExperimentInference/outputs/checkpoints/run_20260524_040820_full_aug/fold_08_best.pth
2026-05-24 19:55:15,141 | [FULL+AUG] | INFO | full_experiments_using.evaluators.monte_carlo_evaluator | -> Fold 09 Result | Acc=0.818 Sens=0.800 Spec=0.833 AUROC=0.833
2026-05-24 19:55:15,144 | [FULL+AUG] | INFO | full_experiments_using.evaluators.monte_carlo_evaluator | === Fold 10/30 | train: 25 subj / 3815 windows | test: 12 subj / 1921 windows ===
2026-05-24 19:55:15,423 | [FULL+AUG] | INFO | httpx | HTTP Request: HEAD https://huggingface.co/apple/mobilevit-small/resolve/main/config.json "HTTP/1.1 307 Temporary Redirect"
2026-05-24 19:55:15,436 | [FULL+AUG] | INFO | httpx | HTTP Request: HEAD https://huggingface.co/api/resolve-cache/models/apple/mobilevit-small/6c8612545dc98676d27bc518fa521d9e9af23e34/config.json "HTTP/1.1 200 OK"
2026-05-24 19:55:16,034 | [FULL+AUG] | INFO | httpx | HTTP Request: HEAD https://huggingface.co/apple/mobilevit-small/resolve/main/model.safetensors "HTTP/1.1 404 Not Found"
2026-05-24 19:55:16,251 | [FULL+AUG] | INFO | httpx | HTTP Request: HEAD https://huggingface.co/apple/mobilevit-small/resolve/main/model.safetensors.index.json "HTTP/1.1 404 Not Found"
2026-05-24 19:55:16,468 | [FULL+AUG] | INFO | httpx | HTTP Request: HEAD https://huggingface.co/apple/mobilevit-small/resolve/main/pytorch_model.bin "HTTP/1.1 302 Found"
2026-05-24 19:55:16,682 | [FULL+AUG] | INFO | httpx | HTTP Request: HEAD https://huggingface.co/apple/mobilevit-small/resolve/main/model.safetensors "HTTP/1.1 404 Not Found"
2026-05-24 19:55:16,925 | [FULL+AUG] | INFO | httpx | HTTP Request: GET https://huggingface.co/api/models/apple/mobilevit-small "HTTP/1.1 200 OK"
2026-05-24 19:55:17,184 | [FULL+AUG] | INFO | httpx | HTTP Request: GET https://huggingface.co/api/models/apple/mobilevit-small/commits/main "HTTP/1.1 200 OK"
2026-05-24 19:55:17,410 | [FULL+AUG] | INFO | httpx | HTTP Request: GET https://huggingface.co/api/models/apple/mobilevit-small/discussions?p=0 "HTTP/1.1 200 OK"
2026-05-24 19:55:17,651 | [FULL+AUG] | INFO | httpx | HTTP Request: GET https://huggingface.co/api/models/apple/mobilevit-small/commits/refs%2Fpr%2F6 "HTTP/1.1 200 OK"
2026-05-24 19:55:17,864 | [FULL+AUG] | INFO | httpx | HTTP Request: HEAD https://huggingface.co/apple/mobilevit-small/resolve/refs%2Fpr%2F6/model.safetensors.index.json "HTTP/1.1 404 Not Found"
2026-05-24 19:55:18,082 | [FULL+AUG] | INFO | httpx | HTTP Request: HEAD https://huggingface.co/apple/mobilevit-small/resolve/refs%2Fpr%2F6/model.safetensors "HTTP/1.1 302 Found"
2026-05-24 19:55:18,853 | [FULL+AUG] | INFO | full_experiments_using.model_trainers.mobile_vit_trainer | Device: cuda | max_epochs=500 | batch=32 | es_patience=40
2026-05-24 19:55:18,857 | [FULL+AUG] | INFO | full_experiments_using.model_trainers.mobile_vit_trainer | CE weights — HC: 1.077  MCI: 0.933
2026-05-24 19:57:27,820 | [FULL+AUG] | INFO | full_experiments_using.model_trainers.mobile_vit_trainer | Ep [001/500] T-Acc:  54.6%  V-Acc:  61.6%  V-AUROC: 0.5258  LR: 2.00e-04
2026-05-24 19:57:27,923 | [FULL+AUG] | INFO | full_experiments_using.model_trainers.mobile_vit_trainer |   ↳ new best AUROC; saved checkpoint: /home/leggo/AIResearch/VOGBasedMCIDetectionSystemMobileViTSingleExperimentInference/outputs/checkpoints/run_20260524_040820_full_aug/fold_09_best.pth
2026-05-24 19:59:38,539 | [FULL+AUG] | INFO | full_experiments_using.model_trainers.mobile_vit_trainer | Ep [002/500] T-Acc:  54.9%  V-Acc:  61.5%  V-AUROC: 0.5332  LR: 4.00e-04
2026-05-24 19:59:38,660 | [FULL+AUG] | INFO | full_experiments_using.model_trainers.mobile_vit_trainer |   ↳ new best AUROC; saved checkpoint: /home/leggo/AIResearch/VOGBasedMCIDetectionSystemMobileViTSingleExperimentInference/outputs/checkpoints/run_20260524_040820_full_aug/fold_09_best.pth
2026-05-24 20:01:48,692 | [FULL+AUG] | INFO | full_experiments_using.model_trainers.mobile_vit_trainer | Ep [003/500] T-Acc:  54.6%  V-Acc:  60.2%  V-AUROC: 0.5295  LR: 6.00e-04
2026-05-24 20:03:58,534 | [FULL+AUG] | INFO | full_experiments_using.model_trainers.mobile_vit_trainer | Ep [004/500] T-Acc:  54.1%  V-Acc:  60.7%  V-AUROC: 0.5468  LR: 8.00e-04
2026-05-24 20:03:58,676 | [FULL+AUG] | INFO | full_experiments_using.model_trainers.mobile_vit_trainer |   ↳ new best AUROC; saved checkpoint: /home/leggo/AIResearch/VOGBasedMCIDetectionSystemMobileViTSingleExperimentInference/outputs/checkpoints/run_20260524_040820_full_aug/fold_09_best.pth
2026-05-24 20:06:08,551 | [FULL+AUG] | INFO | full_experiments_using.model_trainers.mobile_vit_trainer | Ep [005/500] T-Acc:  54.5%  V-Acc:  60.2%  V-AUROC: 0.5521  LR: 1.00e-03
2026-05-24 20:06:08,696 | [FULL+AUG] | INFO | full_experiments_using.model_trainers.mobile_vit_trainer |   ↳ new best AUROC; saved checkpoint: /home/leggo/AIResearch/VOGBasedMCIDetectionSystemMobileViTSingleExperimentInference/outputs/checkpoints/run_20260524_040820_full_aug/fold_09_best.pth
2026-05-24 20:08:17,882 | [FULL+AUG] | INFO | full_experiments_using.model_trainers.mobile_vit_trainer | Ep [006/500] T-Acc:  55.8%  V-Acc:  60.6%  V-AUROC: 0.5578  LR: 1.00e-03
2026-05-24 20:08:17,995 | [FULL+AUG] | INFO | full_experiments_using.model_trainers.mobile_vit_trainer |   ↳ new best AUROC; saved checkpoint: /home/leggo/AIResearch/VOGBasedMCIDetectionSystemMobileViTSingleExperimentInference/outputs/checkpoints/run_20260524_040820_full_aug/fold_09_best.pth
2026-05-24 20:10:27,549 | [FULL+AUG] | INFO | full_experiments_using.model_trainers.mobile_vit_trainer | Ep [007/500] T-Acc:  55.4%  V-Acc:  57.9%  V-AUROC: 0.5583  LR: 1.00e-03
2026-05-24 20:10:27,695 | [FULL+AUG] | INFO | full_experiments_using.model_trainers.mobile_vit_trainer |   ↳ new best AUROC; saved checkpoint: /home/leggo/AIResearch/VOGBasedMCIDetectionSystemMobileViTSingleExperimentInference/outputs/checkpoints/run_20260524_040820_full_aug/fold_09_best.pth
2026-05-24 20:12:37,521 | [FULL+AUG] | INFO | full_experiments_using.model_trainers.mobile_vit_trainer | Ep [008/500] T-Acc:  55.9%  V-Acc:  57.5%  V-AUROC: 0.5605  LR: 1.00e-03
2026-05-24 20:12:37,661 | [FULL+AUG] | INFO | full_experiments_using.model_trainers.mobile_vit_trainer |   ↳ new best AUROC; saved checkpoint: /home/leggo/AIResearch/VOGBasedMCIDetectionSystemMobileViTSingleExperimentInference/outputs/checkpoints/run_20260524_040820_full_aug/fold_09_best.pth
2026-05-24 20:14:47,385 | [FULL+AUG] | INFO | full_experiments_using.model_trainers.mobile_vit_trainer | Ep [009/500] T-Acc:  55.2%  V-Acc:  58.8%  V-AUROC: 0.5760  LR: 1.00e-03
2026-05-24 20:14:47,497 | [FULL+AUG] | INFO | full_experiments_using.model_trainers.mobile_vit_trainer |   ↳ new best AUROC; saved checkpoint: /home/leggo/AIResearch/VOGBasedMCIDetectionSystemMobileViTSingleExperimentInference/outputs/checkpoints/run_20260524_040820_full_aug/fold_09_best.pth
2026-05-24 20:16:57,532 | [FULL+AUG] | INFO | full_experiments_using.model_trainers.mobile_vit_trainer | Ep [010/500] T-Acc:  55.9%  V-Acc:  59.1%  V-AUROC: 0.5892  LR: 1.00e-03
2026-05-24 20:16:57,647 | [FULL+AUG] | INFO | full_experiments_using.model_trainers.mobile_vit_trainer |   ↳ new best AUROC; saved checkpoint: /home/leggo/AIResearch/VOGBasedMCIDetectionSystemMobileViTSingleExperimentInference/outputs/checkpoints/run_20260524_040820_full_aug/fold_09_best.pth
2026-05-24 20:19:06,466 | [FULL+AUG] | INFO | full_experiments_using.model_trainers.mobile_vit_trainer | Ep [011/500] T-Acc:  56.2%  V-Acc:  59.6%  V-AUROC: 0.5849  LR: 1.00e-03
2026-05-24 20:21:15,778 | [FULL+AUG] | INFO | full_experiments_using.model_trainers.mobile_vit_trainer | Ep [012/500] T-Acc:  57.4%  V-Acc:  55.9%  V-AUROC: 0.5843  LR: 1.00e-03
2026-05-24 20:23:24,583 | [FULL+AUG] | INFO | full_experiments_using.model_trainers.mobile_vit_trainer | Ep [013/500] T-Acc:  57.5%  V-Acc:  58.3%  V-AUROC: 0.5904  LR: 1.00e-03
2026-05-24 20:23:24,728 | [FULL+AUG] | INFO | full_experiments_using.model_trainers.mobile_vit_trainer |   ↳ new best AUROC; saved checkpoint: /home/leggo/AIResearch/VOGBasedMCIDetectionSystemMobileViTSingleExperimentInference/outputs/checkpoints/run_20260524_040820_full_aug/fold_09_best.pth
2026-05-24 20:25:33,647 | [FULL+AUG] | INFO | full_experiments_using.model_trainers.mobile_vit_trainer | Ep [014/500] T-Acc:  58.2%  V-Acc:  59.4%  V-AUROC: 0.5925  LR: 1.00e-03
2026-05-24 20:25:33,792 | [FULL+AUG] | INFO | full_experiments_using.model_trainers.mobile_vit_trainer |   ↳ new best AUROC; saved checkpoint: /home/leggo/AIResearch/VOGBasedMCIDetectionSystemMobileViTSingleExperimentInference/outputs/checkpoints/run_20260524_040820_full_aug/fold_09_best.pth
2026-05-24 20:27:42,868 | [FULL+AUG] | INFO | full_experiments_using.model_trainers.mobile_vit_trainer | Ep [015/500] T-Acc:  58.2%  V-Acc:  56.8%  V-AUROC: 0.5968  LR: 1.00e-03
2026-05-24 20:27:43,005 | [FULL+AUG] | INFO | full_experiments_using.model_trainers.mobile_vit_trainer |   ↳ new best AUROC; saved checkpoint: /home/leggo/AIResearch/VOGBasedMCIDetectionSystemMobileViTSingleExperimentInference/outputs/checkpoints/run_20260524_040820_full_aug/fold_09_best.pth
2026-05-24 20:29:52,168 | [FULL+AUG] | INFO | full_experiments_using.model_trainers.mobile_vit_trainer | Ep [016/500] T-Acc:  58.0%  V-Acc:  58.3%  V-AUROC: 0.6010  LR: 1.00e-03
2026-05-24 20:29:52,295 | [FULL+AUG] | INFO | full_experiments_using.model_trainers.mobile_vit_trainer |   ↳ new best AUROC; saved checkpoint: /home/leggo/AIResearch/VOGBasedMCIDetectionSystemMobileViTSingleExperimentInference/outputs/checkpoints/run_20260524_040820_full_aug/fold_09_best.pth
2026-05-24 20:32:01,792 | [FULL+AUG] | INFO | full_experiments_using.model_trainers.mobile_vit_trainer | Ep [017/500] T-Acc:  59.4%  V-Acc:  57.6%  V-AUROC: 0.6049  LR: 1.00e-03
2026-05-24 20:32:01,932 | [FULL+AUG] | INFO | full_experiments_using.model_trainers.mobile_vit_trainer |   ↳ new best AUROC; saved checkpoint: /home/leggo/AIResearch/VOGBasedMCIDetectionSystemMobileViTSingleExperimentInference/outputs/checkpoints/run_20260524_040820_full_aug/fold_09_best.pth
2026-05-24 20:34:10,799 | [FULL+AUG] | INFO | full_experiments_using.model_trainers.mobile_vit_trainer | Ep [018/500] T-Acc:  58.1%  V-Acc:  58.5%  V-AUROC: 0.6058  LR: 1.00e-03
2026-05-24 20:34:10,944 | [FULL+AUG] | INFO | full_experiments_using.model_trainers.mobile_vit_trainer |   ↳ new best AUROC; saved checkpoint: /home/leggo/AIResearch/VOGBasedMCIDetectionSystemMobileViTSingleExperimentInference/outputs/checkpoints/run_20260524_040820_full_aug/fold_09_best.pth
2026-05-24 20:36:20,791 | [FULL+AUG] | INFO | full_experiments_using.model_trainers.mobile_vit_trainer | Ep [019/500] T-Acc:  58.7%  V-Acc:  60.6%  V-AUROC: 0.6242  LR: 1.00e-03
2026-05-24 20:36:20,934 | [FULL+AUG] | INFO | full_experiments_using.model_trainers.mobile_vit_trainer |   ↳ new best AUROC; saved checkpoint: /home/leggo/AIResearch/VOGBasedMCIDetectionSystemMobileViTSingleExperimentInference/outputs/checkpoints/run_20260524_040820_full_aug/fold_09_best.pth
2026-05-24 20:38:30,235 | [FULL+AUG] | INFO | full_experiments_using.model_trainers.mobile_vit_trainer | Ep [020/500] T-Acc:  58.2%  V-Acc:  59.0%  V-AUROC: 0.6223  LR: 1.00e-03
2026-05-24 20:40:39,623 | [FULL+AUG] | INFO | full_experiments_using.model_trainers.mobile_vit_trainer | Ep [021/500] T-Acc:  59.0%  V-Acc:  58.9%  V-AUROC: 0.6274  LR: 1.00e-03
2026-05-24 20:40:39,754 | [FULL+AUG] | INFO | full_experiments_using.model_trainers.mobile_vit_trainer |   ↳ new best AUROC; saved checkpoint: /home/leggo/AIResearch/VOGBasedMCIDetectionSystemMobileViTSingleExperimentInference/outputs/checkpoints/run_20260524_040820_full_aug/fold_09_best.pth
2026-05-24 20:42:50,276 | [FULL+AUG] | INFO | full_experiments_using.model_trainers.mobile_vit_trainer | Ep [022/500] T-Acc:  59.1%  V-Acc:  58.9%  V-AUROC: 0.6292  LR: 1.00e-03
2026-05-24 20:42:50,411 | [FULL+AUG] | INFO | full_experiments_using.model_trainers.mobile_vit_trainer |   ↳ new best AUROC; saved checkpoint: /home/leggo/AIResearch/VOGBasedMCIDetectionSystemMobileViTSingleExperimentInference/outputs/checkpoints/run_20260524_040820_full_aug/fold_09_best.pth
2026-05-24 20:44:59,135 | [FULL+AUG] | INFO | full_experiments_using.model_trainers.mobile_vit_trainer | Ep [023/500] T-Acc:  59.3%  V-Acc:  62.1%  V-AUROC: 0.6367  LR: 1.00e-03
2026-05-24 20:44:59,247 | [FULL+AUG] | INFO | full_experiments_using.model_trainers.mobile_vit_trainer |   ↳ new best AUROC; saved checkpoint: /home/leggo/AIResearch/VOGBasedMCIDetectionSystemMobileViTSingleExperimentInference/outputs/checkpoints/run_20260524_040820_full_aug/fold_09_best.pth
2026-05-24 20:47:08,425 | [FULL+AUG] | INFO | full_experiments_using.model_trainers.mobile_vit_trainer | Ep [024/500] T-Acc:  59.2%  V-Acc:  61.9%  V-AUROC: 0.6388  LR: 1.00e-03
2026-05-24 20:47:08,574 | [FULL+AUG] | INFO | full_experiments_using.model_trainers.mobile_vit_trainer |   ↳ new best AUROC; saved checkpoint: /home/leggo/AIResearch/VOGBasedMCIDetectionSystemMobileViTSingleExperimentInference/outputs/checkpoints/run_20260524_040820_full_aug/fold_09_best.pth
2026-05-24 20:49:18,324 | [FULL+AUG] | INFO | full_experiments_using.model_trainers.mobile_vit_trainer | Ep [025/500] T-Acc:  59.5%  V-Acc:  57.9%  V-AUROC: 0.6300  LR: 1.00e-03
2026-05-24 20:51:28,733 | [FULL+AUG] | INFO | full_experiments_using.model_trainers.mobile_vit_trainer | Ep [026/500] T-Acc:  60.7%  V-Acc:  59.1%  V-AUROC: 0.6261  LR: 1.00e-03
2026-05-24 20:53:38,075 | [FULL+AUG] | INFO | full_experiments_using.model_trainers.mobile_vit_trainer | Ep [027/500] T-Acc:  60.5%  V-Acc:  60.0%  V-AUROC: 0.6382  LR: 1.00e-03
2026-05-24 20:55:47,113 | [FULL+AUG] | INFO | full_experiments_using.model_trainers.mobile_vit_trainer | Ep [028/500] T-Acc:  61.9%  V-Acc:  59.8%  V-AUROC: 0.6343  LR: 1.00e-03
2026-05-24 20:57:56,315 | [FULL+AUG] | INFO | full_experiments_using.model_trainers.mobile_vit_trainer | Ep [029/500] T-Acc:  60.7%  V-Acc:  60.1%  V-AUROC: 0.6359  LR: 1.00e-03
2026-05-24 21:00:05,156 | [FULL+AUG] | INFO | full_experiments_using.model_trainers.mobile_vit_trainer | Ep [030/500] T-Acc:  61.5%  V-Acc:  59.3%  V-AUROC: 0.6440  LR: 1.00e-03
2026-05-24 21:00:05,298 | [FULL+AUG] | INFO | full_experiments_using.model_trainers.mobile_vit_trainer |   ↳ new best AUROC; saved checkpoint: /home/leggo/AIResearch/VOGBasedMCIDetectionSystemMobileViTSingleExperimentInference/outputs/checkpoints/run_20260524_040820_full_aug/fold_09_best.pth
2026-05-24 21:02:13,939 | [FULL+AUG] | INFO | full_experiments_using.model_trainers.mobile_vit_trainer | Ep [031/500] T-Acc:  60.7%  V-Acc:  59.8%  V-AUROC: 0.6408  LR: 1.00e-03
2026-05-24 21:04:23,342 | [FULL+AUG] | INFO | full_experiments_using.model_trainers.mobile_vit_trainer | Ep [032/500] T-Acc:  62.3%  V-Acc:  59.7%  V-AUROC: 0.6391  LR: 1.00e-03
2026-05-24 21:06:33,191 | [FULL+AUG] | INFO | full_experiments_using.model_trainers.mobile_vit_trainer | Ep [033/500] T-Acc:  61.5%  V-Acc:  59.8%  V-AUROC: 0.6416  LR: 1.00e-03
2026-05-24 21:08:42,406 | [FULL+AUG] | INFO | full_experiments_using.model_trainers.mobile_vit_trainer | Ep [034/500] T-Acc:  62.6%  V-Acc:  59.9%  V-AUROC: 0.6462  LR: 1.00e-03
2026-05-24 21:08:42,534 | [FULL+AUG] | INFO | full_experiments_using.model_trainers.mobile_vit_trainer |   ↳ new best AUROC; saved checkpoint: /home/leggo/AIResearch/VOGBasedMCIDetectionSystemMobileViTSingleExperimentInference/outputs/checkpoints/run_20260524_040820_full_aug/fold_09_best.pth
2026-05-24 21:10:51,790 | [FULL+AUG] | INFO | full_experiments_using.model_trainers.mobile_vit_trainer | Ep [035/500] T-Acc:  62.0%  V-Acc:  59.8%  V-AUROC: 0.6414  LR: 1.00e-03
2026-05-24 21:13:01,675 | [FULL+AUG] | INFO | full_experiments_using.model_trainers.mobile_vit_trainer | Ep [036/500] T-Acc:  60.7%  V-Acc:  58.9%  V-AUROC: 0.6433  LR: 1.00e-03
2026-05-24 21:15:11,495 | [FULL+AUG] | INFO | full_experiments_using.model_trainers.mobile_vit_trainer | Ep [037/500] T-Acc:  61.2%  V-Acc:  61.4%  V-AUROC: 0.6461  LR: 1.00e-03
2026-05-24 21:17:21,638 | [FULL+AUG] | INFO | full_experiments_using.model_trainers.mobile_vit_trainer | Ep [038/500] T-Acc:  62.1%  V-Acc:  60.7%  V-AUROC: 0.6414  LR: 1.00e-03
2026-05-24 21:19:31,262 | [FULL+AUG] | INFO | full_experiments_using.model_trainers.mobile_vit_trainer | Ep [039/500] T-Acc:  63.0%  V-Acc:  60.4%  V-AUROC: 0.6424  LR: 1.00e-03
2026-05-24 21:21:40,411 | [FULL+AUG] | INFO | full_experiments_using.model_trainers.mobile_vit_trainer | Ep [040/500] T-Acc:  62.2%  V-Acc:  59.3%  V-AUROC: 0.6387  LR: 1.00e-03
2026-05-24 21:23:50,259 | [FULL+AUG] | INFO | full_experiments_using.model_trainers.mobile_vit_trainer | Ep [041/500] T-Acc:  61.9%  V-Acc:  60.4%  V-AUROC: 0.6418  LR: 1.00e-03
2026-05-24 21:25:59,963 | [FULL+AUG] | INFO | full_experiments_using.model_trainers.mobile_vit_trainer | Ep [042/500] T-Acc:  63.0%  V-Acc:  62.1%  V-AUROC: 0.6487  LR: 1.00e-03
2026-05-24 21:26:00,105 | [FULL+AUG] | INFO | full_experiments_using.model_trainers.mobile_vit_trainer |   ↳ new best AUROC; saved checkpoint: /home/leggo/AIResearch/VOGBasedMCIDetectionSystemMobileViTSingleExperimentInference/outputs/checkpoints/run_20260524_040820_full_aug/fold_09_best.pth
2026-05-24 21:28:09,939 | [FULL+AUG] | INFO | full_experiments_using.model_trainers.mobile_vit_trainer | Ep [043/500] T-Acc:  61.6%  V-Acc:  59.9%  V-AUROC: 0.6499  LR: 1.00e-03
2026-05-24 21:28:10,079 | [FULL+AUG] | INFO | full_experiments_using.model_trainers.mobile_vit_trainer |   ↳ new best AUROC; saved checkpoint: /home/leggo/AIResearch/VOGBasedMCIDetectionSystemMobileViTSingleExperimentInference/outputs/checkpoints/run_20260524_040820_full_aug/fold_09_best.pth
2026-05-24 21:30:18,893 | [FULL+AUG] | INFO | full_experiments_using.model_trainers.mobile_vit_trainer | Ep [044/500] T-Acc:  62.3%  V-Acc:  61.8%  V-AUROC: 0.6496  LR: 1.00e-03
2026-05-24 21:32:27,586 | [FULL+AUG] | INFO | full_experiments_using.model_trainers.mobile_vit_trainer | Ep [045/500] T-Acc:  63.1%  V-Acc:  60.6%  V-AUROC: 0.6497  LR: 1.00e-03
2026-05-24 21:34:36,070 | [FULL+AUG] | INFO | full_experiments_using.model_trainers.mobile_vit_trainer | Ep [046/500] T-Acc:  61.6%  V-Acc:  60.1%  V-AUROC: 0.6479  LR: 1.00e-03
2026-05-24 21:36:44,614 | [FULL+AUG] | INFO | full_experiments_using.model_trainers.mobile_vit_trainer | Ep [047/500] T-Acc:  62.9%  V-Acc:  61.4%  V-AUROC: 0.6532  LR: 1.00e-03
2026-05-24 21:36:44,728 | [FULL+AUG] | INFO | full_experiments_using.model_trainers.mobile_vit_trainer |   ↳ new best AUROC; saved checkpoint: /home/leggo/AIResearch/VOGBasedMCIDetectionSystemMobileViTSingleExperimentInference/outputs/checkpoints/run_20260524_040820_full_aug/fold_09_best.pth
2026-05-24 21:38:54,423 | [FULL+AUG] | INFO | full_experiments_using.model_trainers.mobile_vit_trainer | Ep [048/500] T-Acc:  62.3%  V-Acc:  59.9%  V-AUROC: 0.6499  LR: 1.00e-03
2026-05-24 21:41:03,119 | [FULL+AUG] | INFO | full_experiments_using.model_trainers.mobile_vit_trainer | Ep [049/500] T-Acc:  61.9%  V-Acc:  62.4%  V-AUROC: 0.6539  LR: 1.00e-03
2026-05-24 21:41:03,243 | [FULL+AUG] | INFO | full_experiments_using.model_trainers.mobile_vit_trainer |   ↳ new best AUROC; saved checkpoint: /home/leggo/AIResearch/VOGBasedMCIDetectionSystemMobileViTSingleExperimentInference/outputs/checkpoints/run_20260524_040820_full_aug/fold_09_best.pth
2026-05-24 21:43:13,230 | [FULL+AUG] | INFO | full_experiments_using.model_trainers.mobile_vit_trainer | Ep [050/500] T-Acc:  62.7%  V-Acc:  62.3%  V-AUROC: 0.6582  LR: 1.00e-03
2026-05-24 21:43:13,365 | [FULL+AUG] | INFO | full_experiments_using.model_trainers.mobile_vit_trainer |   ↳ new best AUROC; saved checkpoint: /home/leggo/AIResearch/VOGBasedMCIDetectionSystemMobileViTSingleExperimentInference/outputs/checkpoints/run_20260524_040820_full_aug/fold_09_best.pth
2026-05-24 21:45:21,770 | [FULL+AUG] | INFO | full_experiments_using.model_trainers.mobile_vit_trainer | Ep [051/500] T-Acc:  63.2%  V-Acc:  60.9%  V-AUROC: 0.6554  LR: 1.00e-03
2026-05-24 21:47:31,811 | [FULL+AUG] | INFO | full_experiments_using.model_trainers.mobile_vit_trainer | Ep [052/500] T-Acc:  63.5%  V-Acc:  60.0%  V-AUROC: 0.6470  LR: 1.00e-03
2026-05-24 21:49:41,369 | [FULL+AUG] | INFO | full_experiments_using.model_trainers.mobile_vit_trainer | Ep [053/500] T-Acc:  62.7%  V-Acc:  59.4%  V-AUROC: 0.6517  LR: 1.00e-03
2026-05-24 21:51:51,313 | [FULL+AUG] | INFO | full_experiments_using.model_trainers.mobile_vit_trainer | Ep [054/500] T-Acc:  63.1%  V-Acc:  60.9%  V-AUROC: 0.6531  LR: 1.00e-03
2026-05-24 21:54:00,714 | [FULL+AUG] | INFO | full_experiments_using.model_trainers.mobile_vit_trainer | Ep [055/500] T-Acc:  62.8%  V-Acc:  60.9%  V-AUROC: 0.6504  LR: 1.00e-03
2026-05-24 21:56:10,864 | [FULL+AUG] | INFO | full_experiments_using.model_trainers.mobile_vit_trainer | Ep [056/500] T-Acc:  62.9%  V-Acc:  61.7%  V-AUROC: 0.6469  LR: 1.00e-03
2026-05-24 21:58:20,752 | [FULL+AUG] | INFO | full_experiments_using.model_trainers.mobile_vit_trainer | Ep [057/500] T-Acc:  62.5%  V-Acc:  62.5%  V-AUROC: 0.6557  LR: 1.00e-03
2026-05-24 22:00:30,598 | [FULL+AUG] | INFO | full_experiments_using.model_trainers.mobile_vit_trainer | Ep [058/500] T-Acc:  63.2%  V-Acc:  60.6%  V-AUROC: 0.6495  LR: 1.00e-03
2026-05-24 22:02:39,915 | [FULL+AUG] | INFO | full_experiments_using.model_trainers.mobile_vit_trainer | Ep [059/500] T-Acc:  62.6%  V-Acc:  60.4%  V-AUROC: 0.6495  LR: 1.00e-03
2026-05-24 22:04:50,014 | [FULL+AUG] | INFO | full_experiments_using.model_trainers.mobile_vit_trainer | Ep [060/500] T-Acc:  62.3%  V-Acc:  58.9%  V-AUROC: 0.6547  LR: 1.00e-03
2026-05-24 22:07:00,234 | [FULL+AUG] | INFO | full_experiments_using.model_trainers.mobile_vit_trainer | Ep [061/500] T-Acc:  64.2%  V-Acc:  60.9%  V-AUROC: 0.6527  LR: 1.00e-03
2026-05-24 22:09:09,989 | [FULL+AUG] | INFO | full_experiments_using.model_trainers.mobile_vit_trainer | Ep [062/500] T-Acc:  63.7%  V-Acc:  61.0%  V-AUROC: 0.6498  LR: 2.00e-04
2026-05-24 22:11:19,655 | [FULL+AUG] | INFO | full_experiments_using.model_trainers.mobile_vit_trainer | Ep [063/500] T-Acc:  63.4%  V-Acc:  60.5%  V-AUROC: 0.6512  LR: 2.00e-04
2026-05-24 22:13:28,887 | [FULL+AUG] | INFO | full_experiments_using.model_trainers.mobile_vit_trainer | Ep [064/500] T-Acc:  63.8%  V-Acc:  60.9%  V-AUROC: 0.6494  LR: 2.00e-04
2026-05-24 22:15:39,034 | [FULL+AUG] | INFO | full_experiments_using.model_trainers.mobile_vit_trainer | Ep [065/500] T-Acc:  64.1%  V-Acc:  60.6%  V-AUROC: 0.6511  LR: 2.00e-04
2026-05-24 22:17:48,776 | [FULL+AUG] | INFO | full_experiments_using.model_trainers.mobile_vit_trainer | Ep [066/500] T-Acc:  63.4%  V-Acc:  60.9%  V-AUROC: 0.6488  LR: 2.00e-04
2026-05-24 22:19:58,368 | [FULL+AUG] | INFO | full_experiments_using.model_trainers.mobile_vit_trainer | Ep [067/500] T-Acc:  64.6%  V-Acc:  60.6%  V-AUROC: 0.6492  LR: 2.00e-04
2026-05-24 22:22:08,391 | [FULL+AUG] | INFO | full_experiments_using.model_trainers.mobile_vit_trainer | Ep [068/500] T-Acc:  64.1%  V-Acc:  60.6%  V-AUROC: 0.6486  LR: 2.00e-04
2026-05-24 22:24:17,883 | [FULL+AUG] | INFO | full_experiments_using.model_trainers.mobile_vit_trainer | Ep [069/500] T-Acc:  64.1%  V-Acc:  60.3%  V-AUROC: 0.6525  LR: 2.00e-04
2026-05-24 22:26:26,575 | [FULL+AUG] | INFO | full_experiments_using.model_trainers.mobile_vit_trainer | Ep [070/500] T-Acc:  63.8%  V-Acc:  61.2%  V-AUROC: 0.6529  LR: 2.00e-04
2026-05-24 22:28:36,584 | [FULL+AUG] | INFO | full_experiments_using.model_trainers.mobile_vit_trainer | Ep [071/500] T-Acc:  63.7%  V-Acc:  60.1%  V-AUROC: 0.6530  LR: 2.00e-04
2026-05-24 22:30:46,720 | [FULL+AUG] | INFO | full_experiments_using.model_trainers.mobile_vit_trainer | Ep [072/500] T-Acc:  63.9%  V-Acc:  60.3%  V-AUROC: 0.6514  LR: 2.00e-04
2026-05-24 22:32:56,762 | [FULL+AUG] | INFO | full_experiments_using.model_trainers.mobile_vit_trainer | Ep [073/500] T-Acc:  63.8%  V-Acc:  60.7%  V-AUROC: 0.6537  LR: 4.00e-05
2026-05-24 22:35:05,794 | [FULL+AUG] | INFO | full_experiments_using.model_trainers.mobile_vit_trainer | Ep [074/500] T-Acc:  64.1%  V-Acc:  60.5%  V-AUROC: 0.6515  LR: 4.00e-05
2026-05-24 22:37:14,665 | [FULL+AUG] | INFO | full_experiments_using.model_trainers.mobile_vit_trainer | Ep [075/500] T-Acc:  63.8%  V-Acc:  60.4%  V-AUROC: 0.6527  LR: 4.00e-05
2026-05-24 22:39:24,535 | [FULL+AUG] | INFO | full_experiments_using.model_trainers.mobile_vit_trainer | Ep [076/500] T-Acc:  64.0%  V-Acc:  60.4%  V-AUROC: 0.6523  LR: 4.00e-05
2026-05-24 22:41:34,038 | [FULL+AUG] | INFO | full_experiments_using.model_trainers.mobile_vit_trainer | Ep [077/500] T-Acc:  64.4%  V-Acc:  60.8%  V-AUROC: 0.6523  LR: 4.00e-05
2026-05-24 22:43:42,887 | [FULL+AUG] | INFO | full_experiments_using.model_trainers.mobile_vit_trainer | Ep [078/500] T-Acc:  63.6%  V-Acc:  60.4%  V-AUROC: 0.6537  LR: 4.00e-05
2026-05-24 22:45:52,326 | [FULL+AUG] | INFO | full_experiments_using.model_trainers.mobile_vit_trainer | Ep [079/500] T-Acc:  64.2%  V-Acc:  60.0%  V-AUROC: 0.6506  LR: 4.00e-05
2026-05-24 22:48:01,358 | [FULL+AUG] | INFO | full_experiments_using.model_trainers.mobile_vit_trainer | Ep [080/500] T-Acc:  63.5%  V-Acc:  60.7%  V-AUROC: 0.6539  LR: 4.00e-05
2026-05-24 22:50:10,792 | [FULL+AUG] | INFO | full_experiments_using.model_trainers.mobile_vit_trainer | Ep [081/500] T-Acc:  63.3%  V-Acc:  60.5%  V-AUROC: 0.6529  LR: 4.00e-05
2026-05-24 22:52:20,262 | [FULL+AUG] | INFO | full_experiments_using.model_trainers.mobile_vit_trainer | Ep [082/500] T-Acc:  64.5%  V-Acc:  60.9%  V-AUROC: 0.6537  LR: 4.00e-05
2026-05-24 22:54:29,315 | [FULL+AUG] | INFO | full_experiments_using.model_trainers.mobile_vit_trainer | Ep [083/500] T-Acc:  64.8%  V-Acc:  60.7%  V-AUROC: 0.6528  LR: 4.00e-05
2026-05-24 22:56:38,971 | [FULL+AUG] | INFO | full_experiments_using.model_trainers.mobile_vit_trainer | Ep [084/500] T-Acc:  64.3%  V-Acc:  60.2%  V-AUROC: 0.6496  LR: 8.00e-06
2026-05-24 22:58:48,343 | [FULL+AUG] | INFO | full_experiments_using.model_trainers.mobile_vit_trainer | Ep [085/500] T-Acc:  63.3%  V-Acc:  60.6%  V-AUROC: 0.6522  LR: 8.00e-06
2026-05-24 23:00:58,118 | [FULL+AUG] | INFO | full_experiments_using.model_trainers.mobile_vit_trainer | Ep [086/500] T-Acc:  64.4%  V-Acc:  60.6%  V-AUROC: 0.6512  LR: 8.00e-06
2026-05-24 23:03:08,173 | [FULL+AUG] | INFO | full_experiments_using.model_trainers.mobile_vit_trainer | Ep [087/500] T-Acc:  63.7%  V-Acc:  60.4%  V-AUROC: 0.6514  LR: 8.00e-06
2026-05-24 23:05:17,295 | [FULL+AUG] | INFO | full_experiments_using.model_trainers.mobile_vit_trainer | Ep [088/500] T-Acc:  63.9%  V-Acc:  60.8%  V-AUROC: 0.6530  LR: 8.00e-06
2026-05-24 23:07:26,787 | [FULL+AUG] | INFO | full_experiments_using.model_trainers.mobile_vit_trainer | Ep [089/500] T-Acc:  64.4%  V-Acc:  60.4%  V-AUROC: 0.6508  LR: 8.00e-06
2026-05-24 23:09:35,644 | [FULL+AUG] | INFO | full_experiments_using.model_trainers.mobile_vit_trainer | Ep [090/500] T-Acc:  64.2%  V-Acc:  60.9%  V-AUROC: 0.6533  LR: 8.00e-06
2026-05-24 23:09:35,645 | [FULL+AUG] | INFO | full_experiments_using.model_trainers.mobile_vit_trainer | Early stop — best AUROC 0.6582 at epoch 50 (no improvement for 40 epochs)
2026-05-24 23:09:35,645 | [FULL+AUG] | INFO | full_experiments_using.model_trainers.mobile_vit_trainer | Done. Best AUROC: 0.6582 (epoch 50) → /home/leggo/AIResearch/VOGBasedMCIDetectionSystemMobileViTSingleExperimentInference/outputs/checkpoints/run_20260524_040820_full_aug/fold_09_best.pth
2026-05-24 23:10:10,559 | [FULL+AUG] | INFO | full_experiments_using.evaluators.monte_carlo_evaluator | -> Fold 10 Result | Acc=0.727 Sens=0.750 Spec=0.667 AUROC=0.833
2026-05-24 23:10:10,562 | [FULL+AUG] | INFO | full_experiments_using.evaluators.monte_carlo_evaluator | === Fold 11/30 | train: 25 subj / 3953 windows | test: 12 subj / 1783 windows ===
2026-05-24 23:10:10,807 | [FULL+AUG] | INFO | httpx | HTTP Request: HEAD https://huggingface.co/apple/mobilevit-small/resolve/main/config.json "HTTP/1.1 307 Temporary Redirect"
2026-05-24 23:10:10,822 | [FULL+AUG] | INFO | httpx | HTTP Request: HEAD https://huggingface.co/api/resolve-cache/models/apple/mobilevit-small/6c8612545dc98676d27bc518fa521d9e9af23e34/config.json "HTTP/1.1 200 OK"
2026-05-24 23:10:11,119 | [FULL+AUG] | INFO | httpx | HTTP Request: HEAD https://huggingface.co/apple/mobilevit-small/resolve/main/model.safetensors "HTTP/1.1 404 Not Found"
2026-05-24 23:10:11,332 | [FULL+AUG] | INFO | httpx | HTTP Request: HEAD https://huggingface.co/apple/mobilevit-small/resolve/main/model.safetensors.index.json "HTTP/1.1 404 Not Found"
2026-05-24 23:10:11,565 | [FULL+AUG] | INFO | httpx | HTTP Request: HEAD https://huggingface.co/apple/mobilevit-small/resolve/main/pytorch_model.bin "HTTP/1.1 302 Found"
2026-05-24 23:10:11,789 | [FULL+AUG] | INFO | httpx | HTTP Request: HEAD https://huggingface.co/apple/mobilevit-small/resolve/main/model.safetensors "HTTP/1.1 404 Not Found"
2026-05-24 23:10:12,259 | [FULL+AUG] | INFO | httpx | HTTP Request: GET https://huggingface.co/api/models/apple/mobilevit-small "HTTP/1.1 200 OK"
2026-05-24 23:10:12,491 | [FULL+AUG] | INFO | httpx | HTTP Request: GET https://huggingface.co/api/models/apple/mobilevit-small/commits/main "HTTP/1.1 200 OK"
2026-05-24 23:10:12,713 | [FULL+AUG] | INFO | httpx | HTTP Request: GET https://huggingface.co/api/models/apple/mobilevit-small/discussions?p=0 "HTTP/1.1 200 OK"
2026-05-24 23:10:12,949 | [FULL+AUG] | INFO | httpx | HTTP Request: GET https://huggingface.co/api/models/apple/mobilevit-small/commits/refs%2Fpr%2F6 "HTTP/1.1 200 OK"
2026-05-24 23:10:13,161 | [FULL+AUG] | INFO | httpx | HTTP Request: HEAD https://huggingface.co/apple/mobilevit-small/resolve/refs%2Fpr%2F6/model.safetensors.index.json "HTTP/1.1 404 Not Found"
2026-05-24 23:10:13,385 | [FULL+AUG] | INFO | httpx | HTTP Request: HEAD https://huggingface.co/apple/mobilevit-small/resolve/refs%2Fpr%2F6/model.safetensors "HTTP/1.1 302 Found"
2026-05-24 23:10:14,173 | [FULL+AUG] | INFO | full_experiments_using.model_trainers.mobile_vit_trainer | Device: cuda | max_epochs=500 | batch=32 | es_patience=40
2026-05-24 23:10:14,176 | [FULL+AUG] | INFO | full_experiments_using.model_trainers.mobile_vit_trainer | CE weights — HC: 1.344  MCI: 0.796
2026-05-24 23:12:25,540 | [FULL+AUG] | INFO | full_experiments_using.model_trainers.mobile_vit_trainer | Ep [001/500] T-Acc:  50.0%  V-Acc:  50.8%  V-AUROC: 0.5173  LR: 2.00e-04
2026-05-24 23:12:25,655 | [FULL+AUG] | INFO | full_experiments_using.model_trainers.mobile_vit_trainer |   ↳ new best AUROC; saved checkpoint: /home/leggo/AIResearch/VOGBasedMCIDetectionSystemMobileViTSingleExperimentInference/outputs/checkpoints/run_20260524_040820_full_aug/fold_10_best.pth
2026-05-24 23:14:37,247 | [FULL+AUG] | INFO | full_experiments_using.model_trainers.mobile_vit_trainer | Ep [002/500] T-Acc:  49.3%  V-Acc:  50.6%  V-AUROC: 0.5153  LR: 4.00e-04
2026-05-24 23:16:48,903 | [FULL+AUG] | INFO | full_experiments_using.model_trainers.mobile_vit_trainer | Ep [003/500] T-Acc:  50.8%  V-Acc:  50.4%  V-AUROC: 0.5286  LR: 6.00e-04
2026-05-24 23:16:49,067 | [FULL+AUG] | INFO | full_experiments_using.model_trainers.mobile_vit_trainer |   ↳ new best AUROC; saved checkpoint: /home/leggo/AIResearch/VOGBasedMCIDetectionSystemMobileViTSingleExperimentInference/outputs/checkpoints/run_20260524_040820_full_aug/fold_10_best.pth
2026-05-24 23:19:00,113 | [FULL+AUG] | INFO | full_experiments_using.model_trainers.mobile_vit_trainer | Ep [004/500] T-Acc:  51.1%  V-Acc:  51.7%  V-AUROC: 0.5290  LR: 8.00e-04
2026-05-24 23:19:00,281 | [FULL+AUG] | INFO | full_experiments_using.model_trainers.mobile_vit_trainer |   ↳ new best AUROC; saved checkpoint: /home/leggo/AIResearch/VOGBasedMCIDetectionSystemMobileViTSingleExperimentInference/outputs/checkpoints/run_20260524_040820_full_aug/fold_10_best.pth
2026-05-24 23:21:11,159 | [FULL+AUG] | INFO | full_experiments_using.model_trainers.mobile_vit_trainer | Ep [005/500] T-Acc:  51.2%  V-Acc:  53.0%  V-AUROC: 0.5440  LR: 1.00e-03
2026-05-24 23:21:11,324 | [FULL+AUG] | INFO | full_experiments_using.model_trainers.mobile_vit_trainer |   ↳ new best AUROC; saved checkpoint: /home/leggo/AIResearch/VOGBasedMCIDetectionSystemMobileViTSingleExperimentInference/outputs/checkpoints/run_20260524_040820_full_aug/fold_10_best.pth
2026-05-24 23:23:23,212 | [FULL+AUG] | INFO | full_experiments_using.model_trainers.mobile_vit_trainer | Ep [006/500] T-Acc:  53.4%  V-Acc:  53.0%  V-AUROC: 0.5385  LR: 1.00e-03
2026-05-24 23:25:34,025 | [FULL+AUG] | INFO | full_experiments_using.model_trainers.mobile_vit_trainer | Ep [007/500] T-Acc:  55.4%  V-Acc:  54.2%  V-AUROC: 0.5544  LR: 1.00e-03
2026-05-24 23:25:34,188 | [FULL+AUG] | INFO | full_experiments_using.model_trainers.mobile_vit_trainer |   ↳ new best AUROC; saved checkpoint: /home/leggo/AIResearch/VOGBasedMCIDetectionSystemMobileViTSingleExperimentInference/outputs/checkpoints/run_20260524_040820_full_aug/fold_10_best.pth
2026-05-24 23:27:45,470 | [FULL+AUG] | INFO | full_experiments_using.model_trainers.mobile_vit_trainer | Ep [008/500] T-Acc:  54.5%  V-Acc:  53.6%  V-AUROC: 0.5481  LR: 1.00e-03
2026-05-24 23:29:56,095 | [FULL+AUG] | INFO | full_experiments_using.model_trainers.mobile_vit_trainer | Ep [009/500] T-Acc:  57.1%  V-Acc:  55.0%  V-AUROC: 0.5572  LR: 1.00e-03
2026-05-24 23:29:56,234 | [FULL+AUG] | INFO | full_experiments_using.model_trainers.mobile_vit_trainer |   ↳ new best AUROC; saved checkpoint: /home/leggo/AIResearch/VOGBasedMCIDetectionSystemMobileViTSingleExperimentInference/outputs/checkpoints/run_20260524_040820_full_aug/fold_10_best.pth
2026-05-24 23:32:07,886 | [FULL+AUG] | INFO | full_experiments_using.model_trainers.mobile_vit_trainer | Ep [010/500] T-Acc:  56.9%  V-Acc:  54.5%  V-AUROC: 0.5564  LR: 1.00e-03
2026-05-24 23:34:18,699 | [FULL+AUG] | INFO | full_experiments_using.model_trainers.mobile_vit_trainer | Ep [011/500] T-Acc:  57.9%  V-Acc:  52.9%  V-AUROC: 0.5496  LR: 1.00e-03
2026-05-24 23:36:30,226 | [FULL+AUG] | INFO | full_experiments_using.model_trainers.mobile_vit_trainer | Ep [012/500] T-Acc:  58.9%  V-Acc:  52.7%  V-AUROC: 0.5466  LR: 1.00e-03
2026-05-24 23:38:41,588 | [FULL+AUG] | INFO | full_experiments_using.model_trainers.mobile_vit_trainer | Ep [013/500] T-Acc:  58.6%  V-Acc:  53.9%  V-AUROC: 0.5567  LR: 1.00e-03
2026-05-24 23:40:53,479 | [FULL+AUG] | INFO | full_experiments_using.model_trainers.mobile_vit_trainer | Ep [014/500] T-Acc:  60.0%  V-Acc:  55.9%  V-AUROC: 0.5697  LR: 1.00e-03
2026-05-24 23:40:53,596 | [FULL+AUG] | INFO | full_experiments_using.model_trainers.mobile_vit_trainer |   ↳ new best AUROC; saved checkpoint: /home/leggo/AIResearch/VOGBasedMCIDetectionSystemMobileViTSingleExperimentInference/outputs/checkpoints/run_20260524_040820_full_aug/fold_10_best.pth
2026-05-24 23:43:05,373 | [FULL+AUG] | INFO | full_experiments_using.model_trainers.mobile_vit_trainer | Ep [015/500] T-Acc:  60.7%  V-Acc:  53.4%  V-AUROC: 0.5547  LR: 1.00e-03
2026-05-24 23:45:16,339 | [FULL+AUG] | INFO | full_experiments_using.model_trainers.mobile_vit_trainer | Ep [016/500] T-Acc:  60.8%  V-Acc:  55.7%  V-AUROC: 0.5660  LR: 1.00e-03
2026-05-24 23:47:27,871 | [FULL+AUG] | INFO | full_experiments_using.model_trainers.mobile_vit_trainer | Ep [017/500] T-Acc:  60.5%  V-Acc:  54.4%  V-AUROC: 0.5569  LR: 1.00e-03
2026-05-24 23:49:39,067 | [FULL+AUG] | INFO | full_experiments_using.model_trainers.mobile_vit_trainer | Ep [018/500] T-Acc:  60.9%  V-Acc:  54.5%  V-AUROC: 0.5694  LR: 1.00e-03
2026-05-24 23:51:50,515 | [FULL+AUG] | INFO | full_experiments_using.model_trainers.mobile_vit_trainer | Ep [019/500] T-Acc:  60.5%  V-Acc:  54.6%  V-AUROC: 0.5697  LR: 1.00e-03
2026-05-24 23:54:01,529 | [FULL+AUG] | INFO | full_experiments_using.model_trainers.mobile_vit_trainer | Ep [020/500] T-Acc:  61.8%  V-Acc:  55.8%  V-AUROC: 0.5623  LR: 1.00e-03
2026-05-24 23:56:12,940 | [FULL+AUG] | INFO | full_experiments_using.model_trainers.mobile_vit_trainer | Ep [021/500] T-Acc:  62.1%  V-Acc:  54.3%  V-AUROC: 0.5749  LR: 1.00e-03
2026-05-24 23:56:13,107 | [FULL+AUG] | INFO | full_experiments_using.model_trainers.mobile_vit_trainer |   ↳ new best AUROC; saved checkpoint: /home/leggo/AIResearch/VOGBasedMCIDetectionSystemMobileViTSingleExperimentInference/outputs/checkpoints/run_20260524_040820_full_aug/fold_10_best.pth
2026-05-24 23:58:24,345 | [FULL+AUG] | INFO | full_experiments_using.model_trainers.mobile_vit_trainer | Ep [022/500] T-Acc:  61.6%  V-Acc:  55.1%  V-AUROC: 0.5697  LR: 1.00e-03
2026-05-25 00:00:35,532 | [FULL+AUG] | INFO | full_experiments_using.model_trainers.mobile_vit_trainer | Ep [023/500] T-Acc:  61.0%  V-Acc:  54.9%  V-AUROC: 0.5711  LR: 1.00e-03
2026-05-25 00:02:46,437 | [FULL+AUG] | INFO | full_experiments_using.model_trainers.mobile_vit_trainer | Ep [024/500] T-Acc:  61.4%  V-Acc:  55.2%  V-AUROC: 0.5745  LR: 1.00e-03
2026-05-25 00:04:56,930 | [FULL+AUG] | INFO | full_experiments_using.model_trainers.mobile_vit_trainer | Ep [025/500] T-Acc:  62.0%  V-Acc:  54.8%  V-AUROC: 0.5657  LR: 1.00e-03
2026-05-25 00:07:07,978 | [FULL+AUG] | INFO | full_experiments_using.model_trainers.mobile_vit_trainer | Ep [026/500] T-Acc:  61.4%  V-Acc:  55.2%  V-AUROC: 0.5671  LR: 1.00e-03
2026-05-25 00:09:19,334 | [FULL+AUG] | INFO | full_experiments_using.model_trainers.mobile_vit_trainer | Ep [027/500] T-Acc:  62.0%  V-Acc:  55.5%  V-AUROC: 0.5854  LR: 1.00e-03
2026-05-25 00:09:19,498 | [FULL+AUG] | INFO | full_experiments_using.model_trainers.mobile_vit_trainer |   ↳ new best AUROC; saved checkpoint: /home/leggo/AIResearch/VOGBasedMCIDetectionSystemMobileViTSingleExperimentInference/outputs/checkpoints/run_20260524_040820_full_aug/fold_10_best.pth
2026-05-25 00:11:30,548 | [FULL+AUG] | INFO | full_experiments_using.model_trainers.mobile_vit_trainer | Ep [028/500] T-Acc:  61.7%  V-Acc:  55.7%  V-AUROC: 0.5778  LR: 1.00e-03
2026-05-25 00:13:41,452 | [FULL+AUG] | INFO | full_experiments_using.model_trainers.mobile_vit_trainer | Ep [029/500] T-Acc:  62.7%  V-Acc:  55.6%  V-AUROC: 0.5793  LR: 1.00e-03
2026-05-25 00:15:52,323 | [FULL+AUG] | INFO | full_experiments_using.model_trainers.mobile_vit_trainer | Ep [030/500] T-Acc:  61.9%  V-Acc:  55.2%  V-AUROC: 0.5689  LR: 1.00e-03
2026-05-25 00:18:04,505 | [FULL+AUG] | INFO | full_experiments_using.model_trainers.mobile_vit_trainer | Ep [031/500] T-Acc:  63.0%  V-Acc:  56.1%  V-AUROC: 0.5738  LR: 1.00e-03
2026-05-25 00:20:16,338 | [FULL+AUG] | INFO | full_experiments_using.model_trainers.mobile_vit_trainer | Ep [032/500] T-Acc:  62.9%  V-Acc:  56.2%  V-AUROC: 0.5718  LR: 1.00e-03
2026-05-25 00:22:27,072 | [FULL+AUG] | INFO | full_experiments_using.model_trainers.mobile_vit_trainer | Ep [033/500] T-Acc:  63.0%  V-Acc:  55.9%  V-AUROC: 0.5834  LR: 1.00e-03
2026-05-25 00:24:38,090 | [FULL+AUG] | INFO | full_experiments_using.model_trainers.mobile_vit_trainer | Ep [034/500] T-Acc:  62.8%  V-Acc:  54.2%  V-AUROC: 0.5601  LR: 1.00e-03
2026-05-25 00:26:49,819 | [FULL+AUG] | INFO | full_experiments_using.model_trainers.mobile_vit_trainer | Ep [035/500] T-Acc:  61.9%  V-Acc:  55.6%  V-AUROC: 0.5725  LR: 1.00e-03
2026-05-25 00:29:01,589 | [FULL+AUG] | INFO | full_experiments_using.model_trainers.mobile_vit_trainer | Ep [036/500] T-Acc:  63.6%  V-Acc:  55.8%  V-AUROC: 0.5740  LR: 1.00e-03
2026-05-25 00:31:13,097 | [FULL+AUG] | INFO | full_experiments_using.model_trainers.mobile_vit_trainer | Ep [037/500] T-Acc:  63.2%  V-Acc:  57.2%  V-AUROC: 0.5889  LR: 1.00e-03
2026-05-25 00:31:13,249 | [FULL+AUG] | INFO | full_experiments_using.model_trainers.mobile_vit_trainer |   ↳ new best AUROC; saved checkpoint: /home/leggo/AIResearch/VOGBasedMCIDetectionSystemMobileViTSingleExperimentInference/outputs/checkpoints/run_20260524_040820_full_aug/fold_10_best.pth
2026-05-25 00:33:24,071 | [FULL+AUG] | INFO | full_experiments_using.model_trainers.mobile_vit_trainer | Ep [038/500] T-Acc:  63.1%  V-Acc:  56.1%  V-AUROC: 0.5834  LR: 1.00e-03
2026-05-25 00:35:35,981 | [FULL+AUG] | INFO | full_experiments_using.model_trainers.mobile_vit_trainer | Ep [039/500] T-Acc:  63.2%  V-Acc:  55.8%  V-AUROC: 0.5911  LR: 1.00e-03
2026-05-25 00:35:36,132 | [FULL+AUG] | INFO | full_experiments_using.model_trainers.mobile_vit_trainer |   ↳ new best AUROC; saved checkpoint: /home/leggo/AIResearch/VOGBasedMCIDetectionSystemMobileViTSingleExperimentInference/outputs/checkpoints/run_20260524_040820_full_aug/fold_10_best.pth
2026-05-25 00:37:46,811 | [FULL+AUG] | INFO | full_experiments_using.model_trainers.mobile_vit_trainer | Ep [040/500] T-Acc:  63.4%  V-Acc:  56.0%  V-AUROC: 0.5802  LR: 1.00e-03
2026-05-25 00:39:57,814 | [FULL+AUG] | INFO | full_experiments_using.model_trainers.mobile_vit_trainer | Ep [041/500] T-Acc:  63.6%  V-Acc:  55.6%  V-AUROC: 0.5736  LR: 1.00e-03
2026-05-25 00:42:09,076 | [FULL+AUG] | INFO | full_experiments_using.model_trainers.mobile_vit_trainer | Ep [042/500] T-Acc:  62.7%  V-Acc:  56.1%  V-AUROC: 0.5804  LR: 1.00e-03
2026-05-25 00:44:20,097 | [FULL+AUG] | INFO | full_experiments_using.model_trainers.mobile_vit_trainer | Ep [043/500] T-Acc:  64.4%  V-Acc:  55.9%  V-AUROC: 0.5764  LR: 1.00e-03
2026-05-25 00:46:30,996 | [FULL+AUG] | INFO | full_experiments_using.model_trainers.mobile_vit_trainer | Ep [044/500] T-Acc:  63.9%  V-Acc:  55.7%  V-AUROC: 0.5890  LR: 1.00e-03
2026-05-25 00:48:41,917 | [FULL+AUG] | INFO | full_experiments_using.model_trainers.mobile_vit_trainer | Ep [045/500] T-Acc:  63.5%  V-Acc:  56.1%  V-AUROC: 0.5849  LR: 1.00e-03
2026-05-25 00:50:52,680 | [FULL+AUG] | INFO | full_experiments_using.model_trainers.mobile_vit_trainer | Ep [046/500] T-Acc:  63.6%  V-Acc:  58.2%  V-AUROC: 0.5894  LR: 1.00e-03
2026-05-25 00:53:03,658 | [FULL+AUG] | INFO | full_experiments_using.model_trainers.mobile_vit_trainer | Ep [047/500] T-Acc:  63.8%  V-Acc:  55.2%  V-AUROC: 0.5790  LR: 1.00e-03
2026-05-25 00:55:14,488 | [FULL+AUG] | INFO | full_experiments_using.model_trainers.mobile_vit_trainer | Ep [048/500] T-Acc:  64.6%  V-Acc:  57.4%  V-AUROC: 0.5968  LR: 1.00e-03
2026-05-25 00:55:14,656 | [FULL+AUG] | INFO | full_experiments_using.model_trainers.mobile_vit_trainer |   ↳ new best AUROC; saved checkpoint: /home/leggo/AIResearch/VOGBasedMCIDetectionSystemMobileViTSingleExperimentInference/outputs/checkpoints/run_20260524_040820_full_aug/fold_10_best.pth
2026-05-25 00:57:25,807 | [FULL+AUG] | INFO | full_experiments_using.model_trainers.mobile_vit_trainer | Ep [049/500] T-Acc:  64.3%  V-Acc:  56.3%  V-AUROC: 0.5830  LR: 1.00e-03
2026-05-25 00:59:36,524 | [FULL+AUG] | INFO | full_experiments_using.model_trainers.mobile_vit_trainer | Ep [050/500] T-Acc:  63.7%  V-Acc:  55.1%  V-AUROC: 0.5673  LR: 1.00e-03
2026-05-25 01:01:47,907 | [FULL+AUG] | INFO | full_experiments_using.model_trainers.mobile_vit_trainer | Ep [051/500] T-Acc:  63.6%  V-Acc:  57.2%  V-AUROC: 0.5901  LR: 1.00e-03
2026-05-25 01:03:58,974 | [FULL+AUG] | INFO | full_experiments_using.model_trainers.mobile_vit_trainer | Ep [052/500] T-Acc:  64.5%  V-Acc:  56.7%  V-AUROC: 0.5863  LR: 1.00e-03
2026-05-25 01:06:09,837 | [FULL+AUG] | INFO | full_experiments_using.model_trainers.mobile_vit_trainer | Ep [053/500] T-Acc:  64.1%  V-Acc:  55.2%  V-AUROC: 0.5686  LR: 1.00e-03
2026-05-25 01:08:20,977 | [FULL+AUG] | INFO | full_experiments_using.model_trainers.mobile_vit_trainer | Ep [054/500] T-Acc:  63.4%  V-Acc:  53.6%  V-AUROC: 0.5679  LR: 1.00e-03
2026-05-25 01:10:31,761 | [FULL+AUG] | INFO | full_experiments_using.model_trainers.mobile_vit_trainer | Ep [055/500] T-Acc:  63.5%  V-Acc:  55.0%  V-AUROC: 0.5795  LR: 1.00e-03
2026-05-25 01:12:42,696 | [FULL+AUG] | INFO | full_experiments_using.model_trainers.mobile_vit_trainer | Ep [056/500] T-Acc:  64.3%  V-Acc:  54.6%  V-AUROC: 0.5652  LR: 1.00e-03
2026-05-25 01:14:53,723 | [FULL+AUG] | INFO | full_experiments_using.model_trainers.mobile_vit_trainer | Ep [057/500] T-Acc:  64.4%  V-Acc:  55.1%  V-AUROC: 0.5803  LR: 1.00e-03
2026-05-25 01:17:04,941 | [FULL+AUG] | INFO | full_experiments_using.model_trainers.mobile_vit_trainer | Ep [058/500] T-Acc:  64.5%  V-Acc:  55.1%  V-AUROC: 0.5676  LR: 1.00e-03
2026-05-25 01:19:15,676 | [FULL+AUG] | INFO | full_experiments_using.model_trainers.mobile_vit_trainer | Ep [059/500] T-Acc:  64.7%  V-Acc:  56.1%  V-AUROC: 0.5910  LR: 1.00e-03
2026-05-25 01:21:27,060 | [FULL+AUG] | INFO | full_experiments_using.model_trainers.mobile_vit_trainer | Ep [060/500] T-Acc:  64.7%  V-Acc:  56.6%  V-AUROC: 0.5887  LR: 2.00e-04
2026-05-25 01:23:36,988 | [FULL+AUG] | INFO | full_experiments_using.model_trainers.mobile_vit_trainer | Ep [061/500] T-Acc:  65.4%  V-Acc:  56.1%  V-AUROC: 0.5885  LR: 2.00e-04
2026-05-25 01:25:49,126 | [FULL+AUG] | INFO | full_experiments_using.model_trainers.mobile_vit_trainer | Ep [062/500] T-Acc:  65.7%  V-Acc:  56.2%  V-AUROC: 0.5860  LR: 2.00e-04
2026-05-25 01:28:01,093 | [FULL+AUG] | INFO | full_experiments_using.model_trainers.mobile_vit_trainer | Ep [063/500] T-Acc:  64.1%  V-Acc:  56.6%  V-AUROC: 0.5890  LR: 2.00e-04
2026-05-25 01:30:12,572 | [FULL+AUG] | INFO | full_experiments_using.model_trainers.mobile_vit_trainer | Ep [064/500] T-Acc:  65.9%  V-Acc:  56.8%  V-AUROC: 0.5881  LR: 2.00e-04
2026-05-25 01:32:24,360 | [FULL+AUG] | INFO | full_experiments_using.model_trainers.mobile_vit_trainer | Ep [065/500] T-Acc:  64.1%  V-Acc:  57.0%  V-AUROC: 0.5890  LR: 2.00e-04
2026-05-25 01:34:35,155 | [FULL+AUG] | INFO | full_experiments_using.model_trainers.mobile_vit_trainer | Ep [066/500] T-Acc:  63.6%  V-Acc:  56.5%  V-AUROC: 0.5878  LR: 2.00e-04
2026-05-25 01:36:46,573 | [FULL+AUG] | INFO | full_experiments_using.model_trainers.mobile_vit_trainer | Ep [067/500] T-Acc:  65.2%  V-Acc:  56.3%  V-AUROC: 0.5888  LR: 2.00e-04
2026-05-25 01:38:58,098 | [FULL+AUG] | INFO | full_experiments_using.model_trainers.mobile_vit_trainer | Ep [068/500] T-Acc:  65.7%  V-Acc:  56.3%  V-AUROC: 0.5889  LR: 2.00e-04
2026-05-25 01:41:09,443 | [FULL+AUG] | INFO | full_experiments_using.model_trainers.mobile_vit_trainer | Ep [069/500] T-Acc:  64.2%  V-Acc:  56.0%  V-AUROC: 0.5935  LR: 2.00e-04
2026-05-25 01:43:21,181 | [FULL+AUG] | INFO | full_experiments_using.model_trainers.mobile_vit_trainer | Ep [070/500] T-Acc:  65.5%  V-Acc:  55.6%  V-AUROC: 0.5846  LR: 2.00e-04
2026-05-25 01:45:32,825 | [FULL+AUG] | INFO | full_experiments_using.model_trainers.mobile_vit_trainer | Ep [071/500] T-Acc:  65.1%  V-Acc:  56.1%  V-AUROC: 0.5884  LR: 4.00e-05
2026-05-25 01:47:44,341 | [FULL+AUG] | INFO | full_experiments_using.model_trainers.mobile_vit_trainer | Ep [072/500] T-Acc:  65.0%  V-Acc:  56.1%  V-AUROC: 0.5838  LR: 4.00e-05
2026-05-25 01:49:55,583 | [FULL+AUG] | INFO | full_experiments_using.model_trainers.mobile_vit_trainer | Ep [073/500] T-Acc:  65.1%  V-Acc:  56.3%  V-AUROC: 0.5859  LR: 4.00e-05
2026-05-25 01:52:07,266 | [FULL+AUG] | INFO | full_experiments_using.model_trainers.mobile_vit_trainer | Ep [074/500] T-Acc:  65.3%  V-Acc:  55.6%  V-AUROC: 0.5849  LR: 4.00e-05
2026-05-25 01:54:18,823 | [FULL+AUG] | INFO | full_experiments_using.model_trainers.mobile_vit_trainer | Ep [075/500] T-Acc:  64.3%  V-Acc:  56.4%  V-AUROC: 0.5871  LR: 4.00e-05
2026-05-25 01:56:29,912 | [FULL+AUG] | INFO | full_experiments_using.model_trainers.mobile_vit_trainer | Ep [076/500] T-Acc:  64.4%  V-Acc:  56.5%  V-AUROC: 0.5870  LR: 4.00e-05
2026-05-25 01:58:41,442 | [FULL+AUG] | INFO | full_experiments_using.model_trainers.mobile_vit_trainer | Ep [077/500] T-Acc:  65.0%  V-Acc:  56.0%  V-AUROC: 0.5850  LR: 4.00e-05
2026-05-25 02:00:52,952 | [FULL+AUG] | INFO | full_experiments_using.model_trainers.mobile_vit_trainer | Ep [078/500] T-Acc:  64.7%  V-Acc:  56.1%  V-AUROC: 0.5860  LR: 4.00e-05
2026-05-25 02:03:04,353 | [FULL+AUG] | INFO | full_experiments_using.model_trainers.mobile_vit_trainer | Ep [079/500] T-Acc:  64.6%  V-Acc:  56.7%  V-AUROC: 0.5861  LR: 4.00e-05
2026-05-25 02:05:15,631 | [FULL+AUG] | INFO | full_experiments_using.model_trainers.mobile_vit_trainer | Ep [080/500] T-Acc:  65.1%  V-Acc:  56.5%  V-AUROC: 0.5849  LR: 4.00e-05
2026-05-25 02:07:27,092 | [FULL+AUG] | INFO | full_experiments_using.model_trainers.mobile_vit_trainer | Ep [081/500] T-Acc:  65.6%  V-Acc:  56.8%  V-AUROC: 0.5832  LR: 4.00e-05
2026-05-25 02:09:38,996 | [FULL+AUG] | INFO | full_experiments_using.model_trainers.mobile_vit_trainer | Ep [082/500] T-Acc:  65.0%  V-Acc:  55.7%  V-AUROC: 0.5825  LR: 8.00e-06
2026-05-25 02:11:49,940 | [FULL+AUG] | INFO | full_experiments_using.model_trainers.mobile_vit_trainer | Ep [083/500] T-Acc:  66.1%  V-Acc:  56.8%  V-AUROC: 0.5854  LR: 8.00e-06
2026-05-25 02:14:01,331 | [FULL+AUG] | INFO | full_experiments_using.model_trainers.mobile_vit_trainer | Ep [084/500] T-Acc:  65.2%  V-Acc:  56.0%  V-AUROC: 0.5844  LR: 8.00e-06
2026-05-25 02:16:12,820 | [FULL+AUG] | INFO | full_experiments_using.model_trainers.mobile_vit_trainer | Ep [085/500] T-Acc:  65.1%  V-Acc:  56.8%  V-AUROC: 0.5836  LR: 8.00e-06
2026-05-25 02:18:23,587 | [FULL+AUG] | INFO | full_experiments_using.model_trainers.mobile_vit_trainer | Ep [086/500] T-Acc:  65.7%  V-Acc:  56.5%  V-AUROC: 0.5855  LR: 8.00e-06
2026-05-25 02:20:35,257 | [FULL+AUG] | INFO | full_experiments_using.model_trainers.mobile_vit_trainer | Ep [087/500] T-Acc:  66.1%  V-Acc:  55.9%  V-AUROC: 0.5854  LR: 8.00e-06
2026-05-25 02:22:46,478 | [FULL+AUG] | INFO | full_experiments_using.model_trainers.mobile_vit_trainer | Ep [088/500] T-Acc:  65.5%  V-Acc:  56.0%  V-AUROC: 0.5854  LR: 8.00e-06
2026-05-25 02:22:46,478 | [FULL+AUG] | INFO | full_experiments_using.model_trainers.mobile_vit_trainer | Early stop — best AUROC 0.5968 at epoch 48 (no improvement for 40 epochs)
2026-05-25 02:22:46,479 | [FULL+AUG] | INFO | full_experiments_using.model_trainers.mobile_vit_trainer | Done. Best AUROC: 0.5968 (epoch 48) → /home/leggo/AIResearch/VOGBasedMCIDetectionSystemMobileViTSingleExperimentInference/outputs/checkpoints/run_20260524_040820_full_aug/fold_10_best.pth
2026-05-25 02:23:18,611 | [FULL+AUG] | INFO | full_experiments_using.evaluators.monte_carlo_evaluator | -> Fold 11 Result | Acc=0.600 Sens=0.600 Spec=0.600 AUROC=0.560
2026-05-25 02:23:18,615 | [FULL+AUG] | INFO | full_experiments_using.evaluators.monte_carlo_evaluator | === Fold 12/30 | train: 25 subj / 3843 windows | test: 12 subj / 1893 windows ===
2026-05-25 02:23:19,006 | [FULL+AUG] | INFO | httpx | HTTP Request: HEAD https://huggingface.co/apple/mobilevit-small/resolve/main/config.json "HTTP/1.1 307 Temporary Redirect"
2026-05-25 02:23:19,022 | [FULL+AUG] | INFO | httpx | HTTP Request: HEAD https://huggingface.co/api/resolve-cache/models/apple/mobilevit-small/6c8612545dc98676d27bc518fa521d9e9af23e34/config.json "HTTP/1.1 200 OK"
2026-05-25 02:23:19,292 | [FULL+AUG] | INFO | httpx | HTTP Request: HEAD https://huggingface.co/apple/mobilevit-small/resolve/main/model.safetensors "HTTP/1.1 404 Not Found"
2026-05-25 02:23:19,502 | [FULL+AUG] | INFO | httpx | HTTP Request: HEAD https://huggingface.co/apple/mobilevit-small/resolve/main/model.safetensors.index.json "HTTP/1.1 404 Not Found"
2026-05-25 02:23:19,718 | [FULL+AUG] | INFO | httpx | HTTP Request: HEAD https://huggingface.co/apple/mobilevit-small/resolve/main/pytorch_model.bin "HTTP/1.1 302 Found"
2026-05-25 02:23:19,950 | [FULL+AUG] | INFO | httpx | HTTP Request: HEAD https://huggingface.co/apple/mobilevit-small/resolve/main/model.safetensors "HTTP/1.1 404 Not Found"
2026-05-25 02:23:20,170 | [FULL+AUG] | INFO | httpx | HTTP Request: GET https://huggingface.co/api/models/apple/mobilevit-small "HTTP/1.1 200 OK"
2026-05-25 02:23:20,407 | [FULL+AUG] | INFO | httpx | HTTP Request: GET https://huggingface.co/api/models/apple/mobilevit-small/commits/main "HTTP/1.1 200 OK"
2026-05-25 02:23:20,634 | [FULL+AUG] | INFO | httpx | HTTP Request: GET https://huggingface.co/api/models/apple/mobilevit-small/discussions?p=0 "HTTP/1.1 200 OK"
2026-05-25 02:23:20,859 | [FULL+AUG] | INFO | httpx | HTTP Request: GET https://huggingface.co/api/models/apple/mobilevit-small/commits/refs%2Fpr%2F6 "HTTP/1.1 200 OK"
2026-05-25 02:23:21,076 | [FULL+AUG] | INFO | httpx | HTTP Request: HEAD https://huggingface.co/apple/mobilevit-small/resolve/refs%2Fpr%2F6/model.safetensors.index.json "HTTP/1.1 404 Not Found"
2026-05-25 02:23:21,297 | [FULL+AUG] | INFO | httpx | HTTP Request: HEAD https://huggingface.co/apple/mobilevit-small/resolve/refs%2Fpr%2F6/model.safetensors "HTTP/1.1 302 Found"
2026-05-25 02:23:22,196 | [FULL+AUG] | INFO | full_experiments_using.model_trainers.mobile_vit_trainer | Device: cuda | max_epochs=500 | batch=32 | es_patience=40
2026-05-25 02:23:22,198 | [FULL+AUG] | INFO | full_experiments_using.model_trainers.mobile_vit_trainer | CE weights — HC: 1.210  MCI: 0.852
2026-05-25 02:25:31,661 | [FULL+AUG] | INFO | full_experiments_using.model_trainers.mobile_vit_trainer | Ep [001/500] T-Acc:  45.1%  V-Acc:  50.1%  V-AUROC: 0.5326  LR: 2.00e-04
2026-05-25 02:25:31,759 | [FULL+AUG] | INFO | full_experiments_using.model_trainers.mobile_vit_trainer |   ↳ new best AUROC; saved checkpoint: /home/leggo/AIResearch/VOGBasedMCIDetectionSystemMobileViTSingleExperimentInference/outputs/checkpoints/run_20260524_040820_full_aug/fold_11_best.pth
2026-05-25 02:27:41,646 | [FULL+AUG] | INFO | full_experiments_using.model_trainers.mobile_vit_trainer | Ep [002/500] T-Acc:  45.9%  V-Acc:  50.7%  V-AUROC: 0.5292  LR: 4.00e-04
2026-05-25 02:29:50,481 | [FULL+AUG] | INFO | full_experiments_using.model_trainers.mobile_vit_trainer | Ep [003/500] T-Acc:  48.2%  V-Acc:  50.6%  V-AUROC: 0.5277  LR: 6.00e-04
2026-05-25 02:31:59,494 | [FULL+AUG] | INFO | full_experiments_using.model_trainers.mobile_vit_trainer | Ep [004/500] T-Acc:  48.8%  V-Acc:  53.5%  V-AUROC: 0.5572  LR: 8.00e-04
2026-05-25 02:31:59,627 | [FULL+AUG] | INFO | full_experiments_using.model_trainers.mobile_vit_trainer |   ↳ new best AUROC; saved checkpoint: /home/leggo/AIResearch/VOGBasedMCIDetectionSystemMobileViTSingleExperimentInference/outputs/checkpoints/run_20260524_040820_full_aug/fold_11_best.pth
2026-05-25 02:34:09,106 | [FULL+AUG] | INFO | full_experiments_using.model_trainers.mobile_vit_trainer | Ep [005/500] T-Acc:  50.0%  V-Acc:  52.2%  V-AUROC: 0.5300  LR: 1.00e-03
2026-05-25 02:36:18,105 | [FULL+AUG] | INFO | full_experiments_using.model_trainers.mobile_vit_trainer | Ep [006/500] T-Acc:  52.4%  V-Acc:  52.8%  V-AUROC: 0.5470  LR: 1.00e-03
2026-05-25 02:38:27,368 | [FULL+AUG] | INFO | full_experiments_using.model_trainers.mobile_vit_trainer | Ep [007/500] T-Acc:  52.4%  V-Acc:  56.4%  V-AUROC: 0.5806  LR: 1.00e-03
2026-05-25 02:38:27,500 | [FULL+AUG] | INFO | full_experiments_using.model_trainers.mobile_vit_trainer |   ↳ new best AUROC; saved checkpoint: /home/leggo/AIResearch/VOGBasedMCIDetectionSystemMobileViTSingleExperimentInference/outputs/checkpoints/run_20260524_040820_full_aug/fold_11_best.pth
2026-05-25 02:40:36,695 | [FULL+AUG] | INFO | full_experiments_using.model_trainers.mobile_vit_trainer | Ep [008/500] T-Acc:  52.4%  V-Acc:  54.7%  V-AUROC: 0.5545  LR: 1.00e-03
2026-05-25 02:42:46,127 | [FULL+AUG] | INFO | full_experiments_using.model_trainers.mobile_vit_trainer | Ep [009/500] T-Acc:  52.8%  V-Acc:  56.3%  V-AUROC: 0.5820  LR: 1.00e-03
2026-05-25 02:42:46,252 | [FULL+AUG] | INFO | full_experiments_using.model_trainers.mobile_vit_trainer |   ↳ new best AUROC; saved checkpoint: /home/leggo/AIResearch/VOGBasedMCIDetectionSystemMobileViTSingleExperimentInference/outputs/checkpoints/run_20260524_040820_full_aug/fold_11_best.pth
2026-05-25 02:44:55,520 | [FULL+AUG] | INFO | full_experiments_using.model_trainers.mobile_vit_trainer | Ep [010/500] T-Acc:  53.0%  V-Acc:  56.6%  V-AUROC: 0.5876  LR: 1.00e-03
2026-05-25 02:44:55,635 | [FULL+AUG] | INFO | full_experiments_using.model_trainers.mobile_vit_trainer |   ↳ new best AUROC; saved checkpoint: /home/leggo/AIResearch/VOGBasedMCIDetectionSystemMobileViTSingleExperimentInference/outputs/checkpoints/run_20260524_040820_full_aug/fold_11_best.pth
2026-05-25 02:47:05,359 | [FULL+AUG] | INFO | full_experiments_using.model_trainers.mobile_vit_trainer | Ep [011/500] T-Acc:  53.8%  V-Acc:  54.9%  V-AUROC: 0.5625  LR: 1.00e-03
2026-05-25 02:49:15,506 | [FULL+AUG] | INFO | full_experiments_using.model_trainers.mobile_vit_trainer | Ep [012/500] T-Acc:  55.2%  V-Acc:  55.9%  V-AUROC: 0.5903  LR: 1.00e-03
2026-05-25 02:49:15,654 | [FULL+AUG] | INFO | full_experiments_using.model_trainers.mobile_vit_trainer |   ↳ new best AUROC; saved checkpoint: /home/leggo/AIResearch/VOGBasedMCIDetectionSystemMobileViTSingleExperimentInference/outputs/checkpoints/run_20260524_040820_full_aug/fold_11_best.pth
2026-05-25 02:51:25,560 | [FULL+AUG] | INFO | full_experiments_using.model_trainers.mobile_vit_trainer | Ep [013/500] T-Acc:  55.3%  V-Acc:  55.7%  V-AUROC: 0.5830  LR: 1.00e-03
2026-05-25 02:53:35,298 | [FULL+AUG] | INFO | full_experiments_using.model_trainers.mobile_vit_trainer | Ep [014/500] T-Acc:  54.9%  V-Acc:  55.2%  V-AUROC: 0.5875  LR: 1.00e-03
2026-05-25 02:55:44,746 | [FULL+AUG] | INFO | full_experiments_using.model_trainers.mobile_vit_trainer | Ep [015/500] T-Acc:  55.2%  V-Acc:  55.2%  V-AUROC: 0.5902  LR: 1.00e-03
2026-05-25 02:57:54,050 | [FULL+AUG] | INFO | full_experiments_using.model_trainers.mobile_vit_trainer | Ep [016/500] T-Acc:  56.2%  V-Acc:  56.8%  V-AUROC: 0.6038  LR: 1.00e-03
2026-05-25 02:57:54,191 | [FULL+AUG] | INFO | full_experiments_using.model_trainers.mobile_vit_trainer |   ↳ new best AUROC; saved checkpoint: /home/leggo/AIResearch/VOGBasedMCIDetectionSystemMobileViTSingleExperimentInference/outputs/checkpoints/run_20260524_040820_full_aug/fold_11_best.pth
2026-05-25 03:00:03,235 | [FULL+AUG] | INFO | full_experiments_using.model_trainers.mobile_vit_trainer | Ep [017/500] T-Acc:  56.2%  V-Acc:  55.6%  V-AUROC: 0.5900  LR: 1.00e-03
2026-05-25 03:02:12,408 | [FULL+AUG] | INFO | full_experiments_using.model_trainers.mobile_vit_trainer | Ep [018/500] T-Acc:  57.3%  V-Acc:  56.9%  V-AUROC: 0.6005  LR: 1.00e-03
2026-05-25 03:04:21,568 | [FULL+AUG] | INFO | full_experiments_using.model_trainers.mobile_vit_trainer | Ep [019/500] T-Acc:  57.5%  V-Acc:  57.1%  V-AUROC: 0.6051  LR: 1.00e-03
2026-05-25 03:04:21,691 | [FULL+AUG] | INFO | full_experiments_using.model_trainers.mobile_vit_trainer |   ↳ new best AUROC; saved checkpoint: /home/leggo/AIResearch/VOGBasedMCIDetectionSystemMobileViTSingleExperimentInference/outputs/checkpoints/run_20260524_040820_full_aug/fold_11_best.pth
2026-05-25 03:06:31,817 | [FULL+AUG] | INFO | full_experiments_using.model_trainers.mobile_vit_trainer | Ep [020/500] T-Acc:  57.1%  V-Acc:  55.7%  V-AUROC: 0.5828  LR: 1.00e-03
2026-05-25 03:08:42,293 | [FULL+AUG] | INFO | full_experiments_using.model_trainers.mobile_vit_trainer | Ep [021/500] T-Acc:  59.5%  V-Acc:  55.0%  V-AUROC: 0.5869  LR: 1.00e-03
2026-05-25 03:10:52,499 | [FULL+AUG] | INFO | full_experiments_using.model_trainers.mobile_vit_trainer | Ep [022/500] T-Acc:  58.2%  V-Acc:  55.9%  V-AUROC: 0.5948  LR: 1.00e-03
2026-05-25 03:13:01,682 | [FULL+AUG] | INFO | full_experiments_using.model_trainers.mobile_vit_trainer | Ep [023/500] T-Acc:  57.8%  V-Acc:  55.7%  V-AUROC: 0.5864  LR: 1.00e-03
2026-05-25 03:15:10,867 | [FULL+AUG] | INFO | full_experiments_using.model_trainers.mobile_vit_trainer | Ep [024/500] T-Acc:  57.9%  V-Acc:  56.6%  V-AUROC: 0.6020  LR: 1.00e-03
2026-05-25 03:17:19,985 | [FULL+AUG] | INFO | full_experiments_using.model_trainers.mobile_vit_trainer | Ep [025/500] T-Acc:  58.2%  V-Acc:  55.9%  V-AUROC: 0.5924  LR: 1.00e-03
2026-05-25 03:19:29,068 | [FULL+AUG] | INFO | full_experiments_using.model_trainers.mobile_vit_trainer | Ep [026/500] T-Acc:  58.4%  V-Acc:  55.7%  V-AUROC: 0.5913  LR: 1.00e-03
2026-05-25 03:21:38,446 | [FULL+AUG] | INFO | full_experiments_using.model_trainers.mobile_vit_trainer | Ep [027/500] T-Acc:  58.8%  V-Acc:  55.7%  V-AUROC: 0.5950  LR: 1.00e-03
2026-05-25 03:23:47,634 | [FULL+AUG] | INFO | full_experiments_using.model_trainers.mobile_vit_trainer | Ep [028/500] T-Acc:  59.4%  V-Acc:  55.9%  V-AUROC: 0.5931  LR: 1.00e-03
2026-05-25 03:25:56,723 | [FULL+AUG] | INFO | full_experiments_using.model_trainers.mobile_vit_trainer | Ep [029/500] T-Acc:  60.1%  V-Acc:  55.5%  V-AUROC: 0.5948  LR: 1.00e-03
2026-05-25 03:28:05,944 | [FULL+AUG] | INFO | full_experiments_using.model_trainers.mobile_vit_trainer | Ep [030/500] T-Acc:  59.3%  V-Acc:  55.5%  V-AUROC: 0.5926  LR: 1.00e-03
2026-05-25 03:30:14,691 | [FULL+AUG] | INFO | full_experiments_using.model_trainers.mobile_vit_trainer | Ep [031/500] T-Acc:  58.9%  V-Acc:  56.2%  V-AUROC: 0.5929  LR: 2.00e-04
2026-05-25 03:32:24,690 | [FULL+AUG] | INFO | full_experiments_using.model_trainers.mobile_vit_trainer | Ep [032/500] T-Acc:  60.4%  V-Acc:  56.2%  V-AUROC: 0.5945  LR: 2.00e-04
2026-05-25 03:34:33,964 | [FULL+AUG] | INFO | full_experiments_using.model_trainers.mobile_vit_trainer | Ep [033/500] T-Acc:  59.9%  V-Acc:  56.1%  V-AUROC: 0.5946  LR: 2.00e-04
2026-05-25 03:36:43,941 | [FULL+AUG] | INFO | full_experiments_using.model_trainers.mobile_vit_trainer | Ep [034/500] T-Acc:  60.0%  V-Acc:  56.1%  V-AUROC: 0.5960  LR: 2.00e-04
2026-05-25 03:38:53,163 | [FULL+AUG] | INFO | full_experiments_using.model_trainers.mobile_vit_trainer | Ep [035/500] T-Acc:  59.3%  V-Acc:  56.2%  V-AUROC: 0.5943  LR: 2.00e-04
2026-05-25 03:41:03,108 | [FULL+AUG] | INFO | full_experiments_using.model_trainers.mobile_vit_trainer | Ep [036/500] T-Acc:  59.6%  V-Acc:  56.2%  V-AUROC: 0.5951  LR: 2.00e-04
2026-05-25 03:43:12,095 | [FULL+AUG] | INFO | full_experiments_using.model_trainers.mobile_vit_trainer | Ep [037/500] T-Acc:  59.2%  V-Acc:  56.4%  V-AUROC: 0.5977  LR: 2.00e-04
2026-05-25 03:45:22,135 | [FULL+AUG] | INFO | full_experiments_using.model_trainers.mobile_vit_trainer | Ep [038/500] T-Acc:  59.5%  V-Acc:  56.0%  V-AUROC: 0.5955  LR: 2.00e-04
2026-05-25 03:47:30,343 | [FULL+AUG] | INFO | full_experiments_using.model_trainers.mobile_vit_trainer | Ep [039/500] T-Acc:  60.6%  V-Acc:  56.0%  V-AUROC: 0.5989  LR: 2.00e-04
2026-05-25 03:49:39,769 | [FULL+AUG] | INFO | full_experiments_using.model_trainers.mobile_vit_trainer | Ep [040/500] T-Acc:  59.7%  V-Acc:  56.7%  V-AUROC: 0.5987  LR: 2.00e-04
2026-05-25 03:51:49,384 | [FULL+AUG] | INFO | full_experiments_using.model_trainers.mobile_vit_trainer | Ep [041/500] T-Acc:  59.7%  V-Acc:  56.2%  V-AUROC: 0.5974  LR: 2.00e-04
2026-05-25 03:53:58,972 | [FULL+AUG] | INFO | full_experiments_using.model_trainers.mobile_vit_trainer | Ep [042/500] T-Acc:  59.2%  V-Acc:  56.7%  V-AUROC: 0.5974  LR: 4.00e-05
2026-05-25 03:56:09,102 | [FULL+AUG] | INFO | full_experiments_using.model_trainers.mobile_vit_trainer | Ep [043/500] T-Acc:  60.3%  V-Acc:  56.3%  V-AUROC: 0.5952  LR: 4.00e-05
2026-05-25 03:58:18,444 | [FULL+AUG] | INFO | full_experiments_using.model_trainers.mobile_vit_trainer | Ep [044/500] T-Acc:  60.3%  V-Acc:  56.0%  V-AUROC: 0.5961  LR: 4.00e-05
2026-05-25 04:00:27,846 | [FULL+AUG] | INFO | full_experiments_using.model_trainers.mobile_vit_trainer | Ep [045/500] T-Acc:  59.6%  V-Acc:  56.3%  V-AUROC: 0.5995  LR: 4.00e-05
2026-05-25 04:02:37,445 | [FULL+AUG] | INFO | full_experiments_using.model_trainers.mobile_vit_trainer | Ep [046/500] T-Acc:  59.2%  V-Acc:  56.4%  V-AUROC: 0.6005  LR: 4.00e-05
2026-05-25 04:04:47,194 | [FULL+AUG] | INFO | full_experiments_using.model_trainers.mobile_vit_trainer | Ep [047/500] T-Acc:  59.5%  V-Acc:  56.3%  V-AUROC: 0.5994  LR: 4.00e-05
2026-05-25 04:06:56,561 | [FULL+AUG] | INFO | full_experiments_using.model_trainers.mobile_vit_trainer | Ep [048/500] T-Acc:  60.6%  V-Acc:  56.7%  V-AUROC: 0.5995  LR: 4.00e-05
2026-05-25 04:09:06,193 | [FULL+AUG] | INFO | full_experiments_using.model_trainers.mobile_vit_trainer | Ep [049/500] T-Acc:  59.4%  V-Acc:  56.7%  V-AUROC: 0.5975  LR: 4.00e-05
2026-05-25 04:11:15,864 | [FULL+AUG] | INFO | full_experiments_using.model_trainers.mobile_vit_trainer | Ep [050/500] T-Acc:  60.8%  V-Acc:  56.6%  V-AUROC: 0.5986  LR: 4.00e-05
2026-05-25 04:13:25,815 | [FULL+AUG] | INFO | full_experiments_using.model_trainers.mobile_vit_trainer | Ep [051/500] T-Acc:  59.7%  V-Acc:  56.3%  V-AUROC: 0.5999  LR: 4.00e-05
2026-05-25 04:15:36,271 | [FULL+AUG] | INFO | full_experiments_using.model_trainers.mobile_vit_trainer | Ep [052/500] T-Acc:  59.5%  V-Acc:  56.3%  V-AUROC: 0.6004  LR: 4.00e-05
2026-05-25 04:17:46,498 | [FULL+AUG] | INFO | full_experiments_using.model_trainers.mobile_vit_trainer | Ep [053/500] T-Acc:  60.4%  V-Acc:  56.3%  V-AUROC: 0.5996  LR: 8.00e-06
2026-05-25 04:19:57,033 | [FULL+AUG] | INFO | full_experiments_using.model_trainers.mobile_vit_trainer | Ep [054/500] T-Acc:  59.7%  V-Acc:  56.6%  V-AUROC: 0.5998  LR: 8.00e-06
2026-05-25 04:22:07,464 | [FULL+AUG] | INFO | full_experiments_using.model_trainers.mobile_vit_trainer | Ep [055/500] T-Acc:  59.6%  V-Acc:  56.6%  V-AUROC: 0.5996  LR: 8.00e-06
2026-05-25 04:24:16,930 | [FULL+AUG] | INFO | full_experiments_using.model_trainers.mobile_vit_trainer | Ep [056/500] T-Acc:  60.4%  V-Acc:  56.3%  V-AUROC: 0.6004  LR: 8.00e-06
2026-05-25 04:26:27,191 | [FULL+AUG] | INFO | full_experiments_using.model_trainers.mobile_vit_trainer | Ep [057/500] T-Acc:  60.8%  V-Acc:  56.6%  V-AUROC: 0.6002  LR: 8.00e-06
2026-05-25 04:28:37,302 | [FULL+AUG] | INFO | full_experiments_using.model_trainers.mobile_vit_trainer | Ep [058/500] T-Acc:  59.5%  V-Acc:  56.3%  V-AUROC: 0.5997  LR: 8.00e-06
2026-05-25 04:30:47,250 | [FULL+AUG] | INFO | full_experiments_using.model_trainers.mobile_vit_trainer | Ep [059/500] T-Acc:  60.9%  V-Acc:  56.2%  V-AUROC: 0.5984  LR: 8.00e-06
2026-05-25 04:30:47,250 | [FULL+AUG] | INFO | full_experiments_using.model_trainers.mobile_vit_trainer | Early stop — best AUROC 0.6051 at epoch 19 (no improvement for 40 epochs)
2026-05-25 04:30:47,251 | [FULL+AUG] | INFO | full_experiments_using.model_trainers.mobile_vit_trainer | Done. Best AUROC: 0.6051 (epoch 19) → /home/leggo/AIResearch/VOGBasedMCIDetectionSystemMobileViTSingleExperimentInference/outputs/checkpoints/run_20260524_040820_full_aug/fold_11_best.pth
2026-05-25 04:31:21,236 | [FULL+AUG] | INFO | full_experiments_using.evaluators.monte_carlo_evaluator | -> Fold 12 Result | Acc=0.727 Sens=1.000 Spec=0.250 AUROC=0.786
2026-05-25 04:31:21,239 | [FULL+AUG] | INFO | full_experiments_using.evaluators.monte_carlo_evaluator | === Fold 13/30 | train: 25 subj / 3790 windows | test: 12 subj / 1946 windows ===
2026-05-25 04:31:21,622 | [FULL+AUG] | INFO | httpx | HTTP Request: HEAD https://huggingface.co/apple/mobilevit-small/resolve/main/config.json "HTTP/1.1 307 Temporary Redirect"
2026-05-25 04:31:21,640 | [FULL+AUG] | INFO | httpx | HTTP Request: HEAD https://huggingface.co/api/resolve-cache/models/apple/mobilevit-small/6c8612545dc98676d27bc518fa521d9e9af23e34/config.json "HTTP/1.1 200 OK"
2026-05-25 04:31:21,884 | [FULL+AUG] | INFO | httpx | HTTP Request: HEAD https://huggingface.co/apple/mobilevit-small/resolve/main/model.safetensors "HTTP/1.1 404 Not Found"
2026-05-25 04:31:22,097 | [FULL+AUG] | INFO | httpx | HTTP Request: HEAD https://huggingface.co/apple/mobilevit-small/resolve/main/model.safetensors.index.json "HTTP/1.1 404 Not Found"
2026-05-25 04:31:22,316 | [FULL+AUG] | INFO | httpx | HTTP Request: HEAD https://huggingface.co/apple/mobilevit-small/resolve/main/pytorch_model.bin "HTTP/1.1 302 Found"
2026-05-25 04:31:22,533 | [FULL+AUG] | INFO | httpx | HTTP Request: HEAD https://huggingface.co/apple/mobilevit-small/resolve/main/model.safetensors "HTTP/1.1 404 Not Found"
2026-05-25 04:31:22,752 | [FULL+AUG] | INFO | httpx | HTTP Request: GET https://huggingface.co/api/models/apple/mobilevit-small "HTTP/1.1 200 OK"
2026-05-25 04:31:22,995 | [FULL+AUG] | INFO | httpx | HTTP Request: GET https://huggingface.co/api/models/apple/mobilevit-small/commits/main "HTTP/1.1 200 OK"
2026-05-25 04:31:23,224 | [FULL+AUG] | INFO | httpx | HTTP Request: GET https://huggingface.co/api/models/apple/mobilevit-small/discussions?p=0 "HTTP/1.1 200 OK"
2026-05-25 04:31:23,447 | [FULL+AUG] | INFO | httpx | HTTP Request: GET https://huggingface.co/api/models/apple/mobilevit-small/commits/refs%2Fpr%2F6 "HTTP/1.1 200 OK"
2026-05-25 04:31:23,662 | [FULL+AUG] | INFO | httpx | HTTP Request: HEAD https://huggingface.co/apple/mobilevit-small/resolve/refs%2Fpr%2F6/model.safetensors.index.json "HTTP/1.1 404 Not Found"
2026-05-25 04:31:23,885 | [FULL+AUG] | INFO | httpx | HTTP Request: HEAD https://huggingface.co/apple/mobilevit-small/resolve/refs%2Fpr%2F6/model.safetensors "HTTP/1.1 302 Found"
2026-05-25 04:31:24,681 | [FULL+AUG] | INFO | full_experiments_using.model_trainers.mobile_vit_trainer | Device: cuda | max_epochs=500 | batch=32 | es_patience=40
2026-05-25 04:31:24,689 | [FULL+AUG] | INFO | full_experiments_using.model_trainers.mobile_vit_trainer | CE weights — HC: 1.493  MCI: 0.752
2026-05-25 04:33:33,627 | [FULL+AUG] | INFO | full_experiments_using.model_trainers.mobile_vit_trainer | Ep [001/500] T-Acc:  56.4%  V-Acc:  44.1%  V-AUROC: 0.5112  LR: 2.00e-04
2026-05-25 04:33:33,747 | [FULL+AUG] | INFO | full_experiments_using.model_trainers.mobile_vit_trainer |   ↳ new best AUROC; saved checkpoint: /home/leggo/AIResearch/VOGBasedMCIDetectionSystemMobileViTSingleExperimentInference/outputs/checkpoints/run_20260524_040820_full_aug/fold_12_best.pth
2026-05-25 04:35:42,774 | [FULL+AUG] | INFO | full_experiments_using.model_trainers.mobile_vit_trainer | Ep [002/500] T-Acc:  55.3%  V-Acc:  45.5%  V-AUROC: 0.5341  LR: 4.00e-04
2026-05-25 04:35:42,942 | [FULL+AUG] | INFO | full_experiments_using.model_trainers.mobile_vit_trainer |   ↳ new best AUROC; saved checkpoint: /home/leggo/AIResearch/VOGBasedMCIDetectionSystemMobileViTSingleExperimentInference/outputs/checkpoints/run_20260524_040820_full_aug/fold_12_best.pth
2026-05-25 04:37:51,487 | [FULL+AUG] | INFO | full_experiments_using.model_trainers.mobile_vit_trainer | Ep [003/500] T-Acc:  54.2%  V-Acc:  48.3%  V-AUROC: 0.5267  LR: 6.00e-04
2026-05-25 04:40:00,274 | [FULL+AUG] | INFO | full_experiments_using.model_trainers.mobile_vit_trainer | Ep [004/500] T-Acc:  55.7%  V-Acc:  52.0%  V-AUROC: 0.5410  LR: 8.00e-04
2026-05-25 04:40:00,411 | [FULL+AUG] | INFO | full_experiments_using.model_trainers.mobile_vit_trainer |   ↳ new best AUROC; saved checkpoint: /home/leggo/AIResearch/VOGBasedMCIDetectionSystemMobileViTSingleExperimentInference/outputs/checkpoints/run_20260524_040820_full_aug/fold_12_best.pth
2026-05-25 04:42:09,061 | [FULL+AUG] | INFO | full_experiments_using.model_trainers.mobile_vit_trainer | Ep [005/500] T-Acc:  54.3%  V-Acc:  50.1%  V-AUROC: 0.5446  LR: 1.00e-03
2026-05-25 04:42:09,180 | [FULL+AUG] | INFO | full_experiments_using.model_trainers.mobile_vit_trainer |   ↳ new best AUROC; saved checkpoint: /home/leggo/AIResearch/VOGBasedMCIDetectionSystemMobileViTSingleExperimentInference/outputs/checkpoints/run_20260524_040820_full_aug/fold_12_best.pth
2026-05-25 04:44:18,134 | [FULL+AUG] | INFO | full_experiments_using.model_trainers.mobile_vit_trainer | Ep [006/500] T-Acc:  56.6%  V-Acc:  50.5%  V-AUROC: 0.5220  LR: 1.00e-03
2026-05-25 04:46:26,737 | [FULL+AUG] | INFO | full_experiments_using.model_trainers.mobile_vit_trainer | Ep [007/500] T-Acc:  58.7%  V-Acc:  51.6%  V-AUROC: 0.5283  LR: 1.00e-03
2026-05-25 04:48:35,400 | [FULL+AUG] | INFO | full_experiments_using.model_trainers.mobile_vit_trainer | Ep [008/500] T-Acc:  56.3%  V-Acc:  49.6%  V-AUROC: 0.5113  LR: 1.00e-03
2026-05-25 04:50:44,241 | [FULL+AUG] | INFO | full_experiments_using.model_trainers.mobile_vit_trainer | Ep [009/500] T-Acc:  56.6%  V-Acc:  53.0%  V-AUROC: 0.5135  LR: 1.00e-03
2026-05-25 04:52:53,090 | [FULL+AUG] | INFO | full_experiments_using.model_trainers.mobile_vit_trainer | Ep [010/500] T-Acc:  56.9%  V-Acc:  54.5%  V-AUROC: 0.5425  LR: 1.00e-03
2026-05-25 04:55:01,770 | [FULL+AUG] | INFO | full_experiments_using.model_trainers.mobile_vit_trainer | Ep [011/500] T-Acc:  58.2%  V-Acc:  52.1%  V-AUROC: 0.5482  LR: 1.00e-03
2026-05-25 04:55:01,935 | [FULL+AUG] | INFO | full_experiments_using.model_trainers.mobile_vit_trainer |   ↳ new best AUROC; saved checkpoint: /home/leggo/AIResearch/VOGBasedMCIDetectionSystemMobileViTSingleExperimentInference/outputs/checkpoints/run_20260524_040820_full_aug/fold_12_best.pth
2026-05-25 04:57:10,545 | [FULL+AUG] | INFO | full_experiments_using.model_trainers.mobile_vit_trainer | Ep [012/500] T-Acc:  59.5%  V-Acc:  53.4%  V-AUROC: 0.5250  LR: 1.00e-03
2026-05-25 04:59:19,163 | [FULL+AUG] | INFO | full_experiments_using.model_trainers.mobile_vit_trainer | Ep [013/500] T-Acc:  58.4%  V-Acc:  51.6%  V-AUROC: 0.5297  LR: 1.00e-03
2026-05-25 05:01:27,337 | [FULL+AUG] | INFO | full_experiments_using.model_trainers.mobile_vit_trainer | Ep [014/500] T-Acc:  58.4%  V-Acc:  50.4%  V-AUROC: 0.5274  LR: 1.00e-03
2026-05-25 05:03:35,804 | [FULL+AUG] | INFO | full_experiments_using.model_trainers.mobile_vit_trainer | Ep [015/500] T-Acc:  58.6%  V-Acc:  52.4%  V-AUROC: 0.5320  LR: 1.00e-03
2026-05-25 05:05:44,261 | [FULL+AUG] | INFO | full_experiments_using.model_trainers.mobile_vit_trainer | Ep [016/500] T-Acc:  59.2%  V-Acc:  51.8%  V-AUROC: 0.5179  LR: 1.00e-03
2026-05-25 05:07:52,535 | [FULL+AUG] | INFO | full_experiments_using.model_trainers.mobile_vit_trainer | Ep [017/500] T-Acc:  60.0%  V-Acc:  51.8%  V-AUROC: 0.5360  LR: 1.00e-03
2026-05-25 05:10:00,584 | [FULL+AUG] | INFO | full_experiments_using.model_trainers.mobile_vit_trainer | Ep [018/500] T-Acc:  59.6%  V-Acc:  51.4%  V-AUROC: 0.5261  LR: 1.00e-03
2026-05-25 05:12:09,874 | [FULL+AUG] | INFO | full_experiments_using.model_trainers.mobile_vit_trainer | Ep [019/500] T-Acc:  60.7%  V-Acc:  50.2%  V-AUROC: 0.5297  LR: 1.00e-03
2026-05-25 05:14:18,893 | [FULL+AUG] | INFO | full_experiments_using.model_trainers.mobile_vit_trainer | Ep [020/500] T-Acc:  59.9%  V-Acc:  49.5%  V-AUROC: 0.5007  LR: 1.00e-03
2026-05-25 05:16:27,188 | [FULL+AUG] | INFO | full_experiments_using.model_trainers.mobile_vit_trainer | Ep [021/500] T-Acc:  60.7%  V-Acc:  50.2%  V-AUROC: 0.5256  LR: 1.00e-03
2026-05-25 05:18:35,495 | [FULL+AUG] | INFO | full_experiments_using.model_trainers.mobile_vit_trainer | Ep [022/500] T-Acc:  60.1%  V-Acc:  50.5%  V-AUROC: 0.5251  LR: 1.00e-03
2026-05-25 05:20:43,566 | [FULL+AUG] | INFO | full_experiments_using.model_trainers.mobile_vit_trainer | Ep [023/500] T-Acc:  59.4%  V-Acc:  50.5%  V-AUROC: 0.5255  LR: 2.00e-04
2026-05-25 05:22:51,682 | [FULL+AUG] | INFO | full_experiments_using.model_trainers.mobile_vit_trainer | Ep [024/500] T-Acc:  61.3%  V-Acc:  50.6%  V-AUROC: 0.5256  LR: 2.00e-04
2026-05-25 05:25:00,131 | [FULL+AUG] | INFO | full_experiments_using.model_trainers.mobile_vit_trainer | Ep [025/500] T-Acc:  61.6%  V-Acc:  50.6%  V-AUROC: 0.5232  LR: 2.00e-04
2026-05-25 05:27:08,100 | [FULL+AUG] | INFO | full_experiments_using.model_trainers.mobile_vit_trainer | Ep [026/500] T-Acc:  60.6%  V-Acc:  50.8%  V-AUROC: 0.5281  LR: 2.00e-04
2026-05-25 05:29:16,478 | [FULL+AUG] | INFO | full_experiments_using.model_trainers.mobile_vit_trainer | Ep [027/500] T-Acc:  61.4%  V-Acc:  50.2%  V-AUROC: 0.5277  LR: 2.00e-04
2026-05-25 05:31:24,442 | [FULL+AUG] | INFO | full_experiments_using.model_trainers.mobile_vit_trainer | Ep [028/500] T-Acc:  62.0%  V-Acc:  49.4%  V-AUROC: 0.5233  LR: 2.00e-04
2026-05-25 05:33:32,759 | [FULL+AUG] | INFO | full_experiments_using.model_trainers.mobile_vit_trainer | Ep [029/500] T-Acc:  61.8%  V-Acc:  49.4%  V-AUROC: 0.5202  LR: 2.00e-04
2026-05-25 05:35:40,912 | [FULL+AUG] | INFO | full_experiments_using.model_trainers.mobile_vit_trainer | Ep [030/500] T-Acc:  61.7%  V-Acc:  49.2%  V-AUROC: 0.5229  LR: 2.00e-04
2026-05-25 05:37:49,240 | [FULL+AUG] | INFO | full_experiments_using.model_trainers.mobile_vit_trainer | Ep [031/500] T-Acc:  61.3%  V-Acc:  49.8%  V-AUROC: 0.5208  LR: 2.00e-04
2026-05-25 05:39:58,573 | [FULL+AUG] | INFO | full_experiments_using.model_trainers.mobile_vit_trainer | Ep [032/500] T-Acc:  62.2%  V-Acc:  49.5%  V-AUROC: 0.5260  LR: 2.00e-04
2026-05-25 05:42:06,800 | [FULL+AUG] | INFO | full_experiments_using.model_trainers.mobile_vit_trainer | Ep [033/500] T-Acc:  61.7%  V-Acc:  51.1%  V-AUROC: 0.5273  LR: 2.00e-04
2026-05-25 05:44:15,643 | [FULL+AUG] | INFO | full_experiments_using.model_trainers.mobile_vit_trainer | Ep [034/500] T-Acc:  61.9%  V-Acc:  50.5%  V-AUROC: 0.5287  LR: 4.00e-05
2026-05-25 05:46:24,904 | [FULL+AUG] | INFO | full_experiments_using.model_trainers.mobile_vit_trainer | Ep [035/500] T-Acc:  62.0%  V-Acc:  51.1%  V-AUROC: 0.5269  LR: 4.00e-05
2026-05-25 05:48:33,082 | [FULL+AUG] | INFO | full_experiments_using.model_trainers.mobile_vit_trainer | Ep [036/500] T-Acc:  63.1%  V-Acc:  49.8%  V-AUROC: 0.5263  LR: 4.00e-05
2026-05-25 05:50:41,522 | [FULL+AUG] | INFO | full_experiments_using.model_trainers.mobile_vit_trainer | Ep [037/500] T-Acc:  62.5%  V-Acc:  51.1%  V-AUROC: 0.5250  LR: 4.00e-05
2026-05-25 05:52:50,297 | [FULL+AUG] | INFO | full_experiments_using.model_trainers.mobile_vit_trainer | Ep [038/500] T-Acc:  60.6%  V-Acc:  49.3%  V-AUROC: 0.5253  LR: 4.00e-05
2026-05-25 05:54:58,999 | [FULL+AUG] | INFO | full_experiments_using.model_trainers.mobile_vit_trainer | Ep [039/500] T-Acc:  62.1%  V-Acc:  49.9%  V-AUROC: 0.5243  LR: 4.00e-05
2026-05-25 05:57:08,143 | [FULL+AUG] | INFO | full_experiments_using.model_trainers.mobile_vit_trainer | Ep [040/500] T-Acc:  61.7%  V-Acc:  50.7%  V-AUROC: 0.5219  LR: 4.00e-05
2026-05-25 05:59:16,571 | [FULL+AUG] | INFO | full_experiments_using.model_trainers.mobile_vit_trainer | Ep [041/500] T-Acc:  61.5%  V-Acc:  50.0%  V-AUROC: 0.5209  LR: 4.00e-05
2026-05-25 06:01:24,898 | [FULL+AUG] | INFO | full_experiments_using.model_trainers.mobile_vit_trainer | Ep [042/500] T-Acc:  61.2%  V-Acc:  50.1%  V-AUROC: 0.5232  LR: 4.00e-05
2026-05-25 06:03:34,208 | [FULL+AUG] | INFO | full_experiments_using.model_trainers.mobile_vit_trainer | Ep [043/500] T-Acc:  60.7%  V-Acc:  50.7%  V-AUROC: 0.5236  LR: 4.00e-05
2026-05-25 06:05:43,053 | [FULL+AUG] | INFO | full_experiments_using.model_trainers.mobile_vit_trainer | Ep [044/500] T-Acc:  61.3%  V-Acc:  49.7%  V-AUROC: 0.5230  LR: 4.00e-05
2026-05-25 06:07:50,987 | [FULL+AUG] | INFO | full_experiments_using.model_trainers.mobile_vit_trainer | Ep [045/500] T-Acc:  61.2%  V-Acc:  50.0%  V-AUROC: 0.5229  LR: 8.00e-06
2026-05-25 06:09:59,785 | [FULL+AUG] | INFO | full_experiments_using.model_trainers.mobile_vit_trainer | Ep [046/500] T-Acc:  62.1%  V-Acc:  50.2%  V-AUROC: 0.5229  LR: 8.00e-06
2026-05-25 06:12:08,486 | [FULL+AUG] | INFO | full_experiments_using.model_trainers.mobile_vit_trainer | Ep [047/500] T-Acc:  61.7%  V-Acc:  50.3%  V-AUROC: 0.5226  LR: 8.00e-06
2026-05-25 06:14:17,304 | [FULL+AUG] | INFO | full_experiments_using.model_trainers.mobile_vit_trainer | Ep [048/500] T-Acc:  62.1%  V-Acc:  49.3%  V-AUROC: 0.5236  LR: 8.00e-06
2026-05-25 06:16:25,939 | [FULL+AUG] | INFO | full_experiments_using.model_trainers.mobile_vit_trainer | Ep [049/500] T-Acc:  62.4%  V-Acc:  49.9%  V-AUROC: 0.5210  LR: 8.00e-06
2026-05-25 06:18:34,269 | [FULL+AUG] | INFO | full_experiments_using.model_trainers.mobile_vit_trainer | Ep [050/500] T-Acc:  62.1%  V-Acc:  49.7%  V-AUROC: 0.5237  LR: 8.00e-06
2026-05-25 06:20:42,346 | [FULL+AUG] | INFO | full_experiments_using.model_trainers.mobile_vit_trainer | Ep [051/500] T-Acc:  61.9%  V-Acc:  50.1%  V-AUROC: 0.5237  LR: 8.00e-06
2026-05-25 06:20:42,346 | [FULL+AUG] | INFO | full_experiments_using.model_trainers.mobile_vit_trainer | Early stop — best AUROC 0.5482 at epoch 11 (no improvement for 40 epochs)
2026-05-25 06:20:42,347 | [FULL+AUG] | INFO | full_experiments_using.model_trainers.mobile_vit_trainer | Done. Best AUROC: 0.5482 (epoch 11) → /home/leggo/AIResearch/VOGBasedMCIDetectionSystemMobileViTSingleExperimentInference/outputs/checkpoints/run_20260524_040820_full_aug/fold_12_best.pth
2026-05-25 06:21:17,353 | [FULL+AUG] | INFO | full_experiments_using.evaluators.monte_carlo_evaluator | -> Fold 13 Result | Acc=0.455 Sens=0.400 Spec=0.500 AUROC=0.433
2026-05-25 06:21:17,355 | [FULL+AUG] | INFO | full_experiments_using.evaluators.monte_carlo_evaluator | === Fold 14/30 | train: 25 subj / 3784 windows | test: 12 subj / 1952 windows ===
2026-05-25 06:21:17,718 | [FULL+AUG] | INFO | httpx | HTTP Request: HEAD https://huggingface.co/apple/mobilevit-small/resolve/main/config.json "HTTP/1.1 307 Temporary Redirect"
2026-05-25 06:21:17,731 | [FULL+AUG] | INFO | httpx | HTTP Request: HEAD https://huggingface.co/api/resolve-cache/models/apple/mobilevit-small/6c8612545dc98676d27bc518fa521d9e9af23e34/config.json "HTTP/1.1 200 OK"
2026-05-25 06:21:17,966 | [FULL+AUG] | INFO | httpx | HTTP Request: HEAD https://huggingface.co/apple/mobilevit-small/resolve/main/model.safetensors "HTTP/1.1 404 Not Found"
2026-05-25 06:21:18,171 | [FULL+AUG] | INFO | httpx | HTTP Request: HEAD https://huggingface.co/apple/mobilevit-small/resolve/main/model.safetensors.index.json "HTTP/1.1 404 Not Found"
2026-05-25 06:21:18,387 | [FULL+AUG] | INFO | httpx | HTTP Request: HEAD https://huggingface.co/apple/mobilevit-small/resolve/main/pytorch_model.bin "HTTP/1.1 302 Found"
2026-05-25 06:21:18,601 | [FULL+AUG] | INFO | httpx | HTTP Request: HEAD https://huggingface.co/apple/mobilevit-small/resolve/main/model.safetensors "HTTP/1.1 404 Not Found"
2026-05-25 06:21:18,831 | [FULL+AUG] | INFO | httpx | HTTP Request: GET https://huggingface.co/api/models/apple/mobilevit-small "HTTP/1.1 200 OK"
2026-05-25 06:21:19,064 | [FULL+AUG] | INFO | httpx | HTTP Request: GET https://huggingface.co/api/models/apple/mobilevit-small/commits/main "HTTP/1.1 200 OK"
2026-05-25 06:21:19,301 | [FULL+AUG] | INFO | httpx | HTTP Request: GET https://huggingface.co/api/models/apple/mobilevit-small/discussions?p=0 "HTTP/1.1 200 OK"
2026-05-25 06:21:19,530 | [FULL+AUG] | INFO | httpx | HTTP Request: GET https://huggingface.co/api/models/apple/mobilevit-small/commits/refs%2Fpr%2F6 "HTTP/1.1 200 OK"
2026-05-25 06:21:19,754 | [FULL+AUG] | INFO | httpx | HTTP Request: HEAD https://huggingface.co/apple/mobilevit-small/resolve/refs%2Fpr%2F6/model.safetensors.index.json "HTTP/1.1 404 Not Found"
2026-05-25 06:21:19,979 | [FULL+AUG] | INFO | httpx | HTTP Request: HEAD https://huggingface.co/apple/mobilevit-small/resolve/refs%2Fpr%2F6/model.safetensors "HTTP/1.1 302 Found"
2026-05-25 06:21:20,827 | [FULL+AUG] | INFO | full_experiments_using.model_trainers.mobile_vit_trainer | Device: cuda | max_epochs=500 | batch=32 | es_patience=40
2026-05-25 06:21:20,829 | [FULL+AUG] | INFO | full_experiments_using.model_trainers.mobile_vit_trainer | CE weights — HC: 1.341  MCI: 0.797
2026-05-25 06:23:29,575 | [FULL+AUG] | INFO | full_experiments_using.model_trainers.mobile_vit_trainer | Ep [001/500] T-Acc:  51.9%  V-Acc:  48.6%  V-AUROC: 0.5028  LR: 2.00e-04
2026-05-25 06:23:29,716 | [FULL+AUG] | INFO | full_experiments_using.model_trainers.mobile_vit_trainer |   ↳ new best AUROC; saved checkpoint: /home/leggo/AIResearch/VOGBasedMCIDetectionSystemMobileViTSingleExperimentInference/outputs/checkpoints/run_20260524_040820_full_aug/fold_13_best.pth
2026-05-25 06:25:37,521 | [FULL+AUG] | INFO | full_experiments_using.model_trainers.mobile_vit_trainer | Ep [002/500] T-Acc:  51.7%  V-Acc:  48.4%  V-AUROC: 0.4928  LR: 4.00e-04
2026-05-25 06:27:46,336 | [FULL+AUG] | INFO | full_experiments_using.model_trainers.mobile_vit_trainer | Ep [003/500] T-Acc:  52.1%  V-Acc:  50.6%  V-AUROC: 0.5093  LR: 6.00e-04
2026-05-25 06:27:46,441 | [FULL+AUG] | INFO | full_experiments_using.model_trainers.mobile_vit_trainer |   ↳ new best AUROC; saved checkpoint: /home/leggo/AIResearch/VOGBasedMCIDetectionSystemMobileViTSingleExperimentInference/outputs/checkpoints/run_20260524_040820_full_aug/fold_13_best.pth
2026-05-25 06:29:55,188 | [FULL+AUG] | INFO | full_experiments_using.model_trainers.mobile_vit_trainer | Ep [004/500] T-Acc:  53.2%  V-Acc:  49.9%  V-AUROC: 0.5121  LR: 8.00e-04
2026-05-25 06:29:55,300 | [FULL+AUG] | INFO | full_experiments_using.model_trainers.mobile_vit_trainer |   ↳ new best AUROC; saved checkpoint: /home/leggo/AIResearch/VOGBasedMCIDetectionSystemMobileViTSingleExperimentInference/outputs/checkpoints/run_20260524_040820_full_aug/fold_13_best.pth
2026-05-25 06:32:03,948 | [FULL+AUG] | INFO | full_experiments_using.model_trainers.mobile_vit_trainer | Ep [005/500] T-Acc:  52.4%  V-Acc:  50.4%  V-AUROC: 0.5189  LR: 1.00e-03
2026-05-25 06:32:04,060 | [FULL+AUG] | INFO | full_experiments_using.model_trainers.mobile_vit_trainer |   ↳ new best AUROC; saved checkpoint: /home/leggo/AIResearch/VOGBasedMCIDetectionSystemMobileViTSingleExperimentInference/outputs/checkpoints/run_20260524_040820_full_aug/fold_13_best.pth
2026-05-25 06:34:12,106 | [FULL+AUG] | INFO | full_experiments_using.model_trainers.mobile_vit_trainer | Ep [006/500] T-Acc:  53.1%  V-Acc:  55.6%  V-AUROC: 0.5542  LR: 1.00e-03
2026-05-25 06:34:12,271 | [FULL+AUG] | INFO | full_experiments_using.model_trainers.mobile_vit_trainer |   ↳ new best AUROC; saved checkpoint: /home/leggo/AIResearch/VOGBasedMCIDetectionSystemMobileViTSingleExperimentInference/outputs/checkpoints/run_20260524_040820_full_aug/fold_13_best.pth
2026-05-25 06:36:20,879 | [FULL+AUG] | INFO | full_experiments_using.model_trainers.mobile_vit_trainer | Ep [007/500] T-Acc:  53.7%  V-Acc:  55.1%  V-AUROC: 0.5523  LR: 1.00e-03
2026-05-25 06:38:29,448 | [FULL+AUG] | INFO | full_experiments_using.model_trainers.mobile_vit_trainer | Ep [008/500] T-Acc:  55.2%  V-Acc:  52.9%  V-AUROC: 0.5465  LR: 1.00e-03
2026-05-25 06:40:38,067 | [FULL+AUG] | INFO | full_experiments_using.model_trainers.mobile_vit_trainer | Ep [009/500] T-Acc:  56.2%  V-Acc:  53.9%  V-AUROC: 0.5491  LR: 1.00e-03
2026-05-25 06:42:46,488 | [FULL+AUG] | INFO | full_experiments_using.model_trainers.mobile_vit_trainer | Ep [010/500] T-Acc:  56.7%  V-Acc:  56.4%  V-AUROC: 0.5740  LR: 1.00e-03
2026-05-25 06:42:46,650 | [FULL+AUG] | INFO | full_experiments_using.model_trainers.mobile_vit_trainer |   ↳ new best AUROC; saved checkpoint: /home/leggo/AIResearch/VOGBasedMCIDetectionSystemMobileViTSingleExperimentInference/outputs/checkpoints/run_20260524_040820_full_aug/fold_13_best.pth
2026-05-25 06:44:54,949 | [FULL+AUG] | INFO | full_experiments_using.model_trainers.mobile_vit_trainer | Ep [011/500] T-Acc:  58.4%  V-Acc:  57.2%  V-AUROC: 0.5646  LR: 1.00e-03
2026-05-25 06:47:03,335 | [FULL+AUG] | INFO | full_experiments_using.model_trainers.mobile_vit_trainer | Ep [012/500] T-Acc:  58.7%  V-Acc:  56.2%  V-AUROC: 0.5677  LR: 1.00e-03
2026-05-25 06:49:11,719 | [FULL+AUG] | INFO | full_experiments_using.model_trainers.mobile_vit_trainer | Ep [013/500] T-Acc:  59.3%  V-Acc:  57.0%  V-AUROC: 0.5786  LR: 1.00e-03
2026-05-25 06:49:11,887 | [FULL+AUG] | INFO | full_experiments_using.model_trainers.mobile_vit_trainer |   ↳ new best AUROC; saved checkpoint: /home/leggo/AIResearch/VOGBasedMCIDetectionSystemMobileViTSingleExperimentInference/outputs/checkpoints/run_20260524_040820_full_aug/fold_13_best.pth
2026-05-25 06:51:20,036 | [FULL+AUG] | INFO | full_experiments_using.model_trainers.mobile_vit_trainer | Ep [014/500] T-Acc:  60.0%  V-Acc:  57.0%  V-AUROC: 0.5789  LR: 1.00e-03
2026-05-25 06:51:20,203 | [FULL+AUG] | INFO | full_experiments_using.model_trainers.mobile_vit_trainer |   ↳ new best AUROC; saved checkpoint: /home/leggo/AIResearch/VOGBasedMCIDetectionSystemMobileViTSingleExperimentInference/outputs/checkpoints/run_20260524_040820_full_aug/fold_13_best.pth
2026-05-25 06:53:28,481 | [FULL+AUG] | INFO | full_experiments_using.model_trainers.mobile_vit_trainer | Ep [015/500] T-Acc:  59.3%  V-Acc:  56.9%  V-AUROC: 0.5718  LR: 1.00e-03
2026-05-25 06:55:36,938 | [FULL+AUG] | INFO | full_experiments_using.model_trainers.mobile_vit_trainer | Ep [016/500] T-Acc:  60.7%  V-Acc:  55.6%  V-AUROC: 0.5599  LR: 1.00e-03
2026-05-25 06:57:45,998 | [FULL+AUG] | INFO | full_experiments_using.model_trainers.mobile_vit_trainer | Ep [017/500] T-Acc:  62.1%  V-Acc:  55.7%  V-AUROC: 0.5640  LR: 1.00e-03
2026-05-25 06:59:55,095 | [FULL+AUG] | INFO | full_experiments_using.model_trainers.mobile_vit_trainer | Ep [018/500] T-Acc:  60.9%  V-Acc:  55.1%  V-AUROC: 0.5508  LR: 1.00e-03
2026-05-25 07:02:03,523 | [FULL+AUG] | INFO | full_experiments_using.model_trainers.mobile_vit_trainer | Ep [019/500] T-Acc:  60.8%  V-Acc:  55.0%  V-AUROC: 0.5580  LR: 1.00e-03
2026-05-25 07:04:11,955 | [FULL+AUG] | INFO | full_experiments_using.model_trainers.mobile_vit_trainer | Ep [020/500] T-Acc:  60.9%  V-Acc:  56.2%  V-AUROC: 0.5697  LR: 1.00e-03
2026-05-25 07:06:20,268 | [FULL+AUG] | INFO | full_experiments_using.model_trainers.mobile_vit_trainer | Ep [021/500] T-Acc:  61.5%  V-Acc:  56.2%  V-AUROC: 0.5658  LR: 1.00e-03
2026-05-25 07:08:28,839 | [FULL+AUG] | INFO | full_experiments_using.model_trainers.mobile_vit_trainer | Ep [022/500] T-Acc:  62.2%  V-Acc:  58.0%  V-AUROC: 0.5783  LR: 1.00e-03
2026-05-25 07:10:37,410 | [FULL+AUG] | INFO | full_experiments_using.model_trainers.mobile_vit_trainer | Ep [023/500] T-Acc:  61.4%  V-Acc:  53.6%  V-AUROC: 0.5603  LR: 1.00e-03
2026-05-25 07:12:45,612 | [FULL+AUG] | INFO | full_experiments_using.model_trainers.mobile_vit_trainer | Ep [024/500] T-Acc:  62.5%  V-Acc:  54.2%  V-AUROC: 0.5554  LR: 1.00e-03
2026-05-25 07:14:54,424 | [FULL+AUG] | INFO | full_experiments_using.model_trainers.mobile_vit_trainer | Ep [025/500] T-Acc:  63.2%  V-Acc:  54.1%  V-AUROC: 0.5601  LR: 1.00e-03
2026-05-25 07:17:03,488 | [FULL+AUG] | INFO | full_experiments_using.model_trainers.mobile_vit_trainer | Ep [026/500] T-Acc:  62.4%  V-Acc:  55.4%  V-AUROC: 0.5577  LR: 2.00e-04
2026-05-25 07:19:12,687 | [FULL+AUG] | INFO | full_experiments_using.model_trainers.mobile_vit_trainer | Ep [027/500] T-Acc:  64.2%  V-Acc:  54.9%  V-AUROC: 0.5573  LR: 2.00e-04
2026-05-25 07:21:22,027 | [FULL+AUG] | INFO | full_experiments_using.model_trainers.mobile_vit_trainer | Ep [028/500] T-Acc:  63.0%  V-Acc:  55.0%  V-AUROC: 0.5581  LR: 2.00e-04
2026-05-25 07:23:31,038 | [FULL+AUG] | INFO | full_experiments_using.model_trainers.mobile_vit_trainer | Ep [029/500] T-Acc:  62.6%  V-Acc:  54.8%  V-AUROC: 0.5549  LR: 2.00e-04
2026-05-25 07:25:39,431 | [FULL+AUG] | INFO | full_experiments_using.model_trainers.mobile_vit_trainer | Ep [030/500] T-Acc:  62.0%  V-Acc:  54.2%  V-AUROC: 0.5571  LR: 2.00e-04
2026-05-25 07:27:47,765 | [FULL+AUG] | INFO | full_experiments_using.model_trainers.mobile_vit_trainer | Ep [031/500] T-Acc:  62.8%  V-Acc:  53.7%  V-AUROC: 0.5565  LR: 2.00e-04
2026-05-25 07:29:55,320 | [FULL+AUG] | INFO | full_experiments_using.model_trainers.mobile_vit_trainer | Ep [032/500] T-Acc:  62.4%  V-Acc:  53.9%  V-AUROC: 0.5542  LR: 2.00e-04
2026-05-25 07:32:03,698 | [FULL+AUG] | INFO | full_experiments_using.model_trainers.mobile_vit_trainer | Ep [033/500] T-Acc:  63.4%  V-Acc:  54.3%  V-AUROC: 0.5543  LR: 2.00e-04
2026-05-25 07:34:12,276 | [FULL+AUG] | INFO | full_experiments_using.model_trainers.mobile_vit_trainer | Ep [034/500] T-Acc:  63.2%  V-Acc:  54.0%  V-AUROC: 0.5548  LR: 2.00e-04
2026-05-25 07:36:20,807 | [FULL+AUG] | INFO | full_experiments_using.model_trainers.mobile_vit_trainer | Ep [035/500] T-Acc:  62.8%  V-Acc:  53.3%  V-AUROC: 0.5510  LR: 2.00e-04
2026-05-25 07:38:29,689 | [FULL+AUG] | INFO | full_experiments_using.model_trainers.mobile_vit_trainer | Ep [036/500] T-Acc:  63.4%  V-Acc:  54.9%  V-AUROC: 0.5563  LR: 2.00e-04
2026-05-25 07:40:38,336 | [FULL+AUG] | INFO | full_experiments_using.model_trainers.mobile_vit_trainer | Ep [037/500] T-Acc:  63.2%  V-Acc:  54.4%  V-AUROC: 0.5561  LR: 4.00e-05
2026-05-25 07:42:47,142 | [FULL+AUG] | INFO | full_experiments_using.model_trainers.mobile_vit_trainer | Ep [038/500] T-Acc:  62.7%  V-Acc:  53.6%  V-AUROC: 0.5570  LR: 4.00e-05
2026-05-25 07:44:55,438 | [FULL+AUG] | INFO | full_experiments_using.model_trainers.mobile_vit_trainer | Ep [039/500] T-Acc:  64.5%  V-Acc:  53.9%  V-AUROC: 0.5547  LR: 4.00e-05
2026-05-25 07:47:04,162 | [FULL+AUG] | INFO | full_experiments_using.model_trainers.mobile_vit_trainer | Ep [040/500] T-Acc:  62.6%  V-Acc:  53.7%  V-AUROC: 0.5551  LR: 4.00e-05
2026-05-25 07:49:13,083 | [FULL+AUG] | INFO | full_experiments_using.model_trainers.mobile_vit_trainer | Ep [041/500] T-Acc:  63.7%  V-Acc:  53.8%  V-AUROC: 0.5546  LR: 4.00e-05
2026-05-25 07:51:20,489 | [FULL+AUG] | INFO | full_experiments_using.model_trainers.mobile_vit_trainer | Ep [042/500] T-Acc:  62.0%  V-Acc:  54.7%  V-AUROC: 0.5558  LR: 4.00e-05
2026-05-25 07:53:28,838 | [FULL+AUG] | INFO | full_experiments_using.model_trainers.mobile_vit_trainer | Ep [043/500] T-Acc:  63.2%  V-Acc:  54.1%  V-AUROC: 0.5546  LR: 4.00e-05
2026-05-25 07:55:38,022 | [FULL+AUG] | INFO | full_experiments_using.model_trainers.mobile_vit_trainer | Ep [044/500] T-Acc:  64.4%  V-Acc:  53.4%  V-AUROC: 0.5551  LR: 4.00e-05
2026-05-25 07:57:46,339 | [FULL+AUG] | INFO | full_experiments_using.model_trainers.mobile_vit_trainer | Ep [045/500] T-Acc:  63.9%  V-Acc:  54.6%  V-AUROC: 0.5565  LR: 4.00e-05
2026-05-25 07:59:54,780 | [FULL+AUG] | INFO | full_experiments_using.model_trainers.mobile_vit_trainer | Ep [046/500] T-Acc:  62.2%  V-Acc:  53.6%  V-AUROC: 0.5551  LR: 4.00e-05
2026-05-25 08:02:03,240 | [FULL+AUG] | INFO | full_experiments_using.model_trainers.mobile_vit_trainer | Ep [047/500] T-Acc:  62.9%  V-Acc:  54.0%  V-AUROC: 0.5539  LR: 4.00e-05
2026-05-25 08:04:11,490 | [FULL+AUG] | INFO | full_experiments_using.model_trainers.mobile_vit_trainer | Ep [048/500] T-Acc:  64.0%  V-Acc:  53.9%  V-AUROC: 0.5546  LR: 8.00e-06
2026-05-25 08:06:19,732 | [FULL+AUG] | INFO | full_experiments_using.model_trainers.mobile_vit_trainer | Ep [049/500] T-Acc:  62.9%  V-Acc:  53.7%  V-AUROC: 0.5528  LR: 8.00e-06
2026-05-25 08:08:28,676 | [FULL+AUG] | INFO | full_experiments_using.model_trainers.mobile_vit_trainer | Ep [050/500] T-Acc:  63.8%  V-Acc:  53.4%  V-AUROC: 0.5546  LR: 8.00e-06
2026-05-25 08:10:37,214 | [FULL+AUG] | INFO | full_experiments_using.model_trainers.mobile_vit_trainer | Ep [051/500] T-Acc:  63.2%  V-Acc:  53.6%  V-AUROC: 0.5540  LR: 8.00e-06
2026-05-25 08:12:45,542 | [FULL+AUG] | INFO | full_experiments_using.model_trainers.mobile_vit_trainer | Ep [052/500] T-Acc:  63.7%  V-Acc:  53.6%  V-AUROC: 0.5528  LR: 8.00e-06
2026-05-25 08:14:54,271 | [FULL+AUG] | INFO | full_experiments_using.model_trainers.mobile_vit_trainer | Ep [053/500] T-Acc:  63.5%  V-Acc:  54.1%  V-AUROC: 0.5579  LR: 8.00e-06
2026-05-25 08:17:03,087 | [FULL+AUG] | INFO | full_experiments_using.model_trainers.mobile_vit_trainer | Ep [054/500] T-Acc:  63.7%  V-Acc:  53.5%  V-AUROC: 0.5550  LR: 8.00e-06
2026-05-25 08:17:03,087 | [FULL+AUG] | INFO | full_experiments_using.model_trainers.mobile_vit_trainer | Early stop — best AUROC 0.5789 at epoch 14 (no improvement for 40 epochs)
2026-05-25 08:17:03,088 | [FULL+AUG] | INFO | full_experiments_using.model_trainers.mobile_vit_trainer | Done. Best AUROC: 0.5789 (epoch 14) → /home/leggo/AIResearch/VOGBasedMCIDetectionSystemMobileViTSingleExperimentInference/outputs/checkpoints/run_20260524_040820_full_aug/fold_13_best.pth
2026-05-25 08:17:38,425 | [FULL+AUG] | INFO | full_experiments_using.evaluators.monte_carlo_evaluator | -> Fold 14 Result | Acc=0.636 Sens=0.800 Spec=0.500 AUROC=0.733
2026-05-25 08:17:38,427 | [FULL+AUG] | INFO | full_experiments_using.evaluators.monte_carlo_evaluator | === Fold 15/30 | train: 25 subj / 3818 windows | test: 12 subj / 1918 windows ===
2026-05-25 08:17:38,676 | [FULL+AUG] | INFO | httpx | HTTP Request: HEAD https://huggingface.co/apple/mobilevit-small/resolve/main/config.json "HTTP/1.1 307 Temporary Redirect"
2026-05-25 08:17:38,691 | [FULL+AUG] | INFO | httpx | HTTP Request: HEAD https://huggingface.co/api/resolve-cache/models/apple/mobilevit-small/6c8612545dc98676d27bc518fa521d9e9af23e34/config.json "HTTP/1.1 200 OK"
2026-05-25 08:17:38,971 | [FULL+AUG] | INFO | httpx | HTTP Request: HEAD https://huggingface.co/apple/mobilevit-small/resolve/main/model.safetensors "HTTP/1.1 404 Not Found"
2026-05-25 08:17:39,183 | [FULL+AUG] | INFO | httpx | HTTP Request: HEAD https://huggingface.co/apple/mobilevit-small/resolve/main/model.safetensors.index.json "HTTP/1.1 404 Not Found"
2026-05-25 08:17:39,402 | [FULL+AUG] | INFO | httpx | HTTP Request: HEAD https://huggingface.co/apple/mobilevit-small/resolve/main/pytorch_model.bin "HTTP/1.1 302 Found"
2026-05-25 08:17:39,614 | [FULL+AUG] | INFO | httpx | HTTP Request: HEAD https://huggingface.co/apple/mobilevit-small/resolve/main/model.safetensors "HTTP/1.1 404 Not Found"
2026-05-25 08:17:39,846 | [FULL+AUG] | INFO | httpx | HTTP Request: GET https://huggingface.co/api/models/apple/mobilevit-small "HTTP/1.1 200 OK"
2026-05-25 08:17:40,078 | [FULL+AUG] | INFO | httpx | HTTP Request: GET https://huggingface.co/api/models/apple/mobilevit-small/commits/main "HTTP/1.1 200 OK"
2026-05-25 08:17:40,310 | [FULL+AUG] | INFO | httpx | HTTP Request: GET https://huggingface.co/api/models/apple/mobilevit-small/discussions?p=0 "HTTP/1.1 200 OK"
2026-05-25 08:17:40,538 | [FULL+AUG] | INFO | httpx | HTTP Request: GET https://huggingface.co/api/models/apple/mobilevit-small/commits/refs%2Fpr%2F6 "HTTP/1.1 200 OK"
2026-05-25 08:17:40,752 | [FULL+AUG] | INFO | httpx | HTTP Request: HEAD https://huggingface.co/apple/mobilevit-small/resolve/refs%2Fpr%2F6/model.safetensors.index.json "HTTP/1.1 404 Not Found"
2026-05-25 08:17:41,029 | [FULL+AUG] | INFO | httpx | HTTP Request: HEAD https://huggingface.co/apple/mobilevit-small/resolve/refs%2Fpr%2F6/model.safetensors "HTTP/1.1 302 Found"
2026-05-25 08:17:41,738 | [FULL+AUG] | INFO | full_experiments_using.model_trainers.mobile_vit_trainer | Device: cuda | max_epochs=500 | batch=32 | es_patience=40
2026-05-25 08:17:41,741 | [FULL+AUG] | INFO | full_experiments_using.model_trainers.mobile_vit_trainer | CE weights — HC: 1.104  MCI: 0.914
2026-05-25 08:19:50,705 | [FULL+AUG] | INFO | full_experiments_using.model_trainers.mobile_vit_trainer | Ep [001/500] T-Acc:  51.8%  V-Acc:  56.4%  V-AUROC: 0.4806  LR: 2.00e-04
2026-05-25 08:19:50,824 | [FULL+AUG] | INFO | full_experiments_using.model_trainers.mobile_vit_trainer |   ↳ new best AUROC; saved checkpoint: /home/leggo/AIResearch/VOGBasedMCIDetectionSystemMobileViTSingleExperimentInference/outputs/checkpoints/run_20260524_040820_full_aug/fold_14_best.pth
2026-05-25 08:21:59,982 | [FULL+AUG] | INFO | full_experiments_using.model_trainers.mobile_vit_trainer | Ep [002/500] T-Acc:  52.5%  V-Acc:  56.4%  V-AUROC: 0.5143  LR: 4.00e-04
2026-05-25 08:22:00,088 | [FULL+AUG] | INFO | full_experiments_using.model_trainers.mobile_vit_trainer |   ↳ new best AUROC; saved checkpoint: /home/leggo/AIResearch/VOGBasedMCIDetectionSystemMobileViTSingleExperimentInference/outputs/checkpoints/run_20260524_040820_full_aug/fold_14_best.pth
2026-05-25 08:24:09,057 | [FULL+AUG] | INFO | full_experiments_using.model_trainers.mobile_vit_trainer | Ep [003/500] T-Acc:  51.9%  V-Acc:  55.9%  V-AUROC: 0.5355  LR: 6.00e-04
2026-05-25 08:24:09,217 | [FULL+AUG] | INFO | full_experiments_using.model_trainers.mobile_vit_trainer |   ↳ new best AUROC; saved checkpoint: /home/leggo/AIResearch/VOGBasedMCIDetectionSystemMobileViTSingleExperimentInference/outputs/checkpoints/run_20260524_040820_full_aug/fold_14_best.pth
2026-05-25 08:26:18,566 | [FULL+AUG] | INFO | full_experiments_using.model_trainers.mobile_vit_trainer | Ep [004/500] T-Acc:  52.5%  V-Acc:  56.2%  V-AUROC: 0.5686  LR: 8.00e-04
2026-05-25 08:26:18,675 | [FULL+AUG] | INFO | full_experiments_using.model_trainers.mobile_vit_trainer |   ↳ new best AUROC; saved checkpoint: /home/leggo/AIResearch/VOGBasedMCIDetectionSystemMobileViTSingleExperimentInference/outputs/checkpoints/run_20260524_040820_full_aug/fold_14_best.pth
2026-05-25 08:28:27,113 | [FULL+AUG] | INFO | full_experiments_using.model_trainers.mobile_vit_trainer | Ep [005/500] T-Acc:  54.5%  V-Acc:  58.1%  V-AUROC: 0.5818  LR: 1.00e-03
2026-05-25 08:28:27,223 | [FULL+AUG] | INFO | full_experiments_using.model_trainers.mobile_vit_trainer |   ↳ new best AUROC; saved checkpoint: /home/leggo/AIResearch/VOGBasedMCIDetectionSystemMobileViTSingleExperimentInference/outputs/checkpoints/run_20260524_040820_full_aug/fold_14_best.pth
2026-05-25 08:30:36,876 | [FULL+AUG] | INFO | full_experiments_using.model_trainers.mobile_vit_trainer | Ep [006/500] T-Acc:  52.7%  V-Acc:  58.4%  V-AUROC: 0.6075  LR: 1.00e-03
2026-05-25 08:30:36,986 | [FULL+AUG] | INFO | full_experiments_using.model_trainers.mobile_vit_trainer |   ↳ new best AUROC; saved checkpoint: /home/leggo/AIResearch/VOGBasedMCIDetectionSystemMobileViTSingleExperimentInference/outputs/checkpoints/run_20260524_040820_full_aug/fold_14_best.pth
2026-05-25 08:32:45,332 | [FULL+AUG] | INFO | full_experiments_using.model_trainers.mobile_vit_trainer | Ep [007/500] T-Acc:  55.1%  V-Acc:  58.5%  V-AUROC: 0.6229  LR: 1.00e-03
2026-05-25 08:32:45,443 | [FULL+AUG] | INFO | full_experiments_using.model_trainers.mobile_vit_trainer |   ↳ new best AUROC; saved checkpoint: /home/leggo/AIResearch/VOGBasedMCIDetectionSystemMobileViTSingleExperimentInference/outputs/checkpoints/run_20260524_040820_full_aug/fold_14_best.pth
2026-05-25 08:34:53,132 | [FULL+AUG] | INFO | full_experiments_using.model_trainers.mobile_vit_trainer | Ep [008/500] T-Acc:  54.3%  V-Acc:  58.0%  V-AUROC: 0.6094  LR: 1.00e-03
2026-05-25 08:37:01,787 | [FULL+AUG] | INFO | full_experiments_using.model_trainers.mobile_vit_trainer | Ep [009/500] T-Acc:  54.0%  V-Acc:  59.0%  V-AUROC: 0.6116  LR: 1.00e-03
2026-05-25 08:39:10,633 | [FULL+AUG] | INFO | full_experiments_using.model_trainers.mobile_vit_trainer | Ep [010/500] T-Acc:  54.8%  V-Acc:  59.3%  V-AUROC: 0.6198  LR: 1.00e-03
2026-05-25 08:41:19,684 | [FULL+AUG] | INFO | full_experiments_using.model_trainers.mobile_vit_trainer | Ep [011/500] T-Acc:  55.4%  V-Acc:  59.6%  V-AUROC: 0.6242  LR: 1.00e-03
2026-05-25 08:41:19,796 | [FULL+AUG] | INFO | full_experiments_using.model_trainers.mobile_vit_trainer |   ↳ new best AUROC; saved checkpoint: /home/leggo/AIResearch/VOGBasedMCIDetectionSystemMobileViTSingleExperimentInference/outputs/checkpoints/run_20260524_040820_full_aug/fold_14_best.pth
2026-05-25 08:43:29,580 | [FULL+AUG] | INFO | full_experiments_using.model_trainers.mobile_vit_trainer | Ep [012/500] T-Acc:  55.8%  V-Acc:  60.6%  V-AUROC: 0.6312  LR: 1.00e-03
2026-05-25 08:43:29,690 | [FULL+AUG] | INFO | full_experiments_using.model_trainers.mobile_vit_trainer |   ↳ new best AUROC; saved checkpoint: /home/leggo/AIResearch/VOGBasedMCIDetectionSystemMobileViTSingleExperimentInference/outputs/checkpoints/run_20260524_040820_full_aug/fold_14_best.pth
2026-05-25 08:45:39,009 | [FULL+AUG] | INFO | full_experiments_using.model_trainers.mobile_vit_trainer | Ep [013/500] T-Acc:  55.7%  V-Acc:  59.9%  V-AUROC: 0.6348  LR: 1.00e-03
2026-05-25 08:45:39,120 | [FULL+AUG] | INFO | full_experiments_using.model_trainers.mobile_vit_trainer |   ↳ new best AUROC; saved checkpoint: /home/leggo/AIResearch/VOGBasedMCIDetectionSystemMobileViTSingleExperimentInference/outputs/checkpoints/run_20260524_040820_full_aug/fold_14_best.pth
2026-05-25 08:47:47,795 | [FULL+AUG] | INFO | full_experiments_using.model_trainers.mobile_vit_trainer | Ep [014/500] T-Acc:  56.9%  V-Acc:  60.2%  V-AUROC: 0.6460  LR: 1.00e-03
2026-05-25 08:47:47,904 | [FULL+AUG] | INFO | full_experiments_using.model_trainers.mobile_vit_trainer |   ↳ new best AUROC; saved checkpoint: /home/leggo/AIResearch/VOGBasedMCIDetectionSystemMobileViTSingleExperimentInference/outputs/checkpoints/run_20260524_040820_full_aug/fold_14_best.pth
2026-05-25 08:49:56,346 | [FULL+AUG] | INFO | full_experiments_using.model_trainers.mobile_vit_trainer | Ep [015/500] T-Acc:  55.6%  V-Acc:  60.3%  V-AUROC: 0.6417  LR: 1.00e-03
2026-05-25 08:52:04,808 | [FULL+AUG] | INFO | full_experiments_using.model_trainers.mobile_vit_trainer | Ep [016/500] T-Acc:  56.3%  V-Acc:  59.1%  V-AUROC: 0.6437  LR: 1.00e-03
2026-05-25 08:54:13,622 | [FULL+AUG] | INFO | full_experiments_using.model_trainers.mobile_vit_trainer | Ep [017/500] T-Acc:  56.1%  V-Acc:  61.4%  V-AUROC: 0.6550  LR: 1.00e-03
2026-05-25 08:54:13,768 | [FULL+AUG] | INFO | full_experiments_using.model_trainers.mobile_vit_trainer |   ↳ new best AUROC; saved checkpoint: /home/leggo/AIResearch/VOGBasedMCIDetectionSystemMobileViTSingleExperimentInference/outputs/checkpoints/run_20260524_040820_full_aug/fold_14_best.pth
2026-05-25 08:56:23,257 | [FULL+AUG] | INFO | full_experiments_using.model_trainers.mobile_vit_trainer | Ep [018/500] T-Acc:  55.2%  V-Acc:  61.0%  V-AUROC: 0.6483  LR: 1.00e-03
2026-05-25 08:58:31,536 | [FULL+AUG] | INFO | full_experiments_using.model_trainers.mobile_vit_trainer | Ep [019/500] T-Acc:  56.2%  V-Acc:  61.7%  V-AUROC: 0.6569  LR: 1.00e-03
2026-05-25 08:58:31,647 | [FULL+AUG] | INFO | full_experiments_using.model_trainers.mobile_vit_trainer |   ↳ new best AUROC; saved checkpoint: /home/leggo/AIResearch/VOGBasedMCIDetectionSystemMobileViTSingleExperimentInference/outputs/checkpoints/run_20260524_040820_full_aug/fold_14_best.pth
2026-05-25 09:00:39,866 | [FULL+AUG] | INFO | full_experiments_using.model_trainers.mobile_vit_trainer | Ep [020/500] T-Acc:  56.7%  V-Acc:  61.9%  V-AUROC: 0.6595  LR: 1.00e-03
2026-05-25 09:00:40,012 | [FULL+AUG] | INFO | full_experiments_using.model_trainers.mobile_vit_trainer |   ↳ new best AUROC; saved checkpoint: /home/leggo/AIResearch/VOGBasedMCIDetectionSystemMobileViTSingleExperimentInference/outputs/checkpoints/run_20260524_040820_full_aug/fold_14_best.pth
2026-05-25 09:02:48,473 | [FULL+AUG] | INFO | full_experiments_using.model_trainers.mobile_vit_trainer | Ep [021/500] T-Acc:  57.1%  V-Acc:  60.7%  V-AUROC: 0.6568  LR: 1.00e-03
2026-05-25 09:04:56,972 | [FULL+AUG] | INFO | full_experiments_using.model_trainers.mobile_vit_trainer | Ep [022/500] T-Acc:  56.5%  V-Acc:  60.7%  V-AUROC: 0.6561  LR: 1.00e-03
2026-05-25 09:07:06,762 | [FULL+AUG] | INFO | full_experiments_using.model_trainers.mobile_vit_trainer | Ep [023/500] T-Acc:  57.3%  V-Acc:  61.2%  V-AUROC: 0.6598  LR: 1.00e-03
2026-05-25 09:07:06,921 | [FULL+AUG] | INFO | full_experiments_using.model_trainers.mobile_vit_trainer |   ↳ new best AUROC; saved checkpoint: /home/leggo/AIResearch/VOGBasedMCIDetectionSystemMobileViTSingleExperimentInference/outputs/checkpoints/run_20260524_040820_full_aug/fold_14_best.pth
2026-05-25 09:09:15,950 | [FULL+AUG] | INFO | full_experiments_using.model_trainers.mobile_vit_trainer | Ep [024/500] T-Acc:  57.6%  V-Acc:  61.2%  V-AUROC: 0.6595  LR: 1.00e-03
2026-05-25 09:11:24,384 | [FULL+AUG] | INFO | full_experiments_using.model_trainers.mobile_vit_trainer | Ep [025/500] T-Acc:  57.8%  V-Acc:  61.1%  V-AUROC: 0.6617  LR: 1.00e-03
2026-05-25 09:11:24,531 | [FULL+AUG] | INFO | full_experiments_using.model_trainers.mobile_vit_trainer |   ↳ new best AUROC; saved checkpoint: /home/leggo/AIResearch/VOGBasedMCIDetectionSystemMobileViTSingleExperimentInference/outputs/checkpoints/run_20260524_040820_full_aug/fold_14_best.pth
2026-05-25 09:13:33,395 | [FULL+AUG] | INFO | full_experiments_using.model_trainers.mobile_vit_trainer | Ep [026/500] T-Acc:  57.2%  V-Acc:  62.5%  V-AUROC: 0.6686  LR: 1.00e-03
2026-05-25 09:13:33,562 | [FULL+AUG] | INFO | full_experiments_using.model_trainers.mobile_vit_trainer |   ↳ new best AUROC; saved checkpoint: /home/leggo/AIResearch/VOGBasedMCIDetectionSystemMobileViTSingleExperimentInference/outputs/checkpoints/run_20260524_040820_full_aug/fold_14_best.pth
2026-05-25 09:15:42,559 | [FULL+AUG] | INFO | full_experiments_using.model_trainers.mobile_vit_trainer | Ep [027/500] T-Acc:  57.2%  V-Acc:  62.5%  V-AUROC: 0.6615  LR: 1.00e-03
2026-05-25 09:17:51,837 | [FULL+AUG] | INFO | full_experiments_using.model_trainers.mobile_vit_trainer | Ep [028/500] T-Acc:  59.1%  V-Acc:  63.7%  V-AUROC: 0.6700  LR: 1.00e-03
2026-05-25 09:17:51,992 | [FULL+AUG] | INFO | full_experiments_using.model_trainers.mobile_vit_trainer |   ↳ new best AUROC; saved checkpoint: /home/leggo/AIResearch/VOGBasedMCIDetectionSystemMobileViTSingleExperimentInference/outputs/checkpoints/run_20260524_040820_full_aug/fold_14_best.pth
2026-05-25 09:20:00,879 | [FULL+AUG] | INFO | full_experiments_using.model_trainers.mobile_vit_trainer | Ep [029/500] T-Acc:  58.2%  V-Acc:  62.9%  V-AUROC: 0.6626  LR: 1.00e-03
2026-05-25 09:22:10,455 | [FULL+AUG] | INFO | full_experiments_using.model_trainers.mobile_vit_trainer | Ep [030/500] T-Acc:  57.9%  V-Acc:  61.3%  V-AUROC: 0.6476  LR: 1.00e-03
2026-05-25 09:24:19,941 | [FULL+AUG] | INFO | full_experiments_using.model_trainers.mobile_vit_trainer | Ep [031/500] T-Acc:  57.6%  V-Acc:  61.4%  V-AUROC: 0.6745  LR: 1.00e-03
2026-05-25 09:24:20,094 | [FULL+AUG] | INFO | full_experiments_using.model_trainers.mobile_vit_trainer |   ↳ new best AUROC; saved checkpoint: /home/leggo/AIResearch/VOGBasedMCIDetectionSystemMobileViTSingleExperimentInference/outputs/checkpoints/run_20260524_040820_full_aug/fold_14_best.pth
2026-05-25 09:26:28,325 | [FULL+AUG] | INFO | full_experiments_using.model_trainers.mobile_vit_trainer | Ep [032/500] T-Acc:  59.0%  V-Acc:  62.7%  V-AUROC: 0.6772  LR: 1.00e-03
2026-05-25 09:26:28,476 | [FULL+AUG] | INFO | full_experiments_using.model_trainers.mobile_vit_trainer |   ↳ new best AUROC; saved checkpoint: /home/leggo/AIResearch/VOGBasedMCIDetectionSystemMobileViTSingleExperimentInference/outputs/checkpoints/run_20260524_040820_full_aug/fold_14_best.pth
2026-05-25 09:28:38,178 | [FULL+AUG] | INFO | full_experiments_using.model_trainers.mobile_vit_trainer | Ep [033/500] T-Acc:  58.5%  V-Acc:  63.0%  V-AUROC: 0.6831  LR: 1.00e-03
2026-05-25 09:28:38,288 | [FULL+AUG] | INFO | full_experiments_using.model_trainers.mobile_vit_trainer |   ↳ new best AUROC; saved checkpoint: /home/leggo/AIResearch/VOGBasedMCIDetectionSystemMobileViTSingleExperimentInference/outputs/checkpoints/run_20260524_040820_full_aug/fold_14_best.pth
2026-05-25 09:30:47,530 | [FULL+AUG] | INFO | full_experiments_using.model_trainers.mobile_vit_trainer | Ep [034/500] T-Acc:  58.2%  V-Acc:  64.3%  V-AUROC: 0.6732  LR: 1.00e-03
2026-05-25 09:32:56,502 | [FULL+AUG] | INFO | full_experiments_using.model_trainers.mobile_vit_trainer | Ep [035/500] T-Acc:  58.6%  V-Acc:  63.0%  V-AUROC: 0.6747  LR: 1.00e-03
2026-05-25 09:35:05,829 | [FULL+AUG] | INFO | full_experiments_using.model_trainers.mobile_vit_trainer | Ep [036/500] T-Acc:  59.3%  V-Acc:  62.2%  V-AUROC: 0.6767  LR: 1.00e-03
2026-05-25 09:37:15,157 | [FULL+AUG] | INFO | full_experiments_using.model_trainers.mobile_vit_trainer | Ep [037/500] T-Acc:  58.5%  V-Acc:  63.1%  V-AUROC: 0.6787  LR: 1.00e-03
2026-05-25 09:39:24,876 | [FULL+AUG] | INFO | full_experiments_using.model_trainers.mobile_vit_trainer | Ep [038/500] T-Acc:  59.1%  V-Acc:  63.5%  V-AUROC: 0.6813  LR: 1.00e-03
2026-05-25 09:41:33,877 | [FULL+AUG] | INFO | full_experiments_using.model_trainers.mobile_vit_trainer | Ep [039/500] T-Acc:  59.0%  V-Acc:  65.6%  V-AUROC: 0.6817  LR: 1.00e-03
2026-05-25 09:43:42,917 | [FULL+AUG] | INFO | full_experiments_using.model_trainers.mobile_vit_trainer | Ep [040/500] T-Acc:  58.5%  V-Acc:  63.2%  V-AUROC: 0.6724  LR: 1.00e-03
2026-05-25 09:45:52,557 | [FULL+AUG] | INFO | full_experiments_using.model_trainers.mobile_vit_trainer | Ep [041/500] T-Acc:  58.7%  V-Acc:  62.1%  V-AUROC: 0.6774  LR: 1.00e-03
2026-05-25 09:48:01,692 | [FULL+AUG] | INFO | full_experiments_using.model_trainers.mobile_vit_trainer | Ep [042/500] T-Acc:  58.6%  V-Acc:  63.9%  V-AUROC: 0.6819  LR: 1.00e-03
2026-05-25 09:50:11,085 | [FULL+AUG] | INFO | full_experiments_using.model_trainers.mobile_vit_trainer | Ep [043/500] T-Acc:  59.4%  V-Acc:  63.2%  V-AUROC: 0.6776  LR: 1.00e-03
2026-05-25 09:52:19,762 | [FULL+AUG] | INFO | full_experiments_using.model_trainers.mobile_vit_trainer | Ep [044/500] T-Acc:  59.9%  V-Acc:  64.7%  V-AUROC: 0.6980  LR: 1.00e-03
2026-05-25 09:52:19,918 | [FULL+AUG] | INFO | full_experiments_using.model_trainers.mobile_vit_trainer |   ↳ new best AUROC; saved checkpoint: /home/leggo/AIResearch/VOGBasedMCIDetectionSystemMobileViTSingleExperimentInference/outputs/checkpoints/run_20260524_040820_full_aug/fold_14_best.pth
2026-05-25 09:54:29,705 | [FULL+AUG] | INFO | full_experiments_using.model_trainers.mobile_vit_trainer | Ep [045/500] T-Acc:  60.1%  V-Acc:  63.5%  V-AUROC: 0.6878  LR: 1.00e-03
2026-05-25 09:56:39,084 | [FULL+AUG] | INFO | full_experiments_using.model_trainers.mobile_vit_trainer | Ep [046/500] T-Acc:  59.7%  V-Acc:  65.7%  V-AUROC: 0.6950  LR: 1.00e-03
2026-05-25 09:58:48,092 | [FULL+AUG] | INFO | full_experiments_using.model_trainers.mobile_vit_trainer | Ep [047/500] T-Acc:  60.5%  V-Acc:  63.3%  V-AUROC: 0.6872  LR: 1.00e-03
2026-05-25 10:00:57,626 | [FULL+AUG] | INFO | full_experiments_using.model_trainers.mobile_vit_trainer | Ep [048/500] T-Acc:  60.5%  V-Acc:  63.5%  V-AUROC: 0.6862  LR: 1.00e-03
2026-05-25 10:03:06,689 | [FULL+AUG] | INFO | full_experiments_using.model_trainers.mobile_vit_trainer | Ep [049/500] T-Acc:  60.1%  V-Acc:  63.8%  V-AUROC: 0.6696  LR: 1.00e-03
2026-05-25 10:05:16,524 | [FULL+AUG] | INFO | full_experiments_using.model_trainers.mobile_vit_trainer | Ep [050/500] T-Acc:  60.1%  V-Acc:  61.6%  V-AUROC: 0.6780  LR: 1.00e-03
2026-05-25 10:07:25,366 | [FULL+AUG] | INFO | full_experiments_using.model_trainers.mobile_vit_trainer | Ep [051/500] T-Acc:  60.4%  V-Acc:  64.7%  V-AUROC: 0.6963  LR: 1.00e-03
2026-05-25 10:09:34,760 | [FULL+AUG] | INFO | full_experiments_using.model_trainers.mobile_vit_trainer | Ep [052/500] T-Acc:  60.1%  V-Acc:  65.6%  V-AUROC: 0.6990  LR: 1.00e-03
2026-05-25 10:09:34,922 | [FULL+AUG] | INFO | full_experiments_using.model_trainers.mobile_vit_trainer |   ↳ new best AUROC; saved checkpoint: /home/leggo/AIResearch/VOGBasedMCIDetectionSystemMobileViTSingleExperimentInference/outputs/checkpoints/run_20260524_040820_full_aug/fold_14_best.pth
2026-05-25 10:11:44,462 | [FULL+AUG] | INFO | full_experiments_using.model_trainers.mobile_vit_trainer | Ep [053/500] T-Acc:  60.3%  V-Acc:  64.7%  V-AUROC: 0.6881  LR: 1.00e-03
2026-05-25 10:13:52,940 | [FULL+AUG] | INFO | full_experiments_using.model_trainers.mobile_vit_trainer | Ep [054/500] T-Acc:  58.7%  V-Acc:  63.1%  V-AUROC: 0.6879  LR: 1.00e-03
2026-05-25 10:16:01,698 | [FULL+AUG] | INFO | full_experiments_using.model_trainers.mobile_vit_trainer | Ep [055/500] T-Acc:  61.5%  V-Acc:  65.5%  V-AUROC: 0.6887  LR: 1.00e-03
2026-05-25 10:18:11,461 | [FULL+AUG] | INFO | full_experiments_using.model_trainers.mobile_vit_trainer | Ep [056/500] T-Acc:  58.8%  V-Acc:  65.1%  V-AUROC: 0.6904  LR: 1.00e-03
2026-05-25 10:20:20,185 | [FULL+AUG] | INFO | full_experiments_using.model_trainers.mobile_vit_trainer | Ep [057/500] T-Acc:  61.0%  V-Acc:  65.6%  V-AUROC: 0.6971  LR: 1.00e-03
2026-05-25 10:22:29,013 | [FULL+AUG] | INFO | full_experiments_using.model_trainers.mobile_vit_trainer | Ep [058/500] T-Acc:  59.8%  V-Acc:  62.8%  V-AUROC: 0.6748  LR: 1.00e-03
2026-05-25 10:24:38,759 | [FULL+AUG] | INFO | full_experiments_using.model_trainers.mobile_vit_trainer | Ep [059/500] T-Acc:  60.8%  V-Acc:  64.2%  V-AUROC: 0.6873  LR: 1.00e-03
2026-05-25 10:26:47,532 | [FULL+AUG] | INFO | full_experiments_using.model_trainers.mobile_vit_trainer | Ep [060/500] T-Acc:  59.8%  V-Acc:  64.0%  V-AUROC: 0.6885  LR: 1.00e-03
2026-05-25 10:28:56,741 | [FULL+AUG] | INFO | full_experiments_using.model_trainers.mobile_vit_trainer | Ep [061/500] T-Acc:  61.6%  V-Acc:  65.0%  V-AUROC: 0.6969  LR: 1.00e-03
2026-05-25 10:31:05,151 | [FULL+AUG] | INFO | full_experiments_using.model_trainers.mobile_vit_trainer | Ep [062/500] T-Acc:  60.6%  V-Acc:  65.0%  V-AUROC: 0.6955  LR: 1.00e-03
2026-05-25 10:33:13,792 | [FULL+AUG] | INFO | full_experiments_using.model_trainers.mobile_vit_trainer | Ep [063/500] T-Acc:  60.0%  V-Acc:  63.7%  V-AUROC: 0.6929  LR: 1.00e-03
2026-05-25 10:35:22,949 | [FULL+AUG] | INFO | full_experiments_using.model_trainers.mobile_vit_trainer | Ep [064/500] T-Acc:  60.9%  V-Acc:  65.7%  V-AUROC: 0.6983  LR: 2.00e-04
2026-05-25 10:37:31,575 | [FULL+AUG] | INFO | full_experiments_using.model_trainers.mobile_vit_trainer | Ep [065/500] T-Acc:  61.5%  V-Acc:  65.3%  V-AUROC: 0.6939  LR: 2.00e-04
2026-05-25 10:39:40,012 | [FULL+AUG] | INFO | full_experiments_using.model_trainers.mobile_vit_trainer | Ep [066/500] T-Acc:  60.9%  V-Acc:  64.9%  V-AUROC: 0.6940  LR: 2.00e-04
2026-05-25 10:41:48,653 | [FULL+AUG] | INFO | full_experiments_using.model_trainers.mobile_vit_trainer | Ep [067/500] T-Acc:  60.5%  V-Acc:  64.9%  V-AUROC: 0.6926  LR: 2.00e-04
2026-05-25 10:43:58,103 | [FULL+AUG] | INFO | full_experiments_using.model_trainers.mobile_vit_trainer | Ep [068/500] T-Acc:  61.2%  V-Acc:  64.2%  V-AUROC: 0.6911  LR: 2.00e-04
2026-05-25 10:46:07,324 | [FULL+AUG] | INFO | full_experiments_using.model_trainers.mobile_vit_trainer | Ep [069/500] T-Acc:  61.0%  V-Acc:  65.8%  V-AUROC: 0.6954  LR: 2.00e-04
2026-05-25 10:48:15,963 | [FULL+AUG] | INFO | full_experiments_using.model_trainers.mobile_vit_trainer | Ep [070/500] T-Acc:  60.7%  V-Acc:  64.6%  V-AUROC: 0.6892  LR: 2.00e-04
2026-05-25 10:50:24,630 | [FULL+AUG] | INFO | full_experiments_using.model_trainers.mobile_vit_trainer | Ep [071/500] T-Acc:  62.1%  V-Acc:  64.7%  V-AUROC: 0.6936  LR: 2.00e-04
2026-05-25 10:52:33,931 | [FULL+AUG] | INFO | full_experiments_using.model_trainers.mobile_vit_trainer | Ep [072/500] T-Acc:  60.6%  V-Acc:  64.4%  V-AUROC: 0.6939  LR: 2.00e-04
2026-05-25 10:54:42,021 | [FULL+AUG] | INFO | full_experiments_using.model_trainers.mobile_vit_trainer | Ep [073/500] T-Acc:  60.8%  V-Acc:  64.3%  V-AUROC: 0.6963  LR: 2.00e-04
2026-05-25 10:56:51,642 | [FULL+AUG] | INFO | full_experiments_using.model_trainers.mobile_vit_trainer | Ep [074/500] T-Acc:  59.7%  V-Acc:  64.4%  V-AUROC: 0.6949  LR: 2.00e-04
2026-05-25 10:59:00,344 | [FULL+AUG] | INFO | full_experiments_using.model_trainers.mobile_vit_trainer | Ep [075/500] T-Acc:  61.6%  V-Acc:  64.5%  V-AUROC: 0.6936  LR: 4.00e-05
2026-05-25 11:01:09,704 | [FULL+AUG] | INFO | full_experiments_using.model_trainers.mobile_vit_trainer | Ep [076/500] T-Acc:  62.0%  V-Acc:  64.8%  V-AUROC: 0.6954  LR: 4.00e-05
2026-05-25 11:03:18,281 | [FULL+AUG] | INFO | full_experiments_using.model_trainers.mobile_vit_trainer | Ep [077/500] T-Acc:  61.1%  V-Acc:  65.5%  V-AUROC: 0.6944  LR: 4.00e-05
2026-05-25 11:05:26,922 | [FULL+AUG] | INFO | full_experiments_using.model_trainers.mobile_vit_trainer | Ep [078/500] T-Acc:  60.8%  V-Acc:  64.8%  V-AUROC: 0.6954  LR: 4.00e-05
2026-05-25 11:07:36,524 | [FULL+AUG] | INFO | full_experiments_using.model_trainers.mobile_vit_trainer | Ep [079/500] T-Acc:  60.9%  V-Acc:  65.1%  V-AUROC: 0.6945  LR: 4.00e-05
2026-05-25 11:09:45,657 | [FULL+AUG] | INFO | full_experiments_using.model_trainers.mobile_vit_trainer | Ep [080/500] T-Acc:  61.9%  V-Acc:  65.0%  V-AUROC: 0.6936  LR: 4.00e-05
2026-05-25 11:11:54,508 | [FULL+AUG] | INFO | full_experiments_using.model_trainers.mobile_vit_trainer | Ep [081/500] T-Acc:  61.5%  V-Acc:  65.5%  V-AUROC: 0.6952  LR: 4.00e-05
2026-05-25 11:14:03,954 | [FULL+AUG] | INFO | full_experiments_using.model_trainers.mobile_vit_trainer | Ep [082/500] T-Acc:  61.5%  V-Acc:  65.2%  V-AUROC: 0.6964  LR: 4.00e-05
2026-05-25 11:16:12,803 | [FULL+AUG] | INFO | full_experiments_using.model_trainers.mobile_vit_trainer | Ep [083/500] T-Acc:  61.4%  V-Acc:  64.8%  V-AUROC: 0.6951  LR: 4.00e-05
2026-05-25 11:18:22,056 | [FULL+AUG] | INFO | full_experiments_using.model_trainers.mobile_vit_trainer | Ep [084/500] T-Acc:  61.7%  V-Acc:  65.3%  V-AUROC: 0.6962  LR: 4.00e-05
2026-05-25 11:20:31,308 | [FULL+AUG] | INFO | full_experiments_using.model_trainers.mobile_vit_trainer | Ep [085/500] T-Acc:  62.3%  V-Acc:  65.7%  V-AUROC: 0.6959  LR: 4.00e-05
2026-05-25 11:22:40,956 | [FULL+AUG] | INFO | full_experiments_using.model_trainers.mobile_vit_trainer | Ep [086/500] T-Acc:  60.9%  V-Acc:  65.0%  V-AUROC: 0.6947  LR: 8.00e-06
2026-05-25 11:24:49,550 | [FULL+AUG] | INFO | full_experiments_using.model_trainers.mobile_vit_trainer | Ep [087/500] T-Acc:  60.9%  V-Acc:  65.2%  V-AUROC: 0.6994  LR: 8.00e-06
2026-05-25 11:24:49,661 | [FULL+AUG] | INFO | full_experiments_using.model_trainers.mobile_vit_trainer |   ↳ new best AUROC; saved checkpoint: /home/leggo/AIResearch/VOGBasedMCIDetectionSystemMobileViTSingleExperimentInference/outputs/checkpoints/run_20260524_040820_full_aug/fold_14_best.pth
2026-05-25 11:26:59,150 | [FULL+AUG] | INFO | full_experiments_using.model_trainers.mobile_vit_trainer | Ep [088/500] T-Acc:  61.9%  V-Acc:  65.1%  V-AUROC: 0.6963  LR: 8.00e-06
2026-05-25 11:29:07,804 | [FULL+AUG] | INFO | full_experiments_using.model_trainers.mobile_vit_trainer | Ep [089/500] T-Acc:  61.3%  V-Acc:  65.6%  V-AUROC: 0.6969  LR: 8.00e-06
2026-05-25 11:31:16,343 | [FULL+AUG] | INFO | full_experiments_using.model_trainers.mobile_vit_trainer | Ep [090/500] T-Acc:  61.3%  V-Acc:  65.4%  V-AUROC: 0.6959  LR: 8.00e-06
2026-05-25 11:33:25,893 | [FULL+AUG] | INFO | full_experiments_using.model_trainers.mobile_vit_trainer | Ep [091/500] T-Acc:  61.2%  V-Acc:  65.7%  V-AUROC: 0.6966  LR: 8.00e-06
2026-05-25 11:35:34,984 | [FULL+AUG] | INFO | full_experiments_using.model_trainers.mobile_vit_trainer | Ep [092/500] T-Acc:  61.3%  V-Acc:  65.6%  V-AUROC: 0.6963  LR: 8.00e-06
2026-05-25 11:37:44,536 | [FULL+AUG] | INFO | full_experiments_using.model_trainers.mobile_vit_trainer | Ep [093/500] T-Acc:  60.0%  V-Acc:  65.8%  V-AUROC: 0.6958  LR: 8.00e-06
2026-05-25 11:39:52,703 | [FULL+AUG] | INFO | full_experiments_using.model_trainers.mobile_vit_trainer | Ep [094/500] T-Acc:  61.3%  V-Acc:  65.1%  V-AUROC: 0.6965  LR: 8.00e-06
2026-05-25 11:42:02,046 | [FULL+AUG] | INFO | full_experiments_using.model_trainers.mobile_vit_trainer | Ep [095/500] T-Acc:  61.3%  V-Acc:  64.3%  V-AUROC: 0.6960  LR: 8.00e-06
2026-05-25 11:44:11,221 | [FULL+AUG] | INFO | full_experiments_using.model_trainers.mobile_vit_trainer | Ep [096/500] T-Acc:  62.1%  V-Acc:  64.5%  V-AUROC: 0.6955  LR: 8.00e-06
2026-05-25 11:46:20,408 | [FULL+AUG] | INFO | full_experiments_using.model_trainers.mobile_vit_trainer | Ep [097/500] T-Acc:  61.0%  V-Acc:  64.9%  V-AUROC: 0.6961  LR: 8.00e-06
2026-05-25 11:48:29,341 | [FULL+AUG] | INFO | full_experiments_using.model_trainers.mobile_vit_trainer | Ep [098/500] T-Acc:  61.6%  V-Acc:  65.3%  V-AUROC: 0.6948  LR: 8.00e-06
2026-05-25 11:50:38,298 | [FULL+AUG] | INFO | full_experiments_using.model_trainers.mobile_vit_trainer | Ep [099/500] T-Acc:  62.1%  V-Acc:  64.9%  V-AUROC: 0.6945  LR: 1.60e-06
2026-05-25 11:52:47,325 | [FULL+AUG] | INFO | full_experiments_using.model_trainers.mobile_vit_trainer | Ep [100/500] T-Acc:  60.9%  V-Acc:  65.7%  V-AUROC: 0.6981  LR: 1.60e-06
2026-05-25 11:54:56,154 | [FULL+AUG] | INFO | full_experiments_using.model_trainers.mobile_vit_trainer | Ep [101/500] T-Acc:  60.3%  V-Acc:  65.3%  V-AUROC: 0.6946  LR: 1.60e-06
2026-05-25 11:57:04,793 | [FULL+AUG] | INFO | full_experiments_using.model_trainers.mobile_vit_trainer | Ep [102/500] T-Acc:  62.1%  V-Acc:  65.3%  V-AUROC: 0.6975  LR: 1.60e-06
2026-05-25 11:59:13,580 | [FULL+AUG] | INFO | full_experiments_using.model_trainers.mobile_vit_trainer | Ep [103/500] T-Acc:  60.8%  V-Acc:  65.9%  V-AUROC: 0.6956  LR: 1.60e-06
2026-05-25 12:01:22,133 | [FULL+AUG] | INFO | full_experiments_using.model_trainers.mobile_vit_trainer | Ep [104/500] T-Acc:  60.5%  V-Acc:  65.1%  V-AUROC: 0.6973  LR: 1.60e-06
2026-05-25 12:03:30,967 | [FULL+AUG] | INFO | full_experiments_using.model_trainers.mobile_vit_trainer | Ep [105/500] T-Acc:  61.6%  V-Acc:  65.8%  V-AUROC: 0.6965  LR: 1.60e-06
2026-05-25 12:05:39,836 | [FULL+AUG] | INFO | full_experiments_using.model_trainers.mobile_vit_trainer | Ep [106/500] T-Acc:  61.2%  V-Acc:  65.7%  V-AUROC: 0.6946  LR: 1.60e-06
2026-05-25 12:07:48,534 | [FULL+AUG] | INFO | full_experiments_using.model_trainers.mobile_vit_trainer | Ep [107/500] T-Acc:  62.7%  V-Acc:  65.4%  V-AUROC: 0.6972  LR: 1.60e-06
2026-05-25 12:09:58,147 | [FULL+AUG] | INFO | full_experiments_using.model_trainers.mobile_vit_trainer | Ep [108/500] T-Acc:  62.4%  V-Acc:  65.5%  V-AUROC: 0.6953  LR: 1.60e-06
2026-05-25 12:12:06,975 | [FULL+AUG] | INFO | full_experiments_using.model_trainers.mobile_vit_trainer | Ep [109/500] T-Acc:  61.6%  V-Acc:  65.3%  V-AUROC: 0.6973  LR: 1.60e-06
2026-05-25 12:14:16,115 | [FULL+AUG] | INFO | full_experiments_using.model_trainers.mobile_vit_trainer | Ep [110/500] T-Acc:  61.2%  V-Acc:  64.2%  V-AUROC: 0.6972  LR: 1.00e-06
2026-05-25 12:16:24,957 | [FULL+AUG] | INFO | full_experiments_using.model_trainers.mobile_vit_trainer | Ep [111/500] T-Acc:  60.6%  V-Acc:  65.4%  V-AUROC: 0.6954  LR: 1.00e-06
2026-05-25 12:18:34,022 | [FULL+AUG] | INFO | full_experiments_using.model_trainers.mobile_vit_trainer | Ep [112/500] T-Acc:  60.8%  V-Acc:  65.0%  V-AUROC: 0.6959  LR: 1.00e-06
2026-05-25 12:20:43,128 | [FULL+AUG] | INFO | full_experiments_using.model_trainers.mobile_vit_trainer | Ep [113/500] T-Acc:  61.5%  V-Acc:  65.5%  V-AUROC: 0.6969  LR: 1.00e-06
2026-05-25 12:22:52,247 | [FULL+AUG] | INFO | full_experiments_using.model_trainers.mobile_vit_trainer | Ep [114/500] T-Acc:  61.3%  V-Acc:  65.2%  V-AUROC: 0.6948  LR: 1.00e-06
2026-05-25 12:25:01,041 | [FULL+AUG] | INFO | full_experiments_using.model_trainers.mobile_vit_trainer | Ep [115/500] T-Acc:  60.8%  V-Acc:  65.3%  V-AUROC: 0.6970  LR: 1.00e-06
2026-05-25 12:27:10,199 | [FULL+AUG] | INFO | full_experiments_using.model_trainers.mobile_vit_trainer | Ep [116/500] T-Acc:  60.9%  V-Acc:  65.4%  V-AUROC: 0.6974  LR: 1.00e-06
2026-05-25 12:29:19,252 | [FULL+AUG] | INFO | full_experiments_using.model_trainers.mobile_vit_trainer | Ep [117/500] T-Acc:  61.7%  V-Acc:  65.5%  V-AUROC: 0.6945  LR: 1.00e-06
2026-05-25 12:31:28,973 | [FULL+AUG] | INFO | full_experiments_using.model_trainers.mobile_vit_trainer | Ep [118/500] T-Acc:  62.0%  V-Acc:  65.3%  V-AUROC: 0.6970  LR: 1.00e-06
2026-05-25 12:33:38,432 | [FULL+AUG] | INFO | full_experiments_using.model_trainers.mobile_vit_trainer | Ep [119/500] T-Acc:  61.7%  V-Acc:  65.0%  V-AUROC: 0.6943  LR: 1.00e-06
2026-05-25 12:35:47,428 | [FULL+AUG] | INFO | full_experiments_using.model_trainers.mobile_vit_trainer | Ep [120/500] T-Acc:  61.9%  V-Acc:  65.1%  V-AUROC: 0.6953  LR: 1.00e-06
2026-05-25 12:37:56,730 | [FULL+AUG] | INFO | full_experiments_using.model_trainers.mobile_vit_trainer | Ep [121/500] T-Acc:  61.4%  V-Acc:  64.5%  V-AUROC: 0.6956  LR: 1.00e-06
2026-05-25 12:40:05,695 | [FULL+AUG] | INFO | full_experiments_using.model_trainers.mobile_vit_trainer | Ep [122/500] T-Acc:  61.3%  V-Acc:  65.8%  V-AUROC: 0.6962  LR: 1.00e-06
2026-05-25 12:42:15,072 | [FULL+AUG] | INFO | full_experiments_using.model_trainers.mobile_vit_trainer | Ep [123/500] T-Acc:  60.7%  V-Acc:  65.2%  V-AUROC: 0.6970  LR: 1.00e-06
2026-05-25 12:44:24,353 | [FULL+AUG] | INFO | full_experiments_using.model_trainers.mobile_vit_trainer | Ep [124/500] T-Acc:  60.6%  V-Acc:  64.8%  V-AUROC: 0.6960  LR: 1.00e-06
2026-05-25 12:46:33,566 | [FULL+AUG] | INFO | full_experiments_using.model_trainers.mobile_vit_trainer | Ep [125/500] T-Acc:  60.2%  V-Acc:  65.0%  V-AUROC: 0.6964  LR: 1.00e-06
2026-05-25 12:48:41,817 | [FULL+AUG] | INFO | full_experiments_using.model_trainers.mobile_vit_trainer | Ep [126/500] T-Acc:  60.2%  V-Acc:  65.2%  V-AUROC: 0.6947  LR: 1.00e-06
2026-05-25 12:50:50,730 | [FULL+AUG] | INFO | full_experiments_using.model_trainers.mobile_vit_trainer | Ep [127/500] T-Acc:  61.4%  V-Acc:  65.3%  V-AUROC: 0.6975  LR: 1.00e-06
2026-05-25 12:50:50,731 | [FULL+AUG] | INFO | full_experiments_using.model_trainers.mobile_vit_trainer | Early stop — best AUROC 0.6994 at epoch 87 (no improvement for 40 epochs)
2026-05-25 12:50:50,731 | [FULL+AUG] | INFO | full_experiments_using.model_trainers.mobile_vit_trainer | Done. Best AUROC: 0.6994 (epoch 87) → /home/leggo/AIResearch/VOGBasedMCIDetectionSystemMobileViTSingleExperimentInference/outputs/checkpoints/run_20260524_040820_full_aug/fold_14_best.pth
2026-05-25 12:51:25,231 | [FULL+AUG] | INFO | full_experiments_using.evaluators.monte_carlo_evaluator | -> Fold 15 Result | Acc=0.909 Sens=0.857 Spec=1.000 AUROC=0.929
2026-05-25 12:51:25,236 | [FULL+AUG] | INFO | full_experiments_using.evaluators.monte_carlo_evaluator | === Fold 16/30 | train: 25 subj / 3839 windows | test: 12 subj / 1897 windows ===
2026-05-25 12:51:25,491 | [FULL+AUG] | INFO | httpx | HTTP Request: HEAD https://huggingface.co/apple/mobilevit-small/resolve/main/config.json "HTTP/1.1 307 Temporary Redirect"
2026-05-25 12:51:25,509 | [FULL+AUG] | INFO | httpx | HTTP Request: HEAD https://huggingface.co/api/resolve-cache/models/apple/mobilevit-small/6c8612545dc98676d27bc518fa521d9e9af23e34/config.json "HTTP/1.1 200 OK"
2026-05-25 12:51:25,783 | [FULL+AUG] | INFO | httpx | HTTP Request: HEAD https://huggingface.co/apple/mobilevit-small/resolve/main/model.safetensors "HTTP/1.1 404 Not Found"
2026-05-25 12:51:25,998 | [FULL+AUG] | INFO | httpx | HTTP Request: HEAD https://huggingface.co/apple/mobilevit-small/resolve/main/model.safetensors.index.json "HTTP/1.1 404 Not Found"
2026-05-25 12:51:26,226 | [FULL+AUG] | INFO | httpx | HTTP Request: HEAD https://huggingface.co/apple/mobilevit-small/resolve/main/pytorch_model.bin "HTTP/1.1 302 Found"
2026-05-25 12:51:26,444 | [FULL+AUG] | INFO | httpx | HTTP Request: HEAD https://huggingface.co/apple/mobilevit-small/resolve/main/model.safetensors "HTTP/1.1 404 Not Found"
2026-05-25 12:51:26,655 | [FULL+AUG] | INFO | httpx | HTTP Request: GET https://huggingface.co/api/models/apple/mobilevit-small "HTTP/1.1 200 OK"
2026-05-25 12:51:26,896 | [FULL+AUG] | INFO | httpx | HTTP Request: GET https://huggingface.co/api/models/apple/mobilevit-small/commits/main "HTTP/1.1 200 OK"
2026-05-25 12:51:27,124 | [FULL+AUG] | INFO | httpx | HTTP Request: GET https://huggingface.co/api/models/apple/mobilevit-small/discussions?p=0 "HTTP/1.1 200 OK"
2026-05-25 12:51:27,353 | [FULL+AUG] | INFO | httpx | HTTP Request: GET https://huggingface.co/api/models/apple/mobilevit-small/commits/refs%2Fpr%2F6 "HTTP/1.1 200 OK"
2026-05-25 12:51:27,567 | [FULL+AUG] | INFO | httpx | HTTP Request: HEAD https://huggingface.co/apple/mobilevit-small/resolve/refs%2Fpr%2F6/model.safetensors.index.json "HTTP/1.1 404 Not Found"
2026-05-25 12:51:27,784 | [FULL+AUG] | INFO | httpx | HTTP Request: HEAD https://huggingface.co/apple/mobilevit-small/resolve/refs%2Fpr%2F6/model.safetensors "HTTP/1.1 302 Found"
2026-05-25 12:51:28,588 | [FULL+AUG] | INFO | full_experiments_using.model_trainers.mobile_vit_trainer | Device: cuda | max_epochs=500 | batch=32 | es_patience=40
2026-05-25 12:51:28,592 | [FULL+AUG] | INFO | full_experiments_using.model_trainers.mobile_vit_trainer | CE weights — HC: 1.311  MCI: 0.808
2026-05-25 12:53:37,941 | [FULL+AUG] | INFO | full_experiments_using.model_trainers.mobile_vit_trainer | Ep [001/500] T-Acc:  53.4%  V-Acc:  44.9%  V-AUROC: 0.4291  LR: 2.00e-04
2026-05-25 12:53:38,035 | [FULL+AUG] | INFO | full_experiments_using.model_trainers.mobile_vit_trainer |   ↳ new best AUROC; saved checkpoint: /home/leggo/AIResearch/VOGBasedMCIDetectionSystemMobileViTSingleExperimentInference/outputs/checkpoints/run_20260524_040820_full_aug/fold_15_best.pth
2026-05-25 12:55:47,144 | [FULL+AUG] | INFO | full_experiments_using.model_trainers.mobile_vit_trainer | Ep [002/500] T-Acc:  53.4%  V-Acc:  43.2%  V-AUROC: 0.4253  LR: 4.00e-04
2026-05-25 12:57:56,203 | [FULL+AUG] | INFO | full_experiments_using.model_trainers.mobile_vit_trainer | Ep [003/500] T-Acc:  56.6%  V-Acc:  43.6%  V-AUROC: 0.4360  LR: 6.00e-04
2026-05-25 12:57:56,348 | [FULL+AUG] | INFO | full_experiments_using.model_trainers.mobile_vit_trainer |   ↳ new best AUROC; saved checkpoint: /home/leggo/AIResearch/VOGBasedMCIDetectionSystemMobileViTSingleExperimentInference/outputs/checkpoints/run_20260524_040820_full_aug/fold_15_best.pth
2026-05-25 13:00:05,181 | [FULL+AUG] | INFO | full_experiments_using.model_trainers.mobile_vit_trainer | Ep [004/500] T-Acc:  55.1%  V-Acc:  44.6%  V-AUROC: 0.4498  LR: 8.00e-04
2026-05-25 13:00:05,322 | [FULL+AUG] | INFO | full_experiments_using.model_trainers.mobile_vit_trainer |   ↳ new best AUROC; saved checkpoint: /home/leggo/AIResearch/VOGBasedMCIDetectionSystemMobileViTSingleExperimentInference/outputs/checkpoints/run_20260524_040820_full_aug/fold_15_best.pth
2026-05-25 13:02:14,215 | [FULL+AUG] | INFO | full_experiments_using.model_trainers.mobile_vit_trainer | Ep [005/500] T-Acc:  57.9%  V-Acc:  47.2%  V-AUROC: 0.4603  LR: 1.00e-03
2026-05-25 13:02:14,351 | [FULL+AUG] | INFO | full_experiments_using.model_trainers.mobile_vit_trainer |   ↳ new best AUROC; saved checkpoint: /home/leggo/AIResearch/VOGBasedMCIDetectionSystemMobileViTSingleExperimentInference/outputs/checkpoints/run_20260524_040820_full_aug/fold_15_best.pth
2026-05-25 13:04:22,878 | [FULL+AUG] | INFO | full_experiments_using.model_trainers.mobile_vit_trainer | Ep [006/500] T-Acc:  59.8%  V-Acc:  47.2%  V-AUROC: 0.4821  LR: 1.00e-03
2026-05-25 13:04:23,017 | [FULL+AUG] | INFO | full_experiments_using.model_trainers.mobile_vit_trainer |   ↳ new best AUROC; saved checkpoint: /home/leggo/AIResearch/VOGBasedMCIDetectionSystemMobileViTSingleExperimentInference/outputs/checkpoints/run_20260524_040820_full_aug/fold_15_best.pth
2026-05-25 13:06:31,839 | [FULL+AUG] | INFO | full_experiments_using.model_trainers.mobile_vit_trainer | Ep [007/500] T-Acc:  60.4%  V-Acc:  46.1%  V-AUROC: 0.4596  LR: 1.00e-03
2026-05-25 13:08:41,100 | [FULL+AUG] | INFO | full_experiments_using.model_trainers.mobile_vit_trainer | Ep [008/500] T-Acc:  61.9%  V-Acc:  46.4%  V-AUROC: 0.4620  LR: 1.00e-03
2026-05-25 13:10:50,184 | [FULL+AUG] | INFO | full_experiments_using.model_trainers.mobile_vit_trainer | Ep [009/500] T-Acc:  62.5%  V-Acc:  45.9%  V-AUROC: 0.4578  LR: 1.00e-03
2026-05-25 13:12:59,140 | [FULL+AUG] | INFO | full_experiments_using.model_trainers.mobile_vit_trainer | Ep [010/500] T-Acc:  63.0%  V-Acc:  45.2%  V-AUROC: 0.4638  LR: 1.00e-03
2026-05-25 13:15:07,900 | [FULL+AUG] | INFO | full_experiments_using.model_trainers.mobile_vit_trainer | Ep [011/500] T-Acc:  62.6%  V-Acc:  45.3%  V-AUROC: 0.4608  LR: 1.00e-03
2026-05-25 13:17:17,073 | [FULL+AUG] | INFO | full_experiments_using.model_trainers.mobile_vit_trainer | Ep [012/500] T-Acc:  63.8%  V-Acc:  45.2%  V-AUROC: 0.4709  LR: 1.00e-03
2026-05-25 13:19:25,977 | [FULL+AUG] | INFO | full_experiments_using.model_trainers.mobile_vit_trainer | Ep [013/500] T-Acc:  63.3%  V-Acc:  44.6%  V-AUROC: 0.4613  LR: 1.00e-03
2026-05-25 13:21:35,002 | [FULL+AUG] | INFO | full_experiments_using.model_trainers.mobile_vit_trainer | Ep [014/500] T-Acc:  65.5%  V-Acc:  43.5%  V-AUROC: 0.4549  LR: 1.00e-03
2026-05-25 13:23:44,116 | [FULL+AUG] | INFO | full_experiments_using.model_trainers.mobile_vit_trainer | Ep [015/500] T-Acc:  65.2%  V-Acc:  43.4%  V-AUROC: 0.4531  LR: 1.00e-03
2026-05-25 13:25:53,410 | [FULL+AUG] | INFO | full_experiments_using.model_trainers.mobile_vit_trainer | Ep [016/500] T-Acc:  65.3%  V-Acc:  43.8%  V-AUROC: 0.4518  LR: 1.00e-03
2026-05-25 13:28:03,063 | [FULL+AUG] | INFO | full_experiments_using.model_trainers.mobile_vit_trainer | Ep [017/500] T-Acc:  66.9%  V-Acc:  44.1%  V-AUROC: 0.4590  LR: 1.00e-03
2026-05-25 13:30:11,996 | [FULL+AUG] | INFO | full_experiments_using.model_trainers.mobile_vit_trainer | Ep [018/500] T-Acc:  65.4%  V-Acc:  44.1%  V-AUROC: 0.4566  LR: 2.00e-04
2026-05-25 13:32:20,878 | [FULL+AUG] | INFO | full_experiments_using.model_trainers.mobile_vit_trainer | Ep [019/500] T-Acc:  66.3%  V-Acc:  44.1%  V-AUROC: 0.4560  LR: 2.00e-04
2026-05-25 13:34:28,957 | [FULL+AUG] | INFO | full_experiments_using.model_trainers.mobile_vit_trainer | Ep [020/500] T-Acc:  66.8%  V-Acc:  44.2%  V-AUROC: 0.4573  LR: 2.00e-04
2026-05-25 13:36:38,054 | [FULL+AUG] | INFO | full_experiments_using.model_trainers.mobile_vit_trainer | Ep [021/500] T-Acc:  66.8%  V-Acc:  43.5%  V-AUROC: 0.4575  LR: 2.00e-04
2026-05-25 13:38:47,075 | [FULL+AUG] | INFO | full_experiments_using.model_trainers.mobile_vit_trainer | Ep [022/500] T-Acc:  66.3%  V-Acc:  43.8%  V-AUROC: 0.4579  LR: 2.00e-04
2026-05-25 13:40:55,795 | [FULL+AUG] | INFO | full_experiments_using.model_trainers.mobile_vit_trainer | Ep [023/500] T-Acc:  66.9%  V-Acc:  44.2%  V-AUROC: 0.4584  LR: 2.00e-04
2026-05-25 13:43:04,808 | [FULL+AUG] | INFO | full_experiments_using.model_trainers.mobile_vit_trainer | Ep [024/500] T-Acc:  67.0%  V-Acc:  44.5%  V-AUROC: 0.4574  LR: 2.00e-04
2026-05-25 13:45:13,558 | [FULL+AUG] | INFO | full_experiments_using.model_trainers.mobile_vit_trainer | Ep [025/500] T-Acc:  68.0%  V-Acc:  43.8%  V-AUROC: 0.4568  LR: 2.00e-04
2026-05-25 13:47:22,931 | [FULL+AUG] | INFO | full_experiments_using.model_trainers.mobile_vit_trainer | Ep [026/500] T-Acc:  67.9%  V-Acc:  43.7%  V-AUROC: 0.4575  LR: 2.00e-04
2026-05-25 13:49:32,258 | [FULL+AUG] | INFO | full_experiments_using.model_trainers.mobile_vit_trainer | Ep [027/500] T-Acc:  67.7%  V-Acc:  44.0%  V-AUROC: 0.4535  LR: 2.00e-04
2026-05-25 13:51:41,315 | [FULL+AUG] | INFO | full_experiments_using.model_trainers.mobile_vit_trainer | Ep [028/500] T-Acc:  68.1%  V-Acc:  43.9%  V-AUROC: 0.4536  LR: 2.00e-04
2026-05-25 13:53:50,755 | [FULL+AUG] | INFO | full_experiments_using.model_trainers.mobile_vit_trainer | Ep [029/500] T-Acc:  67.3%  V-Acc:  43.6%  V-AUROC: 0.4547  LR: 4.00e-05
2026-05-25 13:55:59,563 | [FULL+AUG] | INFO | full_experiments_using.model_trainers.mobile_vit_trainer | Ep [030/500] T-Acc:  67.8%  V-Acc:  43.6%  V-AUROC: 0.4552  LR: 4.00e-05
2026-05-25 13:58:08,773 | [FULL+AUG] | INFO | full_experiments_using.model_trainers.mobile_vit_trainer | Ep [031/500] T-Acc:  67.3%  V-Acc:  42.9%  V-AUROC: 0.4542  LR: 4.00e-05
2026-05-25 14:00:17,754 | [FULL+AUG] | INFO | full_experiments_using.model_trainers.mobile_vit_trainer | Ep [032/500] T-Acc:  67.6%  V-Acc:  43.6%  V-AUROC: 0.4545  LR: 4.00e-05
2026-05-25 14:02:26,797 | [FULL+AUG] | INFO | full_experiments_using.model_trainers.mobile_vit_trainer | Ep [033/500] T-Acc:  67.3%  V-Acc:  43.9%  V-AUROC: 0.4549  LR: 4.00e-05
2026-05-25 14:04:35,919 | [FULL+AUG] | INFO | full_experiments_using.model_trainers.mobile_vit_trainer | Ep [034/500] T-Acc:  67.9%  V-Acc:  43.9%  V-AUROC: 0.4566  LR: 4.00e-05
2026-05-25 14:06:45,275 | [FULL+AUG] | INFO | full_experiments_using.model_trainers.mobile_vit_trainer | Ep [035/500] T-Acc:  66.9%  V-Acc:  44.2%  V-AUROC: 0.4575  LR: 4.00e-05
2026-05-25 14:08:53,972 | [FULL+AUG] | INFO | full_experiments_using.model_trainers.mobile_vit_trainer | Ep [036/500] T-Acc:  67.9%  V-Acc:  43.8%  V-AUROC: 0.4560  LR: 4.00e-05
2026-05-25 14:11:02,851 | [FULL+AUG] | INFO | full_experiments_using.model_trainers.mobile_vit_trainer | Ep [037/500] T-Acc:  68.0%  V-Acc:  44.1%  V-AUROC: 0.4573  LR: 4.00e-05
2026-05-25 14:13:12,047 | [FULL+AUG] | INFO | full_experiments_using.model_trainers.mobile_vit_trainer | Ep [038/500] T-Acc:  68.4%  V-Acc:  44.2%  V-AUROC: 0.4562  LR: 4.00e-05
2026-05-25 14:15:20,776 | [FULL+AUG] | INFO | full_experiments_using.model_trainers.mobile_vit_trainer | Ep [039/500] T-Acc:  68.5%  V-Acc:  43.6%  V-AUROC: 0.4561  LR: 4.00e-05
2026-05-25 14:17:29,944 | [FULL+AUG] | INFO | full_experiments_using.model_trainers.mobile_vit_trainer | Ep [040/500] T-Acc:  68.4%  V-Acc:  44.0%  V-AUROC: 0.4578  LR: 8.00e-06
2026-05-25 14:19:39,040 | [FULL+AUG] | INFO | full_experiments_using.model_trainers.mobile_vit_trainer | Ep [041/500] T-Acc:  68.4%  V-Acc:  44.5%  V-AUROC: 0.4576  LR: 8.00e-06
2026-05-25 14:21:48,000 | [FULL+AUG] | INFO | full_experiments_using.model_trainers.mobile_vit_trainer | Ep [042/500] T-Acc:  67.2%  V-Acc:  44.3%  V-AUROC: 0.4568  LR: 8.00e-06
2026-05-25 14:23:56,688 | [FULL+AUG] | INFO | full_experiments_using.model_trainers.mobile_vit_trainer | Ep [043/500] T-Acc:  68.0%  V-Acc:  44.1%  V-AUROC: 0.4561  LR: 8.00e-06
2026-05-25 14:26:06,119 | [FULL+AUG] | INFO | full_experiments_using.model_trainers.mobile_vit_trainer | Ep [044/500] T-Acc:  67.9%  V-Acc:  43.9%  V-AUROC: 0.4564  LR: 8.00e-06
2026-05-25 14:28:14,869 | [FULL+AUG] | INFO | full_experiments_using.model_trainers.mobile_vit_trainer | Ep [045/500] T-Acc:  68.2%  V-Acc:  44.0%  V-AUROC: 0.4567  LR: 8.00e-06
2026-05-25 14:30:24,185 | [FULL+AUG] | INFO | full_experiments_using.model_trainers.mobile_vit_trainer | Ep [046/500] T-Acc:  67.2%  V-Acc:  44.0%  V-AUROC: 0.4564  LR: 8.00e-06
2026-05-25 14:30:24,186 | [FULL+AUG] | INFO | full_experiments_using.model_trainers.mobile_vit_trainer | Early stop — best AUROC 0.4821 at epoch 6 (no improvement for 40 epochs)
2026-05-25 14:30:24,186 | [FULL+AUG] | INFO | full_experiments_using.model_trainers.mobile_vit_trainer | Done. Best AUROC: 0.4821 (epoch 6) → /home/leggo/AIResearch/VOGBasedMCIDetectionSystemMobileViTSingleExperimentInference/outputs/checkpoints/run_20260524_040820_full_aug/fold_15_best.pth
2026-05-25 14:30:58,498 | [FULL+AUG] | INFO | full_experiments_using.evaluators.monte_carlo_evaluator | -> Fold 16 Result | Acc=0.364 Sens=0.500 Spec=0.200 AUROC=0.400
2026-05-25 14:30:58,501 | [FULL+AUG] | INFO | full_experiments_using.evaluators.monte_carlo_evaluator | === Fold 17/30 | train: 25 subj / 3725 windows | test: 12 subj / 2011 windows ===
2026-05-25 14:30:58,746 | [FULL+AUG] | INFO | httpx | HTTP Request: HEAD https://huggingface.co/apple/mobilevit-small/resolve/main/config.json "HTTP/1.1 307 Temporary Redirect"
2026-05-25 14:30:58,761 | [FULL+AUG] | INFO | httpx | HTTP Request: HEAD https://huggingface.co/api/resolve-cache/models/apple/mobilevit-small/6c8612545dc98676d27bc518fa521d9e9af23e34/config.json "HTTP/1.1 200 OK"
2026-05-25 14:30:59,033 | [FULL+AUG] | INFO | httpx | HTTP Request: HEAD https://huggingface.co/apple/mobilevit-small/resolve/main/model.safetensors "HTTP/1.1 404 Not Found"
2026-05-25 14:30:59,241 | [FULL+AUG] | INFO | httpx | HTTP Request: HEAD https://huggingface.co/apple/mobilevit-small/resolve/main/model.safetensors.index.json "HTTP/1.1 404 Not Found"
2026-05-25 14:30:59,453 | [FULL+AUG] | INFO | httpx | HTTP Request: HEAD https://huggingface.co/apple/mobilevit-small/resolve/main/pytorch_model.bin "HTTP/1.1 302 Found"
2026-05-25 14:30:59,681 | [FULL+AUG] | INFO | httpx | HTTP Request: HEAD https://huggingface.co/apple/mobilevit-small/resolve/main/model.safetensors "HTTP/1.1 404 Not Found"
2026-05-25 14:30:59,896 | [FULL+AUG] | INFO | httpx | HTTP Request: GET https://huggingface.co/api/models/apple/mobilevit-small "HTTP/1.1 200 OK"
2026-05-25 14:31:00,240 | [FULL+AUG] | INFO | httpx | HTTP Request: GET https://huggingface.co/api/models/apple/mobilevit-small/commits/main "HTTP/1.1 200 OK"
2026-05-25 14:31:00,464 | [FULL+AUG] | INFO | httpx | HTTP Request: GET https://huggingface.co/api/models/apple/mobilevit-small/discussions?p=0 "HTTP/1.1 200 OK"
2026-05-25 14:31:00,691 | [FULL+AUG] | INFO | httpx | HTTP Request: GET https://huggingface.co/api/models/apple/mobilevit-small/commits/refs%2Fpr%2F6 "HTTP/1.1 200 OK"
2026-05-25 14:31:00,906 | [FULL+AUG] | INFO | httpx | HTTP Request: HEAD https://huggingface.co/apple/mobilevit-small/resolve/refs%2Fpr%2F6/model.safetensors.index.json "HTTP/1.1 404 Not Found"
2026-05-25 14:31:01,127 | [FULL+AUG] | INFO | httpx | HTTP Request: HEAD https://huggingface.co/apple/mobilevit-small/resolve/refs%2Fpr%2F6/model.safetensors "HTTP/1.1 302 Found"
2026-05-25 14:31:01,881 | [FULL+AUG] | INFO | full_experiments_using.model_trainers.mobile_vit_trainer | Device: cuda | max_epochs=500 | batch=32 | es_patience=40
2026-05-25 14:31:01,884 | [FULL+AUG] | INFO | full_experiments_using.model_trainers.mobile_vit_trainer | CE weights — HC: 1.332  MCI: 0.800
2026-05-25 14:33:09,468 | [FULL+AUG] | INFO | full_experiments_using.model_trainers.mobile_vit_trainer | Ep [001/500] T-Acc:  53.5%  V-Acc:  49.9%  V-AUROC: 0.5222  LR: 2.00e-04
2026-05-25 14:33:09,612 | [FULL+AUG] | INFO | full_experiments_using.model_trainers.mobile_vit_trainer |   ↳ new best AUROC; saved checkpoint: /home/leggo/AIResearch/VOGBasedMCIDetectionSystemMobileViTSingleExperimentInference/outputs/checkpoints/run_20260524_040820_full_aug/fold_16_best.pth
2026-05-25 14:35:16,479 | [FULL+AUG] | INFO | full_experiments_using.model_trainers.mobile_vit_trainer | Ep [002/500] T-Acc:  53.4%  V-Acc:  50.4%  V-AUROC: 0.5175  LR: 4.00e-04
2026-05-25 14:37:23,879 | [FULL+AUG] | INFO | full_experiments_using.model_trainers.mobile_vit_trainer | Ep [003/500] T-Acc:  52.7%  V-Acc:  51.8%  V-AUROC: 0.5274  LR: 6.00e-04
2026-05-25 14:37:23,985 | [FULL+AUG] | INFO | full_experiments_using.model_trainers.mobile_vit_trainer |   ↳ new best AUROC; saved checkpoint: /home/leggo/AIResearch/VOGBasedMCIDetectionSystemMobileViTSingleExperimentInference/outputs/checkpoints/run_20260524_040820_full_aug/fold_16_best.pth
2026-05-25 14:39:31,691 | [FULL+AUG] | INFO | full_experiments_using.model_trainers.mobile_vit_trainer | Ep [004/500] T-Acc:  54.0%  V-Acc:  50.3%  V-AUROC: 0.5302  LR: 8.00e-04
2026-05-25 14:39:31,817 | [FULL+AUG] | INFO | full_experiments_using.model_trainers.mobile_vit_trainer |   ↳ new best AUROC; saved checkpoint: /home/leggo/AIResearch/VOGBasedMCIDetectionSystemMobileViTSingleExperimentInference/outputs/checkpoints/run_20260524_040820_full_aug/fold_16_best.pth
2026-05-25 14:41:39,102 | [FULL+AUG] | INFO | full_experiments_using.model_trainers.mobile_vit_trainer | Ep [005/500] T-Acc:  53.3%  V-Acc:  51.9%  V-AUROC: 0.5421  LR: 1.00e-03
2026-05-25 14:41:39,229 | [FULL+AUG] | INFO | full_experiments_using.model_trainers.mobile_vit_trainer |   ↳ new best AUROC; saved checkpoint: /home/leggo/AIResearch/VOGBasedMCIDetectionSystemMobileViTSingleExperimentInference/outputs/checkpoints/run_20260524_040820_full_aug/fold_16_best.pth
2026-05-25 14:43:46,976 | [FULL+AUG] | INFO | full_experiments_using.model_trainers.mobile_vit_trainer | Ep [006/500] T-Acc:  52.6%  V-Acc:  54.1%  V-AUROC: 0.5595  LR: 1.00e-03
2026-05-25 14:43:47,355 | [FULL+AUG] | INFO | full_experiments_using.model_trainers.mobile_vit_trainer |   ↳ new best AUROC; saved checkpoint: /home/leggo/AIResearch/VOGBasedMCIDetectionSystemMobileViTSingleExperimentInference/outputs/checkpoints/run_20260524_040820_full_aug/fold_16_best.pth
2026-05-25 14:45:54,688 | [FULL+AUG] | INFO | full_experiments_using.model_trainers.mobile_vit_trainer | Ep [007/500] T-Acc:  54.7%  V-Acc:  54.8%  V-AUROC: 0.5826  LR: 1.00e-03
2026-05-25 14:45:54,813 | [FULL+AUG] | INFO | full_experiments_using.model_trainers.mobile_vit_trainer |   ↳ new best AUROC; saved checkpoint: /home/leggo/AIResearch/VOGBasedMCIDetectionSystemMobileViTSingleExperimentInference/outputs/checkpoints/run_20260524_040820_full_aug/fold_16_best.pth
2026-05-25 14:48:01,643 | [FULL+AUG] | INFO | full_experiments_using.model_trainers.mobile_vit_trainer | Ep [008/500] T-Acc:  54.7%  V-Acc:  55.1%  V-AUROC: 0.5774  LR: 1.00e-03
2026-05-25 14:50:08,906 | [FULL+AUG] | INFO | full_experiments_using.model_trainers.mobile_vit_trainer | Ep [009/500] T-Acc:  55.4%  V-Acc:  56.3%  V-AUROC: 0.5932  LR: 1.00e-03
2026-05-25 14:50:09,019 | [FULL+AUG] | INFO | full_experiments_using.model_trainers.mobile_vit_trainer |   ↳ new best AUROC; saved checkpoint: /home/leggo/AIResearch/VOGBasedMCIDetectionSystemMobileViTSingleExperimentInference/outputs/checkpoints/run_20260524_040820_full_aug/fold_16_best.pth
2026-05-25 14:52:16,948 | [FULL+AUG] | INFO | full_experiments_using.model_trainers.mobile_vit_trainer | Ep [010/500] T-Acc:  54.0%  V-Acc:  56.1%  V-AUROC: 0.5879  LR: 1.00e-03
2026-05-25 14:54:24,294 | [FULL+AUG] | INFO | full_experiments_using.model_trainers.mobile_vit_trainer | Ep [011/500] T-Acc:  53.9%  V-Acc:  56.3%  V-AUROC: 0.5851  LR: 1.00e-03
2026-05-25 14:56:31,544 | [FULL+AUG] | INFO | full_experiments_using.model_trainers.mobile_vit_trainer | Ep [012/500] T-Acc:  55.3%  V-Acc:  56.9%  V-AUROC: 0.5985  LR: 1.00e-03
2026-05-25 14:56:31,710 | [FULL+AUG] | INFO | full_experiments_using.model_trainers.mobile_vit_trainer |   ↳ new best AUROC; saved checkpoint: /home/leggo/AIResearch/VOGBasedMCIDetectionSystemMobileViTSingleExperimentInference/outputs/checkpoints/run_20260524_040820_full_aug/fold_16_best.pth
2026-05-25 14:58:39,646 | [FULL+AUG] | INFO | full_experiments_using.model_trainers.mobile_vit_trainer | Ep [013/500] T-Acc:  55.7%  V-Acc:  57.0%  V-AUROC: 0.5859  LR: 1.00e-03
2026-05-25 15:00:46,575 | [FULL+AUG] | INFO | full_experiments_using.model_trainers.mobile_vit_trainer | Ep [014/500] T-Acc:  55.6%  V-Acc:  57.0%  V-AUROC: 0.6022  LR: 1.00e-03
2026-05-25 15:00:46,733 | [FULL+AUG] | INFO | full_experiments_using.model_trainers.mobile_vit_trainer |   ↳ new best AUROC; saved checkpoint: /home/leggo/AIResearch/VOGBasedMCIDetectionSystemMobileViTSingleExperimentInference/outputs/checkpoints/run_20260524_040820_full_aug/fold_16_best.pth
2026-05-25 15:02:54,562 | [FULL+AUG] | INFO | full_experiments_using.model_trainers.mobile_vit_trainer | Ep [015/500] T-Acc:  55.9%  V-Acc:  57.2%  V-AUROC: 0.6012  LR: 1.00e-03
2026-05-25 15:05:02,047 | [FULL+AUG] | INFO | full_experiments_using.model_trainers.mobile_vit_trainer | Ep [016/500] T-Acc:  55.9%  V-Acc:  58.7%  V-AUROC: 0.6077  LR: 1.00e-03
2026-05-25 15:05:02,156 | [FULL+AUG] | INFO | full_experiments_using.model_trainers.mobile_vit_trainer |   ↳ new best AUROC; saved checkpoint: /home/leggo/AIResearch/VOGBasedMCIDetectionSystemMobileViTSingleExperimentInference/outputs/checkpoints/run_20260524_040820_full_aug/fold_16_best.pth
2026-05-25 15:07:09,283 | [FULL+AUG] | INFO | full_experiments_using.model_trainers.mobile_vit_trainer | Ep [017/500] T-Acc:  56.7%  V-Acc:  57.4%  V-AUROC: 0.6008  LR: 1.00e-03
2026-05-25 15:09:17,418 | [FULL+AUG] | INFO | full_experiments_using.model_trainers.mobile_vit_trainer | Ep [018/500] T-Acc:  57.3%  V-Acc:  57.1%  V-AUROC: 0.6070  LR: 1.00e-03
2026-05-25 15:11:25,028 | [FULL+AUG] | INFO | full_experiments_using.model_trainers.mobile_vit_trainer | Ep [019/500] T-Acc:  57.2%  V-Acc:  51.5%  V-AUROC: 0.5890  LR: 1.00e-03
2026-05-25 15:13:32,331 | [FULL+AUG] | INFO | full_experiments_using.model_trainers.mobile_vit_trainer | Ep [020/500] T-Acc:  57.9%  V-Acc:  55.7%  V-AUROC: 0.5953  LR: 1.00e-03
2026-05-25 15:15:40,490 | [FULL+AUG] | INFO | full_experiments_using.model_trainers.mobile_vit_trainer | Ep [021/500] T-Acc:  56.7%  V-Acc:  58.5%  V-AUROC: 0.6102  LR: 1.00e-03
2026-05-25 15:15:40,645 | [FULL+AUG] | INFO | full_experiments_using.model_trainers.mobile_vit_trainer |   ↳ new best AUROC; saved checkpoint: /home/leggo/AIResearch/VOGBasedMCIDetectionSystemMobileViTSingleExperimentInference/outputs/checkpoints/run_20260524_040820_full_aug/fold_16_best.pth
2026-05-25 15:17:47,675 | [FULL+AUG] | INFO | full_experiments_using.model_trainers.mobile_vit_trainer | Ep [022/500] T-Acc:  56.5%  V-Acc:  59.2%  V-AUROC: 0.6140  LR: 1.00e-03
2026-05-25 15:17:47,811 | [FULL+AUG] | INFO | full_experiments_using.model_trainers.mobile_vit_trainer |   ↳ new best AUROC; saved checkpoint: /home/leggo/AIResearch/VOGBasedMCIDetectionSystemMobileViTSingleExperimentInference/outputs/checkpoints/run_20260524_040820_full_aug/fold_16_best.pth
2026-05-25 15:19:54,961 | [FULL+AUG] | INFO | full_experiments_using.model_trainers.mobile_vit_trainer | Ep [023/500] T-Acc:  56.6%  V-Acc:  57.2%  V-AUROC: 0.6036  LR: 1.00e-03
2026-05-25 15:22:02,946 | [FULL+AUG] | INFO | full_experiments_using.model_trainers.mobile_vit_trainer | Ep [024/500] T-Acc:  58.4%  V-Acc:  55.9%  V-AUROC: 0.5984  LR: 1.00e-03
2026-05-25 15:24:10,255 | [FULL+AUG] | INFO | full_experiments_using.model_trainers.mobile_vit_trainer | Ep [025/500] T-Acc:  58.0%  V-Acc:  57.7%  V-AUROC: 0.6005  LR: 1.00e-03
2026-05-25 15:26:17,399 | [FULL+AUG] | INFO | full_experiments_using.model_trainers.mobile_vit_trainer | Ep [026/500] T-Acc:  58.5%  V-Acc:  58.9%  V-AUROC: 0.6209  LR: 1.00e-03
2026-05-25 15:26:17,528 | [FULL+AUG] | INFO | full_experiments_using.model_trainers.mobile_vit_trainer |   ↳ new best AUROC; saved checkpoint: /home/leggo/AIResearch/VOGBasedMCIDetectionSystemMobileViTSingleExperimentInference/outputs/checkpoints/run_20260524_040820_full_aug/fold_16_best.pth
2026-05-25 15:28:24,978 | [FULL+AUG] | INFO | full_experiments_using.model_trainers.mobile_vit_trainer | Ep [027/500] T-Acc:  58.2%  V-Acc:  58.9%  V-AUROC: 0.6177  LR: 1.00e-03
2026-05-25 15:30:32,783 | [FULL+AUG] | INFO | full_experiments_using.model_trainers.mobile_vit_trainer | Ep [028/500] T-Acc:  57.4%  V-Acc:  59.8%  V-AUROC: 0.6238  LR: 1.00e-03
2026-05-25 15:30:32,891 | [FULL+AUG] | INFO | full_experiments_using.model_trainers.mobile_vit_trainer |   ↳ new best AUROC; saved checkpoint: /home/leggo/AIResearch/VOGBasedMCIDetectionSystemMobileViTSingleExperimentInference/outputs/checkpoints/run_20260524_040820_full_aug/fold_16_best.pth
2026-05-25 15:32:40,683 | [FULL+AUG] | INFO | full_experiments_using.model_trainers.mobile_vit_trainer | Ep [029/500] T-Acc:  58.9%  V-Acc:  57.0%  V-AUROC: 0.6206  LR: 1.00e-03
2026-05-25 15:34:47,782 | [FULL+AUG] | INFO | full_experiments_using.model_trainers.mobile_vit_trainer | Ep [030/500] T-Acc:  59.0%  V-Acc:  60.1%  V-AUROC: 0.6290  LR: 1.00e-03
2026-05-25 15:34:47,933 | [FULL+AUG] | INFO | full_experiments_using.model_trainers.mobile_vit_trainer |   ↳ new best AUROC; saved checkpoint: /home/leggo/AIResearch/VOGBasedMCIDetectionSystemMobileViTSingleExperimentInference/outputs/checkpoints/run_20260524_040820_full_aug/fold_16_best.pth
2026-05-25 15:36:55,447 | [FULL+AUG] | INFO | full_experiments_using.model_trainers.mobile_vit_trainer | Ep [031/500] T-Acc:  57.9%  V-Acc:  57.7%  V-AUROC: 0.6063  LR: 1.00e-03
2026-05-25 15:39:03,624 | [FULL+AUG] | INFO | full_experiments_using.model_trainers.mobile_vit_trainer | Ep [032/500] T-Acc:  58.5%  V-Acc:  58.9%  V-AUROC: 0.6102  LR: 1.00e-03
2026-05-25 15:41:11,466 | [FULL+AUG] | INFO | full_experiments_using.model_trainers.mobile_vit_trainer | Ep [033/500] T-Acc:  58.1%  V-Acc:  59.4%  V-AUROC: 0.6197  LR: 1.00e-03
2026-05-25 15:43:18,890 | [FULL+AUG] | INFO | full_experiments_using.model_trainers.mobile_vit_trainer | Ep [034/500] T-Acc:  58.1%  V-Acc:  58.8%  V-AUROC: 0.6103  LR: 1.00e-03
2026-05-25 15:45:26,948 | [FULL+AUG] | INFO | full_experiments_using.model_trainers.mobile_vit_trainer | Ep [035/500] T-Acc:  58.9%  V-Acc:  60.1%  V-AUROC: 0.6257  LR: 1.00e-03
2026-05-25 15:47:33,899 | [FULL+AUG] | INFO | full_experiments_using.model_trainers.mobile_vit_trainer | Ep [036/500] T-Acc:  59.6%  V-Acc:  59.8%  V-AUROC: 0.6212  LR: 1.00e-03
2026-05-25 15:49:40,023 | [FULL+AUG] | INFO | full_experiments_using.model_trainers.mobile_vit_trainer | Ep [037/500] T-Acc:  57.4%  V-Acc:  59.5%  V-AUROC: 0.6203  LR: 1.00e-03
2026-05-25 15:51:46,623 | [FULL+AUG] | INFO | full_experiments_using.model_trainers.mobile_vit_trainer | Ep [038/500] T-Acc:  58.9%  V-Acc:  59.5%  V-AUROC: 0.6157  LR: 1.00e-03
2026-05-25 15:53:53,994 | [FULL+AUG] | INFO | full_experiments_using.model_trainers.mobile_vit_trainer | Ep [039/500] T-Acc:  58.6%  V-Acc:  60.7%  V-AUROC: 0.6257  LR: 1.00e-03
2026-05-25 15:56:00,619 | [FULL+AUG] | INFO | full_experiments_using.model_trainers.mobile_vit_trainer | Ep [040/500] T-Acc:  58.7%  V-Acc:  58.5%  V-AUROC: 0.6305  LR: 1.00e-03
2026-05-25 15:56:00,769 | [FULL+AUG] | INFO | full_experiments_using.model_trainers.mobile_vit_trainer |   ↳ new best AUROC; saved checkpoint: /home/leggo/AIResearch/VOGBasedMCIDetectionSystemMobileViTSingleExperimentInference/outputs/checkpoints/run_20260524_040820_full_aug/fold_16_best.pth
2026-05-25 15:58:08,096 | [FULL+AUG] | INFO | full_experiments_using.model_trainers.mobile_vit_trainer | Ep [041/500] T-Acc:  59.9%  V-Acc:  56.1%  V-AUROC: 0.6011  LR: 1.00e-03
2026-05-25 16:00:15,350 | [FULL+AUG] | INFO | full_experiments_using.model_trainers.mobile_vit_trainer | Ep [042/500] T-Acc:  59.3%  V-Acc:  59.3%  V-AUROC: 0.6173  LR: 1.00e-03
2026-05-25 16:02:22,411 | [FULL+AUG] | INFO | full_experiments_using.model_trainers.mobile_vit_trainer | Ep [043/500] T-Acc:  59.4%  V-Acc:  60.2%  V-AUROC: 0.6331  LR: 1.00e-03
2026-05-25 16:02:22,521 | [FULL+AUG] | INFO | full_experiments_using.model_trainers.mobile_vit_trainer |   ↳ new best AUROC; saved checkpoint: /home/leggo/AIResearch/VOGBasedMCIDetectionSystemMobileViTSingleExperimentInference/outputs/checkpoints/run_20260524_040820_full_aug/fold_16_best.pth
2026-05-25 16:04:29,941 | [FULL+AUG] | INFO | full_experiments_using.model_trainers.mobile_vit_trainer | Ep [044/500] T-Acc:  59.3%  V-Acc:  59.2%  V-AUROC: 0.6321  LR: 1.00e-03
2026-05-25 16:06:37,241 | [FULL+AUG] | INFO | full_experiments_using.model_trainers.mobile_vit_trainer | Ep [045/500] T-Acc:  59.1%  V-Acc:  59.6%  V-AUROC: 0.6296  LR: 1.00e-03
2026-05-25 16:08:44,300 | [FULL+AUG] | INFO | full_experiments_using.model_trainers.mobile_vit_trainer | Ep [046/500] T-Acc:  60.1%  V-Acc:  58.4%  V-AUROC: 0.6197  LR: 1.00e-03
2026-05-25 16:10:51,115 | [FULL+AUG] | INFO | full_experiments_using.model_trainers.mobile_vit_trainer | Ep [047/500] T-Acc:  60.3%  V-Acc:  58.4%  V-AUROC: 0.6253  LR: 1.00e-03
2026-05-25 16:12:57,905 | [FULL+AUG] | INFO | full_experiments_using.model_trainers.mobile_vit_trainer | Ep [048/500] T-Acc:  59.3%  V-Acc:  59.5%  V-AUROC: 0.6325  LR: 1.00e-03
2026-05-25 16:15:05,386 | [FULL+AUG] | INFO | full_experiments_using.model_trainers.mobile_vit_trainer | Ep [049/500] T-Acc:  60.9%  V-Acc:  57.3%  V-AUROC: 0.6125  LR: 1.00e-03
2026-05-25 16:17:12,935 | [FULL+AUG] | INFO | full_experiments_using.model_trainers.mobile_vit_trainer | Ep [050/500] T-Acc:  61.1%  V-Acc:  59.2%  V-AUROC: 0.6293  LR: 1.00e-03
2026-05-25 16:19:19,554 | [FULL+AUG] | INFO | full_experiments_using.model_trainers.mobile_vit_trainer | Ep [051/500] T-Acc:  60.1%  V-Acc:  56.2%  V-AUROC: 0.6196  LR: 1.00e-03
2026-05-25 16:21:27,248 | [FULL+AUG] | INFO | full_experiments_using.model_trainers.mobile_vit_trainer | Ep [052/500] T-Acc:  60.6%  V-Acc:  59.5%  V-AUROC: 0.6279  LR: 1.00e-03
2026-05-25 16:23:35,393 | [FULL+AUG] | INFO | full_experiments_using.model_trainers.mobile_vit_trainer | Ep [053/500] T-Acc:  59.8%  V-Acc:  58.7%  V-AUROC: 0.6185  LR: 1.00e-03
2026-05-25 16:25:42,379 | [FULL+AUG] | INFO | full_experiments_using.model_trainers.mobile_vit_trainer | Ep [054/500] T-Acc:  60.7%  V-Acc:  60.0%  V-AUROC: 0.6313  LR: 1.00e-03
2026-05-25 16:27:49,711 | [FULL+AUG] | INFO | full_experiments_using.model_trainers.mobile_vit_trainer | Ep [055/500] T-Acc:  60.5%  V-Acc:  60.5%  V-AUROC: 0.6323  LR: 2.00e-04
2026-05-25 16:29:57,512 | [FULL+AUG] | INFO | full_experiments_using.model_trainers.mobile_vit_trainer | Ep [056/500] T-Acc:  60.3%  V-Acc:  59.7%  V-AUROC: 0.6339  LR: 2.00e-04
2026-05-25 16:29:57,652 | [FULL+AUG] | INFO | full_experiments_using.model_trainers.mobile_vit_trainer |   ↳ new best AUROC; saved checkpoint: /home/leggo/AIResearch/VOGBasedMCIDetectionSystemMobileViTSingleExperimentInference/outputs/checkpoints/run_20260524_040820_full_aug/fold_16_best.pth
2026-05-25 16:32:04,612 | [FULL+AUG] | INFO | full_experiments_using.model_trainers.mobile_vit_trainer | Ep [057/500] T-Acc:  60.9%  V-Acc:  59.9%  V-AUROC: 0.6282  LR: 2.00e-04
2026-05-25 16:34:12,159 | [FULL+AUG] | INFO | full_experiments_using.model_trainers.mobile_vit_trainer | Ep [058/500] T-Acc:  61.2%  V-Acc:  60.3%  V-AUROC: 0.6322  LR: 2.00e-04
2026-05-25 16:36:19,939 | [FULL+AUG] | INFO | full_experiments_using.model_trainers.mobile_vit_trainer | Ep [059/500] T-Acc:  61.3%  V-Acc:  60.6%  V-AUROC: 0.6308  LR: 2.00e-04
2026-05-25 16:38:27,265 | [FULL+AUG] | INFO | full_experiments_using.model_trainers.mobile_vit_trainer | Ep [060/500] T-Acc:  61.2%  V-Acc:  60.3%  V-AUROC: 0.6288  LR: 2.00e-04
2026-05-25 16:40:34,650 | [FULL+AUG] | INFO | full_experiments_using.model_trainers.mobile_vit_trainer | Ep [061/500] T-Acc:  62.0%  V-Acc:  59.1%  V-AUROC: 0.6253  LR: 2.00e-04
2026-05-25 16:42:42,559 | [FULL+AUG] | INFO | full_experiments_using.model_trainers.mobile_vit_trainer | Ep [062/500] T-Acc:  61.0%  V-Acc:  59.2%  V-AUROC: 0.6273  LR: 2.00e-04
2026-05-25 16:44:49,747 | [FULL+AUG] | INFO | full_experiments_using.model_trainers.mobile_vit_trainer | Ep [063/500] T-Acc:  61.6%  V-Acc:  59.3%  V-AUROC: 0.6255  LR: 2.00e-04
2026-05-25 16:46:57,815 | [FULL+AUG] | INFO | full_experiments_using.model_trainers.mobile_vit_trainer | Ep [064/500] T-Acc:  60.6%  V-Acc:  59.4%  V-AUROC: 0.6243  LR: 2.00e-04
2026-05-25 16:49:04,666 | [FULL+AUG] | INFO | full_experiments_using.model_trainers.mobile_vit_trainer | Ep [065/500] T-Acc:  61.2%  V-Acc:  59.4%  V-AUROC: 0.6251  LR: 2.00e-04
2026-05-25 16:51:12,207 | [FULL+AUG] | INFO | full_experiments_using.model_trainers.mobile_vit_trainer | Ep [066/500] T-Acc:  61.1%  V-Acc:  59.8%  V-AUROC: 0.6258  LR: 2.00e-04
2026-05-25 16:53:19,132 | [FULL+AUG] | INFO | full_experiments_using.model_trainers.mobile_vit_trainer | Ep [067/500] T-Acc:  60.7%  V-Acc:  58.8%  V-AUROC: 0.6250  LR: 2.00e-04
2026-05-25 16:55:27,242 | [FULL+AUG] | INFO | full_experiments_using.model_trainers.mobile_vit_trainer | Ep [068/500] T-Acc:  61.0%  V-Acc:  59.5%  V-AUROC: 0.6261  LR: 4.00e-05
2026-05-25 16:57:35,489 | [FULL+AUG] | INFO | full_experiments_using.model_trainers.mobile_vit_trainer | Ep [069/500] T-Acc:  60.6%  V-Acc:  59.0%  V-AUROC: 0.6255  LR: 4.00e-05
2026-05-25 16:59:43,579 | [FULL+AUG] | INFO | full_experiments_using.model_trainers.mobile_vit_trainer | Ep [070/500] T-Acc:  60.4%  V-Acc:  59.5%  V-AUROC: 0.6254  LR: 4.00e-05
2026-05-25 17:01:51,128 | [FULL+AUG] | INFO | full_experiments_using.model_trainers.mobile_vit_trainer | Ep [071/500] T-Acc:  60.9%  V-Acc:  59.5%  V-AUROC: 0.6282  LR: 4.00e-05
2026-05-25 17:03:58,753 | [FULL+AUG] | INFO | full_experiments_using.model_trainers.mobile_vit_trainer | Ep [072/500] T-Acc:  61.0%  V-Acc:  59.5%  V-AUROC: 0.6285  LR: 4.00e-05
2026-05-25 17:06:06,557 | [FULL+AUG] | INFO | full_experiments_using.model_trainers.mobile_vit_trainer | Ep [073/500] T-Acc:  61.0%  V-Acc:  59.1%  V-AUROC: 0.6254  LR: 4.00e-05
2026-05-25 17:08:14,202 | [FULL+AUG] | INFO | full_experiments_using.model_trainers.mobile_vit_trainer | Ep [074/500] T-Acc:  61.5%  V-Acc:  59.1%  V-AUROC: 0.6261  LR: 4.00e-05
2026-05-25 17:10:21,552 | [FULL+AUG] | INFO | full_experiments_using.model_trainers.mobile_vit_trainer | Ep [075/500] T-Acc:  61.5%  V-Acc:  59.6%  V-AUROC: 0.6269  LR: 4.00e-05
2026-05-25 17:12:28,322 | [FULL+AUG] | INFO | full_experiments_using.model_trainers.mobile_vit_trainer | Ep [076/500] T-Acc:  60.9%  V-Acc:  58.8%  V-AUROC: 0.6277  LR: 4.00e-05
2026-05-25 17:14:35,835 | [FULL+AUG] | INFO | full_experiments_using.model_trainers.mobile_vit_trainer | Ep [077/500] T-Acc:  61.6%  V-Acc:  59.1%  V-AUROC: 0.6280  LR: 4.00e-05
2026-05-25 17:16:44,111 | [FULL+AUG] | INFO | full_experiments_using.model_trainers.mobile_vit_trainer | Ep [078/500] T-Acc:  60.9%  V-Acc:  59.4%  V-AUROC: 0.6288  LR: 4.00e-05
2026-05-25 17:18:52,131 | [FULL+AUG] | INFO | full_experiments_using.model_trainers.mobile_vit_trainer | Ep [079/500] T-Acc:  62.1%  V-Acc:  59.2%  V-AUROC: 0.6273  LR: 8.00e-06
2026-05-25 17:20:59,308 | [FULL+AUG] | INFO | full_experiments_using.model_trainers.mobile_vit_trainer | Ep [080/500] T-Acc:  61.3%  V-Acc:  59.1%  V-AUROC: 0.6271  LR: 8.00e-06
2026-05-25 17:23:06,562 | [FULL+AUG] | INFO | full_experiments_using.model_trainers.mobile_vit_trainer | Ep [081/500] T-Acc:  61.4%  V-Acc:  59.4%  V-AUROC: 0.6288  LR: 8.00e-06
2026-05-25 17:25:13,802 | [FULL+AUG] | INFO | full_experiments_using.model_trainers.mobile_vit_trainer | Ep [082/500] T-Acc:  60.9%  V-Acc:  60.2%  V-AUROC: 0.6288  LR: 8.00e-06
2026-05-25 17:27:21,323 | [FULL+AUG] | INFO | full_experiments_using.model_trainers.mobile_vit_trainer | Ep [083/500] T-Acc:  61.3%  V-Acc:  58.7%  V-AUROC: 0.6271  LR: 8.00e-06
2026-05-25 17:29:28,561 | [FULL+AUG] | INFO | full_experiments_using.model_trainers.mobile_vit_trainer | Ep [084/500] T-Acc:  63.1%  V-Acc:  59.8%  V-AUROC: 0.6277  LR: 8.00e-06
2026-05-25 17:31:36,365 | [FULL+AUG] | INFO | full_experiments_using.model_trainers.mobile_vit_trainer | Ep [085/500] T-Acc:  61.6%  V-Acc:  58.7%  V-AUROC: 0.6271  LR: 8.00e-06
2026-05-25 17:33:43,773 | [FULL+AUG] | INFO | full_experiments_using.model_trainers.mobile_vit_trainer | Ep [086/500] T-Acc:  60.8%  V-Acc:  59.2%  V-AUROC: 0.6278  LR: 8.00e-06
2026-05-25 17:35:51,746 | [FULL+AUG] | INFO | full_experiments_using.model_trainers.mobile_vit_trainer | Ep [087/500] T-Acc:  61.1%  V-Acc:  59.3%  V-AUROC: 0.6286  LR: 8.00e-06
2026-05-25 17:37:59,542 | [FULL+AUG] | INFO | full_experiments_using.model_trainers.mobile_vit_trainer | Ep [088/500] T-Acc:  61.7%  V-Acc:  58.8%  V-AUROC: 0.6280  LR: 8.00e-06
2026-05-25 17:40:07,248 | [FULL+AUG] | INFO | full_experiments_using.model_trainers.mobile_vit_trainer | Ep [089/500] T-Acc:  61.1%  V-Acc:  59.0%  V-AUROC: 0.6270  LR: 8.00e-06
2026-05-25 17:42:14,999 | [FULL+AUG] | INFO | full_experiments_using.model_trainers.mobile_vit_trainer | Ep [090/500] T-Acc:  60.7%  V-Acc:  59.2%  V-AUROC: 0.6296  LR: 1.60e-06
2026-05-25 17:44:22,303 | [FULL+AUG] | INFO | full_experiments_using.model_trainers.mobile_vit_trainer | Ep [091/500] T-Acc:  61.4%  V-Acc:  59.0%  V-AUROC: 0.6295  LR: 1.60e-06
2026-05-25 17:46:29,410 | [FULL+AUG] | INFO | full_experiments_using.model_trainers.mobile_vit_trainer | Ep [092/500] T-Acc:  61.6%  V-Acc:  59.5%  V-AUROC: 0.6292  LR: 1.60e-06
2026-05-25 17:48:36,912 | [FULL+AUG] | INFO | full_experiments_using.model_trainers.mobile_vit_trainer | Ep [093/500] T-Acc:  61.8%  V-Acc:  59.5%  V-AUROC: 0.6274  LR: 1.60e-06
2026-05-25 17:50:44,246 | [FULL+AUG] | INFO | full_experiments_using.model_trainers.mobile_vit_trainer | Ep [094/500] T-Acc:  61.7%  V-Acc:  59.3%  V-AUROC: 0.6270  LR: 1.60e-06
2026-05-25 17:52:51,295 | [FULL+AUG] | INFO | full_experiments_using.model_trainers.mobile_vit_trainer | Ep [095/500] T-Acc:  62.2%  V-Acc:  59.8%  V-AUROC: 0.6290  LR: 1.60e-06
2026-05-25 17:54:58,196 | [FULL+AUG] | INFO | full_experiments_using.model_trainers.mobile_vit_trainer | Ep [096/500] T-Acc:  61.5%  V-Acc:  59.6%  V-AUROC: 0.6287  LR: 1.60e-06
2026-05-25 17:54:58,196 | [FULL+AUG] | INFO | full_experiments_using.model_trainers.mobile_vit_trainer | Early stop — best AUROC 0.6339 at epoch 56 (no improvement for 40 epochs)
2026-05-25 17:54:58,196 | [FULL+AUG] | INFO | full_experiments_using.model_trainers.mobile_vit_trainer | Done. Best AUROC: 0.6339 (epoch 56) → /home/leggo/AIResearch/VOGBasedMCIDetectionSystemMobileViTSingleExperimentInference/outputs/checkpoints/run_20260524_040820_full_aug/fold_16_best.pth
2026-05-25 17:55:34,469 | [FULL+AUG] | INFO | full_experiments_using.evaluators.monte_carlo_evaluator | -> Fold 17 Result | Acc=0.833 Sens=1.000 Spec=0.667 AUROC=0.944
2026-05-25 17:55:34,474 | [FULL+AUG] | INFO | full_experiments_using.evaluators.monte_carlo_evaluator | === Fold 18/30 | train: 25 subj / 4014 windows | test: 12 subj / 1722 windows ===
2026-05-25 17:55:34,898 | [FULL+AUG] | INFO | httpx | HTTP Request: HEAD https://huggingface.co/apple/mobilevit-small/resolve/main/config.json "HTTP/1.1 307 Temporary Redirect"
2026-05-25 17:55:34,912 | [FULL+AUG] | INFO | httpx | HTTP Request: HEAD https://huggingface.co/api/resolve-cache/models/apple/mobilevit-small/6c8612545dc98676d27bc518fa521d9e9af23e34/config.json "HTTP/1.1 200 OK"
2026-05-25 17:55:35,177 | [FULL+AUG] | INFO | httpx | HTTP Request: HEAD https://huggingface.co/apple/mobilevit-small/resolve/main/model.safetensors "HTTP/1.1 404 Not Found"
2026-05-25 17:55:35,388 | [FULL+AUG] | INFO | httpx | HTTP Request: HEAD https://huggingface.co/apple/mobilevit-small/resolve/main/model.safetensors.index.json "HTTP/1.1 404 Not Found"
2026-05-25 17:55:35,605 | [FULL+AUG] | INFO | httpx | HTTP Request: HEAD https://huggingface.co/apple/mobilevit-small/resolve/main/pytorch_model.bin "HTTP/1.1 302 Found"
2026-05-25 17:55:35,816 | [FULL+AUG] | INFO | httpx | HTTP Request: HEAD https://huggingface.co/apple/mobilevit-small/resolve/main/model.safetensors "HTTP/1.1 404 Not Found"
2026-05-25 17:55:36,027 | [FULL+AUG] | INFO | httpx | HTTP Request: GET https://huggingface.co/api/models/apple/mobilevit-small "HTTP/1.1 200 OK"
2026-05-25 17:55:36,291 | [FULL+AUG] | INFO | httpx | HTTP Request: GET https://huggingface.co/api/models/apple/mobilevit-small/commits/main "HTTP/1.1 200 OK"
2026-05-25 17:55:36,512 | [FULL+AUG] | INFO | httpx | HTTP Request: GET https://huggingface.co/api/models/apple/mobilevit-small/discussions?p=0 "HTTP/1.1 200 OK"
2026-05-25 17:55:36,747 | [FULL+AUG] | INFO | httpx | HTTP Request: GET https://huggingface.co/api/models/apple/mobilevit-small/commits/refs%2Fpr%2F6 "HTTP/1.1 200 OK"
2026-05-25 17:55:36,955 | [FULL+AUG] | INFO | httpx | HTTP Request: HEAD https://huggingface.co/apple/mobilevit-small/resolve/refs%2Fpr%2F6/model.safetensors.index.json "HTTP/1.1 404 Not Found"
2026-05-25 17:55:37,174 | [FULL+AUG] | INFO | httpx | HTTP Request: HEAD https://huggingface.co/apple/mobilevit-small/resolve/refs%2Fpr%2F6/model.safetensors "HTTP/1.1 302 Found"
2026-05-25 17:55:37,919 | [FULL+AUG] | INFO | full_experiments_using.model_trainers.mobile_vit_trainer | Device: cuda | max_epochs=500 | batch=32 | es_patience=40
2026-05-25 17:55:37,922 | [FULL+AUG] | INFO | full_experiments_using.model_trainers.mobile_vit_trainer | CE weights — HC: 0.867  MCI: 1.182
2026-05-25 17:57:50,995 | [FULL+AUG] | INFO | full_experiments_using.model_trainers.mobile_vit_trainer | Ep [001/500] T-Acc:  51.2%  V-Acc:  26.9%  V-AUROC: 0.4751  LR: 2.00e-04
2026-05-25 17:57:51,145 | [FULL+AUG] | INFO | full_experiments_using.model_trainers.mobile_vit_trainer |   ↳ new best AUROC; saved checkpoint: /home/leggo/AIResearch/VOGBasedMCIDetectionSystemMobileViTSingleExperimentInference/outputs/checkpoints/run_20260524_040820_full_aug/fold_17_best.pth
2026-05-25 18:00:03,433 | [FULL+AUG] | INFO | full_experiments_using.model_trainers.mobile_vit_trainer | Ep [002/500] T-Acc:  53.0%  V-Acc:  26.7%  V-AUROC: 0.4895  LR: 4.00e-04
2026-05-25 18:00:03,583 | [FULL+AUG] | INFO | full_experiments_using.model_trainers.mobile_vit_trainer |   ↳ new best AUROC; saved checkpoint: /home/leggo/AIResearch/VOGBasedMCIDetectionSystemMobileViTSingleExperimentInference/outputs/checkpoints/run_20260524_040820_full_aug/fold_17_best.pth
2026-05-25 18:02:15,959 | [FULL+AUG] | INFO | full_experiments_using.model_trainers.mobile_vit_trainer | Ep [003/500] T-Acc:  53.4%  V-Acc:  26.7%  V-AUROC: 0.5000  LR: 6.00e-04
2026-05-25 18:02:16,114 | [FULL+AUG] | INFO | full_experiments_using.model_trainers.mobile_vit_trainer |   ↳ new best AUROC; saved checkpoint: /home/leggo/AIResearch/VOGBasedMCIDetectionSystemMobileViTSingleExperimentInference/outputs/checkpoints/run_20260524_040820_full_aug/fold_17_best.pth
2026-05-25 18:04:28,531 | [FULL+AUG] | INFO | full_experiments_using.model_trainers.mobile_vit_trainer | Ep [004/500] T-Acc:  54.0%  V-Acc:  35.3%  V-AUROC: 0.5274  LR: 8.00e-04
2026-05-25 18:04:28,686 | [FULL+AUG] | INFO | full_experiments_using.model_trainers.mobile_vit_trainer |   ↳ new best AUROC; saved checkpoint: /home/leggo/AIResearch/VOGBasedMCIDetectionSystemMobileViTSingleExperimentInference/outputs/checkpoints/run_20260524_040820_full_aug/fold_17_best.pth
2026-05-25 18:06:40,824 | [FULL+AUG] | INFO | full_experiments_using.model_trainers.mobile_vit_trainer | Ep [005/500] T-Acc:  53.9%  V-Acc:  33.5%  V-AUROC: 0.5281  LR: 1.00e-03
2026-05-25 18:06:40,979 | [FULL+AUG] | INFO | full_experiments_using.model_trainers.mobile_vit_trainer |   ↳ new best AUROC; saved checkpoint: /home/leggo/AIResearch/VOGBasedMCIDetectionSystemMobileViTSingleExperimentInference/outputs/checkpoints/run_20260524_040820_full_aug/fold_17_best.pth
2026-05-25 18:08:53,049 | [FULL+AUG] | INFO | full_experiments_using.model_trainers.mobile_vit_trainer | Ep [006/500] T-Acc:  54.5%  V-Acc:  34.0%  V-AUROC: 0.5058  LR: 1.00e-03
2026-05-25 18:11:05,451 | [FULL+AUG] | INFO | full_experiments_using.model_trainers.mobile_vit_trainer | Ep [007/500] T-Acc:  56.2%  V-Acc:  35.1%  V-AUROC: 0.5197  LR: 1.00e-03
2026-05-25 18:13:17,591 | [FULL+AUG] | INFO | full_experiments_using.model_trainers.mobile_vit_trainer | Ep [008/500] T-Acc:  56.6%  V-Acc:  42.7%  V-AUROC: 0.5348  LR: 1.00e-03
2026-05-25 18:13:17,753 | [FULL+AUG] | INFO | full_experiments_using.model_trainers.mobile_vit_trainer |   ↳ new best AUROC; saved checkpoint: /home/leggo/AIResearch/VOGBasedMCIDetectionSystemMobileViTSingleExperimentInference/outputs/checkpoints/run_20260524_040820_full_aug/fold_17_best.pth
2026-05-25 18:15:29,630 | [FULL+AUG] | INFO | full_experiments_using.model_trainers.mobile_vit_trainer | Ep [009/500] T-Acc:  56.3%  V-Acc:  41.4%  V-AUROC: 0.5408  LR: 1.00e-03
2026-05-25 18:15:29,802 | [FULL+AUG] | INFO | full_experiments_using.model_trainers.mobile_vit_trainer |   ↳ new best AUROC; saved checkpoint: /home/leggo/AIResearch/VOGBasedMCIDetectionSystemMobileViTSingleExperimentInference/outputs/checkpoints/run_20260524_040820_full_aug/fold_17_best.pth
2026-05-25 18:17:42,978 | [FULL+AUG] | INFO | full_experiments_using.model_trainers.mobile_vit_trainer | Ep [010/500] T-Acc:  57.1%  V-Acc:  41.3%  V-AUROC: 0.5364  LR: 1.00e-03
2026-05-25 18:19:54,671 | [FULL+AUG] | INFO | full_experiments_using.model_trainers.mobile_vit_trainer | Ep [011/500] T-Acc:  57.9%  V-Acc:  37.9%  V-AUROC: 0.5359  LR: 1.00e-03
2026-05-25 18:22:06,781 | [FULL+AUG] | INFO | full_experiments_using.model_trainers.mobile_vit_trainer | Ep [012/500] T-Acc:  57.8%  V-Acc:  42.9%  V-AUROC: 0.5522  LR: 1.00e-03
2026-05-25 18:22:06,938 | [FULL+AUG] | INFO | full_experiments_using.model_trainers.mobile_vit_trainer |   ↳ new best AUROC; saved checkpoint: /home/leggo/AIResearch/VOGBasedMCIDetectionSystemMobileViTSingleExperimentInference/outputs/checkpoints/run_20260524_040820_full_aug/fold_17_best.pth
2026-05-25 18:24:18,812 | [FULL+AUG] | INFO | full_experiments_using.model_trainers.mobile_vit_trainer | Ep [013/500] T-Acc:  59.0%  V-Acc:  38.6%  V-AUROC: 0.5449  LR: 1.00e-03
2026-05-25 18:26:31,301 | [FULL+AUG] | INFO | full_experiments_using.model_trainers.mobile_vit_trainer | Ep [014/500] T-Acc:  60.0%  V-Acc:  41.8%  V-AUROC: 0.5526  LR: 1.00e-03
2026-05-25 18:26:31,443 | [FULL+AUG] | INFO | full_experiments_using.model_trainers.mobile_vit_trainer |   ↳ new best AUROC; saved checkpoint: /home/leggo/AIResearch/VOGBasedMCIDetectionSystemMobileViTSingleExperimentInference/outputs/checkpoints/run_20260524_040820_full_aug/fold_17_best.pth
2026-05-25 18:28:43,397 | [FULL+AUG] | INFO | full_experiments_using.model_trainers.mobile_vit_trainer | Ep [015/500] T-Acc:  59.3%  V-Acc:  42.0%  V-AUROC: 0.5594  LR: 1.00e-03
2026-05-25 18:28:43,558 | [FULL+AUG] | INFO | full_experiments_using.model_trainers.mobile_vit_trainer |   ↳ new best AUROC; saved checkpoint: /home/leggo/AIResearch/VOGBasedMCIDetectionSystemMobileViTSingleExperimentInference/outputs/checkpoints/run_20260524_040820_full_aug/fold_17_best.pth
2026-05-25 18:30:55,768 | [FULL+AUG] | INFO | full_experiments_using.model_trainers.mobile_vit_trainer | Ep [016/500] T-Acc:  57.2%  V-Acc:  47.2%  V-AUROC: 0.5463  LR: 1.00e-03
2026-05-25 18:33:08,117 | [FULL+AUG] | INFO | full_experiments_using.model_trainers.mobile_vit_trainer | Ep [017/500] T-Acc:  58.7%  V-Acc:  42.6%  V-AUROC: 0.5458  LR: 1.00e-03
2026-05-25 18:35:20,294 | [FULL+AUG] | INFO | full_experiments_using.model_trainers.mobile_vit_trainer | Ep [018/500] T-Acc:  60.7%  V-Acc:  44.4%  V-AUROC: 0.5504  LR: 1.00e-03
2026-05-25 18:37:32,976 | [FULL+AUG] | INFO | full_experiments_using.model_trainers.mobile_vit_trainer | Ep [019/500] T-Acc:  60.1%  V-Acc:  42.5%  V-AUROC: 0.5503  LR: 1.00e-03
2026-05-25 18:39:45,019 | [FULL+AUG] | INFO | full_experiments_using.model_trainers.mobile_vit_trainer | Ep [020/500] T-Acc:  60.3%  V-Acc:  46.1%  V-AUROC: 0.5591  LR: 1.00e-03
2026-05-25 18:41:57,497 | [FULL+AUG] | INFO | full_experiments_using.model_trainers.mobile_vit_trainer | Ep [021/500] T-Acc:  61.1%  V-Acc:  45.9%  V-AUROC: 0.5595  LR: 1.00e-03
2026-05-25 18:41:57,635 | [FULL+AUG] | INFO | full_experiments_using.model_trainers.mobile_vit_trainer |   ↳ new best AUROC; saved checkpoint: /home/leggo/AIResearch/VOGBasedMCIDetectionSystemMobileViTSingleExperimentInference/outputs/checkpoints/run_20260524_040820_full_aug/fold_17_best.pth
2026-05-25 18:44:09,816 | [FULL+AUG] | INFO | full_experiments_using.model_trainers.mobile_vit_trainer | Ep [022/500] T-Acc:  60.1%  V-Acc:  45.0%  V-AUROC: 0.5508  LR: 1.00e-03
2026-05-25 18:46:22,575 | [FULL+AUG] | INFO | full_experiments_using.model_trainers.mobile_vit_trainer | Ep [023/500] T-Acc:  60.6%  V-Acc:  44.1%  V-AUROC: 0.5522  LR: 1.00e-03
2026-05-25 18:48:34,804 | [FULL+AUG] | INFO | full_experiments_using.model_trainers.mobile_vit_trainer | Ep [024/500] T-Acc:  61.1%  V-Acc:  44.2%  V-AUROC: 0.5599  LR: 1.00e-03
2026-05-25 18:48:34,937 | [FULL+AUG] | INFO | full_experiments_using.model_trainers.mobile_vit_trainer |   ↳ new best AUROC; saved checkpoint: /home/leggo/AIResearch/VOGBasedMCIDetectionSystemMobileViTSingleExperimentInference/outputs/checkpoints/run_20260524_040820_full_aug/fold_17_best.pth
2026-05-25 18:50:47,088 | [FULL+AUG] | INFO | full_experiments_using.model_trainers.mobile_vit_trainer | Ep [025/500] T-Acc:  62.1%  V-Acc:  47.0%  V-AUROC: 0.5606  LR: 1.00e-03
2026-05-25 18:50:47,201 | [FULL+AUG] | INFO | full_experiments_using.model_trainers.mobile_vit_trainer |   ↳ new best AUROC; saved checkpoint: /home/leggo/AIResearch/VOGBasedMCIDetectionSystemMobileViTSingleExperimentInference/outputs/checkpoints/run_20260524_040820_full_aug/fold_17_best.pth
2026-05-25 18:52:59,405 | [FULL+AUG] | INFO | full_experiments_using.model_trainers.mobile_vit_trainer | Ep [026/500] T-Acc:  62.0%  V-Acc:  44.1%  V-AUROC: 0.5618  LR: 1.00e-03
2026-05-25 18:52:59,565 | [FULL+AUG] | INFO | full_experiments_using.model_trainers.mobile_vit_trainer |   ↳ new best AUROC; saved checkpoint: /home/leggo/AIResearch/VOGBasedMCIDetectionSystemMobileViTSingleExperimentInference/outputs/checkpoints/run_20260524_040820_full_aug/fold_17_best.pth
2026-05-25 18:55:11,766 | [FULL+AUG] | INFO | full_experiments_using.model_trainers.mobile_vit_trainer | Ep [027/500] T-Acc:  61.5%  V-Acc:  42.9%  V-AUROC: 0.5589  LR: 1.00e-03
2026-05-25 18:57:24,026 | [FULL+AUG] | INFO | full_experiments_using.model_trainers.mobile_vit_trainer | Ep [028/500] T-Acc:  62.5%  V-Acc:  47.1%  V-AUROC: 0.5675  LR: 1.00e-03
2026-05-25 18:57:24,190 | [FULL+AUG] | INFO | full_experiments_using.model_trainers.mobile_vit_trainer |   ↳ new best AUROC; saved checkpoint: /home/leggo/AIResearch/VOGBasedMCIDetectionSystemMobileViTSingleExperimentInference/outputs/checkpoints/run_20260524_040820_full_aug/fold_17_best.pth
2026-05-25 18:59:36,313 | [FULL+AUG] | INFO | full_experiments_using.model_trainers.mobile_vit_trainer | Ep [029/500] T-Acc:  61.7%  V-Acc:  44.9%  V-AUROC: 0.5653  LR: 1.00e-03
2026-05-25 19:01:48,484 | [FULL+AUG] | INFO | full_experiments_using.model_trainers.mobile_vit_trainer | Ep [030/500] T-Acc:  61.2%  V-Acc:  49.8%  V-AUROC: 0.5785  LR: 1.00e-03
2026-05-25 19:01:48,624 | [FULL+AUG] | INFO | full_experiments_using.model_trainers.mobile_vit_trainer |   ↳ new best AUROC; saved checkpoint: /home/leggo/AIResearch/VOGBasedMCIDetectionSystemMobileViTSingleExperimentInference/outputs/checkpoints/run_20260524_040820_full_aug/fold_17_best.pth
2026-05-25 19:04:00,565 | [FULL+AUG] | INFO | full_experiments_using.model_trainers.mobile_vit_trainer | Ep [031/500] T-Acc:  61.7%  V-Acc:  45.1%  V-AUROC: 0.5583  LR: 1.00e-03
2026-05-25 19:06:12,630 | [FULL+AUG] | INFO | full_experiments_using.model_trainers.mobile_vit_trainer | Ep [032/500] T-Acc:  62.4%  V-Acc:  47.0%  V-AUROC: 0.5720  LR: 1.00e-03
2026-05-25 19:08:24,669 | [FULL+AUG] | INFO | full_experiments_using.model_trainers.mobile_vit_trainer | Ep [033/500] T-Acc:  61.7%  V-Acc:  47.7%  V-AUROC: 0.5662  LR: 1.00e-03
2026-05-25 19:10:37,188 | [FULL+AUG] | INFO | full_experiments_using.model_trainers.mobile_vit_trainer | Ep [034/500] T-Acc:  62.4%  V-Acc:  49.4%  V-AUROC: 0.5691  LR: 1.00e-03
2026-05-25 19:12:50,055 | [FULL+AUG] | INFO | full_experiments_using.model_trainers.mobile_vit_trainer | Ep [035/500] T-Acc:  61.9%  V-Acc:  49.4%  V-AUROC: 0.5802  LR: 1.00e-03
2026-05-25 19:12:50,215 | [FULL+AUG] | INFO | full_experiments_using.model_trainers.mobile_vit_trainer |   ↳ new best AUROC; saved checkpoint: /home/leggo/AIResearch/VOGBasedMCIDetectionSystemMobileViTSingleExperimentInference/outputs/checkpoints/run_20260524_040820_full_aug/fold_17_best.pth
2026-05-25 19:15:02,167 | [FULL+AUG] | INFO | full_experiments_using.model_trainers.mobile_vit_trainer | Ep [036/500] T-Acc:  63.5%  V-Acc:  50.6%  V-AUROC: 0.5793  LR: 1.00e-03
2026-05-25 19:17:14,657 | [FULL+AUG] | INFO | full_experiments_using.model_trainers.mobile_vit_trainer | Ep [037/500] T-Acc:  61.3%  V-Acc:  48.4%  V-AUROC: 0.5748  LR: 1.00e-03
2026-05-25 19:19:27,271 | [FULL+AUG] | INFO | full_experiments_using.model_trainers.mobile_vit_trainer | Ep [038/500] T-Acc:  62.2%  V-Acc:  48.7%  V-AUROC: 0.5731  LR: 1.00e-03
2026-05-25 19:21:39,488 | [FULL+AUG] | INFO | full_experiments_using.model_trainers.mobile_vit_trainer | Ep [039/500] T-Acc:  62.0%  V-Acc:  45.8%  V-AUROC: 0.5812  LR: 1.00e-03
2026-05-25 19:21:39,647 | [FULL+AUG] | INFO | full_experiments_using.model_trainers.mobile_vit_trainer |   ↳ new best AUROC; saved checkpoint: /home/leggo/AIResearch/VOGBasedMCIDetectionSystemMobileViTSingleExperimentInference/outputs/checkpoints/run_20260524_040820_full_aug/fold_17_best.pth
2026-05-25 19:23:51,820 | [FULL+AUG] | INFO | full_experiments_using.model_trainers.mobile_vit_trainer | Ep [040/500] T-Acc:  63.3%  V-Acc:  50.3%  V-AUROC: 0.5807  LR: 1.00e-03
2026-05-25 19:26:03,907 | [FULL+AUG] | INFO | full_experiments_using.model_trainers.mobile_vit_trainer | Ep [041/500] T-Acc:  61.7%  V-Acc:  47.1%  V-AUROC: 0.5738  LR: 1.00e-03
2026-05-25 19:28:16,392 | [FULL+AUG] | INFO | full_experiments_using.model_trainers.mobile_vit_trainer | Ep [042/500] T-Acc:  62.9%  V-Acc:  46.6%  V-AUROC: 0.5846  LR: 1.00e-03
2026-05-25 19:28:16,557 | [FULL+AUG] | INFO | full_experiments_using.model_trainers.mobile_vit_trainer |   ↳ new best AUROC; saved checkpoint: /home/leggo/AIResearch/VOGBasedMCIDetectionSystemMobileViTSingleExperimentInference/outputs/checkpoints/run_20260524_040820_full_aug/fold_17_best.pth
2026-05-25 19:30:28,525 | [FULL+AUG] | INFO | full_experiments_using.model_trainers.mobile_vit_trainer | Ep [043/500] T-Acc:  62.5%  V-Acc:  49.5%  V-AUROC: 0.5869  LR: 1.00e-03
2026-05-25 19:30:28,692 | [FULL+AUG] | INFO | full_experiments_using.model_trainers.mobile_vit_trainer |   ↳ new best AUROC; saved checkpoint: /home/leggo/AIResearch/VOGBasedMCIDetectionSystemMobileViTSingleExperimentInference/outputs/checkpoints/run_20260524_040820_full_aug/fold_17_best.pth
2026-05-25 19:32:40,611 | [FULL+AUG] | INFO | full_experiments_using.model_trainers.mobile_vit_trainer | Ep [044/500] T-Acc:  62.3%  V-Acc:  47.5%  V-AUROC: 0.5801  LR: 1.00e-03
2026-05-25 19:34:53,414 | [FULL+AUG] | INFO | full_experiments_using.model_trainers.mobile_vit_trainer | Ep [045/500] T-Acc:  63.5%  V-Acc:  51.1%  V-AUROC: 0.5777  LR: 1.00e-03
2026-05-25 19:37:06,118 | [FULL+AUG] | INFO | full_experiments_using.model_trainers.mobile_vit_trainer | Ep [046/500] T-Acc:  63.1%  V-Acc:  51.0%  V-AUROC: 0.5882  LR: 1.00e-03
2026-05-25 19:37:06,268 | [FULL+AUG] | INFO | full_experiments_using.model_trainers.mobile_vit_trainer |   ↳ new best AUROC; saved checkpoint: /home/leggo/AIResearch/VOGBasedMCIDetectionSystemMobileViTSingleExperimentInference/outputs/checkpoints/run_20260524_040820_full_aug/fold_17_best.pth
2026-05-25 19:39:18,271 | [FULL+AUG] | INFO | full_experiments_using.model_trainers.mobile_vit_trainer | Ep [047/500] T-Acc:  64.8%  V-Acc:  49.8%  V-AUROC: 0.5580  LR: 1.00e-03
2026-05-25 19:41:30,385 | [FULL+AUG] | INFO | full_experiments_using.model_trainers.mobile_vit_trainer | Ep [048/500] T-Acc:  63.0%  V-Acc:  50.3%  V-AUROC: 0.5588  LR: 1.00e-03
2026-05-25 19:43:42,792 | [FULL+AUG] | INFO | full_experiments_using.model_trainers.mobile_vit_trainer | Ep [049/500] T-Acc:  61.8%  V-Acc:  50.1%  V-AUROC: 0.5492  LR: 1.00e-03
2026-05-25 19:45:55,031 | [FULL+AUG] | INFO | full_experiments_using.model_trainers.mobile_vit_trainer | Ep [050/500] T-Acc:  63.9%  V-Acc:  53.0%  V-AUROC: 0.5681  LR: 1.00e-03
2026-05-25 19:48:07,323 | [FULL+AUG] | INFO | full_experiments_using.model_trainers.mobile_vit_trainer | Ep [051/500] T-Acc:  63.0%  V-Acc:  47.9%  V-AUROC: 0.5546  LR: 1.00e-03
2026-05-25 19:50:18,747 | [FULL+AUG] | INFO | full_experiments_using.model_trainers.mobile_vit_trainer | Ep [052/500] T-Acc:  64.2%  V-Acc:  47.9%  V-AUROC: 0.5657  LR: 1.00e-03
2026-05-25 19:52:30,801 | [FULL+AUG] | INFO | full_experiments_using.model_trainers.mobile_vit_trainer | Ep [053/500] T-Acc:  62.8%  V-Acc:  52.0%  V-AUROC: 0.5606  LR: 1.00e-03
2026-05-25 19:54:43,735 | [FULL+AUG] | INFO | full_experiments_using.model_trainers.mobile_vit_trainer | Ep [054/500] T-Acc:  64.2%  V-Acc:  55.0%  V-AUROC: 0.5828  LR: 1.00e-03
2026-05-25 19:56:56,136 | [FULL+AUG] | INFO | full_experiments_using.model_trainers.mobile_vit_trainer | Ep [055/500] T-Acc:  63.1%  V-Acc:  50.6%  V-AUROC: 0.5938  LR: 1.00e-03
2026-05-25 19:56:56,289 | [FULL+AUG] | INFO | full_experiments_using.model_trainers.mobile_vit_trainer |   ↳ new best AUROC; saved checkpoint: /home/leggo/AIResearch/VOGBasedMCIDetectionSystemMobileViTSingleExperimentInference/outputs/checkpoints/run_20260524_040820_full_aug/fold_17_best.pth
2026-05-25 19:59:08,744 | [FULL+AUG] | INFO | full_experiments_using.model_trainers.mobile_vit_trainer | Ep [056/500] T-Acc:  64.6%  V-Acc:  61.4%  V-AUROC: 0.5705  LR: 1.00e-03
2026-05-25 20:01:20,042 | [FULL+AUG] | INFO | full_experiments_using.model_trainers.mobile_vit_trainer | Ep [057/500] T-Acc:  64.0%  V-Acc:  51.5%  V-AUROC: 0.5734  LR: 1.00e-03
2026-05-25 20:03:32,087 | [FULL+AUG] | INFO | full_experiments_using.model_trainers.mobile_vit_trainer | Ep [058/500] T-Acc:  63.8%  V-Acc:  50.6%  V-AUROC: 0.5722  LR: 1.00e-03
2026-05-25 20:05:45,171 | [FULL+AUG] | INFO | full_experiments_using.model_trainers.mobile_vit_trainer | Ep [059/500] T-Acc:  64.5%  V-Acc:  50.1%  V-AUROC: 0.5875  LR: 1.00e-03
2026-05-25 20:07:57,833 | [FULL+AUG] | INFO | full_experiments_using.model_trainers.mobile_vit_trainer | Ep [060/500] T-Acc:  63.7%  V-Acc:  50.2%  V-AUROC: 0.5975  LR: 1.00e-03
2026-05-25 20:07:57,993 | [FULL+AUG] | INFO | full_experiments_using.model_trainers.mobile_vit_trainer |   ↳ new best AUROC; saved checkpoint: /home/leggo/AIResearch/VOGBasedMCIDetectionSystemMobileViTSingleExperimentInference/outputs/checkpoints/run_20260524_040820_full_aug/fold_17_best.pth
2026-05-25 20:10:10,766 | [FULL+AUG] | INFO | full_experiments_using.model_trainers.mobile_vit_trainer | Ep [061/500] T-Acc:  63.6%  V-Acc:  51.2%  V-AUROC: 0.5924  LR: 1.00e-03
2026-05-25 20:12:23,611 | [FULL+AUG] | INFO | full_experiments_using.model_trainers.mobile_vit_trainer | Ep [062/500] T-Acc:  64.9%  V-Acc:  48.7%  V-AUROC: 0.5906  LR: 1.00e-03
2026-05-25 20:14:35,588 | [FULL+AUG] | INFO | full_experiments_using.model_trainers.mobile_vit_trainer | Ep [063/500] T-Acc:  64.1%  V-Acc:  51.9%  V-AUROC: 0.5938  LR: 1.00e-03
2026-05-25 20:16:47,593 | [FULL+AUG] | INFO | full_experiments_using.model_trainers.mobile_vit_trainer | Ep [064/500] T-Acc:  64.2%  V-Acc:  49.9%  V-AUROC: 0.5976  LR: 1.00e-03
2026-05-25 20:16:47,703 | [FULL+AUG] | INFO | full_experiments_using.model_trainers.mobile_vit_trainer |   ↳ new best AUROC; saved checkpoint: /home/leggo/AIResearch/VOGBasedMCIDetectionSystemMobileViTSingleExperimentInference/outputs/checkpoints/run_20260524_040820_full_aug/fold_17_best.pth
2026-05-25 20:19:00,438 | [FULL+AUG] | INFO | full_experiments_using.model_trainers.mobile_vit_trainer | Ep [065/500] T-Acc:  63.7%  V-Acc:  49.7%  V-AUROC: 0.5907  LR: 1.00e-03
2026-05-25 20:21:12,566 | [FULL+AUG] | INFO | full_experiments_using.model_trainers.mobile_vit_trainer | Ep [066/500] T-Acc:  64.7%  V-Acc:  51.3%  V-AUROC: 0.5866  LR: 1.00e-03
2026-05-25 20:23:24,539 | [FULL+AUG] | INFO | full_experiments_using.model_trainers.mobile_vit_trainer | Ep [067/500] T-Acc:  64.7%  V-Acc:  50.1%  V-AUROC: 0.5741  LR: 1.00e-03
2026-05-25 20:25:37,476 | [FULL+AUG] | INFO | full_experiments_using.model_trainers.mobile_vit_trainer | Ep [068/500] T-Acc:  64.7%  V-Acc:  52.6%  V-AUROC: 0.5684  LR: 1.00e-03
2026-05-25 20:27:49,756 | [FULL+AUG] | INFO | full_experiments_using.model_trainers.mobile_vit_trainer | Ep [069/500] T-Acc:  63.8%  V-Acc:  49.8%  V-AUROC: 0.5801  LR: 1.00e-03
2026-05-25 20:30:02,231 | [FULL+AUG] | INFO | full_experiments_using.model_trainers.mobile_vit_trainer | Ep [070/500] T-Acc:  65.0%  V-Acc:  45.3%  V-AUROC: 0.5647  LR: 1.00e-03
2026-05-25 20:32:14,844 | [FULL+AUG] | INFO | full_experiments_using.model_trainers.mobile_vit_trainer | Ep [071/500] T-Acc:  65.0%  V-Acc:  49.8%  V-AUROC: 0.5987  LR: 1.00e-03
2026-05-25 20:32:14,954 | [FULL+AUG] | INFO | full_experiments_using.model_trainers.mobile_vit_trainer |   ↳ new best AUROC; saved checkpoint: /home/leggo/AIResearch/VOGBasedMCIDetectionSystemMobileViTSingleExperimentInference/outputs/checkpoints/run_20260524_040820_full_aug/fold_17_best.pth
2026-05-25 20:34:27,460 | [FULL+AUG] | INFO | full_experiments_using.model_trainers.mobile_vit_trainer | Ep [072/500] T-Acc:  65.1%  V-Acc:  53.0%  V-AUROC: 0.5994  LR: 1.00e-03
2026-05-25 20:34:27,572 | [FULL+AUG] | INFO | full_experiments_using.model_trainers.mobile_vit_trainer |   ↳ new best AUROC; saved checkpoint: /home/leggo/AIResearch/VOGBasedMCIDetectionSystemMobileViTSingleExperimentInference/outputs/checkpoints/run_20260524_040820_full_aug/fold_17_best.pth
2026-05-25 20:36:39,867 | [FULL+AUG] | INFO | full_experiments_using.model_trainers.mobile_vit_trainer | Ep [073/500] T-Acc:  63.7%  V-Acc:  55.2%  V-AUROC: 0.5914  LR: 1.00e-03
2026-05-25 20:38:52,315 | [FULL+AUG] | INFO | full_experiments_using.model_trainers.mobile_vit_trainer | Ep [074/500] T-Acc:  64.4%  V-Acc:  52.3%  V-AUROC: 0.6007  LR: 1.00e-03
2026-05-25 20:38:52,467 | [FULL+AUG] | INFO | full_experiments_using.model_trainers.mobile_vit_trainer |   ↳ new best AUROC; saved checkpoint: /home/leggo/AIResearch/VOGBasedMCIDetectionSystemMobileViTSingleExperimentInference/outputs/checkpoints/run_20260524_040820_full_aug/fold_17_best.pth
2026-05-25 20:41:05,113 | [FULL+AUG] | INFO | full_experiments_using.model_trainers.mobile_vit_trainer | Ep [075/500] T-Acc:  64.8%  V-Acc:  50.9%  V-AUROC: 0.6091  LR: 1.00e-03
2026-05-25 20:41:05,267 | [FULL+AUG] | INFO | full_experiments_using.model_trainers.mobile_vit_trainer |   ↳ new best AUROC; saved checkpoint: /home/leggo/AIResearch/VOGBasedMCIDetectionSystemMobileViTSingleExperimentInference/outputs/checkpoints/run_20260524_040820_full_aug/fold_17_best.pth
2026-05-25 20:43:18,493 | [FULL+AUG] | INFO | full_experiments_using.model_trainers.mobile_vit_trainer | Ep [076/500] T-Acc:  65.0%  V-Acc:  52.8%  V-AUROC: 0.5963  LR: 1.00e-03
2026-05-25 20:45:30,611 | [FULL+AUG] | INFO | full_experiments_using.model_trainers.mobile_vit_trainer | Ep [077/500] T-Acc:  64.3%  V-Acc:  48.8%  V-AUROC: 0.5999  LR: 1.00e-03
2026-05-25 20:47:43,184 | [FULL+AUG] | INFO | full_experiments_using.model_trainers.mobile_vit_trainer | Ep [078/500] T-Acc:  64.6%  V-Acc:  48.8%  V-AUROC: 0.5975  LR: 1.00e-03
2026-05-25 20:49:56,391 | [FULL+AUG] | INFO | full_experiments_using.model_trainers.mobile_vit_trainer | Ep [079/500] T-Acc:  64.9%  V-Acc:  52.4%  V-AUROC: 0.5947  LR: 1.00e-03
2026-05-25 20:52:09,102 | [FULL+AUG] | INFO | full_experiments_using.model_trainers.mobile_vit_trainer | Ep [080/500] T-Acc:  65.7%  V-Acc:  49.9%  V-AUROC: 0.5974  LR: 1.00e-03
2026-05-25 20:54:21,447 | [FULL+AUG] | INFO | full_experiments_using.model_trainers.mobile_vit_trainer | Ep [081/500] T-Acc:  65.3%  V-Acc:  52.8%  V-AUROC: 0.6053  LR: 1.00e-03
2026-05-25 20:56:33,596 | [FULL+AUG] | INFO | full_experiments_using.model_trainers.mobile_vit_trainer | Ep [082/500] T-Acc:  64.3%  V-Acc:  51.3%  V-AUROC: 0.6094  LR: 1.00e-03
2026-05-25 20:56:33,746 | [FULL+AUG] | INFO | full_experiments_using.model_trainers.mobile_vit_trainer |   ↳ new best AUROC; saved checkpoint: /home/leggo/AIResearch/VOGBasedMCIDetectionSystemMobileViTSingleExperimentInference/outputs/checkpoints/run_20260524_040820_full_aug/fold_17_best.pth
2026-05-25 20:58:46,965 | [FULL+AUG] | INFO | full_experiments_using.model_trainers.mobile_vit_trainer | Ep [083/500] T-Acc:  64.3%  V-Acc:  52.7%  V-AUROC: 0.5992  LR: 1.00e-03
2026-05-25 21:00:59,588 | [FULL+AUG] | INFO | full_experiments_using.model_trainers.mobile_vit_trainer | Ep [084/500] T-Acc:  65.5%  V-Acc:  53.5%  V-AUROC: 0.6089  LR: 1.00e-03
2026-05-25 21:03:11,682 | [FULL+AUG] | INFO | full_experiments_using.model_trainers.mobile_vit_trainer | Ep [085/500] T-Acc:  64.8%  V-Acc:  50.8%  V-AUROC: 0.6060  LR: 1.00e-03
2026-05-25 21:05:23,828 | [FULL+AUG] | INFO | full_experiments_using.model_trainers.mobile_vit_trainer | Ep [086/500] T-Acc:  64.4%  V-Acc:  50.9%  V-AUROC: 0.6022  LR: 1.00e-03
2026-05-25 21:07:36,581 | [FULL+AUG] | INFO | full_experiments_using.model_trainers.mobile_vit_trainer | Ep [087/500] T-Acc:  65.4%  V-Acc:  50.5%  V-AUROC: 0.6072  LR: 1.00e-03
2026-05-25 21:09:48,630 | [FULL+AUG] | INFO | full_experiments_using.model_trainers.mobile_vit_trainer | Ep [088/500] T-Acc:  65.4%  V-Acc:  51.5%  V-AUROC: 0.5948  LR: 1.00e-03
2026-05-25 21:12:00,558 | [FULL+AUG] | INFO | full_experiments_using.model_trainers.mobile_vit_trainer | Ep [089/500] T-Acc:  65.7%  V-Acc:  53.9%  V-AUROC: 0.6050  LR: 1.00e-03
2026-05-25 21:14:12,855 | [FULL+AUG] | INFO | full_experiments_using.model_trainers.mobile_vit_trainer | Ep [090/500] T-Acc:  64.5%  V-Acc:  50.9%  V-AUROC: 0.6339  LR: 1.00e-03
2026-05-25 21:14:12,986 | [FULL+AUG] | INFO | full_experiments_using.model_trainers.mobile_vit_trainer |   ↳ new best AUROC; saved checkpoint: /home/leggo/AIResearch/VOGBasedMCIDetectionSystemMobileViTSingleExperimentInference/outputs/checkpoints/run_20260524_040820_full_aug/fold_17_best.pth
2026-05-25 21:16:25,691 | [FULL+AUG] | INFO | full_experiments_using.model_trainers.mobile_vit_trainer | Ep [091/500] T-Acc:  65.2%  V-Acc:  53.2%  V-AUROC: 0.6089  LR: 1.00e-03
2026-05-25 21:18:37,851 | [FULL+AUG] | INFO | full_experiments_using.model_trainers.mobile_vit_trainer | Ep [092/500] T-Acc:  65.6%  V-Acc:  56.1%  V-AUROC: 0.5974  LR: 1.00e-03
2026-05-25 21:20:50,553 | [FULL+AUG] | INFO | full_experiments_using.model_trainers.mobile_vit_trainer | Ep [093/500] T-Acc:  65.5%  V-Acc:  54.5%  V-AUROC: 0.6236  LR: 1.00e-03
2026-05-25 21:23:03,004 | [FULL+AUG] | INFO | full_experiments_using.model_trainers.mobile_vit_trainer | Ep [094/500] T-Acc:  66.7%  V-Acc:  48.0%  V-AUROC: 0.5912  LR: 1.00e-03
2026-05-25 21:25:15,370 | [FULL+AUG] | INFO | full_experiments_using.model_trainers.mobile_vit_trainer | Ep [095/500] T-Acc:  65.5%  V-Acc:  49.4%  V-AUROC: 0.6024  LR: 1.00e-03
2026-05-25 21:27:26,680 | [FULL+AUG] | INFO | full_experiments_using.model_trainers.mobile_vit_trainer | Ep [096/500] T-Acc:  65.8%  V-Acc:  55.1%  V-AUROC: 0.6090  LR: 1.00e-03
2026-05-25 21:29:38,802 | [FULL+AUG] | INFO | full_experiments_using.model_trainers.mobile_vit_trainer | Ep [097/500] T-Acc:  65.6%  V-Acc:  51.4%  V-AUROC: 0.6007  LR: 1.00e-03
2026-05-25 21:31:50,834 | [FULL+AUG] | INFO | full_experiments_using.model_trainers.mobile_vit_trainer | Ep [098/500] T-Acc:  64.9%  V-Acc:  51.5%  V-AUROC: 0.6004  LR: 1.00e-03
2026-05-25 21:34:03,043 | [FULL+AUG] | INFO | full_experiments_using.model_trainers.mobile_vit_trainer | Ep [099/500] T-Acc:  65.2%  V-Acc:  52.0%  V-AUROC: 0.6054  LR: 1.00e-03
2026-05-25 21:36:15,392 | [FULL+AUG] | INFO | full_experiments_using.model_trainers.mobile_vit_trainer | Ep [100/500] T-Acc:  65.2%  V-Acc:  54.4%  V-AUROC: 0.6197  LR: 1.00e-03
2026-05-25 21:38:27,321 | [FULL+AUG] | INFO | full_experiments_using.model_trainers.mobile_vit_trainer | Ep [101/500] T-Acc:  65.2%  V-Acc:  53.4%  V-AUROC: 0.6090  LR: 1.00e-03
2026-05-25 21:40:39,697 | [FULL+AUG] | INFO | full_experiments_using.model_trainers.mobile_vit_trainer | Ep [102/500] T-Acc:  66.2%  V-Acc:  54.5%  V-AUROC: 0.6193  LR: 2.00e-04
2026-05-25 21:42:52,449 | [FULL+AUG] | INFO | full_experiments_using.model_trainers.mobile_vit_trainer | Ep [103/500] T-Acc:  65.5%  V-Acc:  55.8%  V-AUROC: 0.6194  LR: 2.00e-04
2026-05-25 21:45:04,681 | [FULL+AUG] | INFO | full_experiments_using.model_trainers.mobile_vit_trainer | Ep [104/500] T-Acc:  65.4%  V-Acc:  53.5%  V-AUROC: 0.6131  LR: 2.00e-04
2026-05-25 21:47:16,179 | [FULL+AUG] | INFO | full_experiments_using.model_trainers.mobile_vit_trainer | Ep [105/500] T-Acc:  65.4%  V-Acc:  53.3%  V-AUROC: 0.6155  LR: 2.00e-04
2026-05-25 21:49:28,074 | [FULL+AUG] | INFO | full_experiments_using.model_trainers.mobile_vit_trainer | Ep [106/500] T-Acc:  64.8%  V-Acc:  52.4%  V-AUROC: 0.6152  LR: 2.00e-04
2026-05-25 21:51:40,731 | [FULL+AUG] | INFO | full_experiments_using.model_trainers.mobile_vit_trainer | Ep [107/500] T-Acc:  65.5%  V-Acc:  55.7%  V-AUROC: 0.6152  LR: 2.00e-04
2026-05-25 21:53:53,940 | [FULL+AUG] | INFO | full_experiments_using.model_trainers.mobile_vit_trainer | Ep [108/500] T-Acc:  66.0%  V-Acc:  55.7%  V-AUROC: 0.6158  LR: 2.00e-04
2026-05-25 21:56:06,602 | [FULL+AUG] | INFO | full_experiments_using.model_trainers.mobile_vit_trainer | Ep [109/500] T-Acc:  66.5%  V-Acc:  52.7%  V-AUROC: 0.6136  LR: 2.00e-04
2026-05-25 21:58:18,672 | [FULL+AUG] | INFO | full_experiments_using.model_trainers.mobile_vit_trainer | Ep [110/500] T-Acc:  66.4%  V-Acc:  54.9%  V-AUROC: 0.6140  LR: 2.00e-04
2026-05-25 22:00:31,813 | [FULL+AUG] | INFO | full_experiments_using.model_trainers.mobile_vit_trainer | Ep [111/500] T-Acc:  66.4%  V-Acc:  54.8%  V-AUROC: 0.6081  LR: 2.00e-04
2026-05-25 22:02:44,969 | [FULL+AUG] | INFO | full_experiments_using.model_trainers.mobile_vit_trainer | Ep [112/500] T-Acc:  65.9%  V-Acc:  52.6%  V-AUROC: 0.6068  LR: 2.00e-04
2026-05-25 22:04:57,416 | [FULL+AUG] | INFO | full_experiments_using.model_trainers.mobile_vit_trainer | Ep [113/500] T-Acc:  65.8%  V-Acc:  51.5%  V-AUROC: 0.6050  LR: 4.00e-05
2026-05-25 22:07:09,195 | [FULL+AUG] | INFO | full_experiments_using.model_trainers.mobile_vit_trainer | Ep [114/500] T-Acc:  66.0%  V-Acc:  53.2%  V-AUROC: 0.6075  LR: 4.00e-05
2026-05-25 22:09:21,006 | [FULL+AUG] | INFO | full_experiments_using.model_trainers.mobile_vit_trainer | Ep [115/500] T-Acc:  66.0%  V-Acc:  51.6%  V-AUROC: 0.6059  LR: 4.00e-05
2026-05-25 22:11:33,004 | [FULL+AUG] | INFO | full_experiments_using.model_trainers.mobile_vit_trainer | Ep [116/500] T-Acc:  65.0%  V-Acc:  54.4%  V-AUROC: 0.6069  LR: 4.00e-05
2026-05-25 22:13:44,805 | [FULL+AUG] | INFO | full_experiments_using.model_trainers.mobile_vit_trainer | Ep [117/500] T-Acc:  65.4%  V-Acc:  52.1%  V-AUROC: 0.6099  LR: 4.00e-05
2026-05-25 22:15:56,662 | [FULL+AUG] | INFO | full_experiments_using.model_trainers.mobile_vit_trainer | Ep [118/500] T-Acc:  66.8%  V-Acc:  54.8%  V-AUROC: 0.6074  LR: 4.00e-05
2026-05-25 22:18:08,523 | [FULL+AUG] | INFO | full_experiments_using.model_trainers.mobile_vit_trainer | Ep [119/500] T-Acc:  65.8%  V-Acc:  54.1%  V-AUROC: 0.6122  LR: 4.00e-05
2026-05-25 22:20:20,449 | [FULL+AUG] | INFO | full_experiments_using.model_trainers.mobile_vit_trainer | Ep [120/500] T-Acc:  65.7%  V-Acc:  53.1%  V-AUROC: 0.6130  LR: 4.00e-05
2026-05-25 22:22:32,479 | [FULL+AUG] | INFO | full_experiments_using.model_trainers.mobile_vit_trainer | Ep [121/500] T-Acc:  66.0%  V-Acc:  54.3%  V-AUROC: 0.6131  LR: 4.00e-05
2026-05-25 22:24:44,412 | [FULL+AUG] | INFO | full_experiments_using.model_trainers.mobile_vit_trainer | Ep [122/500] T-Acc:  65.9%  V-Acc:  52.5%  V-AUROC: 0.6108  LR: 4.00e-05
2026-05-25 22:26:56,939 | [FULL+AUG] | INFO | full_experiments_using.model_trainers.mobile_vit_trainer | Ep [123/500] T-Acc:  66.3%  V-Acc:  55.8%  V-AUROC: 0.6098  LR: 4.00e-05
2026-05-25 22:29:09,141 | [FULL+AUG] | INFO | full_experiments_using.model_trainers.mobile_vit_trainer | Ep [124/500] T-Acc:  64.6%  V-Acc:  52.5%  V-AUROC: 0.6084  LR: 8.00e-06
2026-05-25 22:31:21,194 | [FULL+AUG] | INFO | full_experiments_using.model_trainers.mobile_vit_trainer | Ep [125/500] T-Acc:  66.4%  V-Acc:  51.7%  V-AUROC: 0.6086  LR: 8.00e-06
2026-05-25 22:33:33,017 | [FULL+AUG] | INFO | full_experiments_using.model_trainers.mobile_vit_trainer | Ep [126/500] T-Acc:  66.9%  V-Acc:  54.7%  V-AUROC: 0.6112  LR: 8.00e-06
2026-05-25 22:35:44,835 | [FULL+AUG] | INFO | full_experiments_using.model_trainers.mobile_vit_trainer | Ep [127/500] T-Acc:  66.5%  V-Acc:  53.7%  V-AUROC: 0.6119  LR: 8.00e-06
2026-05-25 22:37:56,697 | [FULL+AUG] | INFO | full_experiments_using.model_trainers.mobile_vit_trainer | Ep [128/500] T-Acc:  66.6%  V-Acc:  51.7%  V-AUROC: 0.6108  LR: 8.00e-06
2026-05-25 22:40:08,561 | [FULL+AUG] | INFO | full_experiments_using.model_trainers.mobile_vit_trainer | Ep [129/500] T-Acc:  65.6%  V-Acc:  56.3%  V-AUROC: 0.6116  LR: 8.00e-06
2026-05-25 22:42:20,339 | [FULL+AUG] | INFO | full_experiments_using.model_trainers.mobile_vit_trainer | Ep [130/500] T-Acc:  65.7%  V-Acc:  57.0%  V-AUROC: 0.6139  LR: 8.00e-06
2026-05-25 22:42:20,340 | [FULL+AUG] | INFO | full_experiments_using.model_trainers.mobile_vit_trainer | Early stop — best AUROC 0.6339 at epoch 90 (no improvement for 40 epochs)
2026-05-25 22:42:20,340 | [FULL+AUG] | INFO | full_experiments_using.model_trainers.mobile_vit_trainer | Done. Best AUROC: 0.6339 (epoch 90) → /home/leggo/AIResearch/VOGBasedMCIDetectionSystemMobileViTSingleExperimentInference/outputs/checkpoints/run_20260524_040820_full_aug/fold_17_best.pth
2026-05-25 22:42:51,211 | [FULL+AUG] | INFO | full_experiments_using.evaluators.monte_carlo_evaluator | -> Fold 18 Result | Acc=0.500 Sens=0.500 Spec=0.000 AUROC=0.500
2026-05-25 22:42:51,218 | [FULL+AUG] | INFO | full_experiments_using.evaluators.monte_carlo_evaluator | === Fold 19/30 | train: 25 subj / 3905 windows | test: 12 subj / 1831 windows ===
2026-05-25 22:42:51,633 | [FULL+AUG] | INFO | httpx | HTTP Request: HEAD https://huggingface.co/apple/mobilevit-small/resolve/main/config.json "HTTP/1.1 307 Temporary Redirect"
2026-05-25 22:42:51,650 | [FULL+AUG] | INFO | httpx | HTTP Request: HEAD https://huggingface.co/api/resolve-cache/models/apple/mobilevit-small/6c8612545dc98676d27bc518fa521d9e9af23e34/config.json "HTTP/1.1 200 OK"
2026-05-25 22:42:51,938 | [FULL+AUG] | INFO | httpx | HTTP Request: HEAD https://huggingface.co/apple/mobilevit-small/resolve/main/model.safetensors "HTTP/1.1 404 Not Found"
2026-05-25 22:42:52,152 | [FULL+AUG] | INFO | httpx | HTTP Request: HEAD https://huggingface.co/apple/mobilevit-small/resolve/main/model.safetensors.index.json "HTTP/1.1 404 Not Found"
2026-05-25 22:42:52,371 | [FULL+AUG] | INFO | httpx | HTTP Request: HEAD https://huggingface.co/apple/mobilevit-small/resolve/main/pytorch_model.bin "HTTP/1.1 302 Found"
2026-05-25 22:42:52,590 | [FULL+AUG] | INFO | httpx | HTTP Request: HEAD https://huggingface.co/apple/mobilevit-small/resolve/main/model.safetensors "HTTP/1.1 404 Not Found"
2026-05-25 22:42:52,813 | [FULL+AUG] | INFO | httpx | HTTP Request: GET https://huggingface.co/api/models/apple/mobilevit-small "HTTP/1.1 200 OK"
2026-05-25 22:42:53,099 | [FULL+AUG] | INFO | httpx | HTTP Request: GET https://huggingface.co/api/models/apple/mobilevit-small/commits/main "HTTP/1.1 200 OK"
2026-05-25 22:42:53,333 | [FULL+AUG] | INFO | httpx | HTTP Request: GET https://huggingface.co/api/models/apple/mobilevit-small/discussions?p=0 "HTTP/1.1 200 OK"
2026-05-25 22:42:53,563 | [FULL+AUG] | INFO | httpx | HTTP Request: GET https://huggingface.co/api/models/apple/mobilevit-small/commits/refs%2Fpr%2F6 "HTTP/1.1 200 OK"
2026-05-25 22:42:53,773 | [FULL+AUG] | INFO | httpx | HTTP Request: HEAD https://huggingface.co/apple/mobilevit-small/resolve/refs%2Fpr%2F6/model.safetensors.index.json "HTTP/1.1 404 Not Found"
2026-05-25 22:42:53,988 | [FULL+AUG] | INFO | httpx | HTTP Request: HEAD https://huggingface.co/apple/mobilevit-small/resolve/refs%2Fpr%2F6/model.safetensors "HTTP/1.1 302 Found"
2026-05-25 22:42:54,767 | [FULL+AUG] | INFO | full_experiments_using.model_trainers.mobile_vit_trainer | Device: cuda | max_epochs=500 | batch=32 | es_patience=40
2026-05-25 22:42:54,770 | [FULL+AUG] | INFO | full_experiments_using.model_trainers.mobile_vit_trainer | CE weights — HC: 1.106  MCI: 0.912
2026-05-25 22:45:05,169 | [FULL+AUG] | INFO | full_experiments_using.model_trainers.mobile_vit_trainer | Ep [001/500] T-Acc:  53.8%  V-Acc:  53.0%  V-AUROC: 0.5171  LR: 2.00e-04
2026-05-25 22:45:05,264 | [FULL+AUG] | INFO | full_experiments_using.model_trainers.mobile_vit_trainer |   ↳ new best AUROC; saved checkpoint: /home/leggo/AIResearch/VOGBasedMCIDetectionSystemMobileViTSingleExperimentInference/outputs/checkpoints/run_20260524_040820_full_aug/fold_18_best.pth
2026-05-25 22:47:15,578 | [FULL+AUG] | INFO | full_experiments_using.model_trainers.mobile_vit_trainer | Ep [002/500] T-Acc:  55.1%  V-Acc:  50.1%  V-AUROC: 0.4999  LR: 4.00e-04
2026-05-25 22:49:25,874 | [FULL+AUG] | INFO | full_experiments_using.model_trainers.mobile_vit_trainer | Ep [003/500] T-Acc:  54.1%  V-Acc:  49.0%  V-AUROC: 0.5076  LR: 6.00e-04
2026-05-25 22:51:36,081 | [FULL+AUG] | INFO | full_experiments_using.model_trainers.mobile_vit_trainer | Ep [004/500] T-Acc:  55.4%  V-Acc:  50.9%  V-AUROC: 0.5188  LR: 8.00e-04
2026-05-25 22:51:36,186 | [FULL+AUG] | INFO | full_experiments_using.model_trainers.mobile_vit_trainer |   ↳ new best AUROC; saved checkpoint: /home/leggo/AIResearch/VOGBasedMCIDetectionSystemMobileViTSingleExperimentInference/outputs/checkpoints/run_20260524_040820_full_aug/fold_18_best.pth
2026-05-25 22:53:47,752 | [FULL+AUG] | INFO | full_experiments_using.model_trainers.mobile_vit_trainer | Ep [005/500] T-Acc:  54.6%  V-Acc:  49.3%  V-AUROC: 0.5003  LR: 1.00e-03
2026-05-25 22:55:58,234 | [FULL+AUG] | INFO | full_experiments_using.model_trainers.mobile_vit_trainer | Ep [006/500] T-Acc:  52.8%  V-Acc:  49.9%  V-AUROC: 0.5068  LR: 1.00e-03
2026-05-25 22:58:08,442 | [FULL+AUG] | INFO | full_experiments_using.model_trainers.mobile_vit_trainer | Ep [007/500] T-Acc:  54.2%  V-Acc:  49.9%  V-AUROC: 0.5324  LR: 1.00e-03
2026-05-25 22:58:08,549 | [FULL+AUG] | INFO | full_experiments_using.model_trainers.mobile_vit_trainer |   ↳ new best AUROC; saved checkpoint: /home/leggo/AIResearch/VOGBasedMCIDetectionSystemMobileViTSingleExperimentInference/outputs/checkpoints/run_20260524_040820_full_aug/fold_18_best.pth
2026-05-25 23:00:18,942 | [FULL+AUG] | INFO | full_experiments_using.model_trainers.mobile_vit_trainer | Ep [008/500] T-Acc:  53.5%  V-Acc:  49.3%  V-AUROC: 0.5194  LR: 1.00e-03
2026-05-25 23:02:29,485 | [FULL+AUG] | INFO | full_experiments_using.model_trainers.mobile_vit_trainer | Ep [009/500] T-Acc:  54.9%  V-Acc:  50.2%  V-AUROC: 0.5200  LR: 1.00e-03
2026-05-25 23:04:38,771 | [FULL+AUG] | INFO | full_experiments_using.model_trainers.mobile_vit_trainer | Ep [010/500] T-Acc:  55.6%  V-Acc:  48.3%  V-AUROC: 0.5207  LR: 1.00e-03
2026-05-25 23:06:48,758 | [FULL+AUG] | INFO | full_experiments_using.model_trainers.mobile_vit_trainer | Ep [011/500] T-Acc:  56.7%  V-Acc:  48.1%  V-AUROC: 0.5189  LR: 1.00e-03
2026-05-25 23:08:58,752 | [FULL+AUG] | INFO | full_experiments_using.model_trainers.mobile_vit_trainer | Ep [012/500] T-Acc:  56.9%  V-Acc:  50.1%  V-AUROC: 0.5410  LR: 1.00e-03
2026-05-25 23:08:58,886 | [FULL+AUG] | INFO | full_experiments_using.model_trainers.mobile_vit_trainer |   ↳ new best AUROC; saved checkpoint: /home/leggo/AIResearch/VOGBasedMCIDetectionSystemMobileViTSingleExperimentInference/outputs/checkpoints/run_20260524_040820_full_aug/fold_18_best.pth
2026-05-25 23:11:09,984 | [FULL+AUG] | INFO | full_experiments_using.model_trainers.mobile_vit_trainer | Ep [013/500] T-Acc:  58.2%  V-Acc:  46.5%  V-AUROC: 0.5376  LR: 1.00e-03
2026-05-25 23:13:20,115 | [FULL+AUG] | INFO | full_experiments_using.model_trainers.mobile_vit_trainer | Ep [014/500] T-Acc:  57.0%  V-Acc:  49.8%  V-AUROC: 0.5294  LR: 1.00e-03
2026-05-25 23:15:30,779 | [FULL+AUG] | INFO | full_experiments_using.model_trainers.mobile_vit_trainer | Ep [015/500] T-Acc:  58.1%  V-Acc:  50.1%  V-AUROC: 0.5286  LR: 1.00e-03
2026-05-25 23:17:40,899 | [FULL+AUG] | INFO | full_experiments_using.model_trainers.mobile_vit_trainer | Ep [016/500] T-Acc:  57.7%  V-Acc:  48.6%  V-AUROC: 0.5238  LR: 1.00e-03
2026-05-25 23:19:51,670 | [FULL+AUG] | INFO | full_experiments_using.model_trainers.mobile_vit_trainer | Ep [017/500] T-Acc:  59.7%  V-Acc:  49.2%  V-AUROC: 0.5371  LR: 1.00e-03
2026-05-25 23:22:02,062 | [FULL+AUG] | INFO | full_experiments_using.model_trainers.mobile_vit_trainer | Ep [018/500] T-Acc:  57.6%  V-Acc:  48.9%  V-AUROC: 0.5273  LR: 1.00e-03
2026-05-25 23:24:12,111 | [FULL+AUG] | INFO | full_experiments_using.model_trainers.mobile_vit_trainer | Ep [019/500] T-Acc:  58.2%  V-Acc:  50.5%  V-AUROC: 0.5291  LR: 1.00e-03
2026-05-25 23:26:22,949 | [FULL+AUG] | INFO | full_experiments_using.model_trainers.mobile_vit_trainer | Ep [020/500] T-Acc:  58.9%  V-Acc:  50.5%  V-AUROC: 0.5325  LR: 1.00e-03
2026-05-25 23:28:33,234 | [FULL+AUG] | INFO | full_experiments_using.model_trainers.mobile_vit_trainer | Ep [021/500] T-Acc:  60.1%  V-Acc:  51.2%  V-AUROC: 0.5288  LR: 1.00e-03
2026-05-25 23:30:43,611 | [FULL+AUG] | INFO | full_experiments_using.model_trainers.mobile_vit_trainer | Ep [022/500] T-Acc:  58.8%  V-Acc:  48.8%  V-AUROC: 0.5305  LR: 1.00e-03
2026-05-25 23:32:54,726 | [FULL+AUG] | INFO | full_experiments_using.model_trainers.mobile_vit_trainer | Ep [023/500] T-Acc:  61.7%  V-Acc:  49.6%  V-AUROC: 0.5240  LR: 1.00e-03
2026-05-25 23:35:04,934 | [FULL+AUG] | INFO | full_experiments_using.model_trainers.mobile_vit_trainer | Ep [024/500] T-Acc:  60.8%  V-Acc:  49.9%  V-AUROC: 0.5205  LR: 2.00e-04
2026-05-25 23:37:15,370 | [FULL+AUG] | INFO | full_experiments_using.model_trainers.mobile_vit_trainer | Ep [025/500] T-Acc:  60.8%  V-Acc:  49.5%  V-AUROC: 0.5171  LR: 2.00e-04
2026-05-25 23:39:26,549 | [FULL+AUG] | INFO | full_experiments_using.model_trainers.mobile_vit_trainer | Ep [026/500] T-Acc:  62.4%  V-Acc:  49.9%  V-AUROC: 0.5285  LR: 2.00e-04
2026-05-25 23:41:36,965 | [FULL+AUG] | INFO | full_experiments_using.model_trainers.mobile_vit_trainer | Ep [027/500] T-Acc:  61.6%  V-Acc:  50.3%  V-AUROC: 0.5309  LR: 2.00e-04
2026-05-25 23:43:47,410 | [FULL+AUG] | INFO | full_experiments_using.model_trainers.mobile_vit_trainer | Ep [028/500] T-Acc:  61.1%  V-Acc:  50.2%  V-AUROC: 0.5298  LR: 2.00e-04
2026-05-25 23:45:58,723 | [FULL+AUG] | INFO | full_experiments_using.model_trainers.mobile_vit_trainer | Ep [029/500] T-Acc:  60.8%  V-Acc:  49.5%  V-AUROC: 0.5270  LR: 2.00e-04
2026-05-25 23:48:09,204 | [FULL+AUG] | INFO | full_experiments_using.model_trainers.mobile_vit_trainer | Ep [030/500] T-Acc:  61.8%  V-Acc:  50.5%  V-AUROC: 0.5331  LR: 2.00e-04
2026-05-25 23:50:20,397 | [FULL+AUG] | INFO | full_experiments_using.model_trainers.mobile_vit_trainer | Ep [031/500] T-Acc:  61.0%  V-Acc:  49.8%  V-AUROC: 0.5268  LR: 2.00e-04
2026-05-25 23:52:30,918 | [FULL+AUG] | INFO | full_experiments_using.model_trainers.mobile_vit_trainer | Ep [032/500] T-Acc:  61.5%  V-Acc:  49.2%  V-AUROC: 0.5318  LR: 2.00e-04
2026-05-25 23:54:41,379 | [FULL+AUG] | INFO | full_experiments_using.model_trainers.mobile_vit_trainer | Ep [033/500] T-Acc:  61.1%  V-Acc:  49.6%  V-AUROC: 0.5263  LR: 2.00e-04
2026-05-25 23:56:52,809 | [FULL+AUG] | INFO | full_experiments_using.model_trainers.mobile_vit_trainer | Ep [034/500] T-Acc:  62.1%  V-Acc:  49.8%  V-AUROC: 0.5330  LR: 2.00e-04
2026-05-25 23:59:03,521 | [FULL+AUG] | INFO | full_experiments_using.model_trainers.mobile_vit_trainer | Ep [035/500] T-Acc:  61.6%  V-Acc:  49.6%  V-AUROC: 0.5347  LR: 4.00e-05
2026-05-26 00:01:14,994 | [FULL+AUG] | INFO | full_experiments_using.model_trainers.mobile_vit_trainer | Ep [036/500] T-Acc:  61.8%  V-Acc:  50.1%  V-AUROC: 0.5289  LR: 4.00e-05
2026-05-26 00:03:25,669 | [FULL+AUG] | INFO | full_experiments_using.model_trainers.mobile_vit_trainer | Ep [037/500] T-Acc:  61.6%  V-Acc:  49.4%  V-AUROC: 0.5278  LR: 4.00e-05
2026-05-26 00:05:36,539 | [FULL+AUG] | INFO | full_experiments_using.model_trainers.mobile_vit_trainer | Ep [038/500] T-Acc:  60.7%  V-Acc:  49.9%  V-AUROC: 0.5296  LR: 4.00e-05
2026-05-26 00:07:47,569 | [FULL+AUG] | INFO | full_experiments_using.model_trainers.mobile_vit_trainer | Ep [039/500] T-Acc:  62.4%  V-Acc:  49.6%  V-AUROC: 0.5276  LR: 4.00e-05
2026-05-26 00:09:58,813 | [FULL+AUG] | INFO | full_experiments_using.model_trainers.mobile_vit_trainer | Ep [040/500] T-Acc:  61.2%  V-Acc:  50.2%  V-AUROC: 0.5269  LR: 4.00e-05
2026-05-26 00:12:09,522 | [FULL+AUG] | INFO | full_experiments_using.model_trainers.mobile_vit_trainer | Ep [041/500] T-Acc:  62.0%  V-Acc:  49.5%  V-AUROC: 0.5303  LR: 4.00e-05
2026-05-26 00:14:20,563 | [FULL+AUG] | INFO | full_experiments_using.model_trainers.mobile_vit_trainer | Ep [042/500] T-Acc:  61.3%  V-Acc:  49.3%  V-AUROC: 0.5331  LR: 4.00e-05
2026-05-26 00:16:31,550 | [FULL+AUG] | INFO | full_experiments_using.model_trainers.mobile_vit_trainer | Ep [043/500] T-Acc:  61.1%  V-Acc:  49.4%  V-AUROC: 0.5287  LR: 4.00e-05
2026-05-26 00:18:42,228 | [FULL+AUG] | INFO | full_experiments_using.model_trainers.mobile_vit_trainer | Ep [044/500] T-Acc:  62.3%  V-Acc:  49.3%  V-AUROC: 0.5266  LR: 4.00e-05
2026-05-26 00:20:53,475 | [FULL+AUG] | INFO | full_experiments_using.model_trainers.mobile_vit_trainer | Ep [045/500] T-Acc:  61.5%  V-Acc:  50.1%  V-AUROC: 0.5313  LR: 4.00e-05
2026-05-26 00:23:04,350 | [FULL+AUG] | INFO | full_experiments_using.model_trainers.mobile_vit_trainer | Ep [046/500] T-Acc:  61.0%  V-Acc:  49.2%  V-AUROC: 0.5292  LR: 8.00e-06
2026-05-26 00:25:14,859 | [FULL+AUG] | INFO | full_experiments_using.model_trainers.mobile_vit_trainer | Ep [047/500] T-Acc:  61.9%  V-Acc:  49.4%  V-AUROC: 0.5291  LR: 8.00e-06
2026-05-26 00:27:26,404 | [FULL+AUG] | INFO | full_experiments_using.model_trainers.mobile_vit_trainer | Ep [048/500] T-Acc:  61.9%  V-Acc:  48.8%  V-AUROC: 0.5279  LR: 8.00e-06
2026-05-26 00:29:37,486 | [FULL+AUG] | INFO | full_experiments_using.model_trainers.mobile_vit_trainer | Ep [049/500] T-Acc:  61.8%  V-Acc:  50.5%  V-AUROC: 0.5324  LR: 8.00e-06
2026-05-26 00:31:48,337 | [FULL+AUG] | INFO | full_experiments_using.model_trainers.mobile_vit_trainer | Ep [050/500] T-Acc:  62.6%  V-Acc:  49.3%  V-AUROC: 0.5301  LR: 8.00e-06
2026-05-26 00:33:59,214 | [FULL+AUG] | INFO | full_experiments_using.model_trainers.mobile_vit_trainer | Ep [051/500] T-Acc:  63.3%  V-Acc:  49.5%  V-AUROC: 0.5288  LR: 8.00e-06
2026-05-26 00:36:09,375 | [FULL+AUG] | INFO | full_experiments_using.model_trainers.mobile_vit_trainer | Ep [052/500] T-Acc:  60.8%  V-Acc:  49.9%  V-AUROC: 0.5270  LR: 8.00e-06
2026-05-26 00:36:09,376 | [FULL+AUG] | INFO | full_experiments_using.model_trainers.mobile_vit_trainer | Early stop — best AUROC 0.5410 at epoch 12 (no improvement for 40 epochs)
2026-05-26 00:36:09,376 | [FULL+AUG] | INFO | full_experiments_using.model_trainers.mobile_vit_trainer | Done. Best AUROC: 0.5410 (epoch 12) → /home/leggo/AIResearch/VOGBasedMCIDetectionSystemMobileViTSingleExperimentInference/outputs/checkpoints/run_20260524_040820_full_aug/fold_18_best.pth
2026-05-26 00:36:42,167 | [FULL+AUG] | INFO | full_experiments_using.evaluators.monte_carlo_evaluator | -> Fold 19 Result | Acc=0.455 Sens=0.250 Spec=1.000 AUROC=0.500
2026-05-26 00:36:42,173 | [FULL+AUG] | INFO | full_experiments_using.evaluators.monte_carlo_evaluator | === Fold 20/30 | train: 25 subj / 3960 windows | test: 12 subj / 1776 windows ===
2026-05-26 00:36:42,427 | [FULL+AUG] | INFO | httpx | HTTP Request: HEAD https://huggingface.co/apple/mobilevit-small/resolve/main/config.json "HTTP/1.1 307 Temporary Redirect"
2026-05-26 00:36:42,444 | [FULL+AUG] | INFO | httpx | HTTP Request: HEAD https://huggingface.co/api/resolve-cache/models/apple/mobilevit-small/6c8612545dc98676d27bc518fa521d9e9af23e34/config.json "HTTP/1.1 200 OK"
2026-05-26 00:36:42,725 | [FULL+AUG] | INFO | httpx | HTTP Request: HEAD https://huggingface.co/apple/mobilevit-small/resolve/main/model.safetensors "HTTP/1.1 404 Not Found"
2026-05-26 00:36:42,934 | [FULL+AUG] | INFO | httpx | HTTP Request: HEAD https://huggingface.co/apple/mobilevit-small/resolve/main/model.safetensors.index.json "HTTP/1.1 404 Not Found"
2026-05-26 00:36:43,153 | [FULL+AUG] | INFO | httpx | HTTP Request: HEAD https://huggingface.co/apple/mobilevit-small/resolve/main/pytorch_model.bin "HTTP/1.1 302 Found"
2026-05-26 00:36:43,367 | [FULL+AUG] | INFO | httpx | HTTP Request: HEAD https://huggingface.co/apple/mobilevit-small/resolve/main/model.safetensors "HTTP/1.1 404 Not Found"
2026-05-26 00:36:43,587 | [FULL+AUG] | INFO | httpx | HTTP Request: GET https://huggingface.co/api/models/apple/mobilevit-small "HTTP/1.1 200 OK"
2026-05-26 00:36:43,817 | [FULL+AUG] | INFO | httpx | HTTP Request: GET https://huggingface.co/api/models/apple/mobilevit-small/commits/main "HTTP/1.1 200 OK"
2026-05-26 00:36:44,045 | [FULL+AUG] | INFO | httpx | HTTP Request: GET https://huggingface.co/api/models/apple/mobilevit-small/discussions?p=0 "HTTP/1.1 200 OK"
2026-05-26 00:36:44,293 | [FULL+AUG] | INFO | httpx | HTTP Request: GET https://huggingface.co/api/models/apple/mobilevit-small/commits/refs%2Fpr%2F6 "HTTP/1.1 200 OK"
2026-05-26 00:36:44,530 | [FULL+AUG] | INFO | httpx | HTTP Request: HEAD https://huggingface.co/apple/mobilevit-small/resolve/refs%2Fpr%2F6/model.safetensors.index.json "HTTP/1.1 404 Not Found"
2026-05-26 00:36:44,744 | [FULL+AUG] | INFO | httpx | HTTP Request: HEAD https://huggingface.co/apple/mobilevit-small/resolve/refs%2Fpr%2F6/model.safetensors "HTTP/1.1 302 Found"
2026-05-26 00:36:45,486 | [FULL+AUG] | INFO | full_experiments_using.model_trainers.mobile_vit_trainer | Device: cuda | max_epochs=500 | batch=32 | es_patience=40
2026-05-26 00:36:45,488 | [FULL+AUG] | INFO | full_experiments_using.model_trainers.mobile_vit_trainer | CE weights — HC: 1.010  MCI: 0.990
2026-05-26 00:38:56,825 | [FULL+AUG] | INFO | full_experiments_using.model_trainers.mobile_vit_trainer | Ep [001/500] T-Acc:  49.9%  V-Acc:  52.9%  V-AUROC: 0.5113  LR: 2.00e-04
2026-05-26 00:38:56,926 | [FULL+AUG] | INFO | full_experiments_using.model_trainers.mobile_vit_trainer |   ↳ new best AUROC; saved checkpoint: /home/leggo/AIResearch/VOGBasedMCIDetectionSystemMobileViTSingleExperimentInference/outputs/checkpoints/run_20260524_040820_full_aug/fold_19_best.pth
2026-05-26 00:41:07,617 | [FULL+AUG] | INFO | full_experiments_using.model_trainers.mobile_vit_trainer | Ep [002/500] T-Acc:  50.2%  V-Acc:  52.5%  V-AUROC: 0.5138  LR: 4.00e-04
2026-05-26 00:41:07,767 | [FULL+AUG] | INFO | full_experiments_using.model_trainers.mobile_vit_trainer |   ↳ new best AUROC; saved checkpoint: /home/leggo/AIResearch/VOGBasedMCIDetectionSystemMobileViTSingleExperimentInference/outputs/checkpoints/run_20260524_040820_full_aug/fold_19_best.pth
2026-05-26 00:43:19,611 | [FULL+AUG] | INFO | full_experiments_using.model_trainers.mobile_vit_trainer | Ep [003/500] T-Acc:  49.6%  V-Acc:  53.0%  V-AUROC: 0.5221  LR: 6.00e-04
2026-05-26 00:43:19,760 | [FULL+AUG] | INFO | full_experiments_using.model_trainers.mobile_vit_trainer |   ↳ new best AUROC; saved checkpoint: /home/leggo/AIResearch/VOGBasedMCIDetectionSystemMobileViTSingleExperimentInference/outputs/checkpoints/run_20260524_040820_full_aug/fold_19_best.pth
2026-05-26 00:45:31,146 | [FULL+AUG] | INFO | full_experiments_using.model_trainers.mobile_vit_trainer | Ep [004/500] T-Acc:  52.3%  V-Acc:  53.4%  V-AUROC: 0.5332  LR: 8.00e-04
2026-05-26 00:45:31,302 | [FULL+AUG] | INFO | full_experiments_using.model_trainers.mobile_vit_trainer |   ↳ new best AUROC; saved checkpoint: /home/leggo/AIResearch/VOGBasedMCIDetectionSystemMobileViTSingleExperimentInference/outputs/checkpoints/run_20260524_040820_full_aug/fold_19_best.pth
2026-05-26 00:47:42,259 | [FULL+AUG] | INFO | full_experiments_using.model_trainers.mobile_vit_trainer | Ep [005/500] T-Acc:  54.2%  V-Acc:  55.0%  V-AUROC: 0.5681  LR: 1.00e-03
2026-05-26 00:47:42,416 | [FULL+AUG] | INFO | full_experiments_using.model_trainers.mobile_vit_trainer |   ↳ new best AUROC; saved checkpoint: /home/leggo/AIResearch/VOGBasedMCIDetectionSystemMobileViTSingleExperimentInference/outputs/checkpoints/run_20260524_040820_full_aug/fold_19_best.pth
2026-05-26 00:49:53,630 | [FULL+AUG] | INFO | full_experiments_using.model_trainers.mobile_vit_trainer | Ep [006/500] T-Acc:  54.4%  V-Acc:  57.2%  V-AUROC: 0.5846  LR: 1.00e-03
2026-05-26 00:49:53,774 | [FULL+AUG] | INFO | full_experiments_using.model_trainers.mobile_vit_trainer |   ↳ new best AUROC; saved checkpoint: /home/leggo/AIResearch/VOGBasedMCIDetectionSystemMobileViTSingleExperimentInference/outputs/checkpoints/run_20260524_040820_full_aug/fold_19_best.pth
2026-05-26 00:52:03,978 | [FULL+AUG] | INFO | full_experiments_using.model_trainers.mobile_vit_trainer | Ep [007/500] T-Acc:  54.6%  V-Acc:  55.9%  V-AUROC: 0.5846  LR: 1.00e-03
2026-05-26 00:54:14,311 | [FULL+AUG] | INFO | full_experiments_using.model_trainers.mobile_vit_trainer | Ep [008/500] T-Acc:  55.5%  V-Acc:  54.3%  V-AUROC: 0.5882  LR: 1.00e-03
2026-05-26 00:54:14,456 | [FULL+AUG] | INFO | full_experiments_using.model_trainers.mobile_vit_trainer |   ↳ new best AUROC; saved checkpoint: /home/leggo/AIResearch/VOGBasedMCIDetectionSystemMobileViTSingleExperimentInference/outputs/checkpoints/run_20260524_040820_full_aug/fold_19_best.pth
2026-05-26 00:56:26,346 | [FULL+AUG] | INFO | full_experiments_using.model_trainers.mobile_vit_trainer | Ep [009/500] T-Acc:  56.8%  V-Acc:  55.0%  V-AUROC: 0.5836  LR: 1.00e-03
2026-05-26 00:58:37,276 | [FULL+AUG] | INFO | full_experiments_using.model_trainers.mobile_vit_trainer | Ep [010/500] T-Acc:  57.4%  V-Acc:  56.2%  V-AUROC: 0.5858  LR: 1.00e-03
2026-05-26 01:00:48,228 | [FULL+AUG] | INFO | full_experiments_using.model_trainers.mobile_vit_trainer | Ep [011/500] T-Acc:  57.7%  V-Acc:  55.6%  V-AUROC: 0.5906  LR: 1.00e-03
2026-05-26 01:00:48,343 | [FULL+AUG] | INFO | full_experiments_using.model_trainers.mobile_vit_trainer |   ↳ new best AUROC; saved checkpoint: /home/leggo/AIResearch/VOGBasedMCIDetectionSystemMobileViTSingleExperimentInference/outputs/checkpoints/run_20260524_040820_full_aug/fold_19_best.pth
2026-05-26 01:02:59,205 | [FULL+AUG] | INFO | full_experiments_using.model_trainers.mobile_vit_trainer | Ep [012/500] T-Acc:  57.4%  V-Acc:  55.4%  V-AUROC: 0.5887  LR: 1.00e-03
2026-05-26 01:05:10,080 | [FULL+AUG] | INFO | full_experiments_using.model_trainers.mobile_vit_trainer | Ep [013/500] T-Acc:  58.4%  V-Acc:  55.6%  V-AUROC: 0.5711  LR: 1.00e-03
2026-05-26 01:07:20,785 | [FULL+AUG] | INFO | full_experiments_using.model_trainers.mobile_vit_trainer | Ep [014/500] T-Acc:  58.0%  V-Acc:  54.6%  V-AUROC: 0.5817  LR: 1.00e-03
2026-05-26 01:09:31,715 | [FULL+AUG] | INFO | full_experiments_using.model_trainers.mobile_vit_trainer | Ep [015/500] T-Acc:  57.8%  V-Acc:  56.9%  V-AUROC: 0.5651  LR: 1.00e-03
2026-05-26 01:11:43,126 | [FULL+AUG] | INFO | full_experiments_using.model_trainers.mobile_vit_trainer | Ep [016/500] T-Acc:  57.9%  V-Acc:  54.6%  V-AUROC: 0.5865  LR: 1.00e-03
2026-05-26 01:13:54,506 | [FULL+AUG] | INFO | full_experiments_using.model_trainers.mobile_vit_trainer | Ep [017/500] T-Acc:  58.2%  V-Acc:  58.6%  V-AUROC: 0.5867  LR: 1.00e-03
2026-05-26 01:16:05,541 | [FULL+AUG] | INFO | full_experiments_using.model_trainers.mobile_vit_trainer | Ep [018/500] T-Acc:  58.8%  V-Acc:  54.2%  V-AUROC: 0.5926  LR: 1.00e-03
2026-05-26 01:16:05,668 | [FULL+AUG] | INFO | full_experiments_using.model_trainers.mobile_vit_trainer |   ↳ new best AUROC; saved checkpoint: /home/leggo/AIResearch/VOGBasedMCIDetectionSystemMobileViTSingleExperimentInference/outputs/checkpoints/run_20260524_040820_full_aug/fold_19_best.pth
2026-05-26 01:18:16,600 | [FULL+AUG] | INFO | full_experiments_using.model_trainers.mobile_vit_trainer | Ep [019/500] T-Acc:  58.9%  V-Acc:  53.3%  V-AUROC: 0.5812  LR: 1.00e-03
2026-05-26 01:20:27,723 | [FULL+AUG] | INFO | full_experiments_using.model_trainers.mobile_vit_trainer | Ep [020/500] T-Acc:  58.2%  V-Acc:  55.7%  V-AUROC: 0.5902  LR: 1.00e-03
2026-05-26 01:22:38,774 | [FULL+AUG] | INFO | full_experiments_using.model_trainers.mobile_vit_trainer | Ep [021/500] T-Acc:  59.2%  V-Acc:  56.2%  V-AUROC: 0.5855  LR: 1.00e-03
2026-05-26 01:24:49,576 | [FULL+AUG] | INFO | full_experiments_using.model_trainers.mobile_vit_trainer | Ep [022/500] T-Acc:  59.2%  V-Acc:  55.1%  V-AUROC: 0.5761  LR: 1.00e-03
2026-05-26 01:27:00,848 | [FULL+AUG] | INFO | full_experiments_using.model_trainers.mobile_vit_trainer | Ep [023/500] T-Acc:  60.2%  V-Acc:  58.1%  V-AUROC: 0.5809  LR: 1.00e-03
2026-05-26 01:29:12,387 | [FULL+AUG] | INFO | full_experiments_using.model_trainers.mobile_vit_trainer | Ep [024/500] T-Acc:  59.7%  V-Acc:  52.7%  V-AUROC: 0.5806  LR: 1.00e-03
2026-05-26 01:31:23,655 | [FULL+AUG] | INFO | full_experiments_using.model_trainers.mobile_vit_trainer | Ep [025/500] T-Acc:  59.1%  V-Acc:  55.3%  V-AUROC: 0.5803  LR: 1.00e-03
2026-05-26 01:33:34,751 | [FULL+AUG] | INFO | full_experiments_using.model_trainers.mobile_vit_trainer | Ep [026/500] T-Acc:  60.9%  V-Acc:  58.4%  V-AUROC: 0.5840  LR: 1.00e-03
2026-05-26 01:35:45,942 | [FULL+AUG] | INFO | full_experiments_using.model_trainers.mobile_vit_trainer | Ep [027/500] T-Acc:  59.2%  V-Acc:  55.7%  V-AUROC: 0.5859  LR: 1.00e-03
2026-05-26 01:37:57,702 | [FULL+AUG] | INFO | full_experiments_using.model_trainers.mobile_vit_trainer | Ep [028/500] T-Acc:  59.9%  V-Acc:  58.4%  V-AUROC: 0.5751  LR: 1.00e-03
2026-05-26 01:40:09,238 | [FULL+AUG] | INFO | full_experiments_using.model_trainers.mobile_vit_trainer | Ep [029/500] T-Acc:  60.0%  V-Acc:  57.1%  V-AUROC: 0.5886  LR: 1.00e-03
2026-05-26 01:42:20,536 | [FULL+AUG] | INFO | full_experiments_using.model_trainers.mobile_vit_trainer | Ep [030/500] T-Acc:  60.9%  V-Acc:  57.0%  V-AUROC: 0.5837  LR: 2.00e-04
2026-05-26 01:44:31,558 | [FULL+AUG] | INFO | full_experiments_using.model_trainers.mobile_vit_trainer | Ep [031/500] T-Acc:  60.0%  V-Acc:  56.6%  V-AUROC: 0.5819  LR: 2.00e-04
2026-05-26 01:46:43,014 | [FULL+AUG] | INFO | full_experiments_using.model_trainers.mobile_vit_trainer | Ep [032/500] T-Acc:  60.1%  V-Acc:  55.1%  V-AUROC: 0.5807  LR: 2.00e-04
2026-05-26 01:48:54,215 | [FULL+AUG] | INFO | full_experiments_using.model_trainers.mobile_vit_trainer | Ep [033/500] T-Acc:  60.6%  V-Acc:  56.7%  V-AUROC: 0.5851  LR: 2.00e-04
2026-05-26 01:51:05,245 | [FULL+AUG] | INFO | full_experiments_using.model_trainers.mobile_vit_trainer | Ep [034/500] T-Acc:  61.7%  V-Acc:  56.9%  V-AUROC: 0.5852  LR: 2.00e-04
2026-05-26 01:53:16,788 | [FULL+AUG] | INFO | full_experiments_using.model_trainers.mobile_vit_trainer | Ep [035/500] T-Acc:  61.0%  V-Acc:  56.9%  V-AUROC: 0.5813  LR: 2.00e-04
2026-05-26 01:55:28,003 | [FULL+AUG] | INFO | full_experiments_using.model_trainers.mobile_vit_trainer | Ep [036/500] T-Acc:  60.6%  V-Acc:  57.3%  V-AUROC: 0.5836  LR: 2.00e-04
2026-05-26 01:57:39,165 | [FULL+AUG] | INFO | full_experiments_using.model_trainers.mobile_vit_trainer | Ep [037/500] T-Acc:  60.4%  V-Acc:  55.7%  V-AUROC: 0.5807  LR: 2.00e-04
2026-05-26 01:59:50,065 | [FULL+AUG] | INFO | full_experiments_using.model_trainers.mobile_vit_trainer | Ep [038/500] T-Acc:  60.1%  V-Acc:  57.3%  V-AUROC: 0.5849  LR: 2.00e-04
2026-05-26 02:02:01,220 | [FULL+AUG] | INFO | full_experiments_using.model_trainers.mobile_vit_trainer | Ep [039/500] T-Acc:  60.7%  V-Acc:  55.3%  V-AUROC: 0.5828  LR: 2.00e-04
2026-05-26 02:04:12,474 | [FULL+AUG] | INFO | full_experiments_using.model_trainers.mobile_vit_trainer | Ep [040/500] T-Acc:  60.9%  V-Acc:  55.7%  V-AUROC: 0.5836  LR: 2.00e-04
2026-05-26 02:06:22,811 | [FULL+AUG] | INFO | full_experiments_using.model_trainers.mobile_vit_trainer | Ep [041/500] T-Acc:  60.5%  V-Acc:  56.9%  V-AUROC: 0.5843  LR: 4.00e-05
2026-05-26 02:08:33,527 | [FULL+AUG] | INFO | full_experiments_using.model_trainers.mobile_vit_trainer | Ep [042/500] T-Acc:  61.0%  V-Acc:  57.1%  V-AUROC: 0.5812  LR: 4.00e-05
2026-05-26 02:10:44,602 | [FULL+AUG] | INFO | full_experiments_using.model_trainers.mobile_vit_trainer | Ep [043/500] T-Acc:  60.8%  V-Acc:  56.4%  V-AUROC: 0.5810  LR: 4.00e-05
2026-05-26 02:12:56,189 | [FULL+AUG] | INFO | full_experiments_using.model_trainers.mobile_vit_trainer | Ep [044/500] T-Acc:  60.7%  V-Acc:  55.9%  V-AUROC: 0.5824  LR: 4.00e-05
2026-05-26 02:15:07,017 | [FULL+AUG] | INFO | full_experiments_using.model_trainers.mobile_vit_trainer | Ep [045/500] T-Acc:  60.9%  V-Acc:  55.8%  V-AUROC: 0.5843  LR: 4.00e-05
2026-05-26 02:17:18,529 | [FULL+AUG] | INFO | full_experiments_using.model_trainers.mobile_vit_trainer | Ep [046/500] T-Acc:  60.7%  V-Acc:  56.9%  V-AUROC: 0.5828  LR: 4.00e-05
2026-05-26 02:19:29,844 | [FULL+AUG] | INFO | full_experiments_using.model_trainers.mobile_vit_trainer | Ep [047/500] T-Acc:  61.2%  V-Acc:  57.1%  V-AUROC: 0.5822  LR: 4.00e-05
2026-05-26 02:21:40,652 | [FULL+AUG] | INFO | full_experiments_using.model_trainers.mobile_vit_trainer | Ep [048/500] T-Acc:  59.7%  V-Acc:  55.6%  V-AUROC: 0.5843  LR: 4.00e-05
2026-05-26 02:23:51,491 | [FULL+AUG] | INFO | full_experiments_using.model_trainers.mobile_vit_trainer | Ep [049/500] T-Acc:  60.4%  V-Acc:  55.0%  V-AUROC: 0.5832  LR: 4.00e-05
2026-05-26 02:26:02,345 | [FULL+AUG] | INFO | full_experiments_using.model_trainers.mobile_vit_trainer | Ep [050/500] T-Acc:  60.5%  V-Acc:  56.8%  V-AUROC: 0.5829  LR: 4.00e-05
2026-05-26 02:28:13,226 | [FULL+AUG] | INFO | full_experiments_using.model_trainers.mobile_vit_trainer | Ep [051/500] T-Acc:  60.1%  V-Acc:  55.6%  V-AUROC: 0.5828  LR: 4.00e-05
2026-05-26 02:30:24,390 | [FULL+AUG] | INFO | full_experiments_using.model_trainers.mobile_vit_trainer | Ep [052/500] T-Acc:  60.4%  V-Acc:  56.5%  V-AUROC: 0.5830  LR: 8.00e-06
2026-05-26 02:32:36,114 | [FULL+AUG] | INFO | full_experiments_using.model_trainers.mobile_vit_trainer | Ep [053/500] T-Acc:  59.9%  V-Acc:  57.3%  V-AUROC: 0.5821  LR: 8.00e-06
2026-05-26 02:34:47,055 | [FULL+AUG] | INFO | full_experiments_using.model_trainers.mobile_vit_trainer | Ep [054/500] T-Acc:  60.3%  V-Acc:  55.6%  V-AUROC: 0.5820  LR: 8.00e-06
2026-05-26 02:36:58,274 | [FULL+AUG] | INFO | full_experiments_using.model_trainers.mobile_vit_trainer | Ep [055/500] T-Acc:  60.5%  V-Acc:  56.1%  V-AUROC: 0.5837  LR: 8.00e-06
2026-05-26 02:39:09,355 | [FULL+AUG] | INFO | full_experiments_using.model_trainers.mobile_vit_trainer | Ep [056/500] T-Acc:  60.9%  V-Acc:  55.9%  V-AUROC: 0.5819  LR: 8.00e-06
2026-05-26 02:41:20,316 | [FULL+AUG] | INFO | full_experiments_using.model_trainers.mobile_vit_trainer | Ep [057/500] T-Acc:  61.2%  V-Acc:  57.2%  V-AUROC: 0.5844  LR: 8.00e-06
2026-05-26 02:43:31,206 | [FULL+AUG] | INFO | full_experiments_using.model_trainers.mobile_vit_trainer | Ep [058/500] T-Acc:  60.8%  V-Acc:  55.5%  V-AUROC: 0.5826  LR: 8.00e-06
2026-05-26 02:43:31,206 | [FULL+AUG] | INFO | full_experiments_using.model_trainers.mobile_vit_trainer | Early stop — best AUROC 0.5926 at epoch 18 (no improvement for 40 epochs)
2026-05-26 02:43:31,206 | [FULL+AUG] | INFO | full_experiments_using.model_trainers.mobile_vit_trainer | Done. Best AUROC: 0.5926 (epoch 18) → /home/leggo/AIResearch/VOGBasedMCIDetectionSystemMobileViTSingleExperimentInference/outputs/checkpoints/run_20260524_040820_full_aug/fold_19_best.pth
2026-05-26 02:44:03,147 | [FULL+AUG] | INFO | full_experiments_using.evaluators.monte_carlo_evaluator | -> Fold 20 Result | Acc=0.700 Sens=0.750 Spec=0.500 AUROC=0.625
2026-05-26 02:44:03,150 | [FULL+AUG] | INFO | full_experiments_using.evaluators.monte_carlo_evaluator | === Fold 21/30 | train: 25 subj / 3885 windows | test: 12 subj / 1851 windows ===
2026-05-26 02:44:03,783 | [FULL+AUG] | INFO | httpx | HTTP Request: HEAD https://huggingface.co/apple/mobilevit-small/resolve/main/config.json "HTTP/1.1 307 Temporary Redirect"
2026-05-26 02:44:03,802 | [FULL+AUG] | INFO | httpx | HTTP Request: HEAD https://huggingface.co/api/resolve-cache/models/apple/mobilevit-small/6c8612545dc98676d27bc518fa521d9e9af23e34/config.json "HTTP/1.1 200 OK"
2026-05-26 02:44:04,088 | [FULL+AUG] | INFO | httpx | HTTP Request: HEAD https://huggingface.co/apple/mobilevit-small/resolve/main/model.safetensors "HTTP/1.1 404 Not Found"
2026-05-26 02:44:04,295 | [FULL+AUG] | INFO | httpx | HTTP Request: HEAD https://huggingface.co/apple/mobilevit-small/resolve/main/model.safetensors.index.json "HTTP/1.1 404 Not Found"
2026-05-26 02:44:04,506 | [FULL+AUG] | INFO | httpx | HTTP Request: HEAD https://huggingface.co/apple/mobilevit-small/resolve/main/pytorch_model.bin "HTTP/1.1 302 Found"
2026-05-26 02:44:04,719 | [FULL+AUG] | INFO | httpx | HTTP Request: HEAD https://huggingface.co/apple/mobilevit-small/resolve/main/model.safetensors "HTTP/1.1 404 Not Found"
2026-05-26 02:44:04,940 | [FULL+AUG] | INFO | httpx | HTTP Request: GET https://huggingface.co/api/models/apple/mobilevit-small "HTTP/1.1 200 OK"
2026-05-26 02:44:05,233 | [FULL+AUG] | INFO | httpx | HTTP Request: GET https://huggingface.co/api/models/apple/mobilevit-small/commits/main "HTTP/1.1 200 OK"
2026-05-26 02:44:05,467 | [FULL+AUG] | INFO | httpx | HTTP Request: GET https://huggingface.co/api/models/apple/mobilevit-small/discussions?p=0 "HTTP/1.1 200 OK"
2026-05-26 02:44:05,690 | [FULL+AUG] | INFO | httpx | HTTP Request: GET https://huggingface.co/api/models/apple/mobilevit-small/commits/refs%2Fpr%2F6 "HTTP/1.1 200 OK"
2026-05-26 02:44:05,903 | [FULL+AUG] | INFO | httpx | HTTP Request: HEAD https://huggingface.co/apple/mobilevit-small/resolve/refs%2Fpr%2F6/model.safetensors.index.json "HTTP/1.1 404 Not Found"
2026-05-26 02:44:06,119 | [FULL+AUG] | INFO | httpx | HTTP Request: HEAD https://huggingface.co/apple/mobilevit-small/resolve/refs%2Fpr%2F6/model.safetensors "HTTP/1.1 302 Found"
2026-05-26 02:44:06,912 | [FULL+AUG] | INFO | full_experiments_using.model_trainers.mobile_vit_trainer | Device: cuda | max_epochs=500 | batch=32 | es_patience=40
2026-05-26 02:44:06,914 | [FULL+AUG] | INFO | full_experiments_using.model_trainers.mobile_vit_trainer | CE weights — HC: 1.325  MCI: 0.803
2026-05-26 02:46:17,215 | [FULL+AUG] | INFO | full_experiments_using.model_trainers.mobile_vit_trainer | Ep [001/500] T-Acc:  54.7%  V-Acc:  49.9%  V-AUROC: 0.5105  LR: 2.00e-04
2026-05-26 02:46:17,366 | [FULL+AUG] | INFO | full_experiments_using.model_trainers.mobile_vit_trainer |   ↳ new best AUROC; saved checkpoint: /home/leggo/AIResearch/VOGBasedMCIDetectionSystemMobileViTSingleExperimentInference/outputs/checkpoints/run_20260524_040820_full_aug/fold_20_best.pth
2026-05-26 02:48:27,237 | [FULL+AUG] | INFO | full_experiments_using.model_trainers.mobile_vit_trainer | Ep [002/500] T-Acc:  54.0%  V-Acc:  50.0%  V-AUROC: 0.5061  LR: 4.00e-04
2026-05-26 02:50:37,287 | [FULL+AUG] | INFO | full_experiments_using.model_trainers.mobile_vit_trainer | Ep [003/500] T-Acc:  55.5%  V-Acc:  51.4%  V-AUROC: 0.5306  LR: 6.00e-04
2026-05-26 02:50:37,428 | [FULL+AUG] | INFO | full_experiments_using.model_trainers.mobile_vit_trainer |   ↳ new best AUROC; saved checkpoint: /home/leggo/AIResearch/VOGBasedMCIDetectionSystemMobileViTSingleExperimentInference/outputs/checkpoints/run_20260524_040820_full_aug/fold_20_best.pth
2026-05-26 02:52:48,388 | [FULL+AUG] | INFO | full_experiments_using.model_trainers.mobile_vit_trainer | Ep [004/500] T-Acc:  54.6%  V-Acc:  48.2%  V-AUROC: 0.4994  LR: 8.00e-04
2026-05-26 02:54:58,756 | [FULL+AUG] | INFO | full_experiments_using.model_trainers.mobile_vit_trainer | Ep [005/500] T-Acc:  53.5%  V-Acc:  48.9%  V-AUROC: 0.5123  LR: 1.00e-03
2026-05-26 02:57:08,730 | [FULL+AUG] | INFO | full_experiments_using.model_trainers.mobile_vit_trainer | Ep [006/500] T-Acc:  56.1%  V-Acc:  51.8%  V-AUROC: 0.5417  LR: 1.00e-03
2026-05-26 02:57:08,888 | [FULL+AUG] | INFO | full_experiments_using.model_trainers.mobile_vit_trainer |   ↳ new best AUROC; saved checkpoint: /home/leggo/AIResearch/VOGBasedMCIDetectionSystemMobileViTSingleExperimentInference/outputs/checkpoints/run_20260524_040820_full_aug/fold_20_best.pth
2026-05-26 02:59:19,055 | [FULL+AUG] | INFO | full_experiments_using.model_trainers.mobile_vit_trainer | Ep [007/500] T-Acc:  56.0%  V-Acc:  50.6%  V-AUROC: 0.5421  LR: 1.00e-03
2026-05-26 02:59:19,167 | [FULL+AUG] | INFO | full_experiments_using.model_trainers.mobile_vit_trainer |   ↳ new best AUROC; saved checkpoint: /home/leggo/AIResearch/VOGBasedMCIDetectionSystemMobileViTSingleExperimentInference/outputs/checkpoints/run_20260524_040820_full_aug/fold_20_best.pth
2026-05-26 03:01:29,146 | [FULL+AUG] | INFO | full_experiments_using.model_trainers.mobile_vit_trainer | Ep [008/500] T-Acc:  56.4%  V-Acc:  52.4%  V-AUROC: 0.5562  LR: 1.00e-03
2026-05-26 03:01:29,302 | [FULL+AUG] | INFO | full_experiments_using.model_trainers.mobile_vit_trainer |   ↳ new best AUROC; saved checkpoint: /home/leggo/AIResearch/VOGBasedMCIDetectionSystemMobileViTSingleExperimentInference/outputs/checkpoints/run_20260524_040820_full_aug/fold_20_best.pth
2026-05-26 03:03:39,493 | [FULL+AUG] | INFO | full_experiments_using.model_trainers.mobile_vit_trainer | Ep [009/500] T-Acc:  57.0%  V-Acc:  50.9%  V-AUROC: 0.5203  LR: 1.00e-03
2026-05-26 03:05:49,522 | [FULL+AUG] | INFO | full_experiments_using.model_trainers.mobile_vit_trainer | Ep [010/500] T-Acc:  57.3%  V-Acc:  53.4%  V-AUROC: 0.5630  LR: 1.00e-03
2026-05-26 03:05:49,680 | [FULL+AUG] | INFO | full_experiments_using.model_trainers.mobile_vit_trainer |   ↳ new best AUROC; saved checkpoint: /home/leggo/AIResearch/VOGBasedMCIDetectionSystemMobileViTSingleExperimentInference/outputs/checkpoints/run_20260524_040820_full_aug/fold_20_best.pth
2026-05-26 03:07:58,630 | [FULL+AUG] | INFO | full_experiments_using.model_trainers.mobile_vit_trainer | Ep [011/500] T-Acc:  57.5%  V-Acc:  53.6%  V-AUROC: 0.5577  LR: 1.00e-03
2026-05-26 03:10:08,901 | [FULL+AUG] | INFO | full_experiments_using.model_trainers.mobile_vit_trainer | Ep [012/500] T-Acc:  58.9%  V-Acc:  52.2%  V-AUROC: 0.5539  LR: 1.00e-03
2026-05-26 03:12:19,148 | [FULL+AUG] | INFO | full_experiments_using.model_trainers.mobile_vit_trainer | Ep [013/500] T-Acc:  57.4%  V-Acc:  54.7%  V-AUROC: 0.5671  LR: 1.00e-03
2026-05-26 03:12:19,259 | [FULL+AUG] | INFO | full_experiments_using.model_trainers.mobile_vit_trainer |   ↳ new best AUROC; saved checkpoint: /home/leggo/AIResearch/VOGBasedMCIDetectionSystemMobileViTSingleExperimentInference/outputs/checkpoints/run_20260524_040820_full_aug/fold_20_best.pth
2026-05-26 03:14:29,030 | [FULL+AUG] | INFO | full_experiments_using.model_trainers.mobile_vit_trainer | Ep [014/500] T-Acc:  58.1%  V-Acc:  49.8%  V-AUROC: 0.5277  LR: 1.00e-03
2026-05-26 03:16:39,768 | [FULL+AUG] | INFO | full_experiments_using.model_trainers.mobile_vit_trainer | Ep [015/500] T-Acc:  57.6%  V-Acc:  54.0%  V-AUROC: 0.5694  LR: 1.00e-03
2026-05-26 03:16:39,929 | [FULL+AUG] | INFO | full_experiments_using.model_trainers.mobile_vit_trainer |   ↳ new best AUROC; saved checkpoint: /home/leggo/AIResearch/VOGBasedMCIDetectionSystemMobileViTSingleExperimentInference/outputs/checkpoints/run_20260524_040820_full_aug/fold_20_best.pth
2026-05-26 03:18:49,886 | [FULL+AUG] | INFO | full_experiments_using.model_trainers.mobile_vit_trainer | Ep [016/500] T-Acc:  58.4%  V-Acc:  50.5%  V-AUROC: 0.5277  LR: 1.00e-03
2026-05-26 03:21:00,512 | [FULL+AUG] | INFO | full_experiments_using.model_trainers.mobile_vit_trainer | Ep [017/500] T-Acc:  60.0%  V-Acc:  51.5%  V-AUROC: 0.5381  LR: 1.00e-03
2026-05-26 03:23:10,429 | [FULL+AUG] | INFO | full_experiments_using.model_trainers.mobile_vit_trainer | Ep [018/500] T-Acc:  60.0%  V-Acc:  56.7%  V-AUROC: 0.5898  LR: 1.00e-03
2026-05-26 03:23:10,589 | [FULL+AUG] | INFO | full_experiments_using.model_trainers.mobile_vit_trainer |   ↳ new best AUROC; saved checkpoint: /home/leggo/AIResearch/VOGBasedMCIDetectionSystemMobileViTSingleExperimentInference/outputs/checkpoints/run_20260524_040820_full_aug/fold_20_best.pth
2026-05-26 03:25:20,967 | [FULL+AUG] | INFO | full_experiments_using.model_trainers.mobile_vit_trainer | Ep [019/500] T-Acc:  57.9%  V-Acc:  53.4%  V-AUROC: 0.5487  LR: 1.00e-03
2026-05-26 03:27:31,293 | [FULL+AUG] | INFO | full_experiments_using.model_trainers.mobile_vit_trainer | Ep [020/500] T-Acc:  59.8%  V-Acc:  55.3%  V-AUROC: 0.5723  LR: 1.00e-03
2026-05-26 03:29:41,761 | [FULL+AUG] | INFO | full_experiments_using.model_trainers.mobile_vit_trainer | Ep [021/500] T-Acc:  58.9%  V-Acc:  55.3%  V-AUROC: 0.5710  LR: 1.00e-03
2026-05-26 03:31:51,505 | [FULL+AUG] | INFO | full_experiments_using.model_trainers.mobile_vit_trainer | Ep [022/500] T-Acc:  61.5%  V-Acc:  55.6%  V-AUROC: 0.5724  LR: 1.00e-03
2026-05-26 03:34:01,785 | [FULL+AUG] | INFO | full_experiments_using.model_trainers.mobile_vit_trainer | Ep [023/500] T-Acc:  60.3%  V-Acc:  55.6%  V-AUROC: 0.5794  LR: 1.00e-03
2026-05-26 03:36:12,150 | [FULL+AUG] | INFO | full_experiments_using.model_trainers.mobile_vit_trainer | Ep [024/500] T-Acc:  59.6%  V-Acc:  50.4%  V-AUROC: 0.5423  LR: 1.00e-03
2026-05-26 03:38:23,028 | [FULL+AUG] | INFO | full_experiments_using.model_trainers.mobile_vit_trainer | Ep [025/500] T-Acc:  59.8%  V-Acc:  51.4%  V-AUROC: 0.5421  LR: 1.00e-03
2026-05-26 03:40:32,957 | [FULL+AUG] | INFO | full_experiments_using.model_trainers.mobile_vit_trainer | Ep [026/500] T-Acc:  60.3%  V-Acc:  52.7%  V-AUROC: 0.5588  LR: 1.00e-03
2026-05-26 03:42:43,492 | [FULL+AUG] | INFO | full_experiments_using.model_trainers.mobile_vit_trainer | Ep [027/500] T-Acc:  60.0%  V-Acc:  53.5%  V-AUROC: 0.5656  LR: 1.00e-03
2026-05-26 03:44:54,172 | [FULL+AUG] | INFO | full_experiments_using.model_trainers.mobile_vit_trainer | Ep [028/500] T-Acc:  62.1%  V-Acc:  52.4%  V-AUROC: 0.5572  LR: 1.00e-03
2026-05-26 03:47:04,692 | [FULL+AUG] | INFO | full_experiments_using.model_trainers.mobile_vit_trainer | Ep [029/500] T-Acc:  61.1%  V-Acc:  53.4%  V-AUROC: 0.5621  LR: 1.00e-03
2026-05-26 03:49:14,694 | [FULL+AUG] | INFO | full_experiments_using.model_trainers.mobile_vit_trainer | Ep [030/500] T-Acc:  61.8%  V-Acc:  54.6%  V-AUROC: 0.5685  LR: 2.00e-04
2026-05-26 03:51:25,036 | [FULL+AUG] | INFO | full_experiments_using.model_trainers.mobile_vit_trainer | Ep [031/500] T-Acc:  60.7%  V-Acc:  53.9%  V-AUROC: 0.5646  LR: 2.00e-04
2026-05-26 03:53:34,867 | [FULL+AUG] | INFO | full_experiments_using.model_trainers.mobile_vit_trainer | Ep [032/500] T-Acc:  61.4%  V-Acc:  52.2%  V-AUROC: 0.5530  LR: 2.00e-04
2026-05-26 03:55:45,373 | [FULL+AUG] | INFO | full_experiments_using.model_trainers.mobile_vit_trainer | Ep [033/500] T-Acc:  59.3%  V-Acc:  53.8%  V-AUROC: 0.5622  LR: 2.00e-04
2026-05-26 03:57:56,335 | [FULL+AUG] | INFO | full_experiments_using.model_trainers.mobile_vit_trainer | Ep [034/500] T-Acc:  61.1%  V-Acc:  54.3%  V-AUROC: 0.5696  LR: 2.00e-04
2026-05-26 04:00:06,078 | [FULL+AUG] | INFO | full_experiments_using.model_trainers.mobile_vit_trainer | Ep [035/500] T-Acc:  61.0%  V-Acc:  54.6%  V-AUROC: 0.5671  LR: 2.00e-04
2026-05-26 04:02:16,929 | [FULL+AUG] | INFO | full_experiments_using.model_trainers.mobile_vit_trainer | Ep [036/500] T-Acc:  60.5%  V-Acc:  53.4%  V-AUROC: 0.5626  LR: 2.00e-04
2026-05-26 04:04:26,847 | [FULL+AUG] | INFO | full_experiments_using.model_trainers.mobile_vit_trainer | Ep [037/500] T-Acc:  61.2%  V-Acc:  54.8%  V-AUROC: 0.5690  LR: 2.00e-04
2026-05-26 04:06:37,187 | [FULL+AUG] | INFO | full_experiments_using.model_trainers.mobile_vit_trainer | Ep [038/500] T-Acc:  61.4%  V-Acc:  54.2%  V-AUROC: 0.5640  LR: 2.00e-04
2026-05-26 04:08:47,379 | [FULL+AUG] | INFO | full_experiments_using.model_trainers.mobile_vit_trainer | Ep [039/500] T-Acc:  62.1%  V-Acc:  52.6%  V-AUROC: 0.5549  LR: 2.00e-04
2026-05-26 04:10:57,865 | [FULL+AUG] | INFO | full_experiments_using.model_trainers.mobile_vit_trainer | Ep [040/500] T-Acc:  62.1%  V-Acc:  52.2%  V-AUROC: 0.5517  LR: 2.00e-04
2026-05-26 04:13:08,791 | [FULL+AUG] | INFO | full_experiments_using.model_trainers.mobile_vit_trainer | Ep [041/500] T-Acc:  61.5%  V-Acc:  52.7%  V-AUROC: 0.5564  LR: 4.00e-05
2026-05-26 04:15:19,257 | [FULL+AUG] | INFO | full_experiments_using.model_trainers.mobile_vit_trainer | Ep [042/500] T-Acc:  61.8%  V-Acc:  52.2%  V-AUROC: 0.5554  LR: 4.00e-05
2026-05-26 04:17:29,114 | [FULL+AUG] | INFO | full_experiments_using.model_trainers.mobile_vit_trainer | Ep [043/500] T-Acc:  61.7%  V-Acc:  53.1%  V-AUROC: 0.5581  LR: 4.00e-05
2026-05-26 04:19:39,229 | [FULL+AUG] | INFO | full_experiments_using.model_trainers.mobile_vit_trainer | Ep [044/500] T-Acc:  61.5%  V-Acc:  52.6%  V-AUROC: 0.5563  LR: 4.00e-05
2026-05-26 04:21:49,640 | [FULL+AUG] | INFO | full_experiments_using.model_trainers.mobile_vit_trainer | Ep [045/500] T-Acc:  62.1%  V-Acc:  52.4%  V-AUROC: 0.5547  LR: 4.00e-05
2026-05-26 04:24:00,538 | [FULL+AUG] | INFO | full_experiments_using.model_trainers.mobile_vit_trainer | Ep [046/500] T-Acc:  61.5%  V-Acc:  52.8%  V-AUROC: 0.5563  LR: 4.00e-05
2026-05-26 04:26:11,284 | [FULL+AUG] | INFO | full_experiments_using.model_trainers.mobile_vit_trainer | Ep [047/500] T-Acc:  61.9%  V-Acc:  53.3%  V-AUROC: 0.5596  LR: 4.00e-05
2026-05-26 04:28:21,773 | [FULL+AUG] | INFO | full_experiments_using.model_trainers.mobile_vit_trainer | Ep [048/500] T-Acc:  61.3%  V-Acc:  52.2%  V-AUROC: 0.5527  LR: 4.00e-05
2026-05-26 04:30:32,021 | [FULL+AUG] | INFO | full_experiments_using.model_trainers.mobile_vit_trainer | Ep [049/500] T-Acc:  60.9%  V-Acc:  52.7%  V-AUROC: 0.5576  LR: 4.00e-05
2026-05-26 04:32:42,486 | [FULL+AUG] | INFO | full_experiments_using.model_trainers.mobile_vit_trainer | Ep [050/500] T-Acc:  61.2%  V-Acc:  52.4%  V-AUROC: 0.5578  LR: 4.00e-05
2026-05-26 04:34:53,235 | [FULL+AUG] | INFO | full_experiments_using.model_trainers.mobile_vit_trainer | Ep [051/500] T-Acc:  60.8%  V-Acc:  52.9%  V-AUROC: 0.5593  LR: 4.00e-05
2026-05-26 04:37:03,927 | [FULL+AUG] | INFO | full_experiments_using.model_trainers.mobile_vit_trainer | Ep [052/500] T-Acc:  61.9%  V-Acc:  52.4%  V-AUROC: 0.5555  LR: 8.00e-06
2026-05-26 04:39:13,989 | [FULL+AUG] | INFO | full_experiments_using.model_trainers.mobile_vit_trainer | Ep [053/500] T-Acc:  61.2%  V-Acc:  52.8%  V-AUROC: 0.5591  LR: 8.00e-06
2026-05-26 04:41:24,829 | [FULL+AUG] | INFO | full_experiments_using.model_trainers.mobile_vit_trainer | Ep [054/500] T-Acc:  62.0%  V-Acc:  52.9%  V-AUROC: 0.5578  LR: 8.00e-06
2026-05-26 04:43:35,610 | [FULL+AUG] | INFO | full_experiments_using.model_trainers.mobile_vit_trainer | Ep [055/500] T-Acc:  61.5%  V-Acc:  53.3%  V-AUROC: 0.5585  LR: 8.00e-06
2026-05-26 04:45:45,780 | [FULL+AUG] | INFO | full_experiments_using.model_trainers.mobile_vit_trainer | Ep [056/500] T-Acc:  62.3%  V-Acc:  53.2%  V-AUROC: 0.5608  LR: 8.00e-06
2026-05-26 04:47:56,096 | [FULL+AUG] | INFO | full_experiments_using.model_trainers.mobile_vit_trainer | Ep [057/500] T-Acc:  60.2%  V-Acc:  52.4%  V-AUROC: 0.5552  LR: 8.00e-06
2026-05-26 04:50:07,041 | [FULL+AUG] | INFO | full_experiments_using.model_trainers.mobile_vit_trainer | Ep [058/500] T-Acc:  62.1%  V-Acc:  52.6%  V-AUROC: 0.5574  LR: 8.00e-06
2026-05-26 04:50:07,042 | [FULL+AUG] | INFO | full_experiments_using.model_trainers.mobile_vit_trainer | Early stop — best AUROC 0.5898 at epoch 18 (no improvement for 40 epochs)
2026-05-26 04:50:07,042 | [FULL+AUG] | INFO | full_experiments_using.model_trainers.mobile_vit_trainer | Done. Best AUROC: 0.5898 (epoch 18) → /home/leggo/AIResearch/VOGBasedMCIDetectionSystemMobileViTSingleExperimentInference/outputs/checkpoints/run_20260524_040820_full_aug/fold_20_best.pth
2026-05-26 04:50:40,612 | [FULL+AUG] | INFO | full_experiments_using.evaluators.monte_carlo_evaluator | -> Fold 21 Result | Acc=0.727 Sens=0.667 Spec=0.800 AUROC=0.733
2026-05-26 04:50:40,615 | [FULL+AUG] | INFO | full_experiments_using.evaluators.monte_carlo_evaluator | === Fold 22/30 | train: 25 subj / 3837 windows | test: 12 subj / 1899 windows ===
2026-05-26 04:50:40,911 | [FULL+AUG] | INFO | httpx | HTTP Request: HEAD https://huggingface.co/apple/mobilevit-small/resolve/main/config.json "HTTP/1.1 307 Temporary Redirect"
2026-05-26 04:50:40,927 | [FULL+AUG] | INFO | httpx | HTTP Request: HEAD https://huggingface.co/api/resolve-cache/models/apple/mobilevit-small/6c8612545dc98676d27bc518fa521d9e9af23e34/config.json "HTTP/1.1 200 OK"
2026-05-26 04:50:41,205 | [FULL+AUG] | INFO | httpx | HTTP Request: HEAD https://huggingface.co/apple/mobilevit-small/resolve/main/model.safetensors "HTTP/1.1 404 Not Found"
2026-05-26 04:50:41,413 | [FULL+AUG] | INFO | httpx | HTTP Request: HEAD https://huggingface.co/apple/mobilevit-small/resolve/main/model.safetensors.index.json "HTTP/1.1 404 Not Found"
2026-05-26 04:50:41,628 | [FULL+AUG] | INFO | httpx | HTTP Request: HEAD https://huggingface.co/apple/mobilevit-small/resolve/main/pytorch_model.bin "HTTP/1.1 302 Found"
2026-05-26 04:50:41,847 | [FULL+AUG] | INFO | httpx | HTTP Request: HEAD https://huggingface.co/apple/mobilevit-small/resolve/main/model.safetensors "HTTP/1.1 404 Not Found"
2026-05-26 04:50:42,079 | [FULL+AUG] | INFO | httpx | HTTP Request: GET https://huggingface.co/api/models/apple/mobilevit-small "HTTP/1.1 200 OK"
2026-05-26 04:50:42,309 | [FULL+AUG] | INFO | httpx | HTTP Request: GET https://huggingface.co/api/models/apple/mobilevit-small/commits/main "HTTP/1.1 200 OK"
2026-05-26 04:50:42,530 | [FULL+AUG] | INFO | httpx | HTTP Request: GET https://huggingface.co/api/models/apple/mobilevit-small/discussions?p=0 "HTTP/1.1 200 OK"
2026-05-26 04:50:42,761 | [FULL+AUG] | INFO | httpx | HTTP Request: GET https://huggingface.co/api/models/apple/mobilevit-small/commits/refs%2Fpr%2F6 "HTTP/1.1 200 OK"
2026-05-26 04:50:42,975 | [FULL+AUG] | INFO | httpx | HTTP Request: HEAD https://huggingface.co/apple/mobilevit-small/resolve/refs%2Fpr%2F6/model.safetensors.index.json "HTTP/1.1 404 Not Found"
2026-05-26 04:50:43,194 | [FULL+AUG] | INFO | httpx | HTTP Request: HEAD https://huggingface.co/apple/mobilevit-small/resolve/refs%2Fpr%2F6/model.safetensors "HTTP/1.1 302 Found"
2026-05-26 04:50:43,975 | [FULL+AUG] | INFO | full_experiments_using.model_trainers.mobile_vit_trainer | Device: cuda | max_epochs=500 | batch=32 | es_patience=40
2026-05-26 04:50:43,978 | [FULL+AUG] | INFO | full_experiments_using.model_trainers.mobile_vit_trainer | CE weights — HC: 1.204  MCI: 0.855
2026-05-26 04:52:53,047 | [FULL+AUG] | INFO | full_experiments_using.model_trainers.mobile_vit_trainer | Ep [001/500] T-Acc:  53.9%  V-Acc:  53.1%  V-AUROC: 0.5464  LR: 2.00e-04
2026-05-26 04:52:53,170 | [FULL+AUG] | INFO | full_experiments_using.model_trainers.mobile_vit_trainer |   ↳ new best AUROC; saved checkpoint: /home/leggo/AIResearch/VOGBasedMCIDetectionSystemMobileViTSingleExperimentInference/outputs/checkpoints/run_20260524_040820_full_aug/fold_21_best.pth
2026-05-26 04:55:02,086 | [FULL+AUG] | INFO | full_experiments_using.model_trainers.mobile_vit_trainer | Ep [002/500] T-Acc:  53.2%  V-Acc:  54.0%  V-AUROC: 0.5518  LR: 4.00e-04
2026-05-26 04:55:02,221 | [FULL+AUG] | INFO | full_experiments_using.model_trainers.mobile_vit_trainer |   ↳ new best AUROC; saved checkpoint: /home/leggo/AIResearch/VOGBasedMCIDetectionSystemMobileViTSingleExperimentInference/outputs/checkpoints/run_20260524_040820_full_aug/fold_21_best.pth
2026-05-26 04:57:10,873 | [FULL+AUG] | INFO | full_experiments_using.model_trainers.mobile_vit_trainer | Ep [003/500] T-Acc:  53.7%  V-Acc:  56.5%  V-AUROC: 0.5753  LR: 6.00e-04
2026-05-26 04:57:10,989 | [FULL+AUG] | INFO | full_experiments_using.model_trainers.mobile_vit_trainer |   ↳ new best AUROC; saved checkpoint: /home/leggo/AIResearch/VOGBasedMCIDetectionSystemMobileViTSingleExperimentInference/outputs/checkpoints/run_20260524_040820_full_aug/fold_21_best.pth
2026-05-26 04:59:19,278 | [FULL+AUG] | INFO | full_experiments_using.model_trainers.mobile_vit_trainer | Ep [004/500] T-Acc:  55.4%  V-Acc:  56.1%  V-AUROC: 0.5885  LR: 8.00e-04
2026-05-26 04:59:19,391 | [FULL+AUG] | INFO | full_experiments_using.model_trainers.mobile_vit_trainer |   ↳ new best AUROC; saved checkpoint: /home/leggo/AIResearch/VOGBasedMCIDetectionSystemMobileViTSingleExperimentInference/outputs/checkpoints/run_20260524_040820_full_aug/fold_21_best.pth
2026-05-26 05:01:28,741 | [FULL+AUG] | INFO | full_experiments_using.model_trainers.mobile_vit_trainer | Ep [005/500] T-Acc:  54.6%  V-Acc:  57.1%  V-AUROC: 0.5956  LR: 1.00e-03
2026-05-26 05:01:28,886 | [FULL+AUG] | INFO | full_experiments_using.model_trainers.mobile_vit_trainer |   ↳ new best AUROC; saved checkpoint: /home/leggo/AIResearch/VOGBasedMCIDetectionSystemMobileViTSingleExperimentInference/outputs/checkpoints/run_20260524_040820_full_aug/fold_21_best.pth
2026-05-26 05:03:38,202 | [FULL+AUG] | INFO | full_experiments_using.model_trainers.mobile_vit_trainer | Ep [006/500] T-Acc:  55.2%  V-Acc:  57.8%  V-AUROC: 0.6125  LR: 1.00e-03
2026-05-26 05:03:38,346 | [FULL+AUG] | INFO | full_experiments_using.model_trainers.mobile_vit_trainer |   ↳ new best AUROC; saved checkpoint: /home/leggo/AIResearch/VOGBasedMCIDetectionSystemMobileViTSingleExperimentInference/outputs/checkpoints/run_20260524_040820_full_aug/fold_21_best.pth
2026-05-26 05:05:46,668 | [FULL+AUG] | INFO | full_experiments_using.model_trainers.mobile_vit_trainer | Ep [007/500] T-Acc:  56.5%  V-Acc:  57.3%  V-AUROC: 0.6050  LR: 1.00e-03
2026-05-26 05:07:55,347 | [FULL+AUG] | INFO | full_experiments_using.model_trainers.mobile_vit_trainer | Ep [008/500] T-Acc:  57.6%  V-Acc:  56.9%  V-AUROC: 0.6027  LR: 1.00e-03
2026-05-26 05:10:02,079 | [FULL+AUG] | INFO | full_experiments_using.model_trainers.mobile_vit_trainer | Ep [009/500] T-Acc:  57.4%  V-Acc:  55.8%  V-AUROC: 0.5875  LR: 1.00e-03
2026-05-26 05:12:11,219 | [FULL+AUG] | INFO | full_experiments_using.model_trainers.mobile_vit_trainer | Ep [010/500] T-Acc:  56.8%  V-Acc:  56.3%  V-AUROC: 0.5939  LR: 1.00e-03
2026-05-26 05:14:20,420 | [FULL+AUG] | INFO | full_experiments_using.model_trainers.mobile_vit_trainer | Ep [011/500] T-Acc:  58.8%  V-Acc:  55.9%  V-AUROC: 0.5916  LR: 1.00e-03
2026-05-26 05:16:29,557 | [FULL+AUG] | INFO | full_experiments_using.model_trainers.mobile_vit_trainer | Ep [012/500] T-Acc:  57.6%  V-Acc:  56.1%  V-AUROC: 0.5999  LR: 1.00e-03
2026-05-26 05:18:38,632 | [FULL+AUG] | INFO | full_experiments_using.model_trainers.mobile_vit_trainer | Ep [013/500] T-Acc:  56.9%  V-Acc:  57.2%  V-AUROC: 0.6112  LR: 1.00e-03
2026-05-26 05:20:47,085 | [FULL+AUG] | INFO | full_experiments_using.model_trainers.mobile_vit_trainer | Ep [014/500] T-Acc:  58.3%  V-Acc:  57.2%  V-AUROC: 0.6062  LR: 1.00e-03
2026-05-26 05:22:55,854 | [FULL+AUG] | INFO | full_experiments_using.model_trainers.mobile_vit_trainer | Ep [015/500] T-Acc:  59.7%  V-Acc:  58.1%  V-AUROC: 0.6149  LR: 1.00e-03
2026-05-26 05:22:55,964 | [FULL+AUG] | INFO | full_experiments_using.model_trainers.mobile_vit_trainer |   ↳ new best AUROC; saved checkpoint: /home/leggo/AIResearch/VOGBasedMCIDetectionSystemMobileViTSingleExperimentInference/outputs/checkpoints/run_20260524_040820_full_aug/fold_21_best.pth
2026-05-26 05:25:04,974 | [FULL+AUG] | INFO | full_experiments_using.model_trainers.mobile_vit_trainer | Ep [016/500] T-Acc:  58.6%  V-Acc:  57.6%  V-AUROC: 0.6115  LR: 1.00e-03
2026-05-26 05:27:14,370 | [FULL+AUG] | INFO | full_experiments_using.model_trainers.mobile_vit_trainer | Ep [017/500] T-Acc:  59.7%  V-Acc:  57.2%  V-AUROC: 0.6067  LR: 1.00e-03
2026-05-26 05:29:23,528 | [FULL+AUG] | INFO | full_experiments_using.model_trainers.mobile_vit_trainer | Ep [018/500] T-Acc:  58.7%  V-Acc:  57.2%  V-AUROC: 0.6016  LR: 1.00e-03
2026-05-26 05:31:32,861 | [FULL+AUG] | INFO | full_experiments_using.model_trainers.mobile_vit_trainer | Ep [019/500] T-Acc:  59.1%  V-Acc:  56.7%  V-AUROC: 0.6007  LR: 1.00e-03
2026-05-26 05:33:41,486 | [FULL+AUG] | INFO | full_experiments_using.model_trainers.mobile_vit_trainer | Ep [020/500] T-Acc:  60.6%  V-Acc:  56.3%  V-AUROC: 0.6036  LR: 1.00e-03
2026-05-26 05:35:50,664 | [FULL+AUG] | INFO | full_experiments_using.model_trainers.mobile_vit_trainer | Ep [021/500] T-Acc:  59.8%  V-Acc:  57.3%  V-AUROC: 0.6008  LR: 1.00e-03
2026-05-26 05:37:59,807 | [FULL+AUG] | INFO | full_experiments_using.model_trainers.mobile_vit_trainer | Ep [022/500] T-Acc:  59.5%  V-Acc:  56.9%  V-AUROC: 0.5990  LR: 1.00e-03
2026-05-26 05:40:08,747 | [FULL+AUG] | INFO | full_experiments_using.model_trainers.mobile_vit_trainer | Ep [023/500] T-Acc:  59.9%  V-Acc:  57.5%  V-AUROC: 0.6048  LR: 1.00e-03
2026-05-26 05:42:17,585 | [FULL+AUG] | INFO | full_experiments_using.model_trainers.mobile_vit_trainer | Ep [024/500] T-Acc:  60.7%  V-Acc:  58.0%  V-AUROC: 0.6042  LR: 1.00e-03
2026-05-26 05:44:26,869 | [FULL+AUG] | INFO | full_experiments_using.model_trainers.mobile_vit_trainer | Ep [025/500] T-Acc:  60.8%  V-Acc:  58.5%  V-AUROC: 0.6128  LR: 1.00e-03
2026-05-26 05:46:35,528 | [FULL+AUG] | INFO | full_experiments_using.model_trainers.mobile_vit_trainer | Ep [026/500] T-Acc:  60.5%  V-Acc:  57.7%  V-AUROC: 0.5962  LR: 1.00e-03
2026-05-26 05:48:44,793 | [FULL+AUG] | INFO | full_experiments_using.model_trainers.mobile_vit_trainer | Ep [027/500] T-Acc:  60.7%  V-Acc:  56.3%  V-AUROC: 0.5939  LR: 2.00e-04
2026-05-26 05:50:54,012 | [FULL+AUG] | INFO | full_experiments_using.model_trainers.mobile_vit_trainer | Ep [028/500] T-Acc:  61.5%  V-Acc:  57.3%  V-AUROC: 0.6019  LR: 2.00e-04
2026-05-26 05:53:03,060 | [FULL+AUG] | INFO | full_experiments_using.model_trainers.mobile_vit_trainer | Ep [029/500] T-Acc:  61.5%  V-Acc:  57.1%  V-AUROC: 0.5983  LR: 2.00e-04
2026-05-26 05:55:12,299 | [FULL+AUG] | INFO | full_experiments_using.model_trainers.mobile_vit_trainer | Ep [030/500] T-Acc:  61.1%  V-Acc:  57.9%  V-AUROC: 0.6037  LR: 2.00e-04
2026-05-26 05:57:21,264 | [FULL+AUG] | INFO | full_experiments_using.model_trainers.mobile_vit_trainer | Ep [031/500] T-Acc:  62.5%  V-Acc:  57.7%  V-AUROC: 0.6006  LR: 2.00e-04
2026-05-26 05:59:30,300 | [FULL+AUG] | INFO | full_experiments_using.model_trainers.mobile_vit_trainer | Ep [032/500] T-Acc:  60.8%  V-Acc:  58.6%  V-AUROC: 0.6142  LR: 2.00e-04
2026-05-26 06:01:39,450 | [FULL+AUG] | INFO | full_experiments_using.model_trainers.mobile_vit_trainer | Ep [033/500] T-Acc:  62.1%  V-Acc:  58.6%  V-AUROC: 0.6120  LR: 2.00e-04
2026-05-26 06:03:47,861 | [FULL+AUG] | INFO | full_experiments_using.model_trainers.mobile_vit_trainer | Ep [034/500] T-Acc:  61.1%  V-Acc:  58.8%  V-AUROC: 0.6135  LR: 2.00e-04
2026-05-26 06:05:56,043 | [FULL+AUG] | INFO | full_experiments_using.model_trainers.mobile_vit_trainer | Ep [035/500] T-Acc:  60.8%  V-Acc:  59.0%  V-AUROC: 0.6122  LR: 2.00e-04
2026-05-26 06:08:05,436 | [FULL+AUG] | INFO | full_experiments_using.model_trainers.mobile_vit_trainer | Ep [036/500] T-Acc:  61.7%  V-Acc:  59.0%  V-AUROC: 0.6182  LR: 2.00e-04
2026-05-26 06:08:05,588 | [FULL+AUG] | INFO | full_experiments_using.model_trainers.mobile_vit_trainer |   ↳ new best AUROC; saved checkpoint: /home/leggo/AIResearch/VOGBasedMCIDetectionSystemMobileViTSingleExperimentInference/outputs/checkpoints/run_20260524_040820_full_aug/fold_21_best.pth
2026-05-26 06:10:14,669 | [FULL+AUG] | INFO | full_experiments_using.model_trainers.mobile_vit_trainer | Ep [037/500] T-Acc:  60.5%  V-Acc:  58.8%  V-AUROC: 0.6139  LR: 2.00e-04
2026-05-26 06:12:23,784 | [FULL+AUG] | INFO | full_experiments_using.model_trainers.mobile_vit_trainer | Ep [038/500] T-Acc:  61.7%  V-Acc:  58.2%  V-AUROC: 0.6085  LR: 2.00e-04
2026-05-26 06:14:33,054 | [FULL+AUG] | INFO | full_experiments_using.model_trainers.mobile_vit_trainer | Ep [039/500] T-Acc:  61.9%  V-Acc:  58.6%  V-AUROC: 0.6111  LR: 2.00e-04
2026-05-26 06:16:41,593 | [FULL+AUG] | INFO | full_experiments_using.model_trainers.mobile_vit_trainer | Ep [040/500] T-Acc:  60.8%  V-Acc:  58.8%  V-AUROC: 0.6151  LR: 2.00e-04
2026-05-26 06:18:50,693 | [FULL+AUG] | INFO | full_experiments_using.model_trainers.mobile_vit_trainer | Ep [041/500] T-Acc:  61.6%  V-Acc:  58.5%  V-AUROC: 0.6152  LR: 2.00e-04
2026-05-26 06:20:59,562 | [FULL+AUG] | INFO | full_experiments_using.model_trainers.mobile_vit_trainer | Ep [042/500] T-Acc:  62.2%  V-Acc:  58.3%  V-AUROC: 0.6124  LR: 2.00e-04
2026-05-26 06:23:08,632 | [FULL+AUG] | INFO | full_experiments_using.model_trainers.mobile_vit_trainer | Ep [043/500] T-Acc:  61.6%  V-Acc:  58.5%  V-AUROC: 0.6157  LR: 2.00e-04
2026-05-26 06:25:16,609 | [FULL+AUG] | INFO | full_experiments_using.model_trainers.mobile_vit_trainer | Ep [044/500] T-Acc:  62.3%  V-Acc:  58.8%  V-AUROC: 0.6145  LR: 2.00e-04
2026-05-26 06:27:25,926 | [FULL+AUG] | INFO | full_experiments_using.model_trainers.mobile_vit_trainer | Ep [045/500] T-Acc:  60.9%  V-Acc:  58.5%  V-AUROC: 0.6126  LR: 2.00e-04
2026-05-26 06:29:34,739 | [FULL+AUG] | INFO | full_experiments_using.model_trainers.mobile_vit_trainer | Ep [046/500] T-Acc:  61.8%  V-Acc:  58.6%  V-AUROC: 0.6112  LR: 2.00e-04
2026-05-26 06:31:43,443 | [FULL+AUG] | INFO | full_experiments_using.model_trainers.mobile_vit_trainer | Ep [047/500] T-Acc:  60.5%  V-Acc:  58.3%  V-AUROC: 0.6129  LR: 2.00e-04
2026-05-26 06:33:52,495 | [FULL+AUG] | INFO | full_experiments_using.model_trainers.mobile_vit_trainer | Ep [048/500] T-Acc:  61.7%  V-Acc:  58.3%  V-AUROC: 0.6125  LR: 4.00e-05
2026-05-26 06:36:01,903 | [FULL+AUG] | INFO | full_experiments_using.model_trainers.mobile_vit_trainer | Ep [049/500] T-Acc:  61.3%  V-Acc:  57.7%  V-AUROC: 0.6124  LR: 4.00e-05
2026-05-26 06:38:11,334 | [FULL+AUG] | INFO | full_experiments_using.model_trainers.mobile_vit_trainer | Ep [050/500] T-Acc:  61.1%  V-Acc:  58.6%  V-AUROC: 0.6151  LR: 4.00e-05
2026-05-26 06:40:20,262 | [FULL+AUG] | INFO | full_experiments_using.model_trainers.mobile_vit_trainer | Ep [051/500] T-Acc:  61.6%  V-Acc:  59.0%  V-AUROC: 0.6137  LR: 4.00e-05
2026-05-26 06:42:29,334 | [FULL+AUG] | INFO | full_experiments_using.model_trainers.mobile_vit_trainer | Ep [052/500] T-Acc:  61.8%  V-Acc:  58.3%  V-AUROC: 0.6136  LR: 4.00e-05
2026-05-26 06:44:38,288 | [FULL+AUG] | INFO | full_experiments_using.model_trainers.mobile_vit_trainer | Ep [053/500] T-Acc:  62.4%  V-Acc:  58.2%  V-AUROC: 0.6130  LR: 4.00e-05
2026-05-26 06:46:47,968 | [FULL+AUG] | INFO | full_experiments_using.model_trainers.mobile_vit_trainer | Ep [054/500] T-Acc:  61.8%  V-Acc:  58.4%  V-AUROC: 0.6146  LR: 4.00e-05
2026-05-26 06:48:57,518 | [FULL+AUG] | INFO | full_experiments_using.model_trainers.mobile_vit_trainer | Ep [055/500] T-Acc:  61.1%  V-Acc:  58.7%  V-AUROC: 0.6154  LR: 4.00e-05
2026-05-26 06:51:06,467 | [FULL+AUG] | INFO | full_experiments_using.model_trainers.mobile_vit_trainer | Ep [056/500] T-Acc:  61.1%  V-Acc:  58.4%  V-AUROC: 0.6149  LR: 4.00e-05
2026-05-26 06:53:15,544 | [FULL+AUG] | INFO | full_experiments_using.model_trainers.mobile_vit_trainer | Ep [057/500] T-Acc:  61.4%  V-Acc:  58.8%  V-AUROC: 0.6161  LR: 4.00e-05
2026-05-26 06:55:24,255 | [FULL+AUG] | INFO | full_experiments_using.model_trainers.mobile_vit_trainer | Ep [058/500] T-Acc:  62.0%  V-Acc:  58.1%  V-AUROC: 0.6136  LR: 4.00e-05
2026-05-26 06:57:32,455 | [FULL+AUG] | INFO | full_experiments_using.model_trainers.mobile_vit_trainer | Ep [059/500] T-Acc:  60.7%  V-Acc:  58.3%  V-AUROC: 0.6135  LR: 8.00e-06
2026-05-26 06:59:41,446 | [FULL+AUG] | INFO | full_experiments_using.model_trainers.mobile_vit_trainer | Ep [060/500] T-Acc:  61.5%  V-Acc:  58.6%  V-AUROC: 0.6151  LR: 8.00e-06
2026-05-26 07:01:50,738 | [FULL+AUG] | INFO | full_experiments_using.model_trainers.mobile_vit_trainer | Ep [061/500] T-Acc:  60.8%  V-Acc:  59.0%  V-AUROC: 0.6170  LR: 8.00e-06
2026-05-26 07:04:00,161 | [FULL+AUG] | INFO | full_experiments_using.model_trainers.mobile_vit_trainer | Ep [062/500] T-Acc:  60.7%  V-Acc:  58.1%  V-AUROC: 0.6144  LR: 8.00e-06
2026-05-26 07:06:08,846 | [FULL+AUG] | INFO | full_experiments_using.model_trainers.mobile_vit_trainer | Ep [063/500] T-Acc:  61.6%  V-Acc:  58.7%  V-AUROC: 0.6154  LR: 8.00e-06
2026-05-26 07:08:18,163 | [FULL+AUG] | INFO | full_experiments_using.model_trainers.mobile_vit_trainer | Ep [064/500] T-Acc:  62.2%  V-Acc:  58.3%  V-AUROC: 0.6160  LR: 8.00e-06
2026-05-26 07:10:27,630 | [FULL+AUG] | INFO | full_experiments_using.model_trainers.mobile_vit_trainer | Ep [065/500] T-Acc:  60.1%  V-Acc:  58.5%  V-AUROC: 0.6141  LR: 8.00e-06
2026-05-26 07:12:36,434 | [FULL+AUG] | INFO | full_experiments_using.model_trainers.mobile_vit_trainer | Ep [066/500] T-Acc:  61.3%  V-Acc:  59.0%  V-AUROC: 0.6136  LR: 8.00e-06
2026-05-26 07:14:45,486 | [FULL+AUG] | INFO | full_experiments_using.model_trainers.mobile_vit_trainer | Ep [067/500] T-Acc:  61.3%  V-Acc:  59.4%  V-AUROC: 0.6192  LR: 8.00e-06
2026-05-26 07:14:45,635 | [FULL+AUG] | INFO | full_experiments_using.model_trainers.mobile_vit_trainer |   ↳ new best AUROC; saved checkpoint: /home/leggo/AIResearch/VOGBasedMCIDetectionSystemMobileViTSingleExperimentInference/outputs/checkpoints/run_20260524_040820_full_aug/fold_21_best.pth
2026-05-26 07:16:53,772 | [FULL+AUG] | INFO | full_experiments_using.model_trainers.mobile_vit_trainer | Ep [068/500] T-Acc:  61.6%  V-Acc:  58.7%  V-AUROC: 0.6172  LR: 8.00e-06
2026-05-26 07:19:03,076 | [FULL+AUG] | INFO | full_experiments_using.model_trainers.mobile_vit_trainer | Ep [069/500] T-Acc:  60.9%  V-Acc:  58.6%  V-AUROC: 0.6165  LR: 8.00e-06
2026-05-26 07:21:11,512 | [FULL+AUG] | INFO | full_experiments_using.model_trainers.mobile_vit_trainer | Ep [070/500] T-Acc:  61.8%  V-Acc:  58.8%  V-AUROC: 0.6159  LR: 8.00e-06
2026-05-26 07:23:21,146 | [FULL+AUG] | INFO | full_experiments_using.model_trainers.mobile_vit_trainer | Ep [071/500] T-Acc:  61.2%  V-Acc:  58.3%  V-AUROC: 0.6153  LR: 8.00e-06
2026-05-26 07:25:29,395 | [FULL+AUG] | INFO | full_experiments_using.model_trainers.mobile_vit_trainer | Ep [072/500] T-Acc:  62.4%  V-Acc:  58.5%  V-AUROC: 0.6121  LR: 8.00e-06
2026-05-26 07:27:37,877 | [FULL+AUG] | INFO | full_experiments_using.model_trainers.mobile_vit_trainer | Ep [073/500] T-Acc:  61.0%  V-Acc:  58.7%  V-AUROC: 0.6167  LR: 8.00e-06
2026-05-26 07:29:47,104 | [FULL+AUG] | INFO | full_experiments_using.model_trainers.mobile_vit_trainer | Ep [074/500] T-Acc:  61.2%  V-Acc:  58.6%  V-AUROC: 0.6161  LR: 8.00e-06
2026-05-26 07:31:54,841 | [FULL+AUG] | INFO | full_experiments_using.model_trainers.mobile_vit_trainer | Ep [075/500] T-Acc:  61.3%  V-Acc:  58.5%  V-AUROC: 0.6150  LR: 8.00e-06
2026-05-26 07:34:03,731 | [FULL+AUG] | INFO | full_experiments_using.model_trainers.mobile_vit_trainer | Ep [076/500] T-Acc:  61.8%  V-Acc:  58.7%  V-AUROC: 0.6159  LR: 8.00e-06
2026-05-26 07:36:12,370 | [FULL+AUG] | INFO | full_experiments_using.model_trainers.mobile_vit_trainer | Ep [077/500] T-Acc:  62.3%  V-Acc:  58.6%  V-AUROC: 0.6152  LR: 8.00e-06
2026-05-26 07:38:21,174 | [FULL+AUG] | INFO | full_experiments_using.model_trainers.mobile_vit_trainer | Ep [078/500] T-Acc:  61.2%  V-Acc:  58.8%  V-AUROC: 0.6167  LR: 8.00e-06
2026-05-26 07:40:29,990 | [FULL+AUG] | INFO | full_experiments_using.model_trainers.mobile_vit_trainer | Ep [079/500] T-Acc:  61.0%  V-Acc:  58.4%  V-AUROC: 0.6126  LR: 1.60e-06
2026-05-26 07:42:38,622 | [FULL+AUG] | INFO | full_experiments_using.model_trainers.mobile_vit_trainer | Ep [080/500] T-Acc:  61.2%  V-Acc:  58.8%  V-AUROC: 0.6162  LR: 1.60e-06
2026-05-26 07:44:47,565 | [FULL+AUG] | INFO | full_experiments_using.model_trainers.mobile_vit_trainer | Ep [081/500] T-Acc:  61.3%  V-Acc:  58.8%  V-AUROC: 0.6167  LR: 1.60e-06
2026-05-26 07:46:56,201 | [FULL+AUG] | INFO | full_experiments_using.model_trainers.mobile_vit_trainer | Ep [082/500] T-Acc:  62.1%  V-Acc:  58.8%  V-AUROC: 0.6160  LR: 1.60e-06
2026-05-26 07:49:05,339 | [FULL+AUG] | INFO | full_experiments_using.model_trainers.mobile_vit_trainer | Ep [083/500] T-Acc:  62.1%  V-Acc:  59.5%  V-AUROC: 0.6184  LR: 1.60e-06
2026-05-26 07:51:14,461 | [FULL+AUG] | INFO | full_experiments_using.model_trainers.mobile_vit_trainer | Ep [084/500] T-Acc:  61.7%  V-Acc:  58.7%  V-AUROC: 0.6176  LR: 1.60e-06
2026-05-26 07:53:22,765 | [FULL+AUG] | INFO | full_experiments_using.model_trainers.mobile_vit_trainer | Ep [085/500] T-Acc:  61.9%  V-Acc:  58.3%  V-AUROC: 0.6153  LR: 1.60e-06
2026-05-26 07:55:31,376 | [FULL+AUG] | INFO | full_experiments_using.model_trainers.mobile_vit_trainer | Ep [086/500] T-Acc:  60.3%  V-Acc:  59.0%  V-AUROC: 0.6184  LR: 1.60e-06
2026-05-26 07:57:40,027 | [FULL+AUG] | INFO | full_experiments_using.model_trainers.mobile_vit_trainer | Ep [087/500] T-Acc:  61.1%  V-Acc:  58.7%  V-AUROC: 0.6160  LR: 1.60e-06
2026-05-26 07:59:48,633 | [FULL+AUG] | INFO | full_experiments_using.model_trainers.mobile_vit_trainer | Ep [088/500] T-Acc:  62.4%  V-Acc:  58.9%  V-AUROC: 0.6169  LR: 1.60e-06
2026-05-26 08:01:57,094 | [FULL+AUG] | INFO | full_experiments_using.model_trainers.mobile_vit_trainer | Ep [089/500] T-Acc:  61.6%  V-Acc:  58.6%  V-AUROC: 0.6147  LR: 1.60e-06
2026-05-26 08:04:05,428 | [FULL+AUG] | INFO | full_experiments_using.model_trainers.mobile_vit_trainer | Ep [090/500] T-Acc:  61.6%  V-Acc:  58.7%  V-AUROC: 0.6135  LR: 1.00e-06
2026-05-26 08:06:13,982 | [FULL+AUG] | INFO | full_experiments_using.model_trainers.mobile_vit_trainer | Ep [091/500] T-Acc:  61.1%  V-Acc:  58.5%  V-AUROC: 0.6148  LR: 1.00e-06
2026-05-26 08:08:22,394 | [FULL+AUG] | INFO | full_experiments_using.model_trainers.mobile_vit_trainer | Ep [092/500] T-Acc:  62.1%  V-Acc:  58.7%  V-AUROC: 0.6172  LR: 1.00e-06
2026-05-26 08:10:30,854 | [FULL+AUG] | INFO | full_experiments_using.model_trainers.mobile_vit_trainer | Ep [093/500] T-Acc:  61.9%  V-Acc:  58.2%  V-AUROC: 0.6138  LR: 1.00e-06
2026-05-26 08:12:40,303 | [FULL+AUG] | INFO | full_experiments_using.model_trainers.mobile_vit_trainer | Ep [094/500] T-Acc:  60.3%  V-Acc:  58.6%  V-AUROC: 0.6170  LR: 1.00e-06
2026-05-26 08:14:49,722 | [FULL+AUG] | INFO | full_experiments_using.model_trainers.mobile_vit_trainer | Ep [095/500] T-Acc:  61.6%  V-Acc:  58.7%  V-AUROC: 0.6154  LR: 1.00e-06
2026-05-26 08:16:58,186 | [FULL+AUG] | INFO | full_experiments_using.model_trainers.mobile_vit_trainer | Ep [096/500] T-Acc:  62.0%  V-Acc:  58.3%  V-AUROC: 0.6130  LR: 1.00e-06
2026-05-26 08:19:06,572 | [FULL+AUG] | INFO | full_experiments_using.model_trainers.mobile_vit_trainer | Ep [097/500] T-Acc:  61.2%  V-Acc:  58.8%  V-AUROC: 0.6157  LR: 1.00e-06
2026-05-26 08:21:15,702 | [FULL+AUG] | INFO | full_experiments_using.model_trainers.mobile_vit_trainer | Ep [098/500] T-Acc:  62.1%  V-Acc:  58.5%  V-AUROC: 0.6157  LR: 1.00e-06
2026-05-26 08:23:25,248 | [FULL+AUG] | INFO | full_experiments_using.model_trainers.mobile_vit_trainer | Ep [099/500] T-Acc:  61.3%  V-Acc:  58.3%  V-AUROC: 0.6143  LR: 1.00e-06
2026-05-26 08:25:33,684 | [FULL+AUG] | INFO | full_experiments_using.model_trainers.mobile_vit_trainer | Ep [100/500] T-Acc:  61.8%  V-Acc:  59.1%  V-AUROC: 0.6176  LR: 1.00e-06
2026-05-26 08:27:42,181 | [FULL+AUG] | INFO | full_experiments_using.model_trainers.mobile_vit_trainer | Ep [101/500] T-Acc:  60.3%  V-Acc:  59.1%  V-AUROC: 0.6178  LR: 1.00e-06
2026-05-26 08:29:50,974 | [FULL+AUG] | INFO | full_experiments_using.model_trainers.mobile_vit_trainer | Ep [102/500] T-Acc:  62.2%  V-Acc:  58.7%  V-AUROC: 0.6164  LR: 1.00e-06
2026-05-26 08:32:00,711 | [FULL+AUG] | INFO | full_experiments_using.model_trainers.mobile_vit_trainer | Ep [103/500] T-Acc:  61.3%  V-Acc:  58.6%  V-AUROC: 0.6149  LR: 1.00e-06
2026-05-26 08:34:09,787 | [FULL+AUG] | INFO | full_experiments_using.model_trainers.mobile_vit_trainer | Ep [104/500] T-Acc:  62.7%  V-Acc:  58.5%  V-AUROC: 0.6145  LR: 1.00e-06
2026-05-26 08:36:18,962 | [FULL+AUG] | INFO | full_experiments_using.model_trainers.mobile_vit_trainer | Ep [105/500] T-Acc:  61.7%  V-Acc:  58.9%  V-AUROC: 0.6171  LR: 1.00e-06
2026-05-26 08:38:27,516 | [FULL+AUG] | INFO | full_experiments_using.model_trainers.mobile_vit_trainer | Ep [106/500] T-Acc:  61.4%  V-Acc:  58.8%  V-AUROC: 0.6132  LR: 1.00e-06
2026-05-26 08:40:35,904 | [FULL+AUG] | INFO | full_experiments_using.model_trainers.mobile_vit_trainer | Ep [107/500] T-Acc:  62.2%  V-Acc:  59.6%  V-AUROC: 0.6178  LR: 1.00e-06
2026-05-26 08:40:35,905 | [FULL+AUG] | INFO | full_experiments_using.model_trainers.mobile_vit_trainer | Early stop — best AUROC 0.6192 at epoch 67 (no improvement for 40 epochs)
2026-05-26 08:40:35,905 | [FULL+AUG] | INFO | full_experiments_using.model_trainers.mobile_vit_trainer | Done. Best AUROC: 0.6192 (epoch 67) → /home/leggo/AIResearch/VOGBasedMCIDetectionSystemMobileViTSingleExperimentInference/outputs/checkpoints/run_20260524_040820_full_aug/fold_21_best.pth
2026-05-26 08:41:09,809 | [FULL+AUG] | INFO | full_experiments_using.evaluators.monte_carlo_evaluator | -> Fold 22 Result | Acc=0.636 Sens=0.571 Spec=0.750 AUROC=0.786
2026-05-26 08:41:09,814 | [FULL+AUG] | INFO | full_experiments_using.evaluators.monte_carlo_evaluator | === Fold 23/30 | train: 25 subj / 3868 windows | test: 12 subj / 1868 windows ===
2026-05-26 08:41:10,069 | [FULL+AUG] | INFO | httpx | HTTP Request: HEAD https://huggingface.co/apple/mobilevit-small/resolve/main/config.json "HTTP/1.1 307 Temporary Redirect"
2026-05-26 08:41:10,085 | [FULL+AUG] | INFO | httpx | HTTP Request: HEAD https://huggingface.co/api/resolve-cache/models/apple/mobilevit-small/6c8612545dc98676d27bc518fa521d9e9af23e34/config.json "HTTP/1.1 200 OK"
2026-05-26 08:41:10,371 | [FULL+AUG] | INFO | httpx | HTTP Request: HEAD https://huggingface.co/apple/mobilevit-small/resolve/main/model.safetensors "HTTP/1.1 404 Not Found"
2026-05-26 08:41:10,586 | [FULL+AUG] | INFO | httpx | HTTP Request: HEAD https://huggingface.co/apple/mobilevit-small/resolve/main/model.safetensors.index.json "HTTP/1.1 404 Not Found"
2026-05-26 08:41:10,805 | [FULL+AUG] | INFO | httpx | HTTP Request: HEAD https://huggingface.co/apple/mobilevit-small/resolve/main/pytorch_model.bin "HTTP/1.1 302 Found"
2026-05-26 08:41:11,012 | [FULL+AUG] | INFO | httpx | HTTP Request: HEAD https://huggingface.co/apple/mobilevit-small/resolve/main/model.safetensors "HTTP/1.1 404 Not Found"
2026-05-26 08:41:11,225 | [FULL+AUG] | INFO | httpx | HTTP Request: GET https://huggingface.co/api/models/apple/mobilevit-small "HTTP/1.1 200 OK"
2026-05-26 08:41:11,479 | [FULL+AUG] | INFO | httpx | HTTP Request: GET https://huggingface.co/api/models/apple/mobilevit-small/commits/main "HTTP/1.1 200 OK"
2026-05-26 08:41:11,701 | [FULL+AUG] | INFO | httpx | HTTP Request: GET https://huggingface.co/api/models/apple/mobilevit-small/discussions?p=0 "HTTP/1.1 200 OK"
2026-05-26 08:41:11,925 | [FULL+AUG] | INFO | httpx | HTTP Request: GET https://huggingface.co/api/models/apple/mobilevit-small/commits/refs%2Fpr%2F6 "HTTP/1.1 200 OK"
2026-05-26 08:41:12,143 | [FULL+AUG] | INFO | httpx | HTTP Request: HEAD https://huggingface.co/apple/mobilevit-small/resolve/refs%2Fpr%2F6/model.safetensors.index.json "HTTP/1.1 404 Not Found"
2026-05-26 08:41:12,373 | [FULL+AUG] | INFO | httpx | HTTP Request: HEAD https://huggingface.co/apple/mobilevit-small/resolve/refs%2Fpr%2F6/model.safetensors "HTTP/1.1 302 Found"
2026-05-26 08:41:13,110 | [FULL+AUG] | INFO | full_experiments_using.model_trainers.mobile_vit_trainer | Device: cuda | max_epochs=500 | batch=32 | es_patience=40
2026-05-26 08:41:13,113 | [FULL+AUG] | INFO | full_experiments_using.model_trainers.mobile_vit_trainer | CE weights — HC: 1.197  MCI: 0.859
2026-05-26 08:43:22,062 | [FULL+AUG] | INFO | full_experiments_using.model_trainers.mobile_vit_trainer | Ep [001/500] T-Acc:  53.7%  V-Acc:  52.6%  V-AUROC: 0.5183  LR: 2.00e-04
2026-05-26 08:43:22,161 | [FULL+AUG] | INFO | full_experiments_using.model_trainers.mobile_vit_trainer |   ↳ new best AUROC; saved checkpoint: /home/leggo/AIResearch/VOGBasedMCIDetectionSystemMobileViTSingleExperimentInference/outputs/checkpoints/run_20260524_040820_full_aug/fold_22_best.pth
2026-05-26 08:45:31,085 | [FULL+AUG] | INFO | full_experiments_using.model_trainers.mobile_vit_trainer | Ep [002/500] T-Acc:  53.6%  V-Acc:  53.3%  V-AUROC: 0.5468  LR: 4.00e-04
2026-05-26 08:45:31,241 | [FULL+AUG] | INFO | full_experiments_using.model_trainers.mobile_vit_trainer |   ↳ new best AUROC; saved checkpoint: /home/leggo/AIResearch/VOGBasedMCIDetectionSystemMobileViTSingleExperimentInference/outputs/checkpoints/run_20260524_040820_full_aug/fold_22_best.pth
2026-05-26 08:47:39,433 | [FULL+AUG] | INFO | full_experiments_using.model_trainers.mobile_vit_trainer | Ep [003/500] T-Acc:  52.6%  V-Acc:  53.8%  V-AUROC: 0.5560  LR: 6.00e-04
2026-05-26 08:47:39,582 | [FULL+AUG] | INFO | full_experiments_using.model_trainers.mobile_vit_trainer |   ↳ new best AUROC; saved checkpoint: /home/leggo/AIResearch/VOGBasedMCIDetectionSystemMobileViTSingleExperimentInference/outputs/checkpoints/run_20260524_040820_full_aug/fold_22_best.pth
2026-05-26 08:49:49,250 | [FULL+AUG] | INFO | full_experiments_using.model_trainers.mobile_vit_trainer | Ep [004/500] T-Acc:  53.8%  V-Acc:  56.6%  V-AUROC: 0.5712  LR: 8.00e-04
2026-05-26 08:49:49,395 | [FULL+AUG] | INFO | full_experiments_using.model_trainers.mobile_vit_trainer |   ↳ new best AUROC; saved checkpoint: /home/leggo/AIResearch/VOGBasedMCIDetectionSystemMobileViTSingleExperimentInference/outputs/checkpoints/run_20260524_040820_full_aug/fold_22_best.pth
2026-05-26 08:51:58,366 | [FULL+AUG] | INFO | full_experiments_using.model_trainers.mobile_vit_trainer | Ep [005/500] T-Acc:  53.4%  V-Acc:  55.0%  V-AUROC: 0.5720  LR: 1.00e-03
2026-05-26 08:51:58,514 | [FULL+AUG] | INFO | full_experiments_using.model_trainers.mobile_vit_trainer |   ↳ new best AUROC; saved checkpoint: /home/leggo/AIResearch/VOGBasedMCIDetectionSystemMobileViTSingleExperimentInference/outputs/checkpoints/run_20260524_040820_full_aug/fold_22_best.pth
2026-05-26 08:54:08,186 | [FULL+AUG] | INFO | full_experiments_using.model_trainers.mobile_vit_trainer | Ep [006/500] T-Acc:  54.9%  V-Acc:  55.5%  V-AUROC: 0.5771  LR: 1.00e-03
2026-05-26 08:54:08,339 | [FULL+AUG] | INFO | full_experiments_using.model_trainers.mobile_vit_trainer |   ↳ new best AUROC; saved checkpoint: /home/leggo/AIResearch/VOGBasedMCIDetectionSystemMobileViTSingleExperimentInference/outputs/checkpoints/run_20260524_040820_full_aug/fold_22_best.pth
2026-05-26 08:56:17,413 | [FULL+AUG] | INFO | full_experiments_using.model_trainers.mobile_vit_trainer | Ep [007/500] T-Acc:  53.0%  V-Acc:  55.4%  V-AUROC: 0.5797  LR: 1.00e-03
2026-05-26 08:56:17,564 | [FULL+AUG] | INFO | full_experiments_using.model_trainers.mobile_vit_trainer |   ↳ new best AUROC; saved checkpoint: /home/leggo/AIResearch/VOGBasedMCIDetectionSystemMobileViTSingleExperimentInference/outputs/checkpoints/run_20260524_040820_full_aug/fold_22_best.pth
2026-05-26 08:58:26,666 | [FULL+AUG] | INFO | full_experiments_using.model_trainers.mobile_vit_trainer | Ep [008/500] T-Acc:  53.9%  V-Acc:  58.6%  V-AUROC: 0.6034  LR: 1.00e-03
2026-05-26 08:58:26,819 | [FULL+AUG] | INFO | full_experiments_using.model_trainers.mobile_vit_trainer |   ↳ new best AUROC; saved checkpoint: /home/leggo/AIResearch/VOGBasedMCIDetectionSystemMobileViTSingleExperimentInference/outputs/checkpoints/run_20260524_040820_full_aug/fold_22_best.pth
2026-05-26 09:00:36,403 | [FULL+AUG] | INFO | full_experiments_using.model_trainers.mobile_vit_trainer | Ep [009/500] T-Acc:  55.2%  V-Acc:  57.0%  V-AUROC: 0.5962  LR: 1.00e-03
2026-05-26 09:02:45,868 | [FULL+AUG] | INFO | full_experiments_using.model_trainers.mobile_vit_trainer | Ep [010/500] T-Acc:  55.9%  V-Acc:  58.7%  V-AUROC: 0.6141  LR: 1.00e-03
2026-05-26 09:02:46,028 | [FULL+AUG] | INFO | full_experiments_using.model_trainers.mobile_vit_trainer |   ↳ new best AUROC; saved checkpoint: /home/leggo/AIResearch/VOGBasedMCIDetectionSystemMobileViTSingleExperimentInference/outputs/checkpoints/run_20260524_040820_full_aug/fold_22_best.pth
2026-05-26 09:04:56,174 | [FULL+AUG] | INFO | full_experiments_using.model_trainers.mobile_vit_trainer | Ep [011/500] T-Acc:  56.7%  V-Acc:  57.4%  V-AUROC: 0.6083  LR: 1.00e-03
2026-05-26 09:07:05,167 | [FULL+AUG] | INFO | full_experiments_using.model_trainers.mobile_vit_trainer | Ep [012/500] T-Acc:  57.4%  V-Acc:  59.1%  V-AUROC: 0.6161  LR: 1.00e-03
2026-05-26 09:07:05,322 | [FULL+AUG] | INFO | full_experiments_using.model_trainers.mobile_vit_trainer |   ↳ new best AUROC; saved checkpoint: /home/leggo/AIResearch/VOGBasedMCIDetectionSystemMobileViTSingleExperimentInference/outputs/checkpoints/run_20260524_040820_full_aug/fold_22_best.pth
2026-05-26 09:09:14,216 | [FULL+AUG] | INFO | full_experiments_using.model_trainers.mobile_vit_trainer | Ep [013/500] T-Acc:  57.7%  V-Acc:  57.5%  V-AUROC: 0.6065  LR: 1.00e-03
2026-05-26 09:11:23,178 | [FULL+AUG] | INFO | full_experiments_using.model_trainers.mobile_vit_trainer | Ep [014/500] T-Acc:  58.4%  V-Acc:  57.6%  V-AUROC: 0.6125  LR: 1.00e-03
2026-05-26 09:13:33,079 | [FULL+AUG] | INFO | full_experiments_using.model_trainers.mobile_vit_trainer | Ep [015/500] T-Acc:  58.5%  V-Acc:  59.4%  V-AUROC: 0.6227  LR: 1.00e-03
2026-05-26 09:13:33,233 | [FULL+AUG] | INFO | full_experiments_using.model_trainers.mobile_vit_trainer |   ↳ new best AUROC; saved checkpoint: /home/leggo/AIResearch/VOGBasedMCIDetectionSystemMobileViTSingleExperimentInference/outputs/checkpoints/run_20260524_040820_full_aug/fold_22_best.pth
2026-05-26 09:15:42,695 | [FULL+AUG] | INFO | full_experiments_using.model_trainers.mobile_vit_trainer | Ep [016/500] T-Acc:  58.6%  V-Acc:  58.6%  V-AUROC: 0.6209  LR: 1.00e-03
2026-05-26 09:17:52,041 | [FULL+AUG] | INFO | full_experiments_using.model_trainers.mobile_vit_trainer | Ep [017/500] T-Acc:  59.3%  V-Acc:  59.4%  V-AUROC: 0.6229  LR: 1.00e-03
2026-05-26 09:17:52,189 | [FULL+AUG] | INFO | full_experiments_using.model_trainers.mobile_vit_trainer |   ↳ new best AUROC; saved checkpoint: /home/leggo/AIResearch/VOGBasedMCIDetectionSystemMobileViTSingleExperimentInference/outputs/checkpoints/run_20260524_040820_full_aug/fold_22_best.pth
2026-05-26 09:20:01,763 | [FULL+AUG] | INFO | full_experiments_using.model_trainers.mobile_vit_trainer | Ep [018/500] T-Acc:  60.5%  V-Acc:  59.7%  V-AUROC: 0.6330  LR: 1.00e-03
2026-05-26 09:20:01,917 | [FULL+AUG] | INFO | full_experiments_using.model_trainers.mobile_vit_trainer |   ↳ new best AUROC; saved checkpoint: /home/leggo/AIResearch/VOGBasedMCIDetectionSystemMobileViTSingleExperimentInference/outputs/checkpoints/run_20260524_040820_full_aug/fold_22_best.pth
2026-05-26 09:22:10,974 | [FULL+AUG] | INFO | full_experiments_using.model_trainers.mobile_vit_trainer | Ep [019/500] T-Acc:  58.9%  V-Acc:  58.2%  V-AUROC: 0.6274  LR: 1.00e-03
2026-05-26 09:24:19,819 | [FULL+AUG] | INFO | full_experiments_using.model_trainers.mobile_vit_trainer | Ep [020/500] T-Acc:  59.9%  V-Acc:  58.2%  V-AUROC: 0.6210  LR: 1.00e-03
2026-05-26 09:26:29,623 | [FULL+AUG] | INFO | full_experiments_using.model_trainers.mobile_vit_trainer | Ep [021/500] T-Acc:  59.6%  V-Acc:  58.5%  V-AUROC: 0.6255  LR: 1.00e-03
2026-05-26 09:28:38,565 | [FULL+AUG] | INFO | full_experiments_using.model_trainers.mobile_vit_trainer | Ep [022/500] T-Acc:  59.9%  V-Acc:  59.5%  V-AUROC: 0.6277  LR: 1.00e-03
2026-05-26 09:30:48,433 | [FULL+AUG] | INFO | full_experiments_using.model_trainers.mobile_vit_trainer | Ep [023/500] T-Acc:  60.9%  V-Acc:  58.0%  V-AUROC: 0.6256  LR: 1.00e-03
2026-05-26 09:32:56,598 | [FULL+AUG] | INFO | full_experiments_using.model_trainers.mobile_vit_trainer | Ep [024/500] T-Acc:  59.8%  V-Acc:  58.4%  V-AUROC: 0.6267  LR: 1.00e-03
2026-05-26 09:35:06,333 | [FULL+AUG] | INFO | full_experiments_using.model_trainers.mobile_vit_trainer | Ep [025/500] T-Acc:  61.5%  V-Acc:  59.5%  V-AUROC: 0.6206  LR: 1.00e-03
2026-05-26 09:37:15,978 | [FULL+AUG] | INFO | full_experiments_using.model_trainers.mobile_vit_trainer | Ep [026/500] T-Acc:  61.6%  V-Acc:  58.1%  V-AUROC: 0.6186  LR: 1.00e-03
2026-05-26 09:39:25,228 | [FULL+AUG] | INFO | full_experiments_using.model_trainers.mobile_vit_trainer | Ep [027/500] T-Acc:  60.3%  V-Acc:  59.3%  V-AUROC: 0.6260  LR: 1.00e-03
2026-05-26 09:41:34,710 | [FULL+AUG] | INFO | full_experiments_using.model_trainers.mobile_vit_trainer | Ep [028/500] T-Acc:  62.0%  V-Acc:  59.3%  V-AUROC: 0.6273  LR: 1.00e-03
2026-05-26 09:43:44,019 | [FULL+AUG] | INFO | full_experiments_using.model_trainers.mobile_vit_trainer | Ep [029/500] T-Acc:  61.2%  V-Acc:  59.2%  V-AUROC: 0.6294  LR: 1.00e-03
2026-05-26 09:45:53,544 | [FULL+AUG] | INFO | full_experiments_using.model_trainers.mobile_vit_trainer | Ep [030/500] T-Acc:  61.1%  V-Acc:  59.0%  V-AUROC: 0.6252  LR: 2.00e-04
2026-05-26 09:48:03,170 | [FULL+AUG] | INFO | full_experiments_using.model_trainers.mobile_vit_trainer | Ep [031/500] T-Acc:  61.1%  V-Acc:  59.4%  V-AUROC: 0.6290  LR: 2.00e-04
2026-05-26 09:50:12,439 | [FULL+AUG] | INFO | full_experiments_using.model_trainers.mobile_vit_trainer | Ep [032/500] T-Acc:  61.1%  V-Acc:  59.8%  V-AUROC: 0.6272  LR: 2.00e-04
2026-05-26 09:52:21,862 | [FULL+AUG] | INFO | full_experiments_using.model_trainers.mobile_vit_trainer | Ep [033/500] T-Acc:  61.1%  V-Acc:  59.6%  V-AUROC: 0.6288  LR: 2.00e-04
2026-05-26 09:54:31,162 | [FULL+AUG] | INFO | full_experiments_using.model_trainers.mobile_vit_trainer | Ep [034/500] T-Acc:  61.6%  V-Acc:  59.3%  V-AUROC: 0.6274  LR: 2.00e-04
2026-05-26 09:56:40,778 | [FULL+AUG] | INFO | full_experiments_using.model_trainers.mobile_vit_trainer | Ep [035/500] T-Acc:  62.8%  V-Acc:  59.2%  V-AUROC: 0.6291  LR: 2.00e-04
2026-05-26 09:58:50,273 | [FULL+AUG] | INFO | full_experiments_using.model_trainers.mobile_vit_trainer | Ep [036/500] T-Acc:  61.6%  V-Acc:  59.4%  V-AUROC: 0.6310  LR: 2.00e-04
2026-05-26 10:00:59,833 | [FULL+AUG] | INFO | full_experiments_using.model_trainers.mobile_vit_trainer | Ep [037/500] T-Acc:  61.8%  V-Acc:  59.3%  V-AUROC: 0.6323  LR: 2.00e-04
2026-05-26 10:03:09,615 | [FULL+AUG] | INFO | full_experiments_using.model_trainers.mobile_vit_trainer | Ep [038/500] T-Acc:  61.6%  V-Acc:  59.8%  V-AUROC: 0.6317  LR: 2.00e-04
2026-05-26 10:05:19,348 | [FULL+AUG] | INFO | full_experiments_using.model_trainers.mobile_vit_trainer | Ep [039/500] T-Acc:  62.4%  V-Acc:  59.4%  V-AUROC: 0.6298  LR: 2.00e-04
2026-05-26 10:07:28,817 | [FULL+AUG] | INFO | full_experiments_using.model_trainers.mobile_vit_trainer | Ep [040/500] T-Acc:  61.1%  V-Acc:  59.9%  V-AUROC: 0.6291  LR: 2.00e-04
2026-05-26 10:09:38,187 | [FULL+AUG] | INFO | full_experiments_using.model_trainers.mobile_vit_trainer | Ep [041/500] T-Acc:  62.8%  V-Acc:  60.3%  V-AUROC: 0.6282  LR: 4.00e-05
2026-05-26 10:11:47,941 | [FULL+AUG] | INFO | full_experiments_using.model_trainers.mobile_vit_trainer | Ep [042/500] T-Acc:  61.1%  V-Acc:  59.5%  V-AUROC: 0.6302  LR: 4.00e-05
2026-05-26 10:13:57,525 | [FULL+AUG] | INFO | full_experiments_using.model_trainers.mobile_vit_trainer | Ep [043/500] T-Acc:  61.6%  V-Acc:  59.9%  V-AUROC: 0.6303  LR: 4.00e-05
2026-05-26 10:16:07,491 | [FULL+AUG] | INFO | full_experiments_using.model_trainers.mobile_vit_trainer | Ep [044/500] T-Acc:  62.3%  V-Acc:  59.3%  V-AUROC: 0.6292  LR: 4.00e-05
2026-05-26 10:18:17,162 | [FULL+AUG] | INFO | full_experiments_using.model_trainers.mobile_vit_trainer | Ep [045/500] T-Acc:  62.1%  V-Acc:  59.0%  V-AUROC: 0.6301  LR: 4.00e-05
2026-05-26 10:20:26,106 | [FULL+AUG] | INFO | full_experiments_using.model_trainers.mobile_vit_trainer | Ep [046/500] T-Acc:  62.5%  V-Acc:  60.0%  V-AUROC: 0.6304  LR: 4.00e-05
2026-05-26 10:22:35,812 | [FULL+AUG] | INFO | full_experiments_using.model_trainers.mobile_vit_trainer | Ep [047/500] T-Acc:  61.4%  V-Acc:  59.9%  V-AUROC: 0.6308  LR: 4.00e-05
2026-05-26 10:24:44,695 | [FULL+AUG] | INFO | full_experiments_using.model_trainers.mobile_vit_trainer | Ep [048/500] T-Acc:  63.0%  V-Acc:  59.4%  V-AUROC: 0.6324  LR: 4.00e-05
2026-05-26 10:26:54,656 | [FULL+AUG] | INFO | full_experiments_using.model_trainers.mobile_vit_trainer | Ep [049/500] T-Acc:  62.0%  V-Acc:  59.3%  V-AUROC: 0.6304  LR: 4.00e-05
2026-05-26 10:29:03,534 | [FULL+AUG] | INFO | full_experiments_using.model_trainers.mobile_vit_trainer | Ep [050/500] T-Acc:  61.6%  V-Acc:  59.9%  V-AUROC: 0.6298  LR: 4.00e-05
2026-05-26 10:31:12,250 | [FULL+AUG] | INFO | full_experiments_using.model_trainers.mobile_vit_trainer | Ep [051/500] T-Acc:  62.7%  V-Acc:  60.1%  V-AUROC: 0.6320  LR: 4.00e-05
2026-05-26 10:33:21,964 | [FULL+AUG] | INFO | full_experiments_using.model_trainers.mobile_vit_trainer | Ep [052/500] T-Acc:  62.2%  V-Acc:  60.0%  V-AUROC: 0.6302  LR: 8.00e-06
2026-05-26 10:35:30,587 | [FULL+AUG] | INFO | full_experiments_using.model_trainers.mobile_vit_trainer | Ep [053/500] T-Acc:  62.0%  V-Acc:  59.7%  V-AUROC: 0.6295  LR: 8.00e-06
2026-05-26 10:37:40,466 | [FULL+AUG] | INFO | full_experiments_using.model_trainers.mobile_vit_trainer | Ep [054/500] T-Acc:  62.2%  V-Acc:  60.1%  V-AUROC: 0.6306  LR: 8.00e-06
2026-05-26 10:39:48,971 | [FULL+AUG] | INFO | full_experiments_using.model_trainers.mobile_vit_trainer | Ep [055/500] T-Acc:  61.6%  V-Acc:  59.4%  V-AUROC: 0.6300  LR: 8.00e-06
2026-05-26 10:41:58,780 | [FULL+AUG] | INFO | full_experiments_using.model_trainers.mobile_vit_trainer | Ep [056/500] T-Acc:  61.4%  V-Acc:  59.2%  V-AUROC: 0.6293  LR: 8.00e-06
2026-05-26 10:44:07,493 | [FULL+AUG] | INFO | full_experiments_using.model_trainers.mobile_vit_trainer | Ep [057/500] T-Acc:  61.4%  V-Acc:  60.2%  V-AUROC: 0.6288  LR: 8.00e-06
2026-05-26 10:46:17,486 | [FULL+AUG] | INFO | full_experiments_using.model_trainers.mobile_vit_trainer | Ep [058/500] T-Acc:  62.3%  V-Acc:  59.6%  V-AUROC: 0.6316  LR: 8.00e-06
2026-05-26 10:46:17,486 | [FULL+AUG] | INFO | full_experiments_using.model_trainers.mobile_vit_trainer | Early stop — best AUROC 0.6330 at epoch 18 (no improvement for 40 epochs)
2026-05-26 10:46:17,486 | [FULL+AUG] | INFO | full_experiments_using.model_trainers.mobile_vit_trainer | Done. Best AUROC: 0.6330 (epoch 18) → /home/leggo/AIResearch/VOGBasedMCIDetectionSystemMobileViTSingleExperimentInference/outputs/checkpoints/run_20260524_040820_full_aug/fold_22_best.pth
2026-05-26 10:46:51,286 | [FULL+AUG] | INFO | full_experiments_using.evaluators.monte_carlo_evaluator | -> Fold 23 Result | Acc=0.636 Sens=0.571 Spec=0.750 AUROC=0.786
2026-05-26 10:46:51,288 | [FULL+AUG] | INFO | full_experiments_using.evaluators.monte_carlo_evaluator | === Fold 24/30 | train: 25 subj / 3901 windows | test: 12 subj / 1835 windows ===
2026-05-26 10:46:51,550 | [FULL+AUG] | INFO | httpx | HTTP Request: HEAD https://huggingface.co/apple/mobilevit-small/resolve/main/config.json "HTTP/1.1 307 Temporary Redirect"
2026-05-26 10:46:51,571 | [FULL+AUG] | INFO | httpx | HTTP Request: HEAD https://huggingface.co/api/resolve-cache/models/apple/mobilevit-small/6c8612545dc98676d27bc518fa521d9e9af23e34/config.json "HTTP/1.1 200 OK"
2026-05-26 10:46:51,817 | [FULL+AUG] | INFO | httpx | HTTP Request: HEAD https://huggingface.co/apple/mobilevit-small/resolve/main/model.safetensors "HTTP/1.1 404 Not Found"
2026-05-26 10:46:52,035 | [FULL+AUG] | INFO | httpx | HTTP Request: HEAD https://huggingface.co/apple/mobilevit-small/resolve/main/model.safetensors.index.json "HTTP/1.1 404 Not Found"
2026-05-26 10:46:52,250 | [FULL+AUG] | INFO | httpx | HTTP Request: HEAD https://huggingface.co/apple/mobilevit-small/resolve/main/pytorch_model.bin "HTTP/1.1 302 Found"
2026-05-26 10:46:52,483 | [FULL+AUG] | INFO | httpx | HTTP Request: HEAD https://huggingface.co/apple/mobilevit-small/resolve/main/model.safetensors "HTTP/1.1 404 Not Found"
2026-05-26 10:46:52,696 | [FULL+AUG] | INFO | httpx | HTTP Request: GET https://huggingface.co/api/models/apple/mobilevit-small "HTTP/1.1 200 OK"
2026-05-26 10:46:52,936 | [FULL+AUG] | INFO | httpx | HTTP Request: GET https://huggingface.co/api/models/apple/mobilevit-small/commits/main "HTTP/1.1 200 OK"
2026-05-26 10:46:53,167 | [FULL+AUG] | INFO | httpx | HTTP Request: GET https://huggingface.co/api/models/apple/mobilevit-small/discussions?p=0 "HTTP/1.1 200 OK"
2026-05-26 10:46:53,394 | [FULL+AUG] | INFO | httpx | HTTP Request: GET https://huggingface.co/api/models/apple/mobilevit-small/commits/refs%2Fpr%2F6 "HTTP/1.1 200 OK"
2026-05-26 10:46:53,612 | [FULL+AUG] | INFO | httpx | HTTP Request: HEAD https://huggingface.co/apple/mobilevit-small/resolve/refs%2Fpr%2F6/model.safetensors.index.json "HTTP/1.1 404 Not Found"
2026-05-26 10:46:53,833 | [FULL+AUG] | INFO | httpx | HTTP Request: HEAD https://huggingface.co/apple/mobilevit-small/resolve/refs%2Fpr%2F6/model.safetensors "HTTP/1.1 302 Found"
2026-05-26 10:46:54,639 | [FULL+AUG] | INFO | full_experiments_using.model_trainers.mobile_vit_trainer | Device: cuda | max_epochs=500 | batch=32 | es_patience=40
2026-05-26 10:46:54,642 | [FULL+AUG] | INFO | full_experiments_using.model_trainers.mobile_vit_trainer | CE weights — HC: 1.200  MCI: 0.857
2026-05-26 10:49:04,735 | [FULL+AUG] | INFO | full_experiments_using.model_trainers.mobile_vit_trainer | Ep [001/500] T-Acc:  49.5%  V-Acc:  46.9%  V-AUROC: 0.4509  LR: 2.00e-04
2026-05-26 10:49:05,108 | [FULL+AUG] | INFO | full_experiments_using.model_trainers.mobile_vit_trainer |   ↳ new best AUROC; saved checkpoint: /home/leggo/AIResearch/VOGBasedMCIDetectionSystemMobileViTSingleExperimentInference/outputs/checkpoints/run_20260524_040820_full_aug/fold_23_best.pth
2026-05-26 10:51:15,156 | [FULL+AUG] | INFO | full_experiments_using.model_trainers.mobile_vit_trainer | Ep [002/500] T-Acc:  50.4%  V-Acc:  48.0%  V-AUROC: 0.4794  LR: 4.00e-04
2026-05-26 10:51:15,264 | [FULL+AUG] | INFO | full_experiments_using.model_trainers.mobile_vit_trainer |   ↳ new best AUROC; saved checkpoint: /home/leggo/AIResearch/VOGBasedMCIDetectionSystemMobileViTSingleExperimentInference/outputs/checkpoints/run_20260524_040820_full_aug/fold_23_best.pth
2026-05-26 10:53:25,611 | [FULL+AUG] | INFO | full_experiments_using.model_trainers.mobile_vit_trainer | Ep [003/500] T-Acc:  50.4%  V-Acc:  50.6%  V-AUROC: 0.5050  LR: 6.00e-04
2026-05-26 10:53:25,759 | [FULL+AUG] | INFO | full_experiments_using.model_trainers.mobile_vit_trainer |   ↳ new best AUROC; saved checkpoint: /home/leggo/AIResearch/VOGBasedMCIDetectionSystemMobileViTSingleExperimentInference/outputs/checkpoints/run_20260524_040820_full_aug/fold_23_best.pth
2026-05-26 10:55:35,534 | [FULL+AUG] | INFO | full_experiments_using.model_trainers.mobile_vit_trainer | Ep [004/500] T-Acc:  51.8%  V-Acc:  52.9%  V-AUROC: 0.5271  LR: 8.00e-04
2026-05-26 10:55:35,648 | [FULL+AUG] | INFO | full_experiments_using.model_trainers.mobile_vit_trainer |   ↳ new best AUROC; saved checkpoint: /home/leggo/AIResearch/VOGBasedMCIDetectionSystemMobileViTSingleExperimentInference/outputs/checkpoints/run_20260524_040820_full_aug/fold_23_best.pth
2026-05-26 10:57:45,469 | [FULL+AUG] | INFO | full_experiments_using.model_trainers.mobile_vit_trainer | Ep [005/500] T-Acc:  52.2%  V-Acc:  49.9%  V-AUROC: 0.4969  LR: 1.00e-03
2026-05-26 10:59:56,079 | [FULL+AUG] | INFO | full_experiments_using.model_trainers.mobile_vit_trainer | Ep [006/500] T-Acc:  51.7%  V-Acc:  52.5%  V-AUROC: 0.5246  LR: 1.00e-03
2026-05-26 11:02:09,138 | [FULL+AUG] | INFO | full_experiments_using.model_trainers.mobile_vit_trainer | Ep [007/500] T-Acc:  52.5%  V-Acc:  54.6%  V-AUROC: 0.5550  LR: 1.00e-03
2026-05-26 11:02:09,286 | [FULL+AUG] | INFO | full_experiments_using.model_trainers.mobile_vit_trainer |   ↳ new best AUROC; saved checkpoint: /home/leggo/AIResearch/VOGBasedMCIDetectionSystemMobileViTSingleExperimentInference/outputs/checkpoints/run_20260524_040820_full_aug/fold_23_best.pth
2026-05-26 11:04:20,006 | [FULL+AUG] | INFO | full_experiments_using.model_trainers.mobile_vit_trainer | Ep [008/500] T-Acc:  54.5%  V-Acc:  53.1%  V-AUROC: 0.5345  LR: 1.00e-03
2026-05-26 11:06:31,685 | [FULL+AUG] | INFO | full_experiments_using.model_trainers.mobile_vit_trainer | Ep [009/500] T-Acc:  54.3%  V-Acc:  51.9%  V-AUROC: 0.5257  LR: 1.00e-03
2026-05-26 11:08:42,227 | [FULL+AUG] | INFO | full_experiments_using.model_trainers.mobile_vit_trainer | Ep [010/500] T-Acc:  56.1%  V-Acc:  53.8%  V-AUROC: 0.5551  LR: 1.00e-03
2026-05-26 11:08:42,371 | [FULL+AUG] | INFO | full_experiments_using.model_trainers.mobile_vit_trainer |   ↳ new best AUROC; saved checkpoint: /home/leggo/AIResearch/VOGBasedMCIDetectionSystemMobileViTSingleExperimentInference/outputs/checkpoints/run_20260524_040820_full_aug/fold_23_best.pth
2026-05-26 11:10:53,219 | [FULL+AUG] | INFO | full_experiments_using.model_trainers.mobile_vit_trainer | Ep [011/500] T-Acc:  56.3%  V-Acc:  54.2%  V-AUROC: 0.5589  LR: 1.00e-03
2026-05-26 11:10:53,372 | [FULL+AUG] | INFO | full_experiments_using.model_trainers.mobile_vit_trainer |   ↳ new best AUROC; saved checkpoint: /home/leggo/AIResearch/VOGBasedMCIDetectionSystemMobileViTSingleExperimentInference/outputs/checkpoints/run_20260524_040820_full_aug/fold_23_best.pth
2026-05-26 11:13:03,692 | [FULL+AUG] | INFO | full_experiments_using.model_trainers.mobile_vit_trainer | Ep [012/500] T-Acc:  57.7%  V-Acc:  53.5%  V-AUROC: 0.5526  LR: 1.00e-03
2026-05-26 11:15:13,599 | [FULL+AUG] | INFO | full_experiments_using.model_trainers.mobile_vit_trainer | Ep [013/500] T-Acc:  58.0%  V-Acc:  53.0%  V-AUROC: 0.5462  LR: 1.00e-03
2026-05-26 11:17:23,608 | [FULL+AUG] | INFO | full_experiments_using.model_trainers.mobile_vit_trainer | Ep [014/500] T-Acc:  57.4%  V-Acc:  53.9%  V-AUROC: 0.5675  LR: 1.00e-03
2026-05-26 11:17:23,735 | [FULL+AUG] | INFO | full_experiments_using.model_trainers.mobile_vit_trainer |   ↳ new best AUROC; saved checkpoint: /home/leggo/AIResearch/VOGBasedMCIDetectionSystemMobileViTSingleExperimentInference/outputs/checkpoints/run_20260524_040820_full_aug/fold_23_best.pth
2026-05-26 11:19:33,637 | [FULL+AUG] | INFO | full_experiments_using.model_trainers.mobile_vit_trainer | Ep [015/500] T-Acc:  57.7%  V-Acc:  56.9%  V-AUROC: 0.5948  LR: 1.00e-03
2026-05-26 11:19:33,753 | [FULL+AUG] | INFO | full_experiments_using.model_trainers.mobile_vit_trainer |   ↳ new best AUROC; saved checkpoint: /home/leggo/AIResearch/VOGBasedMCIDetectionSystemMobileViTSingleExperimentInference/outputs/checkpoints/run_20260524_040820_full_aug/fold_23_best.pth
2026-05-26 11:21:43,467 | [FULL+AUG] | INFO | full_experiments_using.model_trainers.mobile_vit_trainer | Ep [016/500] T-Acc:  55.8%  V-Acc:  56.8%  V-AUROC: 0.5970  LR: 1.00e-03
2026-05-26 11:21:43,746 | [FULL+AUG] | INFO | full_experiments_using.model_trainers.mobile_vit_trainer |   ↳ new best AUROC; saved checkpoint: /home/leggo/AIResearch/VOGBasedMCIDetectionSystemMobileViTSingleExperimentInference/outputs/checkpoints/run_20260524_040820_full_aug/fold_23_best.pth
2026-05-26 11:23:53,775 | [FULL+AUG] | INFO | full_experiments_using.model_trainers.mobile_vit_trainer | Ep [017/500] T-Acc:  57.3%  V-Acc:  57.4%  V-AUROC: 0.5997  LR: 1.00e-03
2026-05-26 11:23:53,918 | [FULL+AUG] | INFO | full_experiments_using.model_trainers.mobile_vit_trainer |   ↳ new best AUROC; saved checkpoint: /home/leggo/AIResearch/VOGBasedMCIDetectionSystemMobileViTSingleExperimentInference/outputs/checkpoints/run_20260524_040820_full_aug/fold_23_best.pth
2026-05-26 11:26:03,543 | [FULL+AUG] | INFO | full_experiments_using.model_trainers.mobile_vit_trainer | Ep [018/500] T-Acc:  56.8%  V-Acc:  58.3%  V-AUROC: 0.6090  LR: 1.00e-03
2026-05-26 11:26:03,788 | [FULL+AUG] | INFO | full_experiments_using.model_trainers.mobile_vit_trainer |   ↳ new best AUROC; saved checkpoint: /home/leggo/AIResearch/VOGBasedMCIDetectionSystemMobileViTSingleExperimentInference/outputs/checkpoints/run_20260524_040820_full_aug/fold_23_best.pth
2026-05-26 11:28:13,463 | [FULL+AUG] | INFO | full_experiments_using.model_trainers.mobile_vit_trainer | Ep [019/500] T-Acc:  55.9%  V-Acc:  58.7%  V-AUROC: 0.6309  LR: 1.00e-03
2026-05-26 11:28:13,605 | [FULL+AUG] | INFO | full_experiments_using.model_trainers.mobile_vit_trainer |   ↳ new best AUROC; saved checkpoint: /home/leggo/AIResearch/VOGBasedMCIDetectionSystemMobileViTSingleExperimentInference/outputs/checkpoints/run_20260524_040820_full_aug/fold_23_best.pth
2026-05-26 11:30:23,227 | [FULL+AUG] | INFO | full_experiments_using.model_trainers.mobile_vit_trainer | Ep [020/500] T-Acc:  58.2%  V-Acc:  58.9%  V-AUROC: 0.6219  LR: 1.00e-03
2026-05-26 11:32:32,311 | [FULL+AUG] | INFO | full_experiments_using.model_trainers.mobile_vit_trainer | Ep [021/500] T-Acc:  58.7%  V-Acc:  59.7%  V-AUROC: 0.6296  LR: 1.00e-03
2026-05-26 11:34:42,313 | [FULL+AUG] | INFO | full_experiments_using.model_trainers.mobile_vit_trainer | Ep [022/500] T-Acc:  59.1%  V-Acc:  57.7%  V-AUROC: 0.6149  LR: 1.00e-03
2026-05-26 11:36:52,015 | [FULL+AUG] | INFO | full_experiments_using.model_trainers.mobile_vit_trainer | Ep [023/500] T-Acc:  57.7%  V-Acc:  59.4%  V-AUROC: 0.6251  LR: 1.00e-03
2026-05-26 11:39:01,822 | [FULL+AUG] | INFO | full_experiments_using.model_trainers.mobile_vit_trainer | Ep [024/500] T-Acc:  59.9%  V-Acc:  58.6%  V-AUROC: 0.6219  LR: 1.00e-03
2026-05-26 11:41:11,533 | [FULL+AUG] | INFO | full_experiments_using.model_trainers.mobile_vit_trainer | Ep [025/500] T-Acc:  60.2%  V-Acc:  59.3%  V-AUROC: 0.6296  LR: 1.00e-03
2026-05-26 11:43:21,316 | [FULL+AUG] | INFO | full_experiments_using.model_trainers.mobile_vit_trainer | Ep [026/500] T-Acc:  58.7%  V-Acc:  59.5%  V-AUROC: 0.6343  LR: 1.00e-03
2026-05-26 11:43:21,455 | [FULL+AUG] | INFO | full_experiments_using.model_trainers.mobile_vit_trainer |   ↳ new best AUROC; saved checkpoint: /home/leggo/AIResearch/VOGBasedMCIDetectionSystemMobileViTSingleExperimentInference/outputs/checkpoints/run_20260524_040820_full_aug/fold_23_best.pth
2026-05-26 11:45:31,714 | [FULL+AUG] | INFO | full_experiments_using.model_trainers.mobile_vit_trainer | Ep [027/500] T-Acc:  57.7%  V-Acc:  59.9%  V-AUROC: 0.6456  LR: 1.00e-03
2026-05-26 11:45:31,830 | [FULL+AUG] | INFO | full_experiments_using.model_trainers.mobile_vit_trainer |   ↳ new best AUROC; saved checkpoint: /home/leggo/AIResearch/VOGBasedMCIDetectionSystemMobileViTSingleExperimentInference/outputs/checkpoints/run_20260524_040820_full_aug/fold_23_best.pth
2026-05-26 11:47:41,834 | [FULL+AUG] | INFO | full_experiments_using.model_trainers.mobile_vit_trainer | Ep [028/500] T-Acc:  60.5%  V-Acc:  59.6%  V-AUROC: 0.6345  LR: 1.00e-03
2026-05-26 11:49:51,432 | [FULL+AUG] | INFO | full_experiments_using.model_trainers.mobile_vit_trainer | Ep [029/500] T-Acc:  59.2%  V-Acc:  60.7%  V-AUROC: 0.6504  LR: 1.00e-03
2026-05-26 11:49:51,542 | [FULL+AUG] | INFO | full_experiments_using.model_trainers.mobile_vit_trainer |   ↳ new best AUROC; saved checkpoint: /home/leggo/AIResearch/VOGBasedMCIDetectionSystemMobileViTSingleExperimentInference/outputs/checkpoints/run_20260524_040820_full_aug/fold_23_best.pth
2026-05-26 11:52:01,938 | [FULL+AUG] | INFO | full_experiments_using.model_trainers.mobile_vit_trainer | Ep [030/500] T-Acc:  60.3%  V-Acc:  60.9%  V-AUROC: 0.6436  LR: 1.00e-03
2026-05-26 11:54:10,733 | [FULL+AUG] | INFO | full_experiments_using.model_trainers.mobile_vit_trainer | Ep [031/500] T-Acc:  59.9%  V-Acc:  60.2%  V-AUROC: 0.6375  LR: 1.00e-03
2026-05-26 11:56:20,667 | [FULL+AUG] | INFO | full_experiments_using.model_trainers.mobile_vit_trainer | Ep [032/500] T-Acc:  59.8%  V-Acc:  60.2%  V-AUROC: 0.6439  LR: 1.00e-03
2026-05-26 11:58:30,979 | [FULL+AUG] | INFO | full_experiments_using.model_trainers.mobile_vit_trainer | Ep [033/500] T-Acc:  59.8%  V-Acc:  60.5%  V-AUROC: 0.6523  LR: 1.00e-03
2026-05-26 11:58:31,105 | [FULL+AUG] | INFO | full_experiments_using.model_trainers.mobile_vit_trainer |   ↳ new best AUROC; saved checkpoint: /home/leggo/AIResearch/VOGBasedMCIDetectionSystemMobileViTSingleExperimentInference/outputs/checkpoints/run_20260524_040820_full_aug/fold_23_best.pth
2026-05-26 12:01:02,903 | [FULL+AUG] | INFO | full_experiments_using.model_trainers.mobile_vit_trainer | Ep [034/500] T-Acc:  60.2%  V-Acc:  61.9%  V-AUROC: 0.6625  LR: 1.00e-03
2026-05-26 12:01:03,049 | [FULL+AUG] | INFO | full_experiments_using.model_trainers.mobile_vit_trainer |   ↳ new best AUROC; saved checkpoint: /home/leggo/AIResearch/VOGBasedMCIDetectionSystemMobileViTSingleExperimentInference/outputs/checkpoints/run_20260524_040820_full_aug/fold_23_best.pth
2026-05-26 12:03:45,128 | [FULL+AUG] | INFO | full_experiments_using.model_trainers.mobile_vit_trainer | Ep [035/500] T-Acc:  59.9%  V-Acc:  62.2%  V-AUROC: 0.6661  LR: 1.00e-03
2026-05-26 12:03:45,242 | [FULL+AUG] | INFO | full_experiments_using.model_trainers.mobile_vit_trainer |   ↳ new best AUROC; saved checkpoint: /home/leggo/AIResearch/VOGBasedMCIDetectionSystemMobileViTSingleExperimentInference/outputs/checkpoints/run_20260524_040820_full_aug/fold_23_best.pth
2026-05-26 12:06:26,821 | [FULL+AUG] | INFO | full_experiments_using.model_trainers.mobile_vit_trainer | Ep [036/500] T-Acc:  61.1%  V-Acc:  61.9%  V-AUROC: 0.6696  LR: 1.00e-03
2026-05-26 12:06:26,973 | [FULL+AUG] | INFO | full_experiments_using.model_trainers.mobile_vit_trainer |   ↳ new best AUROC; saved checkpoint: /home/leggo/AIResearch/VOGBasedMCIDetectionSystemMobileViTSingleExperimentInference/outputs/checkpoints/run_20260524_040820_full_aug/fold_23_best.pth
2026-05-26 12:09:09,482 | [FULL+AUG] | INFO | full_experiments_using.model_trainers.mobile_vit_trainer | Ep [037/500] T-Acc:  60.0%  V-Acc:  62.9%  V-AUROC: 0.6723  LR: 1.00e-03
2026-05-26 12:09:09,594 | [FULL+AUG] | INFO | full_experiments_using.model_trainers.mobile_vit_trainer |   ↳ new best AUROC; saved checkpoint: /home/leggo/AIResearch/VOGBasedMCIDetectionSystemMobileViTSingleExperimentInference/outputs/checkpoints/run_20260524_040820_full_aug/fold_23_best.pth
2026-05-26 12:11:51,967 | [FULL+AUG] | INFO | full_experiments_using.model_trainers.mobile_vit_trainer | Ep [038/500] T-Acc:  60.5%  V-Acc:  62.3%  V-AUROC: 0.6688  LR: 1.00e-03
2026-05-26 12:14:34,439 | [FULL+AUG] | INFO | full_experiments_using.model_trainers.mobile_vit_trainer | Ep [039/500] T-Acc:  61.4%  V-Acc:  63.3%  V-AUROC: 0.6756  LR: 1.00e-03
2026-05-26 12:14:34,595 | [FULL+AUG] | INFO | full_experiments_using.model_trainers.mobile_vit_trainer |   ↳ new best AUROC; saved checkpoint: /home/leggo/AIResearch/VOGBasedMCIDetectionSystemMobileViTSingleExperimentInference/outputs/checkpoints/run_20260524_040820_full_aug/fold_23_best.pth
2026-05-26 12:17:17,469 | [FULL+AUG] | INFO | full_experiments_using.model_trainers.mobile_vit_trainer | Ep [040/500] T-Acc:  60.5%  V-Acc:  62.4%  V-AUROC: 0.6717  LR: 1.00e-03
2026-05-26 12:20:00,195 | [FULL+AUG] | INFO | full_experiments_using.model_trainers.mobile_vit_trainer | Ep [041/500] T-Acc:  60.5%  V-Acc:  61.5%  V-AUROC: 0.6473  LR: 1.00e-03
2026-05-26 12:22:41,980 | [FULL+AUG] | INFO | full_experiments_using.model_trainers.mobile_vit_trainer | Ep [042/500] T-Acc:  61.4%  V-Acc:  60.7%  V-AUROC: 0.6585  LR: 1.00e-03
2026-05-26 12:25:24,127 | [FULL+AUG] | INFO | full_experiments_using.model_trainers.mobile_vit_trainer | Ep [043/500] T-Acc:  61.3%  V-Acc:  62.2%  V-AUROC: 0.6664  LR: 1.00e-03
2026-05-26 12:28:05,730 | [FULL+AUG] | INFO | full_experiments_using.model_trainers.mobile_vit_trainer | Ep [044/500] T-Acc:  61.4%  V-Acc:  61.6%  V-AUROC: 0.6718  LR: 1.00e-03
2026-05-26 12:30:48,157 | [FULL+AUG] | INFO | full_experiments_using.model_trainers.mobile_vit_trainer | Ep [045/500] T-Acc:  60.6%  V-Acc:  62.2%  V-AUROC: 0.6590  LR: 1.00e-03
2026-05-26 12:33:30,841 | [FULL+AUG] | INFO | full_experiments_using.model_trainers.mobile_vit_trainer | Ep [046/500] T-Acc:  61.3%  V-Acc:  61.8%  V-AUROC: 0.6591  LR: 1.00e-03
2026-05-26 12:36:12,672 | [FULL+AUG] | INFO | full_experiments_using.model_trainers.mobile_vit_trainer | Ep [047/500] T-Acc:  60.7%  V-Acc:  61.5%  V-AUROC: 0.6549  LR: 1.00e-03
2026-05-26 12:38:54,162 | [FULL+AUG] | INFO | full_experiments_using.model_trainers.mobile_vit_trainer | Ep [048/500] T-Acc:  63.2%  V-Acc:  62.3%  V-AUROC: 0.6637  LR: 1.00e-03
2026-05-26 12:41:36,737 | [FULL+AUG] | INFO | full_experiments_using.model_trainers.mobile_vit_trainer | Ep [049/500] T-Acc:  62.3%  V-Acc:  62.6%  V-AUROC: 0.6670  LR: 1.00e-03
2026-05-26 12:44:18,497 | [FULL+AUG] | INFO | full_experiments_using.model_trainers.mobile_vit_trainer | Ep [050/500] T-Acc:  61.8%  V-Acc:  58.9%  V-AUROC: 0.6257  LR: 1.00e-03
2026-05-26 12:47:00,882 | [FULL+AUG] | INFO | full_experiments_using.model_trainers.mobile_vit_trainer | Ep [051/500] T-Acc:  61.6%  V-Acc:  61.9%  V-AUROC: 0.6609  LR: 2.00e-04
2026-05-26 12:49:42,965 | [FULL+AUG] | INFO | full_experiments_using.model_trainers.mobile_vit_trainer | Ep [052/500] T-Acc:  62.1%  V-Acc:  62.8%  V-AUROC: 0.6659  LR: 2.00e-04
2026-05-26 12:52:24,611 | [FULL+AUG] | INFO | full_experiments_using.model_trainers.mobile_vit_trainer | Ep [053/500] T-Acc:  61.5%  V-Acc:  63.2%  V-AUROC: 0.6656  LR: 2.00e-04
2026-05-26 12:55:06,239 | [FULL+AUG] | INFO | full_experiments_using.model_trainers.mobile_vit_trainer | Ep [054/500] T-Acc:  61.6%  V-Acc:  63.0%  V-AUROC: 0.6657  LR: 2.00e-04
2026-05-26 12:57:47,944 | [FULL+AUG] | INFO | full_experiments_using.model_trainers.mobile_vit_trainer | Ep [055/500] T-Acc:  61.9%  V-Acc:  62.7%  V-AUROC: 0.6678  LR: 2.00e-04
2026-05-26 13:00:30,442 | [FULL+AUG] | INFO | full_experiments_using.model_trainers.mobile_vit_trainer | Ep [056/500] T-Acc:  61.7%  V-Acc:  62.6%  V-AUROC: 0.6667  LR: 2.00e-04
2026-05-26 13:03:11,749 | [FULL+AUG] | INFO | full_experiments_using.model_trainers.mobile_vit_trainer | Ep [057/500] T-Acc:  62.3%  V-Acc:  62.6%  V-AUROC: 0.6714  LR: 2.00e-04
2026-05-26 13:05:53,485 | [FULL+AUG] | INFO | full_experiments_using.model_trainers.mobile_vit_trainer | Ep [058/500] T-Acc:  62.7%  V-Acc:  63.6%  V-AUROC: 0.6730  LR: 2.00e-04
2026-05-26 13:08:36,190 | [FULL+AUG] | INFO | full_experiments_using.model_trainers.mobile_vit_trainer | Ep [059/500] T-Acc:  62.8%  V-Acc:  62.8%  V-AUROC: 0.6703  LR: 2.00e-04
2026-05-26 13:11:18,756 | [FULL+AUG] | INFO | full_experiments_using.model_trainers.mobile_vit_trainer | Ep [060/500] T-Acc:  62.8%  V-Acc:  62.3%  V-AUROC: 0.6679  LR: 2.00e-04
2026-05-26 13:14:00,219 | [FULL+AUG] | INFO | full_experiments_using.model_trainers.mobile_vit_trainer | Ep [061/500] T-Acc:  61.4%  V-Acc:  62.5%  V-AUROC: 0.6676  LR: 2.00e-04
2026-05-26 13:16:42,015 | [FULL+AUG] | INFO | full_experiments_using.model_trainers.mobile_vit_trainer | Ep [062/500] T-Acc:  62.7%  V-Acc:  62.9%  V-AUROC: 0.6664  LR: 4.00e-05
2026-05-26 13:19:24,182 | [FULL+AUG] | INFO | full_experiments_using.model_trainers.mobile_vit_trainer | Ep [063/500] T-Acc:  61.9%  V-Acc:  62.6%  V-AUROC: 0.6675  LR: 4.00e-05
2026-05-26 13:22:05,785 | [FULL+AUG] | INFO | full_experiments_using.model_trainers.mobile_vit_trainer | Ep [064/500] T-Acc:  62.6%  V-Acc:  62.2%  V-AUROC: 0.6664  LR: 4.00e-05
2026-05-26 13:24:47,565 | [FULL+AUG] | INFO | full_experiments_using.model_trainers.mobile_vit_trainer | Ep [065/500] T-Acc:  61.7%  V-Acc:  62.5%  V-AUROC: 0.6698  LR: 4.00e-05
2026-05-26 13:27:30,207 | [FULL+AUG] | INFO | full_experiments_using.model_trainers.mobile_vit_trainer | Ep [066/500] T-Acc:  61.7%  V-Acc:  63.1%  V-AUROC: 0.6669  LR: 4.00e-05
2026-05-26 13:30:12,255 | [FULL+AUG] | INFO | full_experiments_using.model_trainers.mobile_vit_trainer | Ep [067/500] T-Acc:  62.4%  V-Acc:  63.0%  V-AUROC: 0.6677  LR: 4.00e-05
2026-05-26 13:32:53,770 | [FULL+AUG] | INFO | full_experiments_using.model_trainers.mobile_vit_trainer | Ep [068/500] T-Acc:  62.3%  V-Acc:  62.8%  V-AUROC: 0.6663  LR: 4.00e-05
2026-05-26 13:35:35,711 | [FULL+AUG] | INFO | full_experiments_using.model_trainers.mobile_vit_trainer | Ep [069/500] T-Acc:  62.0%  V-Acc:  63.1%  V-AUROC: 0.6690  LR: 4.00e-05
2026-05-26 13:38:18,524 | [FULL+AUG] | INFO | full_experiments_using.model_trainers.mobile_vit_trainer | Ep [070/500] T-Acc:  63.1%  V-Acc:  63.0%  V-AUROC: 0.6665  LR: 4.00e-05
2026-05-26 13:41:01,178 | [FULL+AUG] | INFO | full_experiments_using.model_trainers.mobile_vit_trainer | Ep [071/500] T-Acc:  62.4%  V-Acc:  62.7%  V-AUROC: 0.6685  LR: 4.00e-05
2026-05-26 13:43:43,399 | [FULL+AUG] | INFO | full_experiments_using.model_trainers.mobile_vit_trainer | Ep [072/500] T-Acc:  61.2%  V-Acc:  63.2%  V-AUROC: 0.6690  LR: 4.00e-05
2026-05-26 13:46:25,253 | [FULL+AUG] | INFO | full_experiments_using.model_trainers.mobile_vit_trainer | Ep [073/500] T-Acc:  62.3%  V-Acc:  63.3%  V-AUROC: 0.6677  LR: 8.00e-06
2026-05-26 13:49:07,946 | [FULL+AUG] | INFO | full_experiments_using.model_trainers.mobile_vit_trainer | Ep [074/500] T-Acc:  62.9%  V-Acc:  62.8%  V-AUROC: 0.6696  LR: 8.00e-06
2026-05-26 13:51:49,522 | [FULL+AUG] | INFO | full_experiments_using.model_trainers.mobile_vit_trainer | Ep [075/500] T-Acc:  62.1%  V-Acc:  63.3%  V-AUROC: 0.6676  LR: 8.00e-06
2026-05-26 13:54:31,616 | [FULL+AUG] | INFO | full_experiments_using.model_trainers.mobile_vit_trainer | Ep [076/500] T-Acc:  62.6%  V-Acc:  63.1%  V-AUROC: 0.6684  LR: 8.00e-06
2026-05-26 13:57:13,808 | [FULL+AUG] | INFO | full_experiments_using.model_trainers.mobile_vit_trainer | Ep [077/500] T-Acc:  62.7%  V-Acc:  63.3%  V-AUROC: 0.6673  LR: 8.00e-06
2026-05-26 13:59:55,710 | [FULL+AUG] | INFO | full_experiments_using.model_trainers.mobile_vit_trainer | Ep [078/500] T-Acc:  61.7%  V-Acc:  63.2%  V-AUROC: 0.6685  LR: 8.00e-06
2026-05-26 14:02:37,206 | [FULL+AUG] | INFO | full_experiments_using.model_trainers.mobile_vit_trainer | Ep [079/500] T-Acc:  62.3%  V-Acc:  62.5%  V-AUROC: 0.6685  LR: 8.00e-06
2026-05-26 14:02:37,207 | [FULL+AUG] | INFO | full_experiments_using.model_trainers.mobile_vit_trainer | Early stop — best AUROC 0.6756 at epoch 39 (no improvement for 40 epochs)
2026-05-26 14:02:37,207 | [FULL+AUG] | INFO | full_experiments_using.model_trainers.mobile_vit_trainer | Done. Best AUROC: 0.6756 (epoch 39) → /home/leggo/AIResearch/VOGBasedMCIDetectionSystemMobileViTSingleExperimentInference/outputs/checkpoints/run_20260524_040820_full_aug/fold_23_best.pth
2026-05-26 14:03:18,437 | [FULL+AUG] | INFO | full_experiments_using.evaluators.monte_carlo_evaluator | -> Fold 24 Result | Acc=0.818 Sens=0.857 Spec=0.750 AUROC=0.786
2026-05-26 14:03:18,443 | [FULL+AUG] | INFO | full_experiments_using.evaluators.monte_carlo_evaluator | === Fold 25/30 | train: 25 subj / 3800 windows | test: 12 subj / 1936 windows ===
2026-05-26 14:03:18,690 | [FULL+AUG] | INFO | httpx | HTTP Request: HEAD https://huggingface.co/apple/mobilevit-small/resolve/main/config.json "HTTP/1.1 307 Temporary Redirect"
2026-05-26 14:03:18,706 | [FULL+AUG] | INFO | httpx | HTTP Request: HEAD https://huggingface.co/api/resolve-cache/models/apple/mobilevit-small/6c8612545dc98676d27bc518fa521d9e9af23e34/config.json "HTTP/1.1 200 OK"
2026-05-26 14:03:18,949 | [FULL+AUG] | INFO | httpx | HTTP Request: HEAD https://huggingface.co/apple/mobilevit-small/resolve/main/model.safetensors "HTTP/1.1 404 Not Found"
2026-05-26 14:03:19,163 | [FULL+AUG] | INFO | httpx | HTTP Request: HEAD https://huggingface.co/apple/mobilevit-small/resolve/main/model.safetensors.index.json "HTTP/1.1 404 Not Found"
2026-05-26 14:03:19,378 | [FULL+AUG] | INFO | httpx | HTTP Request: HEAD https://huggingface.co/apple/mobilevit-small/resolve/main/pytorch_model.bin "HTTP/1.1 302 Found"
2026-05-26 14:03:19,586 | [FULL+AUG] | INFO | httpx | HTTP Request: HEAD https://huggingface.co/apple/mobilevit-small/resolve/main/model.safetensors "HTTP/1.1 404 Not Found"
2026-05-26 14:03:19,802 | [FULL+AUG] | INFO | httpx | HTTP Request: GET https://huggingface.co/api/models/apple/mobilevit-small "HTTP/1.1 200 OK"
2026-05-26 14:03:20,055 | [FULL+AUG] | INFO | httpx | HTTP Request: GET https://huggingface.co/api/models/apple/mobilevit-small/commits/main "HTTP/1.1 200 OK"
2026-05-26 14:03:20,279 | [FULL+AUG] | INFO | httpx | HTTP Request: GET https://huggingface.co/api/models/apple/mobilevit-small/discussions?p=0 "HTTP/1.1 200 OK"
2026-05-26 14:03:20,525 | [FULL+AUG] | INFO | httpx | HTTP Request: GET https://huggingface.co/api/models/apple/mobilevit-small/commits/refs%2Fpr%2F6 "HTTP/1.1 200 OK"
2026-05-26 14:03:20,738 | [FULL+AUG] | INFO | httpx | HTTP Request: HEAD https://huggingface.co/apple/mobilevit-small/resolve/refs%2Fpr%2F6/model.safetensors.index.json "HTTP/1.1 404 Not Found"
2026-05-26 14:03:21,178 | [FULL+AUG] | INFO | httpx | HTTP Request: HEAD https://huggingface.co/apple/mobilevit-small/resolve/refs%2Fpr%2F6/model.safetensors "HTTP/1.1 302 Found"
2026-05-26 14:03:22,346 | [FULL+AUG] | INFO | full_experiments_using.model_trainers.mobile_vit_trainer | Device: cuda | max_epochs=500 | batch=32 | es_patience=40
2026-05-26 14:03:22,351 | [FULL+AUG] | INFO | full_experiments_using.model_trainers.mobile_vit_trainer | CE weights — HC: 1.076  MCI: 0.934
2026-05-26 14:06:02,900 | [FULL+AUG] | INFO | full_experiments_using.model_trainers.mobile_vit_trainer | Ep [001/500] T-Acc:  49.5%  V-Acc:  54.8%  V-AUROC: 0.5499  LR: 2.00e-04
2026-05-26 14:06:03,043 | [FULL+AUG] | INFO | full_experiments_using.model_trainers.mobile_vit_trainer |   ↳ new best AUROC; saved checkpoint: /home/leggo/AIResearch/VOGBasedMCIDetectionSystemMobileViTSingleExperimentInference/outputs/checkpoints/run_20260524_040820_full_aug/fold_24_best.pth
2026-05-26 14:08:42,867 | [FULL+AUG] | INFO | full_experiments_using.model_trainers.mobile_vit_trainer | Ep [002/500] T-Acc:  50.1%  V-Acc:  55.0%  V-AUROC: 0.5554  LR: 4.00e-04
2026-05-26 14:08:43,029 | [FULL+AUG] | INFO | full_experiments_using.model_trainers.mobile_vit_trainer |   ↳ new best AUROC; saved checkpoint: /home/leggo/AIResearch/VOGBasedMCIDetectionSystemMobileViTSingleExperimentInference/outputs/checkpoints/run_20260524_040820_full_aug/fold_24_best.pth
2026-05-26 14:11:23,777 | [FULL+AUG] | INFO | full_experiments_using.model_trainers.mobile_vit_trainer | Ep [003/500] T-Acc:  51.4%  V-Acc:  53.5%  V-AUROC: 0.5720  LR: 6.00e-04
2026-05-26 14:11:23,932 | [FULL+AUG] | INFO | full_experiments_using.model_trainers.mobile_vit_trainer |   ↳ new best AUROC; saved checkpoint: /home/leggo/AIResearch/VOGBasedMCIDetectionSystemMobileViTSingleExperimentInference/outputs/checkpoints/run_20260524_040820_full_aug/fold_24_best.pth
2026-05-26 14:14:04,398 | [FULL+AUG] | INFO | full_experiments_using.model_trainers.mobile_vit_trainer | Ep [004/500] T-Acc:  52.4%  V-Acc:  52.5%  V-AUROC: 0.5738  LR: 8.00e-04
2026-05-26 14:14:04,555 | [FULL+AUG] | INFO | full_experiments_using.model_trainers.mobile_vit_trainer |   ↳ new best AUROC; saved checkpoint: /home/leggo/AIResearch/VOGBasedMCIDetectionSystemMobileViTSingleExperimentInference/outputs/checkpoints/run_20260524_040820_full_aug/fold_24_best.pth
2026-05-26 14:16:44,326 | [FULL+AUG] | INFO | full_experiments_using.model_trainers.mobile_vit_trainer | Ep [005/500] T-Acc:  52.9%  V-Acc:  53.1%  V-AUROC: 0.5586  LR: 1.00e-03
2026-05-26 14:19:25,022 | [FULL+AUG] | INFO | full_experiments_using.model_trainers.mobile_vit_trainer | Ep [006/500] T-Acc:  55.6%  V-Acc:  51.3%  V-AUROC: 0.5435  LR: 1.00e-03
2026-05-26 14:22:04,560 | [FULL+AUG] | INFO | full_experiments_using.model_trainers.mobile_vit_trainer | Ep [007/500] T-Acc:  55.7%  V-Acc:  53.5%  V-AUROC: 0.5650  LR: 1.00e-03
2026-05-26 14:24:45,121 | [FULL+AUG] | INFO | full_experiments_using.model_trainers.mobile_vit_trainer | Ep [008/500] T-Acc:  55.8%  V-Acc:  54.4%  V-AUROC: 0.5797  LR: 1.00e-03
2026-05-26 14:24:45,256 | [FULL+AUG] | INFO | full_experiments_using.model_trainers.mobile_vit_trainer |   ↳ new best AUROC; saved checkpoint: /home/leggo/AIResearch/VOGBasedMCIDetectionSystemMobileViTSingleExperimentInference/outputs/checkpoints/run_20260524_040820_full_aug/fold_24_best.pth
2026-05-26 14:27:25,938 | [FULL+AUG] | INFO | full_experiments_using.model_trainers.mobile_vit_trainer | Ep [009/500] T-Acc:  56.3%  V-Acc:  55.1%  V-AUROC: 0.6004  LR: 1.00e-03
2026-05-26 14:27:26,095 | [FULL+AUG] | INFO | full_experiments_using.model_trainers.mobile_vit_trainer |   ↳ new best AUROC; saved checkpoint: /home/leggo/AIResearch/VOGBasedMCIDetectionSystemMobileViTSingleExperimentInference/outputs/checkpoints/run_20260524_040820_full_aug/fold_24_best.pth
2026-05-26 14:30:06,566 | [FULL+AUG] | INFO | full_experiments_using.model_trainers.mobile_vit_trainer | Ep [010/500] T-Acc:  56.8%  V-Acc:  55.5%  V-AUROC: 0.5731  LR: 1.00e-03
2026-05-26 14:32:46,801 | [FULL+AUG] | INFO | full_experiments_using.model_trainers.mobile_vit_trainer | Ep [011/500] T-Acc:  58.0%  V-Acc:  54.8%  V-AUROC: 0.5733  LR: 1.00e-03
2026-05-26 14:35:27,666 | [FULL+AUG] | INFO | full_experiments_using.model_trainers.mobile_vit_trainer | Ep [012/500] T-Acc:  57.6%  V-Acc:  55.8%  V-AUROC: 0.5552  LR: 1.00e-03
2026-05-26 14:38:07,479 | [FULL+AUG] | INFO | full_experiments_using.model_trainers.mobile_vit_trainer | Ep [013/500] T-Acc:  58.3%  V-Acc:  54.7%  V-AUROC: 0.5722  LR: 1.00e-03
2026-05-26 14:40:47,672 | [FULL+AUG] | INFO | full_experiments_using.model_trainers.mobile_vit_trainer | Ep [014/500] T-Acc:  59.5%  V-Acc:  56.5%  V-AUROC: 0.5884  LR: 1.00e-03
2026-05-26 14:43:28,234 | [FULL+AUG] | INFO | full_experiments_using.model_trainers.mobile_vit_trainer | Ep [015/500] T-Acc:  59.0%  V-Acc:  54.2%  V-AUROC: 0.5925  LR: 1.00e-03
2026-05-26 14:46:07,812 | [FULL+AUG] | INFO | full_experiments_using.model_trainers.mobile_vit_trainer | Ep [016/500] T-Acc:  59.1%  V-Acc:  53.4%  V-AUROC: 0.5774  LR: 1.00e-03
2026-05-26 14:48:47,129 | [FULL+AUG] | INFO | full_experiments_using.model_trainers.mobile_vit_trainer | Ep [017/500] T-Acc:  59.5%  V-Acc:  54.6%  V-AUROC: 0.5861  LR: 1.00e-03
2026-05-26 14:51:26,592 | [FULL+AUG] | INFO | full_experiments_using.model_trainers.mobile_vit_trainer | Ep [018/500] T-Acc:  59.3%  V-Acc:  54.6%  V-AUROC: 0.5998  LR: 1.00e-03
2026-05-26 14:54:06,165 | [FULL+AUG] | INFO | full_experiments_using.model_trainers.mobile_vit_trainer | Ep [019/500] T-Acc:  59.6%  V-Acc:  55.2%  V-AUROC: 0.5855  LR: 1.00e-03
2026-05-26 14:56:45,485 | [FULL+AUG] | INFO | full_experiments_using.model_trainers.mobile_vit_trainer | Ep [020/500] T-Acc:  60.8%  V-Acc:  56.6%  V-AUROC: 0.6070  LR: 1.00e-03
2026-05-26 14:56:45,639 | [FULL+AUG] | INFO | full_experiments_using.model_trainers.mobile_vit_trainer |   ↳ new best AUROC; saved checkpoint: /home/leggo/AIResearch/VOGBasedMCIDetectionSystemMobileViTSingleExperimentInference/outputs/checkpoints/run_20260524_040820_full_aug/fold_24_best.pth
2026-05-26 14:59:26,187 | [FULL+AUG] | INFO | full_experiments_using.model_trainers.mobile_vit_trainer | Ep [021/500] T-Acc:  58.6%  V-Acc:  54.0%  V-AUROC: 0.5909  LR: 1.00e-03
2026-05-26 15:02:06,958 | [FULL+AUG] | INFO | full_experiments_using.model_trainers.mobile_vit_trainer | Ep [022/500] T-Acc:  60.6%  V-Acc:  54.8%  V-AUROC: 0.5925  LR: 1.00e-03
2026-05-26 15:04:46,755 | [FULL+AUG] | INFO | full_experiments_using.model_trainers.mobile_vit_trainer | Ep [023/500] T-Acc:  61.7%  V-Acc:  55.8%  V-AUROC: 0.5917  LR: 1.00e-03
2026-05-26 15:07:27,029 | [FULL+AUG] | INFO | full_experiments_using.model_trainers.mobile_vit_trainer | Ep [024/500] T-Acc:  61.0%  V-Acc:  51.9%  V-AUROC: 0.5537  LR: 1.00e-03
2026-05-26 15:10:06,843 | [FULL+AUG] | INFO | full_experiments_using.model_trainers.mobile_vit_trainer | Ep [025/500] T-Acc:  61.0%  V-Acc:  55.4%  V-AUROC: 0.6066  LR: 1.00e-03
2026-05-26 15:12:47,055 | [FULL+AUG] | INFO | full_experiments_using.model_trainers.mobile_vit_trainer | Ep [026/500] T-Acc:  61.2%  V-Acc:  55.1%  V-AUROC: 0.5925  LR: 1.00e-03
2026-05-26 15:15:26,988 | [FULL+AUG] | INFO | full_experiments_using.model_trainers.mobile_vit_trainer | Ep [027/500] T-Acc:  61.4%  V-Acc:  54.9%  V-AUROC: 0.5767  LR: 1.00e-03
2026-05-26 15:18:07,436 | [FULL+AUG] | INFO | full_experiments_using.model_trainers.mobile_vit_trainer | Ep [028/500] T-Acc:  62.2%  V-Acc:  55.7%  V-AUROC: 0.5947  LR: 1.00e-03
2026-05-26 15:20:47,543 | [FULL+AUG] | INFO | full_experiments_using.model_trainers.mobile_vit_trainer | Ep [029/500] T-Acc:  61.5%  V-Acc:  55.1%  V-AUROC: 0.5968  LR: 1.00e-03
2026-05-26 15:23:27,947 | [FULL+AUG] | INFO | full_experiments_using.model_trainers.mobile_vit_trainer | Ep [030/500] T-Acc:  63.1%  V-Acc:  51.5%  V-AUROC: 0.5644  LR: 1.00e-03
2026-05-26 15:26:08,158 | [FULL+AUG] | INFO | full_experiments_using.model_trainers.mobile_vit_trainer | Ep [031/500] T-Acc:  62.3%  V-Acc:  55.4%  V-AUROC: 0.5986  LR: 1.00e-03
2026-05-26 15:28:48,826 | [FULL+AUG] | INFO | full_experiments_using.model_trainers.mobile_vit_trainer | Ep [032/500] T-Acc:  63.2%  V-Acc:  54.1%  V-AUROC: 0.5966  LR: 2.00e-04
2026-05-26 15:31:29,364 | [FULL+AUG] | INFO | full_experiments_using.model_trainers.mobile_vit_trainer | Ep [033/500] T-Acc:  62.6%  V-Acc:  54.8%  V-AUROC: 0.6044  LR: 2.00e-04
2026-05-26 15:34:09,981 | [FULL+AUG] | INFO | full_experiments_using.model_trainers.mobile_vit_trainer | Ep [034/500] T-Acc:  63.1%  V-Acc:  54.4%  V-AUROC: 0.6005  LR: 2.00e-04
2026-05-26 15:36:50,470 | [FULL+AUG] | INFO | full_experiments_using.model_trainers.mobile_vit_trainer | Ep [035/500] T-Acc:  63.7%  V-Acc:  55.3%  V-AUROC: 0.5937  LR: 2.00e-04
2026-05-26 15:39:30,516 | [FULL+AUG] | INFO | full_experiments_using.model_trainers.mobile_vit_trainer | Ep [036/500] T-Acc:  62.3%  V-Acc:  54.7%  V-AUROC: 0.5922  LR: 2.00e-04
2026-05-26 15:42:10,708 | [FULL+AUG] | INFO | full_experiments_using.model_trainers.mobile_vit_trainer | Ep [037/500] T-Acc:  63.4%  V-Acc:  54.0%  V-AUROC: 0.5992  LR: 2.00e-04
2026-05-26 15:44:51,460 | [FULL+AUG] | INFO | full_experiments_using.model_trainers.mobile_vit_trainer | Ep [038/500] T-Acc:  62.0%  V-Acc:  54.9%  V-AUROC: 0.5994  LR: 2.00e-04
2026-05-26 15:47:30,985 | [FULL+AUG] | INFO | full_experiments_using.model_trainers.mobile_vit_trainer | Ep [039/500] T-Acc:  61.4%  V-Acc:  54.6%  V-AUROC: 0.5973  LR: 2.00e-04
2026-05-26 15:50:11,011 | [FULL+AUG] | INFO | full_experiments_using.model_trainers.mobile_vit_trainer | Ep [040/500] T-Acc:  62.7%  V-Acc:  53.9%  V-AUROC: 0.5991  LR: 2.00e-04
2026-05-26 15:52:51,074 | [FULL+AUG] | INFO | full_experiments_using.model_trainers.mobile_vit_trainer | Ep [041/500] T-Acc:  63.1%  V-Acc:  56.3%  V-AUROC: 0.6015  LR: 2.00e-04
2026-05-26 15:55:30,885 | [FULL+AUG] | INFO | full_experiments_using.model_trainers.mobile_vit_trainer | Ep [042/500] T-Acc:  62.6%  V-Acc:  54.2%  V-AUROC: 0.5971  LR: 2.00e-04
2026-05-26 15:58:11,329 | [FULL+AUG] | INFO | full_experiments_using.model_trainers.mobile_vit_trainer | Ep [043/500] T-Acc:  63.3%  V-Acc:  55.0%  V-AUROC: 0.6001  LR: 4.00e-05
2026-05-26 16:00:51,523 | [FULL+AUG] | INFO | full_experiments_using.model_trainers.mobile_vit_trainer | Ep [044/500] T-Acc:  62.9%  V-Acc:  53.3%  V-AUROC: 0.5944  LR: 4.00e-05
2026-05-26 16:03:31,900 | [FULL+AUG] | INFO | full_experiments_using.model_trainers.mobile_vit_trainer | Ep [045/500] T-Acc:  63.0%  V-Acc:  55.5%  V-AUROC: 0.6015  LR: 4.00e-05
2026-05-26 16:06:12,397 | [FULL+AUG] | INFO | full_experiments_using.model_trainers.mobile_vit_trainer | Ep [046/500] T-Acc:  63.3%  V-Acc:  54.9%  V-AUROC: 0.5941  LR: 4.00e-05
2026-05-26 16:08:53,214 | [FULL+AUG] | INFO | full_experiments_using.model_trainers.mobile_vit_trainer | Ep [047/500] T-Acc:  63.6%  V-Acc:  54.1%  V-AUROC: 0.5977  LR: 4.00e-05
2026-05-26 16:11:33,783 | [FULL+AUG] | INFO | full_experiments_using.model_trainers.mobile_vit_trainer | Ep [048/500] T-Acc:  64.3%  V-Acc:  54.7%  V-AUROC: 0.5985  LR: 4.00e-05
2026-05-26 16:14:14,125 | [FULL+AUG] | INFO | full_experiments_using.model_trainers.mobile_vit_trainer | Ep [049/500] T-Acc:  62.2%  V-Acc:  54.6%  V-AUROC: 0.5985  LR: 4.00e-05
2026-05-26 16:16:54,708 | [FULL+AUG] | INFO | full_experiments_using.model_trainers.mobile_vit_trainer | Ep [050/500] T-Acc:  63.7%  V-Acc:  54.1%  V-AUROC: 0.5980  LR: 4.00e-05
2026-05-26 16:19:35,026 | [FULL+AUG] | INFO | full_experiments_using.model_trainers.mobile_vit_trainer | Ep [051/500] T-Acc:  62.6%  V-Acc:  54.9%  V-AUROC: 0.6005  LR: 4.00e-05
2026-05-26 16:22:14,882 | [FULL+AUG] | INFO | full_experiments_using.model_trainers.mobile_vit_trainer | Ep [052/500] T-Acc:  64.0%  V-Acc:  54.9%  V-AUROC: 0.5976  LR: 4.00e-05
2026-05-26 16:24:54,630 | [FULL+AUG] | INFO | full_experiments_using.model_trainers.mobile_vit_trainer | Ep [053/500] T-Acc:  63.2%  V-Acc:  54.6%  V-AUROC: 0.5968  LR: 4.00e-05
2026-05-26 16:27:34,553 | [FULL+AUG] | INFO | full_experiments_using.model_trainers.mobile_vit_trainer | Ep [054/500] T-Acc:  62.9%  V-Acc:  53.3%  V-AUROC: 0.5968  LR: 8.00e-06
2026-05-26 16:30:14,288 | [FULL+AUG] | INFO | full_experiments_using.model_trainers.mobile_vit_trainer | Ep [055/500] T-Acc:  62.5%  V-Acc:  54.2%  V-AUROC: 0.5979  LR: 8.00e-06
2026-05-26 16:32:54,284 | [FULL+AUG] | INFO | full_experiments_using.model_trainers.mobile_vit_trainer | Ep [056/500] T-Acc:  62.8%  V-Acc:  54.4%  V-AUROC: 0.5990  LR: 8.00e-06
2026-05-26 16:35:33,878 | [FULL+AUG] | INFO | full_experiments_using.model_trainers.mobile_vit_trainer | Ep [057/500] T-Acc:  63.3%  V-Acc:  53.9%  V-AUROC: 0.5932  LR: 8.00e-06
2026-05-26 16:38:13,959 | [FULL+AUG] | INFO | full_experiments_using.model_trainers.mobile_vit_trainer | Ep [058/500] T-Acc:  63.1%  V-Acc:  54.0%  V-AUROC: 0.5980  LR: 8.00e-06
2026-05-26 16:40:54,043 | [FULL+AUG] | INFO | full_experiments_using.model_trainers.mobile_vit_trainer | Ep [059/500] T-Acc:  62.8%  V-Acc:  54.6%  V-AUROC: 0.5977  LR: 8.00e-06
2026-05-26 16:43:34,719 | [FULL+AUG] | INFO | full_experiments_using.model_trainers.mobile_vit_trainer | Ep [060/500] T-Acc:  62.8%  V-Acc:  54.2%  V-AUROC: 0.5966  LR: 8.00e-06
2026-05-26 16:43:34,720 | [FULL+AUG] | INFO | full_experiments_using.model_trainers.mobile_vit_trainer | Early stop — best AUROC 0.6070 at epoch 20 (no improvement for 40 epochs)
2026-05-26 16:43:34,720 | [FULL+AUG] | INFO | full_experiments_using.model_trainers.mobile_vit_trainer | Done. Best AUROC: 0.6070 (epoch 20) → /home/leggo/AIResearch/VOGBasedMCIDetectionSystemMobileViTSingleExperimentInference/outputs/checkpoints/run_20260524_040820_full_aug/fold_24_best.pth
2026-05-26 16:44:18,027 | [FULL+AUG] | INFO | full_experiments_using.evaluators.monte_carlo_evaluator | -> Fold 25 Result | Acc=0.636 Sens=0.500 Spec=1.000 AUROC=0.833
2026-05-26 16:44:18,031 | [FULL+AUG] | INFO | full_experiments_using.evaluators.monte_carlo_evaluator | === Fold 26/30 | train: 25 subj / 3690 windows | test: 12 subj / 2046 windows ===
2026-05-26 16:44:18,283 | [FULL+AUG] | INFO | httpx | HTTP Request: HEAD https://huggingface.co/apple/mobilevit-small/resolve/main/config.json "HTTP/1.1 307 Temporary Redirect"
2026-05-26 16:44:18,297 | [FULL+AUG] | INFO | httpx | HTTP Request: HEAD https://huggingface.co/api/resolve-cache/models/apple/mobilevit-small/6c8612545dc98676d27bc518fa521d9e9af23e34/config.json "HTTP/1.1 200 OK"
2026-05-26 16:44:18,547 | [FULL+AUG] | INFO | httpx | HTTP Request: HEAD https://huggingface.co/apple/mobilevit-small/resolve/main/model.safetensors "HTTP/1.1 404 Not Found"
2026-05-26 16:44:18,765 | [FULL+AUG] | INFO | httpx | HTTP Request: HEAD https://huggingface.co/apple/mobilevit-small/resolve/main/model.safetensors.index.json "HTTP/1.1 404 Not Found"
2026-05-26 16:44:18,977 | [FULL+AUG] | INFO | httpx | HTTP Request: HEAD https://huggingface.co/apple/mobilevit-small/resolve/main/pytorch_model.bin "HTTP/1.1 302 Found"
2026-05-26 16:44:19,194 | [FULL+AUG] | INFO | httpx | HTTP Request: HEAD https://huggingface.co/apple/mobilevit-small/resolve/main/model.safetensors "HTTP/1.1 404 Not Found"
2026-05-26 16:44:19,418 | [FULL+AUG] | INFO | httpx | HTTP Request: GET https://huggingface.co/api/models/apple/mobilevit-small "HTTP/1.1 200 OK"
2026-05-26 16:44:19,685 | [FULL+AUG] | INFO | httpx | HTTP Request: GET https://huggingface.co/api/models/apple/mobilevit-small/commits/main "HTTP/1.1 200 OK"
2026-05-26 16:44:19,915 | [FULL+AUG] | INFO | httpx | HTTP Request: GET https://huggingface.co/api/models/apple/mobilevit-small/discussions?p=0 "HTTP/1.1 200 OK"
2026-05-26 16:44:20,142 | [FULL+AUG] | INFO | httpx | HTTP Request: GET https://huggingface.co/api/models/apple/mobilevit-small/commits/refs%2Fpr%2F6 "HTTP/1.1 200 OK"
2026-05-26 16:44:20,354 | [FULL+AUG] | INFO | httpx | HTTP Request: HEAD https://huggingface.co/apple/mobilevit-small/resolve/refs%2Fpr%2F6/model.safetensors.index.json "HTTP/1.1 404 Not Found"
2026-05-26 16:44:20,579 | [FULL+AUG] | INFO | httpx | HTTP Request: HEAD https://huggingface.co/apple/mobilevit-small/resolve/refs%2Fpr%2F6/model.safetensors "HTTP/1.1 302 Found"
2026-05-26 16:44:22,001 | [FULL+AUG] | INFO | full_experiments_using.model_trainers.mobile_vit_trainer | Device: cuda | max_epochs=500 | batch=32 | es_patience=40
2026-05-26 16:44:22,006 | [FULL+AUG] | INFO | full_experiments_using.model_trainers.mobile_vit_trainer | CE weights — HC: 1.331  MCI: 0.801
2026-05-26 16:47:00,515 | [FULL+AUG] | INFO | full_experiments_using.model_trainers.mobile_vit_trainer | Ep [001/500] T-Acc:  48.2%  V-Acc:  48.6%  V-AUROC: 0.4779  LR: 2.00e-04
2026-05-26 16:47:00,654 | [FULL+AUG] | INFO | full_experiments_using.model_trainers.mobile_vit_trainer |   ↳ new best AUROC; saved checkpoint: /home/leggo/AIResearch/VOGBasedMCIDetectionSystemMobileViTSingleExperimentInference/outputs/checkpoints/run_20260524_040820_full_aug/fold_25_best.pth
2026-05-26 16:49:38,779 | [FULL+AUG] | INFO | full_experiments_using.model_trainers.mobile_vit_trainer | Ep [002/500] T-Acc:  50.2%  V-Acc:  48.4%  V-AUROC: 0.4806  LR: 4.00e-04
2026-05-26 16:49:38,893 | [FULL+AUG] | INFO | full_experiments_using.model_trainers.mobile_vit_trainer |   ↳ new best AUROC; saved checkpoint: /home/leggo/AIResearch/VOGBasedMCIDetectionSystemMobileViTSingleExperimentInference/outputs/checkpoints/run_20260524_040820_full_aug/fold_25_best.pth
2026-05-26 16:52:17,535 | [FULL+AUG] | INFO | full_experiments_using.model_trainers.mobile_vit_trainer | Ep [003/500] T-Acc:  50.5%  V-Acc:  49.1%  V-AUROC: 0.4801  LR: 6.00e-04
2026-05-26 16:54:56,285 | [FULL+AUG] | INFO | full_experiments_using.model_trainers.mobile_vit_trainer | Ep [004/500] T-Acc:  51.1%  V-Acc:  51.8%  V-AUROC: 0.5054  LR: 8.00e-04
2026-05-26 16:54:56,436 | [FULL+AUG] | INFO | full_experiments_using.model_trainers.mobile_vit_trainer |   ↳ new best AUROC; saved checkpoint: /home/leggo/AIResearch/VOGBasedMCIDetectionSystemMobileViTSingleExperimentInference/outputs/checkpoints/run_20260524_040820_full_aug/fold_25_best.pth
2026-05-26 16:57:35,017 | [FULL+AUG] | INFO | full_experiments_using.model_trainers.mobile_vit_trainer | Ep [005/500] T-Acc:  52.2%  V-Acc:  52.3%  V-AUROC: 0.5135  LR: 1.00e-03
2026-05-26 16:57:35,159 | [FULL+AUG] | INFO | full_experiments_using.model_trainers.mobile_vit_trainer |   ↳ new best AUROC; saved checkpoint: /home/leggo/AIResearch/VOGBasedMCIDetectionSystemMobileViTSingleExperimentInference/outputs/checkpoints/run_20260524_040820_full_aug/fold_25_best.pth
2026-05-26 17:00:13,099 | [FULL+AUG] | INFO | full_experiments_using.model_trainers.mobile_vit_trainer | Ep [006/500] T-Acc:  52.9%  V-Acc:  52.9%  V-AUROC: 0.5201  LR: 1.00e-03
2026-05-26 17:00:13,209 | [FULL+AUG] | INFO | full_experiments_using.model_trainers.mobile_vit_trainer |   ↳ new best AUROC; saved checkpoint: /home/leggo/AIResearch/VOGBasedMCIDetectionSystemMobileViTSingleExperimentInference/outputs/checkpoints/run_20260524_040820_full_aug/fold_25_best.pth
2026-05-26 17:02:51,246 | [FULL+AUG] | INFO | full_experiments_using.model_trainers.mobile_vit_trainer | Ep [007/500] T-Acc:  53.7%  V-Acc:  53.8%  V-AUROC: 0.5503  LR: 1.00e-03
2026-05-26 17:02:51,389 | [FULL+AUG] | INFO | full_experiments_using.model_trainers.mobile_vit_trainer |   ↳ new best AUROC; saved checkpoint: /home/leggo/AIResearch/VOGBasedMCIDetectionSystemMobileViTSingleExperimentInference/outputs/checkpoints/run_20260524_040820_full_aug/fold_25_best.pth
2026-05-26 17:05:30,167 | [FULL+AUG] | INFO | full_experiments_using.model_trainers.mobile_vit_trainer | Ep [008/500] T-Acc:  53.9%  V-Acc:  52.1%  V-AUROC: 0.5237  LR: 1.00e-03
2026-05-26 17:08:08,906 | [FULL+AUG] | INFO | full_experiments_using.model_trainers.mobile_vit_trainer | Ep [009/500] T-Acc:  55.5%  V-Acc:  52.0%  V-AUROC: 0.5358  LR: 1.00e-03
2026-05-26 17:10:46,800 | [FULL+AUG] | INFO | full_experiments_using.model_trainers.mobile_vit_trainer | Ep [010/500] T-Acc:  56.8%  V-Acc:  54.0%  V-AUROC: 0.5590  LR: 1.00e-03
2026-05-26 17:10:46,952 | [FULL+AUG] | INFO | full_experiments_using.model_trainers.mobile_vit_trainer |   ↳ new best AUROC; saved checkpoint: /home/leggo/AIResearch/VOGBasedMCIDetectionSystemMobileViTSingleExperimentInference/outputs/checkpoints/run_20260524_040820_full_aug/fold_25_best.pth
2026-05-26 17:13:25,558 | [FULL+AUG] | INFO | full_experiments_using.model_trainers.mobile_vit_trainer | Ep [011/500] T-Acc:  55.8%  V-Acc:  55.6%  V-AUROC: 0.5695  LR: 1.00e-03
2026-05-26 17:13:25,718 | [FULL+AUG] | INFO | full_experiments_using.model_trainers.mobile_vit_trainer |   ↳ new best AUROC; saved checkpoint: /home/leggo/AIResearch/VOGBasedMCIDetectionSystemMobileViTSingleExperimentInference/outputs/checkpoints/run_20260524_040820_full_aug/fold_25_best.pth
2026-05-26 17:16:03,340 | [FULL+AUG] | INFO | full_experiments_using.model_trainers.mobile_vit_trainer | Ep [012/500] T-Acc:  56.8%  V-Acc:  55.7%  V-AUROC: 0.5727  LR: 1.00e-03
2026-05-26 17:16:03,496 | [FULL+AUG] | INFO | full_experiments_using.model_trainers.mobile_vit_trainer |   ↳ new best AUROC; saved checkpoint: /home/leggo/AIResearch/VOGBasedMCIDetectionSystemMobileViTSingleExperimentInference/outputs/checkpoints/run_20260524_040820_full_aug/fold_25_best.pth
2026-05-26 17:18:41,621 | [FULL+AUG] | INFO | full_experiments_using.model_trainers.mobile_vit_trainer | Ep [013/500] T-Acc:  56.2%  V-Acc:  55.4%  V-AUROC: 0.5821  LR: 1.00e-03
2026-05-26 17:18:41,739 | [FULL+AUG] | INFO | full_experiments_using.model_trainers.mobile_vit_trainer |   ↳ new best AUROC; saved checkpoint: /home/leggo/AIResearch/VOGBasedMCIDetectionSystemMobileViTSingleExperimentInference/outputs/checkpoints/run_20260524_040820_full_aug/fold_25_best.pth
2026-05-26 17:21:20,689 | [FULL+AUG] | INFO | full_experiments_using.model_trainers.mobile_vit_trainer | Ep [014/500] T-Acc:  58.0%  V-Acc:  57.7%  V-AUROC: 0.6033  LR: 1.00e-03
2026-05-26 17:21:20,819 | [FULL+AUG] | INFO | full_experiments_using.model_trainers.mobile_vit_trainer |   ↳ new best AUROC; saved checkpoint: /home/leggo/AIResearch/VOGBasedMCIDetectionSystemMobileViTSingleExperimentInference/outputs/checkpoints/run_20260524_040820_full_aug/fold_25_best.pth
2026-05-26 17:23:59,683 | [FULL+AUG] | INFO | full_experiments_using.model_trainers.mobile_vit_trainer | Ep [015/500] T-Acc:  56.9%  V-Acc:  56.8%  V-AUROC: 0.5818  LR: 1.00e-03
2026-05-26 17:26:38,485 | [FULL+AUG] | INFO | full_experiments_using.model_trainers.mobile_vit_trainer | Ep [016/500] T-Acc:  57.7%  V-Acc:  55.5%  V-AUROC: 0.5839  LR: 1.00e-03
2026-05-26 17:29:17,185 | [FULL+AUG] | INFO | full_experiments_using.model_trainers.mobile_vit_trainer | Ep [017/500] T-Acc:  57.5%  V-Acc:  56.6%  V-AUROC: 0.5962  LR: 1.00e-03
2026-05-26 17:31:55,087 | [FULL+AUG] | INFO | full_experiments_using.model_trainers.mobile_vit_trainer | Ep [018/500] T-Acc:  57.5%  V-Acc:  56.7%  V-AUROC: 0.6014  LR: 1.00e-03
2026-05-26 17:34:32,941 | [FULL+AUG] | INFO | full_experiments_using.model_trainers.mobile_vit_trainer | Ep [019/500] T-Acc:  59.6%  V-Acc:  57.4%  V-AUROC: 0.6137  LR: 1.00e-03
2026-05-26 17:34:33,056 | [FULL+AUG] | INFO | full_experiments_using.model_trainers.mobile_vit_trainer |   ↳ new best AUROC; saved checkpoint: /home/leggo/AIResearch/VOGBasedMCIDetectionSystemMobileViTSingleExperimentInference/outputs/checkpoints/run_20260524_040820_full_aug/fold_25_best.pth
2026-05-26 17:37:11,820 | [FULL+AUG] | INFO | full_experiments_using.model_trainers.mobile_vit_trainer | Ep [020/500] T-Acc:  57.4%  V-Acc:  58.1%  V-AUROC: 0.6108  LR: 1.00e-03
2026-05-26 17:39:49,087 | [FULL+AUG] | INFO | full_experiments_using.model_trainers.mobile_vit_trainer | Ep [021/500] T-Acc:  58.7%  V-Acc:  56.1%  V-AUROC: 0.5928  LR: 1.00e-03
2026-05-26 17:42:27,817 | [FULL+AUG] | INFO | full_experiments_using.model_trainers.mobile_vit_trainer | Ep [022/500] T-Acc:  59.0%  V-Acc:  55.5%  V-AUROC: 0.5853  LR: 1.00e-03
2026-05-26 17:45:06,175 | [FULL+AUG] | INFO | full_experiments_using.model_trainers.mobile_vit_trainer | Ep [023/500] T-Acc:  57.5%  V-Acc:  56.5%  V-AUROC: 0.5948  LR: 1.00e-03
2026-05-26 17:47:44,657 | [FULL+AUG] | INFO | full_experiments_using.model_trainers.mobile_vit_trainer | Ep [024/500] T-Acc:  58.6%  V-Acc:  56.4%  V-AUROC: 0.5976  LR: 1.00e-03
2026-05-26 17:50:23,017 | [FULL+AUG] | INFO | full_experiments_using.model_trainers.mobile_vit_trainer | Ep [025/500] T-Acc:  58.6%  V-Acc:  60.2%  V-AUROC: 0.6243  LR: 1.00e-03
2026-05-26 17:50:23,181 | [FULL+AUG] | INFO | full_experiments_using.model_trainers.mobile_vit_trainer |   ↳ new best AUROC; saved checkpoint: /home/leggo/AIResearch/VOGBasedMCIDetectionSystemMobileViTSingleExperimentInference/outputs/checkpoints/run_20260524_040820_full_aug/fold_25_best.pth
2026-05-26 17:53:02,175 | [FULL+AUG] | INFO | full_experiments_using.model_trainers.mobile_vit_trainer | Ep [026/500] T-Acc:  58.2%  V-Acc:  57.3%  V-AUROC: 0.5958  LR: 1.00e-03
2026-05-26 17:55:40,932 | [FULL+AUG] | INFO | full_experiments_using.model_trainers.mobile_vit_trainer | Ep [027/500] T-Acc:  59.3%  V-Acc:  57.6%  V-AUROC: 0.6045  LR: 1.00e-03
2026-05-26 17:58:19,067 | [FULL+AUG] | INFO | full_experiments_using.model_trainers.mobile_vit_trainer | Ep [028/500] T-Acc:  58.7%  V-Acc:  54.0%  V-AUROC: 0.5829  LR: 1.00e-03
2026-05-26 18:00:57,717 | [FULL+AUG] | INFO | full_experiments_using.model_trainers.mobile_vit_trainer | Ep [029/500] T-Acc:  60.3%  V-Acc:  57.2%  V-AUROC: 0.6047  LR: 1.00e-03
2026-05-26 18:03:35,873 | [FULL+AUG] | INFO | full_experiments_using.model_trainers.mobile_vit_trainer | Ep [030/500] T-Acc:  59.6%  V-Acc:  59.3%  V-AUROC: 0.6214  LR: 1.00e-03
2026-05-26 18:06:14,581 | [FULL+AUG] | INFO | full_experiments_using.model_trainers.mobile_vit_trainer | Ep [031/500] T-Acc:  58.0%  V-Acc:  58.2%  V-AUROC: 0.6162  LR: 1.00e-03
2026-05-26 18:08:52,877 | [FULL+AUG] | INFO | full_experiments_using.model_trainers.mobile_vit_trainer | Ep [032/500] T-Acc:  59.2%  V-Acc:  58.6%  V-AUROC: 0.6102  LR: 1.00e-03
2026-05-26 18:11:31,414 | [FULL+AUG] | INFO | full_experiments_using.model_trainers.mobile_vit_trainer | Ep [033/500] T-Acc:  60.3%  V-Acc:  59.4%  V-AUROC: 0.6265  LR: 1.00e-03
2026-05-26 18:11:31,552 | [FULL+AUG] | INFO | full_experiments_using.model_trainers.mobile_vit_trainer |   ↳ new best AUROC; saved checkpoint: /home/leggo/AIResearch/VOGBasedMCIDetectionSystemMobileViTSingleExperimentInference/outputs/checkpoints/run_20260524_040820_full_aug/fold_25_best.pth
2026-05-26 18:14:09,577 | [FULL+AUG] | INFO | full_experiments_using.model_trainers.mobile_vit_trainer | Ep [034/500] T-Acc:  59.1%  V-Acc:  56.5%  V-AUROC: 0.5883  LR: 1.00e-03
2026-05-26 18:16:47,459 | [FULL+AUG] | INFO | full_experiments_using.model_trainers.mobile_vit_trainer | Ep [035/500] T-Acc:  59.3%  V-Acc:  56.8%  V-AUROC: 0.5984  LR: 1.00e-03
2026-05-26 18:19:25,585 | [FULL+AUG] | INFO | full_experiments_using.model_trainers.mobile_vit_trainer | Ep [036/500] T-Acc:  60.2%  V-Acc:  57.7%  V-AUROC: 0.6056  LR: 1.00e-03
2026-05-26 18:22:04,365 | [FULL+AUG] | INFO | full_experiments_using.model_trainers.mobile_vit_trainer | Ep [037/500] T-Acc:  60.8%  V-Acc:  56.7%  V-AUROC: 0.5928  LR: 1.00e-03
2026-05-26 18:24:42,857 | [FULL+AUG] | INFO | full_experiments_using.model_trainers.mobile_vit_trainer | Ep [038/500] T-Acc:  58.9%  V-Acc:  59.2%  V-AUROC: 0.6173  LR: 1.00e-03
2026-05-26 18:27:20,694 | [FULL+AUG] | INFO | full_experiments_using.model_trainers.mobile_vit_trainer | Ep [039/500] T-Acc:  60.7%  V-Acc:  58.3%  V-AUROC: 0.6235  LR: 1.00e-03
2026-05-26 18:29:59,267 | [FULL+AUG] | INFO | full_experiments_using.model_trainers.mobile_vit_trainer | Ep [040/500] T-Acc:  59.8%  V-Acc:  58.6%  V-AUROC: 0.6199  LR: 1.00e-03
2026-05-26 18:32:37,932 | [FULL+AUG] | INFO | full_experiments_using.model_trainers.mobile_vit_trainer | Ep [041/500] T-Acc:  59.6%  V-Acc:  59.4%  V-AUROC: 0.6181  LR: 1.00e-03
2026-05-26 18:35:16,377 | [FULL+AUG] | INFO | full_experiments_using.model_trainers.mobile_vit_trainer | Ep [042/500] T-Acc:  59.8%  V-Acc:  59.7%  V-AUROC: 0.6200  LR: 1.00e-03
2026-05-26 18:37:54,395 | [FULL+AUG] | INFO | full_experiments_using.model_trainers.mobile_vit_trainer | Ep [043/500] T-Acc:  61.0%  V-Acc:  59.6%  V-AUROC: 0.6282  LR: 1.00e-03
2026-05-26 18:37:54,555 | [FULL+AUG] | INFO | full_experiments_using.model_trainers.mobile_vit_trainer |   ↳ new best AUROC; saved checkpoint: /home/leggo/AIResearch/VOGBasedMCIDetectionSystemMobileViTSingleExperimentInference/outputs/checkpoints/run_20260524_040820_full_aug/fold_25_best.pth
2026-05-26 18:40:32,877 | [FULL+AUG] | INFO | full_experiments_using.model_trainers.mobile_vit_trainer | Ep [044/500] T-Acc:  60.9%  V-Acc:  58.6%  V-AUROC: 0.6203  LR: 1.00e-03
2026-05-26 18:43:10,946 | [FULL+AUG] | INFO | full_experiments_using.model_trainers.mobile_vit_trainer | Ep [045/500] T-Acc:  61.1%  V-Acc:  59.7%  V-AUROC: 0.6169  LR: 1.00e-03
2026-05-26 18:45:49,225 | [FULL+AUG] | INFO | full_experiments_using.model_trainers.mobile_vit_trainer | Ep [046/500] T-Acc:  60.8%  V-Acc:  59.5%  V-AUROC: 0.6217  LR: 1.00e-03
2026-05-26 18:48:27,415 | [FULL+AUG] | INFO | full_experiments_using.model_trainers.mobile_vit_trainer | Ep [047/500] T-Acc:  61.1%  V-Acc:  59.4%  V-AUROC: 0.6151  LR: 1.00e-03
2026-05-26 18:51:05,778 | [FULL+AUG] | INFO | full_experiments_using.model_trainers.mobile_vit_trainer | Ep [048/500] T-Acc:  60.8%  V-Acc:  59.8%  V-AUROC: 0.6260  LR: 1.00e-03
2026-05-26 18:53:43,795 | [FULL+AUG] | INFO | full_experiments_using.model_trainers.mobile_vit_trainer | Ep [049/500] T-Acc:  60.5%  V-Acc:  58.9%  V-AUROC: 0.6255  LR: 1.00e-03
2026-05-26 18:56:22,261 | [FULL+AUG] | INFO | full_experiments_using.model_trainers.mobile_vit_trainer | Ep [050/500] T-Acc:  60.2%  V-Acc:  59.9%  V-AUROC: 0.6214  LR: 1.00e-03
2026-05-26 18:59:00,507 | [FULL+AUG] | INFO | full_experiments_using.model_trainers.mobile_vit_trainer | Ep [051/500] T-Acc:  60.1%  V-Acc:  59.8%  V-AUROC: 0.6200  LR: 1.00e-03
2026-05-26 19:01:38,422 | [FULL+AUG] | INFO | full_experiments_using.model_trainers.mobile_vit_trainer | Ep [052/500] T-Acc:  60.5%  V-Acc:  60.5%  V-AUROC: 0.6283  LR: 1.00e-03
2026-05-26 19:01:38,592 | [FULL+AUG] | INFO | full_experiments_using.model_trainers.mobile_vit_trainer |   ↳ new best AUROC; saved checkpoint: /home/leggo/AIResearch/VOGBasedMCIDetectionSystemMobileViTSingleExperimentInference/outputs/checkpoints/run_20260524_040820_full_aug/fold_25_best.pth
2026-05-26 19:04:17,051 | [FULL+AUG] | INFO | full_experiments_using.model_trainers.mobile_vit_trainer | Ep [053/500] T-Acc:  61.4%  V-Acc:  57.4%  V-AUROC: 0.5976  LR: 1.00e-03
2026-05-26 19:06:55,394 | [FULL+AUG] | INFO | full_experiments_using.model_trainers.mobile_vit_trainer | Ep [054/500] T-Acc:  60.1%  V-Acc:  58.5%  V-AUROC: 0.6112  LR: 1.00e-03
2026-05-26 19:09:33,799 | [FULL+AUG] | INFO | full_experiments_using.model_trainers.mobile_vit_trainer | Ep [055/500] T-Acc:  61.0%  V-Acc:  57.9%  V-AUROC: 0.6057  LR: 1.00e-03
2026-05-26 19:12:12,108 | [FULL+AUG] | INFO | full_experiments_using.model_trainers.mobile_vit_trainer | Ep [056/500] T-Acc:  60.6%  V-Acc:  59.0%  V-AUROC: 0.6190  LR: 1.00e-03
2026-05-26 19:14:50,348 | [FULL+AUG] | INFO | full_experiments_using.model_trainers.mobile_vit_trainer | Ep [057/500] T-Acc:  60.7%  V-Acc:  59.4%  V-AUROC: 0.6272  LR: 1.00e-03
2026-05-26 19:17:28,531 | [FULL+AUG] | INFO | full_experiments_using.model_trainers.mobile_vit_trainer | Ep [058/500] T-Acc:  61.2%  V-Acc:  58.5%  V-AUROC: 0.6170  LR: 1.00e-03
2026-05-26 19:20:06,857 | [FULL+AUG] | INFO | full_experiments_using.model_trainers.mobile_vit_trainer | Ep [059/500] T-Acc:  60.6%  V-Acc:  57.7%  V-AUROC: 0.6111  LR: 1.00e-03
2026-05-26 19:22:45,170 | [FULL+AUG] | INFO | full_experiments_using.model_trainers.mobile_vit_trainer | Ep [060/500] T-Acc:  61.4%  V-Acc:  58.7%  V-AUROC: 0.6160  LR: 1.00e-03
2026-05-26 19:25:23,474 | [FULL+AUG] | INFO | full_experiments_using.model_trainers.mobile_vit_trainer | Ep [061/500] T-Acc:  60.6%  V-Acc:  59.4%  V-AUROC: 0.6164  LR: 1.00e-03
2026-05-26 19:28:01,794 | [FULL+AUG] | INFO | full_experiments_using.model_trainers.mobile_vit_trainer | Ep [062/500] T-Acc:  60.6%  V-Acc:  58.7%  V-AUROC: 0.6164  LR: 1.00e-03
2026-05-26 19:30:39,985 | [FULL+AUG] | INFO | full_experiments_using.model_trainers.mobile_vit_trainer | Ep [063/500] T-Acc:  60.7%  V-Acc:  59.3%  V-AUROC: 0.6223  LR: 1.00e-03
2026-05-26 19:33:18,073 | [FULL+AUG] | INFO | full_experiments_using.model_trainers.mobile_vit_trainer | Ep [064/500] T-Acc:  61.7%  V-Acc:  59.8%  V-AUROC: 0.6287  LR: 2.00e-04
2026-05-26 19:33:18,205 | [FULL+AUG] | INFO | full_experiments_using.model_trainers.mobile_vit_trainer |   ↳ new best AUROC; saved checkpoint: /home/leggo/AIResearch/VOGBasedMCIDetectionSystemMobileViTSingleExperimentInference/outputs/checkpoints/run_20260524_040820_full_aug/fold_25_best.pth
2026-05-26 19:35:56,202 | [FULL+AUG] | INFO | full_experiments_using.model_trainers.mobile_vit_trainer | Ep [065/500] T-Acc:  60.7%  V-Acc:  60.3%  V-AUROC: 0.6290  LR: 2.00e-04
2026-05-26 19:35:56,316 | [FULL+AUG] | INFO | full_experiments_using.model_trainers.mobile_vit_trainer |   ↳ new best AUROC; saved checkpoint: /home/leggo/AIResearch/VOGBasedMCIDetectionSystemMobileViTSingleExperimentInference/outputs/checkpoints/run_20260524_040820_full_aug/fold_25_best.pth
2026-05-26 19:38:33,681 | [FULL+AUG] | INFO | full_experiments_using.model_trainers.mobile_vit_trainer | Ep [066/500] T-Acc:  61.5%  V-Acc:  60.3%  V-AUROC: 0.6238  LR: 2.00e-04
2026-05-26 19:41:12,259 | [FULL+AUG] | INFO | full_experiments_using.model_trainers.mobile_vit_trainer | Ep [067/500] T-Acc:  62.0%  V-Acc:  60.6%  V-AUROC: 0.6284  LR: 2.00e-04
2026-05-26 19:43:50,577 | [FULL+AUG] | INFO | full_experiments_using.model_trainers.mobile_vit_trainer | Ep [068/500] T-Acc:  62.0%  V-Acc:  59.7%  V-AUROC: 0.6246  LR: 2.00e-04
2026-05-26 19:46:28,730 | [FULL+AUG] | INFO | full_experiments_using.model_trainers.mobile_vit_trainer | Ep [069/500] T-Acc:  62.1%  V-Acc:  59.9%  V-AUROC: 0.6222  LR: 2.00e-04
2026-05-26 19:49:06,928 | [FULL+AUG] | INFO | full_experiments_using.model_trainers.mobile_vit_trainer | Ep [070/500] T-Acc:  61.2%  V-Acc:  60.0%  V-AUROC: 0.6258  LR: 2.00e-04
2026-05-26 19:51:45,272 | [FULL+AUG] | INFO | full_experiments_using.model_trainers.mobile_vit_trainer | Ep [071/500] T-Acc:  62.0%  V-Acc:  59.4%  V-AUROC: 0.6204  LR: 2.00e-04
2026-05-26 19:54:23,192 | [FULL+AUG] | INFO | full_experiments_using.model_trainers.mobile_vit_trainer | Ep [072/500] T-Acc:  61.5%  V-Acc:  60.3%  V-AUROC: 0.6252  LR: 2.00e-04
2026-05-26 19:57:01,541 | [FULL+AUG] | INFO | full_experiments_using.model_trainers.mobile_vit_trainer | Ep [073/500] T-Acc:  61.8%  V-Acc:  60.1%  V-AUROC: 0.6269  LR: 2.00e-04
2026-05-26 19:59:40,406 | [FULL+AUG] | INFO | full_experiments_using.model_trainers.mobile_vit_trainer | Ep [074/500] T-Acc:  61.2%  V-Acc:  60.2%  V-AUROC: 0.6307  LR: 2.00e-04
2026-05-26 19:59:40,569 | [FULL+AUG] | INFO | full_experiments_using.model_trainers.mobile_vit_trainer |   ↳ new best AUROC; saved checkpoint: /home/leggo/AIResearch/VOGBasedMCIDetectionSystemMobileViTSingleExperimentInference/outputs/checkpoints/run_20260524_040820_full_aug/fold_25_best.pth
2026-05-26 20:02:19,095 | [FULL+AUG] | INFO | full_experiments_using.model_trainers.mobile_vit_trainer | Ep [075/500] T-Acc:  61.1%  V-Acc:  60.4%  V-AUROC: 0.6302  LR: 2.00e-04
2026-05-26 20:04:57,106 | [FULL+AUG] | INFO | full_experiments_using.model_trainers.mobile_vit_trainer | Ep [076/500] T-Acc:  62.0%  V-Acc:  60.5%  V-AUROC: 0.6269  LR: 2.00e-04
2026-05-26 20:07:35,138 | [FULL+AUG] | INFO | full_experiments_using.model_trainers.mobile_vit_trainer | Ep [077/500] T-Acc:  63.3%  V-Acc:  59.8%  V-AUROC: 0.6288  LR: 2.00e-04
2026-05-26 20:10:12,358 | [FULL+AUG] | INFO | full_experiments_using.model_trainers.mobile_vit_trainer | Ep [078/500] T-Acc:  61.5%  V-Acc:  59.9%  V-AUROC: 0.6333  LR: 2.00e-04
2026-05-26 20:10:12,533 | [FULL+AUG] | INFO | full_experiments_using.model_trainers.mobile_vit_trainer |   ↳ new best AUROC; saved checkpoint: /home/leggo/AIResearch/VOGBasedMCIDetectionSystemMobileViTSingleExperimentInference/outputs/checkpoints/run_20260524_040820_full_aug/fold_25_best.pth
2026-05-26 20:12:50,195 | [FULL+AUG] | INFO | full_experiments_using.model_trainers.mobile_vit_trainer | Ep [079/500] T-Acc:  61.8%  V-Acc:  59.6%  V-AUROC: 0.6309  LR: 2.00e-04
2026-05-26 20:15:28,706 | [FULL+AUG] | INFO | full_experiments_using.model_trainers.mobile_vit_trainer | Ep [080/500] T-Acc:  62.7%  V-Acc:  60.0%  V-AUROC: 0.6299  LR: 2.00e-04
2026-05-26 20:18:06,556 | [FULL+AUG] | INFO | full_experiments_using.model_trainers.mobile_vit_trainer | Ep [081/500] T-Acc:  61.3%  V-Acc:  60.3%  V-AUROC: 0.6311  LR: 2.00e-04
2026-05-26 20:20:44,877 | [FULL+AUG] | INFO | full_experiments_using.model_trainers.mobile_vit_trainer | Ep [082/500] T-Acc:  62.4%  V-Acc:  59.9%  V-AUROC: 0.6245  LR: 2.00e-04
2026-05-26 20:23:22,683 | [FULL+AUG] | INFO | full_experiments_using.model_trainers.mobile_vit_trainer | Ep [083/500] T-Acc:  62.6%  V-Acc:  60.3%  V-AUROC: 0.6269  LR: 2.00e-04
2026-05-26 20:26:00,628 | [FULL+AUG] | INFO | full_experiments_using.model_trainers.mobile_vit_trainer | Ep [084/500] T-Acc:  61.0%  V-Acc:  60.2%  V-AUROC: 0.6344  LR: 2.00e-04
2026-05-26 20:26:00,783 | [FULL+AUG] | INFO | full_experiments_using.model_trainers.mobile_vit_trainer |   ↳ new best AUROC; saved checkpoint: /home/leggo/AIResearch/VOGBasedMCIDetectionSystemMobileViTSingleExperimentInference/outputs/checkpoints/run_20260524_040820_full_aug/fold_25_best.pth
2026-05-26 20:28:39,522 | [FULL+AUG] | INFO | full_experiments_using.model_trainers.mobile_vit_trainer | Ep [085/500] T-Acc:  62.2%  V-Acc:  60.4%  V-AUROC: 0.6362  LR: 2.00e-04
2026-05-26 20:28:39,677 | [FULL+AUG] | INFO | full_experiments_using.model_trainers.mobile_vit_trainer |   ↳ new best AUROC; saved checkpoint: /home/leggo/AIResearch/VOGBasedMCIDetectionSystemMobileViTSingleExperimentInference/outputs/checkpoints/run_20260524_040820_full_aug/fold_25_best.pth
2026-05-26 20:31:17,826 | [FULL+AUG] | INFO | full_experiments_using.model_trainers.mobile_vit_trainer | Ep [086/500] T-Acc:  62.7%  V-Acc:  60.8%  V-AUROC: 0.6357  LR: 2.00e-04
2026-05-26 20:33:56,400 | [FULL+AUG] | INFO | full_experiments_using.model_trainers.mobile_vit_trainer | Ep [087/500] T-Acc:  61.8%  V-Acc:  60.6%  V-AUROC: 0.6350  LR: 2.00e-04
2026-05-26 20:36:34,847 | [FULL+AUG] | INFO | full_experiments_using.model_trainers.mobile_vit_trainer | Ep [088/500] T-Acc:  62.5%  V-Acc:  60.5%  V-AUROC: 0.6354  LR: 2.00e-04
2026-05-26 20:39:12,781 | [FULL+AUG] | INFO | full_experiments_using.model_trainers.mobile_vit_trainer | Ep [089/500] T-Acc:  62.0%  V-Acc:  60.8%  V-AUROC: 0.6294  LR: 2.00e-04
2026-05-26 20:41:51,664 | [FULL+AUG] | INFO | full_experiments_using.model_trainers.mobile_vit_trainer | Ep [090/500] T-Acc:  62.6%  V-Acc:  60.1%  V-AUROC: 0.6273  LR: 2.00e-04
2026-05-26 20:44:29,630 | [FULL+AUG] | INFO | full_experiments_using.model_trainers.mobile_vit_trainer | Ep [091/500] T-Acc:  62.8%  V-Acc:  59.7%  V-AUROC: 0.6202  LR: 2.00e-04
2026-05-26 20:47:07,999 | [FULL+AUG] | INFO | full_experiments_using.model_trainers.mobile_vit_trainer | Ep [092/500] T-Acc:  62.2%  V-Acc:  60.0%  V-AUROC: 0.6330  LR: 2.00e-04
2026-05-26 20:49:46,585 | [FULL+AUG] | INFO | full_experiments_using.model_trainers.mobile_vit_trainer | Ep [093/500] T-Acc:  62.4%  V-Acc:  59.8%  V-AUROC: 0.6270  LR: 2.00e-04
2026-05-26 20:52:25,307 | [FULL+AUG] | INFO | full_experiments_using.model_trainers.mobile_vit_trainer | Ep [094/500] T-Acc:  61.8%  V-Acc:  60.0%  V-AUROC: 0.6296  LR: 2.00e-04
2026-05-26 20:55:04,198 | [FULL+AUG] | INFO | full_experiments_using.model_trainers.mobile_vit_trainer | Ep [095/500] T-Acc:  62.4%  V-Acc:  59.2%  V-AUROC: 0.6264  LR: 2.00e-04
2026-05-26 20:57:42,750 | [FULL+AUG] | INFO | full_experiments_using.model_trainers.mobile_vit_trainer | Ep [096/500] T-Acc:  61.8%  V-Acc:  60.1%  V-AUROC: 0.6277  LR: 2.00e-04
2026-05-26 21:00:21,273 | [FULL+AUG] | INFO | full_experiments_using.model_trainers.mobile_vit_trainer | Ep [097/500] T-Acc:  61.5%  V-Acc:  59.6%  V-AUROC: 0.6259  LR: 4.00e-05
2026-05-26 21:02:59,849 | [FULL+AUG] | INFO | full_experiments_using.model_trainers.mobile_vit_trainer | Ep [098/500] T-Acc:  62.1%  V-Acc:  59.9%  V-AUROC: 0.6277  LR: 4.00e-05
2026-05-26 21:05:38,311 | [FULL+AUG] | INFO | full_experiments_using.model_trainers.mobile_vit_trainer | Ep [099/500] T-Acc:  62.9%  V-Acc:  59.8%  V-AUROC: 0.6266  LR: 4.00e-05
2026-05-26 21:08:16,594 | [FULL+AUG] | INFO | full_experiments_using.model_trainers.mobile_vit_trainer | Ep [100/500] T-Acc:  62.3%  V-Acc:  59.7%  V-AUROC: 0.6271  LR: 4.00e-05
2026-05-26 21:10:55,235 | [FULL+AUG] | INFO | full_experiments_using.model_trainers.mobile_vit_trainer | Ep [101/500] T-Acc:  61.4%  V-Acc:  59.9%  V-AUROC: 0.6241  LR: 4.00e-05
2026-05-26 21:13:34,049 | [FULL+AUG] | INFO | full_experiments_using.model_trainers.mobile_vit_trainer | Ep [102/500] T-Acc:  62.0%  V-Acc:  59.6%  V-AUROC: 0.6236  LR: 4.00e-05
2026-05-26 21:16:12,121 | [FULL+AUG] | INFO | full_experiments_using.model_trainers.mobile_vit_trainer | Ep [103/500] T-Acc:  62.4%  V-Acc:  59.8%  V-AUROC: 0.6273  LR: 4.00e-05
2026-05-26 21:18:50,412 | [FULL+AUG] | INFO | full_experiments_using.model_trainers.mobile_vit_trainer | Ep [104/500] T-Acc:  61.5%  V-Acc:  59.8%  V-AUROC: 0.6246  LR: 4.00e-05
2026-05-26 21:21:29,154 | [FULL+AUG] | INFO | full_experiments_using.model_trainers.mobile_vit_trainer | Ep [105/500] T-Acc:  62.4%  V-Acc:  59.7%  V-AUROC: 0.6280  LR: 4.00e-05
2026-05-26 21:24:08,216 | [FULL+AUG] | INFO | full_experiments_using.model_trainers.mobile_vit_trainer | Ep [106/500] T-Acc:  61.9%  V-Acc:  59.9%  V-AUROC: 0.6276  LR: 4.00e-05
2026-05-26 21:26:46,900 | [FULL+AUG] | INFO | full_experiments_using.model_trainers.mobile_vit_trainer | Ep [107/500] T-Acc:  61.5%  V-Acc:  60.2%  V-AUROC: 0.6280  LR: 4.00e-05
2026-05-26 21:29:25,745 | [FULL+AUG] | INFO | full_experiments_using.model_trainers.mobile_vit_trainer | Ep [108/500] T-Acc:  62.4%  V-Acc:  59.6%  V-AUROC: 0.6281  LR: 8.00e-06
2026-05-26 21:32:04,683 | [FULL+AUG] | INFO | full_experiments_using.model_trainers.mobile_vit_trainer | Ep [109/500] T-Acc:  61.7%  V-Acc:  59.6%  V-AUROC: 0.6265  LR: 8.00e-06
2026-05-26 21:34:43,289 | [FULL+AUG] | INFO | full_experiments_using.model_trainers.mobile_vit_trainer | Ep [110/500] T-Acc:  61.8%  V-Acc:  59.6%  V-AUROC: 0.6286  LR: 8.00e-06
2026-05-26 21:37:21,589 | [FULL+AUG] | INFO | full_experiments_using.model_trainers.mobile_vit_trainer | Ep [111/500] T-Acc:  61.8%  V-Acc:  59.3%  V-AUROC: 0.6253  LR: 8.00e-06
2026-05-26 21:39:59,593 | [FULL+AUG] | INFO | full_experiments_using.model_trainers.mobile_vit_trainer | Ep [112/500] T-Acc:  62.7%  V-Acc:  59.6%  V-AUROC: 0.6248  LR: 8.00e-06
2026-05-26 21:42:38,246 | [FULL+AUG] | INFO | full_experiments_using.model_trainers.mobile_vit_trainer | Ep [113/500] T-Acc:  61.5%  V-Acc:  59.7%  V-AUROC: 0.6274  LR: 8.00e-06
2026-05-26 21:45:16,311 | [FULL+AUG] | INFO | full_experiments_using.model_trainers.mobile_vit_trainer | Ep [114/500] T-Acc:  62.0%  V-Acc:  59.7%  V-AUROC: 0.6265  LR: 8.00e-06
2026-05-26 21:47:54,609 | [FULL+AUG] | INFO | full_experiments_using.model_trainers.mobile_vit_trainer | Ep [115/500] T-Acc:  62.8%  V-Acc:  59.7%  V-AUROC: 0.6280  LR: 8.00e-06
2026-05-26 21:50:33,181 | [FULL+AUG] | INFO | full_experiments_using.model_trainers.mobile_vit_trainer | Ep [116/500] T-Acc:  61.8%  V-Acc:  59.0%  V-AUROC: 0.6255  LR: 8.00e-06
2026-05-26 21:53:12,033 | [FULL+AUG] | INFO | full_experiments_using.model_trainers.mobile_vit_trainer | Ep [117/500] T-Acc:  62.7%  V-Acc:  59.5%  V-AUROC: 0.6276  LR: 8.00e-06
2026-05-26 21:55:50,686 | [FULL+AUG] | INFO | full_experiments_using.model_trainers.mobile_vit_trainer | Ep [118/500] T-Acc:  61.4%  V-Acc:  59.5%  V-AUROC: 0.6254  LR: 8.00e-06
2026-05-26 21:58:29,526 | [FULL+AUG] | INFO | full_experiments_using.model_trainers.mobile_vit_trainer | Ep [119/500] T-Acc:  62.0%  V-Acc:  59.9%  V-AUROC: 0.6279  LR: 1.60e-06
2026-05-26 22:01:07,871 | [FULL+AUG] | INFO | full_experiments_using.model_trainers.mobile_vit_trainer | Ep [120/500] T-Acc:  62.2%  V-Acc:  60.2%  V-AUROC: 0.6278  LR: 1.60e-06
2026-05-26 22:03:45,562 | [FULL+AUG] | INFO | full_experiments_using.model_trainers.mobile_vit_trainer | Ep [121/500] T-Acc:  60.9%  V-Acc:  59.4%  V-AUROC: 0.6275  LR: 1.60e-06
2026-05-26 22:06:24,225 | [FULL+AUG] | INFO | full_experiments_using.model_trainers.mobile_vit_trainer | Ep [122/500] T-Acc:  62.0%  V-Acc:  59.9%  V-AUROC: 0.6271  LR: 1.60e-06
2026-05-26 22:09:02,783 | [FULL+AUG] | INFO | full_experiments_using.model_trainers.mobile_vit_trainer | Ep [123/500] T-Acc:  61.7%  V-Acc:  59.7%  V-AUROC: 0.6269  LR: 1.60e-06
2026-05-26 22:11:40,469 | [FULL+AUG] | INFO | full_experiments_using.model_trainers.mobile_vit_trainer | Ep [124/500] T-Acc:  61.7%  V-Acc:  59.9%  V-AUROC: 0.6268  LR: 1.60e-06
2026-05-26 22:14:18,692 | [FULL+AUG] | INFO | full_experiments_using.model_trainers.mobile_vit_trainer | Ep [125/500] T-Acc:  62.3%  V-Acc:  60.3%  V-AUROC: 0.6292  LR: 1.60e-06
2026-05-26 22:14:18,693 | [FULL+AUG] | INFO | full_experiments_using.model_trainers.mobile_vit_trainer | Early stop — best AUROC 0.6362 at epoch 85 (no improvement for 40 epochs)
2026-05-26 22:14:18,693 | [FULL+AUG] | INFO | full_experiments_using.model_trainers.mobile_vit_trainer | Done. Best AUROC: 0.6362 (epoch 85) → /home/leggo/AIResearch/VOGBasedMCIDetectionSystemMobileViTSingleExperimentInference/outputs/checkpoints/run_20260524_040820_full_aug/fold_25_best.pth
2026-05-26 22:15:04,112 | [FULL+AUG] | INFO | full_experiments_using.evaluators.monte_carlo_evaluator | -> Fold 26 Result | Acc=0.667 Sens=0.333 Spec=1.000 AUROC=0.889
2026-05-26 22:15:04,119 | [FULL+AUG] | INFO | full_experiments_using.evaluators.monte_carlo_evaluator | === Fold 27/30 | train: 25 subj / 3913 windows | test: 12 subj / 1823 windows ===
2026-05-26 22:15:04,403 | [FULL+AUG] | INFO | httpx | HTTP Request: HEAD https://huggingface.co/apple/mobilevit-small/resolve/main/config.json "HTTP/1.1 307 Temporary Redirect"
2026-05-26 22:15:04,417 | [FULL+AUG] | INFO | httpx | HTTP Request: HEAD https://huggingface.co/api/resolve-cache/models/apple/mobilevit-small/6c8612545dc98676d27bc518fa521d9e9af23e34/config.json "HTTP/1.1 200 OK"
2026-05-26 22:15:04,649 | [FULL+AUG] | INFO | httpx | HTTP Request: HEAD https://huggingface.co/apple/mobilevit-small/resolve/main/model.safetensors "HTTP/1.1 404 Not Found"
2026-05-26 22:15:04,861 | [FULL+AUG] | INFO | httpx | HTTP Request: HEAD https://huggingface.co/apple/mobilevit-small/resolve/main/model.safetensors.index.json "HTTP/1.1 404 Not Found"
2026-05-26 22:15:05,084 | [FULL+AUG] | INFO | httpx | HTTP Request: HEAD https://huggingface.co/apple/mobilevit-small/resolve/main/pytorch_model.bin "HTTP/1.1 302 Found"
2026-05-26 22:15:05,295 | [FULL+AUG] | INFO | httpx | HTTP Request: HEAD https://huggingface.co/apple/mobilevit-small/resolve/main/model.safetensors "HTTP/1.1 404 Not Found"
2026-05-26 22:15:05,509 | [FULL+AUG] | INFO | httpx | HTTP Request: GET https://huggingface.co/api/models/apple/mobilevit-small "HTTP/1.1 200 OK"
2026-05-26 22:15:05,760 | [FULL+AUG] | INFO | httpx | HTTP Request: GET https://huggingface.co/api/models/apple/mobilevit-small/commits/main "HTTP/1.1 200 OK"
2026-05-26 22:15:05,992 | [FULL+AUG] | INFO | httpx | HTTP Request: GET https://huggingface.co/api/models/apple/mobilevit-small/discussions?p=0 "HTTP/1.1 200 OK"
2026-05-26 22:15:06,220 | [FULL+AUG] | INFO | httpx | HTTP Request: GET https://huggingface.co/api/models/apple/mobilevit-small/commits/refs%2Fpr%2F6 "HTTP/1.1 200 OK"
2026-05-26 22:15:06,430 | [FULL+AUG] | INFO | httpx | HTTP Request: HEAD https://huggingface.co/apple/mobilevit-small/resolve/refs%2Fpr%2F6/model.safetensors.index.json "HTTP/1.1 404 Not Found"
2026-05-26 22:15:06,653 | [FULL+AUG] | INFO | httpx | HTTP Request: HEAD https://huggingface.co/apple/mobilevit-small/resolve/refs%2Fpr%2F6/model.safetensors "HTTP/1.1 302 Found"
2026-05-26 22:15:08,038 | [FULL+AUG] | INFO | full_experiments_using.model_trainers.mobile_vit_trainer | Device: cuda | max_epochs=500 | batch=32 | es_patience=40
2026-05-26 22:15:08,045 | [FULL+AUG] | INFO | full_experiments_using.model_trainers.mobile_vit_trainer | CE weights — HC: 1.226  MCI: 0.844
2026-05-26 22:17:50,275 | [FULL+AUG] | INFO | full_experiments_using.model_trainers.mobile_vit_trainer | Ep [001/500] T-Acc:  45.6%  V-Acc:  47.0%  V-AUROC: 0.4690  LR: 2.00e-04
2026-05-26 22:17:50,376 | [FULL+AUG] | INFO | full_experiments_using.model_trainers.mobile_vit_trainer |   ↳ new best AUROC; saved checkpoint: /home/leggo/AIResearch/VOGBasedMCIDetectionSystemMobileViTSingleExperimentInference/outputs/checkpoints/run_20260524_040820_full_aug/fold_26_best.pth
2026-05-26 22:20:32,814 | [FULL+AUG] | INFO | full_experiments_using.model_trainers.mobile_vit_trainer | Ep [002/500] T-Acc:  47.3%  V-Acc:  47.6%  V-AUROC: 0.4818  LR: 4.00e-04
2026-05-26 22:20:32,926 | [FULL+AUG] | INFO | full_experiments_using.model_trainers.mobile_vit_trainer |   ↳ new best AUROC; saved checkpoint: /home/leggo/AIResearch/VOGBasedMCIDetectionSystemMobileViTSingleExperimentInference/outputs/checkpoints/run_20260524_040820_full_aug/fold_26_best.pth
2026-05-26 22:23:16,269 | [FULL+AUG] | INFO | full_experiments_using.model_trainers.mobile_vit_trainer | Ep [003/500] T-Acc:  49.4%  V-Acc:  49.6%  V-AUROC: 0.4866  LR: 6.00e-04
2026-05-26 22:23:16,393 | [FULL+AUG] | INFO | full_experiments_using.model_trainers.mobile_vit_trainer |   ↳ new best AUROC; saved checkpoint: /home/leggo/AIResearch/VOGBasedMCIDetectionSystemMobileViTSingleExperimentInference/outputs/checkpoints/run_20260524_040820_full_aug/fold_26_best.pth
2026-05-26 22:25:58,881 | [FULL+AUG] | INFO | full_experiments_using.model_trainers.mobile_vit_trainer | Ep [004/500] T-Acc:  48.9%  V-Acc:  51.6%  V-AUROC: 0.5334  LR: 8.00e-04
2026-05-26 22:25:58,994 | [FULL+AUG] | INFO | full_experiments_using.model_trainers.mobile_vit_trainer |   ↳ new best AUROC; saved checkpoint: /home/leggo/AIResearch/VOGBasedMCIDetectionSystemMobileViTSingleExperimentInference/outputs/checkpoints/run_20260524_040820_full_aug/fold_26_best.pth
2026-05-26 22:28:42,324 | [FULL+AUG] | INFO | full_experiments_using.model_trainers.mobile_vit_trainer | Ep [005/500] T-Acc:  50.7%  V-Acc:  55.4%  V-AUROC: 0.5675  LR: 1.00e-03
2026-05-26 22:28:42,489 | [FULL+AUG] | INFO | full_experiments_using.model_trainers.mobile_vit_trainer |   ↳ new best AUROC; saved checkpoint: /home/leggo/AIResearch/VOGBasedMCIDetectionSystemMobileViTSingleExperimentInference/outputs/checkpoints/run_20260524_040820_full_aug/fold_26_best.pth
2026-05-26 22:31:25,766 | [FULL+AUG] | INFO | full_experiments_using.model_trainers.mobile_vit_trainer | Ep [006/500] T-Acc:  50.1%  V-Acc:  52.8%  V-AUROC: 0.5417  LR: 1.00e-03
2026-05-26 22:34:09,508 | [FULL+AUG] | INFO | full_experiments_using.model_trainers.mobile_vit_trainer | Ep [007/500] T-Acc:  51.5%  V-Acc:  53.2%  V-AUROC: 0.5438  LR: 1.00e-03
2026-05-26 22:36:52,178 | [FULL+AUG] | INFO | full_experiments_using.model_trainers.mobile_vit_trainer | Ep [008/500] T-Acc:  54.1%  V-Acc:  53.2%  V-AUROC: 0.5634  LR: 1.00e-03
2026-05-26 22:39:35,434 | [FULL+AUG] | INFO | full_experiments_using.model_trainers.mobile_vit_trainer | Ep [009/500] T-Acc:  55.7%  V-Acc:  52.4%  V-AUROC: 0.5647  LR: 1.00e-03
2026-05-26 22:42:19,194 | [FULL+AUG] | INFO | full_experiments_using.model_trainers.mobile_vit_trainer | Ep [010/500] T-Acc:  56.0%  V-Acc:  55.1%  V-AUROC: 0.5706  LR: 1.00e-03
2026-05-26 22:42:19,356 | [FULL+AUG] | INFO | full_experiments_using.model_trainers.mobile_vit_trainer |   ↳ new best AUROC; saved checkpoint: /home/leggo/AIResearch/VOGBasedMCIDetectionSystemMobileViTSingleExperimentInference/outputs/checkpoints/run_20260524_040820_full_aug/fold_26_best.pth
2026-05-26 22:45:01,706 | [FULL+AUG] | INFO | full_experiments_using.model_trainers.mobile_vit_trainer | Ep [011/500] T-Acc:  56.5%  V-Acc:  54.6%  V-AUROC: 0.5868  LR: 1.00e-03
2026-05-26 22:45:01,852 | [FULL+AUG] | INFO | full_experiments_using.model_trainers.mobile_vit_trainer |   ↳ new best AUROC; saved checkpoint: /home/leggo/AIResearch/VOGBasedMCIDetectionSystemMobileViTSingleExperimentInference/outputs/checkpoints/run_20260524_040820_full_aug/fold_26_best.pth
2026-05-26 22:47:45,133 | [FULL+AUG] | INFO | full_experiments_using.model_trainers.mobile_vit_trainer | Ep [012/500] T-Acc:  56.5%  V-Acc:  56.9%  V-AUROC: 0.5962  LR: 1.00e-03
2026-05-26 22:47:45,291 | [FULL+AUG] | INFO | full_experiments_using.model_trainers.mobile_vit_trainer |   ↳ new best AUROC; saved checkpoint: /home/leggo/AIResearch/VOGBasedMCIDetectionSystemMobileViTSingleExperimentInference/outputs/checkpoints/run_20260524_040820_full_aug/fold_26_best.pth
2026-05-26 22:50:27,449 | [FULL+AUG] | INFO | full_experiments_using.model_trainers.mobile_vit_trainer | Ep [013/500] T-Acc:  57.2%  V-Acc:  56.8%  V-AUROC: 0.6113  LR: 1.00e-03
2026-05-26 22:50:27,561 | [FULL+AUG] | INFO | full_experiments_using.model_trainers.mobile_vit_trainer |   ↳ new best AUROC; saved checkpoint: /home/leggo/AIResearch/VOGBasedMCIDetectionSystemMobileViTSingleExperimentInference/outputs/checkpoints/run_20260524_040820_full_aug/fold_26_best.pth
2026-05-26 22:53:10,670 | [FULL+AUG] | INFO | full_experiments_using.model_trainers.mobile_vit_trainer | Ep [014/500] T-Acc:  57.5%  V-Acc:  58.4%  V-AUROC: 0.6185  LR: 1.00e-03
2026-05-26 22:53:10,838 | [FULL+AUG] | INFO | full_experiments_using.model_trainers.mobile_vit_trainer |   ↳ new best AUROC; saved checkpoint: /home/leggo/AIResearch/VOGBasedMCIDetectionSystemMobileViTSingleExperimentInference/outputs/checkpoints/run_20260524_040820_full_aug/fold_26_best.pth
2026-05-26 22:55:54,155 | [FULL+AUG] | INFO | full_experiments_using.model_trainers.mobile_vit_trainer | Ep [015/500] T-Acc:  57.6%  V-Acc:  57.5%  V-AUROC: 0.6230  LR: 1.00e-03
2026-05-26 22:55:54,312 | [FULL+AUG] | INFO | full_experiments_using.model_trainers.mobile_vit_trainer |   ↳ new best AUROC; saved checkpoint: /home/leggo/AIResearch/VOGBasedMCIDetectionSystemMobileViTSingleExperimentInference/outputs/checkpoints/run_20260524_040820_full_aug/fold_26_best.pth
2026-05-26 22:58:37,345 | [FULL+AUG] | INFO | full_experiments_using.model_trainers.mobile_vit_trainer | Ep [016/500] T-Acc:  58.7%  V-Acc:  56.1%  V-AUROC: 0.6177  LR: 1.00e-03
2026-05-26 23:01:20,618 | [FULL+AUG] | INFO | full_experiments_using.model_trainers.mobile_vit_trainer | Ep [017/500] T-Acc:  57.4%  V-Acc:  56.7%  V-AUROC: 0.6220  LR: 1.00e-03
2026-05-26 23:04:03,814 | [FULL+AUG] | INFO | full_experiments_using.model_trainers.mobile_vit_trainer | Ep [018/500] T-Acc:  59.1%  V-Acc:  57.2%  V-AUROC: 0.6235  LR: 1.00e-03
2026-05-26 23:04:03,974 | [FULL+AUG] | INFO | full_experiments_using.model_trainers.mobile_vit_trainer |   ↳ new best AUROC; saved checkpoint: /home/leggo/AIResearch/VOGBasedMCIDetectionSystemMobileViTSingleExperimentInference/outputs/checkpoints/run_20260524_040820_full_aug/fold_26_best.pth
2026-05-26 23:06:47,279 | [FULL+AUG] | INFO | full_experiments_using.model_trainers.mobile_vit_trainer | Ep [019/500] T-Acc:  59.9%  V-Acc:  59.9%  V-AUROC: 0.6305  LR: 1.00e-03
2026-05-26 23:06:47,451 | [FULL+AUG] | INFO | full_experiments_using.model_trainers.mobile_vit_trainer |   ↳ new best AUROC; saved checkpoint: /home/leggo/AIResearch/VOGBasedMCIDetectionSystemMobileViTSingleExperimentInference/outputs/checkpoints/run_20260524_040820_full_aug/fold_26_best.pth
2026-05-26 23:09:30,932 | [FULL+AUG] | INFO | full_experiments_using.model_trainers.mobile_vit_trainer | Ep [020/500] T-Acc:  59.9%  V-Acc:  59.7%  V-AUROC: 0.6477  LR: 1.00e-03
2026-05-26 23:09:31,097 | [FULL+AUG] | INFO | full_experiments_using.model_trainers.mobile_vit_trainer |   ↳ new best AUROC; saved checkpoint: /home/leggo/AIResearch/VOGBasedMCIDetectionSystemMobileViTSingleExperimentInference/outputs/checkpoints/run_20260524_040820_full_aug/fold_26_best.pth
2026-05-26 23:12:14,714 | [FULL+AUG] | INFO | full_experiments_using.model_trainers.mobile_vit_trainer | Ep [021/500] T-Acc:  60.5%  V-Acc:  60.5%  V-AUROC: 0.6387  LR: 1.00e-03
2026-05-26 23:14:57,492 | [FULL+AUG] | INFO | full_experiments_using.model_trainers.mobile_vit_trainer | Ep [022/500] T-Acc:  60.6%  V-Acc:  60.6%  V-AUROC: 0.6411  LR: 1.00e-03
2026-05-26 23:17:40,565 | [FULL+AUG] | INFO | full_experiments_using.model_trainers.mobile_vit_trainer | Ep [023/500] T-Acc:  60.2%  V-Acc:  60.4%  V-AUROC: 0.6372  LR: 1.00e-03
2026-05-26 23:20:24,025 | [FULL+AUG] | INFO | full_experiments_using.model_trainers.mobile_vit_trainer | Ep [024/500] T-Acc:  59.8%  V-Acc:  60.9%  V-AUROC: 0.6435  LR: 1.00e-03
2026-05-26 23:23:01,941 | [FULL+AUG] | INFO | full_experiments_using.model_trainers.mobile_vit_trainer | Ep [025/500] T-Acc:  60.0%  V-Acc:  60.3%  V-AUROC: 0.6430  LR: 1.00e-03
2026-05-26 23:25:12,986 | [FULL+AUG] | INFO | full_experiments_using.model_trainers.mobile_vit_trainer | Ep [026/500] T-Acc:  60.6%  V-Acc:  61.3%  V-AUROC: 0.6521  LR: 1.00e-03
2026-05-26 23:25:13,151 | [FULL+AUG] | INFO | full_experiments_using.model_trainers.mobile_vit_trainer |   ↳ new best AUROC; saved checkpoint: /home/leggo/AIResearch/VOGBasedMCIDetectionSystemMobileViTSingleExperimentInference/outputs/checkpoints/run_20260524_040820_full_aug/fold_26_best.pth
2026-05-26 23:27:24,359 | [FULL+AUG] | INFO | full_experiments_using.model_trainers.mobile_vit_trainer | Ep [027/500] T-Acc:  61.2%  V-Acc:  60.0%  V-AUROC: 0.6531  LR: 1.00e-03
2026-05-26 23:27:24,481 | [FULL+AUG] | INFO | full_experiments_using.model_trainers.mobile_vit_trainer |   ↳ new best AUROC; saved checkpoint: /home/leggo/AIResearch/VOGBasedMCIDetectionSystemMobileViTSingleExperimentInference/outputs/checkpoints/run_20260524_040820_full_aug/fold_26_best.pth
2026-05-26 23:29:37,813 | [FULL+AUG] | INFO | full_experiments_using.model_trainers.mobile_vit_trainer | Ep [028/500] T-Acc:  60.6%  V-Acc:  60.3%  V-AUROC: 0.6525  LR: 1.00e-03
2026-05-26 23:31:48,631 | [FULL+AUG] | INFO | full_experiments_using.model_trainers.mobile_vit_trainer | Ep [029/500] T-Acc:  61.0%  V-Acc:  60.5%  V-AUROC: 0.6391  LR: 1.00e-03
2026-05-26 23:34:00,163 | [FULL+AUG] | INFO | full_experiments_using.model_trainers.mobile_vit_trainer | Ep [030/500] T-Acc:  62.4%  V-Acc:  60.9%  V-AUROC: 0.6518  LR: 1.00e-03
2026-05-26 23:36:12,439 | [FULL+AUG] | INFO | full_experiments_using.model_trainers.mobile_vit_trainer | Ep [031/500] T-Acc:  62.0%  V-Acc:  61.4%  V-AUROC: 0.6543  LR: 1.00e-03
2026-05-26 23:36:12,558 | [FULL+AUG] | INFO | full_experiments_using.model_trainers.mobile_vit_trainer |   ↳ new best AUROC; saved checkpoint: /home/leggo/AIResearch/VOGBasedMCIDetectionSystemMobileViTSingleExperimentInference/outputs/checkpoints/run_20260524_040820_full_aug/fold_26_best.pth
2026-05-26 23:38:25,967 | [FULL+AUG] | INFO | full_experiments_using.model_trainers.mobile_vit_trainer | Ep [032/500] T-Acc:  62.1%  V-Acc:  60.6%  V-AUROC: 0.6528  LR: 1.00e-03
2026-05-26 23:40:36,706 | [FULL+AUG] | INFO | full_experiments_using.model_trainers.mobile_vit_trainer | Ep [033/500] T-Acc:  62.3%  V-Acc:  61.1%  V-AUROC: 0.6537  LR: 1.00e-03
2026-05-26 23:42:47,787 | [FULL+AUG] | INFO | full_experiments_using.model_trainers.mobile_vit_trainer | Ep [034/500] T-Acc:  61.6%  V-Acc:  60.1%  V-AUROC: 0.6453  LR: 1.00e-03
2026-05-26 23:44:58,549 | [FULL+AUG] | INFO | full_experiments_using.model_trainers.mobile_vit_trainer | Ep [035/500] T-Acc:  62.5%  V-Acc:  61.5%  V-AUROC: 0.6475  LR: 1.00e-03
2026-05-26 23:47:09,483 | [FULL+AUG] | INFO | full_experiments_using.model_trainers.mobile_vit_trainer | Ep [036/500] T-Acc:  62.4%  V-Acc:  60.6%  V-AUROC: 0.6595  LR: 1.00e-03
2026-05-26 23:47:09,606 | [FULL+AUG] | INFO | full_experiments_using.model_trainers.mobile_vit_trainer |   ↳ new best AUROC; saved checkpoint: /home/leggo/AIResearch/VOGBasedMCIDetectionSystemMobileViTSingleExperimentInference/outputs/checkpoints/run_20260524_040820_full_aug/fold_26_best.pth
2026-05-26 23:49:20,098 | [FULL+AUG] | INFO | full_experiments_using.model_trainers.mobile_vit_trainer | Ep [037/500] T-Acc:  62.7%  V-Acc:  61.3%  V-AUROC: 0.6560  LR: 1.00e-03
2026-05-26 23:51:30,655 | [FULL+AUG] | INFO | full_experiments_using.model_trainers.mobile_vit_trainer | Ep [038/500] T-Acc:  62.4%  V-Acc:  60.0%  V-AUROC: 0.6582  LR: 1.00e-03
2026-05-26 23:53:43,991 | [FULL+AUG] | INFO | full_experiments_using.model_trainers.mobile_vit_trainer | Ep [039/500] T-Acc:  62.3%  V-Acc:  60.8%  V-AUROC: 0.6461  LR: 1.00e-03
2026-05-26 23:55:57,269 | [FULL+AUG] | INFO | full_experiments_using.model_trainers.mobile_vit_trainer | Ep [040/500] T-Acc:  62.3%  V-Acc:  60.9%  V-AUROC: 0.6573  LR: 1.00e-03
2026-05-26 23:58:08,142 | [FULL+AUG] | INFO | full_experiments_using.model_trainers.mobile_vit_trainer | Ep [041/500] T-Acc:  63.4%  V-Acc:  60.0%  V-AUROC: 0.6444  LR: 1.00e-03
2026-05-27 00:00:18,927 | [FULL+AUG] | INFO | full_experiments_using.model_trainers.mobile_vit_trainer | Ep [042/500] T-Acc:  62.9%  V-Acc:  60.9%  V-AUROC: 0.6520  LR: 1.00e-03
2026-05-27 00:02:29,769 | [FULL+AUG] | INFO | full_experiments_using.model_trainers.mobile_vit_trainer | Ep [043/500] T-Acc:  63.4%  V-Acc:  60.1%  V-AUROC: 0.6550  LR: 1.00e-03
2026-05-27 00:04:40,688 | [FULL+AUG] | INFO | full_experiments_using.model_trainers.mobile_vit_trainer | Ep [044/500] T-Acc:  63.1%  V-Acc:  61.5%  V-AUROC: 0.6532  LR: 1.00e-03
2026-05-27 00:06:51,499 | [FULL+AUG] | INFO | full_experiments_using.model_trainers.mobile_vit_trainer | Ep [045/500] T-Acc:  62.8%  V-Acc:  60.3%  V-AUROC: 0.6629  LR: 1.00e-03
2026-05-27 00:06:51,624 | [FULL+AUG] | INFO | full_experiments_using.model_trainers.mobile_vit_trainer |   ↳ new best AUROC; saved checkpoint: /home/leggo/AIResearch/VOGBasedMCIDetectionSystemMobileViTSingleExperimentInference/outputs/checkpoints/run_20260524_040820_full_aug/fold_26_best.pth
2026-05-27 00:09:02,529 | [FULL+AUG] | INFO | full_experiments_using.model_trainers.mobile_vit_trainer | Ep [046/500] T-Acc:  63.5%  V-Acc:  62.0%  V-AUROC: 0.6632  LR: 1.00e-03
2026-05-27 00:09:02,698 | [FULL+AUG] | INFO | full_experiments_using.model_trainers.mobile_vit_trainer |   ↳ new best AUROC; saved checkpoint: /home/leggo/AIResearch/VOGBasedMCIDetectionSystemMobileViTSingleExperimentInference/outputs/checkpoints/run_20260524_040820_full_aug/fold_26_best.pth
2026-05-27 00:11:13,358 | [FULL+AUG] | INFO | full_experiments_using.model_trainers.mobile_vit_trainer | Ep [047/500] T-Acc:  64.1%  V-Acc:  61.3%  V-AUROC: 0.6642  LR: 1.00e-03
2026-05-27 00:11:13,490 | [FULL+AUG] | INFO | full_experiments_using.model_trainers.mobile_vit_trainer |   ↳ new best AUROC; saved checkpoint: /home/leggo/AIResearch/VOGBasedMCIDetectionSystemMobileViTSingleExperimentInference/outputs/checkpoints/run_20260524_040820_full_aug/fold_26_best.pth
2026-05-27 00:13:24,178 | [FULL+AUG] | INFO | full_experiments_using.model_trainers.mobile_vit_trainer | Ep [048/500] T-Acc:  62.9%  V-Acc:  61.4%  V-AUROC: 0.6623  LR: 1.00e-03
2026-05-27 00:15:35,046 | [FULL+AUG] | INFO | full_experiments_using.model_trainers.mobile_vit_trainer | Ep [049/500] T-Acc:  63.1%  V-Acc:  59.7%  V-AUROC: 0.6458  LR: 1.00e-03
2026-05-27 00:17:45,797 | [FULL+AUG] | INFO | full_experiments_using.model_trainers.mobile_vit_trainer | Ep [050/500] T-Acc:  62.5%  V-Acc:  60.6%  V-AUROC: 0.6504  LR: 1.00e-03
2026-05-27 00:19:56,564 | [FULL+AUG] | INFO | full_experiments_using.model_trainers.mobile_vit_trainer | Ep [051/500] T-Acc:  62.2%  V-Acc:  61.2%  V-AUROC: 0.6531  LR: 1.00e-03
2026-05-27 00:22:07,382 | [FULL+AUG] | INFO | full_experiments_using.model_trainers.mobile_vit_trainer | Ep [052/500] T-Acc:  62.3%  V-Acc:  61.7%  V-AUROC: 0.6662  LR: 1.00e-03
2026-05-27 00:22:07,539 | [FULL+AUG] | INFO | full_experiments_using.model_trainers.mobile_vit_trainer |   ↳ new best AUROC; saved checkpoint: /home/leggo/AIResearch/VOGBasedMCIDetectionSystemMobileViTSingleExperimentInference/outputs/checkpoints/run_20260524_040820_full_aug/fold_26_best.pth
2026-05-27 00:24:18,460 | [FULL+AUG] | INFO | full_experiments_using.model_trainers.mobile_vit_trainer | Ep [053/500] T-Acc:  63.4%  V-Acc:  61.7%  V-AUROC: 0.6590  LR: 1.00e-03
2026-05-27 00:26:29,315 | [FULL+AUG] | INFO | full_experiments_using.model_trainers.mobile_vit_trainer | Ep [054/500] T-Acc:  63.9%  V-Acc:  60.6%  V-AUROC: 0.6513  LR: 1.00e-03
2026-05-27 00:28:40,282 | [FULL+AUG] | INFO | full_experiments_using.model_trainers.mobile_vit_trainer | Ep [055/500] T-Acc:  63.7%  V-Acc:  61.4%  V-AUROC: 0.6578  LR: 1.00e-03
2026-05-27 00:30:51,148 | [FULL+AUG] | INFO | full_experiments_using.model_trainers.mobile_vit_trainer | Ep [056/500] T-Acc:  64.2%  V-Acc:  60.7%  V-AUROC: 0.6581  LR: 1.00e-03
2026-05-27 00:33:01,889 | [FULL+AUG] | INFO | full_experiments_using.model_trainers.mobile_vit_trainer | Ep [057/500] T-Acc:  64.7%  V-Acc:  61.9%  V-AUROC: 0.6533  LR: 1.00e-03
2026-05-27 00:35:12,904 | [FULL+AUG] | INFO | full_experiments_using.model_trainers.mobile_vit_trainer | Ep [058/500] T-Acc:  64.3%  V-Acc:  61.7%  V-AUROC: 0.6532  LR: 1.00e-03
2026-05-27 00:37:23,828 | [FULL+AUG] | INFO | full_experiments_using.model_trainers.mobile_vit_trainer | Ep [059/500] T-Acc:  63.5%  V-Acc:  59.8%  V-AUROC: 0.6514  LR: 1.00e-03
2026-05-27 00:39:34,656 | [FULL+AUG] | INFO | full_experiments_using.model_trainers.mobile_vit_trainer | Ep [060/500] T-Acc:  62.4%  V-Acc:  58.9%  V-AUROC: 0.6501  LR: 1.00e-03
2026-05-27 00:41:45,541 | [FULL+AUG] | INFO | full_experiments_using.model_trainers.mobile_vit_trainer | Ep [061/500] T-Acc:  63.1%  V-Acc:  61.0%  V-AUROC: 0.6505  LR: 1.00e-03
2026-05-27 00:43:56,433 | [FULL+AUG] | INFO | full_experiments_using.model_trainers.mobile_vit_trainer | Ep [062/500] T-Acc:  64.0%  V-Acc:  61.4%  V-AUROC: 0.6490  LR: 1.00e-03
2026-05-27 00:46:07,371 | [FULL+AUG] | INFO | full_experiments_using.model_trainers.mobile_vit_trainer | Ep [063/500] T-Acc:  64.5%  V-Acc:  61.2%  V-AUROC: 0.6524  LR: 1.00e-03
2026-05-27 00:48:18,275 | [FULL+AUG] | INFO | full_experiments_using.model_trainers.mobile_vit_trainer | Ep [064/500] T-Acc:  64.0%  V-Acc:  61.3%  V-AUROC: 0.6515  LR: 2.00e-04
2026-05-27 00:50:29,247 | [FULL+AUG] | INFO | full_experiments_using.model_trainers.mobile_vit_trainer | Ep [065/500] T-Acc:  64.4%  V-Acc:  60.9%  V-AUROC: 0.6521  LR: 2.00e-04
2026-05-27 00:52:40,060 | [FULL+AUG] | INFO | full_experiments_using.model_trainers.mobile_vit_trainer | Ep [066/500] T-Acc:  64.0%  V-Acc:  60.4%  V-AUROC: 0.6473  LR: 2.00e-04
2026-05-27 00:54:49,851 | [FULL+AUG] | INFO | full_experiments_using.model_trainers.mobile_vit_trainer | Ep [067/500] T-Acc:  64.1%  V-Acc:  60.7%  V-AUROC: 0.6493  LR: 2.00e-04
2026-05-27 00:57:00,563 | [FULL+AUG] | INFO | full_experiments_using.model_trainers.mobile_vit_trainer | Ep [068/500] T-Acc:  63.3%  V-Acc:  61.5%  V-AUROC: 0.6493  LR: 2.00e-04
2026-05-27 00:59:11,395 | [FULL+AUG] | INFO | full_experiments_using.model_trainers.mobile_vit_trainer | Ep [069/500] T-Acc:  65.0%  V-Acc:  60.6%  V-AUROC: 0.6470  LR: 2.00e-04
2026-05-27 01:01:22,200 | [FULL+AUG] | INFO | full_experiments_using.model_trainers.mobile_vit_trainer | Ep [070/500] T-Acc:  63.8%  V-Acc:  60.8%  V-AUROC: 0.6453  LR: 2.00e-04
2026-05-27 01:03:32,981 | [FULL+AUG] | INFO | full_experiments_using.model_trainers.mobile_vit_trainer | Ep [071/500] T-Acc:  63.8%  V-Acc:  61.0%  V-AUROC: 0.6468  LR: 2.00e-04
2026-05-27 01:05:43,691 | [FULL+AUG] | INFO | full_experiments_using.model_trainers.mobile_vit_trainer | Ep [072/500] T-Acc:  63.4%  V-Acc:  60.7%  V-AUROC: 0.6458  LR: 2.00e-04
2026-05-27 01:07:54,529 | [FULL+AUG] | INFO | full_experiments_using.model_trainers.mobile_vit_trainer | Ep [073/500] T-Acc:  64.5%  V-Acc:  60.4%  V-AUROC: 0.6476  LR: 2.00e-04
2026-05-27 01:10:05,445 | [FULL+AUG] | INFO | full_experiments_using.model_trainers.mobile_vit_trainer | Ep [074/500] T-Acc:  64.8%  V-Acc:  60.6%  V-AUROC: 0.6474  LR: 2.00e-04
2026-05-27 01:12:15,418 | [FULL+AUG] | INFO | full_experiments_using.model_trainers.mobile_vit_trainer | Ep [075/500] T-Acc:  65.8%  V-Acc:  60.9%  V-AUROC: 0.6476  LR: 4.00e-05
2026-05-27 01:14:26,139 | [FULL+AUG] | INFO | full_experiments_using.model_trainers.mobile_vit_trainer | Ep [076/500] T-Acc:  65.3%  V-Acc:  60.4%  V-AUROC: 0.6461  LR: 4.00e-05
2026-05-27 01:16:37,152 | [FULL+AUG] | INFO | full_experiments_using.model_trainers.mobile_vit_trainer | Ep [077/500] T-Acc:  64.7%  V-Acc:  60.7%  V-AUROC: 0.6479  LR: 4.00e-05
2026-05-27 01:18:47,795 | [FULL+AUG] | INFO | full_experiments_using.model_trainers.mobile_vit_trainer | Ep [078/500] T-Acc:  63.9%  V-Acc:  60.5%  V-AUROC: 0.6472  LR: 4.00e-05
2026-05-27 01:20:58,331 | [FULL+AUG] | INFO | full_experiments_using.model_trainers.mobile_vit_trainer | Ep [079/500] T-Acc:  64.2%  V-Acc:  60.8%  V-AUROC: 0.6485  LR: 4.00e-05
2026-05-27 01:23:09,201 | [FULL+AUG] | INFO | full_experiments_using.model_trainers.mobile_vit_trainer | Ep [080/500] T-Acc:  64.1%  V-Acc:  60.6%  V-AUROC: 0.6481  LR: 4.00e-05
2026-05-27 01:25:19,798 | [FULL+AUG] | INFO | full_experiments_using.model_trainers.mobile_vit_trainer | Ep [081/500] T-Acc:  64.7%  V-Acc:  60.6%  V-AUROC: 0.6488  LR: 4.00e-05
2026-05-27 01:27:30,384 | [FULL+AUG] | INFO | full_experiments_using.model_trainers.mobile_vit_trainer | Ep [082/500] T-Acc:  64.1%  V-Acc:  60.8%  V-AUROC: 0.6480  LR: 4.00e-05
2026-05-27 01:29:41,136 | [FULL+AUG] | INFO | full_experiments_using.model_trainers.mobile_vit_trainer | Ep [083/500] T-Acc:  64.1%  V-Acc:  60.0%  V-AUROC: 0.6494  LR: 4.00e-05
2026-05-27 01:31:52,200 | [FULL+AUG] | INFO | full_experiments_using.model_trainers.mobile_vit_trainer | Ep [084/500] T-Acc:  65.0%  V-Acc:  60.8%  V-AUROC: 0.6468  LR: 4.00e-05
2026-05-27 01:34:03,605 | [FULL+AUG] | INFO | full_experiments_using.model_trainers.mobile_vit_trainer | Ep [085/500] T-Acc:  64.0%  V-Acc:  60.9%  V-AUROC: 0.6483  LR: 4.00e-05
2026-05-27 01:36:15,104 | [FULL+AUG] | INFO | full_experiments_using.model_trainers.mobile_vit_trainer | Ep [086/500] T-Acc:  65.7%  V-Acc:  60.6%  V-AUROC: 0.6492  LR: 8.00e-06
2026-05-27 01:38:25,650 | [FULL+AUG] | INFO | full_experiments_using.model_trainers.mobile_vit_trainer | Ep [087/500] T-Acc:  65.4%  V-Acc:  60.6%  V-AUROC: 0.6486  LR: 8.00e-06
2026-05-27 01:40:36,188 | [FULL+AUG] | INFO | full_experiments_using.model_trainers.mobile_vit_trainer | Ep [088/500] T-Acc:  64.0%  V-Acc:  60.8%  V-AUROC: 0.6487  LR: 8.00e-06
2026-05-27 01:42:47,168 | [FULL+AUG] | INFO | full_experiments_using.model_trainers.mobile_vit_trainer | Ep [089/500] T-Acc:  64.9%  V-Acc:  60.7%  V-AUROC: 0.6486  LR: 8.00e-06
2026-05-27 01:44:57,763 | [FULL+AUG] | INFO | full_experiments_using.model_trainers.mobile_vit_trainer | Ep [090/500] T-Acc:  64.2%  V-Acc:  61.1%  V-AUROC: 0.6487  LR: 8.00e-06
2026-05-27 01:47:08,059 | [FULL+AUG] | INFO | full_experiments_using.model_trainers.mobile_vit_trainer | Ep [091/500] T-Acc:  64.2%  V-Acc:  60.7%  V-AUROC: 0.6492  LR: 8.00e-06
2026-05-27 01:49:18,795 | [FULL+AUG] | INFO | full_experiments_using.model_trainers.mobile_vit_trainer | Ep [092/500] T-Acc:  63.6%  V-Acc:  60.9%  V-AUROC: 0.6491  LR: 8.00e-06
2026-05-27 01:49:18,796 | [FULL+AUG] | INFO | full_experiments_using.model_trainers.mobile_vit_trainer | Early stop — best AUROC 0.6662 at epoch 52 (no improvement for 40 epochs)
2026-05-27 01:49:18,796 | [FULL+AUG] | INFO | full_experiments_using.model_trainers.mobile_vit_trainer | Done. Best AUROC: 0.6662 (epoch 52) → /home/leggo/AIResearch/VOGBasedMCIDetectionSystemMobileViTSingleExperimentInference/outputs/checkpoints/run_20260524_040820_full_aug/fold_26_best.pth
2026-05-27 01:49:51,588 | [FULL+AUG] | INFO | full_experiments_using.evaluators.monte_carlo_evaluator | -> Fold 27 Result | Acc=0.727 Sens=1.000 Spec=0.250 AUROC=0.679
2026-05-27 01:49:51,591 | [FULL+AUG] | INFO | full_experiments_using.evaluators.monte_carlo_evaluator | === Fold 28/30 | train: 25 subj / 3915 windows | test: 12 subj / 1821 windows ===
2026-05-27 01:49:51,837 | [FULL+AUG] | INFO | httpx | HTTP Request: HEAD https://huggingface.co/apple/mobilevit-small/resolve/main/config.json "HTTP/1.1 307 Temporary Redirect"
2026-05-27 01:49:51,852 | [FULL+AUG] | INFO | httpx | HTTP Request: HEAD https://huggingface.co/api/resolve-cache/models/apple/mobilevit-small/6c8612545dc98676d27bc518fa521d9e9af23e34/config.json "HTTP/1.1 200 OK"
2026-05-27 01:49:52,094 | [FULL+AUG] | INFO | httpx | HTTP Request: HEAD https://huggingface.co/apple/mobilevit-small/resolve/main/model.safetensors "HTTP/1.1 404 Not Found"
2026-05-27 01:49:52,307 | [FULL+AUG] | INFO | httpx | HTTP Request: HEAD https://huggingface.co/apple/mobilevit-small/resolve/main/model.safetensors.index.json "HTTP/1.1 404 Not Found"
2026-05-27 01:49:52,520 | [FULL+AUG] | INFO | httpx | HTTP Request: HEAD https://huggingface.co/apple/mobilevit-small/resolve/main/pytorch_model.bin "HTTP/1.1 302 Found"
2026-05-27 01:49:52,732 | [FULL+AUG] | INFO | httpx | HTTP Request: HEAD https://huggingface.co/apple/mobilevit-small/resolve/main/model.safetensors "HTTP/1.1 404 Not Found"
2026-05-27 01:49:52,946 | [FULL+AUG] | INFO | httpx | HTTP Request: GET https://huggingface.co/api/models/apple/mobilevit-small "HTTP/1.1 200 OK"
2026-05-27 01:49:53,172 | [FULL+AUG] | INFO | httpx | HTTP Request: GET https://huggingface.co/api/models/apple/mobilevit-small/commits/main "HTTP/1.1 200 OK"
2026-05-27 01:49:53,401 | [FULL+AUG] | INFO | httpx | HTTP Request: GET https://huggingface.co/api/models/apple/mobilevit-small/discussions?p=0 "HTTP/1.1 200 OK"
2026-05-27 01:49:53,628 | [FULL+AUG] | INFO | httpx | HTTP Request: GET https://huggingface.co/api/models/apple/mobilevit-small/commits/refs%2Fpr%2F6 "HTTP/1.1 200 OK"
2026-05-27 01:49:53,836 | [FULL+AUG] | INFO | httpx | HTTP Request: HEAD https://huggingface.co/apple/mobilevit-small/resolve/refs%2Fpr%2F6/model.safetensors.index.json "HTTP/1.1 404 Not Found"
2026-05-27 01:49:54,055 | [FULL+AUG] | INFO | httpx | HTTP Request: HEAD https://huggingface.co/apple/mobilevit-small/resolve/refs%2Fpr%2F6/model.safetensors "HTTP/1.1 302 Found"
2026-05-27 01:49:54,893 | [FULL+AUG] | INFO | full_experiments_using.model_trainers.mobile_vit_trainer | Device: cuda | max_epochs=500 | batch=32 | es_patience=40
2026-05-27 01:49:54,896 | [FULL+AUG] | INFO | full_experiments_using.model_trainers.mobile_vit_trainer | CE weights — HC: 1.171  MCI: 0.873
2026-05-27 01:52:05,508 | [FULL+AUG] | INFO | full_experiments_using.model_trainers.mobile_vit_trainer | Ep [001/500] T-Acc:  51.7%  V-Acc:  50.5%  V-AUROC: 0.5127  LR: 2.00e-04
2026-05-27 01:52:05,622 | [FULL+AUG] | INFO | full_experiments_using.model_trainers.mobile_vit_trainer |   ↳ new best AUROC; saved checkpoint: /home/leggo/AIResearch/VOGBasedMCIDetectionSystemMobileViTSingleExperimentInference/outputs/checkpoints/run_20260524_040820_full_aug/fold_27_best.pth
2026-05-27 01:54:16,500 | [FULL+AUG] | INFO | full_experiments_using.model_trainers.mobile_vit_trainer | Ep [002/500] T-Acc:  53.1%  V-Acc:  49.7%  V-AUROC: 0.5160  LR: 4.00e-04
2026-05-27 01:54:16,614 | [FULL+AUG] | INFO | full_experiments_using.model_trainers.mobile_vit_trainer |   ↳ new best AUROC; saved checkpoint: /home/leggo/AIResearch/VOGBasedMCIDetectionSystemMobileViTSingleExperimentInference/outputs/checkpoints/run_20260524_040820_full_aug/fold_27_best.pth
2026-05-27 01:56:27,243 | [FULL+AUG] | INFO | full_experiments_using.model_trainers.mobile_vit_trainer | Ep [003/500] T-Acc:  53.5%  V-Acc:  50.7%  V-AUROC: 0.5195  LR: 6.00e-04
2026-05-27 01:56:27,396 | [FULL+AUG] | INFO | full_experiments_using.model_trainers.mobile_vit_trainer |   ↳ new best AUROC; saved checkpoint: /home/leggo/AIResearch/VOGBasedMCIDetectionSystemMobileViTSingleExperimentInference/outputs/checkpoints/run_20260524_040820_full_aug/fold_27_best.pth
2026-05-27 01:58:38,602 | [FULL+AUG] | INFO | full_experiments_using.model_trainers.mobile_vit_trainer | Ep [004/500] T-Acc:  53.5%  V-Acc:  52.1%  V-AUROC: 0.5333  LR: 8.00e-04
2026-05-27 01:58:38,713 | [FULL+AUG] | INFO | full_experiments_using.model_trainers.mobile_vit_trainer |   ↳ new best AUROC; saved checkpoint: /home/leggo/AIResearch/VOGBasedMCIDetectionSystemMobileViTSingleExperimentInference/outputs/checkpoints/run_20260524_040820_full_aug/fold_27_best.pth
2026-05-27 02:00:49,343 | [FULL+AUG] | INFO | full_experiments_using.model_trainers.mobile_vit_trainer | Ep [005/500] T-Acc:  53.8%  V-Acc:  51.1%  V-AUROC: 0.5282  LR: 1.00e-03
2026-05-27 02:02:59,985 | [FULL+AUG] | INFO | full_experiments_using.model_trainers.mobile_vit_trainer | Ep [006/500] T-Acc:  56.2%  V-Acc:  49.9%  V-AUROC: 0.5231  LR: 1.00e-03
2026-05-27 02:05:10,660 | [FULL+AUG] | INFO | full_experiments_using.model_trainers.mobile_vit_trainer | Ep [007/500] T-Acc:  54.0%  V-Acc:  51.2%  V-AUROC: 0.5274  LR: 1.00e-03
2026-05-27 02:07:21,578 | [FULL+AUG] | INFO | full_experiments_using.model_trainers.mobile_vit_trainer | Ep [008/500] T-Acc:  55.5%  V-Acc:  51.1%  V-AUROC: 0.5309  LR: 1.00e-03
2026-05-27 02:09:32,318 | [FULL+AUG] | INFO | full_experiments_using.model_trainers.mobile_vit_trainer | Ep [009/500] T-Acc:  55.3%  V-Acc:  52.2%  V-AUROC: 0.5486  LR: 1.00e-03
2026-05-27 02:09:32,475 | [FULL+AUG] | INFO | full_experiments_using.model_trainers.mobile_vit_trainer |   ↳ new best AUROC; saved checkpoint: /home/leggo/AIResearch/VOGBasedMCIDetectionSystemMobileViTSingleExperimentInference/outputs/checkpoints/run_20260524_040820_full_aug/fold_27_best.pth
2026-05-27 02:11:43,723 | [FULL+AUG] | INFO | full_experiments_using.model_trainers.mobile_vit_trainer | Ep [010/500] T-Acc:  55.9%  V-Acc:  52.6%  V-AUROC: 0.5473  LR: 1.00e-03
2026-05-27 02:13:54,649 | [FULL+AUG] | INFO | full_experiments_using.model_trainers.mobile_vit_trainer | Ep [011/500] T-Acc:  56.8%  V-Acc:  52.1%  V-AUROC: 0.5460  LR: 1.00e-03
2026-05-27 02:16:05,418 | [FULL+AUG] | INFO | full_experiments_using.model_trainers.mobile_vit_trainer | Ep [012/500] T-Acc:  56.1%  V-Acc:  53.3%  V-AUROC: 0.5561  LR: 1.00e-03
2026-05-27 02:16:05,576 | [FULL+AUG] | INFO | full_experiments_using.model_trainers.mobile_vit_trainer |   ↳ new best AUROC; saved checkpoint: /home/leggo/AIResearch/VOGBasedMCIDetectionSystemMobileViTSingleExperimentInference/outputs/checkpoints/run_20260524_040820_full_aug/fold_27_best.pth
2026-05-27 02:18:15,729 | [FULL+AUG] | INFO | full_experiments_using.model_trainers.mobile_vit_trainer | Ep [013/500] T-Acc:  57.3%  V-Acc:  51.9%  V-AUROC: 0.5566  LR: 1.00e-03
2026-05-27 02:18:15,848 | [FULL+AUG] | INFO | full_experiments_using.model_trainers.mobile_vit_trainer |   ↳ new best AUROC; saved checkpoint: /home/leggo/AIResearch/VOGBasedMCIDetectionSystemMobileViTSingleExperimentInference/outputs/checkpoints/run_20260524_040820_full_aug/fold_27_best.pth
2026-05-27 02:20:26,379 | [FULL+AUG] | INFO | full_experiments_using.model_trainers.mobile_vit_trainer | Ep [014/500] T-Acc:  57.0%  V-Acc:  51.7%  V-AUROC: 0.5555  LR: 1.00e-03
2026-05-27 02:22:36,802 | [FULL+AUG] | INFO | full_experiments_using.model_trainers.mobile_vit_trainer | Ep [015/500] T-Acc:  58.5%  V-Acc:  53.7%  V-AUROC: 0.5710  LR: 1.00e-03
2026-05-27 02:22:36,917 | [FULL+AUG] | INFO | full_experiments_using.model_trainers.mobile_vit_trainer |   ↳ new best AUROC; saved checkpoint: /home/leggo/AIResearch/VOGBasedMCIDetectionSystemMobileViTSingleExperimentInference/outputs/checkpoints/run_20260524_040820_full_aug/fold_27_best.pth
2026-05-27 02:24:47,386 | [FULL+AUG] | INFO | full_experiments_using.model_trainers.mobile_vit_trainer | Ep [016/500] T-Acc:  57.9%  V-Acc:  53.0%  V-AUROC: 0.5668  LR: 1.00e-03
2026-05-27 02:26:58,463 | [FULL+AUG] | INFO | full_experiments_using.model_trainers.mobile_vit_trainer | Ep [017/500] T-Acc:  59.6%  V-Acc:  53.7%  V-AUROC: 0.5597  LR: 1.00e-03
2026-05-27 02:29:08,826 | [FULL+AUG] | INFO | full_experiments_using.model_trainers.mobile_vit_trainer | Ep [018/500] T-Acc:  57.4%  V-Acc:  51.3%  V-AUROC: 0.5428  LR: 1.00e-03
2026-05-27 02:31:19,322 | [FULL+AUG] | INFO | full_experiments_using.model_trainers.mobile_vit_trainer | Ep [019/500] T-Acc:  59.3%  V-Acc:  52.9%  V-AUROC: 0.5631  LR: 1.00e-03
2026-05-27 02:33:29,896 | [FULL+AUG] | INFO | full_experiments_using.model_trainers.mobile_vit_trainer | Ep [020/500] T-Acc:  59.8%  V-Acc:  51.6%  V-AUROC: 0.5489  LR: 1.00e-03
2026-05-27 02:35:40,705 | [FULL+AUG] | INFO | full_experiments_using.model_trainers.mobile_vit_trainer | Ep [021/500] T-Acc:  59.0%  V-Acc:  54.5%  V-AUROC: 0.5648  LR: 1.00e-03
2026-05-27 02:37:51,285 | [FULL+AUG] | INFO | full_experiments_using.model_trainers.mobile_vit_trainer | Ep [022/500] T-Acc:  59.3%  V-Acc:  53.8%  V-AUROC: 0.5698  LR: 1.00e-03
2026-05-27 02:40:01,881 | [FULL+AUG] | INFO | full_experiments_using.model_trainers.mobile_vit_trainer | Ep [023/500] T-Acc:  58.8%  V-Acc:  53.3%  V-AUROC: 0.5705  LR: 1.00e-03
2026-05-27 02:42:12,271 | [FULL+AUG] | INFO | full_experiments_using.model_trainers.mobile_vit_trainer | Ep [024/500] T-Acc:  60.2%  V-Acc:  53.5%  V-AUROC: 0.5678  LR: 1.00e-03
2026-05-27 02:44:23,183 | [FULL+AUG] | INFO | full_experiments_using.model_trainers.mobile_vit_trainer | Ep [025/500] T-Acc:  61.3%  V-Acc:  54.1%  V-AUROC: 0.5751  LR: 1.00e-03
2026-05-27 02:44:23,347 | [FULL+AUG] | INFO | full_experiments_using.model_trainers.mobile_vit_trainer |   ↳ new best AUROC; saved checkpoint: /home/leggo/AIResearch/VOGBasedMCIDetectionSystemMobileViTSingleExperimentInference/outputs/checkpoints/run_20260524_040820_full_aug/fold_27_best.pth
2026-05-27 02:46:33,658 | [FULL+AUG] | INFO | full_experiments_using.model_trainers.mobile_vit_trainer | Ep [026/500] T-Acc:  59.1%  V-Acc:  54.1%  V-AUROC: 0.5698  LR: 1.00e-03
2026-05-27 02:48:44,139 | [FULL+AUG] | INFO | full_experiments_using.model_trainers.mobile_vit_trainer | Ep [027/500] T-Acc:  60.9%  V-Acc:  53.2%  V-AUROC: 0.5728  LR: 1.00e-03
2026-05-27 02:50:54,442 | [FULL+AUG] | INFO | full_experiments_using.model_trainers.mobile_vit_trainer | Ep [028/500] T-Acc:  60.1%  V-Acc:  54.6%  V-AUROC: 0.5709  LR: 1.00e-03
2026-05-27 02:53:04,860 | [FULL+AUG] | INFO | full_experiments_using.model_trainers.mobile_vit_trainer | Ep [029/500] T-Acc:  60.4%  V-Acc:  54.8%  V-AUROC: 0.5823  LR: 1.00e-03
2026-05-27 02:53:05,023 | [FULL+AUG] | INFO | full_experiments_using.model_trainers.mobile_vit_trainer |   ↳ new best AUROC; saved checkpoint: /home/leggo/AIResearch/VOGBasedMCIDetectionSystemMobileViTSingleExperimentInference/outputs/checkpoints/run_20260524_040820_full_aug/fold_27_best.pth
2026-05-27 02:55:15,306 | [FULL+AUG] | INFO | full_experiments_using.model_trainers.mobile_vit_trainer | Ep [030/500] T-Acc:  60.4%  V-Acc:  54.1%  V-AUROC: 0.5705  LR: 1.00e-03
2026-05-27 02:57:25,947 | [FULL+AUG] | INFO | full_experiments_using.model_trainers.mobile_vit_trainer | Ep [031/500] T-Acc:  60.4%  V-Acc:  54.8%  V-AUROC: 0.5761  LR: 1.00e-03
2026-05-27 02:59:36,364 | [FULL+AUG] | INFO | full_experiments_using.model_trainers.mobile_vit_trainer | Ep [032/500] T-Acc:  60.7%  V-Acc:  53.9%  V-AUROC: 0.5720  LR: 1.00e-03
2026-05-27 03:01:46,918 | [FULL+AUG] | INFO | full_experiments_using.model_trainers.mobile_vit_trainer | Ep [033/500] T-Acc:  60.9%  V-Acc:  53.9%  V-AUROC: 0.5707  LR: 1.00e-03
2026-05-27 03:03:57,960 | [FULL+AUG] | INFO | full_experiments_using.model_trainers.mobile_vit_trainer | Ep [034/500] T-Acc:  60.7%  V-Acc:  55.6%  V-AUROC: 0.5779  LR: 1.00e-03
2026-05-27 03:06:08,584 | [FULL+AUG] | INFO | full_experiments_using.model_trainers.mobile_vit_trainer | Ep [035/500] T-Acc:  60.6%  V-Acc:  56.0%  V-AUROC: 0.5824  LR: 1.00e-03
2026-05-27 03:06:08,744 | [FULL+AUG] | INFO | full_experiments_using.model_trainers.mobile_vit_trainer |   ↳ new best AUROC; saved checkpoint: /home/leggo/AIResearch/VOGBasedMCIDetectionSystemMobileViTSingleExperimentInference/outputs/checkpoints/run_20260524_040820_full_aug/fold_27_best.pth
2026-05-27 03:08:18,985 | [FULL+AUG] | INFO | full_experiments_using.model_trainers.mobile_vit_trainer | Ep [036/500] T-Acc:  60.8%  V-Acc:  53.8%  V-AUROC: 0.5794  LR: 1.00e-03
2026-05-27 03:10:05,541 | [FULL+AUG] | INFO | full_experiments_using.model_trainers.mobile_vit_trainer | Ep [037/500] T-Acc:  61.1%  V-Acc:  55.8%  V-AUROC: 0.5843  LR: 1.00e-03
2026-05-27 03:10:05,698 | [FULL+AUG] | INFO | full_experiments_using.model_trainers.mobile_vit_trainer |   ↳ new best AUROC; saved checkpoint: /home/leggo/AIResearch/VOGBasedMCIDetectionSystemMobileViTSingleExperimentInference/outputs/checkpoints/run_20260524_040820_full_aug/fold_27_best.pth
2026-05-27 03:11:43,397 | [FULL+AUG] | INFO | full_experiments_using.model_trainers.mobile_vit_trainer | Ep [038/500] T-Acc:  62.7%  V-Acc:  56.9%  V-AUROC: 0.5981  LR: 1.00e-03
2026-05-27 03:11:43,558 | [FULL+AUG] | INFO | full_experiments_using.model_trainers.mobile_vit_trainer |   ↳ new best AUROC; saved checkpoint: /home/leggo/AIResearch/VOGBasedMCIDetectionSystemMobileViTSingleExperimentInference/outputs/checkpoints/run_20260524_040820_full_aug/fold_27_best.pth
2026-05-27 03:13:21,253 | [FULL+AUG] | INFO | full_experiments_using.model_trainers.mobile_vit_trainer | Ep [039/500] T-Acc:  62.3%  V-Acc:  56.0%  V-AUROC: 0.5895  LR: 1.00e-03
2026-05-27 03:14:59,056 | [FULL+AUG] | INFO | full_experiments_using.model_trainers.mobile_vit_trainer | Ep [040/500] T-Acc:  61.2%  V-Acc:  55.2%  V-AUROC: 0.5874  LR: 1.00e-03
2026-05-27 03:16:37,024 | [FULL+AUG] | INFO | full_experiments_using.model_trainers.mobile_vit_trainer | Ep [041/500] T-Acc:  61.0%  V-Acc:  55.4%  V-AUROC: 0.5861  LR: 1.00e-03
2026-05-27 03:18:13,597 | [FULL+AUG] | INFO | full_experiments_using.model_trainers.mobile_vit_trainer | Ep [042/500] T-Acc:  61.4%  V-Acc:  56.2%  V-AUROC: 0.5902  LR: 1.00e-03
2026-05-27 03:19:51,626 | [FULL+AUG] | INFO | full_experiments_using.model_trainers.mobile_vit_trainer | Ep [043/500] T-Acc:  61.6%  V-Acc:  55.6%  V-AUROC: 0.5797  LR: 1.00e-03
2026-05-27 03:21:29,714 | [FULL+AUG] | INFO | full_experiments_using.model_trainers.mobile_vit_trainer | Ep [044/500] T-Acc:  62.2%  V-Acc:  53.2%  V-AUROC: 0.5681  LR: 1.00e-03
2026-05-27 03:23:08,055 | [FULL+AUG] | INFO | full_experiments_using.model_trainers.mobile_vit_trainer | Ep [045/500] T-Acc:  62.4%  V-Acc:  55.2%  V-AUROC: 0.5795  LR: 1.00e-03
2026-05-27 03:24:46,273 | [FULL+AUG] | INFO | full_experiments_using.model_trainers.mobile_vit_trainer | Ep [046/500] T-Acc:  61.7%  V-Acc:  54.4%  V-AUROC: 0.5808  LR: 1.00e-03
2026-05-27 03:26:24,226 | [FULL+AUG] | INFO | full_experiments_using.model_trainers.mobile_vit_trainer | Ep [047/500] T-Acc:  62.2%  V-Acc:  54.6%  V-AUROC: 0.5839  LR: 1.00e-03
2026-05-27 03:28:02,000 | [FULL+AUG] | INFO | full_experiments_using.model_trainers.mobile_vit_trainer | Ep [048/500] T-Acc:  62.7%  V-Acc:  55.0%  V-AUROC: 0.5799  LR: 1.00e-03
2026-05-27 03:29:40,119 | [FULL+AUG] | INFO | full_experiments_using.model_trainers.mobile_vit_trainer | Ep [049/500] T-Acc:  62.0%  V-Acc:  55.0%  V-AUROC: 0.5799  LR: 1.00e-03
2026-05-27 03:31:17,956 | [FULL+AUG] | INFO | full_experiments_using.model_trainers.mobile_vit_trainer | Ep [050/500] T-Acc:  62.6%  V-Acc:  55.9%  V-AUROC: 0.5791  LR: 2.00e-04
2026-05-27 03:32:56,132 | [FULL+AUG] | INFO | full_experiments_using.model_trainers.mobile_vit_trainer | Ep [051/500] T-Acc:  62.4%  V-Acc:  56.2%  V-AUROC: 0.5800  LR: 2.00e-04
2026-05-27 03:34:34,011 | [FULL+AUG] | INFO | full_experiments_using.model_trainers.mobile_vit_trainer | Ep [052/500] T-Acc:  61.0%  V-Acc:  55.5%  V-AUROC: 0.5840  LR: 2.00e-04
2026-05-27 03:36:12,052 | [FULL+AUG] | INFO | full_experiments_using.model_trainers.mobile_vit_trainer | Ep [053/500] T-Acc:  62.5%  V-Acc:  55.6%  V-AUROC: 0.5856  LR: 2.00e-04
2026-05-27 03:37:50,141 | [FULL+AUG] | INFO | full_experiments_using.model_trainers.mobile_vit_trainer | Ep [054/500] T-Acc:  63.7%  V-Acc:  56.5%  V-AUROC: 0.5930  LR: 2.00e-04
2026-05-27 03:39:28,138 | [FULL+AUG] | INFO | full_experiments_using.model_trainers.mobile_vit_trainer | Ep [055/500] T-Acc:  62.2%  V-Acc:  56.1%  V-AUROC: 0.5906  LR: 2.00e-04
2026-05-27 03:41:05,872 | [FULL+AUG] | INFO | full_experiments_using.model_trainers.mobile_vit_trainer | Ep [056/500] T-Acc:  62.6%  V-Acc:  55.8%  V-AUROC: 0.5917  LR: 2.00e-04
2026-05-27 03:42:44,348 | [FULL+AUG] | INFO | full_experiments_using.model_trainers.mobile_vit_trainer | Ep [057/500] T-Acc:  63.7%  V-Acc:  55.3%  V-AUROC: 0.5885  LR: 2.00e-04
2026-05-27 03:44:22,676 | [FULL+AUG] | INFO | full_experiments_using.model_trainers.mobile_vit_trainer | Ep [058/500] T-Acc:  64.4%  V-Acc:  55.2%  V-AUROC: 0.5891  LR: 2.00e-04
2026-05-27 03:46:00,686 | [FULL+AUG] | INFO | full_experiments_using.model_trainers.mobile_vit_trainer | Ep [059/500] T-Acc:  63.6%  V-Acc:  55.5%  V-AUROC: 0.5877  LR: 2.00e-04
2026-05-27 03:47:38,784 | [FULL+AUG] | INFO | full_experiments_using.model_trainers.mobile_vit_trainer | Ep [060/500] T-Acc:  63.1%  V-Acc:  56.2%  V-AUROC: 0.5945  LR: 2.00e-04
2026-05-27 03:49:16,685 | [FULL+AUG] | INFO | full_experiments_using.model_trainers.mobile_vit_trainer | Ep [061/500] T-Acc:  62.7%  V-Acc:  55.4%  V-AUROC: 0.5928  LR: 4.00e-05
2026-05-27 03:50:54,702 | [FULL+AUG] | INFO | full_experiments_using.model_trainers.mobile_vit_trainer | Ep [062/500] T-Acc:  63.2%  V-Acc:  56.1%  V-AUROC: 0.5939  LR: 4.00e-05
2026-05-27 03:52:32,710 | [FULL+AUG] | INFO | full_experiments_using.model_trainers.mobile_vit_trainer | Ep [063/500] T-Acc:  64.1%  V-Acc:  56.1%  V-AUROC: 0.5958  LR: 4.00e-05
2026-05-27 03:54:10,589 | [FULL+AUG] | INFO | full_experiments_using.model_trainers.mobile_vit_trainer | Ep [064/500] T-Acc:  63.3%  V-Acc:  55.6%  V-AUROC: 0.5949  LR: 4.00e-05
2026-05-27 03:55:48,597 | [FULL+AUG] | INFO | full_experiments_using.model_trainers.mobile_vit_trainer | Ep [065/500] T-Acc:  63.3%  V-Acc:  55.2%  V-AUROC: 0.5943  LR: 4.00e-05
2026-05-27 03:57:26,543 | [FULL+AUG] | INFO | full_experiments_using.model_trainers.mobile_vit_trainer | Ep [066/500] T-Acc:  62.8%  V-Acc:  55.7%  V-AUROC: 0.5947  LR: 4.00e-05
2026-05-27 03:59:04,544 | [FULL+AUG] | INFO | full_experiments_using.model_trainers.mobile_vit_trainer | Ep [067/500] T-Acc:  63.4%  V-Acc:  55.5%  V-AUROC: 0.5942  LR: 4.00e-05
2026-05-27 04:00:42,547 | [FULL+AUG] | INFO | full_experiments_using.model_trainers.mobile_vit_trainer | Ep [068/500] T-Acc:  63.2%  V-Acc:  56.7%  V-AUROC: 0.5955  LR: 4.00e-05
2026-05-27 04:02:20,522 | [FULL+AUG] | INFO | full_experiments_using.model_trainers.mobile_vit_trainer | Ep [069/500] T-Acc:  62.2%  V-Acc:  55.4%  V-AUROC: 0.5930  LR: 4.00e-05
2026-05-27 04:03:58,510 | [FULL+AUG] | INFO | full_experiments_using.model_trainers.mobile_vit_trainer | Ep [070/500] T-Acc:  62.3%  V-Acc:  55.8%  V-AUROC: 0.5936  LR: 4.00e-05
2026-05-27 04:05:36,475 | [FULL+AUG] | INFO | full_experiments_using.model_trainers.mobile_vit_trainer | Ep [071/500] T-Acc:  62.8%  V-Acc:  55.8%  V-AUROC: 0.5939  LR: 4.00e-05
2026-05-27 04:07:14,530 | [FULL+AUG] | INFO | full_experiments_using.model_trainers.mobile_vit_trainer | Ep [072/500] T-Acc:  64.0%  V-Acc:  55.7%  V-AUROC: 0.5942  LR: 8.00e-06
2026-05-27 04:08:52,486 | [FULL+AUG] | INFO | full_experiments_using.model_trainers.mobile_vit_trainer | Ep [073/500] T-Acc:  62.8%  V-Acc:  56.6%  V-AUROC: 0.5947  LR: 8.00e-06
2026-05-27 04:10:30,926 | [FULL+AUG] | INFO | full_experiments_using.model_trainers.mobile_vit_trainer | Ep [074/500] T-Acc:  62.7%  V-Acc:  55.1%  V-AUROC: 0.5932  LR: 8.00e-06
2026-05-27 04:12:08,914 | [FULL+AUG] | INFO | full_experiments_using.model_trainers.mobile_vit_trainer | Ep [075/500] T-Acc:  62.8%  V-Acc:  55.2%  V-AUROC: 0.5929  LR: 8.00e-06
2026-05-27 04:13:46,995 | [FULL+AUG] | INFO | full_experiments_using.model_trainers.mobile_vit_trainer | Ep [076/500] T-Acc:  62.9%  V-Acc:  55.6%  V-AUROC: 0.5941  LR: 8.00e-06
2026-05-27 04:15:25,403 | [FULL+AUG] | INFO | full_experiments_using.model_trainers.mobile_vit_trainer | Ep [077/500] T-Acc:  63.4%  V-Acc:  55.8%  V-AUROC: 0.5930  LR: 8.00e-06
2026-05-27 04:17:03,802 | [FULL+AUG] | INFO | full_experiments_using.model_trainers.mobile_vit_trainer | Ep [078/500] T-Acc:  63.4%  V-Acc:  55.0%  V-AUROC: 0.5919  LR: 8.00e-06
2026-05-27 04:17:03,803 | [FULL+AUG] | INFO | full_experiments_using.model_trainers.mobile_vit_trainer | Early stop — best AUROC 0.5981 at epoch 38 (no improvement for 40 epochs)
2026-05-27 04:17:03,803 | [FULL+AUG] | INFO | full_experiments_using.model_trainers.mobile_vit_trainer | Done. Best AUROC: 0.5981 (epoch 38) → /home/leggo/AIResearch/VOGBasedMCIDetectionSystemMobileViTSingleExperimentInference/outputs/checkpoints/run_20260524_040820_full_aug/fold_27_best.pth
2026-05-27 04:17:28,286 | [FULL+AUG] | INFO | full_experiments_using.evaluators.monte_carlo_evaluator | -> Fold 28 Result | Acc=0.818 Sens=0.857 Spec=0.750 AUROC=0.714
2026-05-27 04:17:28,290 | [FULL+AUG] | INFO | full_experiments_using.evaluators.monte_carlo_evaluator | === Fold 29/30 | train: 25 subj / 3961 windows | test: 12 subj / 1775 windows ===
2026-05-27 04:17:28,568 | [FULL+AUG] | INFO | httpx | HTTP Request: HEAD https://huggingface.co/apple/mobilevit-small/resolve/main/config.json "HTTP/1.1 307 Temporary Redirect"
2026-05-27 04:17:28,582 | [FULL+AUG] | INFO | httpx | HTTP Request: HEAD https://huggingface.co/api/resolve-cache/models/apple/mobilevit-small/6c8612545dc98676d27bc518fa521d9e9af23e34/config.json "HTTP/1.1 200 OK"
2026-05-27 04:17:28,840 | [FULL+AUG] | INFO | httpx | HTTP Request: HEAD https://huggingface.co/apple/mobilevit-small/resolve/main/model.safetensors "HTTP/1.1 404 Not Found"
2026-05-27 04:17:29,051 | [FULL+AUG] | INFO | httpx | HTTP Request: HEAD https://huggingface.co/apple/mobilevit-small/resolve/main/model.safetensors.index.json "HTTP/1.1 404 Not Found"
2026-05-27 04:17:29,269 | [FULL+AUG] | INFO | httpx | HTTP Request: HEAD https://huggingface.co/apple/mobilevit-small/resolve/main/pytorch_model.bin "HTTP/1.1 302 Found"
2026-05-27 04:17:29,475 | [FULL+AUG] | INFO | httpx | HTTP Request: HEAD https://huggingface.co/apple/mobilevit-small/resolve/main/model.safetensors "HTTP/1.1 404 Not Found"
2026-05-27 04:17:29,689 | [FULL+AUG] | INFO | httpx | HTTP Request: GET https://huggingface.co/api/models/apple/mobilevit-small "HTTP/1.1 200 OK"
2026-05-27 04:17:29,937 | [FULL+AUG] | INFO | httpx | HTTP Request: GET https://huggingface.co/api/models/apple/mobilevit-small/commits/main "HTTP/1.1 200 OK"
2026-05-27 04:17:30,159 | [FULL+AUG] | INFO | httpx | HTTP Request: GET https://huggingface.co/api/models/apple/mobilevit-small/discussions?p=0 "HTTP/1.1 200 OK"
2026-05-27 04:17:30,384 | [FULL+AUG] | INFO | httpx | HTTP Request: GET https://huggingface.co/api/models/apple/mobilevit-small/commits/refs%2Fpr%2F6 "HTTP/1.1 200 OK"
2026-05-27 04:17:30,593 | [FULL+AUG] | INFO | httpx | HTTP Request: HEAD https://huggingface.co/apple/mobilevit-small/resolve/refs%2Fpr%2F6/model.safetensors.index.json "HTTP/1.1 404 Not Found"
2026-05-27 04:17:30,818 | [FULL+AUG] | INFO | httpx | HTTP Request: HEAD https://huggingface.co/apple/mobilevit-small/resolve/refs%2Fpr%2F6/model.safetensors "HTTP/1.1 302 Found"
2026-05-27 04:17:30,959 | [FULL+AUG] | INFO | full_experiments_using.model_trainers.mobile_vit_trainer | Device: cuda | max_epochs=500 | batch=32 | es_patience=40
2026-05-27 04:17:30,964 | [FULL+AUG] | INFO | full_experiments_using.model_trainers.mobile_vit_trainer | CE weights — HC: 0.942  MCI: 1.066
2026-05-27 04:19:09,361 | [FULL+AUG] | INFO | full_experiments_using.model_trainers.mobile_vit_trainer | Ep [001/500] T-Acc:  48.7%  V-Acc:  63.3%  V-AUROC: 0.4982  LR: 2.00e-04
2026-05-27 04:19:09,461 | [FULL+AUG] | INFO | full_experiments_using.model_trainers.mobile_vit_trainer |   ↳ new best AUROC; saved checkpoint: /home/leggo/AIResearch/VOGBasedMCIDetectionSystemMobileViTSingleExperimentInference/outputs/checkpoints/run_20260524_040820_full_aug/fold_28_best.pth
2026-05-27 04:20:48,044 | [FULL+AUG] | INFO | full_experiments_using.model_trainers.mobile_vit_trainer | Ep [002/500] T-Acc:  48.6%  V-Acc:  61.3%  V-AUROC: 0.4879  LR: 4.00e-04
2026-05-27 04:22:26,621 | [FULL+AUG] | INFO | full_experiments_using.model_trainers.mobile_vit_trainer | Ep [003/500] T-Acc:  49.9%  V-Acc:  61.7%  V-AUROC: 0.5066  LR: 6.00e-04
2026-05-27 04:22:26,770 | [FULL+AUG] | INFO | full_experiments_using.model_trainers.mobile_vit_trainer |   ↳ new best AUROC; saved checkpoint: /home/leggo/AIResearch/VOGBasedMCIDetectionSystemMobileViTSingleExperimentInference/outputs/checkpoints/run_20260524_040820_full_aug/fold_28_best.pth
2026-05-27 04:24:05,174 | [FULL+AUG] | INFO | full_experiments_using.model_trainers.mobile_vit_trainer | Ep [004/500] T-Acc:  49.8%  V-Acc:  61.7%  V-AUROC: 0.4926  LR: 8.00e-04
2026-05-27 04:25:43,362 | [FULL+AUG] | INFO | full_experiments_using.model_trainers.mobile_vit_trainer | Ep [005/500] T-Acc:  50.8%  V-Acc:  58.7%  V-AUROC: 0.5520  LR: 1.00e-03
2026-05-27 04:25:43,518 | [FULL+AUG] | INFO | full_experiments_using.model_trainers.mobile_vit_trainer |   ↳ new best AUROC; saved checkpoint: /home/leggo/AIResearch/VOGBasedMCIDetectionSystemMobileViTSingleExperimentInference/outputs/checkpoints/run_20260524_040820_full_aug/fold_28_best.pth
2026-05-27 04:27:22,184 | [FULL+AUG] | INFO | full_experiments_using.model_trainers.mobile_vit_trainer | Ep [006/500] T-Acc:  52.1%  V-Acc:  62.9%  V-AUROC: 0.5186  LR: 1.00e-03
2026-05-27 04:29:00,578 | [FULL+AUG] | INFO | full_experiments_using.model_trainers.mobile_vit_trainer | Ep [007/500] T-Acc:  54.3%  V-Acc:  59.5%  V-AUROC: 0.5581  LR: 1.00e-03
2026-05-27 04:29:00,720 | [FULL+AUG] | INFO | full_experiments_using.model_trainers.mobile_vit_trainer |   ↳ new best AUROC; saved checkpoint: /home/leggo/AIResearch/VOGBasedMCIDetectionSystemMobileViTSingleExperimentInference/outputs/checkpoints/run_20260524_040820_full_aug/fold_28_best.pth
2026-05-27 04:30:39,361 | [FULL+AUG] | INFO | full_experiments_using.model_trainers.mobile_vit_trainer | Ep [008/500] T-Acc:  54.0%  V-Acc:  59.9%  V-AUROC: 0.5707  LR: 1.00e-03
2026-05-27 04:30:39,518 | [FULL+AUG] | INFO | full_experiments_using.model_trainers.mobile_vit_trainer |   ↳ new best AUROC; saved checkpoint: /home/leggo/AIResearch/VOGBasedMCIDetectionSystemMobileViTSingleExperimentInference/outputs/checkpoints/run_20260524_040820_full_aug/fold_28_best.pth
2026-05-27 04:32:17,889 | [FULL+AUG] | INFO | full_experiments_using.model_trainers.mobile_vit_trainer | Ep [009/500] T-Acc:  55.3%  V-Acc:  58.9%  V-AUROC: 0.5641  LR: 1.00e-03
2026-05-27 04:33:56,382 | [FULL+AUG] | INFO | full_experiments_using.model_trainers.mobile_vit_trainer | Ep [010/500] T-Acc:  54.3%  V-Acc:  59.1%  V-AUROC: 0.5701  LR: 1.00e-03
2026-05-27 04:35:35,045 | [FULL+AUG] | INFO | full_experiments_using.model_trainers.mobile_vit_trainer | Ep [011/500] T-Acc:  54.2%  V-Acc:  55.0%  V-AUROC: 0.5640  LR: 1.00e-03
2026-05-27 04:37:13,247 | [FULL+AUG] | INFO | full_experiments_using.model_trainers.mobile_vit_trainer | Ep [012/500] T-Acc:  54.6%  V-Acc:  56.5%  V-AUROC: 0.5929  LR: 1.00e-03
2026-05-27 04:37:13,392 | [FULL+AUG] | INFO | full_experiments_using.model_trainers.mobile_vit_trainer |   ↳ new best AUROC; saved checkpoint: /home/leggo/AIResearch/VOGBasedMCIDetectionSystemMobileViTSingleExperimentInference/outputs/checkpoints/run_20260524_040820_full_aug/fold_28_best.pth
2026-05-27 04:38:51,777 | [FULL+AUG] | INFO | full_experiments_using.model_trainers.mobile_vit_trainer | Ep [013/500] T-Acc:  55.3%  V-Acc:  63.7%  V-AUROC: 0.6047  LR: 1.00e-03
2026-05-27 04:38:51,909 | [FULL+AUG] | INFO | full_experiments_using.model_trainers.mobile_vit_trainer |   ↳ new best AUROC; saved checkpoint: /home/leggo/AIResearch/VOGBasedMCIDetectionSystemMobileViTSingleExperimentInference/outputs/checkpoints/run_20260524_040820_full_aug/fold_28_best.pth
2026-05-27 04:40:30,277 | [FULL+AUG] | INFO | full_experiments_using.model_trainers.mobile_vit_trainer | Ep [014/500] T-Acc:  55.4%  V-Acc:  58.9%  V-AUROC: 0.5797  LR: 1.00e-03
2026-05-27 04:42:08,370 | [FULL+AUG] | INFO | full_experiments_using.model_trainers.mobile_vit_trainer | Ep [015/500] T-Acc:  54.6%  V-Acc:  62.5%  V-AUROC: 0.5965  LR: 1.00e-03
2026-05-27 04:43:46,471 | [FULL+AUG] | INFO | full_experiments_using.model_trainers.mobile_vit_trainer | Ep [016/500] T-Acc:  55.1%  V-Acc:  61.2%  V-AUROC: 0.5832  LR: 1.00e-03
2026-05-27 04:45:24,394 | [FULL+AUG] | INFO | full_experiments_using.model_trainers.mobile_vit_trainer | Ep [017/500] T-Acc:  56.9%  V-Acc:  61.9%  V-AUROC: 0.5721  LR: 1.00e-03
2026-05-27 04:47:02,989 | [FULL+AUG] | INFO | full_experiments_using.model_trainers.mobile_vit_trainer | Ep [018/500] T-Acc:  55.0%  V-Acc:  63.7%  V-AUROC: 0.5827  LR: 1.00e-03
2026-05-27 04:48:40,025 | [FULL+AUG] | INFO | full_experiments_using.model_trainers.mobile_vit_trainer | Ep [019/500] T-Acc:  56.4%  V-Acc:  59.7%  V-AUROC: 0.6092  LR: 1.00e-03
2026-05-27 04:48:40,168 | [FULL+AUG] | INFO | full_experiments_using.model_trainers.mobile_vit_trainer |   ↳ new best AUROC; saved checkpoint: /home/leggo/AIResearch/VOGBasedMCIDetectionSystemMobileViTSingleExperimentInference/outputs/checkpoints/run_20260524_040820_full_aug/fold_28_best.pth
2026-05-27 04:50:18,226 | [FULL+AUG] | INFO | full_experiments_using.model_trainers.mobile_vit_trainer | Ep [020/500] T-Acc:  56.2%  V-Acc:  62.0%  V-AUROC: 0.6020  LR: 1.00e-03
2026-05-27 04:51:56,116 | [FULL+AUG] | INFO | full_experiments_using.model_trainers.mobile_vit_trainer | Ep [021/500] T-Acc:  56.0%  V-Acc:  58.1%  V-AUROC: 0.5861  LR: 1.00e-03
2026-05-27 04:53:33,993 | [FULL+AUG] | INFO | full_experiments_using.model_trainers.mobile_vit_trainer | Ep [022/500] T-Acc:  56.6%  V-Acc:  62.7%  V-AUROC: 0.6055  LR: 1.00e-03
2026-05-27 04:55:10,899 | [FULL+AUG] | INFO | full_experiments_using.model_trainers.mobile_vit_trainer | Ep [023/500] T-Acc:  56.0%  V-Acc:  62.0%  V-AUROC: 0.6041  LR: 1.00e-03
2026-05-27 04:56:48,640 | [FULL+AUG] | INFO | full_experiments_using.model_trainers.mobile_vit_trainer | Ep [024/500] T-Acc:  58.0%  V-Acc:  57.0%  V-AUROC: 0.5907  LR: 1.00e-03
2026-05-27 04:58:26,431 | [FULL+AUG] | INFO | full_experiments_using.model_trainers.mobile_vit_trainer | Ep [025/500] T-Acc:  57.0%  V-Acc:  64.1%  V-AUROC: 0.6199  LR: 1.00e-03
2026-05-27 04:58:26,583 | [FULL+AUG] | INFO | full_experiments_using.model_trainers.mobile_vit_trainer |   ↳ new best AUROC; saved checkpoint: /home/leggo/AIResearch/VOGBasedMCIDetectionSystemMobileViTSingleExperimentInference/outputs/checkpoints/run_20260524_040820_full_aug/fold_28_best.pth
2026-05-27 05:00:04,572 | [FULL+AUG] | INFO | full_experiments_using.model_trainers.mobile_vit_trainer | Ep [026/500] T-Acc:  56.6%  V-Acc:  63.1%  V-AUROC: 0.6090  LR: 1.00e-03
2026-05-27 05:01:42,338 | [FULL+AUG] | INFO | full_experiments_using.model_trainers.mobile_vit_trainer | Ep [027/500] T-Acc:  57.5%  V-Acc:  59.8%  V-AUROC: 0.6017  LR: 1.00e-03
2026-05-27 05:03:20,682 | [FULL+AUG] | INFO | full_experiments_using.model_trainers.mobile_vit_trainer | Ep [028/500] T-Acc:  56.0%  V-Acc:  61.5%  V-AUROC: 0.6119  LR: 1.00e-03
2026-05-27 05:04:59,005 | [FULL+AUG] | INFO | full_experiments_using.model_trainers.mobile_vit_trainer | Ep [029/500] T-Acc:  57.3%  V-Acc:  62.9%  V-AUROC: 0.6144  LR: 1.00e-03
2026-05-27 05:06:37,172 | [FULL+AUG] | INFO | full_experiments_using.model_trainers.mobile_vit_trainer | Ep [030/500] T-Acc:  57.4%  V-Acc:  61.6%  V-AUROC: 0.5982  LR: 1.00e-03
2026-05-27 05:08:14,975 | [FULL+AUG] | INFO | full_experiments_using.model_trainers.mobile_vit_trainer | Ep [031/500] T-Acc:  57.3%  V-Acc:  59.7%  V-AUROC: 0.6135  LR: 1.00e-03
2026-05-27 05:09:53,306 | [FULL+AUG] | INFO | full_experiments_using.model_trainers.mobile_vit_trainer | Ep [032/500] T-Acc:  56.8%  V-Acc:  60.1%  V-AUROC: 0.6261  LR: 1.00e-03
2026-05-27 05:09:53,456 | [FULL+AUG] | INFO | full_experiments_using.model_trainers.mobile_vit_trainer |   ↳ new best AUROC; saved checkpoint: /home/leggo/AIResearch/VOGBasedMCIDetectionSystemMobileViTSingleExperimentInference/outputs/checkpoints/run_20260524_040820_full_aug/fold_28_best.pth
2026-05-27 05:11:32,106 | [FULL+AUG] | INFO | full_experiments_using.model_trainers.mobile_vit_trainer | Ep [033/500] T-Acc:  57.0%  V-Acc:  63.4%  V-AUROC: 0.6145  LR: 1.00e-03
2026-05-27 05:13:10,320 | [FULL+AUG] | INFO | full_experiments_using.model_trainers.mobile_vit_trainer | Ep [034/500] T-Acc:  56.8%  V-Acc:  62.5%  V-AUROC: 0.6329  LR: 1.00e-03
2026-05-27 05:13:10,456 | [FULL+AUG] | INFO | full_experiments_using.model_trainers.mobile_vit_trainer |   ↳ new best AUROC; saved checkpoint: /home/leggo/AIResearch/VOGBasedMCIDetectionSystemMobileViTSingleExperimentInference/outputs/checkpoints/run_20260524_040820_full_aug/fold_28_best.pth
2026-05-27 05:14:48,560 | [FULL+AUG] | INFO | full_experiments_using.model_trainers.mobile_vit_trainer | Ep [035/500] T-Acc:  57.0%  V-Acc:  61.1%  V-AUROC: 0.6424  LR: 1.00e-03
2026-05-27 05:14:48,671 | [FULL+AUG] | INFO | full_experiments_using.model_trainers.mobile_vit_trainer |   ↳ new best AUROC; saved checkpoint: /home/leggo/AIResearch/VOGBasedMCIDetectionSystemMobileViTSingleExperimentInference/outputs/checkpoints/run_20260524_040820_full_aug/fold_28_best.pth
2026-05-27 05:16:27,409 | [FULL+AUG] | INFO | full_experiments_using.model_trainers.mobile_vit_trainer | Ep [036/500] T-Acc:  57.0%  V-Acc:  64.6%  V-AUROC: 0.6347  LR: 1.00e-03
2026-05-27 05:18:05,611 | [FULL+AUG] | INFO | full_experiments_using.model_trainers.mobile_vit_trainer | Ep [037/500] T-Acc:  57.0%  V-Acc:  60.9%  V-AUROC: 0.6269  LR: 1.00e-03
2026-05-27 05:19:44,065 | [FULL+AUG] | INFO | full_experiments_using.model_trainers.mobile_vit_trainer | Ep [038/500] T-Acc:  58.1%  V-Acc:  64.9%  V-AUROC: 0.6359  LR: 1.00e-03
2026-05-27 05:21:22,320 | [FULL+AUG] | INFO | full_experiments_using.model_trainers.mobile_vit_trainer | Ep [039/500] T-Acc:  57.4%  V-Acc:  62.5%  V-AUROC: 0.6319  LR: 1.00e-03
2026-05-27 05:23:00,687 | [FULL+AUG] | INFO | full_experiments_using.model_trainers.mobile_vit_trainer | Ep [040/500] T-Acc:  57.7%  V-Acc:  61.7%  V-AUROC: 0.6434  LR: 1.00e-03
2026-05-27 05:23:00,820 | [FULL+AUG] | INFO | full_experiments_using.model_trainers.mobile_vit_trainer |   ↳ new best AUROC; saved checkpoint: /home/leggo/AIResearch/VOGBasedMCIDetectionSystemMobileViTSingleExperimentInference/outputs/checkpoints/run_20260524_040820_full_aug/fold_28_best.pth
2026-05-27 05:24:39,093 | [FULL+AUG] | INFO | full_experiments_using.model_trainers.mobile_vit_trainer | Ep [041/500] T-Acc:  57.8%  V-Acc:  61.9%  V-AUROC: 0.6435  LR: 1.00e-03
2026-05-27 05:24:39,205 | [FULL+AUG] | INFO | full_experiments_using.model_trainers.mobile_vit_trainer |   ↳ new best AUROC; saved checkpoint: /home/leggo/AIResearch/VOGBasedMCIDetectionSystemMobileViTSingleExperimentInference/outputs/checkpoints/run_20260524_040820_full_aug/fold_28_best.pth
2026-05-27 05:26:17,280 | [FULL+AUG] | INFO | full_experiments_using.model_trainers.mobile_vit_trainer | Ep [042/500] T-Acc:  59.5%  V-Acc:  61.9%  V-AUROC: 0.6338  LR: 1.00e-03
2026-05-27 05:27:56,117 | [FULL+AUG] | INFO | full_experiments_using.model_trainers.mobile_vit_trainer | Ep [043/500] T-Acc:  58.5%  V-Acc:  60.8%  V-AUROC: 0.6465  LR: 1.00e-03
2026-05-27 05:27:56,262 | [FULL+AUG] | INFO | full_experiments_using.model_trainers.mobile_vit_trainer |   ↳ new best AUROC; saved checkpoint: /home/leggo/AIResearch/VOGBasedMCIDetectionSystemMobileViTSingleExperimentInference/outputs/checkpoints/run_20260524_040820_full_aug/fold_28_best.pth
2026-05-27 05:29:34,698 | [FULL+AUG] | INFO | full_experiments_using.model_trainers.mobile_vit_trainer | Ep [044/500] T-Acc:  57.7%  V-Acc:  61.2%  V-AUROC: 0.6579  LR: 1.00e-03
2026-05-27 05:29:34,843 | [FULL+AUG] | INFO | full_experiments_using.model_trainers.mobile_vit_trainer |   ↳ new best AUROC; saved checkpoint: /home/leggo/AIResearch/VOGBasedMCIDetectionSystemMobileViTSingleExperimentInference/outputs/checkpoints/run_20260524_040820_full_aug/fold_28_best.pth
2026-05-27 05:31:13,406 | [FULL+AUG] | INFO | full_experiments_using.model_trainers.mobile_vit_trainer | Ep [045/500] T-Acc:  59.3%  V-Acc:  64.6%  V-AUROC: 0.6448  LR: 1.00e-03
2026-05-27 05:32:51,966 | [FULL+AUG] | INFO | full_experiments_using.model_trainers.mobile_vit_trainer | Ep [046/500] T-Acc:  58.4%  V-Acc:  64.5%  V-AUROC: 0.6420  LR: 1.00e-03
2026-05-27 05:34:29,966 | [FULL+AUG] | INFO | full_experiments_using.model_trainers.mobile_vit_trainer | Ep [047/500] T-Acc:  58.8%  V-Acc:  61.9%  V-AUROC: 0.6500  LR: 1.00e-03
2026-05-27 05:36:08,488 | [FULL+AUG] | INFO | full_experiments_using.model_trainers.mobile_vit_trainer | Ep [048/500] T-Acc:  60.0%  V-Acc:  60.7%  V-AUROC: 0.6507  LR: 1.00e-03
2026-05-27 05:37:46,911 | [FULL+AUG] | INFO | full_experiments_using.model_trainers.mobile_vit_trainer | Ep [049/500] T-Acc:  58.1%  V-Acc:  62.1%  V-AUROC: 0.6642  LR: 1.00e-03
2026-05-27 05:37:47,067 | [FULL+AUG] | INFO | full_experiments_using.model_trainers.mobile_vit_trainer |   ↳ new best AUROC; saved checkpoint: /home/leggo/AIResearch/VOGBasedMCIDetectionSystemMobileViTSingleExperimentInference/outputs/checkpoints/run_20260524_040820_full_aug/fold_28_best.pth
2026-05-27 05:39:25,687 | [FULL+AUG] | INFO | full_experiments_using.model_trainers.mobile_vit_trainer | Ep [050/500] T-Acc:  58.9%  V-Acc:  61.4%  V-AUROC: 0.6679  LR: 1.00e-03
2026-05-27 05:39:25,825 | [FULL+AUG] | INFO | full_experiments_using.model_trainers.mobile_vit_trainer |   ↳ new best AUROC; saved checkpoint: /home/leggo/AIResearch/VOGBasedMCIDetectionSystemMobileViTSingleExperimentInference/outputs/checkpoints/run_20260524_040820_full_aug/fold_28_best.pth
2026-05-27 05:41:04,257 | [FULL+AUG] | INFO | full_experiments_using.model_trainers.mobile_vit_trainer | Ep [051/500] T-Acc:  59.7%  V-Acc:  65.4%  V-AUROC: 0.6766  LR: 1.00e-03
2026-05-27 05:41:04,406 | [FULL+AUG] | INFO | full_experiments_using.model_trainers.mobile_vit_trainer |   ↳ new best AUROC; saved checkpoint: /home/leggo/AIResearch/VOGBasedMCIDetectionSystemMobileViTSingleExperimentInference/outputs/checkpoints/run_20260524_040820_full_aug/fold_28_best.pth
2026-05-27 05:42:42,839 | [FULL+AUG] | INFO | full_experiments_using.model_trainers.mobile_vit_trainer | Ep [052/500] T-Acc:  58.1%  V-Acc:  65.6%  V-AUROC: 0.6807  LR: 1.00e-03
2026-05-27 05:42:42,986 | [FULL+AUG] | INFO | full_experiments_using.model_trainers.mobile_vit_trainer |   ↳ new best AUROC; saved checkpoint: /home/leggo/AIResearch/VOGBasedMCIDetectionSystemMobileViTSingleExperimentInference/outputs/checkpoints/run_20260524_040820_full_aug/fold_28_best.pth
2026-05-27 05:44:21,118 | [FULL+AUG] | INFO | full_experiments_using.model_trainers.mobile_vit_trainer | Ep [053/500] T-Acc:  59.4%  V-Acc:  66.7%  V-AUROC: 0.6875  LR: 1.00e-03
2026-05-27 05:44:21,266 | [FULL+AUG] | INFO | full_experiments_using.model_trainers.mobile_vit_trainer |   ↳ new best AUROC; saved checkpoint: /home/leggo/AIResearch/VOGBasedMCIDetectionSystemMobileViTSingleExperimentInference/outputs/checkpoints/run_20260524_040820_full_aug/fold_28_best.pth
2026-05-27 05:45:59,475 | [FULL+AUG] | INFO | full_experiments_using.model_trainers.mobile_vit_trainer | Ep [054/500] T-Acc:  59.1%  V-Acc:  63.5%  V-AUROC: 0.6904  LR: 1.00e-03
2026-05-27 05:45:59,618 | [FULL+AUG] | INFO | full_experiments_using.model_trainers.mobile_vit_trainer |   ↳ new best AUROC; saved checkpoint: /home/leggo/AIResearch/VOGBasedMCIDetectionSystemMobileViTSingleExperimentInference/outputs/checkpoints/run_20260524_040820_full_aug/fold_28_best.pth
2026-05-27 05:47:38,097 | [FULL+AUG] | INFO | full_experiments_using.model_trainers.mobile_vit_trainer | Ep [055/500] T-Acc:  59.6%  V-Acc:  62.0%  V-AUROC: 0.6690  LR: 1.00e-03
2026-05-27 05:49:16,629 | [FULL+AUG] | INFO | full_experiments_using.model_trainers.mobile_vit_trainer | Ep [056/500] T-Acc:  58.5%  V-Acc:  65.1%  V-AUROC: 0.6670  LR: 1.00e-03
2026-05-27 05:50:54,935 | [FULL+AUG] | INFO | full_experiments_using.model_trainers.mobile_vit_trainer | Ep [057/500] T-Acc:  59.6%  V-Acc:  66.3%  V-AUROC: 0.6842  LR: 1.00e-03
2026-05-27 05:52:33,159 | [FULL+AUG] | INFO | full_experiments_using.model_trainers.mobile_vit_trainer | Ep [058/500] T-Acc:  59.1%  V-Acc:  66.0%  V-AUROC: 0.6915  LR: 1.00e-03
2026-05-27 05:52:33,312 | [FULL+AUG] | INFO | full_experiments_using.model_trainers.mobile_vit_trainer |   ↳ new best AUROC; saved checkpoint: /home/leggo/AIResearch/VOGBasedMCIDetectionSystemMobileViTSingleExperimentInference/outputs/checkpoints/run_20260524_040820_full_aug/fold_28_best.pth
2026-05-27 05:54:11,397 | [FULL+AUG] | INFO | full_experiments_using.model_trainers.mobile_vit_trainer | Ep [059/500] T-Acc:  59.6%  V-Acc:  64.3%  V-AUROC: 0.6534  LR: 1.00e-03
2026-05-27 05:55:49,552 | [FULL+AUG] | INFO | full_experiments_using.model_trainers.mobile_vit_trainer | Ep [060/500] T-Acc:  58.1%  V-Acc:  63.8%  V-AUROC: 0.6725  LR: 1.00e-03
2026-05-27 05:57:27,784 | [FULL+AUG] | INFO | full_experiments_using.model_trainers.mobile_vit_trainer | Ep [061/500] T-Acc:  59.5%  V-Acc:  63.4%  V-AUROC: 0.6872  LR: 1.00e-03
2026-05-27 05:59:05,947 | [FULL+AUG] | INFO | full_experiments_using.model_trainers.mobile_vit_trainer | Ep [062/500] T-Acc:  58.3%  V-Acc:  65.2%  V-AUROC: 0.6855  LR: 1.00e-03
2026-05-27 06:00:44,119 | [FULL+AUG] | INFO | full_experiments_using.model_trainers.mobile_vit_trainer | Ep [063/500] T-Acc:  58.9%  V-Acc:  66.4%  V-AUROC: 0.6949  LR: 1.00e-03
2026-05-27 06:00:44,267 | [FULL+AUG] | INFO | full_experiments_using.model_trainers.mobile_vit_trainer |   ↳ new best AUROC; saved checkpoint: /home/leggo/AIResearch/VOGBasedMCIDetectionSystemMobileViTSingleExperimentInference/outputs/checkpoints/run_20260524_040820_full_aug/fold_28_best.pth
2026-05-27 06:02:22,303 | [FULL+AUG] | INFO | full_experiments_using.model_trainers.mobile_vit_trainer | Ep [064/500] T-Acc:  60.1%  V-Acc:  65.2%  V-AUROC: 0.6582  LR: 1.00e-03
2026-05-27 06:04:00,536 | [FULL+AUG] | INFO | full_experiments_using.model_trainers.mobile_vit_trainer | Ep [065/500] T-Acc:  58.6%  V-Acc:  65.0%  V-AUROC: 0.6660  LR: 1.00e-03
2026-05-27 06:05:38,727 | [FULL+AUG] | INFO | full_experiments_using.model_trainers.mobile_vit_trainer | Ep [066/500] T-Acc:  59.4%  V-Acc:  66.0%  V-AUROC: 0.7054  LR: 1.00e-03
2026-05-27 06:05:38,871 | [FULL+AUG] | INFO | full_experiments_using.model_trainers.mobile_vit_trainer |   ↳ new best AUROC; saved checkpoint: /home/leggo/AIResearch/VOGBasedMCIDetectionSystemMobileViTSingleExperimentInference/outputs/checkpoints/run_20260524_040820_full_aug/fold_28_best.pth
2026-05-27 06:07:17,040 | [FULL+AUG] | INFO | full_experiments_using.model_trainers.mobile_vit_trainer | Ep [067/500] T-Acc:  58.8%  V-Acc:  65.1%  V-AUROC: 0.6889  LR: 1.00e-03
2026-05-27 06:08:55,204 | [FULL+AUG] | INFO | full_experiments_using.model_trainers.mobile_vit_trainer | Ep [068/500] T-Acc:  59.0%  V-Acc:  65.5%  V-AUROC: 0.7040  LR: 1.00e-03
2026-05-27 06:10:33,653 | [FULL+AUG] | INFO | full_experiments_using.model_trainers.mobile_vit_trainer | Ep [069/500] T-Acc:  59.0%  V-Acc:  63.5%  V-AUROC: 0.6806  LR: 1.00e-03
2026-05-27 06:12:11,932 | [FULL+AUG] | INFO | full_experiments_using.model_trainers.mobile_vit_trainer | Ep [070/500] T-Acc:  60.3%  V-Acc:  64.3%  V-AUROC: 0.6827  LR: 1.00e-03
2026-05-27 06:13:50,294 | [FULL+AUG] | INFO | full_experiments_using.model_trainers.mobile_vit_trainer | Ep [071/500] T-Acc:  59.7%  V-Acc:  65.2%  V-AUROC: 0.7003  LR: 1.00e-03
2026-05-27 06:15:28,927 | [FULL+AUG] | INFO | full_experiments_using.model_trainers.mobile_vit_trainer | Ep [072/500] T-Acc:  58.6%  V-Acc:  62.8%  V-AUROC: 0.6940  LR: 1.00e-03
2026-05-27 06:17:05,705 | [FULL+AUG] | INFO | full_experiments_using.model_trainers.mobile_vit_trainer | Ep [073/500] T-Acc:  60.1%  V-Acc:  62.4%  V-AUROC: 0.6922  LR: 1.00e-03
2026-05-27 06:18:43,927 | [FULL+AUG] | INFO | full_experiments_using.model_trainers.mobile_vit_trainer | Ep [074/500] T-Acc:  60.4%  V-Acc:  66.6%  V-AUROC: 0.7039  LR: 1.00e-03
2026-05-27 06:20:22,171 | [FULL+AUG] | INFO | full_experiments_using.model_trainers.mobile_vit_trainer | Ep [075/500] T-Acc:  59.3%  V-Acc:  63.7%  V-AUROC: 0.6748  LR: 1.00e-03
2026-05-27 06:22:00,186 | [FULL+AUG] | INFO | full_experiments_using.model_trainers.mobile_vit_trainer | Ep [076/500] T-Acc:  58.3%  V-Acc:  65.1%  V-AUROC: 0.6850  LR: 1.00e-03
2026-05-27 06:23:38,542 | [FULL+AUG] | INFO | full_experiments_using.model_trainers.mobile_vit_trainer | Ep [077/500] T-Acc:  59.5%  V-Acc:  65.3%  V-AUROC: 0.6861  LR: 1.00e-03
2026-05-27 06:25:16,494 | [FULL+AUG] | INFO | full_experiments_using.model_trainers.mobile_vit_trainer | Ep [078/500] T-Acc:  60.1%  V-Acc:  65.5%  V-AUROC: 0.6836  LR: 2.00e-04
2026-05-27 06:26:54,517 | [FULL+AUG] | INFO | full_experiments_using.model_trainers.mobile_vit_trainer | Ep [079/500] T-Acc:  59.7%  V-Acc:  66.0%  V-AUROC: 0.6945  LR: 2.00e-04
2026-05-27 06:28:32,835 | [FULL+AUG] | INFO | full_experiments_using.model_trainers.mobile_vit_trainer | Ep [080/500] T-Acc:  60.1%  V-Acc:  63.7%  V-AUROC: 0.6934  LR: 2.00e-04
2026-05-27 06:30:10,873 | [FULL+AUG] | INFO | full_experiments_using.model_trainers.mobile_vit_trainer | Ep [081/500] T-Acc:  58.8%  V-Acc:  64.1%  V-AUROC: 0.6943  LR: 2.00e-04
2026-05-27 06:31:49,026 | [FULL+AUG] | INFO | full_experiments_using.model_trainers.mobile_vit_trainer | Ep [082/500] T-Acc:  59.8%  V-Acc:  64.3%  V-AUROC: 0.7050  LR: 2.00e-04
2026-05-27 06:33:27,017 | [FULL+AUG] | INFO | full_experiments_using.model_trainers.mobile_vit_trainer | Ep [083/500] T-Acc:  59.7%  V-Acc:  63.2%  V-AUROC: 0.7074  LR: 2.00e-04
2026-05-27 06:33:27,167 | [FULL+AUG] | INFO | full_experiments_using.model_trainers.mobile_vit_trainer |   ↳ new best AUROC; saved checkpoint: /home/leggo/AIResearch/VOGBasedMCIDetectionSystemMobileViTSingleExperimentInference/outputs/checkpoints/run_20260524_040820_full_aug/fold_28_best.pth
2026-05-27 06:35:05,075 | [FULL+AUG] | INFO | full_experiments_using.model_trainers.mobile_vit_trainer | Ep [084/500] T-Acc:  59.0%  V-Acc:  65.7%  V-AUROC: 0.7047  LR: 2.00e-04
2026-05-27 06:36:43,963 | [FULL+AUG] | INFO | full_experiments_using.model_trainers.mobile_vit_trainer | Ep [085/500] T-Acc:  60.3%  V-Acc:  65.9%  V-AUROC: 0.7006  LR: 2.00e-04
2026-05-27 06:38:22,133 | [FULL+AUG] | INFO | full_experiments_using.model_trainers.mobile_vit_trainer | Ep [086/500] T-Acc:  59.0%  V-Acc:  64.8%  V-AUROC: 0.7014  LR: 2.00e-04
2026-05-27 06:40:00,459 | [FULL+AUG] | INFO | full_experiments_using.model_trainers.mobile_vit_trainer | Ep [087/500] T-Acc:  59.8%  V-Acc:  66.9%  V-AUROC: 0.6936  LR: 2.00e-04
2026-05-27 06:41:38,774 | [FULL+AUG] | INFO | full_experiments_using.model_trainers.mobile_vit_trainer | Ep [088/500] T-Acc:  59.9%  V-Acc:  65.4%  V-AUROC: 0.6939  LR: 2.00e-04
2026-05-27 06:43:16,813 | [FULL+AUG] | INFO | full_experiments_using.model_trainers.mobile_vit_trainer | Ep [089/500] T-Acc:  59.7%  V-Acc:  64.5%  V-AUROC: 0.7008  LR: 2.00e-04
2026-05-27 06:44:55,192 | [FULL+AUG] | INFO | full_experiments_using.model_trainers.mobile_vit_trainer | Ep [090/500] T-Acc:  60.1%  V-Acc:  64.6%  V-AUROC: 0.6976  LR: 2.00e-04
2026-05-27 06:46:33,498 | [FULL+AUG] | INFO | full_experiments_using.model_trainers.mobile_vit_trainer | Ep [091/500] T-Acc:  59.6%  V-Acc:  65.5%  V-AUROC: 0.7008  LR: 2.00e-04
2026-05-27 06:48:10,309 | [FULL+AUG] | INFO | full_experiments_using.model_trainers.mobile_vit_trainer | Ep [092/500] T-Acc:  60.4%  V-Acc:  64.9%  V-AUROC: 0.6983  LR: 2.00e-04
2026-05-27 06:49:48,303 | [FULL+AUG] | INFO | full_experiments_using.model_trainers.mobile_vit_trainer | Ep [093/500] T-Acc:  61.3%  V-Acc:  65.1%  V-AUROC: 0.6922  LR: 2.00e-04
2026-05-27 06:51:26,663 | [FULL+AUG] | INFO | full_experiments_using.model_trainers.mobile_vit_trainer | Ep [094/500] T-Acc:  60.3%  V-Acc:  64.8%  V-AUROC: 0.6928  LR: 2.00e-04
2026-05-27 06:53:05,007 | [FULL+AUG] | INFO | full_experiments_using.model_trainers.mobile_vit_trainer | Ep [095/500] T-Acc:  59.6%  V-Acc:  65.6%  V-AUROC: 0.7002  LR: 4.00e-05
2026-05-27 06:54:43,531 | [FULL+AUG] | INFO | full_experiments_using.model_trainers.mobile_vit_trainer | Ep [096/500] T-Acc:  59.1%  V-Acc:  65.8%  V-AUROC: 0.7030  LR: 4.00e-05
2026-05-27 06:56:21,831 | [FULL+AUG] | INFO | full_experiments_using.model_trainers.mobile_vit_trainer | Ep [097/500] T-Acc:  59.9%  V-Acc:  64.6%  V-AUROC: 0.7079  LR: 4.00e-05
2026-05-27 06:56:21,972 | [FULL+AUG] | INFO | full_experiments_using.model_trainers.mobile_vit_trainer |   ↳ new best AUROC; saved checkpoint: /home/leggo/AIResearch/VOGBasedMCIDetectionSystemMobileViTSingleExperimentInference/outputs/checkpoints/run_20260524_040820_full_aug/fold_28_best.pth
2026-05-27 06:58:00,128 | [FULL+AUG] | INFO | full_experiments_using.model_trainers.mobile_vit_trainer | Ep [098/500] T-Acc:  59.6%  V-Acc:  65.7%  V-AUROC: 0.6982  LR: 4.00e-05
2026-05-27 06:59:38,037 | [FULL+AUG] | INFO | full_experiments_using.model_trainers.mobile_vit_trainer | Ep [099/500] T-Acc:  60.8%  V-Acc:  65.8%  V-AUROC: 0.6995  LR: 4.00e-05
2026-05-27 07:01:16,521 | [FULL+AUG] | INFO | full_experiments_using.model_trainers.mobile_vit_trainer | Ep [100/500] T-Acc:  60.5%  V-Acc:  66.4%  V-AUROC: 0.6968  LR: 4.00e-05
2026-05-27 07:02:54,627 | [FULL+AUG] | INFO | full_experiments_using.model_trainers.mobile_vit_trainer | Ep [101/500] T-Acc:  60.1%  V-Acc:  64.8%  V-AUROC: 0.6998  LR: 4.00e-05
2026-05-27 07:04:32,932 | [FULL+AUG] | INFO | full_experiments_using.model_trainers.mobile_vit_trainer | Ep [102/500] T-Acc:  59.7%  V-Acc:  65.0%  V-AUROC: 0.7010  LR: 4.00e-05
2026-05-27 07:06:10,793 | [FULL+AUG] | INFO | full_experiments_using.model_trainers.mobile_vit_trainer | Ep [103/500] T-Acc:  59.4%  V-Acc:  65.0%  V-AUROC: 0.6988  LR: 4.00e-05
2026-05-27 07:07:48,817 | [FULL+AUG] | INFO | full_experiments_using.model_trainers.mobile_vit_trainer | Ep [104/500] T-Acc:  59.5%  V-Acc:  65.0%  V-AUROC: 0.7002  LR: 4.00e-05
2026-05-27 07:09:27,284 | [FULL+AUG] | INFO | full_experiments_using.model_trainers.mobile_vit_trainer | Ep [105/500] T-Acc:  59.6%  V-Acc:  64.8%  V-AUROC: 0.6974  LR: 4.00e-05
2026-05-27 07:11:05,824 | [FULL+AUG] | INFO | full_experiments_using.model_trainers.mobile_vit_trainer | Ep [106/500] T-Acc:  59.6%  V-Acc:  65.0%  V-AUROC: 0.6976  LR: 4.00e-05
2026-05-27 07:12:44,285 | [FULL+AUG] | INFO | full_experiments_using.model_trainers.mobile_vit_trainer | Ep [107/500] T-Acc:  60.0%  V-Acc:  64.6%  V-AUROC: 0.6934  LR: 4.00e-05
2026-05-27 07:14:22,848 | [FULL+AUG] | INFO | full_experiments_using.model_trainers.mobile_vit_trainer | Ep [108/500] T-Acc:  60.4%  V-Acc:  64.3%  V-AUROC: 0.6971  LR: 4.00e-05
2026-05-27 07:16:01,034 | [FULL+AUG] | INFO | full_experiments_using.model_trainers.mobile_vit_trainer | Ep [109/500] T-Acc:  60.7%  V-Acc:  66.0%  V-AUROC: 0.7000  LR: 8.00e-06
2026-05-27 07:17:39,613 | [FULL+AUG] | INFO | full_experiments_using.model_trainers.mobile_vit_trainer | Ep [110/500] T-Acc:  59.2%  V-Acc:  65.4%  V-AUROC: 0.6963  LR: 8.00e-06
2026-05-27 07:19:18,120 | [FULL+AUG] | INFO | full_experiments_using.model_trainers.mobile_vit_trainer | Ep [111/500] T-Acc:  60.4%  V-Acc:  64.8%  V-AUROC: 0.6975  LR: 8.00e-06
2026-05-27 07:20:56,669 | [FULL+AUG] | INFO | full_experiments_using.model_trainers.mobile_vit_trainer | Ep [112/500] T-Acc:  59.7%  V-Acc:  64.4%  V-AUROC: 0.6950  LR: 8.00e-06
2026-05-27 07:22:34,742 | [FULL+AUG] | INFO | full_experiments_using.model_trainers.mobile_vit_trainer | Ep [113/500] T-Acc:  59.6%  V-Acc:  66.3%  V-AUROC: 0.6938  LR: 8.00e-06
2026-05-27 07:24:12,890 | [FULL+AUG] | INFO | full_experiments_using.model_trainers.mobile_vit_trainer | Ep [114/500] T-Acc:  60.3%  V-Acc:  64.2%  V-AUROC: 0.6964  LR: 8.00e-06
2026-05-27 07:25:50,715 | [FULL+AUG] | INFO | full_experiments_using.model_trainers.mobile_vit_trainer | Ep [115/500] T-Acc:  60.1%  V-Acc:  66.3%  V-AUROC: 0.6972  LR: 8.00e-06
2026-05-27 07:27:29,154 | [FULL+AUG] | INFO | full_experiments_using.model_trainers.mobile_vit_trainer | Ep [116/500] T-Acc:  60.4%  V-Acc:  64.6%  V-AUROC: 0.6966  LR: 8.00e-06
2026-05-27 07:29:07,546 | [FULL+AUG] | INFO | full_experiments_using.model_trainers.mobile_vit_trainer | Ep [117/500] T-Acc:  60.2%  V-Acc:  64.2%  V-AUROC: 0.6975  LR: 8.00e-06
2026-05-27 07:30:45,230 | [FULL+AUG] | INFO | full_experiments_using.model_trainers.mobile_vit_trainer | Ep [118/500] T-Acc:  59.6%  V-Acc:  65.9%  V-AUROC: 0.6988  LR: 8.00e-06
2026-05-27 07:32:23,333 | [FULL+AUG] | INFO | full_experiments_using.model_trainers.mobile_vit_trainer | Ep [119/500] T-Acc:  58.9%  V-Acc:  64.5%  V-AUROC: 0.7002  LR: 8.00e-06
2026-05-27 07:34:01,342 | [FULL+AUG] | INFO | full_experiments_using.model_trainers.mobile_vit_trainer | Ep [120/500] T-Acc:  60.7%  V-Acc:  65.8%  V-AUROC: 0.6997  LR: 1.60e-06
2026-05-27 07:35:39,423 | [FULL+AUG] | INFO | full_experiments_using.model_trainers.mobile_vit_trainer | Ep [121/500] T-Acc:  60.6%  V-Acc:  65.5%  V-AUROC: 0.6933  LR: 1.60e-06
2026-05-27 07:37:17,099 | [FULL+AUG] | INFO | full_experiments_using.model_trainers.mobile_vit_trainer | Ep [122/500] T-Acc:  59.9%  V-Acc:  64.7%  V-AUROC: 0.6942  LR: 1.60e-06
2026-05-27 07:38:54,978 | [FULL+AUG] | INFO | full_experiments_using.model_trainers.mobile_vit_trainer | Ep [123/500] T-Acc:  59.8%  V-Acc:  64.6%  V-AUROC: 0.6956  LR: 1.60e-06
2026-05-27 07:40:32,751 | [FULL+AUG] | INFO | full_experiments_using.model_trainers.mobile_vit_trainer | Ep [124/500] T-Acc:  59.9%  V-Acc:  65.0%  V-AUROC: 0.6958  LR: 1.60e-06
2026-05-27 07:42:10,670 | [FULL+AUG] | INFO | full_experiments_using.model_trainers.mobile_vit_trainer | Ep [125/500] T-Acc:  59.6%  V-Acc:  67.6%  V-AUROC: 0.6971  LR: 1.60e-06
2026-05-27 07:43:48,363 | [FULL+AUG] | INFO | full_experiments_using.model_trainers.mobile_vit_trainer | Ep [126/500] T-Acc:  60.7%  V-Acc:  65.9%  V-AUROC: 0.6991  LR: 1.60e-06
2026-05-27 07:45:26,344 | [FULL+AUG] | INFO | full_experiments_using.model_trainers.mobile_vit_trainer | Ep [127/500] T-Acc:  60.1%  V-Acc:  66.4%  V-AUROC: 0.6965  LR: 1.60e-06
2026-05-27 07:47:04,585 | [FULL+AUG] | INFO | full_experiments_using.model_trainers.mobile_vit_trainer | Ep [128/500] T-Acc:  60.2%  V-Acc:  66.2%  V-AUROC: 0.6992  LR: 1.60e-06
2026-05-27 07:48:42,480 | [FULL+AUG] | INFO | full_experiments_using.model_trainers.mobile_vit_trainer | Ep [129/500] T-Acc:  59.8%  V-Acc:  64.4%  V-AUROC: 0.6957  LR: 1.60e-06
2026-05-27 07:50:20,609 | [FULL+AUG] | INFO | full_experiments_using.model_trainers.mobile_vit_trainer | Ep [130/500] T-Acc:  58.9%  V-Acc:  66.2%  V-AUROC: 0.6998  LR: 1.60e-06
2026-05-27 07:51:58,811 | [FULL+AUG] | INFO | full_experiments_using.model_trainers.mobile_vit_trainer | Ep [131/500] T-Acc:  60.7%  V-Acc:  65.4%  V-AUROC: 0.6939  LR: 1.00e-06
2026-05-27 07:53:36,656 | [FULL+AUG] | INFO | full_experiments_using.model_trainers.mobile_vit_trainer | Ep [132/500] T-Acc:  61.3%  V-Acc:  65.5%  V-AUROC: 0.6951  LR: 1.00e-06
2026-05-27 07:55:14,564 | [FULL+AUG] | INFO | full_experiments_using.model_trainers.mobile_vit_trainer | Ep [133/500] T-Acc:  60.5%  V-Acc:  64.6%  V-AUROC: 0.6968  LR: 1.00e-06
2026-05-27 07:56:52,653 | [FULL+AUG] | INFO | full_experiments_using.model_trainers.mobile_vit_trainer | Ep [134/500] T-Acc:  60.8%  V-Acc:  66.5%  V-AUROC: 0.7007  LR: 1.00e-06
2026-05-27 07:58:30,800 | [FULL+AUG] | INFO | full_experiments_using.model_trainers.mobile_vit_trainer | Ep [135/500] T-Acc:  60.3%  V-Acc:  65.5%  V-AUROC: 0.6969  LR: 1.00e-06
2026-05-27 08:00:08,829 | [FULL+AUG] | INFO | full_experiments_using.model_trainers.mobile_vit_trainer | Ep [136/500] T-Acc:  59.5%  V-Acc:  65.6%  V-AUROC: 0.6948  LR: 1.00e-06
2026-05-27 08:01:47,127 | [FULL+AUG] | INFO | full_experiments_using.model_trainers.mobile_vit_trainer | Ep [137/500] T-Acc:  59.6%  V-Acc:  65.1%  V-AUROC: 0.7002  LR: 1.00e-06
2026-05-27 08:01:47,128 | [FULL+AUG] | INFO | full_experiments_using.model_trainers.mobile_vit_trainer | Early stop — best AUROC 0.7079 at epoch 97 (no improvement for 40 epochs)
2026-05-27 08:01:47,128 | [FULL+AUG] | INFO | full_experiments_using.model_trainers.mobile_vit_trainer | Done. Best AUROC: 0.7079 (epoch 97) → /home/leggo/AIResearch/VOGBasedMCIDetectionSystemMobileViTSingleExperimentInference/outputs/checkpoints/run_20260524_040820_full_aug/fold_28_best.pth
2026-05-27 08:02:10,804 | [FULL+AUG] | INFO | full_experiments_using.evaluators.monte_carlo_evaluator | -> Fold 29 Result | Acc=0.900 Sens=0.875 Spec=1.000 AUROC=0.938
2026-05-27 08:02:10,807 | [FULL+AUG] | INFO | full_experiments_using.evaluators.monte_carlo_evaluator | === Fold 30/30 | train: 25 subj / 3928 windows | test: 12 subj / 1808 windows ===
2026-05-27 08:02:11,451 | [FULL+AUG] | INFO | httpx | HTTP Request: HEAD https://huggingface.co/apple/mobilevit-small/resolve/main/config.json "HTTP/1.1 307 Temporary Redirect"
2026-05-27 08:02:11,472 | [FULL+AUG] | INFO | httpx | HTTP Request: HEAD https://huggingface.co/api/resolve-cache/models/apple/mobilevit-small/6c8612545dc98676d27bc518fa521d9e9af23e34/config.json "HTTP/1.1 200 OK"
2026-05-27 08:02:11,754 | [FULL+AUG] | INFO | httpx | HTTP Request: HEAD https://huggingface.co/apple/mobilevit-small/resolve/main/model.safetensors "HTTP/1.1 404 Not Found"
2026-05-27 08:02:11,969 | [FULL+AUG] | INFO | httpx | HTTP Request: HEAD https://huggingface.co/apple/mobilevit-small/resolve/main/model.safetensors.index.json "HTTP/1.1 404 Not Found"
2026-05-27 08:02:12,187 | [FULL+AUG] | INFO | httpx | HTTP Request: HEAD https://huggingface.co/apple/mobilevit-small/resolve/main/pytorch_model.bin "HTTP/1.1 302 Found"
2026-05-27 08:02:12,428 | [FULL+AUG] | INFO | httpx | HTTP Request: HEAD https://huggingface.co/apple/mobilevit-small/resolve/main/model.safetensors "HTTP/1.1 404 Not Found"
2026-05-27 08:02:12,846 | [FULL+AUG] | INFO | httpx | HTTP Request: GET https://huggingface.co/api/models/apple/mobilevit-small "HTTP/1.1 200 OK"
2026-05-27 08:02:13,071 | [FULL+AUG] | INFO | httpx | HTTP Request: GET https://huggingface.co/api/models/apple/mobilevit-small/commits/main "HTTP/1.1 200 OK"
2026-05-27 08:02:13,300 | [FULL+AUG] | INFO | httpx | HTTP Request: GET https://huggingface.co/api/models/apple/mobilevit-small/discussions?p=0 "HTTP/1.1 200 OK"
2026-05-27 08:02:13,533 | [FULL+AUG] | INFO | httpx | HTTP Request: GET https://huggingface.co/api/models/apple/mobilevit-small/commits/refs%2Fpr%2F6 "HTTP/1.1 200 OK"
2026-05-27 08:02:13,751 | [FULL+AUG] | INFO | httpx | HTTP Request: HEAD https://huggingface.co/apple/mobilevit-small/resolve/refs%2Fpr%2F6/model.safetensors.index.json "HTTP/1.1 404 Not Found"
2026-05-27 08:02:13,968 | [FULL+AUG] | INFO | httpx | HTTP Request: HEAD https://huggingface.co/apple/mobilevit-small/resolve/refs%2Fpr%2F6/model.safetensors "HTTP/1.1 302 Found"
2026-05-27 08:02:14,247 | [FULL+AUG] | INFO | full_experiments_using.model_trainers.mobile_vit_trainer | Device: cuda | max_epochs=500 | batch=32 | es_patience=40
2026-05-27 08:02:14,251 | [FULL+AUG] | INFO | full_experiments_using.model_trainers.mobile_vit_trainer | CE weights — HC: 1.006  MCI: 0.994
2026-05-27 08:03:52,054 | [FULL+AUG] | INFO | full_experiments_using.model_trainers.mobile_vit_trainer | Ep [001/500] T-Acc:  51.4%  V-Acc:  43.9%  V-AUROC: 0.5344  LR: 2.00e-04
2026-05-27 08:03:52,155 | [FULL+AUG] | INFO | full_experiments_using.model_trainers.mobile_vit_trainer |   ↳ new best AUROC; saved checkpoint: /home/leggo/AIResearch/VOGBasedMCIDetectionSystemMobileViTSingleExperimentInference/outputs/checkpoints/run_20260524_040820_full_aug/fold_29_best.pth
2026-05-27 08:05:29,739 | [FULL+AUG] | INFO | full_experiments_using.model_trainers.mobile_vit_trainer | Ep [002/500] T-Acc:  50.7%  V-Acc:  43.9%  V-AUROC: 0.5299  LR: 4.00e-04
2026-05-27 08:07:07,471 | [FULL+AUG] | INFO | full_experiments_using.model_trainers.mobile_vit_trainer | Ep [003/500] T-Acc:  51.7%  V-Acc:  44.9%  V-AUROC: 0.5469  LR: 6.00e-04
2026-05-27 08:07:07,622 | [FULL+AUG] | INFO | full_experiments_using.model_trainers.mobile_vit_trainer |   ↳ new best AUROC; saved checkpoint: /home/leggo/AIResearch/VOGBasedMCIDetectionSystemMobileViTSingleExperimentInference/outputs/checkpoints/run_20260524_040820_full_aug/fold_29_best.pth
2026-05-27 08:08:45,463 | [FULL+AUG] | INFO | full_experiments_using.model_trainers.mobile_vit_trainer | Ep [004/500] T-Acc:  52.2%  V-Acc:  47.1%  V-AUROC: 0.5742  LR: 8.00e-04
2026-05-27 08:08:45,606 | [FULL+AUG] | INFO | full_experiments_using.model_trainers.mobile_vit_trainer |   ↳ new best AUROC; saved checkpoint: /home/leggo/AIResearch/VOGBasedMCIDetectionSystemMobileViTSingleExperimentInference/outputs/checkpoints/run_20260524_040820_full_aug/fold_29_best.pth
2026-05-27 08:10:22,043 | [FULL+AUG] | INFO | full_experiments_using.model_trainers.mobile_vit_trainer | Ep [005/500] T-Acc:  53.8%  V-Acc:  52.7%  V-AUROC: 0.6221  LR: 1.00e-03
2026-05-27 08:10:22,192 | [FULL+AUG] | INFO | full_experiments_using.model_trainers.mobile_vit_trainer |   ↳ new best AUROC; saved checkpoint: /home/leggo/AIResearch/VOGBasedMCIDetectionSystemMobileViTSingleExperimentInference/outputs/checkpoints/run_20260524_040820_full_aug/fold_29_best.pth
2026-05-27 08:11:59,680 | [FULL+AUG] | INFO | full_experiments_using.model_trainers.mobile_vit_trainer | Ep [006/500] T-Acc:  54.1%  V-Acc:  56.1%  V-AUROC: 0.6277  LR: 1.00e-03
2026-05-27 08:11:59,825 | [FULL+AUG] | INFO | full_experiments_using.model_trainers.mobile_vit_trainer |   ↳ new best AUROC; saved checkpoint: /home/leggo/AIResearch/VOGBasedMCIDetectionSystemMobileViTSingleExperimentInference/outputs/checkpoints/run_20260524_040820_full_aug/fold_29_best.pth
2026-05-27 08:13:37,600 | [FULL+AUG] | INFO | full_experiments_using.model_trainers.mobile_vit_trainer | Ep [007/500] T-Acc:  54.7%  V-Acc:  57.9%  V-AUROC: 0.6396  LR: 1.00e-03
2026-05-27 08:13:37,744 | [FULL+AUG] | INFO | full_experiments_using.model_trainers.mobile_vit_trainer |   ↳ new best AUROC; saved checkpoint: /home/leggo/AIResearch/VOGBasedMCIDetectionSystemMobileViTSingleExperimentInference/outputs/checkpoints/run_20260524_040820_full_aug/fold_29_best.pth
2026-05-27 08:15:15,409 | [FULL+AUG] | INFO | full_experiments_using.model_trainers.mobile_vit_trainer | Ep [008/500] T-Acc:  55.1%  V-Acc:  62.7%  V-AUROC: 0.6618  LR: 1.00e-03
2026-05-27 08:15:15,520 | [FULL+AUG] | INFO | full_experiments_using.model_trainers.mobile_vit_trainer |   ↳ new best AUROC; saved checkpoint: /home/leggo/AIResearch/VOGBasedMCIDetectionSystemMobileViTSingleExperimentInference/outputs/checkpoints/run_20260524_040820_full_aug/fold_29_best.pth
2026-05-27 08:16:53,068 | [FULL+AUG] | INFO | full_experiments_using.model_trainers.mobile_vit_trainer | Ep [009/500] T-Acc:  54.4%  V-Acc:  63.1%  V-AUROC: 0.6646  LR: 1.00e-03
2026-05-27 08:16:53,219 | [FULL+AUG] | INFO | full_experiments_using.model_trainers.mobile_vit_trainer |   ↳ new best AUROC; saved checkpoint: /home/leggo/AIResearch/VOGBasedMCIDetectionSystemMobileViTSingleExperimentInference/outputs/checkpoints/run_20260524_040820_full_aug/fold_29_best.pth
2026-05-27 08:18:30,731 | [FULL+AUG] | INFO | full_experiments_using.model_trainers.mobile_vit_trainer | Ep [010/500] T-Acc:  56.1%  V-Acc:  63.1%  V-AUROC: 0.6812  LR: 1.00e-03
2026-05-27 08:18:30,846 | [FULL+AUG] | INFO | full_experiments_using.model_trainers.mobile_vit_trainer |   ↳ new best AUROC; saved checkpoint: /home/leggo/AIResearch/VOGBasedMCIDetectionSystemMobileViTSingleExperimentInference/outputs/checkpoints/run_20260524_040820_full_aug/fold_29_best.pth
2026-05-27 08:20:08,457 | [FULL+AUG] | INFO | full_experiments_using.model_trainers.mobile_vit_trainer | Ep [011/500] T-Acc:  54.3%  V-Acc:  62.0%  V-AUROC: 0.6740  LR: 1.00e-03
2026-05-27 08:21:46,296 | [FULL+AUG] | INFO | full_experiments_using.model_trainers.mobile_vit_trainer | Ep [012/500] T-Acc:  56.5%  V-Acc:  64.2%  V-AUROC: 0.6838  LR: 1.00e-03
2026-05-27 08:21:46,445 | [FULL+AUG] | INFO | full_experiments_using.model_trainers.mobile_vit_trainer |   ↳ new best AUROC; saved checkpoint: /home/leggo/AIResearch/VOGBasedMCIDetectionSystemMobileViTSingleExperimentInference/outputs/checkpoints/run_20260524_040820_full_aug/fold_29_best.pth
2026-05-27 08:23:24,022 | [FULL+AUG] | INFO | full_experiments_using.model_trainers.mobile_vit_trainer | Ep [013/500] T-Acc:  56.3%  V-Acc:  64.9%  V-AUROC: 0.6940  LR: 1.00e-03
2026-05-27 08:23:24,168 | [FULL+AUG] | INFO | full_experiments_using.model_trainers.mobile_vit_trainer |   ↳ new best AUROC; saved checkpoint: /home/leggo/AIResearch/VOGBasedMCIDetectionSystemMobileViTSingleExperimentInference/outputs/checkpoints/run_20260524_040820_full_aug/fold_29_best.pth
2026-05-27 08:25:01,640 | [FULL+AUG] | INFO | full_experiments_using.model_trainers.mobile_vit_trainer | Ep [014/500] T-Acc:  56.4%  V-Acc:  64.5%  V-AUROC: 0.7001  LR: 1.00e-03
2026-05-27 08:25:01,775 | [FULL+AUG] | INFO | full_experiments_using.model_trainers.mobile_vit_trainer |   ↳ new best AUROC; saved checkpoint: /home/leggo/AIResearch/VOGBasedMCIDetectionSystemMobileViTSingleExperimentInference/outputs/checkpoints/run_20260524_040820_full_aug/fold_29_best.pth
2026-05-27 08:26:39,960 | [FULL+AUG] | INFO | full_experiments_using.model_trainers.mobile_vit_trainer | Ep [015/500] T-Acc:  56.0%  V-Acc:  63.6%  V-AUROC: 0.7050  LR: 1.00e-03
2026-05-27 08:26:40,071 | [FULL+AUG] | INFO | full_experiments_using.model_trainers.mobile_vit_trainer |   ↳ new best AUROC; saved checkpoint: /home/leggo/AIResearch/VOGBasedMCIDetectionSystemMobileViTSingleExperimentInference/outputs/checkpoints/run_20260524_040820_full_aug/fold_29_best.pth
2026-05-27 08:28:16,975 | [FULL+AUG] | INFO | full_experiments_using.model_trainers.mobile_vit_trainer | Ep [016/500] T-Acc:  56.8%  V-Acc:  63.9%  V-AUROC: 0.7047  LR: 1.00e-03
2026-05-27 08:29:54,852 | [FULL+AUG] | INFO | full_experiments_using.model_trainers.mobile_vit_trainer | Ep [017/500] T-Acc:  55.8%  V-Acc:  62.4%  V-AUROC: 0.6967  LR: 1.00e-03
2026-05-27 08:31:32,835 | [FULL+AUG] | INFO | full_experiments_using.model_trainers.mobile_vit_trainer | Ep [018/500] T-Acc:  56.4%  V-Acc:  61.8%  V-AUROC: 0.6655  LR: 1.00e-03
2026-05-27 08:33:10,720 | [FULL+AUG] | INFO | full_experiments_using.model_trainers.mobile_vit_trainer | Ep [019/500] T-Acc:  56.4%  V-Acc:  65.2%  V-AUROC: 0.7037  LR: 1.00e-03
2026-05-27 08:34:48,427 | [FULL+AUG] | INFO | full_experiments_using.model_trainers.mobile_vit_trainer | Ep [020/500] T-Acc:  56.1%  V-Acc:  67.5%  V-AUROC: 0.6739  LR: 1.00e-03
2026-05-27 08:36:25,765 | [FULL+AUG] | INFO | full_experiments_using.model_trainers.mobile_vit_trainer | Ep [021/500] T-Acc:  56.5%  V-Acc:  64.3%  V-AUROC: 0.7268  LR: 1.00e-03
2026-05-27 08:36:25,917 | [FULL+AUG] | INFO | full_experiments_using.model_trainers.mobile_vit_trainer |   ↳ new best AUROC; saved checkpoint: /home/leggo/AIResearch/VOGBasedMCIDetectionSystemMobileViTSingleExperimentInference/outputs/checkpoints/run_20260524_040820_full_aug/fold_29_best.pth
2026-05-27 08:38:03,773 | [FULL+AUG] | INFO | full_experiments_using.model_trainers.mobile_vit_trainer | Ep [022/500] T-Acc:  58.0%  V-Acc:  67.3%  V-AUROC: 0.7264  LR: 1.00e-03
2026-05-27 08:39:41,517 | [FULL+AUG] | INFO | full_experiments_using.model_trainers.mobile_vit_trainer | Ep [023/500] T-Acc:  57.9%  V-Acc:  68.1%  V-AUROC: 0.7299  LR: 1.00e-03
2026-05-27 08:39:41,666 | [FULL+AUG] | INFO | full_experiments_using.model_trainers.mobile_vit_trainer |   ↳ new best AUROC; saved checkpoint: /home/leggo/AIResearch/VOGBasedMCIDetectionSystemMobileViTSingleExperimentInference/outputs/checkpoints/run_20260524_040820_full_aug/fold_29_best.pth
2026-05-27 08:41:19,622 | [FULL+AUG] | INFO | full_experiments_using.model_trainers.mobile_vit_trainer | Ep [024/500] T-Acc:  57.9%  V-Acc:  67.3%  V-AUROC: 0.7407  LR: 1.00e-03
2026-05-27 08:41:19,767 | [FULL+AUG] | INFO | full_experiments_using.model_trainers.mobile_vit_trainer |   ↳ new best AUROC; saved checkpoint: /home/leggo/AIResearch/VOGBasedMCIDetectionSystemMobileViTSingleExperimentInference/outputs/checkpoints/run_20260524_040820_full_aug/fold_29_best.pth
2026-05-27 08:42:57,506 | [FULL+AUG] | INFO | full_experiments_using.model_trainers.mobile_vit_trainer | Ep [025/500] T-Acc:  58.8%  V-Acc:  69.7%  V-AUROC: 0.7397  LR: 1.00e-03
2026-05-27 08:44:35,238 | [FULL+AUG] | INFO | full_experiments_using.model_trainers.mobile_vit_trainer | Ep [026/500] T-Acc:  56.8%  V-Acc:  63.5%  V-AUROC: 0.7223  LR: 1.00e-03
2026-05-27 08:46:12,991 | [FULL+AUG] | INFO | full_experiments_using.model_trainers.mobile_vit_trainer | Ep [027/500] T-Acc:  57.0%  V-Acc:  66.2%  V-AUROC: 0.7199  LR: 1.00e-03
2026-05-27 08:47:50,896 | [FULL+AUG] | INFO | full_experiments_using.model_trainers.mobile_vit_trainer | Ep [028/500] T-Acc:  56.2%  V-Acc:  67.0%  V-AUROC: 0.7365  LR: 1.00e-03
2026-05-27 08:49:28,497 | [FULL+AUG] | INFO | full_experiments_using.model_trainers.mobile_vit_trainer | Ep [029/500] T-Acc:  58.0%  V-Acc:  67.4%  V-AUROC: 0.7337  LR: 1.00e-03
2026-05-27 08:51:06,134 | [FULL+AUG] | INFO | full_experiments_using.model_trainers.mobile_vit_trainer | Ep [030/500] T-Acc:  58.3%  V-Acc:  68.0%  V-AUROC: 0.7211  LR: 1.00e-03
2026-05-27 08:52:44,483 | [FULL+AUG] | INFO | full_experiments_using.model_trainers.mobile_vit_trainer | Ep [031/500] T-Acc:  58.5%  V-Acc:  68.4%  V-AUROC: 0.7126  LR: 1.00e-03
2026-05-27 08:54:22,719 | [FULL+AUG] | INFO | full_experiments_using.model_trainers.mobile_vit_trainer | Ep [032/500] T-Acc:  58.6%  V-Acc:  67.7%  V-AUROC: 0.7175  LR: 1.00e-03
2026-05-27 08:56:00,259 | [FULL+AUG] | INFO | full_experiments_using.model_trainers.mobile_vit_trainer | Ep [033/500] T-Acc:  59.0%  V-Acc:  64.6%  V-AUROC: 0.7297  LR: 1.00e-03
2026-05-27 08:57:38,275 | [FULL+AUG] | INFO | full_experiments_using.model_trainers.mobile_vit_trainer | Ep [034/500] T-Acc:  58.9%  V-Acc:  66.8%  V-AUROC: 0.7263  LR: 1.00e-03
2026-05-27 08:59:15,834 | [FULL+AUG] | INFO | full_experiments_using.model_trainers.mobile_vit_trainer | Ep [035/500] T-Acc:  58.8%  V-Acc:  65.0%  V-AUROC: 0.7383  LR: 1.00e-03
2026-05-27 09:00:53,770 | [FULL+AUG] | INFO | full_experiments_using.model_trainers.mobile_vit_trainer | Ep [036/500] T-Acc:  58.9%  V-Acc:  68.0%  V-AUROC: 0.7356  LR: 2.00e-04
2026-05-27 09:02:31,792 | [FULL+AUG] | INFO | full_experiments_using.model_trainers.mobile_vit_trainer | Ep [037/500] T-Acc:  59.7%  V-Acc:  68.2%  V-AUROC: 0.7355  LR: 2.00e-04
2026-05-27 09:04:09,574 | [FULL+AUG] | INFO | full_experiments_using.model_trainers.mobile_vit_trainer | Ep [038/500] T-Acc:  59.2%  V-Acc:  67.4%  V-AUROC: 0.7326  LR: 2.00e-04
2026-05-27 09:05:47,121 | [FULL+AUG] | INFO | full_experiments_using.model_trainers.mobile_vit_trainer | Ep [039/500] T-Acc:  59.6%  V-Acc:  66.8%  V-AUROC: 0.7402  LR: 2.00e-04
2026-05-27 09:07:25,412 | [FULL+AUG] | INFO | full_experiments_using.model_trainers.mobile_vit_trainer | Ep [040/500] T-Acc:  60.3%  V-Acc:  68.3%  V-AUROC: 0.7366  LR: 2.00e-04
2026-05-27 09:09:03,372 | [FULL+AUG] | INFO | full_experiments_using.model_trainers.mobile_vit_trainer | Ep [041/500] T-Acc:  59.3%  V-Acc:  67.3%  V-AUROC: 0.7320  LR: 2.00e-04
2026-05-27 09:10:41,003 | [FULL+AUG] | INFO | full_experiments_using.model_trainers.mobile_vit_trainer | Ep [042/500] T-Acc:  59.3%  V-Acc:  66.3%  V-AUROC: 0.7292  LR: 2.00e-04
2026-05-27 09:12:18,900 | [FULL+AUG] | INFO | full_experiments_using.model_trainers.mobile_vit_trainer | Ep [043/500] T-Acc:  59.0%  V-Acc:  67.6%  V-AUROC: 0.7371  LR: 2.00e-04
2026-05-27 09:13:56,893 | [FULL+AUG] | INFO | full_experiments_using.model_trainers.mobile_vit_trainer | Ep [044/500] T-Acc:  58.6%  V-Acc:  67.0%  V-AUROC: 0.7347  LR: 2.00e-04
2026-05-27 09:15:34,730 | [FULL+AUG] | INFO | full_experiments_using.model_trainers.mobile_vit_trainer | Ep [045/500] T-Acc:  60.5%  V-Acc:  67.9%  V-AUROC: 0.7386  LR: 2.00e-04
2026-05-27 09:17:12,637 | [FULL+AUG] | INFO | full_experiments_using.model_trainers.mobile_vit_trainer | Ep [046/500] T-Acc:  60.7%  V-Acc:  66.9%  V-AUROC: 0.7410  LR: 2.00e-04
2026-05-27 09:17:12,750 | [FULL+AUG] | INFO | full_experiments_using.model_trainers.mobile_vit_trainer |   ↳ new best AUROC; saved checkpoint: /home/leggo/AIResearch/VOGBasedMCIDetectionSystemMobileViTSingleExperimentInference/outputs/checkpoints/run_20260524_040820_full_aug/fold_29_best.pth
2026-05-27 09:18:51,142 | [FULL+AUG] | INFO | full_experiments_using.model_trainers.mobile_vit_trainer | Ep [047/500] T-Acc:  60.6%  V-Acc:  66.6%  V-AUROC: 0.7412  LR: 2.00e-04
2026-05-27 09:18:51,299 | [FULL+AUG] | INFO | full_experiments_using.model_trainers.mobile_vit_trainer |   ↳ new best AUROC; saved checkpoint: /home/leggo/AIResearch/VOGBasedMCIDetectionSystemMobileViTSingleExperimentInference/outputs/checkpoints/run_20260524_040820_full_aug/fold_29_best.pth
2026-05-27 09:20:29,645 | [FULL+AUG] | INFO | full_experiments_using.model_trainers.mobile_vit_trainer | Ep [048/500] T-Acc:  60.3%  V-Acc:  68.3%  V-AUROC: 0.7428  LR: 2.00e-04
2026-05-27 09:20:29,763 | [FULL+AUG] | INFO | full_experiments_using.model_trainers.mobile_vit_trainer |   ↳ new best AUROC; saved checkpoint: /home/leggo/AIResearch/VOGBasedMCIDetectionSystemMobileViTSingleExperimentInference/outputs/checkpoints/run_20260524_040820_full_aug/fold_29_best.pth
2026-05-27 09:22:07,729 | [FULL+AUG] | INFO | full_experiments_using.model_trainers.mobile_vit_trainer | Ep [049/500] T-Acc:  59.9%  V-Acc:  67.1%  V-AUROC: 0.7393  LR: 2.00e-04
2026-05-27 09:23:45,587 | [FULL+AUG] | INFO | full_experiments_using.model_trainers.mobile_vit_trainer | Ep [050/500] T-Acc:  60.2%  V-Acc:  68.0%  V-AUROC: 0.7382  LR: 2.00e-04
2026-05-27 09:25:23,594 | [FULL+AUG] | INFO | full_experiments_using.model_trainers.mobile_vit_trainer | Ep [051/500] T-Acc:  59.2%  V-Acc:  68.1%  V-AUROC: 0.7376  LR: 2.00e-04
2026-05-27 09:27:01,534 | [FULL+AUG] | INFO | full_experiments_using.model_trainers.mobile_vit_trainer | Ep [052/500] T-Acc:  60.2%  V-Acc:  66.7%  V-AUROC: 0.7340  LR: 2.00e-04
2026-05-27 09:28:39,654 | [FULL+AUG] | INFO | full_experiments_using.model_trainers.mobile_vit_trainer | Ep [053/500] T-Acc:  59.6%  V-Acc:  68.0%  V-AUROC: 0.7394  LR: 2.00e-04
2026-05-27 09:30:17,483 | [FULL+AUG] | INFO | full_experiments_using.model_trainers.mobile_vit_trainer | Ep [054/500] T-Acc:  59.7%  V-Acc:  67.0%  V-AUROC: 0.7336  LR: 2.00e-04
2026-05-27 09:31:55,826 | [FULL+AUG] | INFO | full_experiments_using.model_trainers.mobile_vit_trainer | Ep [055/500] T-Acc:  60.9%  V-Acc:  67.6%  V-AUROC: 0.7423  LR: 2.00e-04
2026-05-27 09:33:33,805 | [FULL+AUG] | INFO | full_experiments_using.model_trainers.mobile_vit_trainer | Ep [056/500] T-Acc:  60.7%  V-Acc:  69.8%  V-AUROC: 0.7437  LR: 2.00e-04
2026-05-27 09:33:33,955 | [FULL+AUG] | INFO | full_experiments_using.model_trainers.mobile_vit_trainer |   ↳ new best AUROC; saved checkpoint: /home/leggo/AIResearch/VOGBasedMCIDetectionSystemMobileViTSingleExperimentInference/outputs/checkpoints/run_20260524_040820_full_aug/fold_29_best.pth
2026-05-27 09:35:11,529 | [FULL+AUG] | INFO | full_experiments_using.model_trainers.mobile_vit_trainer | Ep [057/500] T-Acc:  61.0%  V-Acc:  68.0%  V-AUROC: 0.7462  LR: 2.00e-04
2026-05-27 09:35:11,678 | [FULL+AUG] | INFO | full_experiments_using.model_trainers.mobile_vit_trainer |   ↳ new best AUROC; saved checkpoint: /home/leggo/AIResearch/VOGBasedMCIDetectionSystemMobileViTSingleExperimentInference/outputs/checkpoints/run_20260524_040820_full_aug/fold_29_best.pth
2026-05-27 09:36:49,619 | [FULL+AUG] | INFO | full_experiments_using.model_trainers.mobile_vit_trainer | Ep [058/500] T-Acc:  60.5%  V-Acc:  68.4%  V-AUROC: 0.7443  LR: 2.00e-04
2026-05-27 09:38:27,362 | [FULL+AUG] | INFO | full_experiments_using.model_trainers.mobile_vit_trainer | Ep [059/500] T-Acc:  61.0%  V-Acc:  68.3%  V-AUROC: 0.7500  LR: 2.00e-04
2026-05-27 09:38:27,509 | [FULL+AUG] | INFO | full_experiments_using.model_trainers.mobile_vit_trainer |   ↳ new best AUROC; saved checkpoint: /home/leggo/AIResearch/VOGBasedMCIDetectionSystemMobileViTSingleExperimentInference/outputs/checkpoints/run_20260524_040820_full_aug/fold_29_best.pth
2026-05-27 09:40:05,090 | [FULL+AUG] | INFO | full_experiments_using.model_trainers.mobile_vit_trainer | Ep [060/500] T-Acc:  60.2%  V-Acc:  68.3%  V-AUROC: 0.7448  LR: 2.00e-04
2026-05-27 09:41:43,163 | [FULL+AUG] | INFO | full_experiments_using.model_trainers.mobile_vit_trainer | Ep [061/500] T-Acc:  60.8%  V-Acc:  66.9%  V-AUROC: 0.7440  LR: 2.00e-04
2026-05-27 09:43:20,908 | [FULL+AUG] | INFO | full_experiments_using.model_trainers.mobile_vit_trainer | Ep [062/500] T-Acc:  59.4%  V-Acc:  67.2%  V-AUROC: 0.7452  LR: 2.00e-04
2026-05-27 09:44:58,609 | [FULL+AUG] | INFO | full_experiments_using.model_trainers.mobile_vit_trainer | Ep [063/500] T-Acc:  60.7%  V-Acc:  67.5%  V-AUROC: 0.7485  LR: 2.00e-04
2026-05-27 09:46:36,382 | [FULL+AUG] | INFO | full_experiments_using.model_trainers.mobile_vit_trainer | Ep [064/500] T-Acc:  60.3%  V-Acc:  67.3%  V-AUROC: 0.7488  LR: 2.00e-04
2026-05-27 09:48:14,282 | [FULL+AUG] | INFO | full_experiments_using.model_trainers.mobile_vit_trainer | Ep [065/500] T-Acc:  60.4%  V-Acc:  68.1%  V-AUROC: 0.7483  LR: 2.00e-04
2026-05-27 09:49:52,093 | [FULL+AUG] | INFO | full_experiments_using.model_trainers.mobile_vit_trainer | Ep [066/500] T-Acc:  60.1%  V-Acc:  68.6%  V-AUROC: 0.7476  LR: 2.00e-04
2026-05-27 09:51:30,127 | [FULL+AUG] | INFO | full_experiments_using.model_trainers.mobile_vit_trainer | Ep [067/500] T-Acc:  60.6%  V-Acc:  66.6%  V-AUROC: 0.7454  LR: 2.00e-04
2026-05-27 09:53:08,135 | [FULL+AUG] | INFO | full_experiments_using.model_trainers.mobile_vit_trainer | Ep [068/500] T-Acc:  60.6%  V-Acc:  68.1%  V-AUROC: 0.7466  LR: 2.00e-04
2026-05-27 09:54:46,123 | [FULL+AUG] | INFO | full_experiments_using.model_trainers.mobile_vit_trainer | Ep [069/500] T-Acc:  60.0%  V-Acc:  66.8%  V-AUROC: 0.7412  LR: 2.00e-04
2026-05-27 09:56:24,197 | [FULL+AUG] | INFO | full_experiments_using.model_trainers.mobile_vit_trainer | Ep [070/500] T-Acc:  61.4%  V-Acc:  67.7%  V-AUROC: 0.7406  LR: 2.00e-04
2026-05-27 09:58:02,260 | [FULL+AUG] | INFO | full_experiments_using.model_trainers.mobile_vit_trainer | Ep [071/500] T-Acc:  60.4%  V-Acc:  67.6%  V-AUROC: 0.7457  LR: 4.00e-05
2026-05-27 09:59:40,036 | [FULL+AUG] | INFO | full_experiments_using.model_trainers.mobile_vit_trainer | Ep [072/500] T-Acc:  61.0%  V-Acc:  67.4%  V-AUROC: 0.7455  LR: 4.00e-05
2026-05-27 10:01:18,050 | [FULL+AUG] | INFO | full_experiments_using.model_trainers.mobile_vit_trainer | Ep [073/500] T-Acc:  60.4%  V-Acc:  66.8%  V-AUROC: 0.7429  LR: 4.00e-05
2026-05-27 10:02:56,013 | [FULL+AUG] | INFO | full_experiments_using.model_trainers.mobile_vit_trainer | Ep [074/500] T-Acc:  59.6%  V-Acc:  67.3%  V-AUROC: 0.7444  LR: 4.00e-05
2026-05-27 10:04:33,833 | [FULL+AUG] | INFO | full_experiments_using.model_trainers.mobile_vit_trainer | Ep [075/500] T-Acc:  61.7%  V-Acc:  68.1%  V-AUROC: 0.7414  LR: 4.00e-05
2026-05-27 10:06:11,818 | [FULL+AUG] | INFO | full_experiments_using.model_trainers.mobile_vit_trainer | Ep [076/500] T-Acc:  61.1%  V-Acc:  66.8%  V-AUROC: 0.7408  LR: 4.00e-05
2026-05-27 10:07:49,728 | [FULL+AUG] | INFO | full_experiments_using.model_trainers.mobile_vit_trainer | Ep [077/500] T-Acc:  60.6%  V-Acc:  67.1%  V-AUROC: 0.7413  LR: 4.00e-05
2026-05-27 10:09:27,628 | [FULL+AUG] | INFO | full_experiments_using.model_trainers.mobile_vit_trainer | Ep [078/500] T-Acc:  60.3%  V-Acc:  67.2%  V-AUROC: 0.7403  LR: 4.00e-05
2026-05-27 10:11:05,530 | [FULL+AUG] | INFO | full_experiments_using.model_trainers.mobile_vit_trainer | Ep [079/500] T-Acc:  60.9%  V-Acc:  67.4%  V-AUROC: 0.7418  LR: 4.00e-05
2026-05-27 10:12:43,503 | [FULL+AUG] | INFO | full_experiments_using.model_trainers.mobile_vit_trainer | Ep [080/500] T-Acc:  59.9%  V-Acc:  67.4%  V-AUROC: 0.7429  LR: 4.00e-05
2026-05-27 10:14:21,534 | [FULL+AUG] | INFO | full_experiments_using.model_trainers.mobile_vit_trainer | Ep [081/500] T-Acc:  60.2%  V-Acc:  67.6%  V-AUROC: 0.7433  LR: 4.00e-05
2026-05-27 10:15:58,858 | [FULL+AUG] | INFO | full_experiments_using.model_trainers.mobile_vit_trainer | Ep [082/500] T-Acc:  61.3%  V-Acc:  67.8%  V-AUROC: 0.7415  LR: 8.00e-06
2026-05-27 10:17:37,256 | [FULL+AUG] | INFO | full_experiments_using.model_trainers.mobile_vit_trainer | Ep [083/500] T-Acc:  61.2%  V-Acc:  67.4%  V-AUROC: 0.7413  LR: 8.00e-06
2026-05-27 10:19:14,821 | [FULL+AUG] | INFO | full_experiments_using.model_trainers.mobile_vit_trainer | Ep [084/500] T-Acc:  60.9%  V-Acc:  68.0%  V-AUROC: 0.7408  LR: 8.00e-06
2026-05-27 10:20:52,787 | [FULL+AUG] | INFO | full_experiments_using.model_trainers.mobile_vit_trainer | Ep [085/500] T-Acc:  61.1%  V-Acc:  67.9%  V-AUROC: 0.7417  LR: 8.00e-06
2026-05-27 10:22:33,977 | [FULL+AUG] | INFO | full_experiments_using.model_trainers.mobile_vit_trainer | Ep [086/500] T-Acc:  61.2%  V-Acc:  67.3%  V-AUROC: 0.7411  LR: 8.00e-06
2026-05-27 10:24:13,735 | [FULL+AUG] | INFO | full_experiments_using.model_trainers.mobile_vit_trainer | Ep [087/500] T-Acc:  60.2%  V-Acc:  69.1%  V-AUROC: 0.7419  LR: 8.00e-06
2026-05-27 10:25:51,544 | [FULL+AUG] | INFO | full_experiments_using.model_trainers.mobile_vit_trainer | Ep [088/500] T-Acc:  61.5%  V-Acc:  67.8%  V-AUROC: 0.7412  LR: 8.00e-06
2026-05-27 10:27:30,189 | [FULL+AUG] | INFO | full_experiments_using.model_trainers.mobile_vit_trainer | Ep [089/500] T-Acc:  61.6%  V-Acc:  67.8%  V-AUROC: 0.7423  LR: 8.00e-06
2026-05-27 10:29:08,190 | [FULL+AUG] | INFO | full_experiments_using.model_trainers.mobile_vit_trainer | Ep [090/500] T-Acc:  60.2%  V-Acc:  67.6%  V-AUROC: 0.7415  LR: 8.00e-06
2026-05-27 10:30:47,038 | [FULL+AUG] | INFO | full_experiments_using.model_trainers.mobile_vit_trainer | Ep [091/500] T-Acc:  60.0%  V-Acc:  66.6%  V-AUROC: 0.7418  LR: 8.00e-06
2026-05-27 10:32:24,885 | [FULL+AUG] | INFO | full_experiments_using.model_trainers.mobile_vit_trainer | Ep [092/500] T-Acc:  60.6%  V-Acc:  67.6%  V-AUROC: 0.7422  LR: 8.00e-06
2026-05-27 10:34:02,840 | [FULL+AUG] | INFO | full_experiments_using.model_trainers.mobile_vit_trainer | Ep [093/500] T-Acc:  59.8%  V-Acc:  67.2%  V-AUROC: 0.7430  LR: 1.60e-06
2026-05-27 10:35:41,077 | [FULL+AUG] | INFO | full_experiments_using.model_trainers.mobile_vit_trainer | Ep [094/500] T-Acc:  60.2%  V-Acc:  67.6%  V-AUROC: 0.7421  LR: 1.60e-06
2026-05-27 10:37:18,946 | [FULL+AUG] | INFO | full_experiments_using.model_trainers.mobile_vit_trainer | Ep [095/500] T-Acc:  60.7%  V-Acc:  68.0%  V-AUROC: 0.7425  LR: 1.60e-06
2026-05-27 10:38:56,990 | [FULL+AUG] | INFO | full_experiments_using.model_trainers.mobile_vit_trainer | Ep [096/500] T-Acc:  59.9%  V-Acc:  67.8%  V-AUROC: 0.7427  LR: 1.60e-06
2026-05-27 10:40:34,994 | [FULL+AUG] | INFO | full_experiments_using.model_trainers.mobile_vit_trainer | Ep [097/500] T-Acc:  60.8%  V-Acc:  67.5%  V-AUROC: 0.7414  LR: 1.60e-06
2026-05-27 10:42:13,164 | [FULL+AUG] | INFO | full_experiments_using.model_trainers.mobile_vit_trainer | Ep [098/500] T-Acc:  61.5%  V-Acc:  67.4%  V-AUROC: 0.7410  LR: 1.60e-06
2026-05-27 10:43:49,952 | [FULL+AUG] | INFO | full_experiments_using.model_trainers.mobile_vit_trainer | Ep [099/500] T-Acc:  60.4%  V-Acc:  67.5%  V-AUROC: 0.7416  LR: 1.60e-06
2026-05-27 10:43:49,953 | [FULL+AUG] | INFO | full_experiments_using.model_trainers.mobile_vit_trainer | Early stop — best AUROC 0.7500 at epoch 59 (no improvement for 40 epochs)
2026-05-27 10:43:49,953 | [FULL+AUG] | INFO | full_experiments_using.model_trainers.mobile_vit_trainer | Done. Best AUROC: 0.7500 (epoch 59) → /home/leggo/AIResearch/VOGBasedMCIDetectionSystemMobileViTSingleExperimentInference/outputs/checkpoints/run_20260524_040820_full_aug/fold_29_best.pth
2026-05-27 10:44:14,706 | [FULL+AUG] | INFO | full_experiments_using.evaluators.monte_carlo_evaluator | -> Fold 30 Result | Acc=0.818 Sens=0.778 Spec=1.000 AUROC=0.889
2026-05-27 10:44:14,707 | [FULL+AUG] | INFO | full_experiments_using.evaluators.monte_carlo_evaluator | ============================================================
2026-05-27 10:44:14,707 | [FULL+AUG] | INFO | full_experiments_using.evaluators.monte_carlo_evaluator |   Stratified MC-CV Results (30 folds)
2026-05-27 10:44:14,708 | [FULL+AUG] | INFO | full_experiments_using.evaluators.monte_carlo_evaluator |   Accuracy    : 0.668 ± 0.147
2026-05-27 10:44:14,708 | [FULL+AUG] | INFO | full_experiments_using.evaluators.monte_carlo_evaluator |   Sensitivity : 0.686 ± 0.221
2026-05-27 10:44:14,708 | [FULL+AUG] | INFO | full_experiments_using.evaluators.monte_carlo_evaluator |   Specificity : 0.627 ± 0.289
2026-05-27 10:44:14,709 | [FULL+AUG] | INFO | full_experiments_using.evaluators.monte_carlo_evaluator |   AUROC       : 0.707 ± 0.158
2026-05-27 10:44:14,709 | [FULL+AUG] | INFO | full_experiments_using.evaluators.monte_carlo_evaluator | ============================================================
2026-05-27 10:44:14,709 | [FULL+AUG] | INFO | full_experiments_using.evaluators.monte_carlo_evaluator | Evaluator lifecycle end: writing probe report...
2026-05-27 10:44:16,024 | [FULL+AUG] | INFO | probe_generators.probe_generator | Task-Contribution Probe report written: /home/leggo/AIResearch/VOGBasedMCIDetectionSystemMobileViTSingleExperimentInference/outputs/reports/run_20260524_040820_full_aug_task_wise_probe.md
