2026-06-30 02:27:21,358 | [DYN-LATENT] | INFO | __main__ | Run ID: 20260630_022721_dynamic_latent_t01234567 | tasks=[0=HSacA, 1=HSacB, 2=HSacBanti, 3=HSacR, 4=VSacA, 5=VSacB, 6=VSacBanti, 7=VSacR] | min_trials=1 | batch=8
2026-06-30 02:27:21,630 | [DYN-LATENT] | INFO | full_experiments_using.data_processor.data_engineering | Loaded preprocessed data_store from cache: /home/leggo/AIResearch/VOGBasedMCIDetectionSystemMobileViTSingleExperimentInference/outputs/cache/data_store_meta_4err.pkl (9378 epochs)
2026-06-30 02:27:21,801 | [DYN-LATENT] | INFO | __main__ | Subject bundles built: 37 (Shape: Ragged[N=37, Tasks=8, Trials=Dynamic])
2026-06-30 02:27:21,936 | [DYN-LATENT] | INFO | meta_classifier_renewed.evaluators.monte_carlo_evaluator | Renewed MC Group CV (Dynamic Latent Aggregation) — 30 folds | device=cuda | dropout=0.50 | lr=1e-04 | wd=1e-02
2026-06-30 02:27:22,417 | [DYN-LATENT] | INFO | httpx | HTTP Request: HEAD https://huggingface.co/apple/mobilevit-small/resolve/main/config.json "HTTP/1.1 307 Temporary Redirect"
2026-06-30 02:27:22,440 | [DYN-LATENT] | INFO | httpx | HTTP Request: HEAD https://huggingface.co/api/resolve-cache/models/apple/mobilevit-small/6c8612545dc98676d27bc518fa521d9e9af23e34/config.json "HTTP/1.1 200 OK"
2026-06-30 02:27:22,731 | [DYN-LATENT] | INFO | httpx | HTTP Request: HEAD https://huggingface.co/apple/mobilevit-small/resolve/main/model.safetensors "HTTP/1.1 404 Not Found"
2026-06-30 02:27:22,956 | [DYN-LATENT] | INFO | httpx | HTTP Request: HEAD https://huggingface.co/apple/mobilevit-small/resolve/main/model.safetensors.index.json "HTTP/1.1 404 Not Found"
2026-06-30 02:27:23,183 | [DYN-LATENT] | INFO | httpx | HTTP Request: HEAD https://huggingface.co/apple/mobilevit-small/resolve/main/pytorch_model.bin "HTTP/1.1 302 Found"
2026-06-30 02:27:23,410 | [DYN-LATENT] | INFO | httpx | HTTP Request: HEAD https://huggingface.co/apple/mobilevit-small/resolve/main/model.safetensors "HTTP/1.1 404 Not Found"
2026-06-30 02:27:23,713 | [DYN-LATENT] | INFO | httpx | HTTP Request: GET https://huggingface.co/api/models/apple/mobilevit-small "HTTP/1.1 200 OK"
2026-06-30 02:27:23,948 | [DYN-LATENT] | INFO | httpx | HTTP Request: GET https://huggingface.co/api/models/apple/mobilevit-small/commits/main "HTTP/1.1 200 OK"
2026-06-30 02:27:24,022 | [DYN-LATENT] | INFO | meta_classifier_renewed.evaluators.monte_carlo_evaluator | === Fold 01/30 | train: 25 subj | test: 12 subj ===
2026-06-30 02:27:24,193 | [DYN-LATENT] | INFO | httpx | HTTP Request: GET https://huggingface.co/api/models/apple/mobilevit-small/discussions?p=0 "HTTP/1.1 200 OK"
2026-06-30 02:27:24,421 | [DYN-LATENT] | INFO | httpx | HTTP Request: GET https://huggingface.co/api/models/apple/mobilevit-small/commits/refs%2Fpr%2F6 "HTTP/1.1 200 OK"
2026-06-30 02:27:24,642 | [DYN-LATENT] | INFO | httpx | HTTP Request: HEAD https://huggingface.co/apple/mobilevit-small/resolve/refs%2Fpr%2F6/model.safetensors.index.json "HTTP/1.1 404 Not Found"
2026-06-30 02:27:24,862 | [DYN-LATENT] | INFO | httpx | HTTP Request: HEAD https://huggingface.co/apple/mobilevit-small/resolve/refs%2Fpr%2F6/model.safetensors "HTTP/1.1 302 Found"
2026-06-30 02:27:27,823 | [DYN-LATENT] | INFO | meta_classifier_renewed.model_trainers.meta_trainer | Ep [001/500] T-Acc:  52.0%  V-Acc:  75.0%  V-AUROC: 0.5000  LR: 2.00e-05
2026-06-30 02:27:30,755 | [DYN-LATENT] | INFO | meta_classifier_renewed.model_trainers.meta_trainer | Ep [002/500] T-Acc:  52.0%  V-Acc:  75.0%  V-AUROC: 0.4688  LR: 4.00e-05
2026-06-30 02:27:33,602 | [DYN-LATENT] | INFO | meta_classifier_renewed.model_trainers.meta_trainer | Ep [003/500] T-Acc:  56.0%  V-Acc:  33.3%  V-AUROC: 0.5312  LR: 6.00e-05
2026-06-30 02:27:36,311 | [DYN-LATENT] | INFO | meta_classifier_renewed.model_trainers.meta_trainer | Ep [004/500] T-Acc:  36.0%  V-Acc:  25.0%  V-AUROC: 0.5000  LR: 8.00e-05
2026-06-30 02:27:38,602 | [DYN-LATENT] | INFO | meta_classifier_renewed.model_trainers.meta_trainer | Ep [005/500] T-Acc:  56.0%  V-Acc:  58.3%  V-AUROC: 0.4062  LR: 1.00e-04
2026-06-30 02:27:41,021 | [DYN-LATENT] | INFO | meta_classifier_renewed.model_trainers.meta_trainer | Ep [006/500] T-Acc:  60.0%  V-Acc:  66.7%  V-AUROC: 0.5625  LR: 1.00e-04
2026-06-30 02:27:43,507 | [DYN-LATENT] | INFO | meta_classifier_renewed.model_trainers.meta_trainer | Ep [007/500] T-Acc:  72.0%  V-Acc:  66.7%  V-AUROC: 0.5938  LR: 1.00e-04
2026-06-30 02:27:46,059 | [DYN-LATENT] | INFO | meta_classifier_renewed.model_trainers.meta_trainer | Ep [008/500] T-Acc:  64.0%  V-Acc:  75.0%  V-AUROC: 0.6875  LR: 1.00e-04
2026-06-30 02:27:48,695 | [DYN-LATENT] | INFO | meta_classifier_renewed.model_trainers.meta_trainer | Ep [009/500] T-Acc:  52.0%  V-Acc:  75.0%  V-AUROC: 0.6562  LR: 1.00e-04
2026-06-30 02:27:51,051 | [DYN-LATENT] | INFO | meta_classifier_renewed.model_trainers.meta_trainer | Ep [010/500] T-Acc:  56.0%  V-Acc:  66.7%  V-AUROC: 0.6875  LR: 1.00e-04
2026-06-30 02:27:53,404 | [DYN-LATENT] | INFO | meta_classifier_renewed.model_trainers.meta_trainer | Ep [011/500] T-Acc:  64.0%  V-Acc:  66.7%  V-AUROC: 0.6875  LR: 1.00e-04
2026-06-30 02:27:55,848 | [DYN-LATENT] | INFO | meta_classifier_renewed.model_trainers.meta_trainer | Ep [012/500] T-Acc:  72.0%  V-Acc:  75.0%  V-AUROC: 0.5625  LR: 1.00e-04
2026-06-30 02:27:58,120 | [DYN-LATENT] | INFO | meta_classifier_renewed.model_trainers.meta_trainer | Ep [013/500] T-Acc:  72.0%  V-Acc:  58.3%  V-AUROC: 0.5625  LR: 1.00e-04
2026-06-30 02:28:00,338 | [DYN-LATENT] | INFO | meta_classifier_renewed.model_trainers.meta_trainer | Ep [014/500] T-Acc:  72.0%  V-Acc:  58.3%  V-AUROC: 0.5938  LR: 1.00e-04
2026-06-30 02:28:02,620 | [DYN-LATENT] | INFO | meta_classifier_renewed.model_trainers.meta_trainer | Ep [015/500] T-Acc:  84.0%  V-Acc:  75.0%  V-AUROC: 0.5938  LR: 1.00e-04
2026-06-30 02:28:04,846 | [DYN-LATENT] | INFO | meta_classifier_renewed.model_trainers.meta_trainer | Ep [016/500] T-Acc:  76.0%  V-Acc:  66.7%  V-AUROC: 0.6250  LR: 1.00e-04
2026-06-30 02:28:07,330 | [DYN-LATENT] | INFO | meta_classifier_renewed.model_trainers.meta_trainer | Ep [017/500] T-Acc:  80.0%  V-Acc:  66.7%  V-AUROC: 0.6562  LR: 1.00e-04
2026-06-30 02:28:09,801 | [DYN-LATENT] | INFO | meta_classifier_renewed.model_trainers.meta_trainer | Ep [018/500] T-Acc:  72.0%  V-Acc:  66.7%  V-AUROC: 0.6562  LR: 1.00e-04
2026-06-30 02:28:12,224 | [DYN-LATENT] | INFO | meta_classifier_renewed.model_trainers.meta_trainer | Ep [019/500] T-Acc:  72.0%  V-Acc:  58.3%  V-AUROC: 0.6562  LR: 1.00e-04
2026-06-30 02:28:14,634 | [DYN-LATENT] | INFO | meta_classifier_renewed.model_trainers.meta_trainer | Ep [020/500] T-Acc:  76.0%  V-Acc:  66.7%  V-AUROC: 0.6562  LR: 2.00e-05
2026-06-30 02:28:16,822 | [DYN-LATENT] | INFO | meta_classifier_renewed.model_trainers.meta_trainer | Ep [021/500] T-Acc:  80.0%  V-Acc:  58.3%  V-AUROC: 0.6562  LR: 2.00e-05
2026-06-30 02:28:19,414 | [DYN-LATENT] | INFO | meta_classifier_renewed.model_trainers.meta_trainer | Ep [022/500] T-Acc:  80.0%  V-Acc:  58.3%  V-AUROC: 0.6562  LR: 2.00e-05
2026-06-30 02:28:21,846 | [DYN-LATENT] | INFO | meta_classifier_renewed.model_trainers.meta_trainer | Ep [023/500] T-Acc:  92.0%  V-Acc:  58.3%  V-AUROC: 0.6562  LR: 2.00e-05
2026-06-30 02:28:24,042 | [DYN-LATENT] | INFO | meta_classifier_renewed.model_trainers.meta_trainer | Ep [024/500] T-Acc:  76.0%  V-Acc:  58.3%  V-AUROC: 0.6562  LR: 2.00e-05
2026-06-30 02:28:26,434 | [DYN-LATENT] | INFO | meta_classifier_renewed.model_trainers.meta_trainer | Ep [025/500] T-Acc:  84.0%  V-Acc:  58.3%  V-AUROC: 0.6250  LR: 2.00e-05
2026-06-30 02:28:28,618 | [DYN-LATENT] | INFO | meta_classifier_renewed.model_trainers.meta_trainer | Ep [026/500] T-Acc:  92.0%  V-Acc:  58.3%  V-AUROC: 0.6250  LR: 2.00e-05
2026-06-30 02:28:30,878 | [DYN-LATENT] | INFO | meta_classifier_renewed.model_trainers.meta_trainer | Ep [027/500] T-Acc:  76.0%  V-Acc:  66.7%  V-AUROC: 0.6250  LR: 2.00e-05
2026-06-30 02:28:33,188 | [DYN-LATENT] | INFO | meta_classifier_renewed.model_trainers.meta_trainer | Ep [028/500] T-Acc:  80.0%  V-Acc:  58.3%  V-AUROC: 0.5938  LR: 2.00e-05
2026-06-30 02:28:35,458 | [DYN-LATENT] | INFO | meta_classifier_renewed.model_trainers.meta_trainer | Ep [029/500] T-Acc:  80.0%  V-Acc:  58.3%  V-AUROC: 0.5938  LR: 2.00e-05
2026-06-30 02:28:37,770 | [DYN-LATENT] | INFO | meta_classifier_renewed.model_trainers.meta_trainer | Ep [030/500] T-Acc:  88.0%  V-Acc:  50.0%  V-AUROC: 0.5938  LR: 2.00e-05
2026-06-30 02:28:39,965 | [DYN-LATENT] | INFO | meta_classifier_renewed.model_trainers.meta_trainer | Ep [031/500] T-Acc:  84.0%  V-Acc:  50.0%  V-AUROC: 0.5938  LR: 4.00e-06
2026-06-30 02:28:42,203 | [DYN-LATENT] | INFO | meta_classifier_renewed.model_trainers.meta_trainer | Ep [032/500] T-Acc:  76.0%  V-Acc:  58.3%  V-AUROC: 0.5938  LR: 4.00e-06
2026-06-30 02:28:44,462 | [DYN-LATENT] | INFO | meta_classifier_renewed.model_trainers.meta_trainer | Ep [033/500] T-Acc:  84.0%  V-Acc:  58.3%  V-AUROC: 0.5938  LR: 4.00e-06
2026-06-30 02:28:46,723 | [DYN-LATENT] | INFO | meta_classifier_renewed.model_trainers.meta_trainer | Ep [034/500] T-Acc:  76.0%  V-Acc:  58.3%  V-AUROC: 0.5938  LR: 4.00e-06
2026-06-30 02:28:49,041 | [DYN-LATENT] | INFO | meta_classifier_renewed.model_trainers.meta_trainer | Ep [035/500] T-Acc:  88.0%  V-Acc:  58.3%  V-AUROC: 0.5938  LR: 4.00e-06
2026-06-30 02:28:51,325 | [DYN-LATENT] | INFO | meta_classifier_renewed.model_trainers.meta_trainer | Ep [036/500] T-Acc:  88.0%  V-Acc:  58.3%  V-AUROC: 0.5938  LR: 4.00e-06
2026-06-30 02:28:53,606 | [DYN-LATENT] | INFO | meta_classifier_renewed.model_trainers.meta_trainer | Ep [037/500] T-Acc:  68.0%  V-Acc:  58.3%  V-AUROC: 0.5938  LR: 4.00e-06
2026-06-30 02:28:55,788 | [DYN-LATENT] | INFO | meta_classifier_renewed.model_trainers.meta_trainer | Ep [038/500] T-Acc:  84.0%  V-Acc:  58.3%  V-AUROC: 0.5938  LR: 4.00e-06
2026-06-30 02:28:55,789 | [DYN-LATENT] | INFO | meta_classifier_renewed.model_trainers.meta_trainer | Early stop — best AUROC 0.6875 at epoch 8
2026-06-30 02:28:56,802 | [DYN-LATENT] | INFO | meta_classifier_renewed.evaluators.monte_carlo_evaluator | -> Fold 01 Result | Acc=0.667 Sens=0.625 Spec=0.750 AUROC=0.688
2026-06-30 02:28:57,141 | [DYN-LATENT] | INFO | meta_classifier_renewed.evaluators.monte_carlo_evaluator | === Fold 02/30 | train: 25 subj | test: 12 subj ===
2026-06-30 02:28:59,955 | [DYN-LATENT] | INFO | meta_classifier_renewed.model_trainers.meta_trainer | Ep [001/500] T-Acc:  32.0%  V-Acc:  41.7%  V-AUROC: 0.8571  LR: 2.00e-05
2026-06-30 02:29:02,843 | [DYN-LATENT] | INFO | meta_classifier_renewed.model_trainers.meta_trainer | Ep [002/500] T-Acc:  40.0%  V-Acc:  41.7%  V-AUROC: 0.8571  LR: 4.00e-05
2026-06-30 02:29:05,129 | [DYN-LATENT] | INFO | meta_classifier_renewed.model_trainers.meta_trainer | Ep [003/500] T-Acc:  44.0%  V-Acc:  66.7%  V-AUROC: 0.7714  LR: 6.00e-05
2026-06-30 02:29:07,716 | [DYN-LATENT] | INFO | meta_classifier_renewed.model_trainers.meta_trainer | Ep [004/500] T-Acc:  52.0%  V-Acc:  58.3%  V-AUROC: 0.4857  LR: 8.00e-05
2026-06-30 02:29:09,930 | [DYN-LATENT] | INFO | meta_classifier_renewed.model_trainers.meta_trainer | Ep [005/500] T-Acc:  64.0%  V-Acc:  58.3%  V-AUROC: 0.4000  LR: 1.00e-04
2026-06-30 02:29:12,259 | [DYN-LATENT] | INFO | meta_classifier_renewed.model_trainers.meta_trainer | Ep [006/500] T-Acc:  68.0%  V-Acc:  58.3%  V-AUROC: 0.4857  LR: 1.00e-04
2026-06-30 02:29:14,502 | [DYN-LATENT] | INFO | meta_classifier_renewed.model_trainers.meta_trainer | Ep [007/500] T-Acc:  68.0%  V-Acc:  58.3%  V-AUROC: 0.5143  LR: 1.00e-04
2026-06-30 02:29:16,733 | [DYN-LATENT] | INFO | meta_classifier_renewed.model_trainers.meta_trainer | Ep [008/500] T-Acc:  40.0%  V-Acc:  41.7%  V-AUROC: 0.7143  LR: 1.00e-04
2026-06-30 02:29:19,055 | [DYN-LATENT] | INFO | meta_classifier_renewed.model_trainers.meta_trainer | Ep [009/500] T-Acc:  56.0%  V-Acc:  58.3%  V-AUROC: 0.6857  LR: 1.00e-04
2026-06-30 02:29:21,403 | [DYN-LATENT] | INFO | meta_classifier_renewed.model_trainers.meta_trainer | Ep [010/500] T-Acc:  40.0%  V-Acc:  58.3%  V-AUROC: 0.6000  LR: 1.00e-04
2026-06-30 02:29:23,667 | [DYN-LATENT] | INFO | meta_classifier_renewed.model_trainers.meta_trainer | Ep [011/500] T-Acc:  76.0%  V-Acc:  58.3%  V-AUROC: 0.6571  LR: 1.00e-04
2026-06-30 02:29:25,878 | [DYN-LATENT] | INFO | meta_classifier_renewed.model_trainers.meta_trainer | Ep [012/500] T-Acc:  68.0%  V-Acc:  66.7%  V-AUROC: 0.7714  LR: 1.00e-04
2026-06-30 02:29:28,007 | [DYN-LATENT] | INFO | meta_classifier_renewed.model_trainers.meta_trainer | Ep [013/500] T-Acc:  48.0%  V-Acc:  58.3%  V-AUROC: 0.7714  LR: 1.00e-04
2026-06-30 02:29:30,230 | [DYN-LATENT] | INFO | meta_classifier_renewed.model_trainers.meta_trainer | Ep [014/500] T-Acc:  80.0%  V-Acc:  58.3%  V-AUROC: 0.7714  LR: 1.00e-04
2026-06-30 02:29:32,651 | [DYN-LATENT] | INFO | meta_classifier_renewed.model_trainers.meta_trainer | Ep [015/500] T-Acc:  64.0%  V-Acc:  66.7%  V-AUROC: 0.8000  LR: 1.00e-04
2026-06-30 02:29:34,922 | [DYN-LATENT] | INFO | meta_classifier_renewed.model_trainers.meta_trainer | Ep [016/500] T-Acc:  68.0%  V-Acc:  58.3%  V-AUROC: 0.6000  LR: 1.00e-04
2026-06-30 02:29:37,154 | [DYN-LATENT] | INFO | meta_classifier_renewed.model_trainers.meta_trainer | Ep [017/500] T-Acc:  60.0%  V-Acc:  58.3%  V-AUROC: 0.6286  LR: 1.00e-04
2026-06-30 02:29:39,374 | [DYN-LATENT] | INFO | meta_classifier_renewed.model_trainers.meta_trainer | Ep [018/500] T-Acc:  52.0%  V-Acc:  58.3%  V-AUROC: 0.7143  LR: 1.00e-04
2026-06-30 02:29:41,595 | [DYN-LATENT] | INFO | meta_classifier_renewed.model_trainers.meta_trainer | Ep [019/500] T-Acc:  68.0%  V-Acc:  66.7%  V-AUROC: 0.7714  LR: 1.00e-04
2026-06-30 02:29:43,968 | [DYN-LATENT] | INFO | meta_classifier_renewed.model_trainers.meta_trainer | Ep [020/500] T-Acc:  64.0%  V-Acc:  75.0%  V-AUROC: 0.7714  LR: 1.00e-04
2026-06-30 02:29:46,417 | [DYN-LATENT] | INFO | meta_classifier_renewed.model_trainers.meta_trainer | Ep [021/500] T-Acc:  68.0%  V-Acc:  75.0%  V-AUROC: 0.7714  LR: 1.00e-04
2026-06-30 02:29:48,714 | [DYN-LATENT] | INFO | meta_classifier_renewed.model_trainers.meta_trainer | Ep [022/500] T-Acc:  88.0%  V-Acc:  66.7%  V-AUROC: 0.6857  LR: 1.00e-04
2026-06-30 02:29:51,167 | [DYN-LATENT] | INFO | meta_classifier_renewed.model_trainers.meta_trainer | Ep [023/500] T-Acc:  76.0%  V-Acc:  66.7%  V-AUROC: 0.6571  LR: 1.00e-04
2026-06-30 02:29:53,359 | [DYN-LATENT] | INFO | meta_classifier_renewed.model_trainers.meta_trainer | Ep [024/500] T-Acc:  80.0%  V-Acc:  66.7%  V-AUROC: 0.6857  LR: 1.00e-04
2026-06-30 02:29:55,621 | [DYN-LATENT] | INFO | meta_classifier_renewed.model_trainers.meta_trainer | Ep [025/500] T-Acc:  84.0%  V-Acc:  66.7%  V-AUROC: 0.6571  LR: 1.00e-04
2026-06-30 02:29:57,987 | [DYN-LATENT] | INFO | meta_classifier_renewed.model_trainers.meta_trainer | Ep [026/500] T-Acc:  92.0%  V-Acc:  66.7%  V-AUROC: 0.6000  LR: 1.00e-04
2026-06-30 02:30:00,339 | [DYN-LATENT] | INFO | meta_classifier_renewed.model_trainers.meta_trainer | Ep [027/500] T-Acc:  88.0%  V-Acc:  66.7%  V-AUROC: 0.6000  LR: 2.00e-05
2026-06-30 02:30:02,505 | [DYN-LATENT] | INFO | meta_classifier_renewed.model_trainers.meta_trainer | Ep [028/500] T-Acc:  92.0%  V-Acc:  66.7%  V-AUROC: 0.6000  LR: 2.00e-05
2026-06-30 02:30:04,687 | [DYN-LATENT] | INFO | meta_classifier_renewed.model_trainers.meta_trainer | Ep [029/500] T-Acc:  92.0%  V-Acc:  66.7%  V-AUROC: 0.6286  LR: 2.00e-05
2026-06-30 02:30:07,088 | [DYN-LATENT] | INFO | meta_classifier_renewed.model_trainers.meta_trainer | Ep [030/500] T-Acc:  88.0%  V-Acc:  66.7%  V-AUROC: 0.6000  LR: 2.00e-05
2026-06-30 02:30:09,266 | [DYN-LATENT] | INFO | meta_classifier_renewed.model_trainers.meta_trainer | Ep [031/500] T-Acc:  96.0%  V-Acc:  66.7%  V-AUROC: 0.6000  LR: 2.00e-05
2026-06-30 02:30:09,266 | [DYN-LATENT] | INFO | meta_classifier_renewed.model_trainers.meta_trainer | Early stop — best AUROC 0.8571 at epoch 1
2026-06-30 02:30:10,179 | [DYN-LATENT] | INFO | meta_classifier_renewed.evaluators.monte_carlo_evaluator | -> Fold 02 Result | Acc=0.417 Sens=0.000 Spec=1.000 AUROC=0.857
2026-06-30 02:30:10,585 | [DYN-LATENT] | INFO | meta_classifier_renewed.evaluators.monte_carlo_evaluator | === Fold 03/30 | train: 25 subj | test: 12 subj ===
2026-06-30 02:30:13,191 | [DYN-LATENT] | INFO | meta_classifier_renewed.model_trainers.meta_trainer | Ep [001/500] T-Acc:  44.0%  V-Acc:  41.7%  V-AUROC: 0.5429  LR: 2.00e-05
2026-06-30 02:30:15,494 | [DYN-LATENT] | INFO | meta_classifier_renewed.model_trainers.meta_trainer | Ep [002/500] T-Acc:  60.0%  V-Acc:  41.7%  V-AUROC: 0.6286  LR: 4.00e-05
2026-06-30 02:30:18,350 | [DYN-LATENT] | INFO | meta_classifier_renewed.model_trainers.meta_trainer | Ep [003/500] T-Acc:  68.0%  V-Acc:  41.7%  V-AUROC: 0.4571  LR: 6.00e-05
2026-06-30 02:30:20,652 | [DYN-LATENT] | INFO | meta_classifier_renewed.model_trainers.meta_trainer | Ep [004/500] T-Acc:  60.0%  V-Acc:  58.3%  V-AUROC: 0.4857  LR: 8.00e-05
2026-06-30 02:30:22,990 | [DYN-LATENT] | INFO | meta_classifier_renewed.model_trainers.meta_trainer | Ep [005/500] T-Acc:  40.0%  V-Acc:  50.0%  V-AUROC: 0.4286  LR: 1.00e-04
2026-06-30 02:30:25,184 | [DYN-LATENT] | INFO | meta_classifier_renewed.model_trainers.meta_trainer | Ep [006/500] T-Acc:  60.0%  V-Acc:  41.7%  V-AUROC: 0.4286  LR: 1.00e-04
2026-06-30 02:30:27,329 | [DYN-LATENT] | INFO | meta_classifier_renewed.model_trainers.meta_trainer | Ep [007/500] T-Acc:  60.0%  V-Acc:  41.7%  V-AUROC: 0.4286  LR: 1.00e-04
2026-06-30 02:30:29,519 | [DYN-LATENT] | INFO | meta_classifier_renewed.model_trainers.meta_trainer | Ep [008/500] T-Acc:  76.0%  V-Acc:  41.7%  V-AUROC: 0.4000  LR: 1.00e-04
2026-06-30 02:30:31,714 | [DYN-LATENT] | INFO | meta_classifier_renewed.model_trainers.meta_trainer | Ep [009/500] T-Acc:  72.0%  V-Acc:  33.3%  V-AUROC: 0.4286  LR: 1.00e-04
2026-06-30 02:30:33,870 | [DYN-LATENT] | INFO | meta_classifier_renewed.model_trainers.meta_trainer | Ep [010/500] T-Acc:  84.0%  V-Acc:  58.3%  V-AUROC: 0.4286  LR: 1.00e-04
2026-06-30 02:30:36,061 | [DYN-LATENT] | INFO | meta_classifier_renewed.model_trainers.meta_trainer | Ep [011/500] T-Acc:  76.0%  V-Acc:  58.3%  V-AUROC: 0.4000  LR: 1.00e-04
2026-06-30 02:30:38,335 | [DYN-LATENT] | INFO | meta_classifier_renewed.model_trainers.meta_trainer | Ep [012/500] T-Acc:  88.0%  V-Acc:  41.7%  V-AUROC: 0.4000  LR: 1.00e-04
2026-06-30 02:30:40,619 | [DYN-LATENT] | INFO | meta_classifier_renewed.model_trainers.meta_trainer | Ep [013/500] T-Acc:  68.0%  V-Acc:  33.3%  V-AUROC: 0.4000  LR: 1.00e-04
2026-06-30 02:30:42,819 | [DYN-LATENT] | INFO | meta_classifier_renewed.model_trainers.meta_trainer | Ep [014/500] T-Acc:  88.0%  V-Acc:  41.7%  V-AUROC: 0.4000  LR: 1.00e-04
2026-06-30 02:30:45,004 | [DYN-LATENT] | INFO | meta_classifier_renewed.model_trainers.meta_trainer | Ep [015/500] T-Acc:  84.0%  V-Acc:  50.0%  V-AUROC: 0.4000  LR: 1.00e-04
2026-06-30 02:30:47,213 | [DYN-LATENT] | INFO | meta_classifier_renewed.model_trainers.meta_trainer | Ep [016/500] T-Acc:  60.0%  V-Acc:  50.0%  V-AUROC: 0.4000  LR: 1.00e-04
2026-06-30 02:30:49,679 | [DYN-LATENT] | INFO | meta_classifier_renewed.model_trainers.meta_trainer | Ep [017/500] T-Acc:  84.0%  V-Acc:  41.7%  V-AUROC: 0.4000  LR: 1.00e-04
2026-06-30 02:30:51,947 | [DYN-LATENT] | INFO | meta_classifier_renewed.model_trainers.meta_trainer | Ep [018/500] T-Acc:  72.0%  V-Acc:  50.0%  V-AUROC: 0.4000  LR: 2.00e-05
2026-06-30 02:30:54,097 | [DYN-LATENT] | INFO | meta_classifier_renewed.model_trainers.meta_trainer | Ep [019/500] T-Acc:  84.0%  V-Acc:  50.0%  V-AUROC: 0.4000  LR: 2.00e-05
2026-06-30 02:30:56,259 | [DYN-LATENT] | INFO | meta_classifier_renewed.model_trainers.meta_trainer | Ep [020/500] T-Acc:  84.0%  V-Acc:  50.0%  V-AUROC: 0.4000  LR: 2.00e-05
2026-06-30 02:30:58,410 | [DYN-LATENT] | INFO | meta_classifier_renewed.model_trainers.meta_trainer | Ep [021/500] T-Acc:  80.0%  V-Acc:  50.0%  V-AUROC: 0.4000  LR: 2.00e-05
2026-06-30 02:31:00,593 | [DYN-LATENT] | INFO | meta_classifier_renewed.model_trainers.meta_trainer | Ep [022/500] T-Acc:  88.0%  V-Acc:  41.7%  V-AUROC: 0.4000  LR: 2.00e-05
2026-06-30 02:31:02,792 | [DYN-LATENT] | INFO | meta_classifier_renewed.model_trainers.meta_trainer | Ep [023/500] T-Acc:  84.0%  V-Acc:  41.7%  V-AUROC: 0.4000  LR: 2.00e-05
2026-06-30 02:31:05,007 | [DYN-LATENT] | INFO | meta_classifier_renewed.model_trainers.meta_trainer | Ep [024/500] T-Acc:  72.0%  V-Acc:  41.7%  V-AUROC: 0.4000  LR: 2.00e-05
2026-06-30 02:31:07,270 | [DYN-LATENT] | INFO | meta_classifier_renewed.model_trainers.meta_trainer | Ep [025/500] T-Acc:  84.0%  V-Acc:  41.7%  V-AUROC: 0.4000  LR: 2.00e-05
2026-06-30 02:31:09,469 | [DYN-LATENT] | INFO | meta_classifier_renewed.model_trainers.meta_trainer | Ep [026/500] T-Acc:  80.0%  V-Acc:  50.0%  V-AUROC: 0.4000  LR: 2.00e-05
2026-06-30 02:31:11,661 | [DYN-LATENT] | INFO | meta_classifier_renewed.model_trainers.meta_trainer | Ep [027/500] T-Acc:  88.0%  V-Acc:  50.0%  V-AUROC: 0.4000  LR: 2.00e-05
2026-06-30 02:31:13,931 | [DYN-LATENT] | INFO | meta_classifier_renewed.model_trainers.meta_trainer | Ep [028/500] T-Acc:  84.0%  V-Acc:  50.0%  V-AUROC: 0.4000  LR: 2.00e-05
2026-06-30 02:31:16,083 | [DYN-LATENT] | INFO | meta_classifier_renewed.model_trainers.meta_trainer | Ep [029/500] T-Acc:  96.0%  V-Acc:  50.0%  V-AUROC: 0.4000  LR: 4.00e-06
2026-06-30 02:31:18,343 | [DYN-LATENT] | INFO | meta_classifier_renewed.model_trainers.meta_trainer | Ep [030/500] T-Acc:  92.0%  V-Acc:  50.0%  V-AUROC: 0.4000  LR: 4.00e-06
2026-06-30 02:31:20,489 | [DYN-LATENT] | INFO | meta_classifier_renewed.model_trainers.meta_trainer | Ep [031/500] T-Acc:  80.0%  V-Acc:  50.0%  V-AUROC: 0.4000  LR: 4.00e-06
2026-06-30 02:31:22,685 | [DYN-LATENT] | INFO | meta_classifier_renewed.model_trainers.meta_trainer | Ep [032/500] T-Acc:  84.0%  V-Acc:  50.0%  V-AUROC: 0.4000  LR: 4.00e-06
2026-06-30 02:31:22,685 | [DYN-LATENT] | INFO | meta_classifier_renewed.model_trainers.meta_trainer | Early stop — best AUROC 0.6286 at epoch 2
2026-06-30 02:31:23,726 | [DYN-LATENT] | INFO | meta_classifier_renewed.evaluators.monte_carlo_evaluator | -> Fold 03 Result | Acc=0.417 Sens=1.000 Spec=0.000 AUROC=0.629
2026-06-30 02:31:24,049 | [DYN-LATENT] | INFO | meta_classifier_renewed.evaluators.monte_carlo_evaluator | === Fold 04/30 | train: 25 subj | test: 12 subj ===
2026-06-30 02:31:27,135 | [DYN-LATENT] | INFO | meta_classifier_renewed.model_trainers.meta_trainer | Ep [001/500] T-Acc:  32.0%  V-Acc:  41.7%  V-AUROC: 0.2286  LR: 2.00e-05
2026-06-30 02:31:29,372 | [DYN-LATENT] | INFO | meta_classifier_renewed.model_trainers.meta_trainer | Ep [002/500] T-Acc:  40.0%  V-Acc:  41.7%  V-AUROC: 0.2000  LR: 4.00e-05
2026-06-30 02:31:31,800 | [DYN-LATENT] | INFO | meta_classifier_renewed.model_trainers.meta_trainer | Ep [003/500] T-Acc:  60.0%  V-Acc:  58.3%  V-AUROC: 0.2857  LR: 6.00e-05
2026-06-30 02:31:34,469 | [DYN-LATENT] | INFO | meta_classifier_renewed.model_trainers.meta_trainer | Ep [004/500] T-Acc:  60.0%  V-Acc:  58.3%  V-AUROC: 0.2000  LR: 8.00e-05
2026-06-30 02:31:36,879 | [DYN-LATENT] | INFO | meta_classifier_renewed.model_trainers.meta_trainer | Ep [005/500] T-Acc:  60.0%  V-Acc:  58.3%  V-AUROC: 0.2286  LR: 1.00e-04
2026-06-30 02:31:39,050 | [DYN-LATENT] | INFO | meta_classifier_renewed.model_trainers.meta_trainer | Ep [006/500] T-Acc:  64.0%  V-Acc:  58.3%  V-AUROC: 0.1429  LR: 1.00e-04
2026-06-30 02:31:41,192 | [DYN-LATENT] | INFO | meta_classifier_renewed.model_trainers.meta_trainer | Ep [007/500] T-Acc:  32.0%  V-Acc:  41.7%  V-AUROC: 0.1429  LR: 1.00e-04
2026-06-30 02:31:43,388 | [DYN-LATENT] | INFO | meta_classifier_renewed.model_trainers.meta_trainer | Ep [008/500] T-Acc:  64.0%  V-Acc:  33.3%  V-AUROC: 0.1429  LR: 1.00e-04
2026-06-30 02:31:45,560 | [DYN-LATENT] | INFO | meta_classifier_renewed.model_trainers.meta_trainer | Ep [009/500] T-Acc:  52.0%  V-Acc:  41.7%  V-AUROC: 0.1143  LR: 1.00e-04
2026-06-30 02:31:47,822 | [DYN-LATENT] | INFO | meta_classifier_renewed.model_trainers.meta_trainer | Ep [010/500] T-Acc:  68.0%  V-Acc:  58.3%  V-AUROC: 0.1143  LR: 1.00e-04
2026-06-30 02:31:50,003 | [DYN-LATENT] | INFO | meta_classifier_renewed.model_trainers.meta_trainer | Ep [011/500] T-Acc:  60.0%  V-Acc:  58.3%  V-AUROC: 0.1143  LR: 1.00e-04
2026-06-30 02:31:52,248 | [DYN-LATENT] | INFO | meta_classifier_renewed.model_trainers.meta_trainer | Ep [012/500] T-Acc:  56.0%  V-Acc:  33.3%  V-AUROC: 0.2571  LR: 1.00e-04
2026-06-30 02:31:54,484 | [DYN-LATENT] | INFO | meta_classifier_renewed.model_trainers.meta_trainer | Ep [013/500] T-Acc:  52.0%  V-Acc:  33.3%  V-AUROC: 0.2857  LR: 1.00e-04
2026-06-30 02:31:56,608 | [DYN-LATENT] | INFO | meta_classifier_renewed.model_trainers.meta_trainer | Ep [014/500] T-Acc:  44.0%  V-Acc:  58.3%  V-AUROC: 0.2857  LR: 1.00e-04
2026-06-30 02:31:58,785 | [DYN-LATENT] | INFO | meta_classifier_renewed.model_trainers.meta_trainer | Ep [015/500] T-Acc:  48.0%  V-Acc:  33.3%  V-AUROC: 0.2857  LR: 1.00e-04
2026-06-30 02:32:00,935 | [DYN-LATENT] | INFO | meta_classifier_renewed.model_trainers.meta_trainer | Ep [016/500] T-Acc:  60.0%  V-Acc:  58.3%  V-AUROC: 0.3429  LR: 1.00e-04
2026-06-30 02:32:03,466 | [DYN-LATENT] | INFO | meta_classifier_renewed.model_trainers.meta_trainer | Ep [017/500] T-Acc:  64.0%  V-Acc:  58.3%  V-AUROC: 0.4000  LR: 1.00e-04
2026-06-30 02:32:05,826 | [DYN-LATENT] | INFO | meta_classifier_renewed.model_trainers.meta_trainer | Ep [018/500] T-Acc:  68.0%  V-Acc:  58.3%  V-AUROC: 0.4000  LR: 1.00e-04
2026-06-30 02:32:08,112 | [DYN-LATENT] | INFO | meta_classifier_renewed.model_trainers.meta_trainer | Ep [019/500] T-Acc:  68.0%  V-Acc:  58.3%  V-AUROC: 0.4000  LR: 1.00e-04
2026-06-30 02:32:10,292 | [DYN-LATENT] | INFO | meta_classifier_renewed.model_trainers.meta_trainer | Ep [020/500] T-Acc:  48.0%  V-Acc:  58.3%  V-AUROC: 0.4857  LR: 1.00e-04
2026-06-30 02:32:12,672 | [DYN-LATENT] | INFO | meta_classifier_renewed.model_trainers.meta_trainer | Ep [021/500] T-Acc:  64.0%  V-Acc:  58.3%  V-AUROC: 0.5143  LR: 1.00e-04
2026-06-30 02:32:15,182 | [DYN-LATENT] | INFO | meta_classifier_renewed.model_trainers.meta_trainer | Ep [022/500] T-Acc:  68.0%  V-Acc:  58.3%  V-AUROC: 0.5143  LR: 1.00e-04
2026-06-30 02:32:17,535 | [DYN-LATENT] | INFO | meta_classifier_renewed.model_trainers.meta_trainer | Ep [023/500] T-Acc:  68.0%  V-Acc:  75.0%  V-AUROC: 0.4857  LR: 1.00e-04
2026-06-30 02:32:19,773 | [DYN-LATENT] | INFO | meta_classifier_renewed.model_trainers.meta_trainer | Ep [024/500] T-Acc:  76.0%  V-Acc:  75.0%  V-AUROC: 0.4857  LR: 1.00e-04
2026-06-30 02:32:22,147 | [DYN-LATENT] | INFO | meta_classifier_renewed.model_trainers.meta_trainer | Ep [025/500] T-Acc:  60.0%  V-Acc:  58.3%  V-AUROC: 0.4857  LR: 1.00e-04
2026-06-30 02:32:24,376 | [DYN-LATENT] | INFO | meta_classifier_renewed.model_trainers.meta_trainer | Ep [026/500] T-Acc:  56.0%  V-Acc:  58.3%  V-AUROC: 0.4857  LR: 1.00e-04
2026-06-30 02:32:26,584 | [DYN-LATENT] | INFO | meta_classifier_renewed.model_trainers.meta_trainer | Ep [027/500] T-Acc:  76.0%  V-Acc:  58.3%  V-AUROC: 0.4857  LR: 1.00e-04
2026-06-30 02:32:28,852 | [DYN-LATENT] | INFO | meta_classifier_renewed.model_trainers.meta_trainer | Ep [028/500] T-Acc:  60.0%  V-Acc:  58.3%  V-AUROC: 0.4286  LR: 1.00e-04
2026-06-30 02:32:31,141 | [DYN-LATENT] | INFO | meta_classifier_renewed.model_trainers.meta_trainer | Ep [029/500] T-Acc:  60.0%  V-Acc:  41.7%  V-AUROC: 0.4000  LR: 1.00e-04
2026-06-30 02:32:33,320 | [DYN-LATENT] | INFO | meta_classifier_renewed.model_trainers.meta_trainer | Ep [030/500] T-Acc:  64.0%  V-Acc:  58.3%  V-AUROC: 0.4000  LR: 1.00e-04
2026-06-30 02:32:35,474 | [DYN-LATENT] | INFO | meta_classifier_renewed.model_trainers.meta_trainer | Ep [031/500] T-Acc:  88.0%  V-Acc:  58.3%  V-AUROC: 0.4571  LR: 1.00e-04
2026-06-30 02:32:37,719 | [DYN-LATENT] | INFO | meta_classifier_renewed.model_trainers.meta_trainer | Ep [032/500] T-Acc:  72.0%  V-Acc:  58.3%  V-AUROC: 0.4857  LR: 1.00e-04
2026-06-30 02:32:39,914 | [DYN-LATENT] | INFO | meta_classifier_renewed.model_trainers.meta_trainer | Ep [033/500] T-Acc:  68.0%  V-Acc:  58.3%  V-AUROC: 0.4857  LR: 2.00e-05
2026-06-30 02:32:42,116 | [DYN-LATENT] | INFO | meta_classifier_renewed.model_trainers.meta_trainer | Ep [034/500] T-Acc:  72.0%  V-Acc:  66.7%  V-AUROC: 0.4857  LR: 2.00e-05
2026-06-30 02:32:44,294 | [DYN-LATENT] | INFO | meta_classifier_renewed.model_trainers.meta_trainer | Ep [035/500] T-Acc:  72.0%  V-Acc:  66.7%  V-AUROC: 0.4286  LR: 2.00e-05
2026-06-30 02:32:46,505 | [DYN-LATENT] | INFO | meta_classifier_renewed.model_trainers.meta_trainer | Ep [036/500] T-Acc:  76.0%  V-Acc:  75.0%  V-AUROC: 0.4286  LR: 2.00e-05
2026-06-30 02:32:48,742 | [DYN-LATENT] | INFO | meta_classifier_renewed.model_trainers.meta_trainer | Ep [037/500] T-Acc:  72.0%  V-Acc:  58.3%  V-AUROC: 0.4286  LR: 2.00e-05
2026-06-30 02:32:51,018 | [DYN-LATENT] | INFO | meta_classifier_renewed.model_trainers.meta_trainer | Ep [038/500] T-Acc:  64.0%  V-Acc:  58.3%  V-AUROC: 0.4000  LR: 2.00e-05
2026-06-30 02:32:53,405 | [DYN-LATENT] | INFO | meta_classifier_renewed.model_trainers.meta_trainer | Ep [039/500] T-Acc:  56.0%  V-Acc:  58.3%  V-AUROC: 0.4000  LR: 2.00e-05
2026-06-30 02:32:55,612 | [DYN-LATENT] | INFO | meta_classifier_renewed.model_trainers.meta_trainer | Ep [040/500] T-Acc:  68.0%  V-Acc:  58.3%  V-AUROC: 0.4000  LR: 2.00e-05
2026-06-30 02:32:57,744 | [DYN-LATENT] | INFO | meta_classifier_renewed.model_trainers.meta_trainer | Ep [041/500] T-Acc:  56.0%  V-Acc:  58.3%  V-AUROC: 0.4000  LR: 2.00e-05
2026-06-30 02:32:59,935 | [DYN-LATENT] | INFO | meta_classifier_renewed.model_trainers.meta_trainer | Ep [042/500] T-Acc:  60.0%  V-Acc:  58.3%  V-AUROC: 0.4000  LR: 2.00e-05
2026-06-30 02:33:02,104 | [DYN-LATENT] | INFO | meta_classifier_renewed.model_trainers.meta_trainer | Ep [043/500] T-Acc:  72.0%  V-Acc:  50.0%  V-AUROC: 0.4000  LR: 2.00e-05
2026-06-30 02:33:04,432 | [DYN-LATENT] | INFO | meta_classifier_renewed.model_trainers.meta_trainer | Ep [044/500] T-Acc:  80.0%  V-Acc:  50.0%  V-AUROC: 0.4000  LR: 4.00e-06
2026-06-30 02:33:06,628 | [DYN-LATENT] | INFO | meta_classifier_renewed.model_trainers.meta_trainer | Ep [045/500] T-Acc:  64.0%  V-Acc:  50.0%  V-AUROC: 0.4000  LR: 4.00e-06
2026-06-30 02:33:08,807 | [DYN-LATENT] | INFO | meta_classifier_renewed.model_trainers.meta_trainer | Ep [046/500] T-Acc:  64.0%  V-Acc:  41.7%  V-AUROC: 0.4000  LR: 4.00e-06
2026-06-30 02:33:11,061 | [DYN-LATENT] | INFO | meta_classifier_renewed.model_trainers.meta_trainer | Ep [047/500] T-Acc:  72.0%  V-Acc:  33.3%  V-AUROC: 0.4000  LR: 4.00e-06
2026-06-30 02:33:13,206 | [DYN-LATENT] | INFO | meta_classifier_renewed.model_trainers.meta_trainer | Ep [048/500] T-Acc:  60.0%  V-Acc:  33.3%  V-AUROC: 0.4000  LR: 4.00e-06
2026-06-30 02:33:15,538 | [DYN-LATENT] | INFO | meta_classifier_renewed.model_trainers.meta_trainer | Ep [049/500] T-Acc:  64.0%  V-Acc:  41.7%  V-AUROC: 0.4000  LR: 4.00e-06
2026-06-30 02:33:17,822 | [DYN-LATENT] | INFO | meta_classifier_renewed.model_trainers.meta_trainer | Ep [050/500] T-Acc:  84.0%  V-Acc:  50.0%  V-AUROC: 0.4000  LR: 4.00e-06
2026-06-30 02:33:19,945 | [DYN-LATENT] | INFO | meta_classifier_renewed.model_trainers.meta_trainer | Ep [051/500] T-Acc:  64.0%  V-Acc:  58.3%  V-AUROC: 0.4000  LR: 4.00e-06
2026-06-30 02:33:19,945 | [DYN-LATENT] | INFO | meta_classifier_renewed.model_trainers.meta_trainer | Early stop — best AUROC 0.5143 at epoch 21
2026-06-30 02:33:20,918 | [DYN-LATENT] | INFO | meta_classifier_renewed.evaluators.monte_carlo_evaluator | -> Fold 04 Result | Acc=0.583 Sens=1.000 Spec=0.000 AUROC=0.514
2026-06-30 02:33:21,199 | [DYN-LATENT] | INFO | meta_classifier_renewed.evaluators.monte_carlo_evaluator | === Fold 05/30 | train: 25 subj | test: 12 subj ===
2026-06-30 02:33:24,186 | [DYN-LATENT] | INFO | meta_classifier_renewed.model_trainers.meta_trainer | Ep [001/500] T-Acc:  60.0%  V-Acc:  50.0%  V-AUROC: 0.3889  LR: 2.00e-05
2026-06-30 02:33:26,421 | [DYN-LATENT] | INFO | meta_classifier_renewed.model_trainers.meta_trainer | Ep [002/500] T-Acc:  64.0%  V-Acc:  25.0%  V-AUROC: 0.3611  LR: 4.00e-05
2026-06-30 02:33:28,762 | [DYN-LATENT] | INFO | meta_classifier_renewed.model_trainers.meta_trainer | Ep [003/500] T-Acc:  44.0%  V-Acc:  41.7%  V-AUROC: 0.3333  LR: 6.00e-05
2026-06-30 02:33:31,017 | [DYN-LATENT] | INFO | meta_classifier_renewed.model_trainers.meta_trainer | Ep [004/500] T-Acc:  64.0%  V-Acc:  58.3%  V-AUROC: 0.3889  LR: 8.00e-05
2026-06-30 02:33:33,380 | [DYN-LATENT] | INFO | meta_classifier_renewed.model_trainers.meta_trainer | Ep [005/500] T-Acc:  56.0%  V-Acc:  50.0%  V-AUROC: 0.4722  LR: 1.00e-04
2026-06-30 02:33:35,799 | [DYN-LATENT] | INFO | meta_classifier_renewed.model_trainers.meta_trainer | Ep [006/500] T-Acc:  40.0%  V-Acc:  66.7%  V-AUROC: 0.5833  LR: 1.00e-04
2026-06-30 02:33:38,198 | [DYN-LATENT] | INFO | meta_classifier_renewed.model_trainers.meta_trainer | Ep [007/500] T-Acc:  48.0%  V-Acc:  58.3%  V-AUROC: 0.6389  LR: 1.00e-04
2026-06-30 02:33:40,512 | [DYN-LATENT] | INFO | meta_classifier_renewed.model_trainers.meta_trainer | Ep [008/500] T-Acc:  64.0%  V-Acc:  50.0%  V-AUROC: 0.6389  LR: 1.00e-04
2026-06-30 02:33:42,686 | [DYN-LATENT] | INFO | meta_classifier_renewed.model_trainers.meta_trainer | Ep [009/500] T-Acc:  52.0%  V-Acc:  50.0%  V-AUROC: 0.6389  LR: 1.00e-04
2026-06-30 02:33:44,798 | [DYN-LATENT] | INFO | meta_classifier_renewed.model_trainers.meta_trainer | Ep [010/500] T-Acc:  68.0%  V-Acc:  41.7%  V-AUROC: 0.6389  LR: 1.00e-04
2026-06-30 02:33:47,081 | [DYN-LATENT] | INFO | meta_classifier_renewed.model_trainers.meta_trainer | Ep [011/500] T-Acc:  48.0%  V-Acc:  66.7%  V-AUROC: 0.6667  LR: 1.00e-04
2026-06-30 02:33:49,557 | [DYN-LATENT] | INFO | meta_classifier_renewed.model_trainers.meta_trainer | Ep [012/500] T-Acc:  60.0%  V-Acc:  50.0%  V-AUROC: 0.6389  LR: 1.00e-04
2026-06-30 02:33:51,949 | [DYN-LATENT] | INFO | meta_classifier_renewed.model_trainers.meta_trainer | Ep [013/500] T-Acc:  48.0%  V-Acc:  50.0%  V-AUROC: 0.6389  LR: 1.00e-04
2026-06-30 02:33:54,158 | [DYN-LATENT] | INFO | meta_classifier_renewed.model_trainers.meta_trainer | Ep [014/500] T-Acc:  64.0%  V-Acc:  50.0%  V-AUROC: 0.6389  LR: 1.00e-04
2026-06-30 02:33:56,306 | [DYN-LATENT] | INFO | meta_classifier_renewed.model_trainers.meta_trainer | Ep [015/500] T-Acc:  80.0%  V-Acc:  58.3%  V-AUROC: 0.6389  LR: 1.00e-04
2026-06-30 02:33:58,433 | [DYN-LATENT] | INFO | meta_classifier_renewed.model_trainers.meta_trainer | Ep [016/500] T-Acc:  64.0%  V-Acc:  66.7%  V-AUROC: 0.6667  LR: 1.00e-04
2026-06-30 02:34:00,593 | [DYN-LATENT] | INFO | meta_classifier_renewed.model_trainers.meta_trainer | Ep [017/500] T-Acc:  56.0%  V-Acc:  58.3%  V-AUROC: 0.6667  LR: 1.00e-04
2026-06-30 02:34:02,904 | [DYN-LATENT] | INFO | meta_classifier_renewed.model_trainers.meta_trainer | Ep [018/500] T-Acc:  56.0%  V-Acc:  41.7%  V-AUROC: 0.6667  LR: 1.00e-04
2026-06-30 02:34:05,021 | [DYN-LATENT] | INFO | meta_classifier_renewed.model_trainers.meta_trainer | Ep [019/500] T-Acc:  72.0%  V-Acc:  41.7%  V-AUROC: 0.6667  LR: 1.00e-04
2026-06-30 02:34:07,206 | [DYN-LATENT] | INFO | meta_classifier_renewed.model_trainers.meta_trainer | Ep [020/500] T-Acc:  80.0%  V-Acc:  58.3%  V-AUROC: 0.6667  LR: 1.00e-04
2026-06-30 02:34:09,402 | [DYN-LATENT] | INFO | meta_classifier_renewed.model_trainers.meta_trainer | Ep [021/500] T-Acc:  60.0%  V-Acc:  58.3%  V-AUROC: 0.6667  LR: 1.00e-04
2026-06-30 02:34:11,708 | [DYN-LATENT] | INFO | meta_classifier_renewed.model_trainers.meta_trainer | Ep [022/500] T-Acc:  76.0%  V-Acc:  58.3%  V-AUROC: 0.6667  LR: 1.00e-04
2026-06-30 02:34:13,827 | [DYN-LATENT] | INFO | meta_classifier_renewed.model_trainers.meta_trainer | Ep [023/500] T-Acc:  72.0%  V-Acc:  58.3%  V-AUROC: 0.6389  LR: 2.00e-05
2026-06-30 02:34:15,937 | [DYN-LATENT] | INFO | meta_classifier_renewed.model_trainers.meta_trainer | Ep [024/500] T-Acc:  68.0%  V-Acc:  58.3%  V-AUROC: 0.6389  LR: 2.00e-05
2026-06-30 02:34:18,100 | [DYN-LATENT] | INFO | meta_classifier_renewed.model_trainers.meta_trainer | Ep [025/500] T-Acc:  72.0%  V-Acc:  58.3%  V-AUROC: 0.6389  LR: 2.00e-05
2026-06-30 02:34:20,268 | [DYN-LATENT] | INFO | meta_classifier_renewed.model_trainers.meta_trainer | Ep [026/500] T-Acc:  72.0%  V-Acc:  58.3%  V-AUROC: 0.6111  LR: 2.00e-05
2026-06-30 02:34:22,525 | [DYN-LATENT] | INFO | meta_classifier_renewed.model_trainers.meta_trainer | Ep [027/500] T-Acc:  72.0%  V-Acc:  58.3%  V-AUROC: 0.6111  LR: 2.00e-05
2026-06-30 02:34:24,647 | [DYN-LATENT] | INFO | meta_classifier_renewed.model_trainers.meta_trainer | Ep [028/500] T-Acc:  72.0%  V-Acc:  50.0%  V-AUROC: 0.6389  LR: 2.00e-05
2026-06-30 02:34:26,884 | [DYN-LATENT] | INFO | meta_classifier_renewed.model_trainers.meta_trainer | Ep [029/500] T-Acc:  84.0%  V-Acc:  50.0%  V-AUROC: 0.6389  LR: 2.00e-05
2026-06-30 02:34:29,039 | [DYN-LATENT] | INFO | meta_classifier_renewed.model_trainers.meta_trainer | Ep [030/500] T-Acc:  80.0%  V-Acc:  50.0%  V-AUROC: 0.6389  LR: 2.00e-05
2026-06-30 02:34:31,185 | [DYN-LATENT] | INFO | meta_classifier_renewed.model_trainers.meta_trainer | Ep [031/500] T-Acc:  72.0%  V-Acc:  50.0%  V-AUROC: 0.6389  LR: 2.00e-05
2026-06-30 02:34:33,422 | [DYN-LATENT] | INFO | meta_classifier_renewed.model_trainers.meta_trainer | Ep [032/500] T-Acc:  84.0%  V-Acc:  50.0%  V-AUROC: 0.6389  LR: 2.00e-05
2026-06-30 02:34:35,652 | [DYN-LATENT] | INFO | meta_classifier_renewed.model_trainers.meta_trainer | Ep [033/500] T-Acc:  68.0%  V-Acc:  50.0%  V-AUROC: 0.6389  LR: 2.00e-05
2026-06-30 02:34:37,932 | [DYN-LATENT] | INFO | meta_classifier_renewed.model_trainers.meta_trainer | Ep [034/500] T-Acc:  84.0%  V-Acc:  50.0%  V-AUROC: 0.6389  LR: 4.00e-06
2026-06-30 02:34:40,112 | [DYN-LATENT] | INFO | meta_classifier_renewed.model_trainers.meta_trainer | Ep [035/500] T-Acc:  80.0%  V-Acc:  50.0%  V-AUROC: 0.6389  LR: 4.00e-06
2026-06-30 02:34:42,249 | [DYN-LATENT] | INFO | meta_classifier_renewed.model_trainers.meta_trainer | Ep [036/500] T-Acc:  76.0%  V-Acc:  50.0%  V-AUROC: 0.6389  LR: 4.00e-06
2026-06-30 02:34:44,508 | [DYN-LATENT] | INFO | meta_classifier_renewed.model_trainers.meta_trainer | Ep [037/500] T-Acc:  76.0%  V-Acc:  50.0%  V-AUROC: 0.6389  LR: 4.00e-06
2026-06-30 02:34:46,679 | [DYN-LATENT] | INFO | meta_classifier_renewed.model_trainers.meta_trainer | Ep [038/500] T-Acc:  84.0%  V-Acc:  58.3%  V-AUROC: 0.6667  LR: 4.00e-06
2026-06-30 02:34:48,884 | [DYN-LATENT] | INFO | meta_classifier_renewed.model_trainers.meta_trainer | Ep [039/500] T-Acc:  84.0%  V-Acc:  58.3%  V-AUROC: 0.6667  LR: 4.00e-06
2026-06-30 02:34:51,078 | [DYN-LATENT] | INFO | meta_classifier_renewed.model_trainers.meta_trainer | Ep [040/500] T-Acc:  76.0%  V-Acc:  58.3%  V-AUROC: 0.6667  LR: 4.00e-06
2026-06-30 02:34:53,337 | [DYN-LATENT] | INFO | meta_classifier_renewed.model_trainers.meta_trainer | Ep [041/500] T-Acc:  84.0%  V-Acc:  58.3%  V-AUROC: 0.6667  LR: 4.00e-06
2026-06-30 02:34:53,337 | [DYN-LATENT] | INFO | meta_classifier_renewed.model_trainers.meta_trainer | Early stop — best AUROC 0.6667 at epoch 11
2026-06-30 02:34:54,413 | [DYN-LATENT] | INFO | meta_classifier_renewed.evaluators.monte_carlo_evaluator | -> Fold 05 Result | Acc=0.667 Sens=0.500 Spec=0.833 AUROC=0.667
2026-06-30 02:34:54,783 | [DYN-LATENT] | INFO | meta_classifier_renewed.evaluators.monte_carlo_evaluator | === Fold 06/30 | train: 25 subj | test: 12 subj ===
2026-06-30 02:34:57,664 | [DYN-LATENT] | INFO | meta_classifier_renewed.model_trainers.meta_trainer | Ep [001/500] T-Acc:  44.0%  V-Acc:  33.3%  V-AUROC: 0.5938  LR: 2.00e-05
2026-06-30 02:34:59,939 | [DYN-LATENT] | INFO | meta_classifier_renewed.model_trainers.meta_trainer | Ep [002/500] T-Acc:  56.0%  V-Acc:  58.3%  V-AUROC: 0.5000  LR: 4.00e-05
2026-06-30 02:35:02,656 | [DYN-LATENT] | INFO | meta_classifier_renewed.model_trainers.meta_trainer | Ep [003/500] T-Acc:  44.0%  V-Acc:  66.7%  V-AUROC: 0.3438  LR: 6.00e-05
2026-06-30 02:35:04,941 | [DYN-LATENT] | INFO | meta_classifier_renewed.model_trainers.meta_trainer | Ep [004/500] T-Acc:  52.0%  V-Acc:  66.7%  V-AUROC: 0.3125  LR: 8.00e-05
2026-06-30 02:35:07,241 | [DYN-LATENT] | INFO | meta_classifier_renewed.model_trainers.meta_trainer | Ep [005/500] T-Acc:  56.0%  V-Acc:  75.0%  V-AUROC: 0.6250  LR: 1.00e-04
2026-06-30 02:35:09,519 | [DYN-LATENT] | INFO | meta_classifier_renewed.model_trainers.meta_trainer | Ep [006/500] T-Acc:  40.0%  V-Acc:  41.7%  V-AUROC: 0.8750  LR: 1.00e-04
2026-06-30 02:35:11,788 | [DYN-LATENT] | INFO | meta_classifier_renewed.model_trainers.meta_trainer | Ep [007/500] T-Acc:  48.0%  V-Acc:  58.3%  V-AUROC: 0.8750  LR: 1.00e-04
2026-06-30 02:35:13,976 | [DYN-LATENT] | INFO | meta_classifier_renewed.model_trainers.meta_trainer | Ep [008/500] T-Acc:  68.0%  V-Acc:  83.3%  V-AUROC: 0.9375  LR: 1.00e-04
2026-06-30 02:35:16,259 | [DYN-LATENT] | INFO | meta_classifier_renewed.model_trainers.meta_trainer | Ep [009/500] T-Acc:  44.0%  V-Acc:  91.7%  V-AUROC: 0.9688  LR: 1.00e-04
2026-06-30 02:35:18,697 | [DYN-LATENT] | INFO | meta_classifier_renewed.model_trainers.meta_trainer | Ep [010/500] T-Acc:  56.0%  V-Acc:  75.0%  V-AUROC: 0.9375  LR: 1.00e-04
2026-06-30 02:35:20,915 | [DYN-LATENT] | INFO | meta_classifier_renewed.model_trainers.meta_trainer | Ep [011/500] T-Acc:  68.0%  V-Acc:  91.7%  V-AUROC: 0.9688  LR: 1.00e-04
2026-06-30 02:35:23,200 | [DYN-LATENT] | INFO | meta_classifier_renewed.model_trainers.meta_trainer | Ep [012/500] T-Acc:  64.0%  V-Acc:  75.0%  V-AUROC: 0.9375  LR: 1.00e-04
2026-06-30 02:35:25,339 | [DYN-LATENT] | INFO | meta_classifier_renewed.model_trainers.meta_trainer | Ep [013/500] T-Acc:  72.0%  V-Acc:  83.3%  V-AUROC: 0.9062  LR: 1.00e-04
2026-06-30 02:35:27,562 | [DYN-LATENT] | INFO | meta_classifier_renewed.model_trainers.meta_trainer | Ep [014/500] T-Acc:  64.0%  V-Acc:  83.3%  V-AUROC: 0.9062  LR: 1.00e-04
2026-06-30 02:35:29,694 | [DYN-LATENT] | INFO | meta_classifier_renewed.model_trainers.meta_trainer | Ep [015/500] T-Acc:  64.0%  V-Acc:  75.0%  V-AUROC: 0.9062  LR: 1.00e-04
2026-06-30 02:35:31,915 | [DYN-LATENT] | INFO | meta_classifier_renewed.model_trainers.meta_trainer | Ep [016/500] T-Acc:  72.0%  V-Acc:  91.7%  V-AUROC: 0.8750  LR: 1.00e-04
2026-06-30 02:35:34,137 | [DYN-LATENT] | INFO | meta_classifier_renewed.model_trainers.meta_trainer | Ep [017/500] T-Acc:  72.0%  V-Acc:  75.0%  V-AUROC: 0.8750  LR: 1.00e-04
2026-06-30 02:35:36,350 | [DYN-LATENT] | INFO | meta_classifier_renewed.model_trainers.meta_trainer | Ep [018/500] T-Acc:  76.0%  V-Acc:  75.0%  V-AUROC: 0.8750  LR: 1.00e-04
2026-06-30 02:35:38,572 | [DYN-LATENT] | INFO | meta_classifier_renewed.model_trainers.meta_trainer | Ep [019/500] T-Acc:  68.0%  V-Acc:  75.0%  V-AUROC: 0.8125  LR: 1.00e-04
2026-06-30 02:35:40,738 | [DYN-LATENT] | INFO | meta_classifier_renewed.model_trainers.meta_trainer | Ep [020/500] T-Acc:  72.0%  V-Acc:  66.7%  V-AUROC: 0.8125  LR: 1.00e-04
2026-06-30 02:35:42,891 | [DYN-LATENT] | INFO | meta_classifier_renewed.model_trainers.meta_trainer | Ep [021/500] T-Acc:  60.0%  V-Acc:  75.0%  V-AUROC: 0.8438  LR: 2.00e-05
2026-06-30 02:35:45,104 | [DYN-LATENT] | INFO | meta_classifier_renewed.model_trainers.meta_trainer | Ep [022/500] T-Acc:  76.0%  V-Acc:  75.0%  V-AUROC: 0.8438  LR: 2.00e-05
2026-06-30 02:35:47,314 | [DYN-LATENT] | INFO | meta_classifier_renewed.model_trainers.meta_trainer | Ep [023/500] T-Acc:  88.0%  V-Acc:  75.0%  V-AUROC: 0.8125  LR: 2.00e-05
2026-06-30 02:35:49,519 | [DYN-LATENT] | INFO | meta_classifier_renewed.model_trainers.meta_trainer | Ep [024/500] T-Acc:  88.0%  V-Acc:  75.0%  V-AUROC: 0.8438  LR: 2.00e-05
2026-06-30 02:35:51,853 | [DYN-LATENT] | INFO | meta_classifier_renewed.model_trainers.meta_trainer | Ep [025/500] T-Acc:  84.0%  V-Acc:  75.0%  V-AUROC: 0.8438  LR: 2.00e-05
2026-06-30 02:35:54,019 | [DYN-LATENT] | INFO | meta_classifier_renewed.model_trainers.meta_trainer | Ep [026/500] T-Acc:  80.0%  V-Acc:  66.7%  V-AUROC: 0.8438  LR: 2.00e-05
2026-06-30 02:35:56,227 | [DYN-LATENT] | INFO | meta_classifier_renewed.model_trainers.meta_trainer | Ep [027/500] T-Acc:  76.0%  V-Acc:  75.0%  V-AUROC: 0.8438  LR: 2.00e-05
2026-06-30 02:35:58,472 | [DYN-LATENT] | INFO | meta_classifier_renewed.model_trainers.meta_trainer | Ep [028/500] T-Acc:  88.0%  V-Acc:  75.0%  V-AUROC: 0.8438  LR: 2.00e-05
2026-06-30 02:36:00,654 | [DYN-LATENT] | INFO | meta_classifier_renewed.model_trainers.meta_trainer | Ep [029/500] T-Acc:  96.0%  V-Acc:  75.0%  V-AUROC: 0.8438  LR: 2.00e-05
2026-06-30 02:36:02,955 | [DYN-LATENT] | INFO | meta_classifier_renewed.model_trainers.meta_trainer | Ep [030/500] T-Acc:  92.0%  V-Acc:  75.0%  V-AUROC: 0.8438  LR: 2.00e-05
2026-06-30 02:36:05,223 | [DYN-LATENT] | INFO | meta_classifier_renewed.model_trainers.meta_trainer | Ep [031/500] T-Acc:  92.0%  V-Acc:  75.0%  V-AUROC: 0.8750  LR: 2.00e-05
2026-06-30 02:36:07,471 | [DYN-LATENT] | INFO | meta_classifier_renewed.model_trainers.meta_trainer | Ep [032/500] T-Acc:  96.0%  V-Acc:  75.0%  V-AUROC: 0.8750  LR: 4.00e-06
2026-06-30 02:36:09,703 | [DYN-LATENT] | INFO | meta_classifier_renewed.model_trainers.meta_trainer | Ep [033/500] T-Acc:  80.0%  V-Acc:  75.0%  V-AUROC: 0.8750  LR: 4.00e-06
2026-06-30 02:36:11,914 | [DYN-LATENT] | INFO | meta_classifier_renewed.model_trainers.meta_trainer | Ep [034/500] T-Acc:  88.0%  V-Acc:  75.0%  V-AUROC: 0.8750  LR: 4.00e-06
2026-06-30 02:36:14,073 | [DYN-LATENT] | INFO | meta_classifier_renewed.model_trainers.meta_trainer | Ep [035/500] T-Acc:  88.0%  V-Acc:  75.0%  V-AUROC: 0.8750  LR: 4.00e-06
2026-06-30 02:36:16,258 | [DYN-LATENT] | INFO | meta_classifier_renewed.model_trainers.meta_trainer | Ep [036/500] T-Acc:  92.0%  V-Acc:  75.0%  V-AUROC: 0.8750  LR: 4.00e-06
2026-06-30 02:36:18,799 | [DYN-LATENT] | INFO | meta_classifier_renewed.model_trainers.meta_trainer | Ep [037/500] T-Acc:  96.0%  V-Acc:  75.0%  V-AUROC: 0.8750  LR: 4.00e-06
2026-06-30 02:36:20,943 | [DYN-LATENT] | INFO | meta_classifier_renewed.model_trainers.meta_trainer | Ep [038/500] T-Acc:  84.0%  V-Acc:  75.0%  V-AUROC: 0.8750  LR: 4.00e-06
2026-06-30 02:36:23,174 | [DYN-LATENT] | INFO | meta_classifier_renewed.model_trainers.meta_trainer | Ep [039/500] T-Acc:  92.0%  V-Acc:  75.0%  V-AUROC: 0.8750  LR: 4.00e-06
2026-06-30 02:36:23,176 | [DYN-LATENT] | INFO | meta_classifier_renewed.model_trainers.meta_trainer | Early stop — best AUROC 0.9688 at epoch 9
2026-06-30 02:36:24,090 | [DYN-LATENT] | INFO | meta_classifier_renewed.evaluators.monte_carlo_evaluator | -> Fold 06 Result | Acc=0.917 Sens=0.875 Spec=1.000 AUROC=0.969
2026-06-30 02:36:24,564 | [DYN-LATENT] | INFO | meta_classifier_renewed.evaluators.monte_carlo_evaluator | === Fold 07/30 | train: 25 subj | test: 12 subj ===
2026-06-30 02:36:27,067 | [DYN-LATENT] | INFO | meta_classifier_renewed.model_trainers.meta_trainer | Ep [001/500] T-Acc:  36.0%  V-Acc:  50.0%  V-AUROC: 0.7222  LR: 2.00e-05
2026-06-30 02:36:29,645 | [DYN-LATENT] | INFO | meta_classifier_renewed.model_trainers.meta_trainer | Ep [002/500] T-Acc:  40.0%  V-Acc:  66.7%  V-AUROC: 0.6944  LR: 4.00e-05
2026-06-30 02:36:31,848 | [DYN-LATENT] | INFO | meta_classifier_renewed.model_trainers.meta_trainer | Ep [003/500] T-Acc:  52.0%  V-Acc:  50.0%  V-AUROC: 0.6389  LR: 6.00e-05
2026-06-30 02:36:34,304 | [DYN-LATENT] | INFO | meta_classifier_renewed.model_trainers.meta_trainer | Ep [004/500] T-Acc:  68.0%  V-Acc:  50.0%  V-AUROC: 0.5833  LR: 8.00e-05
2026-06-30 02:36:36,570 | [DYN-LATENT] | INFO | meta_classifier_renewed.model_trainers.meta_trainer | Ep [005/500] T-Acc:  60.0%  V-Acc:  41.7%  V-AUROC: 0.5556  LR: 1.00e-04
2026-06-30 02:36:38,739 | [DYN-LATENT] | INFO | meta_classifier_renewed.model_trainers.meta_trainer | Ep [006/500] T-Acc:  56.0%  V-Acc:  58.3%  V-AUROC: 0.6111  LR: 1.00e-04
2026-06-30 02:36:40,904 | [DYN-LATENT] | INFO | meta_classifier_renewed.model_trainers.meta_trainer | Ep [007/500] T-Acc:  60.0%  V-Acc:  58.3%  V-AUROC: 0.5833  LR: 1.00e-04
2026-06-30 02:36:43,094 | [DYN-LATENT] | INFO | meta_classifier_renewed.model_trainers.meta_trainer | Ep [008/500] T-Acc:  56.0%  V-Acc:  58.3%  V-AUROC: 0.5000  LR: 1.00e-04
2026-06-30 02:36:45,229 | [DYN-LATENT] | INFO | meta_classifier_renewed.model_trainers.meta_trainer | Ep [009/500] T-Acc:  68.0%  V-Acc:  58.3%  V-AUROC: 0.5556  LR: 1.00e-04
2026-06-30 02:36:47,426 | [DYN-LATENT] | INFO | meta_classifier_renewed.model_trainers.meta_trainer | Ep [010/500] T-Acc:  64.0%  V-Acc:  58.3%  V-AUROC: 0.5278  LR: 1.00e-04
2026-06-30 02:36:49,662 | [DYN-LATENT] | INFO | meta_classifier_renewed.model_trainers.meta_trainer | Ep [011/500] T-Acc:  72.0%  V-Acc:  58.3%  V-AUROC: 0.5000  LR: 1.00e-04
2026-06-30 02:36:51,889 | [DYN-LATENT] | INFO | meta_classifier_renewed.model_trainers.meta_trainer | Ep [012/500] T-Acc:  68.0%  V-Acc:  66.7%  V-AUROC: 0.5000  LR: 1.00e-04
2026-06-30 02:36:54,034 | [DYN-LATENT] | INFO | meta_classifier_renewed.model_trainers.meta_trainer | Ep [013/500] T-Acc:  80.0%  V-Acc:  58.3%  V-AUROC: 0.4722  LR: 1.00e-04
2026-06-30 02:36:56,190 | [DYN-LATENT] | INFO | meta_classifier_renewed.model_trainers.meta_trainer | Ep [014/500] T-Acc:  80.0%  V-Acc:  58.3%  V-AUROC: 0.5278  LR: 1.00e-04
2026-06-30 02:36:58,304 | [DYN-LATENT] | INFO | meta_classifier_renewed.model_trainers.meta_trainer | Ep [015/500] T-Acc:  88.0%  V-Acc:  58.3%  V-AUROC: 0.5556  LR: 1.00e-04
2026-06-30 02:37:00,754 | [DYN-LATENT] | INFO | meta_classifier_renewed.model_trainers.meta_trainer | Ep [016/500] T-Acc:  80.0%  V-Acc:  58.3%  V-AUROC: 0.5556  LR: 1.00e-04
2026-06-30 02:37:02,977 | [DYN-LATENT] | INFO | meta_classifier_renewed.model_trainers.meta_trainer | Ep [017/500] T-Acc:  72.0%  V-Acc:  58.3%  V-AUROC: 0.5000  LR: 1.00e-04
2026-06-30 02:37:05,170 | [DYN-LATENT] | INFO | meta_classifier_renewed.model_trainers.meta_trainer | Ep [018/500] T-Acc:  84.0%  V-Acc:  58.3%  V-AUROC: 0.5278  LR: 2.00e-05
2026-06-30 02:37:07,391 | [DYN-LATENT] | INFO | meta_classifier_renewed.model_trainers.meta_trainer | Ep [019/500] T-Acc:  84.0%  V-Acc:  58.3%  V-AUROC: 0.5278  LR: 2.00e-05
2026-06-30 02:37:09,540 | [DYN-LATENT] | INFO | meta_classifier_renewed.model_trainers.meta_trainer | Ep [020/500] T-Acc:  72.0%  V-Acc:  58.3%  V-AUROC: 0.5000  LR: 2.00e-05
2026-06-30 02:37:11,684 | [DYN-LATENT] | INFO | meta_classifier_renewed.model_trainers.meta_trainer | Ep [021/500] T-Acc:  88.0%  V-Acc:  58.3%  V-AUROC: 0.5000  LR: 2.00e-05
2026-06-30 02:37:13,864 | [DYN-LATENT] | INFO | meta_classifier_renewed.model_trainers.meta_trainer | Ep [022/500] T-Acc:  92.0%  V-Acc:  58.3%  V-AUROC: 0.5000  LR: 2.00e-05
2026-06-30 02:37:16,015 | [DYN-LATENT] | INFO | meta_classifier_renewed.model_trainers.meta_trainer | Ep [023/500] T-Acc:  88.0%  V-Acc:  58.3%  V-AUROC: 0.5000  LR: 2.00e-05
2026-06-30 02:37:18,210 | [DYN-LATENT] | INFO | meta_classifier_renewed.model_trainers.meta_trainer | Ep [024/500] T-Acc:  80.0%  V-Acc:  58.3%  V-AUROC: 0.5000  LR: 2.00e-05
2026-06-30 02:37:20,361 | [DYN-LATENT] | INFO | meta_classifier_renewed.model_trainers.meta_trainer | Ep [025/500] T-Acc:  84.0%  V-Acc:  58.3%  V-AUROC: 0.5000  LR: 2.00e-05
2026-06-30 02:37:22,574 | [DYN-LATENT] | INFO | meta_classifier_renewed.model_trainers.meta_trainer | Ep [026/500] T-Acc:  92.0%  V-Acc:  58.3%  V-AUROC: 0.5000  LR: 2.00e-05
2026-06-30 02:37:24,753 | [DYN-LATENT] | INFO | meta_classifier_renewed.model_trainers.meta_trainer | Ep [027/500] T-Acc:  88.0%  V-Acc:  58.3%  V-AUROC: 0.5000  LR: 2.00e-05
2026-06-30 02:37:26,922 | [DYN-LATENT] | INFO | meta_classifier_renewed.model_trainers.meta_trainer | Ep [028/500] T-Acc:  96.0%  V-Acc:  58.3%  V-AUROC: 0.5000  LR: 2.00e-05
2026-06-30 02:37:29,190 | [DYN-LATENT] | INFO | meta_classifier_renewed.model_trainers.meta_trainer | Ep [029/500] T-Acc:  88.0%  V-Acc:  58.3%  V-AUROC: 0.5000  LR: 4.00e-06
2026-06-30 02:37:31,379 | [DYN-LATENT] | INFO | meta_classifier_renewed.model_trainers.meta_trainer | Ep [030/500] T-Acc:  88.0%  V-Acc:  58.3%  V-AUROC: 0.5000  LR: 4.00e-06
2026-06-30 02:37:33,616 | [DYN-LATENT] | INFO | meta_classifier_renewed.model_trainers.meta_trainer | Ep [031/500] T-Acc:  92.0%  V-Acc:  58.3%  V-AUROC: 0.5000  LR: 4.00e-06
2026-06-30 02:37:33,616 | [DYN-LATENT] | INFO | meta_classifier_renewed.model_trainers.meta_trainer | Early stop — best AUROC 0.7222 at epoch 1
2026-06-30 02:37:34,572 | [DYN-LATENT] | INFO | meta_classifier_renewed.evaluators.monte_carlo_evaluator | -> Fold 07 Result | Acc=0.500 Sens=0.000 Spec=1.000 AUROC=0.722
2026-06-30 02:37:34,962 | [DYN-LATENT] | INFO | meta_classifier_renewed.evaluators.monte_carlo_evaluator | === Fold 08/30 | train: 25 subj | test: 12 subj ===
2026-06-30 02:37:37,831 | [DYN-LATENT] | INFO | meta_classifier_renewed.model_trainers.meta_trainer | Ep [001/500] T-Acc:  76.0%  V-Acc:  58.3%  V-AUROC: 0.6000  LR: 2.00e-05
2026-06-30 02:37:40,466 | [DYN-LATENT] | INFO | meta_classifier_renewed.model_trainers.meta_trainer | Ep [002/500] T-Acc:  48.0%  V-Acc:  58.3%  V-AUROC: 0.6571  LR: 4.00e-05
2026-06-30 02:37:42,768 | [DYN-LATENT] | INFO | meta_classifier_renewed.model_trainers.meta_trainer | Ep [003/500] T-Acc:  52.0%  V-Acc:  58.3%  V-AUROC: 0.5714  LR: 6.00e-05
2026-06-30 02:37:45,095 | [DYN-LATENT] | INFO | meta_classifier_renewed.model_trainers.meta_trainer | Ep [004/500] T-Acc:  48.0%  V-Acc:  58.3%  V-AUROC: 0.5143  LR: 8.00e-05
2026-06-30 02:37:47,309 | [DYN-LATENT] | INFO | meta_classifier_renewed.model_trainers.meta_trainer | Ep [005/500] T-Acc:  48.0%  V-Acc:  58.3%  V-AUROC: 0.6286  LR: 1.00e-04
2026-06-30 02:37:49,561 | [DYN-LATENT] | INFO | meta_classifier_renewed.model_trainers.meta_trainer | Ep [006/500] T-Acc:  48.0%  V-Acc:  50.0%  V-AUROC: 0.6857  LR: 1.00e-04
2026-06-30 02:37:51,942 | [DYN-LATENT] | INFO | meta_classifier_renewed.model_trainers.meta_trainer | Ep [007/500] T-Acc:  40.0%  V-Acc:  58.3%  V-AUROC: 0.6571  LR: 1.00e-04
2026-06-30 02:37:54,159 | [DYN-LATENT] | INFO | meta_classifier_renewed.model_trainers.meta_trainer | Ep [008/500] T-Acc:  32.0%  V-Acc:  58.3%  V-AUROC: 0.6286  LR: 1.00e-04
2026-06-30 02:37:56,399 | [DYN-LATENT] | INFO | meta_classifier_renewed.model_trainers.meta_trainer | Ep [009/500] T-Acc:  52.0%  V-Acc:  58.3%  V-AUROC: 0.6571  LR: 1.00e-04
2026-06-30 02:37:58,569 | [DYN-LATENT] | INFO | meta_classifier_renewed.model_trainers.meta_trainer | Ep [010/500] T-Acc:  52.0%  V-Acc:  50.0%  V-AUROC: 0.7143  LR: 1.00e-04
2026-06-30 02:38:01,203 | [DYN-LATENT] | INFO | meta_classifier_renewed.model_trainers.meta_trainer | Ep [011/500] T-Acc:  60.0%  V-Acc:  58.3%  V-AUROC: 0.7143  LR: 1.00e-04
2026-06-30 02:38:03,463 | [DYN-LATENT] | INFO | meta_classifier_renewed.model_trainers.meta_trainer | Ep [012/500] T-Acc:  36.0%  V-Acc:  83.3%  V-AUROC: 0.7143  LR: 1.00e-04
2026-06-30 02:38:05,647 | [DYN-LATENT] | INFO | meta_classifier_renewed.model_trainers.meta_trainer | Ep [013/500] T-Acc:  76.0%  V-Acc:  58.3%  V-AUROC: 0.6000  LR: 1.00e-04
2026-06-30 02:38:07,861 | [DYN-LATENT] | INFO | meta_classifier_renewed.model_trainers.meta_trainer | Ep [014/500] T-Acc:  72.0%  V-Acc:  58.3%  V-AUROC: 0.5143  LR: 1.00e-04
2026-06-30 02:38:10,145 | [DYN-LATENT] | INFO | meta_classifier_renewed.model_trainers.meta_trainer | Ep [015/500] T-Acc:  52.0%  V-Acc:  58.3%  V-AUROC: 0.4857  LR: 1.00e-04
2026-06-30 02:38:12,342 | [DYN-LATENT] | INFO | meta_classifier_renewed.model_trainers.meta_trainer | Ep [016/500] T-Acc:  68.0%  V-Acc:  58.3%  V-AUROC: 0.5714  LR: 1.00e-04
2026-06-30 02:38:14,535 | [DYN-LATENT] | INFO | meta_classifier_renewed.model_trainers.meta_trainer | Ep [017/500] T-Acc:  80.0%  V-Acc:  58.3%  V-AUROC: 0.6286  LR: 1.00e-04
2026-06-30 02:38:16,697 | [DYN-LATENT] | INFO | meta_classifier_renewed.model_trainers.meta_trainer | Ep [018/500] T-Acc:  68.0%  V-Acc:  66.7%  V-AUROC: 0.6286  LR: 1.00e-04
2026-06-30 02:38:18,935 | [DYN-LATENT] | INFO | meta_classifier_renewed.model_trainers.meta_trainer | Ep [019/500] T-Acc:  64.0%  V-Acc:  58.3%  V-AUROC: 0.6000  LR: 1.00e-04
2026-06-30 02:38:21,092 | [DYN-LATENT] | INFO | meta_classifier_renewed.model_trainers.meta_trainer | Ep [020/500] T-Acc:  76.0%  V-Acc:  50.0%  V-AUROC: 0.6286  LR: 1.00e-04
2026-06-30 02:38:23,305 | [DYN-LATENT] | INFO | meta_classifier_renewed.model_trainers.meta_trainer | Ep [021/500] T-Acc:  60.0%  V-Acc:  41.7%  V-AUROC: 0.6571  LR: 1.00e-04
2026-06-30 02:38:25,575 | [DYN-LATENT] | INFO | meta_classifier_renewed.model_trainers.meta_trainer | Ep [022/500] T-Acc:  72.0%  V-Acc:  41.7%  V-AUROC: 0.6857  LR: 2.00e-05
2026-06-30 02:38:27,793 | [DYN-LATENT] | INFO | meta_classifier_renewed.model_trainers.meta_trainer | Ep [023/500] T-Acc:  80.0%  V-Acc:  58.3%  V-AUROC: 0.6857  LR: 2.00e-05
2026-06-30 02:38:29,919 | [DYN-LATENT] | INFO | meta_classifier_renewed.model_trainers.meta_trainer | Ep [024/500] T-Acc:  72.0%  V-Acc:  75.0%  V-AUROC: 0.6857  LR: 2.00e-05
2026-06-30 02:38:32,070 | [DYN-LATENT] | INFO | meta_classifier_renewed.model_trainers.meta_trainer | Ep [025/500] T-Acc:  84.0%  V-Acc:  75.0%  V-AUROC: 0.6857  LR: 2.00e-05
2026-06-30 02:38:34,322 | [DYN-LATENT] | INFO | meta_classifier_renewed.model_trainers.meta_trainer | Ep [026/500] T-Acc:  68.0%  V-Acc:  75.0%  V-AUROC: 0.6571  LR: 2.00e-05
2026-06-30 02:38:36,478 | [DYN-LATENT] | INFO | meta_classifier_renewed.model_trainers.meta_trainer | Ep [027/500] T-Acc:  68.0%  V-Acc:  75.0%  V-AUROC: 0.6571  LR: 2.00e-05
2026-06-30 02:38:38,711 | [DYN-LATENT] | INFO | meta_classifier_renewed.model_trainers.meta_trainer | Ep [028/500] T-Acc:  68.0%  V-Acc:  75.0%  V-AUROC: 0.6571  LR: 2.00e-05
2026-06-30 02:38:41,015 | [DYN-LATENT] | INFO | meta_classifier_renewed.model_trainers.meta_trainer | Ep [029/500] T-Acc:  68.0%  V-Acc:  50.0%  V-AUROC: 0.6286  LR: 2.00e-05
2026-06-30 02:38:43,300 | [DYN-LATENT] | INFO | meta_classifier_renewed.model_trainers.meta_trainer | Ep [030/500] T-Acc:  64.0%  V-Acc:  41.7%  V-AUROC: 0.6286  LR: 2.00e-05
2026-06-30 02:38:45,458 | [DYN-LATENT] | INFO | meta_classifier_renewed.model_trainers.meta_trainer | Ep [031/500] T-Acc:  80.0%  V-Acc:  41.7%  V-AUROC: 0.6000  LR: 2.00e-05
2026-06-30 02:38:47,621 | [DYN-LATENT] | INFO | meta_classifier_renewed.model_trainers.meta_trainer | Ep [032/500] T-Acc:  80.0%  V-Acc:  41.7%  V-AUROC: 0.6000  LR: 2.00e-05
2026-06-30 02:38:49,919 | [DYN-LATENT] | INFO | meta_classifier_renewed.model_trainers.meta_trainer | Ep [033/500] T-Acc:  68.0%  V-Acc:  41.7%  V-AUROC: 0.6000  LR: 4.00e-06
2026-06-30 02:38:52,097 | [DYN-LATENT] | INFO | meta_classifier_renewed.model_trainers.meta_trainer | Ep [034/500] T-Acc:  80.0%  V-Acc:  41.7%  V-AUROC: 0.6000  LR: 4.00e-06
2026-06-30 02:38:54,411 | [DYN-LATENT] | INFO | meta_classifier_renewed.model_trainers.meta_trainer | Ep [035/500] T-Acc:  76.0%  V-Acc:  41.7%  V-AUROC: 0.6000  LR: 4.00e-06
2026-06-30 02:38:56,602 | [DYN-LATENT] | INFO | meta_classifier_renewed.model_trainers.meta_trainer | Ep [036/500] T-Acc:  76.0%  V-Acc:  41.7%  V-AUROC: 0.6000  LR: 4.00e-06
2026-06-30 02:38:58,770 | [DYN-LATENT] | INFO | meta_classifier_renewed.model_trainers.meta_trainer | Ep [037/500] T-Acc:  76.0%  V-Acc:  41.7%  V-AUROC: 0.6000  LR: 4.00e-06
2026-06-30 02:39:00,941 | [DYN-LATENT] | INFO | meta_classifier_renewed.model_trainers.meta_trainer | Ep [038/500] T-Acc:  84.0%  V-Acc:  41.7%  V-AUROC: 0.6000  LR: 4.00e-06
2026-06-30 02:39:03,194 | [DYN-LATENT] | INFO | meta_classifier_renewed.model_trainers.meta_trainer | Ep [039/500] T-Acc:  84.0%  V-Acc:  41.7%  V-AUROC: 0.6000  LR: 4.00e-06
2026-06-30 02:39:05,444 | [DYN-LATENT] | INFO | meta_classifier_renewed.model_trainers.meta_trainer | Ep [040/500] T-Acc:  88.0%  V-Acc:  41.7%  V-AUROC: 0.6000  LR: 4.00e-06
2026-06-30 02:39:05,445 | [DYN-LATENT] | INFO | meta_classifier_renewed.model_trainers.meta_trainer | Early stop — best AUROC 0.7143 at epoch 10
2026-06-30 02:39:06,369 | [DYN-LATENT] | INFO | meta_classifier_renewed.evaluators.monte_carlo_evaluator | -> Fold 08 Result | Acc=0.500 Sens=0.857 Spec=0.000 AUROC=0.714
2026-06-30 02:39:06,814 | [DYN-LATENT] | INFO | meta_classifier_renewed.evaluators.monte_carlo_evaluator | === Fold 09/30 | train: 25 subj | test: 12 subj ===
2026-06-30 02:39:09,353 | [DYN-LATENT] | INFO | meta_classifier_renewed.model_trainers.meta_trainer | Ep [001/500] T-Acc:  40.0%  V-Acc:  50.0%  V-AUROC: 0.3333  LR: 2.00e-05
2026-06-30 02:39:11,581 | [DYN-LATENT] | INFO | meta_classifier_renewed.model_trainers.meta_trainer | Ep [002/500] T-Acc:  36.0%  V-Acc:  50.0%  V-AUROC: 0.3056  LR: 4.00e-05
2026-06-30 02:39:14,022 | [DYN-LATENT] | INFO | meta_classifier_renewed.model_trainers.meta_trainer | Ep [003/500] T-Acc:  52.0%  V-Acc:  50.0%  V-AUROC: 0.3611  LR: 6.00e-05
2026-06-30 02:39:16,270 | [DYN-LATENT] | INFO | meta_classifier_renewed.model_trainers.meta_trainer | Ep [004/500] T-Acc:  60.0%  V-Acc:  50.0%  V-AUROC: 0.3611  LR: 8.00e-05
2026-06-30 02:39:18,648 | [DYN-LATENT] | INFO | meta_classifier_renewed.model_trainers.meta_trainer | Ep [005/500] T-Acc:  52.0%  V-Acc:  41.7%  V-AUROC: 0.3889  LR: 1.00e-04
2026-06-30 02:39:20,931 | [DYN-LATENT] | INFO | meta_classifier_renewed.model_trainers.meta_trainer | Ep [006/500] T-Acc:  40.0%  V-Acc:  50.0%  V-AUROC: 0.5000  LR: 1.00e-04
2026-06-30 02:39:23,542 | [DYN-LATENT] | INFO | meta_classifier_renewed.model_trainers.meta_trainer | Ep [007/500] T-Acc:  36.0%  V-Acc:  58.3%  V-AUROC: 0.5278  LR: 1.00e-04
2026-06-30 02:39:26,009 | [DYN-LATENT] | INFO | meta_classifier_renewed.model_trainers.meta_trainer | Ep [008/500] T-Acc:  68.0%  V-Acc:  33.3%  V-AUROC: 0.5556  LR: 1.00e-04
2026-06-30 02:39:28,297 | [DYN-LATENT] | INFO | meta_classifier_renewed.model_trainers.meta_trainer | Ep [009/500] T-Acc:  76.0%  V-Acc:  50.0%  V-AUROC: 0.5000  LR: 1.00e-04
2026-06-30 02:39:30,444 | [DYN-LATENT] | INFO | meta_classifier_renewed.model_trainers.meta_trainer | Ep [010/500] T-Acc:  56.0%  V-Acc:  50.0%  V-AUROC: 0.5556  LR: 1.00e-04
2026-06-30 02:39:32,769 | [DYN-LATENT] | INFO | meta_classifier_renewed.model_trainers.meta_trainer | Ep [011/500] T-Acc:  64.0%  V-Acc:  58.3%  V-AUROC: 0.5833  LR: 1.00e-04
2026-06-30 02:39:35,121 | [DYN-LATENT] | INFO | meta_classifier_renewed.model_trainers.meta_trainer | Ep [012/500] T-Acc:  72.0%  V-Acc:  58.3%  V-AUROC: 0.6944  LR: 1.00e-04
2026-06-30 02:39:37,463 | [DYN-LATENT] | INFO | meta_classifier_renewed.model_trainers.meta_trainer | Ep [013/500] T-Acc:  80.0%  V-Acc:  58.3%  V-AUROC: 0.6667  LR: 1.00e-04
2026-06-30 02:39:39,792 | [DYN-LATENT] | INFO | meta_classifier_renewed.model_trainers.meta_trainer | Ep [014/500] T-Acc:  88.0%  V-Acc:  66.7%  V-AUROC: 0.6944  LR: 1.00e-04
2026-06-30 02:39:42,033 | [DYN-LATENT] | INFO | meta_classifier_renewed.model_trainers.meta_trainer | Ep [015/500] T-Acc:  84.0%  V-Acc:  75.0%  V-AUROC: 0.7778  LR: 1.00e-04
2026-06-30 02:39:44,298 | [DYN-LATENT] | INFO | meta_classifier_renewed.model_trainers.meta_trainer | Ep [016/500] T-Acc:  60.0%  V-Acc:  75.0%  V-AUROC: 0.7778  LR: 1.00e-04
2026-06-30 02:39:46,499 | [DYN-LATENT] | INFO | meta_classifier_renewed.model_trainers.meta_trainer | Ep [017/500] T-Acc:  80.0%  V-Acc:  58.3%  V-AUROC: 0.8056  LR: 1.00e-04
2026-06-30 02:39:48,927 | [DYN-LATENT] | INFO | meta_classifier_renewed.model_trainers.meta_trainer | Ep [018/500] T-Acc:  96.0%  V-Acc:  58.3%  V-AUROC: 0.7778  LR: 1.00e-04
2026-06-30 02:39:51,072 | [DYN-LATENT] | INFO | meta_classifier_renewed.model_trainers.meta_trainer | Ep [019/500] T-Acc:  80.0%  V-Acc:  58.3%  V-AUROC: 0.7778  LR: 1.00e-04
2026-06-30 02:39:53,197 | [DYN-LATENT] | INFO | meta_classifier_renewed.model_trainers.meta_trainer | Ep [020/500] T-Acc:  84.0%  V-Acc:  83.3%  V-AUROC: 0.8056  LR: 1.00e-04
2026-06-30 02:39:55,464 | [DYN-LATENT] | INFO | meta_classifier_renewed.model_trainers.meta_trainer | Ep [021/500] T-Acc:  80.0%  V-Acc:  75.0%  V-AUROC: 0.8056  LR: 1.00e-04
2026-06-30 02:39:57,617 | [DYN-LATENT] | INFO | meta_classifier_renewed.model_trainers.meta_trainer | Ep [022/500] T-Acc:  88.0%  V-Acc:  75.0%  V-AUROC: 0.8056  LR: 1.00e-04
2026-06-30 02:39:59,773 | [DYN-LATENT] | INFO | meta_classifier_renewed.model_trainers.meta_trainer | Ep [023/500] T-Acc:  92.0%  V-Acc:  50.0%  V-AUROC: 0.7222  LR: 1.00e-04
2026-06-30 02:40:01,951 | [DYN-LATENT] | INFO | meta_classifier_renewed.model_trainers.meta_trainer | Ep [024/500] T-Acc:  88.0%  V-Acc:  50.0%  V-AUROC: 0.6944  LR: 1.00e-04
2026-06-30 02:40:04,272 | [DYN-LATENT] | INFO | meta_classifier_renewed.model_trainers.meta_trainer | Ep [025/500] T-Acc:  80.0%  V-Acc:  50.0%  V-AUROC: 0.7222  LR: 1.00e-04
2026-06-30 02:40:06,445 | [DYN-LATENT] | INFO | meta_classifier_renewed.model_trainers.meta_trainer | Ep [026/500] T-Acc:  92.0%  V-Acc:  75.0%  V-AUROC: 0.7778  LR: 1.00e-04
2026-06-30 02:40:08,594 | [DYN-LATENT] | INFO | meta_classifier_renewed.model_trainers.meta_trainer | Ep [027/500] T-Acc:  88.0%  V-Acc:  83.3%  V-AUROC: 0.7778  LR: 1.00e-04
2026-06-30 02:40:10,836 | [DYN-LATENT] | INFO | meta_classifier_renewed.model_trainers.meta_trainer | Ep [028/500] T-Acc: 100.0%  V-Acc:  58.3%  V-AUROC: 0.7500  LR: 1.00e-04
2026-06-30 02:40:13,004 | [DYN-LATENT] | INFO | meta_classifier_renewed.model_trainers.meta_trainer | Ep [029/500] T-Acc:  96.0%  V-Acc:  66.7%  V-AUROC: 0.7500  LR: 2.00e-05
2026-06-30 02:40:15,183 | [DYN-LATENT] | INFO | meta_classifier_renewed.model_trainers.meta_trainer | Ep [030/500] T-Acc:  96.0%  V-Acc:  66.7%  V-AUROC: 0.7500  LR: 2.00e-05
2026-06-30 02:40:17,329 | [DYN-LATENT] | INFO | meta_classifier_renewed.model_trainers.meta_trainer | Ep [031/500] T-Acc:  88.0%  V-Acc:  58.3%  V-AUROC: 0.7222  LR: 2.00e-05
2026-06-30 02:40:19,553 | [DYN-LATENT] | INFO | meta_classifier_renewed.model_trainers.meta_trainer | Ep [032/500] T-Acc: 100.0%  V-Acc:  58.3%  V-AUROC: 0.7222  LR: 2.00e-05
2026-06-30 02:40:21,723 | [DYN-LATENT] | INFO | meta_classifier_renewed.model_trainers.meta_trainer | Ep [033/500] T-Acc:  88.0%  V-Acc:  58.3%  V-AUROC: 0.7222  LR: 2.00e-05
2026-06-30 02:40:23,957 | [DYN-LATENT] | INFO | meta_classifier_renewed.model_trainers.meta_trainer | Ep [034/500] T-Acc:  96.0%  V-Acc:  66.7%  V-AUROC: 0.7222  LR: 2.00e-05
2026-06-30 02:40:26,265 | [DYN-LATENT] | INFO | meta_classifier_renewed.model_trainers.meta_trainer | Ep [035/500] T-Acc:  88.0%  V-Acc:  66.7%  V-AUROC: 0.7222  LR: 2.00e-05
2026-06-30 02:40:28,410 | [DYN-LATENT] | INFO | meta_classifier_renewed.model_trainers.meta_trainer | Ep [036/500] T-Acc: 100.0%  V-Acc:  58.3%  V-AUROC: 0.7500  LR: 2.00e-05
2026-06-30 02:40:30,616 | [DYN-LATENT] | INFO | meta_classifier_renewed.model_trainers.meta_trainer | Ep [037/500] T-Acc:  92.0%  V-Acc:  58.3%  V-AUROC: 0.7500  LR: 2.00e-05
2026-06-30 02:40:32,799 | [DYN-LATENT] | INFO | meta_classifier_renewed.model_trainers.meta_trainer | Ep [038/500] T-Acc:  96.0%  V-Acc:  58.3%  V-AUROC: 0.7500  LR: 2.00e-05
2026-06-30 02:40:34,988 | [DYN-LATENT] | INFO | meta_classifier_renewed.model_trainers.meta_trainer | Ep [039/500] T-Acc:  92.0%  V-Acc:  58.3%  V-AUROC: 0.7500  LR: 2.00e-05
2026-06-30 02:40:37,153 | [DYN-LATENT] | INFO | meta_classifier_renewed.model_trainers.meta_trainer | Ep [040/500] T-Acc: 100.0%  V-Acc:  58.3%  V-AUROC: 0.7500  LR: 4.00e-06
2026-06-30 02:40:39,420 | [DYN-LATENT] | INFO | meta_classifier_renewed.model_trainers.meta_trainer | Ep [041/500] T-Acc: 100.0%  V-Acc:  58.3%  V-AUROC: 0.7500  LR: 4.00e-06
2026-06-30 02:40:41,810 | [DYN-LATENT] | INFO | meta_classifier_renewed.model_trainers.meta_trainer | Ep [042/500] T-Acc: 100.0%  V-Acc:  58.3%  V-AUROC: 0.7500  LR: 4.00e-06
2026-06-30 02:40:44,011 | [DYN-LATENT] | INFO | meta_classifier_renewed.model_trainers.meta_trainer | Ep [043/500] T-Acc:  96.0%  V-Acc:  58.3%  V-AUROC: 0.7500  LR: 4.00e-06
2026-06-30 02:40:46,171 | [DYN-LATENT] | INFO | meta_classifier_renewed.model_trainers.meta_trainer | Ep [044/500] T-Acc:  88.0%  V-Acc:  58.3%  V-AUROC: 0.7222  LR: 4.00e-06
2026-06-30 02:40:48,368 | [DYN-LATENT] | INFO | meta_classifier_renewed.model_trainers.meta_trainer | Ep [045/500] T-Acc:  96.0%  V-Acc:  58.3%  V-AUROC: 0.7222  LR: 4.00e-06
2026-06-30 02:40:50,512 | [DYN-LATENT] | INFO | meta_classifier_renewed.model_trainers.meta_trainer | Ep [046/500] T-Acc: 100.0%  V-Acc:  58.3%  V-AUROC: 0.7222  LR: 4.00e-06
2026-06-30 02:40:52,678 | [DYN-LATENT] | INFO | meta_classifier_renewed.model_trainers.meta_trainer | Ep [047/500] T-Acc: 100.0%  V-Acc:  66.7%  V-AUROC: 0.7222  LR: 4.00e-06
2026-06-30 02:40:52,679 | [DYN-LATENT] | INFO | meta_classifier_renewed.model_trainers.meta_trainer | Early stop — best AUROC 0.8056 at epoch 17
2026-06-30 02:40:53,688 | [DYN-LATENT] | INFO | meta_classifier_renewed.evaluators.monte_carlo_evaluator | -> Fold 09 Result | Acc=0.583 Sens=0.667 Spec=0.500 AUROC=0.806
2026-06-30 02:40:54,148 | [DYN-LATENT] | INFO | meta_classifier_renewed.evaluators.monte_carlo_evaluator | === Fold 10/30 | train: 25 subj | test: 12 subj ===
2026-06-30 02:40:57,030 | [DYN-LATENT] | INFO | meta_classifier_renewed.model_trainers.meta_trainer | Ep [001/500] T-Acc:  52.0%  V-Acc:  66.7%  V-AUROC: 0.7188  LR: 2.00e-05
2026-06-30 02:40:59,561 | [DYN-LATENT] | INFO | meta_classifier_renewed.model_trainers.meta_trainer | Ep [002/500] T-Acc:  56.0%  V-Acc:  66.7%  V-AUROC: 0.7812  LR: 4.00e-05
2026-06-30 02:41:01,859 | [DYN-LATENT] | INFO | meta_classifier_renewed.model_trainers.meta_trainer | Ep [003/500] T-Acc:  56.0%  V-Acc:  66.7%  V-AUROC: 0.7500  LR: 6.00e-05
2026-06-30 02:41:04,584 | [DYN-LATENT] | INFO | meta_classifier_renewed.model_trainers.meta_trainer | Ep [004/500] T-Acc:  56.0%  V-Acc:  33.3%  V-AUROC: 0.7812  LR: 8.00e-05
2026-06-30 02:41:06,758 | [DYN-LATENT] | INFO | meta_classifier_renewed.model_trainers.meta_trainer | Ep [005/500] T-Acc:  20.0%  V-Acc:  33.3%  V-AUROC: 0.7812  LR: 1.00e-04
2026-06-30 02:41:08,986 | [DYN-LATENT] | INFO | meta_classifier_renewed.model_trainers.meta_trainer | Ep [006/500] T-Acc:  52.0%  V-Acc:  83.3%  V-AUROC: 0.7500  LR: 1.00e-04
2026-06-30 02:41:11,326 | [DYN-LATENT] | INFO | meta_classifier_renewed.model_trainers.meta_trainer | Ep [007/500] T-Acc:  60.0%  V-Acc:  66.7%  V-AUROC: 0.7188  LR: 1.00e-04
2026-06-30 02:41:13,478 | [DYN-LATENT] | INFO | meta_classifier_renewed.model_trainers.meta_trainer | Ep [008/500] T-Acc:  48.0%  V-Acc:  66.7%  V-AUROC: 0.6875  LR: 1.00e-04
2026-06-30 02:41:15,672 | [DYN-LATENT] | INFO | meta_classifier_renewed.model_trainers.meta_trainer | Ep [009/500] T-Acc:  52.0%  V-Acc:  50.0%  V-AUROC: 0.7188  LR: 1.00e-04
2026-06-30 02:41:17,861 | [DYN-LATENT] | INFO | meta_classifier_renewed.model_trainers.meta_trainer | Ep [010/500] T-Acc:  60.0%  V-Acc:  50.0%  V-AUROC: 0.7188  LR: 1.00e-04
2026-06-30 02:41:20,082 | [DYN-LATENT] | INFO | meta_classifier_renewed.model_trainers.meta_trainer | Ep [011/500] T-Acc:  56.0%  V-Acc:  83.3%  V-AUROC: 0.7188  LR: 1.00e-04
2026-06-30 02:41:22,229 | [DYN-LATENT] | INFO | meta_classifier_renewed.model_trainers.meta_trainer | Ep [012/500] T-Acc:  68.0%  V-Acc:  83.3%  V-AUROC: 0.7188  LR: 1.00e-04
2026-06-30 02:41:24,443 | [DYN-LATENT] | INFO | meta_classifier_renewed.model_trainers.meta_trainer | Ep [013/500] T-Acc:  60.0%  V-Acc:  66.7%  V-AUROC: 0.7500  LR: 1.00e-04
2026-06-30 02:41:26,575 | [DYN-LATENT] | INFO | meta_classifier_renewed.model_trainers.meta_trainer | Ep [014/500] T-Acc:  68.0%  V-Acc:  83.3%  V-AUROC: 0.7500  LR: 1.00e-04
2026-06-30 02:41:28,706 | [DYN-LATENT] | INFO | meta_classifier_renewed.model_trainers.meta_trainer | Ep [015/500] T-Acc:  48.0%  V-Acc:  41.7%  V-AUROC: 0.7500  LR: 1.00e-04
2026-06-30 02:41:31,052 | [DYN-LATENT] | INFO | meta_classifier_renewed.model_trainers.meta_trainer | Ep [016/500] T-Acc:  76.0%  V-Acc:  41.7%  V-AUROC: 0.7812  LR: 1.00e-04
2026-06-30 02:41:33,325 | [DYN-LATENT] | INFO | meta_classifier_renewed.model_trainers.meta_trainer | Ep [017/500] T-Acc:  40.0%  V-Acc:  58.3%  V-AUROC: 0.8125  LR: 1.00e-04
2026-06-30 02:41:35,637 | [DYN-LATENT] | INFO | meta_classifier_renewed.model_trainers.meta_trainer | Ep [018/500] T-Acc:  40.0%  V-Acc:  75.0%  V-AUROC: 0.8125  LR: 1.00e-04
2026-06-30 02:41:37,802 | [DYN-LATENT] | INFO | meta_classifier_renewed.model_trainers.meta_trainer | Ep [019/500] T-Acc:  68.0%  V-Acc:  66.7%  V-AUROC: 0.8125  LR: 1.00e-04
2026-06-30 02:41:40,173 | [DYN-LATENT] | INFO | meta_classifier_renewed.model_trainers.meta_trainer | Ep [020/500] T-Acc:  56.0%  V-Acc:  91.7%  V-AUROC: 0.8438  LR: 1.00e-04
2026-06-30 02:41:42,459 | [DYN-LATENT] | INFO | meta_classifier_renewed.model_trainers.meta_trainer | Ep [021/500] T-Acc:  64.0%  V-Acc:  50.0%  V-AUROC: 0.8438  LR: 1.00e-04
2026-06-30 02:41:44,611 | [DYN-LATENT] | INFO | meta_classifier_renewed.model_trainers.meta_trainer | Ep [022/500] T-Acc:  52.0%  V-Acc:  91.7%  V-AUROC: 0.8438  LR: 1.00e-04
2026-06-30 02:41:46,744 | [DYN-LATENT] | INFO | meta_classifier_renewed.model_trainers.meta_trainer | Ep [023/500] T-Acc:  72.0%  V-Acc:  75.0%  V-AUROC: 0.8438  LR: 1.00e-04
2026-06-30 02:41:49,084 | [DYN-LATENT] | INFO | meta_classifier_renewed.model_trainers.meta_trainer | Ep [024/500] T-Acc:  76.0%  V-Acc:  83.3%  V-AUROC: 0.8438  LR: 1.00e-04
2026-06-30 02:41:51,343 | [DYN-LATENT] | INFO | meta_classifier_renewed.model_trainers.meta_trainer | Ep [025/500] T-Acc:  64.0%  V-Acc:  91.7%  V-AUROC: 0.8438  LR: 1.00e-04
2026-06-30 02:41:53,492 | [DYN-LATENT] | INFO | meta_classifier_renewed.model_trainers.meta_trainer | Ep [026/500] T-Acc:  72.0%  V-Acc:  83.3%  V-AUROC: 0.8750  LR: 1.00e-04
2026-06-30 02:41:55,849 | [DYN-LATENT] | INFO | meta_classifier_renewed.model_trainers.meta_trainer | Ep [027/500] T-Acc:  88.0%  V-Acc:  83.3%  V-AUROC: 0.9062  LR: 1.00e-04
2026-06-30 02:41:58,192 | [DYN-LATENT] | INFO | meta_classifier_renewed.model_trainers.meta_trainer | Ep [028/500] T-Acc:  84.0%  V-Acc:  66.7%  V-AUROC: 0.9062  LR: 1.00e-04
2026-06-30 02:42:00,337 | [DYN-LATENT] | INFO | meta_classifier_renewed.model_trainers.meta_trainer | Ep [029/500] T-Acc:  80.0%  V-Acc:  83.3%  V-AUROC: 0.9062  LR: 1.00e-04
2026-06-30 02:42:02,598 | [DYN-LATENT] | INFO | meta_classifier_renewed.model_trainers.meta_trainer | Ep [030/500] T-Acc:  84.0%  V-Acc:  83.3%  V-AUROC: 0.9062  LR: 1.00e-04
2026-06-30 02:42:04,823 | [DYN-LATENT] | INFO | meta_classifier_renewed.model_trainers.meta_trainer | Ep [031/500] T-Acc:  96.0%  V-Acc:  91.7%  V-AUROC: 0.8750  LR: 1.00e-04
2026-06-30 02:42:06,980 | [DYN-LATENT] | INFO | meta_classifier_renewed.model_trainers.meta_trainer | Ep [032/500] T-Acc:  88.0%  V-Acc:  83.3%  V-AUROC: 0.9062  LR: 1.00e-04
2026-06-30 02:42:09,264 | [DYN-LATENT] | INFO | meta_classifier_renewed.model_trainers.meta_trainer | Ep [033/500] T-Acc:  92.0%  V-Acc:  83.3%  V-AUROC: 0.9062  LR: 1.00e-04
2026-06-30 02:42:11,555 | [DYN-LATENT] | INFO | meta_classifier_renewed.model_trainers.meta_trainer | Ep [034/500] T-Acc:  88.0%  V-Acc:  91.7%  V-AUROC: 0.9062  LR: 1.00e-04
2026-06-30 02:42:13,720 | [DYN-LATENT] | INFO | meta_classifier_renewed.model_trainers.meta_trainer | Ep [035/500] T-Acc:  92.0%  V-Acc:  91.7%  V-AUROC: 0.8438  LR: 1.00e-04
2026-06-30 02:42:15,879 | [DYN-LATENT] | INFO | meta_classifier_renewed.model_trainers.meta_trainer | Ep [036/500] T-Acc:  92.0%  V-Acc:  83.3%  V-AUROC: 0.8438  LR: 1.00e-04
2026-06-30 02:42:18,098 | [DYN-LATENT] | INFO | meta_classifier_renewed.model_trainers.meta_trainer | Ep [037/500] T-Acc:  92.0%  V-Acc:  58.3%  V-AUROC: 0.8750  LR: 1.00e-04
2026-06-30 02:42:20,294 | [DYN-LATENT] | INFO | meta_classifier_renewed.model_trainers.meta_trainer | Ep [038/500] T-Acc:  76.0%  V-Acc:  58.3%  V-AUROC: 0.8750  LR: 1.00e-04
2026-06-30 02:42:22,414 | [DYN-LATENT] | INFO | meta_classifier_renewed.model_trainers.meta_trainer | Ep [039/500] T-Acc:  80.0%  V-Acc:  58.3%  V-AUROC: 0.8750  LR: 2.00e-05
2026-06-30 02:42:24,630 | [DYN-LATENT] | INFO | meta_classifier_renewed.model_trainers.meta_trainer | Ep [040/500] T-Acc:  84.0%  V-Acc:  58.3%  V-AUROC: 0.8438  LR: 2.00e-05
2026-06-30 02:42:26,805 | [DYN-LATENT] | INFO | meta_classifier_renewed.model_trainers.meta_trainer | Ep [041/500] T-Acc:  96.0%  V-Acc:  83.3%  V-AUROC: 0.8438  LR: 2.00e-05
2026-06-30 02:42:28,962 | [DYN-LATENT] | INFO | meta_classifier_renewed.model_trainers.meta_trainer | Ep [042/500] T-Acc:  92.0%  V-Acc:  83.3%  V-AUROC: 0.8438  LR: 2.00e-05
2026-06-30 02:42:31,173 | [DYN-LATENT] | INFO | meta_classifier_renewed.model_trainers.meta_trainer | Ep [043/500] T-Acc: 100.0%  V-Acc:  91.7%  V-AUROC: 0.8438  LR: 2.00e-05
2026-06-30 02:42:33,431 | [DYN-LATENT] | INFO | meta_classifier_renewed.model_trainers.meta_trainer | Ep [044/500] T-Acc:  96.0%  V-Acc:  91.7%  V-AUROC: 0.8438  LR: 2.00e-05
2026-06-30 02:42:35,602 | [DYN-LATENT] | INFO | meta_classifier_renewed.model_trainers.meta_trainer | Ep [045/500] T-Acc:  96.0%  V-Acc:  91.7%  V-AUROC: 0.8438  LR: 2.00e-05
2026-06-30 02:42:37,814 | [DYN-LATENT] | INFO | meta_classifier_renewed.model_trainers.meta_trainer | Ep [046/500] T-Acc: 100.0%  V-Acc:  83.3%  V-AUROC: 0.8438  LR: 2.00e-05
2026-06-30 02:42:40,039 | [DYN-LATENT] | INFO | meta_classifier_renewed.model_trainers.meta_trainer | Ep [047/500] T-Acc: 100.0%  V-Acc:  83.3%  V-AUROC: 0.8438  LR: 2.00e-05
2026-06-30 02:42:42,180 | [DYN-LATENT] | INFO | meta_classifier_renewed.model_trainers.meta_trainer | Ep [048/500] T-Acc: 100.0%  V-Acc:  83.3%  V-AUROC: 0.8438  LR: 2.00e-05
2026-06-30 02:42:44,298 | [DYN-LATENT] | INFO | meta_classifier_renewed.model_trainers.meta_trainer | Ep [049/500] T-Acc: 100.0%  V-Acc:  83.3%  V-AUROC: 0.8438  LR: 2.00e-05
2026-06-30 02:42:46,440 | [DYN-LATENT] | INFO | meta_classifier_renewed.model_trainers.meta_trainer | Ep [050/500] T-Acc:  96.0%  V-Acc:  83.3%  V-AUROC: 0.8438  LR: 4.00e-06
2026-06-30 02:42:48,735 | [DYN-LATENT] | INFO | meta_classifier_renewed.model_trainers.meta_trainer | Ep [051/500] T-Acc:  96.0%  V-Acc:  83.3%  V-AUROC: 0.8438  LR: 4.00e-06
2026-06-30 02:42:50,883 | [DYN-LATENT] | INFO | meta_classifier_renewed.model_trainers.meta_trainer | Ep [052/500] T-Acc:  96.0%  V-Acc:  83.3%  V-AUROC: 0.8438  LR: 4.00e-06
2026-06-30 02:42:53,063 | [DYN-LATENT] | INFO | meta_classifier_renewed.model_trainers.meta_trainer | Ep [053/500] T-Acc:  96.0%  V-Acc:  83.3%  V-AUROC: 0.8438  LR: 4.00e-06
2026-06-30 02:42:55,264 | [DYN-LATENT] | INFO | meta_classifier_renewed.model_trainers.meta_trainer | Ep [054/500] T-Acc: 100.0%  V-Acc:  83.3%  V-AUROC: 0.8438  LR: 4.00e-06
2026-06-30 02:42:57,435 | [DYN-LATENT] | INFO | meta_classifier_renewed.model_trainers.meta_trainer | Ep [055/500] T-Acc:  96.0%  V-Acc:  83.3%  V-AUROC: 0.8438  LR: 4.00e-06
2026-06-30 02:42:59,681 | [DYN-LATENT] | INFO | meta_classifier_renewed.model_trainers.meta_trainer | Ep [056/500] T-Acc: 100.0%  V-Acc:  83.3%  V-AUROC: 0.8438  LR: 4.00e-06
2026-06-30 02:43:01,866 | [DYN-LATENT] | INFO | meta_classifier_renewed.model_trainers.meta_trainer | Ep [057/500] T-Acc:  96.0%  V-Acc:  83.3%  V-AUROC: 0.8438  LR: 4.00e-06
2026-06-30 02:43:01,867 | [DYN-LATENT] | INFO | meta_classifier_renewed.model_trainers.meta_trainer | Early stop — best AUROC 0.9062 at epoch 27
2026-06-30 02:43:03,023 | [DYN-LATENT] | INFO | meta_classifier_renewed.evaluators.monte_carlo_evaluator | -> Fold 10 Result | Acc=0.833 Sens=0.875 Spec=0.750 AUROC=0.906
2026-06-30 02:43:03,547 | [DYN-LATENT] | INFO | meta_classifier_renewed.evaluators.monte_carlo_evaluator | === Fold 11/30 | train: 25 subj | test: 12 subj ===
2026-06-30 02:43:05,966 | [DYN-LATENT] | INFO | meta_classifier_renewed.model_trainers.meta_trainer | Ep [001/500] T-Acc:  72.0%  V-Acc:  50.0%  V-AUROC: 0.5556  LR: 2.00e-05
2026-06-30 02:43:08,284 | [DYN-LATENT] | INFO | meta_classifier_renewed.model_trainers.meta_trainer | Ep [002/500] T-Acc:  64.0%  V-Acc:  50.0%  V-AUROC: 0.5000  LR: 4.00e-05
2026-06-30 02:43:10,625 | [DYN-LATENT] | INFO | meta_classifier_renewed.model_trainers.meta_trainer | Ep [003/500] T-Acc:  52.0%  V-Acc:  50.0%  V-AUROC: 0.4444  LR: 6.00e-05
2026-06-30 02:43:12,850 | [DYN-LATENT] | INFO | meta_classifier_renewed.model_trainers.meta_trainer | Ep [004/500] T-Acc:  60.0%  V-Acc:  50.0%  V-AUROC: 0.4444  LR: 8.00e-05
2026-06-30 02:43:15,033 | [DYN-LATENT] | INFO | meta_classifier_renewed.model_trainers.meta_trainer | Ep [005/500] T-Acc:  60.0%  V-Acc:  50.0%  V-AUROC: 0.4167  LR: 1.00e-04
2026-06-30 02:43:17,219 | [DYN-LATENT] | INFO | meta_classifier_renewed.model_trainers.meta_trainer | Ep [006/500] T-Acc:  64.0%  V-Acc:  41.7%  V-AUROC: 0.5000  LR: 1.00e-04
2026-06-30 02:43:19,500 | [DYN-LATENT] | INFO | meta_classifier_renewed.model_trainers.meta_trainer | Ep [007/500] T-Acc:  72.0%  V-Acc:  50.0%  V-AUROC: 0.5278  LR: 1.00e-04
2026-06-30 02:43:21,654 | [DYN-LATENT] | INFO | meta_classifier_renewed.model_trainers.meta_trainer | Ep [008/500] T-Acc:  68.0%  V-Acc:  41.7%  V-AUROC: 0.4722  LR: 1.00e-04
2026-06-30 02:43:23,790 | [DYN-LATENT] | INFO | meta_classifier_renewed.model_trainers.meta_trainer | Ep [009/500] T-Acc:  76.0%  V-Acc:  50.0%  V-AUROC: 0.4722  LR: 1.00e-04
2026-06-30 02:43:26,043 | [DYN-LATENT] | INFO | meta_classifier_renewed.model_trainers.meta_trainer | Ep [010/500] T-Acc:  48.0%  V-Acc:  58.3%  V-AUROC: 0.4722  LR: 1.00e-04
2026-06-30 02:43:28,248 | [DYN-LATENT] | INFO | meta_classifier_renewed.model_trainers.meta_trainer | Ep [011/500] T-Acc:  64.0%  V-Acc:  58.3%  V-AUROC: 0.5000  LR: 1.00e-04
2026-06-30 02:43:30,375 | [DYN-LATENT] | INFO | meta_classifier_renewed.model_trainers.meta_trainer | Ep [012/500] T-Acc:  60.0%  V-Acc:  50.0%  V-AUROC: 0.5000  LR: 1.00e-04
2026-06-30 02:43:32,511 | [DYN-LATENT] | INFO | meta_classifier_renewed.model_trainers.meta_trainer | Ep [013/500] T-Acc:  68.0%  V-Acc:  41.7%  V-AUROC: 0.4722  LR: 1.00e-04
2026-06-30 02:43:34,717 | [DYN-LATENT] | INFO | meta_classifier_renewed.model_trainers.meta_trainer | Ep [014/500] T-Acc:  56.0%  V-Acc:  33.3%  V-AUROC: 0.3889  LR: 1.00e-04
2026-06-30 02:43:36,908 | [DYN-LATENT] | INFO | meta_classifier_renewed.model_trainers.meta_trainer | Ep [015/500] T-Acc:  72.0%  V-Acc:  41.7%  V-AUROC: 0.4444  LR: 1.00e-04
2026-06-30 02:43:39,118 | [DYN-LATENT] | INFO | meta_classifier_renewed.model_trainers.meta_trainer | Ep [016/500] T-Acc:  72.0%  V-Acc:  58.3%  V-AUROC: 0.4722  LR: 1.00e-04
2026-06-30 02:43:41,401 | [DYN-LATENT] | INFO | meta_classifier_renewed.model_trainers.meta_trainer | Ep [017/500] T-Acc:  72.0%  V-Acc:  41.7%  V-AUROC: 0.4722  LR: 1.00e-04
2026-06-30 02:43:43,587 | [DYN-LATENT] | INFO | meta_classifier_renewed.model_trainers.meta_trainer | Ep [018/500] T-Acc:  80.0%  V-Acc:  41.7%  V-AUROC: 0.4722  LR: 1.00e-04
2026-06-30 02:43:45,759 | [DYN-LATENT] | INFO | meta_classifier_renewed.model_trainers.meta_trainer | Ep [019/500] T-Acc:  80.0%  V-Acc:  33.3%  V-AUROC: 0.4722  LR: 2.00e-05
2026-06-30 02:43:48,030 | [DYN-LATENT] | INFO | meta_classifier_renewed.model_trainers.meta_trainer | Ep [020/500] T-Acc:  84.0%  V-Acc:  41.7%  V-AUROC: 0.4722  LR: 2.00e-05
2026-06-30 02:43:50,244 | [DYN-LATENT] | INFO | meta_classifier_renewed.model_trainers.meta_trainer | Ep [021/500] T-Acc:  92.0%  V-Acc:  33.3%  V-AUROC: 0.4722  LR: 2.00e-05
2026-06-30 02:43:52,397 | [DYN-LATENT] | INFO | meta_classifier_renewed.model_trainers.meta_trainer | Ep [022/500] T-Acc:  84.0%  V-Acc:  50.0%  V-AUROC: 0.4722  LR: 2.00e-05
2026-06-30 02:43:54,709 | [DYN-LATENT] | INFO | meta_classifier_renewed.model_trainers.meta_trainer | Ep [023/500] T-Acc:  80.0%  V-Acc:  50.0%  V-AUROC: 0.4722  LR: 2.00e-05
2026-06-30 02:43:56,879 | [DYN-LATENT] | INFO | meta_classifier_renewed.model_trainers.meta_trainer | Ep [024/500] T-Acc:  68.0%  V-Acc:  58.3%  V-AUROC: 0.4722  LR: 2.00e-05
2026-06-30 02:43:59,048 | [DYN-LATENT] | INFO | meta_classifier_renewed.model_trainers.meta_trainer | Ep [025/500] T-Acc:  64.0%  V-Acc:  50.0%  V-AUROC: 0.4722  LR: 2.00e-05
2026-06-30 02:44:01,240 | [DYN-LATENT] | INFO | meta_classifier_renewed.model_trainers.meta_trainer | Ep [026/500] T-Acc:  84.0%  V-Acc:  41.7%  V-AUROC: 0.4722  LR: 2.00e-05
2026-06-30 02:44:03,430 | [DYN-LATENT] | INFO | meta_classifier_renewed.model_trainers.meta_trainer | Ep [027/500] T-Acc:  84.0%  V-Acc:  41.7%  V-AUROC: 0.4722  LR: 2.00e-05
2026-06-30 02:44:05,557 | [DYN-LATENT] | INFO | meta_classifier_renewed.model_trainers.meta_trainer | Ep [028/500] T-Acc:  88.0%  V-Acc:  50.0%  V-AUROC: 0.4722  LR: 2.00e-05
2026-06-30 02:44:07,693 | [DYN-LATENT] | INFO | meta_classifier_renewed.model_trainers.meta_trainer | Ep [029/500] T-Acc:  80.0%  V-Acc:  50.0%  V-AUROC: 0.4722  LR: 2.00e-05
2026-06-30 02:44:09,971 | [DYN-LATENT] | INFO | meta_classifier_renewed.model_trainers.meta_trainer | Ep [030/500] T-Acc:  76.0%  V-Acc:  50.0%  V-AUROC: 0.4722  LR: 4.00e-06
2026-06-30 02:44:12,115 | [DYN-LATENT] | INFO | meta_classifier_renewed.model_trainers.meta_trainer | Ep [031/500] T-Acc:  80.0%  V-Acc:  50.0%  V-AUROC: 0.4722  LR: 4.00e-06
2026-06-30 02:44:12,115 | [DYN-LATENT] | INFO | meta_classifier_renewed.model_trainers.meta_trainer | Early stop — best AUROC 0.5556 at epoch 1
2026-06-30 02:44:13,010 | [DYN-LATENT] | INFO | meta_classifier_renewed.evaluators.monte_carlo_evaluator | -> Fold 11 Result | Acc=0.500 Sens=1.000 Spec=0.000 AUROC=0.556
2026-06-30 02:44:13,208 | [DYN-LATENT] | INFO | meta_classifier_renewed.evaluators.monte_carlo_evaluator | === Fold 12/30 | train: 25 subj | test: 12 subj ===
2026-06-30 02:44:15,807 | [DYN-LATENT] | INFO | meta_classifier_renewed.model_trainers.meta_trainer | Ep [001/500] T-Acc:  40.0%  V-Acc:  41.7%  V-AUROC: 0.5143  LR: 2.00e-05
2026-06-30 02:44:18,273 | [DYN-LATENT] | INFO | meta_classifier_renewed.model_trainers.meta_trainer | Ep [002/500] T-Acc:  40.0%  V-Acc:  50.0%  V-AUROC: 0.3429  LR: 4.00e-05
2026-06-30 02:44:20,838 | [DYN-LATENT] | INFO | meta_classifier_renewed.model_trainers.meta_trainer | Ep [003/500] T-Acc:  56.0%  V-Acc:  58.3%  V-AUROC: 0.3714  LR: 6.00e-05
2026-06-30 02:44:22,988 | [DYN-LATENT] | INFO | meta_classifier_renewed.model_trainers.meta_trainer | Ep [004/500] T-Acc:  64.0%  V-Acc:  58.3%  V-AUROC: 0.4857  LR: 8.00e-05
2026-06-30 02:44:25,294 | [DYN-LATENT] | INFO | meta_classifier_renewed.model_trainers.meta_trainer | Ep [005/500] T-Acc:  64.0%  V-Acc:  66.7%  V-AUROC: 0.6000  LR: 1.00e-04
2026-06-30 02:44:27,627 | [DYN-LATENT] | INFO | meta_classifier_renewed.model_trainers.meta_trainer | Ep [006/500] T-Acc:  56.0%  V-Acc:  50.0%  V-AUROC: 0.6571  LR: 1.00e-04
2026-06-30 02:44:30,159 | [DYN-LATENT] | INFO | meta_classifier_renewed.model_trainers.meta_trainer | Ep [007/500] T-Acc:  52.0%  V-Acc:  58.3%  V-AUROC: 0.6571  LR: 1.00e-04
2026-06-30 02:44:32,301 | [DYN-LATENT] | INFO | meta_classifier_renewed.model_trainers.meta_trainer | Ep [008/500] T-Acc:  36.0%  V-Acc:  58.3%  V-AUROC: 0.6857  LR: 1.00e-04
2026-06-30 02:44:34,807 | [DYN-LATENT] | INFO | meta_classifier_renewed.model_trainers.meta_trainer | Ep [009/500] T-Acc:  72.0%  V-Acc:  66.7%  V-AUROC: 0.6857  LR: 1.00e-04
2026-06-30 02:44:37,020 | [DYN-LATENT] | INFO | meta_classifier_renewed.model_trainers.meta_trainer | Ep [010/500] T-Acc:  56.0%  V-Acc:  75.0%  V-AUROC: 0.6571  LR: 1.00e-04
2026-06-30 02:44:39,323 | [DYN-LATENT] | INFO | meta_classifier_renewed.model_trainers.meta_trainer | Ep [011/500] T-Acc:  68.0%  V-Acc:  75.0%  V-AUROC: 0.6571  LR: 1.00e-04
2026-06-30 02:44:41,621 | [DYN-LATENT] | INFO | meta_classifier_renewed.model_trainers.meta_trainer | Ep [012/500] T-Acc:  68.0%  V-Acc:  58.3%  V-AUROC: 0.6857  LR: 1.00e-04
2026-06-30 02:44:43,844 | [DYN-LATENT] | INFO | meta_classifier_renewed.model_trainers.meta_trainer | Ep [013/500] T-Acc:  72.0%  V-Acc:  58.3%  V-AUROC: 0.6857  LR: 1.00e-04
2026-06-30 02:44:46,019 | [DYN-LATENT] | INFO | meta_classifier_renewed.model_trainers.meta_trainer | Ep [014/500] T-Acc:  52.0%  V-Acc:  66.7%  V-AUROC: 0.6857  LR: 1.00e-04
2026-06-30 02:44:48,352 | [DYN-LATENT] | INFO | meta_classifier_renewed.model_trainers.meta_trainer | Ep [015/500] T-Acc:  68.0%  V-Acc:  75.0%  V-AUROC: 0.6857  LR: 1.00e-04
2026-06-30 02:44:50,502 | [DYN-LATENT] | INFO | meta_classifier_renewed.model_trainers.meta_trainer | Ep [016/500] T-Acc:  60.0%  V-Acc:  58.3%  V-AUROC: 0.6857  LR: 1.00e-04
2026-06-30 02:44:52,715 | [DYN-LATENT] | INFO | meta_classifier_renewed.model_trainers.meta_trainer | Ep [017/500] T-Acc:  68.0%  V-Acc:  66.7%  V-AUROC: 0.6857  LR: 1.00e-04
2026-06-30 02:44:54,877 | [DYN-LATENT] | INFO | meta_classifier_renewed.model_trainers.meta_trainer | Ep [018/500] T-Acc:  56.0%  V-Acc:  58.3%  V-AUROC: 0.6857  LR: 1.00e-04
2026-06-30 02:44:57,007 | [DYN-LATENT] | INFO | meta_classifier_renewed.model_trainers.meta_trainer | Ep [019/500] T-Acc:  64.0%  V-Acc:  58.3%  V-AUROC: 0.6571  LR: 1.00e-04
2026-06-30 02:44:59,283 | [DYN-LATENT] | INFO | meta_classifier_renewed.model_trainers.meta_trainer | Ep [020/500] T-Acc:  84.0%  V-Acc:  58.3%  V-AUROC: 0.6571  LR: 2.00e-05
2026-06-30 02:45:01,460 | [DYN-LATENT] | INFO | meta_classifier_renewed.model_trainers.meta_trainer | Ep [021/500] T-Acc:  80.0%  V-Acc:  66.7%  V-AUROC: 0.6857  LR: 2.00e-05
2026-06-30 02:45:03,678 | [DYN-LATENT] | INFO | meta_classifier_renewed.model_trainers.meta_trainer | Ep [022/500] T-Acc:  80.0%  V-Acc:  66.7%  V-AUROC: 0.6857  LR: 2.00e-05
2026-06-30 02:45:05,853 | [DYN-LATENT] | INFO | meta_classifier_renewed.model_trainers.meta_trainer | Ep [023/500] T-Acc:  72.0%  V-Acc:  58.3%  V-AUROC: 0.6571  LR: 2.00e-05
2026-06-30 02:45:08,013 | [DYN-LATENT] | INFO | meta_classifier_renewed.model_trainers.meta_trainer | Ep [024/500] T-Acc:  80.0%  V-Acc:  58.3%  V-AUROC: 0.6571  LR: 2.00e-05
2026-06-30 02:45:10,263 | [DYN-LATENT] | INFO | meta_classifier_renewed.model_trainers.meta_trainer | Ep [025/500] T-Acc:  80.0%  V-Acc:  58.3%  V-AUROC: 0.6571  LR: 2.00e-05
2026-06-30 02:45:12,486 | [DYN-LATENT] | INFO | meta_classifier_renewed.model_trainers.meta_trainer | Ep [026/500] T-Acc:  88.0%  V-Acc:  66.7%  V-AUROC: 0.6571  LR: 2.00e-05
2026-06-30 02:45:14,680 | [DYN-LATENT] | INFO | meta_classifier_renewed.model_trainers.meta_trainer | Ep [027/500] T-Acc:  84.0%  V-Acc:  75.0%  V-AUROC: 0.6286  LR: 2.00e-05
2026-06-30 02:45:16,876 | [DYN-LATENT] | INFO | meta_classifier_renewed.model_trainers.meta_trainer | Ep [028/500] T-Acc:  72.0%  V-Acc:  75.0%  V-AUROC: 0.6286  LR: 2.00e-05
2026-06-30 02:45:19,000 | [DYN-LATENT] | INFO | meta_classifier_renewed.model_trainers.meta_trainer | Ep [029/500] T-Acc:  80.0%  V-Acc:  75.0%  V-AUROC: 0.6286  LR: 2.00e-05
2026-06-30 02:45:21,182 | [DYN-LATENT] | INFO | meta_classifier_renewed.model_trainers.meta_trainer | Ep [030/500] T-Acc:  80.0%  V-Acc:  75.0%  V-AUROC: 0.6286  LR: 2.00e-05
2026-06-30 02:45:23,328 | [DYN-LATENT] | INFO | meta_classifier_renewed.model_trainers.meta_trainer | Ep [031/500] T-Acc:  80.0%  V-Acc:  75.0%  V-AUROC: 0.6571  LR: 4.00e-06
2026-06-30 02:45:25,600 | [DYN-LATENT] | INFO | meta_classifier_renewed.model_trainers.meta_trainer | Ep [032/500] T-Acc:  80.0%  V-Acc:  75.0%  V-AUROC: 0.6571  LR: 4.00e-06
2026-06-30 02:45:27,751 | [DYN-LATENT] | INFO | meta_classifier_renewed.model_trainers.meta_trainer | Ep [033/500] T-Acc:  84.0%  V-Acc:  75.0%  V-AUROC: 0.6571  LR: 4.00e-06
2026-06-30 02:45:29,882 | [DYN-LATENT] | INFO | meta_classifier_renewed.model_trainers.meta_trainer | Ep [034/500] T-Acc:  84.0%  V-Acc:  66.7%  V-AUROC: 0.6571  LR: 4.00e-06
2026-06-30 02:45:32,099 | [DYN-LATENT] | INFO | meta_classifier_renewed.model_trainers.meta_trainer | Ep [035/500] T-Acc:  88.0%  V-Acc:  66.7%  V-AUROC: 0.6571  LR: 4.00e-06
2026-06-30 02:45:34,353 | [DYN-LATENT] | INFO | meta_classifier_renewed.model_trainers.meta_trainer | Ep [036/500] T-Acc:  88.0%  V-Acc:  66.7%  V-AUROC: 0.6857  LR: 4.00e-06
2026-06-30 02:45:36,532 | [DYN-LATENT] | INFO | meta_classifier_renewed.model_trainers.meta_trainer | Ep [037/500] T-Acc:  68.0%  V-Acc:  66.7%  V-AUROC: 0.6857  LR: 4.00e-06
2026-06-30 02:45:38,696 | [DYN-LATENT] | INFO | meta_classifier_renewed.model_trainers.meta_trainer | Ep [038/500] T-Acc:  84.0%  V-Acc:  66.7%  V-AUROC: 0.6857  LR: 4.00e-06
2026-06-30 02:45:38,696 | [DYN-LATENT] | INFO | meta_classifier_renewed.model_trainers.meta_trainer | Early stop — best AUROC 0.6857 at epoch 8
2026-06-30 02:45:39,705 | [DYN-LATENT] | INFO | meta_classifier_renewed.evaluators.monte_carlo_evaluator | -> Fold 12 Result | Acc=0.583 Sens=0.571 Spec=0.600 AUROC=0.686
2026-06-30 02:45:40,106 | [DYN-LATENT] | INFO | meta_classifier_renewed.evaluators.monte_carlo_evaluator | === Fold 13/30 | train: 25 subj | test: 12 subj ===
2026-06-30 02:45:42,687 | [DYN-LATENT] | INFO | meta_classifier_renewed.model_trainers.meta_trainer | Ep [001/500] T-Acc:  32.0%  V-Acc:  58.3%  V-AUROC: 0.8286  LR: 2.00e-05
2026-06-30 02:45:44,983 | [DYN-LATENT] | INFO | meta_classifier_renewed.model_trainers.meta_trainer | Ep [002/500] T-Acc:  44.0%  V-Acc:  83.3%  V-AUROC: 0.8000  LR: 4.00e-05
2026-06-30 02:45:47,123 | [DYN-LATENT] | INFO | meta_classifier_renewed.model_trainers.meta_trainer | Ep [003/500] T-Acc:  44.0%  V-Acc:  50.0%  V-AUROC: 0.7429  LR: 6.00e-05
2026-06-30 02:45:49,910 | [DYN-LATENT] | INFO | meta_classifier_renewed.model_trainers.meta_trainer | Ep [004/500] T-Acc:  52.0%  V-Acc:  41.7%  V-AUROC: 0.4857  LR: 8.00e-05
2026-06-30 02:45:52,100 | [DYN-LATENT] | INFO | meta_classifier_renewed.model_trainers.meta_trainer | Ep [005/500] T-Acc:  56.0%  V-Acc:  41.7%  V-AUROC: 0.2571  LR: 1.00e-04
2026-06-30 02:45:54,289 | [DYN-LATENT] | INFO | meta_classifier_renewed.model_trainers.meta_trainer | Ep [006/500] T-Acc:  68.0%  V-Acc:  41.7%  V-AUROC: 0.2571  LR: 1.00e-04
2026-06-30 02:45:56,501 | [DYN-LATENT] | INFO | meta_classifier_renewed.model_trainers.meta_trainer | Ep [007/500] T-Acc:  56.0%  V-Acc:  33.3%  V-AUROC: 0.2286  LR: 1.00e-04
2026-06-30 02:45:58,623 | [DYN-LATENT] | INFO | meta_classifier_renewed.model_trainers.meta_trainer | Ep [008/500] T-Acc:  68.0%  V-Acc:  25.0%  V-AUROC: 0.2286  LR: 1.00e-04
2026-06-30 02:46:00,781 | [DYN-LATENT] | INFO | meta_classifier_renewed.model_trainers.meta_trainer | Ep [009/500] T-Acc:  64.0%  V-Acc:  41.7%  V-AUROC: 0.2571  LR: 1.00e-04
2026-06-30 02:46:02,977 | [DYN-LATENT] | INFO | meta_classifier_renewed.model_trainers.meta_trainer | Ep [010/500] T-Acc:  56.0%  V-Acc:  50.0%  V-AUROC: 0.4286  LR: 1.00e-04
2026-06-30 02:46:05,307 | [DYN-LATENT] | INFO | meta_classifier_renewed.model_trainers.meta_trainer | Ep [011/500] T-Acc:  64.0%  V-Acc:  50.0%  V-AUROC: 0.4857  LR: 1.00e-04
2026-06-30 02:46:07,479 | [DYN-LATENT] | INFO | meta_classifier_renewed.model_trainers.meta_trainer | Ep [012/500] T-Acc:  52.0%  V-Acc:  58.3%  V-AUROC: 0.5143  LR: 1.00e-04
2026-06-30 02:46:09,732 | [DYN-LATENT] | INFO | meta_classifier_renewed.model_trainers.meta_trainer | Ep [013/500] T-Acc:  80.0%  V-Acc:  58.3%  V-AUROC: 0.5143  LR: 1.00e-04
2026-06-30 02:46:11,910 | [DYN-LATENT] | INFO | meta_classifier_renewed.model_trainers.meta_trainer | Ep [014/500] T-Acc:  76.0%  V-Acc:  50.0%  V-AUROC: 0.4857  LR: 1.00e-04
2026-06-30 02:46:14,046 | [DYN-LATENT] | INFO | meta_classifier_renewed.model_trainers.meta_trainer | Ep [015/500] T-Acc:  80.0%  V-Acc:  50.0%  V-AUROC: 0.5143  LR: 1.00e-04
2026-06-30 02:46:16,186 | [DYN-LATENT] | INFO | meta_classifier_renewed.model_trainers.meta_trainer | Ep [016/500] T-Acc:  64.0%  V-Acc:  50.0%  V-AUROC: 0.4571  LR: 1.00e-04
2026-06-30 02:46:18,436 | [DYN-LATENT] | INFO | meta_classifier_renewed.model_trainers.meta_trainer | Ep [017/500] T-Acc:  80.0%  V-Acc:  41.7%  V-AUROC: 0.5143  LR: 1.00e-04
2026-06-30 02:46:20,946 | [DYN-LATENT] | INFO | meta_classifier_renewed.model_trainers.meta_trainer | Ep [018/500] T-Acc:  76.0%  V-Acc:  41.7%  V-AUROC: 0.5429  LR: 1.00e-04
2026-06-30 02:46:23,108 | [DYN-LATENT] | INFO | meta_classifier_renewed.model_trainers.meta_trainer | Ep [019/500] T-Acc:  68.0%  V-Acc:  58.3%  V-AUROC: 0.5143  LR: 1.00e-04
2026-06-30 02:46:25,287 | [DYN-LATENT] | INFO | meta_classifier_renewed.model_trainers.meta_trainer | Ep [020/500] T-Acc:  76.0%  V-Acc:  58.3%  V-AUROC: 0.6000  LR: 1.00e-04
2026-06-30 02:46:27,417 | [DYN-LATENT] | INFO | meta_classifier_renewed.model_trainers.meta_trainer | Ep [021/500] T-Acc:  76.0%  V-Acc:  50.0%  V-AUROC: 0.6000  LR: 1.00e-04
2026-06-30 02:46:29,643 | [DYN-LATENT] | INFO | meta_classifier_renewed.model_trainers.meta_trainer | Ep [022/500] T-Acc:  80.0%  V-Acc:  66.7%  V-AUROC: 0.6000  LR: 1.00e-04
2026-06-30 02:46:31,846 | [DYN-LATENT] | INFO | meta_classifier_renewed.model_trainers.meta_trainer | Ep [023/500] T-Acc:  84.0%  V-Acc:  58.3%  V-AUROC: 0.6000  LR: 1.00e-04
2026-06-30 02:46:34,065 | [DYN-LATENT] | INFO | meta_classifier_renewed.model_trainers.meta_trainer | Ep [024/500] T-Acc:  72.0%  V-Acc:  66.7%  V-AUROC: 0.6857  LR: 1.00e-04
2026-06-30 02:46:36,221 | [DYN-LATENT] | INFO | meta_classifier_renewed.model_trainers.meta_trainer | Ep [025/500] T-Acc:  76.0%  V-Acc:  66.7%  V-AUROC: 0.6286  LR: 1.00e-04
2026-06-30 02:46:38,413 | [DYN-LATENT] | INFO | meta_classifier_renewed.model_trainers.meta_trainer | Ep [026/500] T-Acc:  96.0%  V-Acc:  58.3%  V-AUROC: 0.6000  LR: 1.00e-04
2026-06-30 02:46:40,633 | [DYN-LATENT] | INFO | meta_classifier_renewed.model_trainers.meta_trainer | Ep [027/500] T-Acc:  92.0%  V-Acc:  58.3%  V-AUROC: 0.6000  LR: 1.00e-04
2026-06-30 02:46:42,837 | [DYN-LATENT] | INFO | meta_classifier_renewed.model_trainers.meta_trainer | Ep [028/500] T-Acc:  96.0%  V-Acc:  58.3%  V-AUROC: 0.6571  LR: 1.00e-04
2026-06-30 02:46:45,077 | [DYN-LATENT] | INFO | meta_classifier_renewed.model_trainers.meta_trainer | Ep [029/500] T-Acc:  88.0%  V-Acc:  58.3%  V-AUROC: 0.6571  LR: 1.00e-04
2026-06-30 02:46:47,250 | [DYN-LATENT] | INFO | meta_classifier_renewed.model_trainers.meta_trainer | Ep [030/500] T-Acc:  96.0%  V-Acc:  50.0%  V-AUROC: 0.6571  LR: 1.00e-04
2026-06-30 02:46:49,499 | [DYN-LATENT] | INFO | meta_classifier_renewed.model_trainers.meta_trainer | Ep [031/500] T-Acc:  96.0%  V-Acc:  50.0%  V-AUROC: 0.6571  LR: 1.00e-04
2026-06-30 02:46:49,500 | [DYN-LATENT] | INFO | meta_classifier_renewed.model_trainers.meta_trainer | Early stop — best AUROC 0.8286 at epoch 1
2026-06-30 02:46:50,719 | [DYN-LATENT] | INFO | meta_classifier_renewed.evaluators.monte_carlo_evaluator | -> Fold 13 Result | Acc=0.583 Sens=0.000 Spec=1.000 AUROC=0.829
2026-06-30 02:46:51,123 | [DYN-LATENT] | INFO | meta_classifier_renewed.evaluators.monte_carlo_evaluator | === Fold 14/30 | train: 25 subj | test: 12 subj ===
2026-06-30 02:46:53,985 | [DYN-LATENT] | INFO | meta_classifier_renewed.model_trainers.meta_trainer | Ep [001/500] T-Acc:  36.0%  V-Acc:  50.0%  V-AUROC: 0.5278  LR: 2.00e-05
2026-06-30 02:46:56,277 | [DYN-LATENT] | INFO | meta_classifier_renewed.model_trainers.meta_trainer | Ep [002/500] T-Acc:  40.0%  V-Acc:  50.0%  V-AUROC: 0.5278  LR: 4.00e-05
2026-06-30 02:46:58,462 | [DYN-LATENT] | INFO | meta_classifier_renewed.model_trainers.meta_trainer | Ep [003/500] T-Acc:  56.0%  V-Acc:  50.0%  V-AUROC: 0.1667  LR: 6.00e-05
2026-06-30 02:47:00,853 | [DYN-LATENT] | INFO | meta_classifier_renewed.model_trainers.meta_trainer | Ep [004/500] T-Acc:  56.0%  V-Acc:  50.0%  V-AUROC: 0.2222  LR: 8.00e-05
2026-06-30 02:47:03,309 | [DYN-LATENT] | INFO | meta_classifier_renewed.model_trainers.meta_trainer | Ep [005/500] T-Acc:  56.0%  V-Acc:  41.7%  V-AUROC: 0.2778  LR: 1.00e-04
2026-06-30 02:47:05,554 | [DYN-LATENT] | INFO | meta_classifier_renewed.model_trainers.meta_trainer | Ep [006/500] T-Acc:  48.0%  V-Acc:  33.3%  V-AUROC: 0.1667  LR: 1.00e-04
2026-06-30 02:47:07,863 | [DYN-LATENT] | INFO | meta_classifier_renewed.model_trainers.meta_trainer | Ep [007/500] T-Acc:  60.0%  V-Acc:  33.3%  V-AUROC: 0.1389  LR: 1.00e-04
2026-06-30 02:47:10,089 | [DYN-LATENT] | INFO | meta_classifier_renewed.model_trainers.meta_trainer | Ep [008/500] T-Acc:  60.0%  V-Acc:  16.7%  V-AUROC: 0.1389  LR: 1.00e-04
2026-06-30 02:47:12,229 | [DYN-LATENT] | INFO | meta_classifier_renewed.model_trainers.meta_trainer | Ep [009/500] T-Acc:  64.0%  V-Acc:  33.3%  V-AUROC: 0.1389  LR: 1.00e-04
2026-06-30 02:47:14,378 | [DYN-LATENT] | INFO | meta_classifier_renewed.model_trainers.meta_trainer | Ep [010/500] T-Acc:  80.0%  V-Acc:  41.7%  V-AUROC: 0.1389  LR: 1.00e-04
2026-06-30 02:47:16,500 | [DYN-LATENT] | INFO | meta_classifier_renewed.model_trainers.meta_trainer | Ep [011/500] T-Acc:  64.0%  V-Acc:  41.7%  V-AUROC: 0.1389  LR: 1.00e-04
2026-06-30 02:47:18,688 | [DYN-LATENT] | INFO | meta_classifier_renewed.model_trainers.meta_trainer | Ep [012/500] T-Acc:  64.0%  V-Acc:  33.3%  V-AUROC: 0.1389  LR: 1.00e-04
2026-06-30 02:47:20,873 | [DYN-LATENT] | INFO | meta_classifier_renewed.model_trainers.meta_trainer | Ep [013/500] T-Acc:  68.0%  V-Acc:  41.7%  V-AUROC: 0.1389  LR: 1.00e-04
2026-06-30 02:47:23,023 | [DYN-LATENT] | INFO | meta_classifier_renewed.model_trainers.meta_trainer | Ep [014/500] T-Acc:  52.0%  V-Acc:  41.7%  V-AUROC: 0.1389  LR: 1.00e-04
2026-06-30 02:47:25,314 | [DYN-LATENT] | INFO | meta_classifier_renewed.model_trainers.meta_trainer | Ep [015/500] T-Acc:  64.0%  V-Acc:  41.7%  V-AUROC: 0.2222  LR: 1.00e-04
2026-06-30 02:47:27,484 | [DYN-LATENT] | INFO | meta_classifier_renewed.model_trainers.meta_trainer | Ep [016/500] T-Acc:  60.0%  V-Acc:  41.7%  V-AUROC: 0.2222  LR: 1.00e-04
2026-06-30 02:47:29,662 | [DYN-LATENT] | INFO | meta_classifier_renewed.model_trainers.meta_trainer | Ep [017/500] T-Acc:  80.0%  V-Acc:  41.7%  V-AUROC: 0.2500  LR: 1.00e-04
2026-06-30 02:47:31,780 | [DYN-LATENT] | INFO | meta_classifier_renewed.model_trainers.meta_trainer | Ep [018/500] T-Acc:  60.0%  V-Acc:  33.3%  V-AUROC: 0.3056  LR: 1.00e-04
2026-06-30 02:47:33,960 | [DYN-LATENT] | INFO | meta_classifier_renewed.model_trainers.meta_trainer | Ep [019/500] T-Acc:  68.0%  V-Acc:  33.3%  V-AUROC: 0.3056  LR: 1.00e-04
2026-06-30 02:47:36,192 | [DYN-LATENT] | INFO | meta_classifier_renewed.model_trainers.meta_trainer | Ep [020/500] T-Acc:  68.0%  V-Acc:  33.3%  V-AUROC: 0.3889  LR: 1.00e-04
2026-06-30 02:47:38,354 | [DYN-LATENT] | INFO | meta_classifier_renewed.model_trainers.meta_trainer | Ep [021/500] T-Acc:  76.0%  V-Acc:  41.7%  V-AUROC: 0.4444  LR: 1.00e-04
2026-06-30 02:47:40,539 | [DYN-LATENT] | INFO | meta_classifier_renewed.model_trainers.meta_trainer | Ep [022/500] T-Acc:  76.0%  V-Acc:  41.7%  V-AUROC: 0.4167  LR: 1.00e-04
2026-06-30 02:47:42,677 | [DYN-LATENT] | INFO | meta_classifier_renewed.model_trainers.meta_trainer | Ep [023/500] T-Acc:  76.0%  V-Acc:  50.0%  V-AUROC: 0.4167  LR: 1.00e-04
2026-06-30 02:47:44,818 | [DYN-LATENT] | INFO | meta_classifier_renewed.model_trainers.meta_trainer | Ep [024/500] T-Acc:  84.0%  V-Acc:  41.7%  V-AUROC: 0.4444  LR: 1.00e-04
2026-06-30 02:47:46,991 | [DYN-LATENT] | INFO | meta_classifier_renewed.model_trainers.meta_trainer | Ep [025/500] T-Acc:  72.0%  V-Acc:  50.0%  V-AUROC: 0.4444  LR: 1.00e-04
2026-06-30 02:47:49,195 | [DYN-LATENT] | INFO | meta_classifier_renewed.model_trainers.meta_trainer | Ep [026/500] T-Acc:  76.0%  V-Acc:  33.3%  V-AUROC: 0.4444  LR: 1.00e-04
2026-06-30 02:47:51,427 | [DYN-LATENT] | INFO | meta_classifier_renewed.model_trainers.meta_trainer | Ep [027/500] T-Acc:  92.0%  V-Acc:  50.0%  V-AUROC: 0.4167  LR: 1.00e-04
2026-06-30 02:47:53,593 | [DYN-LATENT] | INFO | meta_classifier_renewed.model_trainers.meta_trainer | Ep [028/500] T-Acc:  88.0%  V-Acc:  58.3%  V-AUROC: 0.4167  LR: 1.00e-04
2026-06-30 02:47:55,807 | [DYN-LATENT] | INFO | meta_classifier_renewed.model_trainers.meta_trainer | Ep [029/500] T-Acc:  84.0%  V-Acc:  50.0%  V-AUROC: 0.4722  LR: 1.00e-04
2026-06-30 02:47:57,999 | [DYN-LATENT] | INFO | meta_classifier_renewed.model_trainers.meta_trainer | Ep [030/500] T-Acc:  80.0%  V-Acc:  58.3%  V-AUROC: 0.4722  LR: 1.00e-04
2026-06-30 02:48:00,216 | [DYN-LATENT] | INFO | meta_classifier_renewed.model_trainers.meta_trainer | Ep [031/500] T-Acc:  88.0%  V-Acc:  66.7%  V-AUROC: 0.5000  LR: 1.00e-04
2026-06-30 02:48:00,217 | [DYN-LATENT] | INFO | meta_classifier_renewed.model_trainers.meta_trainer | Early stop — best AUROC 0.5278 at epoch 1
2026-06-30 02:48:01,461 | [DYN-LATENT] | INFO | meta_classifier_renewed.evaluators.monte_carlo_evaluator | -> Fold 14 Result | Acc=0.500 Sens=0.000 Spec=1.000 AUROC=0.528
2026-06-30 02:48:01,901 | [DYN-LATENT] | INFO | meta_classifier_renewed.evaluators.monte_carlo_evaluator | === Fold 15/30 | train: 25 subj | test: 12 subj ===
2026-06-30 02:48:04,381 | [DYN-LATENT] | INFO | meta_classifier_renewed.model_trainers.meta_trainer | Ep [001/500] T-Acc:  60.0%  V-Acc:  33.3%  V-AUROC: 0.6875  LR: 2.00e-05
2026-06-30 02:48:07,025 | [DYN-LATENT] | INFO | meta_classifier_renewed.model_trainers.meta_trainer | Ep [002/500] T-Acc:  44.0%  V-Acc:  33.3%  V-AUROC: 0.7188  LR: 4.00e-05
2026-06-30 02:48:09,907 | [DYN-LATENT] | INFO | meta_classifier_renewed.model_trainers.meta_trainer | Ep [003/500] T-Acc:  48.0%  V-Acc:  58.3%  V-AUROC: 0.7812  LR: 6.00e-05
2026-06-30 02:48:12,267 | [DYN-LATENT] | INFO | meta_classifier_renewed.model_trainers.meta_trainer | Ep [004/500] T-Acc:  36.0%  V-Acc:  33.3%  V-AUROC: 0.6250  LR: 8.00e-05
2026-06-30 02:48:14,426 | [DYN-LATENT] | INFO | meta_classifier_renewed.model_trainers.meta_trainer | Ep [005/500] T-Acc:  44.0%  V-Acc:  33.3%  V-AUROC: 0.6250  LR: 1.00e-04
2026-06-30 02:48:16,605 | [DYN-LATENT] | INFO | meta_classifier_renewed.model_trainers.meta_trainer | Ep [006/500] T-Acc:  48.0%  V-Acc:  66.7%  V-AUROC: 0.7188  LR: 1.00e-04
2026-06-30 02:48:18,930 | [DYN-LATENT] | INFO | meta_classifier_renewed.model_trainers.meta_trainer | Ep [007/500] T-Acc:  64.0%  V-Acc:  66.7%  V-AUROC: 0.7500  LR: 1.00e-04
2026-06-30 02:48:21,108 | [DYN-LATENT] | INFO | meta_classifier_renewed.model_trainers.meta_trainer | Ep [008/500] T-Acc:  76.0%  V-Acc:  58.3%  V-AUROC: 0.6562  LR: 1.00e-04
2026-06-30 02:48:23,329 | [DYN-LATENT] | INFO | meta_classifier_renewed.model_trainers.meta_trainer | Ep [009/500] T-Acc:  60.0%  V-Acc:  58.3%  V-AUROC: 0.6250  LR: 1.00e-04
2026-06-30 02:48:25,547 | [DYN-LATENT] | INFO | meta_classifier_renewed.model_trainers.meta_trainer | Ep [010/500] T-Acc:  52.0%  V-Acc:  75.0%  V-AUROC: 0.6562  LR: 1.00e-04
2026-06-30 02:48:27,723 | [DYN-LATENT] | INFO | meta_classifier_renewed.model_trainers.meta_trainer | Ep [011/500] T-Acc:  76.0%  V-Acc:  83.3%  V-AUROC: 0.6562  LR: 1.00e-04
2026-06-30 02:48:29,917 | [DYN-LATENT] | INFO | meta_classifier_renewed.model_trainers.meta_trainer | Ep [012/500] T-Acc:  80.0%  V-Acc:  66.7%  V-AUROC: 0.6875  LR: 1.00e-04
2026-06-30 02:48:32,132 | [DYN-LATENT] | INFO | meta_classifier_renewed.model_trainers.meta_trainer | Ep [013/500] T-Acc:  76.0%  V-Acc:  75.0%  V-AUROC: 0.7188  LR: 1.00e-04
2026-06-30 02:48:34,363 | [DYN-LATENT] | INFO | meta_classifier_renewed.model_trainers.meta_trainer | Ep [014/500] T-Acc:  76.0%  V-Acc:  33.3%  V-AUROC: 0.7500  LR: 1.00e-04
2026-06-30 02:48:36,582 | [DYN-LATENT] | INFO | meta_classifier_renewed.model_trainers.meta_trainer | Ep [015/500] T-Acc:  48.0%  V-Acc:  75.0%  V-AUROC: 0.7188  LR: 1.00e-04
2026-06-30 02:48:38,780 | [DYN-LATENT] | INFO | meta_classifier_renewed.model_trainers.meta_trainer | Ep [016/500] T-Acc:  72.0%  V-Acc:  66.7%  V-AUROC: 0.7500  LR: 1.00e-04
2026-06-30 02:48:41,056 | [DYN-LATENT] | INFO | meta_classifier_renewed.model_trainers.meta_trainer | Ep [017/500] T-Acc:  76.0%  V-Acc:  66.7%  V-AUROC: 0.7812  LR: 1.00e-04
2026-06-30 02:48:43,216 | [DYN-LATENT] | INFO | meta_classifier_renewed.model_trainers.meta_trainer | Ep [018/500] T-Acc:  76.0%  V-Acc:  75.0%  V-AUROC: 0.7500  LR: 1.00e-04
2026-06-30 02:48:45,360 | [DYN-LATENT] | INFO | meta_classifier_renewed.model_trainers.meta_trainer | Ep [019/500] T-Acc:  88.0%  V-Acc:  75.0%  V-AUROC: 0.8125  LR: 1.00e-04
2026-06-30 02:48:47,718 | [DYN-LATENT] | INFO | meta_classifier_renewed.model_trainers.meta_trainer | Ep [020/500] T-Acc:  88.0%  V-Acc:  75.0%  V-AUROC: 0.8125  LR: 1.00e-04
2026-06-30 02:48:50,096 | [DYN-LATENT] | INFO | meta_classifier_renewed.model_trainers.meta_trainer | Ep [021/500] T-Acc:  84.0%  V-Acc:  66.7%  V-AUROC: 0.8750  LR: 1.00e-04
2026-06-30 02:48:52,403 | [DYN-LATENT] | INFO | meta_classifier_renewed.model_trainers.meta_trainer | Ep [022/500] T-Acc:  84.0%  V-Acc:  75.0%  V-AUROC: 0.8750  LR: 1.00e-04
2026-06-30 02:48:54,669 | [DYN-LATENT] | INFO | meta_classifier_renewed.model_trainers.meta_trainer | Ep [023/500] T-Acc:  96.0%  V-Acc:  83.3%  V-AUROC: 0.8438  LR: 1.00e-04
2026-06-30 02:48:56,839 | [DYN-LATENT] | INFO | meta_classifier_renewed.model_trainers.meta_trainer | Ep [024/500] T-Acc:  88.0%  V-Acc:  75.0%  V-AUROC: 0.8750  LR: 1.00e-04
2026-06-30 02:48:59,091 | [DYN-LATENT] | INFO | meta_classifier_renewed.model_trainers.meta_trainer | Ep [025/500] T-Acc: 100.0%  V-Acc:  75.0%  V-AUROC: 0.8750  LR: 1.00e-04
2026-06-30 02:49:01,312 | [DYN-LATENT] | INFO | meta_classifier_renewed.model_trainers.meta_trainer | Ep [026/500] T-Acc:  88.0%  V-Acc:  66.7%  V-AUROC: 0.8750  LR: 1.00e-04
2026-06-30 02:49:03,582 | [DYN-LATENT] | INFO | meta_classifier_renewed.model_trainers.meta_trainer | Ep [027/500] T-Acc: 100.0%  V-Acc:  75.0%  V-AUROC: 0.8750  LR: 1.00e-04
2026-06-30 02:49:05,728 | [DYN-LATENT] | INFO | meta_classifier_renewed.model_trainers.meta_trainer | Ep [028/500] T-Acc: 100.0%  V-Acc:  75.0%  V-AUROC: 0.9062  LR: 1.00e-04
2026-06-30 02:49:08,017 | [DYN-LATENT] | INFO | meta_classifier_renewed.model_trainers.meta_trainer | Ep [029/500] T-Acc: 100.0%  V-Acc:  66.7%  V-AUROC: 0.9062  LR: 1.00e-04
2026-06-30 02:49:10,304 | [DYN-LATENT] | INFO | meta_classifier_renewed.model_trainers.meta_trainer | Ep [030/500] T-Acc: 100.0%  V-Acc:  66.7%  V-AUROC: 0.9062  LR: 1.00e-04
2026-06-30 02:49:12,509 | [DYN-LATENT] | INFO | meta_classifier_renewed.model_trainers.meta_trainer | Ep [031/500] T-Acc: 100.0%  V-Acc:  75.0%  V-AUROC: 0.8750  LR: 1.00e-04
2026-06-30 02:49:14,647 | [DYN-LATENT] | INFO | meta_classifier_renewed.model_trainers.meta_trainer | Ep [032/500] T-Acc: 100.0%  V-Acc:  66.7%  V-AUROC: 0.8750  LR: 1.00e-04
2026-06-30 02:49:16,799 | [DYN-LATENT] | INFO | meta_classifier_renewed.model_trainers.meta_trainer | Ep [033/500] T-Acc:  96.0%  V-Acc:  75.0%  V-AUROC: 0.9062  LR: 1.00e-04
2026-06-30 02:49:19,076 | [DYN-LATENT] | INFO | meta_classifier_renewed.model_trainers.meta_trainer | Ep [034/500] T-Acc: 100.0%  V-Acc:  66.7%  V-AUROC: 0.8750  LR: 1.00e-04
2026-06-30 02:49:21,250 | [DYN-LATENT] | INFO | meta_classifier_renewed.model_trainers.meta_trainer | Ep [035/500] T-Acc: 100.0%  V-Acc:  75.0%  V-AUROC: 0.8750  LR: 1.00e-04
2026-06-30 02:49:23,469 | [DYN-LATENT] | INFO | meta_classifier_renewed.model_trainers.meta_trainer | Ep [036/500] T-Acc: 100.0%  V-Acc:  75.0%  V-AUROC: 0.9062  LR: 1.00e-04
2026-06-30 02:49:25,705 | [DYN-LATENT] | INFO | meta_classifier_renewed.model_trainers.meta_trainer | Ep [037/500] T-Acc: 100.0%  V-Acc:  75.0%  V-AUROC: 0.9062  LR: 1.00e-04
2026-06-30 02:49:27,976 | [DYN-LATENT] | INFO | meta_classifier_renewed.model_trainers.meta_trainer | Ep [038/500] T-Acc: 100.0%  V-Acc:  66.7%  V-AUROC: 0.9062  LR: 1.00e-04
2026-06-30 02:49:30,147 | [DYN-LATENT] | INFO | meta_classifier_renewed.model_trainers.meta_trainer | Ep [039/500] T-Acc: 100.0%  V-Acc:  66.7%  V-AUROC: 0.9062  LR: 1.00e-04
2026-06-30 02:49:32,292 | [DYN-LATENT] | INFO | meta_classifier_renewed.model_trainers.meta_trainer | Ep [040/500] T-Acc: 100.0%  V-Acc:  66.7%  V-AUROC: 0.9062  LR: 2.00e-05
2026-06-30 02:49:34,544 | [DYN-LATENT] | INFO | meta_classifier_renewed.model_trainers.meta_trainer | Ep [041/500] T-Acc: 100.0%  V-Acc:  66.7%  V-AUROC: 0.9062  LR: 2.00e-05
2026-06-30 02:49:36,720 | [DYN-LATENT] | INFO | meta_classifier_renewed.model_trainers.meta_trainer | Ep [042/500] T-Acc: 100.0%  V-Acc:  66.7%  V-AUROC: 0.8750  LR: 2.00e-05
2026-06-30 02:49:38,989 | [DYN-LATENT] | INFO | meta_classifier_renewed.model_trainers.meta_trainer | Ep [043/500] T-Acc: 100.0%  V-Acc:  66.7%  V-AUROC: 0.9062  LR: 2.00e-05
2026-06-30 02:49:41,235 | [DYN-LATENT] | INFO | meta_classifier_renewed.model_trainers.meta_trainer | Ep [044/500] T-Acc: 100.0%  V-Acc:  66.7%  V-AUROC: 0.9062  LR: 2.00e-05
2026-06-30 02:49:43,474 | [DYN-LATENT] | INFO | meta_classifier_renewed.model_trainers.meta_trainer | Ep [045/500] T-Acc: 100.0%  V-Acc:  66.7%  V-AUROC: 0.9062  LR: 2.00e-05
2026-06-30 02:49:45,655 | [DYN-LATENT] | INFO | meta_classifier_renewed.model_trainers.meta_trainer | Ep [046/500] T-Acc: 100.0%  V-Acc:  66.7%  V-AUROC: 0.9062  LR: 2.00e-05
2026-06-30 02:49:47,791 | [DYN-LATENT] | INFO | meta_classifier_renewed.model_trainers.meta_trainer | Ep [047/500] T-Acc: 100.0%  V-Acc:  66.7%  V-AUROC: 0.9062  LR: 2.00e-05
2026-06-30 02:49:50,013 | [DYN-LATENT] | INFO | meta_classifier_renewed.model_trainers.meta_trainer | Ep [048/500] T-Acc: 100.0%  V-Acc:  66.7%  V-AUROC: 0.9062  LR: 2.00e-05
2026-06-30 02:49:52,178 | [DYN-LATENT] | INFO | meta_classifier_renewed.model_trainers.meta_trainer | Ep [049/500] T-Acc: 100.0%  V-Acc:  66.7%  V-AUROC: 0.9062  LR: 2.00e-05
2026-06-30 02:49:54,312 | [DYN-LATENT] | INFO | meta_classifier_renewed.model_trainers.meta_trainer | Ep [050/500] T-Acc: 100.0%  V-Acc:  66.7%  V-AUROC: 0.9062  LR: 2.00e-05
2026-06-30 02:49:56,551 | [DYN-LATENT] | INFO | meta_classifier_renewed.model_trainers.meta_trainer | Ep [051/500] T-Acc: 100.0%  V-Acc:  66.7%  V-AUROC: 0.9062  LR: 4.00e-06
2026-06-30 02:49:58,672 | [DYN-LATENT] | INFO | meta_classifier_renewed.model_trainers.meta_trainer | Ep [052/500] T-Acc: 100.0%  V-Acc:  66.7%  V-AUROC: 0.9062  LR: 4.00e-06
2026-06-30 02:50:00,813 | [DYN-LATENT] | INFO | meta_classifier_renewed.model_trainers.meta_trainer | Ep [053/500] T-Acc: 100.0%  V-Acc:  66.7%  V-AUROC: 0.9062  LR: 4.00e-06
2026-06-30 02:50:03,065 | [DYN-LATENT] | INFO | meta_classifier_renewed.model_trainers.meta_trainer | Ep [054/500] T-Acc: 100.0%  V-Acc:  66.7%  V-AUROC: 0.9062  LR: 4.00e-06
2026-06-30 02:50:05,328 | [DYN-LATENT] | INFO | meta_classifier_renewed.model_trainers.meta_trainer | Ep [055/500] T-Acc: 100.0%  V-Acc:  66.7%  V-AUROC: 0.9062  LR: 4.00e-06
2026-06-30 02:50:07,476 | [DYN-LATENT] | INFO | meta_classifier_renewed.model_trainers.meta_trainer | Ep [056/500] T-Acc: 100.0%  V-Acc:  66.7%  V-AUROC: 0.9062  LR: 4.00e-06
2026-06-30 02:50:09,685 | [DYN-LATENT] | INFO | meta_classifier_renewed.model_trainers.meta_trainer | Ep [057/500] T-Acc: 100.0%  V-Acc:  66.7%  V-AUROC: 0.9062  LR: 4.00e-06
2026-06-30 02:50:11,872 | [DYN-LATENT] | INFO | meta_classifier_renewed.model_trainers.meta_trainer | Ep [058/500] T-Acc: 100.0%  V-Acc:  66.7%  V-AUROC: 0.9062  LR: 4.00e-06
2026-06-30 02:50:11,873 | [DYN-LATENT] | INFO | meta_classifier_renewed.model_trainers.meta_trainer | Early stop — best AUROC 0.9062 at epoch 28
2026-06-30 02:50:12,817 | [DYN-LATENT] | INFO | meta_classifier_renewed.evaluators.monte_carlo_evaluator | -> Fold 15 Result | Acc=0.750 Sens=0.875 Spec=0.500 AUROC=0.906
2026-06-30 02:50:13,242 | [DYN-LATENT] | INFO | meta_classifier_renewed.evaluators.monte_carlo_evaluator | === Fold 16/30 | train: 25 subj | test: 12 subj ===
2026-06-30 02:50:15,787 | [DYN-LATENT] | INFO | meta_classifier_renewed.model_trainers.meta_trainer | Ep [001/500] T-Acc:  52.0%  V-Acc:  41.7%  V-AUROC: 0.3611  LR: 2.00e-05
2026-06-30 02:50:18,193 | [DYN-LATENT] | INFO | meta_classifier_renewed.model_trainers.meta_trainer | Ep [002/500] T-Acc:  44.0%  V-Acc:  41.7%  V-AUROC: 0.5556  LR: 4.00e-05
2026-06-30 02:50:20,702 | [DYN-LATENT] | INFO | meta_classifier_renewed.model_trainers.meta_trainer | Ep [003/500] T-Acc:  56.0%  V-Acc:  50.0%  V-AUROC: 0.5556  LR: 6.00e-05
2026-06-30 02:50:22,883 | [DYN-LATENT] | INFO | meta_classifier_renewed.model_trainers.meta_trainer | Ep [004/500] T-Acc:  56.0%  V-Acc:  50.0%  V-AUROC: 0.5278  LR: 8.00e-05
2026-06-30 02:50:25,530 | [DYN-LATENT] | INFO | meta_classifier_renewed.model_trainers.meta_trainer | Ep [005/500] T-Acc:  60.0%  V-Acc:  50.0%  V-AUROC: 0.5278  LR: 1.00e-04
2026-06-30 02:50:27,741 | [DYN-LATENT] | INFO | meta_classifier_renewed.model_trainers.meta_trainer | Ep [006/500] T-Acc:  60.0%  V-Acc:  41.7%  V-AUROC: 0.5556  LR: 1.00e-04
2026-06-30 02:50:29,921 | [DYN-LATENT] | INFO | meta_classifier_renewed.model_trainers.meta_trainer | Ep [007/500] T-Acc:  64.0%  V-Acc:  50.0%  V-AUROC: 0.5278  LR: 1.00e-04
2026-06-30 02:50:32,068 | [DYN-LATENT] | INFO | meta_classifier_renewed.model_trainers.meta_trainer | Ep [008/500] T-Acc:  52.0%  V-Acc:  41.7%  V-AUROC: 0.5000  LR: 1.00e-04
2026-06-30 02:50:34,369 | [DYN-LATENT] | INFO | meta_classifier_renewed.model_trainers.meta_trainer | Ep [009/500] T-Acc:  72.0%  V-Acc:  41.7%  V-AUROC: 0.4444  LR: 1.00e-04
2026-06-30 02:50:36,552 | [DYN-LATENT] | INFO | meta_classifier_renewed.model_trainers.meta_trainer | Ep [010/500] T-Acc:  60.0%  V-Acc:  25.0%  V-AUROC: 0.4444  LR: 1.00e-04
2026-06-30 02:50:39,035 | [DYN-LATENT] | INFO | meta_classifier_renewed.model_trainers.meta_trainer | Ep [011/500] T-Acc:  68.0%  V-Acc:  50.0%  V-AUROC: 0.4444  LR: 1.00e-04
2026-06-30 02:50:41,238 | [DYN-LATENT] | INFO | meta_classifier_renewed.model_trainers.meta_trainer | Ep [012/500] T-Acc:  64.0%  V-Acc:  41.7%  V-AUROC: 0.5000  LR: 1.00e-04
2026-06-30 02:50:43,383 | [DYN-LATENT] | INFO | meta_classifier_renewed.model_trainers.meta_trainer | Ep [013/500] T-Acc:  60.0%  V-Acc:  41.7%  V-AUROC: 0.5000  LR: 1.00e-04
2026-06-30 02:50:45,565 | [DYN-LATENT] | INFO | meta_classifier_renewed.model_trainers.meta_trainer | Ep [014/500] T-Acc:  68.0%  V-Acc:  50.0%  V-AUROC: 0.5278  LR: 1.00e-04
2026-06-30 02:50:47,697 | [DYN-LATENT] | INFO | meta_classifier_renewed.model_trainers.meta_trainer | Ep [015/500] T-Acc:  68.0%  V-Acc:  50.0%  V-AUROC: 0.5000  LR: 1.00e-04
2026-06-30 02:50:49,876 | [DYN-LATENT] | INFO | meta_classifier_renewed.model_trainers.meta_trainer | Ep [016/500] T-Acc:  68.0%  V-Acc:  58.3%  V-AUROC: 0.5556  LR: 1.00e-04
2026-06-30 02:50:52,133 | [DYN-LATENT] | INFO | meta_classifier_renewed.model_trainers.meta_trainer | Ep [017/500] T-Acc:  72.0%  V-Acc:  50.0%  V-AUROC: 0.6111  LR: 1.00e-04
2026-06-30 02:50:54,714 | [DYN-LATENT] | INFO | meta_classifier_renewed.model_trainers.meta_trainer | Ep [018/500] T-Acc:  72.0%  V-Acc:  50.0%  V-AUROC: 0.5833  LR: 1.00e-04
2026-06-30 02:50:56,859 | [DYN-LATENT] | INFO | meta_classifier_renewed.model_trainers.meta_trainer | Ep [019/500] T-Acc:  88.0%  V-Acc:  50.0%  V-AUROC: 0.5833  LR: 1.00e-04
2026-06-30 02:50:59,033 | [DYN-LATENT] | INFO | meta_classifier_renewed.model_trainers.meta_trainer | Ep [020/500] T-Acc:  76.0%  V-Acc:  50.0%  V-AUROC: 0.6111  LR: 1.00e-04
2026-06-30 02:51:01,176 | [DYN-LATENT] | INFO | meta_classifier_renewed.model_trainers.meta_trainer | Ep [021/500] T-Acc:  88.0%  V-Acc:  50.0%  V-AUROC: 0.6389  LR: 1.00e-04
2026-06-30 02:51:03,554 | [DYN-LATENT] | INFO | meta_classifier_renewed.model_trainers.meta_trainer | Ep [022/500] T-Acc:  84.0%  V-Acc:  50.0%  V-AUROC: 0.6111  LR: 1.00e-04
2026-06-30 02:51:05,758 | [DYN-LATENT] | INFO | meta_classifier_renewed.model_trainers.meta_trainer | Ep [023/500] T-Acc:  92.0%  V-Acc:  50.0%  V-AUROC: 0.6389  LR: 1.00e-04
2026-06-30 02:51:08,046 | [DYN-LATENT] | INFO | meta_classifier_renewed.model_trainers.meta_trainer | Ep [024/500] T-Acc:  88.0%  V-Acc:  41.7%  V-AUROC: 0.6111  LR: 1.00e-04
2026-06-30 02:51:10,287 | [DYN-LATENT] | INFO | meta_classifier_renewed.model_trainers.meta_trainer | Ep [025/500] T-Acc:  84.0%  V-Acc:  50.0%  V-AUROC: 0.6111  LR: 1.00e-04
2026-06-30 02:51:12,470 | [DYN-LATENT] | INFO | meta_classifier_renewed.model_trainers.meta_trainer | Ep [026/500] T-Acc:  84.0%  V-Acc:  41.7%  V-AUROC: 0.5833  LR: 1.00e-04
2026-06-30 02:51:14,637 | [DYN-LATENT] | INFO | meta_classifier_renewed.model_trainers.meta_trainer | Ep [027/500] T-Acc:  92.0%  V-Acc:  50.0%  V-AUROC: 0.5278  LR: 1.00e-04
2026-06-30 02:51:16,800 | [DYN-LATENT] | INFO | meta_classifier_renewed.model_trainers.meta_trainer | Ep [028/500] T-Acc:  84.0%  V-Acc:  50.0%  V-AUROC: 0.5556  LR: 1.00e-04
2026-06-30 02:51:18,952 | [DYN-LATENT] | INFO | meta_classifier_renewed.model_trainers.meta_trainer | Ep [029/500] T-Acc:  96.0%  V-Acc:  41.7%  V-AUROC: 0.5833  LR: 1.00e-04
2026-06-30 02:51:21,101 | [DYN-LATENT] | INFO | meta_classifier_renewed.model_trainers.meta_trainer | Ep [030/500] T-Acc:  96.0%  V-Acc:  41.7%  V-AUROC: 0.6111  LR: 1.00e-04
2026-06-30 02:51:23,241 | [DYN-LATENT] | INFO | meta_classifier_renewed.model_trainers.meta_trainer | Ep [031/500] T-Acc:  96.0%  V-Acc:  50.0%  V-AUROC: 0.5833  LR: 1.00e-04
2026-06-30 02:51:25,447 | [DYN-LATENT] | INFO | meta_classifier_renewed.model_trainers.meta_trainer | Ep [032/500] T-Acc:  96.0%  V-Acc:  50.0%  V-AUROC: 0.5833  LR: 1.00e-04
2026-06-30 02:51:27,562 | [DYN-LATENT] | INFO | meta_classifier_renewed.model_trainers.meta_trainer | Ep [033/500] T-Acc:  96.0%  V-Acc:  50.0%  V-AUROC: 0.5833  LR: 2.00e-05
2026-06-30 02:51:29,747 | [DYN-LATENT] | INFO | meta_classifier_renewed.model_trainers.meta_trainer | Ep [034/500] T-Acc:  96.0%  V-Acc:  50.0%  V-AUROC: 0.5833  LR: 2.00e-05
2026-06-30 02:51:31,927 | [DYN-LATENT] | INFO | meta_classifier_renewed.model_trainers.meta_trainer | Ep [035/500] T-Acc: 100.0%  V-Acc:  41.7%  V-AUROC: 0.5833  LR: 2.00e-05
2026-06-30 02:51:34,219 | [DYN-LATENT] | INFO | meta_classifier_renewed.model_trainers.meta_trainer | Ep [036/500] T-Acc:  96.0%  V-Acc:  41.7%  V-AUROC: 0.5833  LR: 2.00e-05
2026-06-30 02:51:36,428 | [DYN-LATENT] | INFO | meta_classifier_renewed.model_trainers.meta_trainer | Ep [037/500] T-Acc:  92.0%  V-Acc:  33.3%  V-AUROC: 0.5833  LR: 2.00e-05
2026-06-30 02:51:38,636 | [DYN-LATENT] | INFO | meta_classifier_renewed.model_trainers.meta_trainer | Ep [038/500] T-Acc:  96.0%  V-Acc:  50.0%  V-AUROC: 0.5833  LR: 2.00e-05
2026-06-30 02:51:40,879 | [DYN-LATENT] | INFO | meta_classifier_renewed.model_trainers.meta_trainer | Ep [039/500] T-Acc:  96.0%  V-Acc:  50.0%  V-AUROC: 0.5833  LR: 2.00e-05
2026-06-30 02:51:43,047 | [DYN-LATENT] | INFO | meta_classifier_renewed.model_trainers.meta_trainer | Ep [040/500] T-Acc: 100.0%  V-Acc:  41.7%  V-AUROC: 0.5833  LR: 2.00e-05
2026-06-30 02:51:45,203 | [DYN-LATENT] | INFO | meta_classifier_renewed.model_trainers.meta_trainer | Ep [041/500] T-Acc: 100.0%  V-Acc:  33.3%  V-AUROC: 0.5833  LR: 2.00e-05
2026-06-30 02:51:47,339 | [DYN-LATENT] | INFO | meta_classifier_renewed.model_trainers.meta_trainer | Ep [042/500] T-Acc: 100.0%  V-Acc:  41.7%  V-AUROC: 0.5833  LR: 2.00e-05
2026-06-30 02:51:49,552 | [DYN-LATENT] | INFO | meta_classifier_renewed.model_trainers.meta_trainer | Ep [043/500] T-Acc: 100.0%  V-Acc:  50.0%  V-AUROC: 0.5833  LR: 2.00e-05
2026-06-30 02:51:51,726 | [DYN-LATENT] | INFO | meta_classifier_renewed.model_trainers.meta_trainer | Ep [044/500] T-Acc:  92.0%  V-Acc:  41.7%  V-AUROC: 0.5833  LR: 4.00e-06
2026-06-30 02:51:53,909 | [DYN-LATENT] | INFO | meta_classifier_renewed.model_trainers.meta_trainer | Ep [045/500] T-Acc: 100.0%  V-Acc:  41.7%  V-AUROC: 0.5833  LR: 4.00e-06
2026-06-30 02:51:56,073 | [DYN-LATENT] | INFO | meta_classifier_renewed.model_trainers.meta_trainer | Ep [046/500] T-Acc: 100.0%  V-Acc:  41.7%  V-AUROC: 0.5833  LR: 4.00e-06
2026-06-30 02:51:58,268 | [DYN-LATENT] | INFO | meta_classifier_renewed.model_trainers.meta_trainer | Ep [047/500] T-Acc: 100.0%  V-Acc:  41.7%  V-AUROC: 0.5833  LR: 4.00e-06
2026-06-30 02:52:00,491 | [DYN-LATENT] | INFO | meta_classifier_renewed.model_trainers.meta_trainer | Ep [048/500] T-Acc: 100.0%  V-Acc:  41.7%  V-AUROC: 0.5833  LR: 4.00e-06
2026-06-30 02:52:02,619 | [DYN-LATENT] | INFO | meta_classifier_renewed.model_trainers.meta_trainer | Ep [049/500] T-Acc: 100.0%  V-Acc:  41.7%  V-AUROC: 0.5833  LR: 4.00e-06
2026-06-30 02:52:04,874 | [DYN-LATENT] | INFO | meta_classifier_renewed.model_trainers.meta_trainer | Ep [050/500] T-Acc:  92.0%  V-Acc:  41.7%  V-AUROC: 0.5833  LR: 4.00e-06
2026-06-30 02:52:07,029 | [DYN-LATENT] | INFO | meta_classifier_renewed.model_trainers.meta_trainer | Ep [051/500] T-Acc: 100.0%  V-Acc:  41.7%  V-AUROC: 0.5833  LR: 4.00e-06
2026-06-30 02:52:07,030 | [DYN-LATENT] | INFO | meta_classifier_renewed.model_trainers.meta_trainer | Early stop — best AUROC 0.6389 at epoch 21
2026-06-30 02:52:08,057 | [DYN-LATENT] | INFO | meta_classifier_renewed.evaluators.monte_carlo_evaluator | -> Fold 16 Result | Acc=0.500 Sens=0.500 Spec=0.500 AUROC=0.639
2026-06-30 02:52:08,442 | [DYN-LATENT] | INFO | meta_classifier_renewed.evaluators.monte_carlo_evaluator | === Fold 17/30 | train: 25 subj | test: 12 subj ===
2026-06-30 02:52:11,297 | [DYN-LATENT] | INFO | meta_classifier_renewed.model_trainers.meta_trainer | Ep [001/500] T-Acc:  44.0%  V-Acc:  41.7%  V-AUROC: 0.3056  LR: 2.00e-05
2026-06-30 02:52:13,792 | [DYN-LATENT] | INFO | meta_classifier_renewed.model_trainers.meta_trainer | Ep [002/500] T-Acc:  48.0%  V-Acc:  41.7%  V-AUROC: 0.3056  LR: 4.00e-05
2026-06-30 02:52:15,904 | [DYN-LATENT] | INFO | meta_classifier_renewed.model_trainers.meta_trainer | Ep [003/500] T-Acc:  44.0%  V-Acc:  50.0%  V-AUROC: 0.3056  LR: 6.00e-05
2026-06-30 02:52:18,127 | [DYN-LATENT] | INFO | meta_classifier_renewed.model_trainers.meta_trainer | Ep [004/500] T-Acc:  36.0%  V-Acc:  50.0%  V-AUROC: 0.2778  LR: 8.00e-05
2026-06-30 02:52:20,528 | [DYN-LATENT] | INFO | meta_classifier_renewed.model_trainers.meta_trainer | Ep [005/500] T-Acc:  60.0%  V-Acc:  50.0%  V-AUROC: 0.2778  LR: 1.00e-04
2026-06-30 02:52:22,732 | [DYN-LATENT] | INFO | meta_classifier_renewed.model_trainers.meta_trainer | Ep [006/500] T-Acc:  60.0%  V-Acc:  50.0%  V-AUROC: 0.2778  LR: 1.00e-04
2026-06-30 02:52:25,055 | [DYN-LATENT] | INFO | meta_classifier_renewed.model_trainers.meta_trainer | Ep [007/500] T-Acc:  52.0%  V-Acc:  50.0%  V-AUROC: 0.2222  LR: 1.00e-04
2026-06-30 02:52:27,215 | [DYN-LATENT] | INFO | meta_classifier_renewed.model_trainers.meta_trainer | Ep [008/500] T-Acc:  68.0%  V-Acc:  50.0%  V-AUROC: 0.2222  LR: 1.00e-04
2026-06-30 02:52:29,562 | [DYN-LATENT] | INFO | meta_classifier_renewed.model_trainers.meta_trainer | Ep [009/500] T-Acc:  60.0%  V-Acc:  50.0%  V-AUROC: 0.2500  LR: 1.00e-04
2026-06-30 02:52:31,695 | [DYN-LATENT] | INFO | meta_classifier_renewed.model_trainers.meta_trainer | Ep [010/500] T-Acc:  56.0%  V-Acc:  58.3%  V-AUROC: 0.2778  LR: 1.00e-04
2026-06-30 02:52:33,859 | [DYN-LATENT] | INFO | meta_classifier_renewed.model_trainers.meta_trainer | Ep [011/500] T-Acc:  40.0%  V-Acc:  50.0%  V-AUROC: 0.4167  LR: 1.00e-04
2026-06-30 02:52:36,138 | [DYN-LATENT] | INFO | meta_classifier_renewed.model_trainers.meta_trainer | Ep [012/500] T-Acc:  60.0%  V-Acc:  50.0%  V-AUROC: 0.5000  LR: 1.00e-04
2026-06-30 02:52:38,389 | [DYN-LATENT] | INFO | meta_classifier_renewed.model_trainers.meta_trainer | Ep [013/500] T-Acc:  52.0%  V-Acc:  50.0%  V-AUROC: 0.6111  LR: 1.00e-04
2026-06-30 02:52:40,833 | [DYN-LATENT] | INFO | meta_classifier_renewed.model_trainers.meta_trainer | Ep [014/500] T-Acc:  60.0%  V-Acc:  50.0%  V-AUROC: 0.6667  LR: 1.00e-04
2026-06-30 02:52:43,128 | [DYN-LATENT] | INFO | meta_classifier_renewed.model_trainers.meta_trainer | Ep [015/500] T-Acc:  68.0%  V-Acc:  50.0%  V-AUROC: 0.6944  LR: 1.00e-04
2026-06-30 02:52:45,445 | [DYN-LATENT] | INFO | meta_classifier_renewed.model_trainers.meta_trainer | Ep [016/500] T-Acc:  60.0%  V-Acc:  50.0%  V-AUROC: 0.6944  LR: 1.00e-04
2026-06-30 02:52:47,642 | [DYN-LATENT] | INFO | meta_classifier_renewed.model_trainers.meta_trainer | Ep [017/500] T-Acc:  52.0%  V-Acc:  50.0%  V-AUROC: 0.7222  LR: 1.00e-04
2026-06-30 02:52:50,120 | [DYN-LATENT] | INFO | meta_classifier_renewed.model_trainers.meta_trainer | Ep [018/500] T-Acc:  60.0%  V-Acc:  66.7%  V-AUROC: 0.8333  LR: 1.00e-04
2026-06-30 02:52:52,449 | [DYN-LATENT] | INFO | meta_classifier_renewed.model_trainers.meta_trainer | Ep [019/500] T-Acc:  52.0%  V-Acc:  66.7%  V-AUROC: 0.8333  LR: 1.00e-04
2026-06-30 02:52:54,851 | [DYN-LATENT] | INFO | meta_classifier_renewed.model_trainers.meta_trainer | Ep [020/500] T-Acc:  72.0%  V-Acc:  50.0%  V-AUROC: 0.8056  LR: 1.00e-04
2026-06-30 02:52:57,076 | [DYN-LATENT] | INFO | meta_classifier_renewed.model_trainers.meta_trainer | Ep [021/500] T-Acc:  68.0%  V-Acc:  50.0%  V-AUROC: 0.8056  LR: 1.00e-04
2026-06-30 02:52:59,267 | [DYN-LATENT] | INFO | meta_classifier_renewed.model_trainers.meta_trainer | Ep [022/500] T-Acc:  76.0%  V-Acc:  50.0%  V-AUROC: 0.8056  LR: 1.00e-04
2026-06-30 02:53:01,481 | [DYN-LATENT] | INFO | meta_classifier_renewed.model_trainers.meta_trainer | Ep [023/500] T-Acc:  80.0%  V-Acc:  83.3%  V-AUROC: 0.8333  LR: 1.00e-04
2026-06-30 02:53:03,763 | [DYN-LATENT] | INFO | meta_classifier_renewed.model_trainers.meta_trainer | Ep [024/500] T-Acc:  64.0%  V-Acc:  50.0%  V-AUROC: 0.8889  LR: 1.00e-04
2026-06-30 02:53:06,024 | [DYN-LATENT] | INFO | meta_classifier_renewed.model_trainers.meta_trainer | Ep [025/500] T-Acc:  64.0%  V-Acc:  66.7%  V-AUROC: 0.9167  LR: 1.00e-04
2026-06-30 02:53:08,344 | [DYN-LATENT] | INFO | meta_classifier_renewed.model_trainers.meta_trainer | Ep [026/500] T-Acc:  76.0%  V-Acc:  58.3%  V-AUROC: 0.9167  LR: 1.00e-04
2026-06-30 02:53:10,675 | [DYN-LATENT] | INFO | meta_classifier_renewed.model_trainers.meta_trainer | Ep [027/500] T-Acc:  80.0%  V-Acc:  58.3%  V-AUROC: 0.9444  LR: 1.00e-04
2026-06-30 02:53:12,980 | [DYN-LATENT] | INFO | meta_classifier_renewed.model_trainers.meta_trainer | Ep [028/500] T-Acc:  72.0%  V-Acc:  58.3%  V-AUROC: 0.9444  LR: 1.00e-04
2026-06-30 02:53:15,169 | [DYN-LATENT] | INFO | meta_classifier_renewed.model_trainers.meta_trainer | Ep [029/500] T-Acc:  80.0%  V-Acc:  66.7%  V-AUROC: 0.9444  LR: 1.00e-04
2026-06-30 02:53:17,385 | [DYN-LATENT] | INFO | meta_classifier_renewed.model_trainers.meta_trainer | Ep [030/500] T-Acc:  56.0%  V-Acc:  83.3%  V-AUROC: 0.9444  LR: 1.00e-04
2026-06-30 02:53:19,689 | [DYN-LATENT] | INFO | meta_classifier_renewed.model_trainers.meta_trainer | Ep [031/500] T-Acc:  76.0%  V-Acc:  66.7%  V-AUROC: 0.9722  LR: 1.00e-04
2026-06-30 02:53:21,957 | [DYN-LATENT] | INFO | meta_classifier_renewed.model_trainers.meta_trainer | Ep [032/500] T-Acc:  84.0%  V-Acc:  58.3%  V-AUROC: 0.9722  LR: 1.00e-04
2026-06-30 02:53:24,153 | [DYN-LATENT] | INFO | meta_classifier_renewed.model_trainers.meta_trainer | Ep [033/500] T-Acc:  84.0%  V-Acc:  58.3%  V-AUROC: 0.9722  LR: 1.00e-04
2026-06-30 02:53:26,551 | [DYN-LATENT] | INFO | meta_classifier_renewed.model_trainers.meta_trainer | Ep [034/500] T-Acc:  68.0%  V-Acc:  58.3%  V-AUROC: 0.9444  LR: 1.00e-04
2026-06-30 02:53:28,751 | [DYN-LATENT] | INFO | meta_classifier_renewed.model_trainers.meta_trainer | Ep [035/500] T-Acc:  68.0%  V-Acc:  58.3%  V-AUROC: 0.9444  LR: 1.00e-04
2026-06-30 02:53:30,890 | [DYN-LATENT] | INFO | meta_classifier_renewed.model_trainers.meta_trainer | Ep [036/500] T-Acc:  84.0%  V-Acc:  83.3%  V-AUROC: 0.9444  LR: 1.00e-04
2026-06-30 02:53:33,032 | [DYN-LATENT] | INFO | meta_classifier_renewed.model_trainers.meta_trainer | Ep [037/500] T-Acc:  60.0%  V-Acc:  58.3%  V-AUROC: 0.9444  LR: 1.00e-04
2026-06-30 02:53:35,459 | [DYN-LATENT] | INFO | meta_classifier_renewed.model_trainers.meta_trainer | Ep [038/500] T-Acc:  72.0%  V-Acc:  83.3%  V-AUROC: 0.9444  LR: 1.00e-04
2026-06-30 02:53:37,593 | [DYN-LATENT] | INFO | meta_classifier_renewed.model_trainers.meta_trainer | Ep [039/500] T-Acc:  68.0%  V-Acc:  66.7%  V-AUROC: 0.9722  LR: 1.00e-04
2026-06-30 02:53:39,813 | [DYN-LATENT] | INFO | meta_classifier_renewed.model_trainers.meta_trainer | Ep [040/500] T-Acc:  88.0%  V-Acc:  66.7%  V-AUROC: 0.9722  LR: 1.00e-04
2026-06-30 02:53:42,023 | [DYN-LATENT] | INFO | meta_classifier_renewed.model_trainers.meta_trainer | Ep [041/500] T-Acc:  76.0%  V-Acc:  83.3%  V-AUROC: 0.9722  LR: 1.00e-04
2026-06-30 02:53:44,202 | [DYN-LATENT] | INFO | meta_classifier_renewed.model_trainers.meta_trainer | Ep [042/500] T-Acc:  76.0%  V-Acc:  75.0%  V-AUROC: 0.9444  LR: 1.00e-04
2026-06-30 02:53:46,321 | [DYN-LATENT] | INFO | meta_classifier_renewed.model_trainers.meta_trainer | Ep [043/500] T-Acc:  76.0%  V-Acc:  75.0%  V-AUROC: 0.9444  LR: 2.00e-05
2026-06-30 02:53:48,493 | [DYN-LATENT] | INFO | meta_classifier_renewed.model_trainers.meta_trainer | Ep [044/500] T-Acc:  76.0%  V-Acc:  75.0%  V-AUROC: 0.9444  LR: 2.00e-05
2026-06-30 02:53:50,638 | [DYN-LATENT] | INFO | meta_classifier_renewed.model_trainers.meta_trainer | Ep [045/500] T-Acc:  88.0%  V-Acc:  83.3%  V-AUROC: 0.9444  LR: 2.00e-05
2026-06-30 02:53:52,784 | [DYN-LATENT] | INFO | meta_classifier_renewed.model_trainers.meta_trainer | Ep [046/500] T-Acc:  84.0%  V-Acc:  83.3%  V-AUROC: 0.9444  LR: 2.00e-05
2026-06-30 02:53:55,047 | [DYN-LATENT] | INFO | meta_classifier_renewed.model_trainers.meta_trainer | Ep [047/500] T-Acc:  80.0%  V-Acc:  83.3%  V-AUROC: 0.9444  LR: 2.00e-05
2026-06-30 02:53:57,211 | [DYN-LATENT] | INFO | meta_classifier_renewed.model_trainers.meta_trainer | Ep [048/500] T-Acc:  88.0%  V-Acc:  75.0%  V-AUROC: 0.9722  LR: 2.00e-05
2026-06-30 02:53:59,342 | [DYN-LATENT] | INFO | meta_classifier_renewed.model_trainers.meta_trainer | Ep [049/500] T-Acc:  88.0%  V-Acc:  75.0%  V-AUROC: 0.9444  LR: 2.00e-05
2026-06-30 02:54:01,562 | [DYN-LATENT] | INFO | meta_classifier_renewed.model_trainers.meta_trainer | Ep [050/500] T-Acc:  84.0%  V-Acc:  75.0%  V-AUROC: 0.9444  LR: 2.00e-05
2026-06-30 02:54:03,814 | [DYN-LATENT] | INFO | meta_classifier_renewed.model_trainers.meta_trainer | Ep [051/500] T-Acc: 100.0%  V-Acc:  75.0%  V-AUROC: 0.9444  LR: 2.00e-05
2026-06-30 02:54:05,967 | [DYN-LATENT] | INFO | meta_classifier_renewed.model_trainers.meta_trainer | Ep [052/500] T-Acc:  76.0%  V-Acc:  75.0%  V-AUROC: 0.9444  LR: 2.00e-05
2026-06-30 02:54:08,132 | [DYN-LATENT] | INFO | meta_classifier_renewed.model_trainers.meta_trainer | Ep [053/500] T-Acc:  92.0%  V-Acc:  83.3%  V-AUROC: 0.9444  LR: 2.00e-05
2026-06-30 02:54:10,373 | [DYN-LATENT] | INFO | meta_classifier_renewed.model_trainers.meta_trainer | Ep [054/500] T-Acc:  88.0%  V-Acc:  83.3%  V-AUROC: 0.9444  LR: 4.00e-06
2026-06-30 02:54:12,632 | [DYN-LATENT] | INFO | meta_classifier_renewed.model_trainers.meta_trainer | Ep [055/500] T-Acc:  88.0%  V-Acc:  83.3%  V-AUROC: 0.9444  LR: 4.00e-06
2026-06-30 02:54:14,831 | [DYN-LATENT] | INFO | meta_classifier_renewed.model_trainers.meta_trainer | Ep [056/500] T-Acc:  88.0%  V-Acc:  83.3%  V-AUROC: 0.9444  LR: 4.00e-06
2026-06-30 02:54:17,008 | [DYN-LATENT] | INFO | meta_classifier_renewed.model_trainers.meta_trainer | Ep [057/500] T-Acc:  88.0%  V-Acc:  83.3%  V-AUROC: 0.9444  LR: 4.00e-06
2026-06-30 02:54:19,239 | [DYN-LATENT] | INFO | meta_classifier_renewed.model_trainers.meta_trainer | Ep [058/500] T-Acc:  88.0%  V-Acc:  83.3%  V-AUROC: 0.9444  LR: 4.00e-06
2026-06-30 02:54:21,356 | [DYN-LATENT] | INFO | meta_classifier_renewed.model_trainers.meta_trainer | Ep [059/500] T-Acc:  84.0%  V-Acc:  83.3%  V-AUROC: 0.9444  LR: 4.00e-06
2026-06-30 02:54:23,593 | [DYN-LATENT] | INFO | meta_classifier_renewed.model_trainers.meta_trainer | Ep [060/500] T-Acc:  88.0%  V-Acc:  83.3%  V-AUROC: 0.9444  LR: 4.00e-06
2026-06-30 02:54:25,816 | [DYN-LATENT] | INFO | meta_classifier_renewed.model_trainers.meta_trainer | Ep [061/500] T-Acc:  92.0%  V-Acc:  83.3%  V-AUROC: 0.9444  LR: 4.00e-06
2026-06-30 02:54:25,816 | [DYN-LATENT] | INFO | meta_classifier_renewed.model_trainers.meta_trainer | Early stop — best AUROC 0.9722 at epoch 31
2026-06-30 02:54:26,843 | [DYN-LATENT] | INFO | meta_classifier_renewed.evaluators.monte_carlo_evaluator | -> Fold 17 Result | Acc=0.667 Sens=1.000 Spec=0.333 AUROC=0.972
2026-06-30 02:54:27,375 | [DYN-LATENT] | INFO | meta_classifier_renewed.evaluators.monte_carlo_evaluator | === Fold 18/30 | train: 25 subj | test: 12 subj ===
2026-06-30 02:54:30,229 | [DYN-LATENT] | INFO | meta_classifier_renewed.model_trainers.meta_trainer | Ep [001/500] T-Acc:  48.0%  V-Acc:   8.3%  V-AUROC: 0.8182  LR: 2.00e-05
2026-06-30 02:54:32,535 | [DYN-LATENT] | INFO | meta_classifier_renewed.model_trainers.meta_trainer | Ep [002/500] T-Acc:  56.0%  V-Acc:   8.3%  V-AUROC: 0.7273  LR: 4.00e-05
2026-06-30 02:54:35,257 | [DYN-LATENT] | INFO | meta_classifier_renewed.model_trainers.meta_trainer | Ep [003/500] T-Acc:  56.0%  V-Acc:   8.3%  V-AUROC: 0.6364  LR: 6.00e-05
2026-06-30 02:54:37,449 | [DYN-LATENT] | INFO | meta_classifier_renewed.model_trainers.meta_trainer | Ep [004/500] T-Acc:  40.0%  V-Acc:  91.7%  V-AUROC: 0.2727  LR: 8.00e-05
2026-06-30 02:54:39,732 | [DYN-LATENT] | INFO | meta_classifier_renewed.model_trainers.meta_trainer | Ep [005/500] T-Acc:  40.0%  V-Acc:  91.7%  V-AUROC: 0.2727  LR: 1.00e-04
2026-06-30 02:54:41,952 | [DYN-LATENT] | INFO | meta_classifier_renewed.model_trainers.meta_trainer | Ep [006/500] T-Acc:  44.0%  V-Acc:  66.7%  V-AUROC: 0.6364  LR: 1.00e-04
2026-06-30 02:54:44,196 | [DYN-LATENT] | INFO | meta_classifier_renewed.model_trainers.meta_trainer | Ep [007/500] T-Acc:  52.0%  V-Acc:   8.3%  V-AUROC: 0.8182  LR: 1.00e-04
2026-06-30 02:54:46,410 | [DYN-LATENT] | INFO | meta_classifier_renewed.model_trainers.meta_trainer | Ep [008/500] T-Acc:  48.0%  V-Acc:   8.3%  V-AUROC: 0.7273  LR: 1.00e-04
2026-06-30 02:54:48,706 | [DYN-LATENT] | INFO | meta_classifier_renewed.model_trainers.meta_trainer | Ep [009/500] T-Acc:  64.0%  V-Acc:  58.3%  V-AUROC: 0.8182  LR: 1.00e-04
2026-06-30 02:54:50,903 | [DYN-LATENT] | INFO | meta_classifier_renewed.model_trainers.meta_trainer | Ep [010/500] T-Acc:  56.0%  V-Acc:  75.0%  V-AUROC: 0.8182  LR: 1.00e-04
2026-06-30 02:54:53,131 | [DYN-LATENT] | INFO | meta_classifier_renewed.model_trainers.meta_trainer | Ep [011/500] T-Acc:  68.0%  V-Acc:  75.0%  V-AUROC: 0.8182  LR: 1.00e-04
2026-06-30 02:54:55,415 | [DYN-LATENT] | INFO | meta_classifier_renewed.model_trainers.meta_trainer | Ep [012/500] T-Acc:  76.0%  V-Acc:  75.0%  V-AUROC: 0.9091  LR: 1.00e-04
2026-06-30 02:54:57,977 | [DYN-LATENT] | INFO | meta_classifier_renewed.model_trainers.meta_trainer | Ep [013/500] T-Acc:  72.0%  V-Acc:  75.0%  V-AUROC: 0.9091  LR: 1.00e-04
2026-06-30 02:55:00,138 | [DYN-LATENT] | INFO | meta_classifier_renewed.model_trainers.meta_trainer | Ep [014/500] T-Acc:  64.0%  V-Acc:  33.3%  V-AUROC: 0.9091  LR: 1.00e-04
2026-06-30 02:55:02,383 | [DYN-LATENT] | INFO | meta_classifier_renewed.model_trainers.meta_trainer | Ep [015/500] T-Acc:  88.0%  V-Acc:  16.7%  V-AUROC: 0.9091  LR: 1.00e-04
2026-06-30 02:55:04,813 | [DYN-LATENT] | INFO | meta_classifier_renewed.model_trainers.meta_trainer | Ep [016/500] T-Acc:  84.0%  V-Acc:  41.7%  V-AUROC: 0.9091  LR: 1.00e-04
2026-06-30 02:55:07,007 | [DYN-LATENT] | INFO | meta_classifier_renewed.model_trainers.meta_trainer | Ep [017/500] T-Acc:  72.0%  V-Acc:  58.3%  V-AUROC: 0.9091  LR: 1.00e-04
2026-06-30 02:55:09,179 | [DYN-LATENT] | INFO | meta_classifier_renewed.model_trainers.meta_trainer | Ep [018/500] T-Acc:  80.0%  V-Acc:  91.7%  V-AUROC: 0.9091  LR: 1.00e-04
2026-06-30 02:55:11,456 | [DYN-LATENT] | INFO | meta_classifier_renewed.model_trainers.meta_trainer | Ep [019/500] T-Acc:  76.0%  V-Acc:  83.3%  V-AUROC: 0.9091  LR: 1.00e-04
2026-06-30 02:55:13,641 | [DYN-LATENT] | INFO | meta_classifier_renewed.model_trainers.meta_trainer | Ep [020/500] T-Acc:  72.0%  V-Acc:  41.7%  V-AUROC: 0.9091  LR: 1.00e-04
2026-06-30 02:55:15,810 | [DYN-LATENT] | INFO | meta_classifier_renewed.model_trainers.meta_trainer | Ep [021/500] T-Acc:  84.0%  V-Acc:  41.7%  V-AUROC: 0.9091  LR: 1.00e-04
2026-06-30 02:55:17,977 | [DYN-LATENT] | INFO | meta_classifier_renewed.model_trainers.meta_trainer | Ep [022/500] T-Acc:  72.0%  V-Acc:  75.0%  V-AUROC: 0.9091  LR: 1.00e-04
2026-06-30 02:55:20,204 | [DYN-LATENT] | INFO | meta_classifier_renewed.model_trainers.meta_trainer | Ep [023/500] T-Acc:  88.0%  V-Acc:  50.0%  V-AUROC: 0.9091  LR: 1.00e-04
2026-06-30 02:55:22,391 | [DYN-LATENT] | INFO | meta_classifier_renewed.model_trainers.meta_trainer | Ep [024/500] T-Acc:  80.0%  V-Acc:  41.7%  V-AUROC: 0.9091  LR: 2.00e-05
2026-06-30 02:55:24,611 | [DYN-LATENT] | INFO | meta_classifier_renewed.model_trainers.meta_trainer | Ep [025/500] T-Acc:  88.0%  V-Acc:  66.7%  V-AUROC: 0.9091  LR: 2.00e-05
2026-06-30 02:55:26,926 | [DYN-LATENT] | INFO | meta_classifier_renewed.model_trainers.meta_trainer | Ep [026/500] T-Acc:  80.0%  V-Acc:  66.7%  V-AUROC: 0.9091  LR: 2.00e-05
2026-06-30 02:55:29,143 | [DYN-LATENT] | INFO | meta_classifier_renewed.model_trainers.meta_trainer | Ep [027/500] T-Acc:  72.0%  V-Acc:  66.7%  V-AUROC: 0.9091  LR: 2.00e-05
2026-06-30 02:55:31,281 | [DYN-LATENT] | INFO | meta_classifier_renewed.model_trainers.meta_trainer | Ep [028/500] T-Acc:  88.0%  V-Acc:  66.7%  V-AUROC: 0.9091  LR: 2.00e-05
2026-06-30 02:55:33,487 | [DYN-LATENT] | INFO | meta_classifier_renewed.model_trainers.meta_trainer | Ep [029/500] T-Acc:  92.0%  V-Acc:  75.0%  V-AUROC: 0.9091  LR: 2.00e-05
2026-06-30 02:55:35,777 | [DYN-LATENT] | INFO | meta_classifier_renewed.model_trainers.meta_trainer | Ep [030/500] T-Acc:  76.0%  V-Acc:  75.0%  V-AUROC: 0.9091  LR: 2.00e-05
2026-06-30 02:55:37,925 | [DYN-LATENT] | INFO | meta_classifier_renewed.model_trainers.meta_trainer | Ep [031/500] T-Acc:  88.0%  V-Acc:  75.0%  V-AUROC: 0.9091  LR: 2.00e-05
2026-06-30 02:55:40,208 | [DYN-LATENT] | INFO | meta_classifier_renewed.model_trainers.meta_trainer | Ep [032/500] T-Acc: 100.0%  V-Acc:  75.0%  V-AUROC: 0.9091  LR: 2.00e-05
2026-06-30 02:55:42,430 | [DYN-LATENT] | INFO | meta_classifier_renewed.model_trainers.meta_trainer | Ep [033/500] T-Acc:  88.0%  V-Acc:  75.0%  V-AUROC: 0.9091  LR: 2.00e-05
2026-06-30 02:55:44,584 | [DYN-LATENT] | INFO | meta_classifier_renewed.model_trainers.meta_trainer | Ep [034/500] T-Acc:  84.0%  V-Acc:  66.7%  V-AUROC: 0.9091  LR: 2.00e-05
2026-06-30 02:55:46,865 | [DYN-LATENT] | INFO | meta_classifier_renewed.model_trainers.meta_trainer | Ep [035/500] T-Acc:  88.0%  V-Acc:  58.3%  V-AUROC: 0.9091  LR: 4.00e-06
2026-06-30 02:55:49,200 | [DYN-LATENT] | INFO | meta_classifier_renewed.model_trainers.meta_trainer | Ep [036/500] T-Acc:  88.0%  V-Acc:  41.7%  V-AUROC: 0.9091  LR: 4.00e-06
2026-06-30 02:55:51,353 | [DYN-LATENT] | INFO | meta_classifier_renewed.model_trainers.meta_trainer | Ep [037/500] T-Acc:  96.0%  V-Acc:  41.7%  V-AUROC: 0.9091  LR: 4.00e-06
2026-06-30 02:55:53,507 | [DYN-LATENT] | INFO | meta_classifier_renewed.model_trainers.meta_trainer | Ep [038/500] T-Acc:  96.0%  V-Acc:  41.7%  V-AUROC: 0.9091  LR: 4.00e-06
2026-06-30 02:55:55,749 | [DYN-LATENT] | INFO | meta_classifier_renewed.model_trainers.meta_trainer | Ep [039/500] T-Acc:  84.0%  V-Acc:  41.7%  V-AUROC: 0.9091  LR: 4.00e-06
2026-06-30 02:55:57,921 | [DYN-LATENT] | INFO | meta_classifier_renewed.model_trainers.meta_trainer | Ep [040/500] T-Acc:  84.0%  V-Acc:  41.7%  V-AUROC: 0.9091  LR: 4.00e-06
2026-06-30 02:56:00,117 | [DYN-LATENT] | INFO | meta_classifier_renewed.model_trainers.meta_trainer | Ep [041/500] T-Acc:  88.0%  V-Acc:  41.7%  V-AUROC: 0.9091  LR: 4.00e-06
2026-06-30 02:56:02,280 | [DYN-LATENT] | INFO | meta_classifier_renewed.model_trainers.meta_trainer | Ep [042/500] T-Acc:  88.0%  V-Acc:  41.7%  V-AUROC: 0.9091  LR: 4.00e-06
2026-06-30 02:56:02,280 | [DYN-LATENT] | INFO | meta_classifier_renewed.model_trainers.meta_trainer | Early stop — best AUROC 0.9091 at epoch 12
2026-06-30 02:56:03,173 | [DYN-LATENT] | INFO | meta_classifier_renewed.evaluators.monte_carlo_evaluator | -> Fold 18 Result | Acc=0.750 Sens=0.727 Spec=1.000 AUROC=0.909
2026-06-30 02:56:03,685 | [DYN-LATENT] | INFO | meta_classifier_renewed.evaluators.monte_carlo_evaluator | === Fold 19/30 | train: 25 subj | test: 12 subj ===
2026-06-30 02:56:06,483 | [DYN-LATENT] | INFO | meta_classifier_renewed.model_trainers.meta_trainer | Ep [001/500] T-Acc:  64.0%  V-Acc:  41.7%  V-AUROC: 0.4375  LR: 2.00e-05
2026-06-30 02:56:09,044 | [DYN-LATENT] | INFO | meta_classifier_renewed.model_trainers.meta_trainer | Ep [002/500] T-Acc:  52.0%  V-Acc:  41.7%  V-AUROC: 0.4375  LR: 4.00e-05
2026-06-30 02:56:11,642 | [DYN-LATENT] | INFO | meta_classifier_renewed.model_trainers.meta_trainer | Ep [003/500] T-Acc:  72.0%  V-Acc:  66.7%  V-AUROC: 0.7188  LR: 6.00e-05
2026-06-30 02:56:13,943 | [DYN-LATENT] | INFO | meta_classifier_renewed.model_trainers.meta_trainer | Ep [004/500] T-Acc:  56.0%  V-Acc:  66.7%  V-AUROC: 0.6875  LR: 8.00e-05
2026-06-30 02:56:16,125 | [DYN-LATENT] | INFO | meta_classifier_renewed.model_trainers.meta_trainer | Ep [005/500] T-Acc:  56.0%  V-Acc:  66.7%  V-AUROC: 0.8438  LR: 1.00e-04
2026-06-30 02:56:18,569 | [DYN-LATENT] | INFO | meta_classifier_renewed.model_trainers.meta_trainer | Ep [006/500] T-Acc:  52.0%  V-Acc:  66.7%  V-AUROC: 0.8125  LR: 1.00e-04
2026-06-30 02:56:20,826 | [DYN-LATENT] | INFO | meta_classifier_renewed.model_trainers.meta_trainer | Ep [007/500] T-Acc:  52.0%  V-Acc:  58.3%  V-AUROC: 0.6875  LR: 1.00e-04
2026-06-30 02:56:23,059 | [DYN-LATENT] | INFO | meta_classifier_renewed.model_trainers.meta_trainer | Ep [008/500] T-Acc:  68.0%  V-Acc:  66.7%  V-AUROC: 0.6875  LR: 1.00e-04
2026-06-30 02:56:25,571 | [DYN-LATENT] | INFO | meta_classifier_renewed.model_trainers.meta_trainer | Ep [009/500] T-Acc:  56.0%  V-Acc:  66.7%  V-AUROC: 0.6250  LR: 1.00e-04
2026-06-30 02:56:27,710 | [DYN-LATENT] | INFO | meta_classifier_renewed.model_trainers.meta_trainer | Ep [010/500] T-Acc:  80.0%  V-Acc:  66.7%  V-AUROC: 0.6875  LR: 1.00e-04
2026-06-30 02:56:29,986 | [DYN-LATENT] | INFO | meta_classifier_renewed.model_trainers.meta_trainer | Ep [011/500] T-Acc:  76.0%  V-Acc:  58.3%  V-AUROC: 0.6562  LR: 1.00e-04
2026-06-30 02:56:32,136 | [DYN-LATENT] | INFO | meta_classifier_renewed.model_trainers.meta_trainer | Ep [012/500] T-Acc:  64.0%  V-Acc:  50.0%  V-AUROC: 0.6562  LR: 1.00e-04
2026-06-30 02:56:34,454 | [DYN-LATENT] | INFO | meta_classifier_renewed.model_trainers.meta_trainer | Ep [013/500] T-Acc:  76.0%  V-Acc:  50.0%  V-AUROC: 0.6562  LR: 1.00e-04
2026-06-30 02:56:36,651 | [DYN-LATENT] | INFO | meta_classifier_renewed.model_trainers.meta_trainer | Ep [014/500] T-Acc:  60.0%  V-Acc:  58.3%  V-AUROC: 0.7188  LR: 1.00e-04
2026-06-30 02:56:38,831 | [DYN-LATENT] | INFO | meta_classifier_renewed.model_trainers.meta_trainer | Ep [015/500] T-Acc:  56.0%  V-Acc:  66.7%  V-AUROC: 0.7188  LR: 1.00e-04
2026-06-30 02:56:41,170 | [DYN-LATENT] | INFO | meta_classifier_renewed.model_trainers.meta_trainer | Ep [016/500] T-Acc:  56.0%  V-Acc:  66.7%  V-AUROC: 0.7188  LR: 1.00e-04
2026-06-30 02:56:43,356 | [DYN-LATENT] | INFO | meta_classifier_renewed.model_trainers.meta_trainer | Ep [017/500] T-Acc:  72.0%  V-Acc:  66.7%  V-AUROC: 0.7188  LR: 1.00e-04
2026-06-30 02:56:45,508 | [DYN-LATENT] | INFO | meta_classifier_renewed.model_trainers.meta_trainer | Ep [018/500] T-Acc:  72.0%  V-Acc:  58.3%  V-AUROC: 0.7188  LR: 2.00e-05
2026-06-30 02:56:47,692 | [DYN-LATENT] | INFO | meta_classifier_renewed.model_trainers.meta_trainer | Ep [019/500] T-Acc:  80.0%  V-Acc:  66.7%  V-AUROC: 0.7188  LR: 2.00e-05
2026-06-30 02:56:49,934 | [DYN-LATENT] | INFO | meta_classifier_renewed.model_trainers.meta_trainer | Ep [020/500] T-Acc:  76.0%  V-Acc:  50.0%  V-AUROC: 0.7188  LR: 2.00e-05
2026-06-30 02:56:52,128 | [DYN-LATENT] | INFO | meta_classifier_renewed.model_trainers.meta_trainer | Ep [021/500] T-Acc:  76.0%  V-Acc:  50.0%  V-AUROC: 0.7188  LR: 2.00e-05
2026-06-30 02:56:54,270 | [DYN-LATENT] | INFO | meta_classifier_renewed.model_trainers.meta_trainer | Ep [022/500] T-Acc:  76.0%  V-Acc:  66.7%  V-AUROC: 0.7188  LR: 2.00e-05
2026-06-30 02:56:56,488 | [DYN-LATENT] | INFO | meta_classifier_renewed.model_trainers.meta_trainer | Ep [023/500] T-Acc:  80.0%  V-Acc:  66.7%  V-AUROC: 0.7188  LR: 2.00e-05
2026-06-30 02:56:58,642 | [DYN-LATENT] | INFO | meta_classifier_renewed.model_trainers.meta_trainer | Ep [024/500] T-Acc:  84.0%  V-Acc:  58.3%  V-AUROC: 0.7188  LR: 2.00e-05
2026-06-30 02:57:00,803 | [DYN-LATENT] | INFO | meta_classifier_renewed.model_trainers.meta_trainer | Ep [025/500] T-Acc:  68.0%  V-Acc:  66.7%  V-AUROC: 0.7188  LR: 2.00e-05
2026-06-30 02:57:03,019 | [DYN-LATENT] | INFO | meta_classifier_renewed.model_trainers.meta_trainer | Ep [026/500] T-Acc:  92.0%  V-Acc:  75.0%  V-AUROC: 0.7188  LR: 2.00e-05
2026-06-30 02:57:05,263 | [DYN-LATENT] | INFO | meta_classifier_renewed.model_trainers.meta_trainer | Ep [027/500] T-Acc:  72.0%  V-Acc:  66.7%  V-AUROC: 0.7188  LR: 2.00e-05
2026-06-30 02:57:07,419 | [DYN-LATENT] | INFO | meta_classifier_renewed.model_trainers.meta_trainer | Ep [028/500] T-Acc:  72.0%  V-Acc:  66.7%  V-AUROC: 0.7188  LR: 2.00e-05
2026-06-30 02:57:09,652 | [DYN-LATENT] | INFO | meta_classifier_renewed.model_trainers.meta_trainer | Ep [029/500] T-Acc:  60.0%  V-Acc:  66.7%  V-AUROC: 0.7188  LR: 4.00e-06
2026-06-30 02:57:11,930 | [DYN-LATENT] | INFO | meta_classifier_renewed.model_trainers.meta_trainer | Ep [030/500] T-Acc:  60.0%  V-Acc:  75.0%  V-AUROC: 0.7188  LR: 4.00e-06
2026-06-30 02:57:14,179 | [DYN-LATENT] | INFO | meta_classifier_renewed.model_trainers.meta_trainer | Ep [031/500] T-Acc:  68.0%  V-Acc:  75.0%  V-AUROC: 0.7188  LR: 4.00e-06
2026-06-30 02:57:16,332 | [DYN-LATENT] | INFO | meta_classifier_renewed.model_trainers.meta_trainer | Ep [032/500] T-Acc:  80.0%  V-Acc:  75.0%  V-AUROC: 0.7188  LR: 4.00e-06
2026-06-30 02:57:18,565 | [DYN-LATENT] | INFO | meta_classifier_renewed.model_trainers.meta_trainer | Ep [033/500] T-Acc:  84.0%  V-Acc:  75.0%  V-AUROC: 0.7188  LR: 4.00e-06
2026-06-30 02:57:20,850 | [DYN-LATENT] | INFO | meta_classifier_renewed.model_trainers.meta_trainer | Ep [034/500] T-Acc:  80.0%  V-Acc:  66.7%  V-AUROC: 0.7188  LR: 4.00e-06
2026-06-30 02:57:23,006 | [DYN-LATENT] | INFO | meta_classifier_renewed.model_trainers.meta_trainer | Ep [035/500] T-Acc:  68.0%  V-Acc:  66.7%  V-AUROC: 0.7188  LR: 4.00e-06
2026-06-30 02:57:23,007 | [DYN-LATENT] | INFO | meta_classifier_renewed.model_trainers.meta_trainer | Early stop — best AUROC 0.8438 at epoch 5
2026-06-30 02:57:23,957 | [DYN-LATENT] | INFO | meta_classifier_renewed.evaluators.monte_carlo_evaluator | -> Fold 19 Result | Acc=0.667 Sens=1.000 Spec=0.000 AUROC=0.844
2026-06-30 02:57:24,452 | [DYN-LATENT] | INFO | meta_classifier_renewed.evaluators.monte_carlo_evaluator | === Fold 20/30 | train: 25 subj | test: 12 subj ===
2026-06-30 02:57:27,308 | [DYN-LATENT] | INFO | meta_classifier_renewed.model_trainers.meta_trainer | Ep [001/500] T-Acc:  56.0%  V-Acc:  75.0%  V-AUROC: 0.6667  LR: 2.00e-05
2026-06-30 02:57:29,581 | [DYN-LATENT] | INFO | meta_classifier_renewed.model_trainers.meta_trainer | Ep [002/500] T-Acc:  52.0%  V-Acc:  75.0%  V-AUROC: 0.5556  LR: 4.00e-05
2026-06-30 02:57:32,094 | [DYN-LATENT] | INFO | meta_classifier_renewed.model_trainers.meta_trainer | Ep [003/500] T-Acc:  40.0%  V-Acc:  25.0%  V-AUROC: 0.3704  LR: 6.00e-05
2026-06-30 02:57:34,468 | [DYN-LATENT] | INFO | meta_classifier_renewed.model_trainers.meta_trainer | Ep [004/500] T-Acc:  40.0%  V-Acc:  25.0%  V-AUROC: 0.3333  LR: 8.00e-05
2026-06-30 02:57:36,691 | [DYN-LATENT] | INFO | meta_classifier_renewed.model_trainers.meta_trainer | Ep [005/500] T-Acc:  36.0%  V-Acc:  25.0%  V-AUROC: 0.3704  LR: 1.00e-04
2026-06-30 02:57:38,886 | [DYN-LATENT] | INFO | meta_classifier_renewed.model_trainers.meta_trainer | Ep [006/500] T-Acc:  44.0%  V-Acc:  75.0%  V-AUROC: 0.7037  LR: 1.00e-04
2026-06-30 02:57:41,329 | [DYN-LATENT] | INFO | meta_classifier_renewed.model_trainers.meta_trainer | Ep [007/500] T-Acc:  52.0%  V-Acc:  75.0%  V-AUROC: 0.8148  LR: 1.00e-04
2026-06-30 02:57:43,619 | [DYN-LATENT] | INFO | meta_classifier_renewed.model_trainers.meta_trainer | Ep [008/500] T-Acc:  44.0%  V-Acc:  75.0%  V-AUROC: 0.7778  LR: 1.00e-04
2026-06-30 02:57:45,802 | [DYN-LATENT] | INFO | meta_classifier_renewed.model_trainers.meta_trainer | Ep [009/500] T-Acc:  48.0%  V-Acc:  33.3%  V-AUROC: 0.6296  LR: 1.00e-04
2026-06-30 02:57:48,023 | [DYN-LATENT] | INFO | meta_classifier_renewed.model_trainers.meta_trainer | Ep [010/500] T-Acc:  40.0%  V-Acc:  25.0%  V-AUROC: 0.4444  LR: 1.00e-04
2026-06-30 02:57:50,414 | [DYN-LATENT] | INFO | meta_classifier_renewed.model_trainers.meta_trainer | Ep [011/500] T-Acc:  40.0%  V-Acc:  25.0%  V-AUROC: 0.4815  LR: 1.00e-04
2026-06-30 02:57:52,658 | [DYN-LATENT] | INFO | meta_classifier_renewed.model_trainers.meta_trainer | Ep [012/500] T-Acc:  56.0%  V-Acc:  75.0%  V-AUROC: 0.6667  LR: 1.00e-04
2026-06-30 02:57:54,890 | [DYN-LATENT] | INFO | meta_classifier_renewed.model_trainers.meta_trainer | Ep [013/500] T-Acc:  52.0%  V-Acc:  75.0%  V-AUROC: 0.6296  LR: 1.00e-04
2026-06-30 02:57:57,244 | [DYN-LATENT] | INFO | meta_classifier_renewed.model_trainers.meta_trainer | Ep [014/500] T-Acc:  56.0%  V-Acc:  58.3%  V-AUROC: 0.4444  LR: 1.00e-04
2026-06-30 02:57:59,440 | [DYN-LATENT] | INFO | meta_classifier_renewed.model_trainers.meta_trainer | Ep [015/500] T-Acc:  60.0%  V-Acc:  25.0%  V-AUROC: 0.3704  LR: 1.00e-04
2026-06-30 02:58:01,577 | [DYN-LATENT] | INFO | meta_classifier_renewed.model_trainers.meta_trainer | Ep [016/500] T-Acc:  64.0%  V-Acc:  25.0%  V-AUROC: 0.3704  LR: 1.00e-04
2026-06-30 02:58:03,758 | [DYN-LATENT] | INFO | meta_classifier_renewed.model_trainers.meta_trainer | Ep [017/500] T-Acc:  40.0%  V-Acc:  41.7%  V-AUROC: 0.4444  LR: 1.00e-04
2026-06-30 02:58:06,011 | [DYN-LATENT] | INFO | meta_classifier_renewed.model_trainers.meta_trainer | Ep [018/500] T-Acc:  72.0%  V-Acc:  58.3%  V-AUROC: 0.4444  LR: 1.00e-04
2026-06-30 02:58:08,306 | [DYN-LATENT] | INFO | meta_classifier_renewed.model_trainers.meta_trainer | Ep [019/500] T-Acc:  68.0%  V-Acc:  41.7%  V-AUROC: 0.4444  LR: 2.00e-05
2026-06-30 02:58:10,496 | [DYN-LATENT] | INFO | meta_classifier_renewed.model_trainers.meta_trainer | Ep [020/500] T-Acc:  76.0%  V-Acc:  33.3%  V-AUROC: 0.4444  LR: 2.00e-05
2026-06-30 02:58:12,624 | [DYN-LATENT] | INFO | meta_classifier_renewed.model_trainers.meta_trainer | Ep [021/500] T-Acc:  68.0%  V-Acc:  33.3%  V-AUROC: 0.4444  LR: 2.00e-05
2026-06-30 02:58:14,894 | [DYN-LATENT] | INFO | meta_classifier_renewed.model_trainers.meta_trainer | Ep [022/500] T-Acc:  72.0%  V-Acc:  50.0%  V-AUROC: 0.4074  LR: 2.00e-05
2026-06-30 02:58:17,093 | [DYN-LATENT] | INFO | meta_classifier_renewed.model_trainers.meta_trainer | Ep [023/500] T-Acc:  68.0%  V-Acc:  41.7%  V-AUROC: 0.4074  LR: 2.00e-05
2026-06-30 02:58:19,286 | [DYN-LATENT] | INFO | meta_classifier_renewed.model_trainers.meta_trainer | Ep [024/500] T-Acc:  64.0%  V-Acc:  33.3%  V-AUROC: 0.4444  LR: 2.00e-05
2026-06-30 02:58:21,422 | [DYN-LATENT] | INFO | meta_classifier_renewed.model_trainers.meta_trainer | Ep [025/500] T-Acc:  56.0%  V-Acc:  33.3%  V-AUROC: 0.4444  LR: 2.00e-05
2026-06-30 02:58:23,623 | [DYN-LATENT] | INFO | meta_classifier_renewed.model_trainers.meta_trainer | Ep [026/500] T-Acc:  68.0%  V-Acc:  58.3%  V-AUROC: 0.4444  LR: 2.00e-05
2026-06-30 02:58:25,908 | [DYN-LATENT] | INFO | meta_classifier_renewed.model_trainers.meta_trainer | Ep [027/500] T-Acc:  56.0%  V-Acc:  41.7%  V-AUROC: 0.4444  LR: 2.00e-05
2026-06-30 02:58:28,136 | [DYN-LATENT] | INFO | meta_classifier_renewed.model_trainers.meta_trainer | Ep [028/500] T-Acc:  60.0%  V-Acc:  41.7%  V-AUROC: 0.4444  LR: 2.00e-05
2026-06-30 02:58:30,283 | [DYN-LATENT] | INFO | meta_classifier_renewed.model_trainers.meta_trainer | Ep [029/500] T-Acc:  80.0%  V-Acc:  33.3%  V-AUROC: 0.4444  LR: 2.00e-05
2026-06-30 02:58:32,456 | [DYN-LATENT] | INFO | meta_classifier_renewed.model_trainers.meta_trainer | Ep [030/500] T-Acc:  64.0%  V-Acc:  33.3%  V-AUROC: 0.4444  LR: 4.00e-06
2026-06-30 02:58:34,677 | [DYN-LATENT] | INFO | meta_classifier_renewed.model_trainers.meta_trainer | Ep [031/500] T-Acc:  64.0%  V-Acc:  33.3%  V-AUROC: 0.4444  LR: 4.00e-06
2026-06-30 02:58:36,899 | [DYN-LATENT] | INFO | meta_classifier_renewed.model_trainers.meta_trainer | Ep [032/500] T-Acc:  76.0%  V-Acc:  33.3%  V-AUROC: 0.4444  LR: 4.00e-06
2026-06-30 02:58:39,038 | [DYN-LATENT] | INFO | meta_classifier_renewed.model_trainers.meta_trainer | Ep [033/500] T-Acc:  84.0%  V-Acc:  33.3%  V-AUROC: 0.4444  LR: 4.00e-06
2026-06-30 02:58:41,302 | [DYN-LATENT] | INFO | meta_classifier_renewed.model_trainers.meta_trainer | Ep [034/500] T-Acc:  48.0%  V-Acc:  33.3%  V-AUROC: 0.4444  LR: 4.00e-06
2026-06-30 02:58:43,466 | [DYN-LATENT] | INFO | meta_classifier_renewed.model_trainers.meta_trainer | Ep [035/500] T-Acc:  68.0%  V-Acc:  33.3%  V-AUROC: 0.4444  LR: 4.00e-06
2026-06-30 02:58:45,672 | [DYN-LATENT] | INFO | meta_classifier_renewed.model_trainers.meta_trainer | Ep [036/500] T-Acc:  64.0%  V-Acc:  33.3%  V-AUROC: 0.4444  LR: 4.00e-06
2026-06-30 02:58:47,867 | [DYN-LATENT] | INFO | meta_classifier_renewed.model_trainers.meta_trainer | Ep [037/500] T-Acc:  60.0%  V-Acc:  33.3%  V-AUROC: 0.4444  LR: 4.00e-06
2026-06-30 02:58:47,868 | [DYN-LATENT] | INFO | meta_classifier_renewed.model_trainers.meta_trainer | Early stop — best AUROC 0.8148 at epoch 7
2026-06-30 02:58:48,800 | [DYN-LATENT] | INFO | meta_classifier_renewed.evaluators.monte_carlo_evaluator | -> Fold 20 Result | Acc=0.750 Sens=1.000 Spec=0.000 AUROC=0.778
2026-06-30 02:58:49,175 | [DYN-LATENT] | INFO | meta_classifier_renewed.evaluators.monte_carlo_evaluator | === Fold 21/30 | train: 25 subj | test: 12 subj ===
2026-06-30 02:58:52,309 | [DYN-LATENT] | INFO | meta_classifier_renewed.model_trainers.meta_trainer | Ep [001/500] T-Acc:  36.0%  V-Acc:  50.0%  V-AUROC: 0.1944  LR: 2.00e-05
2026-06-30 02:58:54,820 | [DYN-LATENT] | INFO | meta_classifier_renewed.model_trainers.meta_trainer | Ep [002/500] T-Acc:  48.0%  V-Acc:  50.0%  V-AUROC: 0.2500  LR: 4.00e-05
2026-06-30 02:58:57,327 | [DYN-LATENT] | INFO | meta_classifier_renewed.model_trainers.meta_trainer | Ep [003/500] T-Acc:  48.0%  V-Acc:  50.0%  V-AUROC: 0.2500  LR: 6.00e-05
2026-06-30 02:58:59,489 | [DYN-LATENT] | INFO | meta_classifier_renewed.model_trainers.meta_trainer | Ep [004/500] T-Acc:  48.0%  V-Acc:  50.0%  V-AUROC: 0.3889  LR: 8.00e-05
2026-06-30 02:59:01,774 | [DYN-LATENT] | INFO | meta_classifier_renewed.model_trainers.meta_trainer | Ep [005/500] T-Acc:  44.0%  V-Acc:  50.0%  V-AUROC: 0.4722  LR: 1.00e-04
2026-06-30 02:59:04,252 | [DYN-LATENT] | INFO | meta_classifier_renewed.model_trainers.meta_trainer | Ep [006/500] T-Acc:  56.0%  V-Acc:  50.0%  V-AUROC: 0.4167  LR: 1.00e-04
2026-06-30 02:59:06,395 | [DYN-LATENT] | INFO | meta_classifier_renewed.model_trainers.meta_trainer | Ep [007/500] T-Acc:  56.0%  V-Acc:  50.0%  V-AUROC: 0.3333  LR: 1.00e-04
2026-06-30 02:59:08,583 | [DYN-LATENT] | INFO | meta_classifier_renewed.model_trainers.meta_trainer | Ep [008/500] T-Acc:  52.0%  V-Acc:  50.0%  V-AUROC: 0.3611  LR: 1.00e-04
2026-06-30 02:59:10,880 | [DYN-LATENT] | INFO | meta_classifier_renewed.model_trainers.meta_trainer | Ep [009/500] T-Acc:  48.0%  V-Acc:  50.0%  V-AUROC: 0.3611  LR: 1.00e-04
2026-06-30 02:59:13,046 | [DYN-LATENT] | INFO | meta_classifier_renewed.model_trainers.meta_trainer | Ep [010/500] T-Acc:  64.0%  V-Acc:  50.0%  V-AUROC: 0.3333  LR: 1.00e-04
2026-06-30 02:59:15,373 | [DYN-LATENT] | INFO | meta_classifier_renewed.model_trainers.meta_trainer | Ep [011/500] T-Acc:  48.0%  V-Acc:  41.7%  V-AUROC: 0.3889  LR: 1.00e-04
2026-06-30 02:59:17,548 | [DYN-LATENT] | INFO | meta_classifier_renewed.model_trainers.meta_trainer | Ep [012/500] T-Acc:  64.0%  V-Acc:  50.0%  V-AUROC: 0.4167  LR: 1.00e-04
2026-06-30 02:59:19,825 | [DYN-LATENT] | INFO | meta_classifier_renewed.model_trainers.meta_trainer | Ep [013/500] T-Acc:  44.0%  V-Acc:  50.0%  V-AUROC: 0.4444  LR: 1.00e-04
2026-06-30 02:59:21,955 | [DYN-LATENT] | INFO | meta_classifier_renewed.model_trainers.meta_trainer | Ep [014/500] T-Acc:  56.0%  V-Acc:  41.7%  V-AUROC: 0.4444  LR: 1.00e-04
2026-06-30 02:59:24,132 | [DYN-LATENT] | INFO | meta_classifier_renewed.model_trainers.meta_trainer | Ep [015/500] T-Acc:  52.0%  V-Acc:  50.0%  V-AUROC: 0.4444  LR: 1.00e-04
2026-06-30 02:59:26,447 | [DYN-LATENT] | INFO | meta_classifier_renewed.model_trainers.meta_trainer | Ep [016/500] T-Acc:  44.0%  V-Acc:  58.3%  V-AUROC: 0.4444  LR: 1.00e-04
2026-06-30 02:59:28,644 | [DYN-LATENT] | INFO | meta_classifier_renewed.model_trainers.meta_trainer | Ep [017/500] T-Acc:  48.0%  V-Acc:  41.7%  V-AUROC: 0.4444  LR: 1.00e-04
2026-06-30 02:59:30,832 | [DYN-LATENT] | INFO | meta_classifier_renewed.model_trainers.meta_trainer | Ep [018/500] T-Acc:  52.0%  V-Acc:  50.0%  V-AUROC: 0.4444  LR: 1.00e-04
2026-06-30 02:59:33,011 | [DYN-LATENT] | INFO | meta_classifier_renewed.model_trainers.meta_trainer | Ep [019/500] T-Acc:  64.0%  V-Acc:  50.0%  V-AUROC: 0.4444  LR: 1.00e-04
2026-06-30 02:59:35,235 | [DYN-LATENT] | INFO | meta_classifier_renewed.model_trainers.meta_trainer | Ep [020/500] T-Acc:  64.0%  V-Acc:  50.0%  V-AUROC: 0.4444  LR: 1.00e-04
2026-06-30 02:59:37,413 | [DYN-LATENT] | INFO | meta_classifier_renewed.model_trainers.meta_trainer | Ep [021/500] T-Acc:  56.0%  V-Acc:  41.7%  V-AUROC: 0.4444  LR: 1.00e-04
2026-06-30 02:59:39,575 | [DYN-LATENT] | INFO | meta_classifier_renewed.model_trainers.meta_trainer | Ep [022/500] T-Acc:  60.0%  V-Acc:  33.3%  V-AUROC: 0.4444  LR: 1.00e-04
2026-06-30 02:59:41,797 | [DYN-LATENT] | INFO | meta_classifier_renewed.model_trainers.meta_trainer | Ep [023/500] T-Acc:  52.0%  V-Acc:  41.7%  V-AUROC: 0.4444  LR: 1.00e-04
2026-06-30 02:59:43,948 | [DYN-LATENT] | INFO | meta_classifier_renewed.model_trainers.meta_trainer | Ep [024/500] T-Acc:  68.0%  V-Acc:  58.3%  V-AUROC: 0.4444  LR: 1.00e-04
2026-06-30 02:59:46,180 | [DYN-LATENT] | INFO | meta_classifier_renewed.model_trainers.meta_trainer | Ep [025/500] T-Acc:  76.0%  V-Acc:  58.3%  V-AUROC: 0.4444  LR: 2.00e-05
2026-06-30 02:59:48,334 | [DYN-LATENT] | INFO | meta_classifier_renewed.model_trainers.meta_trainer | Ep [026/500] T-Acc:  76.0%  V-Acc:  58.3%  V-AUROC: 0.4444  LR: 2.00e-05
2026-06-30 02:59:50,611 | [DYN-LATENT] | INFO | meta_classifier_renewed.model_trainers.meta_trainer | Ep [027/500] T-Acc:  60.0%  V-Acc:  58.3%  V-AUROC: 0.4444  LR: 2.00e-05
2026-06-30 02:59:52,774 | [DYN-LATENT] | INFO | meta_classifier_renewed.model_trainers.meta_trainer | Ep [028/500] T-Acc:  76.0%  V-Acc:  58.3%  V-AUROC: 0.4444  LR: 2.00e-05
2026-06-30 02:59:54,983 | [DYN-LATENT] | INFO | meta_classifier_renewed.model_trainers.meta_trainer | Ep [029/500] T-Acc:  76.0%  V-Acc:  58.3%  V-AUROC: 0.4444  LR: 2.00e-05
2026-06-30 02:59:57,186 | [DYN-LATENT] | INFO | meta_classifier_renewed.model_trainers.meta_trainer | Ep [030/500] T-Acc:  64.0%  V-Acc:  58.3%  V-AUROC: 0.4444  LR: 2.00e-05
2026-06-30 02:59:59,323 | [DYN-LATENT] | INFO | meta_classifier_renewed.model_trainers.meta_trainer | Ep [031/500] T-Acc:  72.0%  V-Acc:  58.3%  V-AUROC: 0.4444  LR: 2.00e-05
2026-06-30 03:00:01,444 | [DYN-LATENT] | INFO | meta_classifier_renewed.model_trainers.meta_trainer | Ep [032/500] T-Acc:  64.0%  V-Acc:  58.3%  V-AUROC: 0.4444  LR: 2.00e-05
2026-06-30 03:00:03,620 | [DYN-LATENT] | INFO | meta_classifier_renewed.model_trainers.meta_trainer | Ep [033/500] T-Acc:  56.0%  V-Acc:  41.7%  V-AUROC: 0.4444  LR: 2.00e-05
2026-06-30 03:00:05,827 | [DYN-LATENT] | INFO | meta_classifier_renewed.model_trainers.meta_trainer | Ep [034/500] T-Acc:  76.0%  V-Acc:  41.7%  V-AUROC: 0.4444  LR: 2.00e-05
2026-06-30 03:00:07,986 | [DYN-LATENT] | INFO | meta_classifier_renewed.model_trainers.meta_trainer | Ep [035/500] T-Acc:  64.0%  V-Acc:  41.7%  V-AUROC: 0.4444  LR: 2.00e-05
2026-06-30 03:00:07,987 | [DYN-LATENT] | INFO | meta_classifier_renewed.model_trainers.meta_trainer | Early stop — best AUROC 0.4722 at epoch 5
2026-06-30 03:00:09,012 | [DYN-LATENT] | INFO | meta_classifier_renewed.evaluators.monte_carlo_evaluator | -> Fold 21 Result | Acc=0.500 Sens=1.000 Spec=0.000 AUROC=0.472
2026-06-30 03:00:09,522 | [DYN-LATENT] | INFO | meta_classifier_renewed.evaluators.monte_carlo_evaluator | === Fold 22/30 | train: 25 subj | test: 12 subj ===
2026-06-30 03:00:12,390 | [DYN-LATENT] | INFO | meta_classifier_renewed.model_trainers.meta_trainer | Ep [001/500] T-Acc:  72.0%  V-Acc:  58.3%  V-AUROC: 0.8286  LR: 2.00e-05
2026-06-30 03:00:14,624 | [DYN-LATENT] | INFO | meta_classifier_renewed.model_trainers.meta_trainer | Ep [002/500] T-Acc:  52.0%  V-Acc:  58.3%  V-AUROC: 0.8000  LR: 4.00e-05
2026-06-30 03:00:16,778 | [DYN-LATENT] | INFO | meta_classifier_renewed.model_trainers.meta_trainer | Ep [003/500] T-Acc:  56.0%  V-Acc:  58.3%  V-AUROC: 0.9143  LR: 6.00e-05
2026-06-30 03:00:19,463 | [DYN-LATENT] | INFO | meta_classifier_renewed.model_trainers.meta_trainer | Ep [004/500] T-Acc:  52.0%  V-Acc:  50.0%  V-AUROC: 0.8571  LR: 8.00e-05
2026-06-30 03:00:21,730 | [DYN-LATENT] | INFO | meta_classifier_renewed.model_trainers.meta_trainer | Ep [005/500] T-Acc:  40.0%  V-Acc:  41.7%  V-AUROC: 0.8000  LR: 1.00e-04
2026-06-30 03:00:23,884 | [DYN-LATENT] | INFO | meta_classifier_renewed.model_trainers.meta_trainer | Ep [006/500] T-Acc:  36.0%  V-Acc:  75.0%  V-AUROC: 0.7714  LR: 1.00e-04
2026-06-30 03:00:26,101 | [DYN-LATENT] | INFO | meta_classifier_renewed.model_trainers.meta_trainer | Ep [007/500] T-Acc:  64.0%  V-Acc:  58.3%  V-AUROC: 0.8286  LR: 1.00e-04
2026-06-30 03:00:28,275 | [DYN-LATENT] | INFO | meta_classifier_renewed.model_trainers.meta_trainer | Ep [008/500] T-Acc:  68.0%  V-Acc:  58.3%  V-AUROC: 0.8000  LR: 1.00e-04
2026-06-30 03:00:30,444 | [DYN-LATENT] | INFO | meta_classifier_renewed.model_trainers.meta_trainer | Ep [009/500] T-Acc:  72.0%  V-Acc:  66.7%  V-AUROC: 0.7143  LR: 1.00e-04
2026-06-30 03:00:32,628 | [DYN-LATENT] | INFO | meta_classifier_renewed.model_trainers.meta_trainer | Ep [010/500] T-Acc:  92.0%  V-Acc:  75.0%  V-AUROC: 0.6857  LR: 1.00e-04
2026-06-30 03:00:34,816 | [DYN-LATENT] | INFO | meta_classifier_renewed.model_trainers.meta_trainer | Ep [011/500] T-Acc:  68.0%  V-Acc:  33.3%  V-AUROC: 0.6571  LR: 1.00e-04
2026-06-30 03:00:36,954 | [DYN-LATENT] | INFO | meta_classifier_renewed.model_trainers.meta_trainer | Ep [012/500] T-Acc:  44.0%  V-Acc:  66.7%  V-AUROC: 0.6857  LR: 1.00e-04
2026-06-30 03:00:39,086 | [DYN-LATENT] | INFO | meta_classifier_renewed.model_trainers.meta_trainer | Ep [013/500] T-Acc:  56.0%  V-Acc:  75.0%  V-AUROC: 0.6857  LR: 1.00e-04
2026-06-30 03:00:41,327 | [DYN-LATENT] | INFO | meta_classifier_renewed.model_trainers.meta_trainer | Ep [014/500] T-Acc:  72.0%  V-Acc:  66.7%  V-AUROC: 0.7143  LR: 1.00e-04
2026-06-30 03:00:43,470 | [DYN-LATENT] | INFO | meta_classifier_renewed.model_trainers.meta_trainer | Ep [015/500] T-Acc:  72.0%  V-Acc:  66.7%  V-AUROC: 0.7143  LR: 1.00e-04
2026-06-30 03:00:45,617 | [DYN-LATENT] | INFO | meta_classifier_renewed.model_trainers.meta_trainer | Ep [016/500] T-Acc:  80.0%  V-Acc:  75.0%  V-AUROC: 0.7429  LR: 1.00e-04
2026-06-30 03:00:47,814 | [DYN-LATENT] | INFO | meta_classifier_renewed.model_trainers.meta_trainer | Ep [017/500] T-Acc:  60.0%  V-Acc:  75.0%  V-AUROC: 0.7429  LR: 1.00e-04
2026-06-30 03:00:50,049 | [DYN-LATENT] | INFO | meta_classifier_renewed.model_trainers.meta_trainer | Ep [018/500] T-Acc:  68.0%  V-Acc:  75.0%  V-AUROC: 0.7143  LR: 1.00e-04
2026-06-30 03:00:52,200 | [DYN-LATENT] | INFO | meta_classifier_renewed.model_trainers.meta_trainer | Ep [019/500] T-Acc:  72.0%  V-Acc:  75.0%  V-AUROC: 0.7143  LR: 2.00e-05
2026-06-30 03:00:54,755 | [DYN-LATENT] | INFO | meta_classifier_renewed.model_trainers.meta_trainer | Ep [020/500] T-Acc:  72.0%  V-Acc:  75.0%  V-AUROC: 0.7143  LR: 2.00e-05
2026-06-30 03:00:56,977 | [DYN-LATENT] | INFO | meta_classifier_renewed.model_trainers.meta_trainer | Ep [021/500] T-Acc:  92.0%  V-Acc:  75.0%  V-AUROC: 0.7429  LR: 2.00e-05
2026-06-30 03:00:59,161 | [DYN-LATENT] | INFO | meta_classifier_renewed.model_trainers.meta_trainer | Ep [022/500] T-Acc:  84.0%  V-Acc:  75.0%  V-AUROC: 0.7429  LR: 2.00e-05
2026-06-30 03:01:01,338 | [DYN-LATENT] | INFO | meta_classifier_renewed.model_trainers.meta_trainer | Ep [023/500] T-Acc:  80.0%  V-Acc:  75.0%  V-AUROC: 0.7429  LR: 2.00e-05
2026-06-30 03:01:03,568 | [DYN-LATENT] | INFO | meta_classifier_renewed.model_trainers.meta_trainer | Ep [024/500] T-Acc:  80.0%  V-Acc:  75.0%  V-AUROC: 0.7429  LR: 2.00e-05
2026-06-30 03:01:05,821 | [DYN-LATENT] | INFO | meta_classifier_renewed.model_trainers.meta_trainer | Ep [025/500] T-Acc:  80.0%  V-Acc:  75.0%  V-AUROC: 0.7429  LR: 2.00e-05
2026-06-30 03:01:08,039 | [DYN-LATENT] | INFO | meta_classifier_renewed.model_trainers.meta_trainer | Ep [026/500] T-Acc:  88.0%  V-Acc:  75.0%  V-AUROC: 0.7429  LR: 2.00e-05
2026-06-30 03:01:10,317 | [DYN-LATENT] | INFO | meta_classifier_renewed.model_trainers.meta_trainer | Ep [027/500] T-Acc:  72.0%  V-Acc:  83.3%  V-AUROC: 0.7429  LR: 2.00e-05
2026-06-30 03:01:12,514 | [DYN-LATENT] | INFO | meta_classifier_renewed.model_trainers.meta_trainer | Ep [028/500] T-Acc:  80.0%  V-Acc:  75.0%  V-AUROC: 0.7429  LR: 2.00e-05
2026-06-30 03:01:14,703 | [DYN-LATENT] | INFO | meta_classifier_renewed.model_trainers.meta_trainer | Ep [029/500] T-Acc:  92.0%  V-Acc:  83.3%  V-AUROC: 0.7429  LR: 2.00e-05
2026-06-30 03:01:16,931 | [DYN-LATENT] | INFO | meta_classifier_renewed.model_trainers.meta_trainer | Ep [030/500] T-Acc:  84.0%  V-Acc:  83.3%  V-AUROC: 0.7429  LR: 4.00e-06
2026-06-30 03:01:19,166 | [DYN-LATENT] | INFO | meta_classifier_renewed.model_trainers.meta_trainer | Ep [031/500] T-Acc:  84.0%  V-Acc:  83.3%  V-AUROC: 0.7429  LR: 4.00e-06
2026-06-30 03:01:21,307 | [DYN-LATENT] | INFO | meta_classifier_renewed.model_trainers.meta_trainer | Ep [032/500] T-Acc:  88.0%  V-Acc:  75.0%  V-AUROC: 0.7429  LR: 4.00e-06
2026-06-30 03:01:23,447 | [DYN-LATENT] | INFO | meta_classifier_renewed.model_trainers.meta_trainer | Ep [033/500] T-Acc:  88.0%  V-Acc:  75.0%  V-AUROC: 0.7429  LR: 4.00e-06
2026-06-30 03:01:23,447 | [DYN-LATENT] | INFO | meta_classifier_renewed.model_trainers.meta_trainer | Early stop — best AUROC 0.9143 at epoch 3
2026-06-30 03:01:24,406 | [DYN-LATENT] | INFO | meta_classifier_renewed.evaluators.monte_carlo_evaluator | -> Fold 22 Result | Acc=0.583 Sens=1.000 Spec=0.000 AUROC=0.914
2026-06-30 03:01:24,785 | [DYN-LATENT] | INFO | meta_classifier_renewed.evaluators.monte_carlo_evaluator | === Fold 23/30 | train: 25 subj | test: 12 subj ===
2026-06-30 03:01:27,748 | [DYN-LATENT] | INFO | meta_classifier_renewed.model_trainers.meta_trainer | Ep [001/500] T-Acc:  64.0%  V-Acc:  58.3%  V-AUROC: 0.0286  LR: 2.00e-05
2026-06-30 03:01:30,226 | [DYN-LATENT] | INFO | meta_classifier_renewed.model_trainers.meta_trainer | Ep [002/500] T-Acc:  60.0%  V-Acc:  58.3%  V-AUROC: 0.0857  LR: 4.00e-05
2026-06-30 03:01:32,566 | [DYN-LATENT] | INFO | meta_classifier_renewed.model_trainers.meta_trainer | Ep [003/500] T-Acc:  48.0%  V-Acc:  25.0%  V-AUROC: 0.1429  LR: 6.00e-05
2026-06-30 03:01:35,070 | [DYN-LATENT] | INFO | meta_classifier_renewed.model_trainers.meta_trainer | Ep [004/500] T-Acc:  60.0%  V-Acc:  41.7%  V-AUROC: 0.4000  LR: 8.00e-05
2026-06-30 03:01:37,555 | [DYN-LATENT] | INFO | meta_classifier_renewed.model_trainers.meta_trainer | Ep [005/500] T-Acc:  64.0%  V-Acc:  41.7%  V-AUROC: 0.4571  LR: 1.00e-04
2026-06-30 03:01:40,030 | [DYN-LATENT] | INFO | meta_classifier_renewed.model_trainers.meta_trainer | Ep [006/500] T-Acc:  44.0%  V-Acc:  33.3%  V-AUROC: 0.4286  LR: 1.00e-04
2026-06-30 03:01:42,201 | [DYN-LATENT] | INFO | meta_classifier_renewed.model_trainers.meta_trainer | Ep [007/500] T-Acc:  36.0%  V-Acc:  58.3%  V-AUROC: 0.3714  LR: 1.00e-04
2026-06-30 03:01:44,402 | [DYN-LATENT] | INFO | meta_classifier_renewed.model_trainers.meta_trainer | Ep [008/500] T-Acc:  60.0%  V-Acc:  50.0%  V-AUROC: 0.4286  LR: 1.00e-04
2026-06-30 03:01:46,656 | [DYN-LATENT] | INFO | meta_classifier_renewed.model_trainers.meta_trainer | Ep [009/500] T-Acc:  60.0%  V-Acc:  33.3%  V-AUROC: 0.4571  LR: 1.00e-04
2026-06-30 03:01:48,957 | [DYN-LATENT] | INFO | meta_classifier_renewed.model_trainers.meta_trainer | Ep [010/500] T-Acc:  64.0%  V-Acc:  41.7%  V-AUROC: 0.4857  LR: 1.00e-04
2026-06-30 03:01:51,299 | [DYN-LATENT] | INFO | meta_classifier_renewed.model_trainers.meta_trainer | Ep [011/500] T-Acc:  68.0%  V-Acc:  50.0%  V-AUROC: 0.4857  LR: 1.00e-04
2026-06-30 03:01:53,438 | [DYN-LATENT] | INFO | meta_classifier_renewed.model_trainers.meta_trainer | Ep [012/500] T-Acc:  72.0%  V-Acc:  41.7%  V-AUROC: 0.5143  LR: 1.00e-04
2026-06-30 03:01:55,817 | [DYN-LATENT] | INFO | meta_classifier_renewed.model_trainers.meta_trainer | Ep [013/500] T-Acc:  68.0%  V-Acc:  41.7%  V-AUROC: 0.5143  LR: 1.00e-04
2026-06-30 03:01:57,937 | [DYN-LATENT] | INFO | meta_classifier_renewed.model_trainers.meta_trainer | Ep [014/500] T-Acc:  60.0%  V-Acc:  41.7%  V-AUROC: 0.5429  LR: 1.00e-04
2026-06-30 03:02:00,226 | [DYN-LATENT] | INFO | meta_classifier_renewed.model_trainers.meta_trainer | Ep [015/500] T-Acc:  72.0%  V-Acc:  50.0%  V-AUROC: 0.5143  LR: 1.00e-04
2026-06-30 03:02:02,443 | [DYN-LATENT] | INFO | meta_classifier_renewed.model_trainers.meta_trainer | Ep [016/500] T-Acc:  84.0%  V-Acc:  50.0%  V-AUROC: 0.5143  LR: 1.00e-04
2026-06-30 03:02:04,691 | [DYN-LATENT] | INFO | meta_classifier_renewed.model_trainers.meta_trainer | Ep [017/500] T-Acc:  72.0%  V-Acc:  50.0%  V-AUROC: 0.5143  LR: 1.00e-04
2026-06-30 03:02:06,820 | [DYN-LATENT] | INFO | meta_classifier_renewed.model_trainers.meta_trainer | Ep [018/500] T-Acc:  80.0%  V-Acc:  41.7%  V-AUROC: 0.5429  LR: 1.00e-04
2026-06-30 03:02:08,962 | [DYN-LATENT] | INFO | meta_classifier_renewed.model_trainers.meta_trainer | Ep [019/500] T-Acc:  72.0%  V-Acc:  33.3%  V-AUROC: 0.5714  LR: 1.00e-04
2026-06-30 03:02:11,391 | [DYN-LATENT] | INFO | meta_classifier_renewed.model_trainers.meta_trainer | Ep [020/500] T-Acc:  76.0%  V-Acc:  50.0%  V-AUROC: 0.5714  LR: 1.00e-04
2026-06-30 03:02:13,597 | [DYN-LATENT] | INFO | meta_classifier_renewed.model_trainers.meta_trainer | Ep [021/500] T-Acc:  84.0%  V-Acc:  58.3%  V-AUROC: 0.5143  LR: 1.00e-04
2026-06-30 03:02:15,782 | [DYN-LATENT] | INFO | meta_classifier_renewed.model_trainers.meta_trainer | Ep [022/500] T-Acc:  92.0%  V-Acc:  58.3%  V-AUROC: 0.5429  LR: 1.00e-04
2026-06-30 03:02:18,057 | [DYN-LATENT] | INFO | meta_classifier_renewed.model_trainers.meta_trainer | Ep [023/500] T-Acc:  76.0%  V-Acc:  58.3%  V-AUROC: 0.5429  LR: 1.00e-04
2026-06-30 03:02:20,381 | [DYN-LATENT] | INFO | meta_classifier_renewed.model_trainers.meta_trainer | Ep [024/500] T-Acc:  92.0%  V-Acc:  58.3%  V-AUROC: 0.5429  LR: 1.00e-04
2026-06-30 03:02:22,540 | [DYN-LATENT] | INFO | meta_classifier_renewed.model_trainers.meta_trainer | Ep [025/500] T-Acc:  88.0%  V-Acc:  33.3%  V-AUROC: 0.5429  LR: 1.00e-04
2026-06-30 03:02:24,686 | [DYN-LATENT] | INFO | meta_classifier_renewed.model_trainers.meta_trainer | Ep [026/500] T-Acc:  92.0%  V-Acc:  41.7%  V-AUROC: 0.5429  LR: 1.00e-04
2026-06-30 03:02:26,909 | [DYN-LATENT] | INFO | meta_classifier_renewed.model_trainers.meta_trainer | Ep [027/500] T-Acc:  88.0%  V-Acc:  58.3%  V-AUROC: 0.5143  LR: 1.00e-04
2026-06-30 03:02:29,047 | [DYN-LATENT] | INFO | meta_classifier_renewed.model_trainers.meta_trainer | Ep [028/500] T-Acc:  92.0%  V-Acc:  41.7%  V-AUROC: 0.5714  LR: 1.00e-04
2026-06-30 03:02:31,204 | [DYN-LATENT] | INFO | meta_classifier_renewed.model_trainers.meta_trainer | Ep [029/500] T-Acc:  96.0%  V-Acc:  50.0%  V-AUROC: 0.5714  LR: 1.00e-04
2026-06-30 03:02:33,318 | [DYN-LATENT] | INFO | meta_classifier_renewed.model_trainers.meta_trainer | Ep [030/500] T-Acc:  92.0%  V-Acc:  58.3%  V-AUROC: 0.5714  LR: 1.00e-04
2026-06-30 03:02:35,533 | [DYN-LATENT] | INFO | meta_classifier_renewed.model_trainers.meta_trainer | Ep [031/500] T-Acc:  96.0%  V-Acc:  58.3%  V-AUROC: 0.6000  LR: 2.00e-05
2026-06-30 03:02:37,861 | [DYN-LATENT] | INFO | meta_classifier_renewed.model_trainers.meta_trainer | Ep [032/500] T-Acc:  92.0%  V-Acc:  50.0%  V-AUROC: 0.5714  LR: 2.00e-05
2026-06-30 03:02:40,167 | [DYN-LATENT] | INFO | meta_classifier_renewed.model_trainers.meta_trainer | Ep [033/500] T-Acc: 100.0%  V-Acc:  50.0%  V-AUROC: 0.6000  LR: 2.00e-05
2026-06-30 03:02:42,476 | [DYN-LATENT] | INFO | meta_classifier_renewed.model_trainers.meta_trainer | Ep [034/500] T-Acc:  92.0%  V-Acc:  50.0%  V-AUROC: 0.5714  LR: 2.00e-05
2026-06-30 03:02:44,660 | [DYN-LATENT] | INFO | meta_classifier_renewed.model_trainers.meta_trainer | Ep [035/500] T-Acc: 100.0%  V-Acc:  58.3%  V-AUROC: 0.6000  LR: 2.00e-05
2026-06-30 03:02:46,879 | [DYN-LATENT] | INFO | meta_classifier_renewed.model_trainers.meta_trainer | Ep [036/500] T-Acc: 100.0%  V-Acc:  58.3%  V-AUROC: 0.5714  LR: 2.00e-05
2026-06-30 03:02:49,167 | [DYN-LATENT] | INFO | meta_classifier_renewed.model_trainers.meta_trainer | Ep [037/500] T-Acc: 100.0%  V-Acc:  58.3%  V-AUROC: 0.5714  LR: 2.00e-05
2026-06-30 03:02:51,307 | [DYN-LATENT] | INFO | meta_classifier_renewed.model_trainers.meta_trainer | Ep [038/500] T-Acc: 100.0%  V-Acc:  58.3%  V-AUROC: 0.6000  LR: 2.00e-05
2026-06-30 03:02:53,472 | [DYN-LATENT] | INFO | meta_classifier_renewed.model_trainers.meta_trainer | Ep [039/500] T-Acc: 100.0%  V-Acc:  58.3%  V-AUROC: 0.6000  LR: 2.00e-05
2026-06-30 03:02:55,695 | [DYN-LATENT] | INFO | meta_classifier_renewed.model_trainers.meta_trainer | Ep [040/500] T-Acc: 100.0%  V-Acc:  50.0%  V-AUROC: 0.5714  LR: 2.00e-05
2026-06-30 03:02:57,837 | [DYN-LATENT] | INFO | meta_classifier_renewed.model_trainers.meta_trainer | Ep [041/500] T-Acc: 100.0%  V-Acc:  50.0%  V-AUROC: 0.6000  LR: 2.00e-05
2026-06-30 03:03:00,094 | [DYN-LATENT] | INFO | meta_classifier_renewed.model_trainers.meta_trainer | Ep [042/500] T-Acc: 100.0%  V-Acc:  50.0%  V-AUROC: 0.6000  LR: 2.00e-05
2026-06-30 03:03:02,304 | [DYN-LATENT] | INFO | meta_classifier_renewed.model_trainers.meta_trainer | Ep [043/500] T-Acc: 100.0%  V-Acc:  50.0%  V-AUROC: 0.6000  LR: 4.00e-06
2026-06-30 03:03:04,471 | [DYN-LATENT] | INFO | meta_classifier_renewed.model_trainers.meta_trainer | Ep [044/500] T-Acc: 100.0%  V-Acc:  50.0%  V-AUROC: 0.5714  LR: 4.00e-06
2026-06-30 03:03:06,611 | [DYN-LATENT] | INFO | meta_classifier_renewed.model_trainers.meta_trainer | Ep [045/500] T-Acc: 100.0%  V-Acc:  50.0%  V-AUROC: 0.5714  LR: 4.00e-06
2026-06-30 03:03:08,760 | [DYN-LATENT] | INFO | meta_classifier_renewed.model_trainers.meta_trainer | Ep [046/500] T-Acc: 100.0%  V-Acc:  50.0%  V-AUROC: 0.6000  LR: 4.00e-06
2026-06-30 03:03:11,006 | [DYN-LATENT] | INFO | meta_classifier_renewed.model_trainers.meta_trainer | Ep [047/500] T-Acc: 100.0%  V-Acc:  58.3%  V-AUROC: 0.6000  LR: 4.00e-06
2026-06-30 03:03:13,146 | [DYN-LATENT] | INFO | meta_classifier_renewed.model_trainers.meta_trainer | Ep [048/500] T-Acc: 100.0%  V-Acc:  58.3%  V-AUROC: 0.6000  LR: 4.00e-06
2026-06-30 03:03:15,341 | [DYN-LATENT] | INFO | meta_classifier_renewed.model_trainers.meta_trainer | Ep [049/500] T-Acc: 100.0%  V-Acc:  58.3%  V-AUROC: 0.6000  LR: 4.00e-06
2026-06-30 03:03:17,483 | [DYN-LATENT] | INFO | meta_classifier_renewed.model_trainers.meta_trainer | Ep [050/500] T-Acc: 100.0%  V-Acc:  58.3%  V-AUROC: 0.6000  LR: 4.00e-06
2026-06-30 03:03:19,768 | [DYN-LATENT] | INFO | meta_classifier_renewed.model_trainers.meta_trainer | Ep [051/500] T-Acc: 100.0%  V-Acc:  58.3%  V-AUROC: 0.6000  LR: 4.00e-06
2026-06-30 03:03:21,900 | [DYN-LATENT] | INFO | meta_classifier_renewed.model_trainers.meta_trainer | Ep [052/500] T-Acc: 100.0%  V-Acc:  58.3%  V-AUROC: 0.6000  LR: 4.00e-06
2026-06-30 03:03:24,080 | [DYN-LATENT] | INFO | meta_classifier_renewed.model_trainers.meta_trainer | Ep [053/500] T-Acc: 100.0%  V-Acc:  58.3%  V-AUROC: 0.6000  LR: 4.00e-06
2026-06-30 03:03:26,246 | [DYN-LATENT] | INFO | meta_classifier_renewed.model_trainers.meta_trainer | Ep [054/500] T-Acc:  96.0%  V-Acc:  58.3%  V-AUROC: 0.6000  LR: 1.00e-06
2026-06-30 03:03:28,443 | [DYN-LATENT] | INFO | meta_classifier_renewed.model_trainers.meta_trainer | Ep [055/500] T-Acc: 100.0%  V-Acc:  58.3%  V-AUROC: 0.6000  LR: 1.00e-06
2026-06-30 03:03:30,581 | [DYN-LATENT] | INFO | meta_classifier_renewed.model_trainers.meta_trainer | Ep [056/500] T-Acc: 100.0%  V-Acc:  58.3%  V-AUROC: 0.6000  LR: 1.00e-06
2026-06-30 03:03:32,784 | [DYN-LATENT] | INFO | meta_classifier_renewed.model_trainers.meta_trainer | Ep [057/500] T-Acc: 100.0%  V-Acc:  58.3%  V-AUROC: 0.6000  LR: 1.00e-06
2026-06-30 03:03:35,023 | [DYN-LATENT] | INFO | meta_classifier_renewed.model_trainers.meta_trainer | Ep [058/500] T-Acc: 100.0%  V-Acc:  58.3%  V-AUROC: 0.6000  LR: 1.00e-06
2026-06-30 03:03:37,228 | [DYN-LATENT] | INFO | meta_classifier_renewed.model_trainers.meta_trainer | Ep [059/500] T-Acc: 100.0%  V-Acc:  58.3%  V-AUROC: 0.6000  LR: 1.00e-06
2026-06-30 03:03:39,377 | [DYN-LATENT] | INFO | meta_classifier_renewed.model_trainers.meta_trainer | Ep [060/500] T-Acc: 100.0%  V-Acc:  58.3%  V-AUROC: 0.6000  LR: 1.00e-06
2026-06-30 03:03:41,607 | [DYN-LATENT] | INFO | meta_classifier_renewed.model_trainers.meta_trainer | Ep [061/500] T-Acc: 100.0%  V-Acc:  58.3%  V-AUROC: 0.6000  LR: 1.00e-06
2026-06-30 03:03:41,607 | [DYN-LATENT] | INFO | meta_classifier_renewed.model_trainers.meta_trainer | Early stop — best AUROC 0.6000 at epoch 31
2026-06-30 03:03:42,565 | [DYN-LATENT] | INFO | meta_classifier_renewed.evaluators.monte_carlo_evaluator | -> Fold 23 Result | Acc=0.583 Sens=0.429 Spec=0.800 AUROC=0.600
2026-06-30 03:03:43,040 | [DYN-LATENT] | INFO | meta_classifier_renewed.evaluators.monte_carlo_evaluator | === Fold 24/30 | train: 25 subj | test: 12 subj ===
2026-06-30 03:03:45,487 | [DYN-LATENT] | INFO | meta_classifier_renewed.model_trainers.meta_trainer | Ep [001/500] T-Acc:  40.0%  V-Acc:  41.7%  V-AUROC: 0.4000  LR: 2.00e-05
2026-06-30 03:03:48,139 | [DYN-LATENT] | INFO | meta_classifier_renewed.model_trainers.meta_trainer | Ep [002/500] T-Acc:  44.0%  V-Acc:  41.7%  V-AUROC: 0.4857  LR: 4.00e-05
2026-06-30 03:03:50,699 | [DYN-LATENT] | INFO | meta_classifier_renewed.model_trainers.meta_trainer | Ep [003/500] T-Acc:  44.0%  V-Acc:  58.3%  V-AUROC: 0.6286  LR: 6.00e-05
2026-06-30 03:03:53,277 | [DYN-LATENT] | INFO | meta_classifier_renewed.model_trainers.meta_trainer | Ep [004/500] T-Acc:  56.0%  V-Acc:  58.3%  V-AUROC: 0.5143  LR: 8.00e-05
2026-06-30 03:03:55,648 | [DYN-LATENT] | INFO | meta_classifier_renewed.model_trainers.meta_trainer | Ep [005/500] T-Acc:  60.0%  V-Acc:  58.3%  V-AUROC: 0.4571  LR: 1.00e-04
2026-06-30 03:03:57,860 | [DYN-LATENT] | INFO | meta_classifier_renewed.model_trainers.meta_trainer | Ep [006/500] T-Acc:  64.0%  V-Acc:  41.7%  V-AUROC: 0.3714  LR: 1.00e-04
2026-06-30 03:04:00,029 | [DYN-LATENT] | INFO | meta_classifier_renewed.model_trainers.meta_trainer | Ep [007/500] T-Acc:  52.0%  V-Acc:  58.3%  V-AUROC: 0.3429  LR: 1.00e-04
2026-06-30 03:04:02,230 | [DYN-LATENT] | INFO | meta_classifier_renewed.model_trainers.meta_trainer | Ep [008/500] T-Acc:  64.0%  V-Acc:  33.3%  V-AUROC: 0.3143  LR: 1.00e-04
2026-06-30 03:04:04,465 | [DYN-LATENT] | INFO | meta_classifier_renewed.model_trainers.meta_trainer | Ep [009/500] T-Acc:  60.0%  V-Acc:  58.3%  V-AUROC: 0.3714  LR: 1.00e-04
2026-06-30 03:04:06,648 | [DYN-LATENT] | INFO | meta_classifier_renewed.model_trainers.meta_trainer | Ep [010/500] T-Acc:  72.0%  V-Acc:  50.0%  V-AUROC: 0.4286  LR: 1.00e-04
2026-06-30 03:04:08,843 | [DYN-LATENT] | INFO | meta_classifier_renewed.model_trainers.meta_trainer | Ep [011/500] T-Acc:  52.0%  V-Acc:  41.7%  V-AUROC: 0.4857  LR: 1.00e-04
2026-06-30 03:04:11,044 | [DYN-LATENT] | INFO | meta_classifier_renewed.model_trainers.meta_trainer | Ep [012/500] T-Acc:  56.0%  V-Acc:  50.0%  V-AUROC: 0.6000  LR: 1.00e-04
2026-06-30 03:04:13,224 | [DYN-LATENT] | INFO | meta_classifier_renewed.model_trainers.meta_trainer | Ep [013/500] T-Acc:  32.0%  V-Acc:  50.0%  V-AUROC: 0.6571  LR: 1.00e-04
2026-06-30 03:04:15,516 | [DYN-LATENT] | INFO | meta_classifier_renewed.model_trainers.meta_trainer | Ep [014/500] T-Acc:  52.0%  V-Acc:  58.3%  V-AUROC: 0.6000  LR: 1.00e-04
2026-06-30 03:04:17,666 | [DYN-LATENT] | INFO | meta_classifier_renewed.model_trainers.meta_trainer | Ep [015/500] T-Acc:  72.0%  V-Acc:  58.3%  V-AUROC: 0.6000  LR: 1.00e-04
2026-06-30 03:04:20,002 | [DYN-LATENT] | INFO | meta_classifier_renewed.model_trainers.meta_trainer | Ep [016/500] T-Acc:  72.0%  V-Acc:  66.7%  V-AUROC: 0.6000  LR: 1.00e-04
2026-06-30 03:04:22,195 | [DYN-LATENT] | INFO | meta_classifier_renewed.model_trainers.meta_trainer | Ep [017/500] T-Acc:  88.0%  V-Acc:  58.3%  V-AUROC: 0.5714  LR: 1.00e-04
2026-06-30 03:04:24,340 | [DYN-LATENT] | INFO | meta_classifier_renewed.model_trainers.meta_trainer | Ep [018/500] T-Acc:  84.0%  V-Acc:  66.7%  V-AUROC: 0.6286  LR: 1.00e-04
2026-06-30 03:04:26,680 | [DYN-LATENT] | INFO | meta_classifier_renewed.model_trainers.meta_trainer | Ep [019/500] T-Acc:  88.0%  V-Acc:  66.7%  V-AUROC: 0.6857  LR: 1.00e-04
2026-06-30 03:04:28,930 | [DYN-LATENT] | INFO | meta_classifier_renewed.model_trainers.meta_trainer | Ep [020/500] T-Acc:  80.0%  V-Acc:  75.0%  V-AUROC: 0.7143  LR: 1.00e-04
2026-06-30 03:04:31,193 | [DYN-LATENT] | INFO | meta_classifier_renewed.model_trainers.meta_trainer | Ep [021/500] T-Acc:  80.0%  V-Acc:  75.0%  V-AUROC: 0.7143  LR: 1.00e-04
2026-06-30 03:04:33,468 | [DYN-LATENT] | INFO | meta_classifier_renewed.model_trainers.meta_trainer | Ep [022/500] T-Acc:  80.0%  V-Acc:  58.3%  V-AUROC: 0.5714  LR: 1.00e-04
2026-06-30 03:04:35,769 | [DYN-LATENT] | INFO | meta_classifier_renewed.model_trainers.meta_trainer | Ep [023/500] T-Acc:  80.0%  V-Acc:  58.3%  V-AUROC: 0.5714  LR: 1.00e-04
2026-06-30 03:04:37,919 | [DYN-LATENT] | INFO | meta_classifier_renewed.model_trainers.meta_trainer | Ep [024/500] T-Acc:  80.0%  V-Acc:  50.0%  V-AUROC: 0.5714  LR: 1.00e-04
2026-06-30 03:04:40,141 | [DYN-LATENT] | INFO | meta_classifier_renewed.model_trainers.meta_trainer | Ep [025/500] T-Acc:  76.0%  V-Acc:  50.0%  V-AUROC: 0.6000  LR: 1.00e-04
2026-06-30 03:04:42,428 | [DYN-LATENT] | INFO | meta_classifier_renewed.model_trainers.meta_trainer | Ep [026/500] T-Acc:  84.0%  V-Acc:  58.3%  V-AUROC: 0.6571  LR: 1.00e-04
2026-06-30 03:04:44,694 | [DYN-LATENT] | INFO | meta_classifier_renewed.model_trainers.meta_trainer | Ep [027/500] T-Acc:  88.0%  V-Acc:  66.7%  V-AUROC: 0.6571  LR: 1.00e-04
2026-06-30 03:04:46,866 | [DYN-LATENT] | INFO | meta_classifier_renewed.model_trainers.meta_trainer | Ep [028/500] T-Acc:  76.0%  V-Acc:  66.7%  V-AUROC: 0.6571  LR: 1.00e-04
2026-06-30 03:04:49,114 | [DYN-LATENT] | INFO | meta_classifier_renewed.model_trainers.meta_trainer | Ep [029/500] T-Acc:  88.0%  V-Acc:  58.3%  V-AUROC: 0.6286  LR: 1.00e-04
2026-06-30 03:04:51,327 | [DYN-LATENT] | INFO | meta_classifier_renewed.model_trainers.meta_trainer | Ep [030/500] T-Acc:  76.0%  V-Acc:  50.0%  V-AUROC: 0.6286  LR: 1.00e-04
2026-06-30 03:04:53,515 | [DYN-LATENT] | INFO | meta_classifier_renewed.model_trainers.meta_trainer | Ep [031/500] T-Acc:  76.0%  V-Acc:  50.0%  V-AUROC: 0.6286  LR: 1.00e-04
2026-06-30 03:04:55,781 | [DYN-LATENT] | INFO | meta_classifier_renewed.model_trainers.meta_trainer | Ep [032/500] T-Acc:  84.0%  V-Acc:  50.0%  V-AUROC: 0.6286  LR: 2.00e-05
2026-06-30 03:04:57,983 | [DYN-LATENT] | INFO | meta_classifier_renewed.model_trainers.meta_trainer | Ep [033/500] T-Acc:  72.0%  V-Acc:  50.0%  V-AUROC: 0.6286  LR: 2.00e-05
2026-06-30 03:05:00,172 | [DYN-LATENT] | INFO | meta_classifier_renewed.model_trainers.meta_trainer | Ep [034/500] T-Acc:  92.0%  V-Acc:  50.0%  V-AUROC: 0.6286  LR: 2.00e-05
2026-06-30 03:05:02,338 | [DYN-LATENT] | INFO | meta_classifier_renewed.model_trainers.meta_trainer | Ep [035/500] T-Acc:  84.0%  V-Acc:  50.0%  V-AUROC: 0.6571  LR: 2.00e-05
2026-06-30 03:05:04,547 | [DYN-LATENT] | INFO | meta_classifier_renewed.model_trainers.meta_trainer | Ep [036/500] T-Acc:  88.0%  V-Acc:  50.0%  V-AUROC: 0.6571  LR: 2.00e-05
2026-06-30 03:05:06,764 | [DYN-LATENT] | INFO | meta_classifier_renewed.model_trainers.meta_trainer | Ep [037/500] T-Acc:  92.0%  V-Acc:  50.0%  V-AUROC: 0.6286  LR: 2.00e-05
2026-06-30 03:05:09,132 | [DYN-LATENT] | INFO | meta_classifier_renewed.model_trainers.meta_trainer | Ep [038/500] T-Acc:  88.0%  V-Acc:  50.0%  V-AUROC: 0.6286  LR: 2.00e-05
2026-06-30 03:05:11,373 | [DYN-LATENT] | INFO | meta_classifier_renewed.model_trainers.meta_trainer | Ep [039/500] T-Acc:  88.0%  V-Acc:  50.0%  V-AUROC: 0.6286  LR: 2.00e-05
2026-06-30 03:05:13,577 | [DYN-LATENT] | INFO | meta_classifier_renewed.model_trainers.meta_trainer | Ep [040/500] T-Acc:  88.0%  V-Acc:  58.3%  V-AUROC: 0.6571  LR: 2.00e-05
2026-06-30 03:05:15,734 | [DYN-LATENT] | INFO | meta_classifier_renewed.model_trainers.meta_trainer | Ep [041/500] T-Acc:  80.0%  V-Acc:  58.3%  V-AUROC: 0.6286  LR: 2.00e-05
2026-06-30 03:05:17,918 | [DYN-LATENT] | INFO | meta_classifier_renewed.model_trainers.meta_trainer | Ep [042/500] T-Acc:  80.0%  V-Acc:  50.0%  V-AUROC: 0.6286  LR: 2.00e-05
2026-06-30 03:05:20,175 | [DYN-LATENT] | INFO | meta_classifier_renewed.model_trainers.meta_trainer | Ep [043/500] T-Acc:  88.0%  V-Acc:  50.0%  V-AUROC: 0.6286  LR: 4.00e-06
2026-06-30 03:05:22,322 | [DYN-LATENT] | INFO | meta_classifier_renewed.model_trainers.meta_trainer | Ep [044/500] T-Acc:  92.0%  V-Acc:  50.0%  V-AUROC: 0.6286  LR: 4.00e-06
2026-06-30 03:05:24,526 | [DYN-LATENT] | INFO | meta_classifier_renewed.model_trainers.meta_trainer | Ep [045/500] T-Acc:  80.0%  V-Acc:  50.0%  V-AUROC: 0.6286  LR: 4.00e-06
2026-06-30 03:05:26,757 | [DYN-LATENT] | INFO | meta_classifier_renewed.model_trainers.meta_trainer | Ep [046/500] T-Acc:  92.0%  V-Acc:  50.0%  V-AUROC: 0.6286  LR: 4.00e-06
2026-06-30 03:05:28,899 | [DYN-LATENT] | INFO | meta_classifier_renewed.model_trainers.meta_trainer | Ep [047/500] T-Acc:  88.0%  V-Acc:  50.0%  V-AUROC: 0.6286  LR: 4.00e-06
2026-06-30 03:05:31,035 | [DYN-LATENT] | INFO | meta_classifier_renewed.model_trainers.meta_trainer | Ep [048/500] T-Acc:  92.0%  V-Acc:  50.0%  V-AUROC: 0.6286  LR: 4.00e-06
2026-06-30 03:05:33,260 | [DYN-LATENT] | INFO | meta_classifier_renewed.model_trainers.meta_trainer | Ep [049/500] T-Acc:  88.0%  V-Acc:  50.0%  V-AUROC: 0.6286  LR: 4.00e-06
2026-06-30 03:05:35,536 | [DYN-LATENT] | INFO | meta_classifier_renewed.model_trainers.meta_trainer | Ep [050/500] T-Acc:  92.0%  V-Acc:  50.0%  V-AUROC: 0.6286  LR: 4.00e-06
2026-06-30 03:05:35,536 | [DYN-LATENT] | INFO | meta_classifier_renewed.model_trainers.meta_trainer | Early stop — best AUROC 0.7143 at epoch 20
2026-06-30 03:05:36,492 | [DYN-LATENT] | INFO | meta_classifier_renewed.evaluators.monte_carlo_evaluator | -> Fold 24 Result | Acc=0.750 Sens=0.857 Spec=0.600 AUROC=0.714
2026-06-30 03:05:36,915 | [DYN-LATENT] | INFO | meta_classifier_renewed.evaluators.monte_carlo_evaluator | === Fold 25/30 | train: 25 subj | test: 12 subj ===
2026-06-30 03:05:39,674 | [DYN-LATENT] | INFO | meta_classifier_renewed.model_trainers.meta_trainer | Ep [001/500] T-Acc:  44.0%  V-Acc:  33.3%  V-AUROC: 0.7500  LR: 2.00e-05
2026-06-30 03:05:42,004 | [DYN-LATENT] | INFO | meta_classifier_renewed.model_trainers.meta_trainer | Ep [002/500] T-Acc:  48.0%  V-Acc:  66.7%  V-AUROC: 0.7812  LR: 4.00e-05
2026-06-30 03:05:44,523 | [DYN-LATENT] | INFO | meta_classifier_renewed.model_trainers.meta_trainer | Ep [003/500] T-Acc:  36.0%  V-Acc:  66.7%  V-AUROC: 0.5625  LR: 6.00e-05
2026-06-30 03:05:46,656 | [DYN-LATENT] | INFO | meta_classifier_renewed.model_trainers.meta_trainer | Ep [004/500] T-Acc:  56.0%  V-Acc:  66.7%  V-AUROC: 0.4688  LR: 8.00e-05
2026-06-30 03:05:49,282 | [DYN-LATENT] | INFO | meta_classifier_renewed.model_trainers.meta_trainer | Ep [005/500] T-Acc:  48.0%  V-Acc:  66.7%  V-AUROC: 0.6250  LR: 1.00e-04
2026-06-30 03:05:51,526 | [DYN-LATENT] | INFO | meta_classifier_renewed.model_trainers.meta_trainer | Ep [006/500] T-Acc:  60.0%  V-Acc:  66.7%  V-AUROC: 0.8125  LR: 1.00e-04
2026-06-30 03:05:53,811 | [DYN-LATENT] | INFO | meta_classifier_renewed.model_trainers.meta_trainer | Ep [007/500] T-Acc:  40.0%  V-Acc:  58.3%  V-AUROC: 0.8438  LR: 1.00e-04
2026-06-30 03:05:56,261 | [DYN-LATENT] | INFO | meta_classifier_renewed.model_trainers.meta_trainer | Ep [008/500] T-Acc:  64.0%  V-Acc:  66.7%  V-AUROC: 0.8750  LR: 1.00e-04
2026-06-30 03:05:58,553 | [DYN-LATENT] | INFO | meta_classifier_renewed.model_trainers.meta_trainer | Ep [009/500] T-Acc:  60.0%  V-Acc:  66.7%  V-AUROC: 0.8438  LR: 1.00e-04
2026-06-30 03:06:00,736 | [DYN-LATENT] | INFO | meta_classifier_renewed.model_trainers.meta_trainer | Ep [010/500] T-Acc:  56.0%  V-Acc:  66.7%  V-AUROC: 0.8438  LR: 1.00e-04
2026-06-30 03:06:02,882 | [DYN-LATENT] | INFO | meta_classifier_renewed.model_trainers.meta_trainer | Ep [011/500] T-Acc:  56.0%  V-Acc:  66.7%  V-AUROC: 0.8438  LR: 1.00e-04
2026-06-30 03:06:05,236 | [DYN-LATENT] | INFO | meta_classifier_renewed.model_trainers.meta_trainer | Ep [012/500] T-Acc:  64.0%  V-Acc:  66.7%  V-AUROC: 0.8125  LR: 1.00e-04
2026-06-30 03:06:07,399 | [DYN-LATENT] | INFO | meta_classifier_renewed.model_trainers.meta_trainer | Ep [013/500] T-Acc:  40.0%  V-Acc:  33.3%  V-AUROC: 0.8125  LR: 1.00e-04
2026-06-30 03:06:09,584 | [DYN-LATENT] | INFO | meta_classifier_renewed.model_trainers.meta_trainer | Ep [014/500] T-Acc:  60.0%  V-Acc:  50.0%  V-AUROC: 0.8125  LR: 1.00e-04
2026-06-30 03:06:11,828 | [DYN-LATENT] | INFO | meta_classifier_renewed.model_trainers.meta_trainer | Ep [015/500] T-Acc:  52.0%  V-Acc:  66.7%  V-AUROC: 0.7812  LR: 1.00e-04
2026-06-30 03:06:13,959 | [DYN-LATENT] | INFO | meta_classifier_renewed.model_trainers.meta_trainer | Ep [016/500] T-Acc:  64.0%  V-Acc:  66.7%  V-AUROC: 0.6875  LR: 1.00e-04
2026-06-30 03:06:16,117 | [DYN-LATENT] | INFO | meta_classifier_renewed.model_trainers.meta_trainer | Ep [017/500] T-Acc:  68.0%  V-Acc:  66.7%  V-AUROC: 0.6875  LR: 1.00e-04
2026-06-30 03:06:18,282 | [DYN-LATENT] | INFO | meta_classifier_renewed.model_trainers.meta_trainer | Ep [018/500] T-Acc:  40.0%  V-Acc:  66.7%  V-AUROC: 0.7500  LR: 1.00e-04
2026-06-30 03:06:20,567 | [DYN-LATENT] | INFO | meta_classifier_renewed.model_trainers.meta_trainer | Ep [019/500] T-Acc:  64.0%  V-Acc:  75.0%  V-AUROC: 0.7812  LR: 1.00e-04
2026-06-30 03:06:22,747 | [DYN-LATENT] | INFO | meta_classifier_renewed.model_trainers.meta_trainer | Ep [020/500] T-Acc:  52.0%  V-Acc:  75.0%  V-AUROC: 0.7812  LR: 2.00e-05
2026-06-30 03:06:24,896 | [DYN-LATENT] | INFO | meta_classifier_renewed.model_trainers.meta_trainer | Ep [021/500] T-Acc:  52.0%  V-Acc:  83.3%  V-AUROC: 0.7812  LR: 2.00e-05
2026-06-30 03:06:27,192 | [DYN-LATENT] | INFO | meta_classifier_renewed.model_trainers.meta_trainer | Ep [022/500] T-Acc:  48.0%  V-Acc:  75.0%  V-AUROC: 0.7812  LR: 2.00e-05
2026-06-30 03:06:29,325 | [DYN-LATENT] | INFO | meta_classifier_renewed.model_trainers.meta_trainer | Ep [023/500] T-Acc:  68.0%  V-Acc:  66.7%  V-AUROC: 0.7812  LR: 2.00e-05
2026-06-30 03:06:31,538 | [DYN-LATENT] | INFO | meta_classifier_renewed.model_trainers.meta_trainer | Ep [024/500] T-Acc:  52.0%  V-Acc:  66.7%  V-AUROC: 0.7500  LR: 2.00e-05
2026-06-30 03:06:33,792 | [DYN-LATENT] | INFO | meta_classifier_renewed.model_trainers.meta_trainer | Ep [025/500] T-Acc:  44.0%  V-Acc:  66.7%  V-AUROC: 0.7500  LR: 2.00e-05
2026-06-30 03:06:36,029 | [DYN-LATENT] | INFO | meta_classifier_renewed.model_trainers.meta_trainer | Ep [026/500] T-Acc:  60.0%  V-Acc:  66.7%  V-AUROC: 0.7500  LR: 2.00e-05
2026-06-30 03:06:38,178 | [DYN-LATENT] | INFO | meta_classifier_renewed.model_trainers.meta_trainer | Ep [027/500] T-Acc:  44.0%  V-Acc:  75.0%  V-AUROC: 0.7500  LR: 2.00e-05
2026-06-30 03:06:40,432 | [DYN-LATENT] | INFO | meta_classifier_renewed.model_trainers.meta_trainer | Ep [028/500] T-Acc:  56.0%  V-Acc:  66.7%  V-AUROC: 0.7500  LR: 2.00e-05
2026-06-30 03:06:42,570 | [DYN-LATENT] | INFO | meta_classifier_renewed.model_trainers.meta_trainer | Ep [029/500] T-Acc:  76.0%  V-Acc:  66.7%  V-AUROC: 0.7500  LR: 2.00e-05
2026-06-30 03:06:44,772 | [DYN-LATENT] | INFO | meta_classifier_renewed.model_trainers.meta_trainer | Ep [030/500] T-Acc:  56.0%  V-Acc:  66.7%  V-AUROC: 0.7500  LR: 2.00e-05
2026-06-30 03:06:46,980 | [DYN-LATENT] | INFO | meta_classifier_renewed.model_trainers.meta_trainer | Ep [031/500] T-Acc:  48.0%  V-Acc:  66.7%  V-AUROC: 0.7500  LR: 4.00e-06
2026-06-30 03:06:49,212 | [DYN-LATENT] | INFO | meta_classifier_renewed.model_trainers.meta_trainer | Ep [032/500] T-Acc:  64.0%  V-Acc:  66.7%  V-AUROC: 0.7500  LR: 4.00e-06
2026-06-30 03:06:51,376 | [DYN-LATENT] | INFO | meta_classifier_renewed.model_trainers.meta_trainer | Ep [033/500] T-Acc:  60.0%  V-Acc:  66.7%  V-AUROC: 0.7500  LR: 4.00e-06
2026-06-30 03:06:53,567 | [DYN-LATENT] | INFO | meta_classifier_renewed.model_trainers.meta_trainer | Ep [034/500] T-Acc:  68.0%  V-Acc:  66.7%  V-AUROC: 0.7500  LR: 4.00e-06
2026-06-30 03:06:55,896 | [DYN-LATENT] | INFO | meta_classifier_renewed.model_trainers.meta_trainer | Ep [035/500] T-Acc:  64.0%  V-Acc:  66.7%  V-AUROC: 0.7500  LR: 4.00e-06
2026-06-30 03:06:58,077 | [DYN-LATENT] | INFO | meta_classifier_renewed.model_trainers.meta_trainer | Ep [036/500] T-Acc:  52.0%  V-Acc:  66.7%  V-AUROC: 0.7500  LR: 4.00e-06
2026-06-30 03:07:00,285 | [DYN-LATENT] | INFO | meta_classifier_renewed.model_trainers.meta_trainer | Ep [037/500] T-Acc:  52.0%  V-Acc:  66.7%  V-AUROC: 0.7500  LR: 4.00e-06
2026-06-30 03:07:02,432 | [DYN-LATENT] | INFO | meta_classifier_renewed.model_trainers.meta_trainer | Ep [038/500] T-Acc:  48.0%  V-Acc:  66.7%  V-AUROC: 0.7500  LR: 4.00e-06
2026-06-30 03:07:02,432 | [DYN-LATENT] | INFO | meta_classifier_renewed.model_trainers.meta_trainer | Early stop — best AUROC 0.8750 at epoch 8
2026-06-30 03:07:03,387 | [DYN-LATENT] | INFO | meta_classifier_renewed.evaluators.monte_carlo_evaluator | -> Fold 25 Result | Acc=0.667 Sens=0.875 Spec=0.250 AUROC=0.875
2026-06-30 03:07:03,874 | [DYN-LATENT] | INFO | meta_classifier_renewed.evaluators.monte_carlo_evaluator | === Fold 26/30 | train: 25 subj | test: 12 subj ===
2026-06-30 03:07:06,723 | [DYN-LATENT] | INFO | meta_classifier_renewed.model_trainers.meta_trainer | Ep [001/500] T-Acc:  48.0%  V-Acc:  50.0%  V-AUROC: 0.0556  LR: 2.00e-05
2026-06-30 03:07:08,976 | [DYN-LATENT] | INFO | meta_classifier_renewed.model_trainers.meta_trainer | Ep [002/500] T-Acc:  56.0%  V-Acc:  16.7%  V-AUROC: 0.1111  LR: 4.00e-05
2026-06-30 03:07:11,502 | [DYN-LATENT] | INFO | meta_classifier_renewed.model_trainers.meta_trainer | Ep [003/500] T-Acc:  48.0%  V-Acc:  50.0%  V-AUROC: 0.1944  LR: 6.00e-05
2026-06-30 03:07:13,820 | [DYN-LATENT] | INFO | meta_classifier_renewed.model_trainers.meta_trainer | Ep [004/500] T-Acc:  40.0%  V-Acc:  50.0%  V-AUROC: 0.2222  LR: 8.00e-05
2026-06-30 03:07:16,182 | [DYN-LATENT] | INFO | meta_classifier_renewed.model_trainers.meta_trainer | Ep [005/500] T-Acc:  40.0%  V-Acc:  50.0%  V-AUROC: 0.2500  LR: 1.00e-04
2026-06-30 03:07:18,718 | [DYN-LATENT] | INFO | meta_classifier_renewed.model_trainers.meta_trainer | Ep [006/500] T-Acc:  52.0%  V-Acc:  50.0%  V-AUROC: 0.2222  LR: 1.00e-04
2026-06-30 03:07:21,221 | [DYN-LATENT] | INFO | meta_classifier_renewed.model_trainers.meta_trainer | Ep [007/500] T-Acc:  72.0%  V-Acc:  50.0%  V-AUROC: 0.2222  LR: 1.00e-04
2026-06-30 03:07:23,397 | [DYN-LATENT] | INFO | meta_classifier_renewed.model_trainers.meta_trainer | Ep [008/500] T-Acc:  76.0%  V-Acc:  50.0%  V-AUROC: 0.3889  LR: 1.00e-04
2026-06-30 03:07:25,913 | [DYN-LATENT] | INFO | meta_classifier_renewed.model_trainers.meta_trainer | Ep [009/500] T-Acc:  68.0%  V-Acc:  50.0%  V-AUROC: 0.4722  LR: 1.00e-04
2026-06-30 03:07:28,260 | [DYN-LATENT] | INFO | meta_classifier_renewed.model_trainers.meta_trainer | Ep [010/500] T-Acc:  76.0%  V-Acc:  41.7%  V-AUROC: 0.5278  LR: 1.00e-04
2026-06-30 03:07:30,553 | [DYN-LATENT] | INFO | meta_classifier_renewed.model_trainers.meta_trainer | Ep [011/500] T-Acc:  48.0%  V-Acc:  58.3%  V-AUROC: 0.5278  LR: 1.00e-04
2026-06-30 03:07:32,720 | [DYN-LATENT] | INFO | meta_classifier_renewed.model_trainers.meta_trainer | Ep [012/500] T-Acc:  64.0%  V-Acc:  50.0%  V-AUROC: 0.5278  LR: 1.00e-04
2026-06-30 03:07:35,010 | [DYN-LATENT] | INFO | meta_classifier_renewed.model_trainers.meta_trainer | Ep [013/500] T-Acc:  76.0%  V-Acc:  50.0%  V-AUROC: 0.5278  LR: 1.00e-04
2026-06-30 03:07:37,259 | [DYN-LATENT] | INFO | meta_classifier_renewed.model_trainers.meta_trainer | Ep [014/500] T-Acc:  60.0%  V-Acc:  58.3%  V-AUROC: 0.5833  LR: 1.00e-04
2026-06-30 03:07:39,557 | [DYN-LATENT] | INFO | meta_classifier_renewed.model_trainers.meta_trainer | Ep [015/500] T-Acc:  64.0%  V-Acc:  58.3%  V-AUROC: 0.5833  LR: 1.00e-04
2026-06-30 03:07:41,885 | [DYN-LATENT] | INFO | meta_classifier_renewed.model_trainers.meta_trainer | Ep [016/500] T-Acc:  72.0%  V-Acc:  58.3%  V-AUROC: 0.6111  LR: 1.00e-04
2026-06-30 03:07:44,184 | [DYN-LATENT] | INFO | meta_classifier_renewed.model_trainers.meta_trainer | Ep [017/500] T-Acc:  84.0%  V-Acc:  50.0%  V-AUROC: 0.6111  LR: 1.00e-04
2026-06-30 03:07:46,333 | [DYN-LATENT] | INFO | meta_classifier_renewed.model_trainers.meta_trainer | Ep [018/500] T-Acc:  68.0%  V-Acc:  50.0%  V-AUROC: 0.6111  LR: 1.00e-04
2026-06-30 03:07:48,563 | [DYN-LATENT] | INFO | meta_classifier_renewed.model_trainers.meta_trainer | Ep [019/500] T-Acc:  72.0%  V-Acc:  50.0%  V-AUROC: 0.6111  LR: 1.00e-04
2026-06-30 03:07:50,937 | [DYN-LATENT] | INFO | meta_classifier_renewed.model_trainers.meta_trainer | Ep [020/500] T-Acc:  64.0%  V-Acc:  50.0%  V-AUROC: 0.6111  LR: 1.00e-04
2026-06-30 03:07:53,091 | [DYN-LATENT] | INFO | meta_classifier_renewed.model_trainers.meta_trainer | Ep [021/500] T-Acc:  80.0%  V-Acc:  50.0%  V-AUROC: 0.6111  LR: 1.00e-04
2026-06-30 03:07:55,316 | [DYN-LATENT] | INFO | meta_classifier_renewed.model_trainers.meta_trainer | Ep [022/500] T-Acc:  72.0%  V-Acc:  50.0%  V-AUROC: 0.6111  LR: 1.00e-04
2026-06-30 03:07:57,630 | [DYN-LATENT] | INFO | meta_classifier_renewed.model_trainers.meta_trainer | Ep [023/500] T-Acc:  84.0%  V-Acc:  50.0%  V-AUROC: 0.6111  LR: 1.00e-04
2026-06-30 03:07:59,784 | [DYN-LATENT] | INFO | meta_classifier_renewed.model_trainers.meta_trainer | Ep [024/500] T-Acc:  68.0%  V-Acc:  58.3%  V-AUROC: 0.6111  LR: 1.00e-04
2026-06-30 03:08:01,990 | [DYN-LATENT] | INFO | meta_classifier_renewed.model_trainers.meta_trainer | Ep [025/500] T-Acc:  88.0%  V-Acc:  66.7%  V-AUROC: 0.6389  LR: 1.00e-04
2026-06-30 03:08:04,423 | [DYN-LATENT] | INFO | meta_classifier_renewed.model_trainers.meta_trainer | Ep [026/500] T-Acc:  72.0%  V-Acc:  50.0%  V-AUROC: 0.6389  LR: 1.00e-04
2026-06-30 03:08:06,654 | [DYN-LATENT] | INFO | meta_classifier_renewed.model_trainers.meta_trainer | Ep [027/500] T-Acc:  92.0%  V-Acc:  58.3%  V-AUROC: 0.6389  LR: 1.00e-04
2026-06-30 03:08:08,798 | [DYN-LATENT] | INFO | meta_classifier_renewed.model_trainers.meta_trainer | Ep [028/500] T-Acc:  96.0%  V-Acc:  50.0%  V-AUROC: 0.6667  LR: 1.00e-04
2026-06-30 03:08:11,247 | [DYN-LATENT] | INFO | meta_classifier_renewed.model_trainers.meta_trainer | Ep [029/500] T-Acc:  92.0%  V-Acc:  50.0%  V-AUROC: 0.6667  LR: 1.00e-04
2026-06-30 03:08:13,436 | [DYN-LATENT] | INFO | meta_classifier_renewed.model_trainers.meta_trainer | Ep [030/500] T-Acc:  92.0%  V-Acc:  66.7%  V-AUROC: 0.6389  LR: 1.00e-04
2026-06-30 03:08:15,600 | [DYN-LATENT] | INFO | meta_classifier_renewed.model_trainers.meta_trainer | Ep [031/500] T-Acc: 100.0%  V-Acc:  66.7%  V-AUROC: 0.6389  LR: 1.00e-04
2026-06-30 03:08:17,784 | [DYN-LATENT] | INFO | meta_classifier_renewed.model_trainers.meta_trainer | Ep [032/500] T-Acc: 100.0%  V-Acc:  58.3%  V-AUROC: 0.6389  LR: 1.00e-04
2026-06-30 03:08:20,092 | [DYN-LATENT] | INFO | meta_classifier_renewed.model_trainers.meta_trainer | Ep [033/500] T-Acc:  88.0%  V-Acc:  66.7%  V-AUROC: 0.6667  LR: 1.00e-04
2026-06-30 03:08:22,223 | [DYN-LATENT] | INFO | meta_classifier_renewed.model_trainers.meta_trainer | Ep [034/500] T-Acc: 100.0%  V-Acc:  50.0%  V-AUROC: 0.5833  LR: 1.00e-04
2026-06-30 03:08:24,404 | [DYN-LATENT] | INFO | meta_classifier_renewed.model_trainers.meta_trainer | Ep [035/500] T-Acc: 100.0%  V-Acc:  58.3%  V-AUROC: 0.6944  LR: 1.00e-04
2026-06-30 03:08:26,830 | [DYN-LATENT] | INFO | meta_classifier_renewed.model_trainers.meta_trainer | Ep [036/500] T-Acc: 100.0%  V-Acc:  66.7%  V-AUROC: 0.7222  LR: 1.00e-04
2026-06-30 03:08:29,160 | [DYN-LATENT] | INFO | meta_classifier_renewed.model_trainers.meta_trainer | Ep [037/500] T-Acc:  96.0%  V-Acc:  66.7%  V-AUROC: 0.7222  LR: 1.00e-04
2026-06-30 03:08:31,301 | [DYN-LATENT] | INFO | meta_classifier_renewed.model_trainers.meta_trainer | Ep [038/500] T-Acc: 100.0%  V-Acc:  66.7%  V-AUROC: 0.7222  LR: 1.00e-04
2026-06-30 03:08:33,489 | [DYN-LATENT] | INFO | meta_classifier_renewed.model_trainers.meta_trainer | Ep [039/500] T-Acc:  96.0%  V-Acc:  58.3%  V-AUROC: 0.5833  LR: 1.00e-04
2026-06-30 03:08:35,758 | [DYN-LATENT] | INFO | meta_classifier_renewed.model_trainers.meta_trainer | Ep [040/500] T-Acc: 100.0%  V-Acc:  58.3%  V-AUROC: 0.5833  LR: 1.00e-04
2026-06-30 03:08:37,985 | [DYN-LATENT] | INFO | meta_classifier_renewed.model_trainers.meta_trainer | Ep [041/500] T-Acc: 100.0%  V-Acc:  58.3%  V-AUROC: 0.5833  LR: 1.00e-04
2026-06-30 03:08:40,191 | [DYN-LATENT] | INFO | meta_classifier_renewed.model_trainers.meta_trainer | Ep [042/500] T-Acc: 100.0%  V-Acc:  75.0%  V-AUROC: 0.7222  LR: 1.00e-04
2026-06-30 03:08:42,515 | [DYN-LATENT] | INFO | meta_classifier_renewed.model_trainers.meta_trainer | Ep [043/500] T-Acc: 100.0%  V-Acc:  58.3%  V-AUROC: 0.7222  LR: 1.00e-04
2026-06-30 03:08:44,638 | [DYN-LATENT] | INFO | meta_classifier_renewed.model_trainers.meta_trainer | Ep [044/500] T-Acc: 100.0%  V-Acc:  58.3%  V-AUROC: 0.6111  LR: 1.00e-04
2026-06-30 03:08:46,961 | [DYN-LATENT] | INFO | meta_classifier_renewed.model_trainers.meta_trainer | Ep [045/500] T-Acc: 100.0%  V-Acc:  41.7%  V-AUROC: 0.5833  LR: 1.00e-04
2026-06-30 03:08:49,154 | [DYN-LATENT] | INFO | meta_classifier_renewed.model_trainers.meta_trainer | Ep [046/500] T-Acc: 100.0%  V-Acc:  41.7%  V-AUROC: 0.5833  LR: 1.00e-04
2026-06-30 03:08:51,355 | [DYN-LATENT] | INFO | meta_classifier_renewed.model_trainers.meta_trainer | Ep [047/500] T-Acc: 100.0%  V-Acc:  75.0%  V-AUROC: 0.7222  LR: 1.00e-04
2026-06-30 03:08:53,562 | [DYN-LATENT] | INFO | meta_classifier_renewed.model_trainers.meta_trainer | Ep [048/500] T-Acc: 100.0%  V-Acc:  75.0%  V-AUROC: 0.7222  LR: 2.00e-05
2026-06-30 03:08:55,780 | [DYN-LATENT] | INFO | meta_classifier_renewed.model_trainers.meta_trainer | Ep [049/500] T-Acc: 100.0%  V-Acc:  75.0%  V-AUROC: 0.7222  LR: 2.00e-05
2026-06-30 03:08:57,931 | [DYN-LATENT] | INFO | meta_classifier_renewed.model_trainers.meta_trainer | Ep [050/500] T-Acc: 100.0%  V-Acc:  75.0%  V-AUROC: 0.7222  LR: 2.00e-05
2026-06-30 03:09:00,070 | [DYN-LATENT] | INFO | meta_classifier_renewed.model_trainers.meta_trainer | Ep [051/500] T-Acc: 100.0%  V-Acc:  75.0%  V-AUROC: 0.6944  LR: 2.00e-05
2026-06-30 03:09:02,243 | [DYN-LATENT] | INFO | meta_classifier_renewed.model_trainers.meta_trainer | Ep [052/500] T-Acc: 100.0%  V-Acc:  66.7%  V-AUROC: 0.6389  LR: 2.00e-05
2026-06-30 03:09:04,460 | [DYN-LATENT] | INFO | meta_classifier_renewed.model_trainers.meta_trainer | Ep [053/500] T-Acc: 100.0%  V-Acc:  58.3%  V-AUROC: 0.6111  LR: 2.00e-05
2026-06-30 03:09:06,711 | [DYN-LATENT] | INFO | meta_classifier_renewed.model_trainers.meta_trainer | Ep [054/500] T-Acc: 100.0%  V-Acc:  58.3%  V-AUROC: 0.6111  LR: 2.00e-05
2026-06-30 03:09:08,915 | [DYN-LATENT] | INFO | meta_classifier_renewed.model_trainers.meta_trainer | Ep [055/500] T-Acc: 100.0%  V-Acc:  58.3%  V-AUROC: 0.6111  LR: 2.00e-05
2026-06-30 03:09:11,047 | [DYN-LATENT] | INFO | meta_classifier_renewed.model_trainers.meta_trainer | Ep [056/500] T-Acc: 100.0%  V-Acc:  58.3%  V-AUROC: 0.6111  LR: 2.00e-05
2026-06-30 03:09:13,182 | [DYN-LATENT] | INFO | meta_classifier_renewed.model_trainers.meta_trainer | Ep [057/500] T-Acc: 100.0%  V-Acc:  66.7%  V-AUROC: 0.6111  LR: 2.00e-05
2026-06-30 03:09:15,332 | [DYN-LATENT] | INFO | meta_classifier_renewed.model_trainers.meta_trainer | Ep [058/500] T-Acc: 100.0%  V-Acc:  66.7%  V-AUROC: 0.6111  LR: 2.00e-05
2026-06-30 03:09:17,464 | [DYN-LATENT] | INFO | meta_classifier_renewed.model_trainers.meta_trainer | Ep [059/500] T-Acc: 100.0%  V-Acc:  66.7%  V-AUROC: 0.6111  LR: 4.00e-06
2026-06-30 03:09:19,672 | [DYN-LATENT] | INFO | meta_classifier_renewed.model_trainers.meta_trainer | Ep [060/500] T-Acc: 100.0%  V-Acc:  66.7%  V-AUROC: 0.6111  LR: 4.00e-06
2026-06-30 03:09:21,829 | [DYN-LATENT] | INFO | meta_classifier_renewed.model_trainers.meta_trainer | Ep [061/500] T-Acc: 100.0%  V-Acc:  66.7%  V-AUROC: 0.6111  LR: 4.00e-06
2026-06-30 03:09:24,012 | [DYN-LATENT] | INFO | meta_classifier_renewed.model_trainers.meta_trainer | Ep [062/500] T-Acc: 100.0%  V-Acc:  66.7%  V-AUROC: 0.5833  LR: 4.00e-06
2026-06-30 03:09:26,297 | [DYN-LATENT] | INFO | meta_classifier_renewed.model_trainers.meta_trainer | Ep [063/500] T-Acc: 100.0%  V-Acc:  66.7%  V-AUROC: 0.5833  LR: 4.00e-06
2026-06-30 03:09:28,540 | [DYN-LATENT] | INFO | meta_classifier_renewed.model_trainers.meta_trainer | Ep [064/500] T-Acc: 100.0%  V-Acc:  66.7%  V-AUROC: 0.5833  LR: 4.00e-06
2026-06-30 03:09:30,688 | [DYN-LATENT] | INFO | meta_classifier_renewed.model_trainers.meta_trainer | Ep [065/500] T-Acc: 100.0%  V-Acc:  66.7%  V-AUROC: 0.5833  LR: 4.00e-06
2026-06-30 03:09:32,884 | [DYN-LATENT] | INFO | meta_classifier_renewed.model_trainers.meta_trainer | Ep [066/500] T-Acc: 100.0%  V-Acc:  66.7%  V-AUROC: 0.5833  LR: 4.00e-06
2026-06-30 03:09:32,884 | [DYN-LATENT] | INFO | meta_classifier_renewed.model_trainers.meta_trainer | Early stop — best AUROC 0.7222 at epoch 36
2026-06-30 03:09:33,946 | [DYN-LATENT] | INFO | meta_classifier_renewed.evaluators.monte_carlo_evaluator | -> Fold 26 Result | Acc=0.667 Sens=0.833 Spec=0.500 AUROC=0.722
2026-06-30 03:09:34,460 | [DYN-LATENT] | INFO | meta_classifier_renewed.evaluators.monte_carlo_evaluator | === Fold 27/30 | train: 25 subj | test: 12 subj ===
2026-06-30 03:09:36,904 | [DYN-LATENT] | INFO | meta_classifier_renewed.model_trainers.meta_trainer | Ep [001/500] T-Acc:  60.0%  V-Acc:  41.7%  V-AUROC: 0.5143  LR: 2.00e-05
2026-06-30 03:09:39,164 | [DYN-LATENT] | INFO | meta_classifier_renewed.model_trainers.meta_trainer | Ep [002/500] T-Acc:  32.0%  V-Acc:  41.7%  V-AUROC: 0.5143  LR: 4.00e-05
2026-06-30 03:09:41,625 | [DYN-LATENT] | INFO | meta_classifier_renewed.model_trainers.meta_trainer | Ep [003/500] T-Acc:  48.0%  V-Acc:  58.3%  V-AUROC: 0.5429  LR: 6.00e-05
2026-06-30 03:09:43,941 | [DYN-LATENT] | INFO | meta_classifier_renewed.model_trainers.meta_trainer | Ep [004/500] T-Acc:  56.0%  V-Acc:  58.3%  V-AUROC: 0.4857  LR: 8.00e-05
2026-06-30 03:09:46,184 | [DYN-LATENT] | INFO | meta_classifier_renewed.model_trainers.meta_trainer | Ep [005/500] T-Acc:  68.0%  V-Acc:  58.3%  V-AUROC: 0.5143  LR: 1.00e-04
2026-06-30 03:09:48,371 | [DYN-LATENT] | INFO | meta_classifier_renewed.model_trainers.meta_trainer | Ep [006/500] T-Acc:  56.0%  V-Acc:  58.3%  V-AUROC: 0.5143  LR: 1.00e-04
2026-06-30 03:09:50,653 | [DYN-LATENT] | INFO | meta_classifier_renewed.model_trainers.meta_trainer | Ep [007/500] T-Acc:  72.0%  V-Acc:  41.7%  V-AUROC: 0.5143  LR: 1.00e-04
2026-06-30 03:09:52,877 | [DYN-LATENT] | INFO | meta_classifier_renewed.model_trainers.meta_trainer | Ep [008/500] T-Acc:  52.0%  V-Acc:  41.7%  V-AUROC: 0.5143  LR: 1.00e-04
2026-06-30 03:09:55,037 | [DYN-LATENT] | INFO | meta_classifier_renewed.model_trainers.meta_trainer | Ep [009/500] T-Acc:  56.0%  V-Acc:  41.7%  V-AUROC: 0.4857  LR: 1.00e-04
2026-06-30 03:09:57,324 | [DYN-LATENT] | INFO | meta_classifier_renewed.model_trainers.meta_trainer | Ep [010/500] T-Acc:  44.0%  V-Acc:  41.7%  V-AUROC: 0.5429  LR: 1.00e-04
2026-06-30 03:09:59,497 | [DYN-LATENT] | INFO | meta_classifier_renewed.model_trainers.meta_trainer | Ep [011/500] T-Acc:  60.0%  V-Acc:  58.3%  V-AUROC: 0.5714  LR: 1.00e-04
2026-06-30 03:10:01,751 | [DYN-LATENT] | INFO | meta_classifier_renewed.model_trainers.meta_trainer | Ep [012/500] T-Acc:  76.0%  V-Acc:  58.3%  V-AUROC: 0.5714  LR: 1.00e-04
2026-06-30 03:10:03,962 | [DYN-LATENT] | INFO | meta_classifier_renewed.model_trainers.meta_trainer | Ep [013/500] T-Acc:  76.0%  V-Acc:  58.3%  V-AUROC: 0.5429  LR: 1.00e-04
2026-06-30 03:10:06,280 | [DYN-LATENT] | INFO | meta_classifier_renewed.model_trainers.meta_trainer | Ep [014/500] T-Acc:  68.0%  V-Acc:  33.3%  V-AUROC: 0.4571  LR: 1.00e-04
2026-06-30 03:10:08,515 | [DYN-LATENT] | INFO | meta_classifier_renewed.model_trainers.meta_trainer | Ep [015/500] T-Acc:  68.0%  V-Acc:  41.7%  V-AUROC: 0.4286  LR: 1.00e-04
2026-06-30 03:10:10,816 | [DYN-LATENT] | INFO | meta_classifier_renewed.model_trainers.meta_trainer | Ep [016/500] T-Acc:  40.0%  V-Acc:  41.7%  V-AUROC: 0.4286  LR: 1.00e-04
2026-06-30 03:10:13,108 | [DYN-LATENT] | INFO | meta_classifier_renewed.model_trainers.meta_trainer | Ep [017/500] T-Acc:  56.0%  V-Acc:  41.7%  V-AUROC: 0.4857  LR: 1.00e-04
2026-06-30 03:10:15,268 | [DYN-LATENT] | INFO | meta_classifier_renewed.model_trainers.meta_trainer | Ep [018/500] T-Acc:  88.0%  V-Acc:  66.7%  V-AUROC: 0.5714  LR: 1.00e-04
2026-06-30 03:10:17,994 | [DYN-LATENT] | INFO | meta_classifier_renewed.model_trainers.meta_trainer | Ep [019/500] T-Acc:  76.0%  V-Acc:  66.7%  V-AUROC: 0.5714  LR: 1.00e-04
2026-06-30 03:10:20,193 | [DYN-LATENT] | INFO | meta_classifier_renewed.model_trainers.meta_trainer | Ep [020/500] T-Acc:  60.0%  V-Acc:  41.7%  V-AUROC: 0.5429  LR: 1.00e-04
2026-06-30 03:10:22,345 | [DYN-LATENT] | INFO | meta_classifier_renewed.model_trainers.meta_trainer | Ep [021/500] T-Acc:  72.0%  V-Acc:  41.7%  V-AUROC: 0.4286  LR: 1.00e-04
2026-06-30 03:10:24,579 | [DYN-LATENT] | INFO | meta_classifier_renewed.model_trainers.meta_trainer | Ep [022/500] T-Acc:  64.0%  V-Acc:  41.7%  V-AUROC: 0.4571  LR: 1.00e-04
2026-06-30 03:10:26,770 | [DYN-LATENT] | INFO | meta_classifier_renewed.model_trainers.meta_trainer | Ep [023/500] T-Acc:  76.0%  V-Acc:  41.7%  V-AUROC: 0.4857  LR: 2.00e-05
2026-06-30 03:10:29,043 | [DYN-LATENT] | INFO | meta_classifier_renewed.model_trainers.meta_trainer | Ep [024/500] T-Acc:  72.0%  V-Acc:  50.0%  V-AUROC: 0.5429  LR: 2.00e-05
2026-06-30 03:10:31,222 | [DYN-LATENT] | INFO | meta_classifier_renewed.model_trainers.meta_trainer | Ep [025/500] T-Acc:  72.0%  V-Acc:  58.3%  V-AUROC: 0.5714  LR: 2.00e-05
2026-06-30 03:10:33,395 | [DYN-LATENT] | INFO | meta_classifier_renewed.model_trainers.meta_trainer | Ep [026/500] T-Acc:  72.0%  V-Acc:  66.7%  V-AUROC: 0.5714  LR: 2.00e-05
2026-06-30 03:10:35,603 | [DYN-LATENT] | INFO | meta_classifier_renewed.model_trainers.meta_trainer | Ep [027/500] T-Acc:  84.0%  V-Acc:  66.7%  V-AUROC: 0.5714  LR: 2.00e-05
2026-06-30 03:10:37,770 | [DYN-LATENT] | INFO | meta_classifier_renewed.model_trainers.meta_trainer | Ep [028/500] T-Acc:  72.0%  V-Acc:  66.7%  V-AUROC: 0.5714  LR: 2.00e-05
2026-06-30 03:10:39,945 | [DYN-LATENT] | INFO | meta_classifier_renewed.model_trainers.meta_trainer | Ep [029/500] T-Acc:  72.0%  V-Acc:  66.7%  V-AUROC: 0.5714  LR: 2.00e-05
2026-06-30 03:10:42,182 | [DYN-LATENT] | INFO | meta_classifier_renewed.model_trainers.meta_trainer | Ep [030/500] T-Acc:  72.0%  V-Acc:  66.7%  V-AUROC: 0.5429  LR: 2.00e-05
2026-06-30 03:10:44,314 | [DYN-LATENT] | INFO | meta_classifier_renewed.model_trainers.meta_trainer | Ep [031/500] T-Acc:  80.0%  V-Acc:  58.3%  V-AUROC: 0.5429  LR: 2.00e-05
2026-06-30 03:10:46,559 | [DYN-LATENT] | INFO | meta_classifier_renewed.model_trainers.meta_trainer | Ep [032/500] T-Acc:  68.0%  V-Acc:  50.0%  V-AUROC: 0.5143  LR: 2.00e-05
2026-06-30 03:10:49,079 | [DYN-LATENT] | INFO | meta_classifier_renewed.model_trainers.meta_trainer | Ep [033/500] T-Acc:  68.0%  V-Acc:  50.0%  V-AUROC: 0.4857  LR: 2.00e-05
2026-06-30 03:10:51,270 | [DYN-LATENT] | INFO | meta_classifier_renewed.model_trainers.meta_trainer | Ep [034/500] T-Acc:  72.0%  V-Acc:  50.0%  V-AUROC: 0.4571  LR: 4.00e-06
2026-06-30 03:10:53,408 | [DYN-LATENT] | INFO | meta_classifier_renewed.model_trainers.meta_trainer | Ep [035/500] T-Acc:  84.0%  V-Acc:  50.0%  V-AUROC: 0.4571  LR: 4.00e-06
2026-06-30 03:10:55,675 | [DYN-LATENT] | INFO | meta_classifier_renewed.model_trainers.meta_trainer | Ep [036/500] T-Acc:  68.0%  V-Acc:  50.0%  V-AUROC: 0.4571  LR: 4.00e-06
2026-06-30 03:10:57,843 | [DYN-LATENT] | INFO | meta_classifier_renewed.model_trainers.meta_trainer | Ep [037/500] T-Acc:  64.0%  V-Acc:  50.0%  V-AUROC: 0.4571  LR: 4.00e-06
2026-06-30 03:11:00,052 | [DYN-LATENT] | INFO | meta_classifier_renewed.model_trainers.meta_trainer | Ep [038/500] T-Acc:  84.0%  V-Acc:  50.0%  V-AUROC: 0.4857  LR: 4.00e-06
2026-06-30 03:11:02,221 | [DYN-LATENT] | INFO | meta_classifier_renewed.model_trainers.meta_trainer | Ep [039/500] T-Acc:  88.0%  V-Acc:  50.0%  V-AUROC: 0.4857  LR: 4.00e-06
2026-06-30 03:11:04,505 | [DYN-LATENT] | INFO | meta_classifier_renewed.model_trainers.meta_trainer | Ep [040/500] T-Acc:  84.0%  V-Acc:  50.0%  V-AUROC: 0.4571  LR: 4.00e-06
2026-06-30 03:11:06,756 | [DYN-LATENT] | INFO | meta_classifier_renewed.model_trainers.meta_trainer | Ep [041/500] T-Acc:  80.0%  V-Acc:  50.0%  V-AUROC: 0.4857  LR: 4.00e-06
2026-06-30 03:11:06,757 | [DYN-LATENT] | INFO | meta_classifier_renewed.model_trainers.meta_trainer | Early stop — best AUROC 0.5714 at epoch 11
2026-06-30 03:11:07,688 | [DYN-LATENT] | INFO | meta_classifier_renewed.evaluators.monte_carlo_evaluator | -> Fold 27 Result | Acc=0.583 Sens=1.000 Spec=0.000 AUROC=0.571
2026-06-30 03:11:08,084 | [DYN-LATENT] | INFO | meta_classifier_renewed.evaluators.monte_carlo_evaluator | === Fold 28/30 | train: 25 subj | test: 12 subj ===
2026-06-30 03:11:11,210 | [DYN-LATENT] | INFO | meta_classifier_renewed.model_trainers.meta_trainer | Ep [001/500] T-Acc:  52.0%  V-Acc:  41.7%  V-AUROC: 0.7429  LR: 2.00e-05
2026-06-30 03:11:13,514 | [DYN-LATENT] | INFO | meta_classifier_renewed.model_trainers.meta_trainer | Ep [002/500] T-Acc:  32.0%  V-Acc:  41.7%  V-AUROC: 0.7429  LR: 4.00e-05
2026-06-30 03:11:15,651 | [DYN-LATENT] | INFO | meta_classifier_renewed.model_trainers.meta_trainer | Ep [003/500] T-Acc:  52.0%  V-Acc:  50.0%  V-AUROC: 0.6857  LR: 6.00e-05
2026-06-30 03:11:17,839 | [DYN-LATENT] | INFO | meta_classifier_renewed.model_trainers.meta_trainer | Ep [004/500] T-Acc:  60.0%  V-Acc:  50.0%  V-AUROC: 0.6857  LR: 8.00e-05
2026-06-30 03:11:20,222 | [DYN-LATENT] | INFO | meta_classifier_renewed.model_trainers.meta_trainer | Ep [005/500] T-Acc:  44.0%  V-Acc:  58.3%  V-AUROC: 0.7143  LR: 1.00e-04
2026-06-30 03:11:22,693 | [DYN-LATENT] | INFO | meta_classifier_renewed.model_trainers.meta_trainer | Ep [006/500] T-Acc:  52.0%  V-Acc:  50.0%  V-AUROC: 0.6000  LR: 1.00e-04
2026-06-30 03:11:24,911 | [DYN-LATENT] | INFO | meta_classifier_renewed.model_trainers.meta_trainer | Ep [007/500] T-Acc:  60.0%  V-Acc:  50.0%  V-AUROC: 0.6286  LR: 1.00e-04
2026-06-30 03:11:27,177 | [DYN-LATENT] | INFO | meta_classifier_renewed.model_trainers.meta_trainer | Ep [008/500] T-Acc:  80.0%  V-Acc:  58.3%  V-AUROC: 0.6000  LR: 1.00e-04
2026-06-30 03:11:29,432 | [DYN-LATENT] | INFO | meta_classifier_renewed.model_trainers.meta_trainer | Ep [009/500] T-Acc:  84.0%  V-Acc:  58.3%  V-AUROC: 0.6000  LR: 1.00e-04
2026-06-30 03:11:31,654 | [DYN-LATENT] | INFO | meta_classifier_renewed.model_trainers.meta_trainer | Ep [010/500] T-Acc:  68.0%  V-Acc:  50.0%  V-AUROC: 0.5714  LR: 1.00e-04
2026-06-30 03:11:33,988 | [DYN-LATENT] | INFO | meta_classifier_renewed.model_trainers.meta_trainer | Ep [011/500] T-Acc:  76.0%  V-Acc:  50.0%  V-AUROC: 0.5143  LR: 1.00e-04
2026-06-30 03:11:36,257 | [DYN-LATENT] | INFO | meta_classifier_renewed.model_trainers.meta_trainer | Ep [012/500] T-Acc:  88.0%  V-Acc:  50.0%  V-AUROC: 0.5143  LR: 1.00e-04
2026-06-30 03:11:38,401 | [DYN-LATENT] | INFO | meta_classifier_renewed.model_trainers.meta_trainer | Ep [013/500] T-Acc:  72.0%  V-Acc:  50.0%  V-AUROC: 0.5714  LR: 1.00e-04
2026-06-30 03:11:40,640 | [DYN-LATENT] | INFO | meta_classifier_renewed.model_trainers.meta_trainer | Ep [014/500] T-Acc:  68.0%  V-Acc:  50.0%  V-AUROC: 0.6000  LR: 1.00e-04
2026-06-30 03:11:42,812 | [DYN-LATENT] | INFO | meta_classifier_renewed.model_trainers.meta_trainer | Ep [015/500] T-Acc:  56.0%  V-Acc:  50.0%  V-AUROC: 0.6000  LR: 1.00e-04
2026-06-30 03:11:44,982 | [DYN-LATENT] | INFO | meta_classifier_renewed.model_trainers.meta_trainer | Ep [016/500] T-Acc:  84.0%  V-Acc:  58.3%  V-AUROC: 0.6000  LR: 1.00e-04
2026-06-30 03:11:47,135 | [DYN-LATENT] | INFO | meta_classifier_renewed.model_trainers.meta_trainer | Ep [017/500] T-Acc:  84.0%  V-Acc:  50.0%  V-AUROC: 0.5429  LR: 1.00e-04
2026-06-30 03:11:49,317 | [DYN-LATENT] | INFO | meta_classifier_renewed.model_trainers.meta_trainer | Ep [018/500] T-Acc:  84.0%  V-Acc:  50.0%  V-AUROC: 0.5429  LR: 1.00e-04
2026-06-30 03:11:51,548 | [DYN-LATENT] | INFO | meta_classifier_renewed.model_trainers.meta_trainer | Ep [019/500] T-Acc:  84.0%  V-Acc:  50.0%  V-AUROC: 0.5714  LR: 2.00e-05
2026-06-30 03:11:53,717 | [DYN-LATENT] | INFO | meta_classifier_renewed.model_trainers.meta_trainer | Ep [020/500] T-Acc:  84.0%  V-Acc:  50.0%  V-AUROC: 0.5429  LR: 2.00e-05
2026-06-30 03:11:55,943 | [DYN-LATENT] | INFO | meta_classifier_renewed.model_trainers.meta_trainer | Ep [021/500] T-Acc:  80.0%  V-Acc:  50.0%  V-AUROC: 0.5714  LR: 2.00e-05
2026-06-30 03:11:58,119 | [DYN-LATENT] | INFO | meta_classifier_renewed.model_trainers.meta_trainer | Ep [022/500] T-Acc:  88.0%  V-Acc:  58.3%  V-AUROC: 0.5714  LR: 2.00e-05
2026-06-30 03:12:00,340 | [DYN-LATENT] | INFO | meta_classifier_renewed.model_trainers.meta_trainer | Ep [023/500] T-Acc:  60.0%  V-Acc:  66.7%  V-AUROC: 0.5429  LR: 2.00e-05
2026-06-30 03:12:02,488 | [DYN-LATENT] | INFO | meta_classifier_renewed.model_trainers.meta_trainer | Ep [024/500] T-Acc:  72.0%  V-Acc:  58.3%  V-AUROC: 0.5429  LR: 2.00e-05
2026-06-30 03:12:04,712 | [DYN-LATENT] | INFO | meta_classifier_renewed.model_trainers.meta_trainer | Ep [025/500] T-Acc:  88.0%  V-Acc:  58.3%  V-AUROC: 0.5714  LR: 2.00e-05
2026-06-30 03:12:06,915 | [DYN-LATENT] | INFO | meta_classifier_renewed.model_trainers.meta_trainer | Ep [026/500] T-Acc:  64.0%  V-Acc:  50.0%  V-AUROC: 0.5714  LR: 2.00e-05
2026-06-30 03:12:09,109 | [DYN-LATENT] | INFO | meta_classifier_renewed.model_trainers.meta_trainer | Ep [027/500] T-Acc:  96.0%  V-Acc:  66.7%  V-AUROC: 0.5714  LR: 2.00e-05
2026-06-30 03:12:11,348 | [DYN-LATENT] | INFO | meta_classifier_renewed.model_trainers.meta_trainer | Ep [028/500] T-Acc:  72.0%  V-Acc:  66.7%  V-AUROC: 0.5714  LR: 2.00e-05
2026-06-30 03:12:13,524 | [DYN-LATENT] | INFO | meta_classifier_renewed.model_trainers.meta_trainer | Ep [029/500] T-Acc:  84.0%  V-Acc:  66.7%  V-AUROC: 0.5714  LR: 2.00e-05
2026-06-30 03:12:15,716 | [DYN-LATENT] | INFO | meta_classifier_renewed.model_trainers.meta_trainer | Ep [030/500] T-Acc:  84.0%  V-Acc:  66.7%  V-AUROC: 0.5714  LR: 4.00e-06
2026-06-30 03:12:17,908 | [DYN-LATENT] | INFO | meta_classifier_renewed.model_trainers.meta_trainer | Ep [031/500] T-Acc:  92.0%  V-Acc:  66.7%  V-AUROC: 0.5714  LR: 4.00e-06
2026-06-30 03:12:17,908 | [DYN-LATENT] | INFO | meta_classifier_renewed.model_trainers.meta_trainer | Early stop — best AUROC 0.7429 at epoch 1
2026-06-30 03:12:18,812 | [DYN-LATENT] | INFO | meta_classifier_renewed.evaluators.monte_carlo_evaluator | -> Fold 28 Result | Acc=0.417 Sens=0.000 Spec=1.000 AUROC=0.743
2026-06-30 03:12:19,308 | [DYN-LATENT] | INFO | meta_classifier_renewed.evaluators.monte_carlo_evaluator | === Fold 29/30 | train: 25 subj | test: 12 subj ===
2026-06-30 03:12:22,047 | [DYN-LATENT] | INFO | meta_classifier_renewed.model_trainers.meta_trainer | Ep [001/500] T-Acc:  56.0%  V-Acc:  83.3%  V-AUROC: 0.6500  LR: 2.00e-05
2026-06-30 03:12:24,722 | [DYN-LATENT] | INFO | meta_classifier_renewed.model_trainers.meta_trainer | Ep [002/500] T-Acc:  56.0%  V-Acc:  16.7%  V-AUROC: 0.8000  LR: 4.00e-05
2026-06-30 03:12:27,195 | [DYN-LATENT] | INFO | meta_classifier_renewed.model_trainers.meta_trainer | Ep [003/500] T-Acc:  52.0%  V-Acc:  83.3%  V-AUROC: 0.9000  LR: 6.00e-05
2026-06-30 03:12:29,543 | [DYN-LATENT] | INFO | meta_classifier_renewed.model_trainers.meta_trainer | Ep [004/500] T-Acc:  32.0%  V-Acc:  83.3%  V-AUROC: 0.8500  LR: 8.00e-05
2026-06-30 03:12:31,745 | [DYN-LATENT] | INFO | meta_classifier_renewed.model_trainers.meta_trainer | Ep [005/500] T-Acc:  60.0%  V-Acc:  83.3%  V-AUROC: 0.8000  LR: 1.00e-04
2026-06-30 03:12:34,004 | [DYN-LATENT] | INFO | meta_classifier_renewed.model_trainers.meta_trainer | Ep [006/500] T-Acc:  64.0%  V-Acc:  16.7%  V-AUROC: 0.7000  LR: 1.00e-04
2026-06-30 03:12:36,353 | [DYN-LATENT] | INFO | meta_classifier_renewed.model_trainers.meta_trainer | Ep [007/500] T-Acc:  48.0%  V-Acc:  58.3%  V-AUROC: 0.6500  LR: 1.00e-04
2026-06-30 03:12:38,521 | [DYN-LATENT] | INFO | meta_classifier_renewed.model_trainers.meta_trainer | Ep [008/500] T-Acc:  44.0%  V-Acc:  58.3%  V-AUROC: 0.6500  LR: 1.00e-04
2026-06-30 03:12:40,806 | [DYN-LATENT] | INFO | meta_classifier_renewed.model_trainers.meta_trainer | Ep [009/500] T-Acc:  60.0%  V-Acc:  41.7%  V-AUROC: 0.7000  LR: 1.00e-04
2026-06-30 03:12:43,032 | [DYN-LATENT] | INFO | meta_classifier_renewed.model_trainers.meta_trainer | Ep [010/500] T-Acc:  60.0%  V-Acc:  41.7%  V-AUROC: 0.7500  LR: 1.00e-04
2026-06-30 03:12:45,220 | [DYN-LATENT] | INFO | meta_classifier_renewed.model_trainers.meta_trainer | Ep [011/500] T-Acc:  52.0%  V-Acc:  66.7%  V-AUROC: 0.7000  LR: 1.00e-04
2026-06-30 03:12:47,403 | [DYN-LATENT] | INFO | meta_classifier_renewed.model_trainers.meta_trainer | Ep [012/500] T-Acc:  44.0%  V-Acc:  83.3%  V-AUROC: 0.7000  LR: 1.00e-04
2026-06-30 03:12:49,709 | [DYN-LATENT] | INFO | meta_classifier_renewed.model_trainers.meta_trainer | Ep [013/500] T-Acc:  68.0%  V-Acc:  75.0%  V-AUROC: 0.7000  LR: 1.00e-04
2026-06-30 03:12:51,931 | [DYN-LATENT] | INFO | meta_classifier_renewed.model_trainers.meta_trainer | Ep [014/500] T-Acc:  80.0%  V-Acc:  16.7%  V-AUROC: 0.7000  LR: 1.00e-04
2026-06-30 03:12:54,141 | [DYN-LATENT] | INFO | meta_classifier_renewed.model_trainers.meta_trainer | Ep [015/500] T-Acc:  64.0%  V-Acc:  16.7%  V-AUROC: 0.7000  LR: 1.00e-04
2026-06-30 03:12:56,422 | [DYN-LATENT] | INFO | meta_classifier_renewed.model_trainers.meta_trainer | Ep [016/500] T-Acc:  64.0%  V-Acc:  66.7%  V-AUROC: 0.6500  LR: 1.00e-04
2026-06-30 03:12:58,577 | [DYN-LATENT] | INFO | meta_classifier_renewed.model_trainers.meta_trainer | Ep [017/500] T-Acc:  72.0%  V-Acc:  58.3%  V-AUROC: 0.6500  LR: 1.00e-04
2026-06-30 03:13:00,773 | [DYN-LATENT] | INFO | meta_classifier_renewed.model_trainers.meta_trainer | Ep [018/500] T-Acc:  52.0%  V-Acc:  75.0%  V-AUROC: 0.7000  LR: 1.00e-04
2026-06-30 03:13:02,972 | [DYN-LATENT] | INFO | meta_classifier_renewed.model_trainers.meta_trainer | Ep [019/500] T-Acc:  68.0%  V-Acc:  66.7%  V-AUROC: 0.7000  LR: 1.00e-04
2026-06-30 03:13:05,211 | [DYN-LATENT] | INFO | meta_classifier_renewed.model_trainers.meta_trainer | Ep [020/500] T-Acc:  48.0%  V-Acc:  50.0%  V-AUROC: 0.7000  LR: 1.00e-04
2026-06-30 03:13:07,384 | [DYN-LATENT] | INFO | meta_classifier_renewed.model_trainers.meta_trainer | Ep [021/500] T-Acc:  56.0%  V-Acc:  33.3%  V-AUROC: 0.7500  LR: 1.00e-04
2026-06-30 03:13:09,571 | [DYN-LATENT] | INFO | meta_classifier_renewed.model_trainers.meta_trainer | Ep [022/500] T-Acc:  64.0%  V-Acc:  33.3%  V-AUROC: 0.7500  LR: 2.00e-05
2026-06-30 03:13:11,797 | [DYN-LATENT] | INFO | meta_classifier_renewed.model_trainers.meta_trainer | Ep [023/500] T-Acc:  64.0%  V-Acc:  33.3%  V-AUROC: 0.7500  LR: 2.00e-05
2026-06-30 03:13:14,034 | [DYN-LATENT] | INFO | meta_classifier_renewed.model_trainers.meta_trainer | Ep [024/500] T-Acc:  68.0%  V-Acc:  50.0%  V-AUROC: 0.7500  LR: 2.00e-05
2026-06-30 03:13:16,212 | [DYN-LATENT] | INFO | meta_classifier_renewed.model_trainers.meta_trainer | Ep [025/500] T-Acc:  60.0%  V-Acc:  66.7%  V-AUROC: 0.7500  LR: 2.00e-05
2026-06-30 03:13:18,368 | [DYN-LATENT] | INFO | meta_classifier_renewed.model_trainers.meta_trainer | Ep [026/500] T-Acc:  76.0%  V-Acc:  58.3%  V-AUROC: 0.7500  LR: 2.00e-05
2026-06-30 03:13:20,626 | [DYN-LATENT] | INFO | meta_classifier_renewed.model_trainers.meta_trainer | Ep [027/500] T-Acc:  60.0%  V-Acc:  58.3%  V-AUROC: 0.7500  LR: 2.00e-05
2026-06-30 03:13:22,842 | [DYN-LATENT] | INFO | meta_classifier_renewed.model_trainers.meta_trainer | Ep [028/500] T-Acc:  72.0%  V-Acc:  58.3%  V-AUROC: 0.7500  LR: 2.00e-05
2026-06-30 03:13:25,029 | [DYN-LATENT] | INFO | meta_classifier_renewed.model_trainers.meta_trainer | Ep [029/500] T-Acc:  84.0%  V-Acc:  66.7%  V-AUROC: 0.7500  LR: 2.00e-05
2026-06-30 03:13:27,246 | [DYN-LATENT] | INFO | meta_classifier_renewed.model_trainers.meta_trainer | Ep [030/500] T-Acc:  72.0%  V-Acc:  66.7%  V-AUROC: 0.7500  LR: 2.00e-05
2026-06-30 03:13:29,467 | [DYN-LATENT] | INFO | meta_classifier_renewed.model_trainers.meta_trainer | Ep [031/500] T-Acc:  76.0%  V-Acc:  66.7%  V-AUROC: 0.7500  LR: 2.00e-05
2026-06-30 03:13:31,642 | [DYN-LATENT] | INFO | meta_classifier_renewed.model_trainers.meta_trainer | Ep [032/500] T-Acc:  52.0%  V-Acc:  66.7%  V-AUROC: 0.7500  LR: 2.00e-05
2026-06-30 03:13:33,819 | [DYN-LATENT] | INFO | meta_classifier_renewed.model_trainers.meta_trainer | Ep [033/500] T-Acc:  72.0%  V-Acc:  58.3%  V-AUROC: 0.7500  LR: 4.00e-06
2026-06-30 03:13:33,820 | [DYN-LATENT] | INFO | meta_classifier_renewed.model_trainers.meta_trainer | Early stop — best AUROC 0.9000 at epoch 3
2026-06-30 03:13:34,833 | [DYN-LATENT] | INFO | meta_classifier_renewed.evaluators.monte_carlo_evaluator | -> Fold 29 Result | Acc=0.833 Sens=0.900 Spec=0.500 AUROC=0.900
2026-06-30 03:13:35,237 | [DYN-LATENT] | INFO | meta_classifier_renewed.evaluators.monte_carlo_evaluator | === Fold 30/30 | train: 25 subj | test: 12 subj ===
2026-06-30 03:13:37,786 | [DYN-LATENT] | INFO | meta_classifier_renewed.model_trainers.meta_trainer | Ep [001/500] T-Acc:  56.0%  V-Acc:  75.0%  V-AUROC: 0.3704  LR: 2.00e-05
2026-06-30 03:13:40,085 | [DYN-LATENT] | INFO | meta_classifier_renewed.model_trainers.meta_trainer | Ep [002/500] T-Acc:  44.0%  V-Acc:  75.0%  V-AUROC: 0.3704  LR: 4.00e-05
2026-06-30 03:13:42,648 | [DYN-LATENT] | INFO | meta_classifier_renewed.model_trainers.meta_trainer | Ep [003/500] T-Acc:  72.0%  V-Acc:  75.0%  V-AUROC: 0.3704  LR: 6.00e-05
2026-06-30 03:13:44,880 | [DYN-LATENT] | INFO | meta_classifier_renewed.model_trainers.meta_trainer | Ep [004/500] T-Acc:  52.0%  V-Acc:  66.7%  V-AUROC: 0.4444  LR: 8.00e-05
2026-06-30 03:13:47,151 | [DYN-LATENT] | INFO | meta_classifier_renewed.model_trainers.meta_trainer | Ep [005/500] T-Acc:  56.0%  V-Acc:  25.0%  V-AUROC: 0.3704  LR: 1.00e-04
2026-06-30 03:13:49,535 | [DYN-LATENT] | INFO | meta_classifier_renewed.model_trainers.meta_trainer | Ep [006/500] T-Acc:  56.0%  V-Acc:  25.0%  V-AUROC: 0.4074  LR: 1.00e-04
2026-06-30 03:13:51,791 | [DYN-LATENT] | INFO | meta_classifier_renewed.model_trainers.meta_trainer | Ep [007/500] T-Acc:  56.0%  V-Acc:  25.0%  V-AUROC: 0.3704  LR: 1.00e-04
2026-06-30 03:13:53,996 | [DYN-LATENT] | INFO | meta_classifier_renewed.model_trainers.meta_trainer | Ep [008/500] T-Acc:  52.0%  V-Acc:  25.0%  V-AUROC: 0.3333  LR: 1.00e-04
2026-06-30 03:13:56,199 | [DYN-LATENT] | INFO | meta_classifier_renewed.model_trainers.meta_trainer | Ep [009/500] T-Acc:  40.0%  V-Acc:  16.7%  V-AUROC: 0.4074  LR: 1.00e-04
2026-06-30 03:13:58,477 | [DYN-LATENT] | INFO | meta_classifier_renewed.model_trainers.meta_trainer | Ep [010/500] T-Acc:  40.0%  V-Acc:  75.0%  V-AUROC: 0.4444  LR: 1.00e-04
2026-06-30 03:14:00,608 | [DYN-LATENT] | INFO | meta_classifier_renewed.model_trainers.meta_trainer | Ep [011/500] T-Acc:  56.0%  V-Acc:  75.0%  V-AUROC: 0.4444  LR: 1.00e-04
2026-06-30 03:14:02,796 | [DYN-LATENT] | INFO | meta_classifier_renewed.model_trainers.meta_trainer | Ep [012/500] T-Acc:  68.0%  V-Acc:  50.0%  V-AUROC: 0.4444  LR: 1.00e-04
2026-06-30 03:14:04,983 | [DYN-LATENT] | INFO | meta_classifier_renewed.model_trainers.meta_trainer | Ep [013/500] T-Acc:  60.0%  V-Acc:  41.7%  V-AUROC: 0.4444  LR: 1.00e-04
2026-06-30 03:14:07,170 | [DYN-LATENT] | INFO | meta_classifier_renewed.model_trainers.meta_trainer | Ep [014/500] T-Acc:  64.0%  V-Acc:  58.3%  V-AUROC: 0.4444  LR: 1.00e-04
2026-06-30 03:14:09,371 | [DYN-LATENT] | INFO | meta_classifier_renewed.model_trainers.meta_trainer | Ep [015/500] T-Acc:  64.0%  V-Acc:  50.0%  V-AUROC: 0.4444  LR: 1.00e-04
2026-06-30 03:14:11,627 | [DYN-LATENT] | INFO | meta_classifier_renewed.model_trainers.meta_trainer | Ep [016/500] T-Acc:  52.0%  V-Acc:  66.7%  V-AUROC: 0.4815  LR: 1.00e-04
2026-06-30 03:14:13,962 | [DYN-LATENT] | INFO | meta_classifier_renewed.model_trainers.meta_trainer | Ep [017/500] T-Acc:  56.0%  V-Acc:  66.7%  V-AUROC: 0.4815  LR: 1.00e-04
2026-06-30 03:14:16,121 | [DYN-LATENT] | INFO | meta_classifier_renewed.model_trainers.meta_trainer | Ep [018/500] T-Acc:  52.0%  V-Acc:  50.0%  V-AUROC: 0.4815  LR: 1.00e-04
2026-06-30 03:14:18,253 | [DYN-LATENT] | INFO | meta_classifier_renewed.model_trainers.meta_trainer | Ep [019/500] T-Acc:  64.0%  V-Acc:  50.0%  V-AUROC: 0.4815  LR: 1.00e-04
2026-06-30 03:14:20,593 | [DYN-LATENT] | INFO | meta_classifier_renewed.model_trainers.meta_trainer | Ep [020/500] T-Acc:  72.0%  V-Acc:  25.0%  V-AUROC: 0.4444  LR: 1.00e-04
2026-06-30 03:14:22,743 | [DYN-LATENT] | INFO | meta_classifier_renewed.model_trainers.meta_trainer | Ep [021/500] T-Acc:  48.0%  V-Acc:  25.0%  V-AUROC: 0.4444  LR: 1.00e-04
2026-06-30 03:14:24,951 | [DYN-LATENT] | INFO | meta_classifier_renewed.model_trainers.meta_trainer | Ep [022/500] T-Acc:  64.0%  V-Acc:  25.0%  V-AUROC: 0.4815  LR: 1.00e-04
2026-06-30 03:14:27,279 | [DYN-LATENT] | INFO | meta_classifier_renewed.model_trainers.meta_trainer | Ep [023/500] T-Acc:  76.0%  V-Acc:  50.0%  V-AUROC: 0.4815  LR: 1.00e-04
2026-06-30 03:14:29,437 | [DYN-LATENT] | INFO | meta_classifier_renewed.model_trainers.meta_trainer | Ep [024/500] T-Acc:  64.0%  V-Acc:  75.0%  V-AUROC: 0.4815  LR: 1.00e-04
2026-06-30 03:14:31,628 | [DYN-LATENT] | INFO | meta_classifier_renewed.model_trainers.meta_trainer | Ep [025/500] T-Acc:  68.0%  V-Acc:  75.0%  V-AUROC: 0.4815  LR: 1.00e-04
2026-06-30 03:14:33,815 | [DYN-LATENT] | INFO | meta_classifier_renewed.model_trainers.meta_trainer | Ep [026/500] T-Acc:  60.0%  V-Acc:  66.7%  V-AUROC: 0.4815  LR: 1.00e-04
2026-06-30 03:14:36,059 | [DYN-LATENT] | INFO | meta_classifier_renewed.model_trainers.meta_trainer | Ep [027/500] T-Acc:  84.0%  V-Acc:  50.0%  V-AUROC: 0.4815  LR: 1.00e-04
2026-06-30 03:14:38,232 | [DYN-LATENT] | INFO | meta_classifier_renewed.model_trainers.meta_trainer | Ep [028/500] T-Acc:  60.0%  V-Acc:  50.0%  V-AUROC: 0.4444  LR: 2.00e-05
2026-06-30 03:14:40,417 | [DYN-LATENT] | INFO | meta_classifier_renewed.model_trainers.meta_trainer | Ep [029/500] T-Acc:  72.0%  V-Acc:  50.0%  V-AUROC: 0.4444  LR: 2.00e-05
2026-06-30 03:14:42,694 | [DYN-LATENT] | INFO | meta_classifier_renewed.model_trainers.meta_trainer | Ep [030/500] T-Acc:  64.0%  V-Acc:  50.0%  V-AUROC: 0.4444  LR: 2.00e-05
2026-06-30 03:14:44,858 | [DYN-LATENT] | INFO | meta_classifier_renewed.model_trainers.meta_trainer | Ep [031/500] T-Acc:  64.0%  V-Acc:  50.0%  V-AUROC: 0.4815  LR: 2.00e-05
2026-06-30 03:14:47,012 | [DYN-LATENT] | INFO | meta_classifier_renewed.model_trainers.meta_trainer | Ep [032/500] T-Acc:  72.0%  V-Acc:  50.0%  V-AUROC: 0.4815  LR: 2.00e-05
2026-06-30 03:14:49,195 | [DYN-LATENT] | INFO | meta_classifier_renewed.model_trainers.meta_trainer | Ep [033/500] T-Acc:  68.0%  V-Acc:  58.3%  V-AUROC: 0.4815  LR: 2.00e-05
2026-06-30 03:14:51,491 | [DYN-LATENT] | INFO | meta_classifier_renewed.model_trainers.meta_trainer | Ep [034/500] T-Acc:  64.0%  V-Acc:  58.3%  V-AUROC: 0.4815  LR: 2.00e-05
2026-06-30 03:14:53,700 | [DYN-LATENT] | INFO | meta_classifier_renewed.model_trainers.meta_trainer | Ep [035/500] T-Acc:  72.0%  V-Acc:  58.3%  V-AUROC: 0.4815  LR: 2.00e-05
2026-06-30 03:14:55,928 | [DYN-LATENT] | INFO | meta_classifier_renewed.model_trainers.meta_trainer | Ep [036/500] T-Acc:  68.0%  V-Acc:  58.3%  V-AUROC: 0.4815  LR: 2.00e-05
2026-06-30 03:14:58,080 | [DYN-LATENT] | INFO | meta_classifier_renewed.model_trainers.meta_trainer | Ep [037/500] T-Acc:  88.0%  V-Acc:  58.3%  V-AUROC: 0.4815  LR: 2.00e-05
2026-06-30 03:15:00,222 | [DYN-LATENT] | INFO | meta_classifier_renewed.model_trainers.meta_trainer | Ep [038/500] T-Acc:  64.0%  V-Acc:  58.3%  V-AUROC: 0.4815  LR: 2.00e-05
2026-06-30 03:15:02,407 | [DYN-LATENT] | INFO | meta_classifier_renewed.model_trainers.meta_trainer | Ep [039/500] T-Acc:  60.0%  V-Acc:  58.3%  V-AUROC: 0.4815  LR: 4.00e-06
2026-06-30 03:15:04,628 | [DYN-LATENT] | INFO | meta_classifier_renewed.model_trainers.meta_trainer | Ep [040/500] T-Acc:  72.0%  V-Acc:  58.3%  V-AUROC: 0.4815  LR: 4.00e-06
2026-06-30 03:15:07,169 | [DYN-LATENT] | INFO | meta_classifier_renewed.model_trainers.meta_trainer | Ep [041/500] T-Acc:  72.0%  V-Acc:  58.3%  V-AUROC: 0.4815  LR: 4.00e-06
2026-06-30 03:15:09,397 | [DYN-LATENT] | INFO | meta_classifier_renewed.model_trainers.meta_trainer | Ep [042/500] T-Acc:  84.0%  V-Acc:  58.3%  V-AUROC: 0.4815  LR: 4.00e-06
2026-06-30 03:15:11,722 | [DYN-LATENT] | INFO | meta_classifier_renewed.model_trainers.meta_trainer | Ep [043/500] T-Acc:  56.0%  V-Acc:  58.3%  V-AUROC: 0.4815  LR: 4.00e-06
2026-06-30 03:15:13,862 | [DYN-LATENT] | INFO | meta_classifier_renewed.model_trainers.meta_trainer | Ep [044/500] T-Acc:  72.0%  V-Acc:  58.3%  V-AUROC: 0.4815  LR: 4.00e-06
2026-06-30 03:15:16,068 | [DYN-LATENT] | INFO | meta_classifier_renewed.model_trainers.meta_trainer | Ep [045/500] T-Acc:  84.0%  V-Acc:  58.3%  V-AUROC: 0.4815  LR: 4.00e-06
2026-06-30 03:15:18,244 | [DYN-LATENT] | INFO | meta_classifier_renewed.model_trainers.meta_trainer | Ep [046/500] T-Acc:  72.0%  V-Acc:  58.3%  V-AUROC: 0.4815  LR: 4.00e-06
2026-06-30 03:15:18,244 | [DYN-LATENT] | INFO | meta_classifier_renewed.model_trainers.meta_trainer | Early stop — best AUROC 0.4815 at epoch 16
2026-06-30 03:15:19,186 | [DYN-LATENT] | INFO | meta_classifier_renewed.evaluators.monte_carlo_evaluator | -> Fold 30 Result | Acc=0.667 Sens=0.778 Spec=0.333 AUROC=0.481
2026-06-30 03:15:19,488 | [DYN-LATENT] | INFO | meta_classifier_renewed.evaluators.monte_carlo_evaluator | ============================================================
2026-06-30 03:15:19,490 | [DYN-LATENT] | INFO | meta_classifier_renewed.evaluators.monte_carlo_evaluator |   Dynamic MC-CV Results (30 folds) - STRICT 0.5 THRESHOLD
2026-06-30 03:15:19,490 | [DYN-LATENT] | INFO | meta_classifier_renewed.evaluators.monte_carlo_evaluator |   Accuracy    : 0.619 ± 0.127
2026-06-30 03:15:19,490 | [DYN-LATENT] | INFO | meta_classifier_renewed.evaluators.monte_carlo_evaluator |   AUROC       : 0.737 ± 0.148
2026-06-30 03:15:19,490 | [DYN-LATENT] | INFO | meta_classifier_renewed.evaluators.monte_carlo_evaluator | ============================================================
