2026-06-29 14:38:30,277 | [META-RNW] | INFO | __main__ | Run ID: 20260629_143830_meta_renewed | dropout=0.50 | patience=30 | lr=1e-04 | wd=1e-02
2026-06-29 14:38:30,278 | [META-RNW] | INFO | __main__ | Log file: /home/leggo/AIResearch/VOGBasedMCIDetectionSystemMobileViTSingleExperimentInference/outputs/logs/run_20260629_143830_meta_renewed.log
2026-06-29 14:38:30,279 | [META-RNW] | INFO | __main__ | Loading 8-task VOG tensors (4-error CWT) from: /home/leggo/AIResearch/VOGBasedMCIDetectionSystemMobileViTSingleExperimentInference/data
2026-06-29 14:38:30,447 | [META-RNW] | INFO | full_experiments_using.data_processor.data_engineering | Loaded preprocessed data_store from cache: /home/leggo/AIResearch/VOGBasedMCIDetectionSystemMobileViTSingleExperimentInference/outputs/cache/data_store_meta_4err.pkl (5736 epochs)
2026-06-29 14:38:30,468 | [META-RNW] | INFO | meta_classifier_renewed.data_processor.data_preprocessing | Strict-parity drop (over 4 plenty tasks): 5 subject(s) had <10 trials on ≥1 kept task.
2026-06-29 14:38:30,468 | [META-RNW] | INFO | meta_classifier_renewed.data_processor.data_preprocessing |   · dropped 20260224_093854_1212626_ (MCI) — kept-task counts [t0, t3, t4, t7] = [27, 5, 47, 20]
2026-06-29 14:38:30,468 | [META-RNW] | INFO | meta_classifier_renewed.data_processor.data_preprocessing |   · dropped 20260317_093419_1012933 (MCI) — kept-task counts [t0, t3, t4, t7] = [49, 9, 50, 23]
2026-06-29 14:38:30,468 | [META-RNW] | INFO | meta_classifier_renewed.data_processor.data_preprocessing |   · dropped 20260310_090536_1517154 (MCI) — kept-task counts [t0, t3, t4, t7] = [48, 7, 51, 24]
2026-06-29 14:38:30,468 | [META-RNW] | INFO | meta_classifier_renewed.data_processor.data_preprocessing |   · dropped 20260128_084616_972310 (MCI) — kept-task counts [t0, t3, t4, t7] = [47, 9, 47, 21]
2026-06-29 14:38:30,468 | [META-RNW] | INFO | meta_classifier_renewed.data_processor.data_preprocessing |   · dropped 20260325_084718_1491320 (MCI) — kept-task counts [t0, t3, t4, t7] = [41, 5, 50, 15]
2026-06-29 14:38:30,482 | [META-RNW] | INFO | __main__ | Subject bundles built: 32  (bundle shape = (32, 4, 10, 4, 32, 32); KEEP_TASK_IDS=(0, 3, 4, 7))
2026-06-29 14:38:30,482 | [META-RNW] | INFO | __main__ | Strict-parity dropped subjects: 5
2026-06-29 14:38:30,609 | [META-RNW] | INFO | meta_classifier_renewed.evaluators.monte_carlo_evaluator | Renewed meta MC Group CV — 30 folds | device=cuda | dropout=0.50 | lr=1e-04 | wd=1e-02 | NUM_TASKS=4
2026-06-29 14:38:30,610 | [META-RNW] | INFO | meta_classifier_renewed.evaluators.monte_carlo_evaluator | Loading shared MobileViT-small backbone (one-time, no patches)...
2026-06-29 14:38:30,953 | [META-RNW] | INFO | httpx | HTTP Request: HEAD https://huggingface.co/apple/mobilevit-small/resolve/main/config.json "HTTP/1.1 307 Temporary Redirect"
2026-06-29 14:38:30,971 | [META-RNW] | INFO | httpx | HTTP Request: HEAD https://huggingface.co/api/resolve-cache/models/apple/mobilevit-small/6c8612545dc98676d27bc518fa521d9e9af23e34/config.json "HTTP/1.1 200 OK"
2026-06-29 14:38:31,272 | [META-RNW] | INFO | httpx | HTTP Request: HEAD https://huggingface.co/apple/mobilevit-small/resolve/main/model.safetensors "HTTP/1.1 404 Not Found"
2026-06-29 14:38:31,495 | [META-RNW] | INFO | httpx | HTTP Request: HEAD https://huggingface.co/apple/mobilevit-small/resolve/main/model.safetensors.index.json "HTTP/1.1 404 Not Found"
2026-06-29 14:38:31,719 | [META-RNW] | INFO | httpx | HTTP Request: HEAD https://huggingface.co/apple/mobilevit-small/resolve/main/pytorch_model.bin "HTTP/1.1 302 Found"
2026-06-29 14:38:31,943 | [META-RNW] | INFO | httpx | HTTP Request: HEAD https://huggingface.co/apple/mobilevit-small/resolve/main/model.safetensors "HTTP/1.1 404 Not Found"
2026-06-29 14:38:32,203 | [META-RNW] | INFO | httpx | HTTP Request: GET https://huggingface.co/api/models/apple/mobilevit-small "HTTP/1.1 200 OK"
2026-06-29 14:38:32,572 | [META-RNW] | INFO | httpx | HTTP Request: GET https://huggingface.co/api/models/apple/mobilevit-small/commits/main "HTTP/1.1 200 OK"
2026-06-29 14:38:32,732 | [META-RNW] | INFO | meta_classifier_renewed.evaluators.monte_carlo_evaluator | Shared backbone ready on cuda.
2026-06-29 14:38:32,735 | [META-RNW] | INFO | meta_classifier_renewed.evaluators.monte_carlo_evaluator | === Fold 01/30 | train: 22 subj | test: 10 subj ===
2026-06-29 14:38:32,754 | [META-RNW] | INFO | meta_classifier_renewed.model_trainers.meta_trainer | Device: cuda | max_epochs=500 | batch=8 | es_patience=30 | lr=1e-04 | wd=1e-02
2026-06-29 14:38:32,755 | [META-RNW] | INFO | meta_classifier_renewed.model_trainers.meta_trainer | CE weights — HC: 1.100  MCI: 0.917
2026-06-29 14:38:32,800 | [META-RNW] | INFO | httpx | HTTP Request: GET https://huggingface.co/api/models/apple/mobilevit-small/discussions?p=0 "HTTP/1.1 200 OK"
2026-06-29 14:38:33,022 | [META-RNW] | INFO | httpx | HTTP Request: GET https://huggingface.co/api/models/apple/mobilevit-small/commits/refs%2Fpr%2F6 "HTTP/1.1 200 OK"
2026-06-29 14:38:33,236 | [META-RNW] | INFO | httpx | HTTP Request: HEAD https://huggingface.co/apple/mobilevit-small/resolve/refs%2Fpr%2F6/model.safetensors.index.json "HTTP/1.1 404 Not Found"
2026-06-29 14:38:33,481 | [META-RNW] | INFO | httpx | HTTP Request: HEAD https://huggingface.co/apple/mobilevit-small/resolve/refs%2Fpr%2F6/model.safetensors "HTTP/1.1 302 Found"
2026-06-29 14:38:34,403 | [META-RNW] | INFO | meta_classifier_renewed.model_trainers.meta_trainer | Ep [001/500] T-Acc:  40.9%  V-Acc:  40.0%  V-AUROC: 0.7500  LR: 2.00e-05
2026-06-29 14:38:34,499 | [META-RNW] | INFO | meta_classifier_renewed.model_trainers.meta_trainer |   ↳ new best AUROC; saved checkpoint: /home/leggo/AIResearch/VOGBasedMCIDetectionSystemMobileViTSingleExperimentInference/outputs/checkpoints/run_20260629_143830_meta_renewed/fold_00_best.pth
2026-06-29 14:38:35,049 | [META-RNW] | INFO | meta_classifier_renewed.model_trainers.meta_trainer | Ep [002/500] T-Acc:  63.6%  V-Acc:  40.0%  V-AUROC: 0.7083  LR: 4.00e-05
2026-06-29 14:38:35,454 | [META-RNW] | INFO | meta_classifier_renewed.model_trainers.meta_trainer | Ep [003/500] T-Acc:  68.2%  V-Acc:  70.0%  V-AUROC: 0.6667  LR: 6.00e-05
2026-06-29 14:38:35,849 | [META-RNW] | INFO | meta_classifier_renewed.model_trainers.meta_trainer | Ep [004/500] T-Acc:  63.6%  V-Acc:  70.0%  V-AUROC: 0.6250  LR: 8.00e-05
2026-06-29 14:38:36,257 | [META-RNW] | INFO | meta_classifier_renewed.model_trainers.meta_trainer | Ep [005/500] T-Acc:  63.6%  V-Acc:  70.0%  V-AUROC: 0.6250  LR: 1.00e-04
2026-06-29 14:38:36,662 | [META-RNW] | INFO | meta_classifier_renewed.model_trainers.meta_trainer | Ep [006/500] T-Acc:  50.0%  V-Acc:  70.0%  V-AUROC: 0.6250  LR: 1.00e-04
2026-06-29 14:38:37,072 | [META-RNW] | INFO | meta_classifier_renewed.model_trainers.meta_trainer | Ep [007/500] T-Acc:  36.4%  V-Acc:  60.0%  V-AUROC: 0.7083  LR: 1.00e-04
2026-06-29 14:38:37,447 | [META-RNW] | INFO | meta_classifier_renewed.model_trainers.meta_trainer | Ep [008/500] T-Acc:  59.1%  V-Acc:  70.0%  V-AUROC: 0.7083  LR: 1.00e-04
2026-06-29 14:38:37,844 | [META-RNW] | INFO | meta_classifier_renewed.model_trainers.meta_trainer | Ep [009/500] T-Acc:  63.6%  V-Acc:  80.0%  V-AUROC: 0.7083  LR: 1.00e-04
2026-06-29 14:38:38,232 | [META-RNW] | INFO | meta_classifier_renewed.model_trainers.meta_trainer | Ep [010/500] T-Acc:  63.6%  V-Acc:  70.0%  V-AUROC: 0.6667  LR: 1.00e-04
2026-06-29 14:38:38,636 | [META-RNW] | INFO | meta_classifier_renewed.model_trainers.meta_trainer | Ep [011/500] T-Acc:  68.2%  V-Acc:  70.0%  V-AUROC: 0.6667  LR: 1.00e-04
2026-06-29 14:38:39,074 | [META-RNW] | INFO | meta_classifier_renewed.model_trainers.meta_trainer | Ep [012/500] T-Acc:  45.5%  V-Acc:  70.0%  V-AUROC: 0.6667  LR: 1.00e-04
2026-06-29 14:38:39,445 | [META-RNW] | INFO | meta_classifier_renewed.model_trainers.meta_trainer | Ep [013/500] T-Acc:  59.1%  V-Acc:  60.0%  V-AUROC: 0.6667  LR: 1.00e-04
2026-06-29 14:38:39,800 | [META-RNW] | INFO | meta_classifier_renewed.model_trainers.meta_trainer | Ep [014/500] T-Acc:  50.0%  V-Acc:  70.0%  V-AUROC: 0.6250  LR: 1.00e-04
2026-06-29 14:38:40,236 | [META-RNW] | INFO | meta_classifier_renewed.model_trainers.meta_trainer | Ep [015/500] T-Acc:  81.8%  V-Acc:  70.0%  V-AUROC: 0.5833  LR: 1.00e-04
2026-06-29 14:38:40,650 | [META-RNW] | INFO | meta_classifier_renewed.model_trainers.meta_trainer | Ep [016/500] T-Acc:  77.3%  V-Acc:  70.0%  V-AUROC: 0.5417  LR: 1.00e-04
2026-06-29 14:38:41,063 | [META-RNW] | INFO | meta_classifier_renewed.model_trainers.meta_trainer | Ep [017/500] T-Acc:  68.2%  V-Acc:  70.0%  V-AUROC: 0.5417  LR: 1.00e-04
2026-06-29 14:38:41,468 | [META-RNW] | INFO | meta_classifier_renewed.model_trainers.meta_trainer | Ep [018/500] T-Acc:  63.6%  V-Acc:  70.0%  V-AUROC: 0.5417  LR: 1.00e-04
2026-06-29 14:38:41,912 | [META-RNW] | INFO | meta_classifier_renewed.model_trainers.meta_trainer | Ep [019/500] T-Acc:  68.2%  V-Acc:  70.0%  V-AUROC: 0.5417  LR: 2.00e-05
2026-06-29 14:38:42,332 | [META-RNW] | INFO | meta_classifier_renewed.model_trainers.meta_trainer | Ep [020/500] T-Acc:  72.7%  V-Acc:  70.0%  V-AUROC: 0.5417  LR: 2.00e-05
2026-06-29 14:38:42,770 | [META-RNW] | INFO | meta_classifier_renewed.model_trainers.meta_trainer | Ep [021/500] T-Acc:  54.5%  V-Acc:  70.0%  V-AUROC: 0.5417  LR: 2.00e-05
2026-06-29 14:38:43,250 | [META-RNW] | INFO | meta_classifier_renewed.model_trainers.meta_trainer | Ep [022/500] T-Acc:  81.8%  V-Acc:  70.0%  V-AUROC: 0.6250  LR: 2.00e-05
2026-06-29 14:38:43,659 | [META-RNW] | INFO | meta_classifier_renewed.model_trainers.meta_trainer | Ep [023/500] T-Acc:  63.6%  V-Acc:  60.0%  V-AUROC: 0.5833  LR: 2.00e-05
2026-06-29 14:38:44,104 | [META-RNW] | INFO | meta_classifier_renewed.model_trainers.meta_trainer | Ep [024/500] T-Acc:  68.2%  V-Acc:  60.0%  V-AUROC: 0.5833  LR: 2.00e-05
2026-06-29 14:38:44,542 | [META-RNW] | INFO | meta_classifier_renewed.model_trainers.meta_trainer | Ep [025/500] T-Acc:  72.7%  V-Acc:  60.0%  V-AUROC: 0.5833  LR: 2.00e-05
2026-06-29 14:38:44,988 | [META-RNW] | INFO | meta_classifier_renewed.model_trainers.meta_trainer | Ep [026/500] T-Acc:  77.3%  V-Acc:  70.0%  V-AUROC: 0.5833  LR: 2.00e-05
2026-06-29 14:38:45,393 | [META-RNW] | INFO | meta_classifier_renewed.model_trainers.meta_trainer | Ep [027/500] T-Acc:  77.3%  V-Acc:  70.0%  V-AUROC: 0.5833  LR: 2.00e-05
2026-06-29 14:38:45,775 | [META-RNW] | INFO | meta_classifier_renewed.model_trainers.meta_trainer | Ep [028/500] T-Acc:  68.2%  V-Acc:  70.0%  V-AUROC: 0.5417  LR: 2.00e-05
2026-06-29 14:38:46,204 | [META-RNW] | INFO | meta_classifier_renewed.model_trainers.meta_trainer | Ep [029/500] T-Acc:  90.9%  V-Acc:  70.0%  V-AUROC: 0.5417  LR: 2.00e-05
2026-06-29 14:38:46,653 | [META-RNW] | INFO | meta_classifier_renewed.model_trainers.meta_trainer | Ep [030/500] T-Acc:  81.8%  V-Acc:  70.0%  V-AUROC: 0.5833  LR: 4.00e-06
2026-06-29 14:38:47,058 | [META-RNW] | INFO | meta_classifier_renewed.model_trainers.meta_trainer | Ep [031/500] T-Acc:  68.2%  V-Acc:  70.0%  V-AUROC: 0.5833  LR: 4.00e-06
2026-06-29 14:38:47,059 | [META-RNW] | INFO | meta_classifier_renewed.model_trainers.meta_trainer | Early stop — best AUROC 0.7500 at epoch 1 (no improvement for 30 epochs)
2026-06-29 14:38:47,059 | [META-RNW] | INFO | meta_classifier_renewed.model_trainers.meta_trainer | Done. Best AUROC: 0.7500 (epoch 1)
2026-06-29 14:38:47,217 | [META-RNW] | INFO | meta_classifier_renewed.model_trainers.meta_trainer | Restored best-AUROC checkpoint into model (epoch 1, AUROC 0.7500).
2026-06-29 14:38:47,467 | [META-RNW] | INFO | meta_classifier_renewed.evaluators.monte_carlo_evaluator | -> Fold 01 Result | Acc=0.400 Sens=0.000 Spec=1.000 AUROC=0.750 (Fixed Threshold: 0.5)
2026-06-29 14:38:47,487 | [META-RNW] | INFO | meta_classifier_renewed.evaluators.monte_carlo_evaluator | === Fold 02/30 | train: 22 subj | test: 10 subj ===
2026-06-29 14:38:47,501 | [META-RNW] | INFO | meta_classifier_renewed.model_trainers.meta_trainer | Device: cuda | max_epochs=500 | batch=8 | es_patience=30 | lr=1e-04 | wd=1e-02
2026-06-29 14:38:47,502 | [META-RNW] | INFO | meta_classifier_renewed.model_trainers.meta_trainer | CE weights — HC: 1.375  MCI: 0.786
2026-06-29 14:38:47,921 | [META-RNW] | INFO | meta_classifier_renewed.model_trainers.meta_trainer | Ep [001/500] T-Acc:  68.2%  V-Acc:  40.0%  V-AUROC: 0.2500  LR: 2.00e-05
2026-06-29 14:38:48,020 | [META-RNW] | INFO | meta_classifier_renewed.model_trainers.meta_trainer |   ↳ new best AUROC; saved checkpoint: /home/leggo/AIResearch/VOGBasedMCIDetectionSystemMobileViTSingleExperimentInference/outputs/checkpoints/run_20260629_143830_meta_renewed/fold_01_best.pth
2026-06-29 14:38:48,431 | [META-RNW] | INFO | meta_classifier_renewed.model_trainers.meta_trainer | Ep [002/500] T-Acc:  45.5%  V-Acc:  40.0%  V-AUROC: 0.2500  LR: 4.00e-05
2026-06-29 14:38:48,844 | [META-RNW] | INFO | meta_classifier_renewed.model_trainers.meta_trainer | Ep [003/500] T-Acc:  54.5%  V-Acc:  40.0%  V-AUROC: 0.2083  LR: 6.00e-05
2026-06-29 14:38:49,265 | [META-RNW] | INFO | meta_classifier_renewed.model_trainers.meta_trainer | Ep [004/500] T-Acc:  40.9%  V-Acc:  50.0%  V-AUROC: 0.2500  LR: 8.00e-05
2026-06-29 14:38:49,673 | [META-RNW] | INFO | meta_classifier_renewed.model_trainers.meta_trainer | Ep [005/500] T-Acc:  54.5%  V-Acc:  30.0%  V-AUROC: 0.1667  LR: 1.00e-04
2026-06-29 14:38:50,071 | [META-RNW] | INFO | meta_classifier_renewed.model_trainers.meta_trainer | Ep [006/500] T-Acc:  54.5%  V-Acc:  20.0%  V-AUROC: 0.0833  LR: 1.00e-04
2026-06-29 14:38:50,482 | [META-RNW] | INFO | meta_classifier_renewed.model_trainers.meta_trainer | Ep [007/500] T-Acc:  50.0%  V-Acc:  20.0%  V-AUROC: 0.1250  LR: 1.00e-04
2026-06-29 14:38:50,874 | [META-RNW] | INFO | meta_classifier_renewed.model_trainers.meta_trainer | Ep [008/500] T-Acc:  31.8%  V-Acc:  30.0%  V-AUROC: 0.1250  LR: 1.00e-04
2026-06-29 14:38:51,296 | [META-RNW] | INFO | meta_classifier_renewed.model_trainers.meta_trainer | Ep [009/500] T-Acc:  50.0%  V-Acc:  30.0%  V-AUROC: 0.0833  LR: 1.00e-04
2026-06-29 14:38:51,759 | [META-RNW] | INFO | meta_classifier_renewed.model_trainers.meta_trainer | Ep [010/500] T-Acc:  50.0%  V-Acc:  20.0%  V-AUROC: 0.1667  LR: 1.00e-04
2026-06-29 14:38:52,207 | [META-RNW] | INFO | meta_classifier_renewed.model_trainers.meta_trainer | Ep [011/500] T-Acc:  63.6%  V-Acc:  40.0%  V-AUROC: 0.1667  LR: 1.00e-04
2026-06-29 14:38:52,642 | [META-RNW] | INFO | meta_classifier_renewed.model_trainers.meta_trainer | Ep [012/500] T-Acc:  68.2%  V-Acc:  40.0%  V-AUROC: 0.4167  LR: 1.00e-04
2026-06-29 14:38:52,753 | [META-RNW] | INFO | meta_classifier_renewed.model_trainers.meta_trainer |   ↳ new best AUROC; saved checkpoint: /home/leggo/AIResearch/VOGBasedMCIDetectionSystemMobileViTSingleExperimentInference/outputs/checkpoints/run_20260629_143830_meta_renewed/fold_01_best.pth
2026-06-29 14:38:53,188 | [META-RNW] | INFO | meta_classifier_renewed.model_trainers.meta_trainer | Ep [013/500] T-Acc:  63.6%  V-Acc:  40.0%  V-AUROC: 0.3750  LR: 1.00e-04
2026-06-29 14:38:53,591 | [META-RNW] | INFO | meta_classifier_renewed.model_trainers.meta_trainer | Ep [014/500] T-Acc:  63.6%  V-Acc:  40.0%  V-AUROC: 0.3750  LR: 1.00e-04
2026-06-29 14:38:54,025 | [META-RNW] | INFO | meta_classifier_renewed.model_trainers.meta_trainer | Ep [015/500] T-Acc:  63.6%  V-Acc:  50.0%  V-AUROC: 0.2917  LR: 1.00e-04
2026-06-29 14:38:54,429 | [META-RNW] | INFO | meta_classifier_renewed.model_trainers.meta_trainer | Ep [016/500] T-Acc:  63.6%  V-Acc:  60.0%  V-AUROC: 0.2917  LR: 1.00e-04
2026-06-29 14:38:54,829 | [META-RNW] | INFO | meta_classifier_renewed.model_trainers.meta_trainer | Ep [017/500] T-Acc:  59.1%  V-Acc:  60.0%  V-AUROC: 0.3333  LR: 1.00e-04
2026-06-29 14:38:55,219 | [META-RNW] | INFO | meta_classifier_renewed.model_trainers.meta_trainer | Ep [018/500] T-Acc:  59.1%  V-Acc:  50.0%  V-AUROC: 0.2500  LR: 1.00e-04
2026-06-29 14:38:55,635 | [META-RNW] | INFO | meta_classifier_renewed.model_trainers.meta_trainer | Ep [019/500] T-Acc:  59.1%  V-Acc:  40.0%  V-AUROC: 0.2500  LR: 1.00e-04
2026-06-29 14:38:56,042 | [META-RNW] | INFO | meta_classifier_renewed.model_trainers.meta_trainer | Ep [020/500] T-Acc:  59.1%  V-Acc:  30.0%  V-AUROC: 0.3333  LR: 1.00e-04
2026-06-29 14:38:56,442 | [META-RNW] | INFO | meta_classifier_renewed.model_trainers.meta_trainer | Ep [021/500] T-Acc:  72.7%  V-Acc:  40.0%  V-AUROC: 0.3750  LR: 1.00e-04
2026-06-29 14:38:56,824 | [META-RNW] | INFO | meta_classifier_renewed.model_trainers.meta_trainer | Ep [022/500] T-Acc:  77.3%  V-Acc:  40.0%  V-AUROC: 0.2917  LR: 1.00e-04
2026-06-29 14:38:57,216 | [META-RNW] | INFO | meta_classifier_renewed.model_trainers.meta_trainer | Ep [023/500] T-Acc:  59.1%  V-Acc:  40.0%  V-AUROC: 0.2917  LR: 1.00e-04
2026-06-29 14:38:57,586 | [META-RNW] | INFO | meta_classifier_renewed.model_trainers.meta_trainer | Ep [024/500] T-Acc:  63.6%  V-Acc:  40.0%  V-AUROC: 0.2917  LR: 2.00e-05
2026-06-29 14:38:58,009 | [META-RNW] | INFO | meta_classifier_renewed.model_trainers.meta_trainer | Ep [025/500] T-Acc:  90.9%  V-Acc:  40.0%  V-AUROC: 0.3333  LR: 2.00e-05
2026-06-29 14:38:58,456 | [META-RNW] | INFO | meta_classifier_renewed.model_trainers.meta_trainer | Ep [026/500] T-Acc:  72.7%  V-Acc:  40.0%  V-AUROC: 0.3333  LR: 2.00e-05
2026-06-29 14:38:58,873 | [META-RNW] | INFO | meta_classifier_renewed.model_trainers.meta_trainer | Ep [027/500] T-Acc:  72.7%  V-Acc:  40.0%  V-AUROC: 0.3333  LR: 2.00e-05
2026-06-29 14:38:59,292 | [META-RNW] | INFO | meta_classifier_renewed.model_trainers.meta_trainer | Ep [028/500] T-Acc:  77.3%  V-Acc:  50.0%  V-AUROC: 0.3333  LR: 2.00e-05
2026-06-29 14:38:59,764 | [META-RNW] | INFO | meta_classifier_renewed.model_trainers.meta_trainer | Ep [029/500] T-Acc:  81.8%  V-Acc:  40.0%  V-AUROC: 0.2917  LR: 2.00e-05
2026-06-29 14:39:00,201 | [META-RNW] | INFO | meta_classifier_renewed.model_trainers.meta_trainer | Ep [030/500] T-Acc:  86.4%  V-Acc:  40.0%  V-AUROC: 0.2917  LR: 2.00e-05
2026-06-29 14:39:00,610 | [META-RNW] | INFO | meta_classifier_renewed.model_trainers.meta_trainer | Ep [031/500] T-Acc:  54.5%  V-Acc:  30.0%  V-AUROC: 0.2917  LR: 2.00e-05
2026-06-29 14:39:01,007 | [META-RNW] | INFO | meta_classifier_renewed.model_trainers.meta_trainer | Ep [032/500] T-Acc:  81.8%  V-Acc:  30.0%  V-AUROC: 0.2500  LR: 2.00e-05
2026-06-29 14:39:01,407 | [META-RNW] | INFO | meta_classifier_renewed.model_trainers.meta_trainer | Ep [033/500] T-Acc:  81.8%  V-Acc:  30.0%  V-AUROC: 0.2500  LR: 2.00e-05
2026-06-29 14:39:01,824 | [META-RNW] | INFO | meta_classifier_renewed.model_trainers.meta_trainer | Ep [034/500] T-Acc:  90.9%  V-Acc:  30.0%  V-AUROC: 0.2500  LR: 2.00e-05
2026-06-29 14:39:02,235 | [META-RNW] | INFO | meta_classifier_renewed.model_trainers.meta_trainer | Ep [035/500] T-Acc:  72.7%  V-Acc:  30.0%  V-AUROC: 0.2500  LR: 4.00e-06
2026-06-29 14:39:02,626 | [META-RNW] | INFO | meta_classifier_renewed.model_trainers.meta_trainer | Ep [036/500] T-Acc:  81.8%  V-Acc:  30.0%  V-AUROC: 0.2500  LR: 4.00e-06
2026-06-29 14:39:03,030 | [META-RNW] | INFO | meta_classifier_renewed.model_trainers.meta_trainer | Ep [037/500] T-Acc:  77.3%  V-Acc:  30.0%  V-AUROC: 0.2500  LR: 4.00e-06
2026-06-29 14:39:03,440 | [META-RNW] | INFO | meta_classifier_renewed.model_trainers.meta_trainer | Ep [038/500] T-Acc:  59.1%  V-Acc:  30.0%  V-AUROC: 0.2500  LR: 4.00e-06
2026-06-29 14:39:03,834 | [META-RNW] | INFO | meta_classifier_renewed.model_trainers.meta_trainer | Ep [039/500] T-Acc:  72.7%  V-Acc:  30.0%  V-AUROC: 0.2500  LR: 4.00e-06
2026-06-29 14:39:04,219 | [META-RNW] | INFO | meta_classifier_renewed.model_trainers.meta_trainer | Ep [040/500] T-Acc:  81.8%  V-Acc:  30.0%  V-AUROC: 0.2500  LR: 4.00e-06
2026-06-29 14:39:04,666 | [META-RNW] | INFO | meta_classifier_renewed.model_trainers.meta_trainer | Ep [041/500] T-Acc:  59.1%  V-Acc:  30.0%  V-AUROC: 0.2500  LR: 4.00e-06
2026-06-29 14:39:05,068 | [META-RNW] | INFO | meta_classifier_renewed.model_trainers.meta_trainer | Ep [042/500] T-Acc:  54.5%  V-Acc:  30.0%  V-AUROC: 0.2500  LR: 4.00e-06
2026-06-29 14:39:05,069 | [META-RNW] | INFO | meta_classifier_renewed.model_trainers.meta_trainer | Early stop — best AUROC 0.4167 at epoch 12 (no improvement for 30 epochs)
2026-06-29 14:39:05,069 | [META-RNW] | INFO | meta_classifier_renewed.model_trainers.meta_trainer | Done. Best AUROC: 0.4167 (epoch 12)
2026-06-29 14:39:05,225 | [META-RNW] | INFO | meta_classifier_renewed.model_trainers.meta_trainer | Restored best-AUROC checkpoint into model (epoch 12, AUROC 0.4167).
2026-06-29 14:39:05,326 | [META-RNW] | INFO | meta_classifier_renewed.evaluators.monte_carlo_evaluator | -> Fold 02 Result | Acc=0.400 Sens=1.000 Spec=0.000 AUROC=0.417 (Fixed Threshold: 0.5)
2026-06-29 14:39:05,342 | [META-RNW] | INFO | meta_classifier_renewed.evaluators.monte_carlo_evaluator | === Fold 03/30 | train: 22 subj | test: 10 subj ===
2026-06-29 14:39:05,355 | [META-RNW] | INFO | meta_classifier_renewed.model_trainers.meta_trainer | Device: cuda | max_epochs=500 | batch=8 | es_patience=30 | lr=1e-04 | wd=1e-02
2026-06-29 14:39:05,356 | [META-RNW] | INFO | meta_classifier_renewed.model_trainers.meta_trainer | CE weights — HC: 1.100  MCI: 0.917
2026-06-29 14:39:05,762 | [META-RNW] | INFO | meta_classifier_renewed.model_trainers.meta_trainer | Ep [001/500] T-Acc:  54.5%  V-Acc:  40.0%  V-AUROC: 0.2083  LR: 2.00e-05
2026-06-29 14:39:05,859 | [META-RNW] | INFO | meta_classifier_renewed.model_trainers.meta_trainer |   ↳ new best AUROC; saved checkpoint: /home/leggo/AIResearch/VOGBasedMCIDetectionSystemMobileViTSingleExperimentInference/outputs/checkpoints/run_20260629_143830_meta_renewed/fold_02_best.pth
2026-06-29 14:39:06,279 | [META-RNW] | INFO | meta_classifier_renewed.model_trainers.meta_trainer | Ep [002/500] T-Acc:  50.0%  V-Acc:  40.0%  V-AUROC: 0.2917  LR: 4.00e-05
2026-06-29 14:39:06,395 | [META-RNW] | INFO | meta_classifier_renewed.model_trainers.meta_trainer |   ↳ new best AUROC; saved checkpoint: /home/leggo/AIResearch/VOGBasedMCIDetectionSystemMobileViTSingleExperimentInference/outputs/checkpoints/run_20260629_143830_meta_renewed/fold_02_best.pth
2026-06-29 14:39:06,830 | [META-RNW] | INFO | meta_classifier_renewed.model_trainers.meta_trainer | Ep [003/500] T-Acc:  22.7%  V-Acc:  40.0%  V-AUROC: 0.3333  LR: 6.00e-05
2026-06-29 14:39:06,947 | [META-RNW] | INFO | meta_classifier_renewed.model_trainers.meta_trainer |   ↳ new best AUROC; saved checkpoint: /home/leggo/AIResearch/VOGBasedMCIDetectionSystemMobileViTSingleExperimentInference/outputs/checkpoints/run_20260629_143830_meta_renewed/fold_02_best.pth
2026-06-29 14:39:07,354 | [META-RNW] | INFO | meta_classifier_renewed.model_trainers.meta_trainer | Ep [004/500] T-Acc:  36.4%  V-Acc:  40.0%  V-AUROC: 0.3333  LR: 8.00e-05
2026-06-29 14:39:07,812 | [META-RNW] | INFO | meta_classifier_renewed.model_trainers.meta_trainer | Ep [005/500] T-Acc:  59.1%  V-Acc:  40.0%  V-AUROC: 0.3750  LR: 1.00e-04
2026-06-29 14:39:07,929 | [META-RNW] | INFO | meta_classifier_renewed.model_trainers.meta_trainer |   ↳ new best AUROC; saved checkpoint: /home/leggo/AIResearch/VOGBasedMCIDetectionSystemMobileViTSingleExperimentInference/outputs/checkpoints/run_20260629_143830_meta_renewed/fold_02_best.pth
2026-06-29 14:39:08,346 | [META-RNW] | INFO | meta_classifier_renewed.model_trainers.meta_trainer | Ep [006/500] T-Acc:  54.5%  V-Acc:  40.0%  V-AUROC: 0.4167  LR: 1.00e-04
2026-06-29 14:39:08,455 | [META-RNW] | INFO | meta_classifier_renewed.model_trainers.meta_trainer |   ↳ new best AUROC; saved checkpoint: /home/leggo/AIResearch/VOGBasedMCIDetectionSystemMobileViTSingleExperimentInference/outputs/checkpoints/run_20260629_143830_meta_renewed/fold_02_best.pth
2026-06-29 14:39:08,900 | [META-RNW] | INFO | meta_classifier_renewed.model_trainers.meta_trainer | Ep [007/500] T-Acc:  59.1%  V-Acc:  50.0%  V-AUROC: 0.4167  LR: 1.00e-04
2026-06-29 14:39:09,345 | [META-RNW] | INFO | meta_classifier_renewed.model_trainers.meta_trainer | Ep [008/500] T-Acc:  50.0%  V-Acc:  50.0%  V-AUROC: 0.5000  LR: 1.00e-04
2026-06-29 14:39:09,466 | [META-RNW] | INFO | meta_classifier_renewed.model_trainers.meta_trainer |   ↳ new best AUROC; saved checkpoint: /home/leggo/AIResearch/VOGBasedMCIDetectionSystemMobileViTSingleExperimentInference/outputs/checkpoints/run_20260629_143830_meta_renewed/fold_02_best.pth
2026-06-29 14:39:09,880 | [META-RNW] | INFO | meta_classifier_renewed.model_trainers.meta_trainer | Ep [009/500] T-Acc:  59.1%  V-Acc:  60.0%  V-AUROC: 0.5417  LR: 1.00e-04
2026-06-29 14:39:09,988 | [META-RNW] | INFO | meta_classifier_renewed.model_trainers.meta_trainer |   ↳ new best AUROC; saved checkpoint: /home/leggo/AIResearch/VOGBasedMCIDetectionSystemMobileViTSingleExperimentInference/outputs/checkpoints/run_20260629_143830_meta_renewed/fold_02_best.pth
2026-06-29 14:39:10,434 | [META-RNW] | INFO | meta_classifier_renewed.model_trainers.meta_trainer | Ep [010/500] T-Acc:  68.2%  V-Acc:  60.0%  V-AUROC: 0.6667  LR: 1.00e-04
2026-06-29 14:39:10,553 | [META-RNW] | INFO | meta_classifier_renewed.model_trainers.meta_trainer |   ↳ new best AUROC; saved checkpoint: /home/leggo/AIResearch/VOGBasedMCIDetectionSystemMobileViTSingleExperimentInference/outputs/checkpoints/run_20260629_143830_meta_renewed/fold_02_best.pth
2026-06-29 14:39:11,018 | [META-RNW] | INFO | meta_classifier_renewed.model_trainers.meta_trainer | Ep [011/500] T-Acc:  54.5%  V-Acc:  50.0%  V-AUROC: 0.7083  LR: 1.00e-04
2026-06-29 14:39:11,147 | [META-RNW] | INFO | meta_classifier_renewed.model_trainers.meta_trainer |   ↳ new best AUROC; saved checkpoint: /home/leggo/AIResearch/VOGBasedMCIDetectionSystemMobileViTSingleExperimentInference/outputs/checkpoints/run_20260629_143830_meta_renewed/fold_02_best.pth
2026-06-29 14:39:11,616 | [META-RNW] | INFO | meta_classifier_renewed.model_trainers.meta_trainer | Ep [012/500] T-Acc:  81.8%  V-Acc:  60.0%  V-AUROC: 0.7083  LR: 1.00e-04
2026-06-29 14:39:12,126 | [META-RNW] | INFO | meta_classifier_renewed.model_trainers.meta_trainer | Ep [013/500] T-Acc:  81.8%  V-Acc:  50.0%  V-AUROC: 0.6250  LR: 1.00e-04
2026-06-29 14:39:12,660 | [META-RNW] | INFO | meta_classifier_renewed.model_trainers.meta_trainer | Ep [014/500] T-Acc:  77.3%  V-Acc:  60.0%  V-AUROC: 0.5833  LR: 1.00e-04
2026-06-29 14:39:13,241 | [META-RNW] | INFO | meta_classifier_renewed.model_trainers.meta_trainer | Ep [015/500] T-Acc:  72.7%  V-Acc:  60.0%  V-AUROC: 0.6250  LR: 1.00e-04
2026-06-29 14:39:13,994 | [META-RNW] | INFO | meta_classifier_renewed.model_trainers.meta_trainer | Ep [016/500] T-Acc:  81.8%  V-Acc:  60.0%  V-AUROC: 0.6250  LR: 1.00e-04
2026-06-29 14:39:14,801 | [META-RNW] | INFO | meta_classifier_renewed.model_trainers.meta_trainer | Ep [017/500] T-Acc:  77.3%  V-Acc:  50.0%  V-AUROC: 0.5833  LR: 1.00e-04
2026-06-29 14:39:15,335 | [META-RNW] | INFO | meta_classifier_renewed.model_trainers.meta_trainer | Ep [018/500] T-Acc:  86.4%  V-Acc:  70.0%  V-AUROC: 0.5833  LR: 1.00e-04
2026-06-29 14:39:15,772 | [META-RNW] | INFO | meta_classifier_renewed.model_trainers.meta_trainer | Ep [019/500] T-Acc:  86.4%  V-Acc:  60.0%  V-AUROC: 0.6667  LR: 1.00e-04
2026-06-29 14:39:16,263 | [META-RNW] | INFO | meta_classifier_renewed.model_trainers.meta_trainer | Ep [020/500] T-Acc:  77.3%  V-Acc:  60.0%  V-AUROC: 0.5417  LR: 1.00e-04
2026-06-29 14:39:16,698 | [META-RNW] | INFO | meta_classifier_renewed.model_trainers.meta_trainer | Ep [021/500] T-Acc:  90.9%  V-Acc:  60.0%  V-AUROC: 0.5417  LR: 1.00e-04
2026-06-29 14:39:17,119 | [META-RNW] | INFO | meta_classifier_renewed.model_trainers.meta_trainer | Ep [022/500] T-Acc:  95.5%  V-Acc:  50.0%  V-AUROC: 0.5417  LR: 1.00e-04
2026-06-29 14:39:17,540 | [META-RNW] | INFO | meta_classifier_renewed.model_trainers.meta_trainer | Ep [023/500] T-Acc:  86.4%  V-Acc:  50.0%  V-AUROC: 0.5417  LR: 2.00e-05
2026-06-29 14:39:17,989 | [META-RNW] | INFO | meta_classifier_renewed.model_trainers.meta_trainer | Ep [024/500] T-Acc: 100.0%  V-Acc:  50.0%  V-AUROC: 0.5000  LR: 2.00e-05
2026-06-29 14:39:18,415 | [META-RNW] | INFO | meta_classifier_renewed.model_trainers.meta_trainer | Ep [025/500] T-Acc:  90.9%  V-Acc:  60.0%  V-AUROC: 0.5000  LR: 2.00e-05
2026-06-29 14:39:18,806 | [META-RNW] | INFO | meta_classifier_renewed.model_trainers.meta_trainer | Ep [026/500] T-Acc:  95.5%  V-Acc:  60.0%  V-AUROC: 0.5417  LR: 2.00e-05
2026-06-29 14:39:19,182 | [META-RNW] | INFO | meta_classifier_renewed.model_trainers.meta_trainer | Ep [027/500] T-Acc:  95.5%  V-Acc:  60.0%  V-AUROC: 0.5417  LR: 2.00e-05
2026-06-29 14:39:19,560 | [META-RNW] | INFO | meta_classifier_renewed.model_trainers.meta_trainer | Ep [028/500] T-Acc:  95.5%  V-Acc:  60.0%  V-AUROC: 0.5417  LR: 2.00e-05
2026-06-29 14:39:19,942 | [META-RNW] | INFO | meta_classifier_renewed.model_trainers.meta_trainer | Ep [029/500] T-Acc: 100.0%  V-Acc:  60.0%  V-AUROC: 0.5417  LR: 2.00e-05
2026-06-29 14:39:20,367 | [META-RNW] | INFO | meta_classifier_renewed.model_trainers.meta_trainer | Ep [030/500] T-Acc: 100.0%  V-Acc:  60.0%  V-AUROC: 0.5417  LR: 2.00e-05
2026-06-29 14:39:20,760 | [META-RNW] | INFO | meta_classifier_renewed.model_trainers.meta_trainer | Ep [031/500] T-Acc:  90.9%  V-Acc:  60.0%  V-AUROC: 0.5417  LR: 2.00e-05
2026-06-29 14:39:21,156 | [META-RNW] | INFO | meta_classifier_renewed.model_trainers.meta_trainer | Ep [032/500] T-Acc: 100.0%  V-Acc:  60.0%  V-AUROC: 0.5417  LR: 2.00e-05
2026-06-29 14:39:21,548 | [META-RNW] | INFO | meta_classifier_renewed.model_trainers.meta_trainer | Ep [033/500] T-Acc: 100.0%  V-Acc:  60.0%  V-AUROC: 0.6250  LR: 2.00e-05
2026-06-29 14:39:21,915 | [META-RNW] | INFO | meta_classifier_renewed.model_trainers.meta_trainer | Ep [034/500] T-Acc: 100.0%  V-Acc:  60.0%  V-AUROC: 0.6250  LR: 4.00e-06
2026-06-29 14:39:22,315 | [META-RNW] | INFO | meta_classifier_renewed.model_trainers.meta_trainer | Ep [035/500] T-Acc:  95.5%  V-Acc:  60.0%  V-AUROC: 0.6250  LR: 4.00e-06
2026-06-29 14:39:22,691 | [META-RNW] | INFO | meta_classifier_renewed.model_trainers.meta_trainer | Ep [036/500] T-Acc:  86.4%  V-Acc:  60.0%  V-AUROC: 0.6250  LR: 4.00e-06
2026-06-29 14:39:23,089 | [META-RNW] | INFO | meta_classifier_renewed.model_trainers.meta_trainer | Ep [037/500] T-Acc:  90.9%  V-Acc:  60.0%  V-AUROC: 0.6250  LR: 4.00e-06
2026-06-29 14:39:23,495 | [META-RNW] | INFO | meta_classifier_renewed.model_trainers.meta_trainer | Ep [038/500] T-Acc:  95.5%  V-Acc:  60.0%  V-AUROC: 0.6250  LR: 4.00e-06
2026-06-29 14:39:23,863 | [META-RNW] | INFO | meta_classifier_renewed.model_trainers.meta_trainer | Ep [039/500] T-Acc: 100.0%  V-Acc:  60.0%  V-AUROC: 0.6250  LR: 4.00e-06
2026-06-29 14:39:24,252 | [META-RNW] | INFO | meta_classifier_renewed.model_trainers.meta_trainer | Ep [040/500] T-Acc:  95.5%  V-Acc:  60.0%  V-AUROC: 0.6250  LR: 4.00e-06
2026-06-29 14:39:24,635 | [META-RNW] | INFO | meta_classifier_renewed.model_trainers.meta_trainer | Ep [041/500] T-Acc:  95.5%  V-Acc:  60.0%  V-AUROC: 0.6250  LR: 4.00e-06
2026-06-29 14:39:24,635 | [META-RNW] | INFO | meta_classifier_renewed.model_trainers.meta_trainer | Early stop — best AUROC 0.7083 at epoch 11 (no improvement for 30 epochs)
2026-06-29 14:39:24,636 | [META-RNW] | INFO | meta_classifier_renewed.model_trainers.meta_trainer | Done. Best AUROC: 0.7083 (epoch 11)
2026-06-29 14:39:24,797 | [META-RNW] | INFO | meta_classifier_renewed.model_trainers.meta_trainer | Restored best-AUROC checkpoint into model (epoch 11, AUROC 0.7083).
2026-06-29 14:39:24,908 | [META-RNW] | INFO | meta_classifier_renewed.evaluators.monte_carlo_evaluator | -> Fold 03 Result | Acc=0.500 Sens=0.333 Spec=0.750 AUROC=0.708 (Fixed Threshold: 0.5)
2026-06-29 14:39:24,924 | [META-RNW] | INFO | meta_classifier_renewed.evaluators.monte_carlo_evaluator | === Fold 04/30 | train: 22 subj | test: 10 subj ===
2026-06-29 14:39:24,936 | [META-RNW] | INFO | meta_classifier_renewed.model_trainers.meta_trainer | Device: cuda | max_epochs=500 | batch=8 | es_patience=30 | lr=1e-04 | wd=1e-02
2026-06-29 14:39:24,937 | [META-RNW] | INFO | meta_classifier_renewed.model_trainers.meta_trainer | CE weights — HC: 1.100  MCI: 0.917
2026-06-29 14:39:25,326 | [META-RNW] | INFO | meta_classifier_renewed.model_trainers.meta_trainer | Ep [001/500] T-Acc:  40.9%  V-Acc:  40.0%  V-AUROC: 0.5833  LR: 2.00e-05
2026-06-29 14:39:25,426 | [META-RNW] | INFO | meta_classifier_renewed.model_trainers.meta_trainer |   ↳ new best AUROC; saved checkpoint: /home/leggo/AIResearch/VOGBasedMCIDetectionSystemMobileViTSingleExperimentInference/outputs/checkpoints/run_20260629_143830_meta_renewed/fold_03_best.pth
2026-06-29 14:39:25,796 | [META-RNW] | INFO | meta_classifier_renewed.model_trainers.meta_trainer | Ep [002/500] T-Acc:  45.5%  V-Acc:  40.0%  V-AUROC: 0.5000  LR: 4.00e-05
2026-06-29 14:39:26,184 | [META-RNW] | INFO | meta_classifier_renewed.model_trainers.meta_trainer | Ep [003/500] T-Acc:  45.5%  V-Acc:  40.0%  V-AUROC: 0.5417  LR: 6.00e-05
2026-06-29 14:39:26,588 | [META-RNW] | INFO | meta_classifier_renewed.model_trainers.meta_trainer | Ep [004/500] T-Acc:  40.9%  V-Acc:  60.0%  V-AUROC: 0.5417  LR: 8.00e-05
2026-06-29 14:39:26,971 | [META-RNW] | INFO | meta_classifier_renewed.model_trainers.meta_trainer | Ep [005/500] T-Acc:  59.1%  V-Acc:  60.0%  V-AUROC: 0.5000  LR: 1.00e-04
2026-06-29 14:39:27,332 | [META-RNW] | INFO | meta_classifier_renewed.model_trainers.meta_trainer | Ep [006/500] T-Acc:  59.1%  V-Acc:  60.0%  V-AUROC: 0.6667  LR: 1.00e-04
2026-06-29 14:39:27,442 | [META-RNW] | INFO | meta_classifier_renewed.model_trainers.meta_trainer |   ↳ new best AUROC; saved checkpoint: /home/leggo/AIResearch/VOGBasedMCIDetectionSystemMobileViTSingleExperimentInference/outputs/checkpoints/run_20260629_143830_meta_renewed/fold_03_best.pth
2026-06-29 14:39:27,801 | [META-RNW] | INFO | meta_classifier_renewed.model_trainers.meta_trainer | Ep [007/500] T-Acc:  54.5%  V-Acc:  70.0%  V-AUROC: 0.5000  LR: 1.00e-04
2026-06-29 14:39:28,272 | [META-RNW] | INFO | meta_classifier_renewed.model_trainers.meta_trainer | Ep [008/500] T-Acc:  77.3%  V-Acc:  70.0%  V-AUROC: 0.5417  LR: 1.00e-04
2026-06-29 14:39:28,680 | [META-RNW] | INFO | meta_classifier_renewed.model_trainers.meta_trainer | Ep [009/500] T-Acc:  72.7%  V-Acc:  60.0%  V-AUROC: 0.7083  LR: 1.00e-04
2026-06-29 14:39:28,790 | [META-RNW] | INFO | meta_classifier_renewed.model_trainers.meta_trainer |   ↳ new best AUROC; saved checkpoint: /home/leggo/AIResearch/VOGBasedMCIDetectionSystemMobileViTSingleExperimentInference/outputs/checkpoints/run_20260629_143830_meta_renewed/fold_03_best.pth
2026-06-29 14:39:29,186 | [META-RNW] | INFO | meta_classifier_renewed.model_trainers.meta_trainer | Ep [010/500] T-Acc:  59.1%  V-Acc:  60.0%  V-AUROC: 0.7083  LR: 1.00e-04
2026-06-29 14:39:29,577 | [META-RNW] | INFO | meta_classifier_renewed.model_trainers.meta_trainer | Ep [011/500] T-Acc:  77.3%  V-Acc:  50.0%  V-AUROC: 0.7500  LR: 1.00e-04
2026-06-29 14:39:29,723 | [META-RNW] | INFO | meta_classifier_renewed.model_trainers.meta_trainer |   ↳ new best AUROC; saved checkpoint: /home/leggo/AIResearch/VOGBasedMCIDetectionSystemMobileViTSingleExperimentInference/outputs/checkpoints/run_20260629_143830_meta_renewed/fold_03_best.pth
2026-06-29 14:39:30,139 | [META-RNW] | INFO | meta_classifier_renewed.model_trainers.meta_trainer | Ep [012/500] T-Acc:  59.1%  V-Acc:  60.0%  V-AUROC: 0.7500  LR: 1.00e-04
2026-06-29 14:39:30,535 | [META-RNW] | INFO | meta_classifier_renewed.model_trainers.meta_trainer | Ep [013/500] T-Acc:  68.2%  V-Acc:  60.0%  V-AUROC: 0.5833  LR: 1.00e-04
2026-06-29 14:39:30,903 | [META-RNW] | INFO | meta_classifier_renewed.model_trainers.meta_trainer | Ep [014/500] T-Acc:  77.3%  V-Acc:  70.0%  V-AUROC: 0.5833  LR: 1.00e-04
2026-06-29 14:39:31,250 | [META-RNW] | INFO | meta_classifier_renewed.model_trainers.meta_trainer | Ep [015/500] T-Acc:  63.6%  V-Acc:  50.0%  V-AUROC: 0.5833  LR: 1.00e-04
2026-06-29 14:39:31,611 | [META-RNW] | INFO | meta_classifier_renewed.model_trainers.meta_trainer | Ep [016/500] T-Acc:  68.2%  V-Acc:  50.0%  V-AUROC: 0.6667  LR: 1.00e-04
2026-06-29 14:39:32,018 | [META-RNW] | INFO | meta_classifier_renewed.model_trainers.meta_trainer | Ep [017/500] T-Acc:  77.3%  V-Acc:  50.0%  V-AUROC: 0.6250  LR: 1.00e-04
2026-06-29 14:39:32,446 | [META-RNW] | INFO | meta_classifier_renewed.model_trainers.meta_trainer | Ep [018/500] T-Acc:  72.7%  V-Acc:  60.0%  V-AUROC: 0.5833  LR: 1.00e-04
2026-06-29 14:39:32,874 | [META-RNW] | INFO | meta_classifier_renewed.model_trainers.meta_trainer | Ep [019/500] T-Acc:  68.2%  V-Acc:  50.0%  V-AUROC: 0.5417  LR: 1.00e-04
2026-06-29 14:39:33,306 | [META-RNW] | INFO | meta_classifier_renewed.model_trainers.meta_trainer | Ep [020/500] T-Acc:  59.1%  V-Acc:  70.0%  V-AUROC: 0.5000  LR: 1.00e-04
2026-06-29 14:39:33,740 | [META-RNW] | INFO | meta_classifier_renewed.model_trainers.meta_trainer | Ep [021/500] T-Acc:  72.7%  V-Acc:  70.0%  V-AUROC: 0.5000  LR: 1.00e-04
2026-06-29 14:39:34,211 | [META-RNW] | INFO | meta_classifier_renewed.model_trainers.meta_trainer | Ep [022/500] T-Acc:  72.7%  V-Acc:  60.0%  V-AUROC: 0.4167  LR: 1.00e-04
2026-06-29 14:39:34,671 | [META-RNW] | INFO | meta_classifier_renewed.model_trainers.meta_trainer | Ep [023/500] T-Acc:  59.1%  V-Acc:  60.0%  V-AUROC: 0.4583  LR: 2.00e-05
2026-06-29 14:39:35,155 | [META-RNW] | INFO | meta_classifier_renewed.model_trainers.meta_trainer | Ep [024/500] T-Acc:  68.2%  V-Acc:  60.0%  V-AUROC: 0.5000  LR: 2.00e-05
2026-06-29 14:39:35,572 | [META-RNW] | INFO | meta_classifier_renewed.model_trainers.meta_trainer | Ep [025/500] T-Acc:  90.9%  V-Acc:  60.0%  V-AUROC: 0.5000  LR: 2.00e-05
2026-06-29 14:39:35,988 | [META-RNW] | INFO | meta_classifier_renewed.model_trainers.meta_trainer | Ep [026/500] T-Acc:  81.8%  V-Acc:  70.0%  V-AUROC: 0.5000  LR: 2.00e-05
2026-06-29 14:39:36,395 | [META-RNW] | INFO | meta_classifier_renewed.model_trainers.meta_trainer | Ep [027/500] T-Acc:  72.7%  V-Acc:  70.0%  V-AUROC: 0.5000  LR: 2.00e-05
2026-06-29 14:39:36,848 | [META-RNW] | INFO | meta_classifier_renewed.model_trainers.meta_trainer | Ep [028/500] T-Acc:  77.3%  V-Acc:  50.0%  V-AUROC: 0.5000  LR: 2.00e-05
2026-06-29 14:39:37,254 | [META-RNW] | INFO | meta_classifier_renewed.model_trainers.meta_trainer | Ep [029/500] T-Acc:  63.6%  V-Acc:  50.0%  V-AUROC: 0.5000  LR: 2.00e-05
2026-06-29 14:39:37,684 | [META-RNW] | INFO | meta_classifier_renewed.model_trainers.meta_trainer | Ep [030/500] T-Acc:  77.3%  V-Acc:  50.0%  V-AUROC: 0.5000  LR: 2.00e-05
2026-06-29 14:39:38,118 | [META-RNW] | INFO | meta_classifier_renewed.model_trainers.meta_trainer | Ep [031/500] T-Acc:  86.4%  V-Acc:  50.0%  V-AUROC: 0.5000  LR: 2.00e-05
2026-06-29 14:39:38,532 | [META-RNW] | INFO | meta_classifier_renewed.model_trainers.meta_trainer | Ep [032/500] T-Acc:  77.3%  V-Acc:  60.0%  V-AUROC: 0.5000  LR: 2.00e-05
2026-06-29 14:39:38,935 | [META-RNW] | INFO | meta_classifier_renewed.model_trainers.meta_trainer | Ep [033/500] T-Acc:  72.7%  V-Acc:  70.0%  V-AUROC: 0.5000  LR: 2.00e-05
2026-06-29 14:39:39,361 | [META-RNW] | INFO | meta_classifier_renewed.model_trainers.meta_trainer | Ep [034/500] T-Acc:  77.3%  V-Acc:  70.0%  V-AUROC: 0.5000  LR: 4.00e-06
2026-06-29 14:39:39,817 | [META-RNW] | INFO | meta_classifier_renewed.model_trainers.meta_trainer | Ep [035/500] T-Acc:  59.1%  V-Acc:  70.0%  V-AUROC: 0.5000  LR: 4.00e-06
2026-06-29 14:39:40,274 | [META-RNW] | INFO | meta_classifier_renewed.model_trainers.meta_trainer | Ep [036/500] T-Acc:  86.4%  V-Acc:  70.0%  V-AUROC: 0.5000  LR: 4.00e-06
2026-06-29 14:39:40,679 | [META-RNW] | INFO | meta_classifier_renewed.model_trainers.meta_trainer | Ep [037/500] T-Acc:  86.4%  V-Acc:  70.0%  V-AUROC: 0.5000  LR: 4.00e-06
2026-06-29 14:39:41,090 | [META-RNW] | INFO | meta_classifier_renewed.model_trainers.meta_trainer | Ep [038/500] T-Acc:  81.8%  V-Acc:  70.0%  V-AUROC: 0.5000  LR: 4.00e-06
2026-06-29 14:39:41,509 | [META-RNW] | INFO | meta_classifier_renewed.model_trainers.meta_trainer | Ep [039/500] T-Acc:  72.7%  V-Acc:  70.0%  V-AUROC: 0.5000  LR: 4.00e-06
2026-06-29 14:39:41,936 | [META-RNW] | INFO | meta_classifier_renewed.model_trainers.meta_trainer | Ep [040/500] T-Acc:  90.9%  V-Acc:  70.0%  V-AUROC: 0.5000  LR: 4.00e-06
2026-06-29 14:39:42,369 | [META-RNW] | INFO | meta_classifier_renewed.model_trainers.meta_trainer | Ep [041/500] T-Acc:  86.4%  V-Acc:  70.0%  V-AUROC: 0.5000  LR: 4.00e-06
2026-06-29 14:39:42,369 | [META-RNW] | INFO | meta_classifier_renewed.model_trainers.meta_trainer | Early stop — best AUROC 0.7500 at epoch 11 (no improvement for 30 epochs)
2026-06-29 14:39:42,370 | [META-RNW] | INFO | meta_classifier_renewed.model_trainers.meta_trainer | Done. Best AUROC: 0.7500 (epoch 11)
2026-06-29 14:39:42,541 | [META-RNW] | INFO | meta_classifier_renewed.model_trainers.meta_trainer | Restored best-AUROC checkpoint into model (epoch 11, AUROC 0.7500).
2026-06-29 14:39:42,671 | [META-RNW] | INFO | meta_classifier_renewed.evaluators.monte_carlo_evaluator | -> Fold 04 Result | Acc=0.500 Sens=0.500 Spec=0.500 AUROC=0.708 (Fixed Threshold: 0.5)
2026-06-29 14:39:42,687 | [META-RNW] | INFO | meta_classifier_renewed.evaluators.monte_carlo_evaluator | === Fold 05/30 | train: 22 subj | test: 10 subj ===
2026-06-29 14:39:42,700 | [META-RNW] | INFO | meta_classifier_renewed.model_trainers.meta_trainer | Device: cuda | max_epochs=500 | batch=8 | es_patience=30 | lr=1e-04 | wd=1e-02
2026-06-29 14:39:42,702 | [META-RNW] | INFO | meta_classifier_renewed.model_trainers.meta_trainer | CE weights — HC: 1.100  MCI: 0.917
2026-06-29 14:39:43,191 | [META-RNW] | INFO | meta_classifier_renewed.model_trainers.meta_trainer | Ep [001/500] T-Acc:  50.0%  V-Acc:  50.0%  V-AUROC: 0.3750  LR: 2.00e-05
2026-06-29 14:39:43,299 | [META-RNW] | INFO | meta_classifier_renewed.model_trainers.meta_trainer |   ↳ new best AUROC; saved checkpoint: /home/leggo/AIResearch/VOGBasedMCIDetectionSystemMobileViTSingleExperimentInference/outputs/checkpoints/run_20260629_143830_meta_renewed/fold_04_best.pth
2026-06-29 14:39:43,743 | [META-RNW] | INFO | meta_classifier_renewed.model_trainers.meta_trainer | Ep [002/500] T-Acc:  54.5%  V-Acc:  40.0%  V-AUROC: 0.4583  LR: 4.00e-05
2026-06-29 14:39:43,855 | [META-RNW] | INFO | meta_classifier_renewed.model_trainers.meta_trainer |   ↳ new best AUROC; saved checkpoint: /home/leggo/AIResearch/VOGBasedMCIDetectionSystemMobileViTSingleExperimentInference/outputs/checkpoints/run_20260629_143830_meta_renewed/fold_04_best.pth
2026-06-29 14:39:44,279 | [META-RNW] | INFO | meta_classifier_renewed.model_trainers.meta_trainer | Ep [003/500] T-Acc:  63.6%  V-Acc:  70.0%  V-AUROC: 0.5417  LR: 6.00e-05
2026-06-29 14:39:44,390 | [META-RNW] | INFO | meta_classifier_renewed.model_trainers.meta_trainer |   ↳ new best AUROC; saved checkpoint: /home/leggo/AIResearch/VOGBasedMCIDetectionSystemMobileViTSingleExperimentInference/outputs/checkpoints/run_20260629_143830_meta_renewed/fold_04_best.pth
2026-06-29 14:39:44,807 | [META-RNW] | INFO | meta_classifier_renewed.model_trainers.meta_trainer | Ep [004/500] T-Acc:  63.6%  V-Acc:  40.0%  V-AUROC: 0.4583  LR: 8.00e-05
2026-06-29 14:39:45,308 | [META-RNW] | INFO | meta_classifier_renewed.model_trainers.meta_trainer | Ep [005/500] T-Acc:  45.5%  V-Acc:  50.0%  V-AUROC: 0.3750  LR: 1.00e-04
2026-06-29 14:39:45,735 | [META-RNW] | INFO | meta_classifier_renewed.model_trainers.meta_trainer | Ep [006/500] T-Acc:  50.0%  V-Acc:  50.0%  V-AUROC: 0.4167  LR: 1.00e-04
2026-06-29 14:39:46,080 | [META-RNW] | INFO | meta_classifier_renewed.model_trainers.meta_trainer | Ep [007/500] T-Acc:  50.0%  V-Acc:  50.0%  V-AUROC: 0.5417  LR: 1.00e-04
2026-06-29 14:39:46,194 | [META-RNW] | INFO | meta_classifier_renewed.model_trainers.meta_trainer |   ↳ new best AUROC; saved checkpoint: /home/leggo/AIResearch/VOGBasedMCIDetectionSystemMobileViTSingleExperimentInference/outputs/checkpoints/run_20260629_143830_meta_renewed/fold_04_best.pth
2026-06-29 14:39:46,590 | [META-RNW] | INFO | meta_classifier_renewed.model_trainers.meta_trainer | Ep [008/500] T-Acc:  72.7%  V-Acc:  50.0%  V-AUROC: 0.5833  LR: 1.00e-04
2026-06-29 14:39:46,701 | [META-RNW] | INFO | meta_classifier_renewed.model_trainers.meta_trainer |   ↳ new best AUROC; saved checkpoint: /home/leggo/AIResearch/VOGBasedMCIDetectionSystemMobileViTSingleExperimentInference/outputs/checkpoints/run_20260629_143830_meta_renewed/fold_04_best.pth
2026-06-29 14:39:47,115 | [META-RNW] | INFO | meta_classifier_renewed.model_trainers.meta_trainer | Ep [009/500] T-Acc:  72.7%  V-Acc:  50.0%  V-AUROC: 0.5833  LR: 1.00e-04
2026-06-29 14:39:47,523 | [META-RNW] | INFO | meta_classifier_renewed.model_trainers.meta_trainer | Ep [010/500] T-Acc:  50.0%  V-Acc:  60.0%  V-AUROC: 0.5833  LR: 1.00e-04
2026-06-29 14:39:47,962 | [META-RNW] | INFO | meta_classifier_renewed.model_trainers.meta_trainer | Ep [011/500] T-Acc:  59.1%  V-Acc:  40.0%  V-AUROC: 0.5417  LR: 1.00e-04
2026-06-29 14:39:48,376 | [META-RNW] | INFO | meta_classifier_renewed.model_trainers.meta_trainer | Ep [012/500] T-Acc:  77.3%  V-Acc:  40.0%  V-AUROC: 0.4583  LR: 1.00e-04
2026-06-29 14:39:48,804 | [META-RNW] | INFO | meta_classifier_renewed.model_trainers.meta_trainer | Ep [013/500] T-Acc:  72.7%  V-Acc:  50.0%  V-AUROC: 0.4167  LR: 1.00e-04
2026-06-29 14:39:49,195 | [META-RNW] | INFO | meta_classifier_renewed.model_trainers.meta_trainer | Ep [014/500] T-Acc:  59.1%  V-Acc:  50.0%  V-AUROC: 0.4583  LR: 1.00e-04
2026-06-29 14:39:49,633 | [META-RNW] | INFO | meta_classifier_renewed.model_trainers.meta_trainer | Ep [015/500] T-Acc:  59.1%  V-Acc:  50.0%  V-AUROC: 0.5417  LR: 1.00e-04
2026-06-29 14:39:50,101 | [META-RNW] | INFO | meta_classifier_renewed.model_trainers.meta_trainer | Ep [016/500] T-Acc:  63.6%  V-Acc:  50.0%  V-AUROC: 0.5417  LR: 1.00e-04
2026-06-29 14:39:50,501 | [META-RNW] | INFO | meta_classifier_renewed.model_trainers.meta_trainer | Ep [017/500] T-Acc:  68.2%  V-Acc:  50.0%  V-AUROC: 0.5417  LR: 1.00e-04
2026-06-29 14:39:50,940 | [META-RNW] | INFO | meta_classifier_renewed.model_trainers.meta_trainer | Ep [018/500] T-Acc:  68.2%  V-Acc:  50.0%  V-AUROC: 0.5833  LR: 1.00e-04
2026-06-29 14:39:51,347 | [META-RNW] | INFO | meta_classifier_renewed.model_trainers.meta_trainer | Ep [019/500] T-Acc:  77.3%  V-Acc:  50.0%  V-AUROC: 0.5417  LR: 1.00e-04
2026-06-29 14:39:51,756 | [META-RNW] | INFO | meta_classifier_renewed.model_trainers.meta_trainer | Ep [020/500] T-Acc:  72.7%  V-Acc:  50.0%  V-AUROC: 0.5417  LR: 2.00e-05
2026-06-29 14:39:52,180 | [META-RNW] | INFO | meta_classifier_renewed.model_trainers.meta_trainer | Ep [021/500] T-Acc:  68.2%  V-Acc:  40.0%  V-AUROC: 0.5417  LR: 2.00e-05
2026-06-29 14:39:52,556 | [META-RNW] | INFO | meta_classifier_renewed.model_trainers.meta_trainer | Ep [022/500] T-Acc:  59.1%  V-Acc:  40.0%  V-AUROC: 0.5417  LR: 2.00e-05
2026-06-29 14:39:52,954 | [META-RNW] | INFO | meta_classifier_renewed.model_trainers.meta_trainer | Ep [023/500] T-Acc:  68.2%  V-Acc:  40.0%  V-AUROC: 0.5833  LR: 2.00e-05
2026-06-29 14:39:53,397 | [META-RNW] | INFO | meta_classifier_renewed.model_trainers.meta_trainer | Ep [024/500] T-Acc:  86.4%  V-Acc:  50.0%  V-AUROC: 0.5833  LR: 2.00e-05
2026-06-29 14:39:53,784 | [META-RNW] | INFO | meta_classifier_renewed.model_trainers.meta_trainer | Ep [025/500] T-Acc:  81.8%  V-Acc:  50.0%  V-AUROC: 0.5833  LR: 2.00e-05
2026-06-29 14:39:54,194 | [META-RNW] | INFO | meta_classifier_renewed.model_trainers.meta_trainer | Ep [026/500] T-Acc:  81.8%  V-Acc:  40.0%  V-AUROC: 0.5833  LR: 2.00e-05
2026-06-29 14:39:54,610 | [META-RNW] | INFO | meta_classifier_renewed.model_trainers.meta_trainer | Ep [027/500] T-Acc:  90.9%  V-Acc:  40.0%  V-AUROC: 0.5833  LR: 2.00e-05
2026-06-29 14:39:55,056 | [META-RNW] | INFO | meta_classifier_renewed.model_trainers.meta_trainer | Ep [028/500] T-Acc:  81.8%  V-Acc:  40.0%  V-AUROC: 0.5833  LR: 2.00e-05
2026-06-29 14:39:55,450 | [META-RNW] | INFO | meta_classifier_renewed.model_trainers.meta_trainer | Ep [029/500] T-Acc:  81.8%  V-Acc:  50.0%  V-AUROC: 0.5833  LR: 2.00e-05
2026-06-29 14:39:55,848 | [META-RNW] | INFO | meta_classifier_renewed.model_trainers.meta_trainer | Ep [030/500] T-Acc:  90.9%  V-Acc:  50.0%  V-AUROC: 0.5833  LR: 2.00e-05
2026-06-29 14:39:56,222 | [META-RNW] | INFO | meta_classifier_renewed.model_trainers.meta_trainer | Ep [031/500] T-Acc:  68.2%  V-Acc:  50.0%  V-AUROC: 0.5833  LR: 4.00e-06
2026-06-29 14:39:56,592 | [META-RNW] | INFO | meta_classifier_renewed.model_trainers.meta_trainer | Ep [032/500] T-Acc:  95.5%  V-Acc:  50.0%  V-AUROC: 0.5833  LR: 4.00e-06
2026-06-29 14:39:56,993 | [META-RNW] | INFO | meta_classifier_renewed.model_trainers.meta_trainer | Ep [033/500] T-Acc:  86.4%  V-Acc:  50.0%  V-AUROC: 0.5833  LR: 4.00e-06
2026-06-29 14:39:57,379 | [META-RNW] | INFO | meta_classifier_renewed.model_trainers.meta_trainer | Ep [034/500] T-Acc:  81.8%  V-Acc:  50.0%  V-AUROC: 0.5833  LR: 4.00e-06
2026-06-29 14:39:57,810 | [META-RNW] | INFO | meta_classifier_renewed.model_trainers.meta_trainer | Ep [035/500] T-Acc:  90.9%  V-Acc:  40.0%  V-AUROC: 0.5833  LR: 4.00e-06
2026-06-29 14:39:58,227 | [META-RNW] | INFO | meta_classifier_renewed.model_trainers.meta_trainer | Ep [036/500] T-Acc:  86.4%  V-Acc:  40.0%  V-AUROC: 0.5833  LR: 4.00e-06
2026-06-29 14:39:58,677 | [META-RNW] | INFO | meta_classifier_renewed.model_trainers.meta_trainer | Ep [037/500] T-Acc:  86.4%  V-Acc:  40.0%  V-AUROC: 0.5833  LR: 4.00e-06
2026-06-29 14:39:59,138 | [META-RNW] | INFO | meta_classifier_renewed.model_trainers.meta_trainer | Ep [038/500] T-Acc:  95.5%  V-Acc:  40.0%  V-AUROC: 0.5833  LR: 4.00e-06
2026-06-29 14:39:59,139 | [META-RNW] | INFO | meta_classifier_renewed.model_trainers.meta_trainer | Early stop — best AUROC 0.5833 at epoch 8 (no improvement for 30 epochs)
2026-06-29 14:39:59,139 | [META-RNW] | INFO | meta_classifier_renewed.model_trainers.meta_trainer | Done. Best AUROC: 0.5833 (epoch 8)
2026-06-29 14:39:59,304 | [META-RNW] | INFO | meta_classifier_renewed.model_trainers.meta_trainer | Restored best-AUROC checkpoint into model (epoch 8, AUROC 0.5833).
2026-06-29 14:39:59,417 | [META-RNW] | INFO | meta_classifier_renewed.evaluators.monte_carlo_evaluator | -> Fold 05 Result | Acc=0.500 Sens=0.833 Spec=0.000 AUROC=0.583 (Fixed Threshold: 0.5)
2026-06-29 14:39:59,434 | [META-RNW] | INFO | meta_classifier_renewed.evaluators.monte_carlo_evaluator | === Fold 06/30 | train: 22 subj | test: 10 subj ===
2026-06-29 14:39:59,447 | [META-RNW] | INFO | meta_classifier_renewed.model_trainers.meta_trainer | Device: cuda | max_epochs=500 | batch=8 | es_patience=30 | lr=1e-04 | wd=1e-02
2026-06-29 14:39:59,447 | [META-RNW] | INFO | meta_classifier_renewed.model_trainers.meta_trainer | CE weights — HC: 1.222  MCI: 0.846
2026-06-29 14:39:59,928 | [META-RNW] | INFO | meta_classifier_renewed.model_trainers.meta_trainer | Ep [001/500] T-Acc:  36.4%  V-Acc:  50.0%  V-AUROC: 0.4000  LR: 2.00e-05
2026-06-29 14:40:00,035 | [META-RNW] | INFO | meta_classifier_renewed.model_trainers.meta_trainer |   ↳ new best AUROC; saved checkpoint: /home/leggo/AIResearch/VOGBasedMCIDetectionSystemMobileViTSingleExperimentInference/outputs/checkpoints/run_20260629_143830_meta_renewed/fold_05_best.pth
2026-06-29 14:40:00,472 | [META-RNW] | INFO | meta_classifier_renewed.model_trainers.meta_trainer | Ep [002/500] T-Acc:  27.3%  V-Acc:  50.0%  V-AUROC: 0.2400  LR: 4.00e-05
2026-06-29 14:40:00,905 | [META-RNW] | INFO | meta_classifier_renewed.model_trainers.meta_trainer | Ep [003/500] T-Acc:  63.6%  V-Acc:  50.0%  V-AUROC: 0.2800  LR: 6.00e-05
2026-06-29 14:40:01,353 | [META-RNW] | INFO | meta_classifier_renewed.model_trainers.meta_trainer | Ep [004/500] T-Acc:  54.5%  V-Acc:  50.0%  V-AUROC: 0.2800  LR: 8.00e-05
2026-06-29 14:40:01,785 | [META-RNW] | INFO | meta_classifier_renewed.model_trainers.meta_trainer | Ep [005/500] T-Acc:  59.1%  V-Acc:  50.0%  V-AUROC: 0.2400  LR: 1.00e-04
2026-06-29 14:40:02,226 | [META-RNW] | INFO | meta_classifier_renewed.model_trainers.meta_trainer | Ep [006/500] T-Acc:  72.7%  V-Acc:  30.0%  V-AUROC: 0.2400  LR: 1.00e-04
2026-06-29 14:40:02,633 | [META-RNW] | INFO | meta_classifier_renewed.model_trainers.meta_trainer | Ep [007/500] T-Acc:  77.3%  V-Acc:  50.0%  V-AUROC: 0.2000  LR: 1.00e-04
2026-06-29 14:40:03,081 | [META-RNW] | INFO | meta_classifier_renewed.model_trainers.meta_trainer | Ep [008/500] T-Acc:  59.1%  V-Acc:  40.0%  V-AUROC: 0.2000  LR: 1.00e-04
2026-06-29 14:40:03,470 | [META-RNW] | INFO | meta_classifier_renewed.model_trainers.meta_trainer | Ep [009/500] T-Acc:  54.5%  V-Acc:  30.0%  V-AUROC: 0.2000  LR: 1.00e-04
2026-06-29 14:40:03,872 | [META-RNW] | INFO | meta_classifier_renewed.model_trainers.meta_trainer | Ep [010/500] T-Acc:  72.7%  V-Acc:  40.0%  V-AUROC: 0.2400  LR: 1.00e-04
2026-06-29 14:40:04,300 | [META-RNW] | INFO | meta_classifier_renewed.model_trainers.meta_trainer | Ep [011/500] T-Acc:  59.1%  V-Acc:  50.0%  V-AUROC: 0.2000  LR: 1.00e-04
2026-06-29 14:40:04,738 | [META-RNW] | INFO | meta_classifier_renewed.model_trainers.meta_trainer | Ep [012/500] T-Acc:  63.6%  V-Acc:  50.0%  V-AUROC: 0.2000  LR: 1.00e-04
2026-06-29 14:40:05,148 | [META-RNW] | INFO | meta_classifier_renewed.model_trainers.meta_trainer | Ep [013/500] T-Acc:  77.3%  V-Acc:  40.0%  V-AUROC: 0.2000  LR: 1.00e-04
2026-06-29 14:40:05,539 | [META-RNW] | INFO | meta_classifier_renewed.model_trainers.meta_trainer | Ep [014/500] T-Acc:  63.6%  V-Acc:  40.0%  V-AUROC: 0.2000  LR: 1.00e-04
2026-06-29 14:40:05,933 | [META-RNW] | INFO | meta_classifier_renewed.model_trainers.meta_trainer | Ep [015/500] T-Acc:  63.6%  V-Acc:  40.0%  V-AUROC: 0.2000  LR: 1.00e-04
2026-06-29 14:40:06,304 | [META-RNW] | INFO | meta_classifier_renewed.model_trainers.meta_trainer | Ep [016/500] T-Acc:  54.5%  V-Acc:  30.0%  V-AUROC: 0.2400  LR: 1.00e-04
2026-06-29 14:40:06,696 | [META-RNW] | INFO | meta_classifier_renewed.model_trainers.meta_trainer | Ep [017/500] T-Acc:  68.2%  V-Acc:  30.0%  V-AUROC: 0.2400  LR: 1.00e-04
2026-06-29 14:40:07,072 | [META-RNW] | INFO | meta_classifier_renewed.model_trainers.meta_trainer | Ep [018/500] T-Acc:  77.3%  V-Acc:  30.0%  V-AUROC: 0.2400  LR: 2.00e-05
2026-06-29 14:40:07,473 | [META-RNW] | INFO | meta_classifier_renewed.model_trainers.meta_trainer | Ep [019/500] T-Acc:  81.8%  V-Acc:  30.0%  V-AUROC: 0.2400  LR: 2.00e-05
2026-06-29 14:40:07,853 | [META-RNW] | INFO | meta_classifier_renewed.model_trainers.meta_trainer | Ep [020/500] T-Acc:  81.8%  V-Acc:  30.0%  V-AUROC: 0.2400  LR: 2.00e-05
2026-06-29 14:40:08,255 | [META-RNW] | INFO | meta_classifier_renewed.model_trainers.meta_trainer | Ep [021/500] T-Acc:  77.3%  V-Acc:  30.0%  V-AUROC: 0.2400  LR: 2.00e-05
2026-06-29 14:40:08,667 | [META-RNW] | INFO | meta_classifier_renewed.model_trainers.meta_trainer | Ep [022/500] T-Acc:  90.9%  V-Acc:  40.0%  V-AUROC: 0.2400  LR: 2.00e-05
2026-06-29 14:40:09,084 | [META-RNW] | INFO | meta_classifier_renewed.model_trainers.meta_trainer | Ep [023/500] T-Acc:  86.4%  V-Acc:  40.0%  V-AUROC: 0.2400  LR: 2.00e-05
2026-06-29 14:40:09,489 | [META-RNW] | INFO | meta_classifier_renewed.model_trainers.meta_trainer | Ep [024/500] T-Acc:  77.3%  V-Acc:  20.0%  V-AUROC: 0.2400  LR: 2.00e-05
2026-06-29 14:40:09,879 | [META-RNW] | INFO | meta_classifier_renewed.model_trainers.meta_trainer | Ep [025/500] T-Acc:  72.7%  V-Acc:  20.0%  V-AUROC: 0.2400  LR: 2.00e-05
2026-06-29 14:40:10,287 | [META-RNW] | INFO | meta_classifier_renewed.model_trainers.meta_trainer | Ep [026/500] T-Acc:  77.3%  V-Acc:  20.0%  V-AUROC: 0.2400  LR: 2.00e-05
2026-06-29 14:40:10,730 | [META-RNW] | INFO | meta_classifier_renewed.model_trainers.meta_trainer | Ep [027/500] T-Acc:  81.8%  V-Acc:  20.0%  V-AUROC: 0.2400  LR: 2.00e-05
2026-06-29 14:40:11,166 | [META-RNW] | INFO | meta_classifier_renewed.model_trainers.meta_trainer | Ep [028/500] T-Acc:  86.4%  V-Acc:  20.0%  V-AUROC: 0.2400  LR: 2.00e-05
2026-06-29 14:40:11,621 | [META-RNW] | INFO | meta_classifier_renewed.model_trainers.meta_trainer | Ep [029/500] T-Acc:  72.7%  V-Acc:  20.0%  V-AUROC: 0.2400  LR: 4.00e-06
2026-06-29 14:40:12,053 | [META-RNW] | INFO | meta_classifier_renewed.model_trainers.meta_trainer | Ep [030/500] T-Acc:  68.2%  V-Acc:  20.0%  V-AUROC: 0.2400  LR: 4.00e-06
2026-06-29 14:40:12,475 | [META-RNW] | INFO | meta_classifier_renewed.model_trainers.meta_trainer | Ep [031/500] T-Acc:  77.3%  V-Acc:  20.0%  V-AUROC: 0.2400  LR: 4.00e-06
2026-06-29 14:40:12,476 | [META-RNW] | INFO | meta_classifier_renewed.model_trainers.meta_trainer | Early stop — best AUROC 0.4000 at epoch 1 (no improvement for 30 epochs)
2026-06-29 14:40:12,476 | [META-RNW] | INFO | meta_classifier_renewed.model_trainers.meta_trainer | Done. Best AUROC: 0.4000 (epoch 1)
2026-06-29 14:40:12,643 | [META-RNW] | INFO | meta_classifier_renewed.model_trainers.meta_trainer | Restored best-AUROC checkpoint into model (epoch 1, AUROC 0.4000).
2026-06-29 14:40:12,749 | [META-RNW] | INFO | meta_classifier_renewed.evaluators.monte_carlo_evaluator | -> Fold 06 Result | Acc=0.500 Sens=0.000 Spec=1.000 AUROC=0.400 (Fixed Threshold: 0.5)
2026-06-29 14:40:12,764 | [META-RNW] | INFO | meta_classifier_renewed.evaluators.monte_carlo_evaluator | === Fold 07/30 | train: 22 subj | test: 10 subj ===
2026-06-29 14:40:12,777 | [META-RNW] | INFO | meta_classifier_renewed.model_trainers.meta_trainer | Device: cuda | max_epochs=500 | batch=8 | es_patience=30 | lr=1e-04 | wd=1e-02
2026-06-29 14:40:12,778 | [META-RNW] | INFO | meta_classifier_renewed.model_trainers.meta_trainer | CE weights — HC: 0.917  MCI: 1.100
2026-06-29 14:40:13,196 | [META-RNW] | INFO | meta_classifier_renewed.model_trainers.meta_trainer | Ep [001/500] T-Acc:  59.1%  V-Acc:  80.0%  V-AUROC: 0.2500  LR: 2.00e-05
2026-06-29 14:40:13,302 | [META-RNW] | INFO | meta_classifier_renewed.model_trainers.meta_trainer |   ↳ new best AUROC; saved checkpoint: /home/leggo/AIResearch/VOGBasedMCIDetectionSystemMobileViTSingleExperimentInference/outputs/checkpoints/run_20260629_143830_meta_renewed/fold_06_best.pth
2026-06-29 14:40:13,708 | [META-RNW] | INFO | meta_classifier_renewed.model_trainers.meta_trainer | Ep [002/500] T-Acc:  45.5%  V-Acc:  80.0%  V-AUROC: 0.3750  LR: 4.00e-05
2026-06-29 14:40:13,825 | [META-RNW] | INFO | meta_classifier_renewed.model_trainers.meta_trainer |   ↳ new best AUROC; saved checkpoint: /home/leggo/AIResearch/VOGBasedMCIDetectionSystemMobileViTSingleExperimentInference/outputs/checkpoints/run_20260629_143830_meta_renewed/fold_06_best.pth
2026-06-29 14:40:14,255 | [META-RNW] | INFO | meta_classifier_renewed.model_trainers.meta_trainer | Ep [003/500] T-Acc:  50.0%  V-Acc:  60.0%  V-AUROC: 0.3750  LR: 6.00e-05
2026-06-29 14:40:14,695 | [META-RNW] | INFO | meta_classifier_renewed.model_trainers.meta_trainer | Ep [004/500] T-Acc:  40.9%  V-Acc:  20.0%  V-AUROC: 0.2500  LR: 8.00e-05
2026-06-29 14:40:15,149 | [META-RNW] | INFO | meta_classifier_renewed.model_trainers.meta_trainer | Ep [005/500] T-Acc:  59.1%  V-Acc:  20.0%  V-AUROC: 0.2500  LR: 1.00e-04
2026-06-29 14:40:15,559 | [META-RNW] | INFO | meta_classifier_renewed.model_trainers.meta_trainer | Ep [006/500] T-Acc:  45.5%  V-Acc:  20.0%  V-AUROC: 0.2500  LR: 1.00e-04
2026-06-29 14:40:15,964 | [META-RNW] | INFO | meta_classifier_renewed.model_trainers.meta_trainer | Ep [007/500] T-Acc:  63.6%  V-Acc:  50.0%  V-AUROC: 0.2500  LR: 1.00e-04
2026-06-29 14:40:16,358 | [META-RNW] | INFO | meta_classifier_renewed.model_trainers.meta_trainer | Ep [008/500] T-Acc:  63.6%  V-Acc:  80.0%  V-AUROC: 0.2500  LR: 1.00e-04
2026-06-29 14:40:16,758 | [META-RNW] | INFO | meta_classifier_renewed.model_trainers.meta_trainer | Ep [009/500] T-Acc:  31.8%  V-Acc:  80.0%  V-AUROC: 0.2500  LR: 1.00e-04
2026-06-29 14:40:17,154 | [META-RNW] | INFO | meta_classifier_renewed.model_trainers.meta_trainer | Ep [010/500] T-Acc:  50.0%  V-Acc:  70.0%  V-AUROC: 0.2500  LR: 1.00e-04
2026-06-29 14:40:17,548 | [META-RNW] | INFO | meta_classifier_renewed.model_trainers.meta_trainer | Ep [011/500] T-Acc:  81.8%  V-Acc:  50.0%  V-AUROC: 0.2500  LR: 1.00e-04
2026-06-29 14:40:18,003 | [META-RNW] | INFO | meta_classifier_renewed.model_trainers.meta_trainer | Ep [012/500] T-Acc:  63.6%  V-Acc:  30.0%  V-AUROC: 0.2500  LR: 1.00e-04
2026-06-29 14:40:18,436 | [META-RNW] | INFO | meta_classifier_renewed.model_trainers.meta_trainer | Ep [013/500] T-Acc:  63.6%  V-Acc:  30.0%  V-AUROC: 0.2500  LR: 1.00e-04
2026-06-29 14:40:18,840 | [META-RNW] | INFO | meta_classifier_renewed.model_trainers.meta_trainer | Ep [014/500] T-Acc:  59.1%  V-Acc:  50.0%  V-AUROC: 0.3125  LR: 1.00e-04
2026-06-29 14:40:19,251 | [META-RNW] | INFO | meta_classifier_renewed.model_trainers.meta_trainer | Ep [015/500] T-Acc:  68.2%  V-Acc:  50.0%  V-AUROC: 0.3125  LR: 1.00e-04
2026-06-29 14:40:19,679 | [META-RNW] | INFO | meta_classifier_renewed.model_trainers.meta_trainer | Ep [016/500] T-Acc:  50.0%  V-Acc:  50.0%  V-AUROC: 0.3125  LR: 1.00e-04
2026-06-29 14:40:20,078 | [META-RNW] | INFO | meta_classifier_renewed.model_trainers.meta_trainer | Ep [017/500] T-Acc:  63.6%  V-Acc:  50.0%  V-AUROC: 0.3125  LR: 1.00e-04
2026-06-29 14:40:20,491 | [META-RNW] | INFO | meta_classifier_renewed.model_trainers.meta_trainer | Ep [018/500] T-Acc:  72.7%  V-Acc:  50.0%  V-AUROC: 0.2500  LR: 1.00e-04
2026-06-29 14:40:20,911 | [META-RNW] | INFO | meta_classifier_renewed.model_trainers.meta_trainer | Ep [019/500] T-Acc:  90.9%  V-Acc:  50.0%  V-AUROC: 0.2500  LR: 1.00e-04
2026-06-29 14:40:21,305 | [META-RNW] | INFO | meta_classifier_renewed.model_trainers.meta_trainer | Ep [020/500] T-Acc:  72.7%  V-Acc:  50.0%  V-AUROC: 0.2500  LR: 1.00e-04
2026-06-29 14:40:21,723 | [META-RNW] | INFO | meta_classifier_renewed.model_trainers.meta_trainer | Ep [021/500] T-Acc:  77.3%  V-Acc:  60.0%  V-AUROC: 0.2500  LR: 1.00e-04
2026-06-29 14:40:22,127 | [META-RNW] | INFO | meta_classifier_renewed.model_trainers.meta_trainer | Ep [022/500] T-Acc:  63.6%  V-Acc:  60.0%  V-AUROC: 0.3125  LR: 1.00e-04
2026-06-29 14:40:22,550 | [META-RNW] | INFO | meta_classifier_renewed.model_trainers.meta_trainer | Ep [023/500] T-Acc:  86.4%  V-Acc:  50.0%  V-AUROC: 0.3125  LR: 1.00e-04
2026-06-29 14:40:22,979 | [META-RNW] | INFO | meta_classifier_renewed.model_trainers.meta_trainer | Ep [024/500] T-Acc:  77.3%  V-Acc:  50.0%  V-AUROC: 0.3125  LR: 1.00e-04
2026-06-29 14:40:23,401 | [META-RNW] | INFO | meta_classifier_renewed.model_trainers.meta_trainer | Ep [025/500] T-Acc:  72.7%  V-Acc:  50.0%  V-AUROC: 0.2500  LR: 1.00e-04
2026-06-29 14:40:23,791 | [META-RNW] | INFO | meta_classifier_renewed.model_trainers.meta_trainer | Ep [026/500] T-Acc:  86.4%  V-Acc:  50.0%  V-AUROC: 0.2500  LR: 2.00e-05
2026-06-29 14:40:24,197 | [META-RNW] | INFO | meta_classifier_renewed.model_trainers.meta_trainer | Ep [027/500] T-Acc:  81.8%  V-Acc:  50.0%  V-AUROC: 0.2500  LR: 2.00e-05
2026-06-29 14:40:24,610 | [META-RNW] | INFO | meta_classifier_renewed.model_trainers.meta_trainer | Ep [028/500] T-Acc:  86.4%  V-Acc:  50.0%  V-AUROC: 0.2500  LR: 2.00e-05
2026-06-29 14:40:25,024 | [META-RNW] | INFO | meta_classifier_renewed.model_trainers.meta_trainer | Ep [029/500] T-Acc:  90.9%  V-Acc:  50.0%  V-AUROC: 0.2500  LR: 2.00e-05
2026-06-29 14:40:25,451 | [META-RNW] | INFO | meta_classifier_renewed.model_trainers.meta_trainer | Ep [030/500] T-Acc:  90.9%  V-Acc:  50.0%  V-AUROC: 0.2500  LR: 2.00e-05
2026-06-29 14:40:25,876 | [META-RNW] | INFO | meta_classifier_renewed.model_trainers.meta_trainer | Ep [031/500] T-Acc:  81.8%  V-Acc:  40.0%  V-AUROC: 0.2500  LR: 2.00e-05
2026-06-29 14:40:26,253 | [META-RNW] | INFO | meta_classifier_renewed.model_trainers.meta_trainer | Ep [032/500] T-Acc:  81.8%  V-Acc:  50.0%  V-AUROC: 0.2500  LR: 2.00e-05
2026-06-29 14:40:26,254 | [META-RNW] | INFO | meta_classifier_renewed.model_trainers.meta_trainer | Early stop — best AUROC 0.3750 at epoch 2 (no improvement for 30 epochs)
2026-06-29 14:40:26,254 | [META-RNW] | INFO | meta_classifier_renewed.model_trainers.meta_trainer | Done. Best AUROC: 0.3750 (epoch 2)
2026-06-29 14:40:26,418 | [META-RNW] | INFO | meta_classifier_renewed.model_trainers.meta_trainer | Restored best-AUROC checkpoint into model (epoch 2, AUROC 0.3750).
2026-06-29 14:40:26,523 | [META-RNW] | INFO | meta_classifier_renewed.evaluators.monte_carlo_evaluator | -> Fold 07 Result | Acc=0.800 Sens=1.000 Spec=0.000 AUROC=0.375 (Fixed Threshold: 0.5)
2026-06-29 14:40:26,541 | [META-RNW] | INFO | meta_classifier_renewed.evaluators.monte_carlo_evaluator | === Fold 08/30 | train: 22 subj | test: 10 subj ===
2026-06-29 14:40:26,554 | [META-RNW] | INFO | meta_classifier_renewed.model_trainers.meta_trainer | Device: cuda | max_epochs=500 | batch=8 | es_patience=30 | lr=1e-04 | wd=1e-02
2026-06-29 14:40:26,555 | [META-RNW] | INFO | meta_classifier_renewed.model_trainers.meta_trainer | CE weights — HC: 1.375  MCI: 0.786
2026-06-29 14:40:27,023 | [META-RNW] | INFO | meta_classifier_renewed.model_trainers.meta_trainer | Ep [001/500] T-Acc:  50.0%  V-Acc:  40.0%  V-AUROC: 0.2500  LR: 2.00e-05
2026-06-29 14:40:27,130 | [META-RNW] | INFO | meta_classifier_renewed.model_trainers.meta_trainer |   ↳ new best AUROC; saved checkpoint: /home/leggo/AIResearch/VOGBasedMCIDetectionSystemMobileViTSingleExperimentInference/outputs/checkpoints/run_20260629_143830_meta_renewed/fold_07_best.pth
2026-06-29 14:40:27,556 | [META-RNW] | INFO | meta_classifier_renewed.model_trainers.meta_trainer | Ep [002/500] T-Acc:  59.1%  V-Acc:  40.0%  V-AUROC: 0.2917  LR: 4.00e-05
2026-06-29 14:40:27,672 | [META-RNW] | INFO | meta_classifier_renewed.model_trainers.meta_trainer |   ↳ new best AUROC; saved checkpoint: /home/leggo/AIResearch/VOGBasedMCIDetectionSystemMobileViTSingleExperimentInference/outputs/checkpoints/run_20260629_143830_meta_renewed/fold_07_best.pth
2026-06-29 14:40:28,075 | [META-RNW] | INFO | meta_classifier_renewed.model_trainers.meta_trainer | Ep [003/500] T-Acc:  59.1%  V-Acc:  20.0%  V-AUROC: 0.2500  LR: 6.00e-05
2026-06-29 14:40:28,548 | [META-RNW] | INFO | meta_classifier_renewed.model_trainers.meta_trainer | Ep [004/500] T-Acc:  50.0%  V-Acc:  40.0%  V-AUROC: 0.2083  LR: 8.00e-05
2026-06-29 14:40:28,976 | [META-RNW] | INFO | meta_classifier_renewed.model_trainers.meta_trainer | Ep [005/500] T-Acc:  59.1%  V-Acc:  50.0%  V-AUROC: 0.2917  LR: 1.00e-04
2026-06-29 14:40:29,345 | [META-RNW] | INFO | meta_classifier_renewed.model_trainers.meta_trainer | Ep [006/500] T-Acc:  63.6%  V-Acc:  50.0%  V-AUROC: 0.2500  LR: 1.00e-04
2026-06-29 14:40:29,681 | [META-RNW] | INFO | meta_classifier_renewed.model_trainers.meta_trainer | Ep [007/500] T-Acc:  50.0%  V-Acc:  30.0%  V-AUROC: 0.2500  LR: 1.00e-04
2026-06-29 14:40:30,003 | [META-RNW] | INFO | meta_classifier_renewed.model_trainers.meta_trainer | Ep [008/500] T-Acc:  40.9%  V-Acc:  30.0%  V-AUROC: 0.2083  LR: 1.00e-04
2026-06-29 14:40:30,317 | [META-RNW] | INFO | meta_classifier_renewed.model_trainers.meta_trainer | Ep [009/500] T-Acc:  63.6%  V-Acc:  40.0%  V-AUROC: 0.2917  LR: 1.00e-04
2026-06-29 14:40:30,661 | [META-RNW] | INFO | meta_classifier_renewed.model_trainers.meta_trainer | Ep [010/500] T-Acc:  95.5%  V-Acc:  40.0%  V-AUROC: 0.2917  LR: 1.00e-04
2026-06-29 14:40:30,997 | [META-RNW] | INFO | meta_classifier_renewed.model_trainers.meta_trainer | Ep [011/500] T-Acc:  72.7%  V-Acc:  40.0%  V-AUROC: 0.3333  LR: 1.00e-04
2026-06-29 14:40:31,184 | [META-RNW] | INFO | meta_classifier_renewed.model_trainers.meta_trainer |   ↳ new best AUROC; saved checkpoint: /home/leggo/AIResearch/VOGBasedMCIDetectionSystemMobileViTSingleExperimentInference/outputs/checkpoints/run_20260629_143830_meta_renewed/fold_07_best.pth
2026-06-29 14:40:31,606 | [META-RNW] | INFO | meta_classifier_renewed.model_trainers.meta_trainer | Ep [012/500] T-Acc:  72.7%  V-Acc:  50.0%  V-AUROC: 0.4167  LR: 1.00e-04
2026-06-29 14:40:31,721 | [META-RNW] | INFO | meta_classifier_renewed.model_trainers.meta_trainer |   ↳ new best AUROC; saved checkpoint: /home/leggo/AIResearch/VOGBasedMCIDetectionSystemMobileViTSingleExperimentInference/outputs/checkpoints/run_20260629_143830_meta_renewed/fold_07_best.pth
2026-06-29 14:40:32,132 | [META-RNW] | INFO | meta_classifier_renewed.model_trainers.meta_trainer | Ep [013/500] T-Acc:  95.5%  V-Acc:  30.0%  V-AUROC: 0.4583  LR: 1.00e-04
2026-06-29 14:40:32,250 | [META-RNW] | INFO | meta_classifier_renewed.model_trainers.meta_trainer |   ↳ new best AUROC; saved checkpoint: /home/leggo/AIResearch/VOGBasedMCIDetectionSystemMobileViTSingleExperimentInference/outputs/checkpoints/run_20260629_143830_meta_renewed/fold_07_best.pth
2026-06-29 14:40:32,658 | [META-RNW] | INFO | meta_classifier_renewed.model_trainers.meta_trainer | Ep [014/500] T-Acc:  77.3%  V-Acc:  30.0%  V-AUROC: 0.4167  LR: 1.00e-04
2026-06-29 14:40:33,093 | [META-RNW] | INFO | meta_classifier_renewed.model_trainers.meta_trainer | Ep [015/500] T-Acc:  77.3%  V-Acc:  50.0%  V-AUROC: 0.4167  LR: 1.00e-04
2026-06-29 14:40:33,515 | [META-RNW] | INFO | meta_classifier_renewed.model_trainers.meta_trainer | Ep [016/500] T-Acc:  86.4%  V-Acc:  40.0%  V-AUROC: 0.4167  LR: 1.00e-04
2026-06-29 14:40:33,966 | [META-RNW] | INFO | meta_classifier_renewed.model_trainers.meta_trainer | Ep [017/500] T-Acc:  86.4%  V-Acc:  40.0%  V-AUROC: 0.4167  LR: 1.00e-04
2026-06-29 14:40:34,431 | [META-RNW] | INFO | meta_classifier_renewed.model_trainers.meta_trainer | Ep [018/500] T-Acc:  90.9%  V-Acc:  40.0%  V-AUROC: 0.4583  LR: 1.00e-04
2026-06-29 14:40:34,903 | [META-RNW] | INFO | meta_classifier_renewed.model_trainers.meta_trainer | Ep [019/500] T-Acc:  95.5%  V-Acc:  50.0%  V-AUROC: 0.4583  LR: 1.00e-04
2026-06-29 14:40:35,351 | [META-RNW] | INFO | meta_classifier_renewed.model_trainers.meta_trainer | Ep [020/500] T-Acc:  95.5%  V-Acc:  60.0%  V-AUROC: 0.4583  LR: 1.00e-04
2026-06-29 14:40:35,784 | [META-RNW] | INFO | meta_classifier_renewed.model_trainers.meta_trainer | Ep [021/500] T-Acc:  95.5%  V-Acc:  40.0%  V-AUROC: 0.5417  LR: 1.00e-04
2026-06-29 14:40:35,899 | [META-RNW] | INFO | meta_classifier_renewed.model_trainers.meta_trainer |   ↳ new best AUROC; saved checkpoint: /home/leggo/AIResearch/VOGBasedMCIDetectionSystemMobileViTSingleExperimentInference/outputs/checkpoints/run_20260629_143830_meta_renewed/fold_07_best.pth
2026-06-29 14:40:36,292 | [META-RNW] | INFO | meta_classifier_renewed.model_trainers.meta_trainer | Ep [022/500] T-Acc:  95.5%  V-Acc:  40.0%  V-AUROC: 0.5417  LR: 1.00e-04
2026-06-29 14:40:36,678 | [META-RNW] | INFO | meta_classifier_renewed.model_trainers.meta_trainer | Ep [023/500] T-Acc:  86.4%  V-Acc:  40.0%  V-AUROC: 0.5417  LR: 1.00e-04
2026-06-29 14:40:37,046 | [META-RNW] | INFO | meta_classifier_renewed.model_trainers.meta_trainer | Ep [024/500] T-Acc: 100.0%  V-Acc:  40.0%  V-AUROC: 0.5833  LR: 1.00e-04
2026-06-29 14:40:37,165 | [META-RNW] | INFO | meta_classifier_renewed.model_trainers.meta_trainer |   ↳ new best AUROC; saved checkpoint: /home/leggo/AIResearch/VOGBasedMCIDetectionSystemMobileViTSingleExperimentInference/outputs/checkpoints/run_20260629_143830_meta_renewed/fold_07_best.pth
2026-06-29 14:40:37,563 | [META-RNW] | INFO | meta_classifier_renewed.model_trainers.meta_trainer | Ep [025/500] T-Acc: 100.0%  V-Acc:  40.0%  V-AUROC: 0.5417  LR: 1.00e-04
2026-06-29 14:40:37,976 | [META-RNW] | INFO | meta_classifier_renewed.model_trainers.meta_trainer | Ep [026/500] T-Acc: 100.0%  V-Acc:  60.0%  V-AUROC: 0.5833  LR: 1.00e-04
2026-06-29 14:40:38,398 | [META-RNW] | INFO | meta_classifier_renewed.model_trainers.meta_trainer | Ep [027/500] T-Acc: 100.0%  V-Acc:  60.0%  V-AUROC: 0.5833  LR: 1.00e-04
2026-06-29 14:40:38,790 | [META-RNW] | INFO | meta_classifier_renewed.model_trainers.meta_trainer | Ep [028/500] T-Acc: 100.0%  V-Acc:  40.0%  V-AUROC: 0.6250  LR: 1.00e-04
2026-06-29 14:40:38,908 | [META-RNW] | INFO | meta_classifier_renewed.model_trainers.meta_trainer |   ↳ new best AUROC; saved checkpoint: /home/leggo/AIResearch/VOGBasedMCIDetectionSystemMobileViTSingleExperimentInference/outputs/checkpoints/run_20260629_143830_meta_renewed/fold_07_best.pth
2026-06-29 14:40:39,301 | [META-RNW] | INFO | meta_classifier_renewed.model_trainers.meta_trainer | Ep [029/500] T-Acc:  95.5%  V-Acc:  40.0%  V-AUROC: 0.7083  LR: 1.00e-04
2026-06-29 14:40:39,670 | [META-RNW] | INFO | meta_classifier_renewed.model_trainers.meta_trainer |   ↳ new best AUROC; saved checkpoint: /home/leggo/AIResearch/VOGBasedMCIDetectionSystemMobileViTSingleExperimentInference/outputs/checkpoints/run_20260629_143830_meta_renewed/fold_07_best.pth
2026-06-29 14:40:40,087 | [META-RNW] | INFO | meta_classifier_renewed.model_trainers.meta_trainer | Ep [030/500] T-Acc: 100.0%  V-Acc:  40.0%  V-AUROC: 0.7500  LR: 1.00e-04
2026-06-29 14:40:40,205 | [META-RNW] | INFO | meta_classifier_renewed.model_trainers.meta_trainer |   ↳ new best AUROC; saved checkpoint: /home/leggo/AIResearch/VOGBasedMCIDetectionSystemMobileViTSingleExperimentInference/outputs/checkpoints/run_20260629_143830_meta_renewed/fold_07_best.pth
2026-06-29 14:40:40,592 | [META-RNW] | INFO | meta_classifier_renewed.model_trainers.meta_trainer | Ep [031/500] T-Acc: 100.0%  V-Acc:  60.0%  V-AUROC: 0.7500  LR: 1.00e-04
2026-06-29 14:40:41,003 | [META-RNW] | INFO | meta_classifier_renewed.model_trainers.meta_trainer | Ep [032/500] T-Acc: 100.0%  V-Acc:  60.0%  V-AUROC: 0.7500  LR: 1.00e-04
2026-06-29 14:40:41,434 | [META-RNW] | INFO | meta_classifier_renewed.model_trainers.meta_trainer | Ep [033/500] T-Acc: 100.0%  V-Acc:  40.0%  V-AUROC: 0.7500  LR: 1.00e-04
2026-06-29 14:40:41,853 | [META-RNW] | INFO | meta_classifier_renewed.model_trainers.meta_trainer | Ep [034/500] T-Acc: 100.0%  V-Acc:  40.0%  V-AUROC: 0.7500  LR: 1.00e-04
2026-06-29 14:40:42,277 | [META-RNW] | INFO | meta_classifier_renewed.model_trainers.meta_trainer | Ep [035/500] T-Acc: 100.0%  V-Acc:  40.0%  V-AUROC: 0.7500  LR: 1.00e-04
2026-06-29 14:40:42,664 | [META-RNW] | INFO | meta_classifier_renewed.model_trainers.meta_trainer | Ep [036/500] T-Acc: 100.0%  V-Acc:  60.0%  V-AUROC: 0.7500  LR: 1.00e-04
2026-06-29 14:40:43,049 | [META-RNW] | INFO | meta_classifier_renewed.model_trainers.meta_trainer | Ep [037/500] T-Acc: 100.0%  V-Acc:  60.0%  V-AUROC: 0.7083  LR: 1.00e-04
2026-06-29 14:40:43,447 | [META-RNW] | INFO | meta_classifier_renewed.model_trainers.meta_trainer | Ep [038/500] T-Acc: 100.0%  V-Acc:  60.0%  V-AUROC: 0.7083  LR: 1.00e-04
2026-06-29 14:40:43,864 | [META-RNW] | INFO | meta_classifier_renewed.model_trainers.meta_trainer | Ep [039/500] T-Acc: 100.0%  V-Acc:  60.0%  V-AUROC: 0.6250  LR: 1.00e-04
2026-06-29 14:40:44,296 | [META-RNW] | INFO | meta_classifier_renewed.model_trainers.meta_trainer | Ep [040/500] T-Acc: 100.0%  V-Acc:  60.0%  V-AUROC: 0.6250  LR: 1.00e-04
2026-06-29 14:40:44,723 | [META-RNW] | INFO | meta_classifier_renewed.model_trainers.meta_trainer | Ep [041/500] T-Acc: 100.0%  V-Acc:  60.0%  V-AUROC: 0.6250  LR: 1.00e-04
2026-06-29 14:40:45,125 | [META-RNW] | INFO | meta_classifier_renewed.model_trainers.meta_trainer | Ep [042/500] T-Acc: 100.0%  V-Acc:  60.0%  V-AUROC: 0.6250  LR: 2.00e-05
2026-06-29 14:40:45,549 | [META-RNW] | INFO | meta_classifier_renewed.model_trainers.meta_trainer | Ep [043/500] T-Acc: 100.0%  V-Acc:  60.0%  V-AUROC: 0.6667  LR: 2.00e-05
2026-06-29 14:40:45,967 | [META-RNW] | INFO | meta_classifier_renewed.model_trainers.meta_trainer | Ep [044/500] T-Acc: 100.0%  V-Acc:  60.0%  V-AUROC: 0.6667  LR: 2.00e-05
2026-06-29 14:40:46,377 | [META-RNW] | INFO | meta_classifier_renewed.model_trainers.meta_trainer | Ep [045/500] T-Acc: 100.0%  V-Acc:  60.0%  V-AUROC: 0.7083  LR: 2.00e-05
2026-06-29 14:40:46,758 | [META-RNW] | INFO | meta_classifier_renewed.model_trainers.meta_trainer | Ep [046/500] T-Acc: 100.0%  V-Acc:  60.0%  V-AUROC: 0.7083  LR: 2.00e-05
2026-06-29 14:40:47,168 | [META-RNW] | INFO | meta_classifier_renewed.model_trainers.meta_trainer | Ep [047/500] T-Acc: 100.0%  V-Acc:  60.0%  V-AUROC: 0.7500  LR: 2.00e-05
2026-06-29 14:40:47,635 | [META-RNW] | INFO | meta_classifier_renewed.model_trainers.meta_trainer | Ep [048/500] T-Acc: 100.0%  V-Acc:  60.0%  V-AUROC: 0.7500  LR: 2.00e-05
2026-06-29 14:40:48,014 | [META-RNW] | INFO | meta_classifier_renewed.model_trainers.meta_trainer | Ep [049/500] T-Acc: 100.0%  V-Acc:  60.0%  V-AUROC: 0.7500  LR: 2.00e-05
2026-06-29 14:40:48,379 | [META-RNW] | INFO | meta_classifier_renewed.model_trainers.meta_trainer | Ep [050/500] T-Acc: 100.0%  V-Acc:  50.0%  V-AUROC: 0.7500  LR: 2.00e-05
2026-06-29 14:40:48,740 | [META-RNW] | INFO | meta_classifier_renewed.model_trainers.meta_trainer | Ep [051/500] T-Acc: 100.0%  V-Acc:  50.0%  V-AUROC: 0.7500  LR: 2.00e-05
2026-06-29 14:40:49,154 | [META-RNW] | INFO | meta_classifier_renewed.model_trainers.meta_trainer | Ep [052/500] T-Acc: 100.0%  V-Acc:  50.0%  V-AUROC: 0.7500  LR: 2.00e-05
2026-06-29 14:40:49,553 | [META-RNW] | INFO | meta_classifier_renewed.model_trainers.meta_trainer | Ep [053/500] T-Acc: 100.0%  V-Acc:  50.0%  V-AUROC: 0.7500  LR: 4.00e-06
2026-06-29 14:40:49,947 | [META-RNW] | INFO | meta_classifier_renewed.model_trainers.meta_trainer | Ep [054/500] T-Acc: 100.0%  V-Acc:  50.0%  V-AUROC: 0.7500  LR: 4.00e-06
2026-06-29 14:40:50,364 | [META-RNW] | INFO | meta_classifier_renewed.model_trainers.meta_trainer | Ep [055/500] T-Acc: 100.0%  V-Acc:  50.0%  V-AUROC: 0.7500  LR: 4.00e-06
2026-06-29 14:40:50,791 | [META-RNW] | INFO | meta_classifier_renewed.model_trainers.meta_trainer | Ep [056/500] T-Acc: 100.0%  V-Acc:  50.0%  V-AUROC: 0.7500  LR: 4.00e-06
2026-06-29 14:40:51,204 | [META-RNW] | INFO | meta_classifier_renewed.model_trainers.meta_trainer | Ep [057/500] T-Acc: 100.0%  V-Acc:  50.0%  V-AUROC: 0.7500  LR: 4.00e-06
2026-06-29 14:40:51,611 | [META-RNW] | INFO | meta_classifier_renewed.model_trainers.meta_trainer | Ep [058/500] T-Acc: 100.0%  V-Acc:  50.0%  V-AUROC: 0.7500  LR: 4.00e-06
2026-06-29 14:40:52,034 | [META-RNW] | INFO | meta_classifier_renewed.model_trainers.meta_trainer | Ep [059/500] T-Acc: 100.0%  V-Acc:  50.0%  V-AUROC: 0.7500  LR: 4.00e-06
2026-06-29 14:40:52,456 | [META-RNW] | INFO | meta_classifier_renewed.model_trainers.meta_trainer | Ep [060/500] T-Acc: 100.0%  V-Acc:  50.0%  V-AUROC: 0.7500  LR: 4.00e-06
2026-06-29 14:40:52,457 | [META-RNW] | INFO | meta_classifier_renewed.model_trainers.meta_trainer | Early stop — best AUROC 0.7500 at epoch 30 (no improvement for 30 epochs)
2026-06-29 14:40:52,457 | [META-RNW] | INFO | meta_classifier_renewed.model_trainers.meta_trainer | Done. Best AUROC: 0.7500 (epoch 30)
2026-06-29 14:40:52,621 | [META-RNW] | INFO | meta_classifier_renewed.model_trainers.meta_trainer | Restored best-AUROC checkpoint into model (epoch 30, AUROC 0.7500).
2026-06-29 14:40:52,733 | [META-RNW] | INFO | meta_classifier_renewed.evaluators.monte_carlo_evaluator | -> Fold 08 Result | Acc=0.400 Sens=1.000 Spec=0.000 AUROC=0.750 (Fixed Threshold: 0.5)
2026-06-29 14:40:52,749 | [META-RNW] | INFO | meta_classifier_renewed.evaluators.monte_carlo_evaluator | === Fold 09/30 | train: 22 subj | test: 10 subj ===
2026-06-29 14:40:52,762 | [META-RNW] | INFO | meta_classifier_renewed.model_trainers.meta_trainer | Device: cuda | max_epochs=500 | batch=8 | es_patience=30 | lr=1e-04 | wd=1e-02
2026-06-29 14:40:52,763 | [META-RNW] | INFO | meta_classifier_renewed.model_trainers.meta_trainer | CE weights — HC: 1.222  MCI: 0.846
2026-06-29 14:40:53,232 | [META-RNW] | INFO | meta_classifier_renewed.model_trainers.meta_trainer | Ep [001/500] T-Acc:  40.9%  V-Acc:  50.0%  V-AUROC: 0.2800  LR: 2.00e-05
2026-06-29 14:40:53,336 | [META-RNW] | INFO | meta_classifier_renewed.model_trainers.meta_trainer |   ↳ new best AUROC; saved checkpoint: /home/leggo/AIResearch/VOGBasedMCIDetectionSystemMobileViTSingleExperimentInference/outputs/checkpoints/run_20260629_143830_meta_renewed/fold_08_best.pth
2026-06-29 14:40:53,720 | [META-RNW] | INFO | meta_classifier_renewed.model_trainers.meta_trainer | Ep [002/500] T-Acc:  40.9%  V-Acc:  50.0%  V-AUROC: 0.2800  LR: 4.00e-05
2026-06-29 14:40:54,124 | [META-RNW] | INFO | meta_classifier_renewed.model_trainers.meta_trainer | Ep [003/500] T-Acc:  59.1%  V-Acc:  40.0%  V-AUROC: 0.3200  LR: 6.00e-05
2026-06-29 14:40:54,234 | [META-RNW] | INFO | meta_classifier_renewed.model_trainers.meta_trainer |   ↳ new best AUROC; saved checkpoint: /home/leggo/AIResearch/VOGBasedMCIDetectionSystemMobileViTSingleExperimentInference/outputs/checkpoints/run_20260629_143830_meta_renewed/fold_08_best.pth
2026-06-29 14:40:54,648 | [META-RNW] | INFO | meta_classifier_renewed.model_trainers.meta_trainer | Ep [004/500] T-Acc:  45.5%  V-Acc:  50.0%  V-AUROC: 0.2800  LR: 8.00e-05
2026-06-29 14:40:55,065 | [META-RNW] | INFO | meta_classifier_renewed.model_trainers.meta_trainer | Ep [005/500] T-Acc:  59.1%  V-Acc:  50.0%  V-AUROC: 0.3200  LR: 1.00e-04
2026-06-29 14:40:55,481 | [META-RNW] | INFO | meta_classifier_renewed.model_trainers.meta_trainer | Ep [006/500] T-Acc:  50.0%  V-Acc:  40.0%  V-AUROC: 0.4000  LR: 1.00e-04
2026-06-29 14:40:55,592 | [META-RNW] | INFO | meta_classifier_renewed.model_trainers.meta_trainer |   ↳ new best AUROC; saved checkpoint: /home/leggo/AIResearch/VOGBasedMCIDetectionSystemMobileViTSingleExperimentInference/outputs/checkpoints/run_20260629_143830_meta_renewed/fold_08_best.pth
2026-06-29 14:40:55,978 | [META-RNW] | INFO | meta_classifier_renewed.model_trainers.meta_trainer | Ep [007/500] T-Acc:  50.0%  V-Acc:  50.0%  V-AUROC: 0.4000  LR: 1.00e-04
2026-06-29 14:40:56,388 | [META-RNW] | INFO | meta_classifier_renewed.model_trainers.meta_trainer | Ep [008/500] T-Acc:  54.5%  V-Acc:  50.0%  V-AUROC: 0.4400  LR: 1.00e-04
2026-06-29 14:40:56,500 | [META-RNW] | INFO | meta_classifier_renewed.model_trainers.meta_trainer |   ↳ new best AUROC; saved checkpoint: /home/leggo/AIResearch/VOGBasedMCIDetectionSystemMobileViTSingleExperimentInference/outputs/checkpoints/run_20260629_143830_meta_renewed/fold_08_best.pth
2026-06-29 14:40:56,876 | [META-RNW] | INFO | meta_classifier_renewed.model_trainers.meta_trainer | Ep [009/500] T-Acc:  54.5%  V-Acc:  40.0%  V-AUROC: 0.4000  LR: 1.00e-04
2026-06-29 14:40:57,268 | [META-RNW] | INFO | meta_classifier_renewed.model_trainers.meta_trainer | Ep [010/500] T-Acc:  86.4%  V-Acc:  40.0%  V-AUROC: 0.4400  LR: 1.00e-04
2026-06-29 14:40:57,661 | [META-RNW] | INFO | meta_classifier_renewed.model_trainers.meta_trainer | Ep [011/500] T-Acc:  36.4%  V-Acc:  40.0%  V-AUROC: 0.5600  LR: 1.00e-04
2026-06-29 14:40:57,772 | [META-RNW] | INFO | meta_classifier_renewed.model_trainers.meta_trainer |   ↳ new best AUROC; saved checkpoint: /home/leggo/AIResearch/VOGBasedMCIDetectionSystemMobileViTSingleExperimentInference/outputs/checkpoints/run_20260629_143830_meta_renewed/fold_08_best.pth
2026-06-29 14:40:58,170 | [META-RNW] | INFO | meta_classifier_renewed.model_trainers.meta_trainer | Ep [012/500] T-Acc:  54.5%  V-Acc:  50.0%  V-AUROC: 0.6000  LR: 1.00e-04
2026-06-29 14:40:58,286 | [META-RNW] | INFO | meta_classifier_renewed.model_trainers.meta_trainer |   ↳ new best AUROC; saved checkpoint: /home/leggo/AIResearch/VOGBasedMCIDetectionSystemMobileViTSingleExperimentInference/outputs/checkpoints/run_20260629_143830_meta_renewed/fold_08_best.pth
2026-06-29 14:40:58,736 | [META-RNW] | INFO | meta_classifier_renewed.model_trainers.meta_trainer | Ep [013/500] T-Acc:  68.2%  V-Acc:  60.0%  V-AUROC: 0.6000  LR: 1.00e-04
2026-06-29 14:40:59,188 | [META-RNW] | INFO | meta_classifier_renewed.model_trainers.meta_trainer | Ep [014/500] T-Acc:  77.3%  V-Acc:  60.0%  V-AUROC: 0.6400  LR: 1.00e-04
2026-06-29 14:40:59,302 | [META-RNW] | INFO | meta_classifier_renewed.model_trainers.meta_trainer |   ↳ new best AUROC; saved checkpoint: /home/leggo/AIResearch/VOGBasedMCIDetectionSystemMobileViTSingleExperimentInference/outputs/checkpoints/run_20260629_143830_meta_renewed/fold_08_best.pth
2026-06-29 14:40:59,750 | [META-RNW] | INFO | meta_classifier_renewed.model_trainers.meta_trainer | Ep [015/500] T-Acc:  59.1%  V-Acc:  60.0%  V-AUROC: 0.6800  LR: 1.00e-04
2026-06-29 14:40:59,868 | [META-RNW] | INFO | meta_classifier_renewed.model_trainers.meta_trainer |   ↳ new best AUROC; saved checkpoint: /home/leggo/AIResearch/VOGBasedMCIDetectionSystemMobileViTSingleExperimentInference/outputs/checkpoints/run_20260629_143830_meta_renewed/fold_08_best.pth
2026-06-29 14:41:00,296 | [META-RNW] | INFO | meta_classifier_renewed.model_trainers.meta_trainer | Ep [016/500] T-Acc:  68.2%  V-Acc:  50.0%  V-AUROC: 0.6800  LR: 1.00e-04
2026-06-29 14:41:00,745 | [META-RNW] | INFO | meta_classifier_renewed.model_trainers.meta_trainer | Ep [017/500] T-Acc:  81.8%  V-Acc:  40.0%  V-AUROC: 0.6400  LR: 1.00e-04
2026-06-29 14:41:01,203 | [META-RNW] | INFO | meta_classifier_renewed.model_trainers.meta_trainer | Ep [018/500] T-Acc:  68.2%  V-Acc:  40.0%  V-AUROC: 0.6400  LR: 1.00e-04
2026-06-29 14:41:01,621 | [META-RNW] | INFO | meta_classifier_renewed.model_trainers.meta_trainer | Ep [019/500] T-Acc:  86.4%  V-Acc:  50.0%  V-AUROC: 0.6000  LR: 1.00e-04
2026-06-29 14:41:02,034 | [META-RNW] | INFO | meta_classifier_renewed.model_trainers.meta_trainer | Ep [020/500] T-Acc:  77.3%  V-Acc:  60.0%  V-AUROC: 0.6000  LR: 1.00e-04
2026-06-29 14:41:02,411 | [META-RNW] | INFO | meta_classifier_renewed.model_trainers.meta_trainer | Ep [021/500] T-Acc:  86.4%  V-Acc:  60.0%  V-AUROC: 0.6000  LR: 1.00e-04
2026-06-29 14:41:02,777 | [META-RNW] | INFO | meta_classifier_renewed.model_trainers.meta_trainer | Ep [022/500] T-Acc:  63.6%  V-Acc:  60.0%  V-AUROC: 0.5600  LR: 1.00e-04
2026-06-29 14:41:03,229 | [META-RNW] | INFO | meta_classifier_renewed.model_trainers.meta_trainer | Ep [023/500] T-Acc:  77.3%  V-Acc:  50.0%  V-AUROC: 0.5600  LR: 1.00e-04
2026-06-29 14:41:03,640 | [META-RNW] | INFO | meta_classifier_renewed.model_trainers.meta_trainer | Ep [024/500] T-Acc:  86.4%  V-Acc:  40.0%  V-AUROC: 0.5600  LR: 1.00e-04
2026-06-29 14:41:04,043 | [META-RNW] | INFO | meta_classifier_renewed.model_trainers.meta_trainer | Ep [025/500] T-Acc:  86.4%  V-Acc:  40.0%  V-AUROC: 0.5600  LR: 1.00e-04
2026-06-29 14:41:04,445 | [META-RNW] | INFO | meta_classifier_renewed.model_trainers.meta_trainer | Ep [026/500] T-Acc:  81.8%  V-Acc:  40.0%  V-AUROC: 0.5600  LR: 1.00e-04
2026-06-29 14:41:04,859 | [META-RNW] | INFO | meta_classifier_renewed.model_trainers.meta_trainer | Ep [027/500] T-Acc:  86.4%  V-Acc:  40.0%  V-AUROC: 0.5600  LR: 2.00e-05
2026-06-29 14:41:05,287 | [META-RNW] | INFO | meta_classifier_renewed.model_trainers.meta_trainer | Ep [028/500] T-Acc:  81.8%  V-Acc:  50.0%  V-AUROC: 0.6000  LR: 2.00e-05
2026-06-29 14:41:05,749 | [META-RNW] | INFO | meta_classifier_renewed.model_trainers.meta_trainer | Ep [029/500] T-Acc:  90.9%  V-Acc:  50.0%  V-AUROC: 0.6000  LR: 2.00e-05
2026-06-29 14:41:06,169 | [META-RNW] | INFO | meta_classifier_renewed.model_trainers.meta_trainer | Ep [030/500] T-Acc:  77.3%  V-Acc:  50.0%  V-AUROC: 0.6000  LR: 2.00e-05
2026-06-29 14:41:06,565 | [META-RNW] | INFO | meta_classifier_renewed.model_trainers.meta_trainer | Ep [031/500] T-Acc: 100.0%  V-Acc:  50.0%  V-AUROC: 0.6000  LR: 2.00e-05
2026-06-29 14:41:06,987 | [META-RNW] | INFO | meta_classifier_renewed.model_trainers.meta_trainer | Ep [032/500] T-Acc:  95.5%  V-Acc:  50.0%  V-AUROC: 0.6000  LR: 2.00e-05
2026-06-29 14:41:07,423 | [META-RNW] | INFO | meta_classifier_renewed.model_trainers.meta_trainer | Ep [033/500] T-Acc:  86.4%  V-Acc:  50.0%  V-AUROC: 0.6000  LR: 2.00e-05
2026-06-29 14:41:07,850 | [META-RNW] | INFO | meta_classifier_renewed.model_trainers.meta_trainer | Ep [034/500] T-Acc:  86.4%  V-Acc:  50.0%  V-AUROC: 0.6000  LR: 2.00e-05
2026-06-29 14:41:08,245 | [META-RNW] | INFO | meta_classifier_renewed.model_trainers.meta_trainer | Ep [035/500] T-Acc:  86.4%  V-Acc:  50.0%  V-AUROC: 0.6000  LR: 2.00e-05
2026-06-29 14:41:08,691 | [META-RNW] | INFO | meta_classifier_renewed.model_trainers.meta_trainer | Ep [036/500] T-Acc:  81.8%  V-Acc:  50.0%  V-AUROC: 0.6000  LR: 2.00e-05
2026-06-29 14:41:09,093 | [META-RNW] | INFO | meta_classifier_renewed.model_trainers.meta_trainer | Ep [037/500] T-Acc:  95.5%  V-Acc:  50.0%  V-AUROC: 0.6400  LR: 2.00e-05
2026-06-29 14:41:09,484 | [META-RNW] | INFO | meta_classifier_renewed.model_trainers.meta_trainer | Ep [038/500] T-Acc:  95.5%  V-Acc:  50.0%  V-AUROC: 0.6000  LR: 4.00e-06
2026-06-29 14:41:09,876 | [META-RNW] | INFO | meta_classifier_renewed.model_trainers.meta_trainer | Ep [039/500] T-Acc:  95.5%  V-Acc:  50.0%  V-AUROC: 0.6400  LR: 4.00e-06
2026-06-29 14:41:10,262 | [META-RNW] | INFO | meta_classifier_renewed.model_trainers.meta_trainer | Ep [040/500] T-Acc:  95.5%  V-Acc:  50.0%  V-AUROC: 0.6400  LR: 4.00e-06
2026-06-29 14:41:10,666 | [META-RNW] | INFO | meta_classifier_renewed.model_trainers.meta_trainer | Ep [041/500] T-Acc:  86.4%  V-Acc:  50.0%  V-AUROC: 0.6400  LR: 4.00e-06
2026-06-29 14:41:11,120 | [META-RNW] | INFO | meta_classifier_renewed.model_trainers.meta_trainer | Ep [042/500] T-Acc:  81.8%  V-Acc:  50.0%  V-AUROC: 0.6400  LR: 4.00e-06
2026-06-29 14:41:11,536 | [META-RNW] | INFO | meta_classifier_renewed.model_trainers.meta_trainer | Ep [043/500] T-Acc:  90.9%  V-Acc:  50.0%  V-AUROC: 0.6400  LR: 4.00e-06
2026-06-29 14:41:11,937 | [META-RNW] | INFO | meta_classifier_renewed.model_trainers.meta_trainer | Ep [044/500] T-Acc:  90.9%  V-Acc:  50.0%  V-AUROC: 0.6400  LR: 4.00e-06
2026-06-29 14:41:12,354 | [META-RNW] | INFO | meta_classifier_renewed.model_trainers.meta_trainer | Ep [045/500] T-Acc:  95.5%  V-Acc:  50.0%  V-AUROC: 0.6400  LR: 4.00e-06
2026-06-29 14:41:12,355 | [META-RNW] | INFO | meta_classifier_renewed.model_trainers.meta_trainer | Early stop — best AUROC 0.6800 at epoch 15 (no improvement for 30 epochs)
2026-06-29 14:41:12,355 | [META-RNW] | INFO | meta_classifier_renewed.model_trainers.meta_trainer | Done. Best AUROC: 0.6800 (epoch 15)
2026-06-29 14:41:12,518 | [META-RNW] | INFO | meta_classifier_renewed.model_trainers.meta_trainer | Restored best-AUROC checkpoint into model (epoch 15, AUROC 0.6800).
2026-06-29 14:41:12,623 | [META-RNW] | INFO | meta_classifier_renewed.evaluators.monte_carlo_evaluator | -> Fold 09 Result | Acc=0.600 Sens=0.800 Spec=0.400 AUROC=0.640 (Fixed Threshold: 0.5)
2026-06-29 14:41:12,639 | [META-RNW] | INFO | meta_classifier_renewed.evaluators.monte_carlo_evaluator | === Fold 10/30 | train: 22 subj | test: 10 subj ===
2026-06-29 14:41:12,651 | [META-RNW] | INFO | meta_classifier_renewed.model_trainers.meta_trainer | Device: cuda | max_epochs=500 | batch=8 | es_patience=30 | lr=1e-04 | wd=1e-02
2026-06-29 14:41:12,652 | [META-RNW] | INFO | meta_classifier_renewed.model_trainers.meta_trainer | CE weights — HC: 1.375  MCI: 0.786
2026-06-29 14:41:13,103 | [META-RNW] | INFO | meta_classifier_renewed.model_trainers.meta_trainer | Ep [001/500] T-Acc:  45.5%  V-Acc:  60.0%  V-AUROC: 0.7500  LR: 2.00e-05
2026-06-29 14:41:13,204 | [META-RNW] | INFO | meta_classifier_renewed.model_trainers.meta_trainer |   ↳ new best AUROC; saved checkpoint: /home/leggo/AIResearch/VOGBasedMCIDetectionSystemMobileViTSingleExperimentInference/outputs/checkpoints/run_20260629_143830_meta_renewed/fold_09_best.pth
2026-06-29 14:41:13,672 | [META-RNW] | INFO | meta_classifier_renewed.model_trainers.meta_trainer | Ep [002/500] T-Acc:  50.0%  V-Acc:  60.0%  V-AUROC: 0.6250  LR: 4.00e-05
2026-06-29 14:41:14,130 | [META-RNW] | INFO | meta_classifier_renewed.model_trainers.meta_trainer | Ep [003/500] T-Acc:  63.6%  V-Acc:  40.0%  V-AUROC: 0.7083  LR: 6.00e-05
2026-06-29 14:41:14,556 | [META-RNW] | INFO | meta_classifier_renewed.model_trainers.meta_trainer | Ep [004/500] T-Acc:  68.2%  V-Acc:  40.0%  V-AUROC: 0.7083  LR: 8.00e-05
2026-06-29 14:41:14,982 | [META-RNW] | INFO | meta_classifier_renewed.model_trainers.meta_trainer | Ep [005/500] T-Acc:  59.1%  V-Acc:  50.0%  V-AUROC: 0.7083  LR: 1.00e-04
2026-06-29 14:41:15,379 | [META-RNW] | INFO | meta_classifier_renewed.model_trainers.meta_trainer | Ep [006/500] T-Acc:  72.7%  V-Acc:  50.0%  V-AUROC: 0.7500  LR: 1.00e-04
2026-06-29 14:41:15,492 | [META-RNW] | INFO | meta_classifier_renewed.model_trainers.meta_trainer |   ↳ new best AUROC; saved checkpoint: /home/leggo/AIResearch/VOGBasedMCIDetectionSystemMobileViTSingleExperimentInference/outputs/checkpoints/run_20260629_143830_meta_renewed/fold_09_best.pth
2026-06-29 14:41:15,887 | [META-RNW] | INFO | meta_classifier_renewed.model_trainers.meta_trainer | Ep [007/500] T-Acc:  59.1%  V-Acc:  40.0%  V-AUROC: 0.7500  LR: 1.00e-04
2026-06-29 14:41:16,313 | [META-RNW] | INFO | meta_classifier_renewed.model_trainers.meta_trainer | Ep [008/500] T-Acc:  54.5%  V-Acc:  40.0%  V-AUROC: 0.8750  LR: 1.00e-04
2026-06-29 14:41:16,423 | [META-RNW] | INFO | meta_classifier_renewed.model_trainers.meta_trainer |   ↳ new best AUROC; saved checkpoint: /home/leggo/AIResearch/VOGBasedMCIDetectionSystemMobileViTSingleExperimentInference/outputs/checkpoints/run_20260629_143830_meta_renewed/fold_09_best.pth
2026-06-29 14:41:16,827 | [META-RNW] | INFO | meta_classifier_renewed.model_trainers.meta_trainer | Ep [009/500] T-Acc:  50.0%  V-Acc:  60.0%  V-AUROC: 0.8333  LR: 1.00e-04
2026-06-29 14:41:17,252 | [META-RNW] | INFO | meta_classifier_renewed.model_trainers.meta_trainer | Ep [010/500] T-Acc:  54.5%  V-Acc:  60.0%  V-AUROC: 0.7500  LR: 1.00e-04
2026-06-29 14:41:17,665 | [META-RNW] | INFO | meta_classifier_renewed.model_trainers.meta_trainer | Ep [011/500] T-Acc:  59.1%  V-Acc:  60.0%  V-AUROC: 0.8333  LR: 1.00e-04
2026-06-29 14:41:18,060 | [META-RNW] | INFO | meta_classifier_renewed.model_trainers.meta_trainer | Ep [012/500] T-Acc:  72.7%  V-Acc:  50.0%  V-AUROC: 0.8333  LR: 1.00e-04
2026-06-29 14:41:18,461 | [META-RNW] | INFO | meta_classifier_renewed.model_trainers.meta_trainer | Ep [013/500] T-Acc:  81.8%  V-Acc:  60.0%  V-AUROC: 0.7917  LR: 1.00e-04
2026-06-29 14:41:18,814 | [META-RNW] | INFO | meta_classifier_renewed.model_trainers.meta_trainer | Ep [014/500] T-Acc:  77.3%  V-Acc:  60.0%  V-AUROC: 0.7500  LR: 1.00e-04
2026-06-29 14:41:19,183 | [META-RNW] | INFO | meta_classifier_renewed.model_trainers.meta_trainer | Ep [015/500] T-Acc:  90.9%  V-Acc:  50.0%  V-AUROC: 0.5833  LR: 1.00e-04
2026-06-29 14:41:19,587 | [META-RNW] | INFO | meta_classifier_renewed.model_trainers.meta_trainer | Ep [016/500] T-Acc:  81.8%  V-Acc:  50.0%  V-AUROC: 0.5000  LR: 1.00e-04
2026-06-29 14:41:20,020 | [META-RNW] | INFO | meta_classifier_renewed.model_trainers.meta_trainer | Ep [017/500] T-Acc: 100.0%  V-Acc:  60.0%  V-AUROC: 0.5000  LR: 1.00e-04
2026-06-29 14:41:20,456 | [META-RNW] | INFO | meta_classifier_renewed.model_trainers.meta_trainer | Ep [018/500] T-Acc:  95.5%  V-Acc:  30.0%  V-AUROC: 0.5000  LR: 1.00e-04
2026-06-29 14:41:20,896 | [META-RNW] | INFO | meta_classifier_renewed.model_trainers.meta_trainer | Ep [019/500] T-Acc:  95.5%  V-Acc:  50.0%  V-AUROC: 0.5000  LR: 1.00e-04
2026-06-29 14:41:21,316 | [META-RNW] | INFO | meta_classifier_renewed.model_trainers.meta_trainer | Ep [020/500] T-Acc:  95.5%  V-Acc:  50.0%  V-AUROC: 0.5000  LR: 2.00e-05
2026-06-29 14:41:21,765 | [META-RNW] | INFO | meta_classifier_renewed.model_trainers.meta_trainer | Ep [021/500] T-Acc:  95.5%  V-Acc:  50.0%  V-AUROC: 0.5000  LR: 2.00e-05
2026-06-29 14:41:22,209 | [META-RNW] | INFO | meta_classifier_renewed.model_trainers.meta_trainer | Ep [022/500] T-Acc:  95.5%  V-Acc:  50.0%  V-AUROC: 0.4583  LR: 2.00e-05
2026-06-29 14:41:22,638 | [META-RNW] | INFO | meta_classifier_renewed.model_trainers.meta_trainer | Ep [023/500] T-Acc: 100.0%  V-Acc:  40.0%  V-AUROC: 0.4583  LR: 2.00e-05
2026-06-29 14:41:23,100 | [META-RNW] | INFO | meta_classifier_renewed.model_trainers.meta_trainer | Ep [024/500] T-Acc:  95.5%  V-Acc:  30.0%  V-AUROC: 0.4167  LR: 2.00e-05
2026-06-29 14:41:23,556 | [META-RNW] | INFO | meta_classifier_renewed.model_trainers.meta_trainer | Ep [025/500] T-Acc:  95.5%  V-Acc:  30.0%  V-AUROC: 0.4167  LR: 2.00e-05
2026-06-29 14:41:23,997 | [META-RNW] | INFO | meta_classifier_renewed.model_trainers.meta_trainer | Ep [026/500] T-Acc:  90.9%  V-Acc:  30.0%  V-AUROC: 0.4167  LR: 2.00e-05
2026-06-29 14:41:24,398 | [META-RNW] | INFO | meta_classifier_renewed.model_trainers.meta_trainer | Ep [027/500] T-Acc: 100.0%  V-Acc:  40.0%  V-AUROC: 0.4167  LR: 2.00e-05
2026-06-29 14:41:24,797 | [META-RNW] | INFO | meta_classifier_renewed.model_trainers.meta_trainer | Ep [028/500] T-Acc: 100.0%  V-Acc:  40.0%  V-AUROC: 0.4167  LR: 2.00e-05
2026-06-29 14:41:25,197 | [META-RNW] | INFO | meta_classifier_renewed.model_trainers.meta_trainer | Ep [029/500] T-Acc:  95.5%  V-Acc:  40.0%  V-AUROC: 0.4167  LR: 2.00e-05
2026-06-29 14:41:25,617 | [META-RNW] | INFO | meta_classifier_renewed.model_trainers.meta_trainer | Ep [030/500] T-Acc: 100.0%  V-Acc:  40.0%  V-AUROC: 0.4167  LR: 2.00e-05
2026-06-29 14:41:26,004 | [META-RNW] | INFO | meta_classifier_renewed.model_trainers.meta_trainer | Ep [031/500] T-Acc:  95.5%  V-Acc:  40.0%  V-AUROC: 0.4167  LR: 4.00e-06
2026-06-29 14:41:26,406 | [META-RNW] | INFO | meta_classifier_renewed.model_trainers.meta_trainer | Ep [032/500] T-Acc: 100.0%  V-Acc:  40.0%  V-AUROC: 0.4167  LR: 4.00e-06
2026-06-29 14:41:26,794 | [META-RNW] | INFO | meta_classifier_renewed.model_trainers.meta_trainer | Ep [033/500] T-Acc: 100.0%  V-Acc:  40.0%  V-AUROC: 0.4167  LR: 4.00e-06
2026-06-29 14:41:27,163 | [META-RNW] | INFO | meta_classifier_renewed.model_trainers.meta_trainer | Ep [034/500] T-Acc: 100.0%  V-Acc:  40.0%  V-AUROC: 0.4167  LR: 4.00e-06
2026-06-29 14:41:27,533 | [META-RNW] | INFO | meta_classifier_renewed.model_trainers.meta_trainer | Ep [035/500] T-Acc:  95.5%  V-Acc:  40.0%  V-AUROC: 0.4167  LR: 4.00e-06
2026-06-29 14:41:27,911 | [META-RNW] | INFO | meta_classifier_renewed.model_trainers.meta_trainer | Ep [036/500] T-Acc: 100.0%  V-Acc:  40.0%  V-AUROC: 0.4167  LR: 4.00e-06
2026-06-29 14:41:28,308 | [META-RNW] | INFO | meta_classifier_renewed.model_trainers.meta_trainer | Ep [037/500] T-Acc: 100.0%  V-Acc:  40.0%  V-AUROC: 0.4167  LR: 4.00e-06
2026-06-29 14:41:28,708 | [META-RNW] | INFO | meta_classifier_renewed.model_trainers.meta_trainer | Ep [038/500] T-Acc: 100.0%  V-Acc:  40.0%  V-AUROC: 0.4167  LR: 4.00e-06
2026-06-29 14:41:28,709 | [META-RNW] | INFO | meta_classifier_renewed.model_trainers.meta_trainer | Early stop — best AUROC 0.8750 at epoch 8 (no improvement for 30 epochs)
2026-06-29 14:41:28,709 | [META-RNW] | INFO | meta_classifier_renewed.model_trainers.meta_trainer | Done. Best AUROC: 0.8750 (epoch 8)
2026-06-29 14:41:28,866 | [META-RNW] | INFO | meta_classifier_renewed.model_trainers.meta_trainer | Restored best-AUROC checkpoint into model (epoch 8, AUROC 0.8750).
2026-06-29 14:41:28,984 | [META-RNW] | INFO | meta_classifier_renewed.evaluators.monte_carlo_evaluator | -> Fold 10 Result | Acc=0.400 Sens=1.000 Spec=0.000 AUROC=0.875 (Fixed Threshold: 0.5)
2026-06-29 14:41:29,002 | [META-RNW] | INFO | meta_classifier_renewed.evaluators.monte_carlo_evaluator | === Fold 11/30 | train: 22 subj | test: 10 subj ===
2026-06-29 14:41:29,014 | [META-RNW] | INFO | meta_classifier_renewed.model_trainers.meta_trainer | Device: cuda | max_epochs=500 | batch=8 | es_patience=30 | lr=1e-04 | wd=1e-02
2026-06-29 14:41:29,015 | [META-RNW] | INFO | meta_classifier_renewed.model_trainers.meta_trainer | CE weights — HC: 1.000  MCI: 1.000
2026-06-29 14:41:29,446 | [META-RNW] | INFO | meta_classifier_renewed.model_trainers.meta_trainer | Ep [001/500] T-Acc:  59.1%  V-Acc:  30.0%  V-AUROC: 0.1429  LR: 2.00e-05
2026-06-29 14:41:29,542 | [META-RNW] | INFO | meta_classifier_renewed.model_trainers.meta_trainer |   ↳ new best AUROC; saved checkpoint: /home/leggo/AIResearch/VOGBasedMCIDetectionSystemMobileViTSingleExperimentInference/outputs/checkpoints/run_20260629_143830_meta_renewed/fold_10_best.pth
2026-06-29 14:41:29,925 | [META-RNW] | INFO | meta_classifier_renewed.model_trainers.meta_trainer | Ep [002/500] T-Acc:  54.5%  V-Acc:  10.0%  V-AUROC: 0.0000  LR: 4.00e-05
2026-06-29 14:41:30,336 | [META-RNW] | INFO | meta_classifier_renewed.model_trainers.meta_trainer | Ep [003/500] T-Acc:  50.0%  V-Acc:  30.0%  V-AUROC: 0.0476  LR: 6.00e-05
2026-06-29 14:41:30,738 | [META-RNW] | INFO | meta_classifier_renewed.model_trainers.meta_trainer | Ep [004/500] T-Acc:  72.7%  V-Acc:  20.0%  V-AUROC: 0.1905  LR: 8.00e-05
2026-06-29 14:41:30,848 | [META-RNW] | INFO | meta_classifier_renewed.model_trainers.meta_trainer |   ↳ new best AUROC; saved checkpoint: /home/leggo/AIResearch/VOGBasedMCIDetectionSystemMobileViTSingleExperimentInference/outputs/checkpoints/run_20260629_143830_meta_renewed/fold_10_best.pth
2026-06-29 14:41:31,261 | [META-RNW] | INFO | meta_classifier_renewed.model_trainers.meta_trainer | Ep [005/500] T-Acc:  59.1%  V-Acc:  40.0%  V-AUROC: 0.3333  LR: 1.00e-04
2026-06-29 14:41:31,373 | [META-RNW] | INFO | meta_classifier_renewed.model_trainers.meta_trainer |   ↳ new best AUROC; saved checkpoint: /home/leggo/AIResearch/VOGBasedMCIDetectionSystemMobileViTSingleExperimentInference/outputs/checkpoints/run_20260629_143830_meta_renewed/fold_10_best.pth
2026-06-29 14:41:31,783 | [META-RNW] | INFO | meta_classifier_renewed.model_trainers.meta_trainer | Ep [006/500] T-Acc:  81.8%  V-Acc:  30.0%  V-AUROC: 0.3810  LR: 1.00e-04
2026-06-29 14:41:31,952 | [META-RNW] | INFO | meta_classifier_renewed.model_trainers.meta_trainer |   ↳ new best AUROC; saved checkpoint: /home/leggo/AIResearch/VOGBasedMCIDetectionSystemMobileViTSingleExperimentInference/outputs/checkpoints/run_20260629_143830_meta_renewed/fold_10_best.pth
2026-06-29 14:41:32,375 | [META-RNW] | INFO | meta_classifier_renewed.model_trainers.meta_trainer | Ep [007/500] T-Acc:  40.9%  V-Acc:  30.0%  V-AUROC: 0.4762  LR: 1.00e-04
2026-06-29 14:41:32,488 | [META-RNW] | INFO | meta_classifier_renewed.model_trainers.meta_trainer |   ↳ new best AUROC; saved checkpoint: /home/leggo/AIResearch/VOGBasedMCIDetectionSystemMobileViTSingleExperimentInference/outputs/checkpoints/run_20260629_143830_meta_renewed/fold_10_best.pth
2026-06-29 14:41:32,924 | [META-RNW] | INFO | meta_classifier_renewed.model_trainers.meta_trainer | Ep [008/500] T-Acc:  59.1%  V-Acc:  30.0%  V-AUROC: 0.5238  LR: 1.00e-04
2026-06-29 14:41:33,158 | [META-RNW] | INFO | meta_classifier_renewed.model_trainers.meta_trainer |   ↳ new best AUROC; saved checkpoint: /home/leggo/AIResearch/VOGBasedMCIDetectionSystemMobileViTSingleExperimentInference/outputs/checkpoints/run_20260629_143830_meta_renewed/fold_10_best.pth
2026-06-29 14:41:33,613 | [META-RNW] | INFO | meta_classifier_renewed.model_trainers.meta_trainer | Ep [009/500] T-Acc:  77.3%  V-Acc:  60.0%  V-AUROC: 0.5714  LR: 1.00e-04
2026-06-29 14:41:33,735 | [META-RNW] | INFO | meta_classifier_renewed.model_trainers.meta_trainer |   ↳ new best AUROC; saved checkpoint: /home/leggo/AIResearch/VOGBasedMCIDetectionSystemMobileViTSingleExperimentInference/outputs/checkpoints/run_20260629_143830_meta_renewed/fold_10_best.pth
2026-06-29 14:41:34,131 | [META-RNW] | INFO | meta_classifier_renewed.model_trainers.meta_trainer | Ep [010/500] T-Acc:  68.2%  V-Acc:  70.0%  V-AUROC: 0.6190  LR: 1.00e-04
2026-06-29 14:41:34,307 | [META-RNW] | INFO | meta_classifier_renewed.model_trainers.meta_trainer |   ↳ new best AUROC; saved checkpoint: /home/leggo/AIResearch/VOGBasedMCIDetectionSystemMobileViTSingleExperimentInference/outputs/checkpoints/run_20260629_143830_meta_renewed/fold_10_best.pth
2026-06-29 14:41:34,695 | [META-RNW] | INFO | meta_classifier_renewed.model_trainers.meta_trainer | Ep [011/500] T-Acc:  50.0%  V-Acc:  60.0%  V-AUROC: 0.6190  LR: 1.00e-04
2026-06-29 14:41:35,039 | [META-RNW] | INFO | meta_classifier_renewed.model_trainers.meta_trainer | Ep [012/500] T-Acc:  68.2%  V-Acc:  30.0%  V-AUROC: 0.5714  LR: 1.00e-04
2026-06-29 14:41:35,376 | [META-RNW] | INFO | meta_classifier_renewed.model_trainers.meta_trainer | Ep [013/500] T-Acc:  68.2%  V-Acc:  30.0%  V-AUROC: 0.6190  LR: 1.00e-04
2026-06-29 14:41:35,727 | [META-RNW] | INFO | meta_classifier_renewed.model_trainers.meta_trainer | Ep [014/500] T-Acc:  86.4%  V-Acc:  30.0%  V-AUROC: 0.6190  LR: 1.00e-04
2026-06-29 14:41:36,084 | [META-RNW] | INFO | meta_classifier_renewed.model_trainers.meta_trainer | Ep [015/500] T-Acc:  77.3%  V-Acc:  30.0%  V-AUROC: 0.6190  LR: 1.00e-04
2026-06-29 14:41:36,466 | [META-RNW] | INFO | meta_classifier_renewed.model_trainers.meta_trainer | Ep [016/500] T-Acc:  81.8%  V-Acc:  30.0%  V-AUROC: 0.6190  LR: 1.00e-04
2026-06-29 14:41:36,878 | [META-RNW] | INFO | meta_classifier_renewed.model_trainers.meta_trainer | Ep [017/500] T-Acc:  81.8%  V-Acc:  30.0%  V-AUROC: 0.6190  LR: 1.00e-04
2026-06-29 14:41:37,292 | [META-RNW] | INFO | meta_classifier_renewed.model_trainers.meta_trainer | Ep [018/500] T-Acc:  68.2%  V-Acc:  30.0%  V-AUROC: 0.6190  LR: 1.00e-04
2026-06-29 14:41:37,694 | [META-RNW] | INFO | meta_classifier_renewed.model_trainers.meta_trainer | Ep [019/500] T-Acc:  86.4%  V-Acc:  30.0%  V-AUROC: 0.6190  LR: 1.00e-04
2026-06-29 14:41:38,085 | [META-RNW] | INFO | meta_classifier_renewed.model_trainers.meta_trainer | Ep [020/500] T-Acc:  90.9%  V-Acc:  30.0%  V-AUROC: 0.6190  LR: 1.00e-04
2026-06-29 14:41:38,432 | [META-RNW] | INFO | meta_classifier_renewed.model_trainers.meta_trainer | Ep [021/500] T-Acc:  95.5%  V-Acc:  40.0%  V-AUROC: 0.6190  LR: 1.00e-04
2026-06-29 14:41:38,800 | [META-RNW] | INFO | meta_classifier_renewed.model_trainers.meta_trainer | Ep [022/500] T-Acc:  95.5%  V-Acc:  40.0%  V-AUROC: 0.6190  LR: 2.00e-05
2026-06-29 14:41:39,212 | [META-RNW] | INFO | meta_classifier_renewed.model_trainers.meta_trainer | Ep [023/500] T-Acc:  86.4%  V-Acc:  40.0%  V-AUROC: 0.6190  LR: 2.00e-05
2026-06-29 14:41:39,590 | [META-RNW] | INFO | meta_classifier_renewed.model_trainers.meta_trainer | Ep [024/500] T-Acc:  86.4%  V-Acc:  40.0%  V-AUROC: 0.6190  LR: 2.00e-05
2026-06-29 14:41:39,960 | [META-RNW] | INFO | meta_classifier_renewed.model_trainers.meta_trainer | Ep [025/500] T-Acc:  90.9%  V-Acc:  30.0%  V-AUROC: 0.6190  LR: 2.00e-05
2026-06-29 14:41:40,369 | [META-RNW] | INFO | meta_classifier_renewed.model_trainers.meta_trainer | Ep [026/500] T-Acc:  95.5%  V-Acc:  30.0%  V-AUROC: 0.6190  LR: 2.00e-05
2026-06-29 14:41:40,806 | [META-RNW] | INFO | meta_classifier_renewed.model_trainers.meta_trainer | Ep [027/500] T-Acc:  95.5%  V-Acc:  30.0%  V-AUROC: 0.6190  LR: 2.00e-05
2026-06-29 14:41:41,241 | [META-RNW] | INFO | meta_classifier_renewed.model_trainers.meta_trainer | Ep [028/500] T-Acc:  81.8%  V-Acc:  30.0%  V-AUROC: 0.6190  LR: 2.00e-05
2026-06-29 14:41:41,631 | [META-RNW] | INFO | meta_classifier_renewed.model_trainers.meta_trainer | Ep [029/500] T-Acc:  95.5%  V-Acc:  30.0%  V-AUROC: 0.6190  LR: 2.00e-05
2026-06-29 14:41:42,011 | [META-RNW] | INFO | meta_classifier_renewed.model_trainers.meta_trainer | Ep [030/500] T-Acc:  90.9%  V-Acc:  30.0%  V-AUROC: 0.6190  LR: 2.00e-05
2026-06-29 14:41:42,422 | [META-RNW] | INFO | meta_classifier_renewed.model_trainers.meta_trainer | Ep [031/500] T-Acc:  95.5%  V-Acc:  30.0%  V-AUROC: 0.6190  LR: 2.00e-05
2026-06-29 14:41:42,839 | [META-RNW] | INFO | meta_classifier_renewed.model_trainers.meta_trainer | Ep [032/500] T-Acc:  86.4%  V-Acc:  30.0%  V-AUROC: 0.6190  LR: 2.00e-05
2026-06-29 14:41:43,250 | [META-RNW] | INFO | meta_classifier_renewed.model_trainers.meta_trainer | Ep [033/500] T-Acc:  95.5%  V-Acc:  30.0%  V-AUROC: 0.6190  LR: 4.00e-06
2026-06-29 14:41:43,667 | [META-RNW] | INFO | meta_classifier_renewed.model_trainers.meta_trainer | Ep [034/500] T-Acc:  86.4%  V-Acc:  30.0%  V-AUROC: 0.6190  LR: 4.00e-06
2026-06-29 14:41:44,068 | [META-RNW] | INFO | meta_classifier_renewed.model_trainers.meta_trainer | Ep [035/500] T-Acc:  95.5%  V-Acc:  30.0%  V-AUROC: 0.6190  LR: 4.00e-06
2026-06-29 14:41:44,442 | [META-RNW] | INFO | meta_classifier_renewed.model_trainers.meta_trainer | Ep [036/500] T-Acc:  95.5%  V-Acc:  30.0%  V-AUROC: 0.6190  LR: 4.00e-06
2026-06-29 14:41:44,843 | [META-RNW] | INFO | meta_classifier_renewed.model_trainers.meta_trainer | Ep [037/500] T-Acc:  95.5%  V-Acc:  30.0%  V-AUROC: 0.6190  LR: 4.00e-06
2026-06-29 14:41:45,244 | [META-RNW] | INFO | meta_classifier_renewed.model_trainers.meta_trainer | Ep [038/500] T-Acc:  95.5%  V-Acc:  30.0%  V-AUROC: 0.6190  LR: 4.00e-06
2026-06-29 14:41:45,664 | [META-RNW] | INFO | meta_classifier_renewed.model_trainers.meta_trainer | Ep [039/500] T-Acc:  95.5%  V-Acc:  30.0%  V-AUROC: 0.6190  LR: 4.00e-06
2026-06-29 14:41:46,038 | [META-RNW] | INFO | meta_classifier_renewed.model_trainers.meta_trainer | Ep [040/500] T-Acc:  90.9%  V-Acc:  30.0%  V-AUROC: 0.6190  LR: 4.00e-06
2026-06-29 14:41:46,038 | [META-RNW] | INFO | meta_classifier_renewed.model_trainers.meta_trainer | Early stop — best AUROC 0.6190 at epoch 10 (no improvement for 30 epochs)
2026-06-29 14:41:46,038 | [META-RNW] | INFO | meta_classifier_renewed.model_trainers.meta_trainer | Done. Best AUROC: 0.6190 (epoch 10)
2026-06-29 14:41:46,196 | [META-RNW] | INFO | meta_classifier_renewed.model_trainers.meta_trainer | Restored best-AUROC checkpoint into model (epoch 10, AUROC 0.6190).
2026-06-29 14:41:46,295 | [META-RNW] | INFO | meta_classifier_renewed.evaluators.monte_carlo_evaluator | -> Fold 11 Result | Acc=0.700 Sens=0.714 Spec=0.667 AUROC=0.619 (Fixed Threshold: 0.5)
2026-06-29 14:41:46,311 | [META-RNW] | INFO | meta_classifier_renewed.evaluators.monte_carlo_evaluator | === Fold 12/30 | train: 22 subj | test: 10 subj ===
2026-06-29 14:41:46,325 | [META-RNW] | INFO | meta_classifier_renewed.model_trainers.meta_trainer | Device: cuda | max_epochs=500 | batch=8 | es_patience=30 | lr=1e-04 | wd=1e-02
2026-06-29 14:41:46,326 | [META-RNW] | INFO | meta_classifier_renewed.model_trainers.meta_trainer | CE weights — HC: 1.222  MCI: 0.846
2026-06-29 14:41:46,728 | [META-RNW] | INFO | meta_classifier_renewed.model_trainers.meta_trainer | Ep [001/500] T-Acc:  50.0%  V-Acc:  50.0%  V-AUROC: 0.6000  LR: 2.00e-05
2026-06-29 14:41:46,825 | [META-RNW] | INFO | meta_classifier_renewed.model_trainers.meta_trainer |   ↳ new best AUROC; saved checkpoint: /home/leggo/AIResearch/VOGBasedMCIDetectionSystemMobileViTSingleExperimentInference/outputs/checkpoints/run_20260629_143830_meta_renewed/fold_11_best.pth
2026-06-29 14:41:47,201 | [META-RNW] | INFO | meta_classifier_renewed.model_trainers.meta_trainer | Ep [002/500] T-Acc:  63.6%  V-Acc:  50.0%  V-AUROC: 0.6000  LR: 4.00e-05
2026-06-29 14:41:47,603 | [META-RNW] | INFO | meta_classifier_renewed.model_trainers.meta_trainer | Ep [003/500] T-Acc:  50.0%  V-Acc:  50.0%  V-AUROC: 0.6400  LR: 6.00e-05
2026-06-29 14:41:47,710 | [META-RNW] | INFO | meta_classifier_renewed.model_trainers.meta_trainer |   ↳ new best AUROC; saved checkpoint: /home/leggo/AIResearch/VOGBasedMCIDetectionSystemMobileViTSingleExperimentInference/outputs/checkpoints/run_20260629_143830_meta_renewed/fold_11_best.pth
2026-06-29 14:41:48,094 | [META-RNW] | INFO | meta_classifier_renewed.model_trainers.meta_trainer | Ep [004/500] T-Acc:  54.5%  V-Acc:  70.0%  V-AUROC: 0.7200  LR: 8.00e-05
2026-06-29 14:41:48,242 | [META-RNW] | INFO | meta_classifier_renewed.model_trainers.meta_trainer |   ↳ new best AUROC; saved checkpoint: /home/leggo/AIResearch/VOGBasedMCIDetectionSystemMobileViTSingleExperimentInference/outputs/checkpoints/run_20260629_143830_meta_renewed/fold_11_best.pth
2026-06-29 14:41:48,665 | [META-RNW] | INFO | meta_classifier_renewed.model_trainers.meta_trainer | Ep [005/500] T-Acc:  27.3%  V-Acc:  80.0%  V-AUROC: 0.8000  LR: 1.00e-04
2026-06-29 14:41:48,810 | [META-RNW] | INFO | meta_classifier_renewed.model_trainers.meta_trainer |   ↳ new best AUROC; saved checkpoint: /home/leggo/AIResearch/VOGBasedMCIDetectionSystemMobileViTSingleExperimentInference/outputs/checkpoints/run_20260629_143830_meta_renewed/fold_11_best.pth
2026-06-29 14:41:49,265 | [META-RNW] | INFO | meta_classifier_renewed.model_trainers.meta_trainer | Ep [006/500] T-Acc:  54.5%  V-Acc:  70.0%  V-AUROC: 0.8000  LR: 1.00e-04
2026-06-29 14:41:49,706 | [META-RNW] | INFO | meta_classifier_renewed.model_trainers.meta_trainer | Ep [007/500] T-Acc:  50.0%  V-Acc:  50.0%  V-AUROC: 0.7600  LR: 1.00e-04
2026-06-29 14:41:50,151 | [META-RNW] | INFO | meta_classifier_renewed.model_trainers.meta_trainer | Ep [008/500] T-Acc:  63.6%  V-Acc:  50.0%  V-AUROC: 0.7200  LR: 1.00e-04
2026-06-29 14:41:50,567 | [META-RNW] | INFO | meta_classifier_renewed.model_trainers.meta_trainer | Ep [009/500] T-Acc:  63.6%  V-Acc:  50.0%  V-AUROC: 0.7200  LR: 1.00e-04
2026-06-29 14:41:50,956 | [META-RNW] | INFO | meta_classifier_renewed.model_trainers.meta_trainer | Ep [010/500] T-Acc:  72.7%  V-Acc:  40.0%  V-AUROC: 0.7200  LR: 1.00e-04
2026-06-29 14:41:51,351 | [META-RNW] | INFO | meta_classifier_renewed.model_trainers.meta_trainer | Ep [011/500] T-Acc:  59.1%  V-Acc:  40.0%  V-AUROC: 0.7200  LR: 1.00e-04
2026-06-29 14:41:51,754 | [META-RNW] | INFO | meta_classifier_renewed.model_trainers.meta_trainer | Ep [012/500] T-Acc:  59.1%  V-Acc:  70.0%  V-AUROC: 0.6800  LR: 1.00e-04
2026-06-29 14:41:52,150 | [META-RNW] | INFO | meta_classifier_renewed.model_trainers.meta_trainer | Ep [013/500] T-Acc:  59.1%  V-Acc:  50.0%  V-AUROC: 0.5200  LR: 1.00e-04
2026-06-29 14:41:52,547 | [META-RNW] | INFO | meta_classifier_renewed.model_trainers.meta_trainer | Ep [014/500] T-Acc:  54.5%  V-Acc:  50.0%  V-AUROC: 0.5200  LR: 1.00e-04
2026-06-29 14:41:52,963 | [META-RNW] | INFO | meta_classifier_renewed.model_trainers.meta_trainer | Ep [015/500] T-Acc:  59.1%  V-Acc:  60.0%  V-AUROC: 0.5200  LR: 1.00e-04
2026-06-29 14:41:53,383 | [META-RNW] | INFO | meta_classifier_renewed.model_trainers.meta_trainer | Ep [016/500] T-Acc:  63.6%  V-Acc:  50.0%  V-AUROC: 0.5200  LR: 1.00e-04
2026-06-29 14:41:53,818 | [META-RNW] | INFO | meta_classifier_renewed.model_trainers.meta_trainer | Ep [017/500] T-Acc:  86.4%  V-Acc:  40.0%  V-AUROC: 0.5200  LR: 1.00e-04
2026-06-29 14:41:54,226 | [META-RNW] | INFO | meta_classifier_renewed.model_trainers.meta_trainer | Ep [018/500] T-Acc:  68.2%  V-Acc:  40.0%  V-AUROC: 0.5200  LR: 2.00e-05
2026-06-29 14:41:54,627 | [META-RNW] | INFO | meta_classifier_renewed.model_trainers.meta_trainer | Ep [019/500] T-Acc:  50.0%  V-Acc:  50.0%  V-AUROC: 0.5200  LR: 2.00e-05
2026-06-29 14:41:55,032 | [META-RNW] | INFO | meta_classifier_renewed.model_trainers.meta_trainer | Ep [020/500] T-Acc:  77.3%  V-Acc:  60.0%  V-AUROC: 0.5600  LR: 2.00e-05
2026-06-29 14:41:55,440 | [META-RNW] | INFO | meta_classifier_renewed.model_trainers.meta_trainer | Ep [021/500] T-Acc:  72.7%  V-Acc:  60.0%  V-AUROC: 0.5600  LR: 2.00e-05
2026-06-29 14:41:55,836 | [META-RNW] | INFO | meta_classifier_renewed.model_trainers.meta_trainer | Ep [022/500] T-Acc:  68.2%  V-Acc:  60.0%  V-AUROC: 0.5600  LR: 2.00e-05
2026-06-29 14:41:56,216 | [META-RNW] | INFO | meta_classifier_renewed.model_trainers.meta_trainer | Ep [023/500] T-Acc:  81.8%  V-Acc:  60.0%  V-AUROC: 0.5600  LR: 2.00e-05
2026-06-29 14:41:56,581 | [META-RNW] | INFO | meta_classifier_renewed.model_trainers.meta_trainer | Ep [024/500] T-Acc:  77.3%  V-Acc:  60.0%  V-AUROC: 0.5200  LR: 2.00e-05
2026-06-29 14:41:56,940 | [META-RNW] | INFO | meta_classifier_renewed.model_trainers.meta_trainer | Ep [025/500] T-Acc:  77.3%  V-Acc:  60.0%  V-AUROC: 0.4800  LR: 2.00e-05
2026-06-29 14:41:57,309 | [META-RNW] | INFO | meta_classifier_renewed.model_trainers.meta_trainer | Ep [026/500] T-Acc:  81.8%  V-Acc:  60.0%  V-AUROC: 0.4800  LR: 2.00e-05
2026-06-29 14:41:57,697 | [META-RNW] | INFO | meta_classifier_renewed.model_trainers.meta_trainer | Ep [027/500] T-Acc:  81.8%  V-Acc:  60.0%  V-AUROC: 0.4800  LR: 2.00e-05
2026-06-29 14:41:58,094 | [META-RNW] | INFO | meta_classifier_renewed.model_trainers.meta_trainer | Ep [028/500] T-Acc:  95.5%  V-Acc:  60.0%  V-AUROC: 0.4800  LR: 2.00e-05
2026-06-29 14:41:58,477 | [META-RNW] | INFO | meta_classifier_renewed.model_trainers.meta_trainer | Ep [029/500] T-Acc:  68.2%  V-Acc:  60.0%  V-AUROC: 0.4800  LR: 4.00e-06
2026-06-29 14:41:58,860 | [META-RNW] | INFO | meta_classifier_renewed.model_trainers.meta_trainer | Ep [030/500] T-Acc:  86.4%  V-Acc:  60.0%  V-AUROC: 0.4800  LR: 4.00e-06
2026-06-29 14:41:59,296 | [META-RNW] | INFO | meta_classifier_renewed.model_trainers.meta_trainer | Ep [031/500] T-Acc:  77.3%  V-Acc:  60.0%  V-AUROC: 0.4800  LR: 4.00e-06
2026-06-29 14:41:59,731 | [META-RNW] | INFO | meta_classifier_renewed.model_trainers.meta_trainer | Ep [032/500] T-Acc:  86.4%  V-Acc:  60.0%  V-AUROC: 0.4800  LR: 4.00e-06
2026-06-29 14:42:00,127 | [META-RNW] | INFO | meta_classifier_renewed.model_trainers.meta_trainer | Ep [033/500] T-Acc:  72.7%  V-Acc:  60.0%  V-AUROC: 0.4800  LR: 4.00e-06
2026-06-29 14:42:00,468 | [META-RNW] | INFO | meta_classifier_renewed.model_trainers.meta_trainer | Ep [034/500] T-Acc:  81.8%  V-Acc:  60.0%  V-AUROC: 0.4800  LR: 4.00e-06
2026-06-29 14:42:00,809 | [META-RNW] | INFO | meta_classifier_renewed.model_trainers.meta_trainer | Ep [035/500] T-Acc:  81.8%  V-Acc:  60.0%  V-AUROC: 0.4800  LR: 4.00e-06
2026-06-29 14:42:00,810 | [META-RNW] | INFO | meta_classifier_renewed.model_trainers.meta_trainer | Early stop — best AUROC 0.8000 at epoch 5 (no improvement for 30 epochs)
2026-06-29 14:42:00,810 | [META-RNW] | INFO | meta_classifier_renewed.model_trainers.meta_trainer | Done. Best AUROC: 0.8000 (epoch 5)
2026-06-29 14:42:00,967 | [META-RNW] | INFO | meta_classifier_renewed.model_trainers.meta_trainer | Restored best-AUROC checkpoint into model (epoch 5, AUROC 0.8000).
2026-06-29 14:42:01,067 | [META-RNW] | INFO | meta_classifier_renewed.evaluators.monte_carlo_evaluator | -> Fold 12 Result | Acc=0.800 Sens=0.600 Spec=1.000 AUROC=0.800 (Fixed Threshold: 0.5)
2026-06-29 14:42:01,084 | [META-RNW] | INFO | meta_classifier_renewed.evaluators.monte_carlo_evaluator | === Fold 13/30 | train: 22 subj | test: 10 subj ===
2026-06-29 14:42:01,098 | [META-RNW] | INFO | meta_classifier_renewed.model_trainers.meta_trainer | Device: cuda | max_epochs=500 | batch=8 | es_patience=30 | lr=1e-04 | wd=1e-02
2026-06-29 14:42:01,100 | [META-RNW] | INFO | meta_classifier_renewed.model_trainers.meta_trainer | CE weights — HC: 1.100  MCI: 0.917
2026-06-29 14:42:01,516 | [META-RNW] | INFO | meta_classifier_renewed.model_trainers.meta_trainer | Ep [001/500] T-Acc:  50.0%  V-Acc:  40.0%  V-AUROC: 0.3333  LR: 2.00e-05
2026-06-29 14:42:01,616 | [META-RNW] | INFO | meta_classifier_renewed.model_trainers.meta_trainer |   ↳ new best AUROC; saved checkpoint: /home/leggo/AIResearch/VOGBasedMCIDetectionSystemMobileViTSingleExperimentInference/outputs/checkpoints/run_20260629_143830_meta_renewed/fold_12_best.pth
2026-06-29 14:42:01,994 | [META-RNW] | INFO | meta_classifier_renewed.model_trainers.meta_trainer | Ep [002/500] T-Acc:  45.5%  V-Acc:  40.0%  V-AUROC: 0.3750  LR: 4.00e-05
2026-06-29 14:42:02,099 | [META-RNW] | INFO | meta_classifier_renewed.model_trainers.meta_trainer |   ↳ new best AUROC; saved checkpoint: /home/leggo/AIResearch/VOGBasedMCIDetectionSystemMobileViTSingleExperimentInference/outputs/checkpoints/run_20260629_143830_meta_renewed/fold_12_best.pth
2026-06-29 14:42:02,495 | [META-RNW] | INFO | meta_classifier_renewed.model_trainers.meta_trainer | Ep [003/500] T-Acc:  50.0%  V-Acc:  50.0%  V-AUROC: 0.4583  LR: 6.00e-05
2026-06-29 14:42:02,602 | [META-RNW] | INFO | meta_classifier_renewed.model_trainers.meta_trainer |   ↳ new best AUROC; saved checkpoint: /home/leggo/AIResearch/VOGBasedMCIDetectionSystemMobileViTSingleExperimentInference/outputs/checkpoints/run_20260629_143830_meta_renewed/fold_12_best.pth
2026-06-29 14:42:03,034 | [META-RNW] | INFO | meta_classifier_renewed.model_trainers.meta_trainer | Ep [004/500] T-Acc:  59.1%  V-Acc:  60.0%  V-AUROC: 0.5000  LR: 8.00e-05
2026-06-29 14:42:03,146 | [META-RNW] | INFO | meta_classifier_renewed.model_trainers.meta_trainer |   ↳ new best AUROC; saved checkpoint: /home/leggo/AIResearch/VOGBasedMCIDetectionSystemMobileViTSingleExperimentInference/outputs/checkpoints/run_20260629_143830_meta_renewed/fold_12_best.pth
2026-06-29 14:42:03,593 | [META-RNW] | INFO | meta_classifier_renewed.model_trainers.meta_trainer | Ep [005/500] T-Acc:  50.0%  V-Acc:  50.0%  V-AUROC: 0.5000  LR: 1.00e-04
2026-06-29 14:42:04,051 | [META-RNW] | INFO | meta_classifier_renewed.model_trainers.meta_trainer | Ep [006/500] T-Acc:  72.7%  V-Acc:  40.0%  V-AUROC: 0.5417  LR: 1.00e-04
2026-06-29 14:42:04,165 | [META-RNW] | INFO | meta_classifier_renewed.model_trainers.meta_trainer |   ↳ new best AUROC; saved checkpoint: /home/leggo/AIResearch/VOGBasedMCIDetectionSystemMobileViTSingleExperimentInference/outputs/checkpoints/run_20260629_143830_meta_renewed/fold_12_best.pth
2026-06-29 14:42:04,592 | [META-RNW] | INFO | meta_classifier_renewed.model_trainers.meta_trainer | Ep [007/500] T-Acc:  45.5%  V-Acc:  40.0%  V-AUROC: 0.5417  LR: 1.00e-04
2026-06-29 14:42:05,014 | [META-RNW] | INFO | meta_classifier_renewed.model_trainers.meta_trainer | Ep [008/500] T-Acc:  68.2%  V-Acc:  60.0%  V-AUROC: 0.5000  LR: 1.00e-04
2026-06-29 14:42:05,455 | [META-RNW] | INFO | meta_classifier_renewed.model_trainers.meta_trainer | Ep [009/500] T-Acc:  72.7%  V-Acc:  60.0%  V-AUROC: 0.4167  LR: 1.00e-04
2026-06-29 14:42:05,897 | [META-RNW] | INFO | meta_classifier_renewed.model_trainers.meta_trainer | Ep [010/500] T-Acc:  81.8%  V-Acc:  60.0%  V-AUROC: 0.3750  LR: 1.00e-04
2026-06-29 14:42:06,323 | [META-RNW] | INFO | meta_classifier_renewed.model_trainers.meta_trainer | Ep [011/500] T-Acc:  59.1%  V-Acc:  60.0%  V-AUROC: 0.4583  LR: 1.00e-04
2026-06-29 14:42:06,729 | [META-RNW] | INFO | meta_classifier_renewed.model_trainers.meta_trainer | Ep [012/500] T-Acc:  63.6%  V-Acc:  70.0%  V-AUROC: 0.4583  LR: 1.00e-04
2026-06-29 14:42:07,125 | [META-RNW] | INFO | meta_classifier_renewed.model_trainers.meta_trainer | Ep [013/500] T-Acc:  50.0%  V-Acc:  70.0%  V-AUROC: 0.5000  LR: 1.00e-04
2026-06-29 14:42:07,541 | [META-RNW] | INFO | meta_classifier_renewed.model_trainers.meta_trainer | Ep [014/500] T-Acc:  77.3%  V-Acc:  60.0%  V-AUROC: 0.4583  LR: 1.00e-04
2026-06-29 14:42:07,961 | [META-RNW] | INFO | meta_classifier_renewed.model_trainers.meta_trainer | Ep [015/500] T-Acc:  68.2%  V-Acc:  60.0%  V-AUROC: 0.4583  LR: 1.00e-04
2026-06-29 14:42:08,428 | [META-RNW] | INFO | meta_classifier_renewed.model_trainers.meta_trainer | Ep [016/500] T-Acc:  77.3%  V-Acc:  70.0%  V-AUROC: 0.5000  LR: 1.00e-04
2026-06-29 14:42:08,893 | [META-RNW] | INFO | meta_classifier_renewed.model_trainers.meta_trainer | Ep [017/500] T-Acc:  68.2%  V-Acc:  40.0%  V-AUROC: 0.4583  LR: 1.00e-04
2026-06-29 14:42:09,319 | [META-RNW] | INFO | meta_classifier_renewed.model_trainers.meta_trainer | Ep [018/500] T-Acc:  81.8%  V-Acc:  40.0%  V-AUROC: 0.4583  LR: 2.00e-05
2026-06-29 14:42:09,767 | [META-RNW] | INFO | meta_classifier_renewed.model_trainers.meta_trainer | Ep [019/500] T-Acc:  72.7%  V-Acc:  40.0%  V-AUROC: 0.4583  LR: 2.00e-05
2026-06-29 14:42:10,191 | [META-RNW] | INFO | meta_classifier_renewed.model_trainers.meta_trainer | Ep [020/500] T-Acc:  68.2%  V-Acc:  40.0%  V-AUROC: 0.4583  LR: 2.00e-05
2026-06-29 14:42:10,605 | [META-RNW] | INFO | meta_classifier_renewed.model_trainers.meta_trainer | Ep [021/500] T-Acc:  77.3%  V-Acc:  50.0%  V-AUROC: 0.4583  LR: 2.00e-05
2026-06-29 14:42:11,041 | [META-RNW] | INFO | meta_classifier_renewed.model_trainers.meta_trainer | Ep [022/500] T-Acc:  81.8%  V-Acc:  50.0%  V-AUROC: 0.5000  LR: 2.00e-05
2026-06-29 14:42:11,445 | [META-RNW] | INFO | meta_classifier_renewed.model_trainers.meta_trainer | Ep [023/500] T-Acc:  72.7%  V-Acc:  60.0%  V-AUROC: 0.5000  LR: 2.00e-05
2026-06-29 14:42:11,851 | [META-RNW] | INFO | meta_classifier_renewed.model_trainers.meta_trainer | Ep [024/500] T-Acc:  86.4%  V-Acc:  70.0%  V-AUROC: 0.5000  LR: 2.00e-05
2026-06-29 14:42:12,235 | [META-RNW] | INFO | meta_classifier_renewed.model_trainers.meta_trainer | Ep [025/500] T-Acc:  86.4%  V-Acc:  70.0%  V-AUROC: 0.5000  LR: 2.00e-05
2026-06-29 14:42:12,641 | [META-RNW] | INFO | meta_classifier_renewed.model_trainers.meta_trainer | Ep [026/500] T-Acc:  86.4%  V-Acc:  70.0%  V-AUROC: 0.5000  LR: 2.00e-05
2026-06-29 14:42:13,064 | [META-RNW] | INFO | meta_classifier_renewed.model_trainers.meta_trainer | Ep [027/500] T-Acc:  77.3%  V-Acc:  70.0%  V-AUROC: 0.5000  LR: 2.00e-05
2026-06-29 14:42:13,502 | [META-RNW] | INFO | meta_classifier_renewed.model_trainers.meta_trainer | Ep [028/500] T-Acc:  81.8%  V-Acc:  70.0%  V-AUROC: 0.5000  LR: 2.00e-05
2026-06-29 14:42:13,930 | [META-RNW] | INFO | meta_classifier_renewed.model_trainers.meta_trainer | Ep [029/500] T-Acc:  68.2%  V-Acc:  70.0%  V-AUROC: 0.5000  LR: 4.00e-06
2026-06-29 14:42:14,366 | [META-RNW] | INFO | meta_classifier_renewed.model_trainers.meta_trainer | Ep [030/500] T-Acc:  72.7%  V-Acc:  70.0%  V-AUROC: 0.5000  LR: 4.00e-06
2026-06-29 14:42:14,768 | [META-RNW] | INFO | meta_classifier_renewed.model_trainers.meta_trainer | Ep [031/500] T-Acc:  90.9%  V-Acc:  70.0%  V-AUROC: 0.5000  LR: 4.00e-06
2026-06-29 14:42:15,180 | [META-RNW] | INFO | meta_classifier_renewed.model_trainers.meta_trainer | Ep [032/500] T-Acc:  81.8%  V-Acc:  70.0%  V-AUROC: 0.5000  LR: 4.00e-06
2026-06-29 14:42:15,578 | [META-RNW] | INFO | meta_classifier_renewed.model_trainers.meta_trainer | Ep [033/500] T-Acc:  72.7%  V-Acc:  70.0%  V-AUROC: 0.5000  LR: 4.00e-06
2026-06-29 14:42:15,977 | [META-RNW] | INFO | meta_classifier_renewed.model_trainers.meta_trainer | Ep [034/500] T-Acc:  72.7%  V-Acc:  70.0%  V-AUROC: 0.5000  LR: 4.00e-06
2026-06-29 14:42:16,356 | [META-RNW] | INFO | meta_classifier_renewed.model_trainers.meta_trainer | Ep [035/500] T-Acc:  90.9%  V-Acc:  70.0%  V-AUROC: 0.5000  LR: 4.00e-06
2026-06-29 14:42:16,761 | [META-RNW] | INFO | meta_classifier_renewed.model_trainers.meta_trainer | Ep [036/500] T-Acc:  81.8%  V-Acc:  70.0%  V-AUROC: 0.5000  LR: 4.00e-06
2026-06-29 14:42:16,762 | [META-RNW] | INFO | meta_classifier_renewed.model_trainers.meta_trainer | Early stop — best AUROC 0.5417 at epoch 6 (no improvement for 30 epochs)
2026-06-29 14:42:16,762 | [META-RNW] | INFO | meta_classifier_renewed.model_trainers.meta_trainer | Done. Best AUROC: 0.5417 (epoch 6)
2026-06-29 14:42:16,922 | [META-RNW] | INFO | meta_classifier_renewed.model_trainers.meta_trainer | Restored best-AUROC checkpoint into model (epoch 6, AUROC 0.5417).
2026-06-29 14:42:17,018 | [META-RNW] | INFO | meta_classifier_renewed.evaluators.monte_carlo_evaluator | -> Fold 13 Result | Acc=0.400 Sens=0.000 Spec=1.000 AUROC=0.542 (Fixed Threshold: 0.5)
2026-06-29 14:42:17,034 | [META-RNW] | INFO | meta_classifier_renewed.evaluators.monte_carlo_evaluator | === Fold 14/30 | train: 22 subj | test: 10 subj ===
2026-06-29 14:42:17,047 | [META-RNW] | INFO | meta_classifier_renewed.model_trainers.meta_trainer | Device: cuda | max_epochs=500 | batch=8 | es_patience=30 | lr=1e-04 | wd=1e-02
2026-06-29 14:42:17,048 | [META-RNW] | INFO | meta_classifier_renewed.model_trainers.meta_trainer | CE weights — HC: 0.917  MCI: 1.100
2026-06-29 14:42:17,451 | [META-RNW] | INFO | meta_classifier_renewed.model_trainers.meta_trainer | Ep [001/500] T-Acc:  45.5%  V-Acc:  20.0%  V-AUROC: 0.3750  LR: 2.00e-05
2026-06-29 14:42:17,550 | [META-RNW] | INFO | meta_classifier_renewed.model_trainers.meta_trainer |   ↳ new best AUROC; saved checkpoint: /home/leggo/AIResearch/VOGBasedMCIDetectionSystemMobileViTSingleExperimentInference/outputs/checkpoints/run_20260629_143830_meta_renewed/fold_13_best.pth
2026-06-29 14:42:17,911 | [META-RNW] | INFO | meta_classifier_renewed.model_trainers.meta_trainer | Ep [002/500] T-Acc:  63.6%  V-Acc:  20.0%  V-AUROC: 0.3750  LR: 4.00e-05
2026-06-29 14:42:18,309 | [META-RNW] | INFO | meta_classifier_renewed.model_trainers.meta_trainer | Ep [003/500] T-Acc:  54.5%  V-Acc:  60.0%  V-AUROC: 0.6875  LR: 6.00e-05
2026-06-29 14:42:18,433 | [META-RNW] | INFO | meta_classifier_renewed.model_trainers.meta_trainer |   ↳ new best AUROC; saved checkpoint: /home/leggo/AIResearch/VOGBasedMCIDetectionSystemMobileViTSingleExperimentInference/outputs/checkpoints/run_20260629_143830_meta_renewed/fold_13_best.pth
2026-06-29 14:42:18,858 | [META-RNW] | INFO | meta_classifier_renewed.model_trainers.meta_trainer | Ep [004/500] T-Acc:  40.9%  V-Acc:  80.0%  V-AUROC: 0.9375  LR: 8.00e-05
2026-06-29 14:42:18,964 | [META-RNW] | INFO | meta_classifier_renewed.model_trainers.meta_trainer |   ↳ new best AUROC; saved checkpoint: /home/leggo/AIResearch/VOGBasedMCIDetectionSystemMobileViTSingleExperimentInference/outputs/checkpoints/run_20260629_143830_meta_renewed/fold_13_best.pth
2026-06-29 14:42:19,405 | [META-RNW] | INFO | meta_classifier_renewed.model_trainers.meta_trainer | Ep [005/500] T-Acc:  50.0%  V-Acc:  80.0%  V-AUROC: 0.8125  LR: 1.00e-04
2026-06-29 14:42:19,828 | [META-RNW] | INFO | meta_classifier_renewed.model_trainers.meta_trainer | Ep [006/500] T-Acc:  45.5%  V-Acc:  40.0%  V-AUROC: 0.8125  LR: 1.00e-04
2026-06-29 14:42:20,274 | [META-RNW] | INFO | meta_classifier_renewed.model_trainers.meta_trainer | Ep [007/500] T-Acc:  54.5%  V-Acc:  30.0%  V-AUROC: 0.8125  LR: 1.00e-04
2026-06-29 14:42:20,694 | [META-RNW] | INFO | meta_classifier_renewed.model_trainers.meta_trainer | Ep [008/500] T-Acc:  54.5%  V-Acc:  80.0%  V-AUROC: 0.8125  LR: 1.00e-04
2026-06-29 14:42:21,107 | [META-RNW] | INFO | meta_classifier_renewed.model_trainers.meta_trainer | Ep [009/500] T-Acc:  59.1%  V-Acc:  80.0%  V-AUROC: 0.8750  LR: 1.00e-04
2026-06-29 14:42:21,544 | [META-RNW] | INFO | meta_classifier_renewed.model_trainers.meta_trainer | Ep [010/500] T-Acc:  54.5%  V-Acc:  80.0%  V-AUROC: 0.9375  LR: 1.00e-04
2026-06-29 14:42:21,962 | [META-RNW] | INFO | meta_classifier_renewed.model_trainers.meta_trainer | Ep [011/500] T-Acc:  45.5%  V-Acc:  80.0%  V-AUROC: 0.9375  LR: 1.00e-04
2026-06-29 14:42:22,381 | [META-RNW] | INFO | meta_classifier_renewed.model_trainers.meta_trainer | Ep [012/500] T-Acc:  68.2%  V-Acc:  20.0%  V-AUROC: 0.8750  LR: 1.00e-04
2026-06-29 14:42:22,829 | [META-RNW] | INFO | meta_classifier_renewed.model_trainers.meta_trainer | Ep [013/500] T-Acc:  54.5%  V-Acc:  20.0%  V-AUROC: 0.9375  LR: 1.00e-04
2026-06-29 14:42:23,246 | [META-RNW] | INFO | meta_classifier_renewed.model_trainers.meta_trainer | Ep [014/500] T-Acc:  68.2%  V-Acc:  20.0%  V-AUROC: 0.9375  LR: 1.00e-04
2026-06-29 14:42:23,659 | [META-RNW] | INFO | meta_classifier_renewed.model_trainers.meta_trainer | Ep [015/500] T-Acc:  54.5%  V-Acc:  80.0%  V-AUROC: 1.0000  LR: 1.00e-04
2026-06-29 14:42:23,769 | [META-RNW] | INFO | meta_classifier_renewed.model_trainers.meta_trainer |   ↳ new best AUROC; saved checkpoint: /home/leggo/AIResearch/VOGBasedMCIDetectionSystemMobileViTSingleExperimentInference/outputs/checkpoints/run_20260629_143830_meta_renewed/fold_13_best.pth
2026-06-29 14:42:24,135 | [META-RNW] | INFO | meta_classifier_renewed.model_trainers.meta_trainer | Ep [016/500] T-Acc:  68.2%  V-Acc:  90.0%  V-AUROC: 0.9375  LR: 1.00e-04
2026-06-29 14:42:24,560 | [META-RNW] | INFO | meta_classifier_renewed.model_trainers.meta_trainer | Ep [017/500] T-Acc:  72.7%  V-Acc:  90.0%  V-AUROC: 0.9375  LR: 1.00e-04
2026-06-29 14:42:24,958 | [META-RNW] | INFO | meta_classifier_renewed.model_trainers.meta_trainer | Ep [018/500] T-Acc:  86.4%  V-Acc:  80.0%  V-AUROC: 0.9375  LR: 1.00e-04
2026-06-29 14:42:25,373 | [META-RNW] | INFO | meta_classifier_renewed.model_trainers.meta_trainer | Ep [019/500] T-Acc:  81.8%  V-Acc:  90.0%  V-AUROC: 0.9375  LR: 1.00e-04
2026-06-29 14:42:25,778 | [META-RNW] | INFO | meta_classifier_renewed.model_trainers.meta_trainer | Ep [020/500] T-Acc:  72.7%  V-Acc:  80.0%  V-AUROC: 0.8750  LR: 1.00e-04
2026-06-29 14:42:26,172 | [META-RNW] | INFO | meta_classifier_renewed.model_trainers.meta_trainer | Ep [021/500] T-Acc:  68.2%  V-Acc:  70.0%  V-AUROC: 0.8750  LR: 1.00e-04
2026-06-29 14:42:26,585 | [META-RNW] | INFO | meta_classifier_renewed.model_trainers.meta_trainer | Ep [022/500] T-Acc:  77.3%  V-Acc:  80.0%  V-AUROC: 0.8125  LR: 1.00e-04
2026-06-29 14:42:26,983 | [META-RNW] | INFO | meta_classifier_renewed.model_trainers.meta_trainer | Ep [023/500] T-Acc:  68.2%  V-Acc:  70.0%  V-AUROC: 0.8125  LR: 1.00e-04
2026-06-29 14:42:27,376 | [META-RNW] | INFO | meta_classifier_renewed.model_trainers.meta_trainer | Ep [024/500] T-Acc:  77.3%  V-Acc:  50.0%  V-AUROC: 0.8750  LR: 1.00e-04
2026-06-29 14:42:27,763 | [META-RNW] | INFO | meta_classifier_renewed.model_trainers.meta_trainer | Ep [025/500] T-Acc:  68.2%  V-Acc:  90.0%  V-AUROC: 0.9375  LR: 1.00e-04
2026-06-29 14:42:28,154 | [META-RNW] | INFO | meta_classifier_renewed.model_trainers.meta_trainer | Ep [026/500] T-Acc:  90.9%  V-Acc:  90.0%  V-AUROC: 0.9375  LR: 1.00e-04
2026-06-29 14:42:28,534 | [META-RNW] | INFO | meta_classifier_renewed.model_trainers.meta_trainer | Ep [027/500] T-Acc:  77.3%  V-Acc:  90.0%  V-AUROC: 0.9375  LR: 2.00e-05
2026-06-29 14:42:28,918 | [META-RNW] | INFO | meta_classifier_renewed.model_trainers.meta_trainer | Ep [028/500] T-Acc:  81.8%  V-Acc:  80.0%  V-AUROC: 0.9375  LR: 2.00e-05
2026-06-29 14:42:29,315 | [META-RNW] | INFO | meta_classifier_renewed.model_trainers.meta_trainer | Ep [029/500] T-Acc:  90.9%  V-Acc:  80.0%  V-AUROC: 0.9375  LR: 2.00e-05
2026-06-29 14:42:29,670 | [META-RNW] | INFO | meta_classifier_renewed.model_trainers.meta_trainer | Ep [030/500] T-Acc:  86.4%  V-Acc:  90.0%  V-AUROC: 0.9375  LR: 2.00e-05
2026-06-29 14:42:30,042 | [META-RNW] | INFO | meta_classifier_renewed.model_trainers.meta_trainer | Ep [031/500] T-Acc:  81.8%  V-Acc:  70.0%  V-AUROC: 0.9375  LR: 2.00e-05
2026-06-29 14:42:30,460 | [META-RNW] | INFO | meta_classifier_renewed.model_trainers.meta_trainer | Ep [032/500] T-Acc:  81.8%  V-Acc:  70.0%  V-AUROC: 0.9375  LR: 2.00e-05
2026-06-29 14:42:30,886 | [META-RNW] | INFO | meta_classifier_renewed.model_trainers.meta_trainer | Ep [033/500] T-Acc:  90.9%  V-Acc:  70.0%  V-AUROC: 0.9375  LR: 2.00e-05
2026-06-29 14:42:31,307 | [META-RNW] | INFO | meta_classifier_renewed.model_trainers.meta_trainer | Ep [034/500] T-Acc:  81.8%  V-Acc:  70.0%  V-AUROC: 0.9375  LR: 2.00e-05
2026-06-29 14:42:31,724 | [META-RNW] | INFO | meta_classifier_renewed.model_trainers.meta_trainer | Ep [035/500] T-Acc:  86.4%  V-Acc:  80.0%  V-AUROC: 0.9375  LR: 2.00e-05
2026-06-29 14:42:32,144 | [META-RNW] | INFO | meta_classifier_renewed.model_trainers.meta_trainer | Ep [036/500] T-Acc:  95.5%  V-Acc:  80.0%  V-AUROC: 0.9375  LR: 2.00e-05
2026-06-29 14:42:32,619 | [META-RNW] | INFO | meta_classifier_renewed.model_trainers.meta_trainer | Ep [037/500] T-Acc:  81.8%  V-Acc:  90.0%  V-AUROC: 0.9375  LR: 2.00e-05
2026-06-29 14:42:33,038 | [META-RNW] | INFO | meta_classifier_renewed.model_trainers.meta_trainer | Ep [038/500] T-Acc:  90.9%  V-Acc:  90.0%  V-AUROC: 0.9375  LR: 4.00e-06
2026-06-29 14:42:33,440 | [META-RNW] | INFO | meta_classifier_renewed.model_trainers.meta_trainer | Ep [039/500] T-Acc:  90.9%  V-Acc:  90.0%  V-AUROC: 0.9375  LR: 4.00e-06
2026-06-29 14:42:33,879 | [META-RNW] | INFO | meta_classifier_renewed.model_trainers.meta_trainer | Ep [040/500] T-Acc:  90.9%  V-Acc:  90.0%  V-AUROC: 0.9375  LR: 4.00e-06
2026-06-29 14:42:34,271 | [META-RNW] | INFO | meta_classifier_renewed.model_trainers.meta_trainer | Ep [041/500] T-Acc:  90.9%  V-Acc:  90.0%  V-AUROC: 0.9375  LR: 4.00e-06
2026-06-29 14:42:34,704 | [META-RNW] | INFO | meta_classifier_renewed.model_trainers.meta_trainer | Ep [042/500] T-Acc:  86.4%  V-Acc:  90.0%  V-AUROC: 0.9375  LR: 4.00e-06
2026-06-29 14:42:35,136 | [META-RNW] | INFO | meta_classifier_renewed.model_trainers.meta_trainer | Ep [043/500] T-Acc:  95.5%  V-Acc:  90.0%  V-AUROC: 0.9375  LR: 4.00e-06
2026-06-29 14:42:35,552 | [META-RNW] | INFO | meta_classifier_renewed.model_trainers.meta_trainer | Ep [044/500] T-Acc:  90.9%  V-Acc:  80.0%  V-AUROC: 0.9375  LR: 4.00e-06
2026-06-29 14:42:35,966 | [META-RNW] | INFO | meta_classifier_renewed.model_trainers.meta_trainer | Ep [045/500] T-Acc:  95.5%  V-Acc:  80.0%  V-AUROC: 0.9375  LR: 4.00e-06
2026-06-29 14:42:35,967 | [META-RNW] | INFO | meta_classifier_renewed.model_trainers.meta_trainer | Early stop — best AUROC 1.0000 at epoch 15 (no improvement for 30 epochs)
2026-06-29 14:42:35,967 | [META-RNW] | INFO | meta_classifier_renewed.model_trainers.meta_trainer | Done. Best AUROC: 1.0000 (epoch 15)
2026-06-29 14:42:36,127 | [META-RNW] | INFO | meta_classifier_renewed.model_trainers.meta_trainer | Restored best-AUROC checkpoint into model (epoch 15, AUROC 1.0000).
2026-06-29 14:42:36,242 | [META-RNW] | INFO | meta_classifier_renewed.evaluators.monte_carlo_evaluator | -> Fold 14 Result | Acc=0.800 Sens=0.750 Spec=1.000 AUROC=1.000 (Fixed Threshold: 0.5)
2026-06-29 14:42:36,258 | [META-RNW] | INFO | meta_classifier_renewed.evaluators.monte_carlo_evaluator | === Fold 15/30 | train: 22 subj | test: 10 subj ===
2026-06-29 14:42:36,271 | [META-RNW] | INFO | meta_classifier_renewed.model_trainers.meta_trainer | Device: cuda | max_epochs=500 | batch=8 | es_patience=30 | lr=1e-04 | wd=1e-02
2026-06-29 14:42:36,272 | [META-RNW] | INFO | meta_classifier_renewed.model_trainers.meta_trainer | CE weights — HC: 1.000  MCI: 1.000
2026-06-29 14:42:36,699 | [META-RNW] | INFO | meta_classifier_renewed.model_trainers.meta_trainer | Ep [001/500] T-Acc:  45.5%  V-Acc:  70.0%  V-AUROC: 0.2381  LR: 2.00e-05
2026-06-29 14:42:36,800 | [META-RNW] | INFO | meta_classifier_renewed.model_trainers.meta_trainer |   ↳ new best AUROC; saved checkpoint: /home/leggo/AIResearch/VOGBasedMCIDetectionSystemMobileViTSingleExperimentInference/outputs/checkpoints/run_20260629_143830_meta_renewed/fold_14_best.pth
2026-06-29 14:42:37,223 | [META-RNW] | INFO | meta_classifier_renewed.model_trainers.meta_trainer | Ep [002/500] T-Acc:  54.5%  V-Acc:  70.0%  V-AUROC: 0.2381  LR: 4.00e-05
2026-06-29 14:42:37,651 | [META-RNW] | INFO | meta_classifier_renewed.model_trainers.meta_trainer | Ep [003/500] T-Acc:  50.0%  V-Acc:  20.0%  V-AUROC: 0.2381  LR: 6.00e-05
2026-06-29 14:42:37,764 | [META-RNW] | INFO | meta_classifier_renewed.model_trainers.meta_trainer |   ↳ new best AUROC; saved checkpoint: /home/leggo/AIResearch/VOGBasedMCIDetectionSystemMobileViTSingleExperimentInference/outputs/checkpoints/run_20260629_143830_meta_renewed/fold_14_best.pth
2026-06-29 14:42:38,157 | [META-RNW] | INFO | meta_classifier_renewed.model_trainers.meta_trainer | Ep [004/500] T-Acc:  45.5%  V-Acc:  30.0%  V-AUROC: 0.3810  LR: 8.00e-05
2026-06-29 14:42:38,266 | [META-RNW] | INFO | meta_classifier_renewed.model_trainers.meta_trainer |   ↳ new best AUROC; saved checkpoint: /home/leggo/AIResearch/VOGBasedMCIDetectionSystemMobileViTSingleExperimentInference/outputs/checkpoints/run_20260629_143830_meta_renewed/fold_14_best.pth
2026-06-29 14:42:38,681 | [META-RNW] | INFO | meta_classifier_renewed.model_trainers.meta_trainer | Ep [005/500] T-Acc:  54.5%  V-Acc:  30.0%  V-AUROC: 0.3810  LR: 1.00e-04
2026-06-29 14:42:39,088 | [META-RNW] | INFO | meta_classifier_renewed.model_trainers.meta_trainer | Ep [006/500] T-Acc:  31.8%  V-Acc:  40.0%  V-AUROC: 0.2857  LR: 1.00e-04
2026-06-29 14:42:39,513 | [META-RNW] | INFO | meta_classifier_renewed.model_trainers.meta_trainer | Ep [007/500] T-Acc:  45.5%  V-Acc:  70.0%  V-AUROC: 0.1429  LR: 1.00e-04
2026-06-29 14:42:39,931 | [META-RNW] | INFO | meta_classifier_renewed.model_trainers.meta_trainer | Ep [008/500] T-Acc:  63.6%  V-Acc:  30.0%  V-AUROC: 0.2381  LR: 1.00e-04
2026-06-29 14:42:40,345 | [META-RNW] | INFO | meta_classifier_renewed.model_trainers.meta_trainer | Ep [009/500] T-Acc:  45.5%  V-Acc:  30.0%  V-AUROC: 0.2857  LR: 1.00e-04
2026-06-29 14:42:40,730 | [META-RNW] | INFO | meta_classifier_renewed.model_trainers.meta_trainer | Ep [010/500] T-Acc:  63.6%  V-Acc:  30.0%  V-AUROC: 0.2857  LR: 1.00e-04
2026-06-29 14:42:41,109 | [META-RNW] | INFO | meta_classifier_renewed.model_trainers.meta_trainer | Ep [011/500] T-Acc:  45.5%  V-Acc:  30.0%  V-AUROC: 0.3333  LR: 1.00e-04
2026-06-29 14:42:41,483 | [META-RNW] | INFO | meta_classifier_renewed.model_trainers.meta_trainer | Ep [012/500] T-Acc:  68.2%  V-Acc:  40.0%  V-AUROC: 0.4286  LR: 1.00e-04
2026-06-29 14:42:41,591 | [META-RNW] | INFO | meta_classifier_renewed.model_trainers.meta_trainer |   ↳ new best AUROC; saved checkpoint: /home/leggo/AIResearch/VOGBasedMCIDetectionSystemMobileViTSingleExperimentInference/outputs/checkpoints/run_20260629_143830_meta_renewed/fold_14_best.pth
2026-06-29 14:42:41,977 | [META-RNW] | INFO | meta_classifier_renewed.model_trainers.meta_trainer | Ep [013/500] T-Acc:  50.0%  V-Acc:  70.0%  V-AUROC: 0.4762  LR: 1.00e-04
2026-06-29 14:42:42,090 | [META-RNW] | INFO | meta_classifier_renewed.model_trainers.meta_trainer |   ↳ new best AUROC; saved checkpoint: /home/leggo/AIResearch/VOGBasedMCIDetectionSystemMobileViTSingleExperimentInference/outputs/checkpoints/run_20260629_143830_meta_renewed/fold_14_best.pth
2026-06-29 14:42:42,454 | [META-RNW] | INFO | meta_classifier_renewed.model_trainers.meta_trainer | Ep [014/500] T-Acc:  40.9%  V-Acc:  70.0%  V-AUROC: 0.5714  LR: 1.00e-04
2026-06-29 14:42:42,678 | [META-RNW] | INFO | meta_classifier_renewed.model_trainers.meta_trainer |   ↳ new best AUROC; saved checkpoint: /home/leggo/AIResearch/VOGBasedMCIDetectionSystemMobileViTSingleExperimentInference/outputs/checkpoints/run_20260629_143830_meta_renewed/fold_14_best.pth
2026-06-29 14:42:43,077 | [META-RNW] | INFO | meta_classifier_renewed.model_trainers.meta_trainer | Ep [015/500] T-Acc:  59.1%  V-Acc:  70.0%  V-AUROC: 0.5714  LR: 1.00e-04
2026-06-29 14:42:43,489 | [META-RNW] | INFO | meta_classifier_renewed.model_trainers.meta_trainer | Ep [016/500] T-Acc:  63.6%  V-Acc:  50.0%  V-AUROC: 0.6190  LR: 1.00e-04
2026-06-29 14:42:43,604 | [META-RNW] | INFO | meta_classifier_renewed.model_trainers.meta_trainer |   ↳ new best AUROC; saved checkpoint: /home/leggo/AIResearch/VOGBasedMCIDetectionSystemMobileViTSingleExperimentInference/outputs/checkpoints/run_20260629_143830_meta_renewed/fold_14_best.pth
2026-06-29 14:42:44,006 | [META-RNW] | INFO | meta_classifier_renewed.model_trainers.meta_trainer | Ep [017/500] T-Acc:  63.6%  V-Acc:  40.0%  V-AUROC: 0.6190  LR: 1.00e-04
2026-06-29 14:42:44,475 | [META-RNW] | INFO | meta_classifier_renewed.model_trainers.meta_trainer | Ep [018/500] T-Acc:  63.6%  V-Acc:  40.0%  V-AUROC: 0.6667  LR: 1.00e-04
2026-06-29 14:42:44,592 | [META-RNW] | INFO | meta_classifier_renewed.model_trainers.meta_trainer |   ↳ new best AUROC; saved checkpoint: /home/leggo/AIResearch/VOGBasedMCIDetectionSystemMobileViTSingleExperimentInference/outputs/checkpoints/run_20260629_143830_meta_renewed/fold_14_best.pth
2026-06-29 14:42:45,036 | [META-RNW] | INFO | meta_classifier_renewed.model_trainers.meta_trainer | Ep [019/500] T-Acc:  59.1%  V-Acc:  40.0%  V-AUROC: 0.7143  LR: 1.00e-04
2026-06-29 14:42:45,152 | [META-RNW] | INFO | meta_classifier_renewed.model_trainers.meta_trainer |   ↳ new best AUROC; saved checkpoint: /home/leggo/AIResearch/VOGBasedMCIDetectionSystemMobileViTSingleExperimentInference/outputs/checkpoints/run_20260629_143830_meta_renewed/fold_14_best.pth
2026-06-29 14:42:45,574 | [META-RNW] | INFO | meta_classifier_renewed.model_trainers.meta_trainer | Ep [020/500] T-Acc:  72.7%  V-Acc:  40.0%  V-AUROC: 0.7619  LR: 1.00e-04
2026-06-29 14:42:45,689 | [META-RNW] | INFO | meta_classifier_renewed.model_trainers.meta_trainer |   ↳ new best AUROC; saved checkpoint: /home/leggo/AIResearch/VOGBasedMCIDetectionSystemMobileViTSingleExperimentInference/outputs/checkpoints/run_20260629_143830_meta_renewed/fold_14_best.pth
2026-06-29 14:42:46,137 | [META-RNW] | INFO | meta_classifier_renewed.model_trainers.meta_trainer | Ep [021/500] T-Acc:  68.2%  V-Acc:  70.0%  V-AUROC: 0.7619  LR: 1.00e-04
2026-06-29 14:42:46,574 | [META-RNW] | INFO | meta_classifier_renewed.model_trainers.meta_trainer | Ep [022/500] T-Acc:  63.6%  V-Acc:  80.0%  V-AUROC: 0.7619  LR: 1.00e-04
2026-06-29 14:42:47,026 | [META-RNW] | INFO | meta_classifier_renewed.model_trainers.meta_trainer | Ep [023/500] T-Acc:  77.3%  V-Acc:  40.0%  V-AUROC: 0.7619  LR: 1.00e-04
2026-06-29 14:42:47,431 | [META-RNW] | INFO | meta_classifier_renewed.model_trainers.meta_trainer | Ep [024/500] T-Acc:  81.8%  V-Acc:  50.0%  V-AUROC: 0.7619  LR: 1.00e-04
2026-06-29 14:42:47,812 | [META-RNW] | INFO | meta_classifier_renewed.model_trainers.meta_trainer | Ep [025/500] T-Acc:  86.4%  V-Acc:  50.0%  V-AUROC: 0.7619  LR: 1.00e-04
2026-06-29 14:42:48,217 | [META-RNW] | INFO | meta_classifier_renewed.model_trainers.meta_trainer | Ep [026/500] T-Acc:  72.7%  V-Acc:  40.0%  V-AUROC: 0.7619  LR: 1.00e-04
2026-06-29 14:42:48,615 | [META-RNW] | INFO | meta_classifier_renewed.model_trainers.meta_trainer | Ep [027/500] T-Acc:  81.8%  V-Acc:  70.0%  V-AUROC: 0.8095  LR: 1.00e-04
2026-06-29 14:42:48,730 | [META-RNW] | INFO | meta_classifier_renewed.model_trainers.meta_trainer |   ↳ new best AUROC; saved checkpoint: /home/leggo/AIResearch/VOGBasedMCIDetectionSystemMobileViTSingleExperimentInference/outputs/checkpoints/run_20260629_143830_meta_renewed/fold_14_best.pth
2026-06-29 14:42:49,126 | [META-RNW] | INFO | meta_classifier_renewed.model_trainers.meta_trainer | Ep [028/500] T-Acc:  77.3%  V-Acc:  90.0%  V-AUROC: 0.8095  LR: 1.00e-04
2026-06-29 14:42:49,466 | [META-RNW] | INFO | meta_classifier_renewed.model_trainers.meta_trainer | Ep [029/500] T-Acc:  77.3%  V-Acc:  60.0%  V-AUROC: 0.8095  LR: 1.00e-04
2026-06-29 14:42:49,798 | [META-RNW] | INFO | meta_classifier_renewed.model_trainers.meta_trainer | Ep [030/500] T-Acc:  86.4%  V-Acc:  60.0%  V-AUROC: 0.8095  LR: 1.00e-04
2026-06-29 14:42:50,117 | [META-RNW] | INFO | meta_classifier_renewed.model_trainers.meta_trainer | Ep [031/500] T-Acc:  86.4%  V-Acc:  60.0%  V-AUROC: 0.7619  LR: 1.00e-04
2026-06-29 14:42:50,442 | [META-RNW] | INFO | meta_classifier_renewed.model_trainers.meta_trainer | Ep [032/500] T-Acc:  90.9%  V-Acc:  50.0%  V-AUROC: 0.7143  LR: 1.00e-04
2026-06-29 14:42:50,778 | [META-RNW] | INFO | meta_classifier_renewed.model_trainers.meta_trainer | Ep [033/500] T-Acc:  90.9%  V-Acc:  70.0%  V-AUROC: 0.7143  LR: 1.00e-04
2026-06-29 14:42:51,123 | [META-RNW] | INFO | meta_classifier_renewed.model_trainers.meta_trainer | Ep [034/500] T-Acc:  90.9%  V-Acc:  70.0%  V-AUROC: 0.7143  LR: 1.00e-04
2026-06-29 14:42:51,475 | [META-RNW] | INFO | meta_classifier_renewed.model_trainers.meta_trainer | Ep [035/500] T-Acc:  95.5%  V-Acc:  50.0%  V-AUROC: 0.7143  LR: 1.00e-04
2026-06-29 14:42:51,841 | [META-RNW] | INFO | meta_classifier_renewed.model_trainers.meta_trainer | Ep [036/500] T-Acc:  95.5%  V-Acc:  50.0%  V-AUROC: 0.8095  LR: 1.00e-04
2026-06-29 14:42:52,205 | [META-RNW] | INFO | meta_classifier_renewed.model_trainers.meta_trainer | Ep [037/500] T-Acc:  95.5%  V-Acc:  50.0%  V-AUROC: 0.8095  LR: 1.00e-04
2026-06-29 14:42:52,567 | [META-RNW] | INFO | meta_classifier_renewed.model_trainers.meta_trainer | Ep [038/500] T-Acc:  95.5%  V-Acc:  60.0%  V-AUROC: 0.8095  LR: 1.00e-04
2026-06-29 14:42:52,927 | [META-RNW] | INFO | meta_classifier_renewed.model_trainers.meta_trainer | Ep [039/500] T-Acc: 100.0%  V-Acc:  60.0%  V-AUROC: 0.8095  LR: 2.00e-05
2026-06-29 14:42:53,290 | [META-RNW] | INFO | meta_classifier_renewed.model_trainers.meta_trainer | Ep [040/500] T-Acc:  95.5%  V-Acc:  60.0%  V-AUROC: 0.8095  LR: 2.00e-05
2026-06-29 14:42:53,709 | [META-RNW] | INFO | meta_classifier_renewed.model_trainers.meta_trainer | Ep [041/500] T-Acc: 100.0%  V-Acc:  60.0%  V-AUROC: 0.7619  LR: 2.00e-05
2026-06-29 14:42:54,130 | [META-RNW] | INFO | meta_classifier_renewed.model_trainers.meta_trainer | Ep [042/500] T-Acc:  95.5%  V-Acc:  50.0%  V-AUROC: 0.7619  LR: 2.00e-05
2026-06-29 14:42:54,581 | [META-RNW] | INFO | meta_classifier_renewed.model_trainers.meta_trainer | Ep [043/500] T-Acc: 100.0%  V-Acc:  50.0%  V-AUROC: 0.7619  LR: 2.00e-05
2026-06-29 14:42:55,005 | [META-RNW] | INFO | meta_classifier_renewed.model_trainers.meta_trainer | Ep [044/500] T-Acc:  95.5%  V-Acc:  50.0%  V-AUROC: 0.7619  LR: 2.00e-05
2026-06-29 14:42:55,389 | [META-RNW] | INFO | meta_classifier_renewed.model_trainers.meta_trainer | Ep [045/500] T-Acc:  95.5%  V-Acc:  50.0%  V-AUROC: 0.7619  LR: 2.00e-05
2026-06-29 14:42:55,783 | [META-RNW] | INFO | meta_classifier_renewed.model_trainers.meta_trainer | Ep [046/500] T-Acc: 100.0%  V-Acc:  50.0%  V-AUROC: 0.7143  LR: 2.00e-05
2026-06-29 14:42:56,204 | [META-RNW] | INFO | meta_classifier_renewed.model_trainers.meta_trainer | Ep [047/500] T-Acc: 100.0%  V-Acc:  50.0%  V-AUROC: 0.7143  LR: 2.00e-05
2026-06-29 14:42:56,588 | [META-RNW] | INFO | meta_classifier_renewed.model_trainers.meta_trainer | Ep [048/500] T-Acc: 100.0%  V-Acc:  50.0%  V-AUROC: 0.7143  LR: 2.00e-05
2026-06-29 14:42:56,985 | [META-RNW] | INFO | meta_classifier_renewed.model_trainers.meta_trainer | Ep [049/500] T-Acc:  95.5%  V-Acc:  50.0%  V-AUROC: 0.6667  LR: 2.00e-05
2026-06-29 14:42:57,387 | [META-RNW] | INFO | meta_classifier_renewed.model_trainers.meta_trainer | Ep [050/500] T-Acc:  95.5%  V-Acc:  50.0%  V-AUROC: 0.6667  LR: 4.00e-06
2026-06-29 14:42:57,796 | [META-RNW] | INFO | meta_classifier_renewed.model_trainers.meta_trainer | Ep [051/500] T-Acc:  95.5%  V-Acc:  50.0%  V-AUROC: 0.6667  LR: 4.00e-06
2026-06-29 14:42:58,241 | [META-RNW] | INFO | meta_classifier_renewed.model_trainers.meta_trainer | Ep [052/500] T-Acc: 100.0%  V-Acc:  50.0%  V-AUROC: 0.6667  LR: 4.00e-06
2026-06-29 14:42:58,651 | [META-RNW] | INFO | meta_classifier_renewed.model_trainers.meta_trainer | Ep [053/500] T-Acc: 100.0%  V-Acc:  50.0%  V-AUROC: 0.6667  LR: 4.00e-06
2026-06-29 14:42:59,081 | [META-RNW] | INFO | meta_classifier_renewed.model_trainers.meta_trainer | Ep [054/500] T-Acc: 100.0%  V-Acc:  50.0%  V-AUROC: 0.6667  LR: 4.00e-06
2026-06-29 14:42:59,535 | [META-RNW] | INFO | meta_classifier_renewed.model_trainers.meta_trainer | Ep [055/500] T-Acc: 100.0%  V-Acc:  50.0%  V-AUROC: 0.6667  LR: 4.00e-06
2026-06-29 14:42:59,980 | [META-RNW] | INFO | meta_classifier_renewed.model_trainers.meta_trainer | Ep [056/500] T-Acc: 100.0%  V-Acc:  50.0%  V-AUROC: 0.6667  LR: 4.00e-06
2026-06-29 14:43:00,358 | [META-RNW] | INFO | meta_classifier_renewed.model_trainers.meta_trainer | Ep [057/500] T-Acc: 100.0%  V-Acc:  50.0%  V-AUROC: 0.6667  LR: 4.00e-06
2026-06-29 14:43:00,359 | [META-RNW] | INFO | meta_classifier_renewed.model_trainers.meta_trainer | Early stop — best AUROC 0.8095 at epoch 27 (no improvement for 30 epochs)
2026-06-29 14:43:00,359 | [META-RNW] | INFO | meta_classifier_renewed.model_trainers.meta_trainer | Done. Best AUROC: 0.8095 (epoch 27)
2026-06-29 14:43:00,514 | [META-RNW] | INFO | meta_classifier_renewed.model_trainers.meta_trainer | Restored best-AUROC checkpoint into model (epoch 27, AUROC 0.8095).
2026-06-29 14:43:00,624 | [META-RNW] | INFO | meta_classifier_renewed.evaluators.monte_carlo_evaluator | -> Fold 15 Result | Acc=0.700 Sens=0.714 Spec=0.667 AUROC=0.810 (Fixed Threshold: 0.5)
2026-06-29 14:43:00,641 | [META-RNW] | INFO | meta_classifier_renewed.evaluators.monte_carlo_evaluator | === Fold 16/30 | train: 22 subj | test: 10 subj ===
2026-06-29 14:43:00,653 | [META-RNW] | INFO | meta_classifier_renewed.model_trainers.meta_trainer | Device: cuda | max_epochs=500 | batch=8 | es_patience=30 | lr=1e-04 | wd=1e-02
2026-06-29 14:43:00,654 | [META-RNW] | INFO | meta_classifier_renewed.model_trainers.meta_trainer | CE weights — HC: 1.100  MCI: 0.917
2026-06-29 14:43:01,078 | [META-RNW] | INFO | meta_classifier_renewed.model_trainers.meta_trainer | Ep [001/500] T-Acc:  50.0%  V-Acc:  70.0%  V-AUROC: 0.6250  LR: 2.00e-05
2026-06-29 14:43:01,177 | [META-RNW] | INFO | meta_classifier_renewed.model_trainers.meta_trainer |   ↳ new best AUROC; saved checkpoint: /home/leggo/AIResearch/VOGBasedMCIDetectionSystemMobileViTSingleExperimentInference/outputs/checkpoints/run_20260629_143830_meta_renewed/fold_15_best.pth
2026-06-29 14:43:01,589 | [META-RNW] | INFO | meta_classifier_renewed.model_trainers.meta_trainer | Ep [002/500] T-Acc:  63.6%  V-Acc:  70.0%  V-AUROC: 0.7083  LR: 4.00e-05
2026-06-29 14:43:01,697 | [META-RNW] | INFO | meta_classifier_renewed.model_trainers.meta_trainer |   ↳ new best AUROC; saved checkpoint: /home/leggo/AIResearch/VOGBasedMCIDetectionSystemMobileViTSingleExperimentInference/outputs/checkpoints/run_20260629_143830_meta_renewed/fold_15_best.pth
2026-06-29 14:43:02,104 | [META-RNW] | INFO | meta_classifier_renewed.model_trainers.meta_trainer | Ep [003/500] T-Acc:  50.0%  V-Acc:  50.0%  V-AUROC: 0.7083  LR: 6.00e-05
2026-06-29 14:43:02,555 | [META-RNW] | INFO | meta_classifier_renewed.model_trainers.meta_trainer | Ep [004/500] T-Acc:  36.4%  V-Acc:  40.0%  V-AUROC: 0.7917  LR: 8.00e-05
2026-06-29 14:43:02,667 | [META-RNW] | INFO | meta_classifier_renewed.model_trainers.meta_trainer |   ↳ new best AUROC; saved checkpoint: /home/leggo/AIResearch/VOGBasedMCIDetectionSystemMobileViTSingleExperimentInference/outputs/checkpoints/run_20260629_143830_meta_renewed/fold_15_best.pth
2026-06-29 14:43:03,105 | [META-RNW] | INFO | meta_classifier_renewed.model_trainers.meta_trainer | Ep [005/500] T-Acc:  59.1%  V-Acc:  40.0%  V-AUROC: 0.8333  LR: 1.00e-04
2026-06-29 14:43:03,208 | [META-RNW] | INFO | meta_classifier_renewed.model_trainers.meta_trainer |   ↳ new best AUROC; saved checkpoint: /home/leggo/AIResearch/VOGBasedMCIDetectionSystemMobileViTSingleExperimentInference/outputs/checkpoints/run_20260629_143830_meta_renewed/fold_15_best.pth
2026-06-29 14:43:03,666 | [META-RNW] | INFO | meta_classifier_renewed.model_trainers.meta_trainer | Ep [006/500] T-Acc:  72.7%  V-Acc:  80.0%  V-AUROC: 0.9583  LR: 1.00e-04
2026-06-29 14:43:03,779 | [META-RNW] | INFO | meta_classifier_renewed.model_trainers.meta_trainer |   ↳ new best AUROC; saved checkpoint: /home/leggo/AIResearch/VOGBasedMCIDetectionSystemMobileViTSingleExperimentInference/outputs/checkpoints/run_20260629_143830_meta_renewed/fold_15_best.pth
2026-06-29 14:43:04,186 | [META-RNW] | INFO | meta_classifier_renewed.model_trainers.meta_trainer | Ep [007/500] T-Acc:  54.5%  V-Acc:  70.0%  V-AUROC: 1.0000  LR: 1.00e-04
2026-06-29 14:43:04,291 | [META-RNW] | INFO | meta_classifier_renewed.model_trainers.meta_trainer |   ↳ new best AUROC; saved checkpoint: /home/leggo/AIResearch/VOGBasedMCIDetectionSystemMobileViTSingleExperimentInference/outputs/checkpoints/run_20260629_143830_meta_renewed/fold_15_best.pth
2026-06-29 14:43:04,711 | [META-RNW] | INFO | meta_classifier_renewed.model_trainers.meta_trainer | Ep [008/500] T-Acc:  50.0%  V-Acc:  70.0%  V-AUROC: 1.0000  LR: 1.00e-04
2026-06-29 14:43:05,108 | [META-RNW] | INFO | meta_classifier_renewed.model_trainers.meta_trainer | Ep [009/500] T-Acc:  54.5%  V-Acc:  80.0%  V-AUROC: 0.9167  LR: 1.00e-04
2026-06-29 14:43:05,511 | [META-RNW] | INFO | meta_classifier_renewed.model_trainers.meta_trainer | Ep [010/500] T-Acc:  68.2%  V-Acc:  70.0%  V-AUROC: 0.8750  LR: 1.00e-04
2026-06-29 14:43:05,922 | [META-RNW] | INFO | meta_classifier_renewed.model_trainers.meta_trainer | Ep [011/500] T-Acc:  81.8%  V-Acc:  80.0%  V-AUROC: 0.8333  LR: 1.00e-04
2026-06-29 14:43:06,322 | [META-RNW] | INFO | meta_classifier_renewed.model_trainers.meta_trainer | Ep [012/500] T-Acc:  50.0%  V-Acc:  40.0%  V-AUROC: 0.8333  LR: 1.00e-04
2026-06-29 14:43:06,716 | [META-RNW] | INFO | meta_classifier_renewed.model_trainers.meta_trainer | Ep [013/500] T-Acc:  68.2%  V-Acc:  80.0%  V-AUROC: 0.7917  LR: 1.00e-04
2026-06-29 14:43:07,124 | [META-RNW] | INFO | meta_classifier_renewed.model_trainers.meta_trainer | Ep [014/500] T-Acc:  72.7%  V-Acc:  60.0%  V-AUROC: 0.7500  LR: 1.00e-04
2026-06-29 14:43:07,535 | [META-RNW] | INFO | meta_classifier_renewed.model_trainers.meta_trainer | Ep [015/500] T-Acc:  68.2%  V-Acc:  60.0%  V-AUROC: 0.7500  LR: 1.00e-04
2026-06-29 14:43:07,963 | [META-RNW] | INFO | meta_classifier_renewed.model_trainers.meta_trainer | Ep [016/500] T-Acc:  68.2%  V-Acc:  60.0%  V-AUROC: 0.7500  LR: 1.00e-04
2026-06-29 14:43:08,381 | [META-RNW] | INFO | meta_classifier_renewed.model_trainers.meta_trainer | Ep [017/500] T-Acc:  72.7%  V-Acc:  80.0%  V-AUROC: 0.7500  LR: 1.00e-04
2026-06-29 14:43:08,797 | [META-RNW] | INFO | meta_classifier_renewed.model_trainers.meta_trainer | Ep [018/500] T-Acc:  86.4%  V-Acc:  70.0%  V-AUROC: 0.7500  LR: 1.00e-04
2026-06-29 14:43:09,242 | [META-RNW] | INFO | meta_classifier_renewed.model_trainers.meta_trainer | Ep [019/500] T-Acc:  68.2%  V-Acc:  70.0%  V-AUROC: 0.7500  LR: 2.00e-05
2026-06-29 14:43:09,679 | [META-RNW] | INFO | meta_classifier_renewed.model_trainers.meta_trainer | Ep [020/500] T-Acc:  81.8%  V-Acc:  70.0%  V-AUROC: 0.7500  LR: 2.00e-05
2026-06-29 14:43:10,127 | [META-RNW] | INFO | meta_classifier_renewed.model_trainers.meta_trainer | Ep [021/500] T-Acc:  77.3%  V-Acc:  70.0%  V-AUROC: 0.7500  LR: 2.00e-05
2026-06-29 14:43:10,549 | [META-RNW] | INFO | meta_classifier_renewed.model_trainers.meta_trainer | Ep [022/500] T-Acc:  86.4%  V-Acc:  80.0%  V-AUROC: 0.7500  LR: 2.00e-05
2026-06-29 14:43:10,967 | [META-RNW] | INFO | meta_classifier_renewed.model_trainers.meta_trainer | Ep [023/500] T-Acc:  90.9%  V-Acc:  70.0%  V-AUROC: 0.7500  LR: 2.00e-05
2026-06-29 14:43:11,395 | [META-RNW] | INFO | meta_classifier_renewed.model_trainers.meta_trainer | Ep [024/500] T-Acc:  86.4%  V-Acc:  70.0%  V-AUROC: 0.7500  LR: 2.00e-05
2026-06-29 14:43:11,802 | [META-RNW] | INFO | meta_classifier_renewed.model_trainers.meta_trainer | Ep [025/500] T-Acc:  72.7%  V-Acc:  60.0%  V-AUROC: 0.7500  LR: 2.00e-05
2026-06-29 14:43:12,197 | [META-RNW] | INFO | meta_classifier_renewed.model_trainers.meta_trainer | Ep [026/500] T-Acc:  90.9%  V-Acc:  60.0%  V-AUROC: 0.7500  LR: 2.00e-05
2026-06-29 14:43:12,563 | [META-RNW] | INFO | meta_classifier_renewed.model_trainers.meta_trainer | Ep [027/500] T-Acc:  95.5%  V-Acc:  60.0%  V-AUROC: 0.7500  LR: 2.00e-05
2026-06-29 14:43:12,935 | [META-RNW] | INFO | meta_classifier_renewed.model_trainers.meta_trainer | Ep [028/500] T-Acc:  81.8%  V-Acc:  70.0%  V-AUROC: 0.7500  LR: 2.00e-05
2026-06-29 14:43:13,286 | [META-RNW] | INFO | meta_classifier_renewed.model_trainers.meta_trainer | Ep [029/500] T-Acc:  86.4%  V-Acc:  80.0%  V-AUROC: 0.7500  LR: 2.00e-05
2026-06-29 14:43:13,647 | [META-RNW] | INFO | meta_classifier_renewed.model_trainers.meta_trainer | Ep [030/500] T-Acc:  90.9%  V-Acc:  80.0%  V-AUROC: 0.7500  LR: 4.00e-06
2026-06-29 14:43:14,060 | [META-RNW] | INFO | meta_classifier_renewed.model_trainers.meta_trainer | Ep [031/500] T-Acc:  81.8%  V-Acc:  80.0%  V-AUROC: 0.7500  LR: 4.00e-06
2026-06-29 14:43:14,489 | [META-RNW] | INFO | meta_classifier_renewed.model_trainers.meta_trainer | Ep [032/500] T-Acc:  95.5%  V-Acc:  80.0%  V-AUROC: 0.7500  LR: 4.00e-06
2026-06-29 14:43:14,890 | [META-RNW] | INFO | meta_classifier_renewed.model_trainers.meta_trainer | Ep [033/500] T-Acc:  90.9%  V-Acc:  70.0%  V-AUROC: 0.7500  LR: 4.00e-06
2026-06-29 14:43:15,270 | [META-RNW] | INFO | meta_classifier_renewed.model_trainers.meta_trainer | Ep [034/500] T-Acc:  95.5%  V-Acc:  70.0%  V-AUROC: 0.7500  LR: 4.00e-06
2026-06-29 14:43:15,689 | [META-RNW] | INFO | meta_classifier_renewed.model_trainers.meta_trainer | Ep [035/500] T-Acc:  86.4%  V-Acc:  80.0%  V-AUROC: 0.7500  LR: 4.00e-06
2026-06-29 14:43:16,074 | [META-RNW] | INFO | meta_classifier_renewed.model_trainers.meta_trainer | Ep [036/500] T-Acc:  77.3%  V-Acc:  80.0%  V-AUROC: 0.7500  LR: 4.00e-06
2026-06-29 14:43:16,484 | [META-RNW] | INFO | meta_classifier_renewed.model_trainers.meta_trainer | Ep [037/500] T-Acc:  95.5%  V-Acc:  80.0%  V-AUROC: 0.7500  LR: 4.00e-06
2026-06-29 14:43:16,484 | [META-RNW] | INFO | meta_classifier_renewed.model_trainers.meta_trainer | Early stop — best AUROC 1.0000 at epoch 7 (no improvement for 30 epochs)
2026-06-29 14:43:16,484 | [META-RNW] | INFO | meta_classifier_renewed.model_trainers.meta_trainer | Done. Best AUROC: 1.0000 (epoch 7)
2026-06-29 14:43:16,639 | [META-RNW] | INFO | meta_classifier_renewed.model_trainers.meta_trainer | Restored best-AUROC checkpoint into model (epoch 7, AUROC 1.0000).
2026-06-29 14:43:16,742 | [META-RNW] | INFO | meta_classifier_renewed.evaluators.monte_carlo_evaluator | -> Fold 16 Result | Acc=0.700 Sens=1.000 Spec=0.250 AUROC=1.000 (Fixed Threshold: 0.5)
2026-06-29 14:43:16,758 | [META-RNW] | INFO | meta_classifier_renewed.evaluators.monte_carlo_evaluator | === Fold 17/30 | train: 22 subj | test: 10 subj ===
2026-06-29 14:43:16,770 | [META-RNW] | INFO | meta_classifier_renewed.model_trainers.meta_trainer | Device: cuda | max_epochs=500 | batch=8 | es_patience=30 | lr=1e-04 | wd=1e-02
2026-06-29 14:43:16,771 | [META-RNW] | INFO | meta_classifier_renewed.model_trainers.meta_trainer | CE weights — HC: 1.100  MCI: 0.917
2026-06-29 14:43:17,178 | [META-RNW] | INFO | meta_classifier_renewed.model_trainers.meta_trainer | Ep [001/500] T-Acc:  54.5%  V-Acc:  60.0%  V-AUROC: 0.5000  LR: 2.00e-05
2026-06-29 14:43:17,276 | [META-RNW] | INFO | meta_classifier_renewed.model_trainers.meta_trainer |   ↳ new best AUROC; saved checkpoint: /home/leggo/AIResearch/VOGBasedMCIDetectionSystemMobileViTSingleExperimentInference/outputs/checkpoints/run_20260629_143830_meta_renewed/fold_16_best.pth
2026-06-29 14:43:17,678 | [META-RNW] | INFO | meta_classifier_renewed.model_trainers.meta_trainer | Ep [002/500] T-Acc:  36.4%  V-Acc:  60.0%  V-AUROC: 0.5417  LR: 4.00e-05
2026-06-29 14:43:17,786 | [META-RNW] | INFO | meta_classifier_renewed.model_trainers.meta_trainer |   ↳ new best AUROC; saved checkpoint: /home/leggo/AIResearch/VOGBasedMCIDetectionSystemMobileViTSingleExperimentInference/outputs/checkpoints/run_20260629_143830_meta_renewed/fold_16_best.pth
2026-06-29 14:43:18,199 | [META-RNW] | INFO | meta_classifier_renewed.model_trainers.meta_trainer | Ep [003/500] T-Acc:  54.5%  V-Acc:  60.0%  V-AUROC: 0.6250  LR: 6.00e-05
2026-06-29 14:43:18,308 | [META-RNW] | INFO | meta_classifier_renewed.model_trainers.meta_trainer |   ↳ new best AUROC; saved checkpoint: /home/leggo/AIResearch/VOGBasedMCIDetectionSystemMobileViTSingleExperimentInference/outputs/checkpoints/run_20260629_143830_meta_renewed/fold_16_best.pth
2026-06-29 14:43:18,759 | [META-RNW] | INFO | meta_classifier_renewed.model_trainers.meta_trainer | Ep [004/500] T-Acc:  63.6%  V-Acc:  50.0%  V-AUROC: 0.6250  LR: 8.00e-05
2026-06-29 14:43:19,168 | [META-RNW] | INFO | meta_classifier_renewed.model_trainers.meta_trainer | Ep [005/500] T-Acc:  68.2%  V-Acc:  60.0%  V-AUROC: 0.5833  LR: 1.00e-04
2026-06-29 14:43:19,611 | [META-RNW] | INFO | meta_classifier_renewed.model_trainers.meta_trainer | Ep [006/500] T-Acc:  50.0%  V-Acc:  50.0%  V-AUROC: 0.5417  LR: 1.00e-04
2026-06-29 14:43:20,048 | [META-RNW] | INFO | meta_classifier_renewed.model_trainers.meta_trainer | Ep [007/500] T-Acc:  63.6%  V-Acc:  50.0%  V-AUROC: 0.5417  LR: 1.00e-04
2026-06-29 14:43:20,495 | [META-RNW] | INFO | meta_classifier_renewed.model_trainers.meta_trainer | Ep [008/500] T-Acc:  54.5%  V-Acc:  40.0%  V-AUROC: 0.5417  LR: 1.00e-04
2026-06-29 14:43:20,957 | [META-RNW] | INFO | meta_classifier_renewed.model_trainers.meta_trainer | Ep [009/500] T-Acc:  68.2%  V-Acc:  40.0%  V-AUROC: 0.5000  LR: 1.00e-04
2026-06-29 14:43:21,354 | [META-RNW] | INFO | meta_classifier_renewed.model_trainers.meta_trainer | Ep [010/500] T-Acc:  45.5%  V-Acc:  50.0%  V-AUROC: 0.4583  LR: 1.00e-04
2026-06-29 14:43:21,747 | [META-RNW] | INFO | meta_classifier_renewed.model_trainers.meta_trainer | Ep [011/500] T-Acc:  59.1%  V-Acc:  50.0%  V-AUROC: 0.5000  LR: 1.00e-04
2026-06-29 14:43:22,149 | [META-RNW] | INFO | meta_classifier_renewed.model_trainers.meta_trainer | Ep [012/500] T-Acc:  77.3%  V-Acc:  40.0%  V-AUROC: 0.5000  LR: 1.00e-04
2026-06-29 14:43:22,607 | [META-RNW] | INFO | meta_classifier_renewed.model_trainers.meta_trainer | Ep [013/500] T-Acc:  54.5%  V-Acc:  40.0%  V-AUROC: 0.5000  LR: 1.00e-04
2026-06-29 14:43:23,006 | [META-RNW] | INFO | meta_classifier_renewed.model_trainers.meta_trainer | Ep [014/500] T-Acc:  72.7%  V-Acc:  40.0%  V-AUROC: 0.4583  LR: 1.00e-04
2026-06-29 14:43:23,402 | [META-RNW] | INFO | meta_classifier_renewed.model_trainers.meta_trainer | Ep [015/500] T-Acc:  72.7%  V-Acc:  40.0%  V-AUROC: 0.4167  LR: 1.00e-04
2026-06-29 14:43:23,835 | [META-RNW] | INFO | meta_classifier_renewed.model_trainers.meta_trainer | Ep [016/500] T-Acc:  77.3%  V-Acc:  30.0%  V-AUROC: 0.3750  LR: 1.00e-04
2026-06-29 14:43:24,299 | [META-RNW] | INFO | meta_classifier_renewed.model_trainers.meta_trainer | Ep [017/500] T-Acc:  77.3%  V-Acc:  40.0%  V-AUROC: 0.3750  LR: 1.00e-04
2026-06-29 14:43:24,708 | [META-RNW] | INFO | meta_classifier_renewed.model_trainers.meta_trainer | Ep [018/500] T-Acc:  77.3%  V-Acc:  40.0%  V-AUROC: 0.3750  LR: 2.00e-05
2026-06-29 14:43:25,114 | [META-RNW] | INFO | meta_classifier_renewed.model_trainers.meta_trainer | Ep [019/500] T-Acc:  72.7%  V-Acc:  40.0%  V-AUROC: 0.3750  LR: 2.00e-05
2026-06-29 14:43:25,533 | [META-RNW] | INFO | meta_classifier_renewed.model_trainers.meta_trainer | Ep [020/500] T-Acc:  90.9%  V-Acc:  40.0%  V-AUROC: 0.3750  LR: 2.00e-05
2026-06-29 14:43:25,943 | [META-RNW] | INFO | meta_classifier_renewed.model_trainers.meta_trainer | Ep [021/500] T-Acc:  72.7%  V-Acc:  30.0%  V-AUROC: 0.3750  LR: 2.00e-05
2026-06-29 14:43:26,334 | [META-RNW] | INFO | meta_classifier_renewed.model_trainers.meta_trainer | Ep [022/500] T-Acc:  77.3%  V-Acc:  30.0%  V-AUROC: 0.3750  LR: 2.00e-05
2026-06-29 14:43:26,700 | [META-RNW] | INFO | meta_classifier_renewed.model_trainers.meta_trainer | Ep [023/500] T-Acc:  81.8%  V-Acc:  30.0%  V-AUROC: 0.3750  LR: 2.00e-05
2026-06-29 14:43:27,090 | [META-RNW] | INFO | meta_classifier_renewed.model_trainers.meta_trainer | Ep [024/500] T-Acc:  81.8%  V-Acc:  30.0%  V-AUROC: 0.3750  LR: 2.00e-05
2026-06-29 14:43:27,532 | [META-RNW] | INFO | meta_classifier_renewed.model_trainers.meta_trainer | Ep [025/500] T-Acc:  77.3%  V-Acc:  40.0%  V-AUROC: 0.3750  LR: 2.00e-05
2026-06-29 14:43:27,987 | [META-RNW] | INFO | meta_classifier_renewed.model_trainers.meta_trainer | Ep [026/500] T-Acc:  77.3%  V-Acc:  40.0%  V-AUROC: 0.3750  LR: 2.00e-05
2026-06-29 14:43:28,402 | [META-RNW] | INFO | meta_classifier_renewed.model_trainers.meta_trainer | Ep [027/500] T-Acc:  90.9%  V-Acc:  40.0%  V-AUROC: 0.3750  LR: 2.00e-05
2026-06-29 14:43:28,788 | [META-RNW] | INFO | meta_classifier_renewed.model_trainers.meta_trainer | Ep [028/500] T-Acc:  72.7%  V-Acc:  40.0%  V-AUROC: 0.3750  LR: 2.00e-05
2026-06-29 14:43:29,159 | [META-RNW] | INFO | meta_classifier_renewed.model_trainers.meta_trainer | Ep [029/500] T-Acc:  86.4%  V-Acc:  40.0%  V-AUROC: 0.3750  LR: 4.00e-06
2026-06-29 14:43:29,575 | [META-RNW] | INFO | meta_classifier_renewed.model_trainers.meta_trainer | Ep [030/500] T-Acc:  86.4%  V-Acc:  40.0%  V-AUROC: 0.3750  LR: 4.00e-06
2026-06-29 14:43:30,001 | [META-RNW] | INFO | meta_classifier_renewed.model_trainers.meta_trainer | Ep [031/500] T-Acc:  86.4%  V-Acc:  40.0%  V-AUROC: 0.3750  LR: 4.00e-06
2026-06-29 14:43:30,407 | [META-RNW] | INFO | meta_classifier_renewed.model_trainers.meta_trainer | Ep [032/500] T-Acc:  72.7%  V-Acc:  40.0%  V-AUROC: 0.3750  LR: 4.00e-06
2026-06-29 14:43:30,787 | [META-RNW] | INFO | meta_classifier_renewed.model_trainers.meta_trainer | Ep [033/500] T-Acc:  81.8%  V-Acc:  30.0%  V-AUROC: 0.3750  LR: 4.00e-06
2026-06-29 14:43:30,789 | [META-RNW] | INFO | meta_classifier_renewed.model_trainers.meta_trainer | Early stop — best AUROC 0.6250 at epoch 3 (no improvement for 30 epochs)
2026-06-29 14:43:30,789 | [META-RNW] | INFO | meta_classifier_renewed.model_trainers.meta_trainer | Done. Best AUROC: 0.6250 (epoch 3)
2026-06-29 14:43:30,947 | [META-RNW] | INFO | meta_classifier_renewed.model_trainers.meta_trainer | Restored best-AUROC checkpoint into model (epoch 3, AUROC 0.6250).
2026-06-29 14:43:31,046 | [META-RNW] | INFO | meta_classifier_renewed.evaluators.monte_carlo_evaluator | -> Fold 17 Result | Acc=0.600 Sens=0.833 Spec=0.250 AUROC=0.625 (Fixed Threshold: 0.5)
2026-06-29 14:43:31,062 | [META-RNW] | INFO | meta_classifier_renewed.evaluators.monte_carlo_evaluator | === Fold 18/30 | train: 22 subj | test: 10 subj ===
2026-06-29 14:43:31,074 | [META-RNW] | INFO | meta_classifier_renewed.model_trainers.meta_trainer | Device: cuda | max_epochs=500 | batch=8 | es_patience=30 | lr=1e-04 | wd=1e-02
2026-06-29 14:43:31,075 | [META-RNW] | INFO | meta_classifier_renewed.model_trainers.meta_trainer | CE weights — HC: 1.100  MCI: 0.917
2026-06-29 14:43:31,476 | [META-RNW] | INFO | meta_classifier_renewed.model_trainers.meta_trainer | Ep [001/500] T-Acc:  54.5%  V-Acc:  60.0%  V-AUROC: 0.7500  LR: 2.00e-05
2026-06-29 14:43:31,574 | [META-RNW] | INFO | meta_classifier_renewed.model_trainers.meta_trainer |   ↳ new best AUROC; saved checkpoint: /home/leggo/AIResearch/VOGBasedMCIDetectionSystemMobileViTSingleExperimentInference/outputs/checkpoints/run_20260629_143830_meta_renewed/fold_17_best.pth
2026-06-29 14:43:31,953 | [META-RNW] | INFO | meta_classifier_renewed.model_trainers.meta_trainer | Ep [002/500] T-Acc:  45.5%  V-Acc:  60.0%  V-AUROC: 0.7500  LR: 4.00e-05
2026-06-29 14:43:32,377 | [META-RNW] | INFO | meta_classifier_renewed.model_trainers.meta_trainer | Ep [003/500] T-Acc:  54.5%  V-Acc:  60.0%  V-AUROC: 0.6667  LR: 6.00e-05
2026-06-29 14:43:32,772 | [META-RNW] | INFO | meta_classifier_renewed.model_trainers.meta_trainer | Ep [004/500] T-Acc:  45.5%  V-Acc:  60.0%  V-AUROC: 0.5833  LR: 8.00e-05
2026-06-29 14:43:33,150 | [META-RNW] | INFO | meta_classifier_renewed.model_trainers.meta_trainer | Ep [005/500] T-Acc:  54.5%  V-Acc:  60.0%  V-AUROC: 0.5833  LR: 1.00e-04
2026-06-29 14:43:33,531 | [META-RNW] | INFO | meta_classifier_renewed.model_trainers.meta_trainer | Ep [006/500] T-Acc:  45.5%  V-Acc:  60.0%  V-AUROC: 0.7083  LR: 1.00e-04
2026-06-29 14:43:33,975 | [META-RNW] | INFO | meta_classifier_renewed.model_trainers.meta_trainer | Ep [007/500] T-Acc:  63.6%  V-Acc:  60.0%  V-AUROC: 0.7083  LR: 1.00e-04
2026-06-29 14:43:34,365 | [META-RNW] | INFO | meta_classifier_renewed.model_trainers.meta_trainer | Ep [008/500] T-Acc:  59.1%  V-Acc:  80.0%  V-AUROC: 0.7917  LR: 1.00e-04
2026-06-29 14:43:34,475 | [META-RNW] | INFO | meta_classifier_renewed.model_trainers.meta_trainer |   ↳ new best AUROC; saved checkpoint: /home/leggo/AIResearch/VOGBasedMCIDetectionSystemMobileViTSingleExperimentInference/outputs/checkpoints/run_20260629_143830_meta_renewed/fold_17_best.pth
2026-06-29 14:43:34,857 | [META-RNW] | INFO | meta_classifier_renewed.model_trainers.meta_trainer | Ep [009/500] T-Acc:  81.8%  V-Acc:  60.0%  V-AUROC: 0.7917  LR: 1.00e-04
2026-06-29 14:43:35,249 | [META-RNW] | INFO | meta_classifier_renewed.model_trainers.meta_trainer | Ep [010/500] T-Acc:  68.2%  V-Acc:  60.0%  V-AUROC: 0.7083  LR: 1.00e-04
2026-06-29 14:43:35,639 | [META-RNW] | INFO | meta_classifier_renewed.model_trainers.meta_trainer | Ep [011/500] T-Acc:  77.3%  V-Acc:  60.0%  V-AUROC: 0.6250  LR: 1.00e-04
2026-06-29 14:43:36,048 | [META-RNW] | INFO | meta_classifier_renewed.model_trainers.meta_trainer | Ep [012/500] T-Acc:  72.7%  V-Acc:  60.0%  V-AUROC: 0.5000  LR: 1.00e-04
2026-06-29 14:43:36,472 | [META-RNW] | INFO | meta_classifier_renewed.model_trainers.meta_trainer | Ep [013/500] T-Acc:  77.3%  V-Acc:  60.0%  V-AUROC: 0.5000  LR: 1.00e-04
2026-06-29 14:43:36,875 | [META-RNW] | INFO | meta_classifier_renewed.model_trainers.meta_trainer | Ep [014/500] T-Acc:  54.5%  V-Acc:  70.0%  V-AUROC: 0.7917  LR: 1.00e-04
2026-06-29 14:43:37,272 | [META-RNW] | INFO | meta_classifier_renewed.model_trainers.meta_trainer | Ep [015/500] T-Acc:  68.2%  V-Acc:  80.0%  V-AUROC: 0.7917  LR: 1.00e-04
2026-06-29 14:43:37,680 | [META-RNW] | INFO | meta_classifier_renewed.model_trainers.meta_trainer | Ep [016/500] T-Acc:  72.7%  V-Acc:  70.0%  V-AUROC: 0.7917  LR: 1.00e-04
2026-06-29 14:43:38,069 | [META-RNW] | INFO | meta_classifier_renewed.model_trainers.meta_trainer | Ep [017/500] T-Acc:  77.3%  V-Acc:  70.0%  V-AUROC: 0.7500  LR: 1.00e-04
2026-06-29 14:43:38,465 | [META-RNW] | INFO | meta_classifier_renewed.model_trainers.meta_trainer | Ep [018/500] T-Acc:  63.6%  V-Acc:  70.0%  V-AUROC: 0.7083  LR: 1.00e-04
2026-06-29 14:43:38,884 | [META-RNW] | INFO | meta_classifier_renewed.model_trainers.meta_trainer | Ep [019/500] T-Acc:  68.2%  V-Acc:  60.0%  V-AUROC: 0.6667  LR: 1.00e-04
2026-06-29 14:43:39,320 | [META-RNW] | INFO | meta_classifier_renewed.model_trainers.meta_trainer | Ep [020/500] T-Acc:  68.2%  V-Acc:  50.0%  V-AUROC: 0.6667  LR: 2.00e-05
2026-06-29 14:43:39,720 | [META-RNW] | INFO | meta_classifier_renewed.model_trainers.meta_trainer | Ep [021/500] T-Acc:  77.3%  V-Acc:  60.0%  V-AUROC: 0.6667  LR: 2.00e-05
2026-06-29 14:43:40,128 | [META-RNW] | INFO | meta_classifier_renewed.model_trainers.meta_trainer | Ep [022/500] T-Acc:  68.2%  V-Acc:  60.0%  V-AUROC: 0.7500  LR: 2.00e-05
2026-06-29 14:43:40,585 | [META-RNW] | INFO | meta_classifier_renewed.model_trainers.meta_trainer | Ep [023/500] T-Acc:  81.8%  V-Acc:  60.0%  V-AUROC: 0.7500  LR: 2.00e-05
2026-06-29 14:43:41,020 | [META-RNW] | INFO | meta_classifier_renewed.model_trainers.meta_trainer | Ep [024/500] T-Acc:  86.4%  V-Acc:  70.0%  V-AUROC: 0.7917  LR: 2.00e-05
2026-06-29 14:43:41,434 | [META-RNW] | INFO | meta_classifier_renewed.model_trainers.meta_trainer | Ep [025/500] T-Acc:  90.9%  V-Acc:  80.0%  V-AUROC: 0.7917  LR: 2.00e-05
2026-06-29 14:43:41,849 | [META-RNW] | INFO | meta_classifier_renewed.model_trainers.meta_trainer | Ep [026/500] T-Acc:  81.8%  V-Acc:  80.0%  V-AUROC: 0.7917  LR: 2.00e-05
2026-06-29 14:43:42,290 | [META-RNW] | INFO | meta_classifier_renewed.model_trainers.meta_trainer | Ep [027/500] T-Acc:  90.9%  V-Acc:  70.0%  V-AUROC: 0.7500  LR: 2.00e-05
2026-06-29 14:43:42,691 | [META-RNW] | INFO | meta_classifier_renewed.model_trainers.meta_trainer | Ep [028/500] T-Acc:  77.3%  V-Acc:  70.0%  V-AUROC: 0.7500  LR: 2.00e-05
2026-06-29 14:43:43,085 | [META-RNW] | INFO | meta_classifier_renewed.model_trainers.meta_trainer | Ep [029/500] T-Acc: 100.0%  V-Acc:  70.0%  V-AUROC: 0.7500  LR: 2.00e-05
2026-06-29 14:43:43,500 | [META-RNW] | INFO | meta_classifier_renewed.model_trainers.meta_trainer | Ep [030/500] T-Acc:  77.3%  V-Acc:  70.0%  V-AUROC: 0.7083  LR: 2.00e-05
2026-06-29 14:43:43,914 | [META-RNW] | INFO | meta_classifier_renewed.model_trainers.meta_trainer | Ep [031/500] T-Acc:  90.9%  V-Acc:  70.0%  V-AUROC: 0.7083  LR: 4.00e-06
2026-06-29 14:43:44,324 | [META-RNW] | INFO | meta_classifier_renewed.model_trainers.meta_trainer | Ep [032/500] T-Acc:  86.4%  V-Acc:  70.0%  V-AUROC: 0.7083  LR: 4.00e-06
2026-06-29 14:43:44,759 | [META-RNW] | INFO | meta_classifier_renewed.model_trainers.meta_trainer | Ep [033/500] T-Acc:  90.9%  V-Acc:  70.0%  V-AUROC: 0.7083  LR: 4.00e-06
2026-06-29 14:43:45,197 | [META-RNW] | INFO | meta_classifier_renewed.model_trainers.meta_trainer | Ep [034/500] T-Acc:  86.4%  V-Acc:  70.0%  V-AUROC: 0.7083  LR: 4.00e-06
2026-06-29 14:43:45,590 | [META-RNW] | INFO | meta_classifier_renewed.model_trainers.meta_trainer | Ep [035/500] T-Acc:  95.5%  V-Acc:  70.0%  V-AUROC: 0.7083  LR: 4.00e-06
2026-06-29 14:43:45,996 | [META-RNW] | INFO | meta_classifier_renewed.model_trainers.meta_trainer | Ep [036/500] T-Acc:  86.4%  V-Acc:  70.0%  V-AUROC: 0.7083  LR: 4.00e-06
2026-06-29 14:43:46,407 | [META-RNW] | INFO | meta_classifier_renewed.model_trainers.meta_trainer | Ep [037/500] T-Acc:  86.4%  V-Acc:  70.0%  V-AUROC: 0.7083  LR: 4.00e-06
2026-06-29 14:43:46,810 | [META-RNW] | INFO | meta_classifier_renewed.model_trainers.meta_trainer | Ep [038/500] T-Acc:  95.5%  V-Acc:  70.0%  V-AUROC: 0.7083  LR: 4.00e-06
2026-06-29 14:43:46,812 | [META-RNW] | INFO | meta_classifier_renewed.model_trainers.meta_trainer | Early stop — best AUROC 0.7917 at epoch 8 (no improvement for 30 epochs)
2026-06-29 14:43:46,812 | [META-RNW] | INFO | meta_classifier_renewed.model_trainers.meta_trainer | Done. Best AUROC: 0.7917 (epoch 8)
2026-06-29 14:43:46,972 | [META-RNW] | INFO | meta_classifier_renewed.model_trainers.meta_trainer | Restored best-AUROC checkpoint into model (epoch 8, AUROC 0.7917).
2026-06-29 14:43:47,078 | [META-RNW] | INFO | meta_classifier_renewed.evaluators.monte_carlo_evaluator | -> Fold 18 Result | Acc=0.800 Sens=0.833 Spec=0.750 AUROC=0.792 (Fixed Threshold: 0.5)
2026-06-29 14:43:47,094 | [META-RNW] | INFO | meta_classifier_renewed.evaluators.monte_carlo_evaluator | === Fold 19/30 | train: 22 subj | test: 10 subj ===
2026-06-29 14:43:47,107 | [META-RNW] | INFO | meta_classifier_renewed.model_trainers.meta_trainer | Device: cuda | max_epochs=500 | batch=8 | es_patience=30 | lr=1e-04 | wd=1e-02
2026-06-29 14:43:47,107 | [META-RNW] | INFO | meta_classifier_renewed.model_trainers.meta_trainer | CE weights — HC: 0.917  MCI: 1.100
2026-06-29 14:43:47,527 | [META-RNW] | INFO | meta_classifier_renewed.model_trainers.meta_trainer | Ep [001/500] T-Acc:  50.0%  V-Acc:  60.0%  V-AUROC: 0.4375  LR: 2.00e-05
2026-06-29 14:43:47,626 | [META-RNW] | INFO | meta_classifier_renewed.model_trainers.meta_trainer |   ↳ new best AUROC; saved checkpoint: /home/leggo/AIResearch/VOGBasedMCIDetectionSystemMobileViTSingleExperimentInference/outputs/checkpoints/run_20260629_143830_meta_renewed/fold_18_best.pth
2026-06-29 14:43:48,032 | [META-RNW] | INFO | meta_classifier_renewed.model_trainers.meta_trainer | Ep [002/500] T-Acc:  59.1%  V-Acc:  60.0%  V-AUROC: 0.4375  LR: 4.00e-05
2026-06-29 14:43:48,456 | [META-RNW] | INFO | meta_classifier_renewed.model_trainers.meta_trainer | Ep [003/500] T-Acc:  36.4%  V-Acc:  50.0%  V-AUROC: 0.4375  LR: 6.00e-05
2026-06-29 14:43:48,906 | [META-RNW] | INFO | meta_classifier_renewed.model_trainers.meta_trainer | Ep [004/500] T-Acc:  40.9%  V-Acc:  70.0%  V-AUROC: 0.5000  LR: 8.00e-05
2026-06-29 14:43:49,022 | [META-RNW] | INFO | meta_classifier_renewed.model_trainers.meta_trainer |   ↳ new best AUROC; saved checkpoint: /home/leggo/AIResearch/VOGBasedMCIDetectionSystemMobileViTSingleExperimentInference/outputs/checkpoints/run_20260629_143830_meta_renewed/fold_18_best.pth
2026-06-29 14:43:49,441 | [META-RNW] | INFO | meta_classifier_renewed.model_trainers.meta_trainer | Ep [005/500] T-Acc:  63.6%  V-Acc:  80.0%  V-AUROC: 0.6250  LR: 1.00e-04
2026-06-29 14:43:49,547 | [META-RNW] | INFO | meta_classifier_renewed.model_trainers.meta_trainer |   ↳ new best AUROC; saved checkpoint: /home/leggo/AIResearch/VOGBasedMCIDetectionSystemMobileViTSingleExperimentInference/outputs/checkpoints/run_20260629_143830_meta_renewed/fold_18_best.pth
2026-06-29 14:43:49,965 | [META-RNW] | INFO | meta_classifier_renewed.model_trainers.meta_trainer | Ep [006/500] T-Acc:  50.0%  V-Acc:  70.0%  V-AUROC: 0.6250  LR: 1.00e-04
2026-06-29 14:43:50,400 | [META-RNW] | INFO | meta_classifier_renewed.model_trainers.meta_trainer | Ep [007/500] T-Acc:  63.6%  V-Acc:  50.0%  V-AUROC: 0.6250  LR: 1.00e-04
2026-06-29 14:43:50,832 | [META-RNW] | INFO | meta_classifier_renewed.model_trainers.meta_trainer | Ep [008/500] T-Acc:  72.7%  V-Acc:  40.0%  V-AUROC: 0.6875  LR: 1.00e-04
2026-06-29 14:43:50,944 | [META-RNW] | INFO | meta_classifier_renewed.model_trainers.meta_trainer |   ↳ new best AUROC; saved checkpoint: /home/leggo/AIResearch/VOGBasedMCIDetectionSystemMobileViTSingleExperimentInference/outputs/checkpoints/run_20260629_143830_meta_renewed/fold_18_best.pth
2026-06-29 14:43:51,353 | [META-RNW] | INFO | meta_classifier_renewed.model_trainers.meta_trainer | Ep [009/500] T-Acc:  68.2%  V-Acc:  30.0%  V-AUROC: 0.6250  LR: 1.00e-04
2026-06-29 14:43:51,762 | [META-RNW] | INFO | meta_classifier_renewed.model_trainers.meta_trainer | Ep [010/500] T-Acc:  54.5%  V-Acc:  50.0%  V-AUROC: 0.6250  LR: 1.00e-04
2026-06-29 14:43:52,162 | [META-RNW] | INFO | meta_classifier_renewed.model_trainers.meta_trainer | Ep [011/500] T-Acc:  63.6%  V-Acc:  60.0%  V-AUROC: 0.6250  LR: 1.00e-04
2026-06-29 14:43:52,553 | [META-RNW] | INFO | meta_classifier_renewed.model_trainers.meta_trainer | Ep [012/500] T-Acc:  86.4%  V-Acc:  60.0%  V-AUROC: 0.5625  LR: 1.00e-04
2026-06-29 14:43:52,937 | [META-RNW] | INFO | meta_classifier_renewed.model_trainers.meta_trainer | Ep [013/500] T-Acc:  72.7%  V-Acc:  70.0%  V-AUROC: 0.4375  LR: 1.00e-04
2026-06-29 14:43:53,325 | [META-RNW] | INFO | meta_classifier_renewed.model_trainers.meta_trainer | Ep [014/500] T-Acc:  72.7%  V-Acc:  40.0%  V-AUROC: 0.3750  LR: 1.00e-04
2026-06-29 14:43:53,702 | [META-RNW] | INFO | meta_classifier_renewed.model_trainers.meta_trainer | Ep [015/500] T-Acc:  86.4%  V-Acc:  40.0%  V-AUROC: 0.3125  LR: 1.00e-04
2026-06-29 14:43:54,089 | [META-RNW] | INFO | meta_classifier_renewed.model_trainers.meta_trainer | Ep [016/500] T-Acc:  90.9%  V-Acc:  30.0%  V-AUROC: 0.3125  LR: 1.00e-04
2026-06-29 14:43:54,507 | [META-RNW] | INFO | meta_classifier_renewed.model_trainers.meta_trainer | Ep [017/500] T-Acc:  95.5%  V-Acc:  50.0%  V-AUROC: 0.3750  LR: 1.00e-04
2026-06-29 14:43:54,925 | [META-RNW] | INFO | meta_classifier_renewed.model_trainers.meta_trainer | Ep [018/500] T-Acc:  81.8%  V-Acc:  50.0%  V-AUROC: 0.4375  LR: 1.00e-04
2026-06-29 14:43:55,327 | [META-RNW] | INFO | meta_classifier_renewed.model_trainers.meta_trainer | Ep [019/500] T-Acc:  90.9%  V-Acc:  60.0%  V-AUROC: 0.5000  LR: 1.00e-04
2026-06-29 14:43:55,706 | [META-RNW] | INFO | meta_classifier_renewed.model_trainers.meta_trainer | Ep [020/500] T-Acc:  86.4%  V-Acc:  60.0%  V-AUROC: 0.5000  LR: 2.00e-05
2026-06-29 14:43:56,074 | [META-RNW] | INFO | meta_classifier_renewed.model_trainers.meta_trainer | Ep [021/500] T-Acc:  90.9%  V-Acc:  60.0%  V-AUROC: 0.5000  LR: 2.00e-05
2026-06-29 14:43:56,440 | [META-RNW] | INFO | meta_classifier_renewed.model_trainers.meta_trainer | Ep [022/500] T-Acc:  95.5%  V-Acc:  60.0%  V-AUROC: 0.5000  LR: 2.00e-05
2026-06-29 14:43:56,804 | [META-RNW] | INFO | meta_classifier_renewed.model_trainers.meta_trainer | Ep [023/500] T-Acc:  90.9%  V-Acc:  50.0%  V-AUROC: 0.5000  LR: 2.00e-05
2026-06-29 14:43:57,215 | [META-RNW] | INFO | meta_classifier_renewed.model_trainers.meta_trainer | Ep [024/500] T-Acc: 100.0%  V-Acc:  50.0%  V-AUROC: 0.5000  LR: 2.00e-05
2026-06-29 14:43:57,588 | [META-RNW] | INFO | meta_classifier_renewed.model_trainers.meta_trainer | Ep [025/500] T-Acc: 100.0%  V-Acc:  50.0%  V-AUROC: 0.5000  LR: 2.00e-05
2026-06-29 14:43:57,956 | [META-RNW] | INFO | meta_classifier_renewed.model_trainers.meta_trainer | Ep [026/500] T-Acc:  95.5%  V-Acc:  50.0%  V-AUROC: 0.4375  LR: 2.00e-05
2026-06-29 14:43:58,316 | [META-RNW] | INFO | meta_classifier_renewed.model_trainers.meta_trainer | Ep [027/500] T-Acc:  90.9%  V-Acc:  50.0%  V-AUROC: 0.4375  LR: 2.00e-05
2026-06-29 14:43:58,681 | [META-RNW] | INFO | meta_classifier_renewed.model_trainers.meta_trainer | Ep [028/500] T-Acc:  95.5%  V-Acc:  40.0%  V-AUROC: 0.3750  LR: 2.00e-05
2026-06-29 14:43:59,094 | [META-RNW] | INFO | meta_classifier_renewed.model_trainers.meta_trainer | Ep [029/500] T-Acc:  95.5%  V-Acc:  40.0%  V-AUROC: 0.3750  LR: 2.00e-05
2026-06-29 14:43:59,477 | [META-RNW] | INFO | meta_classifier_renewed.model_trainers.meta_trainer | Ep [030/500] T-Acc:  95.5%  V-Acc:  40.0%  V-AUROC: 0.3750  LR: 2.00e-05
2026-06-29 14:43:59,920 | [META-RNW] | INFO | meta_classifier_renewed.model_trainers.meta_trainer | Ep [031/500] T-Acc:  95.5%  V-Acc:  40.0%  V-AUROC: 0.3750  LR: 4.00e-06
2026-06-29 14:44:00,333 | [META-RNW] | INFO | meta_classifier_renewed.model_trainers.meta_trainer | Ep [032/500] T-Acc:  95.5%  V-Acc:  40.0%  V-AUROC: 0.3750  LR: 4.00e-06
2026-06-29 14:44:00,741 | [META-RNW] | INFO | meta_classifier_renewed.model_trainers.meta_trainer | Ep [033/500] T-Acc:  95.5%  V-Acc:  40.0%  V-AUROC: 0.3750  LR: 4.00e-06
2026-06-29 14:44:01,143 | [META-RNW] | INFO | meta_classifier_renewed.model_trainers.meta_trainer | Ep [034/500] T-Acc:  95.5%  V-Acc:  40.0%  V-AUROC: 0.3750  LR: 4.00e-06
2026-06-29 14:44:01,546 | [META-RNW] | INFO | meta_classifier_renewed.model_trainers.meta_trainer | Ep [035/500] T-Acc:  95.5%  V-Acc:  40.0%  V-AUROC: 0.3750  LR: 4.00e-06
2026-06-29 14:44:01,941 | [META-RNW] | INFO | meta_classifier_renewed.model_trainers.meta_trainer | Ep [036/500] T-Acc: 100.0%  V-Acc:  40.0%  V-AUROC: 0.3750  LR: 4.00e-06
2026-06-29 14:44:02,351 | [META-RNW] | INFO | meta_classifier_renewed.model_trainers.meta_trainer | Ep [037/500] T-Acc:  95.5%  V-Acc:  40.0%  V-AUROC: 0.3750  LR: 4.00e-06
2026-06-29 14:44:02,771 | [META-RNW] | INFO | meta_classifier_renewed.model_trainers.meta_trainer | Ep [038/500] T-Acc:  95.5%  V-Acc:  40.0%  V-AUROC: 0.3750  LR: 4.00e-06
2026-06-29 14:44:02,771 | [META-RNW] | INFO | meta_classifier_renewed.model_trainers.meta_trainer | Early stop — best AUROC 0.6875 at epoch 8 (no improvement for 30 epochs)
2026-06-29 14:44:02,772 | [META-RNW] | INFO | meta_classifier_renewed.model_trainers.meta_trainer | Done. Best AUROC: 0.6875 (epoch 8)
2026-06-29 14:44:02,933 | [META-RNW] | INFO | meta_classifier_renewed.model_trainers.meta_trainer | Restored best-AUROC checkpoint into model (epoch 8, AUROC 0.6875).
2026-06-29 14:44:03,047 | [META-RNW] | INFO | meta_classifier_renewed.evaluators.monte_carlo_evaluator | -> Fold 19 Result | Acc=0.400 Sens=0.250 Spec=1.000 AUROC=0.688 (Fixed Threshold: 0.5)
2026-06-29 14:44:03,063 | [META-RNW] | INFO | meta_classifier_renewed.evaluators.monte_carlo_evaluator | === Fold 20/30 | train: 22 subj | test: 10 subj ===
2026-06-29 14:44:03,076 | [META-RNW] | INFO | meta_classifier_renewed.model_trainers.meta_trainer | Device: cuda | max_epochs=500 | batch=8 | es_patience=30 | lr=1e-04 | wd=1e-02
2026-06-29 14:44:03,077 | [META-RNW] | INFO | meta_classifier_renewed.model_trainers.meta_trainer | CE weights — HC: 1.833  MCI: 0.688
2026-06-29 14:44:03,536 | [META-RNW] | INFO | meta_classifier_renewed.model_trainers.meta_trainer | Ep [001/500] T-Acc:  27.3%  V-Acc:  80.0%  V-AUROC: 0.4375  LR: 2.00e-05
2026-06-29 14:44:03,637 | [META-RNW] | INFO | meta_classifier_renewed.model_trainers.meta_trainer |   ↳ new best AUROC; saved checkpoint: /home/leggo/AIResearch/VOGBasedMCIDetectionSystemMobileViTSingleExperimentInference/outputs/checkpoints/run_20260629_143830_meta_renewed/fold_19_best.pth
2026-06-29 14:44:04,093 | [META-RNW] | INFO | meta_classifier_renewed.model_trainers.meta_trainer | Ep [002/500] T-Acc:  54.5%  V-Acc:  40.0%  V-AUROC: 0.5000  LR: 4.00e-05
2026-06-29 14:44:04,211 | [META-RNW] | INFO | meta_classifier_renewed.model_trainers.meta_trainer |   ↳ new best AUROC; saved checkpoint: /home/leggo/AIResearch/VOGBasedMCIDetectionSystemMobileViTSingleExperimentInference/outputs/checkpoints/run_20260629_143830_meta_renewed/fold_19_best.pth
2026-06-29 14:44:04,660 | [META-RNW] | INFO | meta_classifier_renewed.model_trainers.meta_trainer | Ep [003/500] T-Acc:  40.9%  V-Acc:  20.0%  V-AUROC: 0.5625  LR: 6.00e-05
2026-06-29 14:44:04,785 | [META-RNW] | INFO | meta_classifier_renewed.model_trainers.meta_trainer |   ↳ new best AUROC; saved checkpoint: /home/leggo/AIResearch/VOGBasedMCIDetectionSystemMobileViTSingleExperimentInference/outputs/checkpoints/run_20260629_143830_meta_renewed/fold_19_best.pth
2026-06-29 14:44:05,139 | [META-RNW] | INFO | meta_classifier_renewed.model_trainers.meta_trainer | Ep [004/500] T-Acc:  63.6%  V-Acc:  20.0%  V-AUROC: 0.5000  LR: 8.00e-05
2026-06-29 14:44:05,494 | [META-RNW] | INFO | meta_classifier_renewed.model_trainers.meta_trainer | Ep [005/500] T-Acc:  45.5%  V-Acc:  10.0%  V-AUROC: 0.5000  LR: 1.00e-04
2026-06-29 14:44:05,818 | [META-RNW] | INFO | meta_classifier_renewed.model_trainers.meta_trainer | Ep [006/500] T-Acc:  63.6%  V-Acc:  40.0%  V-AUROC: 0.5000  LR: 1.00e-04
2026-06-29 14:44:06,137 | [META-RNW] | INFO | meta_classifier_renewed.model_trainers.meta_trainer | Ep [007/500] T-Acc:  63.6%  V-Acc:  20.0%  V-AUROC: 0.5000  LR: 1.00e-04
2026-06-29 14:44:06,469 | [META-RNW] | INFO | meta_classifier_renewed.model_trainers.meta_trainer | Ep [008/500] T-Acc:  54.5%  V-Acc:  20.0%  V-AUROC: 0.5625  LR: 1.00e-04
2026-06-29 14:44:06,810 | [META-RNW] | INFO | meta_classifier_renewed.model_trainers.meta_trainer | Ep [009/500] T-Acc:  59.1%  V-Acc:  50.0%  V-AUROC: 0.5625  LR: 1.00e-04
2026-06-29 14:44:07,161 | [META-RNW] | INFO | meta_classifier_renewed.model_trainers.meta_trainer | Ep [010/500] T-Acc:  59.1%  V-Acc:  90.0%  V-AUROC: 0.6250  LR: 1.00e-04
2026-06-29 14:44:07,268 | [META-RNW] | INFO | meta_classifier_renewed.model_trainers.meta_trainer |   ↳ new best AUROC; saved checkpoint: /home/leggo/AIResearch/VOGBasedMCIDetectionSystemMobileViTSingleExperimentInference/outputs/checkpoints/run_20260629_143830_meta_renewed/fold_19_best.pth
2026-06-29 14:44:07,617 | [META-RNW] | INFO | meta_classifier_renewed.model_trainers.meta_trainer | Ep [011/500] T-Acc:  54.5%  V-Acc:  80.0%  V-AUROC: 0.7500  LR: 1.00e-04
2026-06-29 14:44:07,865 | [META-RNW] | INFO | meta_classifier_renewed.model_trainers.meta_trainer |   ↳ new best AUROC; saved checkpoint: /home/leggo/AIResearch/VOGBasedMCIDetectionSystemMobileViTSingleExperimentInference/outputs/checkpoints/run_20260629_143830_meta_renewed/fold_19_best.pth
2026-06-29 14:44:08,251 | [META-RNW] | INFO | meta_classifier_renewed.model_trainers.meta_trainer | Ep [012/500] T-Acc:  54.5%  V-Acc:  60.0%  V-AUROC: 0.7500  LR: 1.00e-04
2026-06-29 14:44:08,669 | [META-RNW] | INFO | meta_classifier_renewed.model_trainers.meta_trainer | Ep [013/500] T-Acc:  50.0%  V-Acc:  50.0%  V-AUROC: 0.8750  LR: 1.00e-04
2026-06-29 14:44:08,785 | [META-RNW] | INFO | meta_classifier_renewed.model_trainers.meta_trainer |   ↳ new best AUROC; saved checkpoint: /home/leggo/AIResearch/VOGBasedMCIDetectionSystemMobileViTSingleExperimentInference/outputs/checkpoints/run_20260629_143830_meta_renewed/fold_19_best.pth
2026-06-29 14:44:09,222 | [META-RNW] | INFO | meta_classifier_renewed.model_trainers.meta_trainer | Ep [014/500] T-Acc:  72.7%  V-Acc:  30.0%  V-AUROC: 0.9375  LR: 1.00e-04
2026-06-29 14:44:09,449 | [META-RNW] | INFO | meta_classifier_renewed.model_trainers.meta_trainer |   ↳ new best AUROC; saved checkpoint: /home/leggo/AIResearch/VOGBasedMCIDetectionSystemMobileViTSingleExperimentInference/outputs/checkpoints/run_20260629_143830_meta_renewed/fold_19_best.pth
2026-06-29 14:44:09,860 | [META-RNW] | INFO | meta_classifier_renewed.model_trainers.meta_trainer | Ep [015/500] T-Acc:  90.9%  V-Acc:  30.0%  V-AUROC: 1.0000  LR: 1.00e-04
2026-06-29 14:44:10,122 | [META-RNW] | INFO | meta_classifier_renewed.model_trainers.meta_trainer |   ↳ new best AUROC; saved checkpoint: /home/leggo/AIResearch/VOGBasedMCIDetectionSystemMobileViTSingleExperimentInference/outputs/checkpoints/run_20260629_143830_meta_renewed/fold_19_best.pth
2026-06-29 14:44:10,581 | [META-RNW] | INFO | meta_classifier_renewed.model_trainers.meta_trainer | Ep [016/500] T-Acc:  81.8%  V-Acc:  50.0%  V-AUROC: 1.0000  LR: 1.00e-04
2026-06-29 14:44:11,019 | [META-RNW] | INFO | meta_classifier_renewed.model_trainers.meta_trainer | Ep [017/500] T-Acc:  81.8%  V-Acc:  60.0%  V-AUROC: 0.9375  LR: 1.00e-04
2026-06-29 14:44:11,437 | [META-RNW] | INFO | meta_classifier_renewed.model_trainers.meta_trainer | Ep [018/500] T-Acc:  77.3%  V-Acc:  60.0%  V-AUROC: 0.9375  LR: 1.00e-04
2026-06-29 14:44:11,861 | [META-RNW] | INFO | meta_classifier_renewed.model_trainers.meta_trainer | Ep [019/500] T-Acc:  86.4%  V-Acc:  60.0%  V-AUROC: 0.9375  LR: 1.00e-04
2026-06-29 14:44:12,260 | [META-RNW] | INFO | meta_classifier_renewed.model_trainers.meta_trainer | Ep [020/500] T-Acc:  77.3%  V-Acc:  60.0%  V-AUROC: 0.8750  LR: 1.00e-04
2026-06-29 14:44:12,671 | [META-RNW] | INFO | meta_classifier_renewed.model_trainers.meta_trainer | Ep [021/500] T-Acc:  68.2%  V-Acc:  60.0%  V-AUROC: 0.9375  LR: 1.00e-04
2026-06-29 14:44:13,061 | [META-RNW] | INFO | meta_classifier_renewed.model_trainers.meta_trainer | Ep [022/500] T-Acc:  81.8%  V-Acc:  60.0%  V-AUROC: 0.8750  LR: 1.00e-04
2026-06-29 14:44:13,468 | [META-RNW] | INFO | meta_classifier_renewed.model_trainers.meta_trainer | Ep [023/500] T-Acc:  81.8%  V-Acc:  60.0%  V-AUROC: 0.8750  LR: 1.00e-04
2026-06-29 14:44:13,867 | [META-RNW] | INFO | meta_classifier_renewed.model_trainers.meta_trainer | Ep [024/500] T-Acc:  86.4%  V-Acc:  60.0%  V-AUROC: 0.8750  LR: 1.00e-04
2026-06-29 14:44:14,250 | [META-RNW] | INFO | meta_classifier_renewed.model_trainers.meta_trainer | Ep [025/500] T-Acc:  86.4%  V-Acc:  60.0%  V-AUROC: 0.8750  LR: 1.00e-04
2026-06-29 14:44:14,671 | [META-RNW] | INFO | meta_classifier_renewed.model_trainers.meta_trainer | Ep [026/500] T-Acc:  90.9%  V-Acc:  60.0%  V-AUROC: 0.9375  LR: 1.00e-04
2026-06-29 14:44:15,074 | [META-RNW] | INFO | meta_classifier_renewed.model_trainers.meta_trainer | Ep [027/500] T-Acc:  90.9%  V-Acc:  60.0%  V-AUROC: 0.9375  LR: 2.00e-05
2026-06-29 14:44:15,470 | [META-RNW] | INFO | meta_classifier_renewed.model_trainers.meta_trainer | Ep [028/500] T-Acc:  95.5%  V-Acc:  60.0%  V-AUROC: 0.9375  LR: 2.00e-05
2026-06-29 14:44:15,868 | [META-RNW] | INFO | meta_classifier_renewed.model_trainers.meta_trainer | Ep [029/500] T-Acc:  95.5%  V-Acc:  60.0%  V-AUROC: 0.9375  LR: 2.00e-05
2026-06-29 14:44:16,252 | [META-RNW] | INFO | meta_classifier_renewed.model_trainers.meta_trainer | Ep [030/500] T-Acc:  90.9%  V-Acc:  60.0%  V-AUROC: 0.8750  LR: 2.00e-05
2026-06-29 14:44:16,631 | [META-RNW] | INFO | meta_classifier_renewed.model_trainers.meta_trainer | Ep [031/500] T-Acc:  90.9%  V-Acc:  60.0%  V-AUROC: 0.8750  LR: 2.00e-05
2026-06-29 14:44:17,015 | [META-RNW] | INFO | meta_classifier_renewed.model_trainers.meta_trainer | Ep [032/500] T-Acc:  90.9%  V-Acc:  60.0%  V-AUROC: 0.8750  LR: 2.00e-05
2026-06-29 14:44:17,406 | [META-RNW] | INFO | meta_classifier_renewed.model_trainers.meta_trainer | Ep [033/500] T-Acc:  86.4%  V-Acc:  60.0%  V-AUROC: 0.8750  LR: 2.00e-05
2026-06-29 14:44:17,785 | [META-RNW] | INFO | meta_classifier_renewed.model_trainers.meta_trainer | Ep [034/500] T-Acc:  81.8%  V-Acc:  60.0%  V-AUROC: 0.8750  LR: 2.00e-05
2026-06-29 14:44:18,188 | [META-RNW] | INFO | meta_classifier_renewed.model_trainers.meta_trainer | Ep [035/500] T-Acc:  90.9%  V-Acc:  60.0%  V-AUROC: 0.9375  LR: 2.00e-05
2026-06-29 14:44:18,622 | [META-RNW] | INFO | meta_classifier_renewed.model_trainers.meta_trainer | Ep [036/500] T-Acc:  90.9%  V-Acc:  60.0%  V-AUROC: 0.9375  LR: 2.00e-05
2026-06-29 14:44:19,055 | [META-RNW] | INFO | meta_classifier_renewed.model_trainers.meta_trainer | Ep [037/500] T-Acc:  90.9%  V-Acc:  60.0%  V-AUROC: 0.9375  LR: 2.00e-05
2026-06-29 14:44:19,513 | [META-RNW] | INFO | meta_classifier_renewed.model_trainers.meta_trainer | Ep [038/500] T-Acc:  95.5%  V-Acc:  60.0%  V-AUROC: 0.9375  LR: 4.00e-06
2026-06-29 14:44:19,932 | [META-RNW] | INFO | meta_classifier_renewed.model_trainers.meta_trainer | Ep [039/500] T-Acc:  95.5%  V-Acc:  60.0%  V-AUROC: 0.9375  LR: 4.00e-06
2026-06-29 14:44:20,368 | [META-RNW] | INFO | meta_classifier_renewed.model_trainers.meta_trainer | Ep [040/500] T-Acc:  90.9%  V-Acc:  60.0%  V-AUROC: 0.9375  LR: 4.00e-06
2026-06-29 14:44:20,835 | [META-RNW] | INFO | meta_classifier_renewed.model_trainers.meta_trainer | Ep [041/500] T-Acc:  95.5%  V-Acc:  60.0%  V-AUROC: 0.9375  LR: 4.00e-06
2026-06-29 14:44:21,282 | [META-RNW] | INFO | meta_classifier_renewed.model_trainers.meta_trainer | Ep [042/500] T-Acc:  95.5%  V-Acc:  60.0%  V-AUROC: 0.9375  LR: 4.00e-06
2026-06-29 14:44:21,673 | [META-RNW] | INFO | meta_classifier_renewed.model_trainers.meta_trainer | Ep [043/500] T-Acc:  90.9%  V-Acc:  60.0%  V-AUROC: 0.9375  LR: 4.00e-06
2026-06-29 14:44:22,080 | [META-RNW] | INFO | meta_classifier_renewed.model_trainers.meta_trainer | Ep [044/500] T-Acc:  90.9%  V-Acc:  60.0%  V-AUROC: 0.9375  LR: 4.00e-06
2026-06-29 14:44:22,453 | [META-RNW] | INFO | meta_classifier_renewed.model_trainers.meta_trainer | Ep [045/500] T-Acc:  95.5%  V-Acc:  60.0%  V-AUROC: 0.9375  LR: 4.00e-06
2026-06-29 14:44:22,453 | [META-RNW] | INFO | meta_classifier_renewed.model_trainers.meta_trainer | Early stop — best AUROC 1.0000 at epoch 15 (no improvement for 30 epochs)
2026-06-29 14:44:22,453 | [META-RNW] | INFO | meta_classifier_renewed.model_trainers.meta_trainer | Done. Best AUROC: 1.0000 (epoch 15)
2026-06-29 14:44:22,617 | [META-RNW] | INFO | meta_classifier_renewed.model_trainers.meta_trainer | Restored best-AUROC checkpoint into model (epoch 15, AUROC 1.0000).
2026-06-29 14:44:22,714 | [META-RNW] | INFO | meta_classifier_renewed.evaluators.monte_carlo_evaluator | -> Fold 20 Result | Acc=0.300 Sens=1.000 Spec=0.125 AUROC=1.000 (Fixed Threshold: 0.5)
2026-06-29 14:44:22,730 | [META-RNW] | INFO | meta_classifier_renewed.evaluators.monte_carlo_evaluator | === Fold 21/30 | train: 22 subj | test: 10 subj ===
2026-06-29 14:44:22,743 | [META-RNW] | INFO | meta_classifier_renewed.model_trainers.meta_trainer | Device: cuda | max_epochs=500 | batch=8 | es_patience=30 | lr=1e-04 | wd=1e-02
2026-06-29 14:44:22,744 | [META-RNW] | INFO | meta_classifier_renewed.model_trainers.meta_trainer | CE weights — HC: 1.000  MCI: 1.000
2026-06-29 14:44:23,145 | [META-RNW] | INFO | meta_classifier_renewed.model_trainers.meta_trainer | Ep [001/500] T-Acc:  54.5%  V-Acc:  30.0%  V-AUROC: 0.6667  LR: 2.00e-05
2026-06-29 14:44:23,247 | [META-RNW] | INFO | meta_classifier_renewed.model_trainers.meta_trainer |   ↳ new best AUROC; saved checkpoint: /home/leggo/AIResearch/VOGBasedMCIDetectionSystemMobileViTSingleExperimentInference/outputs/checkpoints/run_20260629_143830_meta_renewed/fold_20_best.pth
2026-06-29 14:44:23,626 | [META-RNW] | INFO | meta_classifier_renewed.model_trainers.meta_trainer | Ep [002/500] T-Acc:  54.5%  V-Acc:  30.0%  V-AUROC: 0.5714  LR: 4.00e-05
2026-06-29 14:44:24,058 | [META-RNW] | INFO | meta_classifier_renewed.model_trainers.meta_trainer | Ep [003/500] T-Acc:  45.5%  V-Acc:  70.0%  V-AUROC: 0.5238  LR: 6.00e-05
2026-06-29 14:44:24,485 | [META-RNW] | INFO | meta_classifier_renewed.model_trainers.meta_trainer | Ep [004/500] T-Acc:  63.6%  V-Acc:  70.0%  V-AUROC: 0.5238  LR: 8.00e-05
2026-06-29 14:44:24,881 | [META-RNW] | INFO | meta_classifier_renewed.model_trainers.meta_trainer | Ep [005/500] T-Acc:  45.5%  V-Acc:  70.0%  V-AUROC: 0.6190  LR: 1.00e-04
2026-06-29 14:44:25,286 | [META-RNW] | INFO | meta_classifier_renewed.model_trainers.meta_trainer | Ep [006/500] T-Acc:  50.0%  V-Acc:  70.0%  V-AUROC: 0.6667  LR: 1.00e-04
2026-06-29 14:44:25,677 | [META-RNW] | INFO | meta_classifier_renewed.model_trainers.meta_trainer | Ep [007/500] T-Acc:  68.2%  V-Acc:  60.0%  V-AUROC: 0.7143  LR: 1.00e-04
2026-06-29 14:44:25,784 | [META-RNW] | INFO | meta_classifier_renewed.model_trainers.meta_trainer |   ↳ new best AUROC; saved checkpoint: /home/leggo/AIResearch/VOGBasedMCIDetectionSystemMobileViTSingleExperimentInference/outputs/checkpoints/run_20260629_143830_meta_renewed/fold_20_best.pth
2026-06-29 14:44:26,147 | [META-RNW] | INFO | meta_classifier_renewed.model_trainers.meta_trainer | Ep [008/500] T-Acc:  59.1%  V-Acc:  60.0%  V-AUROC: 0.7619  LR: 1.00e-04
2026-06-29 14:44:26,328 | [META-RNW] | INFO | meta_classifier_renewed.model_trainers.meta_trainer |   ↳ new best AUROC; saved checkpoint: /home/leggo/AIResearch/VOGBasedMCIDetectionSystemMobileViTSingleExperimentInference/outputs/checkpoints/run_20260629_143830_meta_renewed/fold_20_best.pth
2026-06-29 14:44:26,746 | [META-RNW] | INFO | meta_classifier_renewed.model_trainers.meta_trainer | Ep [009/500] T-Acc:  63.6%  V-Acc:  80.0%  V-AUROC: 0.7619  LR: 1.00e-04
2026-06-29 14:44:27,163 | [META-RNW] | INFO | meta_classifier_renewed.model_trainers.meta_trainer | Ep [010/500] T-Acc:  50.0%  V-Acc:  80.0%  V-AUROC: 0.7143  LR: 1.00e-04
2026-06-29 14:44:27,594 | [META-RNW] | INFO | meta_classifier_renewed.model_trainers.meta_trainer | Ep [011/500] T-Acc:  77.3%  V-Acc:  70.0%  V-AUROC: 0.7143  LR: 1.00e-04
2026-06-29 14:44:28,042 | [META-RNW] | INFO | meta_classifier_renewed.model_trainers.meta_trainer | Ep [012/500] T-Acc:  63.6%  V-Acc:  30.0%  V-AUROC: 0.7143  LR: 1.00e-04
2026-06-29 14:44:28,497 | [META-RNW] | INFO | meta_classifier_renewed.model_trainers.meta_trainer | Ep [013/500] T-Acc:  63.6%  V-Acc:  40.0%  V-AUROC: 0.7143  LR: 1.00e-04
2026-06-29 14:44:28,933 | [META-RNW] | INFO | meta_classifier_renewed.model_trainers.meta_trainer | Ep [014/500] T-Acc:  72.7%  V-Acc:  60.0%  V-AUROC: 0.7143  LR: 1.00e-04
2026-06-29 14:44:29,391 | [META-RNW] | INFO | meta_classifier_renewed.model_trainers.meta_trainer | Ep [015/500] T-Acc:  63.6%  V-Acc:  50.0%  V-AUROC: 0.7143  LR: 1.00e-04
2026-06-29 14:44:29,886 | [META-RNW] | INFO | meta_classifier_renewed.model_trainers.meta_trainer | Ep [016/500] T-Acc:  72.7%  V-Acc:  50.0%  V-AUROC: 0.7143  LR: 1.00e-04
2026-06-29 14:44:30,277 | [META-RNW] | INFO | meta_classifier_renewed.model_trainers.meta_trainer | Ep [017/500] T-Acc:  68.2%  V-Acc:  70.0%  V-AUROC: 0.7143  LR: 1.00e-04
2026-06-29 14:44:30,672 | [META-RNW] | INFO | meta_classifier_renewed.model_trainers.meta_trainer | Ep [018/500] T-Acc:  77.3%  V-Acc:  60.0%  V-AUROC: 0.7143  LR: 1.00e-04
2026-06-29 14:44:31,077 | [META-RNW] | INFO | meta_classifier_renewed.model_trainers.meta_trainer | Ep [019/500] T-Acc:  77.3%  V-Acc:  60.0%  V-AUROC: 0.7143  LR: 1.00e-04
2026-06-29 14:44:31,481 | [META-RNW] | INFO | meta_classifier_renewed.model_trainers.meta_trainer | Ep [020/500] T-Acc:  72.7%  V-Acc:  60.0%  V-AUROC: 0.7143  LR: 2.00e-05
2026-06-29 14:44:31,877 | [META-RNW] | INFO | meta_classifier_renewed.model_trainers.meta_trainer | Ep [021/500] T-Acc:  77.3%  V-Acc:  80.0%  V-AUROC: 0.7143  LR: 2.00e-05
2026-06-29 14:44:32,277 | [META-RNW] | INFO | meta_classifier_renewed.model_trainers.meta_trainer | Ep [022/500] T-Acc:  63.6%  V-Acc:  80.0%  V-AUROC: 0.7143  LR: 2.00e-05
2026-06-29 14:44:32,667 | [META-RNW] | INFO | meta_classifier_renewed.model_trainers.meta_trainer | Ep [023/500] T-Acc:  81.8%  V-Acc:  60.0%  V-AUROC: 0.7143  LR: 2.00e-05
2026-06-29 14:44:33,068 | [META-RNW] | INFO | meta_classifier_renewed.model_trainers.meta_trainer | Ep [024/500] T-Acc:  81.8%  V-Acc:  60.0%  V-AUROC: 0.7143  LR: 2.00e-05
2026-06-29 14:44:33,475 | [META-RNW] | INFO | meta_classifier_renewed.model_trainers.meta_trainer | Ep [025/500] T-Acc:  81.8%  V-Acc:  60.0%  V-AUROC: 0.7143  LR: 2.00e-05
2026-06-29 14:44:33,865 | [META-RNW] | INFO | meta_classifier_renewed.model_trainers.meta_trainer | Ep [026/500] T-Acc:  68.2%  V-Acc:  60.0%  V-AUROC: 0.7143  LR: 2.00e-05
2026-06-29 14:44:34,257 | [META-RNW] | INFO | meta_classifier_renewed.model_trainers.meta_trainer | Ep [027/500] T-Acc:  68.2%  V-Acc:  60.0%  V-AUROC: 0.7143  LR: 2.00e-05
2026-06-29 14:44:34,638 | [META-RNW] | INFO | meta_classifier_renewed.model_trainers.meta_trainer | Ep [028/500] T-Acc:  72.7%  V-Acc:  50.0%  V-AUROC: 0.7143  LR: 2.00e-05
2026-06-29 14:44:35,044 | [META-RNW] | INFO | meta_classifier_renewed.model_trainers.meta_trainer | Ep [029/500] T-Acc:  77.3%  V-Acc:  50.0%  V-AUROC: 0.7143  LR: 2.00e-05
2026-06-29 14:44:35,428 | [META-RNW] | INFO | meta_classifier_renewed.model_trainers.meta_trainer | Ep [030/500] T-Acc:  68.2%  V-Acc:  50.0%  V-AUROC: 0.7143  LR: 2.00e-05
2026-06-29 14:44:35,846 | [META-RNW] | INFO | meta_classifier_renewed.model_trainers.meta_trainer | Ep [031/500] T-Acc:  63.6%  V-Acc:  50.0%  V-AUROC: 0.7143  LR: 4.00e-06
2026-06-29 14:44:36,238 | [META-RNW] | INFO | meta_classifier_renewed.model_trainers.meta_trainer | Ep [032/500] T-Acc:  63.6%  V-Acc:  50.0%  V-AUROC: 0.7143  LR: 4.00e-06
2026-06-29 14:44:36,612 | [META-RNW] | INFO | meta_classifier_renewed.model_trainers.meta_trainer | Ep [033/500] T-Acc:  77.3%  V-Acc:  50.0%  V-AUROC: 0.7143  LR: 4.00e-06
2026-06-29 14:44:36,986 | [META-RNW] | INFO | meta_classifier_renewed.model_trainers.meta_trainer | Ep [034/500] T-Acc:  81.8%  V-Acc:  50.0%  V-AUROC: 0.7143  LR: 4.00e-06
2026-06-29 14:44:37,349 | [META-RNW] | INFO | meta_classifier_renewed.model_trainers.meta_trainer | Ep [035/500] T-Acc:  90.9%  V-Acc:  50.0%  V-AUROC: 0.7143  LR: 4.00e-06
2026-06-29 14:44:37,712 | [META-RNW] | INFO | meta_classifier_renewed.model_trainers.meta_trainer | Ep [036/500] T-Acc:  81.8%  V-Acc:  50.0%  V-AUROC: 0.7143  LR: 4.00e-06
2026-06-29 14:44:38,064 | [META-RNW] | INFO | meta_classifier_renewed.model_trainers.meta_trainer | Ep [037/500] T-Acc:  81.8%  V-Acc:  50.0%  V-AUROC: 0.7143  LR: 4.00e-06
2026-06-29 14:44:38,451 | [META-RNW] | INFO | meta_classifier_renewed.model_trainers.meta_trainer | Ep [038/500] T-Acc:  86.4%  V-Acc:  50.0%  V-AUROC: 0.7143  LR: 4.00e-06
2026-06-29 14:44:38,452 | [META-RNW] | INFO | meta_classifier_renewed.model_trainers.meta_trainer | Early stop — best AUROC 0.7619 at epoch 8 (no improvement for 30 epochs)
2026-06-29 14:44:38,452 | [META-RNW] | INFO | meta_classifier_renewed.model_trainers.meta_trainer | Done. Best AUROC: 0.7619 (epoch 8)
2026-06-29 14:44:38,606 | [META-RNW] | INFO | meta_classifier_renewed.model_trainers.meta_trainer | Restored best-AUROC checkpoint into model (epoch 8, AUROC 0.7619).
2026-06-29 14:44:38,714 | [META-RNW] | INFO | meta_classifier_renewed.evaluators.monte_carlo_evaluator | -> Fold 21 Result | Acc=0.600 Sens=0.714 Spec=0.333 AUROC=0.762 (Fixed Threshold: 0.5)
2026-06-29 14:44:38,730 | [META-RNW] | INFO | meta_classifier_renewed.evaluators.monte_carlo_evaluator | === Fold 22/30 | train: 22 subj | test: 10 subj ===
2026-06-29 14:44:38,742 | [META-RNW] | INFO | meta_classifier_renewed.model_trainers.meta_trainer | Device: cuda | max_epochs=500 | batch=8 | es_patience=30 | lr=1e-04 | wd=1e-02
2026-06-29 14:44:38,743 | [META-RNW] | INFO | meta_classifier_renewed.model_trainers.meta_trainer | CE weights — HC: 1.000  MCI: 1.000
2026-06-29 14:44:39,144 | [META-RNW] | INFO | meta_classifier_renewed.model_trainers.meta_trainer | Ep [001/500] T-Acc:  50.0%  V-Acc:  70.0%  V-AUROC: 0.5238  LR: 2.00e-05
2026-06-29 14:44:39,241 | [META-RNW] | INFO | meta_classifier_renewed.model_trainers.meta_trainer |   ↳ new best AUROC; saved checkpoint: /home/leggo/AIResearch/VOGBasedMCIDetectionSystemMobileViTSingleExperimentInference/outputs/checkpoints/run_20260629_143830_meta_renewed/fold_21_best.pth
2026-06-29 14:44:39,602 | [META-RNW] | INFO | meta_classifier_renewed.model_trainers.meta_trainer | Ep [002/500] T-Acc:  59.1%  V-Acc:  70.0%  V-AUROC: 0.4762  LR: 4.00e-05
2026-06-29 14:44:39,978 | [META-RNW] | INFO | meta_classifier_renewed.model_trainers.meta_trainer | Ep [003/500] T-Acc:  63.6%  V-Acc:  70.0%  V-AUROC: 0.4286  LR: 6.00e-05
2026-06-29 14:44:40,379 | [META-RNW] | INFO | meta_classifier_renewed.model_trainers.meta_trainer | Ep [004/500] T-Acc:  63.6%  V-Acc:  30.0%  V-AUROC: 0.3810  LR: 8.00e-05
2026-06-29 14:44:40,789 | [META-RNW] | INFO | meta_classifier_renewed.model_trainers.meta_trainer | Ep [005/500] T-Acc:  59.1%  V-Acc:  30.0%  V-AUROC: 0.3333  LR: 1.00e-04
2026-06-29 14:44:41,206 | [META-RNW] | INFO | meta_classifier_renewed.model_trainers.meta_trainer | Ep [006/500] T-Acc:  54.5%  V-Acc:  20.0%  V-AUROC: 0.5714  LR: 1.00e-04
2026-06-29 14:44:41,317 | [META-RNW] | INFO | meta_classifier_renewed.model_trainers.meta_trainer |   ↳ new best AUROC; saved checkpoint: /home/leggo/AIResearch/VOGBasedMCIDetectionSystemMobileViTSingleExperimentInference/outputs/checkpoints/run_20260629_143830_meta_renewed/fold_21_best.pth
2026-06-29 14:44:41,699 | [META-RNW] | INFO | meta_classifier_renewed.model_trainers.meta_trainer | Ep [007/500] T-Acc:  59.1%  V-Acc:  70.0%  V-AUROC: 0.4286  LR: 1.00e-04
2026-06-29 14:44:42,096 | [META-RNW] | INFO | meta_classifier_renewed.model_trainers.meta_trainer | Ep [008/500] T-Acc:  72.7%  V-Acc:  70.0%  V-AUROC: 0.3333  LR: 1.00e-04
2026-06-29 14:44:42,502 | [META-RNW] | INFO | meta_classifier_renewed.model_trainers.meta_trainer | Ep [009/500] T-Acc:  77.3%  V-Acc:  70.0%  V-AUROC: 0.3810  LR: 1.00e-04
2026-06-29 14:44:42,880 | [META-RNW] | INFO | meta_classifier_renewed.model_trainers.meta_trainer | Ep [010/500] T-Acc:  63.6%  V-Acc:  70.0%  V-AUROC: 0.5714  LR: 1.00e-04
2026-06-29 14:44:43,242 | [META-RNW] | INFO | meta_classifier_renewed.model_trainers.meta_trainer | Ep [011/500] T-Acc:  59.1%  V-Acc:  30.0%  V-AUROC: 0.7143  LR: 1.00e-04
2026-06-29 14:44:43,348 | [META-RNW] | INFO | meta_classifier_renewed.model_trainers.meta_trainer |   ↳ new best AUROC; saved checkpoint: /home/leggo/AIResearch/VOGBasedMCIDetectionSystemMobileViTSingleExperimentInference/outputs/checkpoints/run_20260629_143830_meta_renewed/fold_21_best.pth
2026-06-29 14:44:43,717 | [META-RNW] | INFO | meta_classifier_renewed.model_trainers.meta_trainer | Ep [012/500] T-Acc:  68.2%  V-Acc:  30.0%  V-AUROC: 0.7619  LR: 1.00e-04
2026-06-29 14:44:43,888 | [META-RNW] | INFO | meta_classifier_renewed.model_trainers.meta_trainer |   ↳ new best AUROC; saved checkpoint: /home/leggo/AIResearch/VOGBasedMCIDetectionSystemMobileViTSingleExperimentInference/outputs/checkpoints/run_20260629_143830_meta_renewed/fold_21_best.pth
2026-06-29 14:44:44,292 | [META-RNW] | INFO | meta_classifier_renewed.model_trainers.meta_trainer | Ep [013/500] T-Acc:  63.6%  V-Acc:  50.0%  V-AUROC: 0.6190  LR: 1.00e-04
2026-06-29 14:44:44,708 | [META-RNW] | INFO | meta_classifier_renewed.model_trainers.meta_trainer | Ep [014/500] T-Acc:  68.2%  V-Acc:  80.0%  V-AUROC: 0.5714  LR: 1.00e-04
2026-06-29 14:44:45,159 | [META-RNW] | INFO | meta_classifier_renewed.model_trainers.meta_trainer | Ep [015/500] T-Acc:  59.1%  V-Acc:  70.0%  V-AUROC: 0.3810  LR: 1.00e-04
2026-06-29 14:44:45,515 | [META-RNW] | INFO | meta_classifier_renewed.model_trainers.meta_trainer | Ep [016/500] T-Acc:  59.1%  V-Acc:  70.0%  V-AUROC: 0.4286  LR: 1.00e-04
2026-06-29 14:44:45,877 | [META-RNW] | INFO | meta_classifier_renewed.model_trainers.meta_trainer | Ep [017/500] T-Acc:  59.1%  V-Acc:  80.0%  V-AUROC: 0.5714  LR: 1.00e-04
2026-06-29 14:44:46,260 | [META-RNW] | INFO | meta_classifier_renewed.model_trainers.meta_trainer | Ep [018/500] T-Acc:  86.4%  V-Acc:  60.0%  V-AUROC: 0.6667  LR: 1.00e-04
2026-06-29 14:44:46,627 | [META-RNW] | INFO | meta_classifier_renewed.model_trainers.meta_trainer | Ep [019/500] T-Acc:  68.2%  V-Acc:  40.0%  V-AUROC: 0.7143  LR: 1.00e-04
2026-06-29 14:44:47,028 | [META-RNW] | INFO | meta_classifier_renewed.model_trainers.meta_trainer | Ep [020/500] T-Acc:  81.8%  V-Acc:  50.0%  V-AUROC: 0.7143  LR: 1.00e-04
2026-06-29 14:44:47,430 | [META-RNW] | INFO | meta_classifier_renewed.model_trainers.meta_trainer | Ep [021/500] T-Acc:  68.2%  V-Acc:  50.0%  V-AUROC: 0.6190  LR: 1.00e-04
2026-06-29 14:44:47,828 | [META-RNW] | INFO | meta_classifier_renewed.model_trainers.meta_trainer | Ep [022/500] T-Acc:  68.2%  V-Acc:  70.0%  V-AUROC: 0.6190  LR: 1.00e-04
2026-06-29 14:44:48,228 | [META-RNW] | INFO | meta_classifier_renewed.model_trainers.meta_trainer | Ep [023/500] T-Acc:  81.8%  V-Acc:  80.0%  V-AUROC: 0.5714  LR: 1.00e-04
2026-06-29 14:44:48,603 | [META-RNW] | INFO | meta_classifier_renewed.model_trainers.meta_trainer | Ep [024/500] T-Acc:  86.4%  V-Acc:  80.0%  V-AUROC: 0.5714  LR: 2.00e-05
2026-06-29 14:44:48,966 | [META-RNW] | INFO | meta_classifier_renewed.model_trainers.meta_trainer | Ep [025/500] T-Acc:  81.8%  V-Acc:  80.0%  V-AUROC: 0.6190  LR: 2.00e-05
2026-06-29 14:44:49,348 | [META-RNW] | INFO | meta_classifier_renewed.model_trainers.meta_trainer | Ep [026/500] T-Acc:  72.7%  V-Acc:  60.0%  V-AUROC: 0.6190  LR: 2.00e-05
2026-06-29 14:44:49,713 | [META-RNW] | INFO | meta_classifier_renewed.model_trainers.meta_trainer | Ep [027/500] T-Acc:  86.4%  V-Acc:  60.0%  V-AUROC: 0.6190  LR: 2.00e-05
2026-06-29 14:44:50,106 | [META-RNW] | INFO | meta_classifier_renewed.model_trainers.meta_trainer | Ep [028/500] T-Acc:  90.9%  V-Acc:  60.0%  V-AUROC: 0.6190  LR: 2.00e-05
2026-06-29 14:44:50,513 | [META-RNW] | INFO | meta_classifier_renewed.model_trainers.meta_trainer | Ep [029/500] T-Acc:  86.4%  V-Acc:  60.0%  V-AUROC: 0.6667  LR: 2.00e-05
2026-06-29 14:44:50,906 | [META-RNW] | INFO | meta_classifier_renewed.model_trainers.meta_trainer | Ep [030/500] T-Acc:  90.9%  V-Acc:  60.0%  V-AUROC: 0.6667  LR: 2.00e-05
2026-06-29 14:44:51,304 | [META-RNW] | INFO | meta_classifier_renewed.model_trainers.meta_trainer | Ep [031/500] T-Acc:  90.9%  V-Acc:  60.0%  V-AUROC: 0.6667  LR: 2.00e-05
2026-06-29 14:44:51,690 | [META-RNW] | INFO | meta_classifier_renewed.model_trainers.meta_trainer | Ep [032/500] T-Acc:  86.4%  V-Acc:  60.0%  V-AUROC: 0.6667  LR: 2.00e-05
2026-06-29 14:44:52,055 | [META-RNW] | INFO | meta_classifier_renewed.model_trainers.meta_trainer | Ep [033/500] T-Acc:  86.4%  V-Acc:  60.0%  V-AUROC: 0.6667  LR: 2.00e-05
2026-06-29 14:44:52,475 | [META-RNW] | INFO | meta_classifier_renewed.model_trainers.meta_trainer | Ep [034/500] T-Acc:  86.4%  V-Acc:  60.0%  V-AUROC: 0.6667  LR: 2.00e-05
2026-06-29 14:44:52,883 | [META-RNW] | INFO | meta_classifier_renewed.model_trainers.meta_trainer | Ep [035/500] T-Acc:  81.8%  V-Acc:  60.0%  V-AUROC: 0.6667  LR: 4.00e-06
2026-06-29 14:44:53,296 | [META-RNW] | INFO | meta_classifier_renewed.model_trainers.meta_trainer | Ep [036/500] T-Acc: 100.0%  V-Acc:  60.0%  V-AUROC: 0.6667  LR: 4.00e-06
2026-06-29 14:44:53,692 | [META-RNW] | INFO | meta_classifier_renewed.model_trainers.meta_trainer | Ep [037/500] T-Acc:  77.3%  V-Acc:  60.0%  V-AUROC: 0.6667  LR: 4.00e-06
2026-06-29 14:44:54,093 | [META-RNW] | INFO | meta_classifier_renewed.model_trainers.meta_trainer | Ep [038/500] T-Acc:  86.4%  V-Acc:  60.0%  V-AUROC: 0.6667  LR: 4.00e-06
2026-06-29 14:44:54,474 | [META-RNW] | INFO | meta_classifier_renewed.model_trainers.meta_trainer | Ep [039/500] T-Acc:  77.3%  V-Acc:  60.0%  V-AUROC: 0.6667  LR: 4.00e-06
2026-06-29 14:44:54,862 | [META-RNW] | INFO | meta_classifier_renewed.model_trainers.meta_trainer | Ep [040/500] T-Acc:  90.9%  V-Acc:  60.0%  V-AUROC: 0.6667  LR: 4.00e-06
2026-06-29 14:44:55,265 | [META-RNW] | INFO | meta_classifier_renewed.model_trainers.meta_trainer | Ep [041/500] T-Acc:  90.9%  V-Acc:  60.0%  V-AUROC: 0.6667  LR: 4.00e-06
2026-06-29 14:44:55,679 | [META-RNW] | INFO | meta_classifier_renewed.model_trainers.meta_trainer | Ep [042/500] T-Acc:  95.5%  V-Acc:  60.0%  V-AUROC: 0.6667  LR: 4.00e-06
2026-06-29 14:44:55,680 | [META-RNW] | INFO | meta_classifier_renewed.model_trainers.meta_trainer | Early stop — best AUROC 0.7619 at epoch 12 (no improvement for 30 epochs)
2026-06-29 14:44:55,680 | [META-RNW] | INFO | meta_classifier_renewed.model_trainers.meta_trainer | Done. Best AUROC: 0.7619 (epoch 12)
2026-06-29 14:44:55,841 | [META-RNW] | INFO | meta_classifier_renewed.model_trainers.meta_trainer | Restored best-AUROC checkpoint into model (epoch 12, AUROC 0.7619).
2026-06-29 14:44:55,958 | [META-RNW] | INFO | meta_classifier_renewed.evaluators.monte_carlo_evaluator | -> Fold 22 Result | Acc=0.300 Sens=0.000 Spec=1.000 AUROC=0.762 (Fixed Threshold: 0.5)
2026-06-29 14:44:55,975 | [META-RNW] | INFO | meta_classifier_renewed.evaluators.monte_carlo_evaluator | === Fold 23/30 | train: 22 subj | test: 10 subj ===
2026-06-29 14:44:55,987 | [META-RNW] | INFO | meta_classifier_renewed.model_trainers.meta_trainer | Device: cuda | max_epochs=500 | batch=8 | es_patience=30 | lr=1e-04 | wd=1e-02
2026-06-29 14:44:55,988 | [META-RNW] | INFO | meta_classifier_renewed.model_trainers.meta_trainer | CE weights — HC: 1.100  MCI: 0.917
2026-06-29 14:44:56,371 | [META-RNW] | INFO | meta_classifier_renewed.model_trainers.meta_trainer | Ep [001/500] T-Acc:  45.5%  V-Acc:  40.0%  V-AUROC: 0.3750  LR: 2.00e-05
2026-06-29 14:44:56,469 | [META-RNW] | INFO | meta_classifier_renewed.model_trainers.meta_trainer |   ↳ new best AUROC; saved checkpoint: /home/leggo/AIResearch/VOGBasedMCIDetectionSystemMobileViTSingleExperimentInference/outputs/checkpoints/run_20260629_143830_meta_renewed/fold_22_best.pth
2026-06-29 14:44:56,842 | [META-RNW] | INFO | meta_classifier_renewed.model_trainers.meta_trainer | Ep [002/500] T-Acc:  59.1%  V-Acc:  40.0%  V-AUROC: 0.3333  LR: 4.00e-05
2026-06-29 14:44:57,226 | [META-RNW] | INFO | meta_classifier_renewed.model_trainers.meta_trainer | Ep [003/500] T-Acc:  36.4%  V-Acc:  50.0%  V-AUROC: 0.3333  LR: 6.00e-05
2026-06-29 14:44:57,613 | [META-RNW] | INFO | meta_classifier_renewed.model_trainers.meta_trainer | Ep [004/500] T-Acc:  50.0%  V-Acc:  30.0%  V-AUROC: 0.3750  LR: 8.00e-05
2026-06-29 14:44:58,048 | [META-RNW] | INFO | meta_classifier_renewed.model_trainers.meta_trainer | Ep [005/500] T-Acc:  72.7%  V-Acc:  60.0%  V-AUROC: 0.4167  LR: 1.00e-04
2026-06-29 14:44:58,159 | [META-RNW] | INFO | meta_classifier_renewed.model_trainers.meta_trainer |   ↳ new best AUROC; saved checkpoint: /home/leggo/AIResearch/VOGBasedMCIDetectionSystemMobileViTSingleExperimentInference/outputs/checkpoints/run_20260629_143830_meta_renewed/fold_22_best.pth
2026-06-29 14:44:58,541 | [META-RNW] | INFO | meta_classifier_renewed.model_trainers.meta_trainer | Ep [006/500] T-Acc:  40.9%  V-Acc:  70.0%  V-AUROC: 0.4583  LR: 1.00e-04
2026-06-29 14:44:58,651 | [META-RNW] | INFO | meta_classifier_renewed.model_trainers.meta_trainer |   ↳ new best AUROC; saved checkpoint: /home/leggo/AIResearch/VOGBasedMCIDetectionSystemMobileViTSingleExperimentInference/outputs/checkpoints/run_20260629_143830_meta_renewed/fold_22_best.pth
2026-06-29 14:44:59,048 | [META-RNW] | INFO | meta_classifier_renewed.model_trainers.meta_trainer | Ep [007/500] T-Acc:  54.5%  V-Acc:  70.0%  V-AUROC: 0.5000  LR: 1.00e-04
2026-06-29 14:44:59,342 | [META-RNW] | INFO | meta_classifier_renewed.model_trainers.meta_trainer |   ↳ new best AUROC; saved checkpoint: /home/leggo/AIResearch/VOGBasedMCIDetectionSystemMobileViTSingleExperimentInference/outputs/checkpoints/run_20260629_143830_meta_renewed/fold_22_best.pth
2026-06-29 14:44:59,758 | [META-RNW] | INFO | meta_classifier_renewed.model_trainers.meta_trainer | Ep [008/500] T-Acc:  63.6%  V-Acc:  50.0%  V-AUROC: 0.5417  LR: 1.00e-04
2026-06-29 14:44:59,869 | [META-RNW] | INFO | meta_classifier_renewed.model_trainers.meta_trainer |   ↳ new best AUROC; saved checkpoint: /home/leggo/AIResearch/VOGBasedMCIDetectionSystemMobileViTSingleExperimentInference/outputs/checkpoints/run_20260629_143830_meta_renewed/fold_22_best.pth
2026-06-29 14:45:00,312 | [META-RNW] | INFO | meta_classifier_renewed.model_trainers.meta_trainer | Ep [009/500] T-Acc:  72.7%  V-Acc:  50.0%  V-AUROC: 0.5417  LR: 1.00e-04
2026-06-29 14:45:00,719 | [META-RNW] | INFO | meta_classifier_renewed.model_trainers.meta_trainer | Ep [010/500] T-Acc:  45.5%  V-Acc:  40.0%  V-AUROC: 0.5417  LR: 1.00e-04
2026-06-29 14:45:01,154 | [META-RNW] | INFO | meta_classifier_renewed.model_trainers.meta_trainer | Ep [011/500] T-Acc:  54.5%  V-Acc:  50.0%  V-AUROC: 0.5000  LR: 1.00e-04
2026-06-29 14:45:01,559 | [META-RNW] | INFO | meta_classifier_renewed.model_trainers.meta_trainer | Ep [012/500] T-Acc:  63.6%  V-Acc:  40.0%  V-AUROC: 0.5000  LR: 1.00e-04
2026-06-29 14:45:01,950 | [META-RNW] | INFO | meta_classifier_renewed.model_trainers.meta_trainer | Ep [013/500] T-Acc:  54.5%  V-Acc:  40.0%  V-AUROC: 0.5000  LR: 1.00e-04
2026-06-29 14:45:02,329 | [META-RNW] | INFO | meta_classifier_renewed.model_trainers.meta_trainer | Ep [014/500] T-Acc:  68.2%  V-Acc:  40.0%  V-AUROC: 0.5000  LR: 1.00e-04
2026-06-29 14:45:02,727 | [META-RNW] | INFO | meta_classifier_renewed.model_trainers.meta_trainer | Ep [015/500] T-Acc:  59.1%  V-Acc:  40.0%  V-AUROC: 0.5000  LR: 1.00e-04
2026-06-29 14:45:03,109 | [META-RNW] | INFO | meta_classifier_renewed.model_trainers.meta_trainer | Ep [016/500] T-Acc:  59.1%  V-Acc:  30.0%  V-AUROC: 0.5000  LR: 1.00e-04
2026-06-29 14:45:03,541 | [META-RNW] | INFO | meta_classifier_renewed.model_trainers.meta_trainer | Ep [017/500] T-Acc:  59.1%  V-Acc:  50.0%  V-AUROC: 0.5000  LR: 1.00e-04
2026-06-29 14:45:03,974 | [META-RNW] | INFO | meta_classifier_renewed.model_trainers.meta_trainer | Ep [018/500] T-Acc:  68.2%  V-Acc:  50.0%  V-AUROC: 0.5000  LR: 1.00e-04
2026-06-29 14:45:04,362 | [META-RNW] | INFO | meta_classifier_renewed.model_trainers.meta_trainer | Ep [019/500] T-Acc:  63.6%  V-Acc:  50.0%  V-AUROC: 0.5000  LR: 1.00e-04
2026-06-29 14:45:04,760 | [META-RNW] | INFO | meta_classifier_renewed.model_trainers.meta_trainer | Ep [020/500] T-Acc:  68.2%  V-Acc:  50.0%  V-AUROC: 0.5000  LR: 2.00e-05
2026-06-29 14:45:05,173 | [META-RNW] | INFO | meta_classifier_renewed.model_trainers.meta_trainer | Ep [021/500] T-Acc:  86.4%  V-Acc:  50.0%  V-AUROC: 0.5000  LR: 2.00e-05
2026-06-29 14:45:05,579 | [META-RNW] | INFO | meta_classifier_renewed.model_trainers.meta_trainer | Ep [022/500] T-Acc:  81.8%  V-Acc:  50.0%  V-AUROC: 0.5000  LR: 2.00e-05
2026-06-29 14:45:05,971 | [META-RNW] | INFO | meta_classifier_renewed.model_trainers.meta_trainer | Ep [023/500] T-Acc:  68.2%  V-Acc:  40.0%  V-AUROC: 0.5000  LR: 2.00e-05
2026-06-29 14:45:06,377 | [META-RNW] | INFO | meta_classifier_renewed.model_trainers.meta_trainer | Ep [024/500] T-Acc:  68.2%  V-Acc:  40.0%  V-AUROC: 0.5000  LR: 2.00e-05
2026-06-29 14:45:06,781 | [META-RNW] | INFO | meta_classifier_renewed.model_trainers.meta_trainer | Ep [025/500] T-Acc:  77.3%  V-Acc:  30.0%  V-AUROC: 0.5000  LR: 2.00e-05
2026-06-29 14:45:07,170 | [META-RNW] | INFO | meta_classifier_renewed.model_trainers.meta_trainer | Ep [026/500] T-Acc:  68.2%  V-Acc:  30.0%  V-AUROC: 0.5000  LR: 2.00e-05
2026-06-29 14:45:07,589 | [META-RNW] | INFO | meta_classifier_renewed.model_trainers.meta_trainer | Ep [027/500] T-Acc:  77.3%  V-Acc:  30.0%  V-AUROC: 0.5000  LR: 2.00e-05
2026-06-29 14:45:08,008 | [META-RNW] | INFO | meta_classifier_renewed.model_trainers.meta_trainer | Ep [028/500] T-Acc:  77.3%  V-Acc:  40.0%  V-AUROC: 0.5000  LR: 2.00e-05
2026-06-29 14:45:08,396 | [META-RNW] | INFO | meta_classifier_renewed.model_trainers.meta_trainer | Ep [029/500] T-Acc:  68.2%  V-Acc:  50.0%  V-AUROC: 0.5000  LR: 2.00e-05
2026-06-29 14:45:08,770 | [META-RNW] | INFO | meta_classifier_renewed.model_trainers.meta_trainer | Ep [030/500] T-Acc:  72.7%  V-Acc:  50.0%  V-AUROC: 0.4583  LR: 2.00e-05
2026-06-29 14:45:09,216 | [META-RNW] | INFO | meta_classifier_renewed.model_trainers.meta_trainer | Ep [031/500] T-Acc:  77.3%  V-Acc:  50.0%  V-AUROC: 0.4583  LR: 4.00e-06
2026-06-29 14:45:09,684 | [META-RNW] | INFO | meta_classifier_renewed.model_trainers.meta_trainer | Ep [032/500] T-Acc:  63.6%  V-Acc:  50.0%  V-AUROC: 0.4583  LR: 4.00e-06
2026-06-29 14:45:10,124 | [META-RNW] | INFO | meta_classifier_renewed.model_trainers.meta_trainer | Ep [033/500] T-Acc:  59.1%  V-Acc:  50.0%  V-AUROC: 0.4583  LR: 4.00e-06
2026-06-29 14:45:10,581 | [META-RNW] | INFO | meta_classifier_renewed.model_trainers.meta_trainer | Ep [034/500] T-Acc:  86.4%  V-Acc:  40.0%  V-AUROC: 0.4583  LR: 4.00e-06
2026-06-29 14:45:11,048 | [META-RNW] | INFO | meta_classifier_renewed.model_trainers.meta_trainer | Ep [035/500] T-Acc:  90.9%  V-Acc:  40.0%  V-AUROC: 0.4583  LR: 4.00e-06
2026-06-29 14:45:11,487 | [META-RNW] | INFO | meta_classifier_renewed.model_trainers.meta_trainer | Ep [036/500] T-Acc:  72.7%  V-Acc:  40.0%  V-AUROC: 0.4583  LR: 4.00e-06
2026-06-29 14:45:11,940 | [META-RNW] | INFO | meta_classifier_renewed.model_trainers.meta_trainer | Ep [037/500] T-Acc:  77.3%  V-Acc:  50.0%  V-AUROC: 0.4583  LR: 4.00e-06
2026-06-29 14:45:12,441 | [META-RNW] | INFO | meta_classifier_renewed.model_trainers.meta_trainer | Ep [038/500] T-Acc:  68.2%  V-Acc:  60.0%  V-AUROC: 0.4583  LR: 4.00e-06
2026-06-29 14:45:12,441 | [META-RNW] | INFO | meta_classifier_renewed.model_trainers.meta_trainer | Early stop — best AUROC 0.5417 at epoch 8 (no improvement for 30 epochs)
2026-06-29 14:45:12,442 | [META-RNW] | INFO | meta_classifier_renewed.model_trainers.meta_trainer | Done. Best AUROC: 0.5417 (epoch 8)
2026-06-29 14:45:12,607 | [META-RNW] | INFO | meta_classifier_renewed.model_trainers.meta_trainer | Restored best-AUROC checkpoint into model (epoch 8, AUROC 0.5417).
2026-06-29 14:45:12,712 | [META-RNW] | INFO | meta_classifier_renewed.evaluators.monte_carlo_evaluator | -> Fold 23 Result | Acc=0.500 Sens=0.667 Spec=0.250 AUROC=0.542 (Fixed Threshold: 0.5)
2026-06-29 14:45:12,728 | [META-RNW] | INFO | meta_classifier_renewed.evaluators.monte_carlo_evaluator | === Fold 24/30 | train: 22 subj | test: 10 subj ===
2026-06-29 14:45:12,742 | [META-RNW] | INFO | meta_classifier_renewed.model_trainers.meta_trainer | Device: cuda | max_epochs=500 | batch=8 | es_patience=30 | lr=1e-04 | wd=1e-02
2026-06-29 14:45:12,743 | [META-RNW] | INFO | meta_classifier_renewed.model_trainers.meta_trainer | CE weights — HC: 1.222  MCI: 0.846
2026-06-29 14:45:13,207 | [META-RNW] | INFO | meta_classifier_renewed.model_trainers.meta_trainer | Ep [001/500] T-Acc:  50.0%  V-Acc:  50.0%  V-AUROC: 0.6000  LR: 2.00e-05
2026-06-29 14:45:13,308 | [META-RNW] | INFO | meta_classifier_renewed.model_trainers.meta_trainer |   ↳ new best AUROC; saved checkpoint: /home/leggo/AIResearch/VOGBasedMCIDetectionSystemMobileViTSingleExperimentInference/outputs/checkpoints/run_20260629_143830_meta_renewed/fold_23_best.pth
2026-06-29 14:45:13,733 | [META-RNW] | INFO | meta_classifier_renewed.model_trainers.meta_trainer | Ep [002/500] T-Acc:  59.1%  V-Acc:  60.0%  V-AUROC: 0.6400  LR: 4.00e-05
2026-06-29 14:45:13,844 | [META-RNW] | INFO | meta_classifier_renewed.model_trainers.meta_trainer |   ↳ new best AUROC; saved checkpoint: /home/leggo/AIResearch/VOGBasedMCIDetectionSystemMobileViTSingleExperimentInference/outputs/checkpoints/run_20260629_143830_meta_renewed/fold_23_best.pth
2026-06-29 14:45:14,258 | [META-RNW] | INFO | meta_classifier_renewed.model_trainers.meta_trainer | Ep [003/500] T-Acc:  22.7%  V-Acc:  60.0%  V-AUROC: 0.6800  LR: 6.00e-05
2026-06-29 14:45:14,445 | [META-RNW] | INFO | meta_classifier_renewed.model_trainers.meta_trainer |   ↳ new best AUROC; saved checkpoint: /home/leggo/AIResearch/VOGBasedMCIDetectionSystemMobileViTSingleExperimentInference/outputs/checkpoints/run_20260629_143830_meta_renewed/fold_23_best.pth
2026-06-29 14:45:14,868 | [META-RNW] | INFO | meta_classifier_renewed.model_trainers.meta_trainer | Ep [004/500] T-Acc:  22.7%  V-Acc:  40.0%  V-AUROC: 0.4400  LR: 8.00e-05
2026-06-29 14:45:15,356 | [META-RNW] | INFO | meta_classifier_renewed.model_trainers.meta_trainer | Ep [005/500] T-Acc:  63.6%  V-Acc:  60.0%  V-AUROC: 0.4800  LR: 1.00e-04
2026-06-29 14:45:15,730 | [META-RNW] | INFO | meta_classifier_renewed.model_trainers.meta_trainer | Ep [006/500] T-Acc:  59.1%  V-Acc:  60.0%  V-AUROC: 0.5200  LR: 1.00e-04
2026-06-29 14:45:16,103 | [META-RNW] | INFO | meta_classifier_renewed.model_trainers.meta_trainer | Ep [007/500] T-Acc:  59.1%  V-Acc:  60.0%  V-AUROC: 0.6000  LR: 1.00e-04
2026-06-29 14:45:16,502 | [META-RNW] | INFO | meta_classifier_renewed.model_trainers.meta_trainer | Ep [008/500] T-Acc:  59.1%  V-Acc:  60.0%  V-AUROC: 0.6000  LR: 1.00e-04
2026-06-29 14:45:16,878 | [META-RNW] | INFO | meta_classifier_renewed.model_trainers.meta_trainer | Ep [009/500] T-Acc:  50.0%  V-Acc:  70.0%  V-AUROC: 0.5600  LR: 1.00e-04
2026-06-29 14:45:17,294 | [META-RNW] | INFO | meta_classifier_renewed.model_trainers.meta_trainer | Ep [010/500] T-Acc:  54.5%  V-Acc:  60.0%  V-AUROC: 0.5600  LR: 1.00e-04
2026-06-29 14:45:17,685 | [META-RNW] | INFO | meta_classifier_renewed.model_trainers.meta_trainer | Ep [011/500] T-Acc:  54.5%  V-Acc:  40.0%  V-AUROC: 0.5600  LR: 1.00e-04
2026-06-29 14:45:18,098 | [META-RNW] | INFO | meta_classifier_renewed.model_trainers.meta_trainer | Ep [012/500] T-Acc:  50.0%  V-Acc:  60.0%  V-AUROC: 0.5600  LR: 1.00e-04
2026-06-29 14:45:18,509 | [META-RNW] | INFO | meta_classifier_renewed.model_trainers.meta_trainer | Ep [013/500] T-Acc:  54.5%  V-Acc:  50.0%  V-AUROC: 0.5600  LR: 1.00e-04
2026-06-29 14:45:18,907 | [META-RNW] | INFO | meta_classifier_renewed.model_trainers.meta_trainer | Ep [014/500] T-Acc:  72.7%  V-Acc:  40.0%  V-AUROC: 0.5200  LR: 1.00e-04
2026-06-29 14:45:19,313 | [META-RNW] | INFO | meta_classifier_renewed.model_trainers.meta_trainer | Ep [015/500] T-Acc:  77.3%  V-Acc:  50.0%  V-AUROC: 0.5200  LR: 1.00e-04
2026-06-29 14:45:19,753 | [META-RNW] | INFO | meta_classifier_renewed.model_trainers.meta_trainer | Ep [016/500] T-Acc:  72.7%  V-Acc:  70.0%  V-AUROC: 0.5200  LR: 1.00e-04
2026-06-29 14:45:20,162 | [META-RNW] | INFO | meta_classifier_renewed.model_trainers.meta_trainer | Ep [017/500] T-Acc:  77.3%  V-Acc:  70.0%  V-AUROC: 0.5200  LR: 1.00e-04
2026-06-29 14:45:20,543 | [META-RNW] | INFO | meta_classifier_renewed.model_trainers.meta_trainer | Ep [018/500] T-Acc:  77.3%  V-Acc:  70.0%  V-AUROC: 0.4400  LR: 1.00e-04
2026-06-29 14:45:20,947 | [META-RNW] | INFO | meta_classifier_renewed.model_trainers.meta_trainer | Ep [019/500] T-Acc:  81.8%  V-Acc:  70.0%  V-AUROC: 0.4800  LR: 2.00e-05
2026-06-29 14:45:21,362 | [META-RNW] | INFO | meta_classifier_renewed.model_trainers.meta_trainer | Ep [020/500] T-Acc:  59.1%  V-Acc:  70.0%  V-AUROC: 0.4800  LR: 2.00e-05
2026-06-29 14:45:21,745 | [META-RNW] | INFO | meta_classifier_renewed.model_trainers.meta_trainer | Ep [021/500] T-Acc:  90.9%  V-Acc:  60.0%  V-AUROC: 0.4800  LR: 2.00e-05
2026-06-29 14:45:22,128 | [META-RNW] | INFO | meta_classifier_renewed.model_trainers.meta_trainer | Ep [022/500] T-Acc:  68.2%  V-Acc:  50.0%  V-AUROC: 0.4800  LR: 2.00e-05
2026-06-29 14:45:22,493 | [META-RNW] | INFO | meta_classifier_renewed.model_trainers.meta_trainer | Ep [023/500] T-Acc:  72.7%  V-Acc:  50.0%  V-AUROC: 0.6000  LR: 2.00e-05
2026-06-29 14:45:22,853 | [META-RNW] | INFO | meta_classifier_renewed.model_trainers.meta_trainer | Ep [024/500] T-Acc:  81.8%  V-Acc:  50.0%  V-AUROC: 0.6000  LR: 2.00e-05
2026-06-29 14:45:23,226 | [META-RNW] | INFO | meta_classifier_renewed.model_trainers.meta_trainer | Ep [025/500] T-Acc:  81.8%  V-Acc:  50.0%  V-AUROC: 0.6000  LR: 2.00e-05
2026-06-29 14:45:23,600 | [META-RNW] | INFO | meta_classifier_renewed.model_trainers.meta_trainer | Ep [026/500] T-Acc:  81.8%  V-Acc:  50.0%  V-AUROC: 0.6000  LR: 2.00e-05
2026-06-29 14:45:23,998 | [META-RNW] | INFO | meta_classifier_renewed.model_trainers.meta_trainer | Ep [027/500] T-Acc:  86.4%  V-Acc:  60.0%  V-AUROC: 0.6000  LR: 2.00e-05
2026-06-29 14:45:24,354 | [META-RNW] | INFO | meta_classifier_renewed.model_trainers.meta_trainer | Ep [028/500] T-Acc:  72.7%  V-Acc:  60.0%  V-AUROC: 0.6400  LR: 2.00e-05
2026-06-29 14:45:24,711 | [META-RNW] | INFO | meta_classifier_renewed.model_trainers.meta_trainer | Ep [029/500] T-Acc:  90.9%  V-Acc:  60.0%  V-AUROC: 0.6400  LR: 2.00e-05
2026-06-29 14:45:25,076 | [META-RNW] | INFO | meta_classifier_renewed.model_trainers.meta_trainer | Ep [030/500] T-Acc:  81.8%  V-Acc:  60.0%  V-AUROC: 0.6400  LR: 2.00e-05
2026-06-29 14:45:25,457 | [META-RNW] | INFO | meta_classifier_renewed.model_trainers.meta_trainer | Ep [031/500] T-Acc:  77.3%  V-Acc:  70.0%  V-AUROC: 0.6400  LR: 2.00e-05
2026-06-29 14:45:25,876 | [META-RNW] | INFO | meta_classifier_renewed.model_trainers.meta_trainer | Ep [032/500] T-Acc:  86.4%  V-Acc:  70.0%  V-AUROC: 0.6400  LR: 2.00e-05
2026-06-29 14:45:26,279 | [META-RNW] | INFO | meta_classifier_renewed.model_trainers.meta_trainer | Ep [033/500] T-Acc:  90.9%  V-Acc:  70.0%  V-AUROC: 0.6400  LR: 2.00e-05
2026-06-29 14:45:26,279 | [META-RNW] | INFO | meta_classifier_renewed.model_trainers.meta_trainer | Early stop — best AUROC 0.6800 at epoch 3 (no improvement for 30 epochs)
2026-06-29 14:45:26,280 | [META-RNW] | INFO | meta_classifier_renewed.model_trainers.meta_trainer | Done. Best AUROC: 0.6800 (epoch 3)
2026-06-29 14:45:26,438 | [META-RNW] | INFO | meta_classifier_renewed.model_trainers.meta_trainer | Restored best-AUROC checkpoint into model (epoch 3, AUROC 0.6800).
2026-06-29 14:45:26,534 | [META-RNW] | INFO | meta_classifier_renewed.evaluators.monte_carlo_evaluator | -> Fold 24 Result | Acc=0.600 Sens=0.400 Spec=0.800 AUROC=0.680 (Fixed Threshold: 0.5)
2026-06-29 14:45:26,550 | [META-RNW] | INFO | meta_classifier_renewed.evaluators.monte_carlo_evaluator | === Fold 25/30 | train: 22 subj | test: 10 subj ===
2026-06-29 14:45:26,563 | [META-RNW] | INFO | meta_classifier_renewed.model_trainers.meta_trainer | Device: cuda | max_epochs=500 | batch=8 | es_patience=30 | lr=1e-04 | wd=1e-02
2026-06-29 14:45:26,563 | [META-RNW] | INFO | meta_classifier_renewed.model_trainers.meta_trainer | CE weights — HC: 1.000  MCI: 1.000
2026-06-29 14:45:26,966 | [META-RNW] | INFO | meta_classifier_renewed.model_trainers.meta_trainer | Ep [001/500] T-Acc:  40.9%  V-Acc:  70.0%  V-AUROC: 0.6667  LR: 2.00e-05
2026-06-29 14:45:27,064 | [META-RNW] | INFO | meta_classifier_renewed.model_trainers.meta_trainer |   ↳ new best AUROC; saved checkpoint: /home/leggo/AIResearch/VOGBasedMCIDetectionSystemMobileViTSingleExperimentInference/outputs/checkpoints/run_20260629_143830_meta_renewed/fold_24_best.pth
2026-06-29 14:45:27,452 | [META-RNW] | INFO | meta_classifier_renewed.model_trainers.meta_trainer | Ep [002/500] T-Acc:  50.0%  V-Acc:  70.0%  V-AUROC: 0.7619  LR: 4.00e-05
2026-06-29 14:45:27,562 | [META-RNW] | INFO | meta_classifier_renewed.model_trainers.meta_trainer |   ↳ new best AUROC; saved checkpoint: /home/leggo/AIResearch/VOGBasedMCIDetectionSystemMobileViTSingleExperimentInference/outputs/checkpoints/run_20260629_143830_meta_renewed/fold_24_best.pth
2026-06-29 14:45:27,999 | [META-RNW] | INFO | meta_classifier_renewed.model_trainers.meta_trainer | Ep [003/500] T-Acc:  59.1%  V-Acc:  70.0%  V-AUROC: 0.6667  LR: 6.00e-05
2026-06-29 14:45:28,466 | [META-RNW] | INFO | meta_classifier_renewed.model_trainers.meta_trainer | Ep [004/500] T-Acc:  54.5%  V-Acc:  60.0%  V-AUROC: 0.7143  LR: 8.00e-05
2026-06-29 14:45:28,920 | [META-RNW] | INFO | meta_classifier_renewed.model_trainers.meta_trainer | Ep [005/500] T-Acc:  59.1%  V-Acc:  50.0%  V-AUROC: 0.6667  LR: 1.00e-04
2026-06-29 14:45:29,327 | [META-RNW] | INFO | meta_classifier_renewed.model_trainers.meta_trainer | Ep [006/500] T-Acc:  63.6%  V-Acc:  70.0%  V-AUROC: 0.6667  LR: 1.00e-04
2026-06-29 14:45:29,728 | [META-RNW] | INFO | meta_classifier_renewed.model_trainers.meta_trainer | Ep [007/500] T-Acc:  68.2%  V-Acc:  70.0%  V-AUROC: 0.6667  LR: 1.00e-04
2026-06-29 14:45:30,143 | [META-RNW] | INFO | meta_classifier_renewed.model_trainers.meta_trainer | Ep [008/500] T-Acc:  68.2%  V-Acc:  30.0%  V-AUROC: 0.6667  LR: 1.00e-04
2026-06-29 14:45:30,618 | [META-RNW] | INFO | meta_classifier_renewed.model_trainers.meta_trainer | Ep [009/500] T-Acc:  77.3%  V-Acc:  30.0%  V-AUROC: 0.6667  LR: 1.00e-04
2026-06-29 14:45:31,024 | [META-RNW] | INFO | meta_classifier_renewed.model_trainers.meta_trainer | Ep [010/500] T-Acc:  68.2%  V-Acc:  40.0%  V-AUROC: 0.7143  LR: 1.00e-04
2026-06-29 14:45:31,408 | [META-RNW] | INFO | meta_classifier_renewed.model_trainers.meta_trainer | Ep [011/500] T-Acc:  72.7%  V-Acc:  70.0%  V-AUROC: 0.7619  LR: 1.00e-04
2026-06-29 14:45:31,735 | [META-RNW] | INFO | meta_classifier_renewed.model_trainers.meta_trainer | Ep [012/500] T-Acc:  72.7%  V-Acc:  70.0%  V-AUROC: 0.7619  LR: 1.00e-04
2026-06-29 14:45:32,055 | [META-RNW] | INFO | meta_classifier_renewed.model_trainers.meta_trainer | Ep [013/500] T-Acc:  77.3%  V-Acc:  70.0%  V-AUROC: 0.7619  LR: 1.00e-04
2026-06-29 14:45:32,389 | [META-RNW] | INFO | meta_classifier_renewed.model_trainers.meta_trainer | Ep [014/500] T-Acc:  77.3%  V-Acc:  70.0%  V-AUROC: 0.7619  LR: 1.00e-04
2026-06-29 14:45:32,735 | [META-RNW] | INFO | meta_classifier_renewed.model_trainers.meta_trainer | Ep [015/500] T-Acc:  95.5%  V-Acc:  70.0%  V-AUROC: 0.7143  LR: 1.00e-04
2026-06-29 14:45:33,121 | [META-RNW] | INFO | meta_classifier_renewed.model_trainers.meta_trainer | Ep [016/500] T-Acc:  81.8%  V-Acc:  70.0%  V-AUROC: 0.6667  LR: 1.00e-04
2026-06-29 14:45:33,545 | [META-RNW] | INFO | meta_classifier_renewed.model_trainers.meta_trainer | Ep [017/500] T-Acc:  90.9%  V-Acc:  70.0%  V-AUROC: 0.6667  LR: 1.00e-04
2026-06-29 14:45:33,913 | [META-RNW] | INFO | meta_classifier_renewed.model_trainers.meta_trainer | Ep [018/500] T-Acc:  95.5%  V-Acc:  70.0%  V-AUROC: 0.6667  LR: 1.00e-04
2026-06-29 14:45:34,309 | [META-RNW] | INFO | meta_classifier_renewed.model_trainers.meta_trainer | Ep [019/500] T-Acc: 100.0%  V-Acc:  70.0%  V-AUROC: 0.6667  LR: 1.00e-04
2026-06-29 14:45:34,725 | [META-RNW] | INFO | meta_classifier_renewed.model_trainers.meta_trainer | Ep [020/500] T-Acc:  95.5%  V-Acc:  70.0%  V-AUROC: 0.7143  LR: 1.00e-04
2026-06-29 14:45:35,076 | [META-RNW] | INFO | meta_classifier_renewed.model_trainers.meta_trainer | Ep [021/500] T-Acc:  86.4%  V-Acc:  70.0%  V-AUROC: 0.7143  LR: 1.00e-04
2026-06-29 14:45:35,478 | [META-RNW] | INFO | meta_classifier_renewed.model_trainers.meta_trainer | Ep [022/500] T-Acc:  90.9%  V-Acc:  70.0%  V-AUROC: 0.7143  LR: 1.00e-04
2026-06-29 14:45:35,883 | [META-RNW] | INFO | meta_classifier_renewed.model_trainers.meta_trainer | Ep [023/500] T-Acc:  90.9%  V-Acc:  70.0%  V-AUROC: 0.7143  LR: 2.00e-05
2026-06-29 14:45:36,273 | [META-RNW] | INFO | meta_classifier_renewed.model_trainers.meta_trainer | Ep [024/500] T-Acc:  90.9%  V-Acc:  60.0%  V-AUROC: 0.7143  LR: 2.00e-05
2026-06-29 14:45:36,641 | [META-RNW] | INFO | meta_classifier_renewed.model_trainers.meta_trainer | Ep [025/500] T-Acc:  90.9%  V-Acc:  70.0%  V-AUROC: 0.7143  LR: 2.00e-05
2026-06-29 14:45:37,030 | [META-RNW] | INFO | meta_classifier_renewed.model_trainers.meta_trainer | Ep [026/500] T-Acc:  95.5%  V-Acc:  70.0%  V-AUROC: 0.7143  LR: 2.00e-05
2026-06-29 14:45:37,443 | [META-RNW] | INFO | meta_classifier_renewed.model_trainers.meta_trainer | Ep [027/500] T-Acc:  95.5%  V-Acc:  70.0%  V-AUROC: 0.7143  LR: 2.00e-05
2026-06-29 14:45:37,836 | [META-RNW] | INFO | meta_classifier_renewed.model_trainers.meta_trainer | Ep [028/500] T-Acc:  90.9%  V-Acc:  70.0%  V-AUROC: 0.7143  LR: 2.00e-05
2026-06-29 14:45:38,271 | [META-RNW] | INFO | meta_classifier_renewed.model_trainers.meta_trainer | Ep [029/500] T-Acc:  90.9%  V-Acc:  70.0%  V-AUROC: 0.7143  LR: 2.00e-05
2026-06-29 14:45:38,683 | [META-RNW] | INFO | meta_classifier_renewed.model_trainers.meta_trainer | Ep [030/500] T-Acc:  95.5%  V-Acc:  70.0%  V-AUROC: 0.7143  LR: 2.00e-05
2026-06-29 14:45:39,077 | [META-RNW] | INFO | meta_classifier_renewed.model_trainers.meta_trainer | Ep [031/500] T-Acc:  95.5%  V-Acc:  70.0%  V-AUROC: 0.7143  LR: 2.00e-05
2026-06-29 14:45:39,497 | [META-RNW] | INFO | meta_classifier_renewed.model_trainers.meta_trainer | Ep [032/500] T-Acc:  95.5%  V-Acc:  70.0%  V-AUROC: 0.7143  LR: 2.00e-05
2026-06-29 14:45:39,497 | [META-RNW] | INFO | meta_classifier_renewed.model_trainers.meta_trainer | Early stop — best AUROC 0.7619 at epoch 2 (no improvement for 30 epochs)
2026-06-29 14:45:39,498 | [META-RNW] | INFO | meta_classifier_renewed.model_trainers.meta_trainer | Done. Best AUROC: 0.7619 (epoch 2)
2026-06-29 14:45:39,657 | [META-RNW] | INFO | meta_classifier_renewed.model_trainers.meta_trainer | Restored best-AUROC checkpoint into model (epoch 2, AUROC 0.7619).
2026-06-29 14:45:39,779 | [META-RNW] | INFO | meta_classifier_renewed.evaluators.monte_carlo_evaluator | -> Fold 25 Result | Acc=0.700 Sens=1.000 Spec=0.000 AUROC=0.762 (Fixed Threshold: 0.5)
2026-06-29 14:45:39,798 | [META-RNW] | INFO | meta_classifier_renewed.evaluators.monte_carlo_evaluator | === Fold 26/30 | train: 22 subj | test: 10 subj ===
2026-06-29 14:45:39,813 | [META-RNW] | INFO | meta_classifier_renewed.model_trainers.meta_trainer | Device: cuda | max_epochs=500 | batch=8 | es_patience=30 | lr=1e-04 | wd=1e-02
2026-06-29 14:45:39,814 | [META-RNW] | INFO | meta_classifier_renewed.model_trainers.meta_trainer | CE weights — HC: 1.222  MCI: 0.846
2026-06-29 14:45:40,263 | [META-RNW] | INFO | meta_classifier_renewed.model_trainers.meta_trainer | Ep [001/500] T-Acc:  45.5%  V-Acc:  50.0%  V-AUROC: 0.4400  LR: 2.00e-05
2026-06-29 14:45:40,361 | [META-RNW] | INFO | meta_classifier_renewed.model_trainers.meta_trainer |   ↳ new best AUROC; saved checkpoint: /home/leggo/AIResearch/VOGBasedMCIDetectionSystemMobileViTSingleExperimentInference/outputs/checkpoints/run_20260629_143830_meta_renewed/fold_25_best.pth
2026-06-29 14:45:40,825 | [META-RNW] | INFO | meta_classifier_renewed.model_trainers.meta_trainer | Ep [002/500] T-Acc:  31.8%  V-Acc:  40.0%  V-AUROC: 0.4400  LR: 4.00e-05
2026-06-29 14:45:41,346 | [META-RNW] | INFO | meta_classifier_renewed.model_trainers.meta_trainer | Ep [003/500] T-Acc:  36.4%  V-Acc:  50.0%  V-AUROC: 0.4400  LR: 6.00e-05
2026-06-29 14:45:41,807 | [META-RNW] | INFO | meta_classifier_renewed.model_trainers.meta_trainer | Ep [004/500] T-Acc:  50.0%  V-Acc:  50.0%  V-AUROC: 0.4800  LR: 8.00e-05
2026-06-29 14:45:41,915 | [META-RNW] | INFO | meta_classifier_renewed.model_trainers.meta_trainer |   ↳ new best AUROC; saved checkpoint: /home/leggo/AIResearch/VOGBasedMCIDetectionSystemMobileViTSingleExperimentInference/outputs/checkpoints/run_20260629_143830_meta_renewed/fold_25_best.pth
2026-06-29 14:45:42,314 | [META-RNW] | INFO | meta_classifier_renewed.model_trainers.meta_trainer | Ep [005/500] T-Acc:  59.1%  V-Acc:  50.0%  V-AUROC: 0.6000  LR: 1.00e-04
2026-06-29 14:45:42,428 | [META-RNW] | INFO | meta_classifier_renewed.model_trainers.meta_trainer |   ↳ new best AUROC; saved checkpoint: /home/leggo/AIResearch/VOGBasedMCIDetectionSystemMobileViTSingleExperimentInference/outputs/checkpoints/run_20260629_143830_meta_renewed/fold_25_best.pth
2026-06-29 14:45:42,823 | [META-RNW] | INFO | meta_classifier_renewed.model_trainers.meta_trainer | Ep [006/500] T-Acc:  36.4%  V-Acc:  50.0%  V-AUROC: 0.6000  LR: 1.00e-04
2026-06-29 14:45:43,222 | [META-RNW] | INFO | meta_classifier_renewed.model_trainers.meta_trainer | Ep [007/500] T-Acc:  36.4%  V-Acc:  50.0%  V-AUROC: 0.6400  LR: 1.00e-04
2026-06-29 14:45:43,337 | [META-RNW] | INFO | meta_classifier_renewed.model_trainers.meta_trainer |   ↳ new best AUROC; saved checkpoint: /home/leggo/AIResearch/VOGBasedMCIDetectionSystemMobileViTSingleExperimentInference/outputs/checkpoints/run_20260629_143830_meta_renewed/fold_25_best.pth
2026-06-29 14:45:43,743 | [META-RNW] | INFO | meta_classifier_renewed.model_trainers.meta_trainer | Ep [008/500] T-Acc:  45.5%  V-Acc:  60.0%  V-AUROC: 0.7200  LR: 1.00e-04
2026-06-29 14:45:43,857 | [META-RNW] | INFO | meta_classifier_renewed.model_trainers.meta_trainer |   ↳ new best AUROC; saved checkpoint: /home/leggo/AIResearch/VOGBasedMCIDetectionSystemMobileViTSingleExperimentInference/outputs/checkpoints/run_20260629_143830_meta_renewed/fold_25_best.pth
2026-06-29 14:45:44,251 | [META-RNW] | INFO | meta_classifier_renewed.model_trainers.meta_trainer | Ep [009/500] T-Acc:  68.2%  V-Acc:  50.0%  V-AUROC: 0.6800  LR: 1.00e-04
2026-06-29 14:45:44,709 | [META-RNW] | INFO | meta_classifier_renewed.model_trainers.meta_trainer | Ep [010/500] T-Acc:  54.5%  V-Acc:  50.0%  V-AUROC: 0.6400  LR: 1.00e-04
2026-06-29 14:45:45,147 | [META-RNW] | INFO | meta_classifier_renewed.model_trainers.meta_trainer | Ep [011/500] T-Acc:  77.3%  V-Acc:  50.0%  V-AUROC: 0.6000  LR: 1.00e-04
2026-06-29 14:45:45,588 | [META-RNW] | INFO | meta_classifier_renewed.model_trainers.meta_trainer | Ep [012/500] T-Acc:  63.6%  V-Acc:  40.0%  V-AUROC: 0.6000  LR: 1.00e-04
2026-06-29 14:45:45,991 | [META-RNW] | INFO | meta_classifier_renewed.model_trainers.meta_trainer | Ep [013/500] T-Acc:  72.7%  V-Acc:  70.0%  V-AUROC: 0.6800  LR: 1.00e-04
2026-06-29 14:45:46,410 | [META-RNW] | INFO | meta_classifier_renewed.model_trainers.meta_trainer | Ep [014/500] T-Acc:  77.3%  V-Acc:  60.0%  V-AUROC: 0.6800  LR: 1.00e-04
2026-06-29 14:45:46,864 | [META-RNW] | INFO | meta_classifier_renewed.model_trainers.meta_trainer | Ep [015/500] T-Acc:  63.6%  V-Acc:  60.0%  V-AUROC: 0.6800  LR: 1.00e-04
2026-06-29 14:45:47,271 | [META-RNW] | INFO | meta_classifier_renewed.model_trainers.meta_trainer | Ep [016/500] T-Acc:  81.8%  V-Acc:  70.0%  V-AUROC: 0.6800  LR: 1.00e-04
2026-06-29 14:45:47,658 | [META-RNW] | INFO | meta_classifier_renewed.model_trainers.meta_trainer | Ep [017/500] T-Acc:  77.3%  V-Acc:  60.0%  V-AUROC: 0.6800  LR: 1.00e-04
2026-06-29 14:45:48,047 | [META-RNW] | INFO | meta_classifier_renewed.model_trainers.meta_trainer | Ep [018/500] T-Acc:  77.3%  V-Acc:  70.0%  V-AUROC: 0.6800  LR: 1.00e-04
2026-06-29 14:45:48,434 | [META-RNW] | INFO | meta_classifier_renewed.model_trainers.meta_trainer | Ep [019/500] T-Acc:  95.5%  V-Acc:  70.0%  V-AUROC: 0.6400  LR: 1.00e-04
2026-06-29 14:45:48,805 | [META-RNW] | INFO | meta_classifier_renewed.model_trainers.meta_trainer | Ep [020/500] T-Acc: 100.0%  V-Acc:  70.0%  V-AUROC: 0.6400  LR: 2.00e-05
2026-06-29 14:45:49,203 | [META-RNW] | INFO | meta_classifier_renewed.model_trainers.meta_trainer | Ep [021/500] T-Acc:  86.4%  V-Acc:  60.0%  V-AUROC: 0.6400  LR: 2.00e-05
2026-06-29 14:45:49,614 | [META-RNW] | INFO | meta_classifier_renewed.model_trainers.meta_trainer | Ep [022/500] T-Acc:  81.8%  V-Acc:  60.0%  V-AUROC: 0.6800  LR: 2.00e-05
2026-06-29 14:45:50,029 | [META-RNW] | INFO | meta_classifier_renewed.model_trainers.meta_trainer | Ep [023/500] T-Acc:  86.4%  V-Acc:  60.0%  V-AUROC: 0.6800  LR: 2.00e-05
2026-06-29 14:45:50,461 | [META-RNW] | INFO | meta_classifier_renewed.model_trainers.meta_trainer | Ep [024/500] T-Acc:  81.8%  V-Acc:  60.0%  V-AUROC: 0.6800  LR: 2.00e-05
2026-06-29 14:45:50,870 | [META-RNW] | INFO | meta_classifier_renewed.model_trainers.meta_trainer | Ep [025/500] T-Acc:  86.4%  V-Acc:  60.0%  V-AUROC: 0.6800  LR: 2.00e-05
2026-06-29 14:45:51,272 | [META-RNW] | INFO | meta_classifier_renewed.model_trainers.meta_trainer | Ep [026/500] T-Acc:  95.5%  V-Acc:  60.0%  V-AUROC: 0.6800  LR: 2.00e-05
2026-06-29 14:45:51,683 | [META-RNW] | INFO | meta_classifier_renewed.model_trainers.meta_trainer | Ep [027/500] T-Acc:  81.8%  V-Acc:  60.0%  V-AUROC: 0.6800  LR: 2.00e-05
2026-06-29 14:45:52,074 | [META-RNW] | INFO | meta_classifier_renewed.model_trainers.meta_trainer | Ep [028/500] T-Acc:  81.8%  V-Acc:  60.0%  V-AUROC: 0.6800  LR: 2.00e-05
2026-06-29 14:45:52,475 | [META-RNW] | INFO | meta_classifier_renewed.model_trainers.meta_trainer | Ep [029/500] T-Acc:  86.4%  V-Acc:  60.0%  V-AUROC: 0.6800  LR: 2.00e-05
2026-06-29 14:45:52,858 | [META-RNW] | INFO | meta_classifier_renewed.model_trainers.meta_trainer | Ep [030/500] T-Acc:  77.3%  V-Acc:  60.0%  V-AUROC: 0.6800  LR: 2.00e-05
2026-06-29 14:45:53,249 | [META-RNW] | INFO | meta_classifier_renewed.model_trainers.meta_trainer | Ep [031/500] T-Acc:  81.8%  V-Acc:  60.0%  V-AUROC: 0.6800  LR: 4.00e-06
2026-06-29 14:45:53,663 | [META-RNW] | INFO | meta_classifier_renewed.model_trainers.meta_trainer | Ep [032/500] T-Acc:  90.9%  V-Acc:  60.0%  V-AUROC: 0.6800  LR: 4.00e-06
2026-06-29 14:45:54,057 | [META-RNW] | INFO | meta_classifier_renewed.model_trainers.meta_trainer | Ep [033/500] T-Acc:  95.5%  V-Acc:  60.0%  V-AUROC: 0.6800  LR: 4.00e-06
2026-06-29 14:45:54,433 | [META-RNW] | INFO | meta_classifier_renewed.model_trainers.meta_trainer | Ep [034/500] T-Acc:  95.5%  V-Acc:  60.0%  V-AUROC: 0.7200  LR: 4.00e-06
2026-06-29 14:45:54,874 | [META-RNW] | INFO | meta_classifier_renewed.model_trainers.meta_trainer | Ep [035/500] T-Acc:  72.7%  V-Acc:  60.0%  V-AUROC: 0.7200  LR: 4.00e-06
2026-06-29 14:45:55,278 | [META-RNW] | INFO | meta_classifier_renewed.model_trainers.meta_trainer | Ep [036/500] T-Acc:  77.3%  V-Acc:  60.0%  V-AUROC: 0.7200  LR: 4.00e-06
2026-06-29 14:45:55,654 | [META-RNW] | INFO | meta_classifier_renewed.model_trainers.meta_trainer | Ep [037/500] T-Acc:  90.9%  V-Acc:  60.0%  V-AUROC: 0.7200  LR: 4.00e-06
2026-06-29 14:45:56,038 | [META-RNW] | INFO | meta_classifier_renewed.model_trainers.meta_trainer | Ep [038/500] T-Acc:  86.4%  V-Acc:  60.0%  V-AUROC: 0.7200  LR: 4.00e-06
2026-06-29 14:45:56,039 | [META-RNW] | INFO | meta_classifier_renewed.model_trainers.meta_trainer | Early stop — best AUROC 0.7200 at epoch 8 (no improvement for 30 epochs)
2026-06-29 14:45:56,039 | [META-RNW] | INFO | meta_classifier_renewed.model_trainers.meta_trainer | Done. Best AUROC: 0.7200 (epoch 8)
2026-06-29 14:45:56,200 | [META-RNW] | INFO | meta_classifier_renewed.model_trainers.meta_trainer | Restored best-AUROC checkpoint into model (epoch 8, AUROC 0.7200).
2026-06-29 14:45:56,306 | [META-RNW] | INFO | meta_classifier_renewed.evaluators.monte_carlo_evaluator | -> Fold 26 Result | Acc=0.600 Sens=0.400 Spec=0.800 AUROC=0.720 (Fixed Threshold: 0.5)
2026-06-29 14:45:56,323 | [META-RNW] | INFO | meta_classifier_renewed.evaluators.monte_carlo_evaluator | === Fold 27/30 | train: 22 subj | test: 10 subj ===
2026-06-29 14:45:56,336 | [META-RNW] | INFO | meta_classifier_renewed.model_trainers.meta_trainer | Device: cuda | max_epochs=500 | batch=8 | es_patience=30 | lr=1e-04 | wd=1e-02
2026-06-29 14:45:56,337 | [META-RNW] | INFO | meta_classifier_renewed.model_trainers.meta_trainer | CE weights — HC: 0.846  MCI: 1.222
2026-06-29 14:45:56,747 | [META-RNW] | INFO | meta_classifier_renewed.model_trainers.meta_trainer | Ep [001/500] T-Acc:  59.1%  V-Acc:  10.0%  V-AUROC: 0.8889  LR: 2.00e-05
2026-06-29 14:45:56,847 | [META-RNW] | INFO | meta_classifier_renewed.model_trainers.meta_trainer |   ↳ new best AUROC; saved checkpoint: /home/leggo/AIResearch/VOGBasedMCIDetectionSystemMobileViTSingleExperimentInference/outputs/checkpoints/run_20260629_143830_meta_renewed/fold_26_best.pth
2026-06-29 14:45:57,216 | [META-RNW] | INFO | meta_classifier_renewed.model_trainers.meta_trainer | Ep [002/500] T-Acc:  50.0%  V-Acc:  10.0%  V-AUROC: 0.4444  LR: 4.00e-05
2026-06-29 14:45:57,632 | [META-RNW] | INFO | meta_classifier_renewed.model_trainers.meta_trainer | Ep [003/500] T-Acc:  59.1%  V-Acc:  90.0%  V-AUROC: 0.2222  LR: 6.00e-05
2026-06-29 14:45:58,022 | [META-RNW] | INFO | meta_classifier_renewed.model_trainers.meta_trainer | Ep [004/500] T-Acc:  31.8%  V-Acc:  90.0%  V-AUROC: 0.0000  LR: 8.00e-05
2026-06-29 14:45:58,421 | [META-RNW] | INFO | meta_classifier_renewed.model_trainers.meta_trainer | Ep [005/500] T-Acc:  31.8%  V-Acc:  90.0%  V-AUROC: 0.1111  LR: 1.00e-04
2026-06-29 14:45:58,820 | [META-RNW] | INFO | meta_classifier_renewed.model_trainers.meta_trainer | Ep [006/500] T-Acc:  45.5%  V-Acc:  20.0%  V-AUROC: 0.3333  LR: 1.00e-04
2026-06-29 14:45:59,231 | [META-RNW] | INFO | meta_classifier_renewed.model_trainers.meta_trainer | Ep [007/500] T-Acc:  59.1%  V-Acc:  20.0%  V-AUROC: 0.3333  LR: 1.00e-04
2026-06-29 14:45:59,643 | [META-RNW] | INFO | meta_classifier_renewed.model_trainers.meta_trainer | Ep [008/500] T-Acc:  54.5%  V-Acc:  50.0%  V-AUROC: 0.4444  LR: 1.00e-04
2026-06-29 14:46:00,078 | [META-RNW] | INFO | meta_classifier_renewed.model_trainers.meta_trainer | Ep [009/500] T-Acc:  63.6%  V-Acc:  50.0%  V-AUROC: 0.4444  LR: 1.00e-04
2026-06-29 14:46:00,559 | [META-RNW] | INFO | meta_classifier_renewed.model_trainers.meta_trainer | Ep [010/500] T-Acc:  68.2%  V-Acc:  50.0%  V-AUROC: 0.5556  LR: 1.00e-04
2026-06-29 14:46:00,947 | [META-RNW] | INFO | meta_classifier_renewed.model_trainers.meta_trainer | Ep [011/500] T-Acc:  68.2%  V-Acc:  50.0%  V-AUROC: 0.5556  LR: 1.00e-04
2026-06-29 14:46:01,337 | [META-RNW] | INFO | meta_classifier_renewed.model_trainers.meta_trainer | Ep [012/500] T-Acc:  68.2%  V-Acc:  40.0%  V-AUROC: 0.5556  LR: 1.00e-04
2026-06-29 14:46:01,728 | [META-RNW] | INFO | meta_classifier_renewed.model_trainers.meta_trainer | Ep [013/500] T-Acc:  68.2%  V-Acc:  40.0%  V-AUROC: 0.5556  LR: 1.00e-04
2026-06-29 14:46:02,135 | [META-RNW] | INFO | meta_classifier_renewed.model_trainers.meta_trainer | Ep [014/500] T-Acc:  68.2%  V-Acc:  40.0%  V-AUROC: 0.5556  LR: 1.00e-04
2026-06-29 14:46:02,536 | [META-RNW] | INFO | meta_classifier_renewed.model_trainers.meta_trainer | Ep [015/500] T-Acc:  81.8%  V-Acc:  50.0%  V-AUROC: 0.5556  LR: 1.00e-04
2026-06-29 14:46:02,947 | [META-RNW] | INFO | meta_classifier_renewed.model_trainers.meta_trainer | Ep [016/500] T-Acc:  72.7%  V-Acc:  50.0%  V-AUROC: 0.5556  LR: 1.00e-04
2026-06-29 14:46:03,390 | [META-RNW] | INFO | meta_classifier_renewed.model_trainers.meta_trainer | Ep [017/500] T-Acc:  72.7%  V-Acc:  60.0%  V-AUROC: 0.5556  LR: 1.00e-04
2026-06-29 14:46:03,848 | [META-RNW] | INFO | meta_classifier_renewed.model_trainers.meta_trainer | Ep [018/500] T-Acc:  95.5%  V-Acc:  50.0%  V-AUROC: 0.5556  LR: 1.00e-04
2026-06-29 14:46:04,271 | [META-RNW] | INFO | meta_classifier_renewed.model_trainers.meta_trainer | Ep [019/500] T-Acc:  81.8%  V-Acc:  50.0%  V-AUROC: 0.5556  LR: 1.00e-04
2026-06-29 14:46:04,708 | [META-RNW] | INFO | meta_classifier_renewed.model_trainers.meta_trainer | Ep [020/500] T-Acc:  86.4%  V-Acc:  50.0%  V-AUROC: 0.5556  LR: 1.00e-04
2026-06-29 14:46:05,141 | [META-RNW] | INFO | meta_classifier_renewed.model_trainers.meta_trainer | Ep [021/500] T-Acc:  90.9%  V-Acc:  50.0%  V-AUROC: 0.6667  LR: 1.00e-04
2026-06-29 14:46:05,549 | [META-RNW] | INFO | meta_classifier_renewed.model_trainers.meta_trainer | Ep [022/500] T-Acc:  77.3%  V-Acc:  50.0%  V-AUROC: 0.6667  LR: 1.00e-04
2026-06-29 14:46:06,010 | [META-RNW] | INFO | meta_classifier_renewed.model_trainers.meta_trainer | Ep [023/500] T-Acc:  90.9%  V-Acc:  40.0%  V-AUROC: 0.6667  LR: 1.00e-04
2026-06-29 14:46:06,454 | [META-RNW] | INFO | meta_classifier_renewed.model_trainers.meta_trainer | Ep [024/500] T-Acc:  81.8%  V-Acc:  50.0%  V-AUROC: 0.6667  LR: 1.00e-04
2026-06-29 14:46:06,874 | [META-RNW] | INFO | meta_classifier_renewed.model_trainers.meta_trainer | Ep [025/500] T-Acc:  81.8%  V-Acc:  50.0%  V-AUROC: 0.6667  LR: 1.00e-04
2026-06-29 14:46:07,317 | [META-RNW] | INFO | meta_classifier_renewed.model_trainers.meta_trainer | Ep [026/500] T-Acc:  81.8%  V-Acc:  50.0%  V-AUROC: 0.6667  LR: 1.00e-04
2026-06-29 14:46:07,727 | [META-RNW] | INFO | meta_classifier_renewed.model_trainers.meta_trainer | Ep [027/500] T-Acc:  86.4%  V-Acc:  50.0%  V-AUROC: 0.6667  LR: 1.00e-04
2026-06-29 14:46:08,153 | [META-RNW] | INFO | meta_classifier_renewed.model_trainers.meta_trainer | Ep [028/500] T-Acc:  86.4%  V-Acc:  50.0%  V-AUROC: 0.6667  LR: 1.00e-04
2026-06-29 14:46:08,560 | [META-RNW] | INFO | meta_classifier_renewed.model_trainers.meta_trainer | Ep [029/500] T-Acc:  86.4%  V-Acc:  50.0%  V-AUROC: 0.6667  LR: 1.00e-04
2026-06-29 14:46:08,989 | [META-RNW] | INFO | meta_classifier_renewed.model_trainers.meta_trainer | Ep [030/500] T-Acc:  86.4%  V-Acc:  50.0%  V-AUROC: 0.5556  LR: 1.00e-04
2026-06-29 14:46:09,400 | [META-RNW] | INFO | meta_classifier_renewed.model_trainers.meta_trainer | Ep [031/500] T-Acc:  95.5%  V-Acc:  50.0%  V-AUROC: 0.5556  LR: 1.00e-04
2026-06-29 14:46:09,401 | [META-RNW] | INFO | meta_classifier_renewed.model_trainers.meta_trainer | Early stop — best AUROC 0.8889 at epoch 1 (no improvement for 30 epochs)
2026-06-29 14:46:09,401 | [META-RNW] | INFO | meta_classifier_renewed.model_trainers.meta_trainer | Done. Best AUROC: 0.8889 (epoch 1)
2026-06-29 14:46:09,559 | [META-RNW] | INFO | meta_classifier_renewed.model_trainers.meta_trainer | Restored best-AUROC checkpoint into model (epoch 1, AUROC 0.8889).
2026-06-29 14:46:09,678 | [META-RNW] | INFO | meta_classifier_renewed.evaluators.monte_carlo_evaluator | -> Fold 27 Result | Acc=0.100 Sens=0.000 Spec=1.000 AUROC=0.889 (Fixed Threshold: 0.5)
2026-06-29 14:46:09,695 | [META-RNW] | INFO | meta_classifier_renewed.evaluators.monte_carlo_evaluator | === Fold 28/30 | train: 22 subj | test: 10 subj ===
2026-06-29 14:46:09,708 | [META-RNW] | INFO | meta_classifier_renewed.model_trainers.meta_trainer | Device: cuda | max_epochs=500 | batch=8 | es_patience=30 | lr=1e-04 | wd=1e-02
2026-06-29 14:46:09,709 | [META-RNW] | INFO | meta_classifier_renewed.model_trainers.meta_trainer | CE weights — HC: 1.375  MCI: 0.786
2026-06-29 14:46:10,135 | [META-RNW] | INFO | meta_classifier_renewed.model_trainers.meta_trainer | Ep [001/500] T-Acc:  40.9%  V-Acc:  20.0%  V-AUROC: 0.2500  LR: 2.00e-05
2026-06-29 14:46:10,237 | [META-RNW] | INFO | meta_classifier_renewed.model_trainers.meta_trainer |   ↳ new best AUROC; saved checkpoint: /home/leggo/AIResearch/VOGBasedMCIDetectionSystemMobileViTSingleExperimentInference/outputs/checkpoints/run_20260629_143830_meta_renewed/fold_27_best.pth
2026-06-29 14:46:10,657 | [META-RNW] | INFO | meta_classifier_renewed.model_trainers.meta_trainer | Ep [002/500] T-Acc:  59.1%  V-Acc:  40.0%  V-AUROC: 0.2500  LR: 4.00e-05
2026-06-29 14:46:10,766 | [META-RNW] | INFO | meta_classifier_renewed.model_trainers.meta_trainer |   ↳ new best AUROC; saved checkpoint: /home/leggo/AIResearch/VOGBasedMCIDetectionSystemMobileViTSingleExperimentInference/outputs/checkpoints/run_20260629_143830_meta_renewed/fold_27_best.pth
2026-06-29 14:46:11,150 | [META-RNW] | INFO | meta_classifier_renewed.model_trainers.meta_trainer | Ep [003/500] T-Acc:  45.5%  V-Acc:  40.0%  V-AUROC: 0.2083  LR: 6.00e-05
2026-06-29 14:46:11,567 | [META-RNW] | INFO | meta_classifier_renewed.model_trainers.meta_trainer | Ep [004/500] T-Acc:  59.1%  V-Acc:  50.0%  V-AUROC: 0.1667  LR: 8.00e-05
2026-06-29 14:46:12,022 | [META-RNW] | INFO | meta_classifier_renewed.model_trainers.meta_trainer | Ep [005/500] T-Acc:  68.2%  V-Acc:  60.0%  V-AUROC: 0.4167  LR: 1.00e-04
2026-06-29 14:46:12,136 | [META-RNW] | INFO | meta_classifier_renewed.model_trainers.meta_trainer |   ↳ new best AUROC; saved checkpoint: /home/leggo/AIResearch/VOGBasedMCIDetectionSystemMobileViTSingleExperimentInference/outputs/checkpoints/run_20260629_143830_meta_renewed/fold_27_best.pth
2026-06-29 14:46:12,581 | [META-RNW] | INFO | meta_classifier_renewed.model_trainers.meta_trainer | Ep [006/500] T-Acc:  36.4%  V-Acc:  60.0%  V-AUROC: 0.4167  LR: 1.00e-04
2026-06-29 14:46:13,045 | [META-RNW] | INFO | meta_classifier_renewed.model_trainers.meta_trainer | Ep [007/500] T-Acc:  50.0%  V-Acc:  60.0%  V-AUROC: 0.2083  LR: 1.00e-04
2026-06-29 14:46:13,476 | [META-RNW] | INFO | meta_classifier_renewed.model_trainers.meta_trainer | Ep [008/500] T-Acc:  63.6%  V-Acc:  10.0%  V-AUROC: 0.1250  LR: 1.00e-04
2026-06-29 14:46:13,879 | [META-RNW] | INFO | meta_classifier_renewed.model_trainers.meta_trainer | Ep [009/500] T-Acc:  59.1%  V-Acc:  40.0%  V-AUROC: 0.1250  LR: 1.00e-04
2026-06-29 14:46:14,269 | [META-RNW] | INFO | meta_classifier_renewed.model_trainers.meta_trainer | Ep [010/500] T-Acc:  63.6%  V-Acc:  60.0%  V-AUROC: 0.1667  LR: 1.00e-04
2026-06-29 14:46:14,647 | [META-RNW] | INFO | meta_classifier_renewed.model_trainers.meta_trainer | Ep [011/500] T-Acc:  63.6%  V-Acc:  20.0%  V-AUROC: 0.1667  LR: 1.00e-04
2026-06-29 14:46:15,016 | [META-RNW] | INFO | meta_classifier_renewed.model_trainers.meta_trainer | Ep [012/500] T-Acc:  40.9%  V-Acc:  20.0%  V-AUROC: 0.1667  LR: 1.00e-04
2026-06-29 14:46:15,383 | [META-RNW] | INFO | meta_classifier_renewed.model_trainers.meta_trainer | Ep [013/500] T-Acc:  50.0%  V-Acc:  20.0%  V-AUROC: 0.2500  LR: 1.00e-04
2026-06-29 14:46:15,833 | [META-RNW] | INFO | meta_classifier_renewed.model_trainers.meta_trainer | Ep [014/500] T-Acc:  59.1%  V-Acc:  40.0%  V-AUROC: 0.3333  LR: 1.00e-04
2026-06-29 14:46:16,257 | [META-RNW] | INFO | meta_classifier_renewed.model_trainers.meta_trainer | Ep [015/500] T-Acc:  63.6%  V-Acc:  30.0%  V-AUROC: 0.3333  LR: 1.00e-04
2026-06-29 14:46:16,671 | [META-RNW] | INFO | meta_classifier_renewed.model_trainers.meta_trainer | Ep [016/500] T-Acc:  50.0%  V-Acc:  60.0%  V-AUROC: 0.3750  LR: 1.00e-04
2026-06-29 14:46:17,097 | [META-RNW] | INFO | meta_classifier_renewed.model_trainers.meta_trainer | Ep [017/500] T-Acc:  63.6%  V-Acc:  60.0%  V-AUROC: 0.3333  LR: 1.00e-04
2026-06-29 14:46:17,552 | [META-RNW] | INFO | meta_classifier_renewed.model_trainers.meta_trainer | Ep [018/500] T-Acc:  63.6%  V-Acc:  60.0%  V-AUROC: 0.3333  LR: 2.00e-05
2026-06-29 14:46:17,999 | [META-RNW] | INFO | meta_classifier_renewed.model_trainers.meta_trainer | Ep [019/500] T-Acc:  59.1%  V-Acc:  60.0%  V-AUROC: 0.3333  LR: 2.00e-05
2026-06-29 14:46:18,410 | [META-RNW] | INFO | meta_classifier_renewed.model_trainers.meta_trainer | Ep [020/500] T-Acc:  63.6%  V-Acc:  30.0%  V-AUROC: 0.3750  LR: 2.00e-05
2026-06-29 14:46:18,821 | [META-RNW] | INFO | meta_classifier_renewed.model_trainers.meta_trainer | Ep [021/500] T-Acc:  77.3%  V-Acc:  40.0%  V-AUROC: 0.3333  LR: 2.00e-05
2026-06-29 14:46:19,244 | [META-RNW] | INFO | meta_classifier_renewed.model_trainers.meta_trainer | Ep [022/500] T-Acc:  86.4%  V-Acc:  40.0%  V-AUROC: 0.3333  LR: 2.00e-05
2026-06-29 14:46:19,684 | [META-RNW] | INFO | meta_classifier_renewed.model_trainers.meta_trainer | Ep [023/500] T-Acc:  81.8%  V-Acc:  40.0%  V-AUROC: 0.3333  LR: 2.00e-05
2026-06-29 14:46:20,059 | [META-RNW] | INFO | meta_classifier_renewed.model_trainers.meta_trainer | Ep [024/500] T-Acc:  77.3%  V-Acc:  40.0%  V-AUROC: 0.3750  LR: 2.00e-05
2026-06-29 14:46:20,428 | [META-RNW] | INFO | meta_classifier_renewed.model_trainers.meta_trainer | Ep [025/500] T-Acc:  72.7%  V-Acc:  40.0%  V-AUROC: 0.3750  LR: 2.00e-05
2026-06-29 14:46:20,792 | [META-RNW] | INFO | meta_classifier_renewed.model_trainers.meta_trainer | Ep [026/500] T-Acc:  68.2%  V-Acc:  40.0%  V-AUROC: 0.4583  LR: 2.00e-05
2026-06-29 14:46:20,901 | [META-RNW] | INFO | meta_classifier_renewed.model_trainers.meta_trainer |   ↳ new best AUROC; saved checkpoint: /home/leggo/AIResearch/VOGBasedMCIDetectionSystemMobileViTSingleExperimentInference/outputs/checkpoints/run_20260629_143830_meta_renewed/fold_27_best.pth
2026-06-29 14:46:21,275 | [META-RNW] | INFO | meta_classifier_renewed.model_trainers.meta_trainer | Ep [027/500] T-Acc:  81.8%  V-Acc:  40.0%  V-AUROC: 0.4583  LR: 2.00e-05
2026-06-29 14:46:21,662 | [META-RNW] | INFO | meta_classifier_renewed.model_trainers.meta_trainer | Ep [028/500] T-Acc:  63.6%  V-Acc:  40.0%  V-AUROC: 0.4583  LR: 2.00e-05
2026-06-29 14:46:22,065 | [META-RNW] | INFO | meta_classifier_renewed.model_trainers.meta_trainer | Ep [029/500] T-Acc:  63.6%  V-Acc:  50.0%  V-AUROC: 0.4167  LR: 2.00e-05
2026-06-29 14:46:22,450 | [META-RNW] | INFO | meta_classifier_renewed.model_trainers.meta_trainer | Ep [030/500] T-Acc:  77.3%  V-Acc:  40.0%  V-AUROC: 0.4167  LR: 2.00e-05
2026-06-29 14:46:22,862 | [META-RNW] | INFO | meta_classifier_renewed.model_trainers.meta_trainer | Ep [031/500] T-Acc:  81.8%  V-Acc:  40.0%  V-AUROC: 0.4167  LR: 2.00e-05
2026-06-29 14:46:23,298 | [META-RNW] | INFO | meta_classifier_renewed.model_trainers.meta_trainer | Ep [032/500] T-Acc:  77.3%  V-Acc:  40.0%  V-AUROC: 0.4167  LR: 2.00e-05
2026-06-29 14:46:23,694 | [META-RNW] | INFO | meta_classifier_renewed.model_trainers.meta_trainer | Ep [033/500] T-Acc:  86.4%  V-Acc:  40.0%  V-AUROC: 0.5000  LR: 2.00e-05
2026-06-29 14:46:23,806 | [META-RNW] | INFO | meta_classifier_renewed.model_trainers.meta_trainer |   ↳ new best AUROC; saved checkpoint: /home/leggo/AIResearch/VOGBasedMCIDetectionSystemMobileViTSingleExperimentInference/outputs/checkpoints/run_20260629_143830_meta_renewed/fold_27_best.pth
2026-06-29 14:46:24,166 | [META-RNW] | INFO | meta_classifier_renewed.model_trainers.meta_trainer | Ep [034/500] T-Acc:  81.8%  V-Acc:  40.0%  V-AUROC: 0.5000  LR: 2.00e-05
2026-06-29 14:46:24,544 | [META-RNW] | INFO | meta_classifier_renewed.model_trainers.meta_trainer | Ep [035/500] T-Acc:  86.4%  V-Acc:  50.0%  V-AUROC: 0.4583  LR: 2.00e-05
2026-06-29 14:46:24,915 | [META-RNW] | INFO | meta_classifier_renewed.model_trainers.meta_trainer | Ep [036/500] T-Acc:  90.9%  V-Acc:  40.0%  V-AUROC: 0.4583  LR: 2.00e-05
2026-06-29 14:46:25,291 | [META-RNW] | INFO | meta_classifier_renewed.model_trainers.meta_trainer | Ep [037/500] T-Acc:  90.9%  V-Acc:  50.0%  V-AUROC: 0.3750  LR: 2.00e-05
2026-06-29 14:46:25,674 | [META-RNW] | INFO | meta_classifier_renewed.model_trainers.meta_trainer | Ep [038/500] T-Acc:  72.7%  V-Acc:  50.0%  V-AUROC: 0.4167  LR: 2.00e-05
2026-06-29 14:46:26,066 | [META-RNW] | INFO | meta_classifier_renewed.model_trainers.meta_trainer | Ep [039/500] T-Acc:  90.9%  V-Acc:  60.0%  V-AUROC: 0.4167  LR: 2.00e-05
2026-06-29 14:46:26,479 | [META-RNW] | INFO | meta_classifier_renewed.model_trainers.meta_trainer | Ep [040/500] T-Acc:  77.3%  V-Acc:  60.0%  V-AUROC: 0.4583  LR: 2.00e-05
2026-06-29 14:46:26,903 | [META-RNW] | INFO | meta_classifier_renewed.model_trainers.meta_trainer | Ep [041/500] T-Acc:  81.8%  V-Acc:  60.0%  V-AUROC: 0.3750  LR: 2.00e-05
2026-06-29 14:46:27,291 | [META-RNW] | INFO | meta_classifier_renewed.model_trainers.meta_trainer | Ep [042/500] T-Acc:  86.4%  V-Acc:  50.0%  V-AUROC: 0.3333  LR: 2.00e-05
2026-06-29 14:46:27,706 | [META-RNW] | INFO | meta_classifier_renewed.model_trainers.meta_trainer | Ep [043/500] T-Acc:  86.4%  V-Acc:  50.0%  V-AUROC: 0.3750  LR: 2.00e-05
2026-06-29 14:46:28,124 | [META-RNW] | INFO | meta_classifier_renewed.model_trainers.meta_trainer | Ep [044/500] T-Acc:  63.6%  V-Acc:  50.0%  V-AUROC: 0.4167  LR: 2.00e-05
2026-06-29 14:46:28,535 | [META-RNW] | INFO | meta_classifier_renewed.model_trainers.meta_trainer | Ep [045/500] T-Acc:  90.9%  V-Acc:  50.0%  V-AUROC: 0.4167  LR: 4.00e-06
2026-06-29 14:46:28,945 | [META-RNW] | INFO | meta_classifier_renewed.model_trainers.meta_trainer | Ep [046/500] T-Acc:  90.9%  V-Acc:  50.0%  V-AUROC: 0.4167  LR: 4.00e-06
2026-06-29 14:46:29,343 | [META-RNW] | INFO | meta_classifier_renewed.model_trainers.meta_trainer | Ep [047/500] T-Acc:  81.8%  V-Acc:  50.0%  V-AUROC: 0.4167  LR: 4.00e-06
2026-06-29 14:46:29,746 | [META-RNW] | INFO | meta_classifier_renewed.model_trainers.meta_trainer | Ep [048/500] T-Acc:  77.3%  V-Acc:  50.0%  V-AUROC: 0.4167  LR: 4.00e-06
2026-06-29 14:46:30,185 | [META-RNW] | INFO | meta_classifier_renewed.model_trainers.meta_trainer | Ep [049/500] T-Acc:  81.8%  V-Acc:  50.0%  V-AUROC: 0.4167  LR: 4.00e-06
2026-06-29 14:46:30,640 | [META-RNW] | INFO | meta_classifier_renewed.model_trainers.meta_trainer | Ep [050/500] T-Acc:  90.9%  V-Acc:  50.0%  V-AUROC: 0.4167  LR: 4.00e-06
2026-06-29 14:46:31,046 | [META-RNW] | INFO | meta_classifier_renewed.model_trainers.meta_trainer | Ep [051/500] T-Acc:  86.4%  V-Acc:  50.0%  V-AUROC: 0.4167  LR: 4.00e-06
2026-06-29 14:46:31,469 | [META-RNW] | INFO | meta_classifier_renewed.model_trainers.meta_trainer | Ep [052/500] T-Acc:  81.8%  V-Acc:  60.0%  V-AUROC: 0.4583  LR: 4.00e-06
2026-06-29 14:46:31,914 | [META-RNW] | INFO | meta_classifier_renewed.model_trainers.meta_trainer | Ep [053/500] T-Acc:  90.9%  V-Acc:  70.0%  V-AUROC: 0.4583  LR: 4.00e-06
2026-06-29 14:46:32,355 | [META-RNW] | INFO | meta_classifier_renewed.model_trainers.meta_trainer | Ep [054/500] T-Acc: 100.0%  V-Acc:  70.0%  V-AUROC: 0.4583  LR: 4.00e-06
2026-06-29 14:46:32,771 | [META-RNW] | INFO | meta_classifier_renewed.model_trainers.meta_trainer | Ep [055/500] T-Acc:  68.2%  V-Acc:  70.0%  V-AUROC: 0.4583  LR: 4.00e-06
2026-06-29 14:46:33,188 | [META-RNW] | INFO | meta_classifier_renewed.model_trainers.meta_trainer | Ep [056/500] T-Acc:  68.2%  V-Acc:  60.0%  V-AUROC: 0.4583  LR: 1.00e-06
2026-06-29 14:46:33,628 | [META-RNW] | INFO | meta_classifier_renewed.model_trainers.meta_trainer | Ep [057/500] T-Acc:  77.3%  V-Acc:  60.0%  V-AUROC: 0.4583  LR: 1.00e-06
2026-06-29 14:46:34,026 | [META-RNW] | INFO | meta_classifier_renewed.model_trainers.meta_trainer | Ep [058/500] T-Acc:  86.4%  V-Acc:  60.0%  V-AUROC: 0.4583  LR: 1.00e-06
2026-06-29 14:46:34,424 | [META-RNW] | INFO | meta_classifier_renewed.model_trainers.meta_trainer | Ep [059/500] T-Acc:  81.8%  V-Acc:  60.0%  V-AUROC: 0.4583  LR: 1.00e-06
2026-06-29 14:46:34,822 | [META-RNW] | INFO | meta_classifier_renewed.model_trainers.meta_trainer | Ep [060/500] T-Acc:  81.8%  V-Acc:  60.0%  V-AUROC: 0.4583  LR: 1.00e-06
2026-06-29 14:46:35,207 | [META-RNW] | INFO | meta_classifier_renewed.model_trainers.meta_trainer | Ep [061/500] T-Acc:  81.8%  V-Acc:  60.0%  V-AUROC: 0.4583  LR: 1.00e-06
2026-06-29 14:46:35,612 | [META-RNW] | INFO | meta_classifier_renewed.model_trainers.meta_trainer | Ep [062/500] T-Acc:  90.9%  V-Acc:  60.0%  V-AUROC: 0.4583  LR: 1.00e-06
2026-06-29 14:46:36,029 | [META-RNW] | INFO | meta_classifier_renewed.model_trainers.meta_trainer | Ep [063/500] T-Acc:  77.3%  V-Acc:  60.0%  V-AUROC: 0.4583  LR: 1.00e-06
2026-06-29 14:46:36,029 | [META-RNW] | INFO | meta_classifier_renewed.model_trainers.meta_trainer | Early stop — best AUROC 0.5000 at epoch 33 (no improvement for 30 epochs)
2026-06-29 14:46:36,029 | [META-RNW] | INFO | meta_classifier_renewed.model_trainers.meta_trainer | Done. Best AUROC: 0.5000 (epoch 33)
2026-06-29 14:46:36,193 | [META-RNW] | INFO | meta_classifier_renewed.model_trainers.meta_trainer | Restored best-AUROC checkpoint into model (epoch 33, AUROC 0.5000).
2026-06-29 14:46:36,307 | [META-RNW] | INFO | meta_classifier_renewed.evaluators.monte_carlo_evaluator | -> Fold 28 Result | Acc=0.400 Sens=0.250 Spec=0.500 AUROC=0.500 (Fixed Threshold: 0.5)
2026-06-29 14:46:36,324 | [META-RNW] | INFO | meta_classifier_renewed.evaluators.monte_carlo_evaluator | === Fold 29/30 | train: 22 subj | test: 10 subj ===
2026-06-29 14:46:36,336 | [META-RNW] | INFO | meta_classifier_renewed.model_trainers.meta_trainer | Device: cuda | max_epochs=500 | batch=8 | es_patience=30 | lr=1e-04 | wd=1e-02
2026-06-29 14:46:36,337 | [META-RNW] | INFO | meta_classifier_renewed.model_trainers.meta_trainer | CE weights — HC: 1.375  MCI: 0.786
2026-06-29 14:46:36,750 | [META-RNW] | INFO | meta_classifier_renewed.model_trainers.meta_trainer | Ep [001/500] T-Acc:  68.2%  V-Acc:  40.0%  V-AUROC: 0.7083  LR: 2.00e-05
2026-06-29 14:46:36,850 | [META-RNW] | INFO | meta_classifier_renewed.model_trainers.meta_trainer |   ↳ new best AUROC; saved checkpoint: /home/leggo/AIResearch/VOGBasedMCIDetectionSystemMobileViTSingleExperimentInference/outputs/checkpoints/run_20260629_143830_meta_renewed/fold_28_best.pth
2026-06-29 14:46:37,247 | [META-RNW] | INFO | meta_classifier_renewed.model_trainers.meta_trainer | Ep [002/500] T-Acc:  45.5%  V-Acc:  40.0%  V-AUROC: 0.7083  LR: 4.00e-05
2026-06-29 14:46:37,651 | [META-RNW] | INFO | meta_classifier_renewed.model_trainers.meta_trainer | Ep [003/500] T-Acc:  77.3%  V-Acc:  50.0%  V-AUROC: 0.7500  LR: 6.00e-05
2026-06-29 14:46:37,759 | [META-RNW] | INFO | meta_classifier_renewed.model_trainers.meta_trainer |   ↳ new best AUROC; saved checkpoint: /home/leggo/AIResearch/VOGBasedMCIDetectionSystemMobileViTSingleExperimentInference/outputs/checkpoints/run_20260629_143830_meta_renewed/fold_28_best.pth
2026-06-29 14:46:38,158 | [META-RNW] | INFO | meta_classifier_renewed.model_trainers.meta_trainer | Ep [004/500] T-Acc:  59.1%  V-Acc:  50.0%  V-AUROC: 0.7083  LR: 8.00e-05
2026-06-29 14:46:38,580 | [META-RNW] | INFO | meta_classifier_renewed.model_trainers.meta_trainer | Ep [005/500] T-Acc:  68.2%  V-Acc:  40.0%  V-AUROC: 0.7083  LR: 1.00e-04
2026-06-29 14:46:39,043 | [META-RNW] | INFO | meta_classifier_renewed.model_trainers.meta_trainer | Ep [006/500] T-Acc:  72.7%  V-Acc:  50.0%  V-AUROC: 0.6667  LR: 1.00e-04
2026-06-29 14:46:39,471 | [META-RNW] | INFO | meta_classifier_renewed.model_trainers.meta_trainer | Ep [007/500] T-Acc:  72.7%  V-Acc:  50.0%  V-AUROC: 0.7500  LR: 1.00e-04
2026-06-29 14:46:39,878 | [META-RNW] | INFO | meta_classifier_renewed.model_trainers.meta_trainer | Ep [008/500] T-Acc:  68.2%  V-Acc:  50.0%  V-AUROC: 0.7500  LR: 1.00e-04
2026-06-29 14:46:40,270 | [META-RNW] | INFO | meta_classifier_renewed.model_trainers.meta_trainer | Ep [009/500] T-Acc:  59.1%  V-Acc:  60.0%  V-AUROC: 0.7500  LR: 1.00e-04
2026-06-29 14:46:40,671 | [META-RNW] | INFO | meta_classifier_renewed.model_trainers.meta_trainer | Ep [010/500] T-Acc:  63.6%  V-Acc:  80.0%  V-AUROC: 0.7500  LR: 1.00e-04
2026-06-29 14:46:41,102 | [META-RNW] | INFO | meta_classifier_renewed.model_trainers.meta_trainer | Ep [011/500] T-Acc:  63.6%  V-Acc:  60.0%  V-AUROC: 0.7500  LR: 1.00e-04
2026-06-29 14:46:41,519 | [META-RNW] | INFO | meta_classifier_renewed.model_trainers.meta_trainer | Ep [012/500] T-Acc:  63.6%  V-Acc:  80.0%  V-AUROC: 0.7500  LR: 1.00e-04
2026-06-29 14:46:41,899 | [META-RNW] | INFO | meta_classifier_renewed.model_trainers.meta_trainer | Ep [013/500] T-Acc:  59.1%  V-Acc:  40.0%  V-AUROC: 0.7917  LR: 1.00e-04
2026-06-29 14:46:42,009 | [META-RNW] | INFO | meta_classifier_renewed.model_trainers.meta_trainer |   ↳ new best AUROC; saved checkpoint: /home/leggo/AIResearch/VOGBasedMCIDetectionSystemMobileViTSingleExperimentInference/outputs/checkpoints/run_20260629_143830_meta_renewed/fold_28_best.pth
2026-06-29 14:46:42,386 | [META-RNW] | INFO | meta_classifier_renewed.model_trainers.meta_trainer | Ep [014/500] T-Acc:  77.3%  V-Acc:  40.0%  V-AUROC: 0.7917  LR: 1.00e-04
2026-06-29 14:46:42,769 | [META-RNW] | INFO | meta_classifier_renewed.model_trainers.meta_trainer | Ep [015/500] T-Acc:  86.4%  V-Acc:  40.0%  V-AUROC: 0.7500  LR: 1.00e-04
2026-06-29 14:46:43,182 | [META-RNW] | INFO | meta_classifier_renewed.model_trainers.meta_trainer | Ep [016/500] T-Acc:  72.7%  V-Acc:  70.0%  V-AUROC: 0.7083  LR: 1.00e-04
2026-06-29 14:46:43,602 | [META-RNW] | INFO | meta_classifier_renewed.model_trainers.meta_trainer | Ep [017/500] T-Acc:  72.7%  V-Acc:  80.0%  V-AUROC: 0.7083  LR: 1.00e-04
2026-06-29 14:46:43,993 | [META-RNW] | INFO | meta_classifier_renewed.model_trainers.meta_trainer | Ep [018/500] T-Acc:  59.1%  V-Acc:  70.0%  V-AUROC: 0.7500  LR: 1.00e-04
2026-06-29 14:46:44,394 | [META-RNW] | INFO | meta_classifier_renewed.model_trainers.meta_trainer | Ep [019/500] T-Acc:  86.4%  V-Acc:  70.0%  V-AUROC: 0.7500  LR: 1.00e-04
2026-06-29 14:46:44,805 | [META-RNW] | INFO | meta_classifier_renewed.model_trainers.meta_trainer | Ep [020/500] T-Acc:  63.6%  V-Acc:  60.0%  V-AUROC: 0.7500  LR: 1.00e-04
2026-06-29 14:46:45,215 | [META-RNW] | INFO | meta_classifier_renewed.model_trainers.meta_trainer | Ep [021/500] T-Acc:  81.8%  V-Acc:  60.0%  V-AUROC: 0.7500  LR: 1.00e-04
2026-06-29 14:46:45,664 | [META-RNW] | INFO | meta_classifier_renewed.model_trainers.meta_trainer | Ep [022/500] T-Acc:  77.3%  V-Acc:  50.0%  V-AUROC: 0.7917  LR: 1.00e-04
2026-06-29 14:46:46,053 | [META-RNW] | INFO | meta_classifier_renewed.model_trainers.meta_trainer | Ep [023/500] T-Acc:  72.7%  V-Acc:  60.0%  V-AUROC: 0.7917  LR: 1.00e-04
2026-06-29 14:46:46,402 | [META-RNW] | INFO | meta_classifier_renewed.model_trainers.meta_trainer | Ep [024/500] T-Acc:  77.3%  V-Acc:  80.0%  V-AUROC: 0.8333  LR: 1.00e-04
2026-06-29 14:46:46,502 | [META-RNW] | INFO | meta_classifier_renewed.model_trainers.meta_trainer |   ↳ new best AUROC; saved checkpoint: /home/leggo/AIResearch/VOGBasedMCIDetectionSystemMobileViTSingleExperimentInference/outputs/checkpoints/run_20260629_143830_meta_renewed/fold_28_best.pth
2026-06-29 14:46:46,881 | [META-RNW] | INFO | meta_classifier_renewed.model_trainers.meta_trainer | Ep [025/500] T-Acc:  81.8%  V-Acc:  90.0%  V-AUROC: 0.8333  LR: 1.00e-04
2026-06-29 14:46:47,278 | [META-RNW] | INFO | meta_classifier_renewed.model_trainers.meta_trainer | Ep [026/500] T-Acc:  72.7%  V-Acc:  90.0%  V-AUROC: 0.8333  LR: 1.00e-04
2026-06-29 14:46:47,705 | [META-RNW] | INFO | meta_classifier_renewed.model_trainers.meta_trainer | Ep [027/500] T-Acc:  72.7%  V-Acc:  80.0%  V-AUROC: 0.8333  LR: 1.00e-04
2026-06-29 14:46:48,118 | [META-RNW] | INFO | meta_classifier_renewed.model_trainers.meta_trainer | Ep [028/500] T-Acc:  95.5%  V-Acc:  70.0%  V-AUROC: 0.8333  LR: 1.00e-04
2026-06-29 14:46:48,493 | [META-RNW] | INFO | meta_classifier_renewed.model_trainers.meta_trainer | Ep [029/500] T-Acc:  72.7%  V-Acc:  80.0%  V-AUROC: 0.8333  LR: 1.00e-04
2026-06-29 14:46:48,858 | [META-RNW] | INFO | meta_classifier_renewed.model_trainers.meta_trainer | Ep [030/500] T-Acc:  95.5%  V-Acc:  60.0%  V-AUROC: 0.8333  LR: 1.00e-04
2026-06-29 14:46:49,260 | [META-RNW] | INFO | meta_classifier_renewed.model_trainers.meta_trainer | Ep [031/500] T-Acc: 100.0%  V-Acc:  70.0%  V-AUROC: 0.8333  LR: 1.00e-04
2026-06-29 14:46:49,687 | [META-RNW] | INFO | meta_classifier_renewed.model_trainers.meta_trainer | Ep [032/500] T-Acc:  90.9%  V-Acc:  80.0%  V-AUROC: 0.8333  LR: 1.00e-04
2026-06-29 14:46:50,065 | [META-RNW] | INFO | meta_classifier_renewed.model_trainers.meta_trainer | Ep [033/500] T-Acc:  86.4%  V-Acc:  80.0%  V-AUROC: 0.8333  LR: 1.00e-04
2026-06-29 14:46:50,470 | [META-RNW] | INFO | meta_classifier_renewed.model_trainers.meta_trainer | Ep [034/500] T-Acc:  95.5%  V-Acc:  70.0%  V-AUROC: 0.8333  LR: 1.00e-04
2026-06-29 14:46:50,905 | [META-RNW] | INFO | meta_classifier_renewed.model_trainers.meta_trainer | Ep [035/500] T-Acc:  95.5%  V-Acc:  70.0%  V-AUROC: 0.8333  LR: 1.00e-04
2026-06-29 14:46:51,296 | [META-RNW] | INFO | meta_classifier_renewed.model_trainers.meta_trainer | Ep [036/500] T-Acc: 100.0%  V-Acc:  70.0%  V-AUROC: 0.8333  LR: 2.00e-05
2026-06-29 14:46:51,694 | [META-RNW] | INFO | meta_classifier_renewed.model_trainers.meta_trainer | Ep [037/500] T-Acc: 100.0%  V-Acc:  80.0%  V-AUROC: 0.8333  LR: 2.00e-05
2026-06-29 14:46:52,097 | [META-RNW] | INFO | meta_classifier_renewed.model_trainers.meta_trainer | Ep [038/500] T-Acc: 100.0%  V-Acc:  80.0%  V-AUROC: 0.8333  LR: 2.00e-05
2026-06-29 14:46:52,506 | [META-RNW] | INFO | meta_classifier_renewed.model_trainers.meta_trainer | Ep [039/500] T-Acc:  95.5%  V-Acc:  70.0%  V-AUROC: 0.8333  LR: 2.00e-05
2026-06-29 14:46:52,954 | [META-RNW] | INFO | meta_classifier_renewed.model_trainers.meta_trainer | Ep [040/500] T-Acc: 100.0%  V-Acc:  70.0%  V-AUROC: 0.8333  LR: 2.00e-05
2026-06-29 14:46:53,383 | [META-RNW] | INFO | meta_classifier_renewed.model_trainers.meta_trainer | Ep [041/500] T-Acc:  95.5%  V-Acc:  70.0%  V-AUROC: 0.8333  LR: 2.00e-05
2026-06-29 14:46:53,827 | [META-RNW] | INFO | meta_classifier_renewed.model_trainers.meta_trainer | Ep [042/500] T-Acc:  95.5%  V-Acc:  70.0%  V-AUROC: 0.8333  LR: 2.00e-05
2026-06-29 14:46:54,245 | [META-RNW] | INFO | meta_classifier_renewed.model_trainers.meta_trainer | Ep [043/500] T-Acc:  86.4%  V-Acc:  70.0%  V-AUROC: 0.8333  LR: 2.00e-05
2026-06-29 14:46:54,659 | [META-RNW] | INFO | meta_classifier_renewed.model_trainers.meta_trainer | Ep [044/500] T-Acc:  95.5%  V-Acc:  70.0%  V-AUROC: 0.8333  LR: 2.00e-05
2026-06-29 14:46:55,094 | [META-RNW] | INFO | meta_classifier_renewed.model_trainers.meta_trainer | Ep [045/500] T-Acc: 100.0%  V-Acc:  70.0%  V-AUROC: 0.8333  LR: 2.00e-05
2026-06-29 14:46:55,503 | [META-RNW] | INFO | meta_classifier_renewed.model_trainers.meta_trainer | Ep [046/500] T-Acc:  95.5%  V-Acc:  70.0%  V-AUROC: 0.8333  LR: 2.00e-05
2026-06-29 14:46:55,930 | [META-RNW] | INFO | meta_classifier_renewed.model_trainers.meta_trainer | Ep [047/500] T-Acc: 100.0%  V-Acc:  70.0%  V-AUROC: 0.8333  LR: 4.00e-06
2026-06-29 14:46:56,346 | [META-RNW] | INFO | meta_classifier_renewed.model_trainers.meta_trainer | Ep [048/500] T-Acc:  90.9%  V-Acc:  70.0%  V-AUROC: 0.8333  LR: 4.00e-06
2026-06-29 14:46:56,774 | [META-RNW] | INFO | meta_classifier_renewed.model_trainers.meta_trainer | Ep [049/500] T-Acc: 100.0%  V-Acc:  70.0%  V-AUROC: 0.8333  LR: 4.00e-06
2026-06-29 14:46:57,186 | [META-RNW] | INFO | meta_classifier_renewed.model_trainers.meta_trainer | Ep [050/500] T-Acc: 100.0%  V-Acc:  70.0%  V-AUROC: 0.8333  LR: 4.00e-06
2026-06-29 14:46:57,598 | [META-RNW] | INFO | meta_classifier_renewed.model_trainers.meta_trainer | Ep [051/500] T-Acc: 100.0%  V-Acc:  70.0%  V-AUROC: 0.8333  LR: 4.00e-06
2026-06-29 14:46:58,021 | [META-RNW] | INFO | meta_classifier_renewed.model_trainers.meta_trainer | Ep [052/500] T-Acc: 100.0%  V-Acc:  70.0%  V-AUROC: 0.8333  LR: 4.00e-06
2026-06-29 14:46:58,467 | [META-RNW] | INFO | meta_classifier_renewed.model_trainers.meta_trainer | Ep [053/500] T-Acc: 100.0%  V-Acc:  70.0%  V-AUROC: 0.8333  LR: 4.00e-06
2026-06-29 14:46:58,947 | [META-RNW] | INFO | meta_classifier_renewed.model_trainers.meta_trainer | Ep [054/500] T-Acc: 100.0%  V-Acc:  70.0%  V-AUROC: 0.8333  LR: 4.00e-06
2026-06-29 14:46:58,947 | [META-RNW] | INFO | meta_classifier_renewed.model_trainers.meta_trainer | Early stop — best AUROC 0.8333 at epoch 24 (no improvement for 30 epochs)
2026-06-29 14:46:58,948 | [META-RNW] | INFO | meta_classifier_renewed.model_trainers.meta_trainer | Done. Best AUROC: 0.8333 (epoch 24)
2026-06-29 14:46:59,110 | [META-RNW] | INFO | meta_classifier_renewed.model_trainers.meta_trainer | Restored best-AUROC checkpoint into model (epoch 24, AUROC 0.8333).
2026-06-29 14:46:59,215 | [META-RNW] | INFO | meta_classifier_renewed.evaluators.monte_carlo_evaluator | -> Fold 29 Result | Acc=0.800 Sens=1.000 Spec=0.667 AUROC=0.833 (Fixed Threshold: 0.5)
2026-06-29 14:46:59,232 | [META-RNW] | INFO | meta_classifier_renewed.evaluators.monte_carlo_evaluator | === Fold 30/30 | train: 22 subj | test: 10 subj ===
2026-06-29 14:46:59,244 | [META-RNW] | INFO | meta_classifier_renewed.model_trainers.meta_trainer | Device: cuda | max_epochs=500 | batch=8 | es_patience=30 | lr=1e-04 | wd=1e-02
2026-06-29 14:46:59,245 | [META-RNW] | INFO | meta_classifier_renewed.model_trainers.meta_trainer | CE weights — HC: 1.000  MCI: 1.000
2026-06-29 14:46:59,732 | [META-RNW] | INFO | meta_classifier_renewed.model_trainers.meta_trainer | Ep [001/500] T-Acc:  54.5%  V-Acc:  70.0%  V-AUROC: 0.8095  LR: 2.00e-05
2026-06-29 14:46:59,833 | [META-RNW] | INFO | meta_classifier_renewed.model_trainers.meta_trainer |   ↳ new best AUROC; saved checkpoint: /home/leggo/AIResearch/VOGBasedMCIDetectionSystemMobileViTSingleExperimentInference/outputs/checkpoints/run_20260629_143830_meta_renewed/fold_29_best.pth
2026-06-29 14:47:00,281 | [META-RNW] | INFO | meta_classifier_renewed.model_trainers.meta_trainer | Ep [002/500] T-Acc:  50.0%  V-Acc:  60.0%  V-AUROC: 0.7619  LR: 4.00e-05
2026-06-29 14:47:00,744 | [META-RNW] | INFO | meta_classifier_renewed.model_trainers.meta_trainer | Ep [003/500] T-Acc:  36.4%  V-Acc:  40.0%  V-AUROC: 0.6190  LR: 6.00e-05
2026-06-29 14:47:01,144 | [META-RNW] | INFO | meta_classifier_renewed.model_trainers.meta_trainer | Ep [004/500] T-Acc:  36.4%  V-Acc:  60.0%  V-AUROC: 0.6190  LR: 8.00e-05
2026-06-29 14:47:01,512 | [META-RNW] | INFO | meta_classifier_renewed.model_trainers.meta_trainer | Ep [005/500] T-Acc:  40.9%  V-Acc:  70.0%  V-AUROC: 0.6190  LR: 1.00e-04
2026-06-29 14:47:01,940 | [META-RNW] | INFO | meta_classifier_renewed.model_trainers.meta_trainer | Ep [006/500] T-Acc:  59.1%  V-Acc:  60.0%  V-AUROC: 0.3333  LR: 1.00e-04
2026-06-29 14:47:02,357 | [META-RNW] | INFO | meta_classifier_renewed.model_trainers.meta_trainer | Ep [007/500] T-Acc:  45.5%  V-Acc:  10.0%  V-AUROC: 0.2381  LR: 1.00e-04
2026-06-29 14:47:02,766 | [META-RNW] | INFO | meta_classifier_renewed.model_trainers.meta_trainer | Ep [008/500] T-Acc:  54.5%  V-Acc:  30.0%  V-AUROC: 0.2381  LR: 1.00e-04
2026-06-29 14:47:03,168 | [META-RNW] | INFO | meta_classifier_renewed.model_trainers.meta_trainer | Ep [009/500] T-Acc:  54.5%  V-Acc:  30.0%  V-AUROC: 0.2381  LR: 1.00e-04
2026-06-29 14:47:03,547 | [META-RNW] | INFO | meta_classifier_renewed.model_trainers.meta_trainer | Ep [010/500] T-Acc:  50.0%  V-Acc:  20.0%  V-AUROC: 0.2381  LR: 1.00e-04
2026-06-29 14:47:03,925 | [META-RNW] | INFO | meta_classifier_renewed.model_trainers.meta_trainer | Ep [011/500] T-Acc:  50.0%  V-Acc:  60.0%  V-AUROC: 0.3810  LR: 1.00e-04
2026-06-29 14:47:04,334 | [META-RNW] | INFO | meta_classifier_renewed.model_trainers.meta_trainer | Ep [012/500] T-Acc:  54.5%  V-Acc:  60.0%  V-AUROC: 0.3810  LR: 1.00e-04
2026-06-29 14:47:04,766 | [META-RNW] | INFO | meta_classifier_renewed.model_trainers.meta_trainer | Ep [013/500] T-Acc:  50.0%  V-Acc:  60.0%  V-AUROC: 0.3810  LR: 1.00e-04
2026-06-29 14:47:05,218 | [META-RNW] | INFO | meta_classifier_renewed.model_trainers.meta_trainer | Ep [014/500] T-Acc:  59.1%  V-Acc:  30.0%  V-AUROC: 0.3333  LR: 1.00e-04
2026-06-29 14:47:05,654 | [META-RNW] | INFO | meta_classifier_renewed.model_trainers.meta_trainer | Ep [015/500] T-Acc:  50.0%  V-Acc:  30.0%  V-AUROC: 0.3333  LR: 1.00e-04
2026-06-29 14:47:06,056 | [META-RNW] | INFO | meta_classifier_renewed.model_trainers.meta_trainer | Ep [016/500] T-Acc:  81.8%  V-Acc:  30.0%  V-AUROC: 0.3333  LR: 1.00e-04
2026-06-29 14:47:06,458 | [META-RNW] | INFO | meta_classifier_renewed.model_trainers.meta_trainer | Ep [017/500] T-Acc:  77.3%  V-Acc:  30.0%  V-AUROC: 0.3333  LR: 1.00e-04
2026-06-29 14:47:06,880 | [META-RNW] | INFO | meta_classifier_renewed.model_trainers.meta_trainer | Ep [018/500] T-Acc:  50.0%  V-Acc:  40.0%  V-AUROC: 0.3333  LR: 1.00e-04
2026-06-29 14:47:07,307 | [META-RNW] | INFO | meta_classifier_renewed.model_trainers.meta_trainer | Ep [019/500] T-Acc:  81.8%  V-Acc:  40.0%  V-AUROC: 0.3333  LR: 1.00e-04
2026-06-29 14:47:07,689 | [META-RNW] | INFO | meta_classifier_renewed.model_trainers.meta_trainer | Ep [020/500] T-Acc:  54.5%  V-Acc:  60.0%  V-AUROC: 0.3810  LR: 1.00e-04
2026-06-29 14:47:08,077 | [META-RNW] | INFO | meta_classifier_renewed.model_trainers.meta_trainer | Ep [021/500] T-Acc:  54.5%  V-Acc:  50.0%  V-AUROC: 0.4286  LR: 1.00e-04
2026-06-29 14:47:08,488 | [META-RNW] | INFO | meta_classifier_renewed.model_trainers.meta_trainer | Ep [022/500] T-Acc:  59.1%  V-Acc:  60.0%  V-AUROC: 0.4762  LR: 1.00e-04
2026-06-29 14:47:08,897 | [META-RNW] | INFO | meta_classifier_renewed.model_trainers.meta_trainer | Ep [023/500] T-Acc:  72.7%  V-Acc:  60.0%  V-AUROC: 0.4762  LR: 1.00e-04
2026-06-29 14:47:09,316 | [META-RNW] | INFO | meta_classifier_renewed.model_trainers.meta_trainer | Ep [024/500] T-Acc:  81.8%  V-Acc:  60.0%  V-AUROC: 0.4762  LR: 1.00e-04
2026-06-29 14:47:09,725 | [META-RNW] | INFO | meta_classifier_renewed.model_trainers.meta_trainer | Ep [025/500] T-Acc:  77.3%  V-Acc:  40.0%  V-AUROC: 0.3810  LR: 1.00e-04
2026-06-29 14:47:10,127 | [META-RNW] | INFO | meta_classifier_renewed.model_trainers.meta_trainer | Ep [026/500] T-Acc:  68.2%  V-Acc:  40.0%  V-AUROC: 0.3810  LR: 1.00e-04
2026-06-29 14:47:10,574 | [META-RNW] | INFO | meta_classifier_renewed.model_trainers.meta_trainer | Ep [027/500] T-Acc:  72.7%  V-Acc:  50.0%  V-AUROC: 0.4762  LR: 1.00e-04
2026-06-29 14:47:10,995 | [META-RNW] | INFO | meta_classifier_renewed.model_trainers.meta_trainer | Ep [028/500] T-Acc:  63.6%  V-Acc:  40.0%  V-AUROC: 0.4762  LR: 1.00e-04
2026-06-29 14:47:11,427 | [META-RNW] | INFO | meta_classifier_renewed.model_trainers.meta_trainer | Ep [029/500] T-Acc:  77.3%  V-Acc:  40.0%  V-AUROC: 0.3810  LR: 1.00e-04
2026-06-29 14:47:11,853 | [META-RNW] | INFO | meta_classifier_renewed.model_trainers.meta_trainer | Ep [030/500] T-Acc:  72.7%  V-Acc:  50.0%  V-AUROC: 0.3810  LR: 1.00e-04
2026-06-29 14:47:12,247 | [META-RNW] | INFO | meta_classifier_renewed.model_trainers.meta_trainer | Ep [031/500] T-Acc:  86.4%  V-Acc:  60.0%  V-AUROC: 0.3810  LR: 1.00e-04
2026-06-29 14:47:12,247 | [META-RNW] | INFO | meta_classifier_renewed.model_trainers.meta_trainer | Early stop — best AUROC 0.8095 at epoch 1 (no improvement for 30 epochs)
2026-06-29 14:47:12,248 | [META-RNW] | INFO | meta_classifier_renewed.model_trainers.meta_trainer | Done. Best AUROC: 0.8095 (epoch 1)
2026-06-29 14:47:12,403 | [META-RNW] | INFO | meta_classifier_renewed.model_trainers.meta_trainer | Restored best-AUROC checkpoint into model (epoch 1, AUROC 0.8095).
2026-06-29 14:47:12,510 | [META-RNW] | INFO | meta_classifier_renewed.evaluators.monte_carlo_evaluator | -> Fold 30 Result | Acc=0.700 Sens=1.000 Spec=0.000 AUROC=0.810 (Fixed Threshold: 0.5)
2026-06-29 14:47:12,526 | [META-RNW] | INFO | meta_classifier_renewed.evaluators.monte_carlo_evaluator | ============================================================
2026-06-29 14:47:12,526 | [META-RNW] | INFO | meta_classifier_renewed.evaluators.monte_carlo_evaluator |   Renewed MC-CV Results (30 folds) - STRICT 0.5 THRESHOLD
2026-06-29 14:47:12,527 | [META-RNW] | INFO | meta_classifier_renewed.evaluators.monte_carlo_evaluator |   Accuracy    : 0.550 ± 0.177
2026-06-29 14:47:12,527 | [META-RNW] | INFO | meta_classifier_renewed.evaluators.monte_carlo_evaluator |   Sensitivity : 0.620 ± 0.361
2026-06-29 14:47:12,527 | [META-RNW] | INFO | meta_classifier_renewed.evaluators.monte_carlo_evaluator |   Specificity : 0.524 ± 0.387
2026-06-29 14:47:12,527 | [META-RNW] | INFO | meta_classifier_renewed.evaluators.monte_carlo_evaluator |   AUROC       : 0.711 ± 0.164
2026-06-29 14:47:12,527 | [META-RNW] | INFO | meta_classifier_renewed.evaluators.monte_carlo_evaluator | ============================================================
