2026-06-29 14:23:05,873 | [META-RNW] | INFO | __main__ | Run ID: 20260629_142305_meta_renewed | dropout=0.50 | patience=40 | lr=1e-04 | wd=1e-02
2026-06-29 14:23:05,874 | [META-RNW] | INFO | __main__ | Log file: /home/leggo/AIResearch/VOGBasedMCIDetectionSystemMobileViTSingleExperimentInference/outputs/logs/run_20260629_142305_meta_renewed.log
2026-06-29 14:23:05,875 | [META-RNW] | INFO | __main__ | Loading 8-task VOG tensors (4-error CWT) from: /home/leggo/AIResearch/VOGBasedMCIDetectionSystemMobileViTSingleExperimentInference/data
2026-06-29 14:23:06,037 | [META-RNW] | INFO | full_experiments_using.data_processor.data_engineering | Loaded preprocessed data_store from cache: /home/leggo/AIResearch/VOGBasedMCIDetectionSystemMobileViTSingleExperimentInference/outputs/cache/data_store_meta_4err.pkl (5736 epochs)
2026-06-29 14:23:06,057 | [META-RNW] | INFO | meta_classifier_renewed.data_processor.data_preprocessing | Strict-parity drop (over 4 plenty tasks): 5 subject(s) had <10 trials on ≥1 kept task.
2026-06-29 14:23:06,058 | [META-RNW] | INFO | meta_classifier_renewed.data_processor.data_preprocessing |   · dropped 20260224_093854_1212626_ (MCI) — kept-task counts [t0, t3, t4, t7] = [27, 5, 47, 20]
2026-06-29 14:23:06,058 | [META-RNW] | INFO | meta_classifier_renewed.data_processor.data_preprocessing |   · dropped 20260317_093419_1012933 (MCI) — kept-task counts [t0, t3, t4, t7] = [49, 9, 50, 23]
2026-06-29 14:23:06,058 | [META-RNW] | INFO | meta_classifier_renewed.data_processor.data_preprocessing |   · dropped 20260310_090536_1517154 (MCI) — kept-task counts [t0, t3, t4, t7] = [48, 7, 51, 24]
2026-06-29 14:23:06,058 | [META-RNW] | INFO | meta_classifier_renewed.data_processor.data_preprocessing |   · dropped 20260128_084616_972310 (MCI) — kept-task counts [t0, t3, t4, t7] = [47, 9, 47, 21]
2026-06-29 14:23:06,058 | [META-RNW] | INFO | meta_classifier_renewed.data_processor.data_preprocessing |   · dropped 20260325_084718_1491320 (MCI) — kept-task counts [t0, t3, t4, t7] = [41, 5, 50, 15]
2026-06-29 14:23:06,071 | [META-RNW] | INFO | __main__ | Subject bundles built: 32  (bundle shape = (32, 4, 10, 4, 32, 32); KEEP_TASK_IDS=(0, 3, 4, 7))
2026-06-29 14:23:06,072 | [META-RNW] | INFO | __main__ | Strict-parity dropped subjects: 5
2026-06-29 14:23:06,196 | [META-RNW] | INFO | meta_classifier_renewed.evaluators.monte_carlo_evaluator | Renewed meta MC Group CV — 30 folds | device=cuda | dropout=0.50 | lr=1e-04 | wd=1e-02 | NUM_TASKS=4
2026-06-29 14:23:06,197 | [META-RNW] | INFO | meta_classifier_renewed.evaluators.monte_carlo_evaluator | Loading shared MobileViT-small backbone (one-time, no patches)...
2026-06-29 14:23:06,554 | [META-RNW] | INFO | httpx | HTTP Request: HEAD https://huggingface.co/apple/mobilevit-small/resolve/main/config.json "HTTP/1.1 307 Temporary Redirect"
2026-06-29 14:23:06,575 | [META-RNW] | INFO | httpx | HTTP Request: HEAD https://huggingface.co/api/resolve-cache/models/apple/mobilevit-small/6c8612545dc98676d27bc518fa521d9e9af23e34/config.json "HTTP/1.1 200 OK"
2026-06-29 14:23:06,860 | [META-RNW] | INFO | httpx | HTTP Request: HEAD https://huggingface.co/apple/mobilevit-small/resolve/main/model.safetensors "HTTP/1.1 404 Not Found"
2026-06-29 14:23:07,079 | [META-RNW] | INFO | httpx | HTTP Request: HEAD https://huggingface.co/apple/mobilevit-small/resolve/main/model.safetensors.index.json "HTTP/1.1 404 Not Found"
2026-06-29 14:23:07,293 | [META-RNW] | INFO | httpx | HTTP Request: HEAD https://huggingface.co/apple/mobilevit-small/resolve/main/pytorch_model.bin "HTTP/1.1 302 Found"
2026-06-29 14:23:07,523 | [META-RNW] | INFO | httpx | HTTP Request: HEAD https://huggingface.co/apple/mobilevit-small/resolve/main/model.safetensors "HTTP/1.1 404 Not Found"
2026-06-29 14:23:07,760 | [META-RNW] | INFO | httpx | HTTP Request: GET https://huggingface.co/api/models/apple/mobilevit-small "HTTP/1.1 200 OK"
2026-06-29 14:23:08,160 | [META-RNW] | INFO | httpx | HTTP Request: GET https://huggingface.co/api/models/apple/mobilevit-small/commits/main "HTTP/1.1 200 OK"
2026-06-29 14:23:08,236 | [META-RNW] | INFO | meta_classifier_renewed.evaluators.monte_carlo_evaluator | Shared backbone ready on cuda.
2026-06-29 14:23:08,238 | [META-RNW] | INFO | meta_classifier_renewed.evaluators.monte_carlo_evaluator | === Fold 01/30 | train: 22 subj | test: 10 subj ===
2026-06-29 14:23:08,251 | [META-RNW] | INFO | meta_classifier_renewed.model_trainers.meta_trainer | Device: cuda | max_epochs=500 | batch=8 | es_patience=40 | lr=1e-04 | wd=1e-02
2026-06-29 14:23:08,252 | [META-RNW] | INFO | meta_classifier_renewed.model_trainers.meta_trainer | CE weights — HC: 1.100  MCI: 0.917
2026-06-29 14:23:08,397 | [META-RNW] | INFO | httpx | HTTP Request: GET https://huggingface.co/api/models/apple/mobilevit-small/discussions?p=0 "HTTP/1.1 200 OK"
2026-06-29 14:23:08,624 | [META-RNW] | INFO | httpx | HTTP Request: GET https://huggingface.co/api/models/apple/mobilevit-small/commits/refs%2Fpr%2F6 "HTTP/1.1 200 OK"
2026-06-29 14:23:08,839 | [META-RNW] | INFO | httpx | HTTP Request: HEAD https://huggingface.co/apple/mobilevit-small/resolve/refs%2Fpr%2F6/model.safetensors.index.json "HTTP/1.1 404 Not Found"
2026-06-29 14:23:09,078 | [META-RNW] | INFO | httpx | HTTP Request: HEAD https://huggingface.co/apple/mobilevit-small/resolve/refs%2Fpr%2F6/model.safetensors "HTTP/1.1 302 Found"
2026-06-29 14:23:10,095 | [META-RNW] | INFO | meta_classifier_renewed.model_trainers.meta_trainer | Ep [001/500] T-Acc:  81.8%  V-Acc:  60.0%  V-AUROC: 0.7083  LR: 2.00e-05
2026-06-29 14:23:10,194 | [META-RNW] | INFO | meta_classifier_renewed.model_trainers.meta_trainer |   ↳ new best AUROC; saved checkpoint: /home/leggo/AIResearch/VOGBasedMCIDetectionSystemMobileViTSingleExperimentInference/outputs/checkpoints/run_20260629_142305_meta_renewed/fold_00_best.pth
2026-06-29 14:23:10,688 | [META-RNW] | INFO | meta_classifier_renewed.model_trainers.meta_trainer | Ep [002/500] T-Acc:  36.4%  V-Acc:  60.0%  V-AUROC: 0.7083  LR: 4.00e-05
2026-06-29 14:23:11,165 | [META-RNW] | INFO | meta_classifier_renewed.model_trainers.meta_trainer | Ep [003/500] T-Acc:  54.5%  V-Acc:  60.0%  V-AUROC: 0.7083  LR: 6.00e-05
2026-06-29 14:23:11,615 | [META-RNW] | INFO | meta_classifier_renewed.model_trainers.meta_trainer | Ep [004/500] T-Acc:  45.5%  V-Acc:  70.0%  V-AUROC: 0.7083  LR: 8.00e-05
2026-06-29 14:23:12,038 | [META-RNW] | INFO | meta_classifier_renewed.model_trainers.meta_trainer | Ep [005/500] T-Acc:  45.5%  V-Acc:  40.0%  V-AUROC: 0.7083  LR: 1.00e-04
2026-06-29 14:23:12,479 | [META-RNW] | INFO | meta_classifier_renewed.model_trainers.meta_trainer | Ep [006/500] T-Acc:  40.9%  V-Acc:  40.0%  V-AUROC: 0.7500  LR: 1.00e-04
2026-06-29 14:23:12,595 | [META-RNW] | INFO | meta_classifier_renewed.model_trainers.meta_trainer |   ↳ new best AUROC; saved checkpoint: /home/leggo/AIResearch/VOGBasedMCIDetectionSystemMobileViTSingleExperimentInference/outputs/checkpoints/run_20260629_142305_meta_renewed/fold_00_best.pth
2026-06-29 14:23:13,039 | [META-RNW] | INFO | meta_classifier_renewed.model_trainers.meta_trainer | Ep [007/500] T-Acc:  45.5%  V-Acc:  50.0%  V-AUROC: 0.7500  LR: 1.00e-04
2026-06-29 14:23:13,481 | [META-RNW] | INFO | meta_classifier_renewed.model_trainers.meta_trainer | Ep [008/500] T-Acc:  63.6%  V-Acc:  70.0%  V-AUROC: 0.7083  LR: 1.00e-04
2026-06-29 14:23:13,916 | [META-RNW] | INFO | meta_classifier_renewed.model_trainers.meta_trainer | Ep [009/500] T-Acc:  59.1%  V-Acc:  70.0%  V-AUROC: 0.7083  LR: 1.00e-04
2026-06-29 14:23:14,379 | [META-RNW] | INFO | meta_classifier_renewed.model_trainers.meta_trainer | Ep [010/500] T-Acc:  45.5%  V-Acc:  40.0%  V-AUROC: 0.7500  LR: 1.00e-04
2026-06-29 14:23:14,790 | [META-RNW] | INFO | meta_classifier_renewed.model_trainers.meta_trainer | Ep [011/500] T-Acc:  68.2%  V-Acc:  40.0%  V-AUROC: 0.7500  LR: 1.00e-04
2026-06-29 14:23:15,201 | [META-RNW] | INFO | meta_classifier_renewed.model_trainers.meta_trainer | Ep [012/500] T-Acc:  45.5%  V-Acc:  40.0%  V-AUROC: 0.6667  LR: 1.00e-04
2026-06-29 14:23:15,598 | [META-RNW] | INFO | meta_classifier_renewed.model_trainers.meta_trainer | Ep [013/500] T-Acc:  63.6%  V-Acc:  60.0%  V-AUROC: 0.7083  LR: 1.00e-04
2026-06-29 14:23:15,972 | [META-RNW] | INFO | meta_classifier_renewed.model_trainers.meta_trainer | Ep [014/500] T-Acc:  72.7%  V-Acc:  60.0%  V-AUROC: 0.7083  LR: 1.00e-04
2026-06-29 14:23:16,420 | [META-RNW] | INFO | meta_classifier_renewed.model_trainers.meta_trainer | Ep [015/500] T-Acc:  63.6%  V-Acc:  60.0%  V-AUROC: 0.7500  LR: 1.00e-04
2026-06-29 14:23:16,849 | [META-RNW] | INFO | meta_classifier_renewed.model_trainers.meta_trainer | Ep [016/500] T-Acc:  54.5%  V-Acc:  60.0%  V-AUROC: 0.7500  LR: 1.00e-04
2026-06-29 14:23:17,277 | [META-RNW] | INFO | meta_classifier_renewed.model_trainers.meta_trainer | Ep [017/500] T-Acc:  45.5%  V-Acc:  70.0%  V-AUROC: 0.7500  LR: 1.00e-04
2026-06-29 14:23:17,694 | [META-RNW] | INFO | meta_classifier_renewed.model_trainers.meta_trainer | Ep [018/500] T-Acc:  68.2%  V-Acc:  70.0%  V-AUROC: 0.7500  LR: 2.00e-05
2026-06-29 14:23:18,131 | [META-RNW] | INFO | meta_classifier_renewed.model_trainers.meta_trainer | Ep [019/500] T-Acc:  59.1%  V-Acc:  70.0%  V-AUROC: 0.7500  LR: 2.00e-05
2026-06-29 14:23:18,549 | [META-RNW] | INFO | meta_classifier_renewed.model_trainers.meta_trainer | Ep [020/500] T-Acc:  77.3%  V-Acc:  50.0%  V-AUROC: 0.7500  LR: 2.00e-05
2026-06-29 14:23:18,967 | [META-RNW] | INFO | meta_classifier_renewed.model_trainers.meta_trainer | Ep [021/500] T-Acc:  77.3%  V-Acc:  60.0%  V-AUROC: 0.7083  LR: 2.00e-05
2026-06-29 14:23:19,387 | [META-RNW] | INFO | meta_classifier_renewed.model_trainers.meta_trainer | Ep [022/500] T-Acc:  54.5%  V-Acc:  60.0%  V-AUROC: 0.7083  LR: 2.00e-05
2026-06-29 14:23:19,817 | [META-RNW] | INFO | meta_classifier_renewed.model_trainers.meta_trainer | Ep [023/500] T-Acc:  59.1%  V-Acc:  60.0%  V-AUROC: 0.7083  LR: 2.00e-05
2026-06-29 14:23:20,219 | [META-RNW] | INFO | meta_classifier_renewed.model_trainers.meta_trainer | Ep [024/500] T-Acc:  63.6%  V-Acc:  60.0%  V-AUROC: 0.7083  LR: 2.00e-05
2026-06-29 14:23:20,622 | [META-RNW] | INFO | meta_classifier_renewed.model_trainers.meta_trainer | Ep [025/500] T-Acc:  63.6%  V-Acc:  60.0%  V-AUROC: 0.7083  LR: 2.00e-05
2026-06-29 14:23:21,031 | [META-RNW] | INFO | meta_classifier_renewed.model_trainers.meta_trainer | Ep [026/500] T-Acc:  59.1%  V-Acc:  60.0%  V-AUROC: 0.7083  LR: 2.00e-05
2026-06-29 14:23:21,426 | [META-RNW] | INFO | meta_classifier_renewed.model_trainers.meta_trainer | Ep [027/500] T-Acc:  63.6%  V-Acc:  60.0%  V-AUROC: 0.7083  LR: 2.00e-05
2026-06-29 14:23:21,844 | [META-RNW] | INFO | meta_classifier_renewed.model_trainers.meta_trainer | Ep [028/500] T-Acc:  45.5%  V-Acc:  60.0%  V-AUROC: 0.7083  LR: 2.00e-05
2026-06-29 14:23:22,277 | [META-RNW] | INFO | meta_classifier_renewed.model_trainers.meta_trainer | Ep [029/500] T-Acc:  54.5%  V-Acc:  60.0%  V-AUROC: 0.7083  LR: 4.00e-06
2026-06-29 14:23:22,716 | [META-RNW] | INFO | meta_classifier_renewed.model_trainers.meta_trainer | Ep [030/500] T-Acc:  40.9%  V-Acc:  60.0%  V-AUROC: 0.7083  LR: 4.00e-06
2026-06-29 14:23:23,151 | [META-RNW] | INFO | meta_classifier_renewed.model_trainers.meta_trainer | Ep [031/500] T-Acc:  63.6%  V-Acc:  60.0%  V-AUROC: 0.7083  LR: 4.00e-06
2026-06-29 14:23:23,586 | [META-RNW] | INFO | meta_classifier_renewed.model_trainers.meta_trainer | Ep [032/500] T-Acc:  68.2%  V-Acc:  50.0%  V-AUROC: 0.7083  LR: 4.00e-06
2026-06-29 14:23:23,989 | [META-RNW] | INFO | meta_classifier_renewed.model_trainers.meta_trainer | Ep [033/500] T-Acc:  77.3%  V-Acc:  50.0%  V-AUROC: 0.7083  LR: 4.00e-06
2026-06-29 14:23:24,414 | [META-RNW] | INFO | meta_classifier_renewed.model_trainers.meta_trainer | Ep [034/500] T-Acc:  68.2%  V-Acc:  50.0%  V-AUROC: 0.7083  LR: 4.00e-06
2026-06-29 14:23:24,817 | [META-RNW] | INFO | meta_classifier_renewed.model_trainers.meta_trainer | Ep [035/500] T-Acc:  77.3%  V-Acc:  50.0%  V-AUROC: 0.7083  LR: 4.00e-06
2026-06-29 14:23:25,239 | [META-RNW] | INFO | meta_classifier_renewed.model_trainers.meta_trainer | Ep [036/500] T-Acc:  50.0%  V-Acc:  50.0%  V-AUROC: 0.7083  LR: 4.00e-06
2026-06-29 14:23:25,704 | [META-RNW] | INFO | meta_classifier_renewed.model_trainers.meta_trainer | Ep [037/500] T-Acc:  77.3%  V-Acc:  60.0%  V-AUROC: 0.7083  LR: 4.00e-06
2026-06-29 14:23:26,162 | [META-RNW] | INFO | meta_classifier_renewed.model_trainers.meta_trainer | Ep [038/500] T-Acc:  90.9%  V-Acc:  60.0%  V-AUROC: 0.7083  LR: 4.00e-06
2026-06-29 14:23:26,608 | [META-RNW] | INFO | meta_classifier_renewed.model_trainers.meta_trainer | Ep [039/500] T-Acc:  50.0%  V-Acc:  60.0%  V-AUROC: 0.7083  LR: 4.00e-06
2026-06-29 14:23:27,008 | [META-RNW] | INFO | meta_classifier_renewed.model_trainers.meta_trainer | Ep [040/500] T-Acc:  68.2%  V-Acc:  60.0%  V-AUROC: 0.7083  LR: 1.00e-06
2026-06-29 14:23:27,428 | [META-RNW] | INFO | meta_classifier_renewed.model_trainers.meta_trainer | Ep [041/500] T-Acc:  68.2%  V-Acc:  50.0%  V-AUROC: 0.7083  LR: 1.00e-06
2026-06-29 14:23:27,869 | [META-RNW] | INFO | meta_classifier_renewed.model_trainers.meta_trainer | Ep [042/500] T-Acc:  81.8%  V-Acc:  50.0%  V-AUROC: 0.7083  LR: 1.00e-06
2026-06-29 14:23:28,274 | [META-RNW] | INFO | meta_classifier_renewed.model_trainers.meta_trainer | Ep [043/500] T-Acc:  68.2%  V-Acc:  50.0%  V-AUROC: 0.7083  LR: 1.00e-06
2026-06-29 14:23:28,699 | [META-RNW] | INFO | meta_classifier_renewed.model_trainers.meta_trainer | Ep [044/500] T-Acc:  63.6%  V-Acc:  50.0%  V-AUROC: 0.7083  LR: 1.00e-06
2026-06-29 14:23:29,167 | [META-RNW] | INFO | meta_classifier_renewed.model_trainers.meta_trainer | Ep [045/500] T-Acc:  72.7%  V-Acc:  50.0%  V-AUROC: 0.7083  LR: 1.00e-06
2026-06-29 14:23:29,621 | [META-RNW] | INFO | meta_classifier_renewed.model_trainers.meta_trainer | Ep [046/500] T-Acc:  72.7%  V-Acc:  50.0%  V-AUROC: 0.7083  LR: 1.00e-06
2026-06-29 14:23:29,622 | [META-RNW] | INFO | meta_classifier_renewed.model_trainers.meta_trainer | Early stop — best AUROC 0.7500 at epoch 6 (no improvement for 40 epochs)
2026-06-29 14:23:29,622 | [META-RNW] | INFO | meta_classifier_renewed.model_trainers.meta_trainer | Done. Best AUROC: 0.7500 (epoch 6)
2026-06-29 14:23:29,881 | [META-RNW] | INFO | meta_classifier_renewed.evaluators.monte_carlo_evaluator | -> Fold 01 Result | Acc=0.500 Sens=0.500 Spec=0.500 AUROC=0.708 (Fixed Threshold: 0.5)
2026-06-29 14:23:29,901 | [META-RNW] | INFO | meta_classifier_renewed.evaluators.monte_carlo_evaluator | === Fold 02/30 | train: 22 subj | test: 10 subj ===
2026-06-29 14:23:29,916 | [META-RNW] | INFO | meta_classifier_renewed.model_trainers.meta_trainer | Device: cuda | max_epochs=500 | batch=8 | es_patience=40 | lr=1e-04 | wd=1e-02
2026-06-29 14:23:29,917 | [META-RNW] | INFO | meta_classifier_renewed.model_trainers.meta_trainer | CE weights — HC: 1.375  MCI: 0.786
2026-06-29 14:23:30,405 | [META-RNW] | INFO | meta_classifier_renewed.model_trainers.meta_trainer | Ep [001/500] T-Acc:  36.4%  V-Acc:  60.0%  V-AUROC: 0.2917  LR: 2.00e-05
2026-06-29 14:23:30,508 | [META-RNW] | INFO | meta_classifier_renewed.model_trainers.meta_trainer |   ↳ new best AUROC; saved checkpoint: /home/leggo/AIResearch/VOGBasedMCIDetectionSystemMobileViTSingleExperimentInference/outputs/checkpoints/run_20260629_142305_meta_renewed/fold_01_best.pth
2026-06-29 14:23:30,944 | [META-RNW] | INFO | meta_classifier_renewed.model_trainers.meta_trainer | Ep [002/500] T-Acc:  40.9%  V-Acc:  60.0%  V-AUROC: 0.2917  LR: 4.00e-05
2026-06-29 14:23:31,416 | [META-RNW] | INFO | meta_classifier_renewed.model_trainers.meta_trainer | Ep [003/500] T-Acc:  31.8%  V-Acc:  60.0%  V-AUROC: 0.3333  LR: 6.00e-05
2026-06-29 14:23:31,524 | [META-RNW] | INFO | meta_classifier_renewed.model_trainers.meta_trainer |   ↳ new best AUROC; saved checkpoint: /home/leggo/AIResearch/VOGBasedMCIDetectionSystemMobileViTSingleExperimentInference/outputs/checkpoints/run_20260629_142305_meta_renewed/fold_01_best.pth
2026-06-29 14:23:31,978 | [META-RNW] | INFO | meta_classifier_renewed.model_trainers.meta_trainer | Ep [004/500] T-Acc:  40.9%  V-Acc:  20.0%  V-AUROC: 0.3750  LR: 8.00e-05
2026-06-29 14:23:32,091 | [META-RNW] | INFO | meta_classifier_renewed.model_trainers.meta_trainer |   ↳ new best AUROC; saved checkpoint: /home/leggo/AIResearch/VOGBasedMCIDetectionSystemMobileViTSingleExperimentInference/outputs/checkpoints/run_20260629_142305_meta_renewed/fold_01_best.pth
2026-06-29 14:23:32,523 | [META-RNW] | INFO | meta_classifier_renewed.model_trainers.meta_trainer | Ep [005/500] T-Acc:  45.5%  V-Acc:  40.0%  V-AUROC: 0.3333  LR: 1.00e-04
2026-06-29 14:23:32,984 | [META-RNW] | INFO | meta_classifier_renewed.model_trainers.meta_trainer | Ep [006/500] T-Acc:  59.1%  V-Acc:  30.0%  V-AUROC: 0.5417  LR: 1.00e-04
2026-06-29 14:23:33,105 | [META-RNW] | INFO | meta_classifier_renewed.model_trainers.meta_trainer |   ↳ new best AUROC; saved checkpoint: /home/leggo/AIResearch/VOGBasedMCIDetectionSystemMobileViTSingleExperimentInference/outputs/checkpoints/run_20260629_142305_meta_renewed/fold_01_best.pth
2026-06-29 14:23:33,541 | [META-RNW] | INFO | meta_classifier_renewed.model_trainers.meta_trainer | Ep [007/500] T-Acc:  54.5%  V-Acc:  30.0%  V-AUROC: 0.6250  LR: 1.00e-04
2026-06-29 14:23:33,657 | [META-RNW] | INFO | meta_classifier_renewed.model_trainers.meta_trainer |   ↳ new best AUROC; saved checkpoint: /home/leggo/AIResearch/VOGBasedMCIDetectionSystemMobileViTSingleExperimentInference/outputs/checkpoints/run_20260629_142305_meta_renewed/fold_01_best.pth
2026-06-29 14:23:34,139 | [META-RNW] | INFO | meta_classifier_renewed.model_trainers.meta_trainer | Ep [008/500] T-Acc:  63.6%  V-Acc:  40.0%  V-AUROC: 0.5000  LR: 1.00e-04
2026-06-29 14:23:34,642 | [META-RNW] | INFO | meta_classifier_renewed.model_trainers.meta_trainer | Ep [009/500] T-Acc:  45.5%  V-Acc:  50.0%  V-AUROC: 0.4583  LR: 1.00e-04
2026-06-29 14:23:35,116 | [META-RNW] | INFO | meta_classifier_renewed.model_trainers.meta_trainer | Ep [010/500] T-Acc:  59.1%  V-Acc:  50.0%  V-AUROC: 0.4583  LR: 1.00e-04
2026-06-29 14:23:35,583 | [META-RNW] | INFO | meta_classifier_renewed.model_trainers.meta_trainer | Ep [011/500] T-Acc:  45.5%  V-Acc:  40.0%  V-AUROC: 0.4583  LR: 1.00e-04
2026-06-29 14:23:36,026 | [META-RNW] | INFO | meta_classifier_renewed.model_trainers.meta_trainer | Ep [012/500] T-Acc:  59.1%  V-Acc:  50.0%  V-AUROC: 0.4583  LR: 1.00e-04
2026-06-29 14:23:36,449 | [META-RNW] | INFO | meta_classifier_renewed.model_trainers.meta_trainer | Ep [013/500] T-Acc:  77.3%  V-Acc:  50.0%  V-AUROC: 0.3333  LR: 1.00e-04
2026-06-29 14:23:36,843 | [META-RNW] | INFO | meta_classifier_renewed.model_trainers.meta_trainer | Ep [014/500] T-Acc:  72.7%  V-Acc:  50.0%  V-AUROC: 0.4167  LR: 1.00e-04
2026-06-29 14:23:37,232 | [META-RNW] | INFO | meta_classifier_renewed.model_trainers.meta_trainer | Ep [015/500] T-Acc:  77.3%  V-Acc:  50.0%  V-AUROC: 0.7500  LR: 1.00e-04
2026-06-29 14:23:37,351 | [META-RNW] | INFO | meta_classifier_renewed.model_trainers.meta_trainer |   ↳ new best AUROC; saved checkpoint: /home/leggo/AIResearch/VOGBasedMCIDetectionSystemMobileViTSingleExperimentInference/outputs/checkpoints/run_20260629_142305_meta_renewed/fold_01_best.pth
2026-06-29 14:23:37,782 | [META-RNW] | INFO | meta_classifier_renewed.model_trainers.meta_trainer | Ep [016/500] T-Acc:  81.8%  V-Acc:  70.0%  V-AUROC: 0.6667  LR: 1.00e-04
2026-06-29 14:23:38,214 | [META-RNW] | INFO | meta_classifier_renewed.model_trainers.meta_trainer | Ep [017/500] T-Acc:  90.9%  V-Acc:  60.0%  V-AUROC: 0.6250  LR: 1.00e-04
2026-06-29 14:23:38,642 | [META-RNW] | INFO | meta_classifier_renewed.model_trainers.meta_trainer | Ep [018/500] T-Acc:  86.4%  V-Acc:  60.0%  V-AUROC: 0.6250  LR: 1.00e-04
2026-06-29 14:23:39,068 | [META-RNW] | INFO | meta_classifier_renewed.model_trainers.meta_trainer | Ep [019/500] T-Acc:  77.3%  V-Acc:  50.0%  V-AUROC: 0.6667  LR: 1.00e-04
2026-06-29 14:23:39,479 | [META-RNW] | INFO | meta_classifier_renewed.model_trainers.meta_trainer | Ep [020/500] T-Acc:  72.7%  V-Acc:  60.0%  V-AUROC: 0.7083  LR: 1.00e-04
2026-06-29 14:23:39,903 | [META-RNW] | INFO | meta_classifier_renewed.model_trainers.meta_trainer | Ep [021/500] T-Acc:  81.8%  V-Acc:  40.0%  V-AUROC: 0.5833  LR: 1.00e-04
2026-06-29 14:23:40,319 | [META-RNW] | INFO | meta_classifier_renewed.model_trainers.meta_trainer | Ep [022/500] T-Acc:  90.9%  V-Acc:  50.0%  V-AUROC: 0.5417  LR: 1.00e-04
2026-06-29 14:23:40,707 | [META-RNW] | INFO | meta_classifier_renewed.model_trainers.meta_trainer | Ep [023/500] T-Acc:  90.9%  V-Acc:  50.0%  V-AUROC: 0.5000  LR: 1.00e-04
2026-06-29 14:23:41,174 | [META-RNW] | INFO | meta_classifier_renewed.model_trainers.meta_trainer | Ep [024/500] T-Acc:  81.8%  V-Acc:  40.0%  V-AUROC: 0.5000  LR: 1.00e-04
2026-06-29 14:23:41,591 | [META-RNW] | INFO | meta_classifier_renewed.model_trainers.meta_trainer | Ep [025/500] T-Acc:  86.4%  V-Acc:  40.0%  V-AUROC: 0.6250  LR: 1.00e-04
2026-06-29 14:23:42,047 | [META-RNW] | INFO | meta_classifier_renewed.model_trainers.meta_trainer | Ep [026/500] T-Acc:  95.5%  V-Acc:  40.0%  V-AUROC: 0.6250  LR: 1.00e-04
2026-06-29 14:23:42,481 | [META-RNW] | INFO | meta_classifier_renewed.model_trainers.meta_trainer | Ep [027/500] T-Acc:  90.9%  V-Acc:  50.0%  V-AUROC: 0.6250  LR: 2.00e-05
2026-06-29 14:23:42,949 | [META-RNW] | INFO | meta_classifier_renewed.model_trainers.meta_trainer | Ep [028/500] T-Acc:  90.9%  V-Acc:  50.0%  V-AUROC: 0.6667  LR: 2.00e-05
2026-06-29 14:23:43,386 | [META-RNW] | INFO | meta_classifier_renewed.model_trainers.meta_trainer | Ep [029/500] T-Acc:  81.8%  V-Acc:  50.0%  V-AUROC: 0.6667  LR: 2.00e-05
2026-06-29 14:23:43,768 | [META-RNW] | INFO | meta_classifier_renewed.model_trainers.meta_trainer | Ep [030/500] T-Acc:  81.8%  V-Acc:  50.0%  V-AUROC: 0.6667  LR: 2.00e-05
2026-06-29 14:23:44,154 | [META-RNW] | INFO | meta_classifier_renewed.model_trainers.meta_trainer | Ep [031/500] T-Acc:  90.9%  V-Acc:  50.0%  V-AUROC: 0.6667  LR: 2.00e-05
2026-06-29 14:23:44,556 | [META-RNW] | INFO | meta_classifier_renewed.model_trainers.meta_trainer | Ep [032/500] T-Acc:  95.5%  V-Acc:  50.0%  V-AUROC: 0.6667  LR: 2.00e-05
2026-06-29 14:23:44,990 | [META-RNW] | INFO | meta_classifier_renewed.model_trainers.meta_trainer | Ep [033/500] T-Acc:  81.8%  V-Acc:  50.0%  V-AUROC: 0.6667  LR: 2.00e-05
2026-06-29 14:23:45,406 | [META-RNW] | INFO | meta_classifier_renewed.model_trainers.meta_trainer | Ep [034/500] T-Acc:  90.9%  V-Acc:  50.0%  V-AUROC: 0.6667  LR: 2.00e-05
2026-06-29 14:23:45,816 | [META-RNW] | INFO | meta_classifier_renewed.model_trainers.meta_trainer | Ep [035/500] T-Acc:  86.4%  V-Acc:  50.0%  V-AUROC: 0.6667  LR: 2.00e-05
2026-06-29 14:23:46,257 | [META-RNW] | INFO | meta_classifier_renewed.model_trainers.meta_trainer | Ep [036/500] T-Acc:  95.5%  V-Acc:  50.0%  V-AUROC: 0.6667  LR: 2.00e-05
2026-06-29 14:23:46,721 | [META-RNW] | INFO | meta_classifier_renewed.model_trainers.meta_trainer | Ep [037/500] T-Acc:  90.9%  V-Acc:  50.0%  V-AUROC: 0.7500  LR: 2.00e-05
2026-06-29 14:23:46,842 | [META-RNW] | INFO | meta_classifier_renewed.model_trainers.meta_trainer |   ↳ new best AUROC; saved checkpoint: /home/leggo/AIResearch/VOGBasedMCIDetectionSystemMobileViTSingleExperimentInference/outputs/checkpoints/run_20260629_142305_meta_renewed/fold_01_best.pth
2026-06-29 14:23:47,243 | [META-RNW] | INFO | meta_classifier_renewed.model_trainers.meta_trainer | Ep [038/500] T-Acc:  95.5%  V-Acc:  50.0%  V-AUROC: 0.7500  LR: 4.00e-06
2026-06-29 14:23:47,644 | [META-RNW] | INFO | meta_classifier_renewed.model_trainers.meta_trainer | Ep [039/500] T-Acc:  95.5%  V-Acc:  50.0%  V-AUROC: 0.7500  LR: 4.00e-06
2026-06-29 14:23:48,088 | [META-RNW] | INFO | meta_classifier_renewed.model_trainers.meta_trainer | Ep [040/500] T-Acc: 100.0%  V-Acc:  50.0%  V-AUROC: 0.7500  LR: 4.00e-06
2026-06-29 14:23:48,509 | [META-RNW] | INFO | meta_classifier_renewed.model_trainers.meta_trainer | Ep [041/500] T-Acc:  90.9%  V-Acc:  50.0%  V-AUROC: 0.7500  LR: 4.00e-06
2026-06-29 14:23:48,932 | [META-RNW] | INFO | meta_classifier_renewed.model_trainers.meta_trainer | Ep [042/500] T-Acc: 100.0%  V-Acc:  50.0%  V-AUROC: 0.7500  LR: 4.00e-06
2026-06-29 14:23:49,365 | [META-RNW] | INFO | meta_classifier_renewed.model_trainers.meta_trainer | Ep [043/500] T-Acc:  90.9%  V-Acc:  50.0%  V-AUROC: 0.7500  LR: 4.00e-06
2026-06-29 14:23:49,795 | [META-RNW] | INFO | meta_classifier_renewed.model_trainers.meta_trainer | Ep [044/500] T-Acc:  90.9%  V-Acc:  50.0%  V-AUROC: 0.7500  LR: 4.00e-06
2026-06-29 14:23:50,221 | [META-RNW] | INFO | meta_classifier_renewed.model_trainers.meta_trainer | Ep [045/500] T-Acc: 100.0%  V-Acc:  50.0%  V-AUROC: 0.7500  LR: 4.00e-06
2026-06-29 14:23:50,642 | [META-RNW] | INFO | meta_classifier_renewed.model_trainers.meta_trainer | Ep [046/500] T-Acc: 100.0%  V-Acc:  50.0%  V-AUROC: 0.7500  LR: 4.00e-06
2026-06-29 14:23:51,058 | [META-RNW] | INFO | meta_classifier_renewed.model_trainers.meta_trainer | Ep [047/500] T-Acc:  95.5%  V-Acc:  50.0%  V-AUROC: 0.7500  LR: 4.00e-06
2026-06-29 14:23:51,485 | [META-RNW] | INFO | meta_classifier_renewed.model_trainers.meta_trainer | Ep [048/500] T-Acc: 100.0%  V-Acc:  50.0%  V-AUROC: 0.7500  LR: 4.00e-06
2026-06-29 14:23:51,923 | [META-RNW] | INFO | meta_classifier_renewed.model_trainers.meta_trainer | Ep [049/500] T-Acc: 100.0%  V-Acc:  50.0%  V-AUROC: 0.7500  LR: 1.00e-06
2026-06-29 14:23:52,369 | [META-RNW] | INFO | meta_classifier_renewed.model_trainers.meta_trainer | Ep [050/500] T-Acc:  95.5%  V-Acc:  50.0%  V-AUROC: 0.7500  LR: 1.00e-06
2026-06-29 14:23:52,794 | [META-RNW] | INFO | meta_classifier_renewed.model_trainers.meta_trainer | Ep [051/500] T-Acc: 100.0%  V-Acc:  50.0%  V-AUROC: 0.7500  LR: 1.00e-06
2026-06-29 14:23:53,179 | [META-RNW] | INFO | meta_classifier_renewed.model_trainers.meta_trainer | Ep [052/500] T-Acc: 100.0%  V-Acc:  50.0%  V-AUROC: 0.7500  LR: 1.00e-06
2026-06-29 14:23:53,583 | [META-RNW] | INFO | meta_classifier_renewed.model_trainers.meta_trainer | Ep [053/500] T-Acc:  95.5%  V-Acc:  50.0%  V-AUROC: 0.7500  LR: 1.00e-06
2026-06-29 14:23:54,002 | [META-RNW] | INFO | meta_classifier_renewed.model_trainers.meta_trainer | Ep [054/500] T-Acc:  95.5%  V-Acc:  50.0%  V-AUROC: 0.7500  LR: 1.00e-06
2026-06-29 14:23:54,467 | [META-RNW] | INFO | meta_classifier_renewed.model_trainers.meta_trainer | Ep [055/500] T-Acc:  95.5%  V-Acc:  50.0%  V-AUROC: 0.7500  LR: 1.00e-06
2026-06-29 14:23:54,898 | [META-RNW] | INFO | meta_classifier_renewed.model_trainers.meta_trainer | Ep [056/500] T-Acc:  95.5%  V-Acc:  50.0%  V-AUROC: 0.7500  LR: 1.00e-06
2026-06-29 14:23:55,340 | [META-RNW] | INFO | meta_classifier_renewed.model_trainers.meta_trainer | Ep [057/500] T-Acc: 100.0%  V-Acc:  50.0%  V-AUROC: 0.7500  LR: 1.00e-06
2026-06-29 14:23:55,752 | [META-RNW] | INFO | meta_classifier_renewed.model_trainers.meta_trainer | Ep [058/500] T-Acc: 100.0%  V-Acc:  50.0%  V-AUROC: 0.7500  LR: 1.00e-06
2026-06-29 14:23:56,179 | [META-RNW] | INFO | meta_classifier_renewed.model_trainers.meta_trainer | Ep [059/500] T-Acc:  95.5%  V-Acc:  50.0%  V-AUROC: 0.7500  LR: 1.00e-06
2026-06-29 14:23:56,627 | [META-RNW] | INFO | meta_classifier_renewed.model_trainers.meta_trainer | Ep [060/500] T-Acc:  95.5%  V-Acc:  50.0%  V-AUROC: 0.7500  LR: 1.00e-06
2026-06-29 14:23:57,081 | [META-RNW] | INFO | meta_classifier_renewed.model_trainers.meta_trainer | Ep [061/500] T-Acc:  90.9%  V-Acc:  50.0%  V-AUROC: 0.7500  LR: 1.00e-06
2026-06-29 14:23:57,533 | [META-RNW] | INFO | meta_classifier_renewed.model_trainers.meta_trainer | Ep [062/500] T-Acc:  95.5%  V-Acc:  50.0%  V-AUROC: 0.7500  LR: 1.00e-06
2026-06-29 14:23:58,011 | [META-RNW] | INFO | meta_classifier_renewed.model_trainers.meta_trainer | Ep [063/500] T-Acc:  95.5%  V-Acc:  50.0%  V-AUROC: 0.7500  LR: 1.00e-06
2026-06-29 14:23:58,473 | [META-RNW] | INFO | meta_classifier_renewed.model_trainers.meta_trainer | Ep [064/500] T-Acc:  86.4%  V-Acc:  50.0%  V-AUROC: 0.7500  LR: 1.00e-06
2026-06-29 14:23:58,953 | [META-RNW] | INFO | meta_classifier_renewed.model_trainers.meta_trainer | Ep [065/500] T-Acc: 100.0%  V-Acc:  50.0%  V-AUROC: 0.7500  LR: 1.00e-06
2026-06-29 14:23:59,397 | [META-RNW] | INFO | meta_classifier_renewed.model_trainers.meta_trainer | Ep [066/500] T-Acc: 100.0%  V-Acc:  50.0%  V-AUROC: 0.7500  LR: 1.00e-06
2026-06-29 14:23:59,838 | [META-RNW] | INFO | meta_classifier_renewed.model_trainers.meta_trainer | Ep [067/500] T-Acc: 100.0%  V-Acc:  50.0%  V-AUROC: 0.7500  LR: 1.00e-06
2026-06-29 14:24:00,266 | [META-RNW] | INFO | meta_classifier_renewed.model_trainers.meta_trainer | Ep [068/500] T-Acc:  95.5%  V-Acc:  50.0%  V-AUROC: 0.7500  LR: 1.00e-06
2026-06-29 14:24:00,724 | [META-RNW] | INFO | meta_classifier_renewed.model_trainers.meta_trainer | Ep [069/500] T-Acc:  95.5%  V-Acc:  50.0%  V-AUROC: 0.7500  LR: 1.00e-06
2026-06-29 14:24:01,180 | [META-RNW] | INFO | meta_classifier_renewed.model_trainers.meta_trainer | Ep [070/500] T-Acc: 100.0%  V-Acc:  50.0%  V-AUROC: 0.7083  LR: 1.00e-06
2026-06-29 14:24:01,578 | [META-RNW] | INFO | meta_classifier_renewed.model_trainers.meta_trainer | Ep [071/500] T-Acc:  95.5%  V-Acc:  60.0%  V-AUROC: 0.7083  LR: 1.00e-06
2026-06-29 14:24:01,968 | [META-RNW] | INFO | meta_classifier_renewed.model_trainers.meta_trainer | Ep [072/500] T-Acc: 100.0%  V-Acc:  50.0%  V-AUROC: 0.7083  LR: 1.00e-06
2026-06-29 14:24:02,352 | [META-RNW] | INFO | meta_classifier_renewed.model_trainers.meta_trainer | Ep [073/500] T-Acc: 100.0%  V-Acc:  60.0%  V-AUROC: 0.7083  LR: 1.00e-06
2026-06-29 14:24:02,780 | [META-RNW] | INFO | meta_classifier_renewed.model_trainers.meta_trainer | Ep [074/500] T-Acc: 100.0%  V-Acc:  50.0%  V-AUROC: 0.7083  LR: 1.00e-06
2026-06-29 14:24:03,263 | [META-RNW] | INFO | meta_classifier_renewed.model_trainers.meta_trainer | Ep [075/500] T-Acc:  95.5%  V-Acc:  50.0%  V-AUROC: 0.7083  LR: 1.00e-06
2026-06-29 14:24:03,730 | [META-RNW] | INFO | meta_classifier_renewed.model_trainers.meta_trainer | Ep [076/500] T-Acc: 100.0%  V-Acc:  60.0%  V-AUROC: 0.7083  LR: 1.00e-06
2026-06-29 14:24:04,165 | [META-RNW] | INFO | meta_classifier_renewed.model_trainers.meta_trainer | Ep [077/500] T-Acc:  95.5%  V-Acc:  60.0%  V-AUROC: 0.7500  LR: 1.00e-06
2026-06-29 14:24:04,165 | [META-RNW] | INFO | meta_classifier_renewed.model_trainers.meta_trainer | Early stop — best AUROC 0.7500 at epoch 37 (no improvement for 40 epochs)
2026-06-29 14:24:04,165 | [META-RNW] | INFO | meta_classifier_renewed.model_trainers.meta_trainer | Done. Best AUROC: 0.7500 (epoch 37)
2026-06-29 14:24:04,276 | [META-RNW] | INFO | meta_classifier_renewed.evaluators.monte_carlo_evaluator | -> Fold 02 Result | Acc=0.600 Sens=0.750 Spec=0.500 AUROC=0.708 (Fixed Threshold: 0.5)
2026-06-29 14:24:04,293 | [META-RNW] | INFO | meta_classifier_renewed.evaluators.monte_carlo_evaluator | === Fold 03/30 | train: 22 subj | test: 10 subj ===
2026-06-29 14:24:04,306 | [META-RNW] | INFO | meta_classifier_renewed.model_trainers.meta_trainer | Device: cuda | max_epochs=500 | batch=8 | es_patience=40 | lr=1e-04 | wd=1e-02
2026-06-29 14:24:04,307 | [META-RNW] | INFO | meta_classifier_renewed.model_trainers.meta_trainer | CE weights — HC: 1.100  MCI: 0.917
2026-06-29 14:24:04,768 | [META-RNW] | INFO | meta_classifier_renewed.model_trainers.meta_trainer | Ep [001/500] T-Acc:  50.0%  V-Acc:  70.0%  V-AUROC: 0.7083  LR: 2.00e-05
2026-06-29 14:24:04,868 | [META-RNW] | INFO | meta_classifier_renewed.model_trainers.meta_trainer |   ↳ new best AUROC; saved checkpoint: /home/leggo/AIResearch/VOGBasedMCIDetectionSystemMobileViTSingleExperimentInference/outputs/checkpoints/run_20260629_142305_meta_renewed/fold_02_best.pth
2026-06-29 14:24:05,319 | [META-RNW] | INFO | meta_classifier_renewed.model_trainers.meta_trainer | Ep [002/500] T-Acc:  59.1%  V-Acc:  70.0%  V-AUROC: 0.6667  LR: 4.00e-05
2026-06-29 14:24:05,756 | [META-RNW] | INFO | meta_classifier_renewed.model_trainers.meta_trainer | Ep [003/500] T-Acc:  50.0%  V-Acc:  70.0%  V-AUROC: 0.6667  LR: 6.00e-05
2026-06-29 14:24:06,185 | [META-RNW] | INFO | meta_classifier_renewed.model_trainers.meta_trainer | Ep [004/500] T-Acc:  54.5%  V-Acc:  60.0%  V-AUROC: 0.7083  LR: 8.00e-05
2026-06-29 14:24:06,299 | [META-RNW] | INFO | meta_classifier_renewed.model_trainers.meta_trainer |   ↳ new best AUROC; saved checkpoint: /home/leggo/AIResearch/VOGBasedMCIDetectionSystemMobileViTSingleExperimentInference/outputs/checkpoints/run_20260629_142305_meta_renewed/fold_02_best.pth
2026-06-29 14:24:06,709 | [META-RNW] | INFO | meta_classifier_renewed.model_trainers.meta_trainer | Ep [005/500] T-Acc:  50.0%  V-Acc:  60.0%  V-AUROC: 0.7917  LR: 1.00e-04
2026-06-29 14:24:06,821 | [META-RNW] | INFO | meta_classifier_renewed.model_trainers.meta_trainer |   ↳ new best AUROC; saved checkpoint: /home/leggo/AIResearch/VOGBasedMCIDetectionSystemMobileViTSingleExperimentInference/outputs/checkpoints/run_20260629_142305_meta_renewed/fold_02_best.pth
2026-06-29 14:24:07,253 | [META-RNW] | INFO | meta_classifier_renewed.model_trainers.meta_trainer | Ep [006/500] T-Acc:  50.0%  V-Acc:  60.0%  V-AUROC: 0.8333  LR: 1.00e-04
2026-06-29 14:24:07,367 | [META-RNW] | INFO | meta_classifier_renewed.model_trainers.meta_trainer |   ↳ new best AUROC; saved checkpoint: /home/leggo/AIResearch/VOGBasedMCIDetectionSystemMobileViTSingleExperimentInference/outputs/checkpoints/run_20260629_142305_meta_renewed/fold_02_best.pth
2026-06-29 14:24:07,802 | [META-RNW] | INFO | meta_classifier_renewed.model_trainers.meta_trainer | Ep [007/500] T-Acc:  45.5%  V-Acc:  60.0%  V-AUROC: 0.7917  LR: 1.00e-04
2026-06-29 14:24:08,178 | [META-RNW] | INFO | meta_classifier_renewed.model_trainers.meta_trainer | Ep [008/500] T-Acc:  59.1%  V-Acc:  60.0%  V-AUROC: 0.7917  LR: 1.00e-04
2026-06-29 14:24:08,600 | [META-RNW] | INFO | meta_classifier_renewed.model_trainers.meta_trainer | Ep [009/500] T-Acc:  54.5%  V-Acc:  70.0%  V-AUROC: 0.7500  LR: 1.00e-04
2026-06-29 14:24:08,958 | [META-RNW] | INFO | meta_classifier_renewed.model_trainers.meta_trainer | Ep [010/500] T-Acc:  59.1%  V-Acc:  60.0%  V-AUROC: 0.7917  LR: 1.00e-04
2026-06-29 14:24:09,304 | [META-RNW] | INFO | meta_classifier_renewed.model_trainers.meta_trainer | Ep [011/500] T-Acc:  45.5%  V-Acc:  80.0%  V-AUROC: 0.8333  LR: 1.00e-04
2026-06-29 14:24:09,649 | [META-RNW] | INFO | meta_classifier_renewed.model_trainers.meta_trainer | Ep [012/500] T-Acc:  68.2%  V-Acc:  80.0%  V-AUROC: 0.8333  LR: 1.00e-04
2026-06-29 14:24:10,004 | [META-RNW] | INFO | meta_classifier_renewed.model_trainers.meta_trainer | Ep [013/500] T-Acc:  72.7%  V-Acc:  60.0%  V-AUROC: 0.8333  LR: 1.00e-04
2026-06-29 14:24:10,399 | [META-RNW] | INFO | meta_classifier_renewed.model_trainers.meta_trainer | Ep [014/500] T-Acc:  45.5%  V-Acc:  60.0%  V-AUROC: 0.8333  LR: 1.00e-04
2026-06-29 14:24:10,810 | [META-RNW] | INFO | meta_classifier_renewed.model_trainers.meta_trainer | Ep [015/500] T-Acc:  59.1%  V-Acc:  60.0%  V-AUROC: 0.8333  LR: 1.00e-04
2026-06-29 14:24:11,270 | [META-RNW] | INFO | meta_classifier_renewed.model_trainers.meta_trainer | Ep [016/500] T-Acc:  86.4%  V-Acc:  80.0%  V-AUROC: 0.8333  LR: 1.00e-04
2026-06-29 14:24:11,691 | [META-RNW] | INFO | meta_classifier_renewed.model_trainers.meta_trainer | Ep [017/500] T-Acc:  59.1%  V-Acc:  60.0%  V-AUROC: 0.8333  LR: 1.00e-04
2026-06-29 14:24:12,116 | [META-RNW] | INFO | meta_classifier_renewed.model_trainers.meta_trainer | Ep [018/500] T-Acc:  63.6%  V-Acc:  60.0%  V-AUROC: 0.8333  LR: 2.00e-05
2026-06-29 14:24:12,512 | [META-RNW] | INFO | meta_classifier_renewed.model_trainers.meta_trainer | Ep [019/500] T-Acc:  72.7%  V-Acc:  60.0%  V-AUROC: 0.8333  LR: 2.00e-05
2026-06-29 14:24:12,932 | [META-RNW] | INFO | meta_classifier_renewed.model_trainers.meta_trainer | Ep [020/500] T-Acc:  50.0%  V-Acc:  60.0%  V-AUROC: 0.8333  LR: 2.00e-05
2026-06-29 14:24:13,397 | [META-RNW] | INFO | meta_classifier_renewed.model_trainers.meta_trainer | Ep [021/500] T-Acc:  68.2%  V-Acc:  60.0%  V-AUROC: 0.8333  LR: 2.00e-05
2026-06-29 14:24:13,793 | [META-RNW] | INFO | meta_classifier_renewed.model_trainers.meta_trainer | Ep [022/500] T-Acc:  72.7%  V-Acc:  80.0%  V-AUROC: 0.8333  LR: 2.00e-05
2026-06-29 14:24:14,209 | [META-RNW] | INFO | meta_classifier_renewed.model_trainers.meta_trainer | Ep [023/500] T-Acc:  77.3%  V-Acc:  80.0%  V-AUROC: 0.8333  LR: 2.00e-05
2026-06-29 14:24:14,612 | [META-RNW] | INFO | meta_classifier_renewed.model_trainers.meta_trainer | Ep [024/500] T-Acc:  63.6%  V-Acc:  80.0%  V-AUROC: 0.8333  LR: 2.00e-05
2026-06-29 14:24:15,075 | [META-RNW] | INFO | meta_classifier_renewed.model_trainers.meta_trainer | Ep [025/500] T-Acc:  86.4%  V-Acc:  70.0%  V-AUROC: 0.8333  LR: 2.00e-05
2026-06-29 14:24:15,490 | [META-RNW] | INFO | meta_classifier_renewed.model_trainers.meta_trainer | Ep [026/500] T-Acc:  81.8%  V-Acc:  70.0%  V-AUROC: 0.8333  LR: 2.00e-05
2026-06-29 14:24:15,878 | [META-RNW] | INFO | meta_classifier_renewed.model_trainers.meta_trainer | Ep [027/500] T-Acc:  68.2%  V-Acc:  70.0%  V-AUROC: 0.8333  LR: 2.00e-05
2026-06-29 14:24:16,295 | [META-RNW] | INFO | meta_classifier_renewed.model_trainers.meta_trainer | Ep [028/500] T-Acc:  77.3%  V-Acc:  70.0%  V-AUROC: 0.8333  LR: 2.00e-05
2026-06-29 14:24:16,712 | [META-RNW] | INFO | meta_classifier_renewed.model_trainers.meta_trainer | Ep [029/500] T-Acc:  68.2%  V-Acc:  70.0%  V-AUROC: 0.8333  LR: 4.00e-06
2026-06-29 14:24:17,167 | [META-RNW] | INFO | meta_classifier_renewed.model_trainers.meta_trainer | Ep [030/500] T-Acc:  90.9%  V-Acc:  70.0%  V-AUROC: 0.8333  LR: 4.00e-06
2026-06-29 14:24:17,576 | [META-RNW] | INFO | meta_classifier_renewed.model_trainers.meta_trainer | Ep [031/500] T-Acc:  81.8%  V-Acc:  70.0%  V-AUROC: 0.8333  LR: 4.00e-06
2026-06-29 14:24:17,975 | [META-RNW] | INFO | meta_classifier_renewed.model_trainers.meta_trainer | Ep [032/500] T-Acc:  68.2%  V-Acc:  70.0%  V-AUROC: 0.8333  LR: 4.00e-06
2026-06-29 14:24:18,402 | [META-RNW] | INFO | meta_classifier_renewed.model_trainers.meta_trainer | Ep [033/500] T-Acc:  81.8%  V-Acc:  80.0%  V-AUROC: 0.8333  LR: 4.00e-06
2026-06-29 14:24:18,800 | [META-RNW] | INFO | meta_classifier_renewed.model_trainers.meta_trainer | Ep [034/500] T-Acc:  77.3%  V-Acc:  80.0%  V-AUROC: 0.8333  LR: 4.00e-06
2026-06-29 14:24:19,211 | [META-RNW] | INFO | meta_classifier_renewed.model_trainers.meta_trainer | Ep [035/500] T-Acc:  59.1%  V-Acc:  80.0%  V-AUROC: 0.8333  LR: 4.00e-06
2026-06-29 14:24:19,657 | [META-RNW] | INFO | meta_classifier_renewed.model_trainers.meta_trainer | Ep [036/500] T-Acc:  77.3%  V-Acc:  80.0%  V-AUROC: 0.8333  LR: 4.00e-06
2026-06-29 14:24:20,088 | [META-RNW] | INFO | meta_classifier_renewed.model_trainers.meta_trainer | Ep [037/500] T-Acc:  81.8%  V-Acc:  80.0%  V-AUROC: 0.8333  LR: 4.00e-06
2026-06-29 14:24:20,511 | [META-RNW] | INFO | meta_classifier_renewed.model_trainers.meta_trainer | Ep [038/500] T-Acc:  63.6%  V-Acc:  80.0%  V-AUROC: 0.8333  LR: 4.00e-06
2026-06-29 14:24:20,946 | [META-RNW] | INFO | meta_classifier_renewed.model_trainers.meta_trainer | Ep [039/500] T-Acc:  59.1%  V-Acc:  80.0%  V-AUROC: 0.8333  LR: 4.00e-06
2026-06-29 14:24:21,384 | [META-RNW] | INFO | meta_classifier_renewed.model_trainers.meta_trainer | Ep [040/500] T-Acc:  68.2%  V-Acc:  80.0%  V-AUROC: 0.8333  LR: 1.00e-06
2026-06-29 14:24:21,808 | [META-RNW] | INFO | meta_classifier_renewed.model_trainers.meta_trainer | Ep [041/500] T-Acc:  77.3%  V-Acc:  80.0%  V-AUROC: 0.8333  LR: 1.00e-06
2026-06-29 14:24:22,275 | [META-RNW] | INFO | meta_classifier_renewed.model_trainers.meta_trainer | Ep [042/500] T-Acc:  86.4%  V-Acc:  80.0%  V-AUROC: 0.8333  LR: 1.00e-06
2026-06-29 14:24:22,733 | [META-RNW] | INFO | meta_classifier_renewed.model_trainers.meta_trainer | Ep [043/500] T-Acc:  72.7%  V-Acc:  80.0%  V-AUROC: 0.8333  LR: 1.00e-06
2026-06-29 14:24:23,160 | [META-RNW] | INFO | meta_classifier_renewed.model_trainers.meta_trainer | Ep [044/500] T-Acc:  63.6%  V-Acc:  80.0%  V-AUROC: 0.8333  LR: 1.00e-06
2026-06-29 14:24:23,615 | [META-RNW] | INFO | meta_classifier_renewed.model_trainers.meta_trainer | Ep [045/500] T-Acc:  81.8%  V-Acc:  80.0%  V-AUROC: 0.8333  LR: 1.00e-06
2026-06-29 14:24:24,055 | [META-RNW] | INFO | meta_classifier_renewed.model_trainers.meta_trainer | Ep [046/500] T-Acc:  95.5%  V-Acc:  80.0%  V-AUROC: 0.8333  LR: 1.00e-06
2026-06-29 14:24:24,055 | [META-RNW] | INFO | meta_classifier_renewed.model_trainers.meta_trainer | Early stop — best AUROC 0.8333 at epoch 6 (no improvement for 40 epochs)
2026-06-29 14:24:24,056 | [META-RNW] | INFO | meta_classifier_renewed.model_trainers.meta_trainer | Done. Best AUROC: 0.8333 (epoch 6)
2026-06-29 14:24:24,168 | [META-RNW] | INFO | meta_classifier_renewed.evaluators.monte_carlo_evaluator | -> Fold 03 Result | Acc=0.800 Sens=0.667 Spec=1.000 AUROC=0.833 (Fixed Threshold: 0.5)
2026-06-29 14:24:24,185 | [META-RNW] | INFO | meta_classifier_renewed.evaluators.monte_carlo_evaluator | === Fold 04/30 | train: 22 subj | test: 10 subj ===
2026-06-29 14:24:24,198 | [META-RNW] | INFO | meta_classifier_renewed.model_trainers.meta_trainer | Device: cuda | max_epochs=500 | batch=8 | es_patience=40 | lr=1e-04 | wd=1e-02
2026-06-29 14:24:24,199 | [META-RNW] | INFO | meta_classifier_renewed.model_trainers.meta_trainer | CE weights — HC: 1.100  MCI: 0.917
2026-06-29 14:24:24,688 | [META-RNW] | INFO | meta_classifier_renewed.model_trainers.meta_trainer | Ep [001/500] T-Acc:  40.9%  V-Acc:  40.0%  V-AUROC: 0.8333  LR: 2.00e-05
2026-06-29 14:24:24,794 | [META-RNW] | INFO | meta_classifier_renewed.model_trainers.meta_trainer |   ↳ new best AUROC; saved checkpoint: /home/leggo/AIResearch/VOGBasedMCIDetectionSystemMobileViTSingleExperimentInference/outputs/checkpoints/run_20260629_142305_meta_renewed/fold_03_best.pth
2026-06-29 14:24:25,229 | [META-RNW] | INFO | meta_classifier_renewed.model_trainers.meta_trainer | Ep [002/500] T-Acc:  40.9%  V-Acc:  40.0%  V-AUROC: 0.8333  LR: 4.00e-05
2026-06-29 14:24:25,663 | [META-RNW] | INFO | meta_classifier_renewed.model_trainers.meta_trainer | Ep [003/500] T-Acc:  40.9%  V-Acc:  40.0%  V-AUROC: 0.8333  LR: 6.00e-05
2026-06-29 14:24:26,091 | [META-RNW] | INFO | meta_classifier_renewed.model_trainers.meta_trainer | Ep [004/500] T-Acc:  36.4%  V-Acc:  60.0%  V-AUROC: 0.5000  LR: 8.00e-05
2026-06-29 14:24:26,548 | [META-RNW] | INFO | meta_classifier_renewed.model_trainers.meta_trainer | Ep [005/500] T-Acc:  40.9%  V-Acc:  60.0%  V-AUROC: 0.3333  LR: 1.00e-04
2026-06-29 14:24:26,964 | [META-RNW] | INFO | meta_classifier_renewed.model_trainers.meta_trainer | Ep [006/500] T-Acc:  50.0%  V-Acc:  60.0%  V-AUROC: 0.2500  LR: 1.00e-04
2026-06-29 14:24:27,404 | [META-RNW] | INFO | meta_classifier_renewed.model_trainers.meta_trainer | Ep [007/500] T-Acc:  63.6%  V-Acc:  50.0%  V-AUROC: 0.3333  LR: 1.00e-04
2026-06-29 14:24:27,834 | [META-RNW] | INFO | meta_classifier_renewed.model_trainers.meta_trainer | Ep [008/500] T-Acc:  50.0%  V-Acc:  30.0%  V-AUROC: 0.3750  LR: 1.00e-04
2026-06-29 14:24:28,295 | [META-RNW] | INFO | meta_classifier_renewed.model_trainers.meta_trainer | Ep [009/500] T-Acc:  59.1%  V-Acc:  40.0%  V-AUROC: 0.4167  LR: 1.00e-04
2026-06-29 14:24:28,740 | [META-RNW] | INFO | meta_classifier_renewed.model_trainers.meta_trainer | Ep [010/500] T-Acc:  54.5%  V-Acc:  30.0%  V-AUROC: 0.2917  LR: 1.00e-04
2026-06-29 14:24:29,151 | [META-RNW] | INFO | meta_classifier_renewed.model_trainers.meta_trainer | Ep [011/500] T-Acc:  59.1%  V-Acc:  50.0%  V-AUROC: 0.3333  LR: 1.00e-04
2026-06-29 14:24:29,574 | [META-RNW] | INFO | meta_classifier_renewed.model_trainers.meta_trainer | Ep [012/500] T-Acc:  72.7%  V-Acc:  60.0%  V-AUROC: 0.3333  LR: 1.00e-04
2026-06-29 14:24:29,987 | [META-RNW] | INFO | meta_classifier_renewed.model_trainers.meta_trainer | Ep [013/500] T-Acc:  59.1%  V-Acc:  60.0%  V-AUROC: 0.2500  LR: 1.00e-04
2026-06-29 14:24:30,384 | [META-RNW] | INFO | meta_classifier_renewed.model_trainers.meta_trainer | Ep [014/500] T-Acc:  50.0%  V-Acc:  60.0%  V-AUROC: 0.2083  LR: 1.00e-04
2026-06-29 14:24:30,821 | [META-RNW] | INFO | meta_classifier_renewed.model_trainers.meta_trainer | Ep [015/500] T-Acc:  68.2%  V-Acc:  40.0%  V-AUROC: 0.1667  LR: 1.00e-04
2026-06-29 14:24:31,223 | [META-RNW] | INFO | meta_classifier_renewed.model_trainers.meta_trainer | Ep [016/500] T-Acc:  68.2%  V-Acc:  20.0%  V-AUROC: 0.2500  LR: 1.00e-04
2026-06-29 14:24:31,673 | [META-RNW] | INFO | meta_classifier_renewed.model_trainers.meta_trainer | Ep [017/500] T-Acc:  68.2%  V-Acc:  20.0%  V-AUROC: 0.2500  LR: 1.00e-04
2026-06-29 14:24:32,134 | [META-RNW] | INFO | meta_classifier_renewed.model_trainers.meta_trainer | Ep [018/500] T-Acc:  72.7%  V-Acc:  30.0%  V-AUROC: 0.2500  LR: 1.00e-04
2026-06-29 14:24:32,571 | [META-RNW] | INFO | meta_classifier_renewed.model_trainers.meta_trainer | Ep [019/500] T-Acc:  77.3%  V-Acc:  60.0%  V-AUROC: 0.2917  LR: 1.00e-04
2026-06-29 14:24:33,035 | [META-RNW] | INFO | meta_classifier_renewed.model_trainers.meta_trainer | Ep [020/500] T-Acc:  86.4%  V-Acc:  60.0%  V-AUROC: 0.2917  LR: 1.00e-04
2026-06-29 14:24:33,448 | [META-RNW] | INFO | meta_classifier_renewed.model_trainers.meta_trainer | Ep [021/500] T-Acc:  81.8%  V-Acc:  60.0%  V-AUROC: 0.3333  LR: 2.00e-05
2026-06-29 14:24:33,874 | [META-RNW] | INFO | meta_classifier_renewed.model_trainers.meta_trainer | Ep [022/500] T-Acc:  72.7%  V-Acc:  60.0%  V-AUROC: 0.3333  LR: 2.00e-05
2026-06-29 14:24:34,301 | [META-RNW] | INFO | meta_classifier_renewed.model_trainers.meta_trainer | Ep [023/500] T-Acc:  77.3%  V-Acc:  60.0%  V-AUROC: 0.3333  LR: 2.00e-05
2026-06-29 14:24:34,762 | [META-RNW] | INFO | meta_classifier_renewed.model_trainers.meta_trainer | Ep [024/500] T-Acc:  68.2%  V-Acc:  50.0%  V-AUROC: 0.3750  LR: 2.00e-05
2026-06-29 14:24:35,152 | [META-RNW] | INFO | meta_classifier_renewed.model_trainers.meta_trainer | Ep [025/500] T-Acc:  77.3%  V-Acc:  50.0%  V-AUROC: 0.3333  LR: 2.00e-05
2026-06-29 14:24:35,510 | [META-RNW] | INFO | meta_classifier_renewed.model_trainers.meta_trainer | Ep [026/500] T-Acc:  77.3%  V-Acc:  40.0%  V-AUROC: 0.3750  LR: 2.00e-05
2026-06-29 14:24:35,883 | [META-RNW] | INFO | meta_classifier_renewed.model_trainers.meta_trainer | Ep [027/500] T-Acc:  81.8%  V-Acc:  30.0%  V-AUROC: 0.3750  LR: 2.00e-05
2026-06-29 14:24:36,320 | [META-RNW] | INFO | meta_classifier_renewed.model_trainers.meta_trainer | Ep [028/500] T-Acc:  81.8%  V-Acc:  30.0%  V-AUROC: 0.3750  LR: 2.00e-05
2026-06-29 14:24:36,773 | [META-RNW] | INFO | meta_classifier_renewed.model_trainers.meta_trainer | Ep [029/500] T-Acc:  86.4%  V-Acc:  30.0%  V-AUROC: 0.3750  LR: 2.00e-05
2026-06-29 14:24:37,199 | [META-RNW] | INFO | meta_classifier_renewed.model_trainers.meta_trainer | Ep [030/500] T-Acc:  86.4%  V-Acc:  30.0%  V-AUROC: 0.3750  LR: 2.00e-05
2026-06-29 14:24:37,682 | [META-RNW] | INFO | meta_classifier_renewed.model_trainers.meta_trainer | Ep [031/500] T-Acc:  72.7%  V-Acc:  40.0%  V-AUROC: 0.3750  LR: 2.00e-05
2026-06-29 14:24:38,090 | [META-RNW] | INFO | meta_classifier_renewed.model_trainers.meta_trainer | Ep [032/500] T-Acc:  95.5%  V-Acc:  40.0%  V-AUROC: 0.3750  LR: 4.00e-06
2026-06-29 14:24:38,494 | [META-RNW] | INFO | meta_classifier_renewed.model_trainers.meta_trainer | Ep [033/500] T-Acc:  81.8%  V-Acc:  40.0%  V-AUROC: 0.3750  LR: 4.00e-06
2026-06-29 14:24:38,906 | [META-RNW] | INFO | meta_classifier_renewed.model_trainers.meta_trainer | Ep [034/500] T-Acc:  90.9%  V-Acc:  40.0%  V-AUROC: 0.3750  LR: 4.00e-06
2026-06-29 14:24:39,301 | [META-RNW] | INFO | meta_classifier_renewed.model_trainers.meta_trainer | Ep [035/500] T-Acc:  72.7%  V-Acc:  40.0%  V-AUROC: 0.3750  LR: 4.00e-06
2026-06-29 14:24:39,698 | [META-RNW] | INFO | meta_classifier_renewed.model_trainers.meta_trainer | Ep [036/500] T-Acc:  95.5%  V-Acc:  40.0%  V-AUROC: 0.3750  LR: 4.00e-06
2026-06-29 14:24:40,075 | [META-RNW] | INFO | meta_classifier_renewed.model_trainers.meta_trainer | Ep [037/500] T-Acc:  81.8%  V-Acc:  50.0%  V-AUROC: 0.3750  LR: 4.00e-06
2026-06-29 14:24:40,444 | [META-RNW] | INFO | meta_classifier_renewed.model_trainers.meta_trainer | Ep [038/500] T-Acc:  81.8%  V-Acc:  50.0%  V-AUROC: 0.3750  LR: 4.00e-06
2026-06-29 14:24:40,804 | [META-RNW] | INFO | meta_classifier_renewed.model_trainers.meta_trainer | Ep [039/500] T-Acc:  90.9%  V-Acc:  50.0%  V-AUROC: 0.3750  LR: 4.00e-06
2026-06-29 14:24:41,173 | [META-RNW] | INFO | meta_classifier_renewed.model_trainers.meta_trainer | Ep [040/500] T-Acc: 100.0%  V-Acc:  50.0%  V-AUROC: 0.3750  LR: 4.00e-06
2026-06-29 14:24:41,567 | [META-RNW] | INFO | meta_classifier_renewed.model_trainers.meta_trainer | Ep [041/500] T-Acc:  90.9%  V-Acc:  50.0%  V-AUROC: 0.3750  LR: 4.00e-06
2026-06-29 14:24:41,567 | [META-RNW] | INFO | meta_classifier_renewed.model_trainers.meta_trainer | Early stop — best AUROC 0.8333 at epoch 1 (no improvement for 40 epochs)
2026-06-29 14:24:41,567 | [META-RNW] | INFO | meta_classifier_renewed.model_trainers.meta_trainer | Done. Best AUROC: 0.8333 (epoch 1)
2026-06-29 14:24:41,659 | [META-RNW] | INFO | meta_classifier_renewed.evaluators.monte_carlo_evaluator | -> Fold 04 Result | Acc=0.500 Sens=0.500 Spec=0.500 AUROC=0.375 (Fixed Threshold: 0.5)
2026-06-29 14:24:41,677 | [META-RNW] | INFO | meta_classifier_renewed.evaluators.monte_carlo_evaluator | === Fold 05/30 | train: 22 subj | test: 10 subj ===
2026-06-29 14:24:41,691 | [META-RNW] | INFO | meta_classifier_renewed.model_trainers.meta_trainer | Device: cuda | max_epochs=500 | batch=8 | es_patience=40 | lr=1e-04 | wd=1e-02
2026-06-29 14:24:41,691 | [META-RNW] | INFO | meta_classifier_renewed.model_trainers.meta_trainer | CE weights — HC: 1.100  MCI: 0.917
2026-06-29 14:24:42,181 | [META-RNW] | INFO | meta_classifier_renewed.model_trainers.meta_trainer | Ep [001/500] T-Acc:  59.1%  V-Acc:  60.0%  V-AUROC: 0.2917  LR: 2.00e-05
2026-06-29 14:24:42,285 | [META-RNW] | INFO | meta_classifier_renewed.model_trainers.meta_trainer |   ↳ new best AUROC; saved checkpoint: /home/leggo/AIResearch/VOGBasedMCIDetectionSystemMobileViTSingleExperimentInference/outputs/checkpoints/run_20260629_142305_meta_renewed/fold_04_best.pth
2026-06-29 14:24:42,661 | [META-RNW] | INFO | meta_classifier_renewed.model_trainers.meta_trainer | Ep [002/500] T-Acc:  50.0%  V-Acc:  60.0%  V-AUROC: 0.2917  LR: 4.00e-05
2026-06-29 14:24:42,772 | [META-RNW] | INFO | meta_classifier_renewed.model_trainers.meta_trainer |   ↳ new best AUROC; saved checkpoint: /home/leggo/AIResearch/VOGBasedMCIDetectionSystemMobileViTSingleExperimentInference/outputs/checkpoints/run_20260629_142305_meta_renewed/fold_04_best.pth
2026-06-29 14:24:43,163 | [META-RNW] | INFO | meta_classifier_renewed.model_trainers.meta_trainer | Ep [003/500] T-Acc:  50.0%  V-Acc:  40.0%  V-AUROC: 0.2917  LR: 6.00e-05
2026-06-29 14:24:43,601 | [META-RNW] | INFO | meta_classifier_renewed.model_trainers.meta_trainer | Ep [004/500] T-Acc:  36.4%  V-Acc:  50.0%  V-AUROC: 0.3333  LR: 8.00e-05
2026-06-29 14:24:43,718 | [META-RNW] | INFO | meta_classifier_renewed.model_trainers.meta_trainer |   ↳ new best AUROC; saved checkpoint: /home/leggo/AIResearch/VOGBasedMCIDetectionSystemMobileViTSingleExperimentInference/outputs/checkpoints/run_20260629_142305_meta_renewed/fold_04_best.pth
2026-06-29 14:24:44,117 | [META-RNW] | INFO | meta_classifier_renewed.model_trainers.meta_trainer | Ep [005/500] T-Acc:  50.0%  V-Acc:  40.0%  V-AUROC: 0.3750  LR: 1.00e-04
2026-06-29 14:24:44,235 | [META-RNW] | INFO | meta_classifier_renewed.model_trainers.meta_trainer |   ↳ new best AUROC; saved checkpoint: /home/leggo/AIResearch/VOGBasedMCIDetectionSystemMobileViTSingleExperimentInference/outputs/checkpoints/run_20260629_142305_meta_renewed/fold_04_best.pth
2026-06-29 14:24:44,692 | [META-RNW] | INFO | meta_classifier_renewed.model_trainers.meta_trainer | Ep [006/500] T-Acc:  72.7%  V-Acc:  60.0%  V-AUROC: 0.3750  LR: 1.00e-04
2026-06-29 14:24:45,163 | [META-RNW] | INFO | meta_classifier_renewed.model_trainers.meta_trainer | Ep [007/500] T-Acc:  59.1%  V-Acc:  60.0%  V-AUROC: 0.4167  LR: 1.00e-04
2026-06-29 14:24:45,282 | [META-RNW] | INFO | meta_classifier_renewed.model_trainers.meta_trainer |   ↳ new best AUROC; saved checkpoint: /home/leggo/AIResearch/VOGBasedMCIDetectionSystemMobileViTSingleExperimentInference/outputs/checkpoints/run_20260629_142305_meta_renewed/fold_04_best.pth
2026-06-29 14:24:45,716 | [META-RNW] | INFO | meta_classifier_renewed.model_trainers.meta_trainer | Ep [008/500] T-Acc:  68.2%  V-Acc:  60.0%  V-AUROC: 0.4583  LR: 1.00e-04
2026-06-29 14:24:45,830 | [META-RNW] | INFO | meta_classifier_renewed.model_trainers.meta_trainer |   ↳ new best AUROC; saved checkpoint: /home/leggo/AIResearch/VOGBasedMCIDetectionSystemMobileViTSingleExperimentInference/outputs/checkpoints/run_20260629_142305_meta_renewed/fold_04_best.pth
2026-06-29 14:24:46,239 | [META-RNW] | INFO | meta_classifier_renewed.model_trainers.meta_trainer | Ep [009/500] T-Acc:  68.2%  V-Acc:  50.0%  V-AUROC: 0.5417  LR: 1.00e-04
2026-06-29 14:24:46,351 | [META-RNW] | INFO | meta_classifier_renewed.model_trainers.meta_trainer |   ↳ new best AUROC; saved checkpoint: /home/leggo/AIResearch/VOGBasedMCIDetectionSystemMobileViTSingleExperimentInference/outputs/checkpoints/run_20260629_142305_meta_renewed/fold_04_best.pth
2026-06-29 14:24:46,792 | [META-RNW] | INFO | meta_classifier_renewed.model_trainers.meta_trainer | Ep [010/500] T-Acc:  63.6%  V-Acc:  70.0%  V-AUROC: 0.5417  LR: 1.00e-04
2026-06-29 14:24:47,205 | [META-RNW] | INFO | meta_classifier_renewed.model_trainers.meta_trainer | Ep [011/500] T-Acc:  81.8%  V-Acc:  50.0%  V-AUROC: 0.5833  LR: 1.00e-04
2026-06-29 14:24:47,322 | [META-RNW] | INFO | meta_classifier_renewed.model_trainers.meta_trainer |   ↳ new best AUROC; saved checkpoint: /home/leggo/AIResearch/VOGBasedMCIDetectionSystemMobileViTSingleExperimentInference/outputs/checkpoints/run_20260629_142305_meta_renewed/fold_04_best.pth
2026-06-29 14:24:47,751 | [META-RNW] | INFO | meta_classifier_renewed.model_trainers.meta_trainer | Ep [012/500] T-Acc:  54.5%  V-Acc:  60.0%  V-AUROC: 0.5833  LR: 1.00e-04
2026-06-29 14:24:48,188 | [META-RNW] | INFO | meta_classifier_renewed.model_trainers.meta_trainer | Ep [013/500] T-Acc:  77.3%  V-Acc:  50.0%  V-AUROC: 0.5833  LR: 1.00e-04
2026-06-29 14:24:48,642 | [META-RNW] | INFO | meta_classifier_renewed.model_trainers.meta_trainer | Ep [014/500] T-Acc:  81.8%  V-Acc:  50.0%  V-AUROC: 0.6250  LR: 1.00e-04
2026-06-29 14:24:48,761 | [META-RNW] | INFO | meta_classifier_renewed.model_trainers.meta_trainer |   ↳ new best AUROC; saved checkpoint: /home/leggo/AIResearch/VOGBasedMCIDetectionSystemMobileViTSingleExperimentInference/outputs/checkpoints/run_20260629_142305_meta_renewed/fold_04_best.pth
2026-06-29 14:24:49,200 | [META-RNW] | INFO | meta_classifier_renewed.model_trainers.meta_trainer | Ep [015/500] T-Acc:  77.3%  V-Acc:  50.0%  V-AUROC: 0.5833  LR: 1.00e-04
2026-06-29 14:24:49,618 | [META-RNW] | INFO | meta_classifier_renewed.model_trainers.meta_trainer | Ep [016/500] T-Acc:  77.3%  V-Acc:  60.0%  V-AUROC: 0.5417  LR: 1.00e-04
2026-06-29 14:24:50,029 | [META-RNW] | INFO | meta_classifier_renewed.model_trainers.meta_trainer | Ep [017/500] T-Acc:  72.7%  V-Acc:  60.0%  V-AUROC: 0.5417  LR: 1.00e-04
2026-06-29 14:24:50,431 | [META-RNW] | INFO | meta_classifier_renewed.model_trainers.meta_trainer | Ep [018/500] T-Acc:  86.4%  V-Acc:  60.0%  V-AUROC: 0.5833  LR: 1.00e-04
2026-06-29 14:24:50,883 | [META-RNW] | INFO | meta_classifier_renewed.model_trainers.meta_trainer | Ep [019/500] T-Acc:  81.8%  V-Acc:  50.0%  V-AUROC: 0.5417  LR: 1.00e-04
2026-06-29 14:24:51,339 | [META-RNW] | INFO | meta_classifier_renewed.model_trainers.meta_trainer | Ep [020/500] T-Acc:  86.4%  V-Acc:  50.0%  V-AUROC: 0.5000  LR: 1.00e-04
2026-06-29 14:24:51,764 | [META-RNW] | INFO | meta_classifier_renewed.model_trainers.meta_trainer | Ep [021/500] T-Acc:  90.9%  V-Acc:  60.0%  V-AUROC: 0.5000  LR: 1.00e-04
2026-06-29 14:24:52,225 | [META-RNW] | INFO | meta_classifier_renewed.model_trainers.meta_trainer | Ep [022/500] T-Acc:  86.4%  V-Acc:  60.0%  V-AUROC: 0.5417  LR: 1.00e-04
2026-06-29 14:24:52,667 | [META-RNW] | INFO | meta_classifier_renewed.model_trainers.meta_trainer | Ep [023/500] T-Acc:  81.8%  V-Acc:  50.0%  V-AUROC: 0.5417  LR: 1.00e-04
2026-06-29 14:24:53,120 | [META-RNW] | INFO | meta_classifier_renewed.model_trainers.meta_trainer | Ep [024/500] T-Acc:  86.4%  V-Acc:  50.0%  V-AUROC: 0.5417  LR: 1.00e-04
2026-06-29 14:24:53,520 | [META-RNW] | INFO | meta_classifier_renewed.model_trainers.meta_trainer | Ep [025/500] T-Acc:  90.9%  V-Acc:  50.0%  V-AUROC: 0.5417  LR: 1.00e-04
2026-06-29 14:24:53,907 | [META-RNW] | INFO | meta_classifier_renewed.model_trainers.meta_trainer | Ep [026/500] T-Acc:  95.5%  V-Acc:  60.0%  V-AUROC: 0.5417  LR: 2.00e-05
2026-06-29 14:24:54,307 | [META-RNW] | INFO | meta_classifier_renewed.model_trainers.meta_trainer | Ep [027/500] T-Acc:  90.9%  V-Acc:  60.0%  V-AUROC: 0.5417  LR: 2.00e-05
2026-06-29 14:24:54,711 | [META-RNW] | INFO | meta_classifier_renewed.model_trainers.meta_trainer | Ep [028/500] T-Acc:  90.9%  V-Acc:  60.0%  V-AUROC: 0.5417  LR: 2.00e-05
2026-06-29 14:24:55,135 | [META-RNW] | INFO | meta_classifier_renewed.model_trainers.meta_trainer | Ep [029/500] T-Acc:  90.9%  V-Acc:  50.0%  V-AUROC: 0.5417  LR: 2.00e-05
2026-06-29 14:24:55,574 | [META-RNW] | INFO | meta_classifier_renewed.model_trainers.meta_trainer | Ep [030/500] T-Acc: 100.0%  V-Acc:  50.0%  V-AUROC: 0.5417  LR: 2.00e-05
2026-06-29 14:24:56,008 | [META-RNW] | INFO | meta_classifier_renewed.model_trainers.meta_trainer | Ep [031/500] T-Acc: 100.0%  V-Acc:  50.0%  V-AUROC: 0.5417  LR: 2.00e-05
2026-06-29 14:24:56,433 | [META-RNW] | INFO | meta_classifier_renewed.model_trainers.meta_trainer | Ep [032/500] T-Acc:  95.5%  V-Acc:  50.0%  V-AUROC: 0.5417  LR: 2.00e-05
2026-06-29 14:24:56,856 | [META-RNW] | INFO | meta_classifier_renewed.model_trainers.meta_trainer | Ep [033/500] T-Acc:  95.5%  V-Acc:  50.0%  V-AUROC: 0.5000  LR: 2.00e-05
2026-06-29 14:24:57,286 | [META-RNW] | INFO | meta_classifier_renewed.model_trainers.meta_trainer | Ep [034/500] T-Acc:  90.9%  V-Acc:  50.0%  V-AUROC: 0.5000  LR: 2.00e-05
2026-06-29 14:24:57,722 | [META-RNW] | INFO | meta_classifier_renewed.model_trainers.meta_trainer | Ep [035/500] T-Acc: 100.0%  V-Acc:  50.0%  V-AUROC: 0.5000  LR: 2.00e-05
2026-06-29 14:24:58,165 | [META-RNW] | INFO | meta_classifier_renewed.model_trainers.meta_trainer | Ep [036/500] T-Acc: 100.0%  V-Acc:  60.0%  V-AUROC: 0.4583  LR: 2.00e-05
2026-06-29 14:24:58,589 | [META-RNW] | INFO | meta_classifier_renewed.model_trainers.meta_trainer | Ep [037/500] T-Acc:  90.9%  V-Acc:  60.0%  V-AUROC: 0.4583  LR: 4.00e-06
2026-06-29 14:24:59,059 | [META-RNW] | INFO | meta_classifier_renewed.model_trainers.meta_trainer | Ep [038/500] T-Acc:  95.5%  V-Acc:  60.0%  V-AUROC: 0.4583  LR: 4.00e-06
2026-06-29 14:24:59,478 | [META-RNW] | INFO | meta_classifier_renewed.model_trainers.meta_trainer | Ep [039/500] T-Acc: 100.0%  V-Acc:  60.0%  V-AUROC: 0.4583  LR: 4.00e-06
2026-06-29 14:24:59,895 | [META-RNW] | INFO | meta_classifier_renewed.model_trainers.meta_trainer | Ep [040/500] T-Acc: 100.0%  V-Acc:  60.0%  V-AUROC: 0.5000  LR: 4.00e-06
2026-06-29 14:25:00,343 | [META-RNW] | INFO | meta_classifier_renewed.model_trainers.meta_trainer | Ep [041/500] T-Acc:  90.9%  V-Acc:  60.0%  V-AUROC: 0.4583  LR: 4.00e-06
2026-06-29 14:25:00,801 | [META-RNW] | INFO | meta_classifier_renewed.model_trainers.meta_trainer | Ep [042/500] T-Acc:  90.9%  V-Acc:  60.0%  V-AUROC: 0.4583  LR: 4.00e-06
2026-06-29 14:25:01,244 | [META-RNW] | INFO | meta_classifier_renewed.model_trainers.meta_trainer | Ep [043/500] T-Acc:  95.5%  V-Acc:  60.0%  V-AUROC: 0.4583  LR: 4.00e-06
2026-06-29 14:25:01,724 | [META-RNW] | INFO | meta_classifier_renewed.model_trainers.meta_trainer | Ep [044/500] T-Acc:  95.5%  V-Acc:  60.0%  V-AUROC: 0.4583  LR: 4.00e-06
2026-06-29 14:25:02,182 | [META-RNW] | INFO | meta_classifier_renewed.model_trainers.meta_trainer | Ep [045/500] T-Acc:  86.4%  V-Acc:  60.0%  V-AUROC: 0.4583  LR: 4.00e-06
2026-06-29 14:25:02,615 | [META-RNW] | INFO | meta_classifier_renewed.model_trainers.meta_trainer | Ep [046/500] T-Acc:  86.4%  V-Acc:  50.0%  V-AUROC: 0.4583  LR: 4.00e-06
2026-06-29 14:25:03,069 | [META-RNW] | INFO | meta_classifier_renewed.model_trainers.meta_trainer | Ep [047/500] T-Acc: 100.0%  V-Acc:  50.0%  V-AUROC: 0.4583  LR: 4.00e-06
2026-06-29 14:25:03,493 | [META-RNW] | INFO | meta_classifier_renewed.model_trainers.meta_trainer | Ep [048/500] T-Acc: 100.0%  V-Acc:  50.0%  V-AUROC: 0.4583  LR: 1.00e-06
2026-06-29 14:25:03,894 | [META-RNW] | INFO | meta_classifier_renewed.model_trainers.meta_trainer | Ep [049/500] T-Acc:  95.5%  V-Acc:  50.0%  V-AUROC: 0.4583  LR: 1.00e-06
2026-06-29 14:25:04,303 | [META-RNW] | INFO | meta_classifier_renewed.model_trainers.meta_trainer | Ep [050/500] T-Acc:  95.5%  V-Acc:  50.0%  V-AUROC: 0.4583  LR: 1.00e-06
2026-06-29 14:25:04,677 | [META-RNW] | INFO | meta_classifier_renewed.model_trainers.meta_trainer | Ep [051/500] T-Acc:  95.5%  V-Acc:  50.0%  V-AUROC: 0.4583  LR: 1.00e-06
2026-06-29 14:25:05,100 | [META-RNW] | INFO | meta_classifier_renewed.model_trainers.meta_trainer | Ep [052/500] T-Acc:  86.4%  V-Acc:  50.0%  V-AUROC: 0.4583  LR: 1.00e-06
2026-06-29 14:25:05,509 | [META-RNW] | INFO | meta_classifier_renewed.model_trainers.meta_trainer | Ep [053/500] T-Acc:  95.5%  V-Acc:  50.0%  V-AUROC: 0.4583  LR: 1.00e-06
2026-06-29 14:25:05,918 | [META-RNW] | INFO | meta_classifier_renewed.model_trainers.meta_trainer | Ep [054/500] T-Acc: 100.0%  V-Acc:  50.0%  V-AUROC: 0.4583  LR: 1.00e-06
2026-06-29 14:25:05,920 | [META-RNW] | INFO | meta_classifier_renewed.model_trainers.meta_trainer | Early stop — best AUROC 0.6250 at epoch 14 (no improvement for 40 epochs)
2026-06-29 14:25:05,920 | [META-RNW] | INFO | meta_classifier_renewed.model_trainers.meta_trainer | Done. Best AUROC: 0.6250 (epoch 14)
2026-06-29 14:25:06,019 | [META-RNW] | INFO | meta_classifier_renewed.evaluators.monte_carlo_evaluator | -> Fold 05 Result | Acc=0.500 Sens=0.667 Spec=0.250 AUROC=0.458 (Fixed Threshold: 0.5)
2026-06-29 14:25:06,036 | [META-RNW] | INFO | meta_classifier_renewed.evaluators.monte_carlo_evaluator | === Fold 06/30 | train: 22 subj | test: 10 subj ===
2026-06-29 14:25:06,050 | [META-RNW] | INFO | meta_classifier_renewed.model_trainers.meta_trainer | Device: cuda | max_epochs=500 | batch=8 | es_patience=40 | lr=1e-04 | wd=1e-02
2026-06-29 14:25:06,051 | [META-RNW] | INFO | meta_classifier_renewed.model_trainers.meta_trainer | CE weights — HC: 1.222  MCI: 0.846
2026-06-29 14:25:06,493 | [META-RNW] | INFO | meta_classifier_renewed.model_trainers.meta_trainer | Ep [001/500] T-Acc:  40.9%  V-Acc:  60.0%  V-AUROC: 0.6400  LR: 2.00e-05
2026-06-29 14:25:06,594 | [META-RNW] | INFO | meta_classifier_renewed.model_trainers.meta_trainer |   ↳ new best AUROC; saved checkpoint: /home/leggo/AIResearch/VOGBasedMCIDetectionSystemMobileViTSingleExperimentInference/outputs/checkpoints/run_20260629_142305_meta_renewed/fold_05_best.pth
2026-06-29 14:25:06,985 | [META-RNW] | INFO | meta_classifier_renewed.model_trainers.meta_trainer | Ep [002/500] T-Acc:  45.5%  V-Acc:  50.0%  V-AUROC: 0.6000  LR: 4.00e-05
2026-06-29 14:25:07,369 | [META-RNW] | INFO | meta_classifier_renewed.model_trainers.meta_trainer | Ep [003/500] T-Acc:  40.9%  V-Acc:  50.0%  V-AUROC: 0.5600  LR: 6.00e-05
2026-06-29 14:25:07,789 | [META-RNW] | INFO | meta_classifier_renewed.model_trainers.meta_trainer | Ep [004/500] T-Acc:  50.0%  V-Acc:  40.0%  V-AUROC: 0.4800  LR: 8.00e-05
2026-06-29 14:25:08,250 | [META-RNW] | INFO | meta_classifier_renewed.model_trainers.meta_trainer | Ep [005/500] T-Acc:  45.5%  V-Acc:  40.0%  V-AUROC: 0.4800  LR: 1.00e-04
2026-06-29 14:25:08,692 | [META-RNW] | INFO | meta_classifier_renewed.model_trainers.meta_trainer | Ep [006/500] T-Acc:  50.0%  V-Acc:  40.0%  V-AUROC: 0.5200  LR: 1.00e-04
2026-06-29 14:25:09,110 | [META-RNW] | INFO | meta_classifier_renewed.model_trainers.meta_trainer | Ep [007/500] T-Acc:  40.9%  V-Acc:  70.0%  V-AUROC: 0.6000  LR: 1.00e-04
2026-06-29 14:25:09,515 | [META-RNW] | INFO | meta_classifier_renewed.model_trainers.meta_trainer | Ep [008/500] T-Acc:  63.6%  V-Acc:  70.0%  V-AUROC: 0.5600  LR: 1.00e-04
2026-06-29 14:25:09,950 | [META-RNW] | INFO | meta_classifier_renewed.model_trainers.meta_trainer | Ep [009/500] T-Acc:  68.2%  V-Acc:  30.0%  V-AUROC: 0.5200  LR: 1.00e-04
2026-06-29 14:25:10,405 | [META-RNW] | INFO | meta_classifier_renewed.model_trainers.meta_trainer | Ep [010/500] T-Acc:  63.6%  V-Acc:  30.0%  V-AUROC: 0.6000  LR: 1.00e-04
2026-06-29 14:25:10,824 | [META-RNW] | INFO | meta_classifier_renewed.model_trainers.meta_trainer | Ep [011/500] T-Acc:  59.1%  V-Acc:  30.0%  V-AUROC: 0.6000  LR: 1.00e-04
2026-06-29 14:25:11,256 | [META-RNW] | INFO | meta_classifier_renewed.model_trainers.meta_trainer | Ep [012/500] T-Acc:  77.3%  V-Acc:  70.0%  V-AUROC: 0.6000  LR: 1.00e-04
2026-06-29 14:25:11,702 | [META-RNW] | INFO | meta_classifier_renewed.model_trainers.meta_trainer | Ep [013/500] T-Acc:  63.6%  V-Acc:  70.0%  V-AUROC: 0.6400  LR: 1.00e-04
2026-06-29 14:25:12,173 | [META-RNW] | INFO | meta_classifier_renewed.model_trainers.meta_trainer | Ep [014/500] T-Acc:  50.0%  V-Acc:  40.0%  V-AUROC: 0.6000  LR: 1.00e-04
2026-06-29 14:25:12,627 | [META-RNW] | INFO | meta_classifier_renewed.model_trainers.meta_trainer | Ep [015/500] T-Acc:  72.7%  V-Acc:  30.0%  V-AUROC: 0.6000  LR: 1.00e-04
2026-06-29 14:25:13,086 | [META-RNW] | INFO | meta_classifier_renewed.model_trainers.meta_trainer | Ep [016/500] T-Acc:  77.3%  V-Acc:  30.0%  V-AUROC: 0.5600  LR: 1.00e-04
2026-06-29 14:25:13,546 | [META-RNW] | INFO | meta_classifier_renewed.model_trainers.meta_trainer | Ep [017/500] T-Acc:  77.3%  V-Acc:  30.0%  V-AUROC: 0.5600  LR: 1.00e-04
2026-06-29 14:25:13,988 | [META-RNW] | INFO | meta_classifier_renewed.model_trainers.meta_trainer | Ep [018/500] T-Acc:  86.4%  V-Acc:  30.0%  V-AUROC: 0.5600  LR: 1.00e-04
2026-06-29 14:25:14,402 | [META-RNW] | INFO | meta_classifier_renewed.model_trainers.meta_trainer | Ep [019/500] T-Acc:  81.8%  V-Acc:  30.0%  V-AUROC: 0.5200  LR: 1.00e-04
2026-06-29 14:25:14,836 | [META-RNW] | INFO | meta_classifier_renewed.model_trainers.meta_trainer | Ep [020/500] T-Acc:  90.9%  V-Acc:  30.0%  V-AUROC: 0.5200  LR: 1.00e-04
2026-06-29 14:25:15,321 | [META-RNW] | INFO | meta_classifier_renewed.model_trainers.meta_trainer | Ep [021/500] T-Acc:  77.3%  V-Acc:  30.0%  V-AUROC: 0.5200  LR: 1.00e-04
2026-06-29 14:25:15,762 | [META-RNW] | INFO | meta_classifier_renewed.model_trainers.meta_trainer | Ep [022/500] T-Acc:  95.5%  V-Acc:  30.0%  V-AUROC: 0.5200  LR: 1.00e-04
2026-06-29 14:25:16,197 | [META-RNW] | INFO | meta_classifier_renewed.model_trainers.meta_trainer | Ep [023/500] T-Acc:  90.9%  V-Acc:  40.0%  V-AUROC: 0.6000  LR: 1.00e-04
2026-06-29 14:25:16,601 | [META-RNW] | INFO | meta_classifier_renewed.model_trainers.meta_trainer | Ep [024/500] T-Acc:  86.4%  V-Acc:  30.0%  V-AUROC: 0.5600  LR: 1.00e-04
2026-06-29 14:25:16,986 | [META-RNW] | INFO | meta_classifier_renewed.model_trainers.meta_trainer | Ep [025/500] T-Acc:  95.5%  V-Acc:  30.0%  V-AUROC: 0.5600  LR: 2.00e-05
2026-06-29 14:25:17,340 | [META-RNW] | INFO | meta_classifier_renewed.model_trainers.meta_trainer | Ep [026/500] T-Acc: 100.0%  V-Acc:  30.0%  V-AUROC: 0.5200  LR: 2.00e-05
2026-06-29 14:25:17,681 | [META-RNW] | INFO | meta_classifier_renewed.model_trainers.meta_trainer | Ep [027/500] T-Acc: 100.0%  V-Acc:  30.0%  V-AUROC: 0.4800  LR: 2.00e-05
2026-06-29 14:25:18,053 | [META-RNW] | INFO | meta_classifier_renewed.model_trainers.meta_trainer | Ep [028/500] T-Acc: 100.0%  V-Acc:  30.0%  V-AUROC: 0.4800  LR: 2.00e-05
2026-06-29 14:25:18,417 | [META-RNW] | INFO | meta_classifier_renewed.model_trainers.meta_trainer | Ep [029/500] T-Acc: 100.0%  V-Acc:  30.0%  V-AUROC: 0.4800  LR: 2.00e-05
2026-06-29 14:25:18,811 | [META-RNW] | INFO | meta_classifier_renewed.model_trainers.meta_trainer | Ep [030/500] T-Acc:  90.9%  V-Acc:  30.0%  V-AUROC: 0.4800  LR: 2.00e-05
2026-06-29 14:25:19,223 | [META-RNW] | INFO | meta_classifier_renewed.model_trainers.meta_trainer | Ep [031/500] T-Acc:  90.9%  V-Acc:  30.0%  V-AUROC: 0.4800  LR: 2.00e-05
2026-06-29 14:25:19,638 | [META-RNW] | INFO | meta_classifier_renewed.model_trainers.meta_trainer | Ep [032/500] T-Acc:  86.4%  V-Acc:  30.0%  V-AUROC: 0.4800  LR: 2.00e-05
2026-06-29 14:25:20,069 | [META-RNW] | INFO | meta_classifier_renewed.model_trainers.meta_trainer | Ep [033/500] T-Acc:  95.5%  V-Acc:  40.0%  V-AUROC: 0.4400  LR: 2.00e-05
2026-06-29 14:25:20,497 | [META-RNW] | INFO | meta_classifier_renewed.model_trainers.meta_trainer | Ep [034/500] T-Acc:  95.5%  V-Acc:  30.0%  V-AUROC: 0.4800  LR: 2.00e-05
2026-06-29 14:25:20,926 | [META-RNW] | INFO | meta_classifier_renewed.model_trainers.meta_trainer | Ep [035/500] T-Acc:  95.5%  V-Acc:  30.0%  V-AUROC: 0.4800  LR: 2.00e-05
2026-06-29 14:25:21,400 | [META-RNW] | INFO | meta_classifier_renewed.model_trainers.meta_trainer | Ep [036/500] T-Acc: 100.0%  V-Acc:  30.0%  V-AUROC: 0.4800  LR: 4.00e-06
2026-06-29 14:25:21,837 | [META-RNW] | INFO | meta_classifier_renewed.model_trainers.meta_trainer | Ep [037/500] T-Acc:  90.9%  V-Acc:  30.0%  V-AUROC: 0.4800  LR: 4.00e-06
2026-06-29 14:25:22,289 | [META-RNW] | INFO | meta_classifier_renewed.model_trainers.meta_trainer | Ep [038/500] T-Acc: 100.0%  V-Acc:  30.0%  V-AUROC: 0.4800  LR: 4.00e-06
2026-06-29 14:25:22,709 | [META-RNW] | INFO | meta_classifier_renewed.model_trainers.meta_trainer | Ep [039/500] T-Acc:  95.5%  V-Acc:  30.0%  V-AUROC: 0.4800  LR: 4.00e-06
2026-06-29 14:25:23,168 | [META-RNW] | INFO | meta_classifier_renewed.model_trainers.meta_trainer | Ep [040/500] T-Acc: 100.0%  V-Acc:  30.0%  V-AUROC: 0.4800  LR: 4.00e-06
2026-06-29 14:25:23,609 | [META-RNW] | INFO | meta_classifier_renewed.model_trainers.meta_trainer | Ep [041/500] T-Acc:  95.5%  V-Acc:  30.0%  V-AUROC: 0.4400  LR: 4.00e-06
2026-06-29 14:25:23,609 | [META-RNW] | INFO | meta_classifier_renewed.model_trainers.meta_trainer | Early stop — best AUROC 0.6400 at epoch 1 (no improvement for 40 epochs)
2026-06-29 14:25:23,610 | [META-RNW] | INFO | meta_classifier_renewed.model_trainers.meta_trainer | Done. Best AUROC: 0.6400 (epoch 1)
2026-06-29 14:25:23,718 | [META-RNW] | INFO | meta_classifier_renewed.evaluators.monte_carlo_evaluator | -> Fold 06 Result | Acc=0.300 Sens=0.600 Spec=0.000 AUROC=0.480 (Fixed Threshold: 0.5)
2026-06-29 14:25:23,736 | [META-RNW] | INFO | meta_classifier_renewed.evaluators.monte_carlo_evaluator | === Fold 07/30 | train: 22 subj | test: 10 subj ===
2026-06-29 14:25:23,749 | [META-RNW] | INFO | meta_classifier_renewed.model_trainers.meta_trainer | Device: cuda | max_epochs=500 | batch=8 | es_patience=40 | lr=1e-04 | wd=1e-02
2026-06-29 14:25:23,750 | [META-RNW] | INFO | meta_classifier_renewed.model_trainers.meta_trainer | CE weights — HC: 0.917  MCI: 1.100
2026-06-29 14:25:24,230 | [META-RNW] | INFO | meta_classifier_renewed.model_trainers.meta_trainer | Ep [001/500] T-Acc:  40.9%  V-Acc:  80.0%  V-AUROC: 0.8750  LR: 2.00e-05
2026-06-29 14:25:24,325 | [META-RNW] | INFO | meta_classifier_renewed.model_trainers.meta_trainer |   ↳ new best AUROC; saved checkpoint: /home/leggo/AIResearch/VOGBasedMCIDetectionSystemMobileViTSingleExperimentInference/outputs/checkpoints/run_20260629_142305_meta_renewed/fold_06_best.pth
2026-06-29 14:25:24,784 | [META-RNW] | INFO | meta_classifier_renewed.model_trainers.meta_trainer | Ep [002/500] T-Acc:  40.9%  V-Acc:  80.0%  V-AUROC: 0.8750  LR: 4.00e-05
2026-06-29 14:25:25,247 | [META-RNW] | INFO | meta_classifier_renewed.model_trainers.meta_trainer | Ep [003/500] T-Acc:  40.9%  V-Acc:  90.0%  V-AUROC: 0.8125  LR: 6.00e-05
2026-06-29 14:25:25,698 | [META-RNW] | INFO | meta_classifier_renewed.model_trainers.meta_trainer | Ep [004/500] T-Acc:  45.5%  V-Acc:  90.0%  V-AUROC: 0.8125  LR: 8.00e-05
2026-06-29 14:25:26,162 | [META-RNW] | INFO | meta_classifier_renewed.model_trainers.meta_trainer | Ep [005/500] T-Acc:  54.5%  V-Acc:  70.0%  V-AUROC: 0.8125  LR: 1.00e-04
2026-06-29 14:25:26,620 | [META-RNW] | INFO | meta_classifier_renewed.model_trainers.meta_trainer | Ep [006/500] T-Acc:  54.5%  V-Acc:  60.0%  V-AUROC: 0.6875  LR: 1.00e-04
2026-06-29 14:25:27,062 | [META-RNW] | INFO | meta_classifier_renewed.model_trainers.meta_trainer | Ep [007/500] T-Acc:  68.2%  V-Acc:  40.0%  V-AUROC: 0.6875  LR: 1.00e-04
2026-06-29 14:25:27,484 | [META-RNW] | INFO | meta_classifier_renewed.model_trainers.meta_trainer | Ep [008/500] T-Acc:  77.3%  V-Acc:  40.0%  V-AUROC: 0.5625  LR: 1.00e-04
2026-06-29 14:25:27,925 | [META-RNW] | INFO | meta_classifier_renewed.model_trainers.meta_trainer | Ep [009/500] T-Acc:  86.4%  V-Acc:  40.0%  V-AUROC: 0.5625  LR: 1.00e-04
2026-06-29 14:25:28,341 | [META-RNW] | INFO | meta_classifier_renewed.model_trainers.meta_trainer | Ep [010/500] T-Acc:  77.3%  V-Acc:  40.0%  V-AUROC: 0.5625  LR: 1.00e-04
2026-06-29 14:25:28,775 | [META-RNW] | INFO | meta_classifier_renewed.model_trainers.meta_trainer | Ep [011/500] T-Acc:  81.8%  V-Acc:  50.0%  V-AUROC: 0.5000  LR: 1.00e-04
2026-06-29 14:25:29,214 | [META-RNW] | INFO | meta_classifier_renewed.model_trainers.meta_trainer | Ep [012/500] T-Acc:  77.3%  V-Acc:  50.0%  V-AUROC: 0.5000  LR: 1.00e-04
2026-06-29 14:25:29,656 | [META-RNW] | INFO | meta_classifier_renewed.model_trainers.meta_trainer | Ep [013/500] T-Acc:  77.3%  V-Acc:  40.0%  V-AUROC: 0.6250  LR: 1.00e-04
2026-06-29 14:25:30,097 | [META-RNW] | INFO | meta_classifier_renewed.model_trainers.meta_trainer | Ep [014/500] T-Acc:  77.3%  V-Acc:  30.0%  V-AUROC: 0.5625  LR: 1.00e-04
2026-06-29 14:25:30,583 | [META-RNW] | INFO | meta_classifier_renewed.model_trainers.meta_trainer | Ep [015/500] T-Acc:  95.5%  V-Acc:  30.0%  V-AUROC: 0.6250  LR: 1.00e-04
2026-06-29 14:25:31,018 | [META-RNW] | INFO | meta_classifier_renewed.model_trainers.meta_trainer | Ep [016/500] T-Acc:  90.9%  V-Acc:  40.0%  V-AUROC: 0.6250  LR: 1.00e-04
2026-06-29 14:25:31,443 | [META-RNW] | INFO | meta_classifier_renewed.model_trainers.meta_trainer | Ep [017/500] T-Acc:  90.9%  V-Acc:  30.0%  V-AUROC: 0.6250  LR: 1.00e-04
2026-06-29 14:25:31,903 | [META-RNW] | INFO | meta_classifier_renewed.model_trainers.meta_trainer | Ep [018/500] T-Acc:  90.9%  V-Acc:  30.0%  V-AUROC: 0.6250  LR: 2.00e-05
2026-06-29 14:25:32,338 | [META-RNW] | INFO | meta_classifier_renewed.model_trainers.meta_trainer | Ep [019/500] T-Acc:  95.5%  V-Acc:  30.0%  V-AUROC: 0.6250  LR: 2.00e-05
2026-06-29 14:25:32,758 | [META-RNW] | INFO | meta_classifier_renewed.model_trainers.meta_trainer | Ep [020/500] T-Acc:  90.9%  V-Acc:  30.0%  V-AUROC: 0.6250  LR: 2.00e-05
2026-06-29 14:25:33,207 | [META-RNW] | INFO | meta_classifier_renewed.model_trainers.meta_trainer | Ep [021/500] T-Acc:  95.5%  V-Acc:  30.0%  V-AUROC: 0.6250  LR: 2.00e-05
2026-06-29 14:25:33,687 | [META-RNW] | INFO | meta_classifier_renewed.model_trainers.meta_trainer | Ep [022/500] T-Acc:  95.5%  V-Acc:  30.0%  V-AUROC: 0.6250  LR: 2.00e-05
2026-06-29 14:25:34,132 | [META-RNW] | INFO | meta_classifier_renewed.model_trainers.meta_trainer | Ep [023/500] T-Acc:  95.5%  V-Acc:  30.0%  V-AUROC: 0.6250  LR: 2.00e-05
2026-06-29 14:25:34,577 | [META-RNW] | INFO | meta_classifier_renewed.model_trainers.meta_trainer | Ep [024/500] T-Acc:  95.5%  V-Acc:  30.0%  V-AUROC: 0.6250  LR: 2.00e-05
2026-06-29 14:25:35,074 | [META-RNW] | INFO | meta_classifier_renewed.model_trainers.meta_trainer | Ep [025/500] T-Acc:  95.5%  V-Acc:  30.0%  V-AUROC: 0.6250  LR: 2.00e-05
2026-06-29 14:25:35,527 | [META-RNW] | INFO | meta_classifier_renewed.model_trainers.meta_trainer | Ep [026/500] T-Acc:  95.5%  V-Acc:  30.0%  V-AUROC: 0.6250  LR: 2.00e-05
2026-06-29 14:25:35,952 | [META-RNW] | INFO | meta_classifier_renewed.model_trainers.meta_trainer | Ep [027/500] T-Acc:  95.5%  V-Acc:  30.0%  V-AUROC: 0.6250  LR: 2.00e-05
2026-06-29 14:25:36,387 | [META-RNW] | INFO | meta_classifier_renewed.model_trainers.meta_trainer | Ep [028/500] T-Acc:  95.5%  V-Acc:  30.0%  V-AUROC: 0.6250  LR: 2.00e-05
2026-06-29 14:25:36,880 | [META-RNW] | INFO | meta_classifier_renewed.model_trainers.meta_trainer | Ep [029/500] T-Acc:  90.9%  V-Acc:  30.0%  V-AUROC: 0.6250  LR: 4.00e-06
2026-06-29 14:25:37,359 | [META-RNW] | INFO | meta_classifier_renewed.model_trainers.meta_trainer | Ep [030/500] T-Acc:  90.9%  V-Acc:  30.0%  V-AUROC: 0.6250  LR: 4.00e-06
2026-06-29 14:25:37,805 | [META-RNW] | INFO | meta_classifier_renewed.model_trainers.meta_trainer | Ep [031/500] T-Acc:  95.5%  V-Acc:  30.0%  V-AUROC: 0.6250  LR: 4.00e-06
2026-06-29 14:25:38,232 | [META-RNW] | INFO | meta_classifier_renewed.model_trainers.meta_trainer | Ep [032/500] T-Acc:  95.5%  V-Acc:  30.0%  V-AUROC: 0.6250  LR: 4.00e-06
2026-06-29 14:25:38,689 | [META-RNW] | INFO | meta_classifier_renewed.model_trainers.meta_trainer | Ep [033/500] T-Acc:  95.5%  V-Acc:  30.0%  V-AUROC: 0.6250  LR: 4.00e-06
2026-06-29 14:25:39,086 | [META-RNW] | INFO | meta_classifier_renewed.model_trainers.meta_trainer | Ep [034/500] T-Acc:  95.5%  V-Acc:  30.0%  V-AUROC: 0.6250  LR: 4.00e-06
2026-06-29 14:25:39,518 | [META-RNW] | INFO | meta_classifier_renewed.model_trainers.meta_trainer | Ep [035/500] T-Acc: 100.0%  V-Acc:  30.0%  V-AUROC: 0.6250  LR: 4.00e-06
2026-06-29 14:25:39,940 | [META-RNW] | INFO | meta_classifier_renewed.model_trainers.meta_trainer | Ep [036/500] T-Acc:  95.5%  V-Acc:  30.0%  V-AUROC: 0.6250  LR: 4.00e-06
2026-06-29 14:25:40,356 | [META-RNW] | INFO | meta_classifier_renewed.model_trainers.meta_trainer | Ep [037/500] T-Acc:  95.5%  V-Acc:  30.0%  V-AUROC: 0.6250  LR: 4.00e-06
2026-06-29 14:25:40,790 | [META-RNW] | INFO | meta_classifier_renewed.model_trainers.meta_trainer | Ep [038/500] T-Acc:  95.5%  V-Acc:  30.0%  V-AUROC: 0.6250  LR: 4.00e-06
2026-06-29 14:25:41,243 | [META-RNW] | INFO | meta_classifier_renewed.model_trainers.meta_trainer | Ep [039/500] T-Acc:  95.5%  V-Acc:  30.0%  V-AUROC: 0.6250  LR: 4.00e-06
2026-06-29 14:25:41,688 | [META-RNW] | INFO | meta_classifier_renewed.model_trainers.meta_trainer | Ep [040/500] T-Acc:  95.5%  V-Acc:  30.0%  V-AUROC: 0.6250  LR: 1.00e-06
2026-06-29 14:25:42,100 | [META-RNW] | INFO | meta_classifier_renewed.model_trainers.meta_trainer | Ep [041/500] T-Acc:  95.5%  V-Acc:  30.0%  V-AUROC: 0.6250  LR: 1.00e-06
2026-06-29 14:25:42,101 | [META-RNW] | INFO | meta_classifier_renewed.model_trainers.meta_trainer | Early stop — best AUROC 0.8750 at epoch 1 (no improvement for 40 epochs)
2026-06-29 14:25:42,101 | [META-RNW] | INFO | meta_classifier_renewed.model_trainers.meta_trainer | Done. Best AUROC: 0.8750 (epoch 1)
2026-06-29 14:25:42,208 | [META-RNW] | INFO | meta_classifier_renewed.evaluators.monte_carlo_evaluator | -> Fold 07 Result | Acc=0.300 Sens=0.250 Spec=0.500 AUROC=0.625 (Fixed Threshold: 0.5)
2026-06-29 14:25:42,226 | [META-RNW] | INFO | meta_classifier_renewed.evaluators.monte_carlo_evaluator | === Fold 08/30 | train: 22 subj | test: 10 subj ===
2026-06-29 14:25:42,240 | [META-RNW] | INFO | meta_classifier_renewed.model_trainers.meta_trainer | Device: cuda | max_epochs=500 | batch=8 | es_patience=40 | lr=1e-04 | wd=1e-02
2026-06-29 14:25:42,241 | [META-RNW] | INFO | meta_classifier_renewed.model_trainers.meta_trainer | CE weights — HC: 1.375  MCI: 0.786
2026-06-29 14:25:42,696 | [META-RNW] | INFO | meta_classifier_renewed.model_trainers.meta_trainer | Ep [001/500] T-Acc:  40.9%  V-Acc:  60.0%  V-AUROC: 0.6667  LR: 2.00e-05
2026-06-29 14:25:42,801 | [META-RNW] | INFO | meta_classifier_renewed.model_trainers.meta_trainer |   ↳ new best AUROC; saved checkpoint: /home/leggo/AIResearch/VOGBasedMCIDetectionSystemMobileViTSingleExperimentInference/outputs/checkpoints/run_20260629_142305_meta_renewed/fold_07_best.pth
2026-06-29 14:25:43,229 | [META-RNW] | INFO | meta_classifier_renewed.model_trainers.meta_trainer | Ep [002/500] T-Acc:  45.5%  V-Acc:  60.0%  V-AUROC: 0.7500  LR: 4.00e-05
2026-06-29 14:25:43,342 | [META-RNW] | INFO | meta_classifier_renewed.model_trainers.meta_trainer |   ↳ new best AUROC; saved checkpoint: /home/leggo/AIResearch/VOGBasedMCIDetectionSystemMobileViTSingleExperimentInference/outputs/checkpoints/run_20260629_142305_meta_renewed/fold_07_best.pth
2026-06-29 14:25:43,775 | [META-RNW] | INFO | meta_classifier_renewed.model_trainers.meta_trainer | Ep [003/500] T-Acc:  54.5%  V-Acc:  70.0%  V-AUROC: 0.7500  LR: 6.00e-05
2026-06-29 14:25:44,205 | [META-RNW] | INFO | meta_classifier_renewed.model_trainers.meta_trainer | Ep [004/500] T-Acc:  59.1%  V-Acc:  50.0%  V-AUROC: 0.7500  LR: 8.00e-05
2026-06-29 14:25:44,666 | [META-RNW] | INFO | meta_classifier_renewed.model_trainers.meta_trainer | Ep [005/500] T-Acc:  77.3%  V-Acc:  70.0%  V-AUROC: 0.7083  LR: 1.00e-04
2026-06-29 14:25:45,139 | [META-RNW] | INFO | meta_classifier_renewed.model_trainers.meta_trainer | Ep [006/500] T-Acc:  45.5%  V-Acc:  60.0%  V-AUROC: 0.6667  LR: 1.00e-04
2026-06-29 14:25:45,615 | [META-RNW] | INFO | meta_classifier_renewed.model_trainers.meta_trainer | Ep [007/500] T-Acc:  63.6%  V-Acc:  50.0%  V-AUROC: 0.6667  LR: 1.00e-04
2026-06-29 14:25:46,084 | [META-RNW] | INFO | meta_classifier_renewed.model_trainers.meta_trainer | Ep [008/500] T-Acc:  54.5%  V-Acc:  80.0%  V-AUROC: 0.7083  LR: 1.00e-04
2026-06-29 14:25:46,508 | [META-RNW] | INFO | meta_classifier_renewed.model_trainers.meta_trainer | Ep [009/500] T-Acc:  59.1%  V-Acc:  60.0%  V-AUROC: 0.6667  LR: 1.00e-04
2026-06-29 14:25:46,954 | [META-RNW] | INFO | meta_classifier_renewed.model_trainers.meta_trainer | Ep [010/500] T-Acc:  77.3%  V-Acc:  80.0%  V-AUROC: 0.6667  LR: 1.00e-04
2026-06-29 14:25:47,422 | [META-RNW] | INFO | meta_classifier_renewed.model_trainers.meta_trainer | Ep [011/500] T-Acc:  90.9%  V-Acc:  40.0%  V-AUROC: 0.6667  LR: 1.00e-04
2026-06-29 14:25:47,871 | [META-RNW] | INFO | meta_classifier_renewed.model_trainers.meta_trainer | Ep [012/500] T-Acc:  59.1%  V-Acc:  60.0%  V-AUROC: 0.6667  LR: 1.00e-04
2026-06-29 14:25:48,302 | [META-RNW] | INFO | meta_classifier_renewed.model_trainers.meta_trainer | Ep [013/500] T-Acc:  77.3%  V-Acc:  40.0%  V-AUROC: 0.6667  LR: 1.00e-04
2026-06-29 14:25:48,735 | [META-RNW] | INFO | meta_classifier_renewed.model_trainers.meta_trainer | Ep [014/500] T-Acc:  81.8%  V-Acc:  70.0%  V-AUROC: 0.6667  LR: 1.00e-04
2026-06-29 14:25:49,157 | [META-RNW] | INFO | meta_classifier_renewed.model_trainers.meta_trainer | Ep [015/500] T-Acc:  90.9%  V-Acc:  60.0%  V-AUROC: 0.6667  LR: 1.00e-04
2026-06-29 14:25:49,587 | [META-RNW] | INFO | meta_classifier_renewed.model_trainers.meta_trainer | Ep [016/500] T-Acc:  72.7%  V-Acc:  60.0%  V-AUROC: 0.6667  LR: 1.00e-04
2026-06-29 14:25:49,993 | [META-RNW] | INFO | meta_classifier_renewed.model_trainers.meta_trainer | Ep [017/500] T-Acc:  86.4%  V-Acc:  60.0%  V-AUROC: 0.6667  LR: 1.00e-04
2026-06-29 14:25:50,430 | [META-RNW] | INFO | meta_classifier_renewed.model_trainers.meta_trainer | Ep [018/500] T-Acc:  90.9%  V-Acc:  70.0%  V-AUROC: 0.6667  LR: 1.00e-04
2026-06-29 14:25:50,866 | [META-RNW] | INFO | meta_classifier_renewed.model_trainers.meta_trainer | Ep [019/500] T-Acc:  90.9%  V-Acc:  70.0%  V-AUROC: 0.6250  LR: 1.00e-04
2026-06-29 14:25:51,292 | [META-RNW] | INFO | meta_classifier_renewed.model_trainers.meta_trainer | Ep [020/500] T-Acc:  95.5%  V-Acc:  70.0%  V-AUROC: 0.6250  LR: 2.00e-05
2026-06-29 14:25:51,710 | [META-RNW] | INFO | meta_classifier_renewed.model_trainers.meta_trainer | Ep [021/500] T-Acc:  90.9%  V-Acc:  70.0%  V-AUROC: 0.6250  LR: 2.00e-05
2026-06-29 14:25:52,119 | [META-RNW] | INFO | meta_classifier_renewed.model_trainers.meta_trainer | Ep [022/500] T-Acc:  81.8%  V-Acc:  50.0%  V-AUROC: 0.6250  LR: 2.00e-05
2026-06-29 14:25:52,525 | [META-RNW] | INFO | meta_classifier_renewed.model_trainers.meta_trainer | Ep [023/500] T-Acc:  86.4%  V-Acc:  50.0%  V-AUROC: 0.6250  LR: 2.00e-05
2026-06-29 14:25:52,918 | [META-RNW] | INFO | meta_classifier_renewed.model_trainers.meta_trainer | Ep [024/500] T-Acc:  81.8%  V-Acc:  50.0%  V-AUROC: 0.6250  LR: 2.00e-05
2026-06-29 14:25:53,314 | [META-RNW] | INFO | meta_classifier_renewed.model_trainers.meta_trainer | Ep [025/500] T-Acc:  90.9%  V-Acc:  50.0%  V-AUROC: 0.6250  LR: 2.00e-05
2026-06-29 14:25:53,693 | [META-RNW] | INFO | meta_classifier_renewed.model_trainers.meta_trainer | Ep [026/500] T-Acc:  90.9%  V-Acc:  50.0%  V-AUROC: 0.6250  LR: 2.00e-05
2026-06-29 14:25:54,128 | [META-RNW] | INFO | meta_classifier_renewed.model_trainers.meta_trainer | Ep [027/500] T-Acc:  86.4%  V-Acc:  50.0%  V-AUROC: 0.6250  LR: 2.00e-05
2026-06-29 14:25:54,529 | [META-RNW] | INFO | meta_classifier_renewed.model_trainers.meta_trainer | Ep [028/500] T-Acc:  86.4%  V-Acc:  60.0%  V-AUROC: 0.6250  LR: 2.00e-05
2026-06-29 14:25:54,919 | [META-RNW] | INFO | meta_classifier_renewed.model_trainers.meta_trainer | Ep [029/500] T-Acc:  81.8%  V-Acc:  60.0%  V-AUROC: 0.6250  LR: 2.00e-05
2026-06-29 14:25:55,333 | [META-RNW] | INFO | meta_classifier_renewed.model_trainers.meta_trainer | Ep [030/500] T-Acc:  86.4%  V-Acc:  60.0%  V-AUROC: 0.6250  LR: 2.00e-05
2026-06-29 14:25:55,770 | [META-RNW] | INFO | meta_classifier_renewed.model_trainers.meta_trainer | Ep [031/500] T-Acc:  90.9%  V-Acc:  60.0%  V-AUROC: 0.6250  LR: 4.00e-06
2026-06-29 14:25:56,188 | [META-RNW] | INFO | meta_classifier_renewed.model_trainers.meta_trainer | Ep [032/500] T-Acc:  95.5%  V-Acc:  70.0%  V-AUROC: 0.6250  LR: 4.00e-06
2026-06-29 14:25:56,643 | [META-RNW] | INFO | meta_classifier_renewed.model_trainers.meta_trainer | Ep [033/500] T-Acc: 100.0%  V-Acc:  70.0%  V-AUROC: 0.6250  LR: 4.00e-06
2026-06-29 14:25:57,063 | [META-RNW] | INFO | meta_classifier_renewed.model_trainers.meta_trainer | Ep [034/500] T-Acc:  81.8%  V-Acc:  60.0%  V-AUROC: 0.6250  LR: 4.00e-06
2026-06-29 14:25:57,499 | [META-RNW] | INFO | meta_classifier_renewed.model_trainers.meta_trainer | Ep [035/500] T-Acc:  95.5%  V-Acc:  60.0%  V-AUROC: 0.6250  LR: 4.00e-06
2026-06-29 14:25:57,960 | [META-RNW] | INFO | meta_classifier_renewed.model_trainers.meta_trainer | Ep [036/500] T-Acc:  90.9%  V-Acc:  60.0%  V-AUROC: 0.6250  LR: 4.00e-06
2026-06-29 14:25:58,413 | [META-RNW] | INFO | meta_classifier_renewed.model_trainers.meta_trainer | Ep [037/500] T-Acc:  95.5%  V-Acc:  60.0%  V-AUROC: 0.6250  LR: 4.00e-06
2026-06-29 14:25:58,831 | [META-RNW] | INFO | meta_classifier_renewed.model_trainers.meta_trainer | Ep [038/500] T-Acc:  90.9%  V-Acc:  60.0%  V-AUROC: 0.6250  LR: 4.00e-06
2026-06-29 14:25:59,229 | [META-RNW] | INFO | meta_classifier_renewed.model_trainers.meta_trainer | Ep [039/500] T-Acc:  86.4%  V-Acc:  60.0%  V-AUROC: 0.6250  LR: 4.00e-06
2026-06-29 14:25:59,636 | [META-RNW] | INFO | meta_classifier_renewed.model_trainers.meta_trainer | Ep [040/500] T-Acc:  90.9%  V-Acc:  60.0%  V-AUROC: 0.6250  LR: 4.00e-06
2026-06-29 14:26:00,061 | [META-RNW] | INFO | meta_classifier_renewed.model_trainers.meta_trainer | Ep [041/500] T-Acc:  86.4%  V-Acc:  60.0%  V-AUROC: 0.6250  LR: 4.00e-06
2026-06-29 14:26:00,518 | [META-RNW] | INFO | meta_classifier_renewed.model_trainers.meta_trainer | Ep [042/500] T-Acc:  95.5%  V-Acc:  60.0%  V-AUROC: 0.6250  LR: 1.00e-06
2026-06-29 14:26:00,519 | [META-RNW] | INFO | meta_classifier_renewed.model_trainers.meta_trainer | Early stop — best AUROC 0.7500 at epoch 2 (no improvement for 40 epochs)
2026-06-29 14:26:00,519 | [META-RNW] | INFO | meta_classifier_renewed.model_trainers.meta_trainer | Done. Best AUROC: 0.7500 (epoch 2)
2026-06-29 14:26:00,632 | [META-RNW] | INFO | meta_classifier_renewed.evaluators.monte_carlo_evaluator | -> Fold 08 Result | Acc=0.600 Sens=0.500 Spec=0.667 AUROC=0.625 (Fixed Threshold: 0.5)
2026-06-29 14:26:00,649 | [META-RNW] | INFO | meta_classifier_renewed.evaluators.monte_carlo_evaluator | === Fold 09/30 | train: 22 subj | test: 10 subj ===
2026-06-29 14:26:00,663 | [META-RNW] | INFO | meta_classifier_renewed.model_trainers.meta_trainer | Device: cuda | max_epochs=500 | batch=8 | es_patience=40 | lr=1e-04 | wd=1e-02
2026-06-29 14:26:00,664 | [META-RNW] | INFO | meta_classifier_renewed.model_trainers.meta_trainer | CE weights — HC: 1.222  MCI: 0.846
2026-06-29 14:26:01,136 | [META-RNW] | INFO | meta_classifier_renewed.model_trainers.meta_trainer | Ep [001/500] T-Acc:  36.4%  V-Acc:  50.0%  V-AUROC: 0.4000  LR: 2.00e-05
2026-06-29 14:26:01,239 | [META-RNW] | INFO | meta_classifier_renewed.model_trainers.meta_trainer |   ↳ new best AUROC; saved checkpoint: /home/leggo/AIResearch/VOGBasedMCIDetectionSystemMobileViTSingleExperimentInference/outputs/checkpoints/run_20260629_142305_meta_renewed/fold_08_best.pth
2026-06-29 14:26:01,668 | [META-RNW] | INFO | meta_classifier_renewed.model_trainers.meta_trainer | Ep [002/500] T-Acc:  40.9%  V-Acc:  50.0%  V-AUROC: 0.3600  LR: 4.00e-05
2026-06-29 14:26:02,109 | [META-RNW] | INFO | meta_classifier_renewed.model_trainers.meta_trainer | Ep [003/500] T-Acc:  50.0%  V-Acc:  50.0%  V-AUROC: 0.4000  LR: 6.00e-05
2026-06-29 14:26:02,538 | [META-RNW] | INFO | meta_classifier_renewed.model_trainers.meta_trainer | Ep [004/500] T-Acc:  50.0%  V-Acc:  50.0%  V-AUROC: 0.3600  LR: 8.00e-05
2026-06-29 14:26:02,995 | [META-RNW] | INFO | meta_classifier_renewed.model_trainers.meta_trainer | Ep [005/500] T-Acc:  54.5%  V-Acc:  50.0%  V-AUROC: 0.3200  LR: 1.00e-04
2026-06-29 14:26:03,460 | [META-RNW] | INFO | meta_classifier_renewed.model_trainers.meta_trainer | Ep [006/500] T-Acc:  45.5%  V-Acc:  50.0%  V-AUROC: 0.4000  LR: 1.00e-04
2026-06-29 14:26:03,879 | [META-RNW] | INFO | meta_classifier_renewed.model_trainers.meta_trainer | Ep [007/500] T-Acc:  63.6%  V-Acc:  50.0%  V-AUROC: 0.4000  LR: 1.00e-04
2026-06-29 14:26:04,288 | [META-RNW] | INFO | meta_classifier_renewed.model_trainers.meta_trainer | Ep [008/500] T-Acc:  54.5%  V-Acc:  40.0%  V-AUROC: 0.3200  LR: 1.00e-04
2026-06-29 14:26:04,724 | [META-RNW] | INFO | meta_classifier_renewed.model_trainers.meta_trainer | Ep [009/500] T-Acc:  68.2%  V-Acc:  50.0%  V-AUROC: 0.3200  LR: 1.00e-04
2026-06-29 14:26:05,186 | [META-RNW] | INFO | meta_classifier_renewed.model_trainers.meta_trainer | Ep [010/500] T-Acc:  63.6%  V-Acc:  50.0%  V-AUROC: 0.2800  LR: 1.00e-04
2026-06-29 14:26:05,629 | [META-RNW] | INFO | meta_classifier_renewed.model_trainers.meta_trainer | Ep [011/500] T-Acc:  63.6%  V-Acc:  40.0%  V-AUROC: 0.2800  LR: 1.00e-04
2026-06-29 14:26:06,064 | [META-RNW] | INFO | meta_classifier_renewed.model_trainers.meta_trainer | Ep [012/500] T-Acc:  50.0%  V-Acc:  40.0%  V-AUROC: 0.2800  LR: 1.00e-04
2026-06-29 14:26:06,509 | [META-RNW] | INFO | meta_classifier_renewed.model_trainers.meta_trainer | Ep [013/500] T-Acc:  50.0%  V-Acc:  50.0%  V-AUROC: 0.2800  LR: 1.00e-04
2026-06-29 14:26:06,957 | [META-RNW] | INFO | meta_classifier_renewed.model_trainers.meta_trainer | Ep [014/500] T-Acc:  45.5%  V-Acc:  50.0%  V-AUROC: 0.2800  LR: 1.00e-04
2026-06-29 14:26:07,425 | [META-RNW] | INFO | meta_classifier_renewed.model_trainers.meta_trainer | Ep [015/500] T-Acc:  68.2%  V-Acc:  50.0%  V-AUROC: 0.2400  LR: 1.00e-04
2026-06-29 14:26:07,806 | [META-RNW] | INFO | meta_classifier_renewed.model_trainers.meta_trainer | Ep [016/500] T-Acc:  63.6%  V-Acc:  50.0%  V-AUROC: 0.2400  LR: 1.00e-04
2026-06-29 14:26:08,182 | [META-RNW] | INFO | meta_classifier_renewed.model_trainers.meta_trainer | Ep [017/500] T-Acc:  63.6%  V-Acc:  20.0%  V-AUROC: 0.2400  LR: 1.00e-04
2026-06-29 14:26:08,628 | [META-RNW] | INFO | meta_classifier_renewed.model_trainers.meta_trainer | Ep [018/500] T-Acc:  77.3%  V-Acc:  30.0%  V-AUROC: 0.2400  LR: 2.00e-05
2026-06-29 14:26:09,209 | [META-RNW] | INFO | meta_classifier_renewed.model_trainers.meta_trainer | Ep [019/500] T-Acc:  86.4%  V-Acc:  20.0%  V-AUROC: 0.2400  LR: 2.00e-05
2026-06-29 14:26:09,648 | [META-RNW] | INFO | meta_classifier_renewed.model_trainers.meta_trainer | Ep [020/500] T-Acc:  63.6%  V-Acc:  20.0%  V-AUROC: 0.2400  LR: 2.00e-05
2026-06-29 14:26:10,065 | [META-RNW] | INFO | meta_classifier_renewed.model_trainers.meta_trainer | Ep [021/500] T-Acc:  68.2%  V-Acc:  30.0%  V-AUROC: 0.2400  LR: 2.00e-05
2026-06-29 14:26:10,495 | [META-RNW] | INFO | meta_classifier_renewed.model_trainers.meta_trainer | Ep [022/500] T-Acc:  77.3%  V-Acc:  30.0%  V-AUROC: 0.2400  LR: 2.00e-05
2026-06-29 14:26:10,911 | [META-RNW] | INFO | meta_classifier_renewed.model_trainers.meta_trainer | Ep [023/500] T-Acc:  77.3%  V-Acc:  20.0%  V-AUROC: 0.2400  LR: 2.00e-05
2026-06-29 14:26:11,335 | [META-RNW] | INFO | meta_classifier_renewed.model_trainers.meta_trainer | Ep [024/500] T-Acc:  59.1%  V-Acc:  20.0%  V-AUROC: 0.2000  LR: 2.00e-05
2026-06-29 14:26:11,794 | [META-RNW] | INFO | meta_classifier_renewed.model_trainers.meta_trainer | Ep [025/500] T-Acc:  77.3%  V-Acc:  20.0%  V-AUROC: 0.1600  LR: 2.00e-05
2026-06-29 14:26:12,235 | [META-RNW] | INFO | meta_classifier_renewed.model_trainers.meta_trainer | Ep [026/500] T-Acc:  63.6%  V-Acc:  20.0%  V-AUROC: 0.1600  LR: 2.00e-05
2026-06-29 14:26:12,644 | [META-RNW] | INFO | meta_classifier_renewed.model_trainers.meta_trainer | Ep [027/500] T-Acc:  72.7%  V-Acc:  20.0%  V-AUROC: 0.1600  LR: 2.00e-05
2026-06-29 14:26:13,027 | [META-RNW] | INFO | meta_classifier_renewed.model_trainers.meta_trainer | Ep [028/500] T-Acc:  68.2%  V-Acc:  30.0%  V-AUROC: 0.1600  LR: 2.00e-05
2026-06-29 14:26:13,401 | [META-RNW] | INFO | meta_classifier_renewed.model_trainers.meta_trainer | Ep [029/500] T-Acc:  86.4%  V-Acc:  30.0%  V-AUROC: 0.1600  LR: 4.00e-06
2026-06-29 14:26:13,829 | [META-RNW] | INFO | meta_classifier_renewed.model_trainers.meta_trainer | Ep [030/500] T-Acc:  77.3%  V-Acc:  30.0%  V-AUROC: 0.1600  LR: 4.00e-06
2026-06-29 14:26:14,243 | [META-RNW] | INFO | meta_classifier_renewed.model_trainers.meta_trainer | Ep [031/500] T-Acc:  63.6%  V-Acc:  30.0%  V-AUROC: 0.1600  LR: 4.00e-06
2026-06-29 14:26:14,684 | [META-RNW] | INFO | meta_classifier_renewed.model_trainers.meta_trainer | Ep [032/500] T-Acc:  77.3%  V-Acc:  20.0%  V-AUROC: 0.1600  LR: 4.00e-06
2026-06-29 14:26:15,140 | [META-RNW] | INFO | meta_classifier_renewed.model_trainers.meta_trainer | Ep [033/500] T-Acc:  63.6%  V-Acc:  30.0%  V-AUROC: 0.1600  LR: 4.00e-06
2026-06-29 14:26:15,542 | [META-RNW] | INFO | meta_classifier_renewed.model_trainers.meta_trainer | Ep [034/500] T-Acc:  81.8%  V-Acc:  20.0%  V-AUROC: 0.1600  LR: 4.00e-06
2026-06-29 14:26:15,916 | [META-RNW] | INFO | meta_classifier_renewed.model_trainers.meta_trainer | Ep [035/500] T-Acc:  81.8%  V-Acc:  30.0%  V-AUROC: 0.1600  LR: 4.00e-06
2026-06-29 14:26:16,312 | [META-RNW] | INFO | meta_classifier_renewed.model_trainers.meta_trainer | Ep [036/500] T-Acc:  77.3%  V-Acc:  30.0%  V-AUROC: 0.1600  LR: 4.00e-06
2026-06-29 14:26:16,688 | [META-RNW] | INFO | meta_classifier_renewed.model_trainers.meta_trainer | Ep [037/500] T-Acc:  68.2%  V-Acc:  30.0%  V-AUROC: 0.1600  LR: 4.00e-06
2026-06-29 14:26:17,118 | [META-RNW] | INFO | meta_classifier_renewed.model_trainers.meta_trainer | Ep [038/500] T-Acc:  68.2%  V-Acc:  30.0%  V-AUROC: 0.1600  LR: 4.00e-06
2026-06-29 14:26:17,540 | [META-RNW] | INFO | meta_classifier_renewed.model_trainers.meta_trainer | Ep [039/500] T-Acc:  72.7%  V-Acc:  30.0%  V-AUROC: 0.1600  LR: 4.00e-06
2026-06-29 14:26:17,970 | [META-RNW] | INFO | meta_classifier_renewed.model_trainers.meta_trainer | Ep [040/500] T-Acc:  77.3%  V-Acc:  30.0%  V-AUROC: 0.1600  LR: 1.00e-06
2026-06-29 14:26:18,422 | [META-RNW] | INFO | meta_classifier_renewed.model_trainers.meta_trainer | Ep [041/500] T-Acc:  77.3%  V-Acc:  30.0%  V-AUROC: 0.1600  LR: 1.00e-06
2026-06-29 14:26:18,422 | [META-RNW] | INFO | meta_classifier_renewed.model_trainers.meta_trainer | Early stop — best AUROC 0.4000 at epoch 1 (no improvement for 40 epochs)
2026-06-29 14:26:18,422 | [META-RNW] | INFO | meta_classifier_renewed.model_trainers.meta_trainer | Done. Best AUROC: 0.4000 (epoch 1)
2026-06-29 14:26:18,524 | [META-RNW] | INFO | meta_classifier_renewed.evaluators.monte_carlo_evaluator | -> Fold 09 Result | Acc=0.200 Sens=0.000 Spec=0.400 AUROC=0.160 (Fixed Threshold: 0.5)
2026-06-29 14:26:18,541 | [META-RNW] | INFO | meta_classifier_renewed.evaluators.monte_carlo_evaluator | === Fold 10/30 | train: 22 subj | test: 10 subj ===
2026-06-29 14:26:18,555 | [META-RNW] | INFO | meta_classifier_renewed.model_trainers.meta_trainer | Device: cuda | max_epochs=500 | batch=8 | es_patience=40 | lr=1e-04 | wd=1e-02
2026-06-29 14:26:18,556 | [META-RNW] | INFO | meta_classifier_renewed.model_trainers.meta_trainer | CE weights — HC: 1.375  MCI: 0.786
2026-06-29 14:26:19,038 | [META-RNW] | INFO | meta_classifier_renewed.model_trainers.meta_trainer | Ep [001/500] T-Acc:  36.4%  V-Acc:  60.0%  V-AUROC: 0.6250  LR: 2.00e-05
2026-06-29 14:26:19,141 | [META-RNW] | INFO | meta_classifier_renewed.model_trainers.meta_trainer |   ↳ new best AUROC; saved checkpoint: /home/leggo/AIResearch/VOGBasedMCIDetectionSystemMobileViTSingleExperimentInference/outputs/checkpoints/run_20260629_142305_meta_renewed/fold_09_best.pth
2026-06-29 14:26:19,564 | [META-RNW] | INFO | meta_classifier_renewed.model_trainers.meta_trainer | Ep [002/500] T-Acc:  54.5%  V-Acc:  50.0%  V-AUROC: 0.7083  LR: 4.00e-05
2026-06-29 14:26:19,679 | [META-RNW] | INFO | meta_classifier_renewed.model_trainers.meta_trainer |   ↳ new best AUROC; saved checkpoint: /home/leggo/AIResearch/VOGBasedMCIDetectionSystemMobileViTSingleExperimentInference/outputs/checkpoints/run_20260629_142305_meta_renewed/fold_09_best.pth
2026-06-29 14:26:20,129 | [META-RNW] | INFO | meta_classifier_renewed.model_trainers.meta_trainer | Ep [003/500] T-Acc:  36.4%  V-Acc:  80.0%  V-AUROC: 0.8333  LR: 6.00e-05
2026-06-29 14:26:20,243 | [META-RNW] | INFO | meta_classifier_renewed.model_trainers.meta_trainer |   ↳ new best AUROC; saved checkpoint: /home/leggo/AIResearch/VOGBasedMCIDetectionSystemMobileViTSingleExperimentInference/outputs/checkpoints/run_20260629_142305_meta_renewed/fold_09_best.pth
2026-06-29 14:26:20,691 | [META-RNW] | INFO | meta_classifier_renewed.model_trainers.meta_trainer | Ep [004/500] T-Acc:  40.9%  V-Acc:  50.0%  V-AUROC: 0.8333  LR: 8.00e-05
2026-06-29 14:26:21,142 | [META-RNW] | INFO | meta_classifier_renewed.model_trainers.meta_trainer | Ep [005/500] T-Acc:  72.7%  V-Acc:  40.0%  V-AUROC: 0.8333  LR: 1.00e-04
2026-06-29 14:26:21,579 | [META-RNW] | INFO | meta_classifier_renewed.model_trainers.meta_trainer | Ep [006/500] T-Acc:  54.5%  V-Acc:  70.0%  V-AUROC: 0.7500  LR: 1.00e-04
2026-06-29 14:26:22,005 | [META-RNW] | INFO | meta_classifier_renewed.model_trainers.meta_trainer | Ep [007/500] T-Acc:  59.1%  V-Acc:  70.0%  V-AUROC: 0.7500  LR: 1.00e-04
2026-06-29 14:26:22,431 | [META-RNW] | INFO | meta_classifier_renewed.model_trainers.meta_trainer | Ep [008/500] T-Acc:  59.1%  V-Acc:  70.0%  V-AUROC: 0.7500  LR: 1.00e-04
2026-06-29 14:26:22,828 | [META-RNW] | INFO | meta_classifier_renewed.model_trainers.meta_trainer | Ep [009/500] T-Acc:  50.0%  V-Acc:  60.0%  V-AUROC: 0.7083  LR: 1.00e-04
2026-06-29 14:26:23,244 | [META-RNW] | INFO | meta_classifier_renewed.model_trainers.meta_trainer | Ep [010/500] T-Acc:  54.5%  V-Acc:  60.0%  V-AUROC: 0.7083  LR: 1.00e-04
2026-06-29 14:26:23,687 | [META-RNW] | INFO | meta_classifier_renewed.model_trainers.meta_trainer | Ep [011/500] T-Acc:  59.1%  V-Acc:  40.0%  V-AUROC: 0.7500  LR: 1.00e-04
2026-06-29 14:26:24,128 | [META-RNW] | INFO | meta_classifier_renewed.model_trainers.meta_trainer | Ep [012/500] T-Acc:  77.3%  V-Acc:  40.0%  V-AUROC: 0.6250  LR: 1.00e-04
2026-06-29 14:26:24,582 | [META-RNW] | INFO | meta_classifier_renewed.model_trainers.meta_trainer | Ep [013/500] T-Acc:  77.3%  V-Acc:  60.0%  V-AUROC: 0.6667  LR: 1.00e-04
2026-06-29 14:26:25,051 | [META-RNW] | INFO | meta_classifier_renewed.model_trainers.meta_trainer | Ep [014/500] T-Acc:  72.7%  V-Acc:  60.0%  V-AUROC: 0.5833  LR: 1.00e-04
2026-06-29 14:26:25,461 | [META-RNW] | INFO | meta_classifier_renewed.model_trainers.meta_trainer | Ep [015/500] T-Acc:  45.5%  V-Acc:  60.0%  V-AUROC: 0.5417  LR: 1.00e-04
2026-06-29 14:26:25,852 | [META-RNW] | INFO | meta_classifier_renewed.model_trainers.meta_trainer | Ep [016/500] T-Acc:  54.5%  V-Acc:  60.0%  V-AUROC: 0.5417  LR: 1.00e-04
2026-06-29 14:26:26,269 | [META-RNW] | INFO | meta_classifier_renewed.model_trainers.meta_trainer | Ep [017/500] T-Acc:  77.3%  V-Acc:  60.0%  V-AUROC: 0.5833  LR: 1.00e-04
2026-06-29 14:26:26,684 | [META-RNW] | INFO | meta_classifier_renewed.model_trainers.meta_trainer | Ep [018/500] T-Acc:  72.7%  V-Acc:  40.0%  V-AUROC: 0.6250  LR: 2.00e-05
2026-06-29 14:26:27,088 | [META-RNW] | INFO | meta_classifier_renewed.model_trainers.meta_trainer | Ep [019/500] T-Acc:  77.3%  V-Acc:  40.0%  V-AUROC: 0.5833  LR: 2.00e-05
2026-06-29 14:26:27,474 | [META-RNW] | INFO | meta_classifier_renewed.model_trainers.meta_trainer | Ep [020/500] T-Acc:  72.7%  V-Acc:  40.0%  V-AUROC: 0.5833  LR: 2.00e-05
2026-06-29 14:26:27,892 | [META-RNW] | INFO | meta_classifier_renewed.model_trainers.meta_trainer | Ep [021/500] T-Acc:  77.3%  V-Acc:  40.0%  V-AUROC: 0.5833  LR: 2.00e-05
2026-06-29 14:26:28,326 | [META-RNW] | INFO | meta_classifier_renewed.model_trainers.meta_trainer | Ep [022/500] T-Acc:  63.6%  V-Acc:  40.0%  V-AUROC: 0.5833  LR: 2.00e-05
2026-06-29 14:26:28,781 | [META-RNW] | INFO | meta_classifier_renewed.model_trainers.meta_trainer | Ep [023/500] T-Acc:  81.8%  V-Acc:  30.0%  V-AUROC: 0.5833  LR: 2.00e-05
2026-06-29 14:26:29,236 | [META-RNW] | INFO | meta_classifier_renewed.model_trainers.meta_trainer | Ep [024/500] T-Acc:  86.4%  V-Acc:  30.0%  V-AUROC: 0.5833  LR: 2.00e-05
2026-06-29 14:26:29,720 | [META-RNW] | INFO | meta_classifier_renewed.model_trainers.meta_trainer | Ep [025/500] T-Acc:  86.4%  V-Acc:  30.0%  V-AUROC: 0.5833  LR: 2.00e-05
2026-06-29 14:26:30,183 | [META-RNW] | INFO | meta_classifier_renewed.model_trainers.meta_trainer | Ep [026/500] T-Acc:  81.8%  V-Acc:  30.0%  V-AUROC: 0.5833  LR: 2.00e-05
2026-06-29 14:26:30,635 | [META-RNW] | INFO | meta_classifier_renewed.model_trainers.meta_trainer | Ep [027/500] T-Acc:  86.4%  V-Acc:  30.0%  V-AUROC: 0.5833  LR: 2.00e-05
2026-06-29 14:26:31,076 | [META-RNW] | INFO | meta_classifier_renewed.model_trainers.meta_trainer | Ep [028/500] T-Acc:  86.4%  V-Acc:  30.0%  V-AUROC: 0.5833  LR: 2.00e-05
2026-06-29 14:26:31,505 | [META-RNW] | INFO | meta_classifier_renewed.model_trainers.meta_trainer | Ep [029/500] T-Acc:  77.3%  V-Acc:  30.0%  V-AUROC: 0.5833  LR: 4.00e-06
2026-06-29 14:26:31,908 | [META-RNW] | INFO | meta_classifier_renewed.model_trainers.meta_trainer | Ep [030/500] T-Acc:  77.3%  V-Acc:  30.0%  V-AUROC: 0.5833  LR: 4.00e-06
2026-06-29 14:26:32,290 | [META-RNW] | INFO | meta_classifier_renewed.model_trainers.meta_trainer | Ep [031/500] T-Acc:  81.8%  V-Acc:  30.0%  V-AUROC: 0.5833  LR: 4.00e-06
2026-06-29 14:26:32,696 | [META-RNW] | INFO | meta_classifier_renewed.model_trainers.meta_trainer | Ep [032/500] T-Acc:  81.8%  V-Acc:  30.0%  V-AUROC: 0.5833  LR: 4.00e-06
2026-06-29 14:26:33,110 | [META-RNW] | INFO | meta_classifier_renewed.model_trainers.meta_trainer | Ep [033/500] T-Acc:  86.4%  V-Acc:  30.0%  V-AUROC: 0.5833  LR: 4.00e-06
2026-06-29 14:26:33,543 | [META-RNW] | INFO | meta_classifier_renewed.model_trainers.meta_trainer | Ep [034/500] T-Acc:  81.8%  V-Acc:  30.0%  V-AUROC: 0.5833  LR: 4.00e-06
2026-06-29 14:26:33,927 | [META-RNW] | INFO | meta_classifier_renewed.model_trainers.meta_trainer | Ep [035/500] T-Acc:  77.3%  V-Acc:  30.0%  V-AUROC: 0.5833  LR: 4.00e-06
2026-06-29 14:26:34,331 | [META-RNW] | INFO | meta_classifier_renewed.model_trainers.meta_trainer | Ep [036/500] T-Acc: 100.0%  V-Acc:  30.0%  V-AUROC: 0.5833  LR: 4.00e-06
2026-06-29 14:26:34,768 | [META-RNW] | INFO | meta_classifier_renewed.model_trainers.meta_trainer | Ep [037/500] T-Acc:  90.9%  V-Acc:  30.0%  V-AUROC: 0.5833  LR: 4.00e-06
2026-06-29 14:26:35,174 | [META-RNW] | INFO | meta_classifier_renewed.model_trainers.meta_trainer | Ep [038/500] T-Acc:  77.3%  V-Acc:  30.0%  V-AUROC: 0.5833  LR: 4.00e-06
2026-06-29 14:26:35,584 | [META-RNW] | INFO | meta_classifier_renewed.model_trainers.meta_trainer | Ep [039/500] T-Acc:  77.3%  V-Acc:  30.0%  V-AUROC: 0.5833  LR: 4.00e-06
2026-06-29 14:26:35,992 | [META-RNW] | INFO | meta_classifier_renewed.model_trainers.meta_trainer | Ep [040/500] T-Acc:  86.4%  V-Acc:  30.0%  V-AUROC: 0.5833  LR: 1.00e-06
2026-06-29 14:26:36,386 | [META-RNW] | INFO | meta_classifier_renewed.model_trainers.meta_trainer | Ep [041/500] T-Acc:  90.9%  V-Acc:  30.0%  V-AUROC: 0.5833  LR: 1.00e-06
2026-06-29 14:26:36,774 | [META-RNW] | INFO | meta_classifier_renewed.model_trainers.meta_trainer | Ep [042/500] T-Acc:  86.4%  V-Acc:  30.0%  V-AUROC: 0.5833  LR: 1.00e-06
2026-06-29 14:26:37,184 | [META-RNW] | INFO | meta_classifier_renewed.model_trainers.meta_trainer | Ep [043/500] T-Acc:  72.7%  V-Acc:  30.0%  V-AUROC: 0.5833  LR: 1.00e-06
2026-06-29 14:26:37,184 | [META-RNW] | INFO | meta_classifier_renewed.model_trainers.meta_trainer | Early stop — best AUROC 0.8333 at epoch 3 (no improvement for 40 epochs)
2026-06-29 14:26:37,184 | [META-RNW] | INFO | meta_classifier_renewed.model_trainers.meta_trainer | Done. Best AUROC: 0.8333 (epoch 3)
2026-06-29 14:26:37,287 | [META-RNW] | INFO | meta_classifier_renewed.evaluators.monte_carlo_evaluator | -> Fold 10 Result | Acc=0.300 Sens=0.750 Spec=0.000 AUROC=0.583 (Fixed Threshold: 0.5)
2026-06-29 14:26:37,305 | [META-RNW] | INFO | meta_classifier_renewed.evaluators.monte_carlo_evaluator | === Fold 11/30 | train: 22 subj | test: 10 subj ===
2026-06-29 14:26:37,318 | [META-RNW] | INFO | meta_classifier_renewed.model_trainers.meta_trainer | Device: cuda | max_epochs=500 | batch=8 | es_patience=40 | lr=1e-04 | wd=1e-02
2026-06-29 14:26:37,319 | [META-RNW] | INFO | meta_classifier_renewed.model_trainers.meta_trainer | CE weights — HC: 1.000  MCI: 1.000
2026-06-29 14:26:37,759 | [META-RNW] | INFO | meta_classifier_renewed.model_trainers.meta_trainer | Ep [001/500] T-Acc:  50.0%  V-Acc:  70.0%  V-AUROC: 0.4762  LR: 2.00e-05
2026-06-29 14:26:37,860 | [META-RNW] | INFO | meta_classifier_renewed.model_trainers.meta_trainer |   ↳ new best AUROC; saved checkpoint: /home/leggo/AIResearch/VOGBasedMCIDetectionSystemMobileViTSingleExperimentInference/outputs/checkpoints/run_20260629_142305_meta_renewed/fold_10_best.pth
2026-06-29 14:26:38,240 | [META-RNW] | INFO | meta_classifier_renewed.model_trainers.meta_trainer | Ep [002/500] T-Acc:  45.5%  V-Acc:  70.0%  V-AUROC: 0.4762  LR: 4.00e-05
2026-06-29 14:26:38,650 | [META-RNW] | INFO | meta_classifier_renewed.model_trainers.meta_trainer | Ep [003/500] T-Acc:  59.1%  V-Acc:  30.0%  V-AUROC: 0.4762  LR: 6.00e-05
2026-06-29 14:26:39,073 | [META-RNW] | INFO | meta_classifier_renewed.model_trainers.meta_trainer | Ep [004/500] T-Acc:  54.5%  V-Acc:  30.0%  V-AUROC: 0.4762  LR: 8.00e-05
2026-06-29 14:26:39,536 | [META-RNW] | INFO | meta_classifier_renewed.model_trainers.meta_trainer | Ep [005/500] T-Acc:  59.1%  V-Acc:  70.0%  V-AUROC: 0.4762  LR: 1.00e-04
2026-06-29 14:26:39,977 | [META-RNW] | INFO | meta_classifier_renewed.model_trainers.meta_trainer | Ep [006/500] T-Acc:  36.4%  V-Acc:  60.0%  V-AUROC: 0.5238  LR: 1.00e-04
2026-06-29 14:26:40,090 | [META-RNW] | INFO | meta_classifier_renewed.model_trainers.meta_trainer |   ↳ new best AUROC; saved checkpoint: /home/leggo/AIResearch/VOGBasedMCIDetectionSystemMobileViTSingleExperimentInference/outputs/checkpoints/run_20260629_142305_meta_renewed/fold_10_best.pth
2026-06-29 14:26:40,518 | [META-RNW] | INFO | meta_classifier_renewed.model_trainers.meta_trainer | Ep [007/500] T-Acc:  45.5%  V-Acc:  50.0%  V-AUROC: 0.5238  LR: 1.00e-04
2026-06-29 14:26:40,946 | [META-RNW] | INFO | meta_classifier_renewed.model_trainers.meta_trainer | Ep [008/500] T-Acc:  45.5%  V-Acc:  70.0%  V-AUROC: 0.4762  LR: 1.00e-04
2026-06-29 14:26:41,413 | [META-RNW] | INFO | meta_classifier_renewed.model_trainers.meta_trainer | Ep [009/500] T-Acc:  40.9%  V-Acc:  60.0%  V-AUROC: 0.5714  LR: 1.00e-04
2026-06-29 14:26:41,531 | [META-RNW] | INFO | meta_classifier_renewed.model_trainers.meta_trainer |   ↳ new best AUROC; saved checkpoint: /home/leggo/AIResearch/VOGBasedMCIDetectionSystemMobileViTSingleExperimentInference/outputs/checkpoints/run_20260629_142305_meta_renewed/fold_10_best.pth
2026-06-29 14:26:41,993 | [META-RNW] | INFO | meta_classifier_renewed.model_trainers.meta_trainer | Ep [010/500] T-Acc:  54.5%  V-Acc:  60.0%  V-AUROC: 0.5714  LR: 1.00e-04
2026-06-29 14:26:42,465 | [META-RNW] | INFO | meta_classifier_renewed.model_trainers.meta_trainer | Ep [011/500] T-Acc:  50.0%  V-Acc:  40.0%  V-AUROC: 0.5714  LR: 1.00e-04
2026-06-29 14:26:42,914 | [META-RNW] | INFO | meta_classifier_renewed.model_trainers.meta_trainer | Ep [012/500] T-Acc:  63.6%  V-Acc:  50.0%  V-AUROC: 0.5714  LR: 1.00e-04
2026-06-29 14:26:43,357 | [META-RNW] | INFO | meta_classifier_renewed.model_trainers.meta_trainer | Ep [013/500] T-Acc:  54.5%  V-Acc:  50.0%  V-AUROC: 0.5714  LR: 1.00e-04
2026-06-29 14:26:43,827 | [META-RNW] | INFO | meta_classifier_renewed.model_trainers.meta_trainer | Ep [014/500] T-Acc:  63.6%  V-Acc:  60.0%  V-AUROC: 0.5714  LR: 1.00e-04
2026-06-29 14:26:44,301 | [META-RNW] | INFO | meta_classifier_renewed.model_trainers.meta_trainer | Ep [015/500] T-Acc:  72.7%  V-Acc:  50.0%  V-AUROC: 0.5714  LR: 1.00e-04
2026-06-29 14:26:44,745 | [META-RNW] | INFO | meta_classifier_renewed.model_trainers.meta_trainer | Ep [016/500] T-Acc:  54.5%  V-Acc:  50.0%  V-AUROC: 0.5714  LR: 1.00e-04
2026-06-29 14:26:45,224 | [META-RNW] | INFO | meta_classifier_renewed.model_trainers.meta_trainer | Ep [017/500] T-Acc:  45.5%  V-Acc:  70.0%  V-AUROC: 0.5714  LR: 1.00e-04
2026-06-29 14:26:45,677 | [META-RNW] | INFO | meta_classifier_renewed.model_trainers.meta_trainer | Ep [018/500] T-Acc:  59.1%  V-Acc:  70.0%  V-AUROC: 0.5714  LR: 1.00e-04
2026-06-29 14:26:46,108 | [META-RNW] | INFO | meta_classifier_renewed.model_trainers.meta_trainer | Ep [019/500] T-Acc:  40.9%  V-Acc:  60.0%  V-AUROC: 0.5714  LR: 1.00e-04
2026-06-29 14:26:46,522 | [META-RNW] | INFO | meta_classifier_renewed.model_trainers.meta_trainer | Ep [020/500] T-Acc:  72.7%  V-Acc:  50.0%  V-AUROC: 0.5714  LR: 1.00e-04
2026-06-29 14:26:46,943 | [META-RNW] | INFO | meta_classifier_renewed.model_trainers.meta_trainer | Ep [021/500] T-Acc:  54.5%  V-Acc:  50.0%  V-AUROC: 0.5714  LR: 2.00e-05
2026-06-29 14:26:47,313 | [META-RNW] | INFO | meta_classifier_renewed.model_trainers.meta_trainer | Ep [022/500] T-Acc:  59.1%  V-Acc:  50.0%  V-AUROC: 0.5714  LR: 2.00e-05
2026-06-29 14:26:47,720 | [META-RNW] | INFO | meta_classifier_renewed.model_trainers.meta_trainer | Ep [023/500] T-Acc:  68.2%  V-Acc:  50.0%  V-AUROC: 0.5714  LR: 2.00e-05
2026-06-29 14:26:48,148 | [META-RNW] | INFO | meta_classifier_renewed.model_trainers.meta_trainer | Ep [024/500] T-Acc:  72.7%  V-Acc:  50.0%  V-AUROC: 0.5714  LR: 2.00e-05
2026-06-29 14:26:48,610 | [META-RNW] | INFO | meta_classifier_renewed.model_trainers.meta_trainer | Ep [025/500] T-Acc:  63.6%  V-Acc:  50.0%  V-AUROC: 0.5714  LR: 2.00e-05
2026-06-29 14:26:49,060 | [META-RNW] | INFO | meta_classifier_renewed.model_trainers.meta_trainer | Ep [026/500] T-Acc:  63.6%  V-Acc:  50.0%  V-AUROC: 0.5714  LR: 2.00e-05
2026-06-29 14:26:49,508 | [META-RNW] | INFO | meta_classifier_renewed.model_trainers.meta_trainer | Ep [027/500] T-Acc:  63.6%  V-Acc:  50.0%  V-AUROC: 0.5714  LR: 2.00e-05
2026-06-29 14:26:49,956 | [META-RNW] | INFO | meta_classifier_renewed.model_trainers.meta_trainer | Ep [028/500] T-Acc:  50.0%  V-Acc:  50.0%  V-AUROC: 0.5714  LR: 2.00e-05
2026-06-29 14:26:50,370 | [META-RNW] | INFO | meta_classifier_renewed.model_trainers.meta_trainer | Ep [029/500] T-Acc:  77.3%  V-Acc:  50.0%  V-AUROC: 0.5714  LR: 2.00e-05
2026-06-29 14:26:50,775 | [META-RNW] | INFO | meta_classifier_renewed.model_trainers.meta_trainer | Ep [030/500] T-Acc:  63.6%  V-Acc:  50.0%  V-AUROC: 0.5714  LR: 2.00e-05
2026-06-29 14:26:51,196 | [META-RNW] | INFO | meta_classifier_renewed.model_trainers.meta_trainer | Ep [031/500] T-Acc:  54.5%  V-Acc:  50.0%  V-AUROC: 0.5714  LR: 2.00e-05
2026-06-29 14:26:51,631 | [META-RNW] | INFO | meta_classifier_renewed.model_trainers.meta_trainer | Ep [032/500] T-Acc:  54.5%  V-Acc:  50.0%  V-AUROC: 0.5714  LR: 4.00e-06
2026-06-29 14:26:52,041 | [META-RNW] | INFO | meta_classifier_renewed.model_trainers.meta_trainer | Ep [033/500] T-Acc:  72.7%  V-Acc:  50.0%  V-AUROC: 0.5714  LR: 4.00e-06
2026-06-29 14:26:52,502 | [META-RNW] | INFO | meta_classifier_renewed.model_trainers.meta_trainer | Ep [034/500] T-Acc:  50.0%  V-Acc:  50.0%  V-AUROC: 0.5714  LR: 4.00e-06
2026-06-29 14:26:52,913 | [META-RNW] | INFO | meta_classifier_renewed.model_trainers.meta_trainer | Ep [035/500] T-Acc:  63.6%  V-Acc:  50.0%  V-AUROC: 0.5714  LR: 4.00e-06
2026-06-29 14:26:53,328 | [META-RNW] | INFO | meta_classifier_renewed.model_trainers.meta_trainer | Ep [036/500] T-Acc:  72.7%  V-Acc:  50.0%  V-AUROC: 0.5714  LR: 4.00e-06
2026-06-29 14:26:53,739 | [META-RNW] | INFO | meta_classifier_renewed.model_trainers.meta_trainer | Ep [037/500] T-Acc:  45.5%  V-Acc:  50.0%  V-AUROC: 0.5714  LR: 4.00e-06
2026-06-29 14:26:54,148 | [META-RNW] | INFO | meta_classifier_renewed.model_trainers.meta_trainer | Ep [038/500] T-Acc:  68.2%  V-Acc:  50.0%  V-AUROC: 0.6190  LR: 4.00e-06
2026-06-29 14:26:54,262 | [META-RNW] | INFO | meta_classifier_renewed.model_trainers.meta_trainer |   ↳ new best AUROC; saved checkpoint: /home/leggo/AIResearch/VOGBasedMCIDetectionSystemMobileViTSingleExperimentInference/outputs/checkpoints/run_20260629_142305_meta_renewed/fold_10_best.pth
2026-06-29 14:26:54,698 | [META-RNW] | INFO | meta_classifier_renewed.model_trainers.meta_trainer | Ep [039/500] T-Acc:  63.6%  V-Acc:  50.0%  V-AUROC: 0.6190  LR: 4.00e-06
2026-06-29 14:26:55,131 | [META-RNW] | INFO | meta_classifier_renewed.model_trainers.meta_trainer | Ep [040/500] T-Acc:  59.1%  V-Acc:  50.0%  V-AUROC: 0.5714  LR: 4.00e-06
2026-06-29 14:26:55,555 | [META-RNW] | INFO | meta_classifier_renewed.model_trainers.meta_trainer | Ep [041/500] T-Acc:  63.6%  V-Acc:  50.0%  V-AUROC: 0.6190  LR: 4.00e-06
2026-06-29 14:26:55,988 | [META-RNW] | INFO | meta_classifier_renewed.model_trainers.meta_trainer | Ep [042/500] T-Acc:  50.0%  V-Acc:  50.0%  V-AUROC: 0.6190  LR: 4.00e-06
2026-06-29 14:26:56,423 | [META-RNW] | INFO | meta_classifier_renewed.model_trainers.meta_trainer | Ep [043/500] T-Acc:  63.6%  V-Acc:  50.0%  V-AUROC: 0.6190  LR: 4.00e-06
2026-06-29 14:26:56,903 | [META-RNW] | INFO | meta_classifier_renewed.model_trainers.meta_trainer | Ep [044/500] T-Acc:  59.1%  V-Acc:  50.0%  V-AUROC: 0.6190  LR: 4.00e-06
2026-06-29 14:26:57,385 | [META-RNW] | INFO | meta_classifier_renewed.model_trainers.meta_trainer | Ep [045/500] T-Acc:  68.2%  V-Acc:  50.0%  V-AUROC: 0.6190  LR: 4.00e-06
2026-06-29 14:26:57,810 | [META-RNW] | INFO | meta_classifier_renewed.model_trainers.meta_trainer | Ep [046/500] T-Acc:  72.7%  V-Acc:  50.0%  V-AUROC: 0.6190  LR: 4.00e-06
2026-06-29 14:26:58,213 | [META-RNW] | INFO | meta_classifier_renewed.model_trainers.meta_trainer | Ep [047/500] T-Acc:  68.2%  V-Acc:  50.0%  V-AUROC: 0.6190  LR: 4.00e-06
2026-06-29 14:26:58,660 | [META-RNW] | INFO | meta_classifier_renewed.model_trainers.meta_trainer | Ep [048/500] T-Acc:  77.3%  V-Acc:  50.0%  V-AUROC: 0.6190  LR: 4.00e-06
2026-06-29 14:26:59,128 | [META-RNW] | INFO | meta_classifier_renewed.model_trainers.meta_trainer | Ep [049/500] T-Acc:  63.6%  V-Acc:  50.0%  V-AUROC: 0.6190  LR: 4.00e-06
2026-06-29 14:26:59,564 | [META-RNW] | INFO | meta_classifier_renewed.model_trainers.meta_trainer | Ep [050/500] T-Acc:  54.5%  V-Acc:  50.0%  V-AUROC: 0.6190  LR: 1.00e-06
2026-06-29 14:26:59,958 | [META-RNW] | INFO | meta_classifier_renewed.model_trainers.meta_trainer | Ep [051/500] T-Acc:  54.5%  V-Acc:  50.0%  V-AUROC: 0.6190  LR: 1.00e-06
2026-06-29 14:27:00,336 | [META-RNW] | INFO | meta_classifier_renewed.model_trainers.meta_trainer | Ep [052/500] T-Acc:  54.5%  V-Acc:  50.0%  V-AUROC: 0.6190  LR: 1.00e-06
2026-06-29 14:27:00,714 | [META-RNW] | INFO | meta_classifier_renewed.model_trainers.meta_trainer | Ep [053/500] T-Acc:  68.2%  V-Acc:  50.0%  V-AUROC: 0.6667  LR: 1.00e-06
2026-06-29 14:27:00,827 | [META-RNW] | INFO | meta_classifier_renewed.model_trainers.meta_trainer |   ↳ new best AUROC; saved checkpoint: /home/leggo/AIResearch/VOGBasedMCIDetectionSystemMobileViTSingleExperimentInference/outputs/checkpoints/run_20260629_142305_meta_renewed/fold_10_best.pth
2026-06-29 14:27:01,255 | [META-RNW] | INFO | meta_classifier_renewed.model_trainers.meta_trainer | Ep [054/500] T-Acc:  72.7%  V-Acc:  50.0%  V-AUROC: 0.6190  LR: 1.00e-06
2026-06-29 14:27:01,695 | [META-RNW] | INFO | meta_classifier_renewed.model_trainers.meta_trainer | Ep [055/500] T-Acc:  59.1%  V-Acc:  50.0%  V-AUROC: 0.6667  LR: 1.00e-06
2026-06-29 14:27:02,116 | [META-RNW] | INFO | meta_classifier_renewed.model_trainers.meta_trainer | Ep [056/500] T-Acc:  50.0%  V-Acc:  50.0%  V-AUROC: 0.6190  LR: 1.00e-06
2026-06-29 14:27:02,544 | [META-RNW] | INFO | meta_classifier_renewed.model_trainers.meta_trainer | Ep [057/500] T-Acc:  68.2%  V-Acc:  50.0%  V-AUROC: 0.6190  LR: 1.00e-06
2026-06-29 14:27:03,002 | [META-RNW] | INFO | meta_classifier_renewed.model_trainers.meta_trainer | Ep [058/500] T-Acc:  63.6%  V-Acc:  50.0%  V-AUROC: 0.6667  LR: 1.00e-06
2026-06-29 14:27:03,441 | [META-RNW] | INFO | meta_classifier_renewed.model_trainers.meta_trainer | Ep [059/500] T-Acc:  72.7%  V-Acc:  50.0%  V-AUROC: 0.6190  LR: 1.00e-06
2026-06-29 14:27:03,879 | [META-RNW] | INFO | meta_classifier_renewed.model_trainers.meta_trainer | Ep [060/500] T-Acc:  59.1%  V-Acc:  50.0%  V-AUROC: 0.6190  LR: 1.00e-06
2026-06-29 14:27:04,303 | [META-RNW] | INFO | meta_classifier_renewed.model_trainers.meta_trainer | Ep [061/500] T-Acc:  72.7%  V-Acc:  50.0%  V-AUROC: 0.6190  LR: 1.00e-06
2026-06-29 14:27:04,703 | [META-RNW] | INFO | meta_classifier_renewed.model_trainers.meta_trainer | Ep [062/500] T-Acc:  54.5%  V-Acc:  50.0%  V-AUROC: 0.6667  LR: 1.00e-06
2026-06-29 14:27:05,115 | [META-RNW] | INFO | meta_classifier_renewed.model_trainers.meta_trainer | Ep [063/500] T-Acc:  45.5%  V-Acc:  50.0%  V-AUROC: 0.6190  LR: 1.00e-06
2026-06-29 14:27:05,513 | [META-RNW] | INFO | meta_classifier_renewed.model_trainers.meta_trainer | Ep [064/500] T-Acc:  72.7%  V-Acc:  50.0%  V-AUROC: 0.6190  LR: 1.00e-06
2026-06-29 14:27:05,943 | [META-RNW] | INFO | meta_classifier_renewed.model_trainers.meta_trainer | Ep [065/500] T-Acc:  54.5%  V-Acc:  50.0%  V-AUROC: 0.6190  LR: 1.00e-06
2026-06-29 14:27:06,390 | [META-RNW] | INFO | meta_classifier_renewed.model_trainers.meta_trainer | Ep [066/500] T-Acc:  77.3%  V-Acc:  50.0%  V-AUROC: 0.6190  LR: 1.00e-06
2026-06-29 14:27:06,824 | [META-RNW] | INFO | meta_classifier_renewed.model_trainers.meta_trainer | Ep [067/500] T-Acc:  68.2%  V-Acc:  50.0%  V-AUROC: 0.6190  LR: 1.00e-06
2026-06-29 14:27:07,254 | [META-RNW] | INFO | meta_classifier_renewed.model_trainers.meta_trainer | Ep [068/500] T-Acc:  63.6%  V-Acc:  50.0%  V-AUROC: 0.6190  LR: 1.00e-06
2026-06-29 14:27:07,680 | [META-RNW] | INFO | meta_classifier_renewed.model_trainers.meta_trainer | Ep [069/500] T-Acc:  59.1%  V-Acc:  50.0%  V-AUROC: 0.6667  LR: 1.00e-06
2026-06-29 14:27:08,089 | [META-RNW] | INFO | meta_classifier_renewed.model_trainers.meta_trainer | Ep [070/500] T-Acc:  77.3%  V-Acc:  50.0%  V-AUROC: 0.6190  LR: 1.00e-06
2026-06-29 14:27:08,524 | [META-RNW] | INFO | meta_classifier_renewed.model_trainers.meta_trainer | Ep [071/500] T-Acc:  59.1%  V-Acc:  50.0%  V-AUROC: 0.6190  LR: 1.00e-06
2026-06-29 14:27:08,925 | [META-RNW] | INFO | meta_classifier_renewed.model_trainers.meta_trainer | Ep [072/500] T-Acc:  72.7%  V-Acc:  50.0%  V-AUROC: 0.6667  LR: 1.00e-06
2026-06-29 14:27:09,340 | [META-RNW] | INFO | meta_classifier_renewed.model_trainers.meta_trainer | Ep [073/500] T-Acc:  68.2%  V-Acc:  50.0%  V-AUROC: 0.6667  LR: 1.00e-06
2026-06-29 14:27:09,738 | [META-RNW] | INFO | meta_classifier_renewed.model_trainers.meta_trainer | Ep [074/500] T-Acc:  45.5%  V-Acc:  50.0%  V-AUROC: 0.6667  LR: 1.00e-06
2026-06-29 14:27:10,163 | [META-RNW] | INFO | meta_classifier_renewed.model_trainers.meta_trainer | Ep [075/500] T-Acc:  72.7%  V-Acc:  50.0%  V-AUROC: 0.6667  LR: 1.00e-06
2026-06-29 14:27:10,585 | [META-RNW] | INFO | meta_classifier_renewed.model_trainers.meta_trainer | Ep [076/500] T-Acc:  59.1%  V-Acc:  50.0%  V-AUROC: 0.6667  LR: 1.00e-06
2026-06-29 14:27:11,020 | [META-RNW] | INFO | meta_classifier_renewed.model_trainers.meta_trainer | Ep [077/500] T-Acc:  50.0%  V-Acc:  50.0%  V-AUROC: 0.6667  LR: 1.00e-06
2026-06-29 14:27:11,459 | [META-RNW] | INFO | meta_classifier_renewed.model_trainers.meta_trainer | Ep [078/500] T-Acc:  63.6%  V-Acc:  50.0%  V-AUROC: 0.6667  LR: 1.00e-06
2026-06-29 14:27:11,920 | [META-RNW] | INFO | meta_classifier_renewed.model_trainers.meta_trainer | Ep [079/500] T-Acc:  63.6%  V-Acc:  50.0%  V-AUROC: 0.6667  LR: 1.00e-06
2026-06-29 14:27:12,351 | [META-RNW] | INFO | meta_classifier_renewed.model_trainers.meta_trainer | Ep [080/500] T-Acc:  72.7%  V-Acc:  50.0%  V-AUROC: 0.6667  LR: 1.00e-06
2026-06-29 14:27:12,803 | [META-RNW] | INFO | meta_classifier_renewed.model_trainers.meta_trainer | Ep [081/500] T-Acc:  59.1%  V-Acc:  50.0%  V-AUROC: 0.6667  LR: 1.00e-06
2026-06-29 14:27:13,247 | [META-RNW] | INFO | meta_classifier_renewed.model_trainers.meta_trainer | Ep [082/500] T-Acc:  59.1%  V-Acc:  50.0%  V-AUROC: 0.6667  LR: 1.00e-06
2026-06-29 14:27:13,657 | [META-RNW] | INFO | meta_classifier_renewed.model_trainers.meta_trainer | Ep [083/500] T-Acc:  63.6%  V-Acc:  50.0%  V-AUROC: 0.6190  LR: 1.00e-06
2026-06-29 14:27:14,060 | [META-RNW] | INFO | meta_classifier_renewed.model_trainers.meta_trainer | Ep [084/500] T-Acc:  59.1%  V-Acc:  50.0%  V-AUROC: 0.6667  LR: 1.00e-06
2026-06-29 14:27:14,516 | [META-RNW] | INFO | meta_classifier_renewed.model_trainers.meta_trainer | Ep [085/500] T-Acc:  63.6%  V-Acc:  50.0%  V-AUROC: 0.6667  LR: 1.00e-06
2026-06-29 14:27:14,937 | [META-RNW] | INFO | meta_classifier_renewed.model_trainers.meta_trainer | Ep [086/500] T-Acc:  63.6%  V-Acc:  50.0%  V-AUROC: 0.6667  LR: 1.00e-06
2026-06-29 14:27:15,347 | [META-RNW] | INFO | meta_classifier_renewed.model_trainers.meta_trainer | Ep [087/500] T-Acc:  72.7%  V-Acc:  50.0%  V-AUROC: 0.6667  LR: 1.00e-06
2026-06-29 14:27:15,727 | [META-RNW] | INFO | meta_classifier_renewed.model_trainers.meta_trainer | Ep [088/500] T-Acc:  63.6%  V-Acc:  50.0%  V-AUROC: 0.6190  LR: 1.00e-06
2026-06-29 14:27:16,067 | [META-RNW] | INFO | meta_classifier_renewed.model_trainers.meta_trainer | Ep [089/500] T-Acc:  59.1%  V-Acc:  50.0%  V-AUROC: 0.6667  LR: 1.00e-06
2026-06-29 14:27:16,410 | [META-RNW] | INFO | meta_classifier_renewed.model_trainers.meta_trainer | Ep [090/500] T-Acc:  77.3%  V-Acc:  50.0%  V-AUROC: 0.6667  LR: 1.00e-06
2026-06-29 14:27:16,746 | [META-RNW] | INFO | meta_classifier_renewed.model_trainers.meta_trainer | Ep [091/500] T-Acc:  63.6%  V-Acc:  50.0%  V-AUROC: 0.6667  LR: 1.00e-06
2026-06-29 14:27:17,079 | [META-RNW] | INFO | meta_classifier_renewed.model_trainers.meta_trainer | Ep [092/500] T-Acc:  68.2%  V-Acc:  50.0%  V-AUROC: 0.6190  LR: 1.00e-06
2026-06-29 14:27:17,442 | [META-RNW] | INFO | meta_classifier_renewed.model_trainers.meta_trainer | Ep [093/500] T-Acc:  54.5%  V-Acc:  50.0%  V-AUROC: 0.6667  LR: 1.00e-06
2026-06-29 14:27:17,443 | [META-RNW] | INFO | meta_classifier_renewed.model_trainers.meta_trainer | Early stop — best AUROC 0.6667 at epoch 53 (no improvement for 40 epochs)
2026-06-29 14:27:17,443 | [META-RNW] | INFO | meta_classifier_renewed.model_trainers.meta_trainer | Done. Best AUROC: 0.6667 (epoch 53)
2026-06-29 14:27:17,537 | [META-RNW] | INFO | meta_classifier_renewed.evaluators.monte_carlo_evaluator | -> Fold 11 Result | Acc=0.500 Sens=0.286 Spec=1.000 AUROC=0.619 (Fixed Threshold: 0.5)
2026-06-29 14:27:17,555 | [META-RNW] | INFO | meta_classifier_renewed.evaluators.monte_carlo_evaluator | === Fold 12/30 | train: 22 subj | test: 10 subj ===
2026-06-29 14:27:17,568 | [META-RNW] | INFO | meta_classifier_renewed.model_trainers.meta_trainer | Device: cuda | max_epochs=500 | batch=8 | es_patience=40 | lr=1e-04 | wd=1e-02
2026-06-29 14:27:17,569 | [META-RNW] | INFO | meta_classifier_renewed.model_trainers.meta_trainer | CE weights — HC: 1.222  MCI: 0.846
2026-06-29 14:27:18,023 | [META-RNW] | INFO | meta_classifier_renewed.model_trainers.meta_trainer | Ep [001/500] T-Acc:  59.1%  V-Acc:  60.0%  V-AUROC: 0.6000  LR: 2.00e-05
2026-06-29 14:27:18,126 | [META-RNW] | INFO | meta_classifier_renewed.model_trainers.meta_trainer |   ↳ new best AUROC; saved checkpoint: /home/leggo/AIResearch/VOGBasedMCIDetectionSystemMobileViTSingleExperimentInference/outputs/checkpoints/run_20260629_142305_meta_renewed/fold_11_best.pth
2026-06-29 14:27:18,579 | [META-RNW] | INFO | meta_classifier_renewed.model_trainers.meta_trainer | Ep [002/500] T-Acc:  45.5%  V-Acc:  50.0%  V-AUROC: 0.6000  LR: 4.00e-05
2026-06-29 14:27:19,006 | [META-RNW] | INFO | meta_classifier_renewed.model_trainers.meta_trainer | Ep [003/500] T-Acc:  59.1%  V-Acc:  50.0%  V-AUROC: 0.6400  LR: 6.00e-05
2026-06-29 14:27:19,115 | [META-RNW] | INFO | meta_classifier_renewed.model_trainers.meta_trainer |   ↳ new best AUROC; saved checkpoint: /home/leggo/AIResearch/VOGBasedMCIDetectionSystemMobileViTSingleExperimentInference/outputs/checkpoints/run_20260629_142305_meta_renewed/fold_11_best.pth
2026-06-29 14:27:19,534 | [META-RNW] | INFO | meta_classifier_renewed.model_trainers.meta_trainer | Ep [004/500] T-Acc:  68.2%  V-Acc:  50.0%  V-AUROC: 0.6400  LR: 8.00e-05
2026-06-29 14:27:19,955 | [META-RNW] | INFO | meta_classifier_renewed.model_trainers.meta_trainer | Ep [005/500] T-Acc:  40.9%  V-Acc:  60.0%  V-AUROC: 0.7200  LR: 1.00e-04
2026-06-29 14:27:20,071 | [META-RNW] | INFO | meta_classifier_renewed.model_trainers.meta_trainer |   ↳ new best AUROC; saved checkpoint: /home/leggo/AIResearch/VOGBasedMCIDetectionSystemMobileViTSingleExperimentInference/outputs/checkpoints/run_20260629_142305_meta_renewed/fold_11_best.pth
2026-06-29 14:27:20,480 | [META-RNW] | INFO | meta_classifier_renewed.model_trainers.meta_trainer | Ep [006/500] T-Acc:  72.7%  V-Acc:  70.0%  V-AUROC: 0.7200  LR: 1.00e-04
2026-06-29 14:27:20,894 | [META-RNW] | INFO | meta_classifier_renewed.model_trainers.meta_trainer | Ep [007/500] T-Acc:  45.5%  V-Acc:  60.0%  V-AUROC: 0.7200  LR: 1.00e-04
2026-06-29 14:27:21,294 | [META-RNW] | INFO | meta_classifier_renewed.model_trainers.meta_trainer | Ep [008/500] T-Acc:  63.6%  V-Acc:  50.0%  V-AUROC: 0.7200  LR: 1.00e-04
2026-06-29 14:27:21,708 | [META-RNW] | INFO | meta_classifier_renewed.model_trainers.meta_trainer | Ep [009/500] T-Acc:  63.6%  V-Acc:  50.0%  V-AUROC: 0.7200  LR: 1.00e-04
2026-06-29 14:27:22,101 | [META-RNW] | INFO | meta_classifier_renewed.model_trainers.meta_trainer | Ep [010/500] T-Acc:  50.0%  V-Acc:  60.0%  V-AUROC: 0.7200  LR: 1.00e-04
2026-06-29 14:27:22,540 | [META-RNW] | INFO | meta_classifier_renewed.model_trainers.meta_trainer | Ep [011/500] T-Acc:  50.0%  V-Acc:  60.0%  V-AUROC: 0.7200  LR: 1.00e-04
2026-06-29 14:27:22,959 | [META-RNW] | INFO | meta_classifier_renewed.model_trainers.meta_trainer | Ep [012/500] T-Acc:  59.1%  V-Acc:  60.0%  V-AUROC: 0.7200  LR: 1.00e-04
2026-06-29 14:27:23,412 | [META-RNW] | INFO | meta_classifier_renewed.model_trainers.meta_trainer | Ep [013/500] T-Acc:  68.2%  V-Acc:  60.0%  V-AUROC: 0.7200  LR: 1.00e-04
2026-06-29 14:27:23,879 | [META-RNW] | INFO | meta_classifier_renewed.model_trainers.meta_trainer | Ep [014/500] T-Acc:  68.2%  V-Acc:  60.0%  V-AUROC: 0.6800  LR: 1.00e-04
2026-06-29 14:27:24,329 | [META-RNW] | INFO | meta_classifier_renewed.model_trainers.meta_trainer | Ep [015/500] T-Acc:  72.7%  V-Acc:  60.0%  V-AUROC: 0.6800  LR: 1.00e-04
2026-06-29 14:27:24,761 | [META-RNW] | INFO | meta_classifier_renewed.model_trainers.meta_trainer | Ep [016/500] T-Acc:  68.2%  V-Acc:  60.0%  V-AUROC: 0.6800  LR: 1.00e-04
2026-06-29 14:27:25,233 | [META-RNW] | INFO | meta_classifier_renewed.model_trainers.meta_trainer | Ep [017/500] T-Acc:  81.8%  V-Acc:  60.0%  V-AUROC: 0.6400  LR: 1.00e-04
2026-06-29 14:27:25,706 | [META-RNW] | INFO | meta_classifier_renewed.model_trainers.meta_trainer | Ep [018/500] T-Acc:  77.3%  V-Acc:  60.0%  V-AUROC: 0.6400  LR: 2.00e-05
2026-06-29 14:27:26,197 | [META-RNW] | INFO | meta_classifier_renewed.model_trainers.meta_trainer | Ep [019/500] T-Acc:  81.8%  V-Acc:  60.0%  V-AUROC: 0.6400  LR: 2.00e-05
2026-06-29 14:27:26,678 | [META-RNW] | INFO | meta_classifier_renewed.model_trainers.meta_trainer | Ep [020/500] T-Acc:  90.9%  V-Acc:  60.0%  V-AUROC: 0.6400  LR: 2.00e-05
2026-06-29 14:27:27,125 | [META-RNW] | INFO | meta_classifier_renewed.model_trainers.meta_trainer | Ep [021/500] T-Acc:  95.5%  V-Acc:  50.0%  V-AUROC: 0.6400  LR: 2.00e-05
2026-06-29 14:27:27,579 | [META-RNW] | INFO | meta_classifier_renewed.model_trainers.meta_trainer | Ep [022/500] T-Acc:  86.4%  V-Acc:  50.0%  V-AUROC: 0.6400  LR: 2.00e-05
2026-06-29 14:27:28,037 | [META-RNW] | INFO | meta_classifier_renewed.model_trainers.meta_trainer | Ep [023/500] T-Acc:  77.3%  V-Acc:  50.0%  V-AUROC: 0.6400  LR: 2.00e-05
2026-06-29 14:27:28,486 | [META-RNW] | INFO | meta_classifier_renewed.model_trainers.meta_trainer | Ep [024/500] T-Acc:  86.4%  V-Acc:  50.0%  V-AUROC: 0.6400  LR: 2.00e-05
2026-06-29 14:27:28,927 | [META-RNW] | INFO | meta_classifier_renewed.model_trainers.meta_trainer | Ep [025/500] T-Acc:  86.4%  V-Acc:  60.0%  V-AUROC: 0.6400  LR: 2.00e-05
2026-06-29 14:27:29,351 | [META-RNW] | INFO | meta_classifier_renewed.model_trainers.meta_trainer | Ep [026/500] T-Acc: 100.0%  V-Acc:  60.0%  V-AUROC: 0.6400  LR: 2.00e-05
2026-06-29 14:27:29,784 | [META-RNW] | INFO | meta_classifier_renewed.model_trainers.meta_trainer | Ep [027/500] T-Acc:  95.5%  V-Acc:  60.0%  V-AUROC: 0.6400  LR: 2.00e-05
2026-06-29 14:27:30,250 | [META-RNW] | INFO | meta_classifier_renewed.model_trainers.meta_trainer | Ep [028/500] T-Acc: 100.0%  V-Acc:  60.0%  V-AUROC: 0.6800  LR: 2.00e-05
2026-06-29 14:27:30,712 | [META-RNW] | INFO | meta_classifier_renewed.model_trainers.meta_trainer | Ep [029/500] T-Acc:  81.8%  V-Acc:  60.0%  V-AUROC: 0.6800  LR: 4.00e-06
2026-06-29 14:27:31,140 | [META-RNW] | INFO | meta_classifier_renewed.model_trainers.meta_trainer | Ep [030/500] T-Acc:  95.5%  V-Acc:  60.0%  V-AUROC: 0.6400  LR: 4.00e-06
2026-06-29 14:27:31,584 | [META-RNW] | INFO | meta_classifier_renewed.model_trainers.meta_trainer | Ep [031/500] T-Acc:  90.9%  V-Acc:  60.0%  V-AUROC: 0.6400  LR: 4.00e-06
2026-06-29 14:27:32,028 | [META-RNW] | INFO | meta_classifier_renewed.model_trainers.meta_trainer | Ep [032/500] T-Acc:  95.5%  V-Acc:  60.0%  V-AUROC: 0.6400  LR: 4.00e-06
2026-06-29 14:27:32,454 | [META-RNW] | INFO | meta_classifier_renewed.model_trainers.meta_trainer | Ep [033/500] T-Acc:  95.5%  V-Acc:  60.0%  V-AUROC: 0.6400  LR: 4.00e-06
2026-06-29 14:27:32,907 | [META-RNW] | INFO | meta_classifier_renewed.model_trainers.meta_trainer | Ep [034/500] T-Acc:  86.4%  V-Acc:  60.0%  V-AUROC: 0.6400  LR: 4.00e-06
2026-06-29 14:27:33,381 | [META-RNW] | INFO | meta_classifier_renewed.model_trainers.meta_trainer | Ep [035/500] T-Acc:  86.4%  V-Acc:  60.0%  V-AUROC: 0.6400  LR: 4.00e-06
2026-06-29 14:27:33,813 | [META-RNW] | INFO | meta_classifier_renewed.model_trainers.meta_trainer | Ep [036/500] T-Acc: 100.0%  V-Acc:  50.0%  V-AUROC: 0.6400  LR: 4.00e-06
2026-06-29 14:27:34,218 | [META-RNW] | INFO | meta_classifier_renewed.model_trainers.meta_trainer | Ep [037/500] T-Acc:  95.5%  V-Acc:  50.0%  V-AUROC: 0.6400  LR: 4.00e-06
2026-06-29 14:27:34,683 | [META-RNW] | INFO | meta_classifier_renewed.model_trainers.meta_trainer | Ep [038/500] T-Acc:  86.4%  V-Acc:  50.0%  V-AUROC: 0.6400  LR: 4.00e-06
2026-06-29 14:27:35,137 | [META-RNW] | INFO | meta_classifier_renewed.model_trainers.meta_trainer | Ep [039/500] T-Acc:  95.5%  V-Acc:  50.0%  V-AUROC: 0.6400  LR: 4.00e-06
2026-06-29 14:27:35,592 | [META-RNW] | INFO | meta_classifier_renewed.model_trainers.meta_trainer | Ep [040/500] T-Acc:  86.4%  V-Acc:  50.0%  V-AUROC: 0.6400  LR: 1.00e-06
2026-06-29 14:27:36,053 | [META-RNW] | INFO | meta_classifier_renewed.model_trainers.meta_trainer | Ep [041/500] T-Acc:  90.9%  V-Acc:  50.0%  V-AUROC: 0.6400  LR: 1.00e-06
2026-06-29 14:27:36,502 | [META-RNW] | INFO | meta_classifier_renewed.model_trainers.meta_trainer | Ep [042/500] T-Acc:  90.9%  V-Acc:  50.0%  V-AUROC: 0.6400  LR: 1.00e-06
2026-06-29 14:27:36,955 | [META-RNW] | INFO | meta_classifier_renewed.model_trainers.meta_trainer | Ep [043/500] T-Acc:  90.9%  V-Acc:  50.0%  V-AUROC: 0.6400  LR: 1.00e-06
2026-06-29 14:27:37,382 | [META-RNW] | INFO | meta_classifier_renewed.model_trainers.meta_trainer | Ep [044/500] T-Acc:  90.9%  V-Acc:  50.0%  V-AUROC: 0.6400  LR: 1.00e-06
2026-06-29 14:27:37,820 | [META-RNW] | INFO | meta_classifier_renewed.model_trainers.meta_trainer | Ep [045/500] T-Acc:  95.5%  V-Acc:  50.0%  V-AUROC: 0.6400  LR: 1.00e-06
2026-06-29 14:27:37,821 | [META-RNW] | INFO | meta_classifier_renewed.model_trainers.meta_trainer | Early stop — best AUROC 0.7200 at epoch 5 (no improvement for 40 epochs)
2026-06-29 14:27:37,821 | [META-RNW] | INFO | meta_classifier_renewed.model_trainers.meta_trainer | Done. Best AUROC: 0.7200 (epoch 5)
2026-06-29 14:27:37,933 | [META-RNW] | INFO | meta_classifier_renewed.evaluators.monte_carlo_evaluator | -> Fold 12 Result | Acc=0.500 Sens=0.800 Spec=0.200 AUROC=0.640 (Fixed Threshold: 0.5)
2026-06-29 14:27:37,950 | [META-RNW] | INFO | meta_classifier_renewed.evaluators.monte_carlo_evaluator | === Fold 13/30 | train: 22 subj | test: 10 subj ===
2026-06-29 14:27:37,963 | [META-RNW] | INFO | meta_classifier_renewed.model_trainers.meta_trainer | Device: cuda | max_epochs=500 | batch=8 | es_patience=40 | lr=1e-04 | wd=1e-02
2026-06-29 14:27:37,964 | [META-RNW] | INFO | meta_classifier_renewed.model_trainers.meta_trainer | CE weights — HC: 1.100  MCI: 0.917
2026-06-29 14:27:38,416 | [META-RNW] | INFO | meta_classifier_renewed.model_trainers.meta_trainer | Ep [001/500] T-Acc:  50.0%  V-Acc:  60.0%  V-AUROC: 0.5833  LR: 2.00e-05
2026-06-29 14:27:38,521 | [META-RNW] | INFO | meta_classifier_renewed.model_trainers.meta_trainer |   ↳ new best AUROC; saved checkpoint: /home/leggo/AIResearch/VOGBasedMCIDetectionSystemMobileViTSingleExperimentInference/outputs/checkpoints/run_20260629_142305_meta_renewed/fold_12_best.pth
2026-06-29 14:27:38,920 | [META-RNW] | INFO | meta_classifier_renewed.model_trainers.meta_trainer | Ep [002/500] T-Acc:  63.6%  V-Acc:  50.0%  V-AUROC: 0.6250  LR: 4.00e-05
2026-06-29 14:27:39,028 | [META-RNW] | INFO | meta_classifier_renewed.model_trainers.meta_trainer |   ↳ new best AUROC; saved checkpoint: /home/leggo/AIResearch/VOGBasedMCIDetectionSystemMobileViTSingleExperimentInference/outputs/checkpoints/run_20260629_142305_meta_renewed/fold_12_best.pth
2026-06-29 14:27:39,442 | [META-RNW] | INFO | meta_classifier_renewed.model_trainers.meta_trainer | Ep [003/500] T-Acc:  59.1%  V-Acc:  50.0%  V-AUROC: 0.5417  LR: 6.00e-05
2026-06-29 14:27:39,866 | [META-RNW] | INFO | meta_classifier_renewed.model_trainers.meta_trainer | Ep [004/500] T-Acc:  45.5%  V-Acc:  60.0%  V-AUROC: 0.5000  LR: 8.00e-05
2026-06-29 14:27:40,282 | [META-RNW] | INFO | meta_classifier_renewed.model_trainers.meta_trainer | Ep [005/500] T-Acc:  63.6%  V-Acc:  60.0%  V-AUROC: 0.4583  LR: 1.00e-04
2026-06-29 14:27:40,722 | [META-RNW] | INFO | meta_classifier_renewed.model_trainers.meta_trainer | Ep [006/500] T-Acc:  63.6%  V-Acc:  40.0%  V-AUROC: 0.4583  LR: 1.00e-04
2026-06-29 14:27:41,184 | [META-RNW] | INFO | meta_classifier_renewed.model_trainers.meta_trainer | Ep [007/500] T-Acc:  63.6%  V-Acc:  60.0%  V-AUROC: 0.5000  LR: 1.00e-04
2026-06-29 14:27:41,671 | [META-RNW] | INFO | meta_classifier_renewed.model_trainers.meta_trainer | Ep [008/500] T-Acc:  59.1%  V-Acc:  60.0%  V-AUROC: 0.5000  LR: 1.00e-04
2026-06-29 14:27:42,117 | [META-RNW] | INFO | meta_classifier_renewed.model_trainers.meta_trainer | Ep [009/500] T-Acc:  54.5%  V-Acc:  60.0%  V-AUROC: 0.5417  LR: 1.00e-04
2026-06-29 14:27:42,572 | [META-RNW] | INFO | meta_classifier_renewed.model_trainers.meta_trainer | Ep [010/500] T-Acc:  68.2%  V-Acc:  60.0%  V-AUROC: 0.5417  LR: 1.00e-04
2026-06-29 14:27:43,051 | [META-RNW] | INFO | meta_classifier_renewed.model_trainers.meta_trainer | Ep [011/500] T-Acc:  50.0%  V-Acc:  60.0%  V-AUROC: 0.6667  LR: 1.00e-04
2026-06-29 14:27:43,170 | [META-RNW] | INFO | meta_classifier_renewed.model_trainers.meta_trainer |   ↳ new best AUROC; saved checkpoint: /home/leggo/AIResearch/VOGBasedMCIDetectionSystemMobileViTSingleExperimentInference/outputs/checkpoints/run_20260629_142305_meta_renewed/fold_12_best.pth
2026-06-29 14:27:43,624 | [META-RNW] | INFO | meta_classifier_renewed.model_trainers.meta_trainer | Ep [012/500] T-Acc:  59.1%  V-Acc:  60.0%  V-AUROC: 0.7083  LR: 1.00e-04
2026-06-29 14:27:43,745 | [META-RNW] | INFO | meta_classifier_renewed.model_trainers.meta_trainer |   ↳ new best AUROC; saved checkpoint: /home/leggo/AIResearch/VOGBasedMCIDetectionSystemMobileViTSingleExperimentInference/outputs/checkpoints/run_20260629_142305_meta_renewed/fold_12_best.pth
2026-06-29 14:27:44,216 | [META-RNW] | INFO | meta_classifier_renewed.model_trainers.meta_trainer | Ep [013/500] T-Acc:  63.6%  V-Acc:  70.0%  V-AUROC: 0.7083  LR: 1.00e-04
2026-06-29 14:27:44,696 | [META-RNW] | INFO | meta_classifier_renewed.model_trainers.meta_trainer | Ep [014/500] T-Acc:  77.3%  V-Acc:  50.0%  V-AUROC: 0.7083  LR: 1.00e-04
2026-06-29 14:27:45,147 | [META-RNW] | INFO | meta_classifier_renewed.model_trainers.meta_trainer | Ep [015/500] T-Acc:  77.3%  V-Acc:  50.0%  V-AUROC: 0.7083  LR: 1.00e-04
2026-06-29 14:27:45,626 | [META-RNW] | INFO | meta_classifier_renewed.model_trainers.meta_trainer | Ep [016/500] T-Acc:  90.9%  V-Acc:  60.0%  V-AUROC: 0.7083  LR: 1.00e-04
2026-06-29 14:27:46,079 | [META-RNW] | INFO | meta_classifier_renewed.model_trainers.meta_trainer | Ep [017/500] T-Acc:  77.3%  V-Acc:  70.0%  V-AUROC: 0.7083  LR: 1.00e-04
2026-06-29 14:27:46,516 | [META-RNW] | INFO | meta_classifier_renewed.model_trainers.meta_trainer | Ep [018/500] T-Acc:  63.6%  V-Acc:  60.0%  V-AUROC: 0.7500  LR: 1.00e-04
2026-06-29 14:27:46,634 | [META-RNW] | INFO | meta_classifier_renewed.model_trainers.meta_trainer |   ↳ new best AUROC; saved checkpoint: /home/leggo/AIResearch/VOGBasedMCIDetectionSystemMobileViTSingleExperimentInference/outputs/checkpoints/run_20260629_142305_meta_renewed/fold_12_best.pth
2026-06-29 14:27:47,027 | [META-RNW] | INFO | meta_classifier_renewed.model_trainers.meta_trainer | Ep [019/500] T-Acc:  81.8%  V-Acc:  60.0%  V-AUROC: 0.7500  LR: 1.00e-04
2026-06-29 14:27:47,437 | [META-RNW] | INFO | meta_classifier_renewed.model_trainers.meta_trainer | Ep [020/500] T-Acc:  86.4%  V-Acc:  70.0%  V-AUROC: 0.7500  LR: 1.00e-04
2026-06-29 14:27:47,849 | [META-RNW] | INFO | meta_classifier_renewed.model_trainers.meta_trainer | Ep [021/500] T-Acc:  63.6%  V-Acc:  70.0%  V-AUROC: 0.7917  LR: 1.00e-04
2026-06-29 14:27:47,965 | [META-RNW] | INFO | meta_classifier_renewed.model_trainers.meta_trainer |   ↳ new best AUROC; saved checkpoint: /home/leggo/AIResearch/VOGBasedMCIDetectionSystemMobileViTSingleExperimentInference/outputs/checkpoints/run_20260629_142305_meta_renewed/fold_12_best.pth
2026-06-29 14:27:48,372 | [META-RNW] | INFO | meta_classifier_renewed.model_trainers.meta_trainer | Ep [022/500] T-Acc:  81.8%  V-Acc:  70.0%  V-AUROC: 0.7917  LR: 1.00e-04
2026-06-29 14:27:48,789 | [META-RNW] | INFO | meta_classifier_renewed.model_trainers.meta_trainer | Ep [023/500] T-Acc:  77.3%  V-Acc:  70.0%  V-AUROC: 0.7917  LR: 1.00e-04
2026-06-29 14:27:49,182 | [META-RNW] | INFO | meta_classifier_renewed.model_trainers.meta_trainer | Ep [024/500] T-Acc:  81.8%  V-Acc:  70.0%  V-AUROC: 0.7917  LR: 1.00e-04
2026-06-29 14:27:49,576 | [META-RNW] | INFO | meta_classifier_renewed.model_trainers.meta_trainer | Ep [025/500] T-Acc:  90.9%  V-Acc:  80.0%  V-AUROC: 0.8333  LR: 1.00e-04
2026-06-29 14:27:49,690 | [META-RNW] | INFO | meta_classifier_renewed.model_trainers.meta_trainer |   ↳ new best AUROC; saved checkpoint: /home/leggo/AIResearch/VOGBasedMCIDetectionSystemMobileViTSingleExperimentInference/outputs/checkpoints/run_20260629_142305_meta_renewed/fold_12_best.pth
2026-06-29 14:27:50,091 | [META-RNW] | INFO | meta_classifier_renewed.model_trainers.meta_trainer | Ep [026/500] T-Acc:  90.9%  V-Acc:  70.0%  V-AUROC: 0.7917  LR: 1.00e-04
2026-06-29 14:27:50,513 | [META-RNW] | INFO | meta_classifier_renewed.model_trainers.meta_trainer | Ep [027/500] T-Acc:  77.3%  V-Acc:  70.0%  V-AUROC: 0.7917  LR: 1.00e-04
2026-06-29 14:27:50,937 | [META-RNW] | INFO | meta_classifier_renewed.model_trainers.meta_trainer | Ep [028/500] T-Acc:  90.9%  V-Acc:  70.0%  V-AUROC: 0.7917  LR: 1.00e-04
2026-06-29 14:27:51,348 | [META-RNW] | INFO | meta_classifier_renewed.model_trainers.meta_trainer | Ep [029/500] T-Acc:  95.5%  V-Acc:  80.0%  V-AUROC: 0.7917  LR: 1.00e-04
2026-06-29 14:27:51,779 | [META-RNW] | INFO | meta_classifier_renewed.model_trainers.meta_trainer | Ep [030/500] T-Acc:  95.5%  V-Acc:  80.0%  V-AUROC: 0.8333  LR: 1.00e-04
2026-06-29 14:27:52,210 | [META-RNW] | INFO | meta_classifier_renewed.model_trainers.meta_trainer | Ep [031/500] T-Acc: 100.0%  V-Acc:  70.0%  V-AUROC: 0.8750  LR: 1.00e-04
2026-06-29 14:27:52,328 | [META-RNW] | INFO | meta_classifier_renewed.model_trainers.meta_trainer |   ↳ new best AUROC; saved checkpoint: /home/leggo/AIResearch/VOGBasedMCIDetectionSystemMobileViTSingleExperimentInference/outputs/checkpoints/run_20260629_142305_meta_renewed/fold_12_best.pth
2026-06-29 14:27:52,709 | [META-RNW] | INFO | meta_classifier_renewed.model_trainers.meta_trainer | Ep [032/500] T-Acc:  95.5%  V-Acc:  60.0%  V-AUROC: 0.8750  LR: 1.00e-04
2026-06-29 14:27:53,110 | [META-RNW] | INFO | meta_classifier_renewed.model_trainers.meta_trainer | Ep [033/500] T-Acc:  90.9%  V-Acc:  60.0%  V-AUROC: 0.8750  LR: 1.00e-04
2026-06-29 14:27:53,521 | [META-RNW] | INFO | meta_classifier_renewed.model_trainers.meta_trainer | Ep [034/500] T-Acc:  86.4%  V-Acc:  80.0%  V-AUROC: 0.8333  LR: 1.00e-04
2026-06-29 14:27:53,983 | [META-RNW] | INFO | meta_classifier_renewed.model_trainers.meta_trainer | Ep [035/500] T-Acc:  95.5%  V-Acc:  60.0%  V-AUROC: 0.8333  LR: 1.00e-04
2026-06-29 14:27:54,425 | [META-RNW] | INFO | meta_classifier_renewed.model_trainers.meta_trainer | Ep [036/500] T-Acc: 100.0%  V-Acc:  60.0%  V-AUROC: 0.8333  LR: 1.00e-04
2026-06-29 14:27:54,848 | [META-RNW] | INFO | meta_classifier_renewed.model_trainers.meta_trainer | Ep [037/500] T-Acc: 100.0%  V-Acc:  60.0%  V-AUROC: 0.8333  LR: 1.00e-04
2026-06-29 14:27:55,250 | [META-RNW] | INFO | meta_classifier_renewed.model_trainers.meta_trainer | Ep [038/500] T-Acc:  95.5%  V-Acc:  60.0%  V-AUROC: 0.8750  LR: 1.00e-04
2026-06-29 14:27:55,660 | [META-RNW] | INFO | meta_classifier_renewed.model_trainers.meta_trainer | Ep [039/500] T-Acc: 100.0%  V-Acc:  90.0%  V-AUROC: 0.8333  LR: 1.00e-04
2026-06-29 14:27:56,071 | [META-RNW] | INFO | meta_classifier_renewed.model_trainers.meta_trainer | Ep [040/500] T-Acc: 100.0%  V-Acc:  80.0%  V-AUROC: 0.8333  LR: 1.00e-04
2026-06-29 14:27:56,503 | [META-RNW] | INFO | meta_classifier_renewed.model_trainers.meta_trainer | Ep [041/500] T-Acc: 100.0%  V-Acc:  60.0%  V-AUROC: 0.8750  LR: 1.00e-04
2026-06-29 14:27:56,945 | [META-RNW] | INFO | meta_classifier_renewed.model_trainers.meta_trainer | Ep [042/500] T-Acc: 100.0%  V-Acc:  60.0%  V-AUROC: 0.8750  LR: 1.00e-04
2026-06-29 14:27:57,365 | [META-RNW] | INFO | meta_classifier_renewed.model_trainers.meta_trainer | Ep [043/500] T-Acc: 100.0%  V-Acc:  60.0%  V-AUROC: 0.8750  LR: 2.00e-05
2026-06-29 14:27:57,788 | [META-RNW] | INFO | meta_classifier_renewed.model_trainers.meta_trainer | Ep [044/500] T-Acc: 100.0%  V-Acc:  60.0%  V-AUROC: 0.8750  LR: 2.00e-05
2026-06-29 14:27:58,251 | [META-RNW] | INFO | meta_classifier_renewed.model_trainers.meta_trainer | Ep [045/500] T-Acc: 100.0%  V-Acc:  60.0%  V-AUROC: 0.8750  LR: 2.00e-05
2026-06-29 14:27:58,677 | [META-RNW] | INFO | meta_classifier_renewed.model_trainers.meta_trainer | Ep [046/500] T-Acc: 100.0%  V-Acc:  60.0%  V-AUROC: 0.8750  LR: 2.00e-05
2026-06-29 14:27:59,095 | [META-RNW] | INFO | meta_classifier_renewed.model_trainers.meta_trainer | Ep [047/500] T-Acc: 100.0%  V-Acc:  60.0%  V-AUROC: 0.8750  LR: 2.00e-05
2026-06-29 14:27:59,478 | [META-RNW] | INFO | meta_classifier_renewed.model_trainers.meta_trainer | Ep [048/500] T-Acc:  95.5%  V-Acc:  70.0%  V-AUROC: 0.8333  LR: 2.00e-05
2026-06-29 14:27:59,844 | [META-RNW] | INFO | meta_classifier_renewed.model_trainers.meta_trainer | Ep [049/500] T-Acc:  95.5%  V-Acc:  70.0%  V-AUROC: 0.8333  LR: 2.00e-05
2026-06-29 14:28:00,246 | [META-RNW] | INFO | meta_classifier_renewed.model_trainers.meta_trainer | Ep [050/500] T-Acc: 100.0%  V-Acc:  70.0%  V-AUROC: 0.8333  LR: 2.00e-05
2026-06-29 14:28:00,708 | [META-RNW] | INFO | meta_classifier_renewed.model_trainers.meta_trainer | Ep [051/500] T-Acc: 100.0%  V-Acc:  60.0%  V-AUROC: 0.7917  LR: 2.00e-05
2026-06-29 14:28:01,141 | [META-RNW] | INFO | meta_classifier_renewed.model_trainers.meta_trainer | Ep [052/500] T-Acc: 100.0%  V-Acc:  60.0%  V-AUROC: 0.7917  LR: 2.00e-05
2026-06-29 14:28:01,574 | [META-RNW] | INFO | meta_classifier_renewed.model_trainers.meta_trainer | Ep [053/500] T-Acc: 100.0%  V-Acc:  60.0%  V-AUROC: 0.7917  LR: 2.00e-05
2026-06-29 14:28:01,972 | [META-RNW] | INFO | meta_classifier_renewed.model_trainers.meta_trainer | Ep [054/500] T-Acc:  95.5%  V-Acc:  60.0%  V-AUROC: 0.7500  LR: 4.00e-06
2026-06-29 14:28:02,373 | [META-RNW] | INFO | meta_classifier_renewed.model_trainers.meta_trainer | Ep [055/500] T-Acc: 100.0%  V-Acc:  60.0%  V-AUROC: 0.7500  LR: 4.00e-06
2026-06-29 14:28:02,749 | [META-RNW] | INFO | meta_classifier_renewed.model_trainers.meta_trainer | Ep [056/500] T-Acc:  95.5%  V-Acc:  60.0%  V-AUROC: 0.7500  LR: 4.00e-06
2026-06-29 14:28:03,132 | [META-RNW] | INFO | meta_classifier_renewed.model_trainers.meta_trainer | Ep [057/500] T-Acc: 100.0%  V-Acc:  60.0%  V-AUROC: 0.7500  LR: 4.00e-06
2026-06-29 14:28:03,549 | [META-RNW] | INFO | meta_classifier_renewed.model_trainers.meta_trainer | Ep [058/500] T-Acc: 100.0%  V-Acc:  60.0%  V-AUROC: 0.7500  LR: 4.00e-06
2026-06-29 14:28:03,971 | [META-RNW] | INFO | meta_classifier_renewed.model_trainers.meta_trainer | Ep [059/500] T-Acc: 100.0%  V-Acc:  60.0%  V-AUROC: 0.7500  LR: 4.00e-06
2026-06-29 14:28:04,420 | [META-RNW] | INFO | meta_classifier_renewed.model_trainers.meta_trainer | Ep [060/500] T-Acc: 100.0%  V-Acc:  60.0%  V-AUROC: 0.7500  LR: 4.00e-06
2026-06-29 14:28:04,869 | [META-RNW] | INFO | meta_classifier_renewed.model_trainers.meta_trainer | Ep [061/500] T-Acc: 100.0%  V-Acc:  60.0%  V-AUROC: 0.7500  LR: 4.00e-06
2026-06-29 14:28:05,320 | [META-RNW] | INFO | meta_classifier_renewed.model_trainers.meta_trainer | Ep [062/500] T-Acc: 100.0%  V-Acc:  60.0%  V-AUROC: 0.7500  LR: 4.00e-06
2026-06-29 14:28:05,716 | [META-RNW] | INFO | meta_classifier_renewed.model_trainers.meta_trainer | Ep [063/500] T-Acc: 100.0%  V-Acc:  60.0%  V-AUROC: 0.7500  LR: 4.00e-06
2026-06-29 14:28:06,151 | [META-RNW] | INFO | meta_classifier_renewed.model_trainers.meta_trainer | Ep [064/500] T-Acc: 100.0%  V-Acc:  60.0%  V-AUROC: 0.7500  LR: 4.00e-06
2026-06-29 14:28:06,619 | [META-RNW] | INFO | meta_classifier_renewed.model_trainers.meta_trainer | Ep [065/500] T-Acc: 100.0%  V-Acc:  60.0%  V-AUROC: 0.7500  LR: 1.00e-06
2026-06-29 14:28:07,028 | [META-RNW] | INFO | meta_classifier_renewed.model_trainers.meta_trainer | Ep [066/500] T-Acc: 100.0%  V-Acc:  60.0%  V-AUROC: 0.7500  LR: 1.00e-06
2026-06-29 14:28:07,483 | [META-RNW] | INFO | meta_classifier_renewed.model_trainers.meta_trainer | Ep [067/500] T-Acc: 100.0%  V-Acc:  60.0%  V-AUROC: 0.7500  LR: 1.00e-06
2026-06-29 14:28:07,925 | [META-RNW] | INFO | meta_classifier_renewed.model_trainers.meta_trainer | Ep [068/500] T-Acc: 100.0%  V-Acc:  60.0%  V-AUROC: 0.7500  LR: 1.00e-06
2026-06-29 14:28:08,348 | [META-RNW] | INFO | meta_classifier_renewed.model_trainers.meta_trainer | Ep [069/500] T-Acc: 100.0%  V-Acc:  60.0%  V-AUROC: 0.7500  LR: 1.00e-06
2026-06-29 14:28:08,755 | [META-RNW] | INFO | meta_classifier_renewed.model_trainers.meta_trainer | Ep [070/500] T-Acc: 100.0%  V-Acc:  60.0%  V-AUROC: 0.7500  LR: 1.00e-06
2026-06-29 14:28:09,187 | [META-RNW] | INFO | meta_classifier_renewed.model_trainers.meta_trainer | Ep [071/500] T-Acc:  95.5%  V-Acc:  60.0%  V-AUROC: 0.7500  LR: 1.00e-06
2026-06-29 14:28:09,189 | [META-RNW] | INFO | meta_classifier_renewed.model_trainers.meta_trainer | Early stop — best AUROC 0.8750 at epoch 31 (no improvement for 40 epochs)
2026-06-29 14:28:09,189 | [META-RNW] | INFO | meta_classifier_renewed.model_trainers.meta_trainer | Done. Best AUROC: 0.8750 (epoch 31)
2026-06-29 14:28:09,303 | [META-RNW] | INFO | meta_classifier_renewed.evaluators.monte_carlo_evaluator | -> Fold 13 Result | Acc=0.600 Sens=0.500 Spec=0.750 AUROC=0.750 (Fixed Threshold: 0.5)
2026-06-29 14:28:09,321 | [META-RNW] | INFO | meta_classifier_renewed.evaluators.monte_carlo_evaluator | === Fold 14/30 | train: 22 subj | test: 10 subj ===
2026-06-29 14:28:09,334 | [META-RNW] | INFO | meta_classifier_renewed.model_trainers.meta_trainer | Device: cuda | max_epochs=500 | batch=8 | es_patience=40 | lr=1e-04 | wd=1e-02
2026-06-29 14:28:09,335 | [META-RNW] | INFO | meta_classifier_renewed.model_trainers.meta_trainer | CE weights — HC: 0.917  MCI: 1.100
2026-06-29 14:28:09,775 | [META-RNW] | INFO | meta_classifier_renewed.model_trainers.meta_trainer | Ep [001/500] T-Acc:  54.5%  V-Acc:  60.0%  V-AUROC: 0.7500  LR: 2.00e-05
2026-06-29 14:28:09,870 | [META-RNW] | INFO | meta_classifier_renewed.model_trainers.meta_trainer |   ↳ new best AUROC; saved checkpoint: /home/leggo/AIResearch/VOGBasedMCIDetectionSystemMobileViTSingleExperimentInference/outputs/checkpoints/run_20260629_142305_meta_renewed/fold_13_best.pth
2026-06-29 14:28:10,280 | [META-RNW] | INFO | meta_classifier_renewed.model_trainers.meta_trainer | Ep [002/500] T-Acc:  50.0%  V-Acc:  30.0%  V-AUROC: 0.7500  LR: 4.00e-05
2026-06-29 14:28:10,722 | [META-RNW] | INFO | meta_classifier_renewed.model_trainers.meta_trainer | Ep [003/500] T-Acc:  54.5%  V-Acc:  70.0%  V-AUROC: 0.7500  LR: 6.00e-05
2026-06-29 14:28:11,171 | [META-RNW] | INFO | meta_classifier_renewed.model_trainers.meta_trainer | Ep [004/500] T-Acc:  45.5%  V-Acc:  70.0%  V-AUROC: 0.6875  LR: 8.00e-05
2026-06-29 14:28:11,684 | [META-RNW] | INFO | meta_classifier_renewed.model_trainers.meta_trainer | Ep [005/500] T-Acc:  45.5%  V-Acc:  70.0%  V-AUROC: 0.6250  LR: 1.00e-04
2026-06-29 14:28:12,147 | [META-RNW] | INFO | meta_classifier_renewed.model_trainers.meta_trainer | Ep [006/500] T-Acc:  40.9%  V-Acc:  70.0%  V-AUROC: 0.7500  LR: 1.00e-04
2026-06-29 14:28:12,576 | [META-RNW] | INFO | meta_classifier_renewed.model_trainers.meta_trainer | Ep [007/500] T-Acc:  54.5%  V-Acc:  60.0%  V-AUROC: 0.7500  LR: 1.00e-04
2026-06-29 14:28:13,043 | [META-RNW] | INFO | meta_classifier_renewed.model_trainers.meta_trainer | Ep [008/500] T-Acc:  45.5%  V-Acc:  70.0%  V-AUROC: 0.6875  LR: 1.00e-04
2026-06-29 14:28:13,490 | [META-RNW] | INFO | meta_classifier_renewed.model_trainers.meta_trainer | Ep [009/500] T-Acc:  54.5%  V-Acc:  20.0%  V-AUROC: 0.6250  LR: 1.00e-04
2026-06-29 14:28:13,948 | [META-RNW] | INFO | meta_classifier_renewed.model_trainers.meta_trainer | Ep [010/500] T-Acc:  59.1%  V-Acc:  50.0%  V-AUROC: 0.6875  LR: 1.00e-04
2026-06-29 14:28:14,408 | [META-RNW] | INFO | meta_classifier_renewed.model_trainers.meta_trainer | Ep [011/500] T-Acc:  72.7%  V-Acc:  70.0%  V-AUROC: 0.8125  LR: 1.00e-04
2026-06-29 14:28:14,521 | [META-RNW] | INFO | meta_classifier_renewed.model_trainers.meta_trainer |   ↳ new best AUROC; saved checkpoint: /home/leggo/AIResearch/VOGBasedMCIDetectionSystemMobileViTSingleExperimentInference/outputs/checkpoints/run_20260629_142305_meta_renewed/fold_13_best.pth
2026-06-29 14:28:14,912 | [META-RNW] | INFO | meta_classifier_renewed.model_trainers.meta_trainer | Ep [012/500] T-Acc:  63.6%  V-Acc:  60.0%  V-AUROC: 0.8125  LR: 1.00e-04
2026-06-29 14:28:15,299 | [META-RNW] | INFO | meta_classifier_renewed.model_trainers.meta_trainer | Ep [013/500] T-Acc:  95.5%  V-Acc:  60.0%  V-AUROC: 0.8125  LR: 1.00e-04
2026-06-29 14:28:15,731 | [META-RNW] | INFO | meta_classifier_renewed.model_trainers.meta_trainer | Ep [014/500] T-Acc:  63.6%  V-Acc:  80.0%  V-AUROC: 0.8750  LR: 1.00e-04
2026-06-29 14:28:15,849 | [META-RNW] | INFO | meta_classifier_renewed.model_trainers.meta_trainer |   ↳ new best AUROC; saved checkpoint: /home/leggo/AIResearch/VOGBasedMCIDetectionSystemMobileViTSingleExperimentInference/outputs/checkpoints/run_20260629_142305_meta_renewed/fold_13_best.pth
2026-06-29 14:28:16,266 | [META-RNW] | INFO | meta_classifier_renewed.model_trainers.meta_trainer | Ep [015/500] T-Acc:  63.6%  V-Acc:  30.0%  V-AUROC: 0.7500  LR: 1.00e-04
2026-06-29 14:28:16,684 | [META-RNW] | INFO | meta_classifier_renewed.model_trainers.meta_trainer | Ep [016/500] T-Acc:  68.2%  V-Acc:  20.0%  V-AUROC: 0.7500  LR: 1.00e-04
2026-06-29 14:28:17,088 | [META-RNW] | INFO | meta_classifier_renewed.model_trainers.meta_trainer | Ep [017/500] T-Acc:  63.6%  V-Acc:  20.0%  V-AUROC: 0.7500  LR: 1.00e-04
2026-06-29 14:28:17,495 | [META-RNW] | INFO | meta_classifier_renewed.model_trainers.meta_trainer | Ep [018/500] T-Acc:  63.6%  V-Acc:  80.0%  V-AUROC: 0.7500  LR: 1.00e-04
2026-06-29 14:28:17,940 | [META-RNW] | INFO | meta_classifier_renewed.model_trainers.meta_trainer | Ep [019/500] T-Acc:  68.2%  V-Acc:  70.0%  V-AUROC: 0.7500  LR: 1.00e-04
2026-06-29 14:28:18,380 | [META-RNW] | INFO | meta_classifier_renewed.model_trainers.meta_trainer | Ep [020/500] T-Acc:  68.2%  V-Acc:  70.0%  V-AUROC: 0.7500  LR: 1.00e-04
2026-06-29 14:28:18,787 | [META-RNW] | INFO | meta_classifier_renewed.model_trainers.meta_trainer | Ep [021/500] T-Acc:  77.3%  V-Acc:  60.0%  V-AUROC: 0.6250  LR: 1.00e-04
2026-06-29 14:28:19,204 | [META-RNW] | INFO | meta_classifier_renewed.model_trainers.meta_trainer | Ep [022/500] T-Acc:  77.3%  V-Acc:  40.0%  V-AUROC: 0.6250  LR: 1.00e-04
2026-06-29 14:28:19,628 | [META-RNW] | INFO | meta_classifier_renewed.model_trainers.meta_trainer | Ep [023/500] T-Acc:  59.1%  V-Acc:  60.0%  V-AUROC: 0.6250  LR: 1.00e-04
2026-06-29 14:28:20,072 | [META-RNW] | INFO | meta_classifier_renewed.model_trainers.meta_trainer | Ep [024/500] T-Acc:  90.9%  V-Acc:  60.0%  V-AUROC: 0.6875  LR: 1.00e-04
2026-06-29 14:28:20,532 | [META-RNW] | INFO | meta_classifier_renewed.model_trainers.meta_trainer | Ep [025/500] T-Acc:  90.9%  V-Acc:  50.0%  V-AUROC: 0.6875  LR: 1.00e-04
2026-06-29 14:28:20,954 | [META-RNW] | INFO | meta_classifier_renewed.model_trainers.meta_trainer | Ep [026/500] T-Acc:  77.3%  V-Acc:  50.0%  V-AUROC: 0.6875  LR: 2.00e-05
2026-06-29 14:28:21,329 | [META-RNW] | INFO | meta_classifier_renewed.model_trainers.meta_trainer | Ep [027/500] T-Acc:  81.8%  V-Acc:  50.0%  V-AUROC: 0.6875  LR: 2.00e-05
2026-06-29 14:28:21,751 | [META-RNW] | INFO | meta_classifier_renewed.model_trainers.meta_trainer | Ep [028/500] T-Acc:  81.8%  V-Acc:  50.0%  V-AUROC: 0.6875  LR: 2.00e-05
2026-06-29 14:28:22,157 | [META-RNW] | INFO | meta_classifier_renewed.model_trainers.meta_trainer | Ep [029/500] T-Acc:  90.9%  V-Acc:  50.0%  V-AUROC: 0.6875  LR: 2.00e-05
2026-06-29 14:28:22,599 | [META-RNW] | INFO | meta_classifier_renewed.model_trainers.meta_trainer | Ep [030/500] T-Acc:  86.4%  V-Acc:  70.0%  V-AUROC: 0.6875  LR: 2.00e-05
2026-06-29 14:28:23,015 | [META-RNW] | INFO | meta_classifier_renewed.model_trainers.meta_trainer | Ep [031/500] T-Acc:  77.3%  V-Acc:  70.0%  V-AUROC: 0.6875  LR: 2.00e-05
2026-06-29 14:28:23,439 | [META-RNW] | INFO | meta_classifier_renewed.model_trainers.meta_trainer | Ep [032/500] T-Acc:  86.4%  V-Acc:  70.0%  V-AUROC: 0.6250  LR: 2.00e-05
2026-06-29 14:28:23,877 | [META-RNW] | INFO | meta_classifier_renewed.model_trainers.meta_trainer | Ep [033/500] T-Acc:  86.4%  V-Acc:  60.0%  V-AUROC: 0.6250  LR: 2.00e-05
2026-06-29 14:28:24,297 | [META-RNW] | INFO | meta_classifier_renewed.model_trainers.meta_trainer | Ep [034/500] T-Acc:  90.9%  V-Acc:  60.0%  V-AUROC: 0.6250  LR: 2.00e-05
2026-06-29 14:28:24,693 | [META-RNW] | INFO | meta_classifier_renewed.model_trainers.meta_trainer | Ep [035/500] T-Acc:  95.5%  V-Acc:  60.0%  V-AUROC: 0.6875  LR: 2.00e-05
2026-06-29 14:28:25,124 | [META-RNW] | INFO | meta_classifier_renewed.model_trainers.meta_trainer | Ep [036/500] T-Acc:  90.9%  V-Acc:  60.0%  V-AUROC: 0.6875  LR: 2.00e-05
2026-06-29 14:28:25,580 | [META-RNW] | INFO | meta_classifier_renewed.model_trainers.meta_trainer | Ep [037/500] T-Acc:  81.8%  V-Acc:  60.0%  V-AUROC: 0.6875  LR: 4.00e-06
2026-06-29 14:28:26,004 | [META-RNW] | INFO | meta_classifier_renewed.model_trainers.meta_trainer | Ep [038/500] T-Acc:  81.8%  V-Acc:  60.0%  V-AUROC: 0.6875  LR: 4.00e-06
2026-06-29 14:28:26,480 | [META-RNW] | INFO | meta_classifier_renewed.model_trainers.meta_trainer | Ep [039/500] T-Acc:  95.5%  V-Acc:  60.0%  V-AUROC: 0.6875  LR: 4.00e-06
2026-06-29 14:28:26,895 | [META-RNW] | INFO | meta_classifier_renewed.model_trainers.meta_trainer | Ep [040/500] T-Acc:  90.9%  V-Acc:  70.0%  V-AUROC: 0.6875  LR: 4.00e-06
2026-06-29 14:28:27,319 | [META-RNW] | INFO | meta_classifier_renewed.model_trainers.meta_trainer | Ep [041/500] T-Acc:  86.4%  V-Acc:  60.0%  V-AUROC: 0.6875  LR: 4.00e-06
2026-06-29 14:28:27,771 | [META-RNW] | INFO | meta_classifier_renewed.model_trainers.meta_trainer | Ep [042/500] T-Acc: 100.0%  V-Acc:  70.0%  V-AUROC: 0.6875  LR: 4.00e-06
2026-06-29 14:28:28,179 | [META-RNW] | INFO | meta_classifier_renewed.model_trainers.meta_trainer | Ep [043/500] T-Acc:  95.5%  V-Acc:  70.0%  V-AUROC: 0.6875  LR: 4.00e-06
2026-06-29 14:28:28,591 | [META-RNW] | INFO | meta_classifier_renewed.model_trainers.meta_trainer | Ep [044/500] T-Acc:  95.5%  V-Acc:  70.0%  V-AUROC: 0.6875  LR: 4.00e-06
2026-06-29 14:28:29,010 | [META-RNW] | INFO | meta_classifier_renewed.model_trainers.meta_trainer | Ep [045/500] T-Acc:  90.9%  V-Acc:  70.0%  V-AUROC: 0.6875  LR: 4.00e-06
2026-06-29 14:28:29,469 | [META-RNW] | INFO | meta_classifier_renewed.model_trainers.meta_trainer | Ep [046/500] T-Acc:  95.5%  V-Acc:  70.0%  V-AUROC: 0.6875  LR: 4.00e-06
2026-06-29 14:28:29,951 | [META-RNW] | INFO | meta_classifier_renewed.model_trainers.meta_trainer | Ep [047/500] T-Acc:  95.5%  V-Acc:  70.0%  V-AUROC: 0.6875  LR: 4.00e-06
2026-06-29 14:28:30,376 | [META-RNW] | INFO | meta_classifier_renewed.model_trainers.meta_trainer | Ep [048/500] T-Acc:  81.8%  V-Acc:  70.0%  V-AUROC: 0.6875  LR: 1.00e-06
2026-06-29 14:28:30,810 | [META-RNW] | INFO | meta_classifier_renewed.model_trainers.meta_trainer | Ep [049/500] T-Acc:  90.9%  V-Acc:  70.0%  V-AUROC: 0.6875  LR: 1.00e-06
2026-06-29 14:28:31,237 | [META-RNW] | INFO | meta_classifier_renewed.model_trainers.meta_trainer | Ep [050/500] T-Acc:  90.9%  V-Acc:  70.0%  V-AUROC: 0.6875  LR: 1.00e-06
2026-06-29 14:28:31,656 | [META-RNW] | INFO | meta_classifier_renewed.model_trainers.meta_trainer | Ep [051/500] T-Acc:  95.5%  V-Acc:  70.0%  V-AUROC: 0.6875  LR: 1.00e-06
2026-06-29 14:28:32,089 | [META-RNW] | INFO | meta_classifier_renewed.model_trainers.meta_trainer | Ep [052/500] T-Acc:  86.4%  V-Acc:  70.0%  V-AUROC: 0.6875  LR: 1.00e-06
2026-06-29 14:28:32,516 | [META-RNW] | INFO | meta_classifier_renewed.model_trainers.meta_trainer | Ep [053/500] T-Acc:  86.4%  V-Acc:  70.0%  V-AUROC: 0.6875  LR: 1.00e-06
2026-06-29 14:28:32,970 | [META-RNW] | INFO | meta_classifier_renewed.model_trainers.meta_trainer | Ep [054/500] T-Acc:  90.9%  V-Acc:  70.0%  V-AUROC: 0.6875  LR: 1.00e-06
2026-06-29 14:28:32,970 | [META-RNW] | INFO | meta_classifier_renewed.model_trainers.meta_trainer | Early stop — best AUROC 0.8750 at epoch 14 (no improvement for 40 epochs)
2026-06-29 14:28:32,971 | [META-RNW] | INFO | meta_classifier_renewed.model_trainers.meta_trainer | Done. Best AUROC: 0.8750 (epoch 14)
2026-06-29 14:28:33,079 | [META-RNW] | INFO | meta_classifier_renewed.evaluators.monte_carlo_evaluator | -> Fold 14 Result | Acc=0.700 Sens=0.625 Spec=1.000 AUROC=0.688 (Fixed Threshold: 0.5)
2026-06-29 14:28:33,097 | [META-RNW] | INFO | meta_classifier_renewed.evaluators.monte_carlo_evaluator | === Fold 15/30 | train: 22 subj | test: 10 subj ===
2026-06-29 14:28:33,111 | [META-RNW] | INFO | meta_classifier_renewed.model_trainers.meta_trainer | Device: cuda | max_epochs=500 | batch=8 | es_patience=40 | lr=1e-04 | wd=1e-02
2026-06-29 14:28:33,112 | [META-RNW] | INFO | meta_classifier_renewed.model_trainers.meta_trainer | CE weights — HC: 1.000  MCI: 1.000
2026-06-29 14:28:33,541 | [META-RNW] | INFO | meta_classifier_renewed.model_trainers.meta_trainer | Ep [001/500] T-Acc:  68.2%  V-Acc:  60.0%  V-AUROC: 0.2857  LR: 2.00e-05
2026-06-29 14:28:33,643 | [META-RNW] | INFO | meta_classifier_renewed.model_trainers.meta_trainer |   ↳ new best AUROC; saved checkpoint: /home/leggo/AIResearch/VOGBasedMCIDetectionSystemMobileViTSingleExperimentInference/outputs/checkpoints/run_20260629_142305_meta_renewed/fold_14_best.pth
2026-06-29 14:28:34,063 | [META-RNW] | INFO | meta_classifier_renewed.model_trainers.meta_trainer | Ep [002/500] T-Acc:  40.9%  V-Acc:  60.0%  V-AUROC: 0.2857  LR: 4.00e-05
2026-06-29 14:28:34,490 | [META-RNW] | INFO | meta_classifier_renewed.model_trainers.meta_trainer | Ep [003/500] T-Acc:  54.5%  V-Acc:  40.0%  V-AUROC: 0.3810  LR: 6.00e-05
2026-06-29 14:28:34,596 | [META-RNW] | INFO | meta_classifier_renewed.model_trainers.meta_trainer |   ↳ new best AUROC; saved checkpoint: /home/leggo/AIResearch/VOGBasedMCIDetectionSystemMobileViTSingleExperimentInference/outputs/checkpoints/run_20260629_142305_meta_renewed/fold_14_best.pth
2026-06-29 14:28:35,035 | [META-RNW] | INFO | meta_classifier_renewed.model_trainers.meta_trainer | Ep [004/500] T-Acc:  36.4%  V-Acc:  30.0%  V-AUROC: 0.4286  LR: 8.00e-05
2026-06-29 14:28:35,149 | [META-RNW] | INFO | meta_classifier_renewed.model_trainers.meta_trainer |   ↳ new best AUROC; saved checkpoint: /home/leggo/AIResearch/VOGBasedMCIDetectionSystemMobileViTSingleExperimentInference/outputs/checkpoints/run_20260629_142305_meta_renewed/fold_14_best.pth
2026-06-29 14:28:35,567 | [META-RNW] | INFO | meta_classifier_renewed.model_trainers.meta_trainer | Ep [005/500] T-Acc:  54.5%  V-Acc:  30.0%  V-AUROC: 0.3333  LR: 1.00e-04
2026-06-29 14:28:35,989 | [META-RNW] | INFO | meta_classifier_renewed.model_trainers.meta_trainer | Ep [006/500] T-Acc:  54.5%  V-Acc:  60.0%  V-AUROC: 0.2857  LR: 1.00e-04
2026-06-29 14:28:36,413 | [META-RNW] | INFO | meta_classifier_renewed.model_trainers.meta_trainer | Ep [007/500] T-Acc:  59.1%  V-Acc:  50.0%  V-AUROC: 0.2857  LR: 1.00e-04
2026-06-29 14:28:36,837 | [META-RNW] | INFO | meta_classifier_renewed.model_trainers.meta_trainer | Ep [008/500] T-Acc:  59.1%  V-Acc:  40.0%  V-AUROC: 0.5238  LR: 1.00e-04
2026-06-29 14:28:36,950 | [META-RNW] | INFO | meta_classifier_renewed.model_trainers.meta_trainer |   ↳ new best AUROC; saved checkpoint: /home/leggo/AIResearch/VOGBasedMCIDetectionSystemMobileViTSingleExperimentInference/outputs/checkpoints/run_20260629_142305_meta_renewed/fold_14_best.pth
2026-06-29 14:28:37,348 | [META-RNW] | INFO | meta_classifier_renewed.model_trainers.meta_trainer | Ep [009/500] T-Acc:  77.3%  V-Acc:  40.0%  V-AUROC: 0.5714  LR: 1.00e-04
2026-06-29 14:28:37,462 | [META-RNW] | INFO | meta_classifier_renewed.model_trainers.meta_trainer |   ↳ new best AUROC; saved checkpoint: /home/leggo/AIResearch/VOGBasedMCIDetectionSystemMobileViTSingleExperimentInference/outputs/checkpoints/run_20260629_142305_meta_renewed/fold_14_best.pth
2026-06-29 14:28:37,893 | [META-RNW] | INFO | meta_classifier_renewed.model_trainers.meta_trainer | Ep [010/500] T-Acc:  68.2%  V-Acc:  30.0%  V-AUROC: 0.5714  LR: 1.00e-04
2026-06-29 14:28:38,328 | [META-RNW] | INFO | meta_classifier_renewed.model_trainers.meta_trainer | Ep [011/500] T-Acc:  72.7%  V-Acc:  70.0%  V-AUROC: 0.5714  LR: 1.00e-04
2026-06-29 14:28:38,747 | [META-RNW] | INFO | meta_classifier_renewed.model_trainers.meta_trainer | Ep [012/500] T-Acc:  59.1%  V-Acc:  50.0%  V-AUROC: 0.5714  LR: 1.00e-04
2026-06-29 14:28:39,169 | [META-RNW] | INFO | meta_classifier_renewed.model_trainers.meta_trainer | Ep [013/500] T-Acc:  63.6%  V-Acc:  50.0%  V-AUROC: 0.5714  LR: 1.00e-04
2026-06-29 14:28:39,615 | [META-RNW] | INFO | meta_classifier_renewed.model_trainers.meta_trainer | Ep [014/500] T-Acc:  90.9%  V-Acc:  70.0%  V-AUROC: 0.5714  LR: 1.00e-04
2026-06-29 14:28:40,052 | [META-RNW] | INFO | meta_classifier_renewed.model_trainers.meta_trainer | Ep [015/500] T-Acc:  72.7%  V-Acc:  70.0%  V-AUROC: 0.5238  LR: 1.00e-04
2026-06-29 14:28:40,490 | [META-RNW] | INFO | meta_classifier_renewed.model_trainers.meta_trainer | Ep [016/500] T-Acc:  81.8%  V-Acc:  40.0%  V-AUROC: 0.5714  LR: 1.00e-04
2026-06-29 14:28:40,929 | [META-RNW] | INFO | meta_classifier_renewed.model_trainers.meta_trainer | Ep [017/500] T-Acc:  86.4%  V-Acc:  30.0%  V-AUROC: 0.5714  LR: 1.00e-04
2026-06-29 14:28:41,377 | [META-RNW] | INFO | meta_classifier_renewed.model_trainers.meta_trainer | Ep [018/500] T-Acc:  72.7%  V-Acc:  30.0%  V-AUROC: 0.5714  LR: 1.00e-04
2026-06-29 14:28:41,836 | [META-RNW] | INFO | meta_classifier_renewed.model_trainers.meta_trainer | Ep [019/500] T-Acc:  86.4%  V-Acc:  40.0%  V-AUROC: 0.5714  LR: 1.00e-04
2026-06-29 14:28:42,259 | [META-RNW] | INFO | meta_classifier_renewed.model_trainers.meta_trainer | Ep [020/500] T-Acc:  90.9%  V-Acc:  70.0%  V-AUROC: 0.5238  LR: 1.00e-04
2026-06-29 14:28:42,693 | [META-RNW] | INFO | meta_classifier_renewed.model_trainers.meta_trainer | Ep [021/500] T-Acc:  81.8%  V-Acc:  70.0%  V-AUROC: 0.5238  LR: 2.00e-05
2026-06-29 14:28:43,123 | [META-RNW] | INFO | meta_classifier_renewed.model_trainers.meta_trainer | Ep [022/500] T-Acc:  90.9%  V-Acc:  70.0%  V-AUROC: 0.5238  LR: 2.00e-05
2026-06-29 14:28:43,552 | [META-RNW] | INFO | meta_classifier_renewed.model_trainers.meta_trainer | Ep [023/500] T-Acc:  86.4%  V-Acc:  50.0%  V-AUROC: 0.5238  LR: 2.00e-05
2026-06-29 14:28:43,960 | [META-RNW] | INFO | meta_classifier_renewed.model_trainers.meta_trainer | Ep [024/500] T-Acc:  86.4%  V-Acc:  50.0%  V-AUROC: 0.5238  LR: 2.00e-05
2026-06-29 14:28:44,378 | [META-RNW] | INFO | meta_classifier_renewed.model_trainers.meta_trainer | Ep [025/500] T-Acc:  81.8%  V-Acc:  30.0%  V-AUROC: 0.4762  LR: 2.00e-05
2026-06-29 14:28:44,792 | [META-RNW] | INFO | meta_classifier_renewed.model_trainers.meta_trainer | Ep [026/500] T-Acc:  90.9%  V-Acc:  30.0%  V-AUROC: 0.4762  LR: 2.00e-05
2026-06-29 14:28:45,239 | [META-RNW] | INFO | meta_classifier_renewed.model_trainers.meta_trainer | Ep [027/500] T-Acc:  90.9%  V-Acc:  30.0%  V-AUROC: 0.4762  LR: 2.00e-05
2026-06-29 14:28:45,659 | [META-RNW] | INFO | meta_classifier_renewed.model_trainers.meta_trainer | Ep [028/500] T-Acc:  90.9%  V-Acc:  30.0%  V-AUROC: 0.4286  LR: 2.00e-05
2026-06-29 14:28:46,058 | [META-RNW] | INFO | meta_classifier_renewed.model_trainers.meta_trainer | Ep [029/500] T-Acc:  90.9%  V-Acc:  40.0%  V-AUROC: 0.4286  LR: 2.00e-05
2026-06-29 14:28:46,482 | [META-RNW] | INFO | meta_classifier_renewed.model_trainers.meta_trainer | Ep [030/500] T-Acc:  86.4%  V-Acc:  50.0%  V-AUROC: 0.4286  LR: 2.00e-05
2026-06-29 14:28:46,888 | [META-RNW] | INFO | meta_classifier_renewed.model_trainers.meta_trainer | Ep [031/500] T-Acc: 100.0%  V-Acc:  40.0%  V-AUROC: 0.4286  LR: 2.00e-05
2026-06-29 14:28:47,331 | [META-RNW] | INFO | meta_classifier_renewed.model_trainers.meta_trainer | Ep [032/500] T-Acc:  95.5%  V-Acc:  40.0%  V-AUROC: 0.4286  LR: 4.00e-06
2026-06-29 14:28:47,789 | [META-RNW] | INFO | meta_classifier_renewed.model_trainers.meta_trainer | Ep [033/500] T-Acc:  86.4%  V-Acc:  40.0%  V-AUROC: 0.3810  LR: 4.00e-06
2026-06-29 14:28:48,225 | [META-RNW] | INFO | meta_classifier_renewed.model_trainers.meta_trainer | Ep [034/500] T-Acc:  90.9%  V-Acc:  40.0%  V-AUROC: 0.3810  LR: 4.00e-06
2026-06-29 14:28:48,650 | [META-RNW] | INFO | meta_classifier_renewed.model_trainers.meta_trainer | Ep [035/500] T-Acc:  90.9%  V-Acc:  40.0%  V-AUROC: 0.4286  LR: 4.00e-06
2026-06-29 14:28:49,084 | [META-RNW] | INFO | meta_classifier_renewed.model_trainers.meta_trainer | Ep [036/500] T-Acc: 100.0%  V-Acc:  40.0%  V-AUROC: 0.3810  LR: 4.00e-06
2026-06-29 14:28:49,519 | [META-RNW] | INFO | meta_classifier_renewed.model_trainers.meta_trainer | Ep [037/500] T-Acc:  86.4%  V-Acc:  40.0%  V-AUROC: 0.4286  LR: 4.00e-06
2026-06-29 14:28:49,983 | [META-RNW] | INFO | meta_classifier_renewed.model_trainers.meta_trainer | Ep [038/500] T-Acc:  95.5%  V-Acc:  40.0%  V-AUROC: 0.3810  LR: 4.00e-06
2026-06-29 14:28:50,413 | [META-RNW] | INFO | meta_classifier_renewed.model_trainers.meta_trainer | Ep [039/500] T-Acc:  86.4%  V-Acc:  40.0%  V-AUROC: 0.3810  LR: 4.00e-06
2026-06-29 14:28:50,795 | [META-RNW] | INFO | meta_classifier_renewed.model_trainers.meta_trainer | Ep [040/500] T-Acc:  81.8%  V-Acc:  40.0%  V-AUROC: 0.3810  LR: 4.00e-06
2026-06-29 14:28:51,177 | [META-RNW] | INFO | meta_classifier_renewed.model_trainers.meta_trainer | Ep [041/500] T-Acc:  90.9%  V-Acc:  40.0%  V-AUROC: 0.3810  LR: 4.00e-06
2026-06-29 14:28:51,514 | [META-RNW] | INFO | meta_classifier_renewed.model_trainers.meta_trainer | Ep [042/500] T-Acc:  90.9%  V-Acc:  40.0%  V-AUROC: 0.3810  LR: 4.00e-06
2026-06-29 14:28:51,847 | [META-RNW] | INFO | meta_classifier_renewed.model_trainers.meta_trainer | Ep [043/500] T-Acc:  86.4%  V-Acc:  40.0%  V-AUROC: 0.3810  LR: 1.00e-06
2026-06-29 14:28:52,179 | [META-RNW] | INFO | meta_classifier_renewed.model_trainers.meta_trainer | Ep [044/500] T-Acc:  95.5%  V-Acc:  40.0%  V-AUROC: 0.3810  LR: 1.00e-06
2026-06-29 14:28:52,524 | [META-RNW] | INFO | meta_classifier_renewed.model_trainers.meta_trainer | Ep [045/500] T-Acc:  90.9%  V-Acc:  40.0%  V-AUROC: 0.3810  LR: 1.00e-06
2026-06-29 14:28:52,896 | [META-RNW] | INFO | meta_classifier_renewed.model_trainers.meta_trainer | Ep [046/500] T-Acc:  90.9%  V-Acc:  40.0%  V-AUROC: 0.3810  LR: 1.00e-06
2026-06-29 14:28:53,273 | [META-RNW] | INFO | meta_classifier_renewed.model_trainers.meta_trainer | Ep [047/500] T-Acc:  86.4%  V-Acc:  40.0%  V-AUROC: 0.3810  LR: 1.00e-06
2026-06-29 14:28:53,695 | [META-RNW] | INFO | meta_classifier_renewed.model_trainers.meta_trainer | Ep [048/500] T-Acc: 100.0%  V-Acc:  40.0%  V-AUROC: 0.3810  LR: 1.00e-06
2026-06-29 14:28:54,122 | [META-RNW] | INFO | meta_classifier_renewed.model_trainers.meta_trainer | Ep [049/500] T-Acc:  95.5%  V-Acc:  40.0%  V-AUROC: 0.3810  LR: 1.00e-06
2026-06-29 14:28:54,123 | [META-RNW] | INFO | meta_classifier_renewed.model_trainers.meta_trainer | Early stop — best AUROC 0.5714 at epoch 9 (no improvement for 40 epochs)
2026-06-29 14:28:54,123 | [META-RNW] | INFO | meta_classifier_renewed.model_trainers.meta_trainer | Done. Best AUROC: 0.5714 (epoch 9)
2026-06-29 14:28:54,226 | [META-RNW] | INFO | meta_classifier_renewed.evaluators.monte_carlo_evaluator | -> Fold 15 Result | Acc=0.400 Sens=0.429 Spec=0.333 AUROC=0.381 (Fixed Threshold: 0.5)
2026-06-29 14:28:54,243 | [META-RNW] | INFO | meta_classifier_renewed.evaluators.monte_carlo_evaluator | === Fold 16/30 | train: 22 subj | test: 10 subj ===
2026-06-29 14:28:54,255 | [META-RNW] | INFO | meta_classifier_renewed.model_trainers.meta_trainer | Device: cuda | max_epochs=500 | batch=8 | es_patience=40 | lr=1e-04 | wd=1e-02
2026-06-29 14:28:54,256 | [META-RNW] | INFO | meta_classifier_renewed.model_trainers.meta_trainer | CE weights — HC: 1.100  MCI: 0.917
2026-06-29 14:28:54,693 | [META-RNW] | INFO | meta_classifier_renewed.model_trainers.meta_trainer | Ep [001/500] T-Acc:  31.8%  V-Acc:  30.0%  V-AUROC: 0.2500  LR: 2.00e-05
2026-06-29 14:28:54,788 | [META-RNW] | INFO | meta_classifier_renewed.model_trainers.meta_trainer |   ↳ new best AUROC; saved checkpoint: /home/leggo/AIResearch/VOGBasedMCIDetectionSystemMobileViTSingleExperimentInference/outputs/checkpoints/run_20260629_142305_meta_renewed/fold_15_best.pth
2026-06-29 14:28:55,212 | [META-RNW] | INFO | meta_classifier_renewed.model_trainers.meta_trainer | Ep [002/500] T-Acc:  54.5%  V-Acc:  30.0%  V-AUROC: 0.3333  LR: 4.00e-05
2026-06-29 14:28:55,321 | [META-RNW] | INFO | meta_classifier_renewed.model_trainers.meta_trainer |   ↳ new best AUROC; saved checkpoint: /home/leggo/AIResearch/VOGBasedMCIDetectionSystemMobileViTSingleExperimentInference/outputs/checkpoints/run_20260629_142305_meta_renewed/fold_15_best.pth
2026-06-29 14:28:55,760 | [META-RNW] | INFO | meta_classifier_renewed.model_trainers.meta_trainer | Ep [003/500] T-Acc:  31.8%  V-Acc:  40.0%  V-AUROC: 0.4167  LR: 6.00e-05
2026-06-29 14:28:55,869 | [META-RNW] | INFO | meta_classifier_renewed.model_trainers.meta_trainer |   ↳ new best AUROC; saved checkpoint: /home/leggo/AIResearch/VOGBasedMCIDetectionSystemMobileViTSingleExperimentInference/outputs/checkpoints/run_20260629_142305_meta_renewed/fold_15_best.pth
2026-06-29 14:28:56,320 | [META-RNW] | INFO | meta_classifier_renewed.model_trainers.meta_trainer | Ep [004/500] T-Acc:  54.5%  V-Acc:  50.0%  V-AUROC: 0.5000  LR: 8.00e-05
2026-06-29 14:28:56,453 | [META-RNW] | INFO | meta_classifier_renewed.model_trainers.meta_trainer |   ↳ new best AUROC; saved checkpoint: /home/leggo/AIResearch/VOGBasedMCIDetectionSystemMobileViTSingleExperimentInference/outputs/checkpoints/run_20260629_142305_meta_renewed/fold_15_best.pth
2026-06-29 14:28:56,944 | [META-RNW] | INFO | meta_classifier_renewed.model_trainers.meta_trainer | Ep [005/500] T-Acc:  50.0%  V-Acc:  50.0%  V-AUROC: 0.4167  LR: 1.00e-04
2026-06-29 14:28:57,370 | [META-RNW] | INFO | meta_classifier_renewed.model_trainers.meta_trainer | Ep [006/500] T-Acc:  40.9%  V-Acc:  50.0%  V-AUROC: 0.4583  LR: 1.00e-04
2026-06-29 14:28:57,780 | [META-RNW] | INFO | meta_classifier_renewed.model_trainers.meta_trainer | Ep [007/500] T-Acc:  72.7%  V-Acc:  40.0%  V-AUROC: 0.5000  LR: 1.00e-04
2026-06-29 14:28:58,227 | [META-RNW] | INFO | meta_classifier_renewed.model_trainers.meta_trainer | Ep [008/500] T-Acc:  59.1%  V-Acc:  40.0%  V-AUROC: 0.5000  LR: 1.00e-04
2026-06-29 14:28:58,665 | [META-RNW] | INFO | meta_classifier_renewed.model_trainers.meta_trainer | Ep [009/500] T-Acc:  63.6%  V-Acc:  70.0%  V-AUROC: 0.5417  LR: 1.00e-04
2026-06-29 14:28:58,777 | [META-RNW] | INFO | meta_classifier_renewed.model_trainers.meta_trainer |   ↳ new best AUROC; saved checkpoint: /home/leggo/AIResearch/VOGBasedMCIDetectionSystemMobileViTSingleExperimentInference/outputs/checkpoints/run_20260629_142305_meta_renewed/fold_15_best.pth
2026-06-29 14:28:59,194 | [META-RNW] | INFO | meta_classifier_renewed.model_trainers.meta_trainer | Ep [010/500] T-Acc:  72.7%  V-Acc:  70.0%  V-AUROC: 0.6250  LR: 1.00e-04
2026-06-29 14:28:59,307 | [META-RNW] | INFO | meta_classifier_renewed.model_trainers.meta_trainer |   ↳ new best AUROC; saved checkpoint: /home/leggo/AIResearch/VOGBasedMCIDetectionSystemMobileViTSingleExperimentInference/outputs/checkpoints/run_20260629_142305_meta_renewed/fold_15_best.pth
2026-06-29 14:28:59,753 | [META-RNW] | INFO | meta_classifier_renewed.model_trainers.meta_trainer | Ep [011/500] T-Acc:  68.2%  V-Acc:  40.0%  V-AUROC: 0.6667  LR: 1.00e-04
2026-06-29 14:28:59,869 | [META-RNW] | INFO | meta_classifier_renewed.model_trainers.meta_trainer |   ↳ new best AUROC; saved checkpoint: /home/leggo/AIResearch/VOGBasedMCIDetectionSystemMobileViTSingleExperimentInference/outputs/checkpoints/run_20260629_142305_meta_renewed/fold_15_best.pth
2026-06-29 14:29:00,300 | [META-RNW] | INFO | meta_classifier_renewed.model_trainers.meta_trainer | Ep [012/500] T-Acc:  59.1%  V-Acc:  30.0%  V-AUROC: 0.6667  LR: 1.00e-04
2026-06-29 14:29:00,749 | [META-RNW] | INFO | meta_classifier_renewed.model_trainers.meta_trainer | Ep [013/500] T-Acc:  77.3%  V-Acc:  40.0%  V-AUROC: 0.6667  LR: 1.00e-04
2026-06-29 14:29:01,218 | [META-RNW] | INFO | meta_classifier_renewed.model_trainers.meta_trainer | Ep [014/500] T-Acc:  86.4%  V-Acc:  70.0%  V-AUROC: 0.6667  LR: 1.00e-04
2026-06-29 14:29:01,644 | [META-RNW] | INFO | meta_classifier_renewed.model_trainers.meta_trainer | Ep [015/500] T-Acc:  68.2%  V-Acc:  60.0%  V-AUROC: 0.6667  LR: 1.00e-04
2026-06-29 14:29:02,070 | [META-RNW] | INFO | meta_classifier_renewed.model_trainers.meta_trainer | Ep [016/500] T-Acc:  77.3%  V-Acc:  80.0%  V-AUROC: 0.6667  LR: 1.00e-04
2026-06-29 14:29:02,497 | [META-RNW] | INFO | meta_classifier_renewed.model_trainers.meta_trainer | Ep [017/500] T-Acc:  63.6%  V-Acc:  40.0%  V-AUROC: 0.6667  LR: 1.00e-04
2026-06-29 14:29:02,949 | [META-RNW] | INFO | meta_classifier_renewed.model_trainers.meta_trainer | Ep [018/500] T-Acc:  81.8%  V-Acc:  40.0%  V-AUROC: 0.7083  LR: 1.00e-04
2026-06-29 14:29:03,070 | [META-RNW] | INFO | meta_classifier_renewed.model_trainers.meta_trainer |   ↳ new best AUROC; saved checkpoint: /home/leggo/AIResearch/VOGBasedMCIDetectionSystemMobileViTSingleExperimentInference/outputs/checkpoints/run_20260629_142305_meta_renewed/fold_15_best.pth
2026-06-29 14:29:03,513 | [META-RNW] | INFO | meta_classifier_renewed.model_trainers.meta_trainer | Ep [019/500] T-Acc:  90.9%  V-Acc:  50.0%  V-AUROC: 0.7083  LR: 1.00e-04
2026-06-29 14:29:03,949 | [META-RNW] | INFO | meta_classifier_renewed.model_trainers.meta_trainer | Ep [020/500] T-Acc:  90.9%  V-Acc:  80.0%  V-AUROC: 0.7083  LR: 1.00e-04
2026-06-29 14:29:04,357 | [META-RNW] | INFO | meta_classifier_renewed.model_trainers.meta_trainer | Ep [021/500] T-Acc:  86.4%  V-Acc:  70.0%  V-AUROC: 0.7083  LR: 1.00e-04
2026-06-29 14:29:04,769 | [META-RNW] | INFO | meta_classifier_renewed.model_trainers.meta_trainer | Ep [022/500] T-Acc:  86.4%  V-Acc:  70.0%  V-AUROC: 0.7083  LR: 1.00e-04
2026-06-29 14:29:05,170 | [META-RNW] | INFO | meta_classifier_renewed.model_trainers.meta_trainer | Ep [023/500] T-Acc:  90.9%  V-Acc:  60.0%  V-AUROC: 0.6667  LR: 1.00e-04
2026-06-29 14:29:05,569 | [META-RNW] | INFO | meta_classifier_renewed.model_trainers.meta_trainer | Ep [024/500] T-Acc:  90.9%  V-Acc:  60.0%  V-AUROC: 0.6667  LR: 1.00e-04
2026-06-29 14:29:05,993 | [META-RNW] | INFO | meta_classifier_renewed.model_trainers.meta_trainer | Ep [025/500] T-Acc:  86.4%  V-Acc:  30.0%  V-AUROC: 0.6667  LR: 1.00e-04
2026-06-29 14:29:06,412 | [META-RNW] | INFO | meta_classifier_renewed.model_trainers.meta_trainer | Ep [026/500] T-Acc:  95.5%  V-Acc:  60.0%  V-AUROC: 0.7083  LR: 1.00e-04
2026-06-29 14:29:06,814 | [META-RNW] | INFO | meta_classifier_renewed.model_trainers.meta_trainer | Ep [027/500] T-Acc:  90.9%  V-Acc:  60.0%  V-AUROC: 0.7083  LR: 1.00e-04
2026-06-29 14:29:07,232 | [META-RNW] | INFO | meta_classifier_renewed.model_trainers.meta_trainer | Ep [028/500] T-Acc: 100.0%  V-Acc:  60.0%  V-AUROC: 0.7500  LR: 1.00e-04
2026-06-29 14:29:07,339 | [META-RNW] | INFO | meta_classifier_renewed.model_trainers.meta_trainer |   ↳ new best AUROC; saved checkpoint: /home/leggo/AIResearch/VOGBasedMCIDetectionSystemMobileViTSingleExperimentInference/outputs/checkpoints/run_20260629_142305_meta_renewed/fold_15_best.pth
2026-06-29 14:29:07,765 | [META-RNW] | INFO | meta_classifier_renewed.model_trainers.meta_trainer | Ep [029/500] T-Acc:  95.5%  V-Acc:  60.0%  V-AUROC: 0.7083  LR: 1.00e-04
2026-06-29 14:29:08,220 | [META-RNW] | INFO | meta_classifier_renewed.model_trainers.meta_trainer | Ep [030/500] T-Acc:  95.5%  V-Acc:  60.0%  V-AUROC: 0.7083  LR: 1.00e-04
2026-06-29 14:29:08,667 | [META-RNW] | INFO | meta_classifier_renewed.model_trainers.meta_trainer | Ep [031/500] T-Acc: 100.0%  V-Acc:  60.0%  V-AUROC: 0.7500  LR: 1.00e-04
2026-06-29 14:29:09,119 | [META-RNW] | INFO | meta_classifier_renewed.model_trainers.meta_trainer | Ep [032/500] T-Acc: 100.0%  V-Acc:  60.0%  V-AUROC: 0.7500  LR: 1.00e-04
2026-06-29 14:29:09,558 | [META-RNW] | INFO | meta_classifier_renewed.model_trainers.meta_trainer | Ep [033/500] T-Acc: 100.0%  V-Acc:  60.0%  V-AUROC: 0.7500  LR: 1.00e-04
2026-06-29 14:29:09,976 | [META-RNW] | INFO | meta_classifier_renewed.model_trainers.meta_trainer | Ep [034/500] T-Acc: 100.0%  V-Acc:  60.0%  V-AUROC: 0.7500  LR: 1.00e-04
2026-06-29 14:29:10,386 | [META-RNW] | INFO | meta_classifier_renewed.model_trainers.meta_trainer | Ep [035/500] T-Acc: 100.0%  V-Acc:  60.0%  V-AUROC: 0.7083  LR: 1.00e-04
2026-06-29 14:29:10,817 | [META-RNW] | INFO | meta_classifier_renewed.model_trainers.meta_trainer | Ep [036/500] T-Acc: 100.0%  V-Acc:  60.0%  V-AUROC: 0.7083  LR: 1.00e-04
2026-06-29 14:29:11,229 | [META-RNW] | INFO | meta_classifier_renewed.model_trainers.meta_trainer | Ep [037/500] T-Acc: 100.0%  V-Acc:  60.0%  V-AUROC: 0.7083  LR: 1.00e-04
2026-06-29 14:29:11,640 | [META-RNW] | INFO | meta_classifier_renewed.model_trainers.meta_trainer | Ep [038/500] T-Acc: 100.0%  V-Acc:  70.0%  V-AUROC: 0.7083  LR: 1.00e-04
2026-06-29 14:29:12,137 | [META-RNW] | INFO | meta_classifier_renewed.model_trainers.meta_trainer | Ep [039/500] T-Acc: 100.0%  V-Acc:  60.0%  V-AUROC: 0.7083  LR: 1.00e-04
2026-06-29 14:29:12,568 | [META-RNW] | INFO | meta_classifier_renewed.model_trainers.meta_trainer | Ep [040/500] T-Acc: 100.0%  V-Acc:  70.0%  V-AUROC: 0.7083  LR: 2.00e-05
2026-06-29 14:29:13,009 | [META-RNW] | INFO | meta_classifier_renewed.model_trainers.meta_trainer | Ep [041/500] T-Acc: 100.0%  V-Acc:  70.0%  V-AUROC: 0.7083  LR: 2.00e-05
2026-06-29 14:29:13,433 | [META-RNW] | INFO | meta_classifier_renewed.model_trainers.meta_trainer | Ep [042/500] T-Acc: 100.0%  V-Acc:  70.0%  V-AUROC: 0.7083  LR: 2.00e-05
2026-06-29 14:29:13,880 | [META-RNW] | INFO | meta_classifier_renewed.model_trainers.meta_trainer | Ep [043/500] T-Acc: 100.0%  V-Acc:  70.0%  V-AUROC: 0.7083  LR: 2.00e-05
2026-06-29 14:29:14,335 | [META-RNW] | INFO | meta_classifier_renewed.model_trainers.meta_trainer | Ep [044/500] T-Acc: 100.0%  V-Acc:  70.0%  V-AUROC: 0.7083  LR: 2.00e-05
2026-06-29 14:29:14,753 | [META-RNW] | INFO | meta_classifier_renewed.model_trainers.meta_trainer | Ep [045/500] T-Acc: 100.0%  V-Acc:  60.0%  V-AUROC: 0.7083  LR: 2.00e-05
2026-06-29 14:29:15,125 | [META-RNW] | INFO | meta_classifier_renewed.model_trainers.meta_trainer | Ep [046/500] T-Acc: 100.0%  V-Acc:  60.0%  V-AUROC: 0.7083  LR: 2.00e-05
2026-06-29 14:29:15,554 | [META-RNW] | INFO | meta_classifier_renewed.model_trainers.meta_trainer | Ep [047/500] T-Acc: 100.0%  V-Acc:  60.0%  V-AUROC: 0.7083  LR: 2.00e-05
2026-06-29 14:29:15,979 | [META-RNW] | INFO | meta_classifier_renewed.model_trainers.meta_trainer | Ep [048/500] T-Acc: 100.0%  V-Acc:  60.0%  V-AUROC: 0.7083  LR: 2.00e-05
2026-06-29 14:29:16,388 | [META-RNW] | INFO | meta_classifier_renewed.model_trainers.meta_trainer | Ep [049/500] T-Acc: 100.0%  V-Acc:  60.0%  V-AUROC: 0.7500  LR: 2.00e-05
2026-06-29 14:29:16,828 | [META-RNW] | INFO | meta_classifier_renewed.model_trainers.meta_trainer | Ep [050/500] T-Acc: 100.0%  V-Acc:  60.0%  V-AUROC: 0.7500  LR: 2.00e-05
2026-06-29 14:29:17,248 | [META-RNW] | INFO | meta_classifier_renewed.model_trainers.meta_trainer | Ep [051/500] T-Acc: 100.0%  V-Acc:  60.0%  V-AUROC: 0.7500  LR: 4.00e-06
2026-06-29 14:29:17,662 | [META-RNW] | INFO | meta_classifier_renewed.model_trainers.meta_trainer | Ep [052/500] T-Acc: 100.0%  V-Acc:  60.0%  V-AUROC: 0.7500  LR: 4.00e-06
2026-06-29 14:29:18,050 | [META-RNW] | INFO | meta_classifier_renewed.model_trainers.meta_trainer | Ep [053/500] T-Acc: 100.0%  V-Acc:  60.0%  V-AUROC: 0.7500  LR: 4.00e-06
2026-06-29 14:29:18,465 | [META-RNW] | INFO | meta_classifier_renewed.model_trainers.meta_trainer | Ep [054/500] T-Acc: 100.0%  V-Acc:  60.0%  V-AUROC: 0.7500  LR: 4.00e-06
2026-06-29 14:29:18,906 | [META-RNW] | INFO | meta_classifier_renewed.model_trainers.meta_trainer | Ep [055/500] T-Acc: 100.0%  V-Acc:  60.0%  V-AUROC: 0.7500  LR: 4.00e-06
2026-06-29 14:29:19,358 | [META-RNW] | INFO | meta_classifier_renewed.model_trainers.meta_trainer | Ep [056/500] T-Acc: 100.0%  V-Acc:  60.0%  V-AUROC: 0.7500  LR: 4.00e-06
2026-06-29 14:29:19,751 | [META-RNW] | INFO | meta_classifier_renewed.model_trainers.meta_trainer | Ep [057/500] T-Acc: 100.0%  V-Acc:  60.0%  V-AUROC: 0.7500  LR: 4.00e-06
2026-06-29 14:29:20,158 | [META-RNW] | INFO | meta_classifier_renewed.model_trainers.meta_trainer | Ep [058/500] T-Acc: 100.0%  V-Acc:  60.0%  V-AUROC: 0.7500  LR: 4.00e-06
2026-06-29 14:29:20,575 | [META-RNW] | INFO | meta_classifier_renewed.model_trainers.meta_trainer | Ep [059/500] T-Acc: 100.0%  V-Acc:  60.0%  V-AUROC: 0.7500  LR: 4.00e-06
2026-06-29 14:29:21,004 | [META-RNW] | INFO | meta_classifier_renewed.model_trainers.meta_trainer | Ep [060/500] T-Acc: 100.0%  V-Acc:  60.0%  V-AUROC: 0.7500  LR: 4.00e-06
2026-06-29 14:29:21,417 | [META-RNW] | INFO | meta_classifier_renewed.model_trainers.meta_trainer | Ep [061/500] T-Acc: 100.0%  V-Acc:  60.0%  V-AUROC: 0.7500  LR: 4.00e-06
2026-06-29 14:29:21,827 | [META-RNW] | INFO | meta_classifier_renewed.model_trainers.meta_trainer | Ep [062/500] T-Acc: 100.0%  V-Acc:  60.0%  V-AUROC: 0.7500  LR: 1.00e-06
2026-06-29 14:29:22,252 | [META-RNW] | INFO | meta_classifier_renewed.model_trainers.meta_trainer | Ep [063/500] T-Acc: 100.0%  V-Acc:  60.0%  V-AUROC: 0.7500  LR: 1.00e-06
2026-06-29 14:29:22,702 | [META-RNW] | INFO | meta_classifier_renewed.model_trainers.meta_trainer | Ep [064/500] T-Acc: 100.0%  V-Acc:  60.0%  V-AUROC: 0.7500  LR: 1.00e-06
2026-06-29 14:29:23,123 | [META-RNW] | INFO | meta_classifier_renewed.model_trainers.meta_trainer | Ep [065/500] T-Acc: 100.0%  V-Acc:  60.0%  V-AUROC: 0.7500  LR: 1.00e-06
2026-06-29 14:29:23,541 | [META-RNW] | INFO | meta_classifier_renewed.model_trainers.meta_trainer | Ep [066/500] T-Acc: 100.0%  V-Acc:  60.0%  V-AUROC: 0.7500  LR: 1.00e-06
2026-06-29 14:29:23,965 | [META-RNW] | INFO | meta_classifier_renewed.model_trainers.meta_trainer | Ep [067/500] T-Acc: 100.0%  V-Acc:  60.0%  V-AUROC: 0.7500  LR: 1.00e-06
2026-06-29 14:29:24,407 | [META-RNW] | INFO | meta_classifier_renewed.model_trainers.meta_trainer | Ep [068/500] T-Acc: 100.0%  V-Acc:  60.0%  V-AUROC: 0.7500  LR: 1.00e-06
2026-06-29 14:29:24,408 | [META-RNW] | INFO | meta_classifier_renewed.model_trainers.meta_trainer | Early stop — best AUROC 0.7500 at epoch 28 (no improvement for 40 epochs)
2026-06-29 14:29:24,408 | [META-RNW] | INFO | meta_classifier_renewed.model_trainers.meta_trainer | Done. Best AUROC: 0.7500 (epoch 28)
2026-06-29 14:29:24,510 | [META-RNW] | INFO | meta_classifier_renewed.evaluators.monte_carlo_evaluator | -> Fold 16 Result | Acc=0.600 Sens=0.500 Spec=0.750 AUROC=0.750 (Fixed Threshold: 0.5)
2026-06-29 14:29:24,527 | [META-RNW] | INFO | meta_classifier_renewed.evaluators.monte_carlo_evaluator | === Fold 17/30 | train: 22 subj | test: 10 subj ===
2026-06-29 14:29:24,539 | [META-RNW] | INFO | meta_classifier_renewed.model_trainers.meta_trainer | Device: cuda | max_epochs=500 | batch=8 | es_patience=40 | lr=1e-04 | wd=1e-02
2026-06-29 14:29:24,540 | [META-RNW] | INFO | meta_classifier_renewed.model_trainers.meta_trainer | CE weights — HC: 1.100  MCI: 0.917
2026-06-29 14:29:24,969 | [META-RNW] | INFO | meta_classifier_renewed.model_trainers.meta_trainer | Ep [001/500] T-Acc:  50.0%  V-Acc:  60.0%  V-AUROC: 0.1667  LR: 2.00e-05
2026-06-29 14:29:25,067 | [META-RNW] | INFO | meta_classifier_renewed.model_trainers.meta_trainer |   ↳ new best AUROC; saved checkpoint: /home/leggo/AIResearch/VOGBasedMCIDetectionSystemMobileViTSingleExperimentInference/outputs/checkpoints/run_20260629_142305_meta_renewed/fold_16_best.pth
2026-06-29 14:29:25,479 | [META-RNW] | INFO | meta_classifier_renewed.model_trainers.meta_trainer | Ep [002/500] T-Acc:  54.5%  V-Acc:  60.0%  V-AUROC: 0.2083  LR: 4.00e-05
2026-06-29 14:29:25,591 | [META-RNW] | INFO | meta_classifier_renewed.model_trainers.meta_trainer |   ↳ new best AUROC; saved checkpoint: /home/leggo/AIResearch/VOGBasedMCIDetectionSystemMobileViTSingleExperimentInference/outputs/checkpoints/run_20260629_142305_meta_renewed/fold_16_best.pth
2026-06-29 14:29:26,021 | [META-RNW] | INFO | meta_classifier_renewed.model_trainers.meta_trainer | Ep [003/500] T-Acc:  50.0%  V-Acc:  60.0%  V-AUROC: 0.1667  LR: 6.00e-05
2026-06-29 14:29:26,432 | [META-RNW] | INFO | meta_classifier_renewed.model_trainers.meta_trainer | Ep [004/500] T-Acc:  45.5%  V-Acc:  60.0%  V-AUROC: 0.4583  LR: 8.00e-05
2026-06-29 14:29:26,557 | [META-RNW] | INFO | meta_classifier_renewed.model_trainers.meta_trainer |   ↳ new best AUROC; saved checkpoint: /home/leggo/AIResearch/VOGBasedMCIDetectionSystemMobileViTSingleExperimentInference/outputs/checkpoints/run_20260629_142305_meta_renewed/fold_16_best.pth
2026-06-29 14:29:27,007 | [META-RNW] | INFO | meta_classifier_renewed.model_trainers.meta_trainer | Ep [005/500] T-Acc:  50.0%  V-Acc:  50.0%  V-AUROC: 0.5417  LR: 1.00e-04
2026-06-29 14:29:27,128 | [META-RNW] | INFO | meta_classifier_renewed.model_trainers.meta_trainer |   ↳ new best AUROC; saved checkpoint: /home/leggo/AIResearch/VOGBasedMCIDetectionSystemMobileViTSingleExperimentInference/outputs/checkpoints/run_20260629_142305_meta_renewed/fold_16_best.pth
2026-06-29 14:29:27,606 | [META-RNW] | INFO | meta_classifier_renewed.model_trainers.meta_trainer | Ep [006/500] T-Acc:  72.7%  V-Acc:  50.0%  V-AUROC: 0.5833  LR: 1.00e-04
2026-06-29 14:29:27,725 | [META-RNW] | INFO | meta_classifier_renewed.model_trainers.meta_trainer |   ↳ new best AUROC; saved checkpoint: /home/leggo/AIResearch/VOGBasedMCIDetectionSystemMobileViTSingleExperimentInference/outputs/checkpoints/run_20260629_142305_meta_renewed/fold_16_best.pth
2026-06-29 14:29:28,202 | [META-RNW] | INFO | meta_classifier_renewed.model_trainers.meta_trainer | Ep [007/500] T-Acc:  40.9%  V-Acc:  60.0%  V-AUROC: 0.6667  LR: 1.00e-04
2026-06-29 14:29:28,320 | [META-RNW] | INFO | meta_classifier_renewed.model_trainers.meta_trainer |   ↳ new best AUROC; saved checkpoint: /home/leggo/AIResearch/VOGBasedMCIDetectionSystemMobileViTSingleExperimentInference/outputs/checkpoints/run_20260629_142305_meta_renewed/fold_16_best.pth
2026-06-29 14:29:28,775 | [META-RNW] | INFO | meta_classifier_renewed.model_trainers.meta_trainer | Ep [008/500] T-Acc:  59.1%  V-Acc:  50.0%  V-AUROC: 0.5833  LR: 1.00e-04
2026-06-29 14:29:29,260 | [META-RNW] | INFO | meta_classifier_renewed.model_trainers.meta_trainer | Ep [009/500] T-Acc:  50.0%  V-Acc:  40.0%  V-AUROC: 0.5833  LR: 1.00e-04
2026-06-29 14:29:29,714 | [META-RNW] | INFO | meta_classifier_renewed.model_trainers.meta_trainer | Ep [010/500] T-Acc:  68.2%  V-Acc:  60.0%  V-AUROC: 0.5833  LR: 1.00e-04
2026-06-29 14:29:30,143 | [META-RNW] | INFO | meta_classifier_renewed.model_trainers.meta_trainer | Ep [011/500] T-Acc:  59.1%  V-Acc:  50.0%  V-AUROC: 0.6250  LR: 1.00e-04
2026-06-29 14:29:30,580 | [META-RNW] | INFO | meta_classifier_renewed.model_trainers.meta_trainer | Ep [012/500] T-Acc:  40.9%  V-Acc:  60.0%  V-AUROC: 0.6250  LR: 1.00e-04
2026-06-29 14:29:31,006 | [META-RNW] | INFO | meta_classifier_renewed.model_trainers.meta_trainer | Ep [013/500] T-Acc:  72.7%  V-Acc:  60.0%  V-AUROC: 0.5833  LR: 1.00e-04
2026-06-29 14:29:31,449 | [META-RNW] | INFO | meta_classifier_renewed.model_trainers.meta_trainer | Ep [014/500] T-Acc:  68.2%  V-Acc:  40.0%  V-AUROC: 0.5417  LR: 1.00e-04
2026-06-29 14:29:31,887 | [META-RNW] | INFO | meta_classifier_renewed.model_trainers.meta_trainer | Ep [015/500] T-Acc:  59.1%  V-Acc:  50.0%  V-AUROC: 0.5417  LR: 1.00e-04
2026-06-29 14:29:32,311 | [META-RNW] | INFO | meta_classifier_renewed.model_trainers.meta_trainer | Ep [016/500] T-Acc:  68.2%  V-Acc:  40.0%  V-AUROC: 0.5417  LR: 1.00e-04
2026-06-29 14:29:32,694 | [META-RNW] | INFO | meta_classifier_renewed.model_trainers.meta_trainer | Ep [017/500] T-Acc:  77.3%  V-Acc:  50.0%  V-AUROC: 0.6250  LR: 1.00e-04
2026-06-29 14:29:33,061 | [META-RNW] | INFO | meta_classifier_renewed.model_trainers.meta_trainer | Ep [018/500] T-Acc:  72.7%  V-Acc:  70.0%  V-AUROC: 0.6667  LR: 1.00e-04
2026-06-29 14:29:33,486 | [META-RNW] | INFO | meta_classifier_renewed.model_trainers.meta_trainer | Ep [019/500] T-Acc:  72.7%  V-Acc:  70.0%  V-AUROC: 0.6667  LR: 2.00e-05
2026-06-29 14:29:33,891 | [META-RNW] | INFO | meta_classifier_renewed.model_trainers.meta_trainer | Ep [020/500] T-Acc:  68.2%  V-Acc:  70.0%  V-AUROC: 0.6667  LR: 2.00e-05
2026-06-29 14:29:34,284 | [META-RNW] | INFO | meta_classifier_renewed.model_trainers.meta_trainer | Ep [021/500] T-Acc:  81.8%  V-Acc:  50.0%  V-AUROC: 0.6250  LR: 2.00e-05
2026-06-29 14:29:34,709 | [META-RNW] | INFO | meta_classifier_renewed.model_trainers.meta_trainer | Ep [022/500] T-Acc:  81.8%  V-Acc:  50.0%  V-AUROC: 0.6250  LR: 2.00e-05
2026-06-29 14:29:35,150 | [META-RNW] | INFO | meta_classifier_renewed.model_trainers.meta_trainer | Ep [023/500] T-Acc:  54.5%  V-Acc:  50.0%  V-AUROC: 0.6250  LR: 2.00e-05
2026-06-29 14:29:35,575 | [META-RNW] | INFO | meta_classifier_renewed.model_trainers.meta_trainer | Ep [024/500] T-Acc:  81.8%  V-Acc:  50.0%  V-AUROC: 0.6250  LR: 2.00e-05
2026-06-29 14:29:35,981 | [META-RNW] | INFO | meta_classifier_renewed.model_trainers.meta_trainer | Ep [025/500] T-Acc:  77.3%  V-Acc:  50.0%  V-AUROC: 0.6250  LR: 2.00e-05
2026-06-29 14:29:36,393 | [META-RNW] | INFO | meta_classifier_renewed.model_trainers.meta_trainer | Ep [026/500] T-Acc:  86.4%  V-Acc:  50.0%  V-AUROC: 0.6250  LR: 2.00e-05
2026-06-29 14:29:36,767 | [META-RNW] | INFO | meta_classifier_renewed.model_trainers.meta_trainer | Ep [027/500] T-Acc:  77.3%  V-Acc:  50.0%  V-AUROC: 0.6250  LR: 2.00e-05
2026-06-29 14:29:37,159 | [META-RNW] | INFO | meta_classifier_renewed.model_trainers.meta_trainer | Ep [028/500] T-Acc:  81.8%  V-Acc:  50.0%  V-AUROC: 0.6250  LR: 2.00e-05
2026-06-29 14:29:37,546 | [META-RNW] | INFO | meta_classifier_renewed.model_trainers.meta_trainer | Ep [029/500] T-Acc:  77.3%  V-Acc:  50.0%  V-AUROC: 0.6250  LR: 2.00e-05
2026-06-29 14:29:37,946 | [META-RNW] | INFO | meta_classifier_renewed.model_trainers.meta_trainer | Ep [030/500] T-Acc:  59.1%  V-Acc:  50.0%  V-AUROC: 0.6250  LR: 4.00e-06
2026-06-29 14:29:38,318 | [META-RNW] | INFO | meta_classifier_renewed.model_trainers.meta_trainer | Ep [031/500] T-Acc:  72.7%  V-Acc:  50.0%  V-AUROC: 0.6250  LR: 4.00e-06
2026-06-29 14:29:38,704 | [META-RNW] | INFO | meta_classifier_renewed.model_trainers.meta_trainer | Ep [032/500] T-Acc:  72.7%  V-Acc:  50.0%  V-AUROC: 0.6250  LR: 4.00e-06
2026-06-29 14:29:39,125 | [META-RNW] | INFO | meta_classifier_renewed.model_trainers.meta_trainer | Ep [033/500] T-Acc:  86.4%  V-Acc:  50.0%  V-AUROC: 0.6250  LR: 4.00e-06
2026-06-29 14:29:39,528 | [META-RNW] | INFO | meta_classifier_renewed.model_trainers.meta_trainer | Ep [034/500] T-Acc:  86.4%  V-Acc:  50.0%  V-AUROC: 0.6250  LR: 4.00e-06
2026-06-29 14:29:39,939 | [META-RNW] | INFO | meta_classifier_renewed.model_trainers.meta_trainer | Ep [035/500] T-Acc:  68.2%  V-Acc:  50.0%  V-AUROC: 0.6250  LR: 4.00e-06
2026-06-29 14:29:40,360 | [META-RNW] | INFO | meta_classifier_renewed.model_trainers.meta_trainer | Ep [036/500] T-Acc:  81.8%  V-Acc:  50.0%  V-AUROC: 0.6250  LR: 4.00e-06
2026-06-29 14:29:40,798 | [META-RNW] | INFO | meta_classifier_renewed.model_trainers.meta_trainer | Ep [037/500] T-Acc:  63.6%  V-Acc:  50.0%  V-AUROC: 0.6250  LR: 4.00e-06
2026-06-29 14:29:41,264 | [META-RNW] | INFO | meta_classifier_renewed.model_trainers.meta_trainer | Ep [038/500] T-Acc:  77.3%  V-Acc:  50.0%  V-AUROC: 0.6250  LR: 4.00e-06
2026-06-29 14:29:41,753 | [META-RNW] | INFO | meta_classifier_renewed.model_trainers.meta_trainer | Ep [039/500] T-Acc:  77.3%  V-Acc:  50.0%  V-AUROC: 0.6250  LR: 4.00e-06
2026-06-29 14:29:42,164 | [META-RNW] | INFO | meta_classifier_renewed.model_trainers.meta_trainer | Ep [040/500] T-Acc:  90.9%  V-Acc:  50.0%  V-AUROC: 0.6250  LR: 4.00e-06
2026-06-29 14:29:42,597 | [META-RNW] | INFO | meta_classifier_renewed.model_trainers.meta_trainer | Ep [041/500] T-Acc:  72.7%  V-Acc:  50.0%  V-AUROC: 0.6250  LR: 1.00e-06
2026-06-29 14:29:43,020 | [META-RNW] | INFO | meta_classifier_renewed.model_trainers.meta_trainer | Ep [042/500] T-Acc: 100.0%  V-Acc:  50.0%  V-AUROC: 0.6250  LR: 1.00e-06
2026-06-29 14:29:43,478 | [META-RNW] | INFO | meta_classifier_renewed.model_trainers.meta_trainer | Ep [043/500] T-Acc:  95.5%  V-Acc:  50.0%  V-AUROC: 0.6250  LR: 1.00e-06
2026-06-29 14:29:43,956 | [META-RNW] | INFO | meta_classifier_renewed.model_trainers.meta_trainer | Ep [044/500] T-Acc:  77.3%  V-Acc:  50.0%  V-AUROC: 0.6250  LR: 1.00e-06
2026-06-29 14:29:44,409 | [META-RNW] | INFO | meta_classifier_renewed.model_trainers.meta_trainer | Ep [045/500] T-Acc:  86.4%  V-Acc:  50.0%  V-AUROC: 0.6250  LR: 1.00e-06
2026-06-29 14:29:44,845 | [META-RNW] | INFO | meta_classifier_renewed.model_trainers.meta_trainer | Ep [046/500] T-Acc:  81.8%  V-Acc:  50.0%  V-AUROC: 0.6250  LR: 1.00e-06
2026-06-29 14:29:45,298 | [META-RNW] | INFO | meta_classifier_renewed.model_trainers.meta_trainer | Ep [047/500] T-Acc:  68.2%  V-Acc:  50.0%  V-AUROC: 0.6250  LR: 1.00e-06
2026-06-29 14:29:45,299 | [META-RNW] | INFO | meta_classifier_renewed.model_trainers.meta_trainer | Early stop — best AUROC 0.6667 at epoch 7 (no improvement for 40 epochs)
2026-06-29 14:29:45,299 | [META-RNW] | INFO | meta_classifier_renewed.model_trainers.meta_trainer | Done. Best AUROC: 0.6667 (epoch 7)
2026-06-29 14:29:45,401 | [META-RNW] | INFO | meta_classifier_renewed.evaluators.monte_carlo_evaluator | -> Fold 17 Result | Acc=0.500 Sens=0.667 Spec=0.250 AUROC=0.625 (Fixed Threshold: 0.5)
2026-06-29 14:29:45,421 | [META-RNW] | INFO | meta_classifier_renewed.evaluators.monte_carlo_evaluator | === Fold 18/30 | train: 22 subj | test: 10 subj ===
2026-06-29 14:29:45,433 | [META-RNW] | INFO | meta_classifier_renewed.model_trainers.meta_trainer | Device: cuda | max_epochs=500 | batch=8 | es_patience=40 | lr=1e-04 | wd=1e-02
2026-06-29 14:29:45,434 | [META-RNW] | INFO | meta_classifier_renewed.model_trainers.meta_trainer | CE weights — HC: 1.100  MCI: 0.917
2026-06-29 14:29:45,914 | [META-RNW] | INFO | meta_classifier_renewed.model_trainers.meta_trainer | Ep [001/500] T-Acc:  50.0%  V-Acc:  50.0%  V-AUROC: 0.5000  LR: 2.00e-05
2026-06-29 14:29:46,017 | [META-RNW] | INFO | meta_classifier_renewed.model_trainers.meta_trainer |   ↳ new best AUROC; saved checkpoint: /home/leggo/AIResearch/VOGBasedMCIDetectionSystemMobileViTSingleExperimentInference/outputs/checkpoints/run_20260629_142305_meta_renewed/fold_17_best.pth
2026-06-29 14:29:46,474 | [META-RNW] | INFO | meta_classifier_renewed.model_trainers.meta_trainer | Ep [002/500] T-Acc:  50.0%  V-Acc:  50.0%  V-AUROC: 0.5000  LR: 4.00e-05
2026-06-29 14:29:46,900 | [META-RNW] | INFO | meta_classifier_renewed.model_trainers.meta_trainer | Ep [003/500] T-Acc:  45.5%  V-Acc:  40.0%  V-AUROC: 0.4583  LR: 6.00e-05
2026-06-29 14:29:47,309 | [META-RNW] | INFO | meta_classifier_renewed.model_trainers.meta_trainer | Ep [004/500] T-Acc:  63.6%  V-Acc:  30.0%  V-AUROC: 0.4583  LR: 8.00e-05
2026-06-29 14:29:47,756 | [META-RNW] | INFO | meta_classifier_renewed.model_trainers.meta_trainer | Ep [005/500] T-Acc:  54.5%  V-Acc:  30.0%  V-AUROC: 0.4583  LR: 1.00e-04
2026-06-29 14:29:48,176 | [META-RNW] | INFO | meta_classifier_renewed.model_trainers.meta_trainer | Ep [006/500] T-Acc:  63.6%  V-Acc:  30.0%  V-AUROC: 0.2917  LR: 1.00e-04
2026-06-29 14:29:48,626 | [META-RNW] | INFO | meta_classifier_renewed.model_trainers.meta_trainer | Ep [007/500] T-Acc:  77.3%  V-Acc:  50.0%  V-AUROC: 0.2083  LR: 1.00e-04
2026-06-29 14:29:49,044 | [META-RNW] | INFO | meta_classifier_renewed.model_trainers.meta_trainer | Ep [008/500] T-Acc:  50.0%  V-Acc:  50.0%  V-AUROC: 0.2500  LR: 1.00e-04
2026-06-29 14:29:49,495 | [META-RNW] | INFO | meta_classifier_renewed.model_trainers.meta_trainer | Ep [009/500] T-Acc:  54.5%  V-Acc:  50.0%  V-AUROC: 0.2917  LR: 1.00e-04
2026-06-29 14:29:49,923 | [META-RNW] | INFO | meta_classifier_renewed.model_trainers.meta_trainer | Ep [010/500] T-Acc:  54.5%  V-Acc:  50.0%  V-AUROC: 0.3333  LR: 1.00e-04
2026-06-29 14:29:50,356 | [META-RNW] | INFO | meta_classifier_renewed.model_trainers.meta_trainer | Ep [011/500] T-Acc:  68.2%  V-Acc:  50.0%  V-AUROC: 0.2917  LR: 1.00e-04
2026-06-29 14:29:50,776 | [META-RNW] | INFO | meta_classifier_renewed.model_trainers.meta_trainer | Ep [012/500] T-Acc:  54.5%  V-Acc:  50.0%  V-AUROC: 0.3333  LR: 1.00e-04
2026-06-29 14:29:51,228 | [META-RNW] | INFO | meta_classifier_renewed.model_trainers.meta_trainer | Ep [013/500] T-Acc:  68.2%  V-Acc:  50.0%  V-AUROC: 0.3333  LR: 1.00e-04
2026-06-29 14:29:51,648 | [META-RNW] | INFO | meta_classifier_renewed.model_trainers.meta_trainer | Ep [014/500] T-Acc:  59.1%  V-Acc:  60.0%  V-AUROC: 0.4167  LR: 1.00e-04
2026-06-29 14:29:52,046 | [META-RNW] | INFO | meta_classifier_renewed.model_trainers.meta_trainer | Ep [015/500] T-Acc:  77.3%  V-Acc:  60.0%  V-AUROC: 0.4583  LR: 1.00e-04
2026-06-29 14:29:52,476 | [META-RNW] | INFO | meta_classifier_renewed.model_trainers.meta_trainer | Ep [016/500] T-Acc:  90.9%  V-Acc:  60.0%  V-AUROC: 0.3750  LR: 1.00e-04
2026-06-29 14:29:52,883 | [META-RNW] | INFO | meta_classifier_renewed.model_trainers.meta_trainer | Ep [017/500] T-Acc:  81.8%  V-Acc:  60.0%  V-AUROC: 0.3333  LR: 1.00e-04
2026-06-29 14:29:53,302 | [META-RNW] | INFO | meta_classifier_renewed.model_trainers.meta_trainer | Ep [018/500] T-Acc:  72.7%  V-Acc:  40.0%  V-AUROC: 0.3750  LR: 1.00e-04
2026-06-29 14:29:53,746 | [META-RNW] | INFO | meta_classifier_renewed.model_trainers.meta_trainer | Ep [019/500] T-Acc:  77.3%  V-Acc:  60.0%  V-AUROC: 0.5000  LR: 1.00e-04
2026-06-29 14:29:54,187 | [META-RNW] | INFO | meta_classifier_renewed.model_trainers.meta_trainer | Ep [020/500] T-Acc:  90.9%  V-Acc:  40.0%  V-AUROC: 0.5833  LR: 1.00e-04
2026-06-29 14:29:54,298 | [META-RNW] | INFO | meta_classifier_renewed.model_trainers.meta_trainer |   ↳ new best AUROC; saved checkpoint: /home/leggo/AIResearch/VOGBasedMCIDetectionSystemMobileViTSingleExperimentInference/outputs/checkpoints/run_20260629_142305_meta_renewed/fold_17_best.pth
2026-06-29 14:29:54,710 | [META-RNW] | INFO | meta_classifier_renewed.model_trainers.meta_trainer | Ep [021/500] T-Acc:  81.8%  V-Acc:  40.0%  V-AUROC: 0.5833  LR: 1.00e-04
2026-06-29 14:29:55,146 | [META-RNW] | INFO | meta_classifier_renewed.model_trainers.meta_trainer | Ep [022/500] T-Acc:  95.5%  V-Acc:  60.0%  V-AUROC: 0.5833  LR: 1.00e-04
2026-06-29 14:29:55,593 | [META-RNW] | INFO | meta_classifier_renewed.model_trainers.meta_trainer | Ep [023/500] T-Acc:  90.9%  V-Acc:  70.0%  V-AUROC: 0.5000  LR: 1.00e-04
2026-06-29 14:29:56,012 | [META-RNW] | INFO | meta_classifier_renewed.model_trainers.meta_trainer | Ep [024/500] T-Acc:  90.9%  V-Acc:  50.0%  V-AUROC: 0.5000  LR: 1.00e-04
2026-06-29 14:29:56,434 | [META-RNW] | INFO | meta_classifier_renewed.model_trainers.meta_trainer | Ep [025/500] T-Acc:  90.9%  V-Acc:  50.0%  V-AUROC: 0.5000  LR: 1.00e-04
2026-06-29 14:29:56,927 | [META-RNW] | INFO | meta_classifier_renewed.model_trainers.meta_trainer | Ep [026/500] T-Acc:  86.4%  V-Acc:  40.0%  V-AUROC: 0.5417  LR: 1.00e-04
2026-06-29 14:29:57,365 | [META-RNW] | INFO | meta_classifier_renewed.model_trainers.meta_trainer | Ep [027/500] T-Acc:  95.5%  V-Acc:  40.0%  V-AUROC: 0.5417  LR: 1.00e-04
2026-06-29 14:29:57,792 | [META-RNW] | INFO | meta_classifier_renewed.model_trainers.meta_trainer | Ep [028/500] T-Acc:  90.9%  V-Acc:  50.0%  V-AUROC: 0.5833  LR: 1.00e-04
2026-06-29 14:29:58,187 | [META-RNW] | INFO | meta_classifier_renewed.model_trainers.meta_trainer | Ep [029/500] T-Acc:  95.5%  V-Acc:  70.0%  V-AUROC: 0.5833  LR: 1.00e-04
2026-06-29 14:29:58,583 | [META-RNW] | INFO | meta_classifier_renewed.model_trainers.meta_trainer | Ep [030/500] T-Acc:  86.4%  V-Acc:  60.0%  V-AUROC: 0.5833  LR: 1.00e-04
2026-06-29 14:29:58,999 | [META-RNW] | INFO | meta_classifier_renewed.model_trainers.meta_trainer | Ep [031/500] T-Acc:  90.9%  V-Acc:  70.0%  V-AUROC: 0.5000  LR: 1.00e-04
2026-06-29 14:29:59,437 | [META-RNW] | INFO | meta_classifier_renewed.model_trainers.meta_trainer | Ep [032/500] T-Acc: 100.0%  V-Acc:  70.0%  V-AUROC: 0.5000  LR: 2.00e-05
2026-06-29 14:29:59,865 | [META-RNW] | INFO | meta_classifier_renewed.model_trainers.meta_trainer | Ep [033/500] T-Acc:  90.9%  V-Acc:  60.0%  V-AUROC: 0.4583  LR: 2.00e-05
2026-06-29 14:30:00,263 | [META-RNW] | INFO | meta_classifier_renewed.model_trainers.meta_trainer | Ep [034/500] T-Acc:  90.9%  V-Acc:  50.0%  V-AUROC: 0.5000  LR: 2.00e-05
2026-06-29 14:30:00,647 | [META-RNW] | INFO | meta_classifier_renewed.model_trainers.meta_trainer | Ep [035/500] T-Acc:  95.5%  V-Acc:  50.0%  V-AUROC: 0.5000  LR: 2.00e-05
2026-06-29 14:30:01,036 | [META-RNW] | INFO | meta_classifier_renewed.model_trainers.meta_trainer | Ep [036/500] T-Acc:  95.5%  V-Acc:  50.0%  V-AUROC: 0.5000  LR: 2.00e-05
2026-06-29 14:30:01,485 | [META-RNW] | INFO | meta_classifier_renewed.model_trainers.meta_trainer | Ep [037/500] T-Acc:  95.5%  V-Acc:  50.0%  V-AUROC: 0.5000  LR: 2.00e-05
2026-06-29 14:30:01,892 | [META-RNW] | INFO | meta_classifier_renewed.model_trainers.meta_trainer | Ep [038/500] T-Acc:  86.4%  V-Acc:  50.0%  V-AUROC: 0.5417  LR: 2.00e-05
2026-06-29 14:30:02,323 | [META-RNW] | INFO | meta_classifier_renewed.model_trainers.meta_trainer | Ep [039/500] T-Acc:  95.5%  V-Acc:  50.0%  V-AUROC: 0.5417  LR: 2.00e-05
2026-06-29 14:30:02,753 | [META-RNW] | INFO | meta_classifier_renewed.model_trainers.meta_trainer | Ep [040/500] T-Acc:  95.5%  V-Acc:  50.0%  V-AUROC: 0.5417  LR: 2.00e-05
2026-06-29 14:30:03,222 | [META-RNW] | INFO | meta_classifier_renewed.model_trainers.meta_trainer | Ep [041/500] T-Acc: 100.0%  V-Acc:  50.0%  V-AUROC: 0.5417  LR: 2.00e-05
2026-06-29 14:30:03,652 | [META-RNW] | INFO | meta_classifier_renewed.model_trainers.meta_trainer | Ep [042/500] T-Acc: 100.0%  V-Acc:  50.0%  V-AUROC: 0.5417  LR: 2.00e-05
2026-06-29 14:30:04,100 | [META-RNW] | INFO | meta_classifier_renewed.model_trainers.meta_trainer | Ep [043/500] T-Acc: 100.0%  V-Acc:  50.0%  V-AUROC: 0.5417  LR: 4.00e-06
2026-06-29 14:30:04,515 | [META-RNW] | INFO | meta_classifier_renewed.model_trainers.meta_trainer | Ep [044/500] T-Acc:  95.5%  V-Acc:  50.0%  V-AUROC: 0.5417  LR: 4.00e-06
2026-06-29 14:30:04,951 | [META-RNW] | INFO | meta_classifier_renewed.model_trainers.meta_trainer | Ep [045/500] T-Acc: 100.0%  V-Acc:  50.0%  V-AUROC: 0.5417  LR: 4.00e-06
2026-06-29 14:30:05,435 | [META-RNW] | INFO | meta_classifier_renewed.model_trainers.meta_trainer | Ep [046/500] T-Acc: 100.0%  V-Acc:  50.0%  V-AUROC: 0.5417  LR: 4.00e-06
2026-06-29 14:30:05,877 | [META-RNW] | INFO | meta_classifier_renewed.model_trainers.meta_trainer | Ep [047/500] T-Acc: 100.0%  V-Acc:  50.0%  V-AUROC: 0.5417  LR: 4.00e-06
2026-06-29 14:30:06,308 | [META-RNW] | INFO | meta_classifier_renewed.model_trainers.meta_trainer | Ep [048/500] T-Acc:  90.9%  V-Acc:  50.0%  V-AUROC: 0.5417  LR: 4.00e-06
2026-06-29 14:30:06,779 | [META-RNW] | INFO | meta_classifier_renewed.model_trainers.meta_trainer | Ep [049/500] T-Acc: 100.0%  V-Acc:  50.0%  V-AUROC: 0.5417  LR: 4.00e-06
2026-06-29 14:30:07,224 | [META-RNW] | INFO | meta_classifier_renewed.model_trainers.meta_trainer | Ep [050/500] T-Acc: 100.0%  V-Acc:  50.0%  V-AUROC: 0.5417  LR: 4.00e-06
2026-06-29 14:30:07,657 | [META-RNW] | INFO | meta_classifier_renewed.model_trainers.meta_trainer | Ep [051/500] T-Acc: 100.0%  V-Acc:  50.0%  V-AUROC: 0.5417  LR: 4.00e-06
2026-06-29 14:30:08,093 | [META-RNW] | INFO | meta_classifier_renewed.model_trainers.meta_trainer | Ep [052/500] T-Acc: 100.0%  V-Acc:  50.0%  V-AUROC: 0.5417  LR: 4.00e-06
2026-06-29 14:30:08,527 | [META-RNW] | INFO | meta_classifier_renewed.model_trainers.meta_trainer | Ep [053/500] T-Acc: 100.0%  V-Acc:  50.0%  V-AUROC: 0.5417  LR: 4.00e-06
2026-06-29 14:30:09,007 | [META-RNW] | INFO | meta_classifier_renewed.model_trainers.meta_trainer | Ep [054/500] T-Acc:  95.5%  V-Acc:  50.0%  V-AUROC: 0.5417  LR: 1.00e-06
2026-06-29 14:30:09,474 | [META-RNW] | INFO | meta_classifier_renewed.model_trainers.meta_trainer | Ep [055/500] T-Acc:  90.9%  V-Acc:  50.0%  V-AUROC: 0.5417  LR: 1.00e-06
2026-06-29 14:30:09,884 | [META-RNW] | INFO | meta_classifier_renewed.model_trainers.meta_trainer | Ep [056/500] T-Acc:  95.5%  V-Acc:  50.0%  V-AUROC: 0.5417  LR: 1.00e-06
2026-06-29 14:30:10,340 | [META-RNW] | INFO | meta_classifier_renewed.model_trainers.meta_trainer | Ep [057/500] T-Acc:  95.5%  V-Acc:  50.0%  V-AUROC: 0.5417  LR: 1.00e-06
2026-06-29 14:30:10,764 | [META-RNW] | INFO | meta_classifier_renewed.model_trainers.meta_trainer | Ep [058/500] T-Acc: 100.0%  V-Acc:  50.0%  V-AUROC: 0.5417  LR: 1.00e-06
2026-06-29 14:30:11,199 | [META-RNW] | INFO | meta_classifier_renewed.model_trainers.meta_trainer | Ep [059/500] T-Acc: 100.0%  V-Acc:  50.0%  V-AUROC: 0.5417  LR: 1.00e-06
2026-06-29 14:30:11,663 | [META-RNW] | INFO | meta_classifier_renewed.model_trainers.meta_trainer | Ep [060/500] T-Acc:  95.5%  V-Acc:  50.0%  V-AUROC: 0.5417  LR: 1.00e-06
2026-06-29 14:30:11,663 | [META-RNW] | INFO | meta_classifier_renewed.model_trainers.meta_trainer | Early stop — best AUROC 0.5833 at epoch 20 (no improvement for 40 epochs)
2026-06-29 14:30:11,663 | [META-RNW] | INFO | meta_classifier_renewed.model_trainers.meta_trainer | Done. Best AUROC: 0.5833 (epoch 20)
2026-06-29 14:30:11,778 | [META-RNW] | INFO | meta_classifier_renewed.evaluators.monte_carlo_evaluator | -> Fold 18 Result | Acc=0.500 Sens=0.500 Spec=0.500 AUROC=0.542 (Fixed Threshold: 0.5)
2026-06-29 14:30:11,795 | [META-RNW] | INFO | meta_classifier_renewed.evaluators.monte_carlo_evaluator | === Fold 19/30 | train: 22 subj | test: 10 subj ===
2026-06-29 14:30:11,809 | [META-RNW] | INFO | meta_classifier_renewed.model_trainers.meta_trainer | Device: cuda | max_epochs=500 | batch=8 | es_patience=40 | lr=1e-04 | wd=1e-02
2026-06-29 14:30:11,810 | [META-RNW] | INFO | meta_classifier_renewed.model_trainers.meta_trainer | CE weights — HC: 0.917  MCI: 1.100
2026-06-29 14:30:12,281 | [META-RNW] | INFO | meta_classifier_renewed.model_trainers.meta_trainer | Ep [001/500] T-Acc:  59.1%  V-Acc:  20.0%  V-AUROC: 0.3750  LR: 2.00e-05
2026-06-29 14:30:12,382 | [META-RNW] | INFO | meta_classifier_renewed.model_trainers.meta_trainer |   ↳ new best AUROC; saved checkpoint: /home/leggo/AIResearch/VOGBasedMCIDetectionSystemMobileViTSingleExperimentInference/outputs/checkpoints/run_20260629_142305_meta_renewed/fold_18_best.pth
2026-06-29 14:30:12,782 | [META-RNW] | INFO | meta_classifier_renewed.model_trainers.meta_trainer | Ep [002/500] T-Acc:  54.5%  V-Acc:  20.0%  V-AUROC: 0.3750  LR: 4.00e-05
2026-06-29 14:30:13,188 | [META-RNW] | INFO | meta_classifier_renewed.model_trainers.meta_trainer | Ep [003/500] T-Acc:  59.1%  V-Acc:  40.0%  V-AUROC: 0.3750  LR: 6.00e-05
2026-06-29 14:30:13,603 | [META-RNW] | INFO | meta_classifier_renewed.model_trainers.meta_trainer | Ep [004/500] T-Acc:  63.6%  V-Acc:  70.0%  V-AUROC: 0.2500  LR: 8.00e-05
2026-06-29 14:30:14,002 | [META-RNW] | INFO | meta_classifier_renewed.model_trainers.meta_trainer | Ep [005/500] T-Acc:  45.5%  V-Acc:  80.0%  V-AUROC: 0.2500  LR: 1.00e-04
2026-06-29 14:30:14,451 | [META-RNW] | INFO | meta_classifier_renewed.model_trainers.meta_trainer | Ep [006/500] T-Acc:  50.0%  V-Acc:  50.0%  V-AUROC: 0.3750  LR: 1.00e-04
2026-06-29 14:30:14,899 | [META-RNW] | INFO | meta_classifier_renewed.model_trainers.meta_trainer | Ep [007/500] T-Acc:  45.5%  V-Acc:  30.0%  V-AUROC: 0.4375  LR: 1.00e-04
2026-06-29 14:30:15,011 | [META-RNW] | INFO | meta_classifier_renewed.model_trainers.meta_trainer |   ↳ new best AUROC; saved checkpoint: /home/leggo/AIResearch/VOGBasedMCIDetectionSystemMobileViTSingleExperimentInference/outputs/checkpoints/run_20260629_142305_meta_renewed/fold_18_best.pth
2026-06-29 14:30:15,460 | [META-RNW] | INFO | meta_classifier_renewed.model_trainers.meta_trainer | Ep [008/500] T-Acc:  50.0%  V-Acc:  30.0%  V-AUROC: 0.3750  LR: 1.00e-04
2026-06-29 14:30:15,951 | [META-RNW] | INFO | meta_classifier_renewed.model_trainers.meta_trainer | Ep [009/500] T-Acc:  50.0%  V-Acc:  30.0%  V-AUROC: 0.3750  LR: 1.00e-04
2026-06-29 14:30:16,430 | [META-RNW] | INFO | meta_classifier_renewed.model_trainers.meta_trainer | Ep [010/500] T-Acc:  68.2%  V-Acc:  40.0%  V-AUROC: 0.4375  LR: 1.00e-04
2026-06-29 14:30:16,870 | [META-RNW] | INFO | meta_classifier_renewed.model_trainers.meta_trainer | Ep [011/500] T-Acc:  63.6%  V-Acc:  60.0%  V-AUROC: 0.5000  LR: 1.00e-04
2026-06-29 14:30:16,985 | [META-RNW] | INFO | meta_classifier_renewed.model_trainers.meta_trainer |   ↳ new best AUROC; saved checkpoint: /home/leggo/AIResearch/VOGBasedMCIDetectionSystemMobileViTSingleExperimentInference/outputs/checkpoints/run_20260629_142305_meta_renewed/fold_18_best.pth
2026-06-29 14:30:17,446 | [META-RNW] | INFO | meta_classifier_renewed.model_trainers.meta_trainer | Ep [012/500] T-Acc:  40.9%  V-Acc:  50.0%  V-AUROC: 0.5000  LR: 1.00e-04
2026-06-29 14:30:17,912 | [META-RNW] | INFO | meta_classifier_renewed.model_trainers.meta_trainer | Ep [013/500] T-Acc:  59.1%  V-Acc:  60.0%  V-AUROC: 0.5625  LR: 1.00e-04
2026-06-29 14:30:18,031 | [META-RNW] | INFO | meta_classifier_renewed.model_trainers.meta_trainer |   ↳ new best AUROC; saved checkpoint: /home/leggo/AIResearch/VOGBasedMCIDetectionSystemMobileViTSingleExperimentInference/outputs/checkpoints/run_20260629_142305_meta_renewed/fold_18_best.pth
2026-06-29 14:30:18,505 | [META-RNW] | INFO | meta_classifier_renewed.model_trainers.meta_trainer | Ep [014/500] T-Acc:  72.7%  V-Acc:  60.0%  V-AUROC: 0.5625  LR: 1.00e-04
2026-06-29 14:30:18,948 | [META-RNW] | INFO | meta_classifier_renewed.model_trainers.meta_trainer | Ep [015/500] T-Acc:  77.3%  V-Acc:  70.0%  V-AUROC: 0.5625  LR: 1.00e-04
2026-06-29 14:30:19,376 | [META-RNW] | INFO | meta_classifier_renewed.model_trainers.meta_trainer | Ep [016/500] T-Acc:  77.3%  V-Acc:  50.0%  V-AUROC: 0.6250  LR: 1.00e-04
2026-06-29 14:30:19,490 | [META-RNW] | INFO | meta_classifier_renewed.model_trainers.meta_trainer |   ↳ new best AUROC; saved checkpoint: /home/leggo/AIResearch/VOGBasedMCIDetectionSystemMobileViTSingleExperimentInference/outputs/checkpoints/run_20260629_142305_meta_renewed/fold_18_best.pth
2026-06-29 14:30:19,909 | [META-RNW] | INFO | meta_classifier_renewed.model_trainers.meta_trainer | Ep [017/500] T-Acc:  68.2%  V-Acc:  50.0%  V-AUROC: 0.6250  LR: 1.00e-04
2026-06-29 14:30:20,344 | [META-RNW] | INFO | meta_classifier_renewed.model_trainers.meta_trainer | Ep [018/500] T-Acc:  63.6%  V-Acc:  50.0%  V-AUROC: 0.6875  LR: 1.00e-04
2026-06-29 14:30:20,462 | [META-RNW] | INFO | meta_classifier_renewed.model_trainers.meta_trainer |   ↳ new best AUROC; saved checkpoint: /home/leggo/AIResearch/VOGBasedMCIDetectionSystemMobileViTSingleExperimentInference/outputs/checkpoints/run_20260629_142305_meta_renewed/fold_18_best.pth
2026-06-29 14:30:20,924 | [META-RNW] | INFO | meta_classifier_renewed.model_trainers.meta_trainer | Ep [019/500] T-Acc:  77.3%  V-Acc:  50.0%  V-AUROC: 0.6875  LR: 1.00e-04
2026-06-29 14:30:21,411 | [META-RNW] | INFO | meta_classifier_renewed.model_trainers.meta_trainer | Ep [020/500] T-Acc:  77.3%  V-Acc:  60.0%  V-AUROC: 0.6875  LR: 1.00e-04
2026-06-29 14:30:21,847 | [META-RNW] | INFO | meta_classifier_renewed.model_trainers.meta_trainer | Ep [021/500] T-Acc:  77.3%  V-Acc:  60.0%  V-AUROC: 0.6875  LR: 1.00e-04
2026-06-29 14:30:22,301 | [META-RNW] | INFO | meta_classifier_renewed.model_trainers.meta_trainer | Ep [022/500] T-Acc:  95.5%  V-Acc:  70.0%  V-AUROC: 0.6875  LR: 1.00e-04
2026-06-29 14:30:22,762 | [META-RNW] | INFO | meta_classifier_renewed.model_trainers.meta_trainer | Ep [023/500] T-Acc:  72.7%  V-Acc:  70.0%  V-AUROC: 0.6875  LR: 1.00e-04
2026-06-29 14:30:23,193 | [META-RNW] | INFO | meta_classifier_renewed.model_trainers.meta_trainer | Ep [024/500] T-Acc:  81.8%  V-Acc:  50.0%  V-AUROC: 0.6875  LR: 1.00e-04
2026-06-29 14:30:23,597 | [META-RNW] | INFO | meta_classifier_renewed.model_trainers.meta_trainer | Ep [025/500] T-Acc:  81.8%  V-Acc:  60.0%  V-AUROC: 0.6875  LR: 1.00e-04
2026-06-29 14:30:24,011 | [META-RNW] | INFO | meta_classifier_renewed.model_trainers.meta_trainer | Ep [026/500] T-Acc:  77.3%  V-Acc:  80.0%  V-AUROC: 0.6875  LR: 1.00e-04
2026-06-29 14:30:24,416 | [META-RNW] | INFO | meta_classifier_renewed.model_trainers.meta_trainer | Ep [027/500] T-Acc:  77.3%  V-Acc:  80.0%  V-AUROC: 0.6875  LR: 1.00e-04
2026-06-29 14:30:24,809 | [META-RNW] | INFO | meta_classifier_renewed.model_trainers.meta_trainer | Ep [028/500] T-Acc:  86.4%  V-Acc:  80.0%  V-AUROC: 0.6875  LR: 1.00e-04
2026-06-29 14:30:25,241 | [META-RNW] | INFO | meta_classifier_renewed.model_trainers.meta_trainer | Ep [029/500] T-Acc:  95.5%  V-Acc:  50.0%  V-AUROC: 0.6875  LR: 1.00e-04
2026-06-29 14:30:25,661 | [META-RNW] | INFO | meta_classifier_renewed.model_trainers.meta_trainer | Ep [030/500] T-Acc: 100.0%  V-Acc:  60.0%  V-AUROC: 0.6875  LR: 2.00e-05
2026-06-29 14:30:26,055 | [META-RNW] | INFO | meta_classifier_renewed.model_trainers.meta_trainer | Ep [031/500] T-Acc:  86.4%  V-Acc:  60.0%  V-AUROC: 0.6875  LR: 2.00e-05
2026-06-29 14:30:26,464 | [META-RNW] | INFO | meta_classifier_renewed.model_trainers.meta_trainer | Ep [032/500] T-Acc:  90.9%  V-Acc:  60.0%  V-AUROC: 0.6875  LR: 2.00e-05
2026-06-29 14:30:26,899 | [META-RNW] | INFO | meta_classifier_renewed.model_trainers.meta_trainer | Ep [033/500] T-Acc:  95.5%  V-Acc:  60.0%  V-AUROC: 0.6875  LR: 2.00e-05
2026-06-29 14:30:27,281 | [META-RNW] | INFO | meta_classifier_renewed.model_trainers.meta_trainer | Ep [034/500] T-Acc:  95.5%  V-Acc:  60.0%  V-AUROC: 0.6875  LR: 2.00e-05
2026-06-29 14:30:27,640 | [META-RNW] | INFO | meta_classifier_renewed.model_trainers.meta_trainer | Ep [035/500] T-Acc:  90.9%  V-Acc:  60.0%  V-AUROC: 0.6875  LR: 2.00e-05
2026-06-29 14:30:27,979 | [META-RNW] | INFO | meta_classifier_renewed.model_trainers.meta_trainer | Ep [036/500] T-Acc:  86.4%  V-Acc:  50.0%  V-AUROC: 0.6250  LR: 2.00e-05
2026-06-29 14:30:28,316 | [META-RNW] | INFO | meta_classifier_renewed.model_trainers.meta_trainer | Ep [037/500] T-Acc:  90.9%  V-Acc:  50.0%  V-AUROC: 0.6250  LR: 2.00e-05
2026-06-29 14:30:28,648 | [META-RNW] | INFO | meta_classifier_renewed.model_trainers.meta_trainer | Ep [038/500] T-Acc:  95.5%  V-Acc:  50.0%  V-AUROC: 0.6250  LR: 2.00e-05
2026-06-29 14:30:28,991 | [META-RNW] | INFO | meta_classifier_renewed.model_trainers.meta_trainer | Ep [039/500] T-Acc:  86.4%  V-Acc:  50.0%  V-AUROC: 0.6250  LR: 2.00e-05
2026-06-29 14:30:29,348 | [META-RNW] | INFO | meta_classifier_renewed.model_trainers.meta_trainer | Ep [040/500] T-Acc: 100.0%  V-Acc:  60.0%  V-AUROC: 0.6250  LR: 2.00e-05
2026-06-29 14:30:29,754 | [META-RNW] | INFO | meta_classifier_renewed.model_trainers.meta_trainer | Ep [041/500] T-Acc:  95.5%  V-Acc:  60.0%  V-AUROC: 0.6250  LR: 4.00e-06
2026-06-29 14:30:30,179 | [META-RNW] | INFO | meta_classifier_renewed.model_trainers.meta_trainer | Ep [042/500] T-Acc:  86.4%  V-Acc:  60.0%  V-AUROC: 0.6250  LR: 4.00e-06
2026-06-29 14:30:30,577 | [META-RNW] | INFO | meta_classifier_renewed.model_trainers.meta_trainer | Ep [043/500] T-Acc:  95.5%  V-Acc:  60.0%  V-AUROC: 0.6250  LR: 4.00e-06
2026-06-29 14:30:30,986 | [META-RNW] | INFO | meta_classifier_renewed.model_trainers.meta_trainer | Ep [044/500] T-Acc:  86.4%  V-Acc:  60.0%  V-AUROC: 0.6250  LR: 4.00e-06
2026-06-29 14:30:31,397 | [META-RNW] | INFO | meta_classifier_renewed.model_trainers.meta_trainer | Ep [045/500] T-Acc: 100.0%  V-Acc:  60.0%  V-AUROC: 0.6250  LR: 4.00e-06
2026-06-29 14:30:31,808 | [META-RNW] | INFO | meta_classifier_renewed.model_trainers.meta_trainer | Ep [046/500] T-Acc:  95.5%  V-Acc:  60.0%  V-AUROC: 0.6250  LR: 4.00e-06
2026-06-29 14:30:32,210 | [META-RNW] | INFO | meta_classifier_renewed.model_trainers.meta_trainer | Ep [047/500] T-Acc:  81.8%  V-Acc:  60.0%  V-AUROC: 0.5625  LR: 4.00e-06
2026-06-29 14:30:32,641 | [META-RNW] | INFO | meta_classifier_renewed.model_trainers.meta_trainer | Ep [048/500] T-Acc:  90.9%  V-Acc:  60.0%  V-AUROC: 0.5625  LR: 4.00e-06
2026-06-29 14:30:33,112 | [META-RNW] | INFO | meta_classifier_renewed.model_trainers.meta_trainer | Ep [049/500] T-Acc:  95.5%  V-Acc:  60.0%  V-AUROC: 0.6250  LR: 4.00e-06
2026-06-29 14:30:33,564 | [META-RNW] | INFO | meta_classifier_renewed.model_trainers.meta_trainer | Ep [050/500] T-Acc: 100.0%  V-Acc:  60.0%  V-AUROC: 0.6250  LR: 4.00e-06
2026-06-29 14:30:34,025 | [META-RNW] | INFO | meta_classifier_renewed.model_trainers.meta_trainer | Ep [051/500] T-Acc:  95.5%  V-Acc:  60.0%  V-AUROC: 0.6250  LR: 4.00e-06
2026-06-29 14:30:34,435 | [META-RNW] | INFO | meta_classifier_renewed.model_trainers.meta_trainer | Ep [052/500] T-Acc:  95.5%  V-Acc:  50.0%  V-AUROC: 0.5625  LR: 1.00e-06
2026-06-29 14:30:34,825 | [META-RNW] | INFO | meta_classifier_renewed.model_trainers.meta_trainer | Ep [053/500] T-Acc:  90.9%  V-Acc:  50.0%  V-AUROC: 0.6250  LR: 1.00e-06
2026-06-29 14:30:35,187 | [META-RNW] | INFO | meta_classifier_renewed.model_trainers.meta_trainer | Ep [054/500] T-Acc:  86.4%  V-Acc:  50.0%  V-AUROC: 0.6250  LR: 1.00e-06
2026-06-29 14:30:35,572 | [META-RNW] | INFO | meta_classifier_renewed.model_trainers.meta_trainer | Ep [055/500] T-Acc: 100.0%  V-Acc:  50.0%  V-AUROC: 0.6250  LR: 1.00e-06
2026-06-29 14:30:35,968 | [META-RNW] | INFO | meta_classifier_renewed.model_trainers.meta_trainer | Ep [056/500] T-Acc:  86.4%  V-Acc:  50.0%  V-AUROC: 0.5625  LR: 1.00e-06
2026-06-29 14:30:36,428 | [META-RNW] | INFO | meta_classifier_renewed.model_trainers.meta_trainer | Ep [057/500] T-Acc:  95.5%  V-Acc:  50.0%  V-AUROC: 0.6250  LR: 1.00e-06
2026-06-29 14:30:36,808 | [META-RNW] | INFO | meta_classifier_renewed.model_trainers.meta_trainer | Ep [058/500] T-Acc: 100.0%  V-Acc:  50.0%  V-AUROC: 0.6250  LR: 1.00e-06
2026-06-29 14:30:36,808 | [META-RNW] | INFO | meta_classifier_renewed.model_trainers.meta_trainer | Early stop — best AUROC 0.6875 at epoch 18 (no improvement for 40 epochs)
2026-06-29 14:30:36,808 | [META-RNW] | INFO | meta_classifier_renewed.model_trainers.meta_trainer | Done. Best AUROC: 0.6875 (epoch 18)
2026-06-29 14:30:36,906 | [META-RNW] | INFO | meta_classifier_renewed.evaluators.monte_carlo_evaluator | -> Fold 19 Result | Acc=0.500 Sens=0.500 Spec=0.500 AUROC=0.562 (Fixed Threshold: 0.5)
2026-06-29 14:30:36,923 | [META-RNW] | INFO | meta_classifier_renewed.evaluators.monte_carlo_evaluator | === Fold 20/30 | train: 22 subj | test: 10 subj ===
2026-06-29 14:30:36,937 | [META-RNW] | INFO | meta_classifier_renewed.model_trainers.meta_trainer | Device: cuda | max_epochs=500 | batch=8 | es_patience=40 | lr=1e-04 | wd=1e-02
2026-06-29 14:30:36,938 | [META-RNW] | INFO | meta_classifier_renewed.model_trainers.meta_trainer | CE weights — HC: 1.833  MCI: 0.688
2026-06-29 14:30:37,378 | [META-RNW] | INFO | meta_classifier_renewed.model_trainers.meta_trainer | Ep [001/500] T-Acc:  59.1%  V-Acc:  50.0%  V-AUROC: 0.1250  LR: 2.00e-05
2026-06-29 14:30:37,477 | [META-RNW] | INFO | meta_classifier_renewed.model_trainers.meta_trainer |   ↳ new best AUROC; saved checkpoint: /home/leggo/AIResearch/VOGBasedMCIDetectionSystemMobileViTSingleExperimentInference/outputs/checkpoints/run_20260629_142305_meta_renewed/fold_19_best.pth
2026-06-29 14:30:37,858 | [META-RNW] | INFO | meta_classifier_renewed.model_trainers.meta_trainer | Ep [002/500] T-Acc:  40.9%  V-Acc:  30.0%  V-AUROC: 0.1250  LR: 4.00e-05
2026-06-29 14:30:38,250 | [META-RNW] | INFO | meta_classifier_renewed.model_trainers.meta_trainer | Ep [003/500] T-Acc:  72.7%  V-Acc:  20.0%  V-AUROC: 0.2500  LR: 6.00e-05
2026-06-29 14:30:38,358 | [META-RNW] | INFO | meta_classifier_renewed.model_trainers.meta_trainer |   ↳ new best AUROC; saved checkpoint: /home/leggo/AIResearch/VOGBasedMCIDetectionSystemMobileViTSingleExperimentInference/outputs/checkpoints/run_20260629_142305_meta_renewed/fold_19_best.pth
2026-06-29 14:30:38,792 | [META-RNW] | INFO | meta_classifier_renewed.model_trainers.meta_trainer | Ep [004/500] T-Acc:  54.5%  V-Acc:  40.0%  V-AUROC: 0.2500  LR: 8.00e-05
2026-06-29 14:30:39,260 | [META-RNW] | INFO | meta_classifier_renewed.model_trainers.meta_trainer | Ep [005/500] T-Acc:  59.1%  V-Acc:  20.0%  V-AUROC: 0.3125  LR: 1.00e-04
2026-06-29 14:30:39,374 | [META-RNW] | INFO | meta_classifier_renewed.model_trainers.meta_trainer |   ↳ new best AUROC; saved checkpoint: /home/leggo/AIResearch/VOGBasedMCIDetectionSystemMobileViTSingleExperimentInference/outputs/checkpoints/run_20260629_142305_meta_renewed/fold_19_best.pth
2026-06-29 14:30:39,783 | [META-RNW] | INFO | meta_classifier_renewed.model_trainers.meta_trainer | Ep [006/500] T-Acc:  68.2%  V-Acc:  20.0%  V-AUROC: 0.2500  LR: 1.00e-04
2026-06-29 14:30:40,189 | [META-RNW] | INFO | meta_classifier_renewed.model_trainers.meta_trainer | Ep [007/500] T-Acc:  68.2%  V-Acc:  20.0%  V-AUROC: 0.1875  LR: 1.00e-04
2026-06-29 14:30:40,645 | [META-RNW] | INFO | meta_classifier_renewed.model_trainers.meta_trainer | Ep [008/500] T-Acc:  54.5%  V-Acc:  10.0%  V-AUROC: 0.1250  LR: 1.00e-04
2026-06-29 14:30:41,091 | [META-RNW] | INFO | meta_classifier_renewed.model_trainers.meta_trainer | Ep [009/500] T-Acc:  63.6%  V-Acc:  10.0%  V-AUROC: 0.0625  LR: 1.00e-04
2026-06-29 14:30:41,518 | [META-RNW] | INFO | meta_classifier_renewed.model_trainers.meta_trainer | Ep [010/500] T-Acc:  81.8%  V-Acc:  20.0%  V-AUROC: 0.0625  LR: 1.00e-04
2026-06-29 14:30:41,972 | [META-RNW] | INFO | meta_classifier_renewed.model_trainers.meta_trainer | Ep [011/500] T-Acc:  77.3%  V-Acc:  20.0%  V-AUROC: 0.1250  LR: 1.00e-04
2026-06-29 14:30:42,398 | [META-RNW] | INFO | meta_classifier_renewed.model_trainers.meta_trainer | Ep [012/500] T-Acc:  86.4%  V-Acc:  20.0%  V-AUROC: 0.0625  LR: 1.00e-04
2026-06-29 14:30:42,824 | [META-RNW] | INFO | meta_classifier_renewed.model_trainers.meta_trainer | Ep [013/500] T-Acc:  90.9%  V-Acc:  50.0%  V-AUROC: 0.1250  LR: 1.00e-04
2026-06-29 14:30:43,260 | [META-RNW] | INFO | meta_classifier_renewed.model_trainers.meta_trainer | Ep [014/500] T-Acc:  90.9%  V-Acc:  40.0%  V-AUROC: 0.0625  LR: 1.00e-04
2026-06-29 14:30:43,701 | [META-RNW] | INFO | meta_classifier_renewed.model_trainers.meta_trainer | Ep [015/500] T-Acc:  86.4%  V-Acc:  50.0%  V-AUROC: 0.0000  LR: 1.00e-04
2026-06-29 14:30:44,161 | [META-RNW] | INFO | meta_classifier_renewed.model_trainers.meta_trainer | Ep [016/500] T-Acc:  77.3%  V-Acc:  50.0%  V-AUROC: 0.1250  LR: 1.00e-04
2026-06-29 14:30:44,584 | [META-RNW] | INFO | meta_classifier_renewed.model_trainers.meta_trainer | Ep [017/500] T-Acc: 100.0%  V-Acc:  30.0%  V-AUROC: 0.1875  LR: 1.00e-04
2026-06-29 14:30:45,009 | [META-RNW] | INFO | meta_classifier_renewed.model_trainers.meta_trainer | Ep [018/500] T-Acc:  86.4%  V-Acc:  30.0%  V-AUROC: 0.1875  LR: 2.00e-05
2026-06-29 14:30:45,393 | [META-RNW] | INFO | meta_classifier_renewed.model_trainers.meta_trainer | Ep [019/500] T-Acc:  86.4%  V-Acc:  40.0%  V-AUROC: 0.1875  LR: 2.00e-05
2026-06-29 14:30:45,812 | [META-RNW] | INFO | meta_classifier_renewed.model_trainers.meta_trainer | Ep [020/500] T-Acc:  95.5%  V-Acc:  30.0%  V-AUROC: 0.2500  LR: 2.00e-05
2026-06-29 14:30:46,260 | [META-RNW] | INFO | meta_classifier_renewed.model_trainers.meta_trainer | Ep [021/500] T-Acc:  95.5%  V-Acc:  30.0%  V-AUROC: 0.3125  LR: 2.00e-05
2026-06-29 14:30:46,666 | [META-RNW] | INFO | meta_classifier_renewed.model_trainers.meta_trainer | Ep [022/500] T-Acc: 100.0%  V-Acc:  30.0%  V-AUROC: 0.3125  LR: 2.00e-05
2026-06-29 14:30:47,106 | [META-RNW] | INFO | meta_classifier_renewed.model_trainers.meta_trainer | Ep [023/500] T-Acc:  95.5%  V-Acc:  40.0%  V-AUROC: 0.3750  LR: 2.00e-05
2026-06-29 14:30:47,222 | [META-RNW] | INFO | meta_classifier_renewed.model_trainers.meta_trainer |   ↳ new best AUROC; saved checkpoint: /home/leggo/AIResearch/VOGBasedMCIDetectionSystemMobileViTSingleExperimentInference/outputs/checkpoints/run_20260629_142305_meta_renewed/fold_19_best.pth
2026-06-29 14:30:47,701 | [META-RNW] | INFO | meta_classifier_renewed.model_trainers.meta_trainer | Ep [024/500] T-Acc: 100.0%  V-Acc:  40.0%  V-AUROC: 0.3125  LR: 2.00e-05
2026-06-29 14:30:48,190 | [META-RNW] | INFO | meta_classifier_renewed.model_trainers.meta_trainer | Ep [025/500] T-Acc: 100.0%  V-Acc:  40.0%  V-AUROC: 0.3125  LR: 2.00e-05
2026-06-29 14:30:48,657 | [META-RNW] | INFO | meta_classifier_renewed.model_trainers.meta_trainer | Ep [026/500] T-Acc: 100.0%  V-Acc:  40.0%  V-AUROC: 0.3125  LR: 2.00e-05
2026-06-29 14:30:49,127 | [META-RNW] | INFO | meta_classifier_renewed.model_trainers.meta_trainer | Ep [027/500] T-Acc:  95.5%  V-Acc:  40.0%  V-AUROC: 0.3750  LR: 2.00e-05
2026-06-29 14:30:49,567 | [META-RNW] | INFO | meta_classifier_renewed.model_trainers.meta_trainer | Ep [028/500] T-Acc:  90.9%  V-Acc:  40.0%  V-AUROC: 0.3750  LR: 2.00e-05
2026-06-29 14:30:50,033 | [META-RNW] | INFO | meta_classifier_renewed.model_trainers.meta_trainer | Ep [029/500] T-Acc:  95.5%  V-Acc:  40.0%  V-AUROC: 0.3750  LR: 2.00e-05
2026-06-29 14:30:50,485 | [META-RNW] | INFO | meta_classifier_renewed.model_trainers.meta_trainer | Ep [030/500] T-Acc:  90.9%  V-Acc:  40.0%  V-AUROC: 0.3750  LR: 2.00e-05
2026-06-29 14:30:50,914 | [META-RNW] | INFO | meta_classifier_renewed.model_trainers.meta_trainer | Ep [031/500] T-Acc:  90.9%  V-Acc:  40.0%  V-AUROC: 0.3750  LR: 2.00e-05
2026-06-29 14:30:51,330 | [META-RNW] | INFO | meta_classifier_renewed.model_trainers.meta_trainer | Ep [032/500] T-Acc: 100.0%  V-Acc:  40.0%  V-AUROC: 0.3125  LR: 2.00e-05
2026-06-29 14:30:51,780 | [META-RNW] | INFO | meta_classifier_renewed.model_trainers.meta_trainer | Ep [033/500] T-Acc:  90.9%  V-Acc:  40.0%  V-AUROC: 0.3750  LR: 2.00e-05
2026-06-29 14:30:52,233 | [META-RNW] | INFO | meta_classifier_renewed.model_trainers.meta_trainer | Ep [034/500] T-Acc: 100.0%  V-Acc:  40.0%  V-AUROC: 0.3125  LR: 2.00e-05
2026-06-29 14:30:52,673 | [META-RNW] | INFO | meta_classifier_renewed.model_trainers.meta_trainer | Ep [035/500] T-Acc:  90.9%  V-Acc:  40.0%  V-AUROC: 0.3125  LR: 4.00e-06
2026-06-29 14:30:53,102 | [META-RNW] | INFO | meta_classifier_renewed.model_trainers.meta_trainer | Ep [036/500] T-Acc: 100.0%  V-Acc:  40.0%  V-AUROC: 0.3125  LR: 4.00e-06
2026-06-29 14:30:53,554 | [META-RNW] | INFO | meta_classifier_renewed.model_trainers.meta_trainer | Ep [037/500] T-Acc: 100.0%  V-Acc:  40.0%  V-AUROC: 0.3125  LR: 4.00e-06
2026-06-29 14:30:53,977 | [META-RNW] | INFO | meta_classifier_renewed.model_trainers.meta_trainer | Ep [038/500] T-Acc:  95.5%  V-Acc:  50.0%  V-AUROC: 0.3750  LR: 4.00e-06
2026-06-29 14:30:54,364 | [META-RNW] | INFO | meta_classifier_renewed.model_trainers.meta_trainer | Ep [039/500] T-Acc: 100.0%  V-Acc:  40.0%  V-AUROC: 0.3125  LR: 4.00e-06
2026-06-29 14:30:54,795 | [META-RNW] | INFO | meta_classifier_renewed.model_trainers.meta_trainer | Ep [040/500] T-Acc: 100.0%  V-Acc:  40.0%  V-AUROC: 0.3125  LR: 4.00e-06
2026-06-29 14:30:55,259 | [META-RNW] | INFO | meta_classifier_renewed.model_trainers.meta_trainer | Ep [041/500] T-Acc:  90.9%  V-Acc:  40.0%  V-AUROC: 0.3125  LR: 4.00e-06
2026-06-29 14:30:55,709 | [META-RNW] | INFO | meta_classifier_renewed.model_trainers.meta_trainer | Ep [042/500] T-Acc:  95.5%  V-Acc:  40.0%  V-AUROC: 0.3125  LR: 4.00e-06
2026-06-29 14:30:56,174 | [META-RNW] | INFO | meta_classifier_renewed.model_trainers.meta_trainer | Ep [043/500] T-Acc: 100.0%  V-Acc:  40.0%  V-AUROC: 0.3750  LR: 4.00e-06
2026-06-29 14:30:56,606 | [META-RNW] | INFO | meta_classifier_renewed.model_trainers.meta_trainer | Ep [044/500] T-Acc:  95.5%  V-Acc:  40.0%  V-AUROC: 0.3750  LR: 4.00e-06
2026-06-29 14:30:57,069 | [META-RNW] | INFO | meta_classifier_renewed.model_trainers.meta_trainer | Ep [045/500] T-Acc:  90.9%  V-Acc:  40.0%  V-AUROC: 0.3750  LR: 4.00e-06
2026-06-29 14:30:57,523 | [META-RNW] | INFO | meta_classifier_renewed.model_trainers.meta_trainer | Ep [046/500] T-Acc: 100.0%  V-Acc:  40.0%  V-AUROC: 0.3750  LR: 1.00e-06
2026-06-29 14:30:57,920 | [META-RNW] | INFO | meta_classifier_renewed.model_trainers.meta_trainer | Ep [047/500] T-Acc:  95.5%  V-Acc:  40.0%  V-AUROC: 0.3750  LR: 1.00e-06
2026-06-29 14:30:58,357 | [META-RNW] | INFO | meta_classifier_renewed.model_trainers.meta_trainer | Ep [048/500] T-Acc: 100.0%  V-Acc:  40.0%  V-AUROC: 0.3750  LR: 1.00e-06
2026-06-29 14:30:58,754 | [META-RNW] | INFO | meta_classifier_renewed.model_trainers.meta_trainer | Ep [049/500] T-Acc: 100.0%  V-Acc:  40.0%  V-AUROC: 0.3750  LR: 1.00e-06
2026-06-29 14:30:59,165 | [META-RNW] | INFO | meta_classifier_renewed.model_trainers.meta_trainer | Ep [050/500] T-Acc: 100.0%  V-Acc:  40.0%  V-AUROC: 0.3750  LR: 1.00e-06
2026-06-29 14:30:59,565 | [META-RNW] | INFO | meta_classifier_renewed.model_trainers.meta_trainer | Ep [051/500] T-Acc: 100.0%  V-Acc:  40.0%  V-AUROC: 0.3750  LR: 1.00e-06
2026-06-29 14:30:59,964 | [META-RNW] | INFO | meta_classifier_renewed.model_trainers.meta_trainer | Ep [052/500] T-Acc:  95.5%  V-Acc:  40.0%  V-AUROC: 0.3750  LR: 1.00e-06
2026-06-29 14:31:00,341 | [META-RNW] | INFO | meta_classifier_renewed.model_trainers.meta_trainer | Ep [053/500] T-Acc:  95.5%  V-Acc:  40.0%  V-AUROC: 0.3750  LR: 1.00e-06
2026-06-29 14:31:00,736 | [META-RNW] | INFO | meta_classifier_renewed.model_trainers.meta_trainer | Ep [054/500] T-Acc: 100.0%  V-Acc:  40.0%  V-AUROC: 0.3750  LR: 1.00e-06
2026-06-29 14:31:01,168 | [META-RNW] | INFO | meta_classifier_renewed.model_trainers.meta_trainer | Ep [055/500] T-Acc: 100.0%  V-Acc:  40.0%  V-AUROC: 0.4375  LR: 1.00e-06
2026-06-29 14:31:01,282 | [META-RNW] | INFO | meta_classifier_renewed.model_trainers.meta_trainer |   ↳ new best AUROC; saved checkpoint: /home/leggo/AIResearch/VOGBasedMCIDetectionSystemMobileViTSingleExperimentInference/outputs/checkpoints/run_20260629_142305_meta_renewed/fold_19_best.pth
2026-06-29 14:31:01,719 | [META-RNW] | INFO | meta_classifier_renewed.model_trainers.meta_trainer | Ep [056/500] T-Acc:  95.5%  V-Acc:  40.0%  V-AUROC: 0.4375  LR: 1.00e-06
2026-06-29 14:31:02,148 | [META-RNW] | INFO | meta_classifier_renewed.model_trainers.meta_trainer | Ep [057/500] T-Acc: 100.0%  V-Acc:  40.0%  V-AUROC: 0.4375  LR: 1.00e-06
2026-06-29 14:31:02,591 | [META-RNW] | INFO | meta_classifier_renewed.model_trainers.meta_trainer | Ep [058/500] T-Acc:  95.5%  V-Acc:  40.0%  V-AUROC: 0.4375  LR: 1.00e-06
2026-06-29 14:31:03,062 | [META-RNW] | INFO | meta_classifier_renewed.model_trainers.meta_trainer | Ep [059/500] T-Acc:  95.5%  V-Acc:  40.0%  V-AUROC: 0.4375  LR: 1.00e-06
2026-06-29 14:31:03,513 | [META-RNW] | INFO | meta_classifier_renewed.model_trainers.meta_trainer | Ep [060/500] T-Acc:  90.9%  V-Acc:  40.0%  V-AUROC: 0.4375  LR: 1.00e-06
2026-06-29 14:31:03,974 | [META-RNW] | INFO | meta_classifier_renewed.model_trainers.meta_trainer | Ep [061/500] T-Acc: 100.0%  V-Acc:  40.0%  V-AUROC: 0.4375  LR: 1.00e-06
2026-06-29 14:31:04,386 | [META-RNW] | INFO | meta_classifier_renewed.model_trainers.meta_trainer | Ep [062/500] T-Acc: 100.0%  V-Acc:  40.0%  V-AUROC: 0.4375  LR: 1.00e-06
2026-06-29 14:31:04,825 | [META-RNW] | INFO | meta_classifier_renewed.model_trainers.meta_trainer | Ep [063/500] T-Acc:  90.9%  V-Acc:  40.0%  V-AUROC: 0.3750  LR: 1.00e-06
2026-06-29 14:31:05,263 | [META-RNW] | INFO | meta_classifier_renewed.model_trainers.meta_trainer | Ep [064/500] T-Acc: 100.0%  V-Acc:  40.0%  V-AUROC: 0.4375  LR: 1.00e-06
2026-06-29 14:31:05,693 | [META-RNW] | INFO | meta_classifier_renewed.model_trainers.meta_trainer | Ep [065/500] T-Acc:  95.5%  V-Acc:  40.0%  V-AUROC: 0.4375  LR: 1.00e-06
2026-06-29 14:31:06,137 | [META-RNW] | INFO | meta_classifier_renewed.model_trainers.meta_trainer | Ep [066/500] T-Acc: 100.0%  V-Acc:  40.0%  V-AUROC: 0.4375  LR: 1.00e-06
2026-06-29 14:31:06,538 | [META-RNW] | INFO | meta_classifier_renewed.model_trainers.meta_trainer | Ep [067/500] T-Acc: 100.0%  V-Acc:  40.0%  V-AUROC: 0.4375  LR: 1.00e-06
2026-06-29 14:31:06,931 | [META-RNW] | INFO | meta_classifier_renewed.model_trainers.meta_trainer | Ep [068/500] T-Acc: 100.0%  V-Acc:  40.0%  V-AUROC: 0.4375  LR: 1.00e-06
2026-06-29 14:31:07,357 | [META-RNW] | INFO | meta_classifier_renewed.model_trainers.meta_trainer | Ep [069/500] T-Acc: 100.0%  V-Acc:  40.0%  V-AUROC: 0.4375  LR: 1.00e-06
2026-06-29 14:31:07,782 | [META-RNW] | INFO | meta_classifier_renewed.model_trainers.meta_trainer | Ep [070/500] T-Acc:  95.5%  V-Acc:  40.0%  V-AUROC: 0.4375  LR: 1.00e-06
2026-06-29 14:31:08,203 | [META-RNW] | INFO | meta_classifier_renewed.model_trainers.meta_trainer | Ep [071/500] T-Acc: 100.0%  V-Acc:  40.0%  V-AUROC: 0.4375  LR: 1.00e-06
2026-06-29 14:31:08,591 | [META-RNW] | INFO | meta_classifier_renewed.model_trainers.meta_trainer | Ep [072/500] T-Acc: 100.0%  V-Acc:  40.0%  V-AUROC: 0.4375  LR: 1.00e-06
2026-06-29 14:31:08,988 | [META-RNW] | INFO | meta_classifier_renewed.model_trainers.meta_trainer | Ep [073/500] T-Acc:  95.5%  V-Acc:  40.0%  V-AUROC: 0.4375  LR: 1.00e-06
2026-06-29 14:31:09,390 | [META-RNW] | INFO | meta_classifier_renewed.model_trainers.meta_trainer | Ep [074/500] T-Acc:  95.5%  V-Acc:  40.0%  V-AUROC: 0.4375  LR: 1.00e-06
2026-06-29 14:31:09,826 | [META-RNW] | INFO | meta_classifier_renewed.model_trainers.meta_trainer | Ep [075/500] T-Acc:  95.5%  V-Acc:  40.0%  V-AUROC: 0.4375  LR: 1.00e-06
2026-06-29 14:31:10,274 | [META-RNW] | INFO | meta_classifier_renewed.model_trainers.meta_trainer | Ep [076/500] T-Acc: 100.0%  V-Acc:  40.0%  V-AUROC: 0.4375  LR: 1.00e-06
2026-06-29 14:31:10,739 | [META-RNW] | INFO | meta_classifier_renewed.model_trainers.meta_trainer | Ep [077/500] T-Acc:  95.5%  V-Acc:  40.0%  V-AUROC: 0.4375  LR: 1.00e-06
2026-06-29 14:31:11,198 | [META-RNW] | INFO | meta_classifier_renewed.model_trainers.meta_trainer | Ep [078/500] T-Acc: 100.0%  V-Acc:  40.0%  V-AUROC: 0.3750  LR: 1.00e-06
2026-06-29 14:31:11,648 | [META-RNW] | INFO | meta_classifier_renewed.model_trainers.meta_trainer | Ep [079/500] T-Acc: 100.0%  V-Acc:  40.0%  V-AUROC: 0.4375  LR: 1.00e-06
2026-06-29 14:31:12,039 | [META-RNW] | INFO | meta_classifier_renewed.model_trainers.meta_trainer | Ep [080/500] T-Acc: 100.0%  V-Acc:  40.0%  V-AUROC: 0.3750  LR: 1.00e-06
2026-06-29 14:31:12,436 | [META-RNW] | INFO | meta_classifier_renewed.model_trainers.meta_trainer | Ep [081/500] T-Acc:  90.9%  V-Acc:  40.0%  V-AUROC: 0.3750  LR: 1.00e-06
2026-06-29 14:31:12,816 | [META-RNW] | INFO | meta_classifier_renewed.model_trainers.meta_trainer | Ep [082/500] T-Acc: 100.0%  V-Acc:  40.0%  V-AUROC: 0.3750  LR: 1.00e-06
2026-06-29 14:31:13,290 | [META-RNW] | INFO | meta_classifier_renewed.model_trainers.meta_trainer | Ep [083/500] T-Acc:  95.5%  V-Acc:  40.0%  V-AUROC: 0.3750  LR: 1.00e-06
2026-06-29 14:31:13,729 | [META-RNW] | INFO | meta_classifier_renewed.model_trainers.meta_trainer | Ep [084/500] T-Acc:  95.5%  V-Acc:  40.0%  V-AUROC: 0.3750  LR: 1.00e-06
2026-06-29 14:31:14,169 | [META-RNW] | INFO | meta_classifier_renewed.model_trainers.meta_trainer | Ep [085/500] T-Acc: 100.0%  V-Acc:  40.0%  V-AUROC: 0.4375  LR: 1.00e-06
2026-06-29 14:31:14,586 | [META-RNW] | INFO | meta_classifier_renewed.model_trainers.meta_trainer | Ep [086/500] T-Acc:  90.9%  V-Acc:  40.0%  V-AUROC: 0.4375  LR: 1.00e-06
2026-06-29 14:31:14,989 | [META-RNW] | INFO | meta_classifier_renewed.model_trainers.meta_trainer | Ep [087/500] T-Acc: 100.0%  V-Acc:  40.0%  V-AUROC: 0.3750  LR: 1.00e-06
2026-06-29 14:31:15,408 | [META-RNW] | INFO | meta_classifier_renewed.model_trainers.meta_trainer | Ep [088/500] T-Acc: 100.0%  V-Acc:  40.0%  V-AUROC: 0.3750  LR: 1.00e-06
2026-06-29 14:31:15,841 | [META-RNW] | INFO | meta_classifier_renewed.model_trainers.meta_trainer | Ep [089/500] T-Acc: 100.0%  V-Acc:  40.0%  V-AUROC: 0.3750  LR: 1.00e-06
2026-06-29 14:31:16,250 | [META-RNW] | INFO | meta_classifier_renewed.model_trainers.meta_trainer | Ep [090/500] T-Acc:  95.5%  V-Acc:  40.0%  V-AUROC: 0.3750  LR: 1.00e-06
2026-06-29 14:31:16,677 | [META-RNW] | INFO | meta_classifier_renewed.model_trainers.meta_trainer | Ep [091/500] T-Acc: 100.0%  V-Acc:  40.0%  V-AUROC: 0.3750  LR: 1.00e-06
2026-06-29 14:31:17,109 | [META-RNW] | INFO | meta_classifier_renewed.model_trainers.meta_trainer | Ep [092/500] T-Acc: 100.0%  V-Acc:  40.0%  V-AUROC: 0.3750  LR: 1.00e-06
2026-06-29 14:31:17,522 | [META-RNW] | INFO | meta_classifier_renewed.model_trainers.meta_trainer | Ep [093/500] T-Acc: 100.0%  V-Acc:  40.0%  V-AUROC: 0.3750  LR: 1.00e-06
2026-06-29 14:31:17,939 | [META-RNW] | INFO | meta_classifier_renewed.model_trainers.meta_trainer | Ep [094/500] T-Acc:  90.9%  V-Acc:  40.0%  V-AUROC: 0.3750  LR: 1.00e-06
2026-06-29 14:31:18,354 | [META-RNW] | INFO | meta_classifier_renewed.model_trainers.meta_trainer | Ep [095/500] T-Acc: 100.0%  V-Acc:  40.0%  V-AUROC: 0.4375  LR: 1.00e-06
2026-06-29 14:31:18,355 | [META-RNW] | INFO | meta_classifier_renewed.model_trainers.meta_trainer | Early stop — best AUROC 0.4375 at epoch 55 (no improvement for 40 epochs)
2026-06-29 14:31:18,355 | [META-RNW] | INFO | meta_classifier_renewed.model_trainers.meta_trainer | Done. Best AUROC: 0.4375 (epoch 55)
2026-06-29 14:31:18,463 | [META-RNW] | INFO | meta_classifier_renewed.evaluators.monte_carlo_evaluator | -> Fold 20 Result | Acc=0.400 Sens=0.000 Spec=0.500 AUROC=0.438 (Fixed Threshold: 0.5)
2026-06-29 14:31:18,482 | [META-RNW] | INFO | meta_classifier_renewed.evaluators.monte_carlo_evaluator | === Fold 21/30 | train: 22 subj | test: 10 subj ===
2026-06-29 14:31:18,496 | [META-RNW] | INFO | meta_classifier_renewed.model_trainers.meta_trainer | Device: cuda | max_epochs=500 | batch=8 | es_patience=40 | lr=1e-04 | wd=1e-02
2026-06-29 14:31:18,497 | [META-RNW] | INFO | meta_classifier_renewed.model_trainers.meta_trainer | CE weights — HC: 1.000  MCI: 1.000
2026-06-29 14:31:18,948 | [META-RNW] | INFO | meta_classifier_renewed.model_trainers.meta_trainer | Ep [001/500] T-Acc:  54.5%  V-Acc:  30.0%  V-AUROC: 0.0952  LR: 2.00e-05
2026-06-29 14:31:19,047 | [META-RNW] | INFO | meta_classifier_renewed.model_trainers.meta_trainer |   ↳ new best AUROC; saved checkpoint: /home/leggo/AIResearch/VOGBasedMCIDetectionSystemMobileViTSingleExperimentInference/outputs/checkpoints/run_20260629_142305_meta_renewed/fold_20_best.pth
2026-06-29 14:31:19,459 | [META-RNW] | INFO | meta_classifier_renewed.model_trainers.meta_trainer | Ep [002/500] T-Acc:  54.5%  V-Acc:  30.0%  V-AUROC: 0.1429  LR: 4.00e-05
2026-06-29 14:31:19,570 | [META-RNW] | INFO | meta_classifier_renewed.model_trainers.meta_trainer |   ↳ new best AUROC; saved checkpoint: /home/leggo/AIResearch/VOGBasedMCIDetectionSystemMobileViTSingleExperimentInference/outputs/checkpoints/run_20260629_142305_meta_renewed/fold_20_best.pth
2026-06-29 14:31:19,994 | [META-RNW] | INFO | meta_classifier_renewed.model_trainers.meta_trainer | Ep [003/500] T-Acc:  54.5%  V-Acc:  70.0%  V-AUROC: 0.3810  LR: 6.00e-05
2026-06-29 14:31:20,104 | [META-RNW] | INFO | meta_classifier_renewed.model_trainers.meta_trainer |   ↳ new best AUROC; saved checkpoint: /home/leggo/AIResearch/VOGBasedMCIDetectionSystemMobileViTSingleExperimentInference/outputs/checkpoints/run_20260629_142305_meta_renewed/fold_20_best.pth
2026-06-29 14:31:20,547 | [META-RNW] | INFO | meta_classifier_renewed.model_trainers.meta_trainer | Ep [004/500] T-Acc:  59.1%  V-Acc:  70.0%  V-AUROC: 0.3333  LR: 8.00e-05
2026-06-29 14:31:21,003 | [META-RNW] | INFO | meta_classifier_renewed.model_trainers.meta_trainer | Ep [005/500] T-Acc:  63.6%  V-Acc:  40.0%  V-AUROC: 0.3333  LR: 1.00e-04
2026-06-29 14:31:21,460 | [META-RNW] | INFO | meta_classifier_renewed.model_trainers.meta_trainer | Ep [006/500] T-Acc:  59.1%  V-Acc:  30.0%  V-AUROC: 0.3810  LR: 1.00e-04
2026-06-29 14:31:21,927 | [META-RNW] | INFO | meta_classifier_renewed.model_trainers.meta_trainer | Ep [007/500] T-Acc:  50.0%  V-Acc:  30.0%  V-AUROC: 0.3333  LR: 1.00e-04
2026-06-29 14:31:22,355 | [META-RNW] | INFO | meta_classifier_renewed.model_trainers.meta_trainer | Ep [008/500] T-Acc:  68.2%  V-Acc:  50.0%  V-AUROC: 0.3333  LR: 1.00e-04
2026-06-29 14:31:22,802 | [META-RNW] | INFO | meta_classifier_renewed.model_trainers.meta_trainer | Ep [009/500] T-Acc:  81.8%  V-Acc:  40.0%  V-AUROC: 0.2857  LR: 1.00e-04
2026-06-29 14:31:23,237 | [META-RNW] | INFO | meta_classifier_renewed.model_trainers.meta_trainer | Ep [010/500] T-Acc:  68.2%  V-Acc:  40.0%  V-AUROC: 0.3810  LR: 1.00e-04
2026-06-29 14:31:23,707 | [META-RNW] | INFO | meta_classifier_renewed.model_trainers.meta_trainer | Ep [011/500] T-Acc:  72.7%  V-Acc:  50.0%  V-AUROC: 0.3810  LR: 1.00e-04
2026-06-29 14:31:24,141 | [META-RNW] | INFO | meta_classifier_renewed.model_trainers.meta_trainer | Ep [012/500] T-Acc:  77.3%  V-Acc:  60.0%  V-AUROC: 0.3810  LR: 1.00e-04
2026-06-29 14:31:24,571 | [META-RNW] | INFO | meta_classifier_renewed.model_trainers.meta_trainer | Ep [013/500] T-Acc:  72.7%  V-Acc:  50.0%  V-AUROC: 0.3333  LR: 1.00e-04
2026-06-29 14:31:24,980 | [META-RNW] | INFO | meta_classifier_renewed.model_trainers.meta_trainer | Ep [014/500] T-Acc:  72.7%  V-Acc:  30.0%  V-AUROC: 0.3333  LR: 1.00e-04
2026-06-29 14:31:25,376 | [META-RNW] | INFO | meta_classifier_renewed.model_trainers.meta_trainer | Ep [015/500] T-Acc:  90.9%  V-Acc:  40.0%  V-AUROC: 0.3333  LR: 1.00e-04
2026-06-29 14:31:25,796 | [META-RNW] | INFO | meta_classifier_renewed.model_trainers.meta_trainer | Ep [016/500] T-Acc:  81.8%  V-Acc:  40.0%  V-AUROC: 0.3333  LR: 1.00e-04
2026-06-29 14:31:26,216 | [META-RNW] | INFO | meta_classifier_renewed.model_trainers.meta_trainer | Ep [017/500] T-Acc:  95.5%  V-Acc:  50.0%  V-AUROC: 0.3810  LR: 1.00e-04
2026-06-29 14:31:26,700 | [META-RNW] | INFO | meta_classifier_renewed.model_trainers.meta_trainer | Ep [018/500] T-Acc:  77.3%  V-Acc:  60.0%  V-AUROC: 0.4286  LR: 2.00e-05
2026-06-29 14:31:26,816 | [META-RNW] | INFO | meta_classifier_renewed.model_trainers.meta_trainer |   ↳ new best AUROC; saved checkpoint: /home/leggo/AIResearch/VOGBasedMCIDetectionSystemMobileViTSingleExperimentInference/outputs/checkpoints/run_20260629_142305_meta_renewed/fold_20_best.pth
2026-06-29 14:31:27,258 | [META-RNW] | INFO | meta_classifier_renewed.model_trainers.meta_trainer | Ep [019/500] T-Acc:  81.8%  V-Acc:  50.0%  V-AUROC: 0.4762  LR: 2.00e-05
2026-06-29 14:31:27,390 | [META-RNW] | INFO | meta_classifier_renewed.model_trainers.meta_trainer |   ↳ new best AUROC; saved checkpoint: /home/leggo/AIResearch/VOGBasedMCIDetectionSystemMobileViTSingleExperimentInference/outputs/checkpoints/run_20260629_142305_meta_renewed/fold_20_best.pth
2026-06-29 14:31:27,851 | [META-RNW] | INFO | meta_classifier_renewed.model_trainers.meta_trainer | Ep [020/500] T-Acc:  86.4%  V-Acc:  50.0%  V-AUROC: 0.4762  LR: 2.00e-05
2026-06-29 14:31:28,294 | [META-RNW] | INFO | meta_classifier_renewed.model_trainers.meta_trainer | Ep [021/500] T-Acc:  77.3%  V-Acc:  40.0%  V-AUROC: 0.4762  LR: 2.00e-05
2026-06-29 14:31:28,753 | [META-RNW] | INFO | meta_classifier_renewed.model_trainers.meta_trainer | Ep [022/500] T-Acc:  86.4%  V-Acc:  40.0%  V-AUROC: 0.4762  LR: 2.00e-05
2026-06-29 14:31:29,236 | [META-RNW] | INFO | meta_classifier_renewed.model_trainers.meta_trainer | Ep [023/500] T-Acc:  86.4%  V-Acc:  40.0%  V-AUROC: 0.4762  LR: 2.00e-05
2026-06-29 14:31:29,662 | [META-RNW] | INFO | meta_classifier_renewed.model_trainers.meta_trainer | Ep [024/500] T-Acc:  90.9%  V-Acc:  40.0%  V-AUROC: 0.4762  LR: 2.00e-05
2026-06-29 14:31:30,063 | [META-RNW] | INFO | meta_classifier_renewed.model_trainers.meta_trainer | Ep [025/500] T-Acc:  95.5%  V-Acc:  40.0%  V-AUROC: 0.4762  LR: 2.00e-05
2026-06-29 14:31:30,456 | [META-RNW] | INFO | meta_classifier_renewed.model_trainers.meta_trainer | Ep [026/500] T-Acc:  86.4%  V-Acc:  40.0%  V-AUROC: 0.4762  LR: 2.00e-05
2026-06-29 14:31:30,845 | [META-RNW] | INFO | meta_classifier_renewed.model_trainers.meta_trainer | Ep [027/500] T-Acc:  86.4%  V-Acc:  40.0%  V-AUROC: 0.4762  LR: 2.00e-05
2026-06-29 14:31:31,258 | [META-RNW] | INFO | meta_classifier_renewed.model_trainers.meta_trainer | Ep [028/500] T-Acc:  90.9%  V-Acc:  40.0%  V-AUROC: 0.4762  LR: 2.00e-05
2026-06-29 14:31:31,694 | [META-RNW] | INFO | meta_classifier_renewed.model_trainers.meta_trainer | Ep [029/500] T-Acc:  86.4%  V-Acc:  40.0%  V-AUROC: 0.4762  LR: 2.00e-05
2026-06-29 14:31:32,103 | [META-RNW] | INFO | meta_classifier_renewed.model_trainers.meta_trainer | Ep [030/500] T-Acc:  95.5%  V-Acc:  40.0%  V-AUROC: 0.4762  LR: 2.00e-05
2026-06-29 14:31:32,536 | [META-RNW] | INFO | meta_classifier_renewed.model_trainers.meta_trainer | Ep [031/500] T-Acc:  90.9%  V-Acc:  40.0%  V-AUROC: 0.4762  LR: 4.00e-06
2026-06-29 14:31:32,990 | [META-RNW] | INFO | meta_classifier_renewed.model_trainers.meta_trainer | Ep [032/500] T-Acc:  86.4%  V-Acc:  40.0%  V-AUROC: 0.4762  LR: 4.00e-06
2026-06-29 14:31:33,462 | [META-RNW] | INFO | meta_classifier_renewed.model_trainers.meta_trainer | Ep [033/500] T-Acc:  86.4%  V-Acc:  40.0%  V-AUROC: 0.4762  LR: 4.00e-06
2026-06-29 14:31:33,886 | [META-RNW] | INFO | meta_classifier_renewed.model_trainers.meta_trainer | Ep [034/500] T-Acc: 100.0%  V-Acc:  40.0%  V-AUROC: 0.4762  LR: 4.00e-06
2026-06-29 14:31:34,310 | [META-RNW] | INFO | meta_classifier_renewed.model_trainers.meta_trainer | Ep [035/500] T-Acc:  95.5%  V-Acc:  40.0%  V-AUROC: 0.4762  LR: 4.00e-06
2026-06-29 14:31:34,735 | [META-RNW] | INFO | meta_classifier_renewed.model_trainers.meta_trainer | Ep [036/500] T-Acc: 100.0%  V-Acc:  40.0%  V-AUROC: 0.4762  LR: 4.00e-06
2026-06-29 14:31:35,158 | [META-RNW] | INFO | meta_classifier_renewed.model_trainers.meta_trainer | Ep [037/500] T-Acc:  81.8%  V-Acc:  40.0%  V-AUROC: 0.4762  LR: 4.00e-06
2026-06-29 14:31:35,612 | [META-RNW] | INFO | meta_classifier_renewed.model_trainers.meta_trainer | Ep [038/500] T-Acc:  90.9%  V-Acc:  40.0%  V-AUROC: 0.4762  LR: 4.00e-06
2026-06-29 14:31:36,041 | [META-RNW] | INFO | meta_classifier_renewed.model_trainers.meta_trainer | Ep [039/500] T-Acc:  86.4%  V-Acc:  40.0%  V-AUROC: 0.4762  LR: 4.00e-06
2026-06-29 14:31:36,436 | [META-RNW] | INFO | meta_classifier_renewed.model_trainers.meta_trainer | Ep [040/500] T-Acc:  81.8%  V-Acc:  40.0%  V-AUROC: 0.4762  LR: 4.00e-06
2026-06-29 14:31:36,879 | [META-RNW] | INFO | meta_classifier_renewed.model_trainers.meta_trainer | Ep [041/500] T-Acc:  90.9%  V-Acc:  40.0%  V-AUROC: 0.4762  LR: 4.00e-06
2026-06-29 14:31:37,332 | [META-RNW] | INFO | meta_classifier_renewed.model_trainers.meta_trainer | Ep [042/500] T-Acc:  90.9%  V-Acc:  40.0%  V-AUROC: 0.4762  LR: 1.00e-06
2026-06-29 14:31:37,761 | [META-RNW] | INFO | meta_classifier_renewed.model_trainers.meta_trainer | Ep [043/500] T-Acc:  95.5%  V-Acc:  40.0%  V-AUROC: 0.4762  LR: 1.00e-06
2026-06-29 14:31:38,220 | [META-RNW] | INFO | meta_classifier_renewed.model_trainers.meta_trainer | Ep [044/500] T-Acc:  81.8%  V-Acc:  40.0%  V-AUROC: 0.4762  LR: 1.00e-06
2026-06-29 14:31:38,658 | [META-RNW] | INFO | meta_classifier_renewed.model_trainers.meta_trainer | Ep [045/500] T-Acc:  90.9%  V-Acc:  40.0%  V-AUROC: 0.4762  LR: 1.00e-06
2026-06-29 14:31:39,076 | [META-RNW] | INFO | meta_classifier_renewed.model_trainers.meta_trainer | Ep [046/500] T-Acc:  86.4%  V-Acc:  40.0%  V-AUROC: 0.4762  LR: 1.00e-06
2026-06-29 14:31:39,502 | [META-RNW] | INFO | meta_classifier_renewed.model_trainers.meta_trainer | Ep [047/500] T-Acc:  81.8%  V-Acc:  40.0%  V-AUROC: 0.4762  LR: 1.00e-06
2026-06-29 14:31:39,922 | [META-RNW] | INFO | meta_classifier_renewed.model_trainers.meta_trainer | Ep [048/500] T-Acc:  90.9%  V-Acc:  40.0%  V-AUROC: 0.4762  LR: 1.00e-06
2026-06-29 14:31:40,375 | [META-RNW] | INFO | meta_classifier_renewed.model_trainers.meta_trainer | Ep [049/500] T-Acc:  90.9%  V-Acc:  40.0%  V-AUROC: 0.4762  LR: 1.00e-06
2026-06-29 14:31:40,810 | [META-RNW] | INFO | meta_classifier_renewed.model_trainers.meta_trainer | Ep [050/500] T-Acc:  95.5%  V-Acc:  40.0%  V-AUROC: 0.4762  LR: 1.00e-06
2026-06-29 14:31:41,215 | [META-RNW] | INFO | meta_classifier_renewed.model_trainers.meta_trainer | Ep [051/500] T-Acc:  90.9%  V-Acc:  40.0%  V-AUROC: 0.4762  LR: 1.00e-06
2026-06-29 14:31:41,671 | [META-RNW] | INFO | meta_classifier_renewed.model_trainers.meta_trainer | Ep [052/500] T-Acc:  90.9%  V-Acc:  40.0%  V-AUROC: 0.4762  LR: 1.00e-06
2026-06-29 14:31:42,114 | [META-RNW] | INFO | meta_classifier_renewed.model_trainers.meta_trainer | Ep [053/500] T-Acc:  95.5%  V-Acc:  40.0%  V-AUROC: 0.4762  LR: 1.00e-06
2026-06-29 14:31:42,532 | [META-RNW] | INFO | meta_classifier_renewed.model_trainers.meta_trainer | Ep [054/500] T-Acc: 100.0%  V-Acc:  40.0%  V-AUROC: 0.4762  LR: 1.00e-06
2026-06-29 14:31:42,912 | [META-RNW] | INFO | meta_classifier_renewed.model_trainers.meta_trainer | Ep [055/500] T-Acc:  95.5%  V-Acc:  40.0%  V-AUROC: 0.4762  LR: 1.00e-06
2026-06-29 14:31:43,311 | [META-RNW] | INFO | meta_classifier_renewed.model_trainers.meta_trainer | Ep [056/500] T-Acc: 100.0%  V-Acc:  40.0%  V-AUROC: 0.4762  LR: 1.00e-06
2026-06-29 14:31:43,717 | [META-RNW] | INFO | meta_classifier_renewed.model_trainers.meta_trainer | Ep [057/500] T-Acc:  95.5%  V-Acc:  40.0%  V-AUROC: 0.4762  LR: 1.00e-06
2026-06-29 14:31:44,102 | [META-RNW] | INFO | meta_classifier_renewed.model_trainers.meta_trainer | Ep [058/500] T-Acc:  95.5%  V-Acc:  40.0%  V-AUROC: 0.4762  LR: 1.00e-06
2026-06-29 14:31:44,504 | [META-RNW] | INFO | meta_classifier_renewed.model_trainers.meta_trainer | Ep [059/500] T-Acc: 100.0%  V-Acc:  40.0%  V-AUROC: 0.4762  LR: 1.00e-06
2026-06-29 14:31:44,505 | [META-RNW] | INFO | meta_classifier_renewed.model_trainers.meta_trainer | Early stop — best AUROC 0.4762 at epoch 19 (no improvement for 40 epochs)
2026-06-29 14:31:44,505 | [META-RNW] | INFO | meta_classifier_renewed.model_trainers.meta_trainer | Done. Best AUROC: 0.4762 (epoch 19)
2026-06-29 14:31:44,608 | [META-RNW] | INFO | meta_classifier_renewed.evaluators.monte_carlo_evaluator | -> Fold 21 Result | Acc=0.400 Sens=0.571 Spec=0.000 AUROC=0.476 (Fixed Threshold: 0.5)
2026-06-29 14:31:44,626 | [META-RNW] | INFO | meta_classifier_renewed.evaluators.monte_carlo_evaluator | === Fold 22/30 | train: 22 subj | test: 10 subj ===
2026-06-29 14:31:44,638 | [META-RNW] | INFO | meta_classifier_renewed.model_trainers.meta_trainer | Device: cuda | max_epochs=500 | batch=8 | es_patience=40 | lr=1e-04 | wd=1e-02
2026-06-29 14:31:44,639 | [META-RNW] | INFO | meta_classifier_renewed.model_trainers.meta_trainer | CE weights — HC: 1.000  MCI: 1.000
2026-06-29 14:31:45,056 | [META-RNW] | INFO | meta_classifier_renewed.model_trainers.meta_trainer | Ep [001/500] T-Acc:  50.0%  V-Acc:  70.0%  V-AUROC: 0.6190  LR: 2.00e-05
2026-06-29 14:31:45,156 | [META-RNW] | INFO | meta_classifier_renewed.model_trainers.meta_trainer |   ↳ new best AUROC; saved checkpoint: /home/leggo/AIResearch/VOGBasedMCIDetectionSystemMobileViTSingleExperimentInference/outputs/checkpoints/run_20260629_142305_meta_renewed/fold_21_best.pth
2026-06-29 14:31:45,567 | [META-RNW] | INFO | meta_classifier_renewed.model_trainers.meta_trainer | Ep [002/500] T-Acc:  63.6%  V-Acc:  70.0%  V-AUROC: 0.6190  LR: 4.00e-05
2026-06-29 14:31:46,017 | [META-RNW] | INFO | meta_classifier_renewed.model_trainers.meta_trainer | Ep [003/500] T-Acc:  36.4%  V-Acc:  60.0%  V-AUROC: 0.3333  LR: 6.00e-05
2026-06-29 14:31:46,475 | [META-RNW] | INFO | meta_classifier_renewed.model_trainers.meta_trainer | Ep [004/500] T-Acc:  54.5%  V-Acc:  20.0%  V-AUROC: 0.3810  LR: 8.00e-05
2026-06-29 14:31:46,927 | [META-RNW] | INFO | meta_classifier_renewed.model_trainers.meta_trainer | Ep [005/500] T-Acc:  45.5%  V-Acc:  20.0%  V-AUROC: 0.3333  LR: 1.00e-04
2026-06-29 14:31:47,376 | [META-RNW] | INFO | meta_classifier_renewed.model_trainers.meta_trainer | Ep [006/500] T-Acc:  50.0%  V-Acc:  30.0%  V-AUROC: 0.3333  LR: 1.00e-04
2026-06-29 14:31:47,825 | [META-RNW] | INFO | meta_classifier_renewed.model_trainers.meta_trainer | Ep [007/500] T-Acc:  50.0%  V-Acc:  30.0%  V-AUROC: 0.3333  LR: 1.00e-04
2026-06-29 14:31:48,250 | [META-RNW] | INFO | meta_classifier_renewed.model_trainers.meta_trainer | Ep [008/500] T-Acc:  54.5%  V-Acc:  30.0%  V-AUROC: 0.3333  LR: 1.00e-04
2026-06-29 14:31:48,642 | [META-RNW] | INFO | meta_classifier_renewed.model_trainers.meta_trainer | Ep [009/500] T-Acc:  72.7%  V-Acc:  30.0%  V-AUROC: 0.3810  LR: 1.00e-04
2026-06-29 14:31:48,997 | [META-RNW] | INFO | meta_classifier_renewed.model_trainers.meta_trainer | Ep [010/500] T-Acc:  63.6%  V-Acc:  40.0%  V-AUROC: 0.3810  LR: 1.00e-04
2026-06-29 14:31:49,419 | [META-RNW] | INFO | meta_classifier_renewed.model_trainers.meta_trainer | Ep [011/500] T-Acc:  40.9%  V-Acc:  30.0%  V-AUROC: 0.4286  LR: 1.00e-04
2026-06-29 14:31:49,814 | [META-RNW] | INFO | meta_classifier_renewed.model_trainers.meta_trainer | Ep [012/500] T-Acc:  54.5%  V-Acc:  30.0%  V-AUROC: 0.4762  LR: 1.00e-04
2026-06-29 14:31:50,226 | [META-RNW] | INFO | meta_classifier_renewed.model_trainers.meta_trainer | Ep [013/500] T-Acc:  59.1%  V-Acc:  40.0%  V-AUROC: 0.5238  LR: 1.00e-04
2026-06-29 14:31:50,654 | [META-RNW] | INFO | meta_classifier_renewed.model_trainers.meta_trainer | Ep [014/500] T-Acc:  72.7%  V-Acc:  40.0%  V-AUROC: 0.5238  LR: 1.00e-04
2026-06-29 14:31:51,075 | [META-RNW] | INFO | meta_classifier_renewed.model_trainers.meta_trainer | Ep [015/500] T-Acc:  63.6%  V-Acc:  40.0%  V-AUROC: 0.4286  LR: 1.00e-04
2026-06-29 14:31:51,502 | [META-RNW] | INFO | meta_classifier_renewed.model_trainers.meta_trainer | Ep [016/500] T-Acc:  63.6%  V-Acc:  40.0%  V-AUROC: 0.5238  LR: 1.00e-04
2026-06-29 14:31:51,940 | [META-RNW] | INFO | meta_classifier_renewed.model_trainers.meta_trainer | Ep [017/500] T-Acc:  50.0%  V-Acc:  40.0%  V-AUROC: 0.4762  LR: 1.00e-04
2026-06-29 14:31:52,360 | [META-RNW] | INFO | meta_classifier_renewed.model_trainers.meta_trainer | Ep [018/500] T-Acc:  77.3%  V-Acc:  40.0%  V-AUROC: 0.4762  LR: 1.00e-04
2026-06-29 14:31:52,775 | [META-RNW] | INFO | meta_classifier_renewed.model_trainers.meta_trainer | Ep [019/500] T-Acc:  81.8%  V-Acc:  40.0%  V-AUROC: 0.4762  LR: 1.00e-04
2026-06-29 14:31:53,163 | [META-RNW] | INFO | meta_classifier_renewed.model_trainers.meta_trainer | Ep [020/500] T-Acc:  72.7%  V-Acc:  40.0%  V-AUROC: 0.4762  LR: 1.00e-04
2026-06-29 14:31:53,551 | [META-RNW] | INFO | meta_classifier_renewed.model_trainers.meta_trainer | Ep [021/500] T-Acc:  72.7%  V-Acc:  40.0%  V-AUROC: 0.4762  LR: 1.00e-04
2026-06-29 14:31:53,962 | [META-RNW] | INFO | meta_classifier_renewed.model_trainers.meta_trainer | Ep [022/500] T-Acc:  72.7%  V-Acc:  40.0%  V-AUROC: 0.4762  LR: 1.00e-04
2026-06-29 14:31:54,412 | [META-RNW] | INFO | meta_classifier_renewed.model_trainers.meta_trainer | Ep [023/500] T-Acc:  68.2%  V-Acc:  40.0%  V-AUROC: 0.3810  LR: 1.00e-04
2026-06-29 14:31:54,836 | [META-RNW] | INFO | meta_classifier_renewed.model_trainers.meta_trainer | Ep [024/500] T-Acc:  63.6%  V-Acc:  50.0%  V-AUROC: 0.3810  LR: 1.00e-04
2026-06-29 14:31:55,278 | [META-RNW] | INFO | meta_classifier_renewed.model_trainers.meta_trainer | Ep [025/500] T-Acc:  81.8%  V-Acc:  50.0%  V-AUROC: 0.3810  LR: 2.00e-05
2026-06-29 14:31:55,705 | [META-RNW] | INFO | meta_classifier_renewed.model_trainers.meta_trainer | Ep [026/500] T-Acc:  81.8%  V-Acc:  50.0%  V-AUROC: 0.3810  LR: 2.00e-05
2026-06-29 14:31:56,166 | [META-RNW] | INFO | meta_classifier_renewed.model_trainers.meta_trainer | Ep [027/500] T-Acc:  72.7%  V-Acc:  50.0%  V-AUROC: 0.4286  LR: 2.00e-05
2026-06-29 14:31:56,615 | [META-RNW] | INFO | meta_classifier_renewed.model_trainers.meta_trainer | Ep [028/500] T-Acc:  77.3%  V-Acc:  40.0%  V-AUROC: 0.4286  LR: 2.00e-05
2026-06-29 14:31:57,091 | [META-RNW] | INFO | meta_classifier_renewed.model_trainers.meta_trainer | Ep [029/500] T-Acc:  81.8%  V-Acc:  40.0%  V-AUROC: 0.4286  LR: 2.00e-05
2026-06-29 14:31:57,509 | [META-RNW] | INFO | meta_classifier_renewed.model_trainers.meta_trainer | Ep [030/500] T-Acc:  72.7%  V-Acc:  40.0%  V-AUROC: 0.4286  LR: 2.00e-05
2026-06-29 14:31:57,905 | [META-RNW] | INFO | meta_classifier_renewed.model_trainers.meta_trainer | Ep [031/500] T-Acc:  81.8%  V-Acc:  40.0%  V-AUROC: 0.4286  LR: 2.00e-05
2026-06-29 14:31:58,315 | [META-RNW] | INFO | meta_classifier_renewed.model_trainers.meta_trainer | Ep [032/500] T-Acc:  95.5%  V-Acc:  40.0%  V-AUROC: 0.4286  LR: 2.00e-05
2026-06-29 14:31:58,743 | [META-RNW] | INFO | meta_classifier_renewed.model_trainers.meta_trainer | Ep [033/500] T-Acc:  77.3%  V-Acc:  40.0%  V-AUROC: 0.4286  LR: 2.00e-05
2026-06-29 14:31:59,149 | [META-RNW] | INFO | meta_classifier_renewed.model_trainers.meta_trainer | Ep [034/500] T-Acc:  90.9%  V-Acc:  40.0%  V-AUROC: 0.4286  LR: 2.00e-05
2026-06-29 14:31:59,574 | [META-RNW] | INFO | meta_classifier_renewed.model_trainers.meta_trainer | Ep [035/500] T-Acc:  81.8%  V-Acc:  40.0%  V-AUROC: 0.4286  LR: 2.00e-05
2026-06-29 14:32:00,034 | [META-RNW] | INFO | meta_classifier_renewed.model_trainers.meta_trainer | Ep [036/500] T-Acc:  90.9%  V-Acc:  40.0%  V-AUROC: 0.4286  LR: 4.00e-06
2026-06-29 14:32:00,469 | [META-RNW] | INFO | meta_classifier_renewed.model_trainers.meta_trainer | Ep [037/500] T-Acc:  81.8%  V-Acc:  40.0%  V-AUROC: 0.4286  LR: 4.00e-06
2026-06-29 14:32:00,903 | [META-RNW] | INFO | meta_classifier_renewed.model_trainers.meta_trainer | Ep [038/500] T-Acc:  86.4%  V-Acc:  40.0%  V-AUROC: 0.4286  LR: 4.00e-06
2026-06-29 14:32:01,268 | [META-RNW] | INFO | meta_classifier_renewed.model_trainers.meta_trainer | Ep [039/500] T-Acc:  77.3%  V-Acc:  40.0%  V-AUROC: 0.4286  LR: 4.00e-06
2026-06-29 14:32:01,614 | [META-RNW] | INFO | meta_classifier_renewed.model_trainers.meta_trainer | Ep [040/500] T-Acc:  72.7%  V-Acc:  40.0%  V-AUROC: 0.4286  LR: 4.00e-06
2026-06-29 14:32:01,952 | [META-RNW] | INFO | meta_classifier_renewed.model_trainers.meta_trainer | Ep [041/500] T-Acc:  95.5%  V-Acc:  40.0%  V-AUROC: 0.4286  LR: 4.00e-06
2026-06-29 14:32:01,953 | [META-RNW] | INFO | meta_classifier_renewed.model_trainers.meta_trainer | Early stop — best AUROC 0.6190 at epoch 1 (no improvement for 40 epochs)
2026-06-29 14:32:01,953 | [META-RNW] | INFO | meta_classifier_renewed.model_trainers.meta_trainer | Done. Best AUROC: 0.6190 (epoch 1)
2026-06-29 14:32:02,046 | [META-RNW] | INFO | meta_classifier_renewed.evaluators.monte_carlo_evaluator | -> Fold 22 Result | Acc=0.400 Sens=0.143 Spec=1.000 AUROC=0.429 (Fixed Threshold: 0.5)
2026-06-29 14:32:02,063 | [META-RNW] | INFO | meta_classifier_renewed.evaluators.monte_carlo_evaluator | === Fold 23/30 | train: 22 subj | test: 10 subj ===
2026-06-29 14:32:02,077 | [META-RNW] | INFO | meta_classifier_renewed.model_trainers.meta_trainer | Device: cuda | max_epochs=500 | batch=8 | es_patience=40 | lr=1e-04 | wd=1e-02
2026-06-29 14:32:02,078 | [META-RNW] | INFO | meta_classifier_renewed.model_trainers.meta_trainer | CE weights — HC: 1.100  MCI: 0.917
2026-06-29 14:32:02,461 | [META-RNW] | INFO | meta_classifier_renewed.model_trainers.meta_trainer | Ep [001/500] T-Acc:  22.7%  V-Acc:  40.0%  V-AUROC: 0.0000  LR: 2.00e-05
2026-06-29 14:32:02,554 | [META-RNW] | INFO | meta_classifier_renewed.model_trainers.meta_trainer |   ↳ new best AUROC; saved checkpoint: /home/leggo/AIResearch/VOGBasedMCIDetectionSystemMobileViTSingleExperimentInference/outputs/checkpoints/run_20260629_142305_meta_renewed/fold_22_best.pth
2026-06-29 14:32:02,933 | [META-RNW] | INFO | meta_classifier_renewed.model_trainers.meta_trainer | Ep [002/500] T-Acc:  59.1%  V-Acc:  40.0%  V-AUROC: 0.0000  LR: 4.00e-05
2026-06-29 14:32:03,297 | [META-RNW] | INFO | meta_classifier_renewed.model_trainers.meta_trainer | Ep [003/500] T-Acc:  45.5%  V-Acc:  20.0%  V-AUROC: 0.0833  LR: 6.00e-05
2026-06-29 14:32:03,404 | [META-RNW] | INFO | meta_classifier_renewed.model_trainers.meta_trainer |   ↳ new best AUROC; saved checkpoint: /home/leggo/AIResearch/VOGBasedMCIDetectionSystemMobileViTSingleExperimentInference/outputs/checkpoints/run_20260629_142305_meta_renewed/fold_22_best.pth
2026-06-29 14:32:03,817 | [META-RNW] | INFO | meta_classifier_renewed.model_trainers.meta_trainer | Ep [004/500] T-Acc:  54.5%  V-Acc:  30.0%  V-AUROC: 0.1250  LR: 8.00e-05
2026-06-29 14:32:03,930 | [META-RNW] | INFO | meta_classifier_renewed.model_trainers.meta_trainer |   ↳ new best AUROC; saved checkpoint: /home/leggo/AIResearch/VOGBasedMCIDetectionSystemMobileViTSingleExperimentInference/outputs/checkpoints/run_20260629_142305_meta_renewed/fold_22_best.pth
2026-06-29 14:32:04,396 | [META-RNW] | INFO | meta_classifier_renewed.model_trainers.meta_trainer | Ep [005/500] T-Acc:  59.1%  V-Acc:  50.0%  V-AUROC: 0.3750  LR: 1.00e-04
2026-06-29 14:32:04,513 | [META-RNW] | INFO | meta_classifier_renewed.model_trainers.meta_trainer |   ↳ new best AUROC; saved checkpoint: /home/leggo/AIResearch/VOGBasedMCIDetectionSystemMobileViTSingleExperimentInference/outputs/checkpoints/run_20260629_142305_meta_renewed/fold_22_best.pth
2026-06-29 14:32:04,956 | [META-RNW] | INFO | meta_classifier_renewed.model_trainers.meta_trainer | Ep [006/500] T-Acc:  77.3%  V-Acc:  50.0%  V-AUROC: 0.5000  LR: 1.00e-04
2026-06-29 14:32:05,074 | [META-RNW] | INFO | meta_classifier_renewed.model_trainers.meta_trainer |   ↳ new best AUROC; saved checkpoint: /home/leggo/AIResearch/VOGBasedMCIDetectionSystemMobileViTSingleExperimentInference/outputs/checkpoints/run_20260629_142305_meta_renewed/fold_22_best.pth
2026-06-29 14:32:05,521 | [META-RNW] | INFO | meta_classifier_renewed.model_trainers.meta_trainer | Ep [007/500] T-Acc:  45.5%  V-Acc:  50.0%  V-AUROC: 0.5833  LR: 1.00e-04
2026-06-29 14:32:05,641 | [META-RNW] | INFO | meta_classifier_renewed.model_trainers.meta_trainer |   ↳ new best AUROC; saved checkpoint: /home/leggo/AIResearch/VOGBasedMCIDetectionSystemMobileViTSingleExperimentInference/outputs/checkpoints/run_20260629_142305_meta_renewed/fold_22_best.pth
2026-06-29 14:32:06,117 | [META-RNW] | INFO | meta_classifier_renewed.model_trainers.meta_trainer | Ep [008/500] T-Acc:  68.2%  V-Acc:  60.0%  V-AUROC: 0.6667  LR: 1.00e-04
2026-06-29 14:32:06,231 | [META-RNW] | INFO | meta_classifier_renewed.model_trainers.meta_trainer |   ↳ new best AUROC; saved checkpoint: /home/leggo/AIResearch/VOGBasedMCIDetectionSystemMobileViTSingleExperimentInference/outputs/checkpoints/run_20260629_142305_meta_renewed/fold_22_best.pth
2026-06-29 14:32:06,646 | [META-RNW] | INFO | meta_classifier_renewed.model_trainers.meta_trainer | Ep [009/500] T-Acc:  63.6%  V-Acc:  60.0%  V-AUROC: 0.6667  LR: 1.00e-04
2026-06-29 14:32:07,053 | [META-RNW] | INFO | meta_classifier_renewed.model_trainers.meta_trainer | Ep [010/500] T-Acc:  59.1%  V-Acc:  50.0%  V-AUROC: 0.5417  LR: 1.00e-04
2026-06-29 14:32:07,461 | [META-RNW] | INFO | meta_classifier_renewed.model_trainers.meta_trainer | Ep [011/500] T-Acc:  63.6%  V-Acc:  60.0%  V-AUROC: 0.5833  LR: 1.00e-04
2026-06-29 14:32:07,888 | [META-RNW] | INFO | meta_classifier_renewed.model_trainers.meta_trainer | Ep [012/500] T-Acc:  27.3%  V-Acc:  60.0%  V-AUROC: 0.5833  LR: 1.00e-04
2026-06-29 14:32:08,319 | [META-RNW] | INFO | meta_classifier_renewed.model_trainers.meta_trainer | Ep [013/500] T-Acc:  59.1%  V-Acc:  60.0%  V-AUROC: 0.7917  LR: 1.00e-04
2026-06-29 14:32:08,428 | [META-RNW] | INFO | meta_classifier_renewed.model_trainers.meta_trainer |   ↳ new best AUROC; saved checkpoint: /home/leggo/AIResearch/VOGBasedMCIDetectionSystemMobileViTSingleExperimentInference/outputs/checkpoints/run_20260629_142305_meta_renewed/fold_22_best.pth
2026-06-29 14:32:08,875 | [META-RNW] | INFO | meta_classifier_renewed.model_trainers.meta_trainer | Ep [014/500] T-Acc:  81.8%  V-Acc:  70.0%  V-AUROC: 0.7917  LR: 1.00e-04
2026-06-29 14:32:09,284 | [META-RNW] | INFO | meta_classifier_renewed.model_trainers.meta_trainer | Ep [015/500] T-Acc:  59.1%  V-Acc:  80.0%  V-AUROC: 0.8750  LR: 1.00e-04
2026-06-29 14:32:09,394 | [META-RNW] | INFO | meta_classifier_renewed.model_trainers.meta_trainer |   ↳ new best AUROC; saved checkpoint: /home/leggo/AIResearch/VOGBasedMCIDetectionSystemMobileViTSingleExperimentInference/outputs/checkpoints/run_20260629_142305_meta_renewed/fold_22_best.pth
2026-06-29 14:32:09,842 | [META-RNW] | INFO | meta_classifier_renewed.model_trainers.meta_trainer | Ep [016/500] T-Acc:  77.3%  V-Acc:  80.0%  V-AUROC: 0.8333  LR: 1.00e-04
2026-06-29 14:32:10,278 | [META-RNW] | INFO | meta_classifier_renewed.model_trainers.meta_trainer | Ep [017/500] T-Acc:  77.3%  V-Acc:  60.0%  V-AUROC: 0.7917  LR: 1.00e-04
2026-06-29 14:32:10,671 | [META-RNW] | INFO | meta_classifier_renewed.model_trainers.meta_trainer | Ep [018/500] T-Acc:  63.6%  V-Acc:  40.0%  V-AUROC: 0.7083  LR: 1.00e-04
2026-06-29 14:32:11,124 | [META-RNW] | INFO | meta_classifier_renewed.model_trainers.meta_trainer | Ep [019/500] T-Acc:  68.2%  V-Acc:  50.0%  V-AUROC: 0.7500  LR: 1.00e-04
2026-06-29 14:32:11,582 | [META-RNW] | INFO | meta_classifier_renewed.model_trainers.meta_trainer | Ep [020/500] T-Acc:  68.2%  V-Acc:  70.0%  V-AUROC: 0.7917  LR: 1.00e-04
2026-06-29 14:32:12,041 | [META-RNW] | INFO | meta_classifier_renewed.model_trainers.meta_trainer | Ep [021/500] T-Acc:  72.7%  V-Acc:  80.0%  V-AUROC: 0.8750  LR: 1.00e-04
2026-06-29 14:32:12,464 | [META-RNW] | INFO | meta_classifier_renewed.model_trainers.meta_trainer | Ep [022/500] T-Acc:  77.3%  V-Acc:  70.0%  V-AUROC: 0.8750  LR: 1.00e-04
2026-06-29 14:32:12,914 | [META-RNW] | INFO | meta_classifier_renewed.model_trainers.meta_trainer | Ep [023/500] T-Acc:  86.4%  V-Acc:  80.0%  V-AUROC: 0.9167  LR: 1.00e-04
2026-06-29 14:32:13,030 | [META-RNW] | INFO | meta_classifier_renewed.model_trainers.meta_trainer |   ↳ new best AUROC; saved checkpoint: /home/leggo/AIResearch/VOGBasedMCIDetectionSystemMobileViTSingleExperimentInference/outputs/checkpoints/run_20260629_142305_meta_renewed/fold_22_best.pth
2026-06-29 14:32:13,440 | [META-RNW] | INFO | meta_classifier_renewed.model_trainers.meta_trainer | Ep [024/500] T-Acc:  72.7%  V-Acc:  80.0%  V-AUROC: 0.8750  LR: 1.00e-04
2026-06-29 14:32:13,868 | [META-RNW] | INFO | meta_classifier_renewed.model_trainers.meta_trainer | Ep [025/500] T-Acc:  86.4%  V-Acc:  80.0%  V-AUROC: 0.8750  LR: 1.00e-04
2026-06-29 14:32:14,275 | [META-RNW] | INFO | meta_classifier_renewed.model_trainers.meta_trainer | Ep [026/500] T-Acc:  95.5%  V-Acc:  80.0%  V-AUROC: 0.8750  LR: 1.00e-04
2026-06-29 14:32:14,708 | [META-RNW] | INFO | meta_classifier_renewed.model_trainers.meta_trainer | Ep [027/500] T-Acc:  95.5%  V-Acc:  90.0%  V-AUROC: 1.0000  LR: 1.00e-04
2026-06-29 14:32:14,823 | [META-RNW] | INFO | meta_classifier_renewed.model_trainers.meta_trainer |   ↳ new best AUROC; saved checkpoint: /home/leggo/AIResearch/VOGBasedMCIDetectionSystemMobileViTSingleExperimentInference/outputs/checkpoints/run_20260629_142305_meta_renewed/fold_22_best.pth
2026-06-29 14:32:15,250 | [META-RNW] | INFO | meta_classifier_renewed.model_trainers.meta_trainer | Ep [028/500] T-Acc:  77.3%  V-Acc:  90.0%  V-AUROC: 0.9583  LR: 1.00e-04
2026-06-29 14:32:15,690 | [META-RNW] | INFO | meta_classifier_renewed.model_trainers.meta_trainer | Ep [029/500] T-Acc:  95.5%  V-Acc:  90.0%  V-AUROC: 0.9583  LR: 1.00e-04
2026-06-29 14:32:16,119 | [META-RNW] | INFO | meta_classifier_renewed.model_trainers.meta_trainer | Ep [030/500] T-Acc:  86.4%  V-Acc:  90.0%  V-AUROC: 0.9583  LR: 1.00e-04
2026-06-29 14:32:16,540 | [META-RNW] | INFO | meta_classifier_renewed.model_trainers.meta_trainer | Ep [031/500] T-Acc:  95.5%  V-Acc:  90.0%  V-AUROC: 0.9583  LR: 1.00e-04
2026-06-29 14:32:16,979 | [META-RNW] | INFO | meta_classifier_renewed.model_trainers.meta_trainer | Ep [032/500] T-Acc: 100.0%  V-Acc:  90.0%  V-AUROC: 0.9583  LR: 1.00e-04
2026-06-29 14:32:17,424 | [META-RNW] | INFO | meta_classifier_renewed.model_trainers.meta_trainer | Ep [033/500] T-Acc: 100.0%  V-Acc:  80.0%  V-AUROC: 0.9583  LR: 1.00e-04
2026-06-29 14:32:17,856 | [META-RNW] | INFO | meta_classifier_renewed.model_trainers.meta_trainer | Ep [034/500] T-Acc:  95.5%  V-Acc:  90.0%  V-AUROC: 0.9583  LR: 1.00e-04
2026-06-29 14:32:18,320 | [META-RNW] | INFO | meta_classifier_renewed.model_trainers.meta_trainer | Ep [035/500] T-Acc:  95.5%  V-Acc:  80.0%  V-AUROC: 0.9583  LR: 1.00e-04
2026-06-29 14:32:18,766 | [META-RNW] | INFO | meta_classifier_renewed.model_trainers.meta_trainer | Ep [036/500] T-Acc:  95.5%  V-Acc:  90.0%  V-AUROC: 0.9583  LR: 1.00e-04
2026-06-29 14:32:19,200 | [META-RNW] | INFO | meta_classifier_renewed.model_trainers.meta_trainer | Ep [037/500] T-Acc: 100.0%  V-Acc:  80.0%  V-AUROC: 0.9583  LR: 1.00e-04
2026-06-29 14:32:19,632 | [META-RNW] | INFO | meta_classifier_renewed.model_trainers.meta_trainer | Ep [038/500] T-Acc: 100.0%  V-Acc:  80.0%  V-AUROC: 0.9583  LR: 1.00e-04
2026-06-29 14:32:20,114 | [META-RNW] | INFO | meta_classifier_renewed.model_trainers.meta_trainer | Ep [039/500] T-Acc: 100.0%  V-Acc:  80.0%  V-AUROC: 0.9583  LR: 2.00e-05
2026-06-29 14:32:20,594 | [META-RNW] | INFO | meta_classifier_renewed.model_trainers.meta_trainer | Ep [040/500] T-Acc:  95.5%  V-Acc:  80.0%  V-AUROC: 0.9583  LR: 2.00e-05
2026-06-29 14:32:21,037 | [META-RNW] | INFO | meta_classifier_renewed.model_trainers.meta_trainer | Ep [041/500] T-Acc: 100.0%  V-Acc:  90.0%  V-AUROC: 0.9583  LR: 2.00e-05
2026-06-29 14:32:21,478 | [META-RNW] | INFO | meta_classifier_renewed.model_trainers.meta_trainer | Ep [042/500] T-Acc:  95.5%  V-Acc:  90.0%  V-AUROC: 0.9583  LR: 2.00e-05
2026-06-29 14:32:21,918 | [META-RNW] | INFO | meta_classifier_renewed.model_trainers.meta_trainer | Ep [043/500] T-Acc: 100.0%  V-Acc:  90.0%  V-AUROC: 0.9583  LR: 2.00e-05
2026-06-29 14:32:22,365 | [META-RNW] | INFO | meta_classifier_renewed.model_trainers.meta_trainer | Ep [044/500] T-Acc:  90.9%  V-Acc:  90.0%  V-AUROC: 0.9583  LR: 2.00e-05
2026-06-29 14:32:22,815 | [META-RNW] | INFO | meta_classifier_renewed.model_trainers.meta_trainer | Ep [045/500] T-Acc: 100.0%  V-Acc:  90.0%  V-AUROC: 0.9583  LR: 2.00e-05
2026-06-29 14:32:23,303 | [META-RNW] | INFO | meta_classifier_renewed.model_trainers.meta_trainer | Ep [046/500] T-Acc: 100.0%  V-Acc:  90.0%  V-AUROC: 0.9583  LR: 2.00e-05
2026-06-29 14:32:23,736 | [META-RNW] | INFO | meta_classifier_renewed.model_trainers.meta_trainer | Ep [047/500] T-Acc:  95.5%  V-Acc:  90.0%  V-AUROC: 0.9583  LR: 2.00e-05
2026-06-29 14:32:24,176 | [META-RNW] | INFO | meta_classifier_renewed.model_trainers.meta_trainer | Ep [048/500] T-Acc:  95.5%  V-Acc:  90.0%  V-AUROC: 0.9583  LR: 2.00e-05
2026-06-29 14:32:24,605 | [META-RNW] | INFO | meta_classifier_renewed.model_trainers.meta_trainer | Ep [049/500] T-Acc: 100.0%  V-Acc:  90.0%  V-AUROC: 0.9583  LR: 2.00e-05
2026-06-29 14:32:25,024 | [META-RNW] | INFO | meta_classifier_renewed.model_trainers.meta_trainer | Ep [050/500] T-Acc: 100.0%  V-Acc:  90.0%  V-AUROC: 0.9583  LR: 4.00e-06
2026-06-29 14:32:25,458 | [META-RNW] | INFO | meta_classifier_renewed.model_trainers.meta_trainer | Ep [051/500] T-Acc: 100.0%  V-Acc:  90.0%  V-AUROC: 0.9583  LR: 4.00e-06
2026-06-29 14:32:25,904 | [META-RNW] | INFO | meta_classifier_renewed.model_trainers.meta_trainer | Ep [052/500] T-Acc:  95.5%  V-Acc:  90.0%  V-AUROC: 0.9583  LR: 4.00e-06
2026-06-29 14:32:26,357 | [META-RNW] | INFO | meta_classifier_renewed.model_trainers.meta_trainer | Ep [053/500] T-Acc: 100.0%  V-Acc:  90.0%  V-AUROC: 0.9583  LR: 4.00e-06
2026-06-29 14:32:26,810 | [META-RNW] | INFO | meta_classifier_renewed.model_trainers.meta_trainer | Ep [054/500] T-Acc: 100.0%  V-Acc:  90.0%  V-AUROC: 0.9583  LR: 4.00e-06
2026-06-29 14:32:27,246 | [META-RNW] | INFO | meta_classifier_renewed.model_trainers.meta_trainer | Ep [055/500] T-Acc: 100.0%  V-Acc:  90.0%  V-AUROC: 0.9583  LR: 4.00e-06
2026-06-29 14:32:27,647 | [META-RNW] | INFO | meta_classifier_renewed.model_trainers.meta_trainer | Ep [056/500] T-Acc: 100.0%  V-Acc:  90.0%  V-AUROC: 0.9583  LR: 4.00e-06
2026-06-29 14:32:28,096 | [META-RNW] | INFO | meta_classifier_renewed.model_trainers.meta_trainer | Ep [057/500] T-Acc: 100.0%  V-Acc:  90.0%  V-AUROC: 0.9583  LR: 4.00e-06
2026-06-29 14:32:28,578 | [META-RNW] | INFO | meta_classifier_renewed.model_trainers.meta_trainer | Ep [058/500] T-Acc: 100.0%  V-Acc:  90.0%  V-AUROC: 0.9583  LR: 4.00e-06
2026-06-29 14:32:29,051 | [META-RNW] | INFO | meta_classifier_renewed.model_trainers.meta_trainer | Ep [059/500] T-Acc: 100.0%  V-Acc:  90.0%  V-AUROC: 0.9583  LR: 4.00e-06
2026-06-29 14:32:29,474 | [META-RNW] | INFO | meta_classifier_renewed.model_trainers.meta_trainer | Ep [060/500] T-Acc: 100.0%  V-Acc:  80.0%  V-AUROC: 0.9583  LR: 4.00e-06
2026-06-29 14:32:29,917 | [META-RNW] | INFO | meta_classifier_renewed.model_trainers.meta_trainer | Ep [061/500] T-Acc: 100.0%  V-Acc:  80.0%  V-AUROC: 0.9583  LR: 1.00e-06
2026-06-29 14:32:30,357 | [META-RNW] | INFO | meta_classifier_renewed.model_trainers.meta_trainer | Ep [062/500] T-Acc: 100.0%  V-Acc:  80.0%  V-AUROC: 0.9583  LR: 1.00e-06
2026-06-29 14:32:30,821 | [META-RNW] | INFO | meta_classifier_renewed.model_trainers.meta_trainer | Ep [063/500] T-Acc: 100.0%  V-Acc:  80.0%  V-AUROC: 0.9583  LR: 1.00e-06
2026-06-29 14:32:31,276 | [META-RNW] | INFO | meta_classifier_renewed.model_trainers.meta_trainer | Ep [064/500] T-Acc:  95.5%  V-Acc:  80.0%  V-AUROC: 0.9583  LR: 1.00e-06
2026-06-29 14:32:31,701 | [META-RNW] | INFO | meta_classifier_renewed.model_trainers.meta_trainer | Ep [065/500] T-Acc: 100.0%  V-Acc:  80.0%  V-AUROC: 0.9583  LR: 1.00e-06
2026-06-29 14:32:32,112 | [META-RNW] | INFO | meta_classifier_renewed.model_trainers.meta_trainer | Ep [066/500] T-Acc: 100.0%  V-Acc:  80.0%  V-AUROC: 0.9583  LR: 1.00e-06
2026-06-29 14:32:32,571 | [META-RNW] | INFO | meta_classifier_renewed.model_trainers.meta_trainer | Ep [067/500] T-Acc: 100.0%  V-Acc:  80.0%  V-AUROC: 0.9583  LR: 1.00e-06
2026-06-29 14:32:32,571 | [META-RNW] | INFO | meta_classifier_renewed.model_trainers.meta_trainer | Early stop — best AUROC 1.0000 at epoch 27 (no improvement for 40 epochs)
2026-06-29 14:32:32,571 | [META-RNW] | INFO | meta_classifier_renewed.model_trainers.meta_trainer | Done. Best AUROC: 1.0000 (epoch 27)
2026-06-29 14:32:32,674 | [META-RNW] | INFO | meta_classifier_renewed.evaluators.monte_carlo_evaluator | -> Fold 23 Result | Acc=0.900 Sens=0.833 Spec=1.000 AUROC=0.958 (Fixed Threshold: 0.5)
2026-06-29 14:32:32,691 | [META-RNW] | INFO | meta_classifier_renewed.evaluators.monte_carlo_evaluator | === Fold 24/30 | train: 22 subj | test: 10 subj ===
2026-06-29 14:32:32,705 | [META-RNW] | INFO | meta_classifier_renewed.model_trainers.meta_trainer | Device: cuda | max_epochs=500 | batch=8 | es_patience=40 | lr=1e-04 | wd=1e-02
2026-06-29 14:32:32,707 | [META-RNW] | INFO | meta_classifier_renewed.model_trainers.meta_trainer | CE weights — HC: 1.222  MCI: 0.846
2026-06-29 14:32:33,174 | [META-RNW] | INFO | meta_classifier_renewed.model_trainers.meta_trainer | Ep [001/500] T-Acc:  45.5%  V-Acc:  50.0%  V-AUROC: 0.4800  LR: 2.00e-05
2026-06-29 14:32:33,272 | [META-RNW] | INFO | meta_classifier_renewed.model_trainers.meta_trainer |   ↳ new best AUROC; saved checkpoint: /home/leggo/AIResearch/VOGBasedMCIDetectionSystemMobileViTSingleExperimentInference/outputs/checkpoints/run_20260629_142305_meta_renewed/fold_23_best.pth
2026-06-29 14:32:33,685 | [META-RNW] | INFO | meta_classifier_renewed.model_trainers.meta_trainer | Ep [002/500] T-Acc:  54.5%  V-Acc:  50.0%  V-AUROC: 0.4800  LR: 4.00e-05
2026-06-29 14:32:34,108 | [META-RNW] | INFO | meta_classifier_renewed.model_trainers.meta_trainer | Ep [003/500] T-Acc:  40.9%  V-Acc:  30.0%  V-AUROC: 0.4400  LR: 6.00e-05
2026-06-29 14:32:34,478 | [META-RNW] | INFO | meta_classifier_renewed.model_trainers.meta_trainer | Ep [004/500] T-Acc:  40.9%  V-Acc:  50.0%  V-AUROC: 0.5200  LR: 8.00e-05
2026-06-29 14:32:34,589 | [META-RNW] | INFO | meta_classifier_renewed.model_trainers.meta_trainer |   ↳ new best AUROC; saved checkpoint: /home/leggo/AIResearch/VOGBasedMCIDetectionSystemMobileViTSingleExperimentInference/outputs/checkpoints/run_20260629_142305_meta_renewed/fold_23_best.pth
2026-06-29 14:32:35,001 | [META-RNW] | INFO | meta_classifier_renewed.model_trainers.meta_trainer | Ep [005/500] T-Acc:  59.1%  V-Acc:  40.0%  V-AUROC: 0.4400  LR: 1.00e-04
2026-06-29 14:32:35,406 | [META-RNW] | INFO | meta_classifier_renewed.model_trainers.meta_trainer | Ep [006/500] T-Acc:  68.2%  V-Acc:  40.0%  V-AUROC: 0.2000  LR: 1.00e-04
2026-06-29 14:32:35,874 | [META-RNW] | INFO | meta_classifier_renewed.model_trainers.meta_trainer | Ep [007/500] T-Acc:  59.1%  V-Acc:  50.0%  V-AUROC: 0.5600  LR: 1.00e-04
2026-06-29 14:32:35,987 | [META-RNW] | INFO | meta_classifier_renewed.model_trainers.meta_trainer |   ↳ new best AUROC; saved checkpoint: /home/leggo/AIResearch/VOGBasedMCIDetectionSystemMobileViTSingleExperimentInference/outputs/checkpoints/run_20260629_142305_meta_renewed/fold_23_best.pth
2026-06-29 14:32:36,435 | [META-RNW] | INFO | meta_classifier_renewed.model_trainers.meta_trainer | Ep [008/500] T-Acc:  45.5%  V-Acc:  50.0%  V-AUROC: 0.6400  LR: 1.00e-04
2026-06-29 14:32:36,548 | [META-RNW] | INFO | meta_classifier_renewed.model_trainers.meta_trainer |   ↳ new best AUROC; saved checkpoint: /home/leggo/AIResearch/VOGBasedMCIDetectionSystemMobileViTSingleExperimentInference/outputs/checkpoints/run_20260629_142305_meta_renewed/fold_23_best.pth
2026-06-29 14:32:36,992 | [META-RNW] | INFO | meta_classifier_renewed.model_trainers.meta_trainer | Ep [009/500] T-Acc:  50.0%  V-Acc:  40.0%  V-AUROC: 0.5200  LR: 1.00e-04
2026-06-29 14:32:37,466 | [META-RNW] | INFO | meta_classifier_renewed.model_trainers.meta_trainer | Ep [010/500] T-Acc:  59.1%  V-Acc:  70.0%  V-AUROC: 0.4800  LR: 1.00e-04
2026-06-29 14:32:37,937 | [META-RNW] | INFO | meta_classifier_renewed.model_trainers.meta_trainer | Ep [011/500] T-Acc:  63.6%  V-Acc:  50.0%  V-AUROC: 0.4400  LR: 1.00e-04
2026-06-29 14:32:38,374 | [META-RNW] | INFO | meta_classifier_renewed.model_trainers.meta_trainer | Ep [012/500] T-Acc:  59.1%  V-Acc:  50.0%  V-AUROC: 0.4800  LR: 1.00e-04
2026-06-29 14:32:38,813 | [META-RNW] | INFO | meta_classifier_renewed.model_trainers.meta_trainer | Ep [013/500] T-Acc:  68.2%  V-Acc:  50.0%  V-AUROC: 0.4800  LR: 1.00e-04
2026-06-29 14:32:39,253 | [META-RNW] | INFO | meta_classifier_renewed.model_trainers.meta_trainer | Ep [014/500] T-Acc:  77.3%  V-Acc:  40.0%  V-AUROC: 0.3200  LR: 1.00e-04
2026-06-29 14:32:39,689 | [META-RNW] | INFO | meta_classifier_renewed.model_trainers.meta_trainer | Ep [015/500] T-Acc:  54.5%  V-Acc:  40.0%  V-AUROC: 0.3200  LR: 1.00e-04
2026-06-29 14:32:40,079 | [META-RNW] | INFO | meta_classifier_renewed.model_trainers.meta_trainer | Ep [016/500] T-Acc:  68.2%  V-Acc:  50.0%  V-AUROC: 0.5200  LR: 1.00e-04
2026-06-29 14:32:40,453 | [META-RNW] | INFO | meta_classifier_renewed.model_trainers.meta_trainer | Ep [017/500] T-Acc:  68.2%  V-Acc:  50.0%  V-AUROC: 0.4800  LR: 1.00e-04
2026-06-29 14:32:40,849 | [META-RNW] | INFO | meta_classifier_renewed.model_trainers.meta_trainer | Ep [018/500] T-Acc:  95.5%  V-Acc:  40.0%  V-AUROC: 0.4000  LR: 1.00e-04
2026-06-29 14:32:41,270 | [META-RNW] | INFO | meta_classifier_renewed.model_trainers.meta_trainer | Ep [019/500] T-Acc:  77.3%  V-Acc:  30.0%  V-AUROC: 0.4400  LR: 1.00e-04
2026-06-29 14:32:41,697 | [META-RNW] | INFO | meta_classifier_renewed.model_trainers.meta_trainer | Ep [020/500] T-Acc:  72.7%  V-Acc:  30.0%  V-AUROC: 0.4400  LR: 2.00e-05
2026-06-29 14:32:42,105 | [META-RNW] | INFO | meta_classifier_renewed.model_trainers.meta_trainer | Ep [021/500] T-Acc:  77.3%  V-Acc:  30.0%  V-AUROC: 0.4400  LR: 2.00e-05
2026-06-29 14:32:42,514 | [META-RNW] | INFO | meta_classifier_renewed.model_trainers.meta_trainer | Ep [022/500] T-Acc:  95.5%  V-Acc:  30.0%  V-AUROC: 0.4400  LR: 2.00e-05
2026-06-29 14:32:42,944 | [META-RNW] | INFO | meta_classifier_renewed.model_trainers.meta_trainer | Ep [023/500] T-Acc:  86.4%  V-Acc:  30.0%  V-AUROC: 0.4400  LR: 2.00e-05
2026-06-29 14:32:43,374 | [META-RNW] | INFO | meta_classifier_renewed.model_trainers.meta_trainer | Ep [024/500] T-Acc:  86.4%  V-Acc:  30.0%  V-AUROC: 0.4400  LR: 2.00e-05
2026-06-29 14:32:43,794 | [META-RNW] | INFO | meta_classifier_renewed.model_trainers.meta_trainer | Ep [025/500] T-Acc:  86.4%  V-Acc:  30.0%  V-AUROC: 0.4000  LR: 2.00e-05
2026-06-29 14:32:44,175 | [META-RNW] | INFO | meta_classifier_renewed.model_trainers.meta_trainer | Ep [026/500] T-Acc:  72.7%  V-Acc:  40.0%  V-AUROC: 0.4000  LR: 2.00e-05
2026-06-29 14:32:44,602 | [META-RNW] | INFO | meta_classifier_renewed.model_trainers.meta_trainer | Ep [027/500] T-Acc:  81.8%  V-Acc:  40.0%  V-AUROC: 0.4000  LR: 2.00e-05
2026-06-29 14:32:45,019 | [META-RNW] | INFO | meta_classifier_renewed.model_trainers.meta_trainer | Ep [028/500] T-Acc:  72.7%  V-Acc:  50.0%  V-AUROC: 0.4000  LR: 2.00e-05
2026-06-29 14:32:45,448 | [META-RNW] | INFO | meta_classifier_renewed.model_trainers.meta_trainer | Ep [029/500] T-Acc:  81.8%  V-Acc:  50.0%  V-AUROC: 0.4000  LR: 2.00e-05
2026-06-29 14:32:45,853 | [META-RNW] | INFO | meta_classifier_renewed.model_trainers.meta_trainer | Ep [030/500] T-Acc:  68.2%  V-Acc:  50.0%  V-AUROC: 0.4000  LR: 2.00e-05
2026-06-29 14:32:46,253 | [META-RNW] | INFO | meta_classifier_renewed.model_trainers.meta_trainer | Ep [031/500] T-Acc:  95.5%  V-Acc:  50.0%  V-AUROC: 0.4000  LR: 4.00e-06
2026-06-29 14:32:46,696 | [META-RNW] | INFO | meta_classifier_renewed.model_trainers.meta_trainer | Ep [032/500] T-Acc:  81.8%  V-Acc:  50.0%  V-AUROC: 0.4000  LR: 4.00e-06
2026-06-29 14:32:47,081 | [META-RNW] | INFO | meta_classifier_renewed.model_trainers.meta_trainer | Ep [033/500] T-Acc:  72.7%  V-Acc:  40.0%  V-AUROC: 0.4000  LR: 4.00e-06
2026-06-29 14:32:47,491 | [META-RNW] | INFO | meta_classifier_renewed.model_trainers.meta_trainer | Ep [034/500] T-Acc:  86.4%  V-Acc:  40.0%  V-AUROC: 0.4000  LR: 4.00e-06
2026-06-29 14:32:47,909 | [META-RNW] | INFO | meta_classifier_renewed.model_trainers.meta_trainer | Ep [035/500] T-Acc:  86.4%  V-Acc:  40.0%  V-AUROC: 0.4000  LR: 4.00e-06
2026-06-29 14:32:48,305 | [META-RNW] | INFO | meta_classifier_renewed.model_trainers.meta_trainer | Ep [036/500] T-Acc:  72.7%  V-Acc:  40.0%  V-AUROC: 0.4000  LR: 4.00e-06
2026-06-29 14:32:48,750 | [META-RNW] | INFO | meta_classifier_renewed.model_trainers.meta_trainer | Ep [037/500] T-Acc:  72.7%  V-Acc:  40.0%  V-AUROC: 0.4000  LR: 4.00e-06
2026-06-29 14:32:49,191 | [META-RNW] | INFO | meta_classifier_renewed.model_trainers.meta_trainer | Ep [038/500] T-Acc:  72.7%  V-Acc:  40.0%  V-AUROC: 0.4000  LR: 4.00e-06
2026-06-29 14:32:49,639 | [META-RNW] | INFO | meta_classifier_renewed.model_trainers.meta_trainer | Ep [039/500] T-Acc:  77.3%  V-Acc:  40.0%  V-AUROC: 0.4000  LR: 4.00e-06
2026-06-29 14:32:50,042 | [META-RNW] | INFO | meta_classifier_renewed.model_trainers.meta_trainer | Ep [040/500] T-Acc:  81.8%  V-Acc:  40.0%  V-AUROC: 0.4000  LR: 4.00e-06
2026-06-29 14:32:50,448 | [META-RNW] | INFO | meta_classifier_renewed.model_trainers.meta_trainer | Ep [041/500] T-Acc:  95.5%  V-Acc:  40.0%  V-AUROC: 0.4000  LR: 4.00e-06
2026-06-29 14:32:50,817 | [META-RNW] | INFO | meta_classifier_renewed.model_trainers.meta_trainer | Ep [042/500] T-Acc:  81.8%  V-Acc:  40.0%  V-AUROC: 0.4000  LR: 1.00e-06
2026-06-29 14:32:51,232 | [META-RNW] | INFO | meta_classifier_renewed.model_trainers.meta_trainer | Ep [043/500] T-Acc:  95.5%  V-Acc:  40.0%  V-AUROC: 0.4000  LR: 1.00e-06
2026-06-29 14:32:51,623 | [META-RNW] | INFO | meta_classifier_renewed.model_trainers.meta_trainer | Ep [044/500] T-Acc:  72.7%  V-Acc:  40.0%  V-AUROC: 0.4000  LR: 1.00e-06
2026-06-29 14:32:52,059 | [META-RNW] | INFO | meta_classifier_renewed.model_trainers.meta_trainer | Ep [045/500] T-Acc:  90.9%  V-Acc:  40.0%  V-AUROC: 0.4000  LR: 1.00e-06
2026-06-29 14:32:52,453 | [META-RNW] | INFO | meta_classifier_renewed.model_trainers.meta_trainer | Ep [046/500] T-Acc:  77.3%  V-Acc:  40.0%  V-AUROC: 0.4000  LR: 1.00e-06
2026-06-29 14:32:52,820 | [META-RNW] | INFO | meta_classifier_renewed.model_trainers.meta_trainer | Ep [047/500] T-Acc:  86.4%  V-Acc:  40.0%  V-AUROC: 0.4000  LR: 1.00e-06
2026-06-29 14:32:53,250 | [META-RNW] | INFO | meta_classifier_renewed.model_trainers.meta_trainer | Ep [048/500] T-Acc:  86.4%  V-Acc:  40.0%  V-AUROC: 0.4000  LR: 1.00e-06
2026-06-29 14:32:53,251 | [META-RNW] | INFO | meta_classifier_renewed.model_trainers.meta_trainer | Early stop — best AUROC 0.6400 at epoch 8 (no improvement for 40 epochs)
2026-06-29 14:32:53,251 | [META-RNW] | INFO | meta_classifier_renewed.model_trainers.meta_trainer | Done. Best AUROC: 0.6400 (epoch 8)
2026-06-29 14:32:53,357 | [META-RNW] | INFO | meta_classifier_renewed.evaluators.monte_carlo_evaluator | -> Fold 24 Result | Acc=0.400 Sens=0.800 Spec=0.000 AUROC=0.400 (Fixed Threshold: 0.5)
2026-06-29 14:32:53,376 | [META-RNW] | INFO | meta_classifier_renewed.evaluators.monte_carlo_evaluator | === Fold 25/30 | train: 22 subj | test: 10 subj ===
2026-06-29 14:32:53,389 | [META-RNW] | INFO | meta_classifier_renewed.model_trainers.meta_trainer | Device: cuda | max_epochs=500 | batch=8 | es_patience=40 | lr=1e-04 | wd=1e-02
2026-06-29 14:32:53,390 | [META-RNW] | INFO | meta_classifier_renewed.model_trainers.meta_trainer | CE weights — HC: 1.000  MCI: 1.000
2026-06-29 14:32:53,860 | [META-RNW] | INFO | meta_classifier_renewed.model_trainers.meta_trainer | Ep [001/500] T-Acc:  50.0%  V-Acc:  70.0%  V-AUROC: 0.5714  LR: 2.00e-05
2026-06-29 14:32:53,968 | [META-RNW] | INFO | meta_classifier_renewed.model_trainers.meta_trainer |   ↳ new best AUROC; saved checkpoint: /home/leggo/AIResearch/VOGBasedMCIDetectionSystemMobileViTSingleExperimentInference/outputs/checkpoints/run_20260629_142305_meta_renewed/fold_24_best.pth
2026-06-29 14:32:54,385 | [META-RNW] | INFO | meta_classifier_renewed.model_trainers.meta_trainer | Ep [002/500] T-Acc:  59.1%  V-Acc:  70.0%  V-AUROC: 0.5714  LR: 4.00e-05
2026-06-29 14:32:54,850 | [META-RNW] | INFO | meta_classifier_renewed.model_trainers.meta_trainer | Ep [003/500] T-Acc:  45.5%  V-Acc:  30.0%  V-AUROC: 0.5714  LR: 6.00e-05
2026-06-29 14:32:55,299 | [META-RNW] | INFO | meta_classifier_renewed.model_trainers.meta_trainer | Ep [004/500] T-Acc:  54.5%  V-Acc:  30.0%  V-AUROC: 0.5714  LR: 8.00e-05
2026-06-29 14:32:55,731 | [META-RNW] | INFO | meta_classifier_renewed.model_trainers.meta_trainer | Ep [005/500] T-Acc:  63.6%  V-Acc:  30.0%  V-AUROC: 0.5714  LR: 1.00e-04
2026-06-29 14:32:56,162 | [META-RNW] | INFO | meta_classifier_renewed.model_trainers.meta_trainer | Ep [006/500] T-Acc:  40.9%  V-Acc:  40.0%  V-AUROC: 0.6190  LR: 1.00e-04
2026-06-29 14:32:56,275 | [META-RNW] | INFO | meta_classifier_renewed.model_trainers.meta_trainer |   ↳ new best AUROC; saved checkpoint: /home/leggo/AIResearch/VOGBasedMCIDetectionSystemMobileViTSingleExperimentInference/outputs/checkpoints/run_20260629_142305_meta_renewed/fold_24_best.pth
2026-06-29 14:32:56,694 | [META-RNW] | INFO | meta_classifier_renewed.model_trainers.meta_trainer | Ep [007/500] T-Acc:  59.1%  V-Acc:  70.0%  V-AUROC: 0.6190  LR: 1.00e-04
2026-06-29 14:32:57,140 | [META-RNW] | INFO | meta_classifier_renewed.model_trainers.meta_trainer | Ep [008/500] T-Acc:  59.1%  V-Acc:  70.0%  V-AUROC: 0.6667  LR: 1.00e-04
2026-06-29 14:32:57,254 | [META-RNW] | INFO | meta_classifier_renewed.model_trainers.meta_trainer |   ↳ new best AUROC; saved checkpoint: /home/leggo/AIResearch/VOGBasedMCIDetectionSystemMobileViTSingleExperimentInference/outputs/checkpoints/run_20260629_142305_meta_renewed/fold_24_best.pth
2026-06-29 14:32:57,674 | [META-RNW] | INFO | meta_classifier_renewed.model_trainers.meta_trainer | Ep [009/500] T-Acc:  54.5%  V-Acc:  80.0%  V-AUROC: 0.6667  LR: 1.00e-04
2026-06-29 14:32:58,130 | [META-RNW] | INFO | meta_classifier_renewed.model_trainers.meta_trainer | Ep [010/500] T-Acc:  50.0%  V-Acc:  70.0%  V-AUROC: 0.6667  LR: 1.00e-04
2026-06-29 14:32:58,589 | [META-RNW] | INFO | meta_classifier_renewed.model_trainers.meta_trainer | Ep [011/500] T-Acc:  45.5%  V-Acc:  40.0%  V-AUROC: 0.6667  LR: 1.00e-04
2026-06-29 14:32:59,038 | [META-RNW] | INFO | meta_classifier_renewed.model_trainers.meta_trainer | Ep [012/500] T-Acc:  54.5%  V-Acc:  30.0%  V-AUROC: 0.6667  LR: 1.00e-04
2026-06-29 14:32:59,495 | [META-RNW] | INFO | meta_classifier_renewed.model_trainers.meta_trainer | Ep [013/500] T-Acc:  77.3%  V-Acc:  40.0%  V-AUROC: 0.6667  LR: 1.00e-04
2026-06-29 14:32:59,959 | [META-RNW] | INFO | meta_classifier_renewed.model_trainers.meta_trainer | Ep [014/500] T-Acc:  68.2%  V-Acc:  50.0%  V-AUROC: 0.6667  LR: 1.00e-04
2026-06-29 14:33:00,383 | [META-RNW] | INFO | meta_classifier_renewed.model_trainers.meta_trainer | Ep [015/500] T-Acc:  72.7%  V-Acc:  70.0%  V-AUROC: 0.6667  LR: 1.00e-04
2026-06-29 14:33:00,770 | [META-RNW] | INFO | meta_classifier_renewed.model_trainers.meta_trainer | Ep [016/500] T-Acc:  63.6%  V-Acc:  70.0%  V-AUROC: 0.6667  LR: 1.00e-04
2026-06-29 14:33:01,192 | [META-RNW] | INFO | meta_classifier_renewed.model_trainers.meta_trainer | Ep [017/500] T-Acc:  68.2%  V-Acc:  70.0%  V-AUROC: 0.6667  LR: 1.00e-04
2026-06-29 14:33:01,606 | [META-RNW] | INFO | meta_classifier_renewed.model_trainers.meta_trainer | Ep [018/500] T-Acc:  81.8%  V-Acc:  60.0%  V-AUROC: 0.6667  LR: 1.00e-04
2026-06-29 14:33:02,023 | [META-RNW] | INFO | meta_classifier_renewed.model_trainers.meta_trainer | Ep [019/500] T-Acc:  63.6%  V-Acc:  70.0%  V-AUROC: 0.6667  LR: 1.00e-04
2026-06-29 14:33:02,443 | [META-RNW] | INFO | meta_classifier_renewed.model_trainers.meta_trainer | Ep [020/500] T-Acc:  81.8%  V-Acc:  70.0%  V-AUROC: 0.6667  LR: 2.00e-05
2026-06-29 14:33:02,861 | [META-RNW] | INFO | meta_classifier_renewed.model_trainers.meta_trainer | Ep [021/500] T-Acc:  81.8%  V-Acc:  70.0%  V-AUROC: 0.6667  LR: 2.00e-05
2026-06-29 14:33:03,310 | [META-RNW] | INFO | meta_classifier_renewed.model_trainers.meta_trainer | Ep [022/500] T-Acc:  86.4%  V-Acc:  70.0%  V-AUROC: 0.6667  LR: 2.00e-05
2026-06-29 14:33:03,741 | [META-RNW] | INFO | meta_classifier_renewed.model_trainers.meta_trainer | Ep [023/500] T-Acc:  63.6%  V-Acc:  70.0%  V-AUROC: 0.6667  LR: 2.00e-05
2026-06-29 14:33:04,158 | [META-RNW] | INFO | meta_classifier_renewed.model_trainers.meta_trainer | Ep [024/500] T-Acc:  77.3%  V-Acc:  70.0%  V-AUROC: 0.6190  LR: 2.00e-05
2026-06-29 14:33:04,620 | [META-RNW] | INFO | meta_classifier_renewed.model_trainers.meta_trainer | Ep [025/500] T-Acc:  68.2%  V-Acc:  70.0%  V-AUROC: 0.6190  LR: 2.00e-05
2026-06-29 14:33:05,087 | [META-RNW] | INFO | meta_classifier_renewed.model_trainers.meta_trainer | Ep [026/500] T-Acc:  81.8%  V-Acc:  70.0%  V-AUROC: 0.6190  LR: 2.00e-05
2026-06-29 14:33:05,554 | [META-RNW] | INFO | meta_classifier_renewed.model_trainers.meta_trainer | Ep [027/500] T-Acc:  77.3%  V-Acc:  70.0%  V-AUROC: 0.6190  LR: 2.00e-05
2026-06-29 14:33:05,975 | [META-RNW] | INFO | meta_classifier_renewed.model_trainers.meta_trainer | Ep [028/500] T-Acc:  95.5%  V-Acc:  70.0%  V-AUROC: 0.6190  LR: 2.00e-05
2026-06-29 14:33:06,380 | [META-RNW] | INFO | meta_classifier_renewed.model_trainers.meta_trainer | Ep [029/500] T-Acc:  81.8%  V-Acc:  70.0%  V-AUROC: 0.6190  LR: 2.00e-05
2026-06-29 14:33:06,802 | [META-RNW] | INFO | meta_classifier_renewed.model_trainers.meta_trainer | Ep [030/500] T-Acc:  86.4%  V-Acc:  70.0%  V-AUROC: 0.6190  LR: 2.00e-05
2026-06-29 14:33:07,205 | [META-RNW] | INFO | meta_classifier_renewed.model_trainers.meta_trainer | Ep [031/500] T-Acc:  77.3%  V-Acc:  70.0%  V-AUROC: 0.6190  LR: 4.00e-06
2026-06-29 14:33:07,652 | [META-RNW] | INFO | meta_classifier_renewed.model_trainers.meta_trainer | Ep [032/500] T-Acc:  77.3%  V-Acc:  70.0%  V-AUROC: 0.6190  LR: 4.00e-06
2026-06-29 14:33:08,085 | [META-RNW] | INFO | meta_classifier_renewed.model_trainers.meta_trainer | Ep [033/500] T-Acc:  72.7%  V-Acc:  70.0%  V-AUROC: 0.6190  LR: 4.00e-06
2026-06-29 14:33:08,496 | [META-RNW] | INFO | meta_classifier_renewed.model_trainers.meta_trainer | Ep [034/500] T-Acc:  72.7%  V-Acc:  70.0%  V-AUROC: 0.6190  LR: 4.00e-06
2026-06-29 14:33:08,897 | [META-RNW] | INFO | meta_classifier_renewed.model_trainers.meta_trainer | Ep [035/500] T-Acc:  77.3%  V-Acc:  70.0%  V-AUROC: 0.6190  LR: 4.00e-06
2026-06-29 14:33:09,309 | [META-RNW] | INFO | meta_classifier_renewed.model_trainers.meta_trainer | Ep [036/500] T-Acc:  86.4%  V-Acc:  70.0%  V-AUROC: 0.6190  LR: 4.00e-06
2026-06-29 14:33:09,721 | [META-RNW] | INFO | meta_classifier_renewed.model_trainers.meta_trainer | Ep [037/500] T-Acc:  81.8%  V-Acc:  70.0%  V-AUROC: 0.6190  LR: 4.00e-06
2026-06-29 14:33:10,125 | [META-RNW] | INFO | meta_classifier_renewed.model_trainers.meta_trainer | Ep [038/500] T-Acc:  77.3%  V-Acc:  70.0%  V-AUROC: 0.6190  LR: 4.00e-06
2026-06-29 14:33:10,553 | [META-RNW] | INFO | meta_classifier_renewed.model_trainers.meta_trainer | Ep [039/500] T-Acc:  81.8%  V-Acc:  70.0%  V-AUROC: 0.6190  LR: 4.00e-06
2026-06-29 14:33:10,969 | [META-RNW] | INFO | meta_classifier_renewed.model_trainers.meta_trainer | Ep [040/500] T-Acc:  81.8%  V-Acc:  70.0%  V-AUROC: 0.6190  LR: 4.00e-06
2026-06-29 14:33:11,402 | [META-RNW] | INFO | meta_classifier_renewed.model_trainers.meta_trainer | Ep [041/500] T-Acc:  86.4%  V-Acc:  70.0%  V-AUROC: 0.6190  LR: 4.00e-06
2026-06-29 14:33:11,870 | [META-RNW] | INFO | meta_classifier_renewed.model_trainers.meta_trainer | Ep [042/500] T-Acc:  90.9%  V-Acc:  70.0%  V-AUROC: 0.6190  LR: 1.00e-06
2026-06-29 14:33:12,308 | [META-RNW] | INFO | meta_classifier_renewed.model_trainers.meta_trainer | Ep [043/500] T-Acc:  90.9%  V-Acc:  70.0%  V-AUROC: 0.6190  LR: 1.00e-06
2026-06-29 14:33:12,771 | [META-RNW] | INFO | meta_classifier_renewed.model_trainers.meta_trainer | Ep [044/500] T-Acc:  86.4%  V-Acc:  70.0%  V-AUROC: 0.6190  LR: 1.00e-06
2026-06-29 14:33:13,182 | [META-RNW] | INFO | meta_classifier_renewed.model_trainers.meta_trainer | Ep [045/500] T-Acc:  86.4%  V-Acc:  70.0%  V-AUROC: 0.6190  LR: 1.00e-06
2026-06-29 14:33:13,605 | [META-RNW] | INFO | meta_classifier_renewed.model_trainers.meta_trainer | Ep [046/500] T-Acc:  72.7%  V-Acc:  70.0%  V-AUROC: 0.6190  LR: 1.00e-06
2026-06-29 14:33:14,030 | [META-RNW] | INFO | meta_classifier_renewed.model_trainers.meta_trainer | Ep [047/500] T-Acc:  86.4%  V-Acc:  70.0%  V-AUROC: 0.6190  LR: 1.00e-06
2026-06-29 14:33:14,522 | [META-RNW] | INFO | meta_classifier_renewed.model_trainers.meta_trainer | Ep [048/500] T-Acc:  86.4%  V-Acc:  70.0%  V-AUROC: 0.6190  LR: 1.00e-06
2026-06-29 14:33:14,525 | [META-RNW] | INFO | meta_classifier_renewed.model_trainers.meta_trainer | Early stop — best AUROC 0.6667 at epoch 8 (no improvement for 40 epochs)
2026-06-29 14:33:14,525 | [META-RNW] | INFO | meta_classifier_renewed.model_trainers.meta_trainer | Done. Best AUROC: 0.6667 (epoch 8)
2026-06-29 14:33:14,641 | [META-RNW] | INFO | meta_classifier_renewed.evaluators.monte_carlo_evaluator | -> Fold 25 Result | Acc=0.700 Sens=0.714 Spec=0.667 AUROC=0.619 (Fixed Threshold: 0.5)
2026-06-29 14:33:14,658 | [META-RNW] | INFO | meta_classifier_renewed.evaluators.monte_carlo_evaluator | === Fold 26/30 | train: 22 subj | test: 10 subj ===
2026-06-29 14:33:14,672 | [META-RNW] | INFO | meta_classifier_renewed.model_trainers.meta_trainer | Device: cuda | max_epochs=500 | batch=8 | es_patience=40 | lr=1e-04 | wd=1e-02
2026-06-29 14:33:14,673 | [META-RNW] | INFO | meta_classifier_renewed.model_trainers.meta_trainer | CE weights — HC: 1.222  MCI: 0.846
2026-06-29 14:33:15,140 | [META-RNW] | INFO | meta_classifier_renewed.model_trainers.meta_trainer | Ep [001/500] T-Acc:  50.0%  V-Acc:  60.0%  V-AUROC: 0.4800  LR: 2.00e-05
2026-06-29 14:33:15,240 | [META-RNW] | INFO | meta_classifier_renewed.model_trainers.meta_trainer |   ↳ new best AUROC; saved checkpoint: /home/leggo/AIResearch/VOGBasedMCIDetectionSystemMobileViTSingleExperimentInference/outputs/checkpoints/run_20260629_142305_meta_renewed/fold_25_best.pth
2026-06-29 14:33:15,681 | [META-RNW] | INFO | meta_classifier_renewed.model_trainers.meta_trainer | Ep [002/500] T-Acc:  59.1%  V-Acc:  50.0%  V-AUROC: 0.5200  LR: 4.00e-05
2026-06-29 14:33:15,790 | [META-RNW] | INFO | meta_classifier_renewed.model_trainers.meta_trainer |   ↳ new best AUROC; saved checkpoint: /home/leggo/AIResearch/VOGBasedMCIDetectionSystemMobileViTSingleExperimentInference/outputs/checkpoints/run_20260629_142305_meta_renewed/fold_25_best.pth
2026-06-29 14:33:16,228 | [META-RNW] | INFO | meta_classifier_renewed.model_trainers.meta_trainer | Ep [003/500] T-Acc:  63.6%  V-Acc:  60.0%  V-AUROC: 0.6000  LR: 6.00e-05
2026-06-29 14:33:16,341 | [META-RNW] | INFO | meta_classifier_renewed.model_trainers.meta_trainer |   ↳ new best AUROC; saved checkpoint: /home/leggo/AIResearch/VOGBasedMCIDetectionSystemMobileViTSingleExperimentInference/outputs/checkpoints/run_20260629_142305_meta_renewed/fold_25_best.pth
2026-06-29 14:33:16,793 | [META-RNW] | INFO | meta_classifier_renewed.model_trainers.meta_trainer | Ep [004/500] T-Acc:  59.1%  V-Acc:  60.0%  V-AUROC: 0.5200  LR: 8.00e-05
2026-06-29 14:33:17,255 | [META-RNW] | INFO | meta_classifier_renewed.model_trainers.meta_trainer | Ep [005/500] T-Acc:  50.0%  V-Acc:  60.0%  V-AUROC: 0.6400  LR: 1.00e-04
2026-06-29 14:33:17,373 | [META-RNW] | INFO | meta_classifier_renewed.model_trainers.meta_trainer |   ↳ new best AUROC; saved checkpoint: /home/leggo/AIResearch/VOGBasedMCIDetectionSystemMobileViTSingleExperimentInference/outputs/checkpoints/run_20260629_142305_meta_renewed/fold_25_best.pth
2026-06-29 14:33:17,786 | [META-RNW] | INFO | meta_classifier_renewed.model_trainers.meta_trainer | Ep [006/500] T-Acc:  54.5%  V-Acc:  40.0%  V-AUROC: 0.6800  LR: 1.00e-04
2026-06-29 14:33:17,891 | [META-RNW] | INFO | meta_classifier_renewed.model_trainers.meta_trainer |   ↳ new best AUROC; saved checkpoint: /home/leggo/AIResearch/VOGBasedMCIDetectionSystemMobileViTSingleExperimentInference/outputs/checkpoints/run_20260629_142305_meta_renewed/fold_25_best.pth
2026-06-29 14:33:18,307 | [META-RNW] | INFO | meta_classifier_renewed.model_trainers.meta_trainer | Ep [007/500] T-Acc:  72.7%  V-Acc:  60.0%  V-AUROC: 0.6800  LR: 1.00e-04
2026-06-29 14:33:18,721 | [META-RNW] | INFO | meta_classifier_renewed.model_trainers.meta_trainer | Ep [008/500] T-Acc:  63.6%  V-Acc:  50.0%  V-AUROC: 0.7600  LR: 1.00e-04
2026-06-29 14:33:18,835 | [META-RNW] | INFO | meta_classifier_renewed.model_trainers.meta_trainer |   ↳ new best AUROC; saved checkpoint: /home/leggo/AIResearch/VOGBasedMCIDetectionSystemMobileViTSingleExperimentInference/outputs/checkpoints/run_20260629_142305_meta_renewed/fold_25_best.pth
2026-06-29 14:33:19,295 | [META-RNW] | INFO | meta_classifier_renewed.model_trainers.meta_trainer | Ep [009/500] T-Acc:  63.6%  V-Acc:  50.0%  V-AUROC: 0.8000  LR: 1.00e-04
2026-06-29 14:33:19,411 | [META-RNW] | INFO | meta_classifier_renewed.model_trainers.meta_trainer |   ↳ new best AUROC; saved checkpoint: /home/leggo/AIResearch/VOGBasedMCIDetectionSystemMobileViTSingleExperimentInference/outputs/checkpoints/run_20260629_142305_meta_renewed/fold_25_best.pth
2026-06-29 14:33:19,872 | [META-RNW] | INFO | meta_classifier_renewed.model_trainers.meta_trainer | Ep [010/500] T-Acc:  59.1%  V-Acc:  60.0%  V-AUROC: 0.7200  LR: 1.00e-04
2026-06-29 14:33:20,337 | [META-RNW] | INFO | meta_classifier_renewed.model_trainers.meta_trainer | Ep [011/500] T-Acc:  63.6%  V-Acc:  70.0%  V-AUROC: 0.7200  LR: 1.00e-04
2026-06-29 14:33:20,751 | [META-RNW] | INFO | meta_classifier_renewed.model_trainers.meta_trainer | Ep [012/500] T-Acc:  77.3%  V-Acc:  50.0%  V-AUROC: 0.6800  LR: 1.00e-04
2026-06-29 14:33:21,184 | [META-RNW] | INFO | meta_classifier_renewed.model_trainers.meta_trainer | Ep [013/500] T-Acc:  59.1%  V-Acc:  40.0%  V-AUROC: 0.6800  LR: 1.00e-04
2026-06-29 14:33:21,626 | [META-RNW] | INFO | meta_classifier_renewed.model_trainers.meta_trainer | Ep [014/500] T-Acc:  54.5%  V-Acc:  60.0%  V-AUROC: 0.6800  LR: 1.00e-04
2026-06-29 14:33:22,032 | [META-RNW] | INFO | meta_classifier_renewed.model_trainers.meta_trainer | Ep [015/500] T-Acc:  77.3%  V-Acc:  70.0%  V-AUROC: 0.7200  LR: 1.00e-04
2026-06-29 14:33:22,503 | [META-RNW] | INFO | meta_classifier_renewed.model_trainers.meta_trainer | Ep [016/500] T-Acc:  54.5%  V-Acc:  50.0%  V-AUROC: 0.6800  LR: 1.00e-04
2026-06-29 14:33:22,920 | [META-RNW] | INFO | meta_classifier_renewed.model_trainers.meta_trainer | Ep [017/500] T-Acc:  63.6%  V-Acc:  60.0%  V-AUROC: 0.6800  LR: 1.00e-04
2026-06-29 14:33:23,334 | [META-RNW] | INFO | meta_classifier_renewed.model_trainers.meta_trainer | Ep [018/500] T-Acc:  63.6%  V-Acc:  70.0%  V-AUROC: 0.6800  LR: 1.00e-04
2026-06-29 14:33:23,698 | [META-RNW] | INFO | meta_classifier_renewed.model_trainers.meta_trainer | Ep [019/500] T-Acc:  77.3%  V-Acc:  60.0%  V-AUROC: 0.6400  LR: 1.00e-04
2026-06-29 14:33:24,075 | [META-RNW] | INFO | meta_classifier_renewed.model_trainers.meta_trainer | Ep [020/500] T-Acc:  63.6%  V-Acc:  60.0%  V-AUROC: 0.6800  LR: 1.00e-04
2026-06-29 14:33:24,486 | [META-RNW] | INFO | meta_classifier_renewed.model_trainers.meta_trainer | Ep [021/500] T-Acc:  63.6%  V-Acc:  60.0%  V-AUROC: 0.6800  LR: 2.00e-05
2026-06-29 14:33:24,909 | [META-RNW] | INFO | meta_classifier_renewed.model_trainers.meta_trainer | Ep [022/500] T-Acc:  72.7%  V-Acc:  70.0%  V-AUROC: 0.6800  LR: 2.00e-05
2026-06-29 14:33:25,332 | [META-RNW] | INFO | meta_classifier_renewed.model_trainers.meta_trainer | Ep [023/500] T-Acc:  81.8%  V-Acc:  70.0%  V-AUROC: 0.6800  LR: 2.00e-05
2026-06-29 14:33:25,728 | [META-RNW] | INFO | meta_classifier_renewed.model_trainers.meta_trainer | Ep [024/500] T-Acc:  81.8%  V-Acc:  70.0%  V-AUROC: 0.6800  LR: 2.00e-05
2026-06-29 14:33:26,125 | [META-RNW] | INFO | meta_classifier_renewed.model_trainers.meta_trainer | Ep [025/500] T-Acc:  86.4%  V-Acc:  70.0%  V-AUROC: 0.6800  LR: 2.00e-05
2026-06-29 14:33:26,546 | [META-RNW] | INFO | meta_classifier_renewed.model_trainers.meta_trainer | Ep [026/500] T-Acc:  68.2%  V-Acc:  60.0%  V-AUROC: 0.6400  LR: 2.00e-05
2026-06-29 14:33:27,020 | [META-RNW] | INFO | meta_classifier_renewed.model_trainers.meta_trainer | Ep [027/500] T-Acc:  77.3%  V-Acc:  70.0%  V-AUROC: 0.6400  LR: 2.00e-05
2026-06-29 14:33:27,459 | [META-RNW] | INFO | meta_classifier_renewed.model_trainers.meta_trainer | Ep [028/500] T-Acc:  63.6%  V-Acc:  70.0%  V-AUROC: 0.6400  LR: 2.00e-05
2026-06-29 14:33:27,864 | [META-RNW] | INFO | meta_classifier_renewed.model_trainers.meta_trainer | Ep [029/500] T-Acc:  77.3%  V-Acc:  70.0%  V-AUROC: 0.6400  LR: 2.00e-05
2026-06-29 14:33:28,262 | [META-RNW] | INFO | meta_classifier_renewed.model_trainers.meta_trainer | Ep [030/500] T-Acc:  77.3%  V-Acc:  70.0%  V-AUROC: 0.6400  LR: 2.00e-05
2026-06-29 14:33:28,680 | [META-RNW] | INFO | meta_classifier_renewed.model_trainers.meta_trainer | Ep [031/500] T-Acc:  86.4%  V-Acc:  70.0%  V-AUROC: 0.6400  LR: 2.00e-05
2026-06-29 14:33:29,117 | [META-RNW] | INFO | meta_classifier_renewed.model_trainers.meta_trainer | Ep [032/500] T-Acc:  81.8%  V-Acc:  60.0%  V-AUROC: 0.6400  LR: 4.00e-06
2026-06-29 14:33:29,579 | [META-RNW] | INFO | meta_classifier_renewed.model_trainers.meta_trainer | Ep [033/500] T-Acc:  90.9%  V-Acc:  70.0%  V-AUROC: 0.6400  LR: 4.00e-06
2026-06-29 14:33:30,026 | [META-RNW] | INFO | meta_classifier_renewed.model_trainers.meta_trainer | Ep [034/500] T-Acc:  77.3%  V-Acc:  70.0%  V-AUROC: 0.6400  LR: 4.00e-06
2026-06-29 14:33:30,481 | [META-RNW] | INFO | meta_classifier_renewed.model_trainers.meta_trainer | Ep [035/500] T-Acc:  86.4%  V-Acc:  70.0%  V-AUROC: 0.6400  LR: 4.00e-06
2026-06-29 14:33:30,884 | [META-RNW] | INFO | meta_classifier_renewed.model_trainers.meta_trainer | Ep [036/500] T-Acc:  72.7%  V-Acc:  70.0%  V-AUROC: 0.6400  LR: 4.00e-06
2026-06-29 14:33:31,239 | [META-RNW] | INFO | meta_classifier_renewed.model_trainers.meta_trainer | Ep [037/500] T-Acc:  77.3%  V-Acc:  70.0%  V-AUROC: 0.6400  LR: 4.00e-06
2026-06-29 14:33:31,592 | [META-RNW] | INFO | meta_classifier_renewed.model_trainers.meta_trainer | Ep [038/500] T-Acc:  86.4%  V-Acc:  70.0%  V-AUROC: 0.6400  LR: 4.00e-06
2026-06-29 14:33:31,950 | [META-RNW] | INFO | meta_classifier_renewed.model_trainers.meta_trainer | Ep [039/500] T-Acc:  81.8%  V-Acc:  70.0%  V-AUROC: 0.6400  LR: 4.00e-06
2026-06-29 14:33:32,297 | [META-RNW] | INFO | meta_classifier_renewed.model_trainers.meta_trainer | Ep [040/500] T-Acc:  90.9%  V-Acc:  70.0%  V-AUROC: 0.6400  LR: 4.00e-06
2026-06-29 14:33:32,680 | [META-RNW] | INFO | meta_classifier_renewed.model_trainers.meta_trainer | Ep [041/500] T-Acc:  77.3%  V-Acc:  70.0%  V-AUROC: 0.6400  LR: 4.00e-06
2026-06-29 14:33:33,034 | [META-RNW] | INFO | meta_classifier_renewed.model_trainers.meta_trainer | Ep [042/500] T-Acc:  63.6%  V-Acc:  70.0%  V-AUROC: 0.6400  LR: 4.00e-06
2026-06-29 14:33:33,462 | [META-RNW] | INFO | meta_classifier_renewed.model_trainers.meta_trainer | Ep [043/500] T-Acc:  86.4%  V-Acc:  70.0%  V-AUROC: 0.6400  LR: 1.00e-06
2026-06-29 14:33:33,906 | [META-RNW] | INFO | meta_classifier_renewed.model_trainers.meta_trainer | Ep [044/500] T-Acc:  77.3%  V-Acc:  70.0%  V-AUROC: 0.6400  LR: 1.00e-06
2026-06-29 14:33:34,370 | [META-RNW] | INFO | meta_classifier_renewed.model_trainers.meta_trainer | Ep [045/500] T-Acc:  81.8%  V-Acc:  70.0%  V-AUROC: 0.6400  LR: 1.00e-06
2026-06-29 14:33:34,810 | [META-RNW] | INFO | meta_classifier_renewed.model_trainers.meta_trainer | Ep [046/500] T-Acc:  72.7%  V-Acc:  70.0%  V-AUROC: 0.6400  LR: 1.00e-06
2026-06-29 14:33:35,243 | [META-RNW] | INFO | meta_classifier_renewed.model_trainers.meta_trainer | Ep [047/500] T-Acc:  81.8%  V-Acc:  70.0%  V-AUROC: 0.6400  LR: 1.00e-06
2026-06-29 14:33:35,672 | [META-RNW] | INFO | meta_classifier_renewed.model_trainers.meta_trainer | Ep [048/500] T-Acc:  63.6%  V-Acc:  70.0%  V-AUROC: 0.6400  LR: 1.00e-06
2026-06-29 14:33:36,037 | [META-RNW] | INFO | meta_classifier_renewed.model_trainers.meta_trainer | Ep [049/500] T-Acc:  77.3%  V-Acc:  70.0%  V-AUROC: 0.6400  LR: 1.00e-06
2026-06-29 14:33:36,039 | [META-RNW] | INFO | meta_classifier_renewed.model_trainers.meta_trainer | Early stop — best AUROC 0.8000 at epoch 9 (no improvement for 40 epochs)
2026-06-29 14:33:36,039 | [META-RNW] | INFO | meta_classifier_renewed.model_trainers.meta_trainer | Done. Best AUROC: 0.8000 (epoch 9)
2026-06-29 14:33:36,143 | [META-RNW] | INFO | meta_classifier_renewed.evaluators.monte_carlo_evaluator | -> Fold 26 Result | Acc=0.700 Sens=0.800 Spec=0.600 AUROC=0.640 (Fixed Threshold: 0.5)
2026-06-29 14:33:36,159 | [META-RNW] | INFO | meta_classifier_renewed.evaluators.monte_carlo_evaluator | === Fold 27/30 | train: 22 subj | test: 10 subj ===
2026-06-29 14:33:36,172 | [META-RNW] | INFO | meta_classifier_renewed.model_trainers.meta_trainer | Device: cuda | max_epochs=500 | batch=8 | es_patience=40 | lr=1e-04 | wd=1e-02
2026-06-29 14:33:36,173 | [META-RNW] | INFO | meta_classifier_renewed.model_trainers.meta_trainer | CE weights — HC: 0.846  MCI: 1.222
2026-06-29 14:33:36,650 | [META-RNW] | INFO | meta_classifier_renewed.model_trainers.meta_trainer | Ep [001/500] T-Acc:  40.9%  V-Acc:  90.0%  V-AUROC: 0.7778  LR: 2.00e-05
2026-06-29 14:33:36,752 | [META-RNW] | INFO | meta_classifier_renewed.model_trainers.meta_trainer |   ↳ new best AUROC; saved checkpoint: /home/leggo/AIResearch/VOGBasedMCIDetectionSystemMobileViTSingleExperimentInference/outputs/checkpoints/run_20260629_142305_meta_renewed/fold_26_best.pth
2026-06-29 14:33:37,171 | [META-RNW] | INFO | meta_classifier_renewed.model_trainers.meta_trainer | Ep [002/500] T-Acc:  50.0%  V-Acc:  90.0%  V-AUROC: 0.8889  LR: 4.00e-05
2026-06-29 14:33:37,294 | [META-RNW] | INFO | meta_classifier_renewed.model_trainers.meta_trainer |   ↳ new best AUROC; saved checkpoint: /home/leggo/AIResearch/VOGBasedMCIDetectionSystemMobileViTSingleExperimentInference/outputs/checkpoints/run_20260629_142305_meta_renewed/fold_26_best.pth
2026-06-29 14:33:37,752 | [META-RNW] | INFO | meta_classifier_renewed.model_trainers.meta_trainer | Ep [003/500] T-Acc:  59.1%  V-Acc:  20.0%  V-AUROC: 1.0000  LR: 6.00e-05
2026-06-29 14:33:37,863 | [META-RNW] | INFO | meta_classifier_renewed.model_trainers.meta_trainer |   ↳ new best AUROC; saved checkpoint: /home/leggo/AIResearch/VOGBasedMCIDetectionSystemMobileViTSingleExperimentInference/outputs/checkpoints/run_20260629_142305_meta_renewed/fold_26_best.pth
2026-06-29 14:33:38,300 | [META-RNW] | INFO | meta_classifier_renewed.model_trainers.meta_trainer | Ep [004/500] T-Acc:  77.3%  V-Acc:  10.0%  V-AUROC: 0.8889  LR: 8.00e-05
2026-06-29 14:33:38,718 | [META-RNW] | INFO | meta_classifier_renewed.model_trainers.meta_trainer | Ep [005/500] T-Acc:  77.3%  V-Acc:  30.0%  V-AUROC: 0.7778  LR: 1.00e-04
2026-06-29 14:33:39,194 | [META-RNW] | INFO | meta_classifier_renewed.model_trainers.meta_trainer | Ep [006/500] T-Acc:  40.9%  V-Acc:  80.0%  V-AUROC: 0.7778  LR: 1.00e-04
2026-06-29 14:33:39,608 | [META-RNW] | INFO | meta_classifier_renewed.model_trainers.meta_trainer | Ep [007/500] T-Acc:  59.1%  V-Acc:  80.0%  V-AUROC: 0.8889  LR: 1.00e-04
2026-06-29 14:33:40,007 | [META-RNW] | INFO | meta_classifier_renewed.model_trainers.meta_trainer | Ep [008/500] T-Acc:  59.1%  V-Acc:  50.0%  V-AUROC: 1.0000  LR: 1.00e-04
2026-06-29 14:33:40,402 | [META-RNW] | INFO | meta_classifier_renewed.model_trainers.meta_trainer | Ep [009/500] T-Acc:  54.5%  V-Acc:  50.0%  V-AUROC: 1.0000  LR: 1.00e-04
2026-06-29 14:33:40,802 | [META-RNW] | INFO | meta_classifier_renewed.model_trainers.meta_trainer | Ep [010/500] T-Acc:  50.0%  V-Acc:  40.0%  V-AUROC: 1.0000  LR: 1.00e-04
2026-06-29 14:33:41,225 | [META-RNW] | INFO | meta_classifier_renewed.model_trainers.meta_trainer | Ep [011/500] T-Acc:  54.5%  V-Acc:  50.0%  V-AUROC: 1.0000  LR: 1.00e-04
2026-06-29 14:33:41,677 | [META-RNW] | INFO | meta_classifier_renewed.model_trainers.meta_trainer | Ep [012/500] T-Acc:  68.2%  V-Acc:  50.0%  V-AUROC: 1.0000  LR: 1.00e-04
2026-06-29 14:33:42,136 | [META-RNW] | INFO | meta_classifier_renewed.model_trainers.meta_trainer | Ep [013/500] T-Acc:  72.7%  V-Acc:  50.0%  V-AUROC: 1.0000  LR: 1.00e-04
2026-06-29 14:33:42,561 | [META-RNW] | INFO | meta_classifier_renewed.model_trainers.meta_trainer | Ep [014/500] T-Acc:  72.7%  V-Acc:  60.0%  V-AUROC: 1.0000  LR: 1.00e-04
2026-06-29 14:33:42,997 | [META-RNW] | INFO | meta_classifier_renewed.model_trainers.meta_trainer | Ep [015/500] T-Acc:  81.8%  V-Acc:  50.0%  V-AUROC: 1.0000  LR: 1.00e-04
2026-06-29 14:33:43,427 | [META-RNW] | INFO | meta_classifier_renewed.model_trainers.meta_trainer | Ep [016/500] T-Acc:  90.9%  V-Acc:  40.0%  V-AUROC: 1.0000  LR: 1.00e-04
2026-06-29 14:33:43,869 | [META-RNW] | INFO | meta_classifier_renewed.model_trainers.meta_trainer | Ep [017/500] T-Acc:  90.9%  V-Acc:  50.0%  V-AUROC: 0.8889  LR: 1.00e-04
2026-06-29 14:33:44,281 | [META-RNW] | INFO | meta_classifier_renewed.model_trainers.meta_trainer | Ep [018/500] T-Acc:  86.4%  V-Acc:  60.0%  V-AUROC: 0.7778  LR: 1.00e-04
2026-06-29 14:33:44,713 | [META-RNW] | INFO | meta_classifier_renewed.model_trainers.meta_trainer | Ep [019/500] T-Acc:  86.4%  V-Acc:  60.0%  V-AUROC: 0.7778  LR: 1.00e-04
2026-06-29 14:33:45,121 | [META-RNW] | INFO | meta_classifier_renewed.model_trainers.meta_trainer | Ep [020/500] T-Acc:  90.9%  V-Acc:  60.0%  V-AUROC: 0.7778  LR: 2.00e-05
2026-06-29 14:33:45,531 | [META-RNW] | INFO | meta_classifier_renewed.model_trainers.meta_trainer | Ep [021/500] T-Acc:  95.5%  V-Acc:  50.0%  V-AUROC: 0.7778  LR: 2.00e-05
2026-06-29 14:33:46,013 | [META-RNW] | INFO | meta_classifier_renewed.model_trainers.meta_trainer | Ep [022/500] T-Acc:  95.5%  V-Acc:  40.0%  V-AUROC: 0.7778  LR: 2.00e-05
2026-06-29 14:33:46,431 | [META-RNW] | INFO | meta_classifier_renewed.model_trainers.meta_trainer | Ep [023/500] T-Acc: 100.0%  V-Acc:  40.0%  V-AUROC: 1.0000  LR: 2.00e-05
2026-06-29 14:33:46,879 | [META-RNW] | INFO | meta_classifier_renewed.model_trainers.meta_trainer | Ep [024/500] T-Acc:  90.9%  V-Acc:  40.0%  V-AUROC: 0.8889  LR: 2.00e-05
2026-06-29 14:33:47,307 | [META-RNW] | INFO | meta_classifier_renewed.model_trainers.meta_trainer | Ep [025/500] T-Acc:  90.9%  V-Acc:  40.0%  V-AUROC: 0.8889  LR: 2.00e-05
2026-06-29 14:33:47,700 | [META-RNW] | INFO | meta_classifier_renewed.model_trainers.meta_trainer | Ep [026/500] T-Acc:  95.5%  V-Acc:  50.0%  V-AUROC: 0.7778  LR: 2.00e-05
2026-06-29 14:33:48,121 | [META-RNW] | INFO | meta_classifier_renewed.model_trainers.meta_trainer | Ep [027/500] T-Acc: 100.0%  V-Acc:  50.0%  V-AUROC: 0.8889  LR: 2.00e-05
2026-06-29 14:33:48,553 | [META-RNW] | INFO | meta_classifier_renewed.model_trainers.meta_trainer | Ep [028/500] T-Acc:  95.5%  V-Acc:  50.0%  V-AUROC: 0.8889  LR: 2.00e-05
2026-06-29 14:33:48,961 | [META-RNW] | INFO | meta_classifier_renewed.model_trainers.meta_trainer | Ep [029/500] T-Acc: 100.0%  V-Acc:  60.0%  V-AUROC: 0.8889  LR: 2.00e-05
2026-06-29 14:33:49,390 | [META-RNW] | INFO | meta_classifier_renewed.model_trainers.meta_trainer | Ep [030/500] T-Acc:  95.5%  V-Acc:  60.0%  V-AUROC: 0.8889  LR: 2.00e-05
2026-06-29 14:33:49,763 | [META-RNW] | INFO | meta_classifier_renewed.model_trainers.meta_trainer | Ep [031/500] T-Acc: 100.0%  V-Acc:  60.0%  V-AUROC: 0.8889  LR: 4.00e-06
2026-06-29 14:33:50,161 | [META-RNW] | INFO | meta_classifier_renewed.model_trainers.meta_trainer | Ep [032/500] T-Acc: 100.0%  V-Acc:  60.0%  V-AUROC: 0.8889  LR: 4.00e-06
2026-06-29 14:33:50,566 | [META-RNW] | INFO | meta_classifier_renewed.model_trainers.meta_trainer | Ep [033/500] T-Acc:  95.5%  V-Acc:  60.0%  V-AUROC: 0.8889  LR: 4.00e-06
2026-06-29 14:33:50,979 | [META-RNW] | INFO | meta_classifier_renewed.model_trainers.meta_trainer | Ep [034/500] T-Acc: 100.0%  V-Acc:  60.0%  V-AUROC: 0.8889  LR: 4.00e-06
2026-06-29 14:33:51,428 | [META-RNW] | INFO | meta_classifier_renewed.model_trainers.meta_trainer | Ep [035/500] T-Acc: 100.0%  V-Acc:  60.0%  V-AUROC: 0.8889  LR: 4.00e-06
2026-06-29 14:33:51,837 | [META-RNW] | INFO | meta_classifier_renewed.model_trainers.meta_trainer | Ep [036/500] T-Acc: 100.0%  V-Acc:  60.0%  V-AUROC: 0.8889  LR: 4.00e-06
2026-06-29 14:33:52,262 | [META-RNW] | INFO | meta_classifier_renewed.model_trainers.meta_trainer | Ep [037/500] T-Acc:  95.5%  V-Acc:  60.0%  V-AUROC: 0.8889  LR: 4.00e-06
2026-06-29 14:33:52,706 | [META-RNW] | INFO | meta_classifier_renewed.model_trainers.meta_trainer | Ep [038/500] T-Acc: 100.0%  V-Acc:  50.0%  V-AUROC: 0.8889  LR: 4.00e-06
2026-06-29 14:33:53,146 | [META-RNW] | INFO | meta_classifier_renewed.model_trainers.meta_trainer | Ep [039/500] T-Acc: 100.0%  V-Acc:  50.0%  V-AUROC: 0.8889  LR: 4.00e-06
2026-06-29 14:33:53,588 | [META-RNW] | INFO | meta_classifier_renewed.model_trainers.meta_trainer | Ep [040/500] T-Acc: 100.0%  V-Acc:  50.0%  V-AUROC: 0.8889  LR: 4.00e-06
2026-06-29 14:33:54,017 | [META-RNW] | INFO | meta_classifier_renewed.model_trainers.meta_trainer | Ep [041/500] T-Acc: 100.0%  V-Acc:  50.0%  V-AUROC: 0.8889  LR: 4.00e-06
2026-06-29 14:33:54,425 | [META-RNW] | INFO | meta_classifier_renewed.model_trainers.meta_trainer | Ep [042/500] T-Acc: 100.0%  V-Acc:  50.0%  V-AUROC: 0.8889  LR: 1.00e-06
2026-06-29 14:33:54,851 | [META-RNW] | INFO | meta_classifier_renewed.model_trainers.meta_trainer | Ep [043/500] T-Acc: 100.0%  V-Acc:  50.0%  V-AUROC: 0.8889  LR: 1.00e-06
2026-06-29 14:33:54,852 | [META-RNW] | INFO | meta_classifier_renewed.model_trainers.meta_trainer | Early stop — best AUROC 1.0000 at epoch 3 (no improvement for 40 epochs)
2026-06-29 14:33:54,852 | [META-RNW] | INFO | meta_classifier_renewed.model_trainers.meta_trainer | Done. Best AUROC: 1.0000 (epoch 3)
2026-06-29 14:33:54,959 | [META-RNW] | INFO | meta_classifier_renewed.evaluators.monte_carlo_evaluator | -> Fold 27 Result | Acc=0.500 Sens=0.444 Spec=1.000 AUROC=0.889 (Fixed Threshold: 0.5)
2026-06-29 14:33:54,979 | [META-RNW] | INFO | meta_classifier_renewed.evaluators.monte_carlo_evaluator | === Fold 28/30 | train: 22 subj | test: 10 subj ===
2026-06-29 14:33:54,993 | [META-RNW] | INFO | meta_classifier_renewed.model_trainers.meta_trainer | Device: cuda | max_epochs=500 | batch=8 | es_patience=40 | lr=1e-04 | wd=1e-02
2026-06-29 14:33:54,994 | [META-RNW] | INFO | meta_classifier_renewed.model_trainers.meta_trainer | CE weights — HC: 1.375  MCI: 0.786
2026-06-29 14:33:55,426 | [META-RNW] | INFO | meta_classifier_renewed.model_trainers.meta_trainer | Ep [001/500] T-Acc:  68.2%  V-Acc:  40.0%  V-AUROC: 0.5417  LR: 2.00e-05
2026-06-29 14:33:55,530 | [META-RNW] | INFO | meta_classifier_renewed.model_trainers.meta_trainer |   ↳ new best AUROC; saved checkpoint: /home/leggo/AIResearch/VOGBasedMCIDetectionSystemMobileViTSingleExperimentInference/outputs/checkpoints/run_20260629_142305_meta_renewed/fold_27_best.pth
2026-06-29 14:33:55,981 | [META-RNW] | INFO | meta_classifier_renewed.model_trainers.meta_trainer | Ep [002/500] T-Acc:  50.0%  V-Acc:  40.0%  V-AUROC: 0.5000  LR: 4.00e-05
2026-06-29 14:33:56,412 | [META-RNW] | INFO | meta_classifier_renewed.model_trainers.meta_trainer | Ep [003/500] T-Acc:  50.0%  V-Acc:  50.0%  V-AUROC: 0.5000  LR: 6.00e-05
2026-06-29 14:33:56,872 | [META-RNW] | INFO | meta_classifier_renewed.model_trainers.meta_trainer | Ep [004/500] T-Acc:  59.1%  V-Acc:  50.0%  V-AUROC: 0.5417  LR: 8.00e-05
2026-06-29 14:33:57,347 | [META-RNW] | INFO | meta_classifier_renewed.model_trainers.meta_trainer | Ep [005/500] T-Acc:  59.1%  V-Acc:  50.0%  V-AUROC: 0.5000  LR: 1.00e-04
2026-06-29 14:33:57,815 | [META-RNW] | INFO | meta_classifier_renewed.model_trainers.meta_trainer | Ep [006/500] T-Acc:  63.6%  V-Acc:  60.0%  V-AUROC: 0.5000  LR: 1.00e-04
2026-06-29 14:33:58,299 | [META-RNW] | INFO | meta_classifier_renewed.model_trainers.meta_trainer | Ep [007/500] T-Acc:  50.0%  V-Acc:  40.0%  V-AUROC: 0.5000  LR: 1.00e-04
2026-06-29 14:33:58,738 | [META-RNW] | INFO | meta_classifier_renewed.model_trainers.meta_trainer | Ep [008/500] T-Acc:  50.0%  V-Acc:  50.0%  V-AUROC: 0.5000  LR: 1.00e-04
2026-06-29 14:33:59,219 | [META-RNW] | INFO | meta_classifier_renewed.model_trainers.meta_trainer | Ep [009/500] T-Acc:  63.6%  V-Acc:  40.0%  V-AUROC: 0.5000  LR: 1.00e-04
2026-06-29 14:33:59,681 | [META-RNW] | INFO | meta_classifier_renewed.model_trainers.meta_trainer | Ep [010/500] T-Acc:  77.3%  V-Acc:  40.0%  V-AUROC: 0.5833  LR: 1.00e-04
2026-06-29 14:33:59,804 | [META-RNW] | INFO | meta_classifier_renewed.model_trainers.meta_trainer |   ↳ new best AUROC; saved checkpoint: /home/leggo/AIResearch/VOGBasedMCIDetectionSystemMobileViTSingleExperimentInference/outputs/checkpoints/run_20260629_142305_meta_renewed/fold_27_best.pth
2026-06-29 14:34:00,236 | [META-RNW] | INFO | meta_classifier_renewed.model_trainers.meta_trainer | Ep [011/500] T-Acc:  63.6%  V-Acc:  50.0%  V-AUROC: 0.4583  LR: 1.00e-04
2026-06-29 14:34:00,674 | [META-RNW] | INFO | meta_classifier_renewed.model_trainers.meta_trainer | Ep [012/500] T-Acc:  72.7%  V-Acc:  60.0%  V-AUROC: 0.4583  LR: 1.00e-04
2026-06-29 14:34:01,170 | [META-RNW] | INFO | meta_classifier_renewed.model_trainers.meta_trainer | Ep [013/500] T-Acc:  59.1%  V-Acc:  60.0%  V-AUROC: 0.4583  LR: 1.00e-04
2026-06-29 14:34:01,585 | [META-RNW] | INFO | meta_classifier_renewed.model_trainers.meta_trainer | Ep [014/500] T-Acc:  54.5%  V-Acc:  40.0%  V-AUROC: 0.5417  LR: 1.00e-04
2026-06-29 14:34:02,001 | [META-RNW] | INFO | meta_classifier_renewed.model_trainers.meta_trainer | Ep [015/500] T-Acc:  77.3%  V-Acc:  40.0%  V-AUROC: 0.5000  LR: 1.00e-04
2026-06-29 14:34:02,455 | [META-RNW] | INFO | meta_classifier_renewed.model_trainers.meta_trainer | Ep [016/500] T-Acc:  81.8%  V-Acc:  40.0%  V-AUROC: 0.5000  LR: 1.00e-04
2026-06-29 14:34:02,834 | [META-RNW] | INFO | meta_classifier_renewed.model_trainers.meta_trainer | Ep [017/500] T-Acc:  86.4%  V-Acc:  50.0%  V-AUROC: 0.4583  LR: 1.00e-04
2026-06-29 14:34:03,256 | [META-RNW] | INFO | meta_classifier_renewed.model_trainers.meta_trainer | Ep [018/500] T-Acc:  90.9%  V-Acc:  50.0%  V-AUROC: 0.4583  LR: 1.00e-04
2026-06-29 14:34:03,706 | [META-RNW] | INFO | meta_classifier_renewed.model_trainers.meta_trainer | Ep [019/500] T-Acc:  81.8%  V-Acc:  50.0%  V-AUROC: 0.5000  LR: 1.00e-04
2026-06-29 14:34:04,155 | [META-RNW] | INFO | meta_classifier_renewed.model_trainers.meta_trainer | Ep [020/500] T-Acc:  59.1%  V-Acc:  60.0%  V-AUROC: 0.4583  LR: 1.00e-04
2026-06-29 14:34:04,567 | [META-RNW] | INFO | meta_classifier_renewed.model_trainers.meta_trainer | Ep [021/500] T-Acc:  63.6%  V-Acc:  50.0%  V-AUROC: 0.3750  LR: 1.00e-04
2026-06-29 14:34:04,990 | [META-RNW] | INFO | meta_classifier_renewed.model_trainers.meta_trainer | Ep [022/500] T-Acc:  72.7%  V-Acc:  40.0%  V-AUROC: 0.3750  LR: 2.00e-05
2026-06-29 14:34:05,402 | [META-RNW] | INFO | meta_classifier_renewed.model_trainers.meta_trainer | Ep [023/500] T-Acc:  81.8%  V-Acc:  40.0%  V-AUROC: 0.3750  LR: 2.00e-05
2026-06-29 14:34:05,838 | [META-RNW] | INFO | meta_classifier_renewed.model_trainers.meta_trainer | Ep [024/500] T-Acc:  95.5%  V-Acc:  50.0%  V-AUROC: 0.4167  LR: 2.00e-05
2026-06-29 14:34:06,221 | [META-RNW] | INFO | meta_classifier_renewed.model_trainers.meta_trainer | Ep [025/500] T-Acc:  90.9%  V-Acc:  50.0%  V-AUROC: 0.4167  LR: 2.00e-05
2026-06-29 14:34:06,577 | [META-RNW] | INFO | meta_classifier_renewed.model_trainers.meta_trainer | Ep [026/500] T-Acc:  77.3%  V-Acc:  40.0%  V-AUROC: 0.4167  LR: 2.00e-05
2026-06-29 14:34:06,919 | [META-RNW] | INFO | meta_classifier_renewed.model_trainers.meta_trainer | Ep [027/500] T-Acc:  77.3%  V-Acc:  40.0%  V-AUROC: 0.4167  LR: 2.00e-05
2026-06-29 14:34:07,284 | [META-RNW] | INFO | meta_classifier_renewed.model_trainers.meta_trainer | Ep [028/500] T-Acc:  86.4%  V-Acc:  40.0%  V-AUROC: 0.4167  LR: 2.00e-05
2026-06-29 14:34:07,626 | [META-RNW] | INFO | meta_classifier_renewed.model_trainers.meta_trainer | Ep [029/500] T-Acc:  77.3%  V-Acc:  40.0%  V-AUROC: 0.4167  LR: 2.00e-05
2026-06-29 14:34:07,961 | [META-RNW] | INFO | meta_classifier_renewed.model_trainers.meta_trainer | Ep [030/500] T-Acc:  90.9%  V-Acc:  30.0%  V-AUROC: 0.4583  LR: 2.00e-05
2026-06-29 14:34:08,342 | [META-RNW] | INFO | meta_classifier_renewed.model_trainers.meta_trainer | Ep [031/500] T-Acc:  95.5%  V-Acc:  30.0%  V-AUROC: 0.4583  LR: 2.00e-05
2026-06-29 14:34:08,776 | [META-RNW] | INFO | meta_classifier_renewed.model_trainers.meta_trainer | Ep [032/500] T-Acc:  81.8%  V-Acc:  30.0%  V-AUROC: 0.5000  LR: 2.00e-05
2026-06-29 14:34:09,230 | [META-RNW] | INFO | meta_classifier_renewed.model_trainers.meta_trainer | Ep [033/500] T-Acc: 100.0%  V-Acc:  30.0%  V-AUROC: 0.5000  LR: 4.00e-06
2026-06-29 14:34:09,665 | [META-RNW] | INFO | meta_classifier_renewed.model_trainers.meta_trainer | Ep [034/500] T-Acc:  81.8%  V-Acc:  30.0%  V-AUROC: 0.5000  LR: 4.00e-06
2026-06-29 14:34:10,139 | [META-RNW] | INFO | meta_classifier_renewed.model_trainers.meta_trainer | Ep [035/500] T-Acc:  90.9%  V-Acc:  30.0%  V-AUROC: 0.5000  LR: 4.00e-06
2026-06-29 14:34:10,616 | [META-RNW] | INFO | meta_classifier_renewed.model_trainers.meta_trainer | Ep [036/500] T-Acc:  95.5%  V-Acc:  30.0%  V-AUROC: 0.5000  LR: 4.00e-06
2026-06-29 14:34:11,100 | [META-RNW] | INFO | meta_classifier_renewed.model_trainers.meta_trainer | Ep [037/500] T-Acc:  86.4%  V-Acc:  30.0%  V-AUROC: 0.5000  LR: 4.00e-06
2026-06-29 14:34:11,586 | [META-RNW] | INFO | meta_classifier_renewed.model_trainers.meta_trainer | Ep [038/500] T-Acc:  95.5%  V-Acc:  30.0%  V-AUROC: 0.5000  LR: 4.00e-06
2026-06-29 14:34:12,067 | [META-RNW] | INFO | meta_classifier_renewed.model_trainers.meta_trainer | Ep [039/500] T-Acc: 100.0%  V-Acc:  30.0%  V-AUROC: 0.5000  LR: 4.00e-06
2026-06-29 14:34:12,537 | [META-RNW] | INFO | meta_classifier_renewed.model_trainers.meta_trainer | Ep [040/500] T-Acc:  95.5%  V-Acc:  30.0%  V-AUROC: 0.5000  LR: 4.00e-06
2026-06-29 14:34:12,976 | [META-RNW] | INFO | meta_classifier_renewed.model_trainers.meta_trainer | Ep [041/500] T-Acc:  95.5%  V-Acc:  30.0%  V-AUROC: 0.5000  LR: 4.00e-06
2026-06-29 14:34:13,409 | [META-RNW] | INFO | meta_classifier_renewed.model_trainers.meta_trainer | Ep [042/500] T-Acc: 100.0%  V-Acc:  30.0%  V-AUROC: 0.5000  LR: 4.00e-06
2026-06-29 14:34:13,872 | [META-RNW] | INFO | meta_classifier_renewed.model_trainers.meta_trainer | Ep [043/500] T-Acc:  95.5%  V-Acc:  30.0%  V-AUROC: 0.5000  LR: 4.00e-06
2026-06-29 14:34:14,308 | [META-RNW] | INFO | meta_classifier_renewed.model_trainers.meta_trainer | Ep [044/500] T-Acc:  77.3%  V-Acc:  30.0%  V-AUROC: 0.5000  LR: 1.00e-06
2026-06-29 14:34:14,766 | [META-RNW] | INFO | meta_classifier_renewed.model_trainers.meta_trainer | Ep [045/500] T-Acc:  90.9%  V-Acc:  30.0%  V-AUROC: 0.5000  LR: 1.00e-06
2026-06-29 14:34:15,195 | [META-RNW] | INFO | meta_classifier_renewed.model_trainers.meta_trainer | Ep [046/500] T-Acc:  90.9%  V-Acc:  30.0%  V-AUROC: 0.5000  LR: 1.00e-06
2026-06-29 14:34:15,623 | [META-RNW] | INFO | meta_classifier_renewed.model_trainers.meta_trainer | Ep [047/500] T-Acc:  81.8%  V-Acc:  30.0%  V-AUROC: 0.5000  LR: 1.00e-06
2026-06-29 14:34:16,085 | [META-RNW] | INFO | meta_classifier_renewed.model_trainers.meta_trainer | Ep [048/500] T-Acc:  81.8%  V-Acc:  30.0%  V-AUROC: 0.5000  LR: 1.00e-06
2026-06-29 14:34:16,514 | [META-RNW] | INFO | meta_classifier_renewed.model_trainers.meta_trainer | Ep [049/500] T-Acc:  95.5%  V-Acc:  30.0%  V-AUROC: 0.5000  LR: 1.00e-06
2026-06-29 14:34:16,937 | [META-RNW] | INFO | meta_classifier_renewed.model_trainers.meta_trainer | Ep [050/500] T-Acc:  95.5%  V-Acc:  30.0%  V-AUROC: 0.5000  LR: 1.00e-06
2026-06-29 14:34:16,938 | [META-RNW] | INFO | meta_classifier_renewed.model_trainers.meta_trainer | Early stop — best AUROC 0.5833 at epoch 10 (no improvement for 40 epochs)
2026-06-29 14:34:16,938 | [META-RNW] | INFO | meta_classifier_renewed.model_trainers.meta_trainer | Done. Best AUROC: 0.5833 (epoch 10)
2026-06-29 14:34:17,038 | [META-RNW] | INFO | meta_classifier_renewed.evaluators.monte_carlo_evaluator | -> Fold 28 Result | Acc=0.300 Sens=0.000 Spec=0.500 AUROC=0.500 (Fixed Threshold: 0.5)
2026-06-29 14:34:17,055 | [META-RNW] | INFO | meta_classifier_renewed.evaluators.monte_carlo_evaluator | === Fold 29/30 | train: 22 subj | test: 10 subj ===
2026-06-29 14:34:17,070 | [META-RNW] | INFO | meta_classifier_renewed.model_trainers.meta_trainer | Device: cuda | max_epochs=500 | batch=8 | es_patience=40 | lr=1e-04 | wd=1e-02
2026-06-29 14:34:17,072 | [META-RNW] | INFO | meta_classifier_renewed.model_trainers.meta_trainer | CE weights — HC: 1.375  MCI: 0.786
2026-06-29 14:34:17,512 | [META-RNW] | INFO | meta_classifier_renewed.model_trainers.meta_trainer | Ep [001/500] T-Acc:  22.7%  V-Acc:  50.0%  V-AUROC: 0.3750  LR: 2.00e-05
2026-06-29 14:34:17,615 | [META-RNW] | INFO | meta_classifier_renewed.model_trainers.meta_trainer |   ↳ new best AUROC; saved checkpoint: /home/leggo/AIResearch/VOGBasedMCIDetectionSystemMobileViTSingleExperimentInference/outputs/checkpoints/run_20260629_142305_meta_renewed/fold_28_best.pth
2026-06-29 14:34:18,007 | [META-RNW] | INFO | meta_classifier_renewed.model_trainers.meta_trainer | Ep [002/500] T-Acc:  45.5%  V-Acc:  40.0%  V-AUROC: 0.4167  LR: 4.00e-05
2026-06-29 14:34:18,126 | [META-RNW] | INFO | meta_classifier_renewed.model_trainers.meta_trainer |   ↳ new best AUROC; saved checkpoint: /home/leggo/AIResearch/VOGBasedMCIDetectionSystemMobileViTSingleExperimentInference/outputs/checkpoints/run_20260629_142305_meta_renewed/fold_28_best.pth
2026-06-29 14:34:18,541 | [META-RNW] | INFO | meta_classifier_renewed.model_trainers.meta_trainer | Ep [003/500] T-Acc:  50.0%  V-Acc:  40.0%  V-AUROC: 0.4583  LR: 6.00e-05
2026-06-29 14:34:18,660 | [META-RNW] | INFO | meta_classifier_renewed.model_trainers.meta_trainer |   ↳ new best AUROC; saved checkpoint: /home/leggo/AIResearch/VOGBasedMCIDetectionSystemMobileViTSingleExperimentInference/outputs/checkpoints/run_20260629_142305_meta_renewed/fold_28_best.pth
2026-06-29 14:34:19,073 | [META-RNW] | INFO | meta_classifier_renewed.model_trainers.meta_trainer | Ep [004/500] T-Acc:  50.0%  V-Acc:  30.0%  V-AUROC: 0.4583  LR: 8.00e-05
2026-06-29 14:34:19,538 | [META-RNW] | INFO | meta_classifier_renewed.model_trainers.meta_trainer | Ep [005/500] T-Acc:  59.1%  V-Acc:  40.0%  V-AUROC: 0.3333  LR: 1.00e-04
2026-06-29 14:34:19,967 | [META-RNW] | INFO | meta_classifier_renewed.model_trainers.meta_trainer | Ep [006/500] T-Acc:  72.7%  V-Acc:  30.0%  V-AUROC: 0.3333  LR: 1.00e-04
2026-06-29 14:34:20,402 | [META-RNW] | INFO | meta_classifier_renewed.model_trainers.meta_trainer | Ep [007/500] T-Acc:  59.1%  V-Acc:  30.0%  V-AUROC: 0.2917  LR: 1.00e-04
2026-06-29 14:34:20,868 | [META-RNW] | INFO | meta_classifier_renewed.model_trainers.meta_trainer | Ep [008/500] T-Acc:  59.1%  V-Acc:  40.0%  V-AUROC: 0.2500  LR: 1.00e-04
2026-06-29 14:34:21,330 | [META-RNW] | INFO | meta_classifier_renewed.model_trainers.meta_trainer | Ep [009/500] T-Acc:  68.2%  V-Acc:  40.0%  V-AUROC: 0.2083  LR: 1.00e-04
2026-06-29 14:34:21,756 | [META-RNW] | INFO | meta_classifier_renewed.model_trainers.meta_trainer | Ep [010/500] T-Acc:  77.3%  V-Acc:  30.0%  V-AUROC: 0.1667  LR: 1.00e-04
2026-06-29 14:34:22,217 | [META-RNW] | INFO | meta_classifier_renewed.model_trainers.meta_trainer | Ep [011/500] T-Acc:  54.5%  V-Acc:  30.0%  V-AUROC: 0.1667  LR: 1.00e-04
2026-06-29 14:34:22,657 | [META-RNW] | INFO | meta_classifier_renewed.model_trainers.meta_trainer | Ep [012/500] T-Acc:  68.2%  V-Acc:  20.0%  V-AUROC: 0.1667  LR: 1.00e-04
2026-06-29 14:34:23,068 | [META-RNW] | INFO | meta_classifier_renewed.model_trainers.meta_trainer | Ep [013/500] T-Acc:  81.8%  V-Acc:  40.0%  V-AUROC: 0.2083  LR: 1.00e-04
2026-06-29 14:34:23,527 | [META-RNW] | INFO | meta_classifier_renewed.model_trainers.meta_trainer | Ep [014/500] T-Acc:  77.3%  V-Acc:  20.0%  V-AUROC: 0.2083  LR: 1.00e-04
2026-06-29 14:34:23,972 | [META-RNW] | INFO | meta_classifier_renewed.model_trainers.meta_trainer | Ep [015/500] T-Acc:  77.3%  V-Acc:  30.0%  V-AUROC: 0.2917  LR: 1.00e-04
2026-06-29 14:34:24,399 | [META-RNW] | INFO | meta_classifier_renewed.model_trainers.meta_trainer | Ep [016/500] T-Acc:  86.4%  V-Acc:  40.0%  V-AUROC: 0.2917  LR: 1.00e-04
2026-06-29 14:34:24,846 | [META-RNW] | INFO | meta_classifier_renewed.model_trainers.meta_trainer | Ep [017/500] T-Acc:  86.4%  V-Acc:  40.0%  V-AUROC: 0.2500  LR: 1.00e-04
2026-06-29 14:34:25,273 | [META-RNW] | INFO | meta_classifier_renewed.model_trainers.meta_trainer | Ep [018/500] T-Acc:  77.3%  V-Acc:  40.0%  V-AUROC: 0.2500  LR: 2.00e-05
2026-06-29 14:34:25,685 | [META-RNW] | INFO | meta_classifier_renewed.model_trainers.meta_trainer | Ep [019/500] T-Acc:  77.3%  V-Acc:  40.0%  V-AUROC: 0.2917  LR: 2.00e-05
2026-06-29 14:34:26,139 | [META-RNW] | INFO | meta_classifier_renewed.model_trainers.meta_trainer | Ep [020/500] T-Acc:  86.4%  V-Acc:  30.0%  V-AUROC: 0.2917  LR: 2.00e-05
2026-06-29 14:34:26,574 | [META-RNW] | INFO | meta_classifier_renewed.model_trainers.meta_trainer | Ep [021/500] T-Acc:  86.4%  V-Acc:  30.0%  V-AUROC: 0.2917  LR: 2.00e-05
2026-06-29 14:34:27,045 | [META-RNW] | INFO | meta_classifier_renewed.model_trainers.meta_trainer | Ep [022/500] T-Acc:  77.3%  V-Acc:  30.0%  V-AUROC: 0.2917  LR: 2.00e-05
2026-06-29 14:34:27,486 | [META-RNW] | INFO | meta_classifier_renewed.model_trainers.meta_trainer | Ep [023/500] T-Acc:  72.7%  V-Acc:  30.0%  V-AUROC: 0.2917  LR: 2.00e-05
2026-06-29 14:34:27,984 | [META-RNW] | INFO | meta_classifier_renewed.model_trainers.meta_trainer | Ep [024/500] T-Acc:  77.3%  V-Acc:  30.0%  V-AUROC: 0.2917  LR: 2.00e-05
2026-06-29 14:34:28,472 | [META-RNW] | INFO | meta_classifier_renewed.model_trainers.meta_trainer | Ep [025/500] T-Acc:  77.3%  V-Acc:  30.0%  V-AUROC: 0.2500  LR: 2.00e-05
2026-06-29 14:34:28,918 | [META-RNW] | INFO | meta_classifier_renewed.model_trainers.meta_trainer | Ep [026/500] T-Acc:  90.9%  V-Acc:  30.0%  V-AUROC: 0.2083  LR: 2.00e-05
2026-06-29 14:34:29,380 | [META-RNW] | INFO | meta_classifier_renewed.model_trainers.meta_trainer | Ep [027/500] T-Acc:  81.8%  V-Acc:  30.0%  V-AUROC: 0.2083  LR: 2.00e-05
2026-06-29 14:34:29,823 | [META-RNW] | INFO | meta_classifier_renewed.model_trainers.meta_trainer | Ep [028/500] T-Acc:  90.9%  V-Acc:  30.0%  V-AUROC: 0.2083  LR: 2.00e-05
2026-06-29 14:34:30,244 | [META-RNW] | INFO | meta_classifier_renewed.model_trainers.meta_trainer | Ep [029/500] T-Acc:  90.9%  V-Acc:  30.0%  V-AUROC: 0.2083  LR: 4.00e-06
2026-06-29 14:34:30,704 | [META-RNW] | INFO | meta_classifier_renewed.model_trainers.meta_trainer | Ep [030/500] T-Acc:  90.9%  V-Acc:  30.0%  V-AUROC: 0.2083  LR: 4.00e-06
2026-06-29 14:34:31,146 | [META-RNW] | INFO | meta_classifier_renewed.model_trainers.meta_trainer | Ep [031/500] T-Acc:  86.4%  V-Acc:  30.0%  V-AUROC: 0.2083  LR: 4.00e-06
2026-06-29 14:34:31,561 | [META-RNW] | INFO | meta_classifier_renewed.model_trainers.meta_trainer | Ep [032/500] T-Acc:  77.3%  V-Acc:  30.0%  V-AUROC: 0.2083  LR: 4.00e-06
2026-06-29 14:34:32,015 | [META-RNW] | INFO | meta_classifier_renewed.model_trainers.meta_trainer | Ep [033/500] T-Acc:  86.4%  V-Acc:  30.0%  V-AUROC: 0.2083  LR: 4.00e-06
2026-06-29 14:34:32,467 | [META-RNW] | INFO | meta_classifier_renewed.model_trainers.meta_trainer | Ep [034/500] T-Acc:  90.9%  V-Acc:  30.0%  V-AUROC: 0.2083  LR: 4.00e-06
2026-06-29 14:34:32,932 | [META-RNW] | INFO | meta_classifier_renewed.model_trainers.meta_trainer | Ep [035/500] T-Acc:  81.8%  V-Acc:  30.0%  V-AUROC: 0.2083  LR: 4.00e-06
2026-06-29 14:34:33,384 | [META-RNW] | INFO | meta_classifier_renewed.model_trainers.meta_trainer | Ep [036/500] T-Acc:  86.4%  V-Acc:  30.0%  V-AUROC: 0.2083  LR: 4.00e-06
2026-06-29 14:34:33,822 | [META-RNW] | INFO | meta_classifier_renewed.model_trainers.meta_trainer | Ep [037/500] T-Acc:  95.5%  V-Acc:  30.0%  V-AUROC: 0.2083  LR: 4.00e-06
2026-06-29 14:34:34,221 | [META-RNW] | INFO | meta_classifier_renewed.model_trainers.meta_trainer | Ep [038/500] T-Acc:  86.4%  V-Acc:  30.0%  V-AUROC: 0.2083  LR: 4.00e-06
2026-06-29 14:34:34,648 | [META-RNW] | INFO | meta_classifier_renewed.model_trainers.meta_trainer | Ep [039/500] T-Acc:  81.8%  V-Acc:  30.0%  V-AUROC: 0.2083  LR: 4.00e-06
2026-06-29 14:34:35,081 | [META-RNW] | INFO | meta_classifier_renewed.model_trainers.meta_trainer | Ep [040/500] T-Acc:  77.3%  V-Acc:  30.0%  V-AUROC: 0.2083  LR: 1.00e-06
2026-06-29 14:34:35,518 | [META-RNW] | INFO | meta_classifier_renewed.model_trainers.meta_trainer | Ep [041/500] T-Acc:  90.9%  V-Acc:  30.0%  V-AUROC: 0.2083  LR: 1.00e-06
2026-06-29 14:34:35,928 | [META-RNW] | INFO | meta_classifier_renewed.model_trainers.meta_trainer | Ep [042/500] T-Acc:  86.4%  V-Acc:  30.0%  V-AUROC: 0.2083  LR: 1.00e-06
2026-06-29 14:34:36,352 | [META-RNW] | INFO | meta_classifier_renewed.model_trainers.meta_trainer | Ep [043/500] T-Acc:  81.8%  V-Acc:  30.0%  V-AUROC: 0.2083  LR: 1.00e-06
2026-06-29 14:34:36,354 | [META-RNW] | INFO | meta_classifier_renewed.model_trainers.meta_trainer | Early stop — best AUROC 0.4583 at epoch 3 (no improvement for 40 epochs)
2026-06-29 14:34:36,354 | [META-RNW] | INFO | meta_classifier_renewed.model_trainers.meta_trainer | Done. Best AUROC: 0.4583 (epoch 3)
2026-06-29 14:34:36,476 | [META-RNW] | INFO | meta_classifier_renewed.evaluators.monte_carlo_evaluator | -> Fold 29 Result | Acc=0.300 Sens=0.000 Spec=0.500 AUROC=0.208 (Fixed Threshold: 0.5)
2026-06-29 14:34:36,497 | [META-RNW] | INFO | meta_classifier_renewed.evaluators.monte_carlo_evaluator | === Fold 30/30 | train: 22 subj | test: 10 subj ===
2026-06-29 14:34:36,513 | [META-RNW] | INFO | meta_classifier_renewed.model_trainers.meta_trainer | Device: cuda | max_epochs=500 | batch=8 | es_patience=40 | lr=1e-04 | wd=1e-02
2026-06-29 14:34:36,514 | [META-RNW] | INFO | meta_classifier_renewed.model_trainers.meta_trainer | CE weights — HC: 1.000  MCI: 1.000
2026-06-29 14:34:36,935 | [META-RNW] | INFO | meta_classifier_renewed.model_trainers.meta_trainer | Ep [001/500] T-Acc:  45.5%  V-Acc:  50.0%  V-AUROC: 0.4762  LR: 2.00e-05
2026-06-29 14:34:37,036 | [META-RNW] | INFO | meta_classifier_renewed.model_trainers.meta_trainer |   ↳ new best AUROC; saved checkpoint: /home/leggo/AIResearch/VOGBasedMCIDetectionSystemMobileViTSingleExperimentInference/outputs/checkpoints/run_20260629_142305_meta_renewed/fold_29_best.pth
2026-06-29 14:34:37,437 | [META-RNW] | INFO | meta_classifier_renewed.model_trainers.meta_trainer | Ep [002/500] T-Acc:  45.5%  V-Acc:  50.0%  V-AUROC: 0.4286  LR: 4.00e-05
2026-06-29 14:34:37,859 | [META-RNW] | INFO | meta_classifier_renewed.model_trainers.meta_trainer | Ep [003/500] T-Acc:  50.0%  V-Acc:  20.0%  V-AUROC: 0.3810  LR: 6.00e-05
2026-06-29 14:34:38,313 | [META-RNW] | INFO | meta_classifier_renewed.model_trainers.meta_trainer | Ep [004/500] T-Acc:  27.3%  V-Acc:  30.0%  V-AUROC: 0.3333  LR: 8.00e-05
2026-06-29 14:34:38,780 | [META-RNW] | INFO | meta_classifier_renewed.model_trainers.meta_trainer | Ep [005/500] T-Acc:  50.0%  V-Acc:  20.0%  V-AUROC: 0.3333  LR: 1.00e-04
2026-06-29 14:34:39,272 | [META-RNW] | INFO | meta_classifier_renewed.model_trainers.meta_trainer | Ep [006/500] T-Acc:  68.2%  V-Acc:  40.0%  V-AUROC: 0.2857  LR: 1.00e-04
2026-06-29 14:34:39,723 | [META-RNW] | INFO | meta_classifier_renewed.model_trainers.meta_trainer | Ep [007/500] T-Acc:  54.5%  V-Acc:  60.0%  V-AUROC: 0.1905  LR: 1.00e-04
2026-06-29 14:34:40,170 | [META-RNW] | INFO | meta_classifier_renewed.model_trainers.meta_trainer | Ep [008/500] T-Acc:  40.9%  V-Acc:  40.0%  V-AUROC: 0.1905  LR: 1.00e-04
2026-06-29 14:34:40,617 | [META-RNW] | INFO | meta_classifier_renewed.model_trainers.meta_trainer | Ep [009/500] T-Acc:  63.6%  V-Acc:  30.0%  V-AUROC: 0.2381  LR: 1.00e-04
2026-06-29 14:34:41,043 | [META-RNW] | INFO | meta_classifier_renewed.model_trainers.meta_trainer | Ep [010/500] T-Acc:  54.5%  V-Acc:  40.0%  V-AUROC: 0.1905  LR: 1.00e-04
2026-06-29 14:34:41,459 | [META-RNW] | INFO | meta_classifier_renewed.model_trainers.meta_trainer | Ep [011/500] T-Acc:  63.6%  V-Acc:  20.0%  V-AUROC: 0.1905  LR: 1.00e-04
2026-06-29 14:34:41,882 | [META-RNW] | INFO | meta_classifier_renewed.model_trainers.meta_trainer | Ep [012/500] T-Acc:  59.1%  V-Acc:  20.0%  V-AUROC: 0.1429  LR: 1.00e-04
2026-06-29 14:34:42,283 | [META-RNW] | INFO | meta_classifier_renewed.model_trainers.meta_trainer | Ep [013/500] T-Acc:  68.2%  V-Acc:  20.0%  V-AUROC: 0.1429  LR: 1.00e-04
2026-06-29 14:34:42,680 | [META-RNW] | INFO | meta_classifier_renewed.model_trainers.meta_trainer | Ep [014/500] T-Acc:  68.2%  V-Acc:  30.0%  V-AUROC: 0.1429  LR: 1.00e-04
2026-06-29 14:34:43,099 | [META-RNW] | INFO | meta_classifier_renewed.model_trainers.meta_trainer | Ep [015/500] T-Acc:  86.4%  V-Acc:  40.0%  V-AUROC: 0.1429  LR: 1.00e-04
2026-06-29 14:34:43,530 | [META-RNW] | INFO | meta_classifier_renewed.model_trainers.meta_trainer | Ep [016/500] T-Acc:  72.7%  V-Acc:  30.0%  V-AUROC: 0.1429  LR: 1.00e-04
2026-06-29 14:34:43,990 | [META-RNW] | INFO | meta_classifier_renewed.model_trainers.meta_trainer | Ep [017/500] T-Acc:  86.4%  V-Acc:  40.0%  V-AUROC: 0.1429  LR: 1.00e-04
2026-06-29 14:34:44,428 | [META-RNW] | INFO | meta_classifier_renewed.model_trainers.meta_trainer | Ep [018/500] T-Acc:  86.4%  V-Acc:  30.0%  V-AUROC: 0.1429  LR: 2.00e-05
2026-06-29 14:34:44,876 | [META-RNW] | INFO | meta_classifier_renewed.model_trainers.meta_trainer | Ep [019/500] T-Acc:  77.3%  V-Acc:  40.0%  V-AUROC: 0.1429  LR: 2.00e-05
2026-06-29 14:34:45,339 | [META-RNW] | INFO | meta_classifier_renewed.model_trainers.meta_trainer | Ep [020/500] T-Acc:  81.8%  V-Acc:  40.0%  V-AUROC: 0.1429  LR: 2.00e-05
2026-06-29 14:34:45,765 | [META-RNW] | INFO | meta_classifier_renewed.model_trainers.meta_trainer | Ep [021/500] T-Acc:  90.9%  V-Acc:  10.0%  V-AUROC: 0.1429  LR: 2.00e-05
2026-06-29 14:34:46,195 | [META-RNW] | INFO | meta_classifier_renewed.model_trainers.meta_trainer | Ep [022/500] T-Acc:  86.4%  V-Acc:  10.0%  V-AUROC: 0.1429  LR: 2.00e-05
2026-06-29 14:34:46,626 | [META-RNW] | INFO | meta_classifier_renewed.model_trainers.meta_trainer | Ep [023/500] T-Acc:  81.8%  V-Acc:  10.0%  V-AUROC: 0.1429  LR: 2.00e-05
2026-06-29 14:34:47,086 | [META-RNW] | INFO | meta_classifier_renewed.model_trainers.meta_trainer | Ep [024/500] T-Acc:  68.2%  V-Acc:  10.0%  V-AUROC: 0.1429  LR: 2.00e-05
2026-06-29 14:34:47,513 | [META-RNW] | INFO | meta_classifier_renewed.model_trainers.meta_trainer | Ep [025/500] T-Acc:  81.8%  V-Acc:  10.0%  V-AUROC: 0.1429  LR: 2.00e-05
2026-06-29 14:34:47,939 | [META-RNW] | INFO | meta_classifier_renewed.model_trainers.meta_trainer | Ep [026/500] T-Acc:  77.3%  V-Acc:  10.0%  V-AUROC: 0.1429  LR: 2.00e-05
2026-06-29 14:34:48,440 | [META-RNW] | INFO | meta_classifier_renewed.model_trainers.meta_trainer | Ep [027/500] T-Acc:  86.4%  V-Acc:  20.0%  V-AUROC: 0.1429  LR: 2.00e-05
2026-06-29 14:34:48,877 | [META-RNW] | INFO | meta_classifier_renewed.model_trainers.meta_trainer | Ep [028/500] T-Acc:  81.8%  V-Acc:  30.0%  V-AUROC: 0.1429  LR: 2.00e-05
2026-06-29 14:34:49,304 | [META-RNW] | INFO | meta_classifier_renewed.model_trainers.meta_trainer | Ep [029/500] T-Acc:  81.8%  V-Acc:  30.0%  V-AUROC: 0.1429  LR: 4.00e-06
2026-06-29 14:34:49,720 | [META-RNW] | INFO | meta_classifier_renewed.model_trainers.meta_trainer | Ep [030/500] T-Acc:  81.8%  V-Acc:  30.0%  V-AUROC: 0.1429  LR: 4.00e-06
2026-06-29 14:34:50,165 | [META-RNW] | INFO | meta_classifier_renewed.model_trainers.meta_trainer | Ep [031/500] T-Acc:  81.8%  V-Acc:  30.0%  V-AUROC: 0.1429  LR: 4.00e-06
2026-06-29 14:34:50,588 | [META-RNW] | INFO | meta_classifier_renewed.model_trainers.meta_trainer | Ep [032/500] T-Acc:  86.4%  V-Acc:  30.0%  V-AUROC: 0.1429  LR: 4.00e-06
2026-06-29 14:34:51,010 | [META-RNW] | INFO | meta_classifier_renewed.model_trainers.meta_trainer | Ep [033/500] T-Acc:  72.7%  V-Acc:  20.0%  V-AUROC: 0.1429  LR: 4.00e-06
2026-06-29 14:34:51,469 | [META-RNW] | INFO | meta_classifier_renewed.model_trainers.meta_trainer | Ep [034/500] T-Acc:  86.4%  V-Acc:  20.0%  V-AUROC: 0.1429  LR: 4.00e-06
2026-06-29 14:34:51,907 | [META-RNW] | INFO | meta_classifier_renewed.model_trainers.meta_trainer | Ep [035/500] T-Acc:  77.3%  V-Acc:  20.0%  V-AUROC: 0.1429  LR: 4.00e-06
2026-06-29 14:34:52,337 | [META-RNW] | INFO | meta_classifier_renewed.model_trainers.meta_trainer | Ep [036/500] T-Acc:  95.5%  V-Acc:  20.0%  V-AUROC: 0.1429  LR: 4.00e-06
2026-06-29 14:34:52,761 | [META-RNW] | INFO | meta_classifier_renewed.model_trainers.meta_trainer | Ep [037/500] T-Acc:  90.9%  V-Acc:  20.0%  V-AUROC: 0.1429  LR: 4.00e-06
2026-06-29 14:34:53,219 | [META-RNW] | INFO | meta_classifier_renewed.model_trainers.meta_trainer | Ep [038/500] T-Acc:  90.9%  V-Acc:  20.0%  V-AUROC: 0.1429  LR: 4.00e-06
2026-06-29 14:34:53,650 | [META-RNW] | INFO | meta_classifier_renewed.model_trainers.meta_trainer | Ep [039/500] T-Acc:  86.4%  V-Acc:  20.0%  V-AUROC: 0.1429  LR: 4.00e-06
2026-06-29 14:34:54,058 | [META-RNW] | INFO | meta_classifier_renewed.model_trainers.meta_trainer | Ep [040/500] T-Acc: 100.0%  V-Acc:  20.0%  V-AUROC: 0.1429  LR: 1.00e-06
2026-06-29 14:34:54,486 | [META-RNW] | INFO | meta_classifier_renewed.model_trainers.meta_trainer | Ep [041/500] T-Acc:  90.9%  V-Acc:  20.0%  V-AUROC: 0.1429  LR: 1.00e-06
2026-06-29 14:34:54,487 | [META-RNW] | INFO | meta_classifier_renewed.model_trainers.meta_trainer | Early stop — best AUROC 0.4762 at epoch 1 (no improvement for 40 epochs)
2026-06-29 14:34:54,487 | [META-RNW] | INFO | meta_classifier_renewed.model_trainers.meta_trainer | Done. Best AUROC: 0.4762 (epoch 1)
2026-06-29 14:34:54,599 | [META-RNW] | INFO | meta_classifier_renewed.evaluators.monte_carlo_evaluator | -> Fold 30 Result | Acc=0.200 Sens=0.143 Spec=0.333 AUROC=0.143 (Fixed Threshold: 0.5)
2026-06-29 14:34:54,615 | [META-RNW] | INFO | meta_classifier_renewed.evaluators.monte_carlo_evaluator | ============================================================
2026-06-29 14:34:54,615 | [META-RNW] | INFO | meta_classifier_renewed.evaluators.monte_carlo_evaluator |   Renewed MC-CV Results (30 folds) - STRICT 0.5 THRESHOLD
2026-06-29 14:34:54,616 | [META-RNW] | INFO | meta_classifier_renewed.evaluators.monte_carlo_evaluator |   Accuracy    : 0.487 ± 0.167
2026-06-29 14:34:54,616 | [META-RNW] | INFO | meta_classifier_renewed.evaluators.monte_carlo_evaluator |   Sensitivity : 0.481 ± 0.260
2026-06-29 14:34:54,616 | [META-RNW] | INFO | meta_classifier_renewed.evaluators.monte_carlo_evaluator |   Specificity : 0.523 ± 0.314
2026-06-29 14:34:54,616 | [META-RNW] | INFO | meta_classifier_renewed.evaluators.monte_carlo_evaluator |   AUROC       : 0.560 ± 0.193
2026-06-29 14:34:54,616 | [META-RNW] | INFO | meta_classifier_renewed.evaluators.monte_carlo_evaluator | ============================================================
