2026-05-24 01:05:43,939 | INFO | __main__ | Run ID: 20260524_010543
2026-05-24 01:05:43,940 | INFO | __main__ | Log file: /home/leggo/AIResearch/VOGBasedMCIDetectionSystemMobileViTSingleExperimentInference/outputs/logs/run_20260524_010543.log
2026-05-24 01:05:43,941 | INFO | __main__ | Filtering strictly for Horizontal/Vertical Anti-Saccade B tensors from: /home/leggo/AIResearch/VOGBasedMCIDetectionSystemMobileViTSingleExperimentInference/data
2026-05-24 01:05:43,950 | INFO | data_processor.data_engineering | Loaded preprocessed data_store from cache: /home/leggo/AIResearch/VOGBasedMCIDetectionSystemMobileViTSingleExperimentInference/outputs/cache/data_store.pkl (229 epochs)
2026-05-24 01:05:43,959 | INFO | __main__ | Total epoched samples (anti-saccades only): 229
2026-05-24 01:05:44,091 | INFO | evaluators.monte_carlo_evaluator | Stratified MC Group CV — 30 folds | device=cuda | num_tasks=2
2026-05-24 01:05:44,094 | INFO | evaluators.monte_carlo_evaluator | === Fold 01/30 | train: 23 subj / 123 windows | test: 11 subj / 106 windows ===
2026-05-24 01:05:44,743 | INFO | httpx | HTTP Request: HEAD https://huggingface.co/apple/mobilevit-small/resolve/main/config.json "HTTP/1.1 307 Temporary Redirect"
2026-05-24 01:05:44,765 | INFO | httpx | HTTP Request: HEAD https://huggingface.co/api/resolve-cache/models/apple/mobilevit-small/6c8612545dc98676d27bc518fa521d9e9af23e34/config.json "HTTP/1.1 200 OK"
2026-05-24 01:05:45,053 | INFO | httpx | HTTP Request: HEAD https://huggingface.co/apple/mobilevit-small/resolve/main/model.safetensors "HTTP/1.1 404 Not Found"
2026-05-24 01:05:45,269 | INFO | httpx | HTTP Request: HEAD https://huggingface.co/apple/mobilevit-small/resolve/main/model.safetensors.index.json "HTTP/1.1 404 Not Found"
2026-05-24 01:05:45,494 | INFO | httpx | HTTP Request: HEAD https://huggingface.co/apple/mobilevit-small/resolve/main/pytorch_model.bin "HTTP/1.1 302 Found"
2026-05-24 01:05:45,498 | WARNING | huggingface_hub.utils._http | Warning: You are sending unauthenticated requests to the HF Hub. Please set a HF_TOKEN to enable higher rate limits and faster downloads.
2026-05-24 01:05:45,716 | INFO | httpx | HTTP Request: HEAD https://huggingface.co/apple/mobilevit-small/resolve/main/model.safetensors "HTTP/1.1 404 Not Found"
2026-05-24 01:05:45,940 | INFO | httpx | HTTP Request: GET https://huggingface.co/api/models/apple/mobilevit-small "HTTP/1.1 200 OK"
2026-05-24 01:05:46,194 | INFO | httpx | HTTP Request: GET https://huggingface.co/api/models/apple/mobilevit-small/commits/main "HTTP/1.1 200 OK"
2026-05-24 01:05:46,420 | INFO | httpx | HTTP Request: GET https://huggingface.co/api/models/apple/mobilevit-small/discussions?p=0 "HTTP/1.1 200 OK"
2026-05-24 01:05:46,650 | INFO | httpx | HTTP Request: GET https://huggingface.co/api/models/apple/mobilevit-small/commits/refs%2Fpr%2F6 "HTTP/1.1 200 OK"
2026-05-24 01:05:46,868 | INFO | httpx | HTTP Request: HEAD https://huggingface.co/apple/mobilevit-small/resolve/refs%2Fpr%2F6/model.safetensors.index.json "HTTP/1.1 404 Not Found"
2026-05-24 01:05:47,123 | INFO | httpx | HTTP Request: HEAD https://huggingface.co/apple/mobilevit-small/resolve/refs%2Fpr%2F6/model.safetensors "HTTP/1.1 302 Found"
2026-05-24 01:05:49,605 | INFO | model_trainers.mobile_vit_trainer | Epoch [01/500] | Train Acc: 56.2% | Val Acc: 35.8% | Val Loss: 0.8604
2026-05-24 01:05:49,693 | INFO | model_trainers.mobile_vit_trainer |   ↳ new best val loss; saved checkpoint: /home/leggo/AIResearch/VOGBasedMCIDetectionSystemMobileViTSingleExperimentInference/outputs/checkpoints/run_20260524_010543/fold_00_best.pth
2026-05-24 01:05:50,596 | INFO | model_trainers.mobile_vit_trainer | Epoch [02/500] | Train Acc: 55.2% | Val Acc: 36.8% | Val Loss: 0.9077
2026-05-24 01:05:51,490 | INFO | model_trainers.mobile_vit_trainer | Epoch [03/500] | Train Acc: 57.3% | Val Acc: 36.8% | Val Loss: 0.8643
2026-05-24 01:05:52,377 | INFO | model_trainers.mobile_vit_trainer | Epoch [04/500] | Train Acc: 52.1% | Val Acc: 35.8% | Val Loss: 0.8183
2026-05-24 01:05:52,474 | INFO | model_trainers.mobile_vit_trainer |   ↳ new best val loss; saved checkpoint: /home/leggo/AIResearch/VOGBasedMCIDetectionSystemMobileViTSingleExperimentInference/outputs/checkpoints/run_20260524_010543/fold_00_best.pth
2026-05-24 01:05:53,360 | INFO | model_trainers.mobile_vit_trainer | Epoch [05/500] | Train Acc: 64.6% | Val Acc: 42.5% | Val Loss: 0.7643
2026-05-24 01:05:53,457 | INFO | model_trainers.mobile_vit_trainer |   ↳ new best val loss; saved checkpoint: /home/leggo/AIResearch/VOGBasedMCIDetectionSystemMobileViTSingleExperimentInference/outputs/checkpoints/run_20260524_010543/fold_00_best.pth
2026-05-24 01:05:54,350 | INFO | model_trainers.mobile_vit_trainer | Epoch [06/500] | Train Acc: 55.2% | Val Acc: 46.2% | Val Loss: 0.7396
2026-05-24 01:05:54,448 | INFO | model_trainers.mobile_vit_trainer |   ↳ new best val loss; saved checkpoint: /home/leggo/AIResearch/VOGBasedMCIDetectionSystemMobileViTSingleExperimentInference/outputs/checkpoints/run_20260524_010543/fold_00_best.pth
2026-05-24 01:05:55,352 | INFO | model_trainers.mobile_vit_trainer | Epoch [07/500] | Train Acc: 59.4% | Val Acc: 41.5% | Val Loss: 0.7448
2026-05-24 01:05:56,244 | INFO | model_trainers.mobile_vit_trainer | Epoch [08/500] | Train Acc: 58.3% | Val Acc: 47.2% | Val Loss: 0.7517
2026-05-24 01:05:57,137 | INFO | model_trainers.mobile_vit_trainer | Epoch [09/500] | Train Acc: 59.4% | Val Acc: 42.5% | Val Loss: 0.7486
2026-05-24 01:05:58,034 | INFO | model_trainers.mobile_vit_trainer | Epoch [10/500] | Train Acc: 68.8% | Val Acc: 41.5% | Val Loss: 0.7505
2026-05-24 01:05:58,922 | INFO | model_trainers.mobile_vit_trainer | Epoch [11/500] | Train Acc: 62.5% | Val Acc: 41.5% | Val Loss: 0.7610
2026-05-24 01:05:59,811 | INFO | model_trainers.mobile_vit_trainer | Epoch [12/500] | Train Acc: 57.3% | Val Acc: 43.4% | Val Loss: 0.7708
2026-05-24 01:06:00,697 | INFO | model_trainers.mobile_vit_trainer | Epoch [13/500] | Train Acc: 65.6% | Val Acc: 39.6% | Val Loss: 0.7747
2026-05-24 01:06:01,584 | INFO | model_trainers.mobile_vit_trainer | Epoch [14/500] | Train Acc: 55.2% | Val Acc: 40.6% | Val Loss: 0.7965
2026-05-24 01:06:02,477 | INFO | model_trainers.mobile_vit_trainer | Epoch [15/500] | Train Acc: 61.5% | Val Acc: 37.7% | Val Loss: 0.8183
2026-05-24 01:06:03,377 | INFO | model_trainers.mobile_vit_trainer | Epoch [16/500] | Train Acc: 61.5% | Val Acc: 38.7% | Val Loss: 0.8235
2026-05-24 01:06:04,273 | INFO | model_trainers.mobile_vit_trainer | Epoch [17/500] | Train Acc: 60.4% | Val Acc: 36.8% | Val Loss: 0.8275
2026-05-24 01:06:05,168 | INFO | model_trainers.mobile_vit_trainer | Epoch [18/500] | Train Acc: 64.6% | Val Acc: 34.9% | Val Loss: 0.8402
2026-05-24 01:06:06,078 | INFO | model_trainers.mobile_vit_trainer | Epoch [19/500] | Train Acc: 66.7% | Val Acc: 35.8% | Val Loss: 0.8496
2026-05-24 01:06:06,981 | INFO | model_trainers.mobile_vit_trainer | Epoch [20/500] | Train Acc: 54.2% | Val Acc: 37.7% | Val Loss: 0.8645
2026-05-24 01:06:07,879 | INFO | model_trainers.mobile_vit_trainer | Epoch [21/500] | Train Acc: 53.1% | Val Acc: 38.7% | Val Loss: 0.8588
2026-05-24 01:06:08,771 | INFO | model_trainers.mobile_vit_trainer | Epoch [22/500] | Train Acc: 61.5% | Val Acc: 36.8% | Val Loss: 0.8588
2026-05-24 01:06:09,664 | INFO | model_trainers.mobile_vit_trainer | Epoch [23/500] | Train Acc: 59.4% | Val Acc: 35.8% | Val Loss: 0.8571
2026-05-24 01:06:10,559 | INFO | model_trainers.mobile_vit_trainer | Epoch [24/500] | Train Acc: 60.4% | Val Acc: 36.8% | Val Loss: 0.8512
2026-05-24 01:06:11,460 | INFO | model_trainers.mobile_vit_trainer | Epoch [25/500] | Train Acc: 75.0% | Val Acc: 39.6% | Val Loss: 0.8314
2026-05-24 01:06:12,354 | INFO | model_trainers.mobile_vit_trainer | Epoch [26/500] | Train Acc: 57.3% | Val Acc: 41.5% | Val Loss: 0.8056
2026-05-24 01:06:13,247 | INFO | model_trainers.mobile_vit_trainer | Epoch [27/500] | Train Acc: 66.7% | Val Acc: 41.5% | Val Loss: 0.8078
2026-05-24 01:06:14,140 | INFO | model_trainers.mobile_vit_trainer | Epoch [28/500] | Train Acc: 59.4% | Val Acc: 40.6% | Val Loss: 0.8172
2026-05-24 01:06:15,033 | INFO | model_trainers.mobile_vit_trainer | Epoch [29/500] | Train Acc: 58.3% | Val Acc: 38.7% | Val Loss: 0.8192
2026-05-24 01:06:15,927 | INFO | model_trainers.mobile_vit_trainer | Epoch [30/500] | Train Acc: 62.5% | Val Acc: 38.7% | Val Loss: 0.8131
2026-05-24 01:06:16,824 | INFO | model_trainers.mobile_vit_trainer | Epoch [31/500] | Train Acc: 64.6% | Val Acc: 36.8% | Val Loss: 0.7954
2026-05-24 01:06:17,716 | INFO | model_trainers.mobile_vit_trainer | Epoch [32/500] | Train Acc: 65.6% | Val Acc: 38.7% | Val Loss: 0.7933
2026-05-24 01:06:18,608 | INFO | model_trainers.mobile_vit_trainer | Epoch [33/500] | Train Acc: 61.5% | Val Acc: 40.6% | Val Loss: 0.8014
2026-05-24 01:06:19,500 | INFO | model_trainers.mobile_vit_trainer | Epoch [34/500] | Train Acc: 62.5% | Val Acc: 43.4% | Val Loss: 0.8042
2026-05-24 01:06:20,395 | INFO | model_trainers.mobile_vit_trainer | Epoch [35/500] | Train Acc: 67.7% | Val Acc: 41.5% | Val Loss: 0.8147
2026-05-24 01:06:21,289 | INFO | model_trainers.mobile_vit_trainer | Epoch [36/500] | Train Acc: 61.5% | Val Acc: 41.5% | Val Loss: 0.8302
2026-05-24 01:06:22,184 | INFO | model_trainers.mobile_vit_trainer | Epoch [37/500] | Train Acc: 68.8% | Val Acc: 38.7% | Val Loss: 0.8652
2026-05-24 01:06:23,077 | INFO | model_trainers.mobile_vit_trainer | Epoch [38/500] | Train Acc: 70.8% | Val Acc: 37.7% | Val Loss: 0.8744
2026-05-24 01:06:23,972 | INFO | model_trainers.mobile_vit_trainer | Epoch [39/500] | Train Acc: 58.3% | Val Acc: 37.7% | Val Loss: 0.8825
2026-05-24 01:06:24,873 | INFO | model_trainers.mobile_vit_trainer | Epoch [40/500] | Train Acc: 62.5% | Val Acc: 36.8% | Val Loss: 0.8804
2026-05-24 01:06:25,768 | INFO | model_trainers.mobile_vit_trainer | Epoch [41/500] | Train Acc: 64.6% | Val Acc: 35.8% | Val Loss: 0.8745
2026-05-24 01:06:26,677 | INFO | model_trainers.mobile_vit_trainer | Epoch [42/500] | Train Acc: 62.5% | Val Acc: 37.7% | Val Loss: 0.8537
2026-05-24 01:06:27,587 | INFO | model_trainers.mobile_vit_trainer | Epoch [43/500] | Train Acc: 65.6% | Val Acc: 40.6% | Val Loss: 0.8341
2026-05-24 01:06:28,485 | INFO | model_trainers.mobile_vit_trainer | Epoch [44/500] | Train Acc: 70.8% | Val Acc: 39.6% | Val Loss: 0.8223
2026-05-24 01:06:29,378 | INFO | model_trainers.mobile_vit_trainer | Epoch [45/500] | Train Acc: 63.5% | Val Acc: 38.7% | Val Loss: 0.8199
2026-05-24 01:06:30,271 | INFO | model_trainers.mobile_vit_trainer | Epoch [46/500] | Train Acc: 59.4% | Val Acc: 37.7% | Val Loss: 0.8141
2026-05-24 01:06:30,271 | INFO | model_trainers.mobile_vit_trainer | Early stop at epoch 46 (no val-loss improvement for 40 epochs; best=0.7396)
2026-05-24 01:06:30,896 | INFO | evaluators.monte_carlo_evaluator | -> Fold 01 Result | Acc=0.308 Sens=0.000 Spec=1.000 AUROC=0.333
2026-05-24 01:06:30,897 | INFO | evaluators.monte_carlo_evaluator | === Fold 02/30 | train: 23 subj / 141 windows | test: 11 subj / 88 windows ===
2026-05-24 01:06:31,132 | INFO | httpx | HTTP Request: HEAD https://huggingface.co/apple/mobilevit-small/resolve/main/config.json "HTTP/1.1 307 Temporary Redirect"
2026-05-24 01:06:31,147 | INFO | httpx | HTTP Request: HEAD https://huggingface.co/api/resolve-cache/models/apple/mobilevit-small/6c8612545dc98676d27bc518fa521d9e9af23e34/config.json "HTTP/1.1 200 OK"
2026-05-24 01:06:31,426 | INFO | httpx | HTTP Request: HEAD https://huggingface.co/apple/mobilevit-small/resolve/main/model.safetensors "HTTP/1.1 404 Not Found"
2026-05-24 01:06:31,635 | INFO | httpx | HTTP Request: HEAD https://huggingface.co/apple/mobilevit-small/resolve/main/model.safetensors.index.json "HTTP/1.1 404 Not Found"
2026-05-24 01:06:31,853 | INFO | httpx | HTTP Request: HEAD https://huggingface.co/apple/mobilevit-small/resolve/main/pytorch_model.bin "HTTP/1.1 302 Found"
2026-05-24 01:06:32,065 | INFO | httpx | HTTP Request: HEAD https://huggingface.co/apple/mobilevit-small/resolve/main/model.safetensors "HTTP/1.1 404 Not Found"
2026-05-24 01:06:32,286 | INFO | httpx | HTTP Request: GET https://huggingface.co/api/models/apple/mobilevit-small "HTTP/1.1 200 OK"
2026-05-24 01:06:32,538 | INFO | httpx | HTTP Request: GET https://huggingface.co/api/models/apple/mobilevit-small/commits/main "HTTP/1.1 200 OK"
2026-05-24 01:06:32,763 | INFO | httpx | HTTP Request: GET https://huggingface.co/api/models/apple/mobilevit-small/discussions?p=0 "HTTP/1.1 200 OK"
2026-05-24 01:06:32,989 | INFO | httpx | HTTP Request: GET https://huggingface.co/api/models/apple/mobilevit-small/commits/refs%2Fpr%2F6 "HTTP/1.1 200 OK"
2026-05-24 01:06:33,208 | INFO | httpx | HTTP Request: HEAD https://huggingface.co/apple/mobilevit-small/resolve/refs%2Fpr%2F6/model.safetensors.index.json "HTTP/1.1 404 Not Found"
2026-05-24 01:06:33,429 | INFO | httpx | HTTP Request: HEAD https://huggingface.co/apple/mobilevit-small/resolve/refs%2Fpr%2F6/model.safetensors "HTTP/1.1 302 Found"
2026-05-24 01:06:33,685 | INFO | model_trainers.mobile_vit_trainer | Epoch [01/500] | Train Acc: 46.1% | Val Acc: 51.1% | Val Loss: 0.7112
2026-05-24 01:06:33,776 | INFO | model_trainers.mobile_vit_trainer |   ↳ new best val loss; saved checkpoint: /home/leggo/AIResearch/VOGBasedMCIDetectionSystemMobileViTSingleExperimentInference/outputs/checkpoints/run_20260524_010543/fold_01_best.pth
2026-05-24 01:06:34,824 | INFO | model_trainers.mobile_vit_trainer | Epoch [02/500] | Train Acc: 46.9% | Val Acc: 50.0% | Val Loss: 0.6932
2026-05-24 01:06:34,930 | INFO | model_trainers.mobile_vit_trainer |   ↳ new best val loss; saved checkpoint: /home/leggo/AIResearch/VOGBasedMCIDetectionSystemMobileViTSingleExperimentInference/outputs/checkpoints/run_20260524_010543/fold_01_best.pth
2026-05-24 01:06:35,971 | INFO | model_trainers.mobile_vit_trainer | Epoch [03/500] | Train Acc: 43.0% | Val Acc: 52.3% | Val Loss: 0.6961
2026-05-24 01:06:37,017 | INFO | model_trainers.mobile_vit_trainer | Epoch [04/500] | Train Acc: 55.5% | Val Acc: 54.5% | Val Loss: 0.6952
2026-05-24 01:06:38,061 | INFO | model_trainers.mobile_vit_trainer | Epoch [05/500] | Train Acc: 59.4% | Val Acc: 53.4% | Val Loss: 0.6879
2026-05-24 01:06:38,171 | INFO | model_trainers.mobile_vit_trainer |   ↳ new best val loss; saved checkpoint: /home/leggo/AIResearch/VOGBasedMCIDetectionSystemMobileViTSingleExperimentInference/outputs/checkpoints/run_20260524_010543/fold_01_best.pth
2026-05-24 01:06:39,226 | INFO | model_trainers.mobile_vit_trainer | Epoch [06/500] | Train Acc: 47.7% | Val Acc: 62.5% | Val Loss: 0.6836
2026-05-24 01:06:39,334 | INFO | model_trainers.mobile_vit_trainer |   ↳ new best val loss; saved checkpoint: /home/leggo/AIResearch/VOGBasedMCIDetectionSystemMobileViTSingleExperimentInference/outputs/checkpoints/run_20260524_010543/fold_01_best.pth
2026-05-24 01:06:40,377 | INFO | model_trainers.mobile_vit_trainer | Epoch [07/500] | Train Acc: 54.7% | Val Acc: 62.5% | Val Loss: 0.6909
2026-05-24 01:06:41,419 | INFO | model_trainers.mobile_vit_trainer | Epoch [08/500] | Train Acc: 50.0% | Val Acc: 59.1% | Val Loss: 0.7060
2026-05-24 01:06:42,459 | INFO | model_trainers.mobile_vit_trainer | Epoch [09/500] | Train Acc: 55.5% | Val Acc: 54.5% | Val Loss: 0.7224
2026-05-24 01:06:43,504 | INFO | model_trainers.mobile_vit_trainer | Epoch [10/500] | Train Acc: 50.0% | Val Acc: 50.0% | Val Loss: 0.7342
2026-05-24 01:06:44,544 | INFO | model_trainers.mobile_vit_trainer | Epoch [11/500] | Train Acc: 54.7% | Val Acc: 48.9% | Val Loss: 0.7474
2026-05-24 01:06:45,586 | INFO | model_trainers.mobile_vit_trainer | Epoch [12/500] | Train Acc: 50.0% | Val Acc: 47.7% | Val Loss: 0.7410
2026-05-24 01:06:46,632 | INFO | model_trainers.mobile_vit_trainer | Epoch [13/500] | Train Acc: 43.0% | Val Acc: 46.6% | Val Loss: 0.7410
2026-05-24 01:06:47,673 | INFO | model_trainers.mobile_vit_trainer | Epoch [14/500] | Train Acc: 49.2% | Val Acc: 45.5% | Val Loss: 0.7457
2026-05-24 01:06:48,716 | INFO | model_trainers.mobile_vit_trainer | Epoch [15/500] | Train Acc: 50.8% | Val Acc: 46.6% | Val Loss: 0.7452
2026-05-24 01:06:49,758 | INFO | model_trainers.mobile_vit_trainer | Epoch [16/500] | Train Acc: 53.1% | Val Acc: 47.7% | Val Loss: 0.7385
2026-05-24 01:06:50,798 | INFO | model_trainers.mobile_vit_trainer | Epoch [17/500] | Train Acc: 51.6% | Val Acc: 48.9% | Val Loss: 0.7303
2026-05-24 01:06:51,840 | INFO | model_trainers.mobile_vit_trainer | Epoch [18/500] | Train Acc: 51.6% | Val Acc: 48.9% | Val Loss: 0.7309
2026-05-24 01:06:52,885 | INFO | model_trainers.mobile_vit_trainer | Epoch [19/500] | Train Acc: 55.5% | Val Acc: 47.7% | Val Loss: 0.7299
2026-05-24 01:06:53,935 | INFO | model_trainers.mobile_vit_trainer | Epoch [20/500] | Train Acc: 43.8% | Val Acc: 50.0% | Val Loss: 0.7324
2026-05-24 01:06:54,976 | INFO | model_trainers.mobile_vit_trainer | Epoch [21/500] | Train Acc: 53.1% | Val Acc: 50.0% | Val Loss: 0.7328
2026-05-24 01:06:56,018 | INFO | model_trainers.mobile_vit_trainer | Epoch [22/500] | Train Acc: 53.9% | Val Acc: 51.1% | Val Loss: 0.7375
2026-05-24 01:06:57,060 | INFO | model_trainers.mobile_vit_trainer | Epoch [23/500] | Train Acc: 56.2% | Val Acc: 48.9% | Val Loss: 0.7332
2026-05-24 01:06:58,101 | INFO | model_trainers.mobile_vit_trainer | Epoch [24/500] | Train Acc: 52.3% | Val Acc: 46.6% | Val Loss: 0.7383
2026-05-24 01:06:59,144 | INFO | model_trainers.mobile_vit_trainer | Epoch [25/500] | Train Acc: 54.7% | Val Acc: 47.7% | Val Loss: 0.7357
2026-05-24 01:07:00,199 | INFO | model_trainers.mobile_vit_trainer | Epoch [26/500] | Train Acc: 45.3% | Val Acc: 47.7% | Val Loss: 0.7361
2026-05-24 01:07:01,260 | INFO | model_trainers.mobile_vit_trainer | Epoch [27/500] | Train Acc: 51.6% | Val Acc: 48.9% | Val Loss: 0.7372
2026-05-24 01:07:02,302 | INFO | model_trainers.mobile_vit_trainer | Epoch [28/500] | Train Acc: 50.0% | Val Acc: 48.9% | Val Loss: 0.7417
2026-05-24 01:07:03,343 | INFO | model_trainers.mobile_vit_trainer | Epoch [29/500] | Train Acc: 50.0% | Val Acc: 45.5% | Val Loss: 0.7464
2026-05-24 01:07:04,388 | INFO | model_trainers.mobile_vit_trainer | Epoch [30/500] | Train Acc: 46.1% | Val Acc: 45.5% | Val Loss: 0.7504
2026-05-24 01:07:05,430 | INFO | model_trainers.mobile_vit_trainer | Epoch [31/500] | Train Acc: 60.2% | Val Acc: 43.2% | Val Loss: 0.7510
2026-05-24 01:07:06,482 | INFO | model_trainers.mobile_vit_trainer | Epoch [32/500] | Train Acc: 44.5% | Val Acc: 42.0% | Val Loss: 0.7505
2026-05-24 01:07:07,526 | INFO | model_trainers.mobile_vit_trainer | Epoch [33/500] | Train Acc: 53.1% | Val Acc: 40.9% | Val Loss: 0.7483
2026-05-24 01:07:08,567 | INFO | model_trainers.mobile_vit_trainer | Epoch [34/500] | Train Acc: 49.2% | Val Acc: 44.3% | Val Loss: 0.7458
2026-05-24 01:07:09,610 | INFO | model_trainers.mobile_vit_trainer | Epoch [35/500] | Train Acc: 58.6% | Val Acc: 46.6% | Val Loss: 0.7452
2026-05-24 01:07:10,655 | INFO | model_trainers.mobile_vit_trainer | Epoch [36/500] | Train Acc: 54.7% | Val Acc: 45.5% | Val Loss: 0.7465
2026-05-24 01:07:11,695 | INFO | model_trainers.mobile_vit_trainer | Epoch [37/500] | Train Acc: 52.3% | Val Acc: 47.7% | Val Loss: 0.7456
2026-05-24 01:07:12,737 | INFO | model_trainers.mobile_vit_trainer | Epoch [38/500] | Train Acc: 52.3% | Val Acc: 44.3% | Val Loss: 0.7425
2026-05-24 01:07:13,783 | INFO | model_trainers.mobile_vit_trainer | Epoch [39/500] | Train Acc: 56.2% | Val Acc: 47.7% | Val Loss: 0.7394
2026-05-24 01:07:14,825 | INFO | model_trainers.mobile_vit_trainer | Epoch [40/500] | Train Acc: 54.7% | Val Acc: 43.2% | Val Loss: 0.7423
2026-05-24 01:07:15,869 | INFO | model_trainers.mobile_vit_trainer | Epoch [41/500] | Train Acc: 60.2% | Val Acc: 46.6% | Val Loss: 0.7427
2026-05-24 01:07:16,915 | INFO | model_trainers.mobile_vit_trainer | Epoch [42/500] | Train Acc: 46.1% | Val Acc: 50.0% | Val Loss: 0.7348
2026-05-24 01:07:17,957 | INFO | model_trainers.mobile_vit_trainer | Epoch [43/500] | Train Acc: 52.3% | Val Acc: 51.1% | Val Loss: 0.7277
2026-05-24 01:07:19,000 | INFO | model_trainers.mobile_vit_trainer | Epoch [44/500] | Train Acc: 56.2% | Val Acc: 51.1% | Val Loss: 0.7288
2026-05-24 01:07:20,046 | INFO | model_trainers.mobile_vit_trainer | Epoch [45/500] | Train Acc: 54.7% | Val Acc: 46.6% | Val Loss: 0.7324
2026-05-24 01:07:21,111 | INFO | model_trainers.mobile_vit_trainer | Epoch [46/500] | Train Acc: 47.7% | Val Acc: 48.9% | Val Loss: 0.7333
2026-05-24 01:07:21,111 | INFO | model_trainers.mobile_vit_trainer | Early stop at epoch 46 (no val-loss improvement for 40 epochs; best=0.6836)
2026-05-24 01:07:21,528 | INFO | evaluators.monte_carlo_evaluator | -> Fold 02 Result | Acc=0.500 Sens=0.625 Spec=0.250 AUROC=0.531
2026-05-24 01:07:21,529 | INFO | evaluators.monte_carlo_evaluator | === Fold 03/30 | train: 23 subj / 133 windows | test: 11 subj / 96 windows ===
2026-05-24 01:07:21,906 | INFO | httpx | HTTP Request: HEAD https://huggingface.co/apple/mobilevit-small/resolve/main/config.json "HTTP/1.1 307 Temporary Redirect"
2026-05-24 01:07:21,923 | INFO | httpx | HTTP Request: HEAD https://huggingface.co/api/resolve-cache/models/apple/mobilevit-small/6c8612545dc98676d27bc518fa521d9e9af23e34/config.json "HTTP/1.1 200 OK"
2026-05-24 01:07:22,179 | INFO | httpx | HTTP Request: HEAD https://huggingface.co/apple/mobilevit-small/resolve/main/model.safetensors "HTTP/1.1 404 Not Found"
2026-05-24 01:07:22,382 | INFO | httpx | HTTP Request: HEAD https://huggingface.co/apple/mobilevit-small/resolve/main/model.safetensors.index.json "HTTP/1.1 404 Not Found"
2026-05-24 01:07:22,590 | INFO | httpx | HTTP Request: HEAD https://huggingface.co/apple/mobilevit-small/resolve/main/pytorch_model.bin "HTTP/1.1 302 Found"
2026-05-24 01:07:22,797 | INFO | httpx | HTTP Request: HEAD https://huggingface.co/apple/mobilevit-small/resolve/main/model.safetensors "HTTP/1.1 404 Not Found"
2026-05-24 01:07:23,021 | INFO | httpx | HTTP Request: GET https://huggingface.co/api/models/apple/mobilevit-small "HTTP/1.1 200 OK"
2026-05-24 01:07:23,277 | INFO | httpx | HTTP Request: GET https://huggingface.co/api/models/apple/mobilevit-small/commits/main "HTTP/1.1 200 OK"
2026-05-24 01:07:23,500 | INFO | httpx | HTTP Request: GET https://huggingface.co/api/models/apple/mobilevit-small/discussions?p=0 "HTTP/1.1 200 OK"
2026-05-24 01:07:23,722 | INFO | httpx | HTTP Request: GET https://huggingface.co/api/models/apple/mobilevit-small/commits/refs%2Fpr%2F6 "HTTP/1.1 200 OK"
2026-05-24 01:07:23,926 | INFO | httpx | HTTP Request: HEAD https://huggingface.co/apple/mobilevit-small/resolve/refs%2Fpr%2F6/model.safetensors.index.json "HTTP/1.1 404 Not Found"
2026-05-24 01:07:24,146 | INFO | httpx | HTTP Request: HEAD https://huggingface.co/apple/mobilevit-small/resolve/refs%2Fpr%2F6/model.safetensors "HTTP/1.1 302 Found"
2026-05-24 01:07:24,312 | INFO | model_trainers.mobile_vit_trainer | Epoch [01/500] | Train Acc: 46.1% | Val Acc: 43.8% | Val Loss: 0.7548
2026-05-24 01:07:24,408 | INFO | model_trainers.mobile_vit_trainer |   ↳ new best val loss; saved checkpoint: /home/leggo/AIResearch/VOGBasedMCIDetectionSystemMobileViTSingleExperimentInference/outputs/checkpoints/run_20260524_010543/fold_02_best.pth
2026-05-24 01:07:25,517 | INFO | model_trainers.mobile_vit_trainer | Epoch [02/500] | Train Acc: 50.0% | Val Acc: 32.3% | Val Loss: 0.7796
2026-05-24 01:07:26,597 | INFO | model_trainers.mobile_vit_trainer | Epoch [03/500] | Train Acc: 46.9% | Val Acc: 40.6% | Val Loss: 0.7749
2026-05-24 01:07:27,672 | INFO | model_trainers.mobile_vit_trainer | Epoch [04/500] | Train Acc: 55.5% | Val Acc: 42.7% | Val Loss: 0.7644
2026-05-24 01:07:28,747 | INFO | model_trainers.mobile_vit_trainer | Epoch [05/500] | Train Acc: 46.1% | Val Acc: 47.9% | Val Loss: 0.7285
2026-05-24 01:07:28,856 | INFO | model_trainers.mobile_vit_trainer |   ↳ new best val loss; saved checkpoint: /home/leggo/AIResearch/VOGBasedMCIDetectionSystemMobileViTSingleExperimentInference/outputs/checkpoints/run_20260524_010543/fold_02_best.pth
2026-05-24 01:07:29,931 | INFO | model_trainers.mobile_vit_trainer | Epoch [06/500] | Train Acc: 46.9% | Val Acc: 53.1% | Val Loss: 0.6946
2026-05-24 01:07:30,043 | INFO | model_trainers.mobile_vit_trainer |   ↳ new best val loss; saved checkpoint: /home/leggo/AIResearch/VOGBasedMCIDetectionSystemMobileViTSingleExperimentInference/outputs/checkpoints/run_20260524_010543/fold_02_best.pth
2026-05-24 01:07:31,115 | INFO | model_trainers.mobile_vit_trainer | Epoch [07/500] | Train Acc: 50.8% | Val Acc: 57.3% | Val Loss: 0.6775
2026-05-24 01:07:31,223 | INFO | model_trainers.mobile_vit_trainer |   ↳ new best val loss; saved checkpoint: /home/leggo/AIResearch/VOGBasedMCIDetectionSystemMobileViTSingleExperimentInference/outputs/checkpoints/run_20260524_010543/fold_02_best.pth
2026-05-24 01:07:32,293 | INFO | model_trainers.mobile_vit_trainer | Epoch [08/500] | Train Acc: 41.4% | Val Acc: 57.3% | Val Loss: 0.6804
2026-05-24 01:07:33,360 | INFO | model_trainers.mobile_vit_trainer | Epoch [09/500] | Train Acc: 49.2% | Val Acc: 56.2% | Val Loss: 0.6866
2026-05-24 01:07:34,445 | INFO | model_trainers.mobile_vit_trainer | Epoch [10/500] | Train Acc: 45.3% | Val Acc: 56.2% | Val Loss: 0.6878
2026-05-24 01:07:35,507 | INFO | model_trainers.mobile_vit_trainer | Epoch [11/500] | Train Acc: 46.9% | Val Acc: 55.2% | Val Loss: 0.6861
2026-05-24 01:07:36,567 | INFO | model_trainers.mobile_vit_trainer | Epoch [12/500] | Train Acc: 46.1% | Val Acc: 53.1% | Val Loss: 0.6852
2026-05-24 01:07:37,625 | INFO | model_trainers.mobile_vit_trainer | Epoch [13/500] | Train Acc: 45.3% | Val Acc: 56.2% | Val Loss: 0.6929
2026-05-24 01:07:38,685 | INFO | model_trainers.mobile_vit_trainer | Epoch [14/500] | Train Acc: 49.2% | Val Acc: 55.2% | Val Loss: 0.6996
2026-05-24 01:07:39,753 | INFO | model_trainers.mobile_vit_trainer | Epoch [15/500] | Train Acc: 48.4% | Val Acc: 57.3% | Val Loss: 0.7014
2026-05-24 01:07:40,816 | INFO | model_trainers.mobile_vit_trainer | Epoch [16/500] | Train Acc: 47.7% | Val Acc: 56.2% | Val Loss: 0.7014
2026-05-24 01:07:41,879 | INFO | model_trainers.mobile_vit_trainer | Epoch [17/500] | Train Acc: 48.4% | Val Acc: 57.3% | Val Loss: 0.6984
2026-05-24 01:07:42,942 | INFO | model_trainers.mobile_vit_trainer | Epoch [18/500] | Train Acc: 50.0% | Val Acc: 56.2% | Val Loss: 0.7015
2026-05-24 01:07:44,004 | INFO | model_trainers.mobile_vit_trainer | Epoch [19/500] | Train Acc: 52.3% | Val Acc: 58.3% | Val Loss: 0.6984
2026-05-24 01:07:45,060 | INFO | model_trainers.mobile_vit_trainer | Epoch [20/500] | Train Acc: 47.7% | Val Acc: 57.3% | Val Loss: 0.6913
2026-05-24 01:07:46,121 | INFO | model_trainers.mobile_vit_trainer | Epoch [21/500] | Train Acc: 46.9% | Val Acc: 60.4% | Val Loss: 0.6883
2026-05-24 01:07:47,186 | INFO | model_trainers.mobile_vit_trainer | Epoch [22/500] | Train Acc: 53.1% | Val Acc: 59.4% | Val Loss: 0.6905
2026-05-24 01:07:48,251 | INFO | model_trainers.mobile_vit_trainer | Epoch [23/500] | Train Acc: 46.1% | Val Acc: 58.3% | Val Loss: 0.6908
2026-05-24 01:07:49,309 | INFO | model_trainers.mobile_vit_trainer | Epoch [24/500] | Train Acc: 43.0% | Val Acc: 60.4% | Val Loss: 0.6965
2026-05-24 01:07:50,377 | INFO | model_trainers.mobile_vit_trainer | Epoch [25/500] | Train Acc: 45.3% | Val Acc: 57.3% | Val Loss: 0.7024
2026-05-24 01:07:51,462 | INFO | model_trainers.mobile_vit_trainer | Epoch [26/500] | Train Acc: 52.3% | Val Acc: 57.3% | Val Loss: 0.7030
2026-05-24 01:07:52,546 | INFO | model_trainers.mobile_vit_trainer | Epoch [27/500] | Train Acc: 50.0% | Val Acc: 58.3% | Val Loss: 0.6981
2026-05-24 01:07:53,613 | INFO | model_trainers.mobile_vit_trainer | Epoch [28/500] | Train Acc: 50.0% | Val Acc: 58.3% | Val Loss: 0.6967
2026-05-24 01:07:54,676 | INFO | model_trainers.mobile_vit_trainer | Epoch [29/500] | Train Acc: 50.8% | Val Acc: 57.3% | Val Loss: 0.6940
2026-05-24 01:07:55,742 | INFO | model_trainers.mobile_vit_trainer | Epoch [30/500] | Train Acc: 53.9% | Val Acc: 57.3% | Val Loss: 0.6920
2026-05-24 01:07:56,817 | INFO | model_trainers.mobile_vit_trainer | Epoch [31/500] | Train Acc: 43.8% | Val Acc: 57.3% | Val Loss: 0.6896
2026-05-24 01:07:57,886 | INFO | model_trainers.mobile_vit_trainer | Epoch [32/500] | Train Acc: 55.5% | Val Acc: 57.3% | Val Loss: 0.6895
2026-05-24 01:07:58,949 | INFO | model_trainers.mobile_vit_trainer | Epoch [33/500] | Train Acc: 47.7% | Val Acc: 58.3% | Val Loss: 0.6864
2026-05-24 01:08:00,000 | INFO | model_trainers.mobile_vit_trainer | Epoch [34/500] | Train Acc: 57.0% | Val Acc: 57.3% | Val Loss: 0.6788
2026-05-24 01:08:01,054 | INFO | model_trainers.mobile_vit_trainer | Epoch [35/500] | Train Acc: 51.6% | Val Acc: 57.3% | Val Loss: 0.6766
2026-05-24 01:08:01,167 | INFO | model_trainers.mobile_vit_trainer |   ↳ new best val loss; saved checkpoint: /home/leggo/AIResearch/VOGBasedMCIDetectionSystemMobileViTSingleExperimentInference/outputs/checkpoints/run_20260524_010543/fold_02_best.pth
2026-05-24 01:08:02,228 | INFO | model_trainers.mobile_vit_trainer | Epoch [36/500] | Train Acc: 60.9% | Val Acc: 57.3% | Val Loss: 0.6807
2026-05-24 01:08:03,277 | INFO | model_trainers.mobile_vit_trainer | Epoch [37/500] | Train Acc: 49.2% | Val Acc: 57.3% | Val Loss: 0.6875
2026-05-24 01:08:04,334 | INFO | model_trainers.mobile_vit_trainer | Epoch [38/500] | Train Acc: 46.1% | Val Acc: 59.4% | Val Loss: 0.6943
2026-05-24 01:08:05,390 | INFO | model_trainers.mobile_vit_trainer | Epoch [39/500] | Train Acc: 47.7% | Val Acc: 60.4% | Val Loss: 0.6936
2026-05-24 01:08:06,458 | INFO | model_trainers.mobile_vit_trainer | Epoch [40/500] | Train Acc: 52.3% | Val Acc: 59.4% | Val Loss: 0.7012
2026-05-24 01:08:07,516 | INFO | model_trainers.mobile_vit_trainer | Epoch [41/500] | Train Acc: 54.7% | Val Acc: 61.5% | Val Loss: 0.7027
2026-05-24 01:08:08,569 | INFO | model_trainers.mobile_vit_trainer | Epoch [42/500] | Train Acc: 53.1% | Val Acc: 58.3% | Val Loss: 0.7044
2026-05-24 01:08:09,624 | INFO | model_trainers.mobile_vit_trainer | Epoch [43/500] | Train Acc: 55.5% | Val Acc: 58.3% | Val Loss: 0.7054
2026-05-24 01:08:10,671 | INFO | model_trainers.mobile_vit_trainer | Epoch [44/500] | Train Acc: 52.3% | Val Acc: 57.3% | Val Loss: 0.7057
2026-05-24 01:08:11,724 | INFO | model_trainers.mobile_vit_trainer | Epoch [45/500] | Train Acc: 54.7% | Val Acc: 55.2% | Val Loss: 0.7060
2026-05-24 01:08:12,776 | INFO | model_trainers.mobile_vit_trainer | Epoch [46/500] | Train Acc: 53.1% | Val Acc: 54.2% | Val Loss: 0.7091
2026-05-24 01:08:13,833 | INFO | model_trainers.mobile_vit_trainer | Epoch [47/500] | Train Acc: 51.6% | Val Acc: 55.2% | Val Loss: 0.7091
2026-05-24 01:08:14,887 | INFO | model_trainers.mobile_vit_trainer | Epoch [48/500] | Train Acc: 51.6% | Val Acc: 56.2% | Val Loss: 0.7039
2026-05-24 01:08:15,937 | INFO | model_trainers.mobile_vit_trainer | Epoch [49/500] | Train Acc: 61.7% | Val Acc: 57.3% | Val Loss: 0.6962
2026-05-24 01:08:16,988 | INFO | model_trainers.mobile_vit_trainer | Epoch [50/500] | Train Acc: 56.2% | Val Acc: 56.2% | Val Loss: 0.6978
2026-05-24 01:08:18,036 | INFO | model_trainers.mobile_vit_trainer | Epoch [51/500] | Train Acc: 58.6% | Val Acc: 56.2% | Val Loss: 0.6995
2026-05-24 01:08:19,084 | INFO | model_trainers.mobile_vit_trainer | Epoch [52/500] | Train Acc: 57.8% | Val Acc: 57.3% | Val Loss: 0.6984
2026-05-24 01:08:20,135 | INFO | model_trainers.mobile_vit_trainer | Epoch [53/500] | Train Acc: 46.9% | Val Acc: 57.3% | Val Loss: 0.6969
2026-05-24 01:08:21,185 | INFO | model_trainers.mobile_vit_trainer | Epoch [54/500] | Train Acc: 53.9% | Val Acc: 58.3% | Val Loss: 0.6990
2026-05-24 01:08:22,231 | INFO | model_trainers.mobile_vit_trainer | Epoch [55/500] | Train Acc: 46.9% | Val Acc: 58.3% | Val Loss: 0.6964
2026-05-24 01:08:23,281 | INFO | model_trainers.mobile_vit_trainer | Epoch [56/500] | Train Acc: 56.2% | Val Acc: 58.3% | Val Loss: 0.6922
2026-05-24 01:08:24,332 | INFO | model_trainers.mobile_vit_trainer | Epoch [57/500] | Train Acc: 54.7% | Val Acc: 59.4% | Val Loss: 0.6915
2026-05-24 01:08:25,387 | INFO | model_trainers.mobile_vit_trainer | Epoch [58/500] | Train Acc: 50.8% | Val Acc: 58.3% | Val Loss: 0.6955
2026-05-24 01:08:26,442 | INFO | model_trainers.mobile_vit_trainer | Epoch [59/500] | Train Acc: 53.9% | Val Acc: 57.3% | Val Loss: 0.6960
2026-05-24 01:08:27,492 | INFO | model_trainers.mobile_vit_trainer | Epoch [60/500] | Train Acc: 45.3% | Val Acc: 59.4% | Val Loss: 0.6892
2026-05-24 01:08:28,546 | INFO | model_trainers.mobile_vit_trainer | Epoch [61/500] | Train Acc: 50.8% | Val Acc: 58.3% | Val Loss: 0.6877
2026-05-24 01:08:29,596 | INFO | model_trainers.mobile_vit_trainer | Epoch [62/500] | Train Acc: 53.1% | Val Acc: 57.3% | Val Loss: 0.6869
2026-05-24 01:08:30,648 | INFO | model_trainers.mobile_vit_trainer | Epoch [63/500] | Train Acc: 59.4% | Val Acc: 58.3% | Val Loss: 0.6798
2026-05-24 01:08:31,699 | INFO | model_trainers.mobile_vit_trainer | Epoch [64/500] | Train Acc: 56.2% | Val Acc: 57.3% | Val Loss: 0.6770
2026-05-24 01:08:32,749 | INFO | model_trainers.mobile_vit_trainer | Epoch [65/500] | Train Acc: 57.8% | Val Acc: 56.2% | Val Loss: 0.6764
2026-05-24 01:08:32,874 | INFO | model_trainers.mobile_vit_trainer |   ↳ new best val loss; saved checkpoint: /home/leggo/AIResearch/VOGBasedMCIDetectionSystemMobileViTSingleExperimentInference/outputs/checkpoints/run_20260524_010543/fold_02_best.pth
2026-05-24 01:08:33,927 | INFO | model_trainers.mobile_vit_trainer | Epoch [66/500] | Train Acc: 56.2% | Val Acc: 57.3% | Val Loss: 0.6799
2026-05-24 01:08:34,977 | INFO | model_trainers.mobile_vit_trainer | Epoch [67/500] | Train Acc: 55.5% | Val Acc: 57.3% | Val Loss: 0.6904
2026-05-24 01:08:36,028 | INFO | model_trainers.mobile_vit_trainer | Epoch [68/500] | Train Acc: 56.2% | Val Acc: 58.3% | Val Loss: 0.7052
2026-05-24 01:08:37,081 | INFO | model_trainers.mobile_vit_trainer | Epoch [69/500] | Train Acc: 50.0% | Val Acc: 59.4% | Val Loss: 0.7085
2026-05-24 01:08:38,140 | INFO | model_trainers.mobile_vit_trainer | Epoch [70/500] | Train Acc: 56.2% | Val Acc: 56.2% | Val Loss: 0.7091
2026-05-24 01:08:39,288 | INFO | model_trainers.mobile_vit_trainer | Epoch [71/500] | Train Acc: 59.4% | Val Acc: 54.2% | Val Loss: 0.7054
2026-05-24 01:08:40,346 | INFO | model_trainers.mobile_vit_trainer | Epoch [72/500] | Train Acc: 55.5% | Val Acc: 57.3% | Val Loss: 0.7004
2026-05-24 01:08:41,401 | INFO | model_trainers.mobile_vit_trainer | Epoch [73/500] | Train Acc: 57.0% | Val Acc: 55.2% | Val Loss: 0.7005
2026-05-24 01:08:42,451 | INFO | model_trainers.mobile_vit_trainer | Epoch [74/500] | Train Acc: 63.3% | Val Acc: 56.2% | Val Loss: 0.7085
2026-05-24 01:08:43,501 | INFO | model_trainers.mobile_vit_trainer | Epoch [75/500] | Train Acc: 53.9% | Val Acc: 51.0% | Val Loss: 0.7137
2026-05-24 01:08:44,549 | INFO | model_trainers.mobile_vit_trainer | Epoch [76/500] | Train Acc: 59.4% | Val Acc: 53.1% | Val Loss: 0.7131
2026-05-24 01:08:45,596 | INFO | model_trainers.mobile_vit_trainer | Epoch [77/500] | Train Acc: 57.0% | Val Acc: 56.2% | Val Loss: 0.7112
2026-05-24 01:08:46,648 | INFO | model_trainers.mobile_vit_trainer | Epoch [78/500] | Train Acc: 53.1% | Val Acc: 55.2% | Val Loss: 0.7090
2026-05-24 01:08:47,702 | INFO | model_trainers.mobile_vit_trainer | Epoch [79/500] | Train Acc: 54.7% | Val Acc: 55.2% | Val Loss: 0.7065
2026-05-24 01:08:48,753 | INFO | model_trainers.mobile_vit_trainer | Epoch [80/500] | Train Acc: 57.8% | Val Acc: 58.3% | Val Loss: 0.6964
2026-05-24 01:08:49,808 | INFO | model_trainers.mobile_vit_trainer | Epoch [81/500] | Train Acc: 60.9% | Val Acc: 60.4% | Val Loss: 0.6854
2026-05-24 01:08:50,864 | INFO | model_trainers.mobile_vit_trainer | Epoch [82/500] | Train Acc: 59.4% | Val Acc: 60.4% | Val Loss: 0.6795
2026-05-24 01:08:51,926 | INFO | model_trainers.mobile_vit_trainer | Epoch [83/500] | Train Acc: 53.9% | Val Acc: 60.4% | Val Loss: 0.6893
2026-05-24 01:08:52,987 | INFO | model_trainers.mobile_vit_trainer | Epoch [84/500] | Train Acc: 56.2% | Val Acc: 55.2% | Val Loss: 0.7011
2026-05-24 01:08:54,043 | INFO | model_trainers.mobile_vit_trainer | Epoch [85/500] | Train Acc: 53.9% | Val Acc: 53.1% | Val Loss: 0.7078
2026-05-24 01:08:55,096 | INFO | model_trainers.mobile_vit_trainer | Epoch [86/500] | Train Acc: 55.5% | Val Acc: 52.1% | Val Loss: 0.7153
2026-05-24 01:08:56,163 | INFO | model_trainers.mobile_vit_trainer | Epoch [87/500] | Train Acc: 57.8% | Val Acc: 55.2% | Val Loss: 0.7208
2026-05-24 01:08:57,223 | INFO | model_trainers.mobile_vit_trainer | Epoch [88/500] | Train Acc: 67.2% | Val Acc: 54.2% | Val Loss: 0.7187
2026-05-24 01:08:58,285 | INFO | model_trainers.mobile_vit_trainer | Epoch [89/500] | Train Acc: 61.7% | Val Acc: 53.1% | Val Loss: 0.7131
2026-05-24 01:08:59,341 | INFO | model_trainers.mobile_vit_trainer | Epoch [90/500] | Train Acc: 57.8% | Val Acc: 55.2% | Val Loss: 0.7122
2026-05-24 01:09:00,403 | INFO | model_trainers.mobile_vit_trainer | Epoch [91/500] | Train Acc: 65.6% | Val Acc: 56.2% | Val Loss: 0.7128
2026-05-24 01:09:01,463 | INFO | model_trainers.mobile_vit_trainer | Epoch [92/500] | Train Acc: 62.5% | Val Acc: 57.3% | Val Loss: 0.7084
2026-05-24 01:09:02,519 | INFO | model_trainers.mobile_vit_trainer | Epoch [93/500] | Train Acc: 55.5% | Val Acc: 56.2% | Val Loss: 0.7044
2026-05-24 01:09:03,575 | INFO | model_trainers.mobile_vit_trainer | Epoch [94/500] | Train Acc: 63.3% | Val Acc: 55.2% | Val Loss: 0.7042
2026-05-24 01:09:04,636 | INFO | model_trainers.mobile_vit_trainer | Epoch [95/500] | Train Acc: 53.1% | Val Acc: 56.2% | Val Loss: 0.7006
2026-05-24 01:09:05,690 | INFO | model_trainers.mobile_vit_trainer | Epoch [96/500] | Train Acc: 58.6% | Val Acc: 55.2% | Val Loss: 0.6990
2026-05-24 01:09:06,754 | INFO | model_trainers.mobile_vit_trainer | Epoch [97/500] | Train Acc: 56.2% | Val Acc: 54.2% | Val Loss: 0.7071
2026-05-24 01:09:07,813 | INFO | model_trainers.mobile_vit_trainer | Epoch [98/500] | Train Acc: 63.3% | Val Acc: 52.1% | Val Loss: 0.7196
2026-05-24 01:09:08,895 | INFO | model_trainers.mobile_vit_trainer | Epoch [99/500] | Train Acc: 59.4% | Val Acc: 49.0% | Val Loss: 0.7268
2026-05-24 01:09:09,958 | INFO | model_trainers.mobile_vit_trainer | Epoch [100/500] | Train Acc: 56.2% | Val Acc: 51.0% | Val Loss: 0.7285
2026-05-24 01:09:11,024 | INFO | model_trainers.mobile_vit_trainer | Epoch [101/500] | Train Acc: 56.2% | Val Acc: 53.1% | Val Loss: 0.7269
2026-05-24 01:09:12,082 | INFO | model_trainers.mobile_vit_trainer | Epoch [102/500] | Train Acc: 53.1% | Val Acc: 50.0% | Val Loss: 0.7226
2026-05-24 01:09:13,149 | INFO | model_trainers.mobile_vit_trainer | Epoch [103/500] | Train Acc: 63.3% | Val Acc: 49.0% | Val Loss: 0.7195
2026-05-24 01:09:14,204 | INFO | model_trainers.mobile_vit_trainer | Epoch [104/500] | Train Acc: 60.9% | Val Acc: 49.0% | Val Loss: 0.7117
2026-05-24 01:09:15,269 | INFO | model_trainers.mobile_vit_trainer | Epoch [105/500] | Train Acc: 66.4% | Val Acc: 50.0% | Val Loss: 0.7124
2026-05-24 01:09:15,269 | INFO | model_trainers.mobile_vit_trainer | Early stop at epoch 105 (no val-loss improvement for 40 epochs; best=0.6764)
2026-05-24 01:09:15,655 | INFO | evaluators.monte_carlo_evaluator | -> Fold 03 Result | Acc=0.583 Sens=0.400 Spec=0.714 AUROC=0.486
2026-05-24 01:09:15,656 | INFO | evaluators.monte_carlo_evaluator | === Fold 04/30 | train: 23 subj / 153 windows | test: 11 subj / 76 windows ===
2026-05-24 01:09:15,906 | INFO | httpx | HTTP Request: HEAD https://huggingface.co/apple/mobilevit-small/resolve/main/config.json "HTTP/1.1 307 Temporary Redirect"
2026-05-24 01:09:15,925 | INFO | httpx | HTTP Request: HEAD https://huggingface.co/api/resolve-cache/models/apple/mobilevit-small/6c8612545dc98676d27bc518fa521d9e9af23e34/config.json "HTTP/1.1 200 OK"
2026-05-24 01:09:16,203 | INFO | httpx | HTTP Request: HEAD https://huggingface.co/apple/mobilevit-small/resolve/main/model.safetensors "HTTP/1.1 404 Not Found"
2026-05-24 01:09:16,417 | INFO | httpx | HTTP Request: HEAD https://huggingface.co/apple/mobilevit-small/resolve/main/model.safetensors.index.json "HTTP/1.1 404 Not Found"
2026-05-24 01:09:16,637 | INFO | httpx | HTTP Request: HEAD https://huggingface.co/apple/mobilevit-small/resolve/main/pytorch_model.bin "HTTP/1.1 302 Found"
2026-05-24 01:09:16,852 | INFO | httpx | HTTP Request: HEAD https://huggingface.co/apple/mobilevit-small/resolve/main/model.safetensors "HTTP/1.1 404 Not Found"
2026-05-24 01:09:17,075 | INFO | httpx | HTTP Request: GET https://huggingface.co/api/models/apple/mobilevit-small "HTTP/1.1 200 OK"
2026-05-24 01:09:17,407 | INFO | httpx | HTTP Request: GET https://huggingface.co/api/models/apple/mobilevit-small/commits/main "HTTP/1.1 200 OK"
2026-05-24 01:09:17,647 | INFO | httpx | HTTP Request: GET https://huggingface.co/api/models/apple/mobilevit-small/discussions?p=0 "HTTP/1.1 200 OK"
2026-05-24 01:09:17,878 | INFO | httpx | HTTP Request: GET https://huggingface.co/api/models/apple/mobilevit-small/commits/refs%2Fpr%2F6 "HTTP/1.1 200 OK"
2026-05-24 01:09:18,105 | INFO | httpx | HTTP Request: HEAD https://huggingface.co/apple/mobilevit-small/resolve/refs%2Fpr%2F6/model.safetensors.index.json "HTTP/1.1 404 Not Found"
2026-05-24 01:09:18,321 | INFO | httpx | HTTP Request: HEAD https://huggingface.co/apple/mobilevit-small/resolve/refs%2Fpr%2F6/model.safetensors "HTTP/1.1 302 Found"
2026-05-24 01:09:18,510 | INFO | model_trainers.mobile_vit_trainer | Epoch [01/500] | Train Acc: 53.1% | Val Acc: 39.5% | Val Loss: 1.0448
2026-05-24 01:09:18,599 | INFO | model_trainers.mobile_vit_trainer |   ↳ new best val loss; saved checkpoint: /home/leggo/AIResearch/VOGBasedMCIDetectionSystemMobileViTSingleExperimentInference/outputs/checkpoints/run_20260524_010543/fold_03_best.pth
2026-05-24 01:09:19,625 | INFO | model_trainers.mobile_vit_trainer | Epoch [02/500] | Train Acc: 51.6% | Val Acc: 39.5% | Val Loss: 0.9911
2026-05-24 01:09:19,732 | INFO | model_trainers.mobile_vit_trainer |   ↳ new best val loss; saved checkpoint: /home/leggo/AIResearch/VOGBasedMCIDetectionSystemMobileViTSingleExperimentInference/outputs/checkpoints/run_20260524_010543/fold_03_best.pth
2026-05-24 01:09:20,754 | INFO | model_trainers.mobile_vit_trainer | Epoch [03/500] | Train Acc: 50.8% | Val Acc: 39.5% | Val Loss: 0.9437
2026-05-24 01:09:20,857 | INFO | model_trainers.mobile_vit_trainer |   ↳ new best val loss; saved checkpoint: /home/leggo/AIResearch/VOGBasedMCIDetectionSystemMobileViTSingleExperimentInference/outputs/checkpoints/run_20260524_010543/fold_03_best.pth
2026-05-24 01:09:21,880 | INFO | model_trainers.mobile_vit_trainer | Epoch [04/500] | Train Acc: 58.6% | Val Acc: 39.5% | Val Loss: 0.9038
2026-05-24 01:09:21,984 | INFO | model_trainers.mobile_vit_trainer |   ↳ new best val loss; saved checkpoint: /home/leggo/AIResearch/VOGBasedMCIDetectionSystemMobileViTSingleExperimentInference/outputs/checkpoints/run_20260524_010543/fold_03_best.pth
2026-05-24 01:09:23,002 | INFO | model_trainers.mobile_vit_trainer | Epoch [05/500] | Train Acc: 60.9% | Val Acc: 39.5% | Val Loss: 0.8844
2026-05-24 01:09:23,108 | INFO | model_trainers.mobile_vit_trainer |   ↳ new best val loss; saved checkpoint: /home/leggo/AIResearch/VOGBasedMCIDetectionSystemMobileViTSingleExperimentInference/outputs/checkpoints/run_20260524_010543/fold_03_best.pth
2026-05-24 01:09:24,132 | INFO | model_trainers.mobile_vit_trainer | Epoch [06/500] | Train Acc: 55.5% | Val Acc: 39.5% | Val Loss: 0.8764
2026-05-24 01:09:24,244 | INFO | model_trainers.mobile_vit_trainer |   ↳ new best val loss; saved checkpoint: /home/leggo/AIResearch/VOGBasedMCIDetectionSystemMobileViTSingleExperimentInference/outputs/checkpoints/run_20260524_010543/fold_03_best.pth
2026-05-24 01:09:25,261 | INFO | model_trainers.mobile_vit_trainer | Epoch [07/500] | Train Acc: 57.8% | Val Acc: 39.5% | Val Loss: 0.8669
2026-05-24 01:09:25,366 | INFO | model_trainers.mobile_vit_trainer |   ↳ new best val loss; saved checkpoint: /home/leggo/AIResearch/VOGBasedMCIDetectionSystemMobileViTSingleExperimentInference/outputs/checkpoints/run_20260524_010543/fold_03_best.pth
2026-05-24 01:09:26,384 | INFO | model_trainers.mobile_vit_trainer | Epoch [08/500] | Train Acc: 56.2% | Val Acc: 39.5% | Val Loss: 0.8401
2026-05-24 01:09:26,488 | INFO | model_trainers.mobile_vit_trainer |   ↳ new best val loss; saved checkpoint: /home/leggo/AIResearch/VOGBasedMCIDetectionSystemMobileViTSingleExperimentInference/outputs/checkpoints/run_20260524_010543/fold_03_best.pth
2026-05-24 01:09:27,506 | INFO | model_trainers.mobile_vit_trainer | Epoch [09/500] | Train Acc: 67.2% | Val Acc: 38.2% | Val Loss: 0.8249
2026-05-24 01:09:27,611 | INFO | model_trainers.mobile_vit_trainer |   ↳ new best val loss; saved checkpoint: /home/leggo/AIResearch/VOGBasedMCIDetectionSystemMobileViTSingleExperimentInference/outputs/checkpoints/run_20260524_010543/fold_03_best.pth
2026-05-24 01:09:28,635 | INFO | model_trainers.mobile_vit_trainer | Epoch [10/500] | Train Acc: 55.5% | Val Acc: 38.2% | Val Loss: 0.8189
2026-05-24 01:09:28,740 | INFO | model_trainers.mobile_vit_trainer |   ↳ new best val loss; saved checkpoint: /home/leggo/AIResearch/VOGBasedMCIDetectionSystemMobileViTSingleExperimentInference/outputs/checkpoints/run_20260524_010543/fold_03_best.pth
2026-05-24 01:09:29,762 | INFO | model_trainers.mobile_vit_trainer | Epoch [11/500] | Train Acc: 56.2% | Val Acc: 38.2% | Val Loss: 0.8083
2026-05-24 01:09:29,874 | INFO | model_trainers.mobile_vit_trainer |   ↳ new best val loss; saved checkpoint: /home/leggo/AIResearch/VOGBasedMCIDetectionSystemMobileViTSingleExperimentInference/outputs/checkpoints/run_20260524_010543/fold_03_best.pth
2026-05-24 01:09:30,896 | INFO | model_trainers.mobile_vit_trainer | Epoch [12/500] | Train Acc: 60.2% | Val Acc: 38.2% | Val Loss: 0.8086
2026-05-24 01:09:31,925 | INFO | model_trainers.mobile_vit_trainer | Epoch [13/500] | Train Acc: 60.2% | Val Acc: 38.2% | Val Loss: 0.8043
2026-05-24 01:09:32,033 | INFO | model_trainers.mobile_vit_trainer |   ↳ new best val loss; saved checkpoint: /home/leggo/AIResearch/VOGBasedMCIDetectionSystemMobileViTSingleExperimentInference/outputs/checkpoints/run_20260524_010543/fold_03_best.pth
2026-05-24 01:09:33,053 | INFO | model_trainers.mobile_vit_trainer | Epoch [14/500] | Train Acc: 56.2% | Val Acc: 39.5% | Val Loss: 0.8040
2026-05-24 01:09:33,160 | INFO | model_trainers.mobile_vit_trainer |   ↳ new best val loss; saved checkpoint: /home/leggo/AIResearch/VOGBasedMCIDetectionSystemMobileViTSingleExperimentInference/outputs/checkpoints/run_20260524_010543/fold_03_best.pth
2026-05-24 01:09:34,180 | INFO | model_trainers.mobile_vit_trainer | Epoch [15/500] | Train Acc: 57.8% | Val Acc: 40.8% | Val Loss: 0.8093
2026-05-24 01:09:35,205 | INFO | model_trainers.mobile_vit_trainer | Epoch [16/500] | Train Acc: 54.7% | Val Acc: 43.4% | Val Loss: 0.8084
2026-05-24 01:09:36,229 | INFO | model_trainers.mobile_vit_trainer | Epoch [17/500] | Train Acc: 57.0% | Val Acc: 42.1% | Val Loss: 0.8049
2026-05-24 01:09:37,254 | INFO | model_trainers.mobile_vit_trainer | Epoch [18/500] | Train Acc: 60.9% | Val Acc: 42.1% | Val Loss: 0.8055
2026-05-24 01:09:38,273 | INFO | model_trainers.mobile_vit_trainer | Epoch [19/500] | Train Acc: 57.0% | Val Acc: 42.1% | Val Loss: 0.8056
2026-05-24 01:09:39,287 | INFO | model_trainers.mobile_vit_trainer | Epoch [20/500] | Train Acc: 58.6% | Val Acc: 44.7% | Val Loss: 0.7970
2026-05-24 01:09:39,393 | INFO | model_trainers.mobile_vit_trainer |   ↳ new best val loss; saved checkpoint: /home/leggo/AIResearch/VOGBasedMCIDetectionSystemMobileViTSingleExperimentInference/outputs/checkpoints/run_20260524_010543/fold_03_best.pth
2026-05-24 01:09:40,408 | INFO | model_trainers.mobile_vit_trainer | Epoch [21/500] | Train Acc: 61.7% | Val Acc: 43.4% | Val Loss: 0.7963
2026-05-24 01:09:40,521 | INFO | model_trainers.mobile_vit_trainer |   ↳ new best val loss; saved checkpoint: /home/leggo/AIResearch/VOGBasedMCIDetectionSystemMobileViTSingleExperimentInference/outputs/checkpoints/run_20260524_010543/fold_03_best.pth
2026-05-24 01:09:41,535 | INFO | model_trainers.mobile_vit_trainer | Epoch [22/500] | Train Acc: 60.2% | Val Acc: 40.8% | Val Loss: 0.8044
2026-05-24 01:09:42,548 | INFO | model_trainers.mobile_vit_trainer | Epoch [23/500] | Train Acc: 57.8% | Val Acc: 43.4% | Val Loss: 0.8090
2026-05-24 01:09:43,564 | INFO | model_trainers.mobile_vit_trainer | Epoch [24/500] | Train Acc: 58.6% | Val Acc: 42.1% | Val Loss: 0.8106
2026-05-24 01:09:44,582 | INFO | model_trainers.mobile_vit_trainer | Epoch [25/500] | Train Acc: 57.8% | Val Acc: 43.4% | Val Loss: 0.8116
2026-05-24 01:09:45,596 | INFO | model_trainers.mobile_vit_trainer | Epoch [26/500] | Train Acc: 60.2% | Val Acc: 48.7% | Val Loss: 0.8040
2026-05-24 01:09:46,617 | INFO | model_trainers.mobile_vit_trainer | Epoch [27/500] | Train Acc: 64.8% | Val Acc: 46.1% | Val Loss: 0.7980
2026-05-24 01:09:47,636 | INFO | model_trainers.mobile_vit_trainer | Epoch [28/500] | Train Acc: 65.6% | Val Acc: 46.1% | Val Loss: 0.7909
2026-05-24 01:09:47,741 | INFO | model_trainers.mobile_vit_trainer |   ↳ new best val loss; saved checkpoint: /home/leggo/AIResearch/VOGBasedMCIDetectionSystemMobileViTSingleExperimentInference/outputs/checkpoints/run_20260524_010543/fold_03_best.pth
2026-05-24 01:09:48,754 | INFO | model_trainers.mobile_vit_trainer | Epoch [29/500] | Train Acc: 57.0% | Val Acc: 44.7% | Val Loss: 0.7911
2026-05-24 01:09:49,771 | INFO | model_trainers.mobile_vit_trainer | Epoch [30/500] | Train Acc: 66.4% | Val Acc: 44.7% | Val Loss: 0.7933
2026-05-24 01:09:50,794 | INFO | model_trainers.mobile_vit_trainer | Epoch [31/500] | Train Acc: 60.2% | Val Acc: 44.7% | Val Loss: 0.8016
2026-05-24 01:09:51,817 | INFO | model_trainers.mobile_vit_trainer | Epoch [32/500] | Train Acc: 67.2% | Val Acc: 44.7% | Val Loss: 0.8037
2026-05-24 01:09:52,840 | INFO | model_trainers.mobile_vit_trainer | Epoch [33/500] | Train Acc: 66.4% | Val Acc: 39.5% | Val Loss: 0.8053
2026-05-24 01:09:53,863 | INFO | model_trainers.mobile_vit_trainer | Epoch [34/500] | Train Acc: 55.5% | Val Acc: 40.8% | Val Loss: 0.8053
2026-05-24 01:09:54,886 | INFO | model_trainers.mobile_vit_trainer | Epoch [35/500] | Train Acc: 63.3% | Val Acc: 43.4% | Val Loss: 0.7996
2026-05-24 01:09:55,913 | INFO | model_trainers.mobile_vit_trainer | Epoch [36/500] | Train Acc: 60.9% | Val Acc: 47.4% | Val Loss: 0.7865
2026-05-24 01:09:56,025 | INFO | model_trainers.mobile_vit_trainer |   ↳ new best val loss; saved checkpoint: /home/leggo/AIResearch/VOGBasedMCIDetectionSystemMobileViTSingleExperimentInference/outputs/checkpoints/run_20260524_010543/fold_03_best.pth
2026-05-24 01:09:57,050 | INFO | model_trainers.mobile_vit_trainer | Epoch [37/500] | Train Acc: 58.6% | Val Acc: 43.4% | Val Loss: 0.7859
2026-05-24 01:09:57,155 | INFO | model_trainers.mobile_vit_trainer |   ↳ new best val loss; saved checkpoint: /home/leggo/AIResearch/VOGBasedMCIDetectionSystemMobileViTSingleExperimentInference/outputs/checkpoints/run_20260524_010543/fold_03_best.pth
2026-05-24 01:09:58,179 | INFO | model_trainers.mobile_vit_trainer | Epoch [38/500] | Train Acc: 59.4% | Val Acc: 43.4% | Val Loss: 0.7937
2026-05-24 01:09:59,203 | INFO | model_trainers.mobile_vit_trainer | Epoch [39/500] | Train Acc: 72.7% | Val Acc: 40.8% | Val Loss: 0.7995
2026-05-24 01:10:00,226 | INFO | model_trainers.mobile_vit_trainer | Epoch [40/500] | Train Acc: 69.5% | Val Acc: 40.8% | Val Loss: 0.8041
2026-05-24 01:10:01,247 | INFO | model_trainers.mobile_vit_trainer | Epoch [41/500] | Train Acc: 71.9% | Val Acc: 42.1% | Val Loss: 0.8038
2026-05-24 01:10:02,274 | INFO | model_trainers.mobile_vit_trainer | Epoch [42/500] | Train Acc: 59.4% | Val Acc: 40.8% | Val Loss: 0.8113
2026-05-24 01:10:03,300 | INFO | model_trainers.mobile_vit_trainer | Epoch [43/500] | Train Acc: 60.2% | Val Acc: 42.1% | Val Loss: 0.8166
2026-05-24 01:10:04,321 | INFO | model_trainers.mobile_vit_trainer | Epoch [44/500] | Train Acc: 66.4% | Val Acc: 39.5% | Val Loss: 0.8210
2026-05-24 01:10:05,345 | INFO | model_trainers.mobile_vit_trainer | Epoch [45/500] | Train Acc: 71.1% | Val Acc: 39.5% | Val Loss: 0.8235
2026-05-24 01:10:06,369 | INFO | model_trainers.mobile_vit_trainer | Epoch [46/500] | Train Acc: 69.5% | Val Acc: 40.8% | Val Loss: 0.8207
2026-05-24 01:10:07,396 | INFO | model_trainers.mobile_vit_trainer | Epoch [47/500] | Train Acc: 63.3% | Val Acc: 40.8% | Val Loss: 0.8155
2026-05-24 01:10:08,422 | INFO | model_trainers.mobile_vit_trainer | Epoch [48/500] | Train Acc: 65.6% | Val Acc: 43.4% | Val Loss: 0.8116
2026-05-24 01:10:09,444 | INFO | model_trainers.mobile_vit_trainer | Epoch [49/500] | Train Acc: 65.6% | Val Acc: 43.4% | Val Loss: 0.8070
2026-05-24 01:10:10,464 | INFO | model_trainers.mobile_vit_trainer | Epoch [50/500] | Train Acc: 66.4% | Val Acc: 43.4% | Val Loss: 0.7926
2026-05-24 01:10:11,485 | INFO | model_trainers.mobile_vit_trainer | Epoch [51/500] | Train Acc: 64.8% | Val Acc: 40.8% | Val Loss: 0.7992
2026-05-24 01:10:12,506 | INFO | model_trainers.mobile_vit_trainer | Epoch [52/500] | Train Acc: 68.0% | Val Acc: 40.8% | Val Loss: 0.8094
2026-05-24 01:10:13,526 | INFO | model_trainers.mobile_vit_trainer | Epoch [53/500] | Train Acc: 73.4% | Val Acc: 40.8% | Val Loss: 0.8078
2026-05-24 01:10:14,552 | INFO | model_trainers.mobile_vit_trainer | Epoch [54/500] | Train Acc: 64.8% | Val Acc: 40.8% | Val Loss: 0.8215
2026-05-24 01:10:15,576 | INFO | model_trainers.mobile_vit_trainer | Epoch [55/500] | Train Acc: 72.7% | Val Acc: 40.8% | Val Loss: 0.8261
2026-05-24 01:10:16,598 | INFO | model_trainers.mobile_vit_trainer | Epoch [56/500] | Train Acc: 65.6% | Val Acc: 42.1% | Val Loss: 0.8266
2026-05-24 01:10:17,623 | INFO | model_trainers.mobile_vit_trainer | Epoch [57/500] | Train Acc: 70.3% | Val Acc: 39.5% | Val Loss: 0.8214
2026-05-24 01:10:18,654 | INFO | model_trainers.mobile_vit_trainer | Epoch [58/500] | Train Acc: 65.6% | Val Acc: 39.5% | Val Loss: 0.8223
2026-05-24 01:10:19,679 | INFO | model_trainers.mobile_vit_trainer | Epoch [59/500] | Train Acc: 65.6% | Val Acc: 38.2% | Val Loss: 0.8250
2026-05-24 01:10:20,704 | INFO | model_trainers.mobile_vit_trainer | Epoch [60/500] | Train Acc: 67.2% | Val Acc: 38.2% | Val Loss: 0.8209
2026-05-24 01:10:21,727 | INFO | model_trainers.mobile_vit_trainer | Epoch [61/500] | Train Acc: 67.2% | Val Acc: 38.2% | Val Loss: 0.8226
2026-05-24 01:10:22,753 | INFO | model_trainers.mobile_vit_trainer | Epoch [62/500] | Train Acc: 73.4% | Val Acc: 40.8% | Val Loss: 0.8133
2026-05-24 01:10:23,779 | INFO | model_trainers.mobile_vit_trainer | Epoch [63/500] | Train Acc: 62.5% | Val Acc: 42.1% | Val Loss: 0.8208
2026-05-24 01:10:24,801 | INFO | model_trainers.mobile_vit_trainer | Epoch [64/500] | Train Acc: 69.5% | Val Acc: 40.8% | Val Loss: 0.8199
2026-05-24 01:10:25,824 | INFO | model_trainers.mobile_vit_trainer | Epoch [65/500] | Train Acc: 75.0% | Val Acc: 40.8% | Val Loss: 0.8189
2026-05-24 01:10:26,845 | INFO | model_trainers.mobile_vit_trainer | Epoch [66/500] | Train Acc: 73.4% | Val Acc: 40.8% | Val Loss: 0.8194
2026-05-24 01:10:27,870 | INFO | model_trainers.mobile_vit_trainer | Epoch [67/500] | Train Acc: 68.0% | Val Acc: 40.8% | Val Loss: 0.8256
2026-05-24 01:10:28,893 | INFO | model_trainers.mobile_vit_trainer | Epoch [68/500] | Train Acc: 65.6% | Val Acc: 42.1% | Val Loss: 0.8228
2026-05-24 01:10:29,913 | INFO | model_trainers.mobile_vit_trainer | Epoch [69/500] | Train Acc: 73.4% | Val Acc: 42.1% | Val Loss: 0.8169
2026-05-24 01:10:30,933 | INFO | model_trainers.mobile_vit_trainer | Epoch [70/500] | Train Acc: 67.2% | Val Acc: 40.8% | Val Loss: 0.8166
2026-05-24 01:10:31,956 | INFO | model_trainers.mobile_vit_trainer | Epoch [71/500] | Train Acc: 64.8% | Val Acc: 40.8% | Val Loss: 0.8150
2026-05-24 01:10:32,979 | INFO | model_trainers.mobile_vit_trainer | Epoch [72/500] | Train Acc: 70.3% | Val Acc: 40.8% | Val Loss: 0.8175
2026-05-24 01:10:34,001 | INFO | model_trainers.mobile_vit_trainer | Epoch [73/500] | Train Acc: 70.3% | Val Acc: 39.5% | Val Loss: 0.8209
2026-05-24 01:10:35,028 | INFO | model_trainers.mobile_vit_trainer | Epoch [74/500] | Train Acc: 77.3% | Val Acc: 39.5% | Val Loss: 0.8248
2026-05-24 01:10:36,047 | INFO | model_trainers.mobile_vit_trainer | Epoch [75/500] | Train Acc: 68.0% | Val Acc: 38.2% | Val Loss: 0.8273
2026-05-24 01:10:37,073 | INFO | model_trainers.mobile_vit_trainer | Epoch [76/500] | Train Acc: 64.8% | Val Acc: 39.5% | Val Loss: 0.8230
2026-05-24 01:10:38,091 | INFO | model_trainers.mobile_vit_trainer | Epoch [77/500] | Train Acc: 70.3% | Val Acc: 38.2% | Val Loss: 0.8282
2026-05-24 01:10:38,092 | INFO | model_trainers.mobile_vit_trainer | Early stop at epoch 77 (no val-loss improvement for 40 epochs; best=0.7859)
2026-05-24 01:10:38,450 | INFO | evaluators.monte_carlo_evaluator | -> Fold 04 Result | Acc=0.400 Sens=0.286 Spec=0.667 AUROC=0.524
2026-05-24 01:10:38,451 | INFO | evaluators.monte_carlo_evaluator | === Fold 05/30 | train: 23 subj / 140 windows | test: 11 subj / 89 windows ===
2026-05-24 01:10:38,706 | INFO | httpx | HTTP Request: HEAD https://huggingface.co/apple/mobilevit-small/resolve/main/config.json "HTTP/1.1 307 Temporary Redirect"
2026-05-24 01:10:38,724 | INFO | httpx | HTTP Request: HEAD https://huggingface.co/api/resolve-cache/models/apple/mobilevit-small/6c8612545dc98676d27bc518fa521d9e9af23e34/config.json "HTTP/1.1 200 OK"
2026-05-24 01:10:38,996 | INFO | httpx | HTTP Request: HEAD https://huggingface.co/apple/mobilevit-small/resolve/main/model.safetensors "HTTP/1.1 404 Not Found"
2026-05-24 01:10:39,220 | INFO | httpx | HTTP Request: HEAD https://huggingface.co/apple/mobilevit-small/resolve/main/model.safetensors.index.json "HTTP/1.1 404 Not Found"
2026-05-24 01:10:39,438 | INFO | httpx | HTTP Request: HEAD https://huggingface.co/apple/mobilevit-small/resolve/main/pytorch_model.bin "HTTP/1.1 302 Found"
2026-05-24 01:10:39,659 | INFO | httpx | HTTP Request: HEAD https://huggingface.co/apple/mobilevit-small/resolve/main/model.safetensors "HTTP/1.1 404 Not Found"
2026-05-24 01:10:39,887 | INFO | httpx | HTTP Request: GET https://huggingface.co/api/models/apple/mobilevit-small "HTTP/1.1 200 OK"
2026-05-24 01:10:40,142 | INFO | httpx | HTTP Request: GET https://huggingface.co/api/models/apple/mobilevit-small/commits/main "HTTP/1.1 200 OK"
2026-05-24 01:10:40,366 | INFO | httpx | HTTP Request: GET https://huggingface.co/api/models/apple/mobilevit-small/discussions?p=0 "HTTP/1.1 200 OK"
2026-05-24 01:10:40,604 | INFO | httpx | HTTP Request: GET https://huggingface.co/api/models/apple/mobilevit-small/commits/refs%2Fpr%2F6 "HTTP/1.1 200 OK"
2026-05-24 01:10:40,821 | INFO | httpx | HTTP Request: HEAD https://huggingface.co/apple/mobilevit-small/resolve/refs%2Fpr%2F6/model.safetensors.index.json "HTTP/1.1 404 Not Found"
2026-05-24 01:10:41,045 | INFO | httpx | HTTP Request: HEAD https://huggingface.co/apple/mobilevit-small/resolve/refs%2Fpr%2F6/model.safetensors "HTTP/1.1 302 Found"
2026-05-24 01:10:41,353 | INFO | model_trainers.mobile_vit_trainer | Epoch [01/500] | Train Acc: 50.0% | Val Acc: 50.6% | Val Loss: 0.7571
2026-05-24 01:10:41,441 | INFO | model_trainers.mobile_vit_trainer |   ↳ new best val loss; saved checkpoint: /home/leggo/AIResearch/VOGBasedMCIDetectionSystemMobileViTSingleExperimentInference/outputs/checkpoints/run_20260524_010543/fold_04_best.pth
2026-05-24 01:10:42,487 | INFO | model_trainers.mobile_vit_trainer | Epoch [02/500] | Train Acc: 46.9% | Val Acc: 50.6% | Val Loss: 0.7312
2026-05-24 01:10:42,595 | INFO | model_trainers.mobile_vit_trainer |   ↳ new best val loss; saved checkpoint: /home/leggo/AIResearch/VOGBasedMCIDetectionSystemMobileViTSingleExperimentInference/outputs/checkpoints/run_20260524_010543/fold_04_best.pth
2026-05-24 01:10:43,644 | INFO | model_trainers.mobile_vit_trainer | Epoch [03/500] | Train Acc: 59.4% | Val Acc: 51.7% | Val Loss: 0.7146
2026-05-24 01:10:43,752 | INFO | model_trainers.mobile_vit_trainer |   ↳ new best val loss; saved checkpoint: /home/leggo/AIResearch/VOGBasedMCIDetectionSystemMobileViTSingleExperimentInference/outputs/checkpoints/run_20260524_010543/fold_04_best.pth
2026-05-24 01:10:44,800 | INFO | model_trainers.mobile_vit_trainer | Epoch [04/500] | Train Acc: 55.5% | Val Acc: 49.4% | Val Loss: 0.7159
2026-05-24 01:10:45,850 | INFO | model_trainers.mobile_vit_trainer | Epoch [05/500] | Train Acc: 53.9% | Val Acc: 49.4% | Val Loss: 0.7256
2026-05-24 01:10:46,902 | INFO | model_trainers.mobile_vit_trainer | Epoch [06/500] | Train Acc: 51.6% | Val Acc: 53.9% | Val Loss: 0.7141
2026-05-24 01:10:47,012 | INFO | model_trainers.mobile_vit_trainer |   ↳ new best val loss; saved checkpoint: /home/leggo/AIResearch/VOGBasedMCIDetectionSystemMobileViTSingleExperimentInference/outputs/checkpoints/run_20260524_010543/fold_04_best.pth
2026-05-24 01:10:48,061 | INFO | model_trainers.mobile_vit_trainer | Epoch [07/500] | Train Acc: 53.1% | Val Acc: 57.3% | Val Loss: 0.6987
2026-05-24 01:10:48,170 | INFO | model_trainers.mobile_vit_trainer |   ↳ new best val loss; saved checkpoint: /home/leggo/AIResearch/VOGBasedMCIDetectionSystemMobileViTSingleExperimentInference/outputs/checkpoints/run_20260524_010543/fold_04_best.pth
2026-05-24 01:10:49,216 | INFO | model_trainers.mobile_vit_trainer | Epoch [08/500] | Train Acc: 45.3% | Val Acc: 55.1% | Val Loss: 0.6864
2026-05-24 01:10:49,325 | INFO | model_trainers.mobile_vit_trainer |   ↳ new best val loss; saved checkpoint: /home/leggo/AIResearch/VOGBasedMCIDetectionSystemMobileViTSingleExperimentInference/outputs/checkpoints/run_20260524_010543/fold_04_best.pth
2026-05-24 01:10:50,374 | INFO | model_trainers.mobile_vit_trainer | Epoch [09/500] | Train Acc: 49.2% | Val Acc: 53.9% | Val Loss: 0.6850
2026-05-24 01:10:50,484 | INFO | model_trainers.mobile_vit_trainer |   ↳ new best val loss; saved checkpoint: /home/leggo/AIResearch/VOGBasedMCIDetectionSystemMobileViTSingleExperimentInference/outputs/checkpoints/run_20260524_010543/fold_04_best.pth
2026-05-24 01:10:51,527 | INFO | model_trainers.mobile_vit_trainer | Epoch [10/500] | Train Acc: 54.7% | Val Acc: 51.7% | Val Loss: 0.6985
2026-05-24 01:10:52,573 | INFO | model_trainers.mobile_vit_trainer | Epoch [11/500] | Train Acc: 55.5% | Val Acc: 53.9% | Val Loss: 0.7071
2026-05-24 01:10:53,617 | INFO | model_trainers.mobile_vit_trainer | Epoch [12/500] | Train Acc: 51.6% | Val Acc: 51.7% | Val Loss: 0.7049
2026-05-24 01:10:54,666 | INFO | model_trainers.mobile_vit_trainer | Epoch [13/500] | Train Acc: 48.4% | Val Acc: 44.9% | Val Loss: 0.7210
2026-05-24 01:10:55,725 | INFO | model_trainers.mobile_vit_trainer | Epoch [14/500] | Train Acc: 47.7% | Val Acc: 44.9% | Val Loss: 0.7353
2026-05-24 01:10:56,770 | INFO | model_trainers.mobile_vit_trainer | Epoch [15/500] | Train Acc: 57.8% | Val Acc: 42.7% | Val Loss: 0.7365
2026-05-24 01:10:57,817 | INFO | model_trainers.mobile_vit_trainer | Epoch [16/500] | Train Acc: 53.9% | Val Acc: 39.3% | Val Loss: 0.7279
2026-05-24 01:10:58,863 | INFO | model_trainers.mobile_vit_trainer | Epoch [17/500] | Train Acc: 53.1% | Val Acc: 46.1% | Val Loss: 0.7232
2026-05-24 01:10:59,908 | INFO | model_trainers.mobile_vit_trainer | Epoch [18/500] | Train Acc: 56.2% | Val Acc: 48.3% | Val Loss: 0.7196
2026-05-24 01:11:00,956 | INFO | model_trainers.mobile_vit_trainer | Epoch [19/500] | Train Acc: 48.4% | Val Acc: 50.6% | Val Loss: 0.7178
2026-05-24 01:11:02,000 | INFO | model_trainers.mobile_vit_trainer | Epoch [20/500] | Train Acc: 47.7% | Val Acc: 53.9% | Val Loss: 0.7202
2026-05-24 01:11:03,045 | INFO | model_trainers.mobile_vit_trainer | Epoch [21/500] | Train Acc: 57.0% | Val Acc: 51.7% | Val Loss: 0.7211
2026-05-24 01:11:04,089 | INFO | model_trainers.mobile_vit_trainer | Epoch [22/500] | Train Acc: 55.5% | Val Acc: 50.6% | Val Loss: 0.7241
2026-05-24 01:11:05,133 | INFO | model_trainers.mobile_vit_trainer | Epoch [23/500] | Train Acc: 57.0% | Val Acc: 50.6% | Val Loss: 0.7271
2026-05-24 01:11:06,195 | INFO | model_trainers.mobile_vit_trainer | Epoch [24/500] | Train Acc: 54.7% | Val Acc: 50.6% | Val Loss: 0.7276
2026-05-24 01:11:07,237 | INFO | model_trainers.mobile_vit_trainer | Epoch [25/500] | Train Acc: 58.6% | Val Acc: 49.4% | Val Loss: 0.7287
2026-05-24 01:11:08,291 | INFO | model_trainers.mobile_vit_trainer | Epoch [26/500] | Train Acc: 57.8% | Val Acc: 50.6% | Val Loss: 0.7253
2026-05-24 01:11:09,334 | INFO | model_trainers.mobile_vit_trainer | Epoch [27/500] | Train Acc: 54.7% | Val Acc: 49.4% | Val Loss: 0.7154
2026-05-24 01:11:10,380 | INFO | model_trainers.mobile_vit_trainer | Epoch [28/500] | Train Acc: 58.6% | Val Acc: 51.7% | Val Loss: 0.7224
2026-05-24 01:11:11,426 | INFO | model_trainers.mobile_vit_trainer | Epoch [29/500] | Train Acc: 62.5% | Val Acc: 44.9% | Val Loss: 0.7262
2026-05-24 01:11:12,474 | INFO | model_trainers.mobile_vit_trainer | Epoch [30/500] | Train Acc: 54.7% | Val Acc: 41.6% | Val Loss: 0.7299
2026-05-24 01:11:13,519 | INFO | model_trainers.mobile_vit_trainer | Epoch [31/500] | Train Acc: 53.9% | Val Acc: 43.8% | Val Loss: 0.7202
2026-05-24 01:11:14,564 | INFO | model_trainers.mobile_vit_trainer | Epoch [32/500] | Train Acc: 56.2% | Val Acc: 46.1% | Val Loss: 0.7175
2026-05-24 01:11:15,610 | INFO | model_trainers.mobile_vit_trainer | Epoch [33/500] | Train Acc: 56.2% | Val Acc: 44.9% | Val Loss: 0.7251
2026-05-24 01:11:16,655 | INFO | model_trainers.mobile_vit_trainer | Epoch [34/500] | Train Acc: 56.2% | Val Acc: 48.3% | Val Loss: 0.7275
2026-05-24 01:11:17,704 | INFO | model_trainers.mobile_vit_trainer | Epoch [35/500] | Train Acc: 56.2% | Val Acc: 46.1% | Val Loss: 0.7348
2026-05-24 01:11:18,751 | INFO | model_trainers.mobile_vit_trainer | Epoch [36/500] | Train Acc: 58.6% | Val Acc: 41.6% | Val Loss: 0.7317
2026-05-24 01:11:19,800 | INFO | model_trainers.mobile_vit_trainer | Epoch [37/500] | Train Acc: 59.4% | Val Acc: 43.8% | Val Loss: 0.7247
2026-05-24 01:11:20,847 | INFO | model_trainers.mobile_vit_trainer | Epoch [38/500] | Train Acc: 62.5% | Val Acc: 44.9% | Val Loss: 0.7113
2026-05-24 01:11:21,890 | INFO | model_trainers.mobile_vit_trainer | Epoch [39/500] | Train Acc: 54.7% | Val Acc: 50.6% | Val Loss: 0.7051
2026-05-24 01:11:22,944 | INFO | model_trainers.mobile_vit_trainer | Epoch [40/500] | Train Acc: 60.2% | Val Acc: 44.9% | Val Loss: 0.7168
2026-05-24 01:11:23,986 | INFO | model_trainers.mobile_vit_trainer | Epoch [41/500] | Train Acc: 54.7% | Val Acc: 44.9% | Val Loss: 0.7246
2026-05-24 01:11:25,028 | INFO | model_trainers.mobile_vit_trainer | Epoch [42/500] | Train Acc: 61.7% | Val Acc: 42.7% | Val Loss: 0.7286
2026-05-24 01:11:26,074 | INFO | model_trainers.mobile_vit_trainer | Epoch [43/500] | Train Acc: 58.6% | Val Acc: 42.7% | Val Loss: 0.7288
2026-05-24 01:11:27,123 | INFO | model_trainers.mobile_vit_trainer | Epoch [44/500] | Train Acc: 54.7% | Val Acc: 41.6% | Val Loss: 0.7353
2026-05-24 01:11:28,177 | INFO | model_trainers.mobile_vit_trainer | Epoch [45/500] | Train Acc: 57.8% | Val Acc: 48.3% | Val Loss: 0.7452
2026-05-24 01:11:29,225 | INFO | model_trainers.mobile_vit_trainer | Epoch [46/500] | Train Acc: 58.6% | Val Acc: 46.1% | Val Loss: 0.7453
2026-05-24 01:11:30,266 | INFO | model_trainers.mobile_vit_trainer | Epoch [47/500] | Train Acc: 60.2% | Val Acc: 49.4% | Val Loss: 0.7408
2026-05-24 01:11:31,309 | INFO | model_trainers.mobile_vit_trainer | Epoch [48/500] | Train Acc: 57.8% | Val Acc: 49.4% | Val Loss: 0.7393
2026-05-24 01:11:32,356 | INFO | model_trainers.mobile_vit_trainer | Epoch [49/500] | Train Acc: 62.5% | Val Acc: 49.4% | Val Loss: 0.7390
2026-05-24 01:11:32,357 | INFO | model_trainers.mobile_vit_trainer | Early stop at epoch 49 (no val-loss improvement for 40 epochs; best=0.6850)
2026-05-24 01:11:32,729 | INFO | evaluators.monte_carlo_evaluator | -> Fold 05 Result | Acc=0.500 Sens=0.375 Spec=0.750 AUROC=0.562
2026-05-24 01:11:32,730 | INFO | evaluators.monte_carlo_evaluator | === Fold 06/30 | train: 23 subj / 164 windows | test: 11 subj / 65 windows ===
2026-05-24 01:11:32,963 | INFO | httpx | HTTP Request: HEAD https://huggingface.co/apple/mobilevit-small/resolve/main/config.json "HTTP/1.1 307 Temporary Redirect"
2026-05-24 01:11:32,979 | INFO | httpx | HTTP Request: HEAD https://huggingface.co/api/resolve-cache/models/apple/mobilevit-small/6c8612545dc98676d27bc518fa521d9e9af23e34/config.json "HTTP/1.1 200 OK"
2026-05-24 01:11:33,233 | INFO | httpx | HTTP Request: HEAD https://huggingface.co/apple/mobilevit-small/resolve/main/model.safetensors "HTTP/1.1 404 Not Found"
2026-05-24 01:11:33,452 | INFO | httpx | HTTP Request: HEAD https://huggingface.co/apple/mobilevit-small/resolve/main/model.safetensors.index.json "HTTP/1.1 404 Not Found"
2026-05-24 01:11:33,662 | INFO | httpx | HTTP Request: HEAD https://huggingface.co/apple/mobilevit-small/resolve/main/pytorch_model.bin "HTTP/1.1 302 Found"
2026-05-24 01:11:33,871 | INFO | httpx | HTTP Request: HEAD https://huggingface.co/apple/mobilevit-small/resolve/main/model.safetensors "HTTP/1.1 404 Not Found"
2026-05-24 01:11:34,103 | INFO | httpx | HTTP Request: GET https://huggingface.co/api/models/apple/mobilevit-small "HTTP/1.1 200 OK"
2026-05-24 01:11:34,437 | INFO | httpx | HTTP Request: GET https://huggingface.co/api/models/apple/mobilevit-small/commits/main "HTTP/1.1 200 OK"
2026-05-24 01:11:34,664 | INFO | httpx | HTTP Request: GET https://huggingface.co/api/models/apple/mobilevit-small/discussions?p=0 "HTTP/1.1 200 OK"
2026-05-24 01:11:34,897 | INFO | httpx | HTTP Request: GET https://huggingface.co/api/models/apple/mobilevit-small/commits/refs%2Fpr%2F6 "HTTP/1.1 200 OK"
2026-05-24 01:11:35,116 | INFO | httpx | HTTP Request: HEAD https://huggingface.co/apple/mobilevit-small/resolve/refs%2Fpr%2F6/model.safetensors.index.json "HTTP/1.1 404 Not Found"
2026-05-24 01:11:35,333 | INFO | httpx | HTTP Request: HEAD https://huggingface.co/apple/mobilevit-small/resolve/refs%2Fpr%2F6/model.safetensors "HTTP/1.1 302 Found"
2026-05-24 01:11:35,871 | INFO | model_trainers.mobile_vit_trainer | Epoch [01/500] | Train Acc: 59.4% | Val Acc: 44.6% | Val Loss: 0.7935
2026-05-24 01:11:35,959 | INFO | model_trainers.mobile_vit_trainer |   ↳ new best val loss; saved checkpoint: /home/leggo/AIResearch/VOGBasedMCIDetectionSystemMobileViTSingleExperimentInference/outputs/checkpoints/run_20260524_010543/fold_05_best.pth
2026-05-24 01:11:37,192 | INFO | model_trainers.mobile_vit_trainer | Epoch [02/500] | Train Acc: 51.2% | Val Acc: 43.1% | Val Loss: 0.7365
2026-05-24 01:11:37,304 | INFO | model_trainers.mobile_vit_trainer |   ↳ new best val loss; saved checkpoint: /home/leggo/AIResearch/VOGBasedMCIDetectionSystemMobileViTSingleExperimentInference/outputs/checkpoints/run_20260524_010543/fold_05_best.pth
2026-05-24 01:11:38,534 | INFO | model_trainers.mobile_vit_trainer | Epoch [03/500] | Train Acc: 50.0% | Val Acc: 43.1% | Val Loss: 0.7422
2026-05-24 01:11:39,772 | INFO | model_trainers.mobile_vit_trainer | Epoch [04/500] | Train Acc: 48.1% | Val Acc: 41.5% | Val Loss: 0.7705
2026-05-24 01:11:41,019 | INFO | model_trainers.mobile_vit_trainer | Epoch [05/500] | Train Acc: 50.6% | Val Acc: 41.5% | Val Loss: 0.7391
2026-05-24 01:11:42,433 | INFO | model_trainers.mobile_vit_trainer | Epoch [06/500] | Train Acc: 52.5% | Val Acc: 47.7% | Val Loss: 0.7170
2026-05-24 01:11:42,536 | INFO | model_trainers.mobile_vit_trainer |   ↳ new best val loss; saved checkpoint: /home/leggo/AIResearch/VOGBasedMCIDetectionSystemMobileViTSingleExperimentInference/outputs/checkpoints/run_20260524_010543/fold_05_best.pth
2026-05-24 01:11:43,772 | INFO | model_trainers.mobile_vit_trainer | Epoch [07/500] | Train Acc: 51.9% | Val Acc: 44.6% | Val Loss: 0.7194
2026-05-24 01:11:45,009 | INFO | model_trainers.mobile_vit_trainer | Epoch [08/500] | Train Acc: 56.9% | Val Acc: 53.8% | Val Loss: 0.7032
2026-05-24 01:11:45,113 | INFO | model_trainers.mobile_vit_trainer |   ↳ new best val loss; saved checkpoint: /home/leggo/AIResearch/VOGBasedMCIDetectionSystemMobileViTSingleExperimentInference/outputs/checkpoints/run_20260524_010543/fold_05_best.pth
2026-05-24 01:11:46,344 | INFO | model_trainers.mobile_vit_trainer | Epoch [09/500] | Train Acc: 56.2% | Val Acc: 49.2% | Val Loss: 0.7109
2026-05-24 01:11:47,575 | INFO | model_trainers.mobile_vit_trainer | Epoch [10/500] | Train Acc: 53.8% | Val Acc: 46.2% | Val Loss: 0.7093
2026-05-24 01:11:48,814 | INFO | model_trainers.mobile_vit_trainer | Epoch [11/500] | Train Acc: 53.8% | Val Acc: 47.7% | Val Loss: 0.7088
2026-05-24 01:11:50,064 | INFO | model_trainers.mobile_vit_trainer | Epoch [12/500] | Train Acc: 60.6% | Val Acc: 46.2% | Val Loss: 0.7085
2026-05-24 01:11:51,311 | INFO | model_trainers.mobile_vit_trainer | Epoch [13/500] | Train Acc: 53.1% | Val Acc: 44.6% | Val Loss: 0.7131
2026-05-24 01:11:52,555 | INFO | model_trainers.mobile_vit_trainer | Epoch [14/500] | Train Acc: 52.5% | Val Acc: 44.6% | Val Loss: 0.7134
2026-05-24 01:11:53,828 | INFO | model_trainers.mobile_vit_trainer | Epoch [15/500] | Train Acc: 55.6% | Val Acc: 44.6% | Val Loss: 0.7129
2026-05-24 01:11:55,071 | INFO | model_trainers.mobile_vit_trainer | Epoch [16/500] | Train Acc: 63.1% | Val Acc: 47.7% | Val Loss: 0.7177
2026-05-24 01:11:56,322 | INFO | model_trainers.mobile_vit_trainer | Epoch [17/500] | Train Acc: 55.0% | Val Acc: 43.1% | Val Loss: 0.7212
2026-05-24 01:11:57,564 | INFO | model_trainers.mobile_vit_trainer | Epoch [18/500] | Train Acc: 62.5% | Val Acc: 46.2% | Val Loss: 0.7216
2026-05-24 01:11:58,808 | INFO | model_trainers.mobile_vit_trainer | Epoch [19/500] | Train Acc: 58.1% | Val Acc: 41.5% | Val Loss: 0.7209
2026-05-24 01:12:00,075 | INFO | model_trainers.mobile_vit_trainer | Epoch [20/500] | Train Acc: 58.1% | Val Acc: 38.5% | Val Loss: 0.7196
2026-05-24 01:12:01,318 | INFO | model_trainers.mobile_vit_trainer | Epoch [21/500] | Train Acc: 49.4% | Val Acc: 41.5% | Val Loss: 0.7150
2026-05-24 01:12:02,558 | INFO | model_trainers.mobile_vit_trainer | Epoch [22/500] | Train Acc: 60.6% | Val Acc: 44.6% | Val Loss: 0.7178
2026-05-24 01:12:03,800 | INFO | model_trainers.mobile_vit_trainer | Epoch [23/500] | Train Acc: 54.4% | Val Acc: 43.1% | Val Loss: 0.7198
2026-05-24 01:12:05,030 | INFO | model_trainers.mobile_vit_trainer | Epoch [24/500] | Train Acc: 64.4% | Val Acc: 43.1% | Val Loss: 0.7225
2026-05-24 01:12:06,274 | INFO | model_trainers.mobile_vit_trainer | Epoch [25/500] | Train Acc: 54.4% | Val Acc: 46.2% | Val Loss: 0.7333
2026-05-24 01:12:07,509 | INFO | model_trainers.mobile_vit_trainer | Epoch [26/500] | Train Acc: 62.5% | Val Acc: 44.6% | Val Loss: 0.7326
2026-05-24 01:12:08,743 | INFO | model_trainers.mobile_vit_trainer | Epoch [27/500] | Train Acc: 55.6% | Val Acc: 40.0% | Val Loss: 0.7287
2026-05-24 01:12:09,975 | INFO | model_trainers.mobile_vit_trainer | Epoch [28/500] | Train Acc: 60.0% | Val Acc: 44.6% | Val Loss: 0.7287
2026-05-24 01:12:11,218 | INFO | model_trainers.mobile_vit_trainer | Epoch [29/500] | Train Acc: 52.5% | Val Acc: 44.6% | Val Loss: 0.7356
2026-05-24 01:12:12,447 | INFO | model_trainers.mobile_vit_trainer | Epoch [30/500] | Train Acc: 62.5% | Val Acc: 43.1% | Val Loss: 0.7381
2026-05-24 01:12:13,675 | INFO | model_trainers.mobile_vit_trainer | Epoch [31/500] | Train Acc: 65.0% | Val Acc: 43.1% | Val Loss: 0.7395
2026-05-24 01:12:14,908 | INFO | model_trainers.mobile_vit_trainer | Epoch [32/500] | Train Acc: 53.8% | Val Acc: 41.5% | Val Loss: 0.7367
2026-05-24 01:12:16,139 | INFO | model_trainers.mobile_vit_trainer | Epoch [33/500] | Train Acc: 57.5% | Val Acc: 38.5% | Val Loss: 0.7399
2026-05-24 01:12:17,372 | INFO | model_trainers.mobile_vit_trainer | Epoch [34/500] | Train Acc: 55.0% | Val Acc: 40.0% | Val Loss: 0.7436
2026-05-24 01:12:18,604 | INFO | model_trainers.mobile_vit_trainer | Epoch [35/500] | Train Acc: 59.4% | Val Acc: 36.9% | Val Loss: 0.7443
2026-05-24 01:12:19,835 | INFO | model_trainers.mobile_vit_trainer | Epoch [36/500] | Train Acc: 59.4% | Val Acc: 40.0% | Val Loss: 0.7457
2026-05-24 01:12:21,068 | INFO | model_trainers.mobile_vit_trainer | Epoch [37/500] | Train Acc: 60.0% | Val Acc: 36.9% | Val Loss: 0.7412
2026-05-24 01:12:22,303 | INFO | model_trainers.mobile_vit_trainer | Epoch [38/500] | Train Acc: 50.0% | Val Acc: 36.9% | Val Loss: 0.7379
2026-05-24 01:12:23,533 | INFO | model_trainers.mobile_vit_trainer | Epoch [39/500] | Train Acc: 60.0% | Val Acc: 38.5% | Val Loss: 0.7384
2026-05-24 01:12:24,766 | INFO | model_trainers.mobile_vit_trainer | Epoch [40/500] | Train Acc: 61.2% | Val Acc: 40.0% | Val Loss: 0.7387
2026-05-24 01:12:25,998 | INFO | model_trainers.mobile_vit_trainer | Epoch [41/500] | Train Acc: 62.5% | Val Acc: 50.8% | Val Loss: 0.7332
2026-05-24 01:12:27,227 | INFO | model_trainers.mobile_vit_trainer | Epoch [42/500] | Train Acc: 52.5% | Val Acc: 46.2% | Val Loss: 0.7348
2026-05-24 01:12:28,454 | INFO | model_trainers.mobile_vit_trainer | Epoch [43/500] | Train Acc: 58.1% | Val Acc: 44.6% | Val Loss: 0.7376
2026-05-24 01:12:29,683 | INFO | model_trainers.mobile_vit_trainer | Epoch [44/500] | Train Acc: 61.9% | Val Acc: 44.6% | Val Loss: 0.7385
2026-05-24 01:12:30,914 | INFO | model_trainers.mobile_vit_trainer | Epoch [45/500] | Train Acc: 59.4% | Val Acc: 46.2% | Val Loss: 0.7476
2026-05-24 01:12:32,145 | INFO | model_trainers.mobile_vit_trainer | Epoch [46/500] | Train Acc: 58.8% | Val Acc: 44.6% | Val Loss: 0.7485
2026-05-24 01:12:33,379 | INFO | model_trainers.mobile_vit_trainer | Epoch [47/500] | Train Acc: 58.8% | Val Acc: 40.0% | Val Loss: 0.7514
2026-05-24 01:12:34,620 | INFO | model_trainers.mobile_vit_trainer | Epoch [48/500] | Train Acc: 56.9% | Val Acc: 38.5% | Val Loss: 0.7473
2026-05-24 01:12:34,620 | INFO | model_trainers.mobile_vit_trainer | Early stop at epoch 48 (no val-loss improvement for 40 epochs; best=0.7032)
2026-05-24 01:12:34,986 | INFO | evaluators.monte_carlo_evaluator | -> Fold 06 Result | Acc=0.556 Sens=0.714 Spec=0.000 AUROC=0.143
2026-05-24 01:12:34,987 | INFO | evaluators.monte_carlo_evaluator | === Fold 07/30 | train: 23 subj / 160 windows | test: 11 subj / 69 windows ===
2026-05-24 01:12:35,240 | INFO | httpx | HTTP Request: HEAD https://huggingface.co/apple/mobilevit-small/resolve/main/config.json "HTTP/1.1 307 Temporary Redirect"
2026-05-24 01:12:35,257 | INFO | httpx | HTTP Request: HEAD https://huggingface.co/api/resolve-cache/models/apple/mobilevit-small/6c8612545dc98676d27bc518fa521d9e9af23e34/config.json "HTTP/1.1 200 OK"
2026-05-24 01:12:35,520 | INFO | httpx | HTTP Request: HEAD https://huggingface.co/apple/mobilevit-small/resolve/main/model.safetensors "HTTP/1.1 404 Not Found"
2026-05-24 01:12:35,729 | INFO | httpx | HTTP Request: HEAD https://huggingface.co/apple/mobilevit-small/resolve/main/model.safetensors.index.json "HTTP/1.1 404 Not Found"
2026-05-24 01:12:35,943 | INFO | httpx | HTTP Request: HEAD https://huggingface.co/apple/mobilevit-small/resolve/main/pytorch_model.bin "HTTP/1.1 302 Found"
2026-05-24 01:12:36,157 | INFO | httpx | HTTP Request: HEAD https://huggingface.co/apple/mobilevit-small/resolve/main/model.safetensors "HTTP/1.1 404 Not Found"
2026-05-24 01:12:36,378 | INFO | httpx | HTTP Request: GET https://huggingface.co/api/models/apple/mobilevit-small "HTTP/1.1 200 OK"
2026-05-24 01:12:36,631 | INFO | httpx | HTTP Request: GET https://huggingface.co/api/models/apple/mobilevit-small/commits/main "HTTP/1.1 200 OK"
2026-05-24 01:12:36,866 | INFO | httpx | HTTP Request: GET https://huggingface.co/api/models/apple/mobilevit-small/discussions?p=0 "HTTP/1.1 200 OK"
2026-05-24 01:12:37,117 | INFO | httpx | HTTP Request: GET https://huggingface.co/api/models/apple/mobilevit-small/commits/refs%2Fpr%2F6 "HTTP/1.1 200 OK"
2026-05-24 01:12:37,340 | INFO | httpx | HTTP Request: HEAD https://huggingface.co/apple/mobilevit-small/resolve/refs%2Fpr%2F6/model.safetensors.index.json "HTTP/1.1 404 Not Found"
2026-05-24 01:12:37,555 | INFO | httpx | HTTP Request: HEAD https://huggingface.co/apple/mobilevit-small/resolve/refs%2Fpr%2F6/model.safetensors "HTTP/1.1 302 Found"
2026-05-24 01:12:38,004 | INFO | model_trainers.mobile_vit_trainer | Epoch [01/500] | Train Acc: 41.9% | Val Acc: 46.4% | Val Loss: 0.6944
2026-05-24 01:12:38,327 | INFO | model_trainers.mobile_vit_trainer |   ↳ new best val loss; saved checkpoint: /home/leggo/AIResearch/VOGBasedMCIDetectionSystemMobileViTSingleExperimentInference/outputs/checkpoints/run_20260524_010543/fold_06_best.pth
2026-05-24 01:12:39,580 | INFO | model_trainers.mobile_vit_trainer | Epoch [02/500] | Train Acc: 51.2% | Val Acc: 55.1% | Val Loss: 0.6798
2026-05-24 01:12:39,681 | INFO | model_trainers.mobile_vit_trainer |   ↳ new best val loss; saved checkpoint: /home/leggo/AIResearch/VOGBasedMCIDetectionSystemMobileViTSingleExperimentInference/outputs/checkpoints/run_20260524_010543/fold_06_best.pth
2026-05-24 01:12:40,936 | INFO | model_trainers.mobile_vit_trainer | Epoch [03/500] | Train Acc: 51.2% | Val Acc: 58.0% | Val Loss: 0.6731
2026-05-24 01:12:41,044 | INFO | model_trainers.mobile_vit_trainer |   ↳ new best val loss; saved checkpoint: /home/leggo/AIResearch/VOGBasedMCIDetectionSystemMobileViTSingleExperimentInference/outputs/checkpoints/run_20260524_010543/fold_06_best.pth
2026-05-24 01:12:42,282 | INFO | model_trainers.mobile_vit_trainer | Epoch [04/500] | Train Acc: 52.5% | Val Acc: 56.5% | Val Loss: 0.6783
2026-05-24 01:12:43,512 | INFO | model_trainers.mobile_vit_trainer | Epoch [05/500] | Train Acc: 46.2% | Val Acc: 56.5% | Val Loss: 0.6811
2026-05-24 01:12:44,747 | INFO | model_trainers.mobile_vit_trainer | Epoch [06/500] | Train Acc: 45.0% | Val Acc: 58.0% | Val Loss: 0.6781
2026-05-24 01:12:45,984 | INFO | model_trainers.mobile_vit_trainer | Epoch [07/500] | Train Acc: 46.2% | Val Acc: 60.9% | Val Loss: 0.6895
2026-05-24 01:12:47,215 | INFO | model_trainers.mobile_vit_trainer | Epoch [08/500] | Train Acc: 48.8% | Val Acc: 56.5% | Val Loss: 0.6933
2026-05-24 01:12:48,448 | INFO | model_trainers.mobile_vit_trainer | Epoch [09/500] | Train Acc: 43.1% | Val Acc: 56.5% | Val Loss: 0.6946
2026-05-24 01:12:49,678 | INFO | model_trainers.mobile_vit_trainer | Epoch [10/500] | Train Acc: 48.1% | Val Acc: 56.5% | Val Loss: 0.6958
2026-05-24 01:12:50,917 | INFO | model_trainers.mobile_vit_trainer | Epoch [11/500] | Train Acc: 47.5% | Val Acc: 58.0% | Val Loss: 0.6990
2026-05-24 01:12:52,146 | INFO | model_trainers.mobile_vit_trainer | Epoch [12/500] | Train Acc: 48.8% | Val Acc: 55.1% | Val Loss: 0.6983
2026-05-24 01:12:53,377 | INFO | model_trainers.mobile_vit_trainer | Epoch [13/500] | Train Acc: 48.1% | Val Acc: 56.5% | Val Loss: 0.7024
2026-05-24 01:12:54,605 | INFO | model_trainers.mobile_vit_trainer | Epoch [14/500] | Train Acc: 49.4% | Val Acc: 56.5% | Val Loss: 0.6996
2026-05-24 01:12:55,830 | INFO | model_trainers.mobile_vit_trainer | Epoch [15/500] | Train Acc: 51.9% | Val Acc: 55.1% | Val Loss: 0.7004
2026-05-24 01:12:57,071 | INFO | model_trainers.mobile_vit_trainer | Epoch [16/500] | Train Acc: 56.9% | Val Acc: 56.5% | Val Loss: 0.7022
2026-05-24 01:12:58,310 | INFO | model_trainers.mobile_vit_trainer | Epoch [17/500] | Train Acc: 55.0% | Val Acc: 56.5% | Val Loss: 0.7016
2026-05-24 01:12:59,551 | INFO | model_trainers.mobile_vit_trainer | Epoch [18/500] | Train Acc: 51.9% | Val Acc: 53.6% | Val Loss: 0.6965
2026-05-24 01:13:00,790 | INFO | model_trainers.mobile_vit_trainer | Epoch [19/500] | Train Acc: 48.8% | Val Acc: 53.6% | Val Loss: 0.6985
2026-05-24 01:13:02,020 | INFO | model_trainers.mobile_vit_trainer | Epoch [20/500] | Train Acc: 52.5% | Val Acc: 50.7% | Val Loss: 0.7042
2026-05-24 01:13:03,349 | INFO | model_trainers.mobile_vit_trainer | Epoch [21/500] | Train Acc: 47.5% | Val Acc: 52.2% | Val Loss: 0.7109
2026-05-24 01:13:04,599 | INFO | model_trainers.mobile_vit_trainer | Epoch [22/500] | Train Acc: 51.2% | Val Acc: 56.5% | Val Loss: 0.7071
2026-05-24 01:13:05,840 | INFO | model_trainers.mobile_vit_trainer | Epoch [23/500] | Train Acc: 51.2% | Val Acc: 55.1% | Val Loss: 0.7000
2026-05-24 01:13:07,069 | INFO | model_trainers.mobile_vit_trainer | Epoch [24/500] | Train Acc: 51.2% | Val Acc: 53.6% | Val Loss: 0.6967
2026-05-24 01:13:08,300 | INFO | model_trainers.mobile_vit_trainer | Epoch [25/500] | Train Acc: 53.8% | Val Acc: 58.0% | Val Loss: 0.6914
2026-05-24 01:13:09,530 | INFO | model_trainers.mobile_vit_trainer | Epoch [26/500] | Train Acc: 50.6% | Val Acc: 53.6% | Val Loss: 0.6896
2026-05-24 01:13:10,768 | INFO | model_trainers.mobile_vit_trainer | Epoch [27/500] | Train Acc: 55.6% | Val Acc: 59.4% | Val Loss: 0.6862
2026-05-24 01:13:12,002 | INFO | model_trainers.mobile_vit_trainer | Epoch [28/500] | Train Acc: 54.4% | Val Acc: 59.4% | Val Loss: 0.6823
2026-05-24 01:13:13,226 | INFO | model_trainers.mobile_vit_trainer | Epoch [29/500] | Train Acc: 48.1% | Val Acc: 60.9% | Val Loss: 0.6846
2026-05-24 01:13:14,464 | INFO | model_trainers.mobile_vit_trainer | Epoch [30/500] | Train Acc: 49.4% | Val Acc: 58.0% | Val Loss: 0.6857
2026-05-24 01:13:15,701 | INFO | model_trainers.mobile_vit_trainer | Epoch [31/500] | Train Acc: 52.5% | Val Acc: 58.0% | Val Loss: 0.6876
2026-05-24 01:13:16,945 | INFO | model_trainers.mobile_vit_trainer | Epoch [32/500] | Train Acc: 53.8% | Val Acc: 58.0% | Val Loss: 0.6946
2026-05-24 01:13:18,174 | INFO | model_trainers.mobile_vit_trainer | Epoch [33/500] | Train Acc: 51.2% | Val Acc: 56.5% | Val Loss: 0.6974
2026-05-24 01:13:19,402 | INFO | model_trainers.mobile_vit_trainer | Epoch [34/500] | Train Acc: 58.8% | Val Acc: 60.9% | Val Loss: 0.7030
2026-05-24 01:13:20,634 | INFO | model_trainers.mobile_vit_trainer | Epoch [35/500] | Train Acc: 51.9% | Val Acc: 58.0% | Val Loss: 0.7074
2026-05-24 01:13:21,862 | INFO | model_trainers.mobile_vit_trainer | Epoch [36/500] | Train Acc: 51.2% | Val Acc: 53.6% | Val Loss: 0.7088
2026-05-24 01:13:23,092 | INFO | model_trainers.mobile_vit_trainer | Epoch [37/500] | Train Acc: 62.5% | Val Acc: 53.6% | Val Loss: 0.7073
2026-05-24 01:13:24,319 | INFO | model_trainers.mobile_vit_trainer | Epoch [38/500] | Train Acc: 53.1% | Val Acc: 52.2% | Val Loss: 0.7103
2026-05-24 01:13:25,552 | INFO | model_trainers.mobile_vit_trainer | Epoch [39/500] | Train Acc: 55.0% | Val Acc: 52.2% | Val Loss: 0.7041
2026-05-24 01:13:26,787 | INFO | model_trainers.mobile_vit_trainer | Epoch [40/500] | Train Acc: 58.8% | Val Acc: 50.7% | Val Loss: 0.7152
2026-05-24 01:13:28,015 | INFO | model_trainers.mobile_vit_trainer | Epoch [41/500] | Train Acc: 56.9% | Val Acc: 55.1% | Val Loss: 0.7059
2026-05-24 01:13:29,240 | INFO | model_trainers.mobile_vit_trainer | Epoch [42/500] | Train Acc: 58.1% | Val Acc: 49.3% | Val Loss: 0.7036
2026-05-24 01:13:30,481 | INFO | model_trainers.mobile_vit_trainer | Epoch [43/500] | Train Acc: 60.6% | Val Acc: 47.8% | Val Loss: 0.6924
2026-05-24 01:13:30,482 | INFO | model_trainers.mobile_vit_trainer | Early stop at epoch 43 (no val-loss improvement for 40 epochs; best=0.6731)
2026-05-24 01:13:30,857 | INFO | evaluators.monte_carlo_evaluator | -> Fold 07 Result | Acc=0.600 Sens=0.667 Spec=0.500 AUROC=0.667
2026-05-24 01:13:30,858 | INFO | evaluators.monte_carlo_evaluator | === Fold 08/30 | train: 23 subj / 160 windows | test: 11 subj / 69 windows ===
2026-05-24 01:13:31,111 | INFO | httpx | HTTP Request: HEAD https://huggingface.co/apple/mobilevit-small/resolve/main/config.json "HTTP/1.1 307 Temporary Redirect"
2026-05-24 01:13:31,128 | INFO | httpx | HTTP Request: HEAD https://huggingface.co/api/resolve-cache/models/apple/mobilevit-small/6c8612545dc98676d27bc518fa521d9e9af23e34/config.json "HTTP/1.1 200 OK"
2026-05-24 01:13:31,373 | INFO | httpx | HTTP Request: HEAD https://huggingface.co/apple/mobilevit-small/resolve/main/model.safetensors "HTTP/1.1 404 Not Found"
2026-05-24 01:13:31,589 | INFO | httpx | HTTP Request: HEAD https://huggingface.co/apple/mobilevit-small/resolve/main/model.safetensors.index.json "HTTP/1.1 404 Not Found"
2026-05-24 01:13:31,809 | INFO | httpx | HTTP Request: HEAD https://huggingface.co/apple/mobilevit-small/resolve/main/pytorch_model.bin "HTTP/1.1 302 Found"
2026-05-24 01:13:32,031 | INFO | httpx | HTTP Request: HEAD https://huggingface.co/apple/mobilevit-small/resolve/main/model.safetensors "HTTP/1.1 404 Not Found"
2026-05-24 01:13:32,273 | INFO | httpx | HTTP Request: GET https://huggingface.co/api/models/apple/mobilevit-small "HTTP/1.1 200 OK"
2026-05-24 01:13:32,530 | INFO | httpx | HTTP Request: GET https://huggingface.co/api/models/apple/mobilevit-small/commits/main "HTTP/1.1 200 OK"
2026-05-24 01:13:32,762 | INFO | httpx | HTTP Request: GET https://huggingface.co/api/models/apple/mobilevit-small/discussions?p=0 "HTTP/1.1 200 OK"
2026-05-24 01:13:32,999 | INFO | httpx | HTTP Request: GET https://huggingface.co/api/models/apple/mobilevit-small/commits/refs%2Fpr%2F6 "HTTP/1.1 200 OK"
2026-05-24 01:13:33,219 | INFO | httpx | HTTP Request: HEAD https://huggingface.co/apple/mobilevit-small/resolve/refs%2Fpr%2F6/model.safetensors.index.json "HTTP/1.1 404 Not Found"
2026-05-24 01:13:33,434 | INFO | httpx | HTTP Request: HEAD https://huggingface.co/apple/mobilevit-small/resolve/refs%2Fpr%2F6/model.safetensors "HTTP/1.1 302 Found"
2026-05-24 01:13:33,837 | INFO | model_trainers.mobile_vit_trainer | Epoch [01/500] | Train Acc: 49.4% | Val Acc: 53.6% | Val Loss: 0.6895
2026-05-24 01:13:33,929 | INFO | model_trainers.mobile_vit_trainer |   ↳ new best val loss; saved checkpoint: /home/leggo/AIResearch/VOGBasedMCIDetectionSystemMobileViTSingleExperimentInference/outputs/checkpoints/run_20260524_010543/fold_07_best.pth
2026-05-24 01:13:35,147 | INFO | model_trainers.mobile_vit_trainer | Epoch [02/500] | Train Acc: 46.9% | Val Acc: 62.3% | Val Loss: 0.6671
2026-05-24 01:13:35,247 | INFO | model_trainers.mobile_vit_trainer |   ↳ new best val loss; saved checkpoint: /home/leggo/AIResearch/VOGBasedMCIDetectionSystemMobileViTSingleExperimentInference/outputs/checkpoints/run_20260524_010543/fold_07_best.pth
2026-05-24 01:13:36,581 | INFO | model_trainers.mobile_vit_trainer | Epoch [03/500] | Train Acc: 50.6% | Val Acc: 55.1% | Val Loss: 0.6860
2026-05-24 01:13:37,954 | INFO | model_trainers.mobile_vit_trainer | Epoch [04/500] | Train Acc: 49.4% | Val Acc: 49.3% | Val Loss: 0.7112
2026-05-24 01:13:40,142 | INFO | model_trainers.mobile_vit_trainer | Epoch [05/500] | Train Acc: 50.0% | Val Acc: 47.8% | Val Loss: 0.7293
2026-05-24 01:13:42,634 | INFO | model_trainers.mobile_vit_trainer | Epoch [06/500] | Train Acc: 50.0% | Val Acc: 46.4% | Val Loss: 0.7398
2026-05-24 01:13:45,258 | INFO | model_trainers.mobile_vit_trainer | Epoch [07/500] | Train Acc: 53.1% | Val Acc: 42.0% | Val Loss: 0.7313
2026-05-24 01:13:47,697 | INFO | model_trainers.mobile_vit_trainer | Epoch [08/500] | Train Acc: 56.2% | Val Acc: 40.6% | Val Loss: 0.7289
2026-05-24 01:13:50,258 | INFO | model_trainers.mobile_vit_trainer | Epoch [09/500] | Train Acc: 58.1% | Val Acc: 46.4% | Val Loss: 0.7371
2026-05-24 01:13:52,837 | INFO | model_trainers.mobile_vit_trainer | Epoch [10/500] | Train Acc: 61.9% | Val Acc: 43.5% | Val Loss: 0.7479
2026-05-24 01:13:55,414 | INFO | model_trainers.mobile_vit_trainer | Epoch [11/500] | Train Acc: 50.6% | Val Acc: 42.0% | Val Loss: 0.7564
2026-05-24 01:13:57,937 | INFO | model_trainers.mobile_vit_trainer | Epoch [12/500] | Train Acc: 52.5% | Val Acc: 44.9% | Val Loss: 0.7569
2026-05-24 01:14:00,502 | INFO | model_trainers.mobile_vit_trainer | Epoch [13/500] | Train Acc: 49.4% | Val Acc: 44.9% | Val Loss: 0.7540
2026-05-24 01:14:03,138 | INFO | model_trainers.mobile_vit_trainer | Epoch [14/500] | Train Acc: 58.8% | Val Acc: 43.5% | Val Loss: 0.7540
2026-05-24 01:14:05,740 | INFO | model_trainers.mobile_vit_trainer | Epoch [15/500] | Train Acc: 56.2% | Val Acc: 43.5% | Val Loss: 0.7646
2026-05-24 01:14:08,368 | INFO | model_trainers.mobile_vit_trainer | Epoch [16/500] | Train Acc: 65.6% | Val Acc: 42.0% | Val Loss: 0.7554
2026-05-24 01:14:10,951 | INFO | model_trainers.mobile_vit_trainer | Epoch [17/500] | Train Acc: 59.4% | Val Acc: 43.5% | Val Loss: 0.7559
2026-05-24 01:14:13,548 | INFO | model_trainers.mobile_vit_trainer | Epoch [18/500] | Train Acc: 56.9% | Val Acc: 43.5% | Val Loss: 0.7462
2026-05-24 01:14:16,158 | INFO | model_trainers.mobile_vit_trainer | Epoch [19/500] | Train Acc: 58.1% | Val Acc: 44.9% | Val Loss: 0.7274
2026-05-24 01:14:18,734 | INFO | model_trainers.mobile_vit_trainer | Epoch [20/500] | Train Acc: 58.8% | Val Acc: 42.0% | Val Loss: 0.7308
2026-05-24 01:14:21,364 | INFO | model_trainers.mobile_vit_trainer | Epoch [21/500] | Train Acc: 57.5% | Val Acc: 43.5% | Val Loss: 0.7494
2026-05-24 01:14:23,931 | INFO | model_trainers.mobile_vit_trainer | Epoch [22/500] | Train Acc: 61.2% | Val Acc: 42.0% | Val Loss: 0.7667
2026-05-24 01:14:26,491 | INFO | model_trainers.mobile_vit_trainer | Epoch [23/500] | Train Acc: 56.9% | Val Acc: 43.5% | Val Loss: 0.7716
2026-05-24 01:14:29,089 | INFO | model_trainers.mobile_vit_trainer | Epoch [24/500] | Train Acc: 56.9% | Val Acc: 43.5% | Val Loss: 0.7756
2026-05-24 01:14:31,699 | INFO | model_trainers.mobile_vit_trainer | Epoch [25/500] | Train Acc: 65.0% | Val Acc: 43.5% | Val Loss: 0.7835
2026-05-24 01:14:34,283 | INFO | model_trainers.mobile_vit_trainer | Epoch [26/500] | Train Acc: 53.1% | Val Acc: 39.1% | Val Loss: 0.7855
2026-05-24 01:14:36,885 | INFO | model_trainers.mobile_vit_trainer | Epoch [27/500] | Train Acc: 60.6% | Val Acc: 39.1% | Val Loss: 0.7900
2026-05-24 01:14:39,480 | INFO | model_trainers.mobile_vit_trainer | Epoch [28/500] | Train Acc: 61.9% | Val Acc: 42.0% | Val Loss: 0.7876
2026-05-24 01:14:42,077 | INFO | model_trainers.mobile_vit_trainer | Epoch [29/500] | Train Acc: 66.2% | Val Acc: 39.1% | Val Loss: 0.7746
2026-05-24 01:14:44,643 | INFO | model_trainers.mobile_vit_trainer | Epoch [30/500] | Train Acc: 59.4% | Val Acc: 37.7% | Val Loss: 0.7744
2026-05-24 01:14:45,879 | INFO | model_trainers.mobile_vit_trainer | Epoch [31/500] | Train Acc: 59.4% | Val Acc: 39.1% | Val Loss: 0.7799
2026-05-24 01:14:47,112 | INFO | model_trainers.mobile_vit_trainer | Epoch [32/500] | Train Acc: 60.6% | Val Acc: 37.7% | Val Loss: 0.7926
2026-05-24 01:14:48,341 | INFO | model_trainers.mobile_vit_trainer | Epoch [33/500] | Train Acc: 60.0% | Val Acc: 33.3% | Val Loss: 0.7884
2026-05-24 01:14:49,571 | INFO | model_trainers.mobile_vit_trainer | Epoch [34/500] | Train Acc: 60.0% | Val Acc: 34.8% | Val Loss: 0.7767
2026-05-24 01:14:50,800 | INFO | model_trainers.mobile_vit_trainer | Epoch [35/500] | Train Acc: 60.6% | Val Acc: 37.7% | Val Loss: 0.7758
2026-05-24 01:14:52,032 | INFO | model_trainers.mobile_vit_trainer | Epoch [36/500] | Train Acc: 62.5% | Val Acc: 39.1% | Val Loss: 0.7743
2026-05-24 01:14:53,259 | INFO | model_trainers.mobile_vit_trainer | Epoch [37/500] | Train Acc: 58.8% | Val Acc: 40.6% | Val Loss: 0.7799
2026-05-24 01:14:54,487 | INFO | model_trainers.mobile_vit_trainer | Epoch [38/500] | Train Acc: 56.9% | Val Acc: 39.1% | Val Loss: 0.7732
2026-05-24 01:14:55,716 | INFO | model_trainers.mobile_vit_trainer | Epoch [39/500] | Train Acc: 62.5% | Val Acc: 42.0% | Val Loss: 0.7700
2026-05-24 01:14:56,945 | INFO | model_trainers.mobile_vit_trainer | Epoch [40/500] | Train Acc: 61.9% | Val Acc: 40.6% | Val Loss: 0.7693
2026-05-24 01:14:58,175 | INFO | model_trainers.mobile_vit_trainer | Epoch [41/500] | Train Acc: 61.9% | Val Acc: 36.2% | Val Loss: 0.7794
2026-05-24 01:14:59,411 | INFO | model_trainers.mobile_vit_trainer | Epoch [42/500] | Train Acc: 64.4% | Val Acc: 36.2% | Val Loss: 0.7979
2026-05-24 01:14:59,412 | INFO | model_trainers.mobile_vit_trainer | Early stop at epoch 42 (no val-loss improvement for 40 epochs; best=0.6671)
2026-05-24 01:14:59,710 | INFO | evaluators.monte_carlo_evaluator | -> Fold 08 Result | Acc=0.400 Sens=0.500 Spec=0.000 AUROC=0.188
2026-05-24 01:14:59,711 | INFO | evaluators.monte_carlo_evaluator | === Fold 09/30 | train: 23 subj / 147 windows | test: 11 subj / 82 windows ===
2026-05-24 01:14:59,964 | INFO | httpx | HTTP Request: HEAD https://huggingface.co/apple/mobilevit-small/resolve/main/config.json "HTTP/1.1 307 Temporary Redirect"
2026-05-24 01:14:59,982 | INFO | httpx | HTTP Request: HEAD https://huggingface.co/api/resolve-cache/models/apple/mobilevit-small/6c8612545dc98676d27bc518fa521d9e9af23e34/config.json "HTTP/1.1 200 OK"
2026-05-24 01:15:00,265 | INFO | httpx | HTTP Request: HEAD https://huggingface.co/apple/mobilevit-small/resolve/main/model.safetensors "HTTP/1.1 404 Not Found"
2026-05-24 01:15:00,477 | INFO | httpx | HTTP Request: HEAD https://huggingface.co/apple/mobilevit-small/resolve/main/model.safetensors.index.json "HTTP/1.1 404 Not Found"
2026-05-24 01:15:00,693 | INFO | httpx | HTTP Request: HEAD https://huggingface.co/apple/mobilevit-small/resolve/main/pytorch_model.bin "HTTP/1.1 302 Found"
2026-05-24 01:15:00,909 | INFO | httpx | HTTP Request: HEAD https://huggingface.co/apple/mobilevit-small/resolve/main/model.safetensors "HTTP/1.1 404 Not Found"
2026-05-24 01:15:01,136 | INFO | httpx | HTTP Request: GET https://huggingface.co/api/models/apple/mobilevit-small "HTTP/1.1 200 OK"
2026-05-24 01:15:01,477 | INFO | httpx | HTTP Request: GET https://huggingface.co/api/models/apple/mobilevit-small/commits/main "HTTP/1.1 200 OK"
2026-05-24 01:15:01,703 | INFO | httpx | HTTP Request: GET https://huggingface.co/api/models/apple/mobilevit-small/discussions?p=0 "HTTP/1.1 200 OK"
2026-05-24 01:15:01,942 | INFO | httpx | HTTP Request: GET https://huggingface.co/api/models/apple/mobilevit-small/commits/refs%2Fpr%2F6 "HTTP/1.1 200 OK"
2026-05-24 01:15:02,161 | INFO | httpx | HTTP Request: HEAD https://huggingface.co/apple/mobilevit-small/resolve/refs%2Fpr%2F6/model.safetensors.index.json "HTTP/1.1 404 Not Found"
2026-05-24 01:15:02,382 | INFO | httpx | HTTP Request: HEAD https://huggingface.co/apple/mobilevit-small/resolve/refs%2Fpr%2F6/model.safetensors "HTTP/1.1 302 Found"
2026-05-24 01:15:02,673 | INFO | model_trainers.mobile_vit_trainer | Epoch [01/500] | Train Acc: 49.2% | Val Acc: 46.3% | Val Loss: 0.7159
2026-05-24 01:15:02,761 | INFO | model_trainers.mobile_vit_trainer |   ↳ new best val loss; saved checkpoint: /home/leggo/AIResearch/VOGBasedMCIDetectionSystemMobileViTSingleExperimentInference/outputs/checkpoints/run_20260524_010543/fold_08_best.pth
2026-05-24 01:15:03,797 | INFO | model_trainers.mobile_vit_trainer | Epoch [02/500] | Train Acc: 57.8% | Val Acc: 45.1% | Val Loss: 0.7121
2026-05-24 01:15:03,907 | INFO | model_trainers.mobile_vit_trainer |   ↳ new best val loss; saved checkpoint: /home/leggo/AIResearch/VOGBasedMCIDetectionSystemMobileViTSingleExperimentInference/outputs/checkpoints/run_20260524_010543/fold_08_best.pth
2026-05-24 01:15:04,937 | INFO | model_trainers.mobile_vit_trainer | Epoch [03/500] | Train Acc: 52.3% | Val Acc: 42.7% | Val Loss: 0.7374
2026-05-24 01:15:05,969 | INFO | model_trainers.mobile_vit_trainer | Epoch [04/500] | Train Acc: 60.2% | Val Acc: 43.9% | Val Loss: 0.7346
2026-05-24 01:15:07,003 | INFO | model_trainers.mobile_vit_trainer | Epoch [05/500] | Train Acc: 59.4% | Val Acc: 39.0% | Val Loss: 0.7340
2026-05-24 01:15:08,031 | INFO | model_trainers.mobile_vit_trainer | Epoch [06/500] | Train Acc: 48.4% | Val Acc: 35.4% | Val Loss: 0.7455
2026-05-24 01:15:09,057 | INFO | model_trainers.mobile_vit_trainer | Epoch [07/500] | Train Acc: 54.7% | Val Acc: 40.2% | Val Loss: 0.7649
2026-05-24 01:15:10,086 | INFO | model_trainers.mobile_vit_trainer | Epoch [08/500] | Train Acc: 47.7% | Val Acc: 37.8% | Val Loss: 0.7687
2026-05-24 01:15:11,116 | INFO | model_trainers.mobile_vit_trainer | Epoch [09/500] | Train Acc: 64.1% | Val Acc: 39.0% | Val Loss: 0.7557
2026-05-24 01:15:12,140 | INFO | model_trainers.mobile_vit_trainer | Epoch [10/500] | Train Acc: 61.7% | Val Acc: 37.8% | Val Loss: 0.7614
2026-05-24 01:15:13,166 | INFO | model_trainers.mobile_vit_trainer | Epoch [11/500] | Train Acc: 57.8% | Val Acc: 31.7% | Val Loss: 0.7761
2026-05-24 01:15:14,183 | INFO | model_trainers.mobile_vit_trainer | Epoch [12/500] | Train Acc: 54.7% | Val Acc: 36.6% | Val Loss: 0.7757
2026-05-24 01:15:15,206 | INFO | model_trainers.mobile_vit_trainer | Epoch [13/500] | Train Acc: 53.9% | Val Acc: 35.4% | Val Loss: 0.7774
2026-05-24 01:15:16,228 | INFO | model_trainers.mobile_vit_trainer | Epoch [14/500] | Train Acc: 60.2% | Val Acc: 40.2% | Val Loss: 0.7747
2026-05-24 01:15:17,249 | INFO | model_trainers.mobile_vit_trainer | Epoch [15/500] | Train Acc: 53.1% | Val Acc: 39.0% | Val Loss: 0.7662
2026-05-24 01:15:18,271 | INFO | model_trainers.mobile_vit_trainer | Epoch [16/500] | Train Acc: 56.2% | Val Acc: 39.0% | Val Loss: 0.7658
2026-05-24 01:15:19,300 | INFO | model_trainers.mobile_vit_trainer | Epoch [17/500] | Train Acc: 63.3% | Val Acc: 39.0% | Val Loss: 0.7669
2026-05-24 01:15:20,318 | INFO | model_trainers.mobile_vit_trainer | Epoch [18/500] | Train Acc: 53.1% | Val Acc: 37.8% | Val Loss: 0.7686
2026-05-24 01:15:21,335 | INFO | model_trainers.mobile_vit_trainer | Epoch [19/500] | Train Acc: 57.8% | Val Acc: 37.8% | Val Loss: 0.7723
2026-05-24 01:15:22,356 | INFO | model_trainers.mobile_vit_trainer | Epoch [20/500] | Train Acc: 54.7% | Val Acc: 37.8% | Val Loss: 0.7742
2026-05-24 01:15:23,384 | INFO | model_trainers.mobile_vit_trainer | Epoch [21/500] | Train Acc: 54.7% | Val Acc: 32.9% | Val Loss: 0.7805
2026-05-24 01:15:24,406 | INFO | model_trainers.mobile_vit_trainer | Epoch [22/500] | Train Acc: 53.1% | Val Acc: 40.2% | Val Loss: 0.7856
2026-05-24 01:15:25,427 | INFO | model_trainers.mobile_vit_trainer | Epoch [23/500] | Train Acc: 57.0% | Val Acc: 41.5% | Val Loss: 0.7882
2026-05-24 01:15:26,459 | INFO | model_trainers.mobile_vit_trainer | Epoch [24/500] | Train Acc: 47.7% | Val Acc: 40.2% | Val Loss: 0.7838
2026-05-24 01:15:27,496 | INFO | model_trainers.mobile_vit_trainer | Epoch [25/500] | Train Acc: 55.5% | Val Acc: 35.4% | Val Loss: 0.7757
2026-05-24 01:15:28,535 | INFO | model_trainers.mobile_vit_trainer | Epoch [26/500] | Train Acc: 68.8% | Val Acc: 35.4% | Val Loss: 0.7734
2026-05-24 01:15:29,574 | INFO | model_trainers.mobile_vit_trainer | Epoch [27/500] | Train Acc: 64.8% | Val Acc: 34.1% | Val Loss: 0.7724
2026-05-24 01:15:30,610 | INFO | model_trainers.mobile_vit_trainer | Epoch [28/500] | Train Acc: 61.7% | Val Acc: 36.6% | Val Loss: 0.7714
2026-05-24 01:15:31,648 | INFO | model_trainers.mobile_vit_trainer | Epoch [29/500] | Train Acc: 55.5% | Val Acc: 36.6% | Val Loss: 0.7728
2026-05-24 01:15:32,686 | INFO | model_trainers.mobile_vit_trainer | Epoch [30/500] | Train Acc: 57.8% | Val Acc: 36.6% | Val Loss: 0.7762
2026-05-24 01:15:33,723 | INFO | model_trainers.mobile_vit_trainer | Epoch [31/500] | Train Acc: 59.4% | Val Acc: 37.8% | Val Loss: 0.7756
2026-05-24 01:15:34,804 | INFO | model_trainers.mobile_vit_trainer | Epoch [32/500] | Train Acc: 60.2% | Val Acc: 39.0% | Val Loss: 0.7772
2026-05-24 01:15:35,941 | INFO | model_trainers.mobile_vit_trainer | Epoch [33/500] | Train Acc: 60.2% | Val Acc: 34.1% | Val Loss: 0.7754
2026-05-24 01:15:37,252 | INFO | model_trainers.mobile_vit_trainer | Epoch [34/500] | Train Acc: 53.1% | Val Acc: 39.0% | Val Loss: 0.7789
2026-05-24 01:15:39,091 | INFO | model_trainers.mobile_vit_trainer | Epoch [35/500] | Train Acc: 52.3% | Val Acc: 32.9% | Val Loss: 0.7833
2026-05-24 01:15:41,248 | INFO | model_trainers.mobile_vit_trainer | Epoch [36/500] | Train Acc: 60.9% | Val Acc: 37.8% | Val Loss: 0.7838
2026-05-24 01:15:43,463 | INFO | model_trainers.mobile_vit_trainer | Epoch [37/500] | Train Acc: 53.1% | Val Acc: 40.2% | Val Loss: 0.7840
2026-05-24 01:15:45,626 | INFO | model_trainers.mobile_vit_trainer | Epoch [38/500] | Train Acc: 72.7% | Val Acc: 39.0% | Val Loss: 0.7842
2026-05-24 01:15:47,823 | INFO | model_trainers.mobile_vit_trainer | Epoch [39/500] | Train Acc: 53.9% | Val Acc: 39.0% | Val Loss: 0.7836
2026-05-24 01:15:49,994 | INFO | model_trainers.mobile_vit_trainer | Epoch [40/500] | Train Acc: 59.4% | Val Acc: 39.0% | Val Loss: 0.7861
2026-05-24 01:15:52,182 | INFO | model_trainers.mobile_vit_trainer | Epoch [41/500] | Train Acc: 51.6% | Val Acc: 35.4% | Val Loss: 0.7865
2026-05-24 01:15:54,367 | INFO | model_trainers.mobile_vit_trainer | Epoch [42/500] | Train Acc: 53.1% | Val Acc: 34.1% | Val Loss: 0.7878
2026-05-24 01:15:54,368 | INFO | model_trainers.mobile_vit_trainer | Early stop at epoch 42 (no val-loss improvement for 40 epochs; best=0.7121)
2026-05-24 01:15:55,089 | INFO | evaluators.monte_carlo_evaluator | -> Fold 09 Result | Acc=0.083 Sens=0.000 Spec=0.333 AUROC=0.148
2026-05-24 01:15:55,089 | INFO | evaluators.monte_carlo_evaluator | === Fold 10/30 | train: 23 subj / 164 windows | test: 11 subj / 65 windows ===
2026-05-24 01:15:55,318 | INFO | httpx | HTTP Request: HEAD https://huggingface.co/apple/mobilevit-small/resolve/main/config.json "HTTP/1.1 307 Temporary Redirect"
2026-05-24 01:15:55,335 | INFO | httpx | HTTP Request: HEAD https://huggingface.co/api/resolve-cache/models/apple/mobilevit-small/6c8612545dc98676d27bc518fa521d9e9af23e34/config.json "HTTP/1.1 200 OK"
2026-05-24 01:15:55,598 | INFO | httpx | HTTP Request: HEAD https://huggingface.co/apple/mobilevit-small/resolve/main/model.safetensors "HTTP/1.1 404 Not Found"
2026-05-24 01:15:55,811 | INFO | httpx | HTTP Request: HEAD https://huggingface.co/apple/mobilevit-small/resolve/main/model.safetensors.index.json "HTTP/1.1 404 Not Found"
2026-05-24 01:15:56,030 | INFO | httpx | HTTP Request: HEAD https://huggingface.co/apple/mobilevit-small/resolve/main/pytorch_model.bin "HTTP/1.1 302 Found"
2026-05-24 01:15:56,244 | INFO | httpx | HTTP Request: HEAD https://huggingface.co/apple/mobilevit-small/resolve/main/model.safetensors "HTTP/1.1 404 Not Found"
2026-05-24 01:15:56,462 | INFO | httpx | HTTP Request: GET https://huggingface.co/api/models/apple/mobilevit-small "HTTP/1.1 200 OK"
2026-05-24 01:15:56,830 | INFO | httpx | HTTP Request: GET https://huggingface.co/api/models/apple/mobilevit-small/commits/main "HTTP/1.1 200 OK"
2026-05-24 01:15:57,056 | INFO | httpx | HTTP Request: GET https://huggingface.co/api/models/apple/mobilevit-small/discussions?p=0 "HTTP/1.1 200 OK"
2026-05-24 01:15:57,380 | INFO | httpx | HTTP Request: GET https://huggingface.co/api/models/apple/mobilevit-small/commits/refs%2Fpr%2F6 "HTTP/1.1 200 OK"
2026-05-24 01:15:57,597 | INFO | httpx | HTTP Request: HEAD https://huggingface.co/apple/mobilevit-small/resolve/refs%2Fpr%2F6/model.safetensors.index.json "HTTP/1.1 404 Not Found"
2026-05-24 01:15:57,809 | INFO | httpx | HTTP Request: HEAD https://huggingface.co/apple/mobilevit-small/resolve/refs%2Fpr%2F6/model.safetensors "HTTP/1.1 302 Found"
2026-05-24 01:15:59,623 | INFO | model_trainers.mobile_vit_trainer | Epoch [01/500] | Train Acc: 57.5% | Val Acc: 61.5% | Val Loss: 0.6782
2026-05-24 01:15:59,755 | INFO | model_trainers.mobile_vit_trainer |   ↳ new best val loss; saved checkpoint: /home/leggo/AIResearch/VOGBasedMCIDetectionSystemMobileViTSingleExperimentInference/outputs/checkpoints/run_20260524_010543/fold_09_best.pth
2026-05-24 01:16:02,345 | INFO | model_trainers.mobile_vit_trainer | Epoch [02/500] | Train Acc: 48.1% | Val Acc: 56.9% | Val Loss: 0.6732
2026-05-24 01:16:02,484 | INFO | model_trainers.mobile_vit_trainer |   ↳ new best val loss; saved checkpoint: /home/leggo/AIResearch/VOGBasedMCIDetectionSystemMobileViTSingleExperimentInference/outputs/checkpoints/run_20260524_010543/fold_09_best.pth
2026-05-24 01:16:05,075 | INFO | model_trainers.mobile_vit_trainer | Epoch [03/500] | Train Acc: 55.0% | Val Acc: 56.9% | Val Loss: 0.6855
2026-05-24 01:16:07,710 | INFO | model_trainers.mobile_vit_trainer | Epoch [04/500] | Train Acc: 55.0% | Val Acc: 49.2% | Val Loss: 0.7097
2026-05-24 01:16:10,340 | INFO | model_trainers.mobile_vit_trainer | Epoch [05/500] | Train Acc: 63.1% | Val Acc: 41.5% | Val Loss: 0.7321
2026-05-24 01:16:12,977 | INFO | model_trainers.mobile_vit_trainer | Epoch [06/500] | Train Acc: 53.8% | Val Acc: 38.5% | Val Loss: 0.7417
2026-05-24 01:16:15,624 | INFO | model_trainers.mobile_vit_trainer | Epoch [07/500] | Train Acc: 53.1% | Val Acc: 38.5% | Val Loss: 0.7515
2026-05-24 01:16:18,244 | INFO | model_trainers.mobile_vit_trainer | Epoch [08/500] | Train Acc: 54.4% | Val Acc: 40.0% | Val Loss: 0.7707
2026-05-24 01:16:20,848 | INFO | model_trainers.mobile_vit_trainer | Epoch [09/500] | Train Acc: 55.0% | Val Acc: 35.4% | Val Loss: 0.8020
2026-05-24 01:16:23,434 | INFO | model_trainers.mobile_vit_trainer | Epoch [10/500] | Train Acc: 55.6% | Val Acc: 32.3% | Val Loss: 0.8233
2026-05-24 01:16:26,045 | INFO | model_trainers.mobile_vit_trainer | Epoch [11/500] | Train Acc: 55.0% | Val Acc: 30.8% | Val Loss: 0.8381
2026-05-24 01:16:28,606 | INFO | model_trainers.mobile_vit_trainer | Epoch [12/500] | Train Acc: 58.8% | Val Acc: 30.8% | Val Loss: 0.8573
2026-05-24 01:16:31,163 | INFO | model_trainers.mobile_vit_trainer | Epoch [13/500] | Train Acc: 55.0% | Val Acc: 30.8% | Val Loss: 0.8673
2026-05-24 01:16:33,761 | INFO | model_trainers.mobile_vit_trainer | Epoch [14/500] | Train Acc: 56.2% | Val Acc: 29.2% | Val Loss: 0.8687
2026-05-24 01:16:36,398 | INFO | model_trainers.mobile_vit_trainer | Epoch [15/500] | Train Acc: 56.2% | Val Acc: 29.2% | Val Loss: 0.8668
2026-05-24 01:16:39,029 | INFO | model_trainers.mobile_vit_trainer | Epoch [16/500] | Train Acc: 61.2% | Val Acc: 30.8% | Val Loss: 0.8603
2026-05-24 01:16:41,644 | INFO | model_trainers.mobile_vit_trainer | Epoch [17/500] | Train Acc: 57.5% | Val Acc: 29.2% | Val Loss: 0.8584
2026-05-24 01:16:44,167 | INFO | model_trainers.mobile_vit_trainer | Epoch [18/500] | Train Acc: 51.2% | Val Acc: 27.7% | Val Loss: 0.8494
2026-05-24 01:16:46,745 | INFO | model_trainers.mobile_vit_trainer | Epoch [19/500] | Train Acc: 62.5% | Val Acc: 26.2% | Val Loss: 0.8425
2026-05-24 01:16:49,378 | INFO | model_trainers.mobile_vit_trainer | Epoch [20/500] | Train Acc: 56.9% | Val Acc: 27.7% | Val Loss: 0.8408
2026-05-24 01:16:52,018 | INFO | model_trainers.mobile_vit_trainer | Epoch [21/500] | Train Acc: 57.5% | Val Acc: 23.1% | Val Loss: 0.8383
2026-05-24 01:16:54,490 | INFO | model_trainers.mobile_vit_trainer | Epoch [22/500] | Train Acc: 58.8% | Val Acc: 23.1% | Val Loss: 0.8417
2026-05-24 01:16:55,911 | INFO | model_trainers.mobile_vit_trainer | Epoch [23/500] | Train Acc: 58.1% | Val Acc: 23.1% | Val Loss: 0.8615
2026-05-24 01:16:57,698 | INFO | model_trainers.mobile_vit_trainer | Epoch [24/500] | Train Acc: 61.9% | Val Acc: 26.2% | Val Loss: 0.8404
2026-05-24 01:17:00,204 | INFO | model_trainers.mobile_vit_trainer | Epoch [25/500] | Train Acc: 56.2% | Val Acc: 26.2% | Val Loss: 0.8411
2026-05-24 01:17:02,694 | INFO | model_trainers.mobile_vit_trainer | Epoch [26/500] | Train Acc: 57.5% | Val Acc: 26.2% | Val Loss: 0.8422
2026-05-24 01:17:05,199 | INFO | model_trainers.mobile_vit_trainer | Epoch [27/500] | Train Acc: 53.1% | Val Acc: 26.2% | Val Loss: 0.8453
2026-05-24 01:17:07,707 | INFO | model_trainers.mobile_vit_trainer | Epoch [28/500] | Train Acc: 58.8% | Val Acc: 27.7% | Val Loss: 0.8423
2026-05-24 01:17:10,221 | INFO | model_trainers.mobile_vit_trainer | Epoch [29/500] | Train Acc: 58.1% | Val Acc: 32.3% | Val Loss: 0.8298
2026-05-24 01:17:12,962 | INFO | model_trainers.mobile_vit_trainer | Epoch [30/500] | Train Acc: 55.6% | Val Acc: 26.2% | Val Loss: 0.8182
2026-05-24 01:17:15,645 | INFO | model_trainers.mobile_vit_trainer | Epoch [31/500] | Train Acc: 63.1% | Val Acc: 27.7% | Val Loss: 0.8209
2026-05-24 01:17:18,275 | INFO | model_trainers.mobile_vit_trainer | Epoch [32/500] | Train Acc: 57.5% | Val Acc: 23.1% | Val Loss: 0.8186
2026-05-24 01:17:20,925 | INFO | model_trainers.mobile_vit_trainer | Epoch [33/500] | Train Acc: 52.5% | Val Acc: 23.1% | Val Loss: 0.8135
2026-05-24 01:17:23,491 | INFO | model_trainers.mobile_vit_trainer | Epoch [34/500] | Train Acc: 61.2% | Val Acc: 26.2% | Val Loss: 0.8233
2026-05-24 01:17:26,109 | INFO | model_trainers.mobile_vit_trainer | Epoch [35/500] | Train Acc: 58.1% | Val Acc: 26.2% | Val Loss: 0.8300
2026-05-24 01:17:28,777 | INFO | model_trainers.mobile_vit_trainer | Epoch [36/500] | Train Acc: 55.0% | Val Acc: 24.6% | Val Loss: 0.8259
2026-05-24 01:17:31,405 | INFO | model_trainers.mobile_vit_trainer | Epoch [37/500] | Train Acc: 58.8% | Val Acc: 26.2% | Val Loss: 0.8201
2026-05-24 01:17:34,026 | INFO | model_trainers.mobile_vit_trainer | Epoch [38/500] | Train Acc: 56.9% | Val Acc: 32.3% | Val Loss: 0.8112
2026-05-24 01:17:36,646 | INFO | model_trainers.mobile_vit_trainer | Epoch [39/500] | Train Acc: 55.0% | Val Acc: 30.8% | Val Loss: 0.8038
2026-05-24 01:17:39,301 | INFO | model_trainers.mobile_vit_trainer | Epoch [40/500] | Train Acc: 66.2% | Val Acc: 29.2% | Val Loss: 0.8044
2026-05-24 01:17:41,855 | INFO | model_trainers.mobile_vit_trainer | Epoch [41/500] | Train Acc: 59.4% | Val Acc: 26.2% | Val Loss: 0.8102
2026-05-24 01:17:44,467 | INFO | model_trainers.mobile_vit_trainer | Epoch [42/500] | Train Acc: 63.1% | Val Acc: 20.0% | Val Loss: 0.8126
2026-05-24 01:17:44,467 | INFO | model_trainers.mobile_vit_trainer | Early stop at epoch 42 (no val-loss improvement for 40 epochs; best=0.6732)
2026-05-24 01:17:45,081 | INFO | evaluators.monte_carlo_evaluator | -> Fold 10 Result | Acc=0.444 Sens=0.800 Spec=0.000 AUROC=0.100
2026-05-24 01:17:45,082 | INFO | evaluators.monte_carlo_evaluator | === Fold 11/30 | train: 23 subj / 147 windows | test: 11 subj / 82 windows ===
2026-05-24 01:17:45,327 | INFO | httpx | HTTP Request: HEAD https://huggingface.co/apple/mobilevit-small/resolve/main/config.json "HTTP/1.1 307 Temporary Redirect"
2026-05-24 01:17:45,343 | INFO | httpx | HTTP Request: HEAD https://huggingface.co/api/resolve-cache/models/apple/mobilevit-small/6c8612545dc98676d27bc518fa521d9e9af23e34/config.json "HTTP/1.1 200 OK"
2026-05-24 01:17:45,614 | INFO | httpx | HTTP Request: HEAD https://huggingface.co/apple/mobilevit-small/resolve/main/model.safetensors "HTTP/1.1 404 Not Found"
2026-05-24 01:17:45,829 | INFO | httpx | HTTP Request: HEAD https://huggingface.co/apple/mobilevit-small/resolve/main/model.safetensors.index.json "HTTP/1.1 404 Not Found"
2026-05-24 01:17:46,039 | INFO | httpx | HTTP Request: HEAD https://huggingface.co/apple/mobilevit-small/resolve/main/pytorch_model.bin "HTTP/1.1 302 Found"
2026-05-24 01:17:46,253 | INFO | httpx | HTTP Request: HEAD https://huggingface.co/apple/mobilevit-small/resolve/main/model.safetensors "HTTP/1.1 404 Not Found"
2026-05-24 01:17:46,465 | INFO | httpx | HTTP Request: GET https://huggingface.co/api/models/apple/mobilevit-small "HTTP/1.1 200 OK"
2026-05-24 01:17:46,731 | INFO | httpx | HTTP Request: GET https://huggingface.co/api/models/apple/mobilevit-small/commits/main "HTTP/1.1 200 OK"
2026-05-24 01:17:46,955 | INFO | httpx | HTTP Request: GET https://huggingface.co/api/models/apple/mobilevit-small/discussions?p=0 "HTTP/1.1 200 OK"
2026-05-24 01:17:47,177 | INFO | httpx | HTTP Request: GET https://huggingface.co/api/models/apple/mobilevit-small/commits/refs%2Fpr%2F6 "HTTP/1.1 200 OK"
2026-05-24 01:17:47,390 | INFO | httpx | HTTP Request: HEAD https://huggingface.co/apple/mobilevit-small/resolve/refs%2Fpr%2F6/model.safetensors.index.json "HTTP/1.1 404 Not Found"
2026-05-24 01:17:47,600 | INFO | httpx | HTTP Request: HEAD https://huggingface.co/apple/mobilevit-small/resolve/refs%2Fpr%2F6/model.safetensors "HTTP/1.1 302 Found"
2026-05-24 01:17:49,402 | INFO | model_trainers.mobile_vit_trainer | Epoch [01/500] | Train Acc: 59.4% | Val Acc: 48.8% | Val Loss: 0.7179
2026-05-24 01:17:49,523 | INFO | model_trainers.mobile_vit_trainer |   ↳ new best val loss; saved checkpoint: /home/leggo/AIResearch/VOGBasedMCIDetectionSystemMobileViTSingleExperimentInference/outputs/checkpoints/run_20260524_010543/fold_10_best.pth
2026-05-24 01:17:51,796 | INFO | model_trainers.mobile_vit_trainer | Epoch [02/500] | Train Acc: 43.8% | Val Acc: 42.7% | Val Loss: 0.7390
2026-05-24 01:17:53,987 | INFO | model_trainers.mobile_vit_trainer | Epoch [03/500] | Train Acc: 54.7% | Val Acc: 36.6% | Val Loss: 0.7744
2026-05-24 01:17:56,178 | INFO | model_trainers.mobile_vit_trainer | Epoch [04/500] | Train Acc: 50.8% | Val Acc: 39.0% | Val Loss: 0.7747
2026-05-24 01:17:58,417 | INFO | model_trainers.mobile_vit_trainer | Epoch [05/500] | Train Acc: 57.0% | Val Acc: 45.1% | Val Loss: 0.7711
2026-05-24 01:18:00,628 | INFO | model_trainers.mobile_vit_trainer | Epoch [06/500] | Train Acc: 51.6% | Val Acc: 40.2% | Val Loss: 0.7673
2026-05-24 01:18:02,834 | INFO | model_trainers.mobile_vit_trainer | Epoch [07/500] | Train Acc: 54.7% | Val Acc: 36.6% | Val Loss: 0.7551
2026-05-24 01:18:05,045 | INFO | model_trainers.mobile_vit_trainer | Epoch [08/500] | Train Acc: 53.9% | Val Acc: 37.8% | Val Loss: 0.7579
2026-05-24 01:18:07,241 | INFO | model_trainers.mobile_vit_trainer | Epoch [09/500] | Train Acc: 53.1% | Val Acc: 42.7% | Val Loss: 0.7693
2026-05-24 01:18:09,417 | INFO | model_trainers.mobile_vit_trainer | Epoch [10/500] | Train Acc: 57.0% | Val Acc: 42.7% | Val Loss: 0.7665
2026-05-24 01:18:11,620 | INFO | model_trainers.mobile_vit_trainer | Epoch [11/500] | Train Acc: 60.9% | Val Acc: 42.7% | Val Loss: 0.7558
2026-05-24 01:18:13,841 | INFO | model_trainers.mobile_vit_trainer | Epoch [12/500] | Train Acc: 50.8% | Val Acc: 42.7% | Val Loss: 0.7476
2026-05-24 01:18:16,039 | INFO | model_trainers.mobile_vit_trainer | Epoch [13/500] | Train Acc: 53.1% | Val Acc: 42.7% | Val Loss: 0.7394
2026-05-24 01:18:18,227 | INFO | model_trainers.mobile_vit_trainer | Epoch [14/500] | Train Acc: 61.7% | Val Acc: 42.7% | Val Loss: 0.7330
2026-05-24 01:18:20,399 | INFO | model_trainers.mobile_vit_trainer | Epoch [15/500] | Train Acc: 54.7% | Val Acc: 42.7% | Val Loss: 0.7251
2026-05-24 01:18:22,573 | INFO | model_trainers.mobile_vit_trainer | Epoch [16/500] | Train Acc: 52.3% | Val Acc: 45.1% | Val Loss: 0.7276
2026-05-24 01:18:24,813 | INFO | model_trainers.mobile_vit_trainer | Epoch [17/500] | Train Acc: 56.2% | Val Acc: 43.9% | Val Loss: 0.7273
2026-05-24 01:18:27,021 | INFO | model_trainers.mobile_vit_trainer | Epoch [18/500] | Train Acc: 57.0% | Val Acc: 45.1% | Val Loss: 0.7250
2026-05-24 01:18:29,236 | INFO | model_trainers.mobile_vit_trainer | Epoch [19/500] | Train Acc: 57.0% | Val Acc: 45.1% | Val Loss: 0.7224
2026-05-24 01:18:31,463 | INFO | model_trainers.mobile_vit_trainer | Epoch [20/500] | Train Acc: 49.2% | Val Acc: 43.9% | Val Loss: 0.7247
2026-05-24 01:18:33,711 | INFO | model_trainers.mobile_vit_trainer | Epoch [21/500] | Train Acc: 60.2% | Val Acc: 42.7% | Val Loss: 0.7199
2026-05-24 01:18:35,935 | INFO | model_trainers.mobile_vit_trainer | Epoch [22/500] | Train Acc: 58.6% | Val Acc: 42.7% | Val Loss: 0.7221
2026-05-24 01:18:38,025 | INFO | model_trainers.mobile_vit_trainer | Epoch [23/500] | Train Acc: 56.2% | Val Acc: 42.7% | Val Loss: 0.7240
2026-05-24 01:18:39,049 | INFO | model_trainers.mobile_vit_trainer | Epoch [24/500] | Train Acc: 53.1% | Val Acc: 42.7% | Val Loss: 0.7278
2026-05-24 01:18:40,268 | INFO | model_trainers.mobile_vit_trainer | Epoch [25/500] | Train Acc: 60.9% | Val Acc: 43.9% | Val Loss: 0.7280
2026-05-24 01:18:42,426 | INFO | model_trainers.mobile_vit_trainer | Epoch [26/500] | Train Acc: 62.5% | Val Acc: 42.7% | Val Loss: 0.7303
2026-05-24 01:18:44,564 | INFO | model_trainers.mobile_vit_trainer | Epoch [27/500] | Train Acc: 61.7% | Val Acc: 41.5% | Val Loss: 0.7290
2026-05-24 01:18:46,584 | INFO | model_trainers.mobile_vit_trainer | Epoch [28/500] | Train Acc: 56.2% | Val Acc: 41.5% | Val Loss: 0.7258
2026-05-24 01:18:48,760 | INFO | model_trainers.mobile_vit_trainer | Epoch [29/500] | Train Acc: 58.6% | Val Acc: 45.1% | Val Loss: 0.7259
2026-05-24 01:18:50,938 | INFO | model_trainers.mobile_vit_trainer | Epoch [30/500] | Train Acc: 57.0% | Val Acc: 45.1% | Val Loss: 0.7305
2026-05-24 01:18:53,147 | INFO | model_trainers.mobile_vit_trainer | Epoch [31/500] | Train Acc: 58.6% | Val Acc: 46.3% | Val Loss: 0.7347
2026-05-24 01:18:55,350 | INFO | model_trainers.mobile_vit_trainer | Epoch [32/500] | Train Acc: 57.8% | Val Acc: 45.1% | Val Loss: 0.7373
2026-05-24 01:18:57,518 | INFO | model_trainers.mobile_vit_trainer | Epoch [33/500] | Train Acc: 60.9% | Val Acc: 43.9% | Val Loss: 0.7354
2026-05-24 01:18:59,701 | INFO | model_trainers.mobile_vit_trainer | Epoch [34/500] | Train Acc: 60.2% | Val Acc: 43.9% | Val Loss: 0.7362
2026-05-24 01:19:01,920 | INFO | model_trainers.mobile_vit_trainer | Epoch [35/500] | Train Acc: 53.1% | Val Acc: 45.1% | Val Loss: 0.7368
2026-05-24 01:19:04,105 | INFO | model_trainers.mobile_vit_trainer | Epoch [36/500] | Train Acc: 58.6% | Val Acc: 42.7% | Val Loss: 0.7389
2026-05-24 01:19:06,374 | INFO | model_trainers.mobile_vit_trainer | Epoch [37/500] | Train Acc: 64.8% | Val Acc: 43.9% | Val Loss: 0.7380
2026-05-24 01:19:08,649 | INFO | model_trainers.mobile_vit_trainer | Epoch [38/500] | Train Acc: 51.6% | Val Acc: 36.6% | Val Loss: 0.7395
2026-05-24 01:19:10,873 | INFO | model_trainers.mobile_vit_trainer | Epoch [39/500] | Train Acc: 50.8% | Val Acc: 36.6% | Val Loss: 0.7409
2026-05-24 01:19:13,076 | INFO | model_trainers.mobile_vit_trainer | Epoch [40/500] | Train Acc: 59.4% | Val Acc: 37.8% | Val Loss: 0.7376
2026-05-24 01:19:15,274 | INFO | model_trainers.mobile_vit_trainer | Epoch [41/500] | Train Acc: 58.6% | Val Acc: 40.2% | Val Loss: 0.7383
2026-05-24 01:19:15,274 | INFO | model_trainers.mobile_vit_trainer | Early stop at epoch 41 (no val-loss improvement for 40 epochs; best=0.7179)
2026-05-24 01:19:15,988 | INFO | evaluators.monte_carlo_evaluator | -> Fold 11 Result | Acc=0.333 Sens=0.222 Spec=0.667 AUROC=0.593
2026-05-24 01:19:15,991 | INFO | evaluators.monte_carlo_evaluator | === Fold 12/30 | train: 23 subj / 143 windows | test: 11 subj / 86 windows ===
2026-05-24 01:19:16,230 | INFO | httpx | HTTP Request: HEAD https://huggingface.co/apple/mobilevit-small/resolve/main/config.json "HTTP/1.1 307 Temporary Redirect"
2026-05-24 01:19:16,247 | INFO | httpx | HTTP Request: HEAD https://huggingface.co/api/resolve-cache/models/apple/mobilevit-small/6c8612545dc98676d27bc518fa521d9e9af23e34/config.json "HTTP/1.1 200 OK"
2026-05-24 01:19:16,493 | INFO | httpx | HTTP Request: HEAD https://huggingface.co/apple/mobilevit-small/resolve/main/model.safetensors "HTTP/1.1 404 Not Found"
2026-05-24 01:19:16,706 | INFO | httpx | HTTP Request: HEAD https://huggingface.co/apple/mobilevit-small/resolve/main/model.safetensors.index.json "HTTP/1.1 404 Not Found"
2026-05-24 01:19:16,912 | INFO | httpx | HTTP Request: HEAD https://huggingface.co/apple/mobilevit-small/resolve/main/pytorch_model.bin "HTTP/1.1 302 Found"
2026-05-24 01:19:17,127 | INFO | httpx | HTTP Request: HEAD https://huggingface.co/apple/mobilevit-small/resolve/main/model.safetensors "HTTP/1.1 404 Not Found"
2026-05-24 01:19:17,343 | INFO | httpx | HTTP Request: GET https://huggingface.co/api/models/apple/mobilevit-small "HTTP/1.1 200 OK"
2026-05-24 01:19:17,657 | INFO | httpx | HTTP Request: GET https://huggingface.co/api/models/apple/mobilevit-small/commits/main "HTTP/1.1 200 OK"
2026-05-24 01:19:17,885 | INFO | httpx | HTTP Request: GET https://huggingface.co/api/models/apple/mobilevit-small/discussions?p=0 "HTTP/1.1 200 OK"
2026-05-24 01:19:18,118 | INFO | httpx | HTTP Request: GET https://huggingface.co/api/models/apple/mobilevit-small/commits/refs%2Fpr%2F6 "HTTP/1.1 200 OK"
2026-05-24 01:19:18,329 | INFO | httpx | HTTP Request: HEAD https://huggingface.co/apple/mobilevit-small/resolve/refs%2Fpr%2F6/model.safetensors.index.json "HTTP/1.1 404 Not Found"
2026-05-24 01:19:18,549 | INFO | httpx | HTTP Request: HEAD https://huggingface.co/apple/mobilevit-small/resolve/refs%2Fpr%2F6/model.safetensors "HTTP/1.1 302 Found"
2026-05-24 01:19:20,089 | INFO | model_trainers.mobile_vit_trainer | Epoch [01/500] | Train Acc: 50.0% | Val Acc: 45.3% | Val Loss: 0.8063
2026-05-24 01:19:20,186 | INFO | model_trainers.mobile_vit_trainer |   ↳ new best val loss; saved checkpoint: /home/leggo/AIResearch/VOGBasedMCIDetectionSystemMobileViTSingleExperimentInference/outputs/checkpoints/run_20260524_010543/fold_11_best.pth
2026-05-24 01:19:22,447 | INFO | model_trainers.mobile_vit_trainer | Epoch [02/500] | Train Acc: 59.4% | Val Acc: 45.3% | Val Loss: 0.7510
2026-05-24 01:19:22,911 | INFO | model_trainers.mobile_vit_trainer |   ↳ new best val loss; saved checkpoint: /home/leggo/AIResearch/VOGBasedMCIDetectionSystemMobileViTSingleExperimentInference/outputs/checkpoints/run_20260524_010543/fold_11_best.pth
2026-05-24 01:19:25,319 | INFO | model_trainers.mobile_vit_trainer | Epoch [03/500] | Train Acc: 54.7% | Val Acc: 44.2% | Val Loss: 0.7314
2026-05-24 01:19:25,440 | INFO | model_trainers.mobile_vit_trainer |   ↳ new best val loss; saved checkpoint: /home/leggo/AIResearch/VOGBasedMCIDetectionSystemMobileViTSingleExperimentInference/outputs/checkpoints/run_20260524_010543/fold_11_best.pth
2026-05-24 01:19:27,681 | INFO | model_trainers.mobile_vit_trainer | Epoch [04/500] | Train Acc: 52.3% | Val Acc: 45.3% | Val Loss: 0.7260
2026-05-24 01:19:27,811 | INFO | model_trainers.mobile_vit_trainer |   ↳ new best val loss; saved checkpoint: /home/leggo/AIResearch/VOGBasedMCIDetectionSystemMobileViTSingleExperimentInference/outputs/checkpoints/run_20260524_010543/fold_11_best.pth
2026-05-24 01:19:30,091 | INFO | model_trainers.mobile_vit_trainer | Epoch [05/500] | Train Acc: 57.8% | Val Acc: 44.2% | Val Loss: 0.7259
2026-05-24 01:19:30,210 | INFO | model_trainers.mobile_vit_trainer |   ↳ new best val loss; saved checkpoint: /home/leggo/AIResearch/VOGBasedMCIDetectionSystemMobileViTSingleExperimentInference/outputs/checkpoints/run_20260524_010543/fold_11_best.pth
2026-05-24 01:19:32,468 | INFO | model_trainers.mobile_vit_trainer | Epoch [06/500] | Train Acc: 64.1% | Val Acc: 43.0% | Val Loss: 0.7299
2026-05-24 01:19:34,725 | INFO | model_trainers.mobile_vit_trainer | Epoch [07/500] | Train Acc: 55.5% | Val Acc: 44.2% | Val Loss: 0.7261
2026-05-24 01:19:36,931 | INFO | model_trainers.mobile_vit_trainer | Epoch [08/500] | Train Acc: 54.7% | Val Acc: 48.8% | Val Loss: 0.7245
2026-05-24 01:19:37,077 | INFO | model_trainers.mobile_vit_trainer |   ↳ new best val loss; saved checkpoint: /home/leggo/AIResearch/VOGBasedMCIDetectionSystemMobileViTSingleExperimentInference/outputs/checkpoints/run_20260524_010543/fold_11_best.pth
2026-05-24 01:19:39,169 | INFO | model_trainers.mobile_vit_trainer | Epoch [09/500] | Train Acc: 59.4% | Val Acc: 50.0% | Val Loss: 0.7278
2026-05-24 01:19:41,243 | INFO | model_trainers.mobile_vit_trainer | Epoch [10/500] | Train Acc: 51.6% | Val Acc: 48.8% | Val Loss: 0.7382
2026-05-24 01:19:43,527 | INFO | model_trainers.mobile_vit_trainer | Epoch [11/500] | Train Acc: 57.0% | Val Acc: 47.7% | Val Loss: 0.7436
2026-05-24 01:19:45,777 | INFO | model_trainers.mobile_vit_trainer | Epoch [12/500] | Train Acc: 50.8% | Val Acc: 46.5% | Val Loss: 0.7430
2026-05-24 01:19:48,014 | INFO | model_trainers.mobile_vit_trainer | Epoch [13/500] | Train Acc: 59.4% | Val Acc: 46.5% | Val Loss: 0.7383
2026-05-24 01:19:50,248 | INFO | model_trainers.mobile_vit_trainer | Epoch [14/500] | Train Acc: 58.6% | Val Acc: 48.8% | Val Loss: 0.7331
2026-05-24 01:19:52,445 | INFO | model_trainers.mobile_vit_trainer | Epoch [15/500] | Train Acc: 60.9% | Val Acc: 50.0% | Val Loss: 0.7247
2026-05-24 01:19:54,648 | INFO | model_trainers.mobile_vit_trainer | Epoch [16/500] | Train Acc: 57.0% | Val Acc: 48.8% | Val Loss: 0.7247
2026-05-24 01:19:56,911 | INFO | model_trainers.mobile_vit_trainer | Epoch [17/500] | Train Acc: 51.6% | Val Acc: 47.7% | Val Loss: 0.7317
2026-05-24 01:19:59,136 | INFO | model_trainers.mobile_vit_trainer | Epoch [18/500] | Train Acc: 57.0% | Val Acc: 47.7% | Val Loss: 0.7385
2026-05-24 01:20:01,348 | INFO | model_trainers.mobile_vit_trainer | Epoch [19/500] | Train Acc: 50.8% | Val Acc: 47.7% | Val Loss: 0.7371
2026-05-24 01:20:03,535 | INFO | model_trainers.mobile_vit_trainer | Epoch [20/500] | Train Acc: 63.3% | Val Acc: 50.0% | Val Loss: 0.7341
2026-05-24 01:20:05,742 | INFO | model_trainers.mobile_vit_trainer | Epoch [21/500] | Train Acc: 62.5% | Val Acc: 51.2% | Val Loss: 0.7264
2026-05-24 01:20:07,981 | INFO | model_trainers.mobile_vit_trainer | Epoch [22/500] | Train Acc: 57.0% | Val Acc: 50.0% | Val Loss: 0.7230
2026-05-24 01:20:08,123 | INFO | model_trainers.mobile_vit_trainer |   ↳ new best val loss; saved checkpoint: /home/leggo/AIResearch/VOGBasedMCIDetectionSystemMobileViTSingleExperimentInference/outputs/checkpoints/run_20260524_010543/fold_11_best.pth
2026-05-24 01:20:10,300 | INFO | model_trainers.mobile_vit_trainer | Epoch [23/500] | Train Acc: 58.6% | Val Acc: 50.0% | Val Loss: 0.7262
2026-05-24 01:20:12,546 | INFO | model_trainers.mobile_vit_trainer | Epoch [24/500] | Train Acc: 52.3% | Val Acc: 47.7% | Val Loss: 0.7206
2026-05-24 01:20:12,685 | INFO | model_trainers.mobile_vit_trainer |   ↳ new best val loss; saved checkpoint: /home/leggo/AIResearch/VOGBasedMCIDetectionSystemMobileViTSingleExperimentInference/outputs/checkpoints/run_20260524_010543/fold_11_best.pth
2026-05-24 01:20:14,855 | INFO | model_trainers.mobile_vit_trainer | Epoch [25/500] | Train Acc: 60.2% | Val Acc: 51.2% | Val Loss: 0.7179
2026-05-24 01:20:15,005 | INFO | model_trainers.mobile_vit_trainer |   ↳ new best val loss; saved checkpoint: /home/leggo/AIResearch/VOGBasedMCIDetectionSystemMobileViTSingleExperimentInference/outputs/checkpoints/run_20260524_010543/fold_11_best.pth
2026-05-24 01:20:17,221 | INFO | model_trainers.mobile_vit_trainer | Epoch [26/500] | Train Acc: 64.1% | Val Acc: 50.0% | Val Loss: 0.7241
2026-05-24 01:20:19,423 | INFO | model_trainers.mobile_vit_trainer | Epoch [27/500] | Train Acc: 55.5% | Val Acc: 50.0% | Val Loss: 0.7274
2026-05-24 01:20:21,626 | INFO | model_trainers.mobile_vit_trainer | Epoch [28/500] | Train Acc: 55.5% | Val Acc: 48.8% | Val Loss: 0.7294
2026-05-24 01:20:23,834 | INFO | model_trainers.mobile_vit_trainer | Epoch [29/500] | Train Acc: 62.5% | Val Acc: 45.3% | Val Loss: 0.7336
2026-05-24 01:20:26,071 | INFO | model_trainers.mobile_vit_trainer | Epoch [30/500] | Train Acc: 54.7% | Val Acc: 44.2% | Val Loss: 0.7308
2026-05-24 01:20:28,269 | INFO | model_trainers.mobile_vit_trainer | Epoch [31/500] | Train Acc: 62.5% | Val Acc: 44.2% | Val Loss: 0.7343
2026-05-24 01:20:30,461 | INFO | model_trainers.mobile_vit_trainer | Epoch [32/500] | Train Acc: 54.7% | Val Acc: 43.0% | Val Loss: 0.7357
2026-05-24 01:20:32,666 | INFO | model_trainers.mobile_vit_trainer | Epoch [33/500] | Train Acc: 57.0% | Val Acc: 45.3% | Val Loss: 0.7273
2026-05-24 01:20:34,900 | INFO | model_trainers.mobile_vit_trainer | Epoch [34/500] | Train Acc: 61.7% | Val Acc: 44.2% | Val Loss: 0.7288
2026-05-24 01:20:37,110 | INFO | model_trainers.mobile_vit_trainer | Epoch [35/500] | Train Acc: 64.1% | Val Acc: 45.3% | Val Loss: 0.7421
2026-05-24 01:20:39,320 | INFO | model_trainers.mobile_vit_trainer | Epoch [36/500] | Train Acc: 58.6% | Val Acc: 44.2% | Val Loss: 0.7384
2026-05-24 01:20:41,513 | INFO | model_trainers.mobile_vit_trainer | Epoch [37/500] | Train Acc: 57.8% | Val Acc: 45.3% | Val Loss: 0.7306
2026-05-24 01:20:43,761 | INFO | model_trainers.mobile_vit_trainer | Epoch [38/500] | Train Acc: 55.5% | Val Acc: 43.0% | Val Loss: 0.7239
2026-05-24 01:20:46,008 | INFO | model_trainers.mobile_vit_trainer | Epoch [39/500] | Train Acc: 60.2% | Val Acc: 45.3% | Val Loss: 0.7183
2026-05-24 01:20:48,256 | INFO | model_trainers.mobile_vit_trainer | Epoch [40/500] | Train Acc: 60.9% | Val Acc: 47.7% | Val Loss: 0.7148
2026-05-24 01:20:48,391 | INFO | model_trainers.mobile_vit_trainer |   ↳ new best val loss; saved checkpoint: /home/leggo/AIResearch/VOGBasedMCIDetectionSystemMobileViTSingleExperimentInference/outputs/checkpoints/run_20260524_010543/fold_11_best.pth
2026-05-24 01:20:50,599 | INFO | model_trainers.mobile_vit_trainer | Epoch [41/500] | Train Acc: 57.8% | Val Acc: 45.3% | Val Loss: 0.7170
2026-05-24 01:20:52,840 | INFO | model_trainers.mobile_vit_trainer | Epoch [42/500] | Train Acc: 62.5% | Val Acc: 47.7% | Val Loss: 0.7207
2026-05-24 01:20:55,060 | INFO | model_trainers.mobile_vit_trainer | Epoch [43/500] | Train Acc: 61.7% | Val Acc: 48.8% | Val Loss: 0.7245
2026-05-24 01:20:57,261 | INFO | model_trainers.mobile_vit_trainer | Epoch [44/500] | Train Acc: 56.2% | Val Acc: 51.2% | Val Loss: 0.7346
2026-05-24 01:20:59,464 | INFO | model_trainers.mobile_vit_trainer | Epoch [45/500] | Train Acc: 66.4% | Val Acc: 44.2% | Val Loss: 0.7391
2026-05-24 01:21:01,707 | INFO | model_trainers.mobile_vit_trainer | Epoch [46/500] | Train Acc: 60.2% | Val Acc: 44.2% | Val Loss: 0.7438
2026-05-24 01:21:03,958 | INFO | model_trainers.mobile_vit_trainer | Epoch [47/500] | Train Acc: 61.7% | Val Acc: 46.5% | Val Loss: 0.7484
2026-05-24 01:21:06,187 | INFO | model_trainers.mobile_vit_trainer | Epoch [48/500] | Train Acc: 60.9% | Val Acc: 47.7% | Val Loss: 0.7456
2026-05-24 01:21:08,392 | INFO | model_trainers.mobile_vit_trainer | Epoch [49/500] | Train Acc: 60.9% | Val Acc: 44.2% | Val Loss: 0.7397
2026-05-24 01:21:10,581 | INFO | model_trainers.mobile_vit_trainer | Epoch [50/500] | Train Acc: 62.5% | Val Acc: 48.8% | Val Loss: 0.7268
2026-05-24 01:21:12,845 | INFO | model_trainers.mobile_vit_trainer | Epoch [51/500] | Train Acc: 64.8% | Val Acc: 46.5% | Val Loss: 0.7210
2026-05-24 01:21:14,386 | INFO | model_trainers.mobile_vit_trainer | Epoch [52/500] | Train Acc: 56.2% | Val Acc: 50.0% | Val Loss: 0.7198
2026-05-24 01:21:15,444 | INFO | model_trainers.mobile_vit_trainer | Epoch [53/500] | Train Acc: 64.1% | Val Acc: 50.0% | Val Loss: 0.7288
2026-05-24 01:21:17,375 | INFO | model_trainers.mobile_vit_trainer | Epoch [54/500] | Train Acc: 58.6% | Val Acc: 46.5% | Val Loss: 0.7352
2026-05-24 01:21:19,443 | INFO | model_trainers.mobile_vit_trainer | Epoch [55/500] | Train Acc: 59.4% | Val Acc: 46.5% | Val Loss: 0.7314
2026-05-24 01:21:21,640 | INFO | model_trainers.mobile_vit_trainer | Epoch [56/500] | Train Acc: 57.8% | Val Acc: 45.3% | Val Loss: 0.7303
2026-05-24 01:21:23,867 | INFO | model_trainers.mobile_vit_trainer | Epoch [57/500] | Train Acc: 68.0% | Val Acc: 45.3% | Val Loss: 0.7312
2026-05-24 01:21:26,073 | INFO | model_trainers.mobile_vit_trainer | Epoch [58/500] | Train Acc: 65.6% | Val Acc: 46.5% | Val Loss: 0.7293
2026-05-24 01:21:28,333 | INFO | model_trainers.mobile_vit_trainer | Epoch [59/500] | Train Acc: 62.5% | Val Acc: 45.3% | Val Loss: 0.7329
2026-05-24 01:21:30,541 | INFO | model_trainers.mobile_vit_trainer | Epoch [60/500] | Train Acc: 67.2% | Val Acc: 52.3% | Val Loss: 0.7333
2026-05-24 01:21:32,763 | INFO | model_trainers.mobile_vit_trainer | Epoch [61/500] | Train Acc: 63.3% | Val Acc: 47.7% | Val Loss: 0.7330
2026-05-24 01:21:34,995 | INFO | model_trainers.mobile_vit_trainer | Epoch [62/500] | Train Acc: 66.4% | Val Acc: 46.5% | Val Loss: 0.7337
2026-05-24 01:21:37,176 | INFO | model_trainers.mobile_vit_trainer | Epoch [63/500] | Train Acc: 65.6% | Val Acc: 45.3% | Val Loss: 0.7378
2026-05-24 01:21:39,392 | INFO | model_trainers.mobile_vit_trainer | Epoch [64/500] | Train Acc: 63.3% | Val Acc: 41.9% | Val Loss: 0.7433
2026-05-24 01:21:41,621 | INFO | model_trainers.mobile_vit_trainer | Epoch [65/500] | Train Acc: 60.9% | Val Acc: 44.2% | Val Loss: 0.7464
2026-05-24 01:21:43,819 | INFO | model_trainers.mobile_vit_trainer | Epoch [66/500] | Train Acc: 62.5% | Val Acc: 44.2% | Val Loss: 0.7501
2026-05-24 01:21:46,041 | INFO | model_trainers.mobile_vit_trainer | Epoch [67/500] | Train Acc: 62.5% | Val Acc: 44.2% | Val Loss: 0.7547
2026-05-24 01:21:48,256 | INFO | model_trainers.mobile_vit_trainer | Epoch [68/500] | Train Acc: 68.0% | Val Acc: 43.0% | Val Loss: 0.7495
2026-05-24 01:21:50,474 | INFO | model_trainers.mobile_vit_trainer | Epoch [69/500] | Train Acc: 63.3% | Val Acc: 40.7% | Val Loss: 0.7455
2026-05-24 01:21:52,682 | INFO | model_trainers.mobile_vit_trainer | Epoch [70/500] | Train Acc: 71.1% | Val Acc: 38.4% | Val Loss: 0.7466
2026-05-24 01:21:54,892 | INFO | model_trainers.mobile_vit_trainer | Epoch [71/500] | Train Acc: 62.5% | Val Acc: 39.5% | Val Loss: 0.7503
2026-05-24 01:21:57,112 | INFO | model_trainers.mobile_vit_trainer | Epoch [72/500] | Train Acc: 64.1% | Val Acc: 38.4% | Val Loss: 0.7526
2026-05-24 01:21:59,320 | INFO | model_trainers.mobile_vit_trainer | Epoch [73/500] | Train Acc: 64.8% | Val Acc: 36.0% | Val Loss: 0.7544
2026-05-24 01:22:01,535 | INFO | model_trainers.mobile_vit_trainer | Epoch [74/500] | Train Acc: 66.4% | Val Acc: 37.2% | Val Loss: 0.7562
2026-05-24 01:22:03,749 | INFO | model_trainers.mobile_vit_trainer | Epoch [75/500] | Train Acc: 68.0% | Val Acc: 36.0% | Val Loss: 0.7561
2026-05-24 01:22:05,958 | INFO | model_trainers.mobile_vit_trainer | Epoch [76/500] | Train Acc: 69.5% | Val Acc: 37.2% | Val Loss: 0.7647
2026-05-24 01:22:08,167 | INFO | model_trainers.mobile_vit_trainer | Epoch [77/500] | Train Acc: 60.9% | Val Acc: 36.0% | Val Loss: 0.7738
2026-05-24 01:22:10,410 | INFO | model_trainers.mobile_vit_trainer | Epoch [78/500] | Train Acc: 60.2% | Val Acc: 34.9% | Val Loss: 0.7793
2026-05-24 01:22:12,645 | INFO | model_trainers.mobile_vit_trainer | Epoch [79/500] | Train Acc: 69.5% | Val Acc: 37.2% | Val Loss: 0.7746
2026-05-24 01:22:14,873 | INFO | model_trainers.mobile_vit_trainer | Epoch [80/500] | Train Acc: 63.3% | Val Acc: 40.7% | Val Loss: 0.7654
2026-05-24 01:22:14,876 | INFO | model_trainers.mobile_vit_trainer | Early stop at epoch 80 (no val-loss improvement for 40 epochs; best=0.7148)
2026-05-24 01:22:15,634 | INFO | evaluators.monte_carlo_evaluator | -> Fold 12 Result | Acc=0.417 Sens=0.571 Spec=0.200 AUROC=0.200
2026-05-24 01:22:15,635 | INFO | evaluators.monte_carlo_evaluator | === Fold 13/30 | train: 23 subj / 144 windows | test: 11 subj / 85 windows ===
2026-05-24 01:22:15,888 | INFO | httpx | HTTP Request: HEAD https://huggingface.co/apple/mobilevit-small/resolve/main/config.json "HTTP/1.1 307 Temporary Redirect"
2026-05-24 01:22:15,908 | INFO | httpx | HTTP Request: HEAD https://huggingface.co/api/resolve-cache/models/apple/mobilevit-small/6c8612545dc98676d27bc518fa521d9e9af23e34/config.json "HTTP/1.1 200 OK"
2026-05-24 01:22:16,178 | INFO | httpx | HTTP Request: HEAD https://huggingface.co/apple/mobilevit-small/resolve/main/model.safetensors "HTTP/1.1 404 Not Found"
2026-05-24 01:22:16,396 | INFO | httpx | HTTP Request: HEAD https://huggingface.co/apple/mobilevit-small/resolve/main/model.safetensors.index.json "HTTP/1.1 404 Not Found"
2026-05-24 01:22:16,614 | INFO | httpx | HTTP Request: HEAD https://huggingface.co/apple/mobilevit-small/resolve/main/pytorch_model.bin "HTTP/1.1 302 Found"
2026-05-24 01:22:16,833 | INFO | httpx | HTTP Request: HEAD https://huggingface.co/apple/mobilevit-small/resolve/main/model.safetensors "HTTP/1.1 404 Not Found"
2026-05-24 01:22:17,055 | INFO | httpx | HTTP Request: GET https://huggingface.co/api/models/apple/mobilevit-small "HTTP/1.1 200 OK"
2026-05-24 01:22:17,367 | INFO | httpx | HTTP Request: GET https://huggingface.co/api/models/apple/mobilevit-small/commits/main "HTTP/1.1 200 OK"
2026-05-24 01:22:17,595 | INFO | httpx | HTTP Request: GET https://huggingface.co/api/models/apple/mobilevit-small/discussions?p=0 "HTTP/1.1 200 OK"
2026-05-24 01:22:17,833 | INFO | httpx | HTTP Request: GET https://huggingface.co/api/models/apple/mobilevit-small/commits/refs%2Fpr%2F6 "HTTP/1.1 200 OK"
2026-05-24 01:22:18,045 | INFO | httpx | HTTP Request: HEAD https://huggingface.co/apple/mobilevit-small/resolve/refs%2Fpr%2F6/model.safetensors.index.json "HTTP/1.1 404 Not Found"
2026-05-24 01:22:18,264 | INFO | httpx | HTTP Request: HEAD https://huggingface.co/apple/mobilevit-small/resolve/refs%2Fpr%2F6/model.safetensors "HTTP/1.1 302 Found"
2026-05-24 01:22:19,777 | INFO | model_trainers.mobile_vit_trainer | Epoch [01/500] | Train Acc: 50.0% | Val Acc: 50.6% | Val Loss: 0.7238
2026-05-24 01:22:19,872 | INFO | model_trainers.mobile_vit_trainer |   ↳ new best val loss; saved checkpoint: /home/leggo/AIResearch/VOGBasedMCIDetectionSystemMobileViTSingleExperimentInference/outputs/checkpoints/run_20260524_010543/fold_12_best.pth
2026-05-24 01:22:22,128 | INFO | model_trainers.mobile_vit_trainer | Epoch [02/500] | Train Acc: 53.9% | Val Acc: 52.9% | Val Loss: 0.7193
2026-05-24 01:22:22,246 | INFO | model_trainers.mobile_vit_trainer |   ↳ new best val loss; saved checkpoint: /home/leggo/AIResearch/VOGBasedMCIDetectionSystemMobileViTSingleExperimentInference/outputs/checkpoints/run_20260524_010543/fold_12_best.pth
2026-05-24 01:22:24,478 | INFO | model_trainers.mobile_vit_trainer | Epoch [03/500] | Train Acc: 48.4% | Val Acc: 50.6% | Val Loss: 0.7213
2026-05-24 01:22:26,726 | INFO | model_trainers.mobile_vit_trainer | Epoch [04/500] | Train Acc: 47.7% | Val Acc: 48.2% | Val Loss: 0.7235
2026-05-24 01:22:28,957 | INFO | model_trainers.mobile_vit_trainer | Epoch [05/500] | Train Acc: 50.8% | Val Acc: 47.1% | Val Loss: 0.7209
2026-05-24 01:22:31,157 | INFO | model_trainers.mobile_vit_trainer | Epoch [06/500] | Train Acc: 52.3% | Val Acc: 49.4% | Val Loss: 0.7072
2026-05-24 01:22:31,298 | INFO | model_trainers.mobile_vit_trainer |   ↳ new best val loss; saved checkpoint: /home/leggo/AIResearch/VOGBasedMCIDetectionSystemMobileViTSingleExperimentInference/outputs/checkpoints/run_20260524_010543/fold_12_best.pth
2026-05-24 01:22:33,479 | INFO | model_trainers.mobile_vit_trainer | Epoch [07/500] | Train Acc: 58.6% | Val Acc: 52.9% | Val Loss: 0.7091
2026-05-24 01:22:35,673 | INFO | model_trainers.mobile_vit_trainer | Epoch [08/500] | Train Acc: 44.5% | Val Acc: 50.6% | Val Loss: 0.7311
2026-05-24 01:22:37,876 | INFO | model_trainers.mobile_vit_trainer | Epoch [09/500] | Train Acc: 50.0% | Val Acc: 48.2% | Val Loss: 0.7347
2026-05-24 01:22:40,110 | INFO | model_trainers.mobile_vit_trainer | Epoch [10/500] | Train Acc: 44.5% | Val Acc: 44.7% | Val Loss: 0.7314
2026-05-24 01:22:42,336 | INFO | model_trainers.mobile_vit_trainer | Epoch [11/500] | Train Acc: 53.1% | Val Acc: 49.4% | Val Loss: 0.7287
2026-05-24 01:22:44,534 | INFO | model_trainers.mobile_vit_trainer | Epoch [12/500] | Train Acc: 51.6% | Val Acc: 49.4% | Val Loss: 0.7305
2026-05-24 01:22:45,979 | INFO | model_trainers.mobile_vit_trainer | Epoch [13/500] | Train Acc: 50.8% | Val Acc: 52.9% | Val Loss: 0.7169
2026-05-24 01:22:47,063 | INFO | model_trainers.mobile_vit_trainer | Epoch [14/500] | Train Acc: 46.1% | Val Acc: 50.6% | Val Loss: 0.7087
2026-05-24 01:22:49,231 | INFO | model_trainers.mobile_vit_trainer | Epoch [15/500] | Train Acc: 54.7% | Val Acc: 52.9% | Val Loss: 0.7020
2026-05-24 01:22:49,375 | INFO | model_trainers.mobile_vit_trainer |   ↳ new best val loss; saved checkpoint: /home/leggo/AIResearch/VOGBasedMCIDetectionSystemMobileViTSingleExperimentInference/outputs/checkpoints/run_20260524_010543/fold_12_best.pth
2026-05-24 01:22:51,440 | INFO | model_trainers.mobile_vit_trainer | Epoch [16/500] | Train Acc: 55.5% | Val Acc: 50.6% | Val Loss: 0.6939
2026-05-24 01:22:51,586 | INFO | model_trainers.mobile_vit_trainer |   ↳ new best val loss; saved checkpoint: /home/leggo/AIResearch/VOGBasedMCIDetectionSystemMobileViTSingleExperimentInference/outputs/checkpoints/run_20260524_010543/fold_12_best.pth
2026-05-24 01:22:53,665 | INFO | model_trainers.mobile_vit_trainer | Epoch [17/500] | Train Acc: 53.9% | Val Acc: 51.8% | Val Loss: 0.6942
2026-05-24 01:22:55,733 | INFO | model_trainers.mobile_vit_trainer | Epoch [18/500] | Train Acc: 58.6% | Val Acc: 54.1% | Val Loss: 0.6946
2026-05-24 01:22:57,936 | INFO | model_trainers.mobile_vit_trainer | Epoch [19/500] | Train Acc: 60.2% | Val Acc: 54.1% | Val Loss: 0.7024
2026-05-24 01:22:59,995 | INFO | model_trainers.mobile_vit_trainer | Epoch [20/500] | Train Acc: 57.8% | Val Acc: 54.1% | Val Loss: 0.7048
2026-05-24 01:23:02,059 | INFO | model_trainers.mobile_vit_trainer | Epoch [21/500] | Train Acc: 53.1% | Val Acc: 51.8% | Val Loss: 0.7029
2026-05-24 01:23:04,263 | INFO | model_trainers.mobile_vit_trainer | Epoch [22/500] | Train Acc: 50.0% | Val Acc: 50.6% | Val Loss: 0.7021
2026-05-24 01:23:06,460 | INFO | model_trainers.mobile_vit_trainer | Epoch [23/500] | Train Acc: 49.2% | Val Acc: 50.6% | Val Loss: 0.7026
2026-05-24 01:23:08,648 | INFO | model_trainers.mobile_vit_trainer | Epoch [24/500] | Train Acc: 55.5% | Val Acc: 50.6% | Val Loss: 0.7035
2026-05-24 01:23:10,872 | INFO | model_trainers.mobile_vit_trainer | Epoch [25/500] | Train Acc: 49.2% | Val Acc: 50.6% | Val Loss: 0.7022
2026-05-24 01:23:13,097 | INFO | model_trainers.mobile_vit_trainer | Epoch [26/500] | Train Acc: 53.1% | Val Acc: 49.4% | Val Loss: 0.7033
2026-05-24 01:23:15,334 | INFO | model_trainers.mobile_vit_trainer | Epoch [27/500] | Train Acc: 50.8% | Val Acc: 49.4% | Val Loss: 0.7039
2026-05-24 01:23:17,543 | INFO | model_trainers.mobile_vit_trainer | Epoch [28/500] | Train Acc: 57.0% | Val Acc: 50.6% | Val Loss: 0.7001
2026-05-24 01:23:19,730 | INFO | model_trainers.mobile_vit_trainer | Epoch [29/500] | Train Acc: 50.8% | Val Acc: 49.4% | Val Loss: 0.6980
2026-05-24 01:23:21,926 | INFO | model_trainers.mobile_vit_trainer | Epoch [30/500] | Train Acc: 60.2% | Val Acc: 55.3% | Val Loss: 0.6947
2026-05-24 01:23:24,131 | INFO | model_trainers.mobile_vit_trainer | Epoch [31/500] | Train Acc: 49.2% | Val Acc: 55.3% | Val Loss: 0.6891
2026-05-24 01:23:24,268 | INFO | model_trainers.mobile_vit_trainer |   ↳ new best val loss; saved checkpoint: /home/leggo/AIResearch/VOGBasedMCIDetectionSystemMobileViTSingleExperimentInference/outputs/checkpoints/run_20260524_010543/fold_12_best.pth
2026-05-24 01:23:26,478 | INFO | model_trainers.mobile_vit_trainer | Epoch [32/500] | Train Acc: 53.1% | Val Acc: 55.3% | Val Loss: 0.6994
2026-05-24 01:23:28,690 | INFO | model_trainers.mobile_vit_trainer | Epoch [33/500] | Train Acc: 57.8% | Val Acc: 49.4% | Val Loss: 0.7163
2026-05-24 01:23:30,879 | INFO | model_trainers.mobile_vit_trainer | Epoch [34/500] | Train Acc: 52.3% | Val Acc: 51.8% | Val Loss: 0.7022
2026-05-24 01:23:33,081 | INFO | model_trainers.mobile_vit_trainer | Epoch [35/500] | Train Acc: 59.4% | Val Acc: 51.8% | Val Loss: 0.7035
2026-05-24 01:23:35,308 | INFO | model_trainers.mobile_vit_trainer | Epoch [36/500] | Train Acc: 50.0% | Val Acc: 48.2% | Val Loss: 0.7077
2026-05-24 01:23:37,518 | INFO | model_trainers.mobile_vit_trainer | Epoch [37/500] | Train Acc: 55.5% | Val Acc: 48.2% | Val Loss: 0.7094
2026-05-24 01:23:39,744 | INFO | model_trainers.mobile_vit_trainer | Epoch [38/500] | Train Acc: 59.4% | Val Acc: 49.4% | Val Loss: 0.7240
2026-05-24 01:23:41,974 | INFO | model_trainers.mobile_vit_trainer | Epoch [39/500] | Train Acc: 46.9% | Val Acc: 49.4% | Val Loss: 0.7090
2026-05-24 01:23:44,195 | INFO | model_trainers.mobile_vit_trainer | Epoch [40/500] | Train Acc: 53.9% | Val Acc: 49.4% | Val Loss: 0.7033
2026-05-24 01:23:46,384 | INFO | model_trainers.mobile_vit_trainer | Epoch [41/500] | Train Acc: 55.5% | Val Acc: 50.6% | Val Loss: 0.7009
2026-05-24 01:23:48,446 | INFO | model_trainers.mobile_vit_trainer | Epoch [42/500] | Train Acc: 56.2% | Val Acc: 52.9% | Val Loss: 0.7084
2026-05-24 01:23:50,491 | INFO | model_trainers.mobile_vit_trainer | Epoch [43/500] | Train Acc: 57.0% | Val Acc: 49.4% | Val Loss: 0.7200
2026-05-24 01:23:52,717 | INFO | model_trainers.mobile_vit_trainer | Epoch [44/500] | Train Acc: 54.7% | Val Acc: 51.8% | Val Loss: 0.7052
2026-05-24 01:23:54,898 | INFO | model_trainers.mobile_vit_trainer | Epoch [45/500] | Train Acc: 53.1% | Val Acc: 48.2% | Val Loss: 0.7017
2026-05-24 01:23:57,096 | INFO | model_trainers.mobile_vit_trainer | Epoch [46/500] | Train Acc: 51.6% | Val Acc: 49.4% | Val Loss: 0.6999
2026-05-24 01:23:59,161 | INFO | model_trainers.mobile_vit_trainer | Epoch [47/500] | Train Acc: 62.5% | Val Acc: 49.4% | Val Loss: 0.6983
2026-05-24 01:24:01,357 | INFO | model_trainers.mobile_vit_trainer | Epoch [48/500] | Train Acc: 54.7% | Val Acc: 45.9% | Val Loss: 0.6946
2026-05-24 01:24:03,554 | INFO | model_trainers.mobile_vit_trainer | Epoch [49/500] | Train Acc: 57.8% | Val Acc: 50.6% | Val Loss: 0.6928
2026-05-24 01:24:05,779 | INFO | model_trainers.mobile_vit_trainer | Epoch [50/500] | Train Acc: 53.1% | Val Acc: 50.6% | Val Loss: 0.6965
2026-05-24 01:24:07,986 | INFO | model_trainers.mobile_vit_trainer | Epoch [51/500] | Train Acc: 60.9% | Val Acc: 54.1% | Val Loss: 0.6970
2026-05-24 01:24:10,174 | INFO | model_trainers.mobile_vit_trainer | Epoch [52/500] | Train Acc: 55.5% | Val Acc: 49.4% | Val Loss: 0.6967
2026-05-24 01:24:12,360 | INFO | model_trainers.mobile_vit_trainer | Epoch [53/500] | Train Acc: 59.4% | Val Acc: 51.8% | Val Loss: 0.6910
2026-05-24 01:24:14,545 | INFO | model_trainers.mobile_vit_trainer | Epoch [54/500] | Train Acc: 59.4% | Val Acc: 50.6% | Val Loss: 0.6965
2026-05-24 01:24:16,774 | INFO | model_trainers.mobile_vit_trainer | Epoch [55/500] | Train Acc: 56.2% | Val Acc: 49.4% | Val Loss: 0.7026
2026-05-24 01:24:18,995 | INFO | model_trainers.mobile_vit_trainer | Epoch [56/500] | Train Acc: 59.4% | Val Acc: 50.6% | Val Loss: 0.7029
2026-05-24 01:24:21,202 | INFO | model_trainers.mobile_vit_trainer | Epoch [57/500] | Train Acc: 53.1% | Val Acc: 50.6% | Val Loss: 0.7066
2026-05-24 01:24:23,438 | INFO | model_trainers.mobile_vit_trainer | Epoch [58/500] | Train Acc: 62.5% | Val Acc: 51.8% | Val Loss: 0.7045
2026-05-24 01:24:25,680 | INFO | model_trainers.mobile_vit_trainer | Epoch [59/500] | Train Acc: 55.5% | Val Acc: 49.4% | Val Loss: 0.7107
2026-05-24 01:24:27,898 | INFO | model_trainers.mobile_vit_trainer | Epoch [60/500] | Train Acc: 57.8% | Val Acc: 57.6% | Val Loss: 0.7081
2026-05-24 01:24:29,965 | INFO | model_trainers.mobile_vit_trainer | Epoch [61/500] | Train Acc: 55.5% | Val Acc: 52.9% | Val Loss: 0.7106
2026-05-24 01:24:32,180 | INFO | model_trainers.mobile_vit_trainer | Epoch [62/500] | Train Acc: 58.6% | Val Acc: 52.9% | Val Loss: 0.7141
2026-05-24 01:24:34,393 | INFO | model_trainers.mobile_vit_trainer | Epoch [63/500] | Train Acc: 59.4% | Val Acc: 52.9% | Val Loss: 0.7157
2026-05-24 01:24:36,449 | INFO | model_trainers.mobile_vit_trainer | Epoch [64/500] | Train Acc: 63.3% | Val Acc: 54.1% | Val Loss: 0.7146
2026-05-24 01:24:38,516 | INFO | model_trainers.mobile_vit_trainer | Epoch [65/500] | Train Acc: 59.4% | Val Acc: 55.3% | Val Loss: 0.7152
2026-05-24 01:24:40,737 | INFO | model_trainers.mobile_vit_trainer | Epoch [66/500] | Train Acc: 61.7% | Val Acc: 55.3% | Val Loss: 0.7149
2026-05-24 01:24:42,964 | INFO | model_trainers.mobile_vit_trainer | Epoch [67/500] | Train Acc: 60.9% | Val Acc: 52.9% | Val Loss: 0.7211
2026-05-24 01:24:45,210 | INFO | model_trainers.mobile_vit_trainer | Epoch [68/500] | Train Acc: 63.3% | Val Acc: 54.1% | Val Loss: 0.7197
2026-05-24 01:24:47,452 | INFO | model_trainers.mobile_vit_trainer | Epoch [69/500] | Train Acc: 63.3% | Val Acc: 55.3% | Val Loss: 0.7176
2026-05-24 01:24:49,702 | INFO | model_trainers.mobile_vit_trainer | Epoch [70/500] | Train Acc: 57.0% | Val Acc: 54.1% | Val Loss: 0.7176
2026-05-24 01:24:51,782 | INFO | model_trainers.mobile_vit_trainer | Epoch [71/500] | Train Acc: 54.7% | Val Acc: 54.1% | Val Loss: 0.7193
2026-05-24 01:24:51,784 | INFO | model_trainers.mobile_vit_trainer | Early stop at epoch 71 (no val-loss improvement for 40 epochs; best=0.6891)
2026-05-24 01:24:52,548 | INFO | evaluators.monte_carlo_evaluator | -> Fold 13 Result | Acc=0.417 Sens=0.250 Spec=0.750 AUROC=0.281
2026-05-24 01:24:52,550 | INFO | evaluators.monte_carlo_evaluator | === Fold 14/30 | train: 23 subj / 146 windows | test: 11 subj / 83 windows ===
2026-05-24 01:24:52,812 | INFO | httpx | HTTP Request: HEAD https://huggingface.co/apple/mobilevit-small/resolve/main/config.json "HTTP/1.1 307 Temporary Redirect"
2026-05-24 01:24:52,831 | INFO | httpx | HTTP Request: HEAD https://huggingface.co/api/resolve-cache/models/apple/mobilevit-small/6c8612545dc98676d27bc518fa521d9e9af23e34/config.json "HTTP/1.1 200 OK"
2026-05-24 01:24:53,116 | INFO | httpx | HTTP Request: HEAD https://huggingface.co/apple/mobilevit-small/resolve/main/model.safetensors "HTTP/1.1 404 Not Found"
2026-05-24 01:24:53,331 | INFO | httpx | HTTP Request: HEAD https://huggingface.co/apple/mobilevit-small/resolve/main/model.safetensors.index.json "HTTP/1.1 404 Not Found"
2026-05-24 01:24:53,551 | INFO | httpx | HTTP Request: HEAD https://huggingface.co/apple/mobilevit-small/resolve/main/pytorch_model.bin "HTTP/1.1 302 Found"
2026-05-24 01:24:53,769 | INFO | httpx | HTTP Request: HEAD https://huggingface.co/apple/mobilevit-small/resolve/main/model.safetensors "HTTP/1.1 404 Not Found"
2026-05-24 01:24:54,286 | INFO | httpx | HTTP Request: GET https://huggingface.co/api/models/apple/mobilevit-small "HTTP/1.1 200 OK"
2026-05-24 01:24:54,563 | INFO | httpx | HTTP Request: GET https://huggingface.co/api/models/apple/mobilevit-small/commits/main "HTTP/1.1 200 OK"
2026-05-24 01:24:54,797 | INFO | httpx | HTTP Request: GET https://huggingface.co/api/models/apple/mobilevit-small/discussions?p=0 "HTTP/1.1 200 OK"
2026-05-24 01:24:55,043 | INFO | httpx | HTTP Request: GET https://huggingface.co/api/models/apple/mobilevit-small/commits/refs%2Fpr%2F6 "HTTP/1.1 200 OK"
2026-05-24 01:24:55,262 | INFO | httpx | HTTP Request: HEAD https://huggingface.co/apple/mobilevit-small/resolve/refs%2Fpr%2F6/model.safetensors.index.json "HTTP/1.1 404 Not Found"
2026-05-24 01:24:55,476 | INFO | httpx | HTTP Request: HEAD https://huggingface.co/apple/mobilevit-small/resolve/refs%2Fpr%2F6/model.safetensors "HTTP/1.1 302 Found"
2026-05-24 01:24:56,960 | INFO | model_trainers.mobile_vit_trainer | Epoch [01/500] | Train Acc: 48.4% | Val Acc: 45.8% | Val Loss: 0.7500
2026-05-24 01:24:57,062 | INFO | model_trainers.mobile_vit_trainer |   ↳ new best val loss; saved checkpoint: /home/leggo/AIResearch/VOGBasedMCIDetectionSystemMobileViTSingleExperimentInference/outputs/checkpoints/run_20260524_010543/fold_13_best.pth
2026-05-24 01:24:59,104 | INFO | model_trainers.mobile_vit_trainer | Epoch [02/500] | Train Acc: 53.9% | Val Acc: 45.8% | Val Loss: 0.7959
2026-05-24 01:25:01,330 | INFO | model_trainers.mobile_vit_trainer | Epoch [03/500] | Train Acc: 53.9% | Val Acc: 45.8% | Val Loss: 0.8147
2026-05-24 01:25:03,351 | INFO | model_trainers.mobile_vit_trainer | Epoch [04/500] | Train Acc: 54.7% | Val Acc: 45.8% | Val Loss: 0.8083
2026-05-24 01:25:05,406 | INFO | model_trainers.mobile_vit_trainer | Epoch [05/500] | Train Acc: 50.8% | Val Acc: 45.8% | Val Loss: 0.7800
2026-05-24 01:25:07,648 | INFO | model_trainers.mobile_vit_trainer | Epoch [06/500] | Train Acc: 50.8% | Val Acc: 45.8% | Val Loss: 0.7515
2026-05-24 01:25:09,874 | INFO | model_trainers.mobile_vit_trainer | Epoch [07/500] | Train Acc: 56.2% | Val Acc: 48.2% | Val Loss: 0.7424
2026-05-24 01:25:10,019 | INFO | model_trainers.mobile_vit_trainer |   ↳ new best val loss; saved checkpoint: /home/leggo/AIResearch/VOGBasedMCIDetectionSystemMobileViTSingleExperimentInference/outputs/checkpoints/run_20260524_010543/fold_13_best.pth
2026-05-24 01:25:12,210 | INFO | model_trainers.mobile_vit_trainer | Epoch [08/500] | Train Acc: 49.2% | Val Acc: 50.6% | Val Loss: 0.7362
2026-05-24 01:25:12,355 | INFO | model_trainers.mobile_vit_trainer |   ↳ new best val loss; saved checkpoint: /home/leggo/AIResearch/VOGBasedMCIDetectionSystemMobileViTSingleExperimentInference/outputs/checkpoints/run_20260524_010543/fold_13_best.pth
2026-05-24 01:25:14,550 | INFO | model_trainers.mobile_vit_trainer | Epoch [09/500] | Train Acc: 50.0% | Val Acc: 51.8% | Val Loss: 0.7371
2026-05-24 01:25:16,756 | INFO | model_trainers.mobile_vit_trainer | Epoch [10/500] | Train Acc: 52.3% | Val Acc: 49.4% | Val Loss: 0.7453
2026-05-24 01:25:18,948 | INFO | model_trainers.mobile_vit_trainer | Epoch [11/500] | Train Acc: 56.2% | Val Acc: 50.6% | Val Loss: 0.7413
2026-05-24 01:25:21,142 | INFO | model_trainers.mobile_vit_trainer | Epoch [12/500] | Train Acc: 46.9% | Val Acc: 49.4% | Val Loss: 0.7272
2026-05-24 01:25:21,290 | INFO | model_trainers.mobile_vit_trainer |   ↳ new best val loss; saved checkpoint: /home/leggo/AIResearch/VOGBasedMCIDetectionSystemMobileViTSingleExperimentInference/outputs/checkpoints/run_20260524_010543/fold_13_best.pth
2026-05-24 01:25:23,487 | INFO | model_trainers.mobile_vit_trainer | Epoch [13/500] | Train Acc: 50.0% | Val Acc: 45.8% | Val Loss: 0.7252
2026-05-24 01:25:23,631 | INFO | model_trainers.mobile_vit_trainer |   ↳ new best val loss; saved checkpoint: /home/leggo/AIResearch/VOGBasedMCIDetectionSystemMobileViTSingleExperimentInference/outputs/checkpoints/run_20260524_010543/fold_13_best.pth
2026-05-24 01:25:25,822 | INFO | model_trainers.mobile_vit_trainer | Epoch [14/500] | Train Acc: 56.2% | Val Acc: 43.4% | Val Loss: 0.7317
2026-05-24 01:25:28,043 | INFO | model_trainers.mobile_vit_trainer | Epoch [15/500] | Train Acc: 53.1% | Val Acc: 41.0% | Val Loss: 0.7359
2026-05-24 01:25:30,267 | INFO | model_trainers.mobile_vit_trainer | Epoch [16/500] | Train Acc: 60.2% | Val Acc: 43.4% | Val Loss: 0.7360
2026-05-24 01:25:32,480 | INFO | model_trainers.mobile_vit_trainer | Epoch [17/500] | Train Acc: 47.7% | Val Acc: 43.4% | Val Loss: 0.7398
2026-05-24 01:25:34,674 | INFO | model_trainers.mobile_vit_trainer | Epoch [18/500] | Train Acc: 60.2% | Val Acc: 41.0% | Val Loss: 0.7437
2026-05-24 01:25:36,862 | INFO | model_trainers.mobile_vit_trainer | Epoch [19/500] | Train Acc: 53.9% | Val Acc: 37.3% | Val Loss: 0.7484
2026-05-24 01:25:39,059 | INFO | model_trainers.mobile_vit_trainer | Epoch [20/500] | Train Acc: 53.1% | Val Acc: 37.3% | Val Loss: 0.7561
2026-05-24 01:25:41,289 | INFO | model_trainers.mobile_vit_trainer | Epoch [21/500] | Train Acc: 57.0% | Val Acc: 39.8% | Val Loss: 0.7560
2026-05-24 01:25:43,504 | INFO | model_trainers.mobile_vit_trainer | Epoch [22/500] | Train Acc: 47.7% | Val Acc: 42.2% | Val Loss: 0.7579
2026-05-24 01:25:45,715 | INFO | model_trainers.mobile_vit_trainer | Epoch [23/500] | Train Acc: 57.8% | Val Acc: 38.6% | Val Loss: 0.7577
2026-05-24 01:25:47,940 | INFO | model_trainers.mobile_vit_trainer | Epoch [24/500] | Train Acc: 55.5% | Val Acc: 43.4% | Val Loss: 0.7570
2026-05-24 01:25:50,168 | INFO | model_trainers.mobile_vit_trainer | Epoch [25/500] | Train Acc: 55.5% | Val Acc: 39.8% | Val Loss: 0.7525
2026-05-24 01:25:52,347 | INFO | model_trainers.mobile_vit_trainer | Epoch [26/500] | Train Acc: 52.3% | Val Acc: 42.2% | Val Loss: 0.7507
2026-05-24 01:25:54,541 | INFO | model_trainers.mobile_vit_trainer | Epoch [27/500] | Train Acc: 51.6% | Val Acc: 41.0% | Val Loss: 0.7527
2026-05-24 01:25:56,778 | INFO | model_trainers.mobile_vit_trainer | Epoch [28/500] | Train Acc: 56.2% | Val Acc: 43.4% | Val Loss: 0.7566
2026-05-24 01:25:58,991 | INFO | model_trainers.mobile_vit_trainer | Epoch [29/500] | Train Acc: 55.5% | Val Acc: 42.2% | Val Loss: 0.7492
2026-05-24 01:26:01,211 | INFO | model_trainers.mobile_vit_trainer | Epoch [30/500] | Train Acc: 59.4% | Val Acc: 43.4% | Val Loss: 0.7383
2026-05-24 01:26:03,436 | INFO | model_trainers.mobile_vit_trainer | Epoch [31/500] | Train Acc: 57.8% | Val Acc: 43.4% | Val Loss: 0.7469
2026-05-24 01:26:05,630 | INFO | model_trainers.mobile_vit_trainer | Epoch [32/500] | Train Acc: 62.5% | Val Acc: 44.6% | Val Loss: 0.7454
2026-05-24 01:26:07,809 | INFO | model_trainers.mobile_vit_trainer | Epoch [33/500] | Train Acc: 61.7% | Val Acc: 47.0% | Val Loss: 0.7431
2026-05-24 01:26:10,008 | INFO | model_trainers.mobile_vit_trainer | Epoch [34/500] | Train Acc: 64.1% | Val Acc: 39.8% | Val Loss: 0.7455
2026-05-24 01:26:12,236 | INFO | model_trainers.mobile_vit_trainer | Epoch [35/500] | Train Acc: 64.1% | Val Acc: 39.8% | Val Loss: 0.7490
2026-05-24 01:26:14,449 | INFO | model_trainers.mobile_vit_trainer | Epoch [36/500] | Train Acc: 55.5% | Val Acc: 39.8% | Val Loss: 0.7531
2026-05-24 01:26:16,650 | INFO | model_trainers.mobile_vit_trainer | Epoch [37/500] | Train Acc: 53.1% | Val Acc: 38.6% | Val Loss: 0.7504
2026-05-24 01:26:18,840 | INFO | model_trainers.mobile_vit_trainer | Epoch [38/500] | Train Acc: 53.9% | Val Acc: 42.2% | Val Loss: 0.7493
2026-05-24 01:26:21,036 | INFO | model_trainers.mobile_vit_trainer | Epoch [39/500] | Train Acc: 55.5% | Val Acc: 41.0% | Val Loss: 0.7564
2026-05-24 01:26:23,232 | INFO | model_trainers.mobile_vit_trainer | Epoch [40/500] | Train Acc: 62.5% | Val Acc: 39.8% | Val Loss: 0.7557
2026-05-24 01:26:25,535 | INFO | model_trainers.mobile_vit_trainer | Epoch [41/500] | Train Acc: 56.2% | Val Acc: 45.8% | Val Loss: 0.7518
2026-05-24 01:26:27,820 | INFO | model_trainers.mobile_vit_trainer | Epoch [42/500] | Train Acc: 52.3% | Val Acc: 45.8% | Val Loss: 0.7542
2026-05-24 01:26:30,094 | INFO | model_trainers.mobile_vit_trainer | Epoch [43/500] | Train Acc: 62.5% | Val Acc: 45.8% | Val Loss: 0.7609
2026-05-24 01:26:32,323 | INFO | model_trainers.mobile_vit_trainer | Epoch [44/500] | Train Acc: 61.7% | Val Acc: 43.4% | Val Loss: 0.7635
2026-05-24 01:26:34,593 | INFO | model_trainers.mobile_vit_trainer | Epoch [45/500] | Train Acc: 58.6% | Val Acc: 38.6% | Val Loss: 0.7673
2026-05-24 01:26:36,864 | INFO | model_trainers.mobile_vit_trainer | Epoch [46/500] | Train Acc: 63.3% | Val Acc: 41.0% | Val Loss: 0.7650
2026-05-24 01:26:37,996 | INFO | model_trainers.mobile_vit_trainer | Epoch [47/500] | Train Acc: 62.5% | Val Acc: 38.6% | Val Loss: 0.7578
2026-05-24 01:26:39,134 | INFO | model_trainers.mobile_vit_trainer | Epoch [48/500] | Train Acc: 68.8% | Val Acc: 36.1% | Val Loss: 0.7540
2026-05-24 01:26:41,350 | INFO | model_trainers.mobile_vit_trainer | Epoch [49/500] | Train Acc: 59.4% | Val Acc: 37.3% | Val Loss: 0.7535
2026-05-24 01:26:43,273 | INFO | model_trainers.mobile_vit_trainer | Epoch [50/500] | Train Acc: 63.3% | Val Acc: 39.8% | Val Loss: 0.7598
2026-05-24 01:26:45,269 | INFO | model_trainers.mobile_vit_trainer | Epoch [51/500] | Train Acc: 59.4% | Val Acc: 37.3% | Val Loss: 0.7687
2026-05-24 01:26:47,490 | INFO | model_trainers.mobile_vit_trainer | Epoch [52/500] | Train Acc: 66.4% | Val Acc: 38.6% | Val Loss: 0.7683
2026-05-24 01:26:49,725 | INFO | model_trainers.mobile_vit_trainer | Epoch [53/500] | Train Acc: 53.9% | Val Acc: 36.1% | Val Loss: 0.7736
2026-05-24 01:26:49,728 | INFO | model_trainers.mobile_vit_trainer | Early stop at epoch 53 (no val-loss improvement for 40 epochs; best=0.7252)
2026-05-24 01:26:50,411 | INFO | evaluators.monte_carlo_evaluator | -> Fold 14 Result | Acc=0.333 Sens=0.222 Spec=0.667 AUROC=0.222
2026-05-24 01:26:50,412 | INFO | evaluators.monte_carlo_evaluator | === Fold 15/30 | train: 23 subj / 161 windows | test: 11 subj / 68 windows ===
2026-05-24 01:26:50,643 | INFO | httpx | HTTP Request: HEAD https://huggingface.co/apple/mobilevit-small/resolve/main/config.json "HTTP/1.1 307 Temporary Redirect"
2026-05-24 01:26:50,661 | INFO | httpx | HTTP Request: HEAD https://huggingface.co/api/resolve-cache/models/apple/mobilevit-small/6c8612545dc98676d27bc518fa521d9e9af23e34/config.json "HTTP/1.1 200 OK"
2026-05-24 01:26:50,945 | INFO | httpx | HTTP Request: HEAD https://huggingface.co/apple/mobilevit-small/resolve/main/model.safetensors "HTTP/1.1 404 Not Found"
2026-05-24 01:26:51,152 | INFO | httpx | HTTP Request: HEAD https://huggingface.co/apple/mobilevit-small/resolve/main/model.safetensors.index.json "HTTP/1.1 404 Not Found"
2026-05-24 01:26:51,375 | INFO | httpx | HTTP Request: HEAD https://huggingface.co/apple/mobilevit-small/resolve/main/pytorch_model.bin "HTTP/1.1 302 Found"
2026-05-24 01:26:52,055 | INFO | httpx | HTTP Request: HEAD https://huggingface.co/apple/mobilevit-small/resolve/main/model.safetensors "HTTP/1.1 404 Not Found"
2026-05-24 01:26:52,277 | INFO | httpx | HTTP Request: GET https://huggingface.co/api/models/apple/mobilevit-small "HTTP/1.1 200 OK"
2026-05-24 01:26:52,535 | INFO | httpx | HTTP Request: GET https://huggingface.co/api/models/apple/mobilevit-small/commits/main "HTTP/1.1 200 OK"
2026-05-24 01:26:52,762 | INFO | httpx | HTTP Request: GET https://huggingface.co/api/models/apple/mobilevit-small/discussions?p=0 "HTTP/1.1 200 OK"
2026-05-24 01:26:52,997 | INFO | httpx | HTTP Request: GET https://huggingface.co/api/models/apple/mobilevit-small/commits/refs%2Fpr%2F6 "HTTP/1.1 200 OK"
2026-05-24 01:26:53,209 | INFO | httpx | HTTP Request: HEAD https://huggingface.co/apple/mobilevit-small/resolve/refs%2Fpr%2F6/model.safetensors.index.json "HTTP/1.1 404 Not Found"
2026-05-24 01:26:53,438 | INFO | httpx | HTTP Request: HEAD https://huggingface.co/apple/mobilevit-small/resolve/refs%2Fpr%2F6/model.safetensors "HTTP/1.1 302 Found"
2026-05-24 01:26:55,419 | INFO | model_trainers.mobile_vit_trainer | Epoch [01/500] | Train Acc: 38.8% | Val Acc: 91.2% | Val Loss: 0.4702
2026-05-24 01:26:55,519 | INFO | model_trainers.mobile_vit_trainer |   ↳ new best val loss; saved checkpoint: /home/leggo/AIResearch/VOGBasedMCIDetectionSystemMobileViTSingleExperimentInference/outputs/checkpoints/run_20260524_010543/fold_14_best.pth
2026-05-24 01:26:58,120 | INFO | model_trainers.mobile_vit_trainer | Epoch [02/500] | Train Acc: 35.6% | Val Acc: 89.7% | Val Loss: 0.4723
2026-05-24 01:27:00,775 | INFO | model_trainers.mobile_vit_trainer | Epoch [03/500] | Train Acc: 38.1% | Val Acc: 79.4% | Val Loss: 0.5546
2026-05-24 01:27:03,392 | INFO | model_trainers.mobile_vit_trainer | Epoch [04/500] | Train Acc: 35.6% | Val Acc: 79.4% | Val Loss: 0.5767
2026-05-24 01:27:05,978 | INFO | model_trainers.mobile_vit_trainer | Epoch [05/500] | Train Acc: 39.4% | Val Acc: 77.9% | Val Loss: 0.6146
2026-05-24 01:27:08,568 | INFO | model_trainers.mobile_vit_trainer | Epoch [06/500] | Train Acc: 42.5% | Val Acc: 76.5% | Val Loss: 0.5826
2026-05-24 01:27:11,180 | INFO | model_trainers.mobile_vit_trainer | Epoch [07/500] | Train Acc: 43.8% | Val Acc: 75.0% | Val Loss: 0.5717
2026-05-24 01:27:13,775 | INFO | model_trainers.mobile_vit_trainer | Epoch [08/500] | Train Acc: 37.5% | Val Acc: 80.9% | Val Loss: 0.5749
2026-05-24 01:27:16,351 | INFO | model_trainers.mobile_vit_trainer | Epoch [09/500] | Train Acc: 41.9% | Val Acc: 80.9% | Val Loss: 0.5625
2026-05-24 01:27:18,906 | INFO | model_trainers.mobile_vit_trainer | Epoch [10/500] | Train Acc: 43.8% | Val Acc: 86.8% | Val Loss: 0.5534
2026-05-24 01:27:21,501 | INFO | model_trainers.mobile_vit_trainer | Epoch [11/500] | Train Acc: 45.6% | Val Acc: 79.4% | Val Loss: 0.5767
2026-05-24 01:27:24,079 | INFO | model_trainers.mobile_vit_trainer | Epoch [12/500] | Train Acc: 46.2% | Val Acc: 76.5% | Val Loss: 0.5750
2026-05-24 01:27:26,653 | INFO | model_trainers.mobile_vit_trainer | Epoch [13/500] | Train Acc: 42.5% | Val Acc: 77.9% | Val Loss: 0.5667
2026-05-24 01:27:29,255 | INFO | model_trainers.mobile_vit_trainer | Epoch [14/500] | Train Acc: 43.8% | Val Acc: 86.8% | Val Loss: 0.5457
2026-05-24 01:27:31,849 | INFO | model_trainers.mobile_vit_trainer | Epoch [15/500] | Train Acc: 43.1% | Val Acc: 85.3% | Val Loss: 0.5427
2026-05-24 01:27:34,279 | INFO | model_trainers.mobile_vit_trainer | Epoch [16/500] | Train Acc: 42.5% | Val Acc: 83.8% | Val Loss: 0.5501
2026-05-24 01:27:36,887 | INFO | model_trainers.mobile_vit_trainer | Epoch [17/500] | Train Acc: 47.5% | Val Acc: 85.3% | Val Loss: 0.5425
2026-05-24 01:27:39,442 | INFO | model_trainers.mobile_vit_trainer | Epoch [18/500] | Train Acc: 48.8% | Val Acc: 86.8% | Val Loss: 0.5349
2026-05-24 01:27:42,056 | INFO | model_trainers.mobile_vit_trainer | Epoch [19/500] | Train Acc: 45.0% | Val Acc: 85.3% | Val Loss: 0.5401
2026-05-24 01:27:44,498 | INFO | model_trainers.mobile_vit_trainer | Epoch [20/500] | Train Acc: 43.8% | Val Acc: 85.3% | Val Loss: 0.5443
2026-05-24 01:27:47,083 | INFO | model_trainers.mobile_vit_trainer | Epoch [21/500] | Train Acc: 50.6% | Val Acc: 85.3% | Val Loss: 0.5513
2026-05-24 01:27:49,673 | INFO | model_trainers.mobile_vit_trainer | Epoch [22/500] | Train Acc: 48.1% | Val Acc: 82.4% | Val Loss: 0.5623
2026-05-24 01:27:52,230 | INFO | model_trainers.mobile_vit_trainer | Epoch [23/500] | Train Acc: 46.9% | Val Acc: 83.8% | Val Loss: 0.5796
2026-05-24 01:27:54,784 | INFO | model_trainers.mobile_vit_trainer | Epoch [24/500] | Train Acc: 42.5% | Val Acc: 79.4% | Val Loss: 0.5943
2026-05-24 01:27:57,353 | INFO | model_trainers.mobile_vit_trainer | Epoch [25/500] | Train Acc: 51.2% | Val Acc: 83.8% | Val Loss: 0.5878
2026-05-24 01:27:59,932 | INFO | model_trainers.mobile_vit_trainer | Epoch [26/500] | Train Acc: 51.9% | Val Acc: 80.9% | Val Loss: 0.6043
2026-05-24 01:28:02,521 | INFO | model_trainers.mobile_vit_trainer | Epoch [27/500] | Train Acc: 52.5% | Val Acc: 76.5% | Val Loss: 0.6073
2026-05-24 01:28:05,078 | INFO | model_trainers.mobile_vit_trainer | Epoch [28/500] | Train Acc: 49.4% | Val Acc: 76.5% | Val Loss: 0.6050
2026-05-24 01:28:07,652 | INFO | model_trainers.mobile_vit_trainer | Epoch [29/500] | Train Acc: 52.5% | Val Acc: 76.5% | Val Loss: 0.5988
2026-05-24 01:28:10,166 | INFO | model_trainers.mobile_vit_trainer | Epoch [30/500] | Train Acc: 59.4% | Val Acc: 77.9% | Val Loss: 0.5950
2026-05-24 01:28:12,733 | INFO | model_trainers.mobile_vit_trainer | Epoch [31/500] | Train Acc: 50.6% | Val Acc: 73.5% | Val Loss: 0.6094
2026-05-24 01:28:15,336 | INFO | model_trainers.mobile_vit_trainer | Epoch [32/500] | Train Acc: 51.9% | Val Acc: 77.9% | Val Loss: 0.5999
2026-05-24 01:28:17,901 | INFO | model_trainers.mobile_vit_trainer | Epoch [33/500] | Train Acc: 49.4% | Val Acc: 79.4% | Val Loss: 0.5917
2026-05-24 01:28:20,458 | INFO | model_trainers.mobile_vit_trainer | Epoch [34/500] | Train Acc: 58.1% | Val Acc: 76.5% | Val Loss: 0.6061
2026-05-24 01:28:23,007 | INFO | model_trainers.mobile_vit_trainer | Epoch [35/500] | Train Acc: 50.0% | Val Acc: 76.5% | Val Loss: 0.6054
2026-05-24 01:28:25,584 | INFO | model_trainers.mobile_vit_trainer | Epoch [36/500] | Train Acc: 57.5% | Val Acc: 73.5% | Val Loss: 0.6213
2026-05-24 01:28:28,222 | INFO | model_trainers.mobile_vit_trainer | Epoch [37/500] | Train Acc: 50.0% | Val Acc: 69.1% | Val Loss: 0.6237
2026-05-24 01:28:30,905 | INFO | model_trainers.mobile_vit_trainer | Epoch [38/500] | Train Acc: 53.8% | Val Acc: 69.1% | Val Loss: 0.6373
2026-05-24 01:28:33,555 | INFO | model_trainers.mobile_vit_trainer | Epoch [39/500] | Train Acc: 46.2% | Val Acc: 69.1% | Val Loss: 0.6343
2026-05-24 01:28:36,196 | INFO | model_trainers.mobile_vit_trainer | Epoch [40/500] | Train Acc: 51.9% | Val Acc: 70.6% | Val Loss: 0.6397
2026-05-24 01:28:38,828 | INFO | model_trainers.mobile_vit_trainer | Epoch [41/500] | Train Acc: 51.2% | Val Acc: 67.6% | Val Loss: 0.6430
2026-05-24 01:28:38,830 | INFO | model_trainers.mobile_vit_trainer | Early stop at epoch 41 (no val-loss improvement for 40 epochs; best=0.4702)
2026-05-24 01:28:39,509 | INFO | evaluators.monte_carlo_evaluator | -> Fold 15 Result | Acc=0.667 Sens=0.000 Spec=0.750 AUROC=0.750
2026-05-24 01:28:39,510 | INFO | evaluators.monte_carlo_evaluator | === Fold 16/30 | train: 23 subj / 152 windows | test: 11 subj / 77 windows ===
2026-05-24 01:28:39,771 | INFO | httpx | HTTP Request: HEAD https://huggingface.co/apple/mobilevit-small/resolve/main/config.json "HTTP/1.1 307 Temporary Redirect"
2026-05-24 01:28:39,790 | INFO | httpx | HTTP Request: HEAD https://huggingface.co/api/resolve-cache/models/apple/mobilevit-small/6c8612545dc98676d27bc518fa521d9e9af23e34/config.json "HTTP/1.1 200 OK"
2026-05-24 01:28:40,077 | INFO | httpx | HTTP Request: HEAD https://huggingface.co/apple/mobilevit-small/resolve/main/model.safetensors "HTTP/1.1 404 Not Found"
2026-05-24 01:28:40,291 | INFO | httpx | HTTP Request: HEAD https://huggingface.co/apple/mobilevit-small/resolve/main/model.safetensors.index.json "HTTP/1.1 404 Not Found"
2026-05-24 01:28:40,510 | INFO | httpx | HTTP Request: HEAD https://huggingface.co/apple/mobilevit-small/resolve/main/pytorch_model.bin "HTTP/1.1 302 Found"
2026-05-24 01:28:40,730 | INFO | httpx | HTTP Request: HEAD https://huggingface.co/apple/mobilevit-small/resolve/main/model.safetensors "HTTP/1.1 404 Not Found"
2026-05-24 01:28:40,985 | INFO | httpx | HTTP Request: GET https://huggingface.co/api/models/apple/mobilevit-small "HTTP/1.1 200 OK"
2026-05-24 01:28:41,239 | INFO | httpx | HTTP Request: GET https://huggingface.co/api/models/apple/mobilevit-small/commits/main "HTTP/1.1 200 OK"
2026-05-24 01:28:41,467 | INFO | httpx | HTTP Request: GET https://huggingface.co/api/models/apple/mobilevit-small/discussions?p=0 "HTTP/1.1 200 OK"
2026-05-24 01:28:41,702 | INFO | httpx | HTTP Request: GET https://huggingface.co/api/models/apple/mobilevit-small/commits/refs%2Fpr%2F6 "HTTP/1.1 200 OK"
2026-05-24 01:28:41,911 | INFO | httpx | HTTP Request: HEAD https://huggingface.co/apple/mobilevit-small/resolve/refs%2Fpr%2F6/model.safetensors.index.json "HTTP/1.1 404 Not Found"
2026-05-24 01:28:42,131 | INFO | httpx | HTTP Request: HEAD https://huggingface.co/apple/mobilevit-small/resolve/refs%2Fpr%2F6/model.safetensors "HTTP/1.1 302 Found"
2026-05-24 01:28:43,829 | INFO | model_trainers.mobile_vit_trainer | Epoch [01/500] | Train Acc: 47.7% | Val Acc: 31.2% | Val Loss: 0.9982
2026-05-24 01:28:43,925 | INFO | model_trainers.mobile_vit_trainer |   ↳ new best val loss; saved checkpoint: /home/leggo/AIResearch/VOGBasedMCIDetectionSystemMobileViTSingleExperimentInference/outputs/checkpoints/run_20260524_010543/fold_15_best.pth
2026-05-24 01:28:46,062 | INFO | model_trainers.mobile_vit_trainer | Epoch [02/500] | Train Acc: 50.8% | Val Acc: 31.2% | Val Loss: 0.9064
2026-05-24 01:28:46,199 | INFO | model_trainers.mobile_vit_trainer |   ↳ new best val loss; saved checkpoint: /home/leggo/AIResearch/VOGBasedMCIDetectionSystemMobileViTSingleExperimentInference/outputs/checkpoints/run_20260524_010543/fold_15_best.pth
2026-05-24 01:28:48,329 | INFO | model_trainers.mobile_vit_trainer | Epoch [03/500] | Train Acc: 50.8% | Val Acc: 35.1% | Val Loss: 0.8532
2026-05-24 01:28:48,473 | INFO | model_trainers.mobile_vit_trainer |   ↳ new best val loss; saved checkpoint: /home/leggo/AIResearch/VOGBasedMCIDetectionSystemMobileViTSingleExperimentInference/outputs/checkpoints/run_20260524_010543/fold_15_best.pth
2026-05-24 01:28:50,624 | INFO | model_trainers.mobile_vit_trainer | Epoch [04/500] | Train Acc: 59.4% | Val Acc: 37.7% | Val Loss: 0.7993
2026-05-24 01:28:50,761 | INFO | model_trainers.mobile_vit_trainer |   ↳ new best val loss; saved checkpoint: /home/leggo/AIResearch/VOGBasedMCIDetectionSystemMobileViTSingleExperimentInference/outputs/checkpoints/run_20260524_010543/fold_15_best.pth
2026-05-24 01:28:52,880 | INFO | model_trainers.mobile_vit_trainer | Epoch [05/500] | Train Acc: 53.9% | Val Acc: 40.3% | Val Loss: 0.7824
2026-05-24 01:28:53,020 | INFO | model_trainers.mobile_vit_trainer |   ↳ new best val loss; saved checkpoint: /home/leggo/AIResearch/VOGBasedMCIDetectionSystemMobileViTSingleExperimentInference/outputs/checkpoints/run_20260524_010543/fold_15_best.pth
2026-05-24 01:28:55,169 | INFO | model_trainers.mobile_vit_trainer | Epoch [06/500] | Train Acc: 49.2% | Val Acc: 37.7% | Val Loss: 0.7721
2026-05-24 01:28:55,310 | INFO | model_trainers.mobile_vit_trainer |   ↳ new best val loss; saved checkpoint: /home/leggo/AIResearch/VOGBasedMCIDetectionSystemMobileViTSingleExperimentInference/outputs/checkpoints/run_20260524_010543/fold_15_best.pth
2026-05-24 01:28:57,449 | INFO | model_trainers.mobile_vit_trainer | Epoch [07/500] | Train Acc: 51.6% | Val Acc: 48.1% | Val Loss: 0.7546
2026-05-24 01:28:57,592 | INFO | model_trainers.mobile_vit_trainer |   ↳ new best val loss; saved checkpoint: /home/leggo/AIResearch/VOGBasedMCIDetectionSystemMobileViTSingleExperimentInference/outputs/checkpoints/run_20260524_010543/fold_15_best.pth
2026-05-24 01:28:59,759 | INFO | model_trainers.mobile_vit_trainer | Epoch [08/500] | Train Acc: 46.9% | Val Acc: 42.9% | Val Loss: 0.7659
2026-05-24 01:29:01,951 | INFO | model_trainers.mobile_vit_trainer | Epoch [09/500] | Train Acc: 44.5% | Val Acc: 39.0% | Val Loss: 0.7666
2026-05-24 01:29:04,093 | INFO | model_trainers.mobile_vit_trainer | Epoch [10/500] | Train Acc: 53.1% | Val Acc: 42.9% | Val Loss: 0.7694
2026-05-24 01:29:06,233 | INFO | model_trainers.mobile_vit_trainer | Epoch [11/500] | Train Acc: 47.7% | Val Acc: 40.3% | Val Loss: 0.7709
2026-05-24 01:29:08,375 | INFO | model_trainers.mobile_vit_trainer | Epoch [12/500] | Train Acc: 60.2% | Val Acc: 39.0% | Val Loss: 0.7703
2026-05-24 01:29:10,548 | INFO | model_trainers.mobile_vit_trainer | Epoch [13/500] | Train Acc: 50.8% | Val Acc: 39.0% | Val Loss: 0.7705
2026-05-24 01:29:12,726 | INFO | model_trainers.mobile_vit_trainer | Epoch [14/500] | Train Acc: 65.6% | Val Acc: 39.0% | Val Loss: 0.7708
2026-05-24 01:29:14,861 | INFO | model_trainers.mobile_vit_trainer | Epoch [15/500] | Train Acc: 60.2% | Val Acc: 37.7% | Val Loss: 0.7718
2026-05-24 01:29:16,958 | INFO | model_trainers.mobile_vit_trainer | Epoch [16/500] | Train Acc: 48.4% | Val Acc: 41.6% | Val Loss: 0.7732
2026-05-24 01:29:19,099 | INFO | model_trainers.mobile_vit_trainer | Epoch [17/500] | Train Acc: 47.7% | Val Acc: 40.3% | Val Loss: 0.7713
2026-05-24 01:29:21,253 | INFO | model_trainers.mobile_vit_trainer | Epoch [18/500] | Train Acc: 52.3% | Val Acc: 35.1% | Val Loss: 0.7756
2026-05-24 01:29:23,462 | INFO | model_trainers.mobile_vit_trainer | Epoch [19/500] | Train Acc: 55.5% | Val Acc: 32.5% | Val Loss: 0.7803
2026-05-24 01:29:25,644 | INFO | model_trainers.mobile_vit_trainer | Epoch [20/500] | Train Acc: 57.0% | Val Acc: 33.8% | Val Loss: 0.7854
2026-05-24 01:29:27,263 | INFO | model_trainers.mobile_vit_trainer | Epoch [21/500] | Train Acc: 51.6% | Val Acc: 33.8% | Val Loss: 0.7826
2026-05-24 01:29:28,289 | INFO | model_trainers.mobile_vit_trainer | Epoch [22/500] | Train Acc: 59.4% | Val Acc: 33.8% | Val Loss: 0.7780
2026-05-24 01:29:29,502 | INFO | model_trainers.mobile_vit_trainer | Epoch [23/500] | Train Acc: 59.4% | Val Acc: 33.8% | Val Loss: 0.7768
2026-05-24 01:29:31,673 | INFO | model_trainers.mobile_vit_trainer | Epoch [24/500] | Train Acc: 57.0% | Val Acc: 32.5% | Val Loss: 0.7834
2026-05-24 01:29:33,591 | INFO | model_trainers.mobile_vit_trainer | Epoch [25/500] | Train Acc: 53.9% | Val Acc: 33.8% | Val Loss: 0.7776
2026-05-24 01:29:35,619 | INFO | model_trainers.mobile_vit_trainer | Epoch [26/500] | Train Acc: 55.5% | Val Acc: 31.2% | Val Loss: 0.7784
2026-05-24 01:29:37,749 | INFO | model_trainers.mobile_vit_trainer | Epoch [27/500] | Train Acc: 52.3% | Val Acc: 37.7% | Val Loss: 0.7781
2026-05-24 01:29:39,973 | INFO | model_trainers.mobile_vit_trainer | Epoch [28/500] | Train Acc: 56.2% | Val Acc: 37.7% | Val Loss: 0.7759
2026-05-24 01:29:42,170 | INFO | model_trainers.mobile_vit_trainer | Epoch [29/500] | Train Acc: 56.2% | Val Acc: 37.7% | Val Loss: 0.7770
2026-05-24 01:29:44,314 | INFO | model_trainers.mobile_vit_trainer | Epoch [30/500] | Train Acc: 57.0% | Val Acc: 40.3% | Val Loss: 0.7757
2026-05-24 01:29:46,484 | INFO | model_trainers.mobile_vit_trainer | Epoch [31/500] | Train Acc: 57.0% | Val Acc: 42.9% | Val Loss: 0.7734
2026-05-24 01:29:48,678 | INFO | model_trainers.mobile_vit_trainer | Epoch [32/500] | Train Acc: 48.4% | Val Acc: 41.6% | Val Loss: 0.7725
2026-05-24 01:29:50,860 | INFO | model_trainers.mobile_vit_trainer | Epoch [33/500] | Train Acc: 53.9% | Val Acc: 40.3% | Val Loss: 0.7705
2026-05-24 01:29:52,999 | INFO | model_trainers.mobile_vit_trainer | Epoch [34/500] | Train Acc: 53.1% | Val Acc: 41.6% | Val Loss: 0.7723
2026-05-24 01:29:55,142 | INFO | model_trainers.mobile_vit_trainer | Epoch [35/500] | Train Acc: 66.4% | Val Acc: 41.6% | Val Loss: 0.7718
2026-05-24 01:29:57,294 | INFO | model_trainers.mobile_vit_trainer | Epoch [36/500] | Train Acc: 54.7% | Val Acc: 40.3% | Val Loss: 0.7722
2026-05-24 01:29:59,472 | INFO | model_trainers.mobile_vit_trainer | Epoch [37/500] | Train Acc: 57.0% | Val Acc: 37.7% | Val Loss: 0.7732
2026-05-24 01:30:01,674 | INFO | model_trainers.mobile_vit_trainer | Epoch [38/500] | Train Acc: 55.5% | Val Acc: 40.3% | Val Loss: 0.7779
2026-05-24 01:30:03,900 | INFO | model_trainers.mobile_vit_trainer | Epoch [39/500] | Train Acc: 58.6% | Val Acc: 37.7% | Val Loss: 0.7802
2026-05-24 01:30:06,049 | INFO | model_trainers.mobile_vit_trainer | Epoch [40/500] | Train Acc: 64.1% | Val Acc: 40.3% | Val Loss: 0.7883
2026-05-24 01:30:08,171 | INFO | model_trainers.mobile_vit_trainer | Epoch [41/500] | Train Acc: 60.9% | Val Acc: 42.9% | Val Loss: 0.7908
2026-05-24 01:30:10,306 | INFO | model_trainers.mobile_vit_trainer | Epoch [42/500] | Train Acc: 60.2% | Val Acc: 39.0% | Val Loss: 0.7925
2026-05-24 01:30:12,457 | INFO | model_trainers.mobile_vit_trainer | Epoch [43/500] | Train Acc: 53.1% | Val Acc: 36.4% | Val Loss: 0.7828
2026-05-24 01:30:14,678 | INFO | model_trainers.mobile_vit_trainer | Epoch [44/500] | Train Acc: 66.4% | Val Acc: 40.3% | Val Loss: 0.7722
2026-05-24 01:30:16,868 | INFO | model_trainers.mobile_vit_trainer | Epoch [45/500] | Train Acc: 54.7% | Val Acc: 40.3% | Val Loss: 0.7705
2026-05-24 01:30:18,996 | INFO | model_trainers.mobile_vit_trainer | Epoch [46/500] | Train Acc: 57.8% | Val Acc: 41.6% | Val Loss: 0.7683
2026-05-24 01:30:21,160 | INFO | model_trainers.mobile_vit_trainer | Epoch [47/500] | Train Acc: 55.5% | Val Acc: 39.0% | Val Loss: 0.7709
2026-05-24 01:30:21,161 | INFO | model_trainers.mobile_vit_trainer | Early stop at epoch 47 (no val-loss improvement for 40 epochs; best=0.7546)
2026-05-24 01:30:21,888 | INFO | evaluators.monte_carlo_evaluator | -> Fold 16 Result | Acc=0.400 Sens=0.667 Spec=0.286 AUROC=0.571
2026-05-24 01:30:21,889 | INFO | evaluators.monte_carlo_evaluator | === Fold 17/30 | train: 23 subj / 160 windows | test: 11 subj / 69 windows ===
2026-05-24 01:30:22,146 | INFO | httpx | HTTP Request: HEAD https://huggingface.co/apple/mobilevit-small/resolve/main/config.json "HTTP/1.1 307 Temporary Redirect"
2026-05-24 01:30:22,164 | INFO | httpx | HTTP Request: HEAD https://huggingface.co/api/resolve-cache/models/apple/mobilevit-small/6c8612545dc98676d27bc518fa521d9e9af23e34/config.json "HTTP/1.1 200 OK"
2026-05-24 01:30:22,444 | INFO | httpx | HTTP Request: HEAD https://huggingface.co/apple/mobilevit-small/resolve/main/model.safetensors "HTTP/1.1 404 Not Found"
2026-05-24 01:30:22,662 | INFO | httpx | HTTP Request: HEAD https://huggingface.co/apple/mobilevit-small/resolve/main/model.safetensors.index.json "HTTP/1.1 404 Not Found"
2026-05-24 01:30:22,883 | INFO | httpx | HTTP Request: HEAD https://huggingface.co/apple/mobilevit-small/resolve/main/pytorch_model.bin "HTTP/1.1 302 Found"
2026-05-24 01:30:23,101 | INFO | httpx | HTTP Request: HEAD https://huggingface.co/apple/mobilevit-small/resolve/main/model.safetensors "HTTP/1.1 404 Not Found"
2026-05-24 01:30:23,357 | INFO | httpx | HTTP Request: GET https://huggingface.co/api/models/apple/mobilevit-small "HTTP/1.1 200 OK"
2026-05-24 01:30:23,608 | INFO | httpx | HTTP Request: GET https://huggingface.co/api/models/apple/mobilevit-small/commits/main "HTTP/1.1 200 OK"
2026-05-24 01:30:23,836 | INFO | httpx | HTTP Request: GET https://huggingface.co/api/models/apple/mobilevit-small/discussions?p=0 "HTTP/1.1 200 OK"
2026-05-24 01:30:24,059 | INFO | httpx | HTTP Request: GET https://huggingface.co/api/models/apple/mobilevit-small/commits/refs%2Fpr%2F6 "HTTP/1.1 200 OK"
2026-05-24 01:30:24,269 | INFO | httpx | HTTP Request: HEAD https://huggingface.co/apple/mobilevit-small/resolve/refs%2Fpr%2F6/model.safetensors.index.json "HTTP/1.1 404 Not Found"
2026-05-24 01:30:24,494 | INFO | httpx | HTTP Request: HEAD https://huggingface.co/apple/mobilevit-small/resolve/refs%2Fpr%2F6/model.safetensors "HTTP/1.1 302 Found"
2026-05-24 01:30:26,454 | INFO | model_trainers.mobile_vit_trainer | Epoch [01/500] | Train Acc: 53.8% | Val Acc: 55.1% | Val Loss: 0.7380
2026-05-24 01:30:26,568 | INFO | model_trainers.mobile_vit_trainer |   ↳ new best val loss; saved checkpoint: /home/leggo/AIResearch/VOGBasedMCIDetectionSystemMobileViTSingleExperimentInference/outputs/checkpoints/run_20260524_010543/fold_16_best.pth
2026-05-24 01:30:29,113 | INFO | model_trainers.mobile_vit_trainer | Epoch [02/500] | Train Acc: 56.9% | Val Acc: 56.5% | Val Loss: 0.7205
2026-05-24 01:30:29,232 | INFO | model_trainers.mobile_vit_trainer |   ↳ new best val loss; saved checkpoint: /home/leggo/AIResearch/VOGBasedMCIDetectionSystemMobileViTSingleExperimentInference/outputs/checkpoints/run_20260524_010543/fold_16_best.pth
2026-05-24 01:30:31,842 | INFO | model_trainers.mobile_vit_trainer | Epoch [03/500] | Train Acc: 50.6% | Val Acc: 46.4% | Val Loss: 0.7130
2026-05-24 01:30:31,982 | INFO | model_trainers.mobile_vit_trainer |   ↳ new best val loss; saved checkpoint: /home/leggo/AIResearch/VOGBasedMCIDetectionSystemMobileViTSingleExperimentInference/outputs/checkpoints/run_20260524_010543/fold_16_best.pth
2026-05-24 01:30:34,584 | INFO | model_trainers.mobile_vit_trainer | Epoch [04/500] | Train Acc: 48.1% | Val Acc: 44.9% | Val Loss: 0.7250
2026-05-24 01:30:37,178 | INFO | model_trainers.mobile_vit_trainer | Epoch [05/500] | Train Acc: 55.0% | Val Acc: 52.2% | Val Loss: 0.7021
2026-05-24 01:30:37,319 | INFO | model_trainers.mobile_vit_trainer |   ↳ new best val loss; saved checkpoint: /home/leggo/AIResearch/VOGBasedMCIDetectionSystemMobileViTSingleExperimentInference/outputs/checkpoints/run_20260524_010543/fold_16_best.pth
2026-05-24 01:30:39,904 | INFO | model_trainers.mobile_vit_trainer | Epoch [06/500] | Train Acc: 54.4% | Val Acc: 55.1% | Val Loss: 0.6764
2026-05-24 01:30:40,044 | INFO | model_trainers.mobile_vit_trainer |   ↳ new best val loss; saved checkpoint: /home/leggo/AIResearch/VOGBasedMCIDetectionSystemMobileViTSingleExperimentInference/outputs/checkpoints/run_20260524_010543/fold_16_best.pth
2026-05-24 01:30:42,626 | INFO | model_trainers.mobile_vit_trainer | Epoch [07/500] | Train Acc: 55.0% | Val Acc: 62.3% | Val Loss: 0.6855
2026-05-24 01:30:45,231 | INFO | model_trainers.mobile_vit_trainer | Epoch [08/500] | Train Acc: 48.1% | Val Acc: 58.0% | Val Loss: 0.6926
2026-05-24 01:30:47,873 | INFO | model_trainers.mobile_vit_trainer | Epoch [09/500] | Train Acc: 55.6% | Val Acc: 52.2% | Val Loss: 0.7237
2026-05-24 01:30:50,492 | INFO | model_trainers.mobile_vit_trainer | Epoch [10/500] | Train Acc: 61.2% | Val Acc: 52.2% | Val Loss: 0.7305
2026-05-24 01:30:53,085 | INFO | model_trainers.mobile_vit_trainer | Epoch [11/500] | Train Acc: 52.5% | Val Acc: 55.1% | Val Loss: 0.7070
2026-05-24 01:30:55,687 | INFO | model_trainers.mobile_vit_trainer | Epoch [12/500] | Train Acc: 53.8% | Val Acc: 50.7% | Val Loss: 0.7090
2026-05-24 01:30:58,309 | INFO | model_trainers.mobile_vit_trainer | Epoch [13/500] | Train Acc: 55.6% | Val Acc: 49.3% | Val Loss: 0.7199
2026-05-24 01:31:00,922 | INFO | model_trainers.mobile_vit_trainer | Epoch [14/500] | Train Acc: 50.0% | Val Acc: 50.7% | Val Loss: 0.7211
2026-05-24 01:31:03,472 | INFO | model_trainers.mobile_vit_trainer | Epoch [15/500] | Train Acc: 50.0% | Val Acc: 52.2% | Val Loss: 0.7138
2026-05-24 01:31:06,034 | INFO | model_trainers.mobile_vit_trainer | Epoch [16/500] | Train Acc: 59.4% | Val Acc: 59.4% | Val Loss: 0.6965
2026-05-24 01:31:08,638 | INFO | model_trainers.mobile_vit_trainer | Epoch [17/500] | Train Acc: 55.0% | Val Acc: 59.4% | Val Loss: 0.6852
2026-05-24 01:31:11,253 | INFO | model_trainers.mobile_vit_trainer | Epoch [18/500] | Train Acc: 54.4% | Val Acc: 55.1% | Val Loss: 0.6823
2026-05-24 01:31:13,872 | INFO | model_trainers.mobile_vit_trainer | Epoch [19/500] | Train Acc: 53.8% | Val Acc: 56.5% | Val Loss: 0.6781
2026-05-24 01:31:16,453 | INFO | model_trainers.mobile_vit_trainer | Epoch [20/500] | Train Acc: 55.6% | Val Acc: 59.4% | Val Loss: 0.6760
2026-05-24 01:31:16,593 | INFO | model_trainers.mobile_vit_trainer |   ↳ new best val loss; saved checkpoint: /home/leggo/AIResearch/VOGBasedMCIDetectionSystemMobileViTSingleExperimentInference/outputs/checkpoints/run_20260524_010543/fold_16_best.pth
2026-05-24 01:31:19,170 | INFO | model_trainers.mobile_vit_trainer | Epoch [21/500] | Train Acc: 58.1% | Val Acc: 56.5% | Val Loss: 0.6822
2026-05-24 01:31:20,424 | INFO | model_trainers.mobile_vit_trainer | Epoch [22/500] | Train Acc: 55.6% | Val Acc: 56.5% | Val Loss: 0.6931
2026-05-24 01:31:22,198 | INFO | model_trainers.mobile_vit_trainer | Epoch [23/500] | Train Acc: 48.1% | Val Acc: 56.5% | Val Loss: 0.7012
2026-05-24 01:31:24,641 | INFO | model_trainers.mobile_vit_trainer | Epoch [24/500] | Train Acc: 60.0% | Val Acc: 55.1% | Val Loss: 0.7032
2026-05-24 01:31:27,062 | INFO | model_trainers.mobile_vit_trainer | Epoch [25/500] | Train Acc: 56.9% | Val Acc: 56.5% | Val Loss: 0.6956
2026-05-24 01:31:29,630 | INFO | model_trainers.mobile_vit_trainer | Epoch [26/500] | Train Acc: 51.2% | Val Acc: 56.5% | Val Loss: 0.6830
2026-05-24 01:31:32,200 | INFO | model_trainers.mobile_vit_trainer | Epoch [27/500] | Train Acc: 50.6% | Val Acc: 55.1% | Val Loss: 0.6950
2026-05-24 01:31:34,860 | INFO | model_trainers.mobile_vit_trainer | Epoch [28/500] | Train Acc: 56.9% | Val Acc: 44.9% | Val Loss: 0.7097
2026-05-24 01:31:37,505 | INFO | model_trainers.mobile_vit_trainer | Epoch [29/500] | Train Acc: 60.0% | Val Acc: 49.3% | Val Loss: 0.6965
2026-05-24 01:31:40,181 | INFO | model_trainers.mobile_vit_trainer | Epoch [30/500] | Train Acc: 55.6% | Val Acc: 52.2% | Val Loss: 0.6876
2026-05-24 01:31:42,813 | INFO | model_trainers.mobile_vit_trainer | Epoch [31/500] | Train Acc: 54.4% | Val Acc: 56.5% | Val Loss: 0.6890
2026-05-24 01:31:45,484 | INFO | model_trainers.mobile_vit_trainer | Epoch [32/500] | Train Acc: 58.8% | Val Acc: 56.5% | Val Loss: 0.6744
2026-05-24 01:31:45,599 | INFO | model_trainers.mobile_vit_trainer |   ↳ new best val loss; saved checkpoint: /home/leggo/AIResearch/VOGBasedMCIDetectionSystemMobileViTSingleExperimentInference/outputs/checkpoints/run_20260524_010543/fold_16_best.pth
2026-05-24 01:31:48,298 | INFO | model_trainers.mobile_vit_trainer | Epoch [33/500] | Train Acc: 57.5% | Val Acc: 60.9% | Val Loss: 0.6738
2026-05-24 01:31:48,428 | INFO | model_trainers.mobile_vit_trainer |   ↳ new best val loss; saved checkpoint: /home/leggo/AIResearch/VOGBasedMCIDetectionSystemMobileViTSingleExperimentInference/outputs/checkpoints/run_20260524_010543/fold_16_best.pth
2026-05-24 01:31:51,022 | INFO | model_trainers.mobile_vit_trainer | Epoch [34/500] | Train Acc: 61.9% | Val Acc: 63.8% | Val Loss: 0.6738
2026-05-24 01:31:53,670 | INFO | model_trainers.mobile_vit_trainer | Epoch [35/500] | Train Acc: 55.6% | Val Acc: 55.1% | Val Loss: 0.6825
2026-05-24 01:31:56,386 | INFO | model_trainers.mobile_vit_trainer | Epoch [36/500] | Train Acc: 53.1% | Val Acc: 56.5% | Val Loss: 0.6822
2026-05-24 01:31:59,053 | INFO | model_trainers.mobile_vit_trainer | Epoch [37/500] | Train Acc: 50.0% | Val Acc: 62.3% | Val Loss: 0.6820
2026-05-24 01:32:01,700 | INFO | model_trainers.mobile_vit_trainer | Epoch [38/500] | Train Acc: 58.8% | Val Acc: 58.0% | Val Loss: 0.6889
2026-05-24 01:32:04,393 | INFO | model_trainers.mobile_vit_trainer | Epoch [39/500] | Train Acc: 51.2% | Val Acc: 63.8% | Val Loss: 0.6830
2026-05-24 01:32:07,075 | INFO | model_trainers.mobile_vit_trainer | Epoch [40/500] | Train Acc: 60.0% | Val Acc: 63.8% | Val Loss: 0.6868
2026-05-24 01:32:09,755 | INFO | model_trainers.mobile_vit_trainer | Epoch [41/500] | Train Acc: 51.9% | Val Acc: 59.4% | Val Loss: 0.6920
2026-05-24 01:32:12,380 | INFO | model_trainers.mobile_vit_trainer | Epoch [42/500] | Train Acc: 57.5% | Val Acc: 60.9% | Val Loss: 0.6764
2026-05-24 01:32:14,972 | INFO | model_trainers.mobile_vit_trainer | Epoch [43/500] | Train Acc: 57.5% | Val Acc: 66.7% | Val Loss: 0.6604
2026-05-24 01:32:15,103 | INFO | model_trainers.mobile_vit_trainer |   ↳ new best val loss; saved checkpoint: /home/leggo/AIResearch/VOGBasedMCIDetectionSystemMobileViTSingleExperimentInference/outputs/checkpoints/run_20260524_010543/fold_16_best.pth
2026-05-24 01:32:17,709 | INFO | model_trainers.mobile_vit_trainer | Epoch [44/500] | Train Acc: 58.8% | Val Acc: 59.4% | Val Loss: 0.6602
2026-05-24 01:32:17,844 | INFO | model_trainers.mobile_vit_trainer |   ↳ new best val loss; saved checkpoint: /home/leggo/AIResearch/VOGBasedMCIDetectionSystemMobileViTSingleExperimentInference/outputs/checkpoints/run_20260524_010543/fold_16_best.pth
2026-05-24 01:32:20,412 | INFO | model_trainers.mobile_vit_trainer | Epoch [45/500] | Train Acc: 56.9% | Val Acc: 56.5% | Val Loss: 0.6788
2026-05-24 01:32:22,973 | INFO | model_trainers.mobile_vit_trainer | Epoch [46/500] | Train Acc: 63.1% | Val Acc: 56.5% | Val Loss: 0.6833
2026-05-24 01:32:25,510 | INFO | model_trainers.mobile_vit_trainer | Epoch [47/500] | Train Acc: 56.2% | Val Acc: 55.1% | Val Loss: 0.6845
2026-05-24 01:32:28,110 | INFO | model_trainers.mobile_vit_trainer | Epoch [48/500] | Train Acc: 58.8% | Val Acc: 52.2% | Val Loss: 0.6894
2026-05-24 01:32:30,769 | INFO | model_trainers.mobile_vit_trainer | Epoch [49/500] | Train Acc: 60.6% | Val Acc: 55.1% | Val Loss: 0.6812
2026-05-24 01:32:33,406 | INFO | model_trainers.mobile_vit_trainer | Epoch [50/500] | Train Acc: 54.4% | Val Acc: 58.0% | Val Loss: 0.6657
2026-05-24 01:32:35,980 | INFO | model_trainers.mobile_vit_trainer | Epoch [51/500] | Train Acc: 58.1% | Val Acc: 59.4% | Val Loss: 0.6616
2026-05-24 01:32:38,572 | INFO | model_trainers.mobile_vit_trainer | Epoch [52/500] | Train Acc: 58.8% | Val Acc: 53.6% | Val Loss: 0.6677
2026-05-24 01:32:41,159 | INFO | model_trainers.mobile_vit_trainer | Epoch [53/500] | Train Acc: 56.9% | Val Acc: 50.7% | Val Loss: 0.6793
2026-05-24 01:32:43,738 | INFO | model_trainers.mobile_vit_trainer | Epoch [54/500] | Train Acc: 55.0% | Val Acc: 59.4% | Val Loss: 0.6692
2026-05-24 01:32:46,338 | INFO | model_trainers.mobile_vit_trainer | Epoch [55/500] | Train Acc: 59.4% | Val Acc: 58.0% | Val Loss: 0.6640
2026-05-24 01:32:48,955 | INFO | model_trainers.mobile_vit_trainer | Epoch [56/500] | Train Acc: 60.0% | Val Acc: 60.9% | Val Loss: 0.6589
2026-05-24 01:32:49,091 | INFO | model_trainers.mobile_vit_trainer |   ↳ new best val loss; saved checkpoint: /home/leggo/AIResearch/VOGBasedMCIDetectionSystemMobileViTSingleExperimentInference/outputs/checkpoints/run_20260524_010543/fold_16_best.pth
2026-05-24 01:32:51,683 | INFO | model_trainers.mobile_vit_trainer | Epoch [57/500] | Train Acc: 57.5% | Val Acc: 62.3% | Val Loss: 0.6508
2026-05-24 01:32:51,803 | INFO | model_trainers.mobile_vit_trainer |   ↳ new best val loss; saved checkpoint: /home/leggo/AIResearch/VOGBasedMCIDetectionSystemMobileViTSingleExperimentInference/outputs/checkpoints/run_20260524_010543/fold_16_best.pth
2026-05-24 01:32:54,428 | INFO | model_trainers.mobile_vit_trainer | Epoch [58/500] | Train Acc: 57.5% | Val Acc: 62.3% | Val Loss: 0.6507
2026-05-24 01:32:54,562 | INFO | model_trainers.mobile_vit_trainer |   ↳ new best val loss; saved checkpoint: /home/leggo/AIResearch/VOGBasedMCIDetectionSystemMobileViTSingleExperimentInference/outputs/checkpoints/run_20260524_010543/fold_16_best.pth
2026-05-24 01:32:57,108 | INFO | model_trainers.mobile_vit_trainer | Epoch [59/500] | Train Acc: 57.5% | Val Acc: 56.5% | Val Loss: 0.6708
2026-05-24 01:32:59,707 | INFO | model_trainers.mobile_vit_trainer | Epoch [60/500] | Train Acc: 53.8% | Val Acc: 56.5% | Val Loss: 0.6830
2026-05-24 01:33:02,316 | INFO | model_trainers.mobile_vit_trainer | Epoch [61/500] | Train Acc: 58.1% | Val Acc: 58.0% | Val Loss: 0.6782
2026-05-24 01:33:04,900 | INFO | model_trainers.mobile_vit_trainer | Epoch [62/500] | Train Acc: 52.5% | Val Acc: 63.8% | Val Loss: 0.6552
2026-05-24 01:33:07,476 | INFO | model_trainers.mobile_vit_trainer | Epoch [63/500] | Train Acc: 60.6% | Val Acc: 63.8% | Val Loss: 0.6511
2026-05-24 01:33:09,994 | INFO | model_trainers.mobile_vit_trainer | Epoch [64/500] | Train Acc: 53.8% | Val Acc: 59.4% | Val Loss: 0.6578
2026-05-24 01:33:12,565 | INFO | model_trainers.mobile_vit_trainer | Epoch [65/500] | Train Acc: 56.9% | Val Acc: 68.1% | Val Loss: 0.6368
2026-05-24 01:33:12,685 | INFO | model_trainers.mobile_vit_trainer |   ↳ new best val loss; saved checkpoint: /home/leggo/AIResearch/VOGBasedMCIDetectionSystemMobileViTSingleExperimentInference/outputs/checkpoints/run_20260524_010543/fold_16_best.pth
2026-05-24 01:33:15,298 | INFO | model_trainers.mobile_vit_trainer | Epoch [66/500] | Train Acc: 58.1% | Val Acc: 59.4% | Val Loss: 0.6449
2026-05-24 01:33:16,696 | INFO | model_trainers.mobile_vit_trainer | Epoch [67/500] | Train Acc: 58.8% | Val Acc: 59.4% | Val Loss: 0.6542
2026-05-24 01:33:18,460 | INFO | model_trainers.mobile_vit_trainer | Epoch [68/500] | Train Acc: 61.2% | Val Acc: 63.8% | Val Loss: 0.6550
2026-05-24 01:33:20,926 | INFO | model_trainers.mobile_vit_trainer | Epoch [69/500] | Train Acc: 58.8% | Val Acc: 62.3% | Val Loss: 0.6594
2026-05-24 01:33:23,391 | INFO | model_trainers.mobile_vit_trainer | Epoch [70/500] | Train Acc: 53.8% | Val Acc: 62.3% | Val Loss: 0.6680
2026-05-24 01:33:25,863 | INFO | model_trainers.mobile_vit_trainer | Epoch [71/500] | Train Acc: 60.6% | Val Acc: 63.8% | Val Loss: 0.6467
2026-05-24 01:33:28,419 | INFO | model_trainers.mobile_vit_trainer | Epoch [72/500] | Train Acc: 55.6% | Val Acc: 60.9% | Val Loss: 0.6354
2026-05-24 01:33:28,543 | INFO | model_trainers.mobile_vit_trainer |   ↳ new best val loss; saved checkpoint: /home/leggo/AIResearch/VOGBasedMCIDetectionSystemMobileViTSingleExperimentInference/outputs/checkpoints/run_20260524_010543/fold_16_best.pth
2026-05-24 01:33:31,150 | INFO | model_trainers.mobile_vit_trainer | Epoch [73/500] | Train Acc: 61.9% | Val Acc: 58.0% | Val Loss: 0.6515
2026-05-24 01:33:33,708 | INFO | model_trainers.mobile_vit_trainer | Epoch [74/500] | Train Acc: 56.2% | Val Acc: 62.3% | Val Loss: 0.6476
2026-05-24 01:33:36,287 | INFO | model_trainers.mobile_vit_trainer | Epoch [75/500] | Train Acc: 63.1% | Val Acc: 63.8% | Val Loss: 0.6497
2026-05-24 01:33:38,917 | INFO | model_trainers.mobile_vit_trainer | Epoch [76/500] | Train Acc: 65.0% | Val Acc: 56.5% | Val Loss: 0.6654
2026-05-24 01:33:41,512 | INFO | model_trainers.mobile_vit_trainer | Epoch [77/500] | Train Acc: 60.0% | Val Acc: 62.3% | Val Loss: 0.6668
2026-05-24 01:33:44,110 | INFO | model_trainers.mobile_vit_trainer | Epoch [78/500] | Train Acc: 57.5% | Val Acc: 59.4% | Val Loss: 0.6565
2026-05-24 01:33:46,687 | INFO | model_trainers.mobile_vit_trainer | Epoch [79/500] | Train Acc: 64.4% | Val Acc: 66.7% | Val Loss: 0.6407
2026-05-24 01:33:49,251 | INFO | model_trainers.mobile_vit_trainer | Epoch [80/500] | Train Acc: 60.6% | Val Acc: 65.2% | Val Loss: 0.6413
2026-05-24 01:33:51,875 | INFO | model_trainers.mobile_vit_trainer | Epoch [81/500] | Train Acc: 60.6% | Val Acc: 63.8% | Val Loss: 0.6389
2026-05-24 01:33:54,521 | INFO | model_trainers.mobile_vit_trainer | Epoch [82/500] | Train Acc: 58.8% | Val Acc: 62.3% | Val Loss: 0.6385
2026-05-24 01:33:57,181 | INFO | model_trainers.mobile_vit_trainer | Epoch [83/500] | Train Acc: 59.4% | Val Acc: 62.3% | Val Loss: 0.6477
2026-05-24 01:33:59,812 | INFO | model_trainers.mobile_vit_trainer | Epoch [84/500] | Train Acc: 61.9% | Val Acc: 63.8% | Val Loss: 0.6346
2026-05-24 01:33:59,954 | INFO | model_trainers.mobile_vit_trainer |   ↳ new best val loss; saved checkpoint: /home/leggo/AIResearch/VOGBasedMCIDetectionSystemMobileViTSingleExperimentInference/outputs/checkpoints/run_20260524_010543/fold_16_best.pth
2026-05-24 01:34:02,540 | INFO | model_trainers.mobile_vit_trainer | Epoch [85/500] | Train Acc: 54.4% | Val Acc: 62.3% | Val Loss: 0.6359
2026-05-24 01:34:05,158 | INFO | model_trainers.mobile_vit_trainer | Epoch [86/500] | Train Acc: 65.6% | Val Acc: 63.8% | Val Loss: 0.6356
2026-05-24 01:34:07,802 | INFO | model_trainers.mobile_vit_trainer | Epoch [87/500] | Train Acc: 62.5% | Val Acc: 66.7% | Val Loss: 0.6254
2026-05-24 01:34:07,955 | INFO | model_trainers.mobile_vit_trainer |   ↳ new best val loss; saved checkpoint: /home/leggo/AIResearch/VOGBasedMCIDetectionSystemMobileViTSingleExperimentInference/outputs/checkpoints/run_20260524_010543/fold_16_best.pth
2026-05-24 01:34:10,573 | INFO | model_trainers.mobile_vit_trainer | Epoch [88/500] | Train Acc: 58.8% | Val Acc: 65.2% | Val Loss: 0.6320
2026-05-24 01:34:13,208 | INFO | model_trainers.mobile_vit_trainer | Epoch [89/500] | Train Acc: 64.4% | Val Acc: 62.3% | Val Loss: 0.6368
2026-05-24 01:34:15,862 | INFO | model_trainers.mobile_vit_trainer | Epoch [90/500] | Train Acc: 60.6% | Val Acc: 58.0% | Val Loss: 0.6570
2026-05-24 01:34:18,482 | INFO | model_trainers.mobile_vit_trainer | Epoch [91/500] | Train Acc: 60.0% | Val Acc: 63.8% | Val Loss: 0.6329
2026-05-24 01:34:21,035 | INFO | model_trainers.mobile_vit_trainer | Epoch [92/500] | Train Acc: 61.9% | Val Acc: 65.2% | Val Loss: 0.6383
2026-05-24 01:34:23,643 | INFO | model_trainers.mobile_vit_trainer | Epoch [93/500] | Train Acc: 64.4% | Val Acc: 63.8% | Val Loss: 0.6477
2026-05-24 01:34:26,304 | INFO | model_trainers.mobile_vit_trainer | Epoch [94/500] | Train Acc: 63.1% | Val Acc: 56.5% | Val Loss: 0.6602
2026-05-24 01:34:28,937 | INFO | model_trainers.mobile_vit_trainer | Epoch [95/500] | Train Acc: 62.5% | Val Acc: 55.1% | Val Loss: 0.6546
2026-05-24 01:34:31,563 | INFO | model_trainers.mobile_vit_trainer | Epoch [96/500] | Train Acc: 63.8% | Val Acc: 65.2% | Val Loss: 0.6443
2026-05-24 01:34:34,178 | INFO | model_trainers.mobile_vit_trainer | Epoch [97/500] | Train Acc: 61.9% | Val Acc: 63.8% | Val Loss: 0.6442
2026-05-24 01:34:36,786 | INFO | model_trainers.mobile_vit_trainer | Epoch [98/500] | Train Acc: 67.5% | Val Acc: 60.9% | Val Loss: 0.6375
2026-05-24 01:34:39,374 | INFO | model_trainers.mobile_vit_trainer | Epoch [99/500] | Train Acc: 62.5% | Val Acc: 62.3% | Val Loss: 0.6351
2026-05-24 01:34:41,962 | INFO | model_trainers.mobile_vit_trainer | Epoch [100/500] | Train Acc: 56.2% | Val Acc: 60.9% | Val Loss: 0.6556
2026-05-24 01:34:44,554 | INFO | model_trainers.mobile_vit_trainer | Epoch [101/500] | Train Acc: 58.8% | Val Acc: 53.6% | Val Loss: 0.6708
2026-05-24 01:34:47,189 | INFO | model_trainers.mobile_vit_trainer | Epoch [102/500] | Train Acc: 64.4% | Val Acc: 53.6% | Val Loss: 0.6750
2026-05-24 01:34:49,823 | INFO | model_trainers.mobile_vit_trainer | Epoch [103/500] | Train Acc: 61.9% | Val Acc: 60.9% | Val Loss: 0.6551
2026-05-24 01:34:52,396 | INFO | model_trainers.mobile_vit_trainer | Epoch [104/500] | Train Acc: 65.6% | Val Acc: 65.2% | Val Loss: 0.6521
2026-05-24 01:34:54,614 | INFO | model_trainers.mobile_vit_trainer | Epoch [105/500] | Train Acc: 63.8% | Val Acc: 65.2% | Val Loss: 0.6536
2026-05-24 01:34:55,867 | INFO | model_trainers.mobile_vit_trainer | Epoch [106/500] | Train Acc: 66.2% | Val Acc: 56.5% | Val Loss: 0.6470
2026-05-24 01:34:58,284 | INFO | model_trainers.mobile_vit_trainer | Epoch [107/500] | Train Acc: 67.5% | Val Acc: 60.9% | Val Loss: 0.6383
2026-05-24 01:35:00,712 | INFO | model_trainers.mobile_vit_trainer | Epoch [108/500] | Train Acc: 58.8% | Val Acc: 62.3% | Val Loss: 0.6395
2026-05-24 01:35:03,142 | INFO | model_trainers.mobile_vit_trainer | Epoch [109/500] | Train Acc: 67.5% | Val Acc: 62.3% | Val Loss: 0.6365
2026-05-24 01:35:05,531 | INFO | model_trainers.mobile_vit_trainer | Epoch [110/500] | Train Acc: 61.9% | Val Acc: 62.3% | Val Loss: 0.6338
2026-05-24 01:35:08,061 | INFO | model_trainers.mobile_vit_trainer | Epoch [111/500] | Train Acc: 64.4% | Val Acc: 62.3% | Val Loss: 0.6380
2026-05-24 01:35:10,621 | INFO | model_trainers.mobile_vit_trainer | Epoch [112/500] | Train Acc: 66.9% | Val Acc: 56.5% | Val Loss: 0.6583
2026-05-24 01:35:13,230 | INFO | model_trainers.mobile_vit_trainer | Epoch [113/500] | Train Acc: 62.5% | Val Acc: 59.4% | Val Loss: 0.6514
2026-05-24 01:35:15,782 | INFO | model_trainers.mobile_vit_trainer | Epoch [114/500] | Train Acc: 64.4% | Val Acc: 60.9% | Val Loss: 0.6499
2026-05-24 01:35:18,334 | INFO | model_trainers.mobile_vit_trainer | Epoch [115/500] | Train Acc: 68.8% | Val Acc: 60.9% | Val Loss: 0.6450
2026-05-24 01:35:20,869 | INFO | model_trainers.mobile_vit_trainer | Epoch [116/500] | Train Acc: 67.5% | Val Acc: 62.3% | Val Loss: 0.6467
2026-05-24 01:35:23,402 | INFO | model_trainers.mobile_vit_trainer | Epoch [117/500] | Train Acc: 64.4% | Val Acc: 62.3% | Val Loss: 0.6436
2026-05-24 01:35:25,988 | INFO | model_trainers.mobile_vit_trainer | Epoch [118/500] | Train Acc: 70.6% | Val Acc: 63.8% | Val Loss: 0.6398
2026-05-24 01:35:28,588 | INFO | model_trainers.mobile_vit_trainer | Epoch [119/500] | Train Acc: 64.4% | Val Acc: 60.9% | Val Loss: 0.6482
2026-05-24 01:35:31,167 | INFO | model_trainers.mobile_vit_trainer | Epoch [120/500] | Train Acc: 68.1% | Val Acc: 55.1% | Val Loss: 0.6565
2026-05-24 01:35:33,705 | INFO | model_trainers.mobile_vit_trainer | Epoch [121/500] | Train Acc: 67.5% | Val Acc: 55.1% | Val Loss: 0.6632
2026-05-24 01:35:36,361 | INFO | model_trainers.mobile_vit_trainer | Epoch [122/500] | Train Acc: 65.6% | Val Acc: 52.2% | Val Loss: 0.6599
2026-05-24 01:35:38,984 | INFO | model_trainers.mobile_vit_trainer | Epoch [123/500] | Train Acc: 68.1% | Val Acc: 59.4% | Val Loss: 0.6555
2026-05-24 01:35:41,635 | INFO | model_trainers.mobile_vit_trainer | Epoch [124/500] | Train Acc: 63.1% | Val Acc: 62.3% | Val Loss: 0.6533
2026-05-24 01:35:44,301 | INFO | model_trainers.mobile_vit_trainer | Epoch [125/500] | Train Acc: 66.2% | Val Acc: 62.3% | Val Loss: 0.6494
2026-05-24 01:35:47,218 | INFO | model_trainers.mobile_vit_trainer | Epoch [126/500] | Train Acc: 66.2% | Val Acc: 60.9% | Val Loss: 0.6469
2026-05-24 01:35:50,081 | INFO | model_trainers.mobile_vit_trainer | Epoch [127/500] | Train Acc: 61.2% | Val Acc: 60.9% | Val Loss: 0.6470
2026-05-24 01:35:50,082 | INFO | model_trainers.mobile_vit_trainer | Early stop at epoch 127 (no val-loss improvement for 40 epochs; best=0.6254)
2026-05-24 01:35:50,728 | INFO | evaluators.monte_carlo_evaluator | -> Fold 17 Result | Acc=0.500 Sens=0.286 Spec=1.000 AUROC=0.762
2026-05-24 01:35:50,728 | INFO | evaluators.monte_carlo_evaluator | === Fold 18/30 | train: 23 subj / 164 windows | test: 11 subj / 65 windows ===
2026-05-24 01:35:50,962 | INFO | httpx | HTTP Request: HEAD https://huggingface.co/apple/mobilevit-small/resolve/main/config.json "HTTP/1.1 307 Temporary Redirect"
2026-05-24 01:35:50,977 | INFO | httpx | HTTP Request: HEAD https://huggingface.co/api/resolve-cache/models/apple/mobilevit-small/6c8612545dc98676d27bc518fa521d9e9af23e34/config.json "HTTP/1.1 200 OK"
2026-05-24 01:35:51,236 | INFO | httpx | HTTP Request: HEAD https://huggingface.co/apple/mobilevit-small/resolve/main/model.safetensors "HTTP/1.1 404 Not Found"
2026-05-24 01:35:51,458 | INFO | httpx | HTTP Request: HEAD https://huggingface.co/apple/mobilevit-small/resolve/main/model.safetensors.index.json "HTTP/1.1 404 Not Found"
2026-05-24 01:35:52,046 | INFO | httpx | HTTP Request: HEAD https://huggingface.co/apple/mobilevit-small/resolve/main/pytorch_model.bin "HTTP/1.1 302 Found"
2026-05-24 01:35:52,252 | INFO | httpx | HTTP Request: HEAD https://huggingface.co/apple/mobilevit-small/resolve/main/model.safetensors "HTTP/1.1 404 Not Found"
2026-05-24 01:35:52,476 | INFO | httpx | HTTP Request: GET https://huggingface.co/api/models/apple/mobilevit-small "HTTP/1.1 200 OK"
2026-05-24 01:35:52,720 | INFO | httpx | HTTP Request: GET https://huggingface.co/api/models/apple/mobilevit-small/commits/main "HTTP/1.1 200 OK"
2026-05-24 01:35:52,953 | INFO | httpx | HTTP Request: GET https://huggingface.co/api/models/apple/mobilevit-small/discussions?p=0 "HTTP/1.1 200 OK"
2026-05-24 01:35:53,185 | INFO | httpx | HTTP Request: GET https://huggingface.co/api/models/apple/mobilevit-small/commits/refs%2Fpr%2F6 "HTTP/1.1 200 OK"
2026-05-24 01:35:53,404 | INFO | httpx | HTTP Request: HEAD https://huggingface.co/apple/mobilevit-small/resolve/refs%2Fpr%2F6/model.safetensors.index.json "HTTP/1.1 404 Not Found"
2026-05-24 01:35:53,624 | INFO | httpx | HTTP Request: HEAD https://huggingface.co/apple/mobilevit-small/resolve/refs%2Fpr%2F6/model.safetensors "HTTP/1.1 302 Found"
2026-05-24 01:35:55,688 | INFO | model_trainers.mobile_vit_trainer | Epoch [01/500] | Train Acc: 38.1% | Val Acc: 75.4% | Val Loss: 0.5850
2026-05-24 01:35:55,793 | INFO | model_trainers.mobile_vit_trainer |   ↳ new best val loss; saved checkpoint: /home/leggo/AIResearch/VOGBasedMCIDetectionSystemMobileViTSingleExperimentInference/outputs/checkpoints/run_20260524_010543/fold_17_best.pth
2026-05-24 01:35:58,446 | INFO | model_trainers.mobile_vit_trainer | Epoch [02/500] | Train Acc: 42.5% | Val Acc: 78.5% | Val Loss: 0.5658
2026-05-24 01:35:58,556 | INFO | model_trainers.mobile_vit_trainer |   ↳ new best val loss; saved checkpoint: /home/leggo/AIResearch/VOGBasedMCIDetectionSystemMobileViTSingleExperimentInference/outputs/checkpoints/run_20260524_010543/fold_17_best.pth
2026-05-24 01:36:01,188 | INFO | model_trainers.mobile_vit_trainer | Epoch [03/500] | Train Acc: 46.9% | Val Acc: 80.0% | Val Loss: 0.5755
2026-05-24 01:36:03,843 | INFO | model_trainers.mobile_vit_trainer | Epoch [04/500] | Train Acc: 48.8% | Val Acc: 76.9% | Val Loss: 0.5788
2026-05-24 01:36:06,395 | INFO | model_trainers.mobile_vit_trainer | Epoch [05/500] | Train Acc: 38.8% | Val Acc: 78.5% | Val Loss: 0.5639
2026-05-24 01:36:06,534 | INFO | model_trainers.mobile_vit_trainer |   ↳ new best val loss; saved checkpoint: /home/leggo/AIResearch/VOGBasedMCIDetectionSystemMobileViTSingleExperimentInference/outputs/checkpoints/run_20260524_010543/fold_17_best.pth
2026-05-24 01:36:09,121 | INFO | model_trainers.mobile_vit_trainer | Epoch [06/500] | Train Acc: 46.9% | Val Acc: 80.0% | Val Loss: 0.5375
2026-05-24 01:36:09,262 | INFO | model_trainers.mobile_vit_trainer |   ↳ new best val loss; saved checkpoint: /home/leggo/AIResearch/VOGBasedMCIDetectionSystemMobileViTSingleExperimentInference/outputs/checkpoints/run_20260524_010543/fold_17_best.pth
2026-05-24 01:36:11,792 | INFO | model_trainers.mobile_vit_trainer | Epoch [07/500] | Train Acc: 44.4% | Val Acc: 81.5% | Val Loss: 0.5220
2026-05-24 01:36:11,916 | INFO | model_trainers.mobile_vit_trainer |   ↳ new best val loss; saved checkpoint: /home/leggo/AIResearch/VOGBasedMCIDetectionSystemMobileViTSingleExperimentInference/outputs/checkpoints/run_20260524_010543/fold_17_best.pth
2026-05-24 01:36:14,483 | INFO | model_trainers.mobile_vit_trainer | Epoch [08/500] | Train Acc: 46.9% | Val Acc: 84.6% | Val Loss: 0.5047
2026-05-24 01:36:14,615 | INFO | model_trainers.mobile_vit_trainer |   ↳ new best val loss; saved checkpoint: /home/leggo/AIResearch/VOGBasedMCIDetectionSystemMobileViTSingleExperimentInference/outputs/checkpoints/run_20260524_010543/fold_17_best.pth
2026-05-24 01:36:17,196 | INFO | model_trainers.mobile_vit_trainer | Epoch [09/500] | Train Acc: 44.4% | Val Acc: 84.6% | Val Loss: 0.4943
2026-05-24 01:36:17,340 | INFO | model_trainers.mobile_vit_trainer |   ↳ new best val loss; saved checkpoint: /home/leggo/AIResearch/VOGBasedMCIDetectionSystemMobileViTSingleExperimentInference/outputs/checkpoints/run_20260524_010543/fold_17_best.pth
2026-05-24 01:36:19,915 | INFO | model_trainers.mobile_vit_trainer | Epoch [10/500] | Train Acc: 41.2% | Val Acc: 83.1% | Val Loss: 0.5042
2026-05-24 01:36:22,507 | INFO | model_trainers.mobile_vit_trainer | Epoch [11/500] | Train Acc: 40.6% | Val Acc: 84.6% | Val Loss: 0.5095
2026-05-24 01:36:25,067 | INFO | model_trainers.mobile_vit_trainer | Epoch [12/500] | Train Acc: 43.8% | Val Acc: 83.1% | Val Loss: 0.5142
2026-05-24 01:36:27,654 | INFO | model_trainers.mobile_vit_trainer | Epoch [13/500] | Train Acc: 45.0% | Val Acc: 78.5% | Val Loss: 0.5346
2026-05-24 01:36:30,226 | INFO | model_trainers.mobile_vit_trainer | Epoch [14/500] | Train Acc: 45.0% | Val Acc: 80.0% | Val Loss: 0.5349
2026-05-24 01:36:32,779 | INFO | model_trainers.mobile_vit_trainer | Epoch [15/500] | Train Acc: 45.6% | Val Acc: 83.1% | Val Loss: 0.5188
2026-05-24 01:36:35,351 | INFO | model_trainers.mobile_vit_trainer | Epoch [16/500] | Train Acc: 47.5% | Val Acc: 86.2% | Val Loss: 0.4993
2026-05-24 01:36:37,889 | INFO | model_trainers.mobile_vit_trainer | Epoch [17/500] | Train Acc: 45.6% | Val Acc: 86.2% | Val Loss: 0.4972
2026-05-24 01:36:40,493 | INFO | model_trainers.mobile_vit_trainer | Epoch [18/500] | Train Acc: 46.9% | Val Acc: 83.1% | Val Loss: 0.5303
2026-05-24 01:36:43,094 | INFO | model_trainers.mobile_vit_trainer | Epoch [19/500] | Train Acc: 45.0% | Val Acc: 78.5% | Val Loss: 0.5472
2026-05-24 01:36:45,665 | INFO | model_trainers.mobile_vit_trainer | Epoch [20/500] | Train Acc: 46.2% | Val Acc: 81.5% | Val Loss: 0.5445
2026-05-24 01:36:48,194 | INFO | model_trainers.mobile_vit_trainer | Epoch [21/500] | Train Acc: 43.1% | Val Acc: 81.5% | Val Loss: 0.5481
2026-05-24 01:36:49,425 | INFO | model_trainers.mobile_vit_trainer | Epoch [22/500] | Train Acc: 46.2% | Val Acc: 78.5% | Val Loss: 0.5560
2026-05-24 01:36:51,330 | INFO | model_trainers.mobile_vit_trainer | Epoch [23/500] | Train Acc: 45.0% | Val Acc: 76.9% | Val Loss: 0.5612
2026-05-24 01:36:53,820 | INFO | model_trainers.mobile_vit_trainer | Epoch [24/500] | Train Acc: 41.2% | Val Acc: 78.5% | Val Loss: 0.5563
2026-05-24 01:36:56,285 | INFO | model_trainers.mobile_vit_trainer | Epoch [25/500] | Train Acc: 50.6% | Val Acc: 80.0% | Val Loss: 0.5500
2026-05-24 01:36:58,775 | INFO | model_trainers.mobile_vit_trainer | Epoch [26/500] | Train Acc: 53.8% | Val Acc: 80.0% | Val Loss: 0.5472
2026-05-24 01:37:01,367 | INFO | model_trainers.mobile_vit_trainer | Epoch [27/500] | Train Acc: 50.0% | Val Acc: 80.0% | Val Loss: 0.5461
2026-05-24 01:37:03,949 | INFO | model_trainers.mobile_vit_trainer | Epoch [28/500] | Train Acc: 44.4% | Val Acc: 80.0% | Val Loss: 0.5559
2026-05-24 01:37:06,596 | INFO | model_trainers.mobile_vit_trainer | Epoch [29/500] | Train Acc: 40.6% | Val Acc: 78.5% | Val Loss: 0.5586
2026-05-24 01:37:09,279 | INFO | model_trainers.mobile_vit_trainer | Epoch [30/500] | Train Acc: 44.4% | Val Acc: 76.9% | Val Loss: 0.5670
2026-05-24 01:37:11,958 | INFO | model_trainers.mobile_vit_trainer | Epoch [31/500] | Train Acc: 43.1% | Val Acc: 75.4% | Val Loss: 0.5707
2026-05-24 01:37:14,625 | INFO | model_trainers.mobile_vit_trainer | Epoch [32/500] | Train Acc: 45.6% | Val Acc: 72.3% | Val Loss: 0.5802
2026-05-24 01:37:17,241 | INFO | model_trainers.mobile_vit_trainer | Epoch [33/500] | Train Acc: 50.6% | Val Acc: 72.3% | Val Loss: 0.5930
2026-05-24 01:37:19,868 | INFO | model_trainers.mobile_vit_trainer | Epoch [34/500] | Train Acc: 53.1% | Val Acc: 73.8% | Val Loss: 0.6001
2026-05-24 01:37:22,603 | INFO | model_trainers.mobile_vit_trainer | Epoch [35/500] | Train Acc: 50.6% | Val Acc: 70.8% | Val Loss: 0.5880
2026-05-24 01:37:25,212 | INFO | model_trainers.mobile_vit_trainer | Epoch [36/500] | Train Acc: 42.5% | Val Acc: 73.8% | Val Loss: 0.5748
2026-05-24 01:37:27,804 | INFO | model_trainers.mobile_vit_trainer | Epoch [37/500] | Train Acc: 48.1% | Val Acc: 78.5% | Val Loss: 0.5681
2026-05-24 01:37:30,454 | INFO | model_trainers.mobile_vit_trainer | Epoch [38/500] | Train Acc: 50.6% | Val Acc: 75.4% | Val Loss: 0.5701
2026-05-24 01:37:33,096 | INFO | model_trainers.mobile_vit_trainer | Epoch [39/500] | Train Acc: 48.8% | Val Acc: 76.9% | Val Loss: 0.5652
2026-05-24 01:37:35,738 | INFO | model_trainers.mobile_vit_trainer | Epoch [40/500] | Train Acc: 43.1% | Val Acc: 75.4% | Val Loss: 0.5811
2026-05-24 01:37:38,369 | INFO | model_trainers.mobile_vit_trainer | Epoch [41/500] | Train Acc: 49.4% | Val Acc: 69.2% | Val Loss: 0.6216
2026-05-24 01:37:40,997 | INFO | model_trainers.mobile_vit_trainer | Epoch [42/500] | Train Acc: 51.9% | Val Acc: 64.6% | Val Loss: 0.6530
2026-05-24 01:37:43,640 | INFO | model_trainers.mobile_vit_trainer | Epoch [43/500] | Train Acc: 55.6% | Val Acc: 60.0% | Val Loss: 0.6651
2026-05-24 01:37:46,266 | INFO | model_trainers.mobile_vit_trainer | Epoch [44/500] | Train Acc: 51.2% | Val Acc: 58.5% | Val Loss: 0.6707
2026-05-24 01:37:48,919 | INFO | model_trainers.mobile_vit_trainer | Epoch [45/500] | Train Acc: 53.8% | Val Acc: 58.5% | Val Loss: 0.6684
2026-05-24 01:37:51,550 | INFO | model_trainers.mobile_vit_trainer | Epoch [46/500] | Train Acc: 45.0% | Val Acc: 63.1% | Val Loss: 0.6494
2026-05-24 01:37:54,035 | INFO | model_trainers.mobile_vit_trainer | Epoch [47/500] | Train Acc: 48.8% | Val Acc: 64.6% | Val Loss: 0.6412
2026-05-24 01:37:56,773 | INFO | model_trainers.mobile_vit_trainer | Epoch [48/500] | Train Acc: 50.6% | Val Acc: 69.2% | Val Loss: 0.6253
2026-05-24 01:37:59,527 | INFO | model_trainers.mobile_vit_trainer | Epoch [49/500] | Train Acc: 56.9% | Val Acc: 67.7% | Val Loss: 0.6251
2026-05-24 01:37:59,528 | INFO | model_trainers.mobile_vit_trainer | Early stop at epoch 49 (no val-loss improvement for 40 epochs; best=0.4943)
2026-05-24 01:38:00,151 | INFO | evaluators.monte_carlo_evaluator | -> Fold 18 Result | Acc=0.667 Sens=0.000 Spec=0.857 AUROC=0.357
2026-05-24 01:38:00,152 | INFO | evaluators.monte_carlo_evaluator | === Fold 19/30 | train: 23 subj / 140 windows | test: 11 subj / 89 windows ===
2026-05-24 01:38:00,440 | INFO | httpx | HTTP Request: HEAD https://huggingface.co/apple/mobilevit-small/resolve/main/config.json "HTTP/1.1 307 Temporary Redirect"
2026-05-24 01:38:00,459 | INFO | httpx | HTTP Request: HEAD https://huggingface.co/api/resolve-cache/models/apple/mobilevit-small/6c8612545dc98676d27bc518fa521d9e9af23e34/config.json "HTTP/1.1 200 OK"
2026-05-24 01:38:00,745 | INFO | httpx | HTTP Request: HEAD https://huggingface.co/apple/mobilevit-small/resolve/main/model.safetensors "HTTP/1.1 404 Not Found"
2026-05-24 01:38:01,010 | INFO | httpx | HTTP Request: HEAD https://huggingface.co/apple/mobilevit-small/resolve/main/model.safetensors.index.json "HTTP/1.1 404 Not Found"
2026-05-24 01:38:01,224 | INFO | httpx | HTTP Request: HEAD https://huggingface.co/apple/mobilevit-small/resolve/main/pytorch_model.bin "HTTP/1.1 302 Found"
2026-05-24 01:38:01,435 | INFO | httpx | HTTP Request: HEAD https://huggingface.co/apple/mobilevit-small/resolve/main/model.safetensors "HTTP/1.1 404 Not Found"
2026-05-24 01:38:01,653 | INFO | httpx | HTTP Request: GET https://huggingface.co/api/models/apple/mobilevit-small "HTTP/1.1 200 OK"
2026-05-24 01:38:01,924 | INFO | httpx | HTTP Request: GET https://huggingface.co/api/models/apple/mobilevit-small/commits/main "HTTP/1.1 200 OK"
2026-05-24 01:38:02,151 | INFO | httpx | HTTP Request: GET https://huggingface.co/api/models/apple/mobilevit-small/discussions?p=0 "HTTP/1.1 200 OK"
2026-05-24 01:38:02,383 | INFO | httpx | HTTP Request: GET https://huggingface.co/api/models/apple/mobilevit-small/commits/refs%2Fpr%2F6 "HTTP/1.1 200 OK"
2026-05-24 01:38:02,602 | INFO | httpx | HTTP Request: HEAD https://huggingface.co/apple/mobilevit-small/resolve/refs%2Fpr%2F6/model.safetensors.index.json "HTTP/1.1 404 Not Found"
2026-05-24 01:38:02,837 | INFO | httpx | HTTP Request: HEAD https://huggingface.co/apple/mobilevit-small/resolve/refs%2Fpr%2F6/model.safetensors "HTTP/1.1 302 Found"
2026-05-24 01:38:04,465 | INFO | model_trainers.mobile_vit_trainer | Epoch [01/500] | Train Acc: 47.7% | Val Acc: 51.7% | Val Loss: 0.7183
2026-05-24 01:38:04,600 | INFO | model_trainers.mobile_vit_trainer |   ↳ new best val loss; saved checkpoint: /home/leggo/AIResearch/VOGBasedMCIDetectionSystemMobileViTSingleExperimentInference/outputs/checkpoints/run_20260524_010543/fold_18_best.pth
2026-05-24 01:38:06,846 | INFO | model_trainers.mobile_vit_trainer | Epoch [02/500] | Train Acc: 40.6% | Val Acc: 55.1% | Val Loss: 0.7073
2026-05-24 01:38:06,983 | INFO | model_trainers.mobile_vit_trainer |   ↳ new best val loss; saved checkpoint: /home/leggo/AIResearch/VOGBasedMCIDetectionSystemMobileViTSingleExperimentInference/outputs/checkpoints/run_20260524_010543/fold_18_best.pth
2026-05-24 01:38:09,209 | INFO | model_trainers.mobile_vit_trainer | Epoch [03/500] | Train Acc: 46.9% | Val Acc: 55.1% | Val Loss: 0.6852
2026-05-24 01:38:09,349 | INFO | model_trainers.mobile_vit_trainer |   ↳ new best val loss; saved checkpoint: /home/leggo/AIResearch/VOGBasedMCIDetectionSystemMobileViTSingleExperimentInference/outputs/checkpoints/run_20260524_010543/fold_18_best.pth
2026-05-24 01:38:11,618 | INFO | model_trainers.mobile_vit_trainer | Epoch [04/500] | Train Acc: 44.5% | Val Acc: 56.2% | Val Loss: 0.6711
2026-05-24 01:38:11,752 | INFO | model_trainers.mobile_vit_trainer |   ↳ new best val loss; saved checkpoint: /home/leggo/AIResearch/VOGBasedMCIDetectionSystemMobileViTSingleExperimentInference/outputs/checkpoints/run_20260524_010543/fold_18_best.pth
2026-05-24 01:38:13,976 | INFO | model_trainers.mobile_vit_trainer | Epoch [05/500] | Train Acc: 53.9% | Val Acc: 59.6% | Val Loss: 0.6715
2026-05-24 01:38:16,217 | INFO | model_trainers.mobile_vit_trainer | Epoch [06/500] | Train Acc: 54.7% | Val Acc: 60.7% | Val Loss: 0.6757
2026-05-24 01:38:18,436 | INFO | model_trainers.mobile_vit_trainer | Epoch [07/500] | Train Acc: 46.1% | Val Acc: 59.6% | Val Loss: 0.6799
2026-05-24 01:38:20,684 | INFO | model_trainers.mobile_vit_trainer | Epoch [08/500] | Train Acc: 53.1% | Val Acc: 60.7% | Val Loss: 0.6825
2026-05-24 01:38:22,924 | INFO | model_trainers.mobile_vit_trainer | Epoch [09/500] | Train Acc: 55.5% | Val Acc: 57.3% | Val Loss: 0.6838
2026-05-24 01:38:25,150 | INFO | model_trainers.mobile_vit_trainer | Epoch [10/500] | Train Acc: 46.9% | Val Acc: 51.7% | Val Loss: 0.6885
2026-05-24 01:38:27,368 | INFO | model_trainers.mobile_vit_trainer | Epoch [11/500] | Train Acc: 57.8% | Val Acc: 49.4% | Val Loss: 0.7015
2026-05-24 01:38:29,608 | INFO | model_trainers.mobile_vit_trainer | Epoch [12/500] | Train Acc: 50.8% | Val Acc: 47.2% | Val Loss: 0.7188
2026-05-24 01:38:31,852 | INFO | model_trainers.mobile_vit_trainer | Epoch [13/500] | Train Acc: 47.7% | Val Acc: 47.2% | Val Loss: 0.7296
2026-05-24 01:38:34,090 | INFO | model_trainers.mobile_vit_trainer | Epoch [14/500] | Train Acc: 53.9% | Val Acc: 49.4% | Val Loss: 0.7279
2026-05-24 01:38:36,345 | INFO | model_trainers.mobile_vit_trainer | Epoch [15/500] | Train Acc: 46.1% | Val Acc: 48.3% | Val Loss: 0.7194
2026-05-24 01:38:38,599 | INFO | model_trainers.mobile_vit_trainer | Epoch [16/500] | Train Acc: 52.3% | Val Acc: 48.3% | Val Loss: 0.7171
2026-05-24 01:38:40,867 | INFO | model_trainers.mobile_vit_trainer | Epoch [17/500] | Train Acc: 48.4% | Val Acc: 48.3% | Val Loss: 0.7180
2026-05-24 01:38:43,144 | INFO | model_trainers.mobile_vit_trainer | Epoch [18/500] | Train Acc: 51.6% | Val Acc: 49.4% | Val Loss: 0.7183
2026-05-24 01:38:45,391 | INFO | model_trainers.mobile_vit_trainer | Epoch [19/500] | Train Acc: 45.3% | Val Acc: 49.4% | Val Loss: 0.7189
2026-05-24 01:38:47,632 | INFO | model_trainers.mobile_vit_trainer | Epoch [20/500] | Train Acc: 53.1% | Val Acc: 44.9% | Val Loss: 0.7202
2026-05-24 01:38:49,870 | INFO | model_trainers.mobile_vit_trainer | Epoch [21/500] | Train Acc: 57.0% | Val Acc: 46.1% | Val Loss: 0.7220
2026-05-24 01:38:52,115 | INFO | model_trainers.mobile_vit_trainer | Epoch [22/500] | Train Acc: 51.6% | Val Acc: 44.9% | Val Loss: 0.7277
2026-05-24 01:38:54,360 | INFO | model_trainers.mobile_vit_trainer | Epoch [23/500] | Train Acc: 50.8% | Val Acc: 47.2% | Val Loss: 0.7300
2026-05-24 01:38:56,613 | INFO | model_trainers.mobile_vit_trainer | Epoch [24/500] | Train Acc: 53.9% | Val Acc: 47.2% | Val Loss: 0.7298
2026-05-24 01:38:58,869 | INFO | model_trainers.mobile_vit_trainer | Epoch [25/500] | Train Acc: 50.8% | Val Acc: 48.3% | Val Loss: 0.7304
2026-05-24 01:39:01,105 | INFO | model_trainers.mobile_vit_trainer | Epoch [26/500] | Train Acc: 67.2% | Val Acc: 47.2% | Val Loss: 0.7296
2026-05-24 01:39:03,353 | INFO | model_trainers.mobile_vit_trainer | Epoch [27/500] | Train Acc: 50.8% | Val Acc: 47.2% | Val Loss: 0.7288
2026-05-24 01:39:05,589 | INFO | model_trainers.mobile_vit_trainer | Epoch [28/500] | Train Acc: 52.3% | Val Acc: 48.3% | Val Loss: 0.7263
2026-05-24 01:39:07,853 | INFO | model_trainers.mobile_vit_trainer | Epoch [29/500] | Train Acc: 46.9% | Val Acc: 49.4% | Val Loss: 0.7248
2026-05-24 01:39:10,104 | INFO | model_trainers.mobile_vit_trainer | Epoch [30/500] | Train Acc: 53.9% | Val Acc: 47.2% | Val Loss: 0.7266
2026-05-24 01:39:12,328 | INFO | model_trainers.mobile_vit_trainer | Epoch [31/500] | Train Acc: 56.2% | Val Acc: 48.3% | Val Loss: 0.7236
2026-05-24 01:39:14,550 | INFO | model_trainers.mobile_vit_trainer | Epoch [32/500] | Train Acc: 52.3% | Val Acc: 47.2% | Val Loss: 0.7218
2026-05-24 01:39:16,814 | INFO | model_trainers.mobile_vit_trainer | Epoch [33/500] | Train Acc: 57.0% | Val Acc: 46.1% | Val Loss: 0.7264
2026-05-24 01:39:19,077 | INFO | model_trainers.mobile_vit_trainer | Epoch [34/500] | Train Acc: 51.6% | Val Acc: 46.1% | Val Loss: 0.7243
2026-05-24 01:39:21,295 | INFO | model_trainers.mobile_vit_trainer | Epoch [35/500] | Train Acc: 57.8% | Val Acc: 47.2% | Val Loss: 0.7252
2026-05-24 01:39:22,365 | INFO | model_trainers.mobile_vit_trainer | Epoch [36/500] | Train Acc: 60.2% | Val Acc: 47.2% | Val Loss: 0.7211
2026-05-24 01:39:23,727 | INFO | model_trainers.mobile_vit_trainer | Epoch [37/500] | Train Acc: 52.3% | Val Acc: 47.2% | Val Loss: 0.7196
2026-05-24 01:39:25,813 | INFO | model_trainers.mobile_vit_trainer | Epoch [38/500] | Train Acc: 57.0% | Val Acc: 48.3% | Val Loss: 0.7198
2026-05-24 01:39:28,085 | INFO | model_trainers.mobile_vit_trainer | Epoch [39/500] | Train Acc: 54.7% | Val Acc: 44.9% | Val Loss: 0.7193
2026-05-24 01:39:30,199 | INFO | model_trainers.mobile_vit_trainer | Epoch [40/500] | Train Acc: 58.6% | Val Acc: 44.9% | Val Loss: 0.7219
2026-05-24 01:39:32,342 | INFO | model_trainers.mobile_vit_trainer | Epoch [41/500] | Train Acc: 55.5% | Val Acc: 47.2% | Val Loss: 0.7223
2026-05-24 01:39:34,602 | INFO | model_trainers.mobile_vit_trainer | Epoch [42/500] | Train Acc: 57.0% | Val Acc: 47.2% | Val Loss: 0.7234
2026-05-24 01:39:36,728 | INFO | model_trainers.mobile_vit_trainer | Epoch [43/500] | Train Acc: 61.7% | Val Acc: 46.1% | Val Loss: 0.7308
2026-05-24 01:39:38,858 | INFO | model_trainers.mobile_vit_trainer | Epoch [44/500] | Train Acc: 49.2% | Val Acc: 46.1% | Val Loss: 0.7338
2026-05-24 01:39:38,858 | INFO | model_trainers.mobile_vit_trainer | Early stop at epoch 44 (no val-loss improvement for 40 epochs; best=0.6711)
2026-05-24 01:39:39,662 | INFO | evaluators.monte_carlo_evaluator | -> Fold 19 Result | Acc=0.583 Sens=0.667 Spec=0.333 AUROC=0.370
2026-05-24 01:39:39,663 | INFO | evaluators.monte_carlo_evaluator | === Fold 20/30 | train: 23 subj / 158 windows | test: 11 subj / 71 windows ===
2026-05-24 01:39:39,899 | INFO | httpx | HTTP Request: HEAD https://huggingface.co/apple/mobilevit-small/resolve/main/config.json "HTTP/1.1 307 Temporary Redirect"
2026-05-24 01:39:39,917 | INFO | httpx | HTTP Request: HEAD https://huggingface.co/api/resolve-cache/models/apple/mobilevit-small/6c8612545dc98676d27bc518fa521d9e9af23e34/config.json "HTTP/1.1 200 OK"
2026-05-24 01:39:40,158 | INFO | httpx | HTTP Request: HEAD https://huggingface.co/apple/mobilevit-small/resolve/main/model.safetensors "HTTP/1.1 404 Not Found"
2026-05-24 01:39:40,364 | INFO | httpx | HTTP Request: HEAD https://huggingface.co/apple/mobilevit-small/resolve/main/model.safetensors.index.json "HTTP/1.1 404 Not Found"
2026-05-24 01:39:40,939 | INFO | httpx | HTTP Request: HEAD https://huggingface.co/apple/mobilevit-small/resolve/main/pytorch_model.bin "HTTP/1.1 302 Found"
2026-05-24 01:39:41,157 | INFO | httpx | HTTP Request: HEAD https://huggingface.co/apple/mobilevit-small/resolve/main/model.safetensors "HTTP/1.1 404 Not Found"
2026-05-24 01:39:41,372 | INFO | httpx | HTTP Request: GET https://huggingface.co/api/models/apple/mobilevit-small "HTTP/1.1 200 OK"
2026-05-24 01:39:41,665 | INFO | httpx | HTTP Request: GET https://huggingface.co/api/models/apple/mobilevit-small/commits/main "HTTP/1.1 200 OK"
2026-05-24 01:39:41,895 | INFO | httpx | HTTP Request: GET https://huggingface.co/api/models/apple/mobilevit-small/discussions?p=0 "HTTP/1.1 200 OK"
2026-05-24 01:39:42,129 | INFO | httpx | HTTP Request: GET https://huggingface.co/api/models/apple/mobilevit-small/commits/refs%2Fpr%2F6 "HTTP/1.1 200 OK"
2026-05-24 01:39:42,353 | INFO | httpx | HTTP Request: HEAD https://huggingface.co/apple/mobilevit-small/resolve/refs%2Fpr%2F6/model.safetensors.index.json "HTTP/1.1 404 Not Found"
2026-05-24 01:39:42,572 | INFO | httpx | HTTP Request: HEAD https://huggingface.co/apple/mobilevit-small/resolve/refs%2Fpr%2F6/model.safetensors "HTTP/1.1 302 Found"
2026-05-24 01:39:44,203 | INFO | model_trainers.mobile_vit_trainer | Epoch [01/500] | Train Acc: 53.1% | Val Acc: 38.0% | Val Loss: 0.7893
2026-05-24 01:39:44,300 | INFO | model_trainers.mobile_vit_trainer |   ↳ new best val loss; saved checkpoint: /home/leggo/AIResearch/VOGBasedMCIDetectionSystemMobileViTSingleExperimentInference/outputs/checkpoints/run_20260524_010543/fold_19_best.pth
2026-05-24 01:39:46,529 | INFO | model_trainers.mobile_vit_trainer | Epoch [02/500] | Train Acc: 53.9% | Val Acc: 38.0% | Val Loss: 0.7653
2026-05-24 01:39:46,666 | INFO | model_trainers.mobile_vit_trainer |   ↳ new best val loss; saved checkpoint: /home/leggo/AIResearch/VOGBasedMCIDetectionSystemMobileViTSingleExperimentInference/outputs/checkpoints/run_20260524_010543/fold_19_best.pth
2026-05-24 01:39:48,811 | INFO | model_trainers.mobile_vit_trainer | Epoch [03/500] | Train Acc: 53.1% | Val Acc: 42.3% | Val Loss: 0.7933
2026-05-24 01:39:50,949 | INFO | model_trainers.mobile_vit_trainer | Epoch [04/500] | Train Acc: 58.6% | Val Acc: 47.9% | Val Loss: 0.8357
2026-05-24 01:39:53,133 | INFO | model_trainers.mobile_vit_trainer | Epoch [05/500] | Train Acc: 50.0% | Val Acc: 43.7% | Val Loss: 0.8428
2026-05-24 01:39:55,318 | INFO | model_trainers.mobile_vit_trainer | Epoch [06/500] | Train Acc: 57.0% | Val Acc: 42.3% | Val Loss: 0.8530
2026-05-24 01:39:57,500 | INFO | model_trainers.mobile_vit_trainer | Epoch [07/500] | Train Acc: 50.0% | Val Acc: 43.7% | Val Loss: 0.8603
2026-05-24 01:39:59,718 | INFO | model_trainers.mobile_vit_trainer | Epoch [08/500] | Train Acc: 54.7% | Val Acc: 46.5% | Val Loss: 0.8631
2026-05-24 01:40:01,885 | INFO | model_trainers.mobile_vit_trainer | Epoch [09/500] | Train Acc: 57.0% | Val Acc: 45.1% | Val Loss: 0.8695
2026-05-24 01:40:03,913 | INFO | model_trainers.mobile_vit_trainer | Epoch [10/500] | Train Acc: 53.9% | Val Acc: 42.3% | Val Loss: 0.8803
2026-05-24 01:40:05,957 | INFO | model_trainers.mobile_vit_trainer | Epoch [11/500] | Train Acc: 55.5% | Val Acc: 45.1% | Val Loss: 0.8796
2026-05-24 01:40:08,152 | INFO | model_trainers.mobile_vit_trainer | Epoch [12/500] | Train Acc: 50.8% | Val Acc: 46.5% | Val Loss: 0.8944
2026-05-24 01:40:10,331 | INFO | model_trainers.mobile_vit_trainer | Epoch [13/500] | Train Acc: 55.5% | Val Acc: 47.9% | Val Loss: 0.9034
2026-05-24 01:40:12,511 | INFO | model_trainers.mobile_vit_trainer | Epoch [14/500] | Train Acc: 54.7% | Val Acc: 46.5% | Val Loss: 0.9131
2026-05-24 01:40:14,682 | INFO | model_trainers.mobile_vit_trainer | Epoch [15/500] | Train Acc: 48.4% | Val Acc: 46.5% | Val Loss: 0.9109
2026-05-24 01:40:16,838 | INFO | model_trainers.mobile_vit_trainer | Epoch [16/500] | Train Acc: 56.2% | Val Acc: 46.5% | Val Loss: 0.9130
2026-05-24 01:40:18,994 | INFO | model_trainers.mobile_vit_trainer | Epoch [17/500] | Train Acc: 53.1% | Val Acc: 45.1% | Val Loss: 0.9018
2026-05-24 01:40:21,199 | INFO | model_trainers.mobile_vit_trainer | Epoch [18/500] | Train Acc: 53.1% | Val Acc: 42.3% | Val Loss: 0.8889
2026-05-24 01:40:23,394 | INFO | model_trainers.mobile_vit_trainer | Epoch [19/500] | Train Acc: 48.4% | Val Acc: 40.8% | Val Loss: 0.8875
2026-05-24 01:40:25,575 | INFO | model_trainers.mobile_vit_trainer | Epoch [20/500] | Train Acc: 55.5% | Val Acc: 40.8% | Val Loss: 0.8801
2026-05-24 01:40:27,778 | INFO | model_trainers.mobile_vit_trainer | Epoch [21/500] | Train Acc: 52.3% | Val Acc: 39.4% | Val Loss: 0.8736
2026-05-24 01:40:29,961 | INFO | model_trainers.mobile_vit_trainer | Epoch [22/500] | Train Acc: 59.4% | Val Acc: 45.1% | Val Loss: 0.8660
2026-05-24 01:40:32,200 | INFO | model_trainers.mobile_vit_trainer | Epoch [23/500] | Train Acc: 50.0% | Val Acc: 45.1% | Val Loss: 0.8615
2026-05-24 01:40:34,412 | INFO | model_trainers.mobile_vit_trainer | Epoch [24/500] | Train Acc: 48.4% | Val Acc: 46.5% | Val Loss: 0.8652
2026-05-24 01:40:36,585 | INFO | model_trainers.mobile_vit_trainer | Epoch [25/500] | Train Acc: 50.8% | Val Acc: 45.1% | Val Loss: 0.8629
2026-05-24 01:40:38,704 | INFO | model_trainers.mobile_vit_trainer | Epoch [26/500] | Train Acc: 53.9% | Val Acc: 42.3% | Val Loss: 0.8593
2026-05-24 01:40:40,865 | INFO | model_trainers.mobile_vit_trainer | Epoch [27/500] | Train Acc: 55.5% | Val Acc: 42.3% | Val Loss: 0.8574
2026-05-24 01:40:43,031 | INFO | model_trainers.mobile_vit_trainer | Epoch [28/500] | Train Acc: 55.5% | Val Acc: 42.3% | Val Loss: 0.8690
2026-05-24 01:40:45,229 | INFO | model_trainers.mobile_vit_trainer | Epoch [29/500] | Train Acc: 53.1% | Val Acc: 39.4% | Val Loss: 0.8715
2026-05-24 01:40:47,418 | INFO | model_trainers.mobile_vit_trainer | Epoch [30/500] | Train Acc: 50.0% | Val Acc: 39.4% | Val Loss: 0.8742
2026-05-24 01:40:49,587 | INFO | model_trainers.mobile_vit_trainer | Epoch [31/500] | Train Acc: 53.1% | Val Acc: 38.0% | Val Loss: 0.8818
2026-05-24 01:40:51,764 | INFO | model_trainers.mobile_vit_trainer | Epoch [32/500] | Train Acc: 58.6% | Val Acc: 38.0% | Val Loss: 0.8855
2026-05-24 01:40:53,916 | INFO | model_trainers.mobile_vit_trainer | Epoch [33/500] | Train Acc: 54.7% | Val Acc: 38.0% | Val Loss: 0.8751
2026-05-24 01:40:56,075 | INFO | model_trainers.mobile_vit_trainer | Epoch [34/500] | Train Acc: 57.0% | Val Acc: 38.0% | Val Loss: 0.8741
2026-05-24 01:40:58,267 | INFO | model_trainers.mobile_vit_trainer | Epoch [35/500] | Train Acc: 64.1% | Val Acc: 39.4% | Val Loss: 0.8810
2026-05-24 01:41:00,426 | INFO | model_trainers.mobile_vit_trainer | Epoch [36/500] | Train Acc: 60.2% | Val Acc: 40.8% | Val Loss: 0.8890
2026-05-24 01:41:02,628 | INFO | model_trainers.mobile_vit_trainer | Epoch [37/500] | Train Acc: 54.7% | Val Acc: 38.0% | Val Loss: 0.8949
2026-05-24 01:41:04,833 | INFO | model_trainers.mobile_vit_trainer | Epoch [38/500] | Train Acc: 56.2% | Val Acc: 40.8% | Val Loss: 0.8837
2026-05-24 01:41:07,013 | INFO | model_trainers.mobile_vit_trainer | Epoch [39/500] | Train Acc: 57.0% | Val Acc: 40.8% | Val Loss: 0.8792
2026-05-24 01:41:09,167 | INFO | model_trainers.mobile_vit_trainer | Epoch [40/500] | Train Acc: 53.9% | Val Acc: 39.4% | Val Loss: 0.8684
2026-05-24 01:41:11,325 | INFO | model_trainers.mobile_vit_trainer | Epoch [41/500] | Train Acc: 53.1% | Val Acc: 40.8% | Val Loss: 0.8733
2026-05-24 01:41:13,517 | INFO | model_trainers.mobile_vit_trainer | Epoch [42/500] | Train Acc: 50.8% | Val Acc: 40.8% | Val Loss: 0.8820
2026-05-24 01:41:13,517 | INFO | model_trainers.mobile_vit_trainer | Early stop at epoch 42 (no val-loss improvement for 40 epochs; best=0.7653)
2026-05-24 01:41:14,227 | INFO | evaluators.monte_carlo_evaluator | -> Fold 20 Result | Acc=0.500 Sens=0.667 Spec=0.250 AUROC=0.292
2026-05-24 01:41:14,228 | INFO | evaluators.monte_carlo_evaluator | === Fold 21/30 | train: 23 subj / 165 windows | test: 11 subj / 64 windows ===
2026-05-24 01:41:14,493 | INFO | httpx | HTTP Request: HEAD https://huggingface.co/apple/mobilevit-small/resolve/main/config.json "HTTP/1.1 307 Temporary Redirect"
2026-05-24 01:41:14,510 | INFO | httpx | HTTP Request: HEAD https://huggingface.co/api/resolve-cache/models/apple/mobilevit-small/6c8612545dc98676d27bc518fa521d9e9af23e34/config.json "HTTP/1.1 200 OK"
2026-05-24 01:41:14,766 | INFO | httpx | HTTP Request: HEAD https://huggingface.co/apple/mobilevit-small/resolve/main/model.safetensors "HTTP/1.1 404 Not Found"
2026-05-24 01:41:14,984 | INFO | httpx | HTTP Request: HEAD https://huggingface.co/apple/mobilevit-small/resolve/main/model.safetensors.index.json "HTTP/1.1 404 Not Found"
2026-05-24 01:41:15,205 | INFO | httpx | HTTP Request: HEAD https://huggingface.co/apple/mobilevit-small/resolve/main/pytorch_model.bin "HTTP/1.1 302 Found"
2026-05-24 01:41:15,419 | INFO | httpx | HTTP Request: HEAD https://huggingface.co/apple/mobilevit-small/resolve/main/model.safetensors "HTTP/1.1 404 Not Found"
2026-05-24 01:41:15,646 | INFO | httpx | HTTP Request: GET https://huggingface.co/api/models/apple/mobilevit-small "HTTP/1.1 200 OK"
2026-05-24 01:41:15,948 | INFO | httpx | HTTP Request: GET https://huggingface.co/api/models/apple/mobilevit-small/commits/main "HTTP/1.1 200 OK"
2026-05-24 01:41:16,179 | INFO | httpx | HTTP Request: GET https://huggingface.co/api/models/apple/mobilevit-small/discussions?p=0 "HTTP/1.1 200 OK"
2026-05-24 01:41:16,410 | INFO | httpx | HTTP Request: GET https://huggingface.co/api/models/apple/mobilevit-small/commits/refs%2Fpr%2F6 "HTTP/1.1 200 OK"
2026-05-24 01:41:16,625 | INFO | httpx | HTTP Request: HEAD https://huggingface.co/apple/mobilevit-small/resolve/refs%2Fpr%2F6/model.safetensors.index.json "HTTP/1.1 404 Not Found"
2026-05-24 01:41:16,845 | INFO | httpx | HTTP Request: HEAD https://huggingface.co/apple/mobilevit-small/resolve/refs%2Fpr%2F6/model.safetensors "HTTP/1.1 302 Found"
2026-05-24 01:41:18,615 | INFO | model_trainers.mobile_vit_trainer | Epoch [01/500] | Train Acc: 58.1% | Val Acc: 35.9% | Val Loss: 0.7522
2026-05-24 01:41:18,749 | INFO | model_trainers.mobile_vit_trainer |   ↳ new best val loss; saved checkpoint: /home/leggo/AIResearch/VOGBasedMCIDetectionSystemMobileViTSingleExperimentInference/outputs/checkpoints/run_20260524_010543/fold_20_best.pth
2026-05-24 01:41:21,276 | INFO | model_trainers.mobile_vit_trainer | Epoch [02/500] | Train Acc: 57.5% | Val Acc: 37.5% | Val Loss: 0.7822
2026-05-24 01:41:23,819 | INFO | model_trainers.mobile_vit_trainer | Epoch [03/500] | Train Acc: 55.0% | Val Acc: 37.5% | Val Loss: 0.7803
2026-05-24 01:41:26,383 | INFO | model_trainers.mobile_vit_trainer | Epoch [04/500] | Train Acc: 53.8% | Val Acc: 37.5% | Val Loss: 0.7664
2026-05-24 01:41:28,940 | INFO | model_trainers.mobile_vit_trainer | Epoch [05/500] | Train Acc: 56.9% | Val Acc: 42.2% | Val Loss: 0.7620
2026-05-24 01:41:31,462 | INFO | model_trainers.mobile_vit_trainer | Epoch [06/500] | Train Acc: 56.9% | Val Acc: 37.5% | Val Loss: 0.7750
2026-05-24 01:41:33,679 | INFO | model_trainers.mobile_vit_trainer | Epoch [07/500] | Train Acc: 55.6% | Val Acc: 43.8% | Val Loss: 0.8183
2026-05-24 01:41:34,870 | INFO | model_trainers.mobile_vit_trainer | Epoch [08/500] | Train Acc: 60.6% | Val Acc: 34.4% | Val Loss: 0.8373
2026-05-24 01:41:36,918 | INFO | model_trainers.mobile_vit_trainer | Epoch [09/500] | Train Acc: 54.4% | Val Acc: 35.9% | Val Loss: 0.8092
2026-05-24 01:41:39,278 | INFO | model_trainers.mobile_vit_trainer | Epoch [10/500] | Train Acc: 59.4% | Val Acc: 39.1% | Val Loss: 0.8042
2026-05-24 01:41:41,850 | INFO | model_trainers.mobile_vit_trainer | Epoch [11/500] | Train Acc: 55.0% | Val Acc: 37.5% | Val Loss: 0.7967
2026-05-24 01:41:44,255 | INFO | model_trainers.mobile_vit_trainer | Epoch [12/500] | Train Acc: 60.6% | Val Acc: 34.4% | Val Loss: 0.7894
2026-05-24 01:41:46,632 | INFO | model_trainers.mobile_vit_trainer | Epoch [13/500] | Train Acc: 59.4% | Val Acc: 35.9% | Val Loss: 0.7908
2026-05-24 01:41:49,154 | INFO | model_trainers.mobile_vit_trainer | Epoch [14/500] | Train Acc: 56.2% | Val Acc: 32.8% | Val Loss: 0.7891
2026-05-24 01:41:51,691 | INFO | model_trainers.mobile_vit_trainer | Epoch [15/500] | Train Acc: 58.1% | Val Acc: 34.4% | Val Loss: 0.7986
2026-05-24 01:41:54,238 | INFO | model_trainers.mobile_vit_trainer | Epoch [16/500] | Train Acc: 60.0% | Val Acc: 34.4% | Val Loss: 0.7953
2026-05-24 01:41:56,762 | INFO | model_trainers.mobile_vit_trainer | Epoch [17/500] | Train Acc: 56.9% | Val Acc: 31.2% | Val Loss: 0.7887
2026-05-24 01:41:59,310 | INFO | model_trainers.mobile_vit_trainer | Epoch [18/500] | Train Acc: 64.4% | Val Acc: 37.5% | Val Loss: 0.7887
2026-05-24 01:42:01,822 | INFO | model_trainers.mobile_vit_trainer | Epoch [19/500] | Train Acc: 57.5% | Val Acc: 39.1% | Val Loss: 0.7857
2026-05-24 01:42:04,378 | INFO | model_trainers.mobile_vit_trainer | Epoch [20/500] | Train Acc: 61.9% | Val Acc: 37.5% | Val Loss: 0.7818
2026-05-24 01:42:06,891 | INFO | model_trainers.mobile_vit_trainer | Epoch [21/500] | Train Acc: 58.1% | Val Acc: 35.9% | Val Loss: 0.7859
2026-05-24 01:42:09,460 | INFO | model_trainers.mobile_vit_trainer | Epoch [22/500] | Train Acc: 65.0% | Val Acc: 32.8% | Val Loss: 0.7914
2026-05-24 01:42:12,002 | INFO | model_trainers.mobile_vit_trainer | Epoch [23/500] | Train Acc: 57.5% | Val Acc: 32.8% | Val Loss: 0.7971
2026-05-24 01:42:14,512 | INFO | model_trainers.mobile_vit_trainer | Epoch [24/500] | Train Acc: 59.4% | Val Acc: 35.9% | Val Loss: 0.7965
2026-05-24 01:42:17,093 | INFO | model_trainers.mobile_vit_trainer | Epoch [25/500] | Train Acc: 58.8% | Val Acc: 35.9% | Val Loss: 0.7918
2026-05-24 01:42:19,667 | INFO | model_trainers.mobile_vit_trainer | Epoch [26/500] | Train Acc: 60.6% | Val Acc: 34.4% | Val Loss: 0.7847
2026-05-24 01:42:22,217 | INFO | model_trainers.mobile_vit_trainer | Epoch [27/500] | Train Acc: 62.5% | Val Acc: 37.5% | Val Loss: 0.7851
2026-05-24 01:42:24,764 | INFO | model_trainers.mobile_vit_trainer | Epoch [28/500] | Train Acc: 63.1% | Val Acc: 39.1% | Val Loss: 0.7792
2026-05-24 01:42:27,288 | INFO | model_trainers.mobile_vit_trainer | Epoch [29/500] | Train Acc: 61.9% | Val Acc: 40.6% | Val Loss: 0.7722
2026-05-24 01:42:29,876 | INFO | model_trainers.mobile_vit_trainer | Epoch [30/500] | Train Acc: 50.0% | Val Acc: 40.6% | Val Loss: 0.7704
2026-05-24 01:42:32,418 | INFO | model_trainers.mobile_vit_trainer | Epoch [31/500] | Train Acc: 60.0% | Val Acc: 37.5% | Val Loss: 0.7654
2026-05-24 01:42:34,929 | INFO | model_trainers.mobile_vit_trainer | Epoch [32/500] | Train Acc: 66.2% | Val Acc: 37.5% | Val Loss: 0.7623
2026-05-24 01:42:37,487 | INFO | model_trainers.mobile_vit_trainer | Epoch [33/500] | Train Acc: 59.4% | Val Acc: 42.2% | Val Loss: 0.7568
2026-05-24 01:42:40,018 | INFO | model_trainers.mobile_vit_trainer | Epoch [34/500] | Train Acc: 55.0% | Val Acc: 42.2% | Val Loss: 0.7589
2026-05-24 01:42:42,592 | INFO | model_trainers.mobile_vit_trainer | Epoch [35/500] | Train Acc: 60.6% | Val Acc: 39.1% | Val Loss: 0.7664
2026-05-24 01:42:45,154 | INFO | model_trainers.mobile_vit_trainer | Epoch [36/500] | Train Acc: 68.8% | Val Acc: 39.1% | Val Loss: 0.7735
2026-05-24 01:42:47,673 | INFO | model_trainers.mobile_vit_trainer | Epoch [37/500] | Train Acc: 62.5% | Val Acc: 40.6% | Val Loss: 0.7690
2026-05-24 01:42:50,249 | INFO | model_trainers.mobile_vit_trainer | Epoch [38/500] | Train Acc: 66.9% | Val Acc: 39.1% | Val Loss: 0.7727
2026-05-24 01:42:52,789 | INFO | model_trainers.mobile_vit_trainer | Epoch [39/500] | Train Acc: 65.0% | Val Acc: 37.5% | Val Loss: 0.7724
2026-05-24 01:42:55,324 | INFO | model_trainers.mobile_vit_trainer | Epoch [40/500] | Train Acc: 63.1% | Val Acc: 35.9% | Val Loss: 0.7700
2026-05-24 01:42:57,863 | INFO | model_trainers.mobile_vit_trainer | Epoch [41/500] | Train Acc: 60.0% | Val Acc: 35.9% | Val Loss: 0.7773
2026-05-24 01:42:57,864 | INFO | model_trainers.mobile_vit_trainer | Early stop at epoch 41 (no val-loss improvement for 40 epochs; best=0.7522)
2026-05-24 01:42:58,430 | INFO | evaluators.monte_carlo_evaluator | -> Fold 21 Result | Acc=0.444 Sens=0.500 Spec=0.333 AUROC=0.389
2026-05-24 01:42:58,431 | INFO | evaluators.monte_carlo_evaluator | === Fold 22/30 | train: 23 subj / 180 windows | test: 11 subj / 49 windows ===
2026-05-24 01:42:58,691 | INFO | httpx | HTTP Request: HEAD https://huggingface.co/apple/mobilevit-small/resolve/main/config.json "HTTP/1.1 307 Temporary Redirect"
2026-05-24 01:42:58,709 | INFO | httpx | HTTP Request: HEAD https://huggingface.co/api/resolve-cache/models/apple/mobilevit-small/6c8612545dc98676d27bc518fa521d9e9af23e34/config.json "HTTP/1.1 200 OK"
2026-05-24 01:42:58,990 | INFO | httpx | HTTP Request: HEAD https://huggingface.co/apple/mobilevit-small/resolve/main/model.safetensors "HTTP/1.1 404 Not Found"
2026-05-24 01:42:59,199 | INFO | httpx | HTTP Request: HEAD https://huggingface.co/apple/mobilevit-small/resolve/main/model.safetensors.index.json "HTTP/1.1 404 Not Found"
2026-05-24 01:42:59,420 | INFO | httpx | HTTP Request: HEAD https://huggingface.co/apple/mobilevit-small/resolve/main/pytorch_model.bin "HTTP/1.1 302 Found"
2026-05-24 01:42:59,632 | INFO | httpx | HTTP Request: HEAD https://huggingface.co/apple/mobilevit-small/resolve/main/model.safetensors "HTTP/1.1 404 Not Found"
2026-05-24 01:42:59,970 | INFO | httpx | HTTP Request: GET https://huggingface.co/api/models/apple/mobilevit-small "HTTP/1.1 200 OK"
2026-05-24 01:43:00,195 | INFO | httpx | HTTP Request: GET https://huggingface.co/api/models/apple/mobilevit-small/commits/main "HTTP/1.1 200 OK"
2026-05-24 01:43:00,428 | INFO | httpx | HTTP Request: GET https://huggingface.co/api/models/apple/mobilevit-small/discussions?p=0 "HTTP/1.1 200 OK"
2026-05-24 01:43:00,659 | INFO | httpx | HTTP Request: GET https://huggingface.co/api/models/apple/mobilevit-small/commits/refs%2Fpr%2F6 "HTTP/1.1 200 OK"
2026-05-24 01:43:00,878 | INFO | httpx | HTTP Request: HEAD https://huggingface.co/apple/mobilevit-small/resolve/refs%2Fpr%2F6/model.safetensors.index.json "HTTP/1.1 404 Not Found"
2026-05-24 01:43:01,098 | INFO | httpx | HTTP Request: HEAD https://huggingface.co/apple/mobilevit-small/resolve/refs%2Fpr%2F6/model.safetensors "HTTP/1.1 302 Found"
2026-05-24 01:43:03,326 | INFO | model_trainers.mobile_vit_trainer | Epoch [01/500] | Train Acc: 59.4% | Val Acc: 40.8% | Val Loss: 0.7644
2026-05-24 01:43:03,421 | INFO | model_trainers.mobile_vit_trainer |   ↳ new best val loss; saved checkpoint: /home/leggo/AIResearch/VOGBasedMCIDetectionSystemMobileViTSingleExperimentInference/outputs/checkpoints/run_20260524_010543/fold_21_best.pth
2026-05-24 01:43:05,878 | INFO | model_trainers.mobile_vit_trainer | Epoch [02/500] | Train Acc: 54.4% | Val Acc: 40.8% | Val Loss: 0.8581
2026-05-24 01:43:08,365 | INFO | model_trainers.mobile_vit_trainer | Epoch [03/500] | Train Acc: 53.1% | Val Acc: 40.8% | Val Loss: 0.9313
2026-05-24 01:43:10,830 | INFO | model_trainers.mobile_vit_trainer | Epoch [04/500] | Train Acc: 55.6% | Val Acc: 40.8% | Val Loss: 0.9801
2026-05-24 01:43:13,312 | INFO | model_trainers.mobile_vit_trainer | Epoch [05/500] | Train Acc: 55.0% | Val Acc: 40.8% | Val Loss: 0.9080
2026-05-24 01:43:14,817 | INFO | model_trainers.mobile_vit_trainer | Epoch [06/500] | Train Acc: 53.1% | Val Acc: 40.8% | Val Loss: 0.8557
2026-05-24 01:43:16,103 | INFO | model_trainers.mobile_vit_trainer | Epoch [07/500] | Train Acc: 53.8% | Val Acc: 40.8% | Val Loss: 0.8252
2026-05-24 01:43:18,432 | INFO | model_trainers.mobile_vit_trainer | Epoch [08/500] | Train Acc: 56.9% | Val Acc: 38.8% | Val Loss: 0.8450
2026-05-24 01:43:20,807 | INFO | model_trainers.mobile_vit_trainer | Epoch [09/500] | Train Acc: 55.6% | Val Acc: 38.8% | Val Loss: 0.7824
2026-05-24 01:43:23,187 | INFO | model_trainers.mobile_vit_trainer | Epoch [10/500] | Train Acc: 55.0% | Val Acc: 38.8% | Val Loss: 0.7793
2026-05-24 01:43:25,551 | INFO | model_trainers.mobile_vit_trainer | Epoch [11/500] | Train Acc: 63.1% | Val Acc: 40.8% | Val Loss: 0.7846
2026-05-24 01:43:27,906 | INFO | model_trainers.mobile_vit_trainer | Epoch [12/500] | Train Acc: 54.4% | Val Acc: 42.9% | Val Loss: 0.7764
2026-05-24 01:43:30,418 | INFO | model_trainers.mobile_vit_trainer | Epoch [13/500] | Train Acc: 63.1% | Val Acc: 44.9% | Val Loss: 0.7699
2026-05-24 01:43:32,987 | INFO | model_trainers.mobile_vit_trainer | Epoch [14/500] | Train Acc: 56.9% | Val Acc: 44.9% | Val Loss: 0.7717
2026-05-24 01:43:35,523 | INFO | model_trainers.mobile_vit_trainer | Epoch [15/500] | Train Acc: 56.2% | Val Acc: 44.9% | Val Loss: 0.7500
2026-05-24 01:43:35,640 | INFO | model_trainers.mobile_vit_trainer |   ↳ new best val loss; saved checkpoint: /home/leggo/AIResearch/VOGBasedMCIDetectionSystemMobileViTSingleExperimentInference/outputs/checkpoints/run_20260524_010543/fold_21_best.pth
2026-05-24 01:43:38,191 | INFO | model_trainers.mobile_vit_trainer | Epoch [16/500] | Train Acc: 53.1% | Val Acc: 44.9% | Val Loss: 0.7649
2026-05-24 01:43:40,715 | INFO | model_trainers.mobile_vit_trainer | Epoch [17/500] | Train Acc: 61.2% | Val Acc: 42.9% | Val Loss: 0.7634
2026-05-24 01:43:43,291 | INFO | model_trainers.mobile_vit_trainer | Epoch [18/500] | Train Acc: 60.6% | Val Acc: 44.9% | Val Loss: 0.7439
2026-05-24 01:43:43,435 | INFO | model_trainers.mobile_vit_trainer |   ↳ new best val loss; saved checkpoint: /home/leggo/AIResearch/VOGBasedMCIDetectionSystemMobileViTSingleExperimentInference/outputs/checkpoints/run_20260524_010543/fold_21_best.pth
2026-05-24 01:43:45,907 | INFO | model_trainers.mobile_vit_trainer | Epoch [19/500] | Train Acc: 53.8% | Val Acc: 44.9% | Val Loss: 0.7577
2026-05-24 01:43:48,350 | INFO | model_trainers.mobile_vit_trainer | Epoch [20/500] | Train Acc: 58.1% | Val Acc: 42.9% | Val Loss: 0.7439
2026-05-24 01:43:48,478 | INFO | model_trainers.mobile_vit_trainer |   ↳ new best val loss; saved checkpoint: /home/leggo/AIResearch/VOGBasedMCIDetectionSystemMobileViTSingleExperimentInference/outputs/checkpoints/run_20260524_010543/fold_21_best.pth
2026-05-24 01:43:50,995 | INFO | model_trainers.mobile_vit_trainer | Epoch [21/500] | Train Acc: 60.0% | Val Acc: 42.9% | Val Loss: 0.7426
2026-05-24 01:43:51,121 | INFO | model_trainers.mobile_vit_trainer |   ↳ new best val loss; saved checkpoint: /home/leggo/AIResearch/VOGBasedMCIDetectionSystemMobileViTSingleExperimentInference/outputs/checkpoints/run_20260524_010543/fold_21_best.pth
2026-05-24 01:43:53,598 | INFO | model_trainers.mobile_vit_trainer | Epoch [22/500] | Train Acc: 51.9% | Val Acc: 42.9% | Val Loss: 0.7465
2026-05-24 01:43:56,084 | INFO | model_trainers.mobile_vit_trainer | Epoch [23/500] | Train Acc: 54.4% | Val Acc: 42.9% | Val Loss: 0.7519
2026-05-24 01:43:58,545 | INFO | model_trainers.mobile_vit_trainer | Epoch [24/500] | Train Acc: 58.1% | Val Acc: 40.8% | Val Loss: 0.7503
2026-05-24 01:44:01,020 | INFO | model_trainers.mobile_vit_trainer | Epoch [25/500] | Train Acc: 53.1% | Val Acc: 40.8% | Val Loss: 0.7484
2026-05-24 01:44:03,473 | INFO | model_trainers.mobile_vit_trainer | Epoch [26/500] | Train Acc: 53.1% | Val Acc: 42.9% | Val Loss: 0.7534
2026-05-24 01:44:05,948 | INFO | model_trainers.mobile_vit_trainer | Epoch [27/500] | Train Acc: 56.2% | Val Acc: 44.9% | Val Loss: 0.7330
2026-05-24 01:44:06,083 | INFO | model_trainers.mobile_vit_trainer |   ↳ new best val loss; saved checkpoint: /home/leggo/AIResearch/VOGBasedMCIDetectionSystemMobileViTSingleExperimentInference/outputs/checkpoints/run_20260524_010543/fold_21_best.pth
2026-05-24 01:44:08,558 | INFO | model_trainers.mobile_vit_trainer | Epoch [28/500] | Train Acc: 61.2% | Val Acc: 44.9% | Val Loss: 0.7287
2026-05-24 01:44:08,705 | INFO | model_trainers.mobile_vit_trainer |   ↳ new best val loss; saved checkpoint: /home/leggo/AIResearch/VOGBasedMCIDetectionSystemMobileViTSingleExperimentInference/outputs/checkpoints/run_20260524_010543/fold_21_best.pth
2026-05-24 01:44:11,174 | INFO | model_trainers.mobile_vit_trainer | Epoch [29/500] | Train Acc: 57.5% | Val Acc: 44.9% | Val Loss: 0.7437
2026-05-24 01:44:13,638 | INFO | model_trainers.mobile_vit_trainer | Epoch [30/500] | Train Acc: 65.0% | Val Acc: 44.9% | Val Loss: 0.7412
2026-05-24 01:44:16,119 | INFO | model_trainers.mobile_vit_trainer | Epoch [31/500] | Train Acc: 62.5% | Val Acc: 42.9% | Val Loss: 0.7540
2026-05-24 01:44:18,597 | INFO | model_trainers.mobile_vit_trainer | Epoch [32/500] | Train Acc: 63.1% | Val Acc: 42.9% | Val Loss: 0.7549
2026-05-24 01:44:21,057 | INFO | model_trainers.mobile_vit_trainer | Epoch [33/500] | Train Acc: 54.4% | Val Acc: 46.9% | Val Loss: 0.7272
2026-05-24 01:44:21,199 | INFO | model_trainers.mobile_vit_trainer |   ↳ new best val loss; saved checkpoint: /home/leggo/AIResearch/VOGBasedMCIDetectionSystemMobileViTSingleExperimentInference/outputs/checkpoints/run_20260524_010543/fold_21_best.pth
2026-05-24 01:44:23,648 | INFO | model_trainers.mobile_vit_trainer | Epoch [34/500] | Train Acc: 61.2% | Val Acc: 49.0% | Val Loss: 0.7275
2026-05-24 01:44:26,126 | INFO | model_trainers.mobile_vit_trainer | Epoch [35/500] | Train Acc: 60.0% | Val Acc: 49.0% | Val Loss: 0.7304
2026-05-24 01:44:28,590 | INFO | model_trainers.mobile_vit_trainer | Epoch [36/500] | Train Acc: 56.9% | Val Acc: 42.9% | Val Loss: 0.7510
2026-05-24 01:44:31,056 | INFO | model_trainers.mobile_vit_trainer | Epoch [37/500] | Train Acc: 55.6% | Val Acc: 38.8% | Val Loss: 0.7657
2026-05-24 01:44:33,519 | INFO | model_trainers.mobile_vit_trainer | Epoch [38/500] | Train Acc: 56.9% | Val Acc: 44.9% | Val Loss: 0.7600
2026-05-24 01:44:36,007 | INFO | model_trainers.mobile_vit_trainer | Epoch [39/500] | Train Acc: 53.8% | Val Acc: 49.0% | Val Loss: 0.7323
2026-05-24 01:44:38,477 | INFO | model_trainers.mobile_vit_trainer | Epoch [40/500] | Train Acc: 56.2% | Val Acc: 49.0% | Val Loss: 0.7307
2026-05-24 01:44:40,973 | INFO | model_trainers.mobile_vit_trainer | Epoch [41/500] | Train Acc: 58.8% | Val Acc: 44.9% | Val Loss: 0.7338
2026-05-24 01:44:43,458 | INFO | model_trainers.mobile_vit_trainer | Epoch [42/500] | Train Acc: 60.6% | Val Acc: 44.9% | Val Loss: 0.7352
2026-05-24 01:44:45,934 | INFO | model_trainers.mobile_vit_trainer | Epoch [43/500] | Train Acc: 62.5% | Val Acc: 46.9% | Val Loss: 0.7359
2026-05-24 01:44:48,394 | INFO | model_trainers.mobile_vit_trainer | Epoch [44/500] | Train Acc: 61.2% | Val Acc: 44.9% | Val Loss: 0.7727
2026-05-24 01:44:50,860 | INFO | model_trainers.mobile_vit_trainer | Epoch [45/500] | Train Acc: 58.8% | Val Acc: 42.9% | Val Loss: 0.7717
2026-05-24 01:44:53,351 | INFO | model_trainers.mobile_vit_trainer | Epoch [46/500] | Train Acc: 57.5% | Val Acc: 46.9% | Val Loss: 0.7295
2026-05-24 01:44:55,852 | INFO | model_trainers.mobile_vit_trainer | Epoch [47/500] | Train Acc: 57.5% | Val Acc: 44.9% | Val Loss: 0.7282
2026-05-24 01:44:57,109 | INFO | model_trainers.mobile_vit_trainer | Epoch [48/500] | Train Acc: 50.6% | Val Acc: 53.1% | Val Loss: 0.7249
2026-05-24 01:44:57,220 | INFO | model_trainers.mobile_vit_trainer |   ↳ new best val loss; saved checkpoint: /home/leggo/AIResearch/VOGBasedMCIDetectionSystemMobileViTSingleExperimentInference/outputs/checkpoints/run_20260524_010543/fold_21_best.pth
2026-05-24 01:44:58,628 | INFO | model_trainers.mobile_vit_trainer | Epoch [49/500] | Train Acc: 65.6% | Val Acc: 49.0% | Val Loss: 0.7261
2026-05-24 01:45:01,085 | INFO | model_trainers.mobile_vit_trainer | Epoch [50/500] | Train Acc: 58.1% | Val Acc: 53.1% | Val Loss: 0.7299
2026-05-24 01:45:03,483 | INFO | model_trainers.mobile_vit_trainer | Epoch [51/500] | Train Acc: 57.5% | Val Acc: 46.9% | Val Loss: 0.7653
2026-05-24 01:45:05,990 | INFO | model_trainers.mobile_vit_trainer | Epoch [52/500] | Train Acc: 66.9% | Val Acc: 46.9% | Val Loss: 0.7582
2026-05-24 01:45:08,549 | INFO | model_trainers.mobile_vit_trainer | Epoch [53/500] | Train Acc: 57.5% | Val Acc: 51.0% | Val Loss: 0.7272
2026-05-24 01:45:11,044 | INFO | model_trainers.mobile_vit_trainer | Epoch [54/500] | Train Acc: 63.8% | Val Acc: 49.0% | Val Loss: 0.7258
2026-05-24 01:45:13,568 | INFO | model_trainers.mobile_vit_trainer | Epoch [55/500] | Train Acc: 63.8% | Val Acc: 51.0% | Val Loss: 0.7248
2026-05-24 01:45:13,695 | INFO | model_trainers.mobile_vit_trainer |   ↳ new best val loss; saved checkpoint: /home/leggo/AIResearch/VOGBasedMCIDetectionSystemMobileViTSingleExperimentInference/outputs/checkpoints/run_20260524_010543/fold_21_best.pth
2026-05-24 01:45:16,204 | INFO | model_trainers.mobile_vit_trainer | Epoch [56/500] | Train Acc: 58.8% | Val Acc: 42.9% | Val Loss: 0.7624
2026-05-24 01:45:18,756 | INFO | model_trainers.mobile_vit_trainer | Epoch [57/500] | Train Acc: 60.6% | Val Acc: 42.9% | Val Loss: 0.7565
2026-05-24 01:45:21,291 | INFO | model_trainers.mobile_vit_trainer | Epoch [58/500] | Train Acc: 58.1% | Val Acc: 42.9% | Val Loss: 0.7625
2026-05-24 01:45:23,776 | INFO | model_trainers.mobile_vit_trainer | Epoch [59/500] | Train Acc: 58.8% | Val Acc: 57.1% | Val Loss: 0.7217
2026-05-24 01:45:23,896 | INFO | model_trainers.mobile_vit_trainer |   ↳ new best val loss; saved checkpoint: /home/leggo/AIResearch/VOGBasedMCIDetectionSystemMobileViTSingleExperimentInference/outputs/checkpoints/run_20260524_010543/fold_21_best.pth
2026-05-24 01:45:26,226 | INFO | model_trainers.mobile_vit_trainer | Epoch [60/500] | Train Acc: 55.6% | Val Acc: 57.1% | Val Loss: 0.7172
2026-05-24 01:45:26,370 | INFO | model_trainers.mobile_vit_trainer |   ↳ new best val loss; saved checkpoint: /home/leggo/AIResearch/VOGBasedMCIDetectionSystemMobileViTSingleExperimentInference/outputs/checkpoints/run_20260524_010543/fold_21_best.pth
2026-05-24 01:45:28,632 | INFO | model_trainers.mobile_vit_trainer | Epoch [61/500] | Train Acc: 55.6% | Val Acc: 53.1% | Val Loss: 0.7174
2026-05-24 01:45:31,139 | INFO | model_trainers.mobile_vit_trainer | Epoch [62/500] | Train Acc: 63.1% | Val Acc: 55.1% | Val Loss: 0.7167
2026-05-24 01:45:31,285 | INFO | model_trainers.mobile_vit_trainer |   ↳ new best val loss; saved checkpoint: /home/leggo/AIResearch/VOGBasedMCIDetectionSystemMobileViTSingleExperimentInference/outputs/checkpoints/run_20260524_010543/fold_21_best.pth
2026-05-24 01:45:33,670 | INFO | model_trainers.mobile_vit_trainer | Epoch [63/500] | Train Acc: 56.9% | Val Acc: 55.1% | Val Loss: 0.7143
2026-05-24 01:45:33,811 | INFO | model_trainers.mobile_vit_trainer |   ↳ new best val loss; saved checkpoint: /home/leggo/AIResearch/VOGBasedMCIDetectionSystemMobileViTSingleExperimentInference/outputs/checkpoints/run_20260524_010543/fold_21_best.pth
2026-05-24 01:45:36,140 | INFO | model_trainers.mobile_vit_trainer | Epoch [64/500] | Train Acc: 62.5% | Val Acc: 55.1% | Val Loss: 0.7118
2026-05-24 01:45:36,304 | INFO | model_trainers.mobile_vit_trainer |   ↳ new best val loss; saved checkpoint: /home/leggo/AIResearch/VOGBasedMCIDetectionSystemMobileViTSingleExperimentInference/outputs/checkpoints/run_20260524_010543/fold_21_best.pth
2026-05-24 01:45:38,583 | INFO | model_trainers.mobile_vit_trainer | Epoch [65/500] | Train Acc: 59.4% | Val Acc: 53.1% | Val Loss: 0.7151
2026-05-24 01:45:41,015 | INFO | model_trainers.mobile_vit_trainer | Epoch [66/500] | Train Acc: 61.2% | Val Acc: 53.1% | Val Loss: 0.7132
2026-05-24 01:45:43,477 | INFO | model_trainers.mobile_vit_trainer | Epoch [67/500] | Train Acc: 64.4% | Val Acc: 53.1% | Val Loss: 0.7159
2026-05-24 01:45:45,937 | INFO | model_trainers.mobile_vit_trainer | Epoch [68/500] | Train Acc: 65.0% | Val Acc: 51.0% | Val Loss: 0.7204
2026-05-24 01:45:48,345 | INFO | model_trainers.mobile_vit_trainer | Epoch [69/500] | Train Acc: 57.5% | Val Acc: 51.0% | Val Loss: 0.7216
2026-05-24 01:45:50,794 | INFO | model_trainers.mobile_vit_trainer | Epoch [70/500] | Train Acc: 58.1% | Val Acc: 51.0% | Val Loss: 0.7196
2026-05-24 01:45:53,237 | INFO | model_trainers.mobile_vit_trainer | Epoch [71/500] | Train Acc: 57.5% | Val Acc: 51.0% | Val Loss: 0.7100
2026-05-24 01:45:53,361 | INFO | model_trainers.mobile_vit_trainer |   ↳ new best val loss; saved checkpoint: /home/leggo/AIResearch/VOGBasedMCIDetectionSystemMobileViTSingleExperimentInference/outputs/checkpoints/run_20260524_010543/fold_21_best.pth
2026-05-24 01:45:55,796 | INFO | model_trainers.mobile_vit_trainer | Epoch [72/500] | Train Acc: 58.8% | Val Acc: 51.0% | Val Loss: 0.7102
2026-05-24 01:45:58,244 | INFO | model_trainers.mobile_vit_trainer | Epoch [73/500] | Train Acc: 60.0% | Val Acc: 53.1% | Val Loss: 0.7125
2026-05-24 01:46:00,672 | INFO | model_trainers.mobile_vit_trainer | Epoch [74/500] | Train Acc: 65.6% | Val Acc: 51.0% | Val Loss: 0.7170
2026-05-24 01:46:03,168 | INFO | model_trainers.mobile_vit_trainer | Epoch [75/500] | Train Acc: 61.9% | Val Acc: 53.1% | Val Loss: 0.7134
2026-05-24 01:46:05,639 | INFO | model_trainers.mobile_vit_trainer | Epoch [76/500] | Train Acc: 60.6% | Val Acc: 42.9% | Val Loss: 0.7473
2026-05-24 01:46:08,077 | INFO | model_trainers.mobile_vit_trainer | Epoch [77/500] | Train Acc: 63.1% | Val Acc: 51.0% | Val Loss: 0.7161
2026-05-24 01:46:10,538 | INFO | model_trainers.mobile_vit_trainer | Epoch [78/500] | Train Acc: 58.8% | Val Acc: 55.1% | Val Loss: 0.7137
2026-05-24 01:46:12,970 | INFO | model_trainers.mobile_vit_trainer | Epoch [79/500] | Train Acc: 63.8% | Val Acc: 51.0% | Val Loss: 0.7180
2026-05-24 01:46:15,414 | INFO | model_trainers.mobile_vit_trainer | Epoch [80/500] | Train Acc: 58.1% | Val Acc: 51.0% | Val Loss: 0.7121
2026-05-24 01:46:17,846 | INFO | model_trainers.mobile_vit_trainer | Epoch [81/500] | Train Acc: 58.1% | Val Acc: 53.1% | Val Loss: 0.7122
2026-05-24 01:46:20,322 | INFO | model_trainers.mobile_vit_trainer | Epoch [82/500] | Train Acc: 60.0% | Val Acc: 59.2% | Val Loss: 0.7043
2026-05-24 01:46:20,454 | INFO | model_trainers.mobile_vit_trainer |   ↳ new best val loss; saved checkpoint: /home/leggo/AIResearch/VOGBasedMCIDetectionSystemMobileViTSingleExperimentInference/outputs/checkpoints/run_20260524_010543/fold_21_best.pth
2026-05-24 01:46:22,908 | INFO | model_trainers.mobile_vit_trainer | Epoch [83/500] | Train Acc: 60.6% | Val Acc: 55.1% | Val Loss: 0.7052
2026-05-24 01:46:25,323 | INFO | model_trainers.mobile_vit_trainer | Epoch [84/500] | Train Acc: 61.2% | Val Acc: 53.1% | Val Loss: 0.7086
2026-05-24 01:46:27,766 | INFO | model_trainers.mobile_vit_trainer | Epoch [85/500] | Train Acc: 61.9% | Val Acc: 51.0% | Val Loss: 0.7381
2026-05-24 01:46:30,223 | INFO | model_trainers.mobile_vit_trainer | Epoch [86/500] | Train Acc: 60.0% | Val Acc: 57.1% | Val Loss: 0.7001
2026-05-24 01:46:30,371 | INFO | model_trainers.mobile_vit_trainer |   ↳ new best val loss; saved checkpoint: /home/leggo/AIResearch/VOGBasedMCIDetectionSystemMobileViTSingleExperimentInference/outputs/checkpoints/run_20260524_010543/fold_21_best.pth
2026-05-24 01:46:32,814 | INFO | model_trainers.mobile_vit_trainer | Epoch [87/500] | Train Acc: 63.1% | Val Acc: 57.1% | Val Loss: 0.7025
2026-05-24 01:46:35,294 | INFO | model_trainers.mobile_vit_trainer | Epoch [88/500] | Train Acc: 62.5% | Val Acc: 59.2% | Val Loss: 0.7002
2026-05-24 01:46:37,724 | INFO | model_trainers.mobile_vit_trainer | Epoch [89/500] | Train Acc: 59.4% | Val Acc: 46.9% | Val Loss: 0.7391
2026-05-24 01:46:40,237 | INFO | model_trainers.mobile_vit_trainer | Epoch [90/500] | Train Acc: 63.1% | Val Acc: 46.9% | Val Loss: 0.7330
2026-05-24 01:46:42,684 | INFO | model_trainers.mobile_vit_trainer | Epoch [91/500] | Train Acc: 62.5% | Val Acc: 59.2% | Val Loss: 0.7051
2026-05-24 01:46:45,178 | INFO | model_trainers.mobile_vit_trainer | Epoch [92/500] | Train Acc: 64.4% | Val Acc: 55.1% | Val Loss: 0.6970
2026-05-24 01:46:45,320 | INFO | model_trainers.mobile_vit_trainer |   ↳ new best val loss; saved checkpoint: /home/leggo/AIResearch/VOGBasedMCIDetectionSystemMobileViTSingleExperimentInference/outputs/checkpoints/run_20260524_010543/fold_21_best.pth
2026-05-24 01:46:47,760 | INFO | model_trainers.mobile_vit_trainer | Epoch [93/500] | Train Acc: 60.0% | Val Acc: 55.1% | Val Loss: 0.6930
2026-05-24 01:46:47,902 | INFO | model_trainers.mobile_vit_trainer |   ↳ new best val loss; saved checkpoint: /home/leggo/AIResearch/VOGBasedMCIDetectionSystemMobileViTSingleExperimentInference/outputs/checkpoints/run_20260524_010543/fold_21_best.pth
2026-05-24 01:46:50,331 | INFO | model_trainers.mobile_vit_trainer | Epoch [94/500] | Train Acc: 61.2% | Val Acc: 51.0% | Val Loss: 0.7378
2026-05-24 01:46:52,831 | INFO | model_trainers.mobile_vit_trainer | Epoch [95/500] | Train Acc: 67.5% | Val Acc: 61.2% | Val Loss: 0.6983
2026-05-24 01:46:55,261 | INFO | model_trainers.mobile_vit_trainer | Epoch [96/500] | Train Acc: 61.9% | Val Acc: 59.2% | Val Loss: 0.6980
2026-05-24 01:46:57,730 | INFO | model_trainers.mobile_vit_trainer | Epoch [97/500] | Train Acc: 65.0% | Val Acc: 51.0% | Val Loss: 0.7343
2026-05-24 01:47:00,132 | INFO | model_trainers.mobile_vit_trainer | Epoch [98/500] | Train Acc: 61.2% | Val Acc: 59.2% | Val Loss: 0.6983
2026-05-24 01:47:02,583 | INFO | model_trainers.mobile_vit_trainer | Epoch [99/500] | Train Acc: 68.8% | Val Acc: 57.1% | Val Loss: 0.6986
2026-05-24 01:47:04,996 | INFO | model_trainers.mobile_vit_trainer | Epoch [100/500] | Train Acc: 66.2% | Val Acc: 40.8% | Val Loss: 0.7339
2026-05-24 01:47:07,446 | INFO | model_trainers.mobile_vit_trainer | Epoch [101/500] | Train Acc: 62.5% | Val Acc: 46.9% | Val Loss: 0.7354
2026-05-24 01:47:09,849 | INFO | model_trainers.mobile_vit_trainer | Epoch [102/500] | Train Acc: 60.6% | Val Acc: 53.1% | Val Loss: 0.7272
2026-05-24 01:47:12,286 | INFO | model_trainers.mobile_vit_trainer | Epoch [103/500] | Train Acc: 66.9% | Val Acc: 49.0% | Val Loss: 0.7352
2026-05-24 01:47:14,750 | INFO | model_trainers.mobile_vit_trainer | Epoch [104/500] | Train Acc: 65.0% | Val Acc: 55.1% | Val Loss: 0.6920
2026-05-24 01:47:14,884 | INFO | model_trainers.mobile_vit_trainer |   ↳ new best val loss; saved checkpoint: /home/leggo/AIResearch/VOGBasedMCIDetectionSystemMobileViTSingleExperimentInference/outputs/checkpoints/run_20260524_010543/fold_21_best.pth
2026-05-24 01:47:17,337 | INFO | model_trainers.mobile_vit_trainer | Epoch [105/500] | Train Acc: 63.8% | Val Acc: 40.8% | Val Loss: 0.7315
2026-05-24 01:47:19,800 | INFO | model_trainers.mobile_vit_trainer | Epoch [106/500] | Train Acc: 60.6% | Val Acc: 51.0% | Val Loss: 0.6991
2026-05-24 01:47:22,226 | INFO | model_trainers.mobile_vit_trainer | Epoch [107/500] | Train Acc: 66.9% | Val Acc: 51.0% | Val Loss: 0.6951
2026-05-24 01:47:23,976 | INFO | model_trainers.mobile_vit_trainer | Epoch [108/500] | Train Acc: 66.9% | Val Acc: 53.1% | Val Loss: 0.6950
2026-05-24 01:47:25,157 | INFO | model_trainers.mobile_vit_trainer | Epoch [109/500] | Train Acc: 63.1% | Val Acc: 53.1% | Val Loss: 0.6929
2026-05-24 01:47:27,357 | INFO | model_trainers.mobile_vit_trainer | Epoch [110/500] | Train Acc: 64.4% | Val Acc: 55.1% | Val Loss: 0.6916
2026-05-24 01:47:27,489 | INFO | model_trainers.mobile_vit_trainer |   ↳ new best val loss; saved checkpoint: /home/leggo/AIResearch/VOGBasedMCIDetectionSystemMobileViTSingleExperimentInference/outputs/checkpoints/run_20260524_010543/fold_21_best.pth
2026-05-24 01:47:29,817 | INFO | model_trainers.mobile_vit_trainer | Epoch [111/500] | Train Acc: 66.9% | Val Acc: 53.1% | Val Loss: 0.6944
2026-05-24 01:47:32,142 | INFO | model_trainers.mobile_vit_trainer | Epoch [112/500] | Train Acc: 65.0% | Val Acc: 49.0% | Val Loss: 0.7027
2026-05-24 01:47:34,455 | INFO | model_trainers.mobile_vit_trainer | Epoch [113/500] | Train Acc: 68.1% | Val Acc: 42.9% | Val Loss: 0.7550
2026-05-24 01:47:36,647 | INFO | model_trainers.mobile_vit_trainer | Epoch [114/500] | Train Acc: 61.9% | Val Acc: 42.9% | Val Loss: 0.7465
2026-05-24 01:47:39,111 | INFO | model_trainers.mobile_vit_trainer | Epoch [115/500] | Train Acc: 62.5% | Val Acc: 42.9% | Val Loss: 0.7533
2026-05-24 01:47:41,552 | INFO | model_trainers.mobile_vit_trainer | Epoch [116/500] | Train Acc: 61.9% | Val Acc: 38.8% | Val Loss: 0.7546
2026-05-24 01:47:44,010 | INFO | model_trainers.mobile_vit_trainer | Epoch [117/500] | Train Acc: 73.1% | Val Acc: 40.8% | Val Loss: 0.7504
2026-05-24 01:47:46,470 | INFO | model_trainers.mobile_vit_trainer | Epoch [118/500] | Train Acc: 58.1% | Val Acc: 42.9% | Val Loss: 0.7553
2026-05-24 01:47:48,927 | INFO | model_trainers.mobile_vit_trainer | Epoch [119/500] | Train Acc: 61.9% | Val Acc: 40.8% | Val Loss: 0.7550
2026-05-24 01:47:51,395 | INFO | model_trainers.mobile_vit_trainer | Epoch [120/500] | Train Acc: 63.8% | Val Acc: 40.8% | Val Loss: 0.7583
2026-05-24 01:47:53,833 | INFO | model_trainers.mobile_vit_trainer | Epoch [121/500] | Train Acc: 65.6% | Val Acc: 40.8% | Val Loss: 0.7575
2026-05-24 01:47:56,303 | INFO | model_trainers.mobile_vit_trainer | Epoch [122/500] | Train Acc: 61.9% | Val Acc: 40.8% | Val Loss: 0.7440
2026-05-24 01:47:58,765 | INFO | model_trainers.mobile_vit_trainer | Epoch [123/500] | Train Acc: 65.6% | Val Acc: 42.9% | Val Loss: 0.7491
2026-05-24 01:48:01,231 | INFO | model_trainers.mobile_vit_trainer | Epoch [124/500] | Train Acc: 58.8% | Val Acc: 40.8% | Val Loss: 0.7509
2026-05-24 01:48:03,689 | INFO | model_trainers.mobile_vit_trainer | Epoch [125/500] | Train Acc: 66.2% | Val Acc: 49.0% | Val Loss: 0.7136
2026-05-24 01:48:06,130 | INFO | model_trainers.mobile_vit_trainer | Epoch [126/500] | Train Acc: 66.2% | Val Acc: 49.0% | Val Loss: 0.7147
2026-05-24 01:48:08,594 | INFO | model_trainers.mobile_vit_trainer | Epoch [127/500] | Train Acc: 57.5% | Val Acc: 51.0% | Val Loss: 0.7096
2026-05-24 01:48:11,066 | INFO | model_trainers.mobile_vit_trainer | Epoch [128/500] | Train Acc: 60.0% | Val Acc: 53.1% | Val Loss: 0.7023
2026-05-24 01:48:13,522 | INFO | model_trainers.mobile_vit_trainer | Epoch [129/500] | Train Acc: 70.0% | Val Acc: 42.9% | Val Loss: 0.7487
2026-05-24 01:48:15,989 | INFO | model_trainers.mobile_vit_trainer | Epoch [130/500] | Train Acc: 64.4% | Val Acc: 46.9% | Val Loss: 0.7150
2026-05-24 01:48:18,430 | INFO | model_trainers.mobile_vit_trainer | Epoch [131/500] | Train Acc: 60.6% | Val Acc: 46.9% | Val Loss: 0.7169
2026-05-24 01:48:20,901 | INFO | model_trainers.mobile_vit_trainer | Epoch [132/500] | Train Acc: 64.4% | Val Acc: 49.0% | Val Loss: 0.7061
2026-05-24 01:48:23,352 | INFO | model_trainers.mobile_vit_trainer | Epoch [133/500] | Train Acc: 63.1% | Val Acc: 51.0% | Val Loss: 0.7039
2026-05-24 01:48:25,824 | INFO | model_trainers.mobile_vit_trainer | Epoch [134/500] | Train Acc: 68.8% | Val Acc: 51.0% | Val Loss: 0.7063
2026-05-24 01:48:28,281 | INFO | model_trainers.mobile_vit_trainer | Epoch [135/500] | Train Acc: 69.4% | Val Acc: 40.8% | Val Loss: 0.7503
2026-05-24 01:48:30,712 | INFO | model_trainers.mobile_vit_trainer | Epoch [136/500] | Train Acc: 60.0% | Val Acc: 46.9% | Val Loss: 0.7108
2026-05-24 01:48:33,182 | INFO | model_trainers.mobile_vit_trainer | Epoch [137/500] | Train Acc: 69.4% | Val Acc: 46.9% | Val Loss: 0.7069
2026-05-24 01:48:35,657 | INFO | model_trainers.mobile_vit_trainer | Epoch [138/500] | Train Acc: 68.1% | Val Acc: 40.8% | Val Loss: 0.7059
2026-05-24 01:48:38,120 | INFO | model_trainers.mobile_vit_trainer | Epoch [139/500] | Train Acc: 63.1% | Val Acc: 44.9% | Val Loss: 0.7135
2026-05-24 01:48:40,614 | INFO | model_trainers.mobile_vit_trainer | Epoch [140/500] | Train Acc: 64.4% | Val Acc: 46.9% | Val Loss: 0.7102
2026-05-24 01:48:43,071 | INFO | model_trainers.mobile_vit_trainer | Epoch [141/500] | Train Acc: 67.5% | Val Acc: 49.0% | Val Loss: 0.7117
2026-05-24 01:48:45,531 | INFO | model_trainers.mobile_vit_trainer | Epoch [142/500] | Train Acc: 68.8% | Val Acc: 49.0% | Val Loss: 0.7126
2026-05-24 01:48:47,966 | INFO | model_trainers.mobile_vit_trainer | Epoch [143/500] | Train Acc: 70.0% | Val Acc: 49.0% | Val Loss: 0.7138
2026-05-24 01:48:50,438 | INFO | model_trainers.mobile_vit_trainer | Epoch [144/500] | Train Acc: 67.5% | Val Acc: 44.9% | Val Loss: 0.7466
2026-05-24 01:48:52,873 | INFO | model_trainers.mobile_vit_trainer | Epoch [145/500] | Train Acc: 70.0% | Val Acc: 42.9% | Val Loss: 0.7489
2026-05-24 01:48:55,321 | INFO | model_trainers.mobile_vit_trainer | Epoch [146/500] | Train Acc: 68.1% | Val Acc: 42.9% | Val Loss: 0.7517
2026-05-24 01:48:57,776 | INFO | model_trainers.mobile_vit_trainer | Epoch [147/500] | Train Acc: 65.6% | Val Acc: 40.8% | Val Loss: 0.7459
2026-05-24 01:49:00,222 | INFO | model_trainers.mobile_vit_trainer | Epoch [148/500] | Train Acc: 64.4% | Val Acc: 49.0% | Val Loss: 0.7103
2026-05-24 01:49:02,702 | INFO | model_trainers.mobile_vit_trainer | Epoch [149/500] | Train Acc: 64.4% | Val Acc: 55.1% | Val Loss: 0.7050
2026-05-24 01:49:05,095 | INFO | model_trainers.mobile_vit_trainer | Epoch [150/500] | Train Acc: 63.8% | Val Acc: 55.1% | Val Loss: 0.7025
2026-05-24 01:49:05,096 | INFO | model_trainers.mobile_vit_trainer | Early stop at epoch 150 (no val-loss improvement for 40 epochs; best=0.6916)
2026-05-24 01:49:05,487 | INFO | evaluators.monte_carlo_evaluator | -> Fold 22 Result | Acc=0.286 Sens=0.200 Spec=0.500 AUROC=0.200
2026-05-24 01:49:05,489 | INFO | evaluators.monte_carlo_evaluator | === Fold 23/30 | train: 23 subj / 155 windows | test: 11 subj / 74 windows ===
2026-05-24 01:49:05,736 | INFO | httpx | HTTP Request: HEAD https://huggingface.co/apple/mobilevit-small/resolve/main/config.json "HTTP/1.1 307 Temporary Redirect"
2026-05-24 01:49:05,752 | INFO | httpx | HTTP Request: HEAD https://huggingface.co/api/resolve-cache/models/apple/mobilevit-small/6c8612545dc98676d27bc518fa521d9e9af23e34/config.json "HTTP/1.1 200 OK"
2026-05-24 01:49:05,995 | INFO | httpx | HTTP Request: HEAD https://huggingface.co/apple/mobilevit-small/resolve/main/model.safetensors "HTTP/1.1 404 Not Found"
2026-05-24 01:49:06,204 | INFO | httpx | HTTP Request: HEAD https://huggingface.co/apple/mobilevit-small/resolve/main/model.safetensors.index.json "HTTP/1.1 404 Not Found"
2026-05-24 01:49:06,414 | INFO | httpx | HTTP Request: HEAD https://huggingface.co/apple/mobilevit-small/resolve/main/pytorch_model.bin "HTTP/1.1 302 Found"
2026-05-24 01:49:06,627 | INFO | httpx | HTTP Request: HEAD https://huggingface.co/apple/mobilevit-small/resolve/main/model.safetensors "HTTP/1.1 404 Not Found"
2026-05-24 01:49:06,840 | INFO | httpx | HTTP Request: GET https://huggingface.co/api/models/apple/mobilevit-small "HTTP/1.1 200 OK"
2026-05-24 01:49:07,086 | INFO | httpx | HTTP Request: GET https://huggingface.co/api/models/apple/mobilevit-small/commits/main "HTTP/1.1 200 OK"
2026-05-24 01:49:07,318 | INFO | httpx | HTTP Request: GET https://huggingface.co/api/models/apple/mobilevit-small/discussions?p=0 "HTTP/1.1 200 OK"
2026-05-24 01:49:07,547 | INFO | httpx | HTTP Request: GET https://huggingface.co/api/models/apple/mobilevit-small/commits/refs%2Fpr%2F6 "HTTP/1.1 200 OK"
2026-05-24 01:49:07,768 | INFO | httpx | HTTP Request: HEAD https://huggingface.co/apple/mobilevit-small/resolve/refs%2Fpr%2F6/model.safetensors.index.json "HTTP/1.1 404 Not Found"
2026-05-24 01:49:07,988 | INFO | httpx | HTTP Request: HEAD https://huggingface.co/apple/mobilevit-small/resolve/refs%2Fpr%2F6/model.safetensors "HTTP/1.1 302 Found"
2026-05-24 01:49:09,467 | INFO | model_trainers.mobile_vit_trainer | Epoch [01/500] | Train Acc: 54.7% | Val Acc: 59.5% | Val Loss: 0.6814
2026-05-24 01:49:09,624 | INFO | model_trainers.mobile_vit_trainer |   ↳ new best val loss; saved checkpoint: /home/leggo/AIResearch/VOGBasedMCIDetectionSystemMobileViTSingleExperimentInference/outputs/checkpoints/run_20260524_010543/fold_22_best.pth
2026-05-24 01:49:11,807 | INFO | model_trainers.mobile_vit_trainer | Epoch [02/500] | Train Acc: 50.0% | Val Acc: 59.5% | Val Loss: 0.6852
2026-05-24 01:49:14,015 | INFO | model_trainers.mobile_vit_trainer | Epoch [03/500] | Train Acc: 54.7% | Val Acc: 59.5% | Val Loss: 0.6930
2026-05-24 01:49:16,250 | INFO | model_trainers.mobile_vit_trainer | Epoch [04/500] | Train Acc: 51.6% | Val Acc: 59.5% | Val Loss: 0.7456
2026-05-24 01:49:18,462 | INFO | model_trainers.mobile_vit_trainer | Epoch [05/500] | Train Acc: 57.0% | Val Acc: 59.5% | Val Loss: 0.7706
2026-05-24 01:49:20,772 | INFO | model_trainers.mobile_vit_trainer | Epoch [06/500] | Train Acc: 57.8% | Val Acc: 59.5% | Val Loss: 0.7481
2026-05-24 01:49:23,019 | INFO | model_trainers.mobile_vit_trainer | Epoch [07/500] | Train Acc: 53.1% | Val Acc: 59.5% | Val Loss: 0.7487
2026-05-24 01:49:25,176 | INFO | model_trainers.mobile_vit_trainer | Epoch [08/500] | Train Acc: 59.4% | Val Acc: 56.8% | Val Loss: 0.7576
2026-05-24 01:49:27,305 | INFO | model_trainers.mobile_vit_trainer | Epoch [09/500] | Train Acc: 59.4% | Val Acc: 52.7% | Val Loss: 0.7478
2026-05-24 01:49:29,467 | INFO | model_trainers.mobile_vit_trainer | Epoch [10/500] | Train Acc: 54.7% | Val Acc: 51.4% | Val Loss: 0.7533
2026-05-24 01:49:31,574 | INFO | model_trainers.mobile_vit_trainer | Epoch [11/500] | Train Acc: 50.0% | Val Acc: 52.7% | Val Loss: 0.7243
2026-05-24 01:49:33,806 | INFO | model_trainers.mobile_vit_trainer | Epoch [12/500] | Train Acc: 53.1% | Val Acc: 52.7% | Val Loss: 0.7121
2026-05-24 01:49:35,966 | INFO | model_trainers.mobile_vit_trainer | Epoch [13/500] | Train Acc: 59.4% | Val Acc: 52.7% | Val Loss: 0.7009
2026-05-24 01:49:37,950 | INFO | model_trainers.mobile_vit_trainer | Epoch [14/500] | Train Acc: 56.2% | Val Acc: 54.1% | Val Loss: 0.6955
2026-05-24 01:49:40,194 | INFO | model_trainers.mobile_vit_trainer | Epoch [15/500] | Train Acc: 51.6% | Val Acc: 52.7% | Val Loss: 0.6950
2026-05-24 01:49:42,180 | INFO | model_trainers.mobile_vit_trainer | Epoch [16/500] | Train Acc: 54.7% | Val Acc: 51.4% | Val Loss: 0.6892
2026-05-24 01:49:44,177 | INFO | model_trainers.mobile_vit_trainer | Epoch [17/500] | Train Acc: 57.0% | Val Acc: 52.7% | Val Loss: 0.6877
2026-05-24 01:49:46,276 | INFO | model_trainers.mobile_vit_trainer | Epoch [18/500] | Train Acc: 63.3% | Val Acc: 52.7% | Val Loss: 0.6903
2026-05-24 01:49:48,491 | INFO | model_trainers.mobile_vit_trainer | Epoch [19/500] | Train Acc: 58.6% | Val Acc: 52.7% | Val Loss: 0.6929
2026-05-24 01:49:50,635 | INFO | model_trainers.mobile_vit_trainer | Epoch [20/500] | Train Acc: 60.2% | Val Acc: 51.4% | Val Loss: 0.6882
2026-05-24 01:49:52,776 | INFO | model_trainers.mobile_vit_trainer | Epoch [21/500] | Train Acc: 58.6% | Val Acc: 51.4% | Val Loss: 0.6847
2026-05-24 01:49:54,790 | INFO | model_trainers.mobile_vit_trainer | Epoch [22/500] | Train Acc: 55.5% | Val Acc: 51.4% | Val Loss: 0.7024
2026-05-24 01:49:56,995 | INFO | model_trainers.mobile_vit_trainer | Epoch [23/500] | Train Acc: 57.8% | Val Acc: 51.4% | Val Loss: 0.6930
2026-05-24 01:49:59,009 | INFO | model_trainers.mobile_vit_trainer | Epoch [24/500] | Train Acc: 60.2% | Val Acc: 52.7% | Val Loss: 0.6860
2026-05-24 01:50:01,148 | INFO | model_trainers.mobile_vit_trainer | Epoch [25/500] | Train Acc: 58.6% | Val Acc: 51.4% | Val Loss: 0.6788
2026-05-24 01:50:01,277 | INFO | model_trainers.mobile_vit_trainer |   ↳ new best val loss; saved checkpoint: /home/leggo/AIResearch/VOGBasedMCIDetectionSystemMobileViTSingleExperimentInference/outputs/checkpoints/run_20260524_010543/fold_22_best.pth
2026-05-24 01:50:03,379 | INFO | model_trainers.mobile_vit_trainer | Epoch [26/500] | Train Acc: 60.9% | Val Acc: 50.0% | Val Loss: 0.6761
2026-05-24 01:50:03,492 | INFO | model_trainers.mobile_vit_trainer |   ↳ new best val loss; saved checkpoint: /home/leggo/AIResearch/VOGBasedMCIDetectionSystemMobileViTSingleExperimentInference/outputs/checkpoints/run_20260524_010543/fold_22_best.pth
2026-05-24 01:50:05,642 | INFO | model_trainers.mobile_vit_trainer | Epoch [27/500] | Train Acc: 57.8% | Val Acc: 56.8% | Val Loss: 0.6692
2026-05-24 01:50:05,771 | INFO | model_trainers.mobile_vit_trainer |   ↳ new best val loss; saved checkpoint: /home/leggo/AIResearch/VOGBasedMCIDetectionSystemMobileViTSingleExperimentInference/outputs/checkpoints/run_20260524_010543/fold_22_best.pth
2026-05-24 01:50:07,917 | INFO | model_trainers.mobile_vit_trainer | Epoch [28/500] | Train Acc: 57.8% | Val Acc: 58.1% | Val Loss: 0.6721
2026-05-24 01:50:10,117 | INFO | model_trainers.mobile_vit_trainer | Epoch [29/500] | Train Acc: 52.3% | Val Acc: 56.8% | Val Loss: 0.6711
2026-05-24 01:50:12,292 | INFO | model_trainers.mobile_vit_trainer | Epoch [30/500] | Train Acc: 64.1% | Val Acc: 56.8% | Val Loss: 0.6743
2026-05-24 01:50:14,413 | INFO | model_trainers.mobile_vit_trainer | Epoch [31/500] | Train Acc: 65.6% | Val Acc: 55.4% | Val Loss: 0.6825
2026-05-24 01:50:16,611 | INFO | model_trainers.mobile_vit_trainer | Epoch [32/500] | Train Acc: 66.4% | Val Acc: 56.8% | Val Loss: 0.6784
2026-05-24 01:50:18,736 | INFO | model_trainers.mobile_vit_trainer | Epoch [33/500] | Train Acc: 67.2% | Val Acc: 56.8% | Val Loss: 0.6763
2026-05-24 01:50:20,830 | INFO | model_trainers.mobile_vit_trainer | Epoch [34/500] | Train Acc: 64.1% | Val Acc: 60.8% | Val Loss: 0.6731
2026-05-24 01:50:23,044 | INFO | model_trainers.mobile_vit_trainer | Epoch [35/500] | Train Acc: 64.1% | Val Acc: 60.8% | Val Loss: 0.6708
2026-05-24 01:50:25,185 | INFO | model_trainers.mobile_vit_trainer | Epoch [36/500] | Train Acc: 60.2% | Val Acc: 59.5% | Val Loss: 0.6696
2026-05-24 01:50:27,328 | INFO | model_trainers.mobile_vit_trainer | Epoch [37/500] | Train Acc: 60.2% | Val Acc: 62.2% | Val Loss: 0.6710
2026-05-24 01:50:29,470 | INFO | model_trainers.mobile_vit_trainer | Epoch [38/500] | Train Acc: 57.8% | Val Acc: 59.5% | Val Loss: 0.6696
2026-05-24 01:50:31,602 | INFO | model_trainers.mobile_vit_trainer | Epoch [39/500] | Train Acc: 64.8% | Val Acc: 62.2% | Val Loss: 0.6694
2026-05-24 01:50:33,796 | INFO | model_trainers.mobile_vit_trainer | Epoch [40/500] | Train Acc: 58.6% | Val Acc: 59.5% | Val Loss: 0.6725
2026-05-24 01:50:35,846 | INFO | model_trainers.mobile_vit_trainer | Epoch [41/500] | Train Acc: 61.7% | Val Acc: 58.1% | Val Loss: 0.6637
2026-05-24 01:50:35,984 | INFO | model_trainers.mobile_vit_trainer |   ↳ new best val loss; saved checkpoint: /home/leggo/AIResearch/VOGBasedMCIDetectionSystemMobileViTSingleExperimentInference/outputs/checkpoints/run_20260524_010543/fold_22_best.pth
2026-05-24 01:50:37,997 | INFO | model_trainers.mobile_vit_trainer | Epoch [42/500] | Train Acc: 70.3% | Val Acc: 56.8% | Val Loss: 0.6662
2026-05-24 01:50:39,992 | INFO | model_trainers.mobile_vit_trainer | Epoch [43/500] | Train Acc: 58.6% | Val Acc: 59.5% | Val Loss: 0.6679
2026-05-24 01:50:42,168 | INFO | model_trainers.mobile_vit_trainer | Epoch [44/500] | Train Acc: 60.2% | Val Acc: 59.5% | Val Loss: 0.6678
2026-05-24 01:50:44,192 | INFO | model_trainers.mobile_vit_trainer | Epoch [45/500] | Train Acc: 60.2% | Val Acc: 59.5% | Val Loss: 0.6807
2026-05-24 01:50:46,207 | INFO | model_trainers.mobile_vit_trainer | Epoch [46/500] | Train Acc: 65.6% | Val Acc: 56.8% | Val Loss: 0.6699
2026-05-24 01:50:48,318 | INFO | model_trainers.mobile_vit_trainer | Epoch [47/500] | Train Acc: 66.4% | Val Acc: 60.8% | Val Loss: 0.6741
2026-05-24 01:50:50,484 | INFO | model_trainers.mobile_vit_trainer | Epoch [48/500] | Train Acc: 60.9% | Val Acc: 56.8% | Val Loss: 0.6655
2026-05-24 01:50:52,715 | INFO | model_trainers.mobile_vit_trainer | Epoch [49/500] | Train Acc: 60.9% | Val Acc: 56.8% | Val Loss: 0.6624
2026-05-24 01:50:52,857 | INFO | model_trainers.mobile_vit_trainer |   ↳ new best val loss; saved checkpoint: /home/leggo/AIResearch/VOGBasedMCIDetectionSystemMobileViTSingleExperimentInference/outputs/checkpoints/run_20260524_010543/fold_22_best.pth
2026-05-24 01:50:55,015 | INFO | model_trainers.mobile_vit_trainer | Epoch [50/500] | Train Acc: 58.6% | Val Acc: 56.8% | Val Loss: 0.6653
2026-05-24 01:50:57,132 | INFO | model_trainers.mobile_vit_trainer | Epoch [51/500] | Train Acc: 65.6% | Val Acc: 56.8% | Val Loss: 0.6684
2026-05-24 01:50:59,286 | INFO | model_trainers.mobile_vit_trainer | Epoch [52/500] | Train Acc: 63.3% | Val Acc: 55.4% | Val Loss: 0.6704
2026-05-24 01:51:01,454 | INFO | model_trainers.mobile_vit_trainer | Epoch [53/500] | Train Acc: 60.2% | Val Acc: 56.8% | Val Loss: 0.6665
2026-05-24 01:51:03,661 | INFO | model_trainers.mobile_vit_trainer | Epoch [54/500] | Train Acc: 65.6% | Val Acc: 58.1% | Val Loss: 0.6616
2026-05-24 01:51:03,782 | INFO | model_trainers.mobile_vit_trainer |   ↳ new best val loss; saved checkpoint: /home/leggo/AIResearch/VOGBasedMCIDetectionSystemMobileViTSingleExperimentInference/outputs/checkpoints/run_20260524_010543/fold_22_best.pth
2026-05-24 01:51:05,953 | INFO | model_trainers.mobile_vit_trainer | Epoch [55/500] | Train Acc: 66.4% | Val Acc: 59.5% | Val Loss: 0.6625
2026-05-24 01:51:08,076 | INFO | model_trainers.mobile_vit_trainer | Epoch [56/500] | Train Acc: 65.6% | Val Acc: 58.1% | Val Loss: 0.6698
2026-05-24 01:51:10,253 | INFO | model_trainers.mobile_vit_trainer | Epoch [57/500] | Train Acc: 64.1% | Val Acc: 56.8% | Val Loss: 0.6693
2026-05-24 01:51:12,401 | INFO | model_trainers.mobile_vit_trainer | Epoch [58/500] | Train Acc: 64.1% | Val Acc: 62.2% | Val Loss: 0.6717
2026-05-24 01:51:14,551 | INFO | model_trainers.mobile_vit_trainer | Epoch [59/500] | Train Acc: 61.7% | Val Acc: 60.8% | Val Loss: 0.6673
2026-05-24 01:51:16,731 | INFO | model_trainers.mobile_vit_trainer | Epoch [60/500] | Train Acc: 68.0% | Val Acc: 60.8% | Val Loss: 0.6696
2026-05-24 01:51:18,854 | INFO | model_trainers.mobile_vit_trainer | Epoch [61/500] | Train Acc: 64.1% | Val Acc: 60.8% | Val Loss: 0.6717
2026-05-24 01:51:20,992 | INFO | model_trainers.mobile_vit_trainer | Epoch [62/500] | Train Acc: 64.1% | Val Acc: 56.8% | Val Loss: 0.6646
2026-05-24 01:51:23,154 | INFO | model_trainers.mobile_vit_trainer | Epoch [63/500] | Train Acc: 62.5% | Val Acc: 56.8% | Val Loss: 0.6700
2026-05-24 01:51:25,334 | INFO | model_trainers.mobile_vit_trainer | Epoch [64/500] | Train Acc: 65.6% | Val Acc: 54.1% | Val Loss: 0.6790
2026-05-24 01:51:27,525 | INFO | model_trainers.mobile_vit_trainer | Epoch [65/500] | Train Acc: 65.6% | Val Acc: 56.8% | Val Loss: 0.6823
2026-05-24 01:51:29,673 | INFO | model_trainers.mobile_vit_trainer | Epoch [66/500] | Train Acc: 57.0% | Val Acc: 55.4% | Val Loss: 0.6757
2026-05-24 01:51:31,822 | INFO | model_trainers.mobile_vit_trainer | Epoch [67/500] | Train Acc: 56.2% | Val Acc: 55.4% | Val Loss: 0.6693
2026-05-24 01:51:33,938 | INFO | model_trainers.mobile_vit_trainer | Epoch [68/500] | Train Acc: 60.9% | Val Acc: 59.5% | Val Loss: 0.6707
2026-05-24 01:51:36,086 | INFO | model_trainers.mobile_vit_trainer | Epoch [69/500] | Train Acc: 61.7% | Val Acc: 56.8% | Val Loss: 0.6628
2026-05-24 01:51:38,280 | INFO | model_trainers.mobile_vit_trainer | Epoch [70/500] | Train Acc: 75.0% | Val Acc: 55.4% | Val Loss: 0.6652
2026-05-24 01:51:40,523 | INFO | model_trainers.mobile_vit_trainer | Epoch [71/500] | Train Acc: 59.4% | Val Acc: 62.2% | Val Loss: 0.6826
2026-05-24 01:51:42,707 | INFO | model_trainers.mobile_vit_trainer | Epoch [72/500] | Train Acc: 57.0% | Val Acc: 55.4% | Val Loss: 0.6736
2026-05-24 01:51:44,878 | INFO | model_trainers.mobile_vit_trainer | Epoch [73/500] | Train Acc: 61.7% | Val Acc: 55.4% | Val Loss: 0.6766
2026-05-24 01:51:47,017 | INFO | model_trainers.mobile_vit_trainer | Epoch [74/500] | Train Acc: 68.0% | Val Acc: 54.1% | Val Loss: 0.6782
2026-05-24 01:51:49,148 | INFO | model_trainers.mobile_vit_trainer | Epoch [75/500] | Train Acc: 60.2% | Val Acc: 52.7% | Val Loss: 0.6808
2026-05-24 01:51:51,318 | INFO | model_trainers.mobile_vit_trainer | Epoch [76/500] | Train Acc: 64.8% | Val Acc: 55.4% | Val Loss: 0.6809
2026-05-24 01:51:53,468 | INFO | model_trainers.mobile_vit_trainer | Epoch [77/500] | Train Acc: 58.6% | Val Acc: 55.4% | Val Loss: 0.6831
2026-05-24 01:51:55,644 | INFO | model_trainers.mobile_vit_trainer | Epoch [78/500] | Train Acc: 60.9% | Val Acc: 55.4% | Val Loss: 0.6803
2026-05-24 01:51:57,819 | INFO | model_trainers.mobile_vit_trainer | Epoch [79/500] | Train Acc: 66.4% | Val Acc: 56.8% | Val Loss: 0.6751
2026-05-24 01:51:59,990 | INFO | model_trainers.mobile_vit_trainer | Epoch [80/500] | Train Acc: 72.7% | Val Acc: 56.8% | Val Loss: 0.6724
2026-05-24 01:52:02,186 | INFO | model_trainers.mobile_vit_trainer | Epoch [81/500] | Train Acc: 69.5% | Val Acc: 58.1% | Val Loss: 0.6695
2026-05-24 01:52:04,353 | INFO | model_trainers.mobile_vit_trainer | Epoch [82/500] | Train Acc: 59.4% | Val Acc: 59.5% | Val Loss: 0.6674
2026-05-24 01:52:06,509 | INFO | model_trainers.mobile_vit_trainer | Epoch [83/500] | Train Acc: 70.3% | Val Acc: 58.1% | Val Loss: 0.6678
2026-05-24 01:52:08,655 | INFO | model_trainers.mobile_vit_trainer | Epoch [84/500] | Train Acc: 66.4% | Val Acc: 56.8% | Val Loss: 0.6675
2026-05-24 01:52:10,781 | INFO | model_trainers.mobile_vit_trainer | Epoch [85/500] | Train Acc: 68.0% | Val Acc: 58.1% | Val Loss: 0.6700
2026-05-24 01:52:12,914 | INFO | model_trainers.mobile_vit_trainer | Epoch [86/500] | Train Acc: 69.5% | Val Acc: 56.8% | Val Loss: 0.6709
2026-05-24 01:52:15,123 | INFO | model_trainers.mobile_vit_trainer | Epoch [87/500] | Train Acc: 62.5% | Val Acc: 56.8% | Val Loss: 0.6750
2026-05-24 01:52:17,285 | INFO | model_trainers.mobile_vit_trainer | Epoch [88/500] | Train Acc: 68.8% | Val Acc: 56.8% | Val Loss: 0.6717
2026-05-24 01:52:19,461 | INFO | model_trainers.mobile_vit_trainer | Epoch [89/500] | Train Acc: 68.8% | Val Acc: 55.4% | Val Loss: 0.6649
2026-05-24 01:52:21,588 | INFO | model_trainers.mobile_vit_trainer | Epoch [90/500] | Train Acc: 66.4% | Val Acc: 60.8% | Val Loss: 0.6784
2026-05-24 01:52:23,763 | INFO | model_trainers.mobile_vit_trainer | Epoch [91/500] | Train Acc: 64.8% | Val Acc: 56.8% | Val Loss: 0.6654
2026-05-24 01:52:25,973 | INFO | model_trainers.mobile_vit_trainer | Epoch [92/500] | Train Acc: 62.5% | Val Acc: 55.4% | Val Loss: 0.6691
2026-05-24 01:52:28,130 | INFO | model_trainers.mobile_vit_trainer | Epoch [93/500] | Train Acc: 60.2% | Val Acc: 52.7% | Val Loss: 0.6784
2026-05-24 01:52:30,267 | INFO | model_trainers.mobile_vit_trainer | Epoch [94/500] | Train Acc: 63.3% | Val Acc: 54.1% | Val Loss: 0.6797
2026-05-24 01:52:30,267 | INFO | model_trainers.mobile_vit_trainer | Early stop at epoch 94 (no val-loss improvement for 40 epochs; best=0.6616)
2026-05-24 01:52:30,932 | INFO | evaluators.monte_carlo_evaluator | -> Fold 23 Result | Acc=0.600 Sens=0.857 Spec=0.000 AUROC=0.619
2026-05-24 01:52:30,933 | INFO | evaluators.monte_carlo_evaluator | === Fold 24/30 | train: 23 subj / 158 windows | test: 11 subj / 71 windows ===
2026-05-24 01:52:31,187 | INFO | httpx | HTTP Request: HEAD https://huggingface.co/apple/mobilevit-small/resolve/main/config.json "HTTP/1.1 307 Temporary Redirect"
2026-05-24 01:52:31,204 | INFO | httpx | HTTP Request: HEAD https://huggingface.co/api/resolve-cache/models/apple/mobilevit-small/6c8612545dc98676d27bc518fa521d9e9af23e34/config.json "HTTP/1.1 200 OK"
2026-05-24 01:52:31,479 | INFO | httpx | HTTP Request: HEAD https://huggingface.co/apple/mobilevit-small/resolve/main/model.safetensors "HTTP/1.1 404 Not Found"
2026-05-24 01:52:31,688 | INFO | httpx | HTTP Request: HEAD https://huggingface.co/apple/mobilevit-small/resolve/main/model.safetensors.index.json "HTTP/1.1 404 Not Found"
2026-05-24 01:52:31,903 | INFO | httpx | HTTP Request: HEAD https://huggingface.co/apple/mobilevit-small/resolve/main/pytorch_model.bin "HTTP/1.1 302 Found"
2026-05-24 01:52:32,115 | INFO | httpx | HTTP Request: HEAD https://huggingface.co/apple/mobilevit-small/resolve/main/model.safetensors "HTTP/1.1 404 Not Found"
2026-05-24 01:52:32,365 | INFO | httpx | HTTP Request: GET https://huggingface.co/api/models/apple/mobilevit-small "HTTP/1.1 200 OK"
2026-05-24 01:52:32,636 | INFO | httpx | HTTP Request: GET https://huggingface.co/api/models/apple/mobilevit-small/commits/main "HTTP/1.1 200 OK"
2026-05-24 01:52:32,855 | INFO | httpx | HTTP Request: GET https://huggingface.co/api/models/apple/mobilevit-small/discussions?p=0 "HTTP/1.1 200 OK"
2026-05-24 01:52:33,449 | INFO | httpx | HTTP Request: GET https://huggingface.co/api/models/apple/mobilevit-small/commits/refs%2Fpr%2F6 "HTTP/1.1 200 OK"
2026-05-24 01:52:33,663 | INFO | httpx | HTTP Request: HEAD https://huggingface.co/apple/mobilevit-small/resolve/refs%2Fpr%2F6/model.safetensors.index.json "HTTP/1.1 404 Not Found"
2026-05-24 01:52:33,880 | INFO | httpx | HTTP Request: HEAD https://huggingface.co/apple/mobilevit-small/resolve/refs%2Fpr%2F6/model.safetensors "HTTP/1.1 302 Found"
2026-05-24 01:52:33,952 | INFO | model_trainers.mobile_vit_trainer | Epoch [01/500] | Train Acc: 46.9% | Val Acc: 56.3% | Val Loss: 0.6813
2026-05-24 01:52:34,079 | INFO | model_trainers.mobile_vit_trainer |   ↳ new best val loss; saved checkpoint: /home/leggo/AIResearch/VOGBasedMCIDetectionSystemMobileViTSingleExperimentInference/outputs/checkpoints/run_20260524_010543/fold_23_best.pth
2026-05-24 01:52:36,098 | INFO | model_trainers.mobile_vit_trainer | Epoch [02/500] | Train Acc: 60.9% | Val Acc: 53.5% | Val Loss: 0.6921
2026-05-24 01:52:38,258 | INFO | model_trainers.mobile_vit_trainer | Epoch [03/500] | Train Acc: 51.6% | Val Acc: 47.9% | Val Loss: 0.7240
2026-05-24 01:52:40,261 | INFO | model_trainers.mobile_vit_trainer | Epoch [04/500] | Train Acc: 53.9% | Val Acc: 39.4% | Val Loss: 0.7592
2026-05-24 01:52:42,224 | INFO | model_trainers.mobile_vit_trainer | Epoch [05/500] | Train Acc: 53.1% | Val Acc: 42.3% | Val Loss: 0.7538
2026-05-24 01:52:44,370 | INFO | model_trainers.mobile_vit_trainer | Epoch [06/500] | Train Acc: 53.9% | Val Acc: 42.3% | Val Loss: 0.7498
2026-05-24 01:52:46,397 | INFO | model_trainers.mobile_vit_trainer | Epoch [07/500] | Train Acc: 54.7% | Val Acc: 39.4% | Val Loss: 0.7718
2026-05-24 01:52:48,538 | INFO | model_trainers.mobile_vit_trainer | Epoch [08/500] | Train Acc: 57.0% | Val Acc: 38.0% | Val Loss: 0.7811
2026-05-24 01:52:50,699 | INFO | model_trainers.mobile_vit_trainer | Epoch [09/500] | Train Acc: 51.6% | Val Acc: 39.4% | Val Loss: 0.7727
2026-05-24 01:52:52,819 | INFO | model_trainers.mobile_vit_trainer | Epoch [10/500] | Train Acc: 58.6% | Val Acc: 39.4% | Val Loss: 0.7802
2026-05-24 01:52:55,012 | INFO | model_trainers.mobile_vit_trainer | Epoch [11/500] | Train Acc: 62.5% | Val Acc: 31.0% | Val Loss: 0.7889
2026-05-24 01:52:57,158 | INFO | model_trainers.mobile_vit_trainer | Epoch [12/500] | Train Acc: 57.0% | Val Acc: 25.4% | Val Loss: 0.8109
2026-05-24 01:52:59,254 | INFO | model_trainers.mobile_vit_trainer | Epoch [13/500] | Train Acc: 50.0% | Val Acc: 23.9% | Val Loss: 0.8263
2026-05-24 01:53:01,344 | INFO | model_trainers.mobile_vit_trainer | Epoch [14/500] | Train Acc: 53.9% | Val Acc: 21.1% | Val Loss: 0.8363
2026-05-24 01:53:03,291 | INFO | model_trainers.mobile_vit_trainer | Epoch [15/500] | Train Acc: 53.9% | Val Acc: 23.9% | Val Loss: 0.8378
2026-05-24 01:53:05,467 | INFO | model_trainers.mobile_vit_trainer | Epoch [16/500] | Train Acc: 61.7% | Val Acc: 23.9% | Val Loss: 0.8457
2026-05-24 01:53:07,410 | INFO | model_trainers.mobile_vit_trainer | Epoch [17/500] | Train Acc: 63.3% | Val Acc: 28.2% | Val Loss: 0.8377
2026-05-24 01:53:09,337 | INFO | model_trainers.mobile_vit_trainer | Epoch [18/500] | Train Acc: 67.2% | Val Acc: 23.9% | Val Loss: 0.8458
2026-05-24 01:53:11,468 | INFO | model_trainers.mobile_vit_trainer | Epoch [19/500] | Train Acc: 64.8% | Val Acc: 25.4% | Val Loss: 0.8504
2026-05-24 01:53:13,501 | INFO | model_trainers.mobile_vit_trainer | Epoch [20/500] | Train Acc: 66.4% | Val Acc: 25.4% | Val Loss: 0.8482
2026-05-24 01:53:15,639 | INFO | model_trainers.mobile_vit_trainer | Epoch [21/500] | Train Acc: 55.5% | Val Acc: 22.5% | Val Loss: 0.8391
2026-05-24 01:53:17,653 | INFO | model_trainers.mobile_vit_trainer | Epoch [22/500] | Train Acc: 56.2% | Val Acc: 26.8% | Val Loss: 0.8354
2026-05-24 01:53:19,779 | INFO | model_trainers.mobile_vit_trainer | Epoch [23/500] | Train Acc: 63.3% | Val Acc: 28.2% | Val Loss: 0.8247
2026-05-24 01:53:22,003 | INFO | model_trainers.mobile_vit_trainer | Epoch [24/500] | Train Acc: 60.2% | Val Acc: 28.2% | Val Loss: 0.8287
2026-05-24 01:53:24,006 | INFO | model_trainers.mobile_vit_trainer | Epoch [25/500] | Train Acc: 58.6% | Val Acc: 25.4% | Val Loss: 0.8399
2026-05-24 01:53:25,969 | INFO | model_trainers.mobile_vit_trainer | Epoch [26/500] | Train Acc: 61.7% | Val Acc: 26.8% | Val Loss: 0.8523
2026-05-24 01:53:28,056 | INFO | model_trainers.mobile_vit_trainer | Epoch [27/500] | Train Acc: 50.8% | Val Acc: 26.8% | Val Loss: 0.8659
2026-05-24 01:53:30,113 | INFO | model_trainers.mobile_vit_trainer | Epoch [28/500] | Train Acc: 59.4% | Val Acc: 26.8% | Val Loss: 0.8701
2026-05-24 01:53:32,198 | INFO | model_trainers.mobile_vit_trainer | Epoch [29/500] | Train Acc: 63.3% | Val Acc: 32.4% | Val Loss: 0.8746
2026-05-24 01:53:34,368 | INFO | model_trainers.mobile_vit_trainer | Epoch [30/500] | Train Acc: 57.0% | Val Acc: 26.8% | Val Loss: 0.8653
2026-05-24 01:53:36,515 | INFO | model_trainers.mobile_vit_trainer | Epoch [31/500] | Train Acc: 57.8% | Val Acc: 29.6% | Val Loss: 0.8523
2026-05-24 01:53:38,682 | INFO | model_trainers.mobile_vit_trainer | Epoch [32/500] | Train Acc: 68.0% | Val Acc: 28.2% | Val Loss: 0.8633
2026-05-24 01:53:40,780 | INFO | model_trainers.mobile_vit_trainer | Epoch [33/500] | Train Acc: 66.4% | Val Acc: 26.8% | Val Loss: 0.8564
2026-05-24 01:53:42,879 | INFO | model_trainers.mobile_vit_trainer | Epoch [34/500] | Train Acc: 60.9% | Val Acc: 29.6% | Val Loss: 0.8489
2026-05-24 01:53:45,008 | INFO | model_trainers.mobile_vit_trainer | Epoch [35/500] | Train Acc: 57.8% | Val Acc: 31.0% | Val Loss: 0.8484
2026-05-24 01:53:47,162 | INFO | model_trainers.mobile_vit_trainer | Epoch [36/500] | Train Acc: 64.1% | Val Acc: 32.4% | Val Loss: 0.8462
2026-05-24 01:53:49,316 | INFO | model_trainers.mobile_vit_trainer | Epoch [37/500] | Train Acc: 60.9% | Val Acc: 35.2% | Val Loss: 0.8342
2026-05-24 01:53:51,511 | INFO | model_trainers.mobile_vit_trainer | Epoch [38/500] | Train Acc: 68.0% | Val Acc: 36.6% | Val Loss: 0.8263
2026-05-24 01:53:53,729 | INFO | model_trainers.mobile_vit_trainer | Epoch [39/500] | Train Acc: 55.5% | Val Acc: 28.2% | Val Loss: 0.8464
2026-05-24 01:53:55,937 | INFO | model_trainers.mobile_vit_trainer | Epoch [40/500] | Train Acc: 64.1% | Val Acc: 33.8% | Val Loss: 0.8374
2026-05-24 01:53:58,050 | INFO | model_trainers.mobile_vit_trainer | Epoch [41/500] | Train Acc: 52.3% | Val Acc: 33.8% | Val Loss: 0.8422
2026-05-24 01:53:58,050 | INFO | model_trainers.mobile_vit_trainer | Early stop at epoch 41 (no val-loss improvement for 40 epochs; best=0.6813)
2026-05-24 01:53:58,697 | INFO | evaluators.monte_carlo_evaluator | -> Fold 24 Result | Acc=0.600 Sens=0.667 Spec=0.000 AUROC=0.000
2026-05-24 01:53:58,698 | INFO | evaluators.monte_carlo_evaluator | === Fold 25/30 | train: 23 subj / 157 windows | test: 11 subj / 72 windows ===
2026-05-24 01:53:58,963 | INFO | httpx | HTTP Request: HEAD https://huggingface.co/apple/mobilevit-small/resolve/main/config.json "HTTP/1.1 307 Temporary Redirect"
2026-05-24 01:53:58,983 | INFO | httpx | HTTP Request: HEAD https://huggingface.co/api/resolve-cache/models/apple/mobilevit-small/6c8612545dc98676d27bc518fa521d9e9af23e34/config.json "HTTP/1.1 200 OK"
2026-05-24 01:53:59,272 | INFO | httpx | HTTP Request: HEAD https://huggingface.co/apple/mobilevit-small/resolve/main/model.safetensors "HTTP/1.1 404 Not Found"
2026-05-24 01:53:59,491 | INFO | httpx | HTTP Request: HEAD https://huggingface.co/apple/mobilevit-small/resolve/main/model.safetensors.index.json "HTTP/1.1 404 Not Found"
2026-05-24 01:53:59,718 | INFO | httpx | HTTP Request: HEAD https://huggingface.co/apple/mobilevit-small/resolve/main/pytorch_model.bin "HTTP/1.1 302 Found"
2026-05-24 01:53:59,938 | INFO | httpx | HTTP Request: HEAD https://huggingface.co/apple/mobilevit-small/resolve/main/model.safetensors "HTTP/1.1 404 Not Found"
2026-05-24 01:54:00,540 | INFO | httpx | HTTP Request: GET https://huggingface.co/api/models/apple/mobilevit-small "HTTP/1.1 200 OK"
2026-05-24 01:54:00,766 | INFO | httpx | HTTP Request: GET https://huggingface.co/api/models/apple/mobilevit-small/commits/main "HTTP/1.1 200 OK"
2026-05-24 01:54:00,995 | INFO | httpx | HTTP Request: GET https://huggingface.co/api/models/apple/mobilevit-small/discussions?p=0 "HTTP/1.1 200 OK"
2026-05-24 01:54:01,230 | INFO | httpx | HTTP Request: GET https://huggingface.co/api/models/apple/mobilevit-small/commits/refs%2Fpr%2F6 "HTTP/1.1 200 OK"
2026-05-24 01:54:01,445 | INFO | httpx | HTTP Request: HEAD https://huggingface.co/apple/mobilevit-small/resolve/refs%2Fpr%2F6/model.safetensors.index.json "HTTP/1.1 404 Not Found"
2026-05-24 01:54:01,670 | INFO | httpx | HTTP Request: HEAD https://huggingface.co/apple/mobilevit-small/resolve/refs%2Fpr%2F6/model.safetensors "HTTP/1.1 302 Found"
2026-05-24 01:54:02,959 | INFO | model_trainers.mobile_vit_trainer | Epoch [01/500] | Train Acc: 43.0% | Val Acc: 59.7% | Val Loss: 0.6789
2026-05-24 01:54:03,056 | INFO | model_trainers.mobile_vit_trainer |   ↳ new best val loss; saved checkpoint: /home/leggo/AIResearch/VOGBasedMCIDetectionSystemMobileViTSingleExperimentInference/outputs/checkpoints/run_20260524_010543/fold_24_best.pth
2026-05-24 01:54:05,216 | INFO | model_trainers.mobile_vit_trainer | Epoch [02/500] | Train Acc: 43.8% | Val Acc: 59.7% | Val Loss: 0.6855
2026-05-24 01:54:07,311 | INFO | model_trainers.mobile_vit_trainer | Epoch [03/500] | Train Acc: 43.0% | Val Acc: 59.7% | Val Loss: 0.6710
2026-05-24 01:54:07,440 | INFO | model_trainers.mobile_vit_trainer |   ↳ new best val loss; saved checkpoint: /home/leggo/AIResearch/VOGBasedMCIDetectionSystemMobileViTSingleExperimentInference/outputs/checkpoints/run_20260524_010543/fold_24_best.pth
2026-05-24 01:54:09,581 | INFO | model_trainers.mobile_vit_trainer | Epoch [04/500] | Train Acc: 53.1% | Val Acc: 59.7% | Val Loss: 0.6706
2026-05-24 01:54:09,713 | INFO | model_trainers.mobile_vit_trainer |   ↳ new best val loss; saved checkpoint: /home/leggo/AIResearch/VOGBasedMCIDetectionSystemMobileViTSingleExperimentInference/outputs/checkpoints/run_20260524_010543/fold_24_best.pth
2026-05-24 01:54:11,833 | INFO | model_trainers.mobile_vit_trainer | Epoch [05/500] | Train Acc: 50.0% | Val Acc: 59.7% | Val Loss: 0.6828
2026-05-24 01:54:13,910 | INFO | model_trainers.mobile_vit_trainer | Epoch [06/500] | Train Acc: 50.8% | Val Acc: 58.3% | Val Loss: 0.6940
2026-05-24 01:54:16,094 | INFO | model_trainers.mobile_vit_trainer | Epoch [07/500] | Train Acc: 44.5% | Val Acc: 54.2% | Val Loss: 0.7003
2026-05-24 01:54:18,287 | INFO | model_trainers.mobile_vit_trainer | Epoch [08/500] | Train Acc: 52.3% | Val Acc: 54.2% | Val Loss: 0.6966
2026-05-24 01:54:20,392 | INFO | model_trainers.mobile_vit_trainer | Epoch [09/500] | Train Acc: 50.0% | Val Acc: 52.8% | Val Loss: 0.6878
2026-05-24 01:54:22,524 | INFO | model_trainers.mobile_vit_trainer | Epoch [10/500] | Train Acc: 46.9% | Val Acc: 54.2% | Val Loss: 0.6859
2026-05-24 01:54:24,643 | INFO | model_trainers.mobile_vit_trainer | Epoch [11/500] | Train Acc: 49.2% | Val Acc: 50.0% | Val Loss: 0.6806
2026-05-24 01:54:26,713 | INFO | model_trainers.mobile_vit_trainer | Epoch [12/500] | Train Acc: 58.6% | Val Acc: 56.9% | Val Loss: 0.6825
2026-05-24 01:54:28,920 | INFO | model_trainers.mobile_vit_trainer | Epoch [13/500] | Train Acc: 50.8% | Val Acc: 55.6% | Val Loss: 0.6896
2026-05-24 01:54:31,038 | INFO | model_trainers.mobile_vit_trainer | Epoch [14/500] | Train Acc: 52.3% | Val Acc: 51.4% | Val Loss: 0.6953
2026-05-24 01:54:33,145 | INFO | model_trainers.mobile_vit_trainer | Epoch [15/500] | Train Acc: 47.7% | Val Acc: 51.4% | Val Loss: 0.6970
2026-05-24 01:54:35,216 | INFO | model_trainers.mobile_vit_trainer | Epoch [16/500] | Train Acc: 50.0% | Val Acc: 55.6% | Val Loss: 0.6950
2026-05-24 01:54:37,330 | INFO | model_trainers.mobile_vit_trainer | Epoch [17/500] | Train Acc: 50.8% | Val Acc: 51.4% | Val Loss: 0.6931
2026-05-24 01:54:39,628 | INFO | model_trainers.mobile_vit_trainer | Epoch [18/500] | Train Acc: 47.7% | Val Acc: 54.2% | Val Loss: 0.6898
2026-05-24 01:54:41,795 | INFO | model_trainers.mobile_vit_trainer | Epoch [19/500] | Train Acc: 55.5% | Val Acc: 51.4% | Val Loss: 0.6885
2026-05-24 01:54:43,903 | INFO | model_trainers.mobile_vit_trainer | Epoch [20/500] | Train Acc: 47.7% | Val Acc: 47.2% | Val Loss: 0.6895
2026-05-24 01:54:45,987 | INFO | model_trainers.mobile_vit_trainer | Epoch [21/500] | Train Acc: 55.5% | Val Acc: 52.8% | Val Loss: 0.6870
2026-05-24 01:54:48,079 | INFO | model_trainers.mobile_vit_trainer | Epoch [22/500] | Train Acc: 53.1% | Val Acc: 54.2% | Val Loss: 0.6847
2026-05-24 01:54:50,279 | INFO | model_trainers.mobile_vit_trainer | Epoch [23/500] | Train Acc: 53.9% | Val Acc: 58.3% | Val Loss: 0.6778
2026-05-24 01:54:52,406 | INFO | model_trainers.mobile_vit_trainer | Epoch [24/500] | Train Acc: 51.6% | Val Acc: 62.5% | Val Loss: 0.6767
2026-05-24 01:54:54,401 | INFO | model_trainers.mobile_vit_trainer | Epoch [25/500] | Train Acc: 45.3% | Val Acc: 56.9% | Val Loss: 0.6833
2026-05-24 01:54:56,542 | INFO | model_trainers.mobile_vit_trainer | Epoch [26/500] | Train Acc: 49.2% | Val Acc: 56.9% | Val Loss: 0.6868
2026-05-24 01:54:58,732 | INFO | model_trainers.mobile_vit_trainer | Epoch [27/500] | Train Acc: 54.7% | Val Acc: 56.9% | Val Loss: 0.6908
2026-05-24 01:55:00,872 | INFO | model_trainers.mobile_vit_trainer | Epoch [28/500] | Train Acc: 56.2% | Val Acc: 56.9% | Val Loss: 0.6899
2026-05-24 01:55:02,997 | INFO | model_trainers.mobile_vit_trainer | Epoch [29/500] | Train Acc: 54.7% | Val Acc: 54.2% | Val Loss: 0.6940
2026-05-24 01:55:05,098 | INFO | model_trainers.mobile_vit_trainer | Epoch [30/500] | Train Acc: 59.4% | Val Acc: 56.9% | Val Loss: 0.6913
2026-05-24 01:55:07,178 | INFO | model_trainers.mobile_vit_trainer | Epoch [31/500] | Train Acc: 50.8% | Val Acc: 56.9% | Val Loss: 0.6956
2026-05-24 01:55:09,385 | INFO | model_trainers.mobile_vit_trainer | Epoch [32/500] | Train Acc: 51.6% | Val Acc: 47.2% | Val Loss: 0.6970
2026-05-24 01:55:11,613 | INFO | model_trainers.mobile_vit_trainer | Epoch [33/500] | Train Acc: 51.6% | Val Acc: 44.4% | Val Loss: 0.7023
2026-05-24 01:55:13,742 | INFO | model_trainers.mobile_vit_trainer | Epoch [34/500] | Train Acc: 52.3% | Val Acc: 50.0% | Val Loss: 0.7108
2026-05-24 01:55:15,875 | INFO | model_trainers.mobile_vit_trainer | Epoch [35/500] | Train Acc: 59.4% | Val Acc: 50.0% | Val Loss: 0.7068
2026-05-24 01:55:17,939 | INFO | model_trainers.mobile_vit_trainer | Epoch [36/500] | Train Acc: 50.0% | Val Acc: 51.4% | Val Loss: 0.7000
2026-05-24 01:55:20,132 | INFO | model_trainers.mobile_vit_trainer | Epoch [37/500] | Train Acc: 46.9% | Val Acc: 52.8% | Val Loss: 0.7030
2026-05-24 01:55:22,328 | INFO | model_trainers.mobile_vit_trainer | Epoch [38/500] | Train Acc: 59.4% | Val Acc: 54.2% | Val Loss: 0.6856
2026-05-24 01:55:24,459 | INFO | model_trainers.mobile_vit_trainer | Epoch [39/500] | Train Acc: 57.8% | Val Acc: 59.7% | Val Loss: 0.6753
2026-05-24 01:55:26,608 | INFO | model_trainers.mobile_vit_trainer | Epoch [40/500] | Train Acc: 58.6% | Val Acc: 63.9% | Val Loss: 0.6705
2026-05-24 01:55:26,728 | INFO | model_trainers.mobile_vit_trainer |   ↳ new best val loss; saved checkpoint: /home/leggo/AIResearch/VOGBasedMCIDetectionSystemMobileViTSingleExperimentInference/outputs/checkpoints/run_20260524_010543/fold_24_best.pth
2026-05-24 01:55:28,857 | INFO | model_trainers.mobile_vit_trainer | Epoch [41/500] | Train Acc: 60.2% | Val Acc: 58.3% | Val Loss: 0.6724
2026-05-24 01:55:30,971 | INFO | model_trainers.mobile_vit_trainer | Epoch [42/500] | Train Acc: 57.8% | Val Acc: 65.3% | Val Loss: 0.6676
2026-05-24 01:55:31,113 | INFO | model_trainers.mobile_vit_trainer |   ↳ new best val loss; saved checkpoint: /home/leggo/AIResearch/VOGBasedMCIDetectionSystemMobileViTSingleExperimentInference/outputs/checkpoints/run_20260524_010543/fold_24_best.pth
2026-05-24 01:55:33,249 | INFO | model_trainers.mobile_vit_trainer | Epoch [43/500] | Train Acc: 56.2% | Val Acc: 66.7% | Val Loss: 0.6713
2026-05-24 01:55:35,461 | INFO | model_trainers.mobile_vit_trainer | Epoch [44/500] | Train Acc: 57.8% | Val Acc: 63.9% | Val Loss: 0.6687
2026-05-24 01:55:37,547 | INFO | model_trainers.mobile_vit_trainer | Epoch [45/500] | Train Acc: 53.1% | Val Acc: 56.9% | Val Loss: 0.6917
2026-05-24 01:55:39,634 | INFO | model_trainers.mobile_vit_trainer | Epoch [46/500] | Train Acc: 62.5% | Val Acc: 55.6% | Val Loss: 0.6873
2026-05-24 01:55:41,798 | INFO | model_trainers.mobile_vit_trainer | Epoch [47/500] | Train Acc: 50.8% | Val Acc: 58.3% | Val Loss: 0.6891
2026-05-24 01:55:43,914 | INFO | model_trainers.mobile_vit_trainer | Epoch [48/500] | Train Acc: 52.3% | Val Acc: 61.1% | Val Loss: 0.6875
2026-05-24 01:55:46,138 | INFO | model_trainers.mobile_vit_trainer | Epoch [49/500] | Train Acc: 57.0% | Val Acc: 63.9% | Val Loss: 0.6810
2026-05-24 01:55:48,283 | INFO | model_trainers.mobile_vit_trainer | Epoch [50/500] | Train Acc: 53.9% | Val Acc: 62.5% | Val Loss: 0.6882
2026-05-24 01:55:50,380 | INFO | model_trainers.mobile_vit_trainer | Epoch [51/500] | Train Acc: 57.0% | Val Acc: 62.5% | Val Loss: 0.6844
2026-05-24 01:55:52,510 | INFO | model_trainers.mobile_vit_trainer | Epoch [52/500] | Train Acc: 57.8% | Val Acc: 59.7% | Val Loss: 0.6904
2026-05-24 01:55:54,576 | INFO | model_trainers.mobile_vit_trainer | Epoch [53/500] | Train Acc: 45.3% | Val Acc: 56.9% | Val Loss: 0.6938
2026-05-24 01:55:56,769 | INFO | model_trainers.mobile_vit_trainer | Epoch [54/500] | Train Acc: 60.2% | Val Acc: 55.6% | Val Loss: 0.6986
2026-05-24 01:55:58,899 | INFO | model_trainers.mobile_vit_trainer | Epoch [55/500] | Train Acc: 61.7% | Val Acc: 54.2% | Val Loss: 0.7092
2026-05-24 01:56:00,993 | INFO | model_trainers.mobile_vit_trainer | Epoch [56/500] | Train Acc: 53.1% | Val Acc: 47.2% | Val Loss: 0.7237
2026-05-24 01:56:03,143 | INFO | model_trainers.mobile_vit_trainer | Epoch [57/500] | Train Acc: 44.5% | Val Acc: 45.8% | Val Loss: 0.7153
2026-05-24 01:56:05,213 | INFO | model_trainers.mobile_vit_trainer | Epoch [58/500] | Train Acc: 59.4% | Val Acc: 47.2% | Val Loss: 0.7168
2026-05-24 01:56:07,388 | INFO | model_trainers.mobile_vit_trainer | Epoch [59/500] | Train Acc: 51.6% | Val Acc: 48.6% | Val Loss: 0.7183
2026-05-24 01:56:09,524 | INFO | model_trainers.mobile_vit_trainer | Epoch [60/500] | Train Acc: 51.6% | Val Acc: 51.4% | Val Loss: 0.7252
2026-05-24 01:56:11,642 | INFO | model_trainers.mobile_vit_trainer | Epoch [61/500] | Train Acc: 55.5% | Val Acc: 52.8% | Val Loss: 0.7152
2026-05-24 01:56:13,748 | INFO | model_trainers.mobile_vit_trainer | Epoch [62/500] | Train Acc: 64.8% | Val Acc: 54.2% | Val Loss: 0.7151
2026-05-24 01:56:15,857 | INFO | model_trainers.mobile_vit_trainer | Epoch [63/500] | Train Acc: 53.1% | Val Acc: 55.6% | Val Loss: 0.7124
2026-05-24 01:56:18,126 | INFO | model_trainers.mobile_vit_trainer | Epoch [64/500] | Train Acc: 60.2% | Val Acc: 52.8% | Val Loss: 0.7081
2026-05-24 01:56:20,260 | INFO | model_trainers.mobile_vit_trainer | Epoch [65/500] | Train Acc: 63.3% | Val Acc: 55.6% | Val Loss: 0.7051
2026-05-24 01:56:22,450 | INFO | model_trainers.mobile_vit_trainer | Epoch [66/500] | Train Acc: 55.5% | Val Acc: 55.6% | Val Loss: 0.7096
2026-05-24 01:56:24,622 | INFO | model_trainers.mobile_vit_trainer | Epoch [67/500] | Train Acc: 61.7% | Val Acc: 54.2% | Val Loss: 0.7132
2026-05-24 01:56:26,777 | INFO | model_trainers.mobile_vit_trainer | Epoch [68/500] | Train Acc: 60.9% | Val Acc: 59.7% | Val Loss: 0.7022
2026-05-24 01:56:28,955 | INFO | model_trainers.mobile_vit_trainer | Epoch [69/500] | Train Acc: 59.4% | Val Acc: 55.6% | Val Loss: 0.6975
2026-05-24 01:56:31,091 | INFO | model_trainers.mobile_vit_trainer | Epoch [70/500] | Train Acc: 59.4% | Val Acc: 52.8% | Val Loss: 0.7057
2026-05-24 01:56:33,198 | INFO | model_trainers.mobile_vit_trainer | Epoch [71/500] | Train Acc: 57.8% | Val Acc: 54.2% | Val Loss: 0.6993
2026-05-24 01:56:35,314 | INFO | model_trainers.mobile_vit_trainer | Epoch [72/500] | Train Acc: 54.7% | Val Acc: 54.2% | Val Loss: 0.6973
2026-05-24 01:56:37,459 | INFO | model_trainers.mobile_vit_trainer | Epoch [73/500] | Train Acc: 61.7% | Val Acc: 52.8% | Val Loss: 0.6958
2026-05-24 01:56:39,658 | INFO | model_trainers.mobile_vit_trainer | Epoch [74/500] | Train Acc: 57.8% | Val Acc: 55.6% | Val Loss: 0.7027
2026-05-24 01:56:41,006 | INFO | model_trainers.mobile_vit_trainer | Epoch [75/500] | Train Acc: 56.2% | Val Acc: 51.4% | Val Loss: 0.7042
2026-05-24 01:56:42,067 | INFO | model_trainers.mobile_vit_trainer | Epoch [76/500] | Train Acc: 53.9% | Val Acc: 52.8% | Val Loss: 0.7042
2026-05-24 01:56:44,240 | INFO | model_trainers.mobile_vit_trainer | Epoch [77/500] | Train Acc: 50.8% | Val Acc: 58.3% | Val Loss: 0.6968
2026-05-24 01:56:46,295 | INFO | model_trainers.mobile_vit_trainer | Epoch [78/500] | Train Acc: 62.5% | Val Acc: 56.9% | Val Loss: 0.6940
2026-05-24 01:56:48,559 | INFO | model_trainers.mobile_vit_trainer | Epoch [79/500] | Train Acc: 53.1% | Val Acc: 55.6% | Val Loss: 0.6968
2026-05-24 01:56:50,853 | INFO | model_trainers.mobile_vit_trainer | Epoch [80/500] | Train Acc: 57.0% | Val Acc: 56.9% | Val Loss: 0.6970
2026-05-24 01:56:53,071 | INFO | model_trainers.mobile_vit_trainer | Epoch [81/500] | Train Acc: 51.6% | Val Acc: 61.1% | Val Loss: 0.6883
2026-05-24 01:56:55,219 | INFO | model_trainers.mobile_vit_trainer | Epoch [82/500] | Train Acc: 54.7% | Val Acc: 59.7% | Val Loss: 0.6932
2026-05-24 01:56:55,219 | INFO | model_trainers.mobile_vit_trainer | Early stop at epoch 82 (no val-loss improvement for 40 epochs; best=0.6676)
2026-05-24 01:56:55,920 | INFO | evaluators.monte_carlo_evaluator | -> Fold 25 Result | Acc=0.600 Sens=0.500 Spec=0.750 AUROC=0.625
2026-05-24 01:56:55,921 | INFO | evaluators.monte_carlo_evaluator | === Fold 26/30 | train: 23 subj / 175 windows | test: 11 subj / 54 windows ===
2026-05-24 01:56:56,159 | INFO | httpx | HTTP Request: HEAD https://huggingface.co/apple/mobilevit-small/resolve/main/config.json "HTTP/1.1 307 Temporary Redirect"
2026-05-24 01:56:56,175 | INFO | httpx | HTTP Request: HEAD https://huggingface.co/api/resolve-cache/models/apple/mobilevit-small/6c8612545dc98676d27bc518fa521d9e9af23e34/config.json "HTTP/1.1 200 OK"
2026-05-24 01:56:56,420 | INFO | httpx | HTTP Request: HEAD https://huggingface.co/apple/mobilevit-small/resolve/main/model.safetensors "HTTP/1.1 404 Not Found"
2026-05-24 01:56:56,626 | INFO | httpx | HTTP Request: HEAD https://huggingface.co/apple/mobilevit-small/resolve/main/model.safetensors.index.json "HTTP/1.1 404 Not Found"
2026-05-24 01:56:56,845 | INFO | httpx | HTTP Request: HEAD https://huggingface.co/apple/mobilevit-small/resolve/main/pytorch_model.bin "HTTP/1.1 302 Found"
2026-05-24 01:56:57,065 | INFO | httpx | HTTP Request: HEAD https://huggingface.co/apple/mobilevit-small/resolve/main/model.safetensors "HTTP/1.1 404 Not Found"
2026-05-24 01:56:57,296 | INFO | httpx | HTTP Request: GET https://huggingface.co/api/models/apple/mobilevit-small "HTTP/1.1 200 OK"
2026-05-24 01:56:57,520 | INFO | httpx | HTTP Request: GET https://huggingface.co/api/models/apple/mobilevit-small/commits/main "HTTP/1.1 200 OK"
2026-05-24 01:56:57,749 | INFO | httpx | HTTP Request: GET https://huggingface.co/api/models/apple/mobilevit-small/discussions?p=0 "HTTP/1.1 200 OK"
2026-05-24 01:56:57,993 | INFO | httpx | HTTP Request: GET https://huggingface.co/api/models/apple/mobilevit-small/commits/refs%2Fpr%2F6 "HTTP/1.1 200 OK"
2026-05-24 01:56:58,198 | INFO | httpx | HTTP Request: HEAD https://huggingface.co/apple/mobilevit-small/resolve/refs%2Fpr%2F6/model.safetensors.index.json "HTTP/1.1 404 Not Found"
2026-05-24 01:56:58,417 | INFO | httpx | HTTP Request: HEAD https://huggingface.co/apple/mobilevit-small/resolve/refs%2Fpr%2F6/model.safetensors "HTTP/1.1 302 Found"
2026-05-24 01:57:00,466 | INFO | model_trainers.mobile_vit_trainer | Epoch [01/500] | Train Acc: 52.5% | Val Acc: 61.1% | Val Loss: 0.6463
2026-05-24 01:57:00,593 | INFO | model_trainers.mobile_vit_trainer |   ↳ new best val loss; saved checkpoint: /home/leggo/AIResearch/VOGBasedMCIDetectionSystemMobileViTSingleExperimentInference/outputs/checkpoints/run_20260524_010543/fold_25_best.pth
2026-05-24 01:57:03,097 | INFO | model_trainers.mobile_vit_trainer | Epoch [02/500] | Train Acc: 58.1% | Val Acc: 66.7% | Val Loss: 0.6419
2026-05-24 01:57:03,239 | INFO | model_trainers.mobile_vit_trainer |   ↳ new best val loss; saved checkpoint: /home/leggo/AIResearch/VOGBasedMCIDetectionSystemMobileViTSingleExperimentInference/outputs/checkpoints/run_20260524_010543/fold_25_best.pth
2026-05-24 01:57:05,733 | INFO | model_trainers.mobile_vit_trainer | Epoch [03/500] | Train Acc: 51.2% | Val Acc: 66.7% | Val Loss: 0.6627
2026-05-24 01:57:08,206 | INFO | model_trainers.mobile_vit_trainer | Epoch [04/500] | Train Acc: 48.1% | Val Acc: 59.3% | Val Loss: 0.6729
2026-05-24 01:57:10,729 | INFO | model_trainers.mobile_vit_trainer | Epoch [05/500] | Train Acc: 55.6% | Val Acc: 61.1% | Val Loss: 0.6601
2026-05-24 01:57:13,180 | INFO | model_trainers.mobile_vit_trainer | Epoch [06/500] | Train Acc: 53.1% | Val Acc: 57.4% | Val Loss: 0.6595
2026-05-24 01:57:15,684 | INFO | model_trainers.mobile_vit_trainer | Epoch [07/500] | Train Acc: 56.9% | Val Acc: 57.4% | Val Loss: 0.6662
2026-05-24 01:57:18,157 | INFO | model_trainers.mobile_vit_trainer | Epoch [08/500] | Train Acc: 57.5% | Val Acc: 68.5% | Val Loss: 0.6677
2026-05-24 01:57:20,632 | INFO | model_trainers.mobile_vit_trainer | Epoch [09/500] | Train Acc: 52.5% | Val Acc: 68.5% | Val Loss: 0.6837
2026-05-24 01:57:23,106 | INFO | model_trainers.mobile_vit_trainer | Epoch [10/500] | Train Acc: 56.9% | Val Acc: 63.0% | Val Loss: 0.6808
2026-05-24 01:57:25,748 | INFO | model_trainers.mobile_vit_trainer | Epoch [11/500] | Train Acc: 55.6% | Val Acc: 61.1% | Val Loss: 0.6857
2026-05-24 01:57:28,244 | INFO | model_trainers.mobile_vit_trainer | Epoch [12/500] | Train Acc: 55.0% | Val Acc: 46.3% | Val Loss: 0.7017
2026-05-24 01:57:30,736 | INFO | model_trainers.mobile_vit_trainer | Epoch [13/500] | Train Acc: 53.8% | Val Acc: 53.7% | Val Loss: 0.6925
2026-05-24 01:57:33,275 | INFO | model_trainers.mobile_vit_trainer | Epoch [14/500] | Train Acc: 58.8% | Val Acc: 51.9% | Val Loss: 0.6927
2026-05-24 01:57:35,784 | INFO | model_trainers.mobile_vit_trainer | Epoch [15/500] | Train Acc: 55.6% | Val Acc: 53.7% | Val Loss: 0.7028
2026-05-24 01:57:38,281 | INFO | model_trainers.mobile_vit_trainer | Epoch [16/500] | Train Acc: 59.4% | Val Acc: 53.7% | Val Loss: 0.7110
2026-05-24 01:57:40,768 | INFO | model_trainers.mobile_vit_trainer | Epoch [17/500] | Train Acc: 56.2% | Val Acc: 53.7% | Val Loss: 0.7182
2026-05-24 01:57:43,274 | INFO | model_trainers.mobile_vit_trainer | Epoch [18/500] | Train Acc: 53.8% | Val Acc: 53.7% | Val Loss: 0.7160
2026-05-24 01:57:45,780 | INFO | model_trainers.mobile_vit_trainer | Epoch [19/500] | Train Acc: 54.4% | Val Acc: 53.7% | Val Loss: 0.7167
2026-05-24 01:57:48,278 | INFO | model_trainers.mobile_vit_trainer | Epoch [20/500] | Train Acc: 56.9% | Val Acc: 55.6% | Val Loss: 0.7213
2026-05-24 01:57:50,811 | INFO | model_trainers.mobile_vit_trainer | Epoch [21/500] | Train Acc: 59.4% | Val Acc: 51.9% | Val Loss: 0.7282
2026-05-24 01:57:53,315 | INFO | model_trainers.mobile_vit_trainer | Epoch [22/500] | Train Acc: 55.6% | Val Acc: 53.7% | Val Loss: 0.7318
2026-05-24 01:57:55,830 | INFO | model_trainers.mobile_vit_trainer | Epoch [23/500] | Train Acc: 58.8% | Val Acc: 51.9% | Val Loss: 0.7333
2026-05-24 01:57:58,340 | INFO | model_trainers.mobile_vit_trainer | Epoch [24/500] | Train Acc: 57.5% | Val Acc: 51.9% | Val Loss: 0.7328
2026-05-24 01:58:00,825 | INFO | model_trainers.mobile_vit_trainer | Epoch [25/500] | Train Acc: 52.5% | Val Acc: 53.7% | Val Loss: 0.7260
2026-05-24 01:58:03,407 | INFO | model_trainers.mobile_vit_trainer | Epoch [26/500] | Train Acc: 57.5% | Val Acc: 51.9% | Val Loss: 0.7306
2026-05-24 01:58:05,886 | INFO | model_trainers.mobile_vit_trainer | Epoch [27/500] | Train Acc: 65.6% | Val Acc: 51.9% | Val Loss: 0.7309
2026-05-24 01:58:08,409 | INFO | model_trainers.mobile_vit_trainer | Epoch [28/500] | Train Acc: 63.8% | Val Acc: 55.6% | Val Loss: 0.7182
2026-05-24 01:58:10,906 | INFO | model_trainers.mobile_vit_trainer | Epoch [29/500] | Train Acc: 61.2% | Val Acc: 53.7% | Val Loss: 0.7204
2026-05-24 01:58:13,499 | INFO | model_trainers.mobile_vit_trainer | Epoch [30/500] | Train Acc: 56.9% | Val Acc: 55.6% | Val Loss: 0.7329
2026-05-24 01:58:15,246 | INFO | model_trainers.mobile_vit_trainer | Epoch [31/500] | Train Acc: 59.4% | Val Acc: 51.9% | Val Loss: 0.7269
2026-05-24 01:58:16,476 | INFO | model_trainers.mobile_vit_trainer | Epoch [32/500] | Train Acc: 62.5% | Val Acc: 50.0% | Val Loss: 0.7349
2026-05-24 01:58:18,848 | INFO | model_trainers.mobile_vit_trainer | Epoch [33/500] | Train Acc: 59.4% | Val Acc: 57.4% | Val Loss: 0.7101
2026-05-24 01:58:21,212 | INFO | model_trainers.mobile_vit_trainer | Epoch [34/500] | Train Acc: 54.4% | Val Acc: 55.6% | Val Loss: 0.6928
2026-05-24 01:58:23,710 | INFO | model_trainers.mobile_vit_trainer | Epoch [35/500] | Train Acc: 63.8% | Val Acc: 57.4% | Val Loss: 0.7074
2026-05-24 01:58:26,205 | INFO | model_trainers.mobile_vit_trainer | Epoch [36/500] | Train Acc: 59.4% | Val Acc: 50.0% | Val Loss: 0.7439
2026-05-24 01:58:28,660 | INFO | model_trainers.mobile_vit_trainer | Epoch [37/500] | Train Acc: 63.8% | Val Acc: 46.3% | Val Loss: 0.7618
2026-05-24 01:58:31,147 | INFO | model_trainers.mobile_vit_trainer | Epoch [38/500] | Train Acc: 63.1% | Val Acc: 46.3% | Val Loss: 0.7624
2026-05-24 01:58:33,597 | INFO | model_trainers.mobile_vit_trainer | Epoch [39/500] | Train Acc: 62.5% | Val Acc: 48.1% | Val Loss: 0.7675
2026-05-24 01:58:36,054 | INFO | model_trainers.mobile_vit_trainer | Epoch [40/500] | Train Acc: 55.0% | Val Acc: 46.3% | Val Loss: 0.7699
2026-05-24 01:58:38,532 | INFO | model_trainers.mobile_vit_trainer | Epoch [41/500] | Train Acc: 59.4% | Val Acc: 46.3% | Val Loss: 0.7566
2026-05-24 01:58:41,024 | INFO | model_trainers.mobile_vit_trainer | Epoch [42/500] | Train Acc: 60.6% | Val Acc: 44.4% | Val Loss: 0.7696
2026-05-24 01:58:41,025 | INFO | model_trainers.mobile_vit_trainer | Early stop at epoch 42 (no val-loss improvement for 40 epochs; best=0.6419)
2026-05-24 01:58:41,467 | INFO | evaluators.monte_carlo_evaluator | -> Fold 26 Result | Acc=0.375 Sens=0.200 Spec=0.667 AUROC=0.400
2026-05-24 01:58:41,468 | INFO | evaluators.monte_carlo_evaluator | === Fold 27/30 | train: 23 subj / 153 windows | test: 11 subj / 76 windows ===
2026-05-24 01:58:41,717 | INFO | httpx | HTTP Request: HEAD https://huggingface.co/apple/mobilevit-small/resolve/main/config.json "HTTP/1.1 307 Temporary Redirect"
2026-05-24 01:58:41,736 | INFO | httpx | HTTP Request: HEAD https://huggingface.co/api/resolve-cache/models/apple/mobilevit-small/6c8612545dc98676d27bc518fa521d9e9af23e34/config.json "HTTP/1.1 200 OK"
2026-05-24 01:58:42,023 | INFO | httpx | HTTP Request: HEAD https://huggingface.co/apple/mobilevit-small/resolve/main/model.safetensors "HTTP/1.1 404 Not Found"
2026-05-24 01:58:42,237 | INFO | httpx | HTTP Request: HEAD https://huggingface.co/apple/mobilevit-small/resolve/main/model.safetensors.index.json "HTTP/1.1 404 Not Found"
2026-05-24 01:58:42,455 | INFO | httpx | HTTP Request: HEAD https://huggingface.co/apple/mobilevit-small/resolve/main/pytorch_model.bin "HTTP/1.1 302 Found"
2026-05-24 01:58:42,668 | INFO | httpx | HTTP Request: HEAD https://huggingface.co/apple/mobilevit-small/resolve/main/model.safetensors "HTTP/1.1 404 Not Found"
2026-05-24 01:58:42,884 | INFO | httpx | HTTP Request: GET https://huggingface.co/api/models/apple/mobilevit-small "HTTP/1.1 200 OK"
2026-05-24 01:58:43,214 | INFO | httpx | HTTP Request: GET https://huggingface.co/api/models/apple/mobilevit-small/commits/main "HTTP/1.1 200 OK"
2026-05-24 01:58:43,452 | INFO | httpx | HTTP Request: GET https://huggingface.co/api/models/apple/mobilevit-small/discussions?p=0 "HTTP/1.1 200 OK"
2026-05-24 01:58:43,681 | INFO | httpx | HTTP Request: GET https://huggingface.co/api/models/apple/mobilevit-small/commits/refs%2Fpr%2F6 "HTTP/1.1 200 OK"
2026-05-24 01:58:43,899 | INFO | httpx | HTTP Request: HEAD https://huggingface.co/apple/mobilevit-small/resolve/refs%2Fpr%2F6/model.safetensors.index.json "HTTP/1.1 404 Not Found"
2026-05-24 01:58:44,119 | INFO | httpx | HTTP Request: HEAD https://huggingface.co/apple/mobilevit-small/resolve/refs%2Fpr%2F6/model.safetensors "HTTP/1.1 302 Found"
2026-05-24 01:58:45,673 | INFO | model_trainers.mobile_vit_trainer | Epoch [01/500] | Train Acc: 60.2% | Val Acc: 47.4% | Val Loss: 0.7429
2026-05-24 01:58:45,785 | INFO | model_trainers.mobile_vit_trainer |   ↳ new best val loss; saved checkpoint: /home/leggo/AIResearch/VOGBasedMCIDetectionSystemMobileViTSingleExperimentInference/outputs/checkpoints/run_20260524_010543/fold_26_best.pth
2026-05-24 01:58:47,920 | INFO | model_trainers.mobile_vit_trainer | Epoch [02/500] | Train Acc: 57.8% | Val Acc: 47.4% | Val Loss: 0.6929
2026-05-24 01:58:48,052 | INFO | model_trainers.mobile_vit_trainer |   ↳ new best val loss; saved checkpoint: /home/leggo/AIResearch/VOGBasedMCIDetectionSystemMobileViTSingleExperimentInference/outputs/checkpoints/run_20260524_010543/fold_26_best.pth
2026-05-24 01:58:50,206 | INFO | model_trainers.mobile_vit_trainer | Epoch [03/500] | Train Acc: 58.6% | Val Acc: 52.6% | Val Loss: 0.6878
2026-05-24 01:58:50,337 | INFO | model_trainers.mobile_vit_trainer |   ↳ new best val loss; saved checkpoint: /home/leggo/AIResearch/VOGBasedMCIDetectionSystemMobileViTSingleExperimentInference/outputs/checkpoints/run_20260524_010543/fold_26_best.pth
2026-05-24 01:58:52,476 | INFO | model_trainers.mobile_vit_trainer | Epoch [04/500] | Train Acc: 53.9% | Val Acc: 46.1% | Val Loss: 0.7400
2026-05-24 01:58:54,654 | INFO | model_trainers.mobile_vit_trainer | Epoch [05/500] | Train Acc: 53.1% | Val Acc: 35.5% | Val Loss: 0.8302
2026-05-24 01:58:56,826 | INFO | model_trainers.mobile_vit_trainer | Epoch [06/500] | Train Acc: 50.0% | Val Acc: 36.8% | Val Loss: 0.8696
2026-05-24 01:58:59,011 | INFO | model_trainers.mobile_vit_trainer | Epoch [07/500] | Train Acc: 53.9% | Val Acc: 30.3% | Val Loss: 0.8677
2026-05-24 01:59:01,157 | INFO | model_trainers.mobile_vit_trainer | Epoch [08/500] | Train Acc: 49.2% | Val Acc: 32.9% | Val Loss: 0.8451
2026-05-24 01:59:03,303 | INFO | model_trainers.mobile_vit_trainer | Epoch [09/500] | Train Acc: 58.6% | Val Acc: 39.5% | Val Loss: 0.8082
2026-05-24 01:59:05,427 | INFO | model_trainers.mobile_vit_trainer | Epoch [10/500] | Train Acc: 55.5% | Val Acc: 39.5% | Val Loss: 0.7742
2026-05-24 01:59:07,575 | INFO | model_trainers.mobile_vit_trainer | Epoch [11/500] | Train Acc: 58.6% | Val Acc: 43.4% | Val Loss: 0.7489
2026-05-24 01:59:09,761 | INFO | model_trainers.mobile_vit_trainer | Epoch [12/500] | Train Acc: 57.8% | Val Acc: 46.1% | Val Loss: 0.7496
2026-05-24 01:59:11,976 | INFO | model_trainers.mobile_vit_trainer | Epoch [13/500] | Train Acc: 54.7% | Val Acc: 44.7% | Val Loss: 0.7556
2026-05-24 01:59:14,145 | INFO | model_trainers.mobile_vit_trainer | Epoch [14/500] | Train Acc: 56.2% | Val Acc: 44.7% | Val Loss: 0.7634
2026-05-24 01:59:16,306 | INFO | model_trainers.mobile_vit_trainer | Epoch [15/500] | Train Acc: 60.2% | Val Acc: 44.7% | Val Loss: 0.7695
2026-05-24 01:59:18,459 | INFO | model_trainers.mobile_vit_trainer | Epoch [16/500] | Train Acc: 57.0% | Val Acc: 46.1% | Val Loss: 0.7697
2026-05-24 01:59:20,642 | INFO | model_trainers.mobile_vit_trainer | Epoch [17/500] | Train Acc: 58.6% | Val Acc: 46.1% | Val Loss: 0.7667
2026-05-24 01:59:22,801 | INFO | model_trainers.mobile_vit_trainer | Epoch [18/500] | Train Acc: 57.0% | Val Acc: 46.1% | Val Loss: 0.7649
2026-05-24 01:59:25,009 | INFO | model_trainers.mobile_vit_trainer | Epoch [19/500] | Train Acc: 58.6% | Val Acc: 47.4% | Val Loss: 0.7629
2026-05-24 01:59:27,214 | INFO | model_trainers.mobile_vit_trainer | Epoch [20/500] | Train Acc: 60.2% | Val Acc: 47.4% | Val Loss: 0.7637
2026-05-24 01:59:29,396 | INFO | model_trainers.mobile_vit_trainer | Epoch [21/500] | Train Acc: 55.5% | Val Acc: 48.7% | Val Loss: 0.7633
2026-05-24 01:59:31,571 | INFO | model_trainers.mobile_vit_trainer | Epoch [22/500] | Train Acc: 50.0% | Val Acc: 46.1% | Val Loss: 0.7692
2026-05-24 01:59:33,749 | INFO | model_trainers.mobile_vit_trainer | Epoch [23/500] | Train Acc: 66.4% | Val Acc: 47.4% | Val Loss: 0.7630
2026-05-24 01:59:35,932 | INFO | model_trainers.mobile_vit_trainer | Epoch [24/500] | Train Acc: 66.4% | Val Acc: 44.7% | Val Loss: 0.7602
2026-05-24 01:59:38,089 | INFO | model_trainers.mobile_vit_trainer | Epoch [25/500] | Train Acc: 61.7% | Val Acc: 47.4% | Val Loss: 0.7497
2026-05-24 01:59:40,250 | INFO | model_trainers.mobile_vit_trainer | Epoch [26/500] | Train Acc: 58.6% | Val Acc: 48.7% | Val Loss: 0.7478
2026-05-24 01:59:42,400 | INFO | model_trainers.mobile_vit_trainer | Epoch [27/500] | Train Acc: 53.9% | Val Acc: 48.7% | Val Loss: 0.7502
2026-05-24 01:59:44,537 | INFO | model_trainers.mobile_vit_trainer | Epoch [28/500] | Train Acc: 56.2% | Val Acc: 47.4% | Val Loss: 0.7563
2026-05-24 01:59:46,094 | INFO | model_trainers.mobile_vit_trainer | Epoch [29/500] | Train Acc: 57.0% | Val Acc: 46.1% | Val Loss: 0.7597
2026-05-24 01:59:47,126 | INFO | model_trainers.mobile_vit_trainer | Epoch [30/500] | Train Acc: 60.2% | Val Acc: 44.7% | Val Loss: 0.7655
2026-05-24 01:59:48,802 | INFO | model_trainers.mobile_vit_trainer | Epoch [31/500] | Train Acc: 57.0% | Val Acc: 46.1% | Val Loss: 0.7594
2026-05-24 01:59:50,821 | INFO | model_trainers.mobile_vit_trainer | Epoch [32/500] | Train Acc: 53.1% | Val Acc: 47.4% | Val Loss: 0.7547
2026-05-24 01:59:53,025 | INFO | model_trainers.mobile_vit_trainer | Epoch [33/500] | Train Acc: 51.6% | Val Acc: 47.4% | Val Loss: 0.7514
2026-05-24 01:59:55,059 | INFO | model_trainers.mobile_vit_trainer | Epoch [34/500] | Train Acc: 60.2% | Val Acc: 48.7% | Val Loss: 0.7552
2026-05-24 01:59:57,216 | INFO | model_trainers.mobile_vit_trainer | Epoch [35/500] | Train Acc: 66.4% | Val Acc: 44.7% | Val Loss: 0.7679
2026-05-24 01:59:59,248 | INFO | model_trainers.mobile_vit_trainer | Epoch [36/500] | Train Acc: 58.6% | Val Acc: 43.4% | Val Loss: 0.7707
2026-05-24 02:00:01,295 | INFO | model_trainers.mobile_vit_trainer | Epoch [37/500] | Train Acc: 60.2% | Val Acc: 42.1% | Val Loss: 0.7649
2026-05-24 02:00:03,480 | INFO | model_trainers.mobile_vit_trainer | Epoch [38/500] | Train Acc: 59.4% | Val Acc: 39.5% | Val Loss: 0.7664
2026-05-24 02:00:05,488 | INFO | model_trainers.mobile_vit_trainer | Epoch [39/500] | Train Acc: 53.1% | Val Acc: 40.8% | Val Loss: 0.7640
2026-05-24 02:00:07,693 | INFO | model_trainers.mobile_vit_trainer | Epoch [40/500] | Train Acc: 55.5% | Val Acc: 44.7% | Val Loss: 0.7603
2026-05-24 02:00:09,879 | INFO | model_trainers.mobile_vit_trainer | Epoch [41/500] | Train Acc: 57.8% | Val Acc: 44.7% | Val Loss: 0.7630
2026-05-24 02:00:12,042 | INFO | model_trainers.mobile_vit_trainer | Epoch [42/500] | Train Acc: 59.4% | Val Acc: 48.7% | Val Loss: 0.7658
2026-05-24 02:00:14,243 | INFO | model_trainers.mobile_vit_trainer | Epoch [43/500] | Train Acc: 55.5% | Val Acc: 50.0% | Val Loss: 0.7685
2026-05-24 02:00:14,244 | INFO | model_trainers.mobile_vit_trainer | Early stop at epoch 43 (no val-loss improvement for 40 epochs; best=0.6878)
2026-05-24 02:00:14,927 | INFO | evaluators.monte_carlo_evaluator | -> Fold 27 Result | Acc=0.300 Sens=0.333 Spec=0.000 AUROC=0.111
2026-05-24 02:00:14,929 | INFO | evaluators.monte_carlo_evaluator | === Fold 28/30 | train: 23 subj / 146 windows | test: 11 subj / 83 windows ===
2026-05-24 02:00:15,178 | INFO | httpx | HTTP Request: HEAD https://huggingface.co/apple/mobilevit-small/resolve/main/config.json "HTTP/1.1 307 Temporary Redirect"
2026-05-24 02:00:15,196 | INFO | httpx | HTTP Request: HEAD https://huggingface.co/api/resolve-cache/models/apple/mobilevit-small/6c8612545dc98676d27bc518fa521d9e9af23e34/config.json "HTTP/1.1 200 OK"
2026-05-24 02:00:15,480 | INFO | httpx | HTTP Request: HEAD https://huggingface.co/apple/mobilevit-small/resolve/main/model.safetensors "HTTP/1.1 404 Not Found"
2026-05-24 02:00:15,695 | INFO | httpx | HTTP Request: HEAD https://huggingface.co/apple/mobilevit-small/resolve/main/model.safetensors.index.json "HTTP/1.1 404 Not Found"
2026-05-24 02:00:15,914 | INFO | httpx | HTTP Request: HEAD https://huggingface.co/apple/mobilevit-small/resolve/main/pytorch_model.bin "HTTP/1.1 302 Found"
2026-05-24 02:00:16,133 | INFO | httpx | HTTP Request: HEAD https://huggingface.co/apple/mobilevit-small/resolve/main/model.safetensors "HTTP/1.1 404 Not Found"
2026-05-24 02:00:16,346 | INFO | httpx | HTTP Request: GET https://huggingface.co/api/models/apple/mobilevit-small "HTTP/1.1 200 OK"
2026-05-24 02:00:16,651 | INFO | httpx | HTTP Request: GET https://huggingface.co/api/models/apple/mobilevit-small/commits/main "HTTP/1.1 200 OK"
2026-05-24 02:00:16,887 | INFO | httpx | HTTP Request: GET https://huggingface.co/api/models/apple/mobilevit-small/discussions?p=0 "HTTP/1.1 200 OK"
2026-05-24 02:00:17,115 | INFO | httpx | HTTP Request: GET https://huggingface.co/api/models/apple/mobilevit-small/commits/refs%2Fpr%2F6 "HTTP/1.1 200 OK"
2026-05-24 02:00:17,332 | INFO | httpx | HTTP Request: HEAD https://huggingface.co/apple/mobilevit-small/resolve/refs%2Fpr%2F6/model.safetensors.index.json "HTTP/1.1 404 Not Found"
2026-05-24 02:00:17,554 | INFO | httpx | HTTP Request: HEAD https://huggingface.co/apple/mobilevit-small/resolve/refs%2Fpr%2F6/model.safetensors "HTTP/1.1 302 Found"
2026-05-24 02:00:19,157 | INFO | model_trainers.mobile_vit_trainer | Epoch [01/500] | Train Acc: 52.3% | Val Acc: 50.6% | Val Loss: 0.6852
2026-05-24 02:00:19,286 | INFO | model_trainers.mobile_vit_trainer |   ↳ new best val loss; saved checkpoint: /home/leggo/AIResearch/VOGBasedMCIDetectionSystemMobileViTSingleExperimentInference/outputs/checkpoints/run_20260524_010543/fold_27_best.pth
2026-05-24 02:00:21,487 | INFO | model_trainers.mobile_vit_trainer | Epoch [02/500] | Train Acc: 46.1% | Val Acc: 47.0% | Val Loss: 0.6925
2026-05-24 02:00:23,698 | INFO | model_trainers.mobile_vit_trainer | Epoch [03/500] | Train Acc: 53.9% | Val Acc: 43.4% | Val Loss: 0.7102
2026-05-24 02:00:25,901 | INFO | model_trainers.mobile_vit_trainer | Epoch [04/500] | Train Acc: 51.6% | Val Acc: 49.4% | Val Loss: 0.7043
2026-05-24 02:00:28,119 | INFO | model_trainers.mobile_vit_trainer | Epoch [05/500] | Train Acc: 56.2% | Val Acc: 50.6% | Val Loss: 0.6974
2026-05-24 02:00:30,303 | INFO | model_trainers.mobile_vit_trainer | Epoch [06/500] | Train Acc: 52.3% | Val Acc: 51.8% | Val Loss: 0.6993
2026-05-24 02:00:32,522 | INFO | model_trainers.mobile_vit_trainer | Epoch [07/500] | Train Acc: 52.3% | Val Acc: 50.6% | Val Loss: 0.6930
2026-05-24 02:00:34,725 | INFO | model_trainers.mobile_vit_trainer | Epoch [08/500] | Train Acc: 59.4% | Val Acc: 49.4% | Val Loss: 0.6872
2026-05-24 02:00:36,946 | INFO | model_trainers.mobile_vit_trainer | Epoch [09/500] | Train Acc: 61.7% | Val Acc: 50.6% | Val Loss: 0.6848
2026-05-24 02:00:37,086 | INFO | model_trainers.mobile_vit_trainer |   ↳ new best val loss; saved checkpoint: /home/leggo/AIResearch/VOGBasedMCIDetectionSystemMobileViTSingleExperimentInference/outputs/checkpoints/run_20260524_010543/fold_27_best.pth
2026-05-24 02:00:39,289 | INFO | model_trainers.mobile_vit_trainer | Epoch [10/500] | Train Acc: 60.2% | Val Acc: 47.0% | Val Loss: 0.6887
2026-05-24 02:00:41,505 | INFO | model_trainers.mobile_vit_trainer | Epoch [11/500] | Train Acc: 60.2% | Val Acc: 48.2% | Val Loss: 0.6941
2026-05-24 02:00:43,707 | INFO | model_trainers.mobile_vit_trainer | Epoch [12/500] | Train Acc: 58.6% | Val Acc: 48.2% | Val Loss: 0.7080
2026-05-24 02:00:45,901 | INFO | model_trainers.mobile_vit_trainer | Epoch [13/500] | Train Acc: 57.8% | Val Acc: 47.0% | Val Loss: 0.7159
2026-05-24 02:00:48,154 | INFO | model_trainers.mobile_vit_trainer | Epoch [14/500] | Train Acc: 57.8% | Val Acc: 45.8% | Val Loss: 0.7174
2026-05-24 02:00:50,366 | INFO | model_trainers.mobile_vit_trainer | Epoch [15/500] | Train Acc: 57.8% | Val Acc: 47.0% | Val Loss: 0.7071
2026-05-24 02:00:52,571 | INFO | model_trainers.mobile_vit_trainer | Epoch [16/500] | Train Acc: 58.6% | Val Acc: 44.6% | Val Loss: 0.7066
2026-05-24 02:00:54,799 | INFO | model_trainers.mobile_vit_trainer | Epoch [17/500] | Train Acc: 65.6% | Val Acc: 48.2% | Val Loss: 0.7068
2026-05-24 02:00:57,015 | INFO | model_trainers.mobile_vit_trainer | Epoch [18/500] | Train Acc: 66.4% | Val Acc: 49.4% | Val Loss: 0.7135
2026-05-24 02:00:59,205 | INFO | model_trainers.mobile_vit_trainer | Epoch [19/500] | Train Acc: 54.7% | Val Acc: 53.0% | Val Loss: 0.7218
2026-05-24 02:01:01,427 | INFO | model_trainers.mobile_vit_trainer | Epoch [20/500] | Train Acc: 57.0% | Val Acc: 50.6% | Val Loss: 0.7250
2026-05-24 02:01:03,620 | INFO | model_trainers.mobile_vit_trainer | Epoch [21/500] | Train Acc: 60.9% | Val Acc: 47.0% | Val Loss: 0.7226
2026-05-24 02:01:05,808 | INFO | model_trainers.mobile_vit_trainer | Epoch [22/500] | Train Acc: 58.6% | Val Acc: 49.4% | Val Loss: 0.7115
2026-05-24 02:01:08,014 | INFO | model_trainers.mobile_vit_trainer | Epoch [23/500] | Train Acc: 59.4% | Val Acc: 49.4% | Val Loss: 0.7052
2026-05-24 02:01:10,235 | INFO | model_trainers.mobile_vit_trainer | Epoch [24/500] | Train Acc: 54.7% | Val Acc: 50.6% | Val Loss: 0.7044
2026-05-24 02:01:12,490 | INFO | model_trainers.mobile_vit_trainer | Epoch [25/500] | Train Acc: 53.1% | Val Acc: 49.4% | Val Loss: 0.7042
2026-05-24 02:01:14,686 | INFO | model_trainers.mobile_vit_trainer | Epoch [26/500] | Train Acc: 55.5% | Val Acc: 51.8% | Val Loss: 0.7082
2026-05-24 02:01:16,940 | INFO | model_trainers.mobile_vit_trainer | Epoch [27/500] | Train Acc: 62.5% | Val Acc: 48.2% | Val Loss: 0.7088
2026-05-24 02:01:19,167 | INFO | model_trainers.mobile_vit_trainer | Epoch [28/500] | Train Acc: 55.5% | Val Acc: 50.6% | Val Loss: 0.7086
2026-05-24 02:01:21,365 | INFO | model_trainers.mobile_vit_trainer | Epoch [29/500] | Train Acc: 60.2% | Val Acc: 51.8% | Val Loss: 0.7099
2026-05-24 02:01:23,590 | INFO | model_trainers.mobile_vit_trainer | Epoch [30/500] | Train Acc: 60.9% | Val Acc: 51.8% | Val Loss: 0.7104
2026-05-24 02:01:25,804 | INFO | model_trainers.mobile_vit_trainer | Epoch [31/500] | Train Acc: 72.7% | Val Acc: 49.4% | Val Loss: 0.7117
2026-05-24 02:01:28,030 | INFO | model_trainers.mobile_vit_trainer | Epoch [32/500] | Train Acc: 69.5% | Val Acc: 48.2% | Val Loss: 0.7101
2026-05-24 02:01:30,245 | INFO | model_trainers.mobile_vit_trainer | Epoch [33/500] | Train Acc: 63.3% | Val Acc: 48.2% | Val Loss: 0.7112
2026-05-24 02:01:32,461 | INFO | model_trainers.mobile_vit_trainer | Epoch [34/500] | Train Acc: 55.5% | Val Acc: 48.2% | Val Loss: 0.7134
2026-05-24 02:01:34,678 | INFO | model_trainers.mobile_vit_trainer | Epoch [35/500] | Train Acc: 66.4% | Val Acc: 48.2% | Val Loss: 0.7154
2026-05-24 02:01:36,893 | INFO | model_trainers.mobile_vit_trainer | Epoch [36/500] | Train Acc: 56.2% | Val Acc: 48.2% | Val Loss: 0.7184
2026-05-24 02:01:39,128 | INFO | model_trainers.mobile_vit_trainer | Epoch [37/500] | Train Acc: 58.6% | Val Acc: 49.4% | Val Loss: 0.7204
2026-05-24 02:01:41,336 | INFO | model_trainers.mobile_vit_trainer | Epoch [38/500] | Train Acc: 56.2% | Val Acc: 49.4% | Val Loss: 0.7218
2026-05-24 02:01:43,575 | INFO | model_trainers.mobile_vit_trainer | Epoch [39/500] | Train Acc: 62.5% | Val Acc: 48.2% | Val Loss: 0.7223
2026-05-24 02:01:45,781 | INFO | model_trainers.mobile_vit_trainer | Epoch [40/500] | Train Acc: 56.2% | Val Acc: 48.2% | Val Loss: 0.7263
2026-05-24 02:01:47,291 | INFO | model_trainers.mobile_vit_trainer | Epoch [41/500] | Train Acc: 60.2% | Val Acc: 44.6% | Val Loss: 0.7287
2026-05-24 02:01:48,330 | INFO | model_trainers.mobile_vit_trainer | Epoch [42/500] | Train Acc: 58.6% | Val Acc: 43.4% | Val Loss: 0.7305
2026-05-24 02:01:49,941 | INFO | model_trainers.mobile_vit_trainer | Epoch [43/500] | Train Acc: 70.3% | Val Acc: 44.6% | Val Loss: 0.7335
2026-05-24 02:01:51,986 | INFO | model_trainers.mobile_vit_trainer | Epoch [44/500] | Train Acc: 61.7% | Val Acc: 44.6% | Val Loss: 0.7341
2026-05-24 02:01:54,180 | INFO | model_trainers.mobile_vit_trainer | Epoch [45/500] | Train Acc: 61.7% | Val Acc: 45.8% | Val Loss: 0.7332
2026-05-24 02:01:56,252 | INFO | model_trainers.mobile_vit_trainer | Epoch [46/500] | Train Acc: 64.8% | Val Acc: 45.8% | Val Loss: 0.7329
2026-05-24 02:01:58,442 | INFO | model_trainers.mobile_vit_trainer | Epoch [47/500] | Train Acc: 66.4% | Val Acc: 47.0% | Val Loss: 0.7357
2026-05-24 02:02:00,499 | INFO | model_trainers.mobile_vit_trainer | Epoch [48/500] | Train Acc: 64.1% | Val Acc: 45.8% | Val Loss: 0.7364
2026-05-24 02:02:02,544 | INFO | model_trainers.mobile_vit_trainer | Epoch [49/500] | Train Acc: 60.9% | Val Acc: 45.8% | Val Loss: 0.7351
2026-05-24 02:02:02,544 | INFO | model_trainers.mobile_vit_trainer | Early stop at epoch 49 (no val-loss improvement for 40 epochs; best=0.6848)
2026-05-24 02:02:03,267 | INFO | evaluators.monte_carlo_evaluator | -> Fold 28 Result | Acc=0.417 Sens=0.500 Spec=0.250 AUROC=0.312
2026-05-24 02:02:03,268 | INFO | evaluators.monte_carlo_evaluator | === Fold 29/30 | train: 23 subj / 143 windows | test: 11 subj / 86 windows ===
2026-05-24 02:02:03,504 | INFO | httpx | HTTP Request: HEAD https://huggingface.co/apple/mobilevit-small/resolve/main/config.json "HTTP/1.1 307 Temporary Redirect"
2026-05-24 02:02:03,520 | INFO | httpx | HTTP Request: HEAD https://huggingface.co/api/resolve-cache/models/apple/mobilevit-small/6c8612545dc98676d27bc518fa521d9e9af23e34/config.json "HTTP/1.1 200 OK"
2026-05-24 02:02:03,752 | INFO | httpx | HTTP Request: HEAD https://huggingface.co/apple/mobilevit-small/resolve/main/model.safetensors "HTTP/1.1 404 Not Found"
2026-05-24 02:02:03,970 | INFO | httpx | HTTP Request: HEAD https://huggingface.co/apple/mobilevit-small/resolve/main/model.safetensors.index.json "HTTP/1.1 404 Not Found"
2026-05-24 02:02:04,181 | INFO | httpx | HTTP Request: HEAD https://huggingface.co/apple/mobilevit-small/resolve/main/pytorch_model.bin "HTTP/1.1 302 Found"
2026-05-24 02:02:04,400 | INFO | httpx | HTTP Request: HEAD https://huggingface.co/apple/mobilevit-small/resolve/main/model.safetensors "HTTP/1.1 404 Not Found"
2026-05-24 02:02:04,705 | INFO | httpx | HTTP Request: GET https://huggingface.co/api/models/apple/mobilevit-small "HTTP/1.1 200 OK"
2026-05-24 02:02:04,942 | INFO | httpx | HTTP Request: GET https://huggingface.co/api/models/apple/mobilevit-small/commits/main "HTTP/1.1 200 OK"
2026-05-24 02:02:05,173 | INFO | httpx | HTTP Request: GET https://huggingface.co/api/models/apple/mobilevit-small/discussions?p=0 "HTTP/1.1 200 OK"
2026-05-24 02:02:05,409 | INFO | httpx | HTTP Request: GET https://huggingface.co/api/models/apple/mobilevit-small/commits/refs%2Fpr%2F6 "HTTP/1.1 200 OK"
2026-05-24 02:02:05,625 | INFO | httpx | HTTP Request: HEAD https://huggingface.co/apple/mobilevit-small/resolve/refs%2Fpr%2F6/model.safetensors.index.json "HTTP/1.1 404 Not Found"
2026-05-24 02:02:05,843 | INFO | httpx | HTTP Request: HEAD https://huggingface.co/apple/mobilevit-small/resolve/refs%2Fpr%2F6/model.safetensors "HTTP/1.1 302 Found"
2026-05-24 02:02:07,618 | INFO | model_trainers.mobile_vit_trainer | Epoch [01/500] | Train Acc: 45.3% | Val Acc: 47.7% | Val Loss: 0.6998
2026-05-24 02:02:07,737 | INFO | model_trainers.mobile_vit_trainer |   ↳ new best val loss; saved checkpoint: /home/leggo/AIResearch/VOGBasedMCIDetectionSystemMobileViTSingleExperimentInference/outputs/checkpoints/run_20260524_010543/fold_28_best.pth
2026-05-24 02:02:09,955 | INFO | model_trainers.mobile_vit_trainer | Epoch [02/500] | Train Acc: 55.5% | Val Acc: 47.7% | Val Loss: 0.6999
2026-05-24 02:02:12,202 | INFO | model_trainers.mobile_vit_trainer | Epoch [03/500] | Train Acc: 52.3% | Val Acc: 54.7% | Val Loss: 0.7164
2026-05-24 02:02:14,428 | INFO | model_trainers.mobile_vit_trainer | Epoch [04/500] | Train Acc: 52.3% | Val Acc: 53.5% | Val Loss: 0.7138
2026-05-24 02:02:16,648 | INFO | model_trainers.mobile_vit_trainer | Epoch [05/500] | Train Acc: 50.8% | Val Acc: 45.3% | Val Loss: 0.7027
2026-05-24 02:02:18,862 | INFO | model_trainers.mobile_vit_trainer | Epoch [06/500] | Train Acc: 51.6% | Val Acc: 54.7% | Val Loss: 0.6923
2026-05-24 02:02:18,998 | INFO | model_trainers.mobile_vit_trainer |   ↳ new best val loss; saved checkpoint: /home/leggo/AIResearch/VOGBasedMCIDetectionSystemMobileViTSingleExperimentInference/outputs/checkpoints/run_20260524_010543/fold_28_best.pth
2026-05-24 02:02:21,226 | INFO | model_trainers.mobile_vit_trainer | Epoch [07/500] | Train Acc: 50.0% | Val Acc: 58.1% | Val Loss: 0.6858
2026-05-24 02:02:21,339 | INFO | model_trainers.mobile_vit_trainer |   ↳ new best val loss; saved checkpoint: /home/leggo/AIResearch/VOGBasedMCIDetectionSystemMobileViTSingleExperimentInference/outputs/checkpoints/run_20260524_010543/fold_28_best.pth
2026-05-24 02:02:23,544 | INFO | model_trainers.mobile_vit_trainer | Epoch [08/500] | Train Acc: 57.8% | Val Acc: 54.7% | Val Loss: 0.6903
2026-05-24 02:02:25,770 | INFO | model_trainers.mobile_vit_trainer | Epoch [09/500] | Train Acc: 44.5% | Val Acc: 54.7% | Val Loss: 0.7056
2026-05-24 02:02:27,983 | INFO | model_trainers.mobile_vit_trainer | Epoch [10/500] | Train Acc: 54.7% | Val Acc: 54.7% | Val Loss: 0.6875
2026-05-24 02:02:30,191 | INFO | model_trainers.mobile_vit_trainer | Epoch [11/500] | Train Acc: 43.8% | Val Acc: 50.0% | Val Loss: 0.6914
2026-05-24 02:02:32,429 | INFO | model_trainers.mobile_vit_trainer | Epoch [12/500] | Train Acc: 54.7% | Val Acc: 48.8% | Val Loss: 0.7048
2026-05-24 02:02:34,640 | INFO | model_trainers.mobile_vit_trainer | Epoch [13/500] | Train Acc: 53.9% | Val Acc: 48.8% | Val Loss: 0.7078
2026-05-24 02:02:36,872 | INFO | model_trainers.mobile_vit_trainer | Epoch [14/500] | Train Acc: 52.3% | Val Acc: 54.7% | Val Loss: 0.6949
2026-05-24 02:02:39,065 | INFO | model_trainers.mobile_vit_trainer | Epoch [15/500] | Train Acc: 58.6% | Val Acc: 52.3% | Val Loss: 0.6961
2026-05-24 02:02:41,271 | INFO | model_trainers.mobile_vit_trainer | Epoch [16/500] | Train Acc: 57.8% | Val Acc: 55.8% | Val Loss: 0.6885
2026-05-24 02:02:43,487 | INFO | model_trainers.mobile_vit_trainer | Epoch [17/500] | Train Acc: 53.1% | Val Acc: 55.8% | Val Loss: 0.6847
2026-05-24 02:02:43,631 | INFO | model_trainers.mobile_vit_trainer |   ↳ new best val loss; saved checkpoint: /home/leggo/AIResearch/VOGBasedMCIDetectionSystemMobileViTSingleExperimentInference/outputs/checkpoints/run_20260524_010543/fold_28_best.pth
2026-05-24 02:02:45,853 | INFO | model_trainers.mobile_vit_trainer | Epoch [18/500] | Train Acc: 56.2% | Val Acc: 55.8% | Val Loss: 0.6874
2026-05-24 02:02:48,103 | INFO | model_trainers.mobile_vit_trainer | Epoch [19/500] | Train Acc: 54.7% | Val Acc: 57.0% | Val Loss: 0.6874
2026-05-24 02:02:50,340 | INFO | model_trainers.mobile_vit_trainer | Epoch [20/500] | Train Acc: 62.5% | Val Acc: 53.5% | Val Loss: 0.6945
2026-05-24 02:02:52,568 | INFO | model_trainers.mobile_vit_trainer | Epoch [21/500] | Train Acc: 63.3% | Val Acc: 55.8% | Val Loss: 0.6926
2026-05-24 02:02:54,824 | INFO | model_trainers.mobile_vit_trainer | Epoch [22/500] | Train Acc: 55.5% | Val Acc: 53.5% | Val Loss: 0.6903
2026-05-24 02:02:57,036 | INFO | model_trainers.mobile_vit_trainer | Epoch [23/500] | Train Acc: 60.2% | Val Acc: 54.7% | Val Loss: 0.6976
2026-05-24 02:02:59,258 | INFO | model_trainers.mobile_vit_trainer | Epoch [24/500] | Train Acc: 48.4% | Val Acc: 55.8% | Val Loss: 0.7079
2026-05-24 02:03:01,481 | INFO | model_trainers.mobile_vit_trainer | Epoch [25/500] | Train Acc: 62.5% | Val Acc: 50.0% | Val Loss: 0.7141
2026-05-24 02:03:03,691 | INFO | model_trainers.mobile_vit_trainer | Epoch [26/500] | Train Acc: 56.2% | Val Acc: 51.2% | Val Loss: 0.7116
2026-05-24 02:03:05,927 | INFO | model_trainers.mobile_vit_trainer | Epoch [27/500] | Train Acc: 60.9% | Val Acc: 57.0% | Val Loss: 0.6894
2026-05-24 02:03:08,141 | INFO | model_trainers.mobile_vit_trainer | Epoch [28/500] | Train Acc: 50.0% | Val Acc: 52.3% | Val Loss: 0.6934
2026-05-24 02:03:10,374 | INFO | model_trainers.mobile_vit_trainer | Epoch [29/500] | Train Acc: 50.0% | Val Acc: 55.8% | Val Loss: 0.6999
2026-05-24 02:03:12,609 | INFO | model_trainers.mobile_vit_trainer | Epoch [30/500] | Train Acc: 56.2% | Val Acc: 55.8% | Val Loss: 0.6986
2026-05-24 02:03:14,815 | INFO | model_trainers.mobile_vit_trainer | Epoch [31/500] | Train Acc: 57.0% | Val Acc: 51.2% | Val Loss: 0.7047
2026-05-24 02:03:17,054 | INFO | model_trainers.mobile_vit_trainer | Epoch [32/500] | Train Acc: 54.7% | Val Acc: 51.2% | Val Loss: 0.7059
2026-05-24 02:03:19,264 | INFO | model_trainers.mobile_vit_trainer | Epoch [33/500] | Train Acc: 60.9% | Val Acc: 47.7% | Val Loss: 0.7080
2026-05-24 02:03:21,491 | INFO | model_trainers.mobile_vit_trainer | Epoch [34/500] | Train Acc: 56.2% | Val Acc: 46.5% | Val Loss: 0.7071
2026-05-24 02:03:23,714 | INFO | model_trainers.mobile_vit_trainer | Epoch [35/500] | Train Acc: 62.5% | Val Acc: 52.3% | Val Loss: 0.7028
2026-05-24 02:03:25,941 | INFO | model_trainers.mobile_vit_trainer | Epoch [36/500] | Train Acc: 57.0% | Val Acc: 55.8% | Val Loss: 0.6925
2026-05-24 02:03:28,176 | INFO | model_trainers.mobile_vit_trainer | Epoch [37/500] | Train Acc: 60.2% | Val Acc: 51.2% | Val Loss: 0.6979
2026-05-24 02:03:30,403 | INFO | model_trainers.mobile_vit_trainer | Epoch [38/500] | Train Acc: 59.4% | Val Acc: 50.0% | Val Loss: 0.6998
2026-05-24 02:03:32,642 | INFO | model_trainers.mobile_vit_trainer | Epoch [39/500] | Train Acc: 56.2% | Val Acc: 50.0% | Val Loss: 0.7007
2026-05-24 02:03:34,874 | INFO | model_trainers.mobile_vit_trainer | Epoch [40/500] | Train Acc: 57.8% | Val Acc: 51.2% | Val Loss: 0.7015
2026-05-24 02:03:37,091 | INFO | model_trainers.mobile_vit_trainer | Epoch [41/500] | Train Acc: 61.7% | Val Acc: 51.2% | Val Loss: 0.7077
2026-05-24 02:03:39,313 | INFO | model_trainers.mobile_vit_trainer | Epoch [42/500] | Train Acc: 60.2% | Val Acc: 51.2% | Val Loss: 0.7050
2026-05-24 02:03:41,541 | INFO | model_trainers.mobile_vit_trainer | Epoch [43/500] | Train Acc: 55.5% | Val Acc: 51.2% | Val Loss: 0.7074
2026-05-24 02:03:43,710 | INFO | model_trainers.mobile_vit_trainer | Epoch [44/500] | Train Acc: 54.7% | Val Acc: 50.0% | Val Loss: 0.7061
2026-05-24 02:03:44,760 | INFO | model_trainers.mobile_vit_trainer | Epoch [45/500] | Train Acc: 60.9% | Val Acc: 46.5% | Val Loss: 0.7128
2026-05-24 02:03:46,030 | INFO | model_trainers.mobile_vit_trainer | Epoch [46/500] | Train Acc: 51.6% | Val Acc: 48.8% | Val Loss: 0.7157
2026-05-24 02:03:48,096 | INFO | model_trainers.mobile_vit_trainer | Epoch [47/500] | Train Acc: 54.7% | Val Acc: 52.3% | Val Loss: 0.7152
2026-05-24 02:03:50,340 | INFO | model_trainers.mobile_vit_trainer | Epoch [48/500] | Train Acc: 61.7% | Val Acc: 53.5% | Val Loss: 0.7133
2026-05-24 02:03:52,568 | INFO | model_trainers.mobile_vit_trainer | Epoch [49/500] | Train Acc: 58.6% | Val Acc: 47.7% | Val Loss: 0.7174
2026-05-24 02:03:54,798 | INFO | model_trainers.mobile_vit_trainer | Epoch [50/500] | Train Acc: 60.2% | Val Acc: 54.7% | Val Loss: 0.7143
2026-05-24 02:03:57,016 | INFO | model_trainers.mobile_vit_trainer | Epoch [51/500] | Train Acc: 60.2% | Val Acc: 54.7% | Val Loss: 0.7165
2026-05-24 02:03:59,078 | INFO | model_trainers.mobile_vit_trainer | Epoch [52/500] | Train Acc: 57.8% | Val Acc: 52.3% | Val Loss: 0.7162
2026-05-24 02:04:01,288 | INFO | model_trainers.mobile_vit_trainer | Epoch [53/500] | Train Acc: 56.2% | Val Acc: 45.3% | Val Loss: 0.7160
2026-05-24 02:04:03,487 | INFO | model_trainers.mobile_vit_trainer | Epoch [54/500] | Train Acc: 63.3% | Val Acc: 52.3% | Val Loss: 0.7139
2026-05-24 02:04:05,698 | INFO | model_trainers.mobile_vit_trainer | Epoch [55/500] | Train Acc: 62.5% | Val Acc: 52.3% | Val Loss: 0.7142
2026-05-24 02:04:07,922 | INFO | model_trainers.mobile_vit_trainer | Epoch [56/500] | Train Acc: 61.7% | Val Acc: 47.7% | Val Loss: 0.7164
2026-05-24 02:04:10,172 | INFO | model_trainers.mobile_vit_trainer | Epoch [57/500] | Train Acc: 63.3% | Val Acc: 50.0% | Val Loss: 0.7181
2026-05-24 02:04:10,173 | INFO | model_trainers.mobile_vit_trainer | Early stop at epoch 57 (no val-loss improvement for 40 epochs; best=0.6847)
2026-05-24 02:04:10,913 | INFO | evaluators.monte_carlo_evaluator | -> Fold 29 Result | Acc=0.583 Sens=0.500 Spec=0.750 AUROC=0.531
2026-05-24 02:04:10,914 | INFO | evaluators.monte_carlo_evaluator | === Fold 30/30 | train: 23 subj / 154 windows | test: 11 subj / 75 windows ===
2026-05-24 02:04:11,155 | INFO | httpx | HTTP Request: HEAD https://huggingface.co/apple/mobilevit-small/resolve/main/config.json "HTTP/1.1 307 Temporary Redirect"
2026-05-24 02:04:11,172 | INFO | httpx | HTTP Request: HEAD https://huggingface.co/api/resolve-cache/models/apple/mobilevit-small/6c8612545dc98676d27bc518fa521d9e9af23e34/config.json "HTTP/1.1 200 OK"
2026-05-24 02:04:11,431 | INFO | httpx | HTTP Request: HEAD https://huggingface.co/apple/mobilevit-small/resolve/main/model.safetensors "HTTP/1.1 404 Not Found"
2026-05-24 02:04:11,639 | INFO | httpx | HTTP Request: HEAD https://huggingface.co/apple/mobilevit-small/resolve/main/model.safetensors.index.json "HTTP/1.1 404 Not Found"
2026-05-24 02:04:11,856 | INFO | httpx | HTTP Request: HEAD https://huggingface.co/apple/mobilevit-small/resolve/main/pytorch_model.bin "HTTP/1.1 302 Found"
2026-05-24 02:04:12,067 | INFO | httpx | HTTP Request: HEAD https://huggingface.co/apple/mobilevit-small/resolve/main/model.safetensors "HTTP/1.1 404 Not Found"
2026-05-24 02:04:12,287 | INFO | httpx | HTTP Request: GET https://huggingface.co/api/models/apple/mobilevit-small "HTTP/1.1 200 OK"
2026-05-24 02:04:12,589 | INFO | httpx | HTTP Request: GET https://huggingface.co/api/models/apple/mobilevit-small/commits/main "HTTP/1.1 200 OK"
2026-05-24 02:04:12,822 | INFO | httpx | HTTP Request: GET https://huggingface.co/api/models/apple/mobilevit-small/discussions?p=0 "HTTP/1.1 200 OK"
2026-05-24 02:04:13,052 | INFO | httpx | HTTP Request: GET https://huggingface.co/api/models/apple/mobilevit-small/commits/refs%2Fpr%2F6 "HTTP/1.1 200 OK"
2026-05-24 02:04:13,272 | INFO | httpx | HTTP Request: HEAD https://huggingface.co/apple/mobilevit-small/resolve/refs%2Fpr%2F6/model.safetensors.index.json "HTTP/1.1 404 Not Found"
2026-05-24 02:04:13,485 | INFO | httpx | HTTP Request: HEAD https://huggingface.co/apple/mobilevit-small/resolve/refs%2Fpr%2F6/model.safetensors "HTTP/1.1 302 Found"
2026-05-24 02:04:14,899 | INFO | model_trainers.mobile_vit_trainer | Epoch [01/500] | Train Acc: 46.1% | Val Acc: 54.7% | Val Loss: 0.7781
2026-05-24 02:04:14,997 | INFO | model_trainers.mobile_vit_trainer |   ↳ new best val loss; saved checkpoint: /home/leggo/AIResearch/VOGBasedMCIDetectionSystemMobileViTSingleExperimentInference/outputs/checkpoints/run_20260524_010543/fold_29_best.pth
2026-05-24 02:04:17,043 | INFO | model_trainers.mobile_vit_trainer | Epoch [02/500] | Train Acc: 52.3% | Val Acc: 54.7% | Val Loss: 0.7878
2026-05-24 02:04:19,046 | INFO | model_trainers.mobile_vit_trainer | Epoch [03/500] | Train Acc: 47.7% | Val Acc: 54.7% | Val Loss: 0.7338
2026-05-24 02:04:19,192 | INFO | model_trainers.mobile_vit_trainer |   ↳ new best val loss; saved checkpoint: /home/leggo/AIResearch/VOGBasedMCIDetectionSystemMobileViTSingleExperimentInference/outputs/checkpoints/run_20260524_010543/fold_29_best.pth
2026-05-24 02:04:21,183 | INFO | model_trainers.mobile_vit_trainer | Epoch [04/500] | Train Acc: 43.0% | Val Acc: 54.7% | Val Loss: 0.7220
2026-05-24 02:04:21,318 | INFO | model_trainers.mobile_vit_trainer |   ↳ new best val loss; saved checkpoint: /home/leggo/AIResearch/VOGBasedMCIDetectionSystemMobileViTSingleExperimentInference/outputs/checkpoints/run_20260524_010543/fold_29_best.pth
2026-05-24 02:04:23,308 | INFO | model_trainers.mobile_vit_trainer | Epoch [05/500] | Train Acc: 46.1% | Val Acc: 56.0% | Val Loss: 0.7336
2026-05-24 02:04:25,321 | INFO | model_trainers.mobile_vit_trainer | Epoch [06/500] | Train Acc: 54.7% | Val Acc: 56.0% | Val Loss: 0.7265
2026-05-24 02:04:27,329 | INFO | model_trainers.mobile_vit_trainer | Epoch [07/500] | Train Acc: 47.7% | Val Acc: 56.0% | Val Loss: 0.7110
2026-05-24 02:04:27,466 | INFO | model_trainers.mobile_vit_trainer |   ↳ new best val loss; saved checkpoint: /home/leggo/AIResearch/VOGBasedMCIDetectionSystemMobileViTSingleExperimentInference/outputs/checkpoints/run_20260524_010543/fold_29_best.pth
2026-05-24 02:04:29,494 | INFO | model_trainers.mobile_vit_trainer | Epoch [08/500] | Train Acc: 51.6% | Val Acc: 54.7% | Val Loss: 0.7037
2026-05-24 02:04:29,628 | INFO | model_trainers.mobile_vit_trainer |   ↳ new best val loss; saved checkpoint: /home/leggo/AIResearch/VOGBasedMCIDetectionSystemMobileViTSingleExperimentInference/outputs/checkpoints/run_20260524_010543/fold_29_best.pth
2026-05-24 02:04:31,680 | INFO | model_trainers.mobile_vit_trainer | Epoch [09/500] | Train Acc: 50.0% | Val Acc: 52.0% | Val Loss: 0.7003
2026-05-24 02:04:31,817 | INFO | model_trainers.mobile_vit_trainer |   ↳ new best val loss; saved checkpoint: /home/leggo/AIResearch/VOGBasedMCIDetectionSystemMobileViTSingleExperimentInference/outputs/checkpoints/run_20260524_010543/fold_29_best.pth
2026-05-24 02:04:33,992 | INFO | model_trainers.mobile_vit_trainer | Epoch [10/500] | Train Acc: 50.8% | Val Acc: 50.7% | Val Loss: 0.7050
2026-05-24 02:04:36,192 | INFO | model_trainers.mobile_vit_trainer | Epoch [11/500] | Train Acc: 53.1% | Val Acc: 52.0% | Val Loss: 0.7046
2026-05-24 02:04:38,337 | INFO | model_trainers.mobile_vit_trainer | Epoch [12/500] | Train Acc: 54.7% | Val Acc: 52.0% | Val Loss: 0.7025
2026-05-24 02:04:40,514 | INFO | model_trainers.mobile_vit_trainer | Epoch [13/500] | Train Acc: 44.5% | Val Acc: 52.0% | Val Loss: 0.7044
2026-05-24 02:04:42,671 | INFO | model_trainers.mobile_vit_trainer | Epoch [14/500] | Train Acc: 47.7% | Val Acc: 52.0% | Val Loss: 0.6980
2026-05-24 02:04:42,816 | INFO | model_trainers.mobile_vit_trainer |   ↳ new best val loss; saved checkpoint: /home/leggo/AIResearch/VOGBasedMCIDetectionSystemMobileViTSingleExperimentInference/outputs/checkpoints/run_20260524_010543/fold_29_best.pth
2026-05-24 02:04:44,976 | INFO | model_trainers.mobile_vit_trainer | Epoch [15/500] | Train Acc: 54.7% | Val Acc: 50.7% | Val Loss: 0.6938
2026-05-24 02:04:45,111 | INFO | model_trainers.mobile_vit_trainer |   ↳ new best val loss; saved checkpoint: /home/leggo/AIResearch/VOGBasedMCIDetectionSystemMobileViTSingleExperimentInference/outputs/checkpoints/run_20260524_010543/fold_29_best.pth
2026-05-24 02:04:47,280 | INFO | model_trainers.mobile_vit_trainer | Epoch [16/500] | Train Acc: 53.1% | Val Acc: 53.3% | Val Loss: 0.6937
2026-05-24 02:04:47,419 | INFO | model_trainers.mobile_vit_trainer |   ↳ new best val loss; saved checkpoint: /home/leggo/AIResearch/VOGBasedMCIDetectionSystemMobileViTSingleExperimentInference/outputs/checkpoints/run_20260524_010543/fold_29_best.pth
2026-05-24 02:04:49,565 | INFO | model_trainers.mobile_vit_trainer | Epoch [17/500] | Train Acc: 45.3% | Val Acc: 54.7% | Val Loss: 0.6996
2026-05-24 02:04:51,609 | INFO | model_trainers.mobile_vit_trainer | Epoch [18/500] | Train Acc: 52.3% | Val Acc: 57.3% | Val Loss: 0.7004
2026-05-24 02:04:53,666 | INFO | model_trainers.mobile_vit_trainer | Epoch [19/500] | Train Acc: 59.4% | Val Acc: 53.3% | Val Loss: 0.6997
2026-05-24 02:04:55,851 | INFO | model_trainers.mobile_vit_trainer | Epoch [20/500] | Train Acc: 53.1% | Val Acc: 53.3% | Val Loss: 0.6940
2026-05-24 02:04:58,014 | INFO | model_trainers.mobile_vit_trainer | Epoch [21/500] | Train Acc: 54.7% | Val Acc: 53.3% | Val Loss: 0.6894
2026-05-24 02:04:58,154 | INFO | model_trainers.mobile_vit_trainer |   ↳ new best val loss; saved checkpoint: /home/leggo/AIResearch/VOGBasedMCIDetectionSystemMobileViTSingleExperimentInference/outputs/checkpoints/run_20260524_010543/fold_29_best.pth
2026-05-24 02:05:00,288 | INFO | model_trainers.mobile_vit_trainer | Epoch [22/500] | Train Acc: 48.4% | Val Acc: 53.3% | Val Loss: 0.6941
2026-05-24 02:05:02,471 | INFO | model_trainers.mobile_vit_trainer | Epoch [23/500] | Train Acc: 50.0% | Val Acc: 53.3% | Val Loss: 0.6989
2026-05-24 02:05:04,666 | INFO | model_trainers.mobile_vit_trainer | Epoch [24/500] | Train Acc: 50.8% | Val Acc: 50.7% | Val Loss: 0.6959
2026-05-24 02:05:06,835 | INFO | model_trainers.mobile_vit_trainer | Epoch [25/500] | Train Acc: 53.1% | Val Acc: 50.7% | Val Loss: 0.6991
2026-05-24 02:05:08,996 | INFO | model_trainers.mobile_vit_trainer | Epoch [26/500] | Train Acc: 57.0% | Val Acc: 52.0% | Val Loss: 0.7030
2026-05-24 02:05:11,149 | INFO | model_trainers.mobile_vit_trainer | Epoch [27/500] | Train Acc: 51.6% | Val Acc: 52.0% | Val Loss: 0.7057
2026-05-24 02:05:13,281 | INFO | model_trainers.mobile_vit_trainer | Epoch [28/500] | Train Acc: 53.1% | Val Acc: 52.0% | Val Loss: 0.7065
2026-05-24 02:05:15,415 | INFO | model_trainers.mobile_vit_trainer | Epoch [29/500] | Train Acc: 60.2% | Val Acc: 54.7% | Val Loss: 0.7050
2026-05-24 02:05:17,604 | INFO | model_trainers.mobile_vit_trainer | Epoch [30/500] | Train Acc: 56.2% | Val Acc: 54.7% | Val Loss: 0.7015
2026-05-24 02:05:19,791 | INFO | model_trainers.mobile_vit_trainer | Epoch [31/500] | Train Acc: 54.7% | Val Acc: 53.3% | Val Loss: 0.7005
2026-05-24 02:05:21,942 | INFO | model_trainers.mobile_vit_trainer | Epoch [32/500] | Train Acc: 61.7% | Val Acc: 52.0% | Val Loss: 0.6947
2026-05-24 02:05:23,983 | INFO | model_trainers.mobile_vit_trainer | Epoch [33/500] | Train Acc: 50.8% | Val Acc: 53.3% | Val Loss: 0.6924
2026-05-24 02:05:26,181 | INFO | model_trainers.mobile_vit_trainer | Epoch [34/500] | Train Acc: 53.1% | Val Acc: 50.7% | Val Loss: 0.6965
2026-05-24 02:05:28,211 | INFO | model_trainers.mobile_vit_trainer | Epoch [35/500] | Train Acc: 50.8% | Val Acc: 52.0% | Val Loss: 0.7036
2026-05-24 02:05:30,203 | INFO | model_trainers.mobile_vit_trainer | Epoch [36/500] | Train Acc: 60.2% | Val Acc: 52.0% | Val Loss: 0.7050
2026-05-24 02:05:32,226 | INFO | model_trainers.mobile_vit_trainer | Epoch [37/500] | Train Acc: 58.6% | Val Acc: 53.3% | Val Loss: 0.7079
2026-05-24 02:05:34,383 | INFO | model_trainers.mobile_vit_trainer | Epoch [38/500] | Train Acc: 52.3% | Val Acc: 52.0% | Val Loss: 0.7109
2026-05-24 02:05:36,410 | INFO | model_trainers.mobile_vit_trainer | Epoch [39/500] | Train Acc: 53.9% | Val Acc: 52.0% | Val Loss: 0.7077
2026-05-24 02:05:38,569 | INFO | model_trainers.mobile_vit_trainer | Epoch [40/500] | Train Acc: 55.5% | Val Acc: 49.3% | Val Loss: 0.7098
2026-05-24 02:05:40,615 | INFO | model_trainers.mobile_vit_trainer | Epoch [41/500] | Train Acc: 53.1% | Val Acc: 50.7% | Val Loss: 0.7034
2026-05-24 02:05:42,647 | INFO | model_trainers.mobile_vit_trainer | Epoch [42/500] | Train Acc: 59.4% | Val Acc: 53.3% | Val Loss: 0.7039
2026-05-24 02:05:44,804 | INFO | model_trainers.mobile_vit_trainer | Epoch [43/500] | Train Acc: 52.3% | Val Acc: 50.7% | Val Loss: 0.7063
2026-05-24 02:05:46,944 | INFO | model_trainers.mobile_vit_trainer | Epoch [44/500] | Train Acc: 53.9% | Val Acc: 53.3% | Val Loss: 0.7061
2026-05-24 02:05:49,178 | INFO | model_trainers.mobile_vit_trainer | Epoch [45/500] | Train Acc: 60.2% | Val Acc: 50.7% | Val Loss: 0.7038
2026-05-24 02:05:51,387 | INFO | model_trainers.mobile_vit_trainer | Epoch [46/500] | Train Acc: 58.6% | Val Acc: 52.0% | Val Loss: 0.7081
2026-05-24 02:05:53,544 | INFO | model_trainers.mobile_vit_trainer | Epoch [47/500] | Train Acc: 55.5% | Val Acc: 46.7% | Val Loss: 0.7059
2026-05-24 02:05:55,696 | INFO | model_trainers.mobile_vit_trainer | Epoch [48/500] | Train Acc: 53.9% | Val Acc: 49.3% | Val Loss: 0.7082
2026-05-24 02:05:57,747 | INFO | model_trainers.mobile_vit_trainer | Epoch [49/500] | Train Acc: 59.4% | Val Acc: 49.3% | Val Loss: 0.7107
2026-05-24 02:05:59,734 | INFO | model_trainers.mobile_vit_trainer | Epoch [50/500] | Train Acc: 57.0% | Val Acc: 46.7% | Val Loss: 0.7077
2026-05-24 02:06:01,730 | INFO | model_trainers.mobile_vit_trainer | Epoch [51/500] | Train Acc: 56.2% | Val Acc: 50.7% | Val Loss: 0.7057
2026-05-24 02:06:03,753 | INFO | model_trainers.mobile_vit_trainer | Epoch [52/500] | Train Acc: 68.8% | Val Acc: 53.3% | Val Loss: 0.7027
2026-05-24 02:06:05,771 | INFO | model_trainers.mobile_vit_trainer | Epoch [53/500] | Train Acc: 61.7% | Val Acc: 52.0% | Val Loss: 0.7112
2026-05-24 02:06:07,965 | INFO | model_trainers.mobile_vit_trainer | Epoch [54/500] | Train Acc: 52.3% | Val Acc: 52.0% | Val Loss: 0.7133
2026-05-24 02:06:10,128 | INFO | model_trainers.mobile_vit_trainer | Epoch [55/500] | Train Acc: 58.6% | Val Acc: 50.7% | Val Loss: 0.7177
2026-05-24 02:06:12,306 | INFO | model_trainers.mobile_vit_trainer | Epoch [56/500] | Train Acc: 53.9% | Val Acc: 50.7% | Val Loss: 0.7218
2026-05-24 02:06:14,460 | INFO | model_trainers.mobile_vit_trainer | Epoch [57/500] | Train Acc: 62.5% | Val Acc: 49.3% | Val Loss: 0.7192
2026-05-24 02:06:16,594 | INFO | model_trainers.mobile_vit_trainer | Epoch [58/500] | Train Acc: 64.8% | Val Acc: 53.3% | Val Loss: 0.7154
2026-05-24 02:06:18,742 | INFO | model_trainers.mobile_vit_trainer | Epoch [59/500] | Train Acc: 64.1% | Val Acc: 53.3% | Val Loss: 0.7135
2026-05-24 02:06:20,923 | INFO | model_trainers.mobile_vit_trainer | Epoch [60/500] | Train Acc: 59.4% | Val Acc: 48.0% | Val Loss: 0.7141
2026-05-24 02:06:23,167 | INFO | model_trainers.mobile_vit_trainer | Epoch [61/500] | Train Acc: 64.8% | Val Acc: 50.7% | Val Loss: 0.7126
2026-05-24 02:06:23,167 | INFO | model_trainers.mobile_vit_trainer | Early stop at epoch 61 (no val-loss improvement for 40 epochs; best=0.6894)
2026-05-24 02:06:23,876 | INFO | evaluators.monte_carlo_evaluator | -> Fold 30 Result | Acc=0.600 Sens=0.857 Spec=0.000 AUROC=0.381
2026-05-24 02:06:23,878 | INFO | evaluators.monte_carlo_evaluator | ============================================================
2026-05-24 02:06:23,879 | INFO | evaluators.monte_carlo_evaluator |   Stratified MC-CV Results (30 folds)
2026-05-24 02:06:23,879 | INFO | evaluators.monte_carlo_evaluator |   Accuracy    : 0.467 ± 0.132
2026-05-24 02:06:23,879 | INFO | evaluators.monte_carlo_evaluator |   Sensitivity : 0.434 ± 0.256
2026-05-24 02:06:23,879 | INFO | evaluators.monte_carlo_evaluator |   Specificity : 0.441 ± 0.324
2026-05-24 02:06:23,879 | INFO | evaluators.monte_carlo_evaluator |   AUROC       : 0.388 ± 0.202
2026-05-24 02:06:23,880 | INFO | evaluators.monte_carlo_evaluator | ============================================================
2026-05-24 02:06:23,880 | INFO | evaluators.monte_carlo_evaluator | Evaluator lifecycle end: writing probe report...
2026-05-24 02:06:23,894 | INFO | probe_generators.probe_generator | Task-Wise Probe Report generated at: /home/leggo/AIResearch/VOGBasedMCIDetectionSystemMobileViTSingleExperimentInference/outputs/reports/run_20260524_010543_anti_saccade_b_probe.md
