2026-07-05 08:45:32,291 | [SIFT-DBT] | INFO | __main__ | Run ID: 20260705_084532_sift_dbt_swin_s1050_s2500_optA_prior_none | tasks=(0, 1, 2, 3, 4, 5, 6, 7) | dropout=0.50 | prior=none | S1(ep=50, pat=10, lr=5e-05) | S2(ep=500, pat=30, lr=1e-04)
2026-07-05 08:45:32,291 | [SIFT-DBT] | INFO | __main__ | Log file: /home/leggo/AIResearch/VOGBasedMCIDetectionSystemMobileViTSingleExperimentInference/outputs/logs/run_20260705_084532_sift_dbt_swin_s1050_s2500_optA_prior_none.log
2026-07-05 08:45:32,293 | [SIFT-DBT] | INFO | __main__ | Loading 4-error CWT cache from: /home/leggo/AIResearch/VOGBasedMCIDetectionSystemMobileViTSingleExperimentInference/outputs/cache/data_store_meta_4err.pkl
2026-07-05 08:45:32,534 | [SIFT-DBT] | INFO | full_experiments_using.data_processor.data_engineering | Loaded preprocessed data_store from cache: /home/leggo/AIResearch/VOGBasedMCIDetectionSystemMobileViTSingleExperimentInference/outputs/cache/data_store_meta_4err.pkl (9378 epochs)
2026-07-05 08:45:32,738 | [SIFT-DBT] | INFO | __main__ | Stage 1 flat windows: 9378 (across 37 unique subjects)
2026-07-05 08:45:32,924 | [SIFT-DBT] | INFO | __main__ | Stage 2 subject bundles: 37  (shape=Ragged[N=37, Tasks=8, Trials=Dynamic])  dropped=0
2026-07-05 08:45:33,051 | [SIFT-DBT] | INFO | candidates.f_swin_sift_dbt.hybrid_trainer | Hybrid CV — 30 folds | device=cuda | tasks=8 | S1(epochs=50, patience=10, lr=5e-05) | S2(epochs=500, patience=30, lr=1e-04) | attention_prior=off
2026-07-05 08:45:33,054 | [SIFT-DBT] | INFO | candidates.f_swin_sift_dbt.hybrid_trainer | ============================================================
2026-07-05 08:45:33,054 | [SIFT-DBT] | INFO | candidates.f_swin_sift_dbt.hybrid_trainer | === Fold 01/30 | train: 25 subj | test: 12 subj ===
2026-07-05 08:45:33,059 | [SIFT-DBT] | INFO | candidates.f_swin_sift_dbt.hybrid_trainer | Stage 1 fold 1 — flat windows: train 5452 (subj=22)  val 855 (subj=3)
2026-07-05 08:45:33,534 | [SIFT-DBT] | INFO | httpx | HTTP Request: HEAD https://huggingface.co/microsoft/swin-tiny-patch4-window7-224/resolve/main/config.json "HTTP/1.1 307 Temporary Redirect"
2026-07-05 08:45:33,559 | [SIFT-DBT] | INFO | httpx | HTTP Request: HEAD https://huggingface.co/api/resolve-cache/models/microsoft/swin-tiny-patch4-window7-224/d00d478bfaf1f417d34a1186673ad4b4be264c51/config.json "HTTP/1.1 200 OK"
2026-07-05 08:45:33,847 | [SIFT-DBT] | INFO | httpx | HTTP Request: HEAD https://huggingface.co/microsoft/swin-tiny-patch4-window7-224/resolve/main/model.safetensors "HTTP/1.1 302 Found"
2026-07-05 08:45:34,778 | [SIFT-DBT] | INFO | candidates.f_swin_sift_dbt.model_trainers.stage1_trainer | Stage 1 CE weights — HC: 1.185  MCI: 0.865
2026-07-05 08:46:18,605 | [SIFT-DBT] | INFO | candidates.f_swin_sift_dbt.model_trainers.stage1_trainer | S1-Ep [001/50] T-Loss: 0.6740  T-Acc:  57.4%  V-Loss: 0.6435  V-Acc:  66.8%  LR: 1.00e-05
2026-07-05 08:47:01,159 | [SIFT-DBT] | INFO | candidates.f_swin_sift_dbt.model_trainers.stage1_trainer | S1-Ep [002/50] T-Loss: 0.6523  T-Acc:  60.9%  V-Loss: 0.7181  V-Acc:  55.1%  LR: 2.00e-05
2026-07-05 08:47:43,339 | [SIFT-DBT] | INFO | candidates.f_swin_sift_dbt.model_trainers.stage1_trainer | S1-Ep [003/50] T-Loss: 0.6342  T-Acc:  62.5%  V-Loss: 0.7502  V-Acc:  53.1%  LR: 3.00e-05
2026-07-05 08:48:25,495 | [SIFT-DBT] | INFO | candidates.f_swin_sift_dbt.model_trainers.stage1_trainer | S1-Ep [004/50] T-Loss: 0.6103  T-Acc:  66.4%  V-Loss: 0.8567  V-Acc:  50.6%  LR: 4.00e-05
2026-07-05 08:49:07,671 | [SIFT-DBT] | INFO | candidates.f_swin_sift_dbt.model_trainers.stage1_trainer | S1-Ep [005/50] T-Loss: 0.5711  T-Acc:  69.2%  V-Loss: 0.8571  V-Acc:  49.5%  LR: 5.00e-05
2026-07-05 08:49:49,844 | [SIFT-DBT] | INFO | candidates.f_swin_sift_dbt.model_trainers.stage1_trainer | S1-Ep [006/50] T-Loss: 0.5075  T-Acc:  74.8%  V-Loss: 0.9333  V-Acc:  52.3%  LR: 5.00e-05
2026-07-05 08:50:31,992 | [SIFT-DBT] | INFO | candidates.f_swin_sift_dbt.model_trainers.stage1_trainer | S1-Ep [007/50] T-Loss: 0.3920  T-Acc:  82.0%  V-Loss: 0.9801  V-Acc:  53.3%  LR: 5.00e-05
2026-07-05 08:51:14,188 | [SIFT-DBT] | INFO | candidates.f_swin_sift_dbt.model_trainers.stage1_trainer | S1-Ep [008/50] T-Loss: 0.2956  T-Acc:  87.9%  V-Loss: 1.1063  V-Acc:  60.6%  LR: 5.00e-05
2026-07-05 08:51:56,349 | [SIFT-DBT] | INFO | candidates.f_swin_sift_dbt.model_trainers.stage1_trainer | S1-Ep [009/50] T-Loss: 0.2181  T-Acc:  91.0%  V-Loss: 2.4967  V-Acc:  40.0%  LR: 5.00e-05
2026-07-05 08:52:38,820 | [SIFT-DBT] | INFO | candidates.f_swin_sift_dbt.model_trainers.stage1_trainer | S1-Ep [010/50] T-Loss: 0.1650  T-Acc:  93.7%  V-Loss: 2.5609  V-Acc:  45.3%  LR: 5.00e-05
2026-07-05 08:53:20,894 | [SIFT-DBT] | INFO | candidates.f_swin_sift_dbt.model_trainers.stage1_trainer | S1-Ep [011/50] T-Loss: 0.1344  T-Acc:  95.0%  V-Loss: 2.1248  V-Acc:  48.1%  LR: 5.00e-05
2026-07-05 08:53:20,894 | [SIFT-DBT] | INFO | candidates.f_swin_sift_dbt.model_trainers.stage1_trainer | Stage 1 early stop — best val loss 0.6435 at epoch 1
2026-07-05 08:53:20,895 | [SIFT-DBT] | INFO | candidates.f_swin_sift_dbt.model_trainers.stage1_trainer | Stage 1 done. Best val loss: 0.6435 (epoch 1)
2026-07-05 08:53:21,049 | [SIFT-DBT] | INFO | candidates.f_swin_sift_dbt.hybrid_trainer | Stage 2 fold 1 — bundles: train 25 (subj=25)  test 12 (subj=12)
2026-07-05 08:53:21,301 | [SIFT-DBT] | INFO | httpx | HTTP Request: HEAD https://huggingface.co/microsoft/swin-tiny-patch4-window7-224/resolve/main/config.json "HTTP/1.1 307 Temporary Redirect"
2026-07-05 08:53:21,320 | [SIFT-DBT] | INFO | httpx | HTTP Request: HEAD https://huggingface.co/api/resolve-cache/models/microsoft/swin-tiny-patch4-window7-224/d00d478bfaf1f417d34a1186673ad4b4be264c51/config.json "HTTP/1.1 200 OK"
2026-07-05 08:53:21,583 | [SIFT-DBT] | INFO | httpx | HTTP Request: HEAD https://huggingface.co/microsoft/swin-tiny-patch4-window7-224/resolve/main/model.safetensors "HTTP/1.1 302 Found"
2026-07-05 08:53:22,138 | [SIFT-DBT] | INFO | candidates.f_swin_sift_dbt.model_trainers.stage2_trainer | Stage 2 trainable params: 0.074 M  |  frozen: 27.519 M
2026-07-05 08:53:22,139 | [SIFT-DBT] | INFO | candidates.f_swin_sift_dbt.model_trainers.stage2_trainer | Stage 2 CE weights — HC: 1.250  MCI: 0.833
2026-07-05 08:53:45,688 | [SIFT-DBT] | INFO | candidates.f_swin_sift_dbt.model_trainers.stage2_trainer | S2-Ep [001/500] T-Acc:  40.0%  V-Acc:  33.3%  V-AUROC: 0.4688  LR: 2.00e-05
2026-07-05 08:54:08,404 | [SIFT-DBT] | INFO | candidates.f_swin_sift_dbt.model_trainers.stage2_trainer | S2-Ep [002/500] T-Acc:  40.0%  V-Acc:  33.3%  V-AUROC: 0.8125  LR: 4.00e-05
2026-07-05 08:54:31,617 | [SIFT-DBT] | INFO | candidates.f_swin_sift_dbt.model_trainers.stage2_trainer | S2-Ep [003/500] T-Acc:  40.0%  V-Acc:  33.3%  V-AUROC: 0.8125  LR: 6.00e-05
2026-07-05 08:54:53,758 | [SIFT-DBT] | INFO | candidates.f_swin_sift_dbt.model_trainers.stage2_trainer | S2-Ep [004/500] T-Acc:  80.0%  V-Acc:  33.3%  V-AUROC: 0.8125  LR: 8.00e-05
2026-07-05 08:55:16,234 | [SIFT-DBT] | INFO | candidates.f_swin_sift_dbt.model_trainers.stage2_trainer | S2-Ep [005/500] T-Acc:  96.0%  V-Acc:  66.7%  V-AUROC: 0.8125  LR: 1.00e-04
2026-07-05 08:55:38,432 | [SIFT-DBT] | INFO | candidates.f_swin_sift_dbt.model_trainers.stage2_trainer | S2-Ep [006/500] T-Acc:  96.0%  V-Acc:  83.3%  V-AUROC: 0.8125  LR: 1.00e-04
2026-07-05 08:56:00,580 | [SIFT-DBT] | INFO | candidates.f_swin_sift_dbt.model_trainers.stage2_trainer | S2-Ep [007/500] T-Acc:  92.0%  V-Acc:  75.0%  V-AUROC: 0.8125  LR: 1.00e-04
2026-07-05 08:56:22,771 | [SIFT-DBT] | INFO | candidates.f_swin_sift_dbt.model_trainers.stage2_trainer | S2-Ep [008/500] T-Acc:  88.0%  V-Acc:  75.0%  V-AUROC: 0.8125  LR: 1.00e-04
2026-07-05 08:56:44,906 | [SIFT-DBT] | INFO | candidates.f_swin_sift_dbt.model_trainers.stage2_trainer | S2-Ep [009/500] T-Acc:  88.0%  V-Acc:  75.0%  V-AUROC: 0.8125  LR: 1.00e-04
2026-07-05 08:57:07,060 | [SIFT-DBT] | INFO | candidates.f_swin_sift_dbt.model_trainers.stage2_trainer | S2-Ep [010/500] T-Acc:  92.0%  V-Acc:  75.0%  V-AUROC: 0.8438  LR: 1.00e-04
2026-07-05 08:57:30,826 | [SIFT-DBT] | INFO | candidates.f_swin_sift_dbt.model_trainers.stage2_trainer | S2-Ep [011/500] T-Acc:  92.0%  V-Acc:  75.0%  V-AUROC: 0.8438  LR: 1.00e-04
2026-07-05 08:57:53,060 | [SIFT-DBT] | INFO | candidates.f_swin_sift_dbt.model_trainers.stage2_trainer | S2-Ep [012/500] T-Acc:  88.0%  V-Acc:  75.0%  V-AUROC: 0.8438  LR: 1.00e-04
2026-07-05 08:58:15,185 | [SIFT-DBT] | INFO | candidates.f_swin_sift_dbt.model_trainers.stage2_trainer | S2-Ep [013/500] T-Acc:  92.0%  V-Acc:  83.3%  V-AUROC: 0.8438  LR: 1.00e-04
2026-07-05 08:58:37,325 | [SIFT-DBT] | INFO | candidates.f_swin_sift_dbt.model_trainers.stage2_trainer | S2-Ep [014/500] T-Acc:  88.0%  V-Acc:  91.7%  V-AUROC: 0.8438  LR: 1.00e-04
2026-07-05 08:58:59,498 | [SIFT-DBT] | INFO | candidates.f_swin_sift_dbt.model_trainers.stage2_trainer | S2-Ep [015/500] T-Acc:  88.0%  V-Acc:  91.7%  V-AUROC: 0.8438  LR: 1.00e-04
2026-07-05 08:59:21,734 | [SIFT-DBT] | INFO | candidates.f_swin_sift_dbt.model_trainers.stage2_trainer | S2-Ep [016/500] T-Acc:  92.0%  V-Acc:  91.7%  V-AUROC: 0.8438  LR: 1.00e-04
2026-07-05 08:59:43,892 | [SIFT-DBT] | INFO | candidates.f_swin_sift_dbt.model_trainers.stage2_trainer | S2-Ep [017/500] T-Acc:  96.0%  V-Acc:  91.7%  V-AUROC: 0.8438  LR: 1.00e-04
2026-07-05 09:00:06,073 | [SIFT-DBT] | INFO | candidates.f_swin_sift_dbt.model_trainers.stage2_trainer | S2-Ep [018/500] T-Acc:  96.0%  V-Acc:  75.0%  V-AUROC: 0.8438  LR: 1.00e-04
2026-07-05 09:00:28,196 | [SIFT-DBT] | INFO | candidates.f_swin_sift_dbt.model_trainers.stage2_trainer | S2-Ep [019/500] T-Acc:  96.0%  V-Acc:  58.3%  V-AUROC: 0.8750  LR: 1.00e-04
2026-07-05 09:00:51,410 | [SIFT-DBT] | INFO | candidates.f_swin_sift_dbt.model_trainers.stage2_trainer | S2-Ep [020/500] T-Acc:  96.0%  V-Acc:  58.3%  V-AUROC: 0.8750  LR: 1.00e-04
2026-07-05 09:01:13,560 | [SIFT-DBT] | INFO | candidates.f_swin_sift_dbt.model_trainers.stage2_trainer | S2-Ep [021/500] T-Acc:  96.0%  V-Acc:  58.3%  V-AUROC: 0.8750  LR: 1.00e-04
2026-07-05 09:01:35,706 | [SIFT-DBT] | INFO | candidates.f_swin_sift_dbt.model_trainers.stage2_trainer | S2-Ep [022/500] T-Acc:  96.0%  V-Acc:  58.3%  V-AUROC: 0.8750  LR: 1.00e-04
2026-07-05 09:01:58,121 | [SIFT-DBT] | INFO | candidates.f_swin_sift_dbt.model_trainers.stage2_trainer | S2-Ep [023/500] T-Acc:  96.0%  V-Acc:  58.3%  V-AUROC: 0.8750  LR: 1.00e-04
2026-07-05 09:02:20,252 | [SIFT-DBT] | INFO | candidates.f_swin_sift_dbt.model_trainers.stage2_trainer | S2-Ep [024/500] T-Acc:  96.0%  V-Acc:  58.3%  V-AUROC: 0.8750  LR: 1.00e-04
2026-07-05 09:02:42,382 | [SIFT-DBT] | INFO | candidates.f_swin_sift_dbt.model_trainers.stage2_trainer | S2-Ep [025/500] T-Acc:  96.0%  V-Acc:  58.3%  V-AUROC: 0.8750  LR: 1.00e-04
2026-07-05 09:03:04,587 | [SIFT-DBT] | INFO | candidates.f_swin_sift_dbt.model_trainers.stage2_trainer | S2-Ep [026/500] T-Acc:  96.0%  V-Acc:  58.3%  V-AUROC: 0.8750  LR: 1.00e-04
2026-07-05 09:03:26,744 | [SIFT-DBT] | INFO | candidates.f_swin_sift_dbt.model_trainers.stage2_trainer | S2-Ep [027/500] T-Acc:  96.0%  V-Acc:  58.3%  V-AUROC: 0.8750  LR: 1.00e-04
2026-07-05 09:03:48,900 | [SIFT-DBT] | INFO | candidates.f_swin_sift_dbt.model_trainers.stage2_trainer | S2-Ep [028/500] T-Acc:  96.0%  V-Acc:  58.3%  V-AUROC: 0.8750  LR: 1.00e-04
2026-07-05 09:04:11,063 | [SIFT-DBT] | INFO | candidates.f_swin_sift_dbt.model_trainers.stage2_trainer | S2-Ep [029/500] T-Acc:  96.0%  V-Acc:  58.3%  V-AUROC: 0.8750  LR: 1.00e-04
2026-07-05 09:04:33,298 | [SIFT-DBT] | INFO | candidates.f_swin_sift_dbt.model_trainers.stage2_trainer | S2-Ep [030/500] T-Acc:  96.0%  V-Acc:  58.3%  V-AUROC: 0.8750  LR: 1.00e-04
2026-07-05 09:04:55,432 | [SIFT-DBT] | INFO | candidates.f_swin_sift_dbt.model_trainers.stage2_trainer | S2-Ep [031/500] T-Acc:  96.0%  V-Acc:  58.3%  V-AUROC: 0.8750  LR: 2.00e-05
2026-07-05 09:05:17,568 | [SIFT-DBT] | INFO | candidates.f_swin_sift_dbt.model_trainers.stage2_trainer | S2-Ep [032/500] T-Acc:  96.0%  V-Acc:  58.3%  V-AUROC: 0.8750  LR: 2.00e-05
2026-07-05 09:05:39,699 | [SIFT-DBT] | INFO | candidates.f_swin_sift_dbt.model_trainers.stage2_trainer | S2-Ep [033/500] T-Acc:  96.0%  V-Acc:  58.3%  V-AUROC: 0.8750  LR: 2.00e-05
2026-07-05 09:06:01,834 | [SIFT-DBT] | INFO | candidates.f_swin_sift_dbt.model_trainers.stage2_trainer | S2-Ep [034/500] T-Acc:  96.0%  V-Acc:  58.3%  V-AUROC: 0.8750  LR: 2.00e-05
2026-07-05 09:06:23,963 | [SIFT-DBT] | INFO | candidates.f_swin_sift_dbt.model_trainers.stage2_trainer | S2-Ep [035/500] T-Acc:  96.0%  V-Acc:  58.3%  V-AUROC: 0.8750  LR: 2.00e-05
2026-07-05 09:06:46,102 | [SIFT-DBT] | INFO | candidates.f_swin_sift_dbt.model_trainers.stage2_trainer | S2-Ep [036/500] T-Acc:  96.0%  V-Acc:  58.3%  V-AUROC: 0.8750  LR: 2.00e-05
2026-07-05 09:07:08,232 | [SIFT-DBT] | INFO | candidates.f_swin_sift_dbt.model_trainers.stage2_trainer | S2-Ep [037/500] T-Acc:  96.0%  V-Acc:  58.3%  V-AUROC: 0.8750  LR: 2.00e-05
2026-07-05 09:07:30,357 | [SIFT-DBT] | INFO | candidates.f_swin_sift_dbt.model_trainers.stage2_trainer | S2-Ep [038/500] T-Acc:  96.0%  V-Acc:  58.3%  V-AUROC: 0.8750  LR: 2.00e-05
2026-07-05 09:07:52,511 | [SIFT-DBT] | INFO | candidates.f_swin_sift_dbt.model_trainers.stage2_trainer | S2-Ep [039/500] T-Acc:  96.0%  V-Acc:  58.3%  V-AUROC: 0.8750  LR: 2.00e-05
2026-07-05 09:08:14,646 | [SIFT-DBT] | INFO | candidates.f_swin_sift_dbt.model_trainers.stage2_trainer | S2-Ep [040/500] T-Acc:  96.0%  V-Acc:  58.3%  V-AUROC: 0.8750  LR: 2.00e-05
2026-07-05 09:08:36,768 | [SIFT-DBT] | INFO | candidates.f_swin_sift_dbt.model_trainers.stage2_trainer | S2-Ep [041/500] T-Acc:  96.0%  V-Acc:  58.3%  V-AUROC: 0.8750  LR: 2.00e-05
2026-07-05 09:08:58,903 | [SIFT-DBT] | INFO | candidates.f_swin_sift_dbt.model_trainers.stage2_trainer | S2-Ep [042/500] T-Acc:  96.0%  V-Acc:  58.3%  V-AUROC: 0.8750  LR: 4.00e-06
2026-07-05 09:09:21,058 | [SIFT-DBT] | INFO | candidates.f_swin_sift_dbt.model_trainers.stage2_trainer | S2-Ep [043/500] T-Acc:  96.0%  V-Acc:  58.3%  V-AUROC: 0.8750  LR: 4.00e-06
2026-07-05 09:09:43,212 | [SIFT-DBT] | INFO | candidates.f_swin_sift_dbt.model_trainers.stage2_trainer | S2-Ep [044/500] T-Acc:  96.0%  V-Acc:  58.3%  V-AUROC: 0.8750  LR: 4.00e-06
2026-07-05 09:10:05,468 | [SIFT-DBT] | INFO | candidates.f_swin_sift_dbt.model_trainers.stage2_trainer | S2-Ep [045/500] T-Acc:  96.0%  V-Acc:  58.3%  V-AUROC: 0.8750  LR: 4.00e-06
2026-07-05 09:10:27,628 | [SIFT-DBT] | INFO | candidates.f_swin_sift_dbt.model_trainers.stage2_trainer | S2-Ep [046/500] T-Acc:  96.0%  V-Acc:  58.3%  V-AUROC: 0.8750  LR: 4.00e-06
2026-07-05 09:10:49,750 | [SIFT-DBT] | INFO | candidates.f_swin_sift_dbt.model_trainers.stage2_trainer | S2-Ep [047/500] T-Acc:  96.0%  V-Acc:  58.3%  V-AUROC: 0.8750  LR: 4.00e-06
2026-07-05 09:11:11,891 | [SIFT-DBT] | INFO | candidates.f_swin_sift_dbt.model_trainers.stage2_trainer | S2-Ep [048/500] T-Acc:  96.0%  V-Acc:  58.3%  V-AUROC: 0.8750  LR: 4.00e-06
2026-07-05 09:11:34,044 | [SIFT-DBT] | INFO | candidates.f_swin_sift_dbt.model_trainers.stage2_trainer | S2-Ep [049/500] T-Acc:  96.0%  V-Acc:  58.3%  V-AUROC: 0.8750  LR: 4.00e-06
2026-07-05 09:11:34,045 | [SIFT-DBT] | INFO | candidates.f_swin_sift_dbt.model_trainers.stage2_trainer | Stage 2 early stop — best AUROC 0.8750 at epoch 19
2026-07-05 09:11:34,203 | [SIFT-DBT] | INFO | candidates.f_swin_sift_dbt.model_trainers.stage2_trainer | Restored best-AUROC Stage 2 state (epoch 19, AUROC 0.8750)
2026-07-05 09:11:34,203 | [SIFT-DBT] | INFO | candidates.f_swin_sift_dbt.model_trainers.stage2_trainer | Stage 2 done. Best val AUROC: 0.8750 (epoch 19)
2026-07-05 09:11:49,762 | [SIFT-DBT] | INFO | candidates.f_swin_sift_dbt.hybrid_trainer | -> Fold 01 Result | Acc=0.583  Sens=0.500  Spec=0.750  AUROC=0.875  (S1 val-loss=0.6435)
2026-07-05 09:11:49,762 | [SIFT-DBT] | INFO | candidates.f_swin_sift_dbt.hybrid_trainer | ============================================================
2026-07-05 09:11:49,762 | [SIFT-DBT] | INFO | candidates.f_swin_sift_dbt.hybrid_trainer | === Fold 02/30 | train: 25 subj | test: 12 subj ===
2026-07-05 09:11:49,765 | [SIFT-DBT] | INFO | candidates.f_swin_sift_dbt.hybrid_trainer | Stage 1 fold 2 — flat windows: train 5587 (subj=22)  val 783 (subj=3)
2026-07-05 09:11:50,028 | [SIFT-DBT] | INFO | httpx | HTTP Request: HEAD https://huggingface.co/microsoft/swin-tiny-patch4-window7-224/resolve/main/config.json "HTTP/1.1 307 Temporary Redirect"
2026-07-05 09:11:50,044 | [SIFT-DBT] | INFO | httpx | HTTP Request: HEAD https://huggingface.co/api/resolve-cache/models/microsoft/swin-tiny-patch4-window7-224/d00d478bfaf1f417d34a1186673ad4b4be264c51/config.json "HTTP/1.1 200 OK"
2026-07-05 09:11:50,300 | [SIFT-DBT] | INFO | httpx | HTTP Request: HEAD https://huggingface.co/microsoft/swin-tiny-patch4-window7-224/resolve/main/model.safetensors "HTTP/1.1 302 Found"
2026-07-05 09:11:50,857 | [SIFT-DBT] | INFO | candidates.f_swin_sift_dbt.model_trainers.stage1_trainer | Stage 1 CE weights — HC: 1.359  MCI: 0.791
2026-07-05 09:12:34,414 | [SIFT-DBT] | INFO | candidates.f_swin_sift_dbt.model_trainers.stage1_trainer | S1-Ep [001/50] T-Loss: 0.6639  T-Acc:  59.1%  V-Loss: 0.9219  V-Acc:  39.1%  LR: 1.00e-05
2026-07-05 09:13:17,478 | [SIFT-DBT] | INFO | candidates.f_swin_sift_dbt.model_trainers.stage1_trainer | S1-Ep [002/50] T-Loss: 0.6483  T-Acc:  61.4%  V-Loss: 0.9753  V-Acc:  32.6%  LR: 2.00e-05
2026-07-05 09:14:00,356 | [SIFT-DBT] | INFO | candidates.f_swin_sift_dbt.model_trainers.stage1_trainer | S1-Ep [003/50] T-Loss: 0.6346  T-Acc:  63.3%  V-Loss: 0.6522  V-Acc:  62.7%  LR: 3.00e-05
2026-07-05 09:14:44,313 | [SIFT-DBT] | INFO | candidates.f_swin_sift_dbt.model_trainers.stage1_trainer | S1-Ep [004/50] T-Loss: 0.6298  T-Acc:  63.2%  V-Loss: 0.7501  V-Acc:  52.4%  LR: 4.00e-05
2026-07-05 09:15:27,197 | [SIFT-DBT] | INFO | candidates.f_swin_sift_dbt.model_trainers.stage1_trainer | S1-Ep [005/50] T-Loss: 0.5784  T-Acc:  68.7%  V-Loss: 1.2395  V-Acc:  36.5%  LR: 5.00e-05
2026-07-05 09:16:10,087 | [SIFT-DBT] | INFO | candidates.f_swin_sift_dbt.model_trainers.stage1_trainer | S1-Ep [006/50] T-Loss: 0.5345  T-Acc:  72.7%  V-Loss: 1.1641  V-Acc:  43.4%  LR: 5.00e-05
2026-07-05 09:16:52,961 | [SIFT-DBT] | INFO | candidates.f_swin_sift_dbt.model_trainers.stage1_trainer | S1-Ep [007/50] T-Loss: 0.4385  T-Acc:  78.5%  V-Loss: 1.7063  V-Acc:  37.2%  LR: 5.00e-05
2026-07-05 09:17:35,845 | [SIFT-DBT] | INFO | candidates.f_swin_sift_dbt.model_trainers.stage1_trainer | S1-Ep [008/50] T-Loss: 0.3222  T-Acc:  85.4%  V-Loss: 1.9366  V-Acc:  39.3%  LR: 5.00e-05
2026-07-05 09:18:18,688 | [SIFT-DBT] | INFO | candidates.f_swin_sift_dbt.model_trainers.stage1_trainer | S1-Ep [009/50] T-Loss: 0.2333  T-Acc:  90.6%  V-Loss: 2.0939  V-Acc:  40.0%  LR: 5.00e-05
2026-07-05 09:19:01,547 | [SIFT-DBT] | INFO | candidates.f_swin_sift_dbt.model_trainers.stage1_trainer | S1-Ep [010/50] T-Loss: 0.1879  T-Acc:  92.8%  V-Loss: 2.5391  V-Acc:  42.9%  LR: 5.00e-05
2026-07-05 09:19:44,419 | [SIFT-DBT] | INFO | candidates.f_swin_sift_dbt.model_trainers.stage1_trainer | S1-Ep [011/50] T-Loss: 0.1399  T-Acc:  94.8%  V-Loss: 2.8078  V-Acc:  43.0%  LR: 5.00e-05
2026-07-05 09:20:27,294 | [SIFT-DBT] | INFO | candidates.f_swin_sift_dbt.model_trainers.stage1_trainer | S1-Ep [012/50] T-Loss: 0.1213  T-Acc:  95.9%  V-Loss: 4.3525  V-Acc:  37.0%  LR: 5.00e-05
2026-07-05 09:21:10,215 | [SIFT-DBT] | INFO | candidates.f_swin_sift_dbt.model_trainers.stage1_trainer | S1-Ep [013/50] T-Loss: 0.0594  T-Acc:  98.1%  V-Loss: 5.2776  V-Acc:  38.8%  LR: 1.00e-05
2026-07-05 09:21:10,215 | [SIFT-DBT] | INFO | candidates.f_swin_sift_dbt.model_trainers.stage1_trainer | Stage 1 early stop — best val loss 0.6522 at epoch 3
2026-07-05 09:21:10,216 | [SIFT-DBT] | INFO | candidates.f_swin_sift_dbt.model_trainers.stage1_trainer | Stage 1 done. Best val loss: 0.6522 (epoch 3)
2026-07-05 09:21:10,373 | [SIFT-DBT] | INFO | candidates.f_swin_sift_dbt.hybrid_trainer | Stage 2 fold 2 — bundles: train 25 (subj=25)  test 12 (subj=12)
2026-07-05 09:21:10,737 | [SIFT-DBT] | INFO | httpx | HTTP Request: HEAD https://huggingface.co/microsoft/swin-tiny-patch4-window7-224/resolve/main/config.json "HTTP/1.1 307 Temporary Redirect"
2026-07-05 09:21:10,753 | [SIFT-DBT] | INFO | httpx | HTTP Request: HEAD https://huggingface.co/api/resolve-cache/models/microsoft/swin-tiny-patch4-window7-224/d00d478bfaf1f417d34a1186673ad4b4be264c51/config.json "HTTP/1.1 200 OK"
2026-07-05 09:21:11,050 | [SIFT-DBT] | INFO | httpx | HTTP Request: HEAD https://huggingface.co/microsoft/swin-tiny-patch4-window7-224/resolve/main/model.safetensors "HTTP/1.1 302 Found"
2026-07-05 09:21:11,674 | [SIFT-DBT] | INFO | candidates.f_swin_sift_dbt.model_trainers.stage2_trainer | Stage 2 trainable params: 0.074 M  |  frozen: 27.519 M
2026-07-05 09:21:11,676 | [SIFT-DBT] | INFO | candidates.f_swin_sift_dbt.model_trainers.stage2_trainer | Stage 2 CE weights — HC: 1.389  MCI: 0.781
2026-07-05 09:21:35,399 | [SIFT-DBT] | INFO | candidates.f_swin_sift_dbt.model_trainers.stage2_trainer | S2-Ep [001/500] T-Acc:  56.0%  V-Acc:  58.3%  V-AUROC: 0.6000  LR: 2.00e-05
2026-07-05 09:21:57,783 | [SIFT-DBT] | INFO | candidates.f_swin_sift_dbt.model_trainers.stage2_trainer | S2-Ep [002/500] T-Acc:  72.0%  V-Acc:  58.3%  V-AUROC: 0.7714  LR: 4.00e-05
2026-07-05 09:22:22,893 | [SIFT-DBT] | INFO | candidates.f_swin_sift_dbt.model_trainers.stage2_trainer | S2-Ep [003/500] T-Acc:  88.0%  V-Acc:  58.3%  V-AUROC: 0.8000  LR: 6.00e-05
2026-07-05 09:22:47,720 | [SIFT-DBT] | INFO | candidates.f_swin_sift_dbt.model_trainers.stage2_trainer | S2-Ep [004/500] T-Acc:  92.0%  V-Acc:  58.3%  V-AUROC: 0.8000  LR: 8.00e-05
2026-07-05 09:23:09,877 | [SIFT-DBT] | INFO | candidates.f_swin_sift_dbt.model_trainers.stage2_trainer | S2-Ep [005/500] T-Acc:  92.0%  V-Acc:  58.3%  V-AUROC: 0.8000  LR: 1.00e-04
2026-07-05 09:23:32,007 | [SIFT-DBT] | INFO | candidates.f_swin_sift_dbt.model_trainers.stage2_trainer | S2-Ep [006/500] T-Acc:  92.0%  V-Acc:  58.3%  V-AUROC: 0.8000  LR: 1.00e-04
2026-07-05 09:23:54,150 | [SIFT-DBT] | INFO | candidates.f_swin_sift_dbt.model_trainers.stage2_trainer | S2-Ep [007/500] T-Acc:  92.0%  V-Acc:  58.3%  V-AUROC: 0.8286  LR: 1.00e-04
2026-07-05 09:24:17,931 | [SIFT-DBT] | INFO | candidates.f_swin_sift_dbt.model_trainers.stage2_trainer | S2-Ep [008/500] T-Acc:  92.0%  V-Acc:  58.3%  V-AUROC: 0.8286  LR: 1.00e-04
2026-07-05 09:24:40,073 | [SIFT-DBT] | INFO | candidates.f_swin_sift_dbt.model_trainers.stage2_trainer | S2-Ep [009/500] T-Acc:  92.0%  V-Acc:  66.7%  V-AUROC: 0.8286  LR: 1.00e-04
2026-07-05 09:25:02,522 | [SIFT-DBT] | INFO | candidates.f_swin_sift_dbt.model_trainers.stage2_trainer | S2-Ep [010/500] T-Acc:  92.0%  V-Acc:  75.0%  V-AUROC: 0.8286  LR: 1.00e-04
2026-07-05 09:25:24,748 | [SIFT-DBT] | INFO | candidates.f_swin_sift_dbt.model_trainers.stage2_trainer | S2-Ep [011/500] T-Acc:  92.0%  V-Acc:  66.7%  V-AUROC: 0.8286  LR: 1.00e-04
2026-07-05 09:25:46,925 | [SIFT-DBT] | INFO | candidates.f_swin_sift_dbt.model_trainers.stage2_trainer | S2-Ep [012/500] T-Acc:  92.0%  V-Acc:  66.7%  V-AUROC: 0.8286  LR: 1.00e-04
2026-07-05 09:26:09,122 | [SIFT-DBT] | INFO | candidates.f_swin_sift_dbt.model_trainers.stage2_trainer | S2-Ep [013/500] T-Acc:  88.0%  V-Acc:  66.7%  V-AUROC: 0.8286  LR: 1.00e-04
2026-07-05 09:26:31,259 | [SIFT-DBT] | INFO | candidates.f_swin_sift_dbt.model_trainers.stage2_trainer | S2-Ep [014/500] T-Acc:  92.0%  V-Acc:  58.3%  V-AUROC: 0.8286  LR: 1.00e-04
2026-07-05 09:26:53,412 | [SIFT-DBT] | INFO | candidates.f_swin_sift_dbt.model_trainers.stage2_trainer | S2-Ep [015/500] T-Acc:  92.0%  V-Acc:  58.3%  V-AUROC: 0.8286  LR: 1.00e-04
2026-07-05 09:27:15,544 | [SIFT-DBT] | INFO | candidates.f_swin_sift_dbt.model_trainers.stage2_trainer | S2-Ep [016/500] T-Acc:  92.0%  V-Acc:  41.7%  V-AUROC: 0.8286  LR: 1.00e-04
2026-07-05 09:27:37,685 | [SIFT-DBT] | INFO | candidates.f_swin_sift_dbt.model_trainers.stage2_trainer | S2-Ep [017/500] T-Acc:  92.0%  V-Acc:  41.7%  V-AUROC: 0.8286  LR: 1.00e-04
2026-07-05 09:27:59,845 | [SIFT-DBT] | INFO | candidates.f_swin_sift_dbt.model_trainers.stage2_trainer | S2-Ep [018/500] T-Acc:  92.0%  V-Acc:  41.7%  V-AUROC: 0.8286  LR: 1.00e-04
2026-07-05 09:28:21,997 | [SIFT-DBT] | INFO | candidates.f_swin_sift_dbt.model_trainers.stage2_trainer | S2-Ep [019/500] T-Acc:  92.0%  V-Acc:  41.7%  V-AUROC: 0.8286  LR: 2.00e-05
2026-07-05 09:28:44,181 | [SIFT-DBT] | INFO | candidates.f_swin_sift_dbt.model_trainers.stage2_trainer | S2-Ep [020/500] T-Acc:  92.0%  V-Acc:  41.7%  V-AUROC: 0.8286  LR: 2.00e-05
2026-07-05 09:29:06,315 | [SIFT-DBT] | INFO | candidates.f_swin_sift_dbt.model_trainers.stage2_trainer | S2-Ep [021/500] T-Acc:  92.0%  V-Acc:  41.7%  V-AUROC: 0.8286  LR: 2.00e-05
2026-07-05 09:29:28,442 | [SIFT-DBT] | INFO | candidates.f_swin_sift_dbt.model_trainers.stage2_trainer | S2-Ep [022/500] T-Acc:  92.0%  V-Acc:  41.7%  V-AUROC: 0.8286  LR: 2.00e-05
2026-07-05 09:29:50,645 | [SIFT-DBT] | INFO | candidates.f_swin_sift_dbt.model_trainers.stage2_trainer | S2-Ep [023/500] T-Acc:  92.0%  V-Acc:  41.7%  V-AUROC: 0.8286  LR: 2.00e-05
2026-07-05 09:30:13,115 | [SIFT-DBT] | INFO | candidates.f_swin_sift_dbt.model_trainers.stage2_trainer | S2-Ep [024/500] T-Acc:  92.0%  V-Acc:  50.0%  V-AUROC: 0.8286  LR: 2.00e-05
2026-07-05 09:30:35,302 | [SIFT-DBT] | INFO | candidates.f_swin_sift_dbt.model_trainers.stage2_trainer | S2-Ep [025/500] T-Acc:  92.0%  V-Acc:  50.0%  V-AUROC: 0.8286  LR: 2.00e-05
2026-07-05 09:30:57,527 | [SIFT-DBT] | INFO | candidates.f_swin_sift_dbt.model_trainers.stage2_trainer | S2-Ep [026/500] T-Acc:  92.0%  V-Acc:  50.0%  V-AUROC: 0.8286  LR: 2.00e-05
2026-07-05 09:31:19,688 | [SIFT-DBT] | INFO | candidates.f_swin_sift_dbt.model_trainers.stage2_trainer | S2-Ep [027/500] T-Acc:  92.0%  V-Acc:  50.0%  V-AUROC: 0.8286  LR: 2.00e-05
2026-07-05 09:31:41,839 | [SIFT-DBT] | INFO | candidates.f_swin_sift_dbt.model_trainers.stage2_trainer | S2-Ep [028/500] T-Acc:  92.0%  V-Acc:  50.0%  V-AUROC: 0.8286  LR: 2.00e-05
2026-07-05 09:32:03,986 | [SIFT-DBT] | INFO | candidates.f_swin_sift_dbt.model_trainers.stage2_trainer | S2-Ep [029/500] T-Acc:  92.0%  V-Acc:  50.0%  V-AUROC: 0.8286  LR: 2.00e-05
2026-07-05 09:32:26,122 | [SIFT-DBT] | INFO | candidates.f_swin_sift_dbt.model_trainers.stage2_trainer | S2-Ep [030/500] T-Acc:  92.0%  V-Acc:  50.0%  V-AUROC: 0.8286  LR: 4.00e-06
2026-07-05 09:32:48,260 | [SIFT-DBT] | INFO | candidates.f_swin_sift_dbt.model_trainers.stage2_trainer | S2-Ep [031/500] T-Acc:  92.0%  V-Acc:  50.0%  V-AUROC: 0.8286  LR: 4.00e-06
2026-07-05 09:33:10,390 | [SIFT-DBT] | INFO | candidates.f_swin_sift_dbt.model_trainers.stage2_trainer | S2-Ep [032/500] T-Acc:  92.0%  V-Acc:  50.0%  V-AUROC: 0.8286  LR: 4.00e-06
2026-07-05 09:33:32,551 | [SIFT-DBT] | INFO | candidates.f_swin_sift_dbt.model_trainers.stage2_trainer | S2-Ep [033/500] T-Acc:  92.0%  V-Acc:  50.0%  V-AUROC: 0.8286  LR: 4.00e-06
2026-07-05 09:33:54,693 | [SIFT-DBT] | INFO | candidates.f_swin_sift_dbt.model_trainers.stage2_trainer | S2-Ep [034/500] T-Acc:  92.0%  V-Acc:  50.0%  V-AUROC: 0.8286  LR: 4.00e-06
2026-07-05 09:34:16,817 | [SIFT-DBT] | INFO | candidates.f_swin_sift_dbt.model_trainers.stage2_trainer | S2-Ep [035/500] T-Acc:  92.0%  V-Acc:  50.0%  V-AUROC: 0.8286  LR: 4.00e-06
2026-07-05 09:34:38,948 | [SIFT-DBT] | INFO | candidates.f_swin_sift_dbt.model_trainers.stage2_trainer | S2-Ep [036/500] T-Acc:  92.0%  V-Acc:  50.0%  V-AUROC: 0.8286  LR: 4.00e-06
2026-07-05 09:35:01,089 | [SIFT-DBT] | INFO | candidates.f_swin_sift_dbt.model_trainers.stage2_trainer | S2-Ep [037/500] T-Acc:  92.0%  V-Acc:  50.0%  V-AUROC: 0.8286  LR: 4.00e-06
2026-07-05 09:35:01,090 | [SIFT-DBT] | INFO | candidates.f_swin_sift_dbt.model_trainers.stage2_trainer | Stage 2 early stop — best AUROC 0.8286 at epoch 7
2026-07-05 09:35:01,272 | [SIFT-DBT] | INFO | candidates.f_swin_sift_dbt.model_trainers.stage2_trainer | Restored best-AUROC Stage 2 state (epoch 7, AUROC 0.8286)
2026-07-05 09:35:01,272 | [SIFT-DBT] | INFO | candidates.f_swin_sift_dbt.model_trainers.stage2_trainer | Stage 2 done. Best val AUROC: 0.8286 (epoch 7)
2026-07-05 09:35:16,499 | [SIFT-DBT] | INFO | candidates.f_swin_sift_dbt.hybrid_trainer | -> Fold 02 Result | Acc=0.583  Sens=1.000  Spec=0.000  AUROC=0.829  (S1 val-loss=0.6522)
2026-07-05 09:35:16,500 | [SIFT-DBT] | INFO | candidates.f_swin_sift_dbt.hybrid_trainer | ============================================================
2026-07-05 09:35:16,500 | [SIFT-DBT] | INFO | candidates.f_swin_sift_dbt.hybrid_trainer | === Fold 03/30 | train: 25 subj | test: 12 subj ===
2026-07-05 09:35:16,503 | [SIFT-DBT] | INFO | candidates.f_swin_sift_dbt.hybrid_trainer | Stage 1 fold 3 — flat windows: train 5418 (subj=22)  val 808 (subj=3)
2026-07-05 09:35:17,006 | [SIFT-DBT] | INFO | httpx | HTTP Request: HEAD https://huggingface.co/microsoft/swin-tiny-patch4-window7-224/resolve/main/config.json "HTTP/1.1 307 Temporary Redirect"
2026-07-05 09:35:17,024 | [SIFT-DBT] | INFO | httpx | HTTP Request: HEAD https://huggingface.co/api/resolve-cache/models/microsoft/swin-tiny-patch4-window7-224/d00d478bfaf1f417d34a1186673ad4b4be264c51/config.json "HTTP/1.1 200 OK"
2026-07-05 09:35:17,307 | [SIFT-DBT] | INFO | httpx | HTTP Request: HEAD https://huggingface.co/microsoft/swin-tiny-patch4-window7-224/resolve/main/model.safetensors "HTTP/1.1 302 Found"
2026-07-05 09:35:17,860 | [SIFT-DBT] | INFO | candidates.f_swin_sift_dbt.model_trainers.stage1_trainer | Stage 1 CE weights — HC: 1.630  MCI: 0.721
2026-07-05 09:36:00,293 | [SIFT-DBT] | INFO | candidates.f_swin_sift_dbt.model_trainers.stage1_trainer | S1-Ep [001/50] T-Loss: 0.6834  T-Acc:  59.1%  V-Loss: 0.7118  V-Acc:  48.9%  LR: 1.00e-05
2026-07-05 09:36:42,328 | [SIFT-DBT] | INFO | candidates.f_swin_sift_dbt.model_trainers.stage1_trainer | S1-Ep [002/50] T-Loss: 0.6585  T-Acc:  61.3%  V-Loss: 0.7462  V-Acc:  48.6%  LR: 2.00e-05
2026-07-05 09:37:24,095 | [SIFT-DBT] | INFO | candidates.f_swin_sift_dbt.model_trainers.stage1_trainer | S1-Ep [003/50] T-Loss: 0.6368  T-Acc:  63.8%  V-Loss: 0.7616  V-Acc:  45.5%  LR: 3.00e-05
2026-07-05 09:38:05,892 | [SIFT-DBT] | INFO | candidates.f_swin_sift_dbt.model_trainers.stage1_trainer | S1-Ep [004/50] T-Loss: 0.6118  T-Acc:  67.4%  V-Loss: 0.6991  V-Acc:  54.7%  LR: 4.00e-05
2026-07-05 09:38:49,732 | [SIFT-DBT] | INFO | candidates.f_swin_sift_dbt.model_trainers.stage1_trainer | S1-Ep [005/50] T-Loss: 0.5902  T-Acc:  68.3%  V-Loss: 0.7983  V-Acc:  47.0%  LR: 5.00e-05
2026-07-05 09:39:31,511 | [SIFT-DBT] | INFO | candidates.f_swin_sift_dbt.model_trainers.stage1_trainer | S1-Ep [006/50] T-Loss: 0.4976  T-Acc:  75.7%  V-Loss: 1.1445  V-Acc:  45.8%  LR: 5.00e-05
2026-07-05 09:40:13,281 | [SIFT-DBT] | INFO | candidates.f_swin_sift_dbt.model_trainers.stage1_trainer | S1-Ep [007/50] T-Loss: 0.3816  T-Acc:  82.5%  V-Loss: 1.1233  V-Acc:  52.1%  LR: 5.00e-05
2026-07-05 09:40:55,069 | [SIFT-DBT] | INFO | candidates.f_swin_sift_dbt.model_trainers.stage1_trainer | S1-Ep [008/50] T-Loss: 0.2759  T-Acc:  88.9%  V-Loss: 1.4316  V-Acc:  51.7%  LR: 5.00e-05
2026-07-05 09:41:36,907 | [SIFT-DBT] | INFO | candidates.f_swin_sift_dbt.model_trainers.stage1_trainer | S1-Ep [009/50] T-Loss: 0.1943  T-Acc:  92.4%  V-Loss: 1.6456  V-Acc:  52.0%  LR: 5.00e-05
2026-07-05 09:42:18,699 | [SIFT-DBT] | INFO | candidates.f_swin_sift_dbt.model_trainers.stage1_trainer | S1-Ep [010/50] T-Loss: 0.1578  T-Acc:  94.4%  V-Loss: 2.3045  V-Acc:  50.6%  LR: 5.00e-05
2026-07-05 09:43:00,507 | [SIFT-DBT] | INFO | candidates.f_swin_sift_dbt.model_trainers.stage1_trainer | S1-Ep [011/50] T-Loss: 0.1266  T-Acc:  95.6%  V-Loss: 2.3458  V-Acc:  57.2%  LR: 5.00e-05
2026-07-05 09:43:42,312 | [SIFT-DBT] | INFO | candidates.f_swin_sift_dbt.model_trainers.stage1_trainer | S1-Ep [012/50] T-Loss: 0.1094  T-Acc:  96.7%  V-Loss: 3.2513  V-Acc:  56.4%  LR: 5.00e-05
2026-07-05 09:44:24,093 | [SIFT-DBT] | INFO | candidates.f_swin_sift_dbt.model_trainers.stage1_trainer | S1-Ep [013/50] T-Loss: 0.1109  T-Acc:  96.9%  V-Loss: 3.4860  V-Acc:  49.6%  LR: 5.00e-05
2026-07-05 09:45:05,884 | [SIFT-DBT] | INFO | candidates.f_swin_sift_dbt.model_trainers.stage1_trainer | S1-Ep [014/50] T-Loss: 0.0443  T-Acc:  98.6%  V-Loss: 3.9669  V-Acc:  54.0%  LR: 1.00e-05
2026-07-05 09:45:05,884 | [SIFT-DBT] | INFO | candidates.f_swin_sift_dbt.model_trainers.stage1_trainer | Stage 1 early stop — best val loss 0.6991 at epoch 4
2026-07-05 09:45:05,884 | [SIFT-DBT] | INFO | candidates.f_swin_sift_dbt.model_trainers.stage1_trainer | Stage 1 done. Best val loss: 0.6991 (epoch 4)
2026-07-05 09:45:06,041 | [SIFT-DBT] | INFO | candidates.f_swin_sift_dbt.hybrid_trainer | Stage 2 fold 3 — bundles: train 25 (subj=25)  test 12 (subj=12)
2026-07-05 09:45:06,313 | [SIFT-DBT] | INFO | httpx | HTTP Request: HEAD https://huggingface.co/microsoft/swin-tiny-patch4-window7-224/resolve/main/config.json "HTTP/1.1 307 Temporary Redirect"
2026-07-05 09:45:06,328 | [SIFT-DBT] | INFO | httpx | HTTP Request: HEAD https://huggingface.co/api/resolve-cache/models/microsoft/swin-tiny-patch4-window7-224/d00d478bfaf1f417d34a1186673ad4b4be264c51/config.json "HTTP/1.1 200 OK"
2026-07-05 09:45:06,592 | [SIFT-DBT] | INFO | httpx | HTTP Request: HEAD https://huggingface.co/microsoft/swin-tiny-patch4-window7-224/resolve/main/model.safetensors "HTTP/1.1 302 Found"
2026-07-05 09:45:07,120 | [SIFT-DBT] | INFO | candidates.f_swin_sift_dbt.model_trainers.stage2_trainer | Stage 2 trainable params: 0.074 M  |  frozen: 27.519 M
2026-07-05 09:45:07,121 | [SIFT-DBT] | INFO | candidates.f_swin_sift_dbt.model_trainers.stage2_trainer | Stage 2 CE weights — HC: 1.786  MCI: 0.694
2026-07-05 09:45:30,870 | [SIFT-DBT] | INFO | candidates.f_swin_sift_dbt.model_trainers.stage2_trainer | S2-Ep [001/500] T-Acc:   4.0%  V-Acc:  58.3%  V-AUROC: 0.7143  LR: 2.00e-05
2026-07-05 09:45:53,254 | [SIFT-DBT] | INFO | candidates.f_swin_sift_dbt.model_trainers.stage2_trainer | S2-Ep [002/500] T-Acc:  60.0%  V-Acc:  66.7%  V-AUROC: 0.7429  LR: 4.00e-05
2026-07-05 09:46:17,631 | [SIFT-DBT] | INFO | candidates.f_swin_sift_dbt.model_trainers.stage2_trainer | S2-Ep [003/500] T-Acc:  92.0%  V-Acc:  50.0%  V-AUROC: 0.6857  LR: 6.00e-05
2026-07-05 09:46:39,777 | [SIFT-DBT] | INFO | candidates.f_swin_sift_dbt.model_trainers.stage2_trainer | S2-Ep [004/500] T-Acc:  96.0%  V-Acc:  50.0%  V-AUROC: 0.6857  LR: 8.00e-05
2026-07-05 09:47:01,938 | [SIFT-DBT] | INFO | candidates.f_swin_sift_dbt.model_trainers.stage2_trainer | S2-Ep [005/500] T-Acc:  96.0%  V-Acc:  41.7%  V-AUROC: 0.6857  LR: 1.00e-04
2026-07-05 09:47:24,063 | [SIFT-DBT] | INFO | candidates.f_swin_sift_dbt.model_trainers.stage2_trainer | S2-Ep [006/500] T-Acc:  96.0%  V-Acc:  41.7%  V-AUROC: 0.6286  LR: 1.00e-04
2026-07-05 09:47:46,221 | [SIFT-DBT] | INFO | candidates.f_swin_sift_dbt.model_trainers.stage2_trainer | S2-Ep [007/500] T-Acc:  96.0%  V-Acc:  41.7%  V-AUROC: 0.6000  LR: 1.00e-04
2026-07-05 09:48:08,375 | [SIFT-DBT] | INFO | candidates.f_swin_sift_dbt.model_trainers.stage2_trainer | S2-Ep [008/500] T-Acc:  96.0%  V-Acc:  41.7%  V-AUROC: 0.5714  LR: 1.00e-04
2026-07-05 09:48:30,519 | [SIFT-DBT] | INFO | candidates.f_swin_sift_dbt.model_trainers.stage2_trainer | S2-Ep [009/500] T-Acc:  96.0%  V-Acc:  41.7%  V-AUROC: 0.5714  LR: 1.00e-04
2026-07-05 09:48:52,713 | [SIFT-DBT] | INFO | candidates.f_swin_sift_dbt.model_trainers.stage2_trainer | S2-Ep [010/500] T-Acc:  96.0%  V-Acc:  41.7%  V-AUROC: 0.5714  LR: 1.00e-04
2026-07-05 09:49:14,910 | [SIFT-DBT] | INFO | candidates.f_swin_sift_dbt.model_trainers.stage2_trainer | S2-Ep [011/500] T-Acc:  96.0%  V-Acc:  50.0%  V-AUROC: 0.6000  LR: 1.00e-04
2026-07-05 09:49:37,106 | [SIFT-DBT] | INFO | candidates.f_swin_sift_dbt.model_trainers.stage2_trainer | S2-Ep [012/500] T-Acc:  96.0%  V-Acc:  50.0%  V-AUROC: 0.6000  LR: 1.00e-04
2026-07-05 09:49:59,269 | [SIFT-DBT] | INFO | candidates.f_swin_sift_dbt.model_trainers.stage2_trainer | S2-Ep [013/500] T-Acc:  96.0%  V-Acc:  50.0%  V-AUROC: 0.6000  LR: 1.00e-04
2026-07-05 09:50:21,400 | [SIFT-DBT] | INFO | candidates.f_swin_sift_dbt.model_trainers.stage2_trainer | S2-Ep [014/500] T-Acc:  96.0%  V-Acc:  50.0%  V-AUROC: 0.6000  LR: 1.00e-04
2026-07-05 09:50:43,554 | [SIFT-DBT] | INFO | candidates.f_swin_sift_dbt.model_trainers.stage2_trainer | S2-Ep [015/500] T-Acc:  96.0%  V-Acc:  50.0%  V-AUROC: 0.6000  LR: 1.00e-04
2026-07-05 09:51:05,708 | [SIFT-DBT] | INFO | candidates.f_swin_sift_dbt.model_trainers.stage2_trainer | S2-Ep [016/500] T-Acc:  96.0%  V-Acc:  50.0%  V-AUROC: 0.6000  LR: 1.00e-04
2026-07-05 09:51:27,909 | [SIFT-DBT] | INFO | candidates.f_swin_sift_dbt.model_trainers.stage2_trainer | S2-Ep [017/500] T-Acc:  96.0%  V-Acc:  50.0%  V-AUROC: 0.6000  LR: 1.00e-04
2026-07-05 09:51:50,074 | [SIFT-DBT] | INFO | candidates.f_swin_sift_dbt.model_trainers.stage2_trainer | S2-Ep [018/500] T-Acc:  96.0%  V-Acc:  50.0%  V-AUROC: 0.6000  LR: 2.00e-05
2026-07-05 09:52:12,206 | [SIFT-DBT] | INFO | candidates.f_swin_sift_dbt.model_trainers.stage2_trainer | S2-Ep [019/500] T-Acc:  96.0%  V-Acc:  50.0%  V-AUROC: 0.6000  LR: 2.00e-05
2026-07-05 09:52:34,332 | [SIFT-DBT] | INFO | candidates.f_swin_sift_dbt.model_trainers.stage2_trainer | S2-Ep [020/500] T-Acc:  96.0%  V-Acc:  50.0%  V-AUROC: 0.6000  LR: 2.00e-05
2026-07-05 09:52:56,492 | [SIFT-DBT] | INFO | candidates.f_swin_sift_dbt.model_trainers.stage2_trainer | S2-Ep [021/500] T-Acc:  96.0%  V-Acc:  50.0%  V-AUROC: 0.6000  LR: 2.00e-05
2026-07-05 09:53:18,627 | [SIFT-DBT] | INFO | candidates.f_swin_sift_dbt.model_trainers.stage2_trainer | S2-Ep [022/500] T-Acc:  96.0%  V-Acc:  50.0%  V-AUROC: 0.6000  LR: 2.00e-05
2026-07-05 09:53:40,771 | [SIFT-DBT] | INFO | candidates.f_swin_sift_dbt.model_trainers.stage2_trainer | S2-Ep [023/500] T-Acc:  96.0%  V-Acc:  50.0%  V-AUROC: 0.6000  LR: 2.00e-05
2026-07-05 09:54:02,909 | [SIFT-DBT] | INFO | candidates.f_swin_sift_dbt.model_trainers.stage2_trainer | S2-Ep [024/500] T-Acc:  96.0%  V-Acc:  50.0%  V-AUROC: 0.6000  LR: 2.00e-05
2026-07-05 09:54:25,039 | [SIFT-DBT] | INFO | candidates.f_swin_sift_dbt.model_trainers.stage2_trainer | S2-Ep [025/500] T-Acc:  96.0%  V-Acc:  50.0%  V-AUROC: 0.6000  LR: 2.00e-05
2026-07-05 09:54:47,189 | [SIFT-DBT] | INFO | candidates.f_swin_sift_dbt.model_trainers.stage2_trainer | S2-Ep [026/500] T-Acc:  96.0%  V-Acc:  50.0%  V-AUROC: 0.6000  LR: 2.00e-05
2026-07-05 09:55:09,336 | [SIFT-DBT] | INFO | candidates.f_swin_sift_dbt.model_trainers.stage2_trainer | S2-Ep [027/500] T-Acc:  96.0%  V-Acc:  50.0%  V-AUROC: 0.6000  LR: 2.00e-05
2026-07-05 09:55:31,483 | [SIFT-DBT] | INFO | candidates.f_swin_sift_dbt.model_trainers.stage2_trainer | S2-Ep [028/500] T-Acc:  92.0%  V-Acc:  50.0%  V-AUROC: 0.6000  LR: 2.00e-05
2026-07-05 09:55:53,620 | [SIFT-DBT] | INFO | candidates.f_swin_sift_dbt.model_trainers.stage2_trainer | S2-Ep [029/500] T-Acc:  96.0%  V-Acc:  50.0%  V-AUROC: 0.6000  LR: 4.00e-06
2026-07-05 09:56:15,785 | [SIFT-DBT] | INFO | candidates.f_swin_sift_dbt.model_trainers.stage2_trainer | S2-Ep [030/500] T-Acc:  96.0%  V-Acc:  50.0%  V-AUROC: 0.6000  LR: 4.00e-06
2026-07-05 09:56:37,931 | [SIFT-DBT] | INFO | candidates.f_swin_sift_dbt.model_trainers.stage2_trainer | S2-Ep [031/500] T-Acc:  96.0%  V-Acc:  50.0%  V-AUROC: 0.6000  LR: 4.00e-06
2026-07-05 09:57:00,152 | [SIFT-DBT] | INFO | candidates.f_swin_sift_dbt.model_trainers.stage2_trainer | S2-Ep [032/500] T-Acc:  96.0%  V-Acc:  50.0%  V-AUROC: 0.6000  LR: 4.00e-06
2026-07-05 09:57:00,153 | [SIFT-DBT] | INFO | candidates.f_swin_sift_dbt.model_trainers.stage2_trainer | Stage 2 early stop — best AUROC 0.7429 at epoch 2
2026-07-05 09:57:00,307 | [SIFT-DBT] | INFO | candidates.f_swin_sift_dbt.model_trainers.stage2_trainer | Restored best-AUROC Stage 2 state (epoch 2, AUROC 0.7429)
2026-07-05 09:57:00,307 | [SIFT-DBT] | INFO | candidates.f_swin_sift_dbt.model_trainers.stage2_trainer | Stage 2 done. Best val AUROC: 0.7429 (epoch 2)
2026-07-05 09:57:16,193 | [SIFT-DBT] | INFO | candidates.f_swin_sift_dbt.hybrid_trainer | -> Fold 03 Result | Acc=0.667  Sens=0.200  Spec=1.000  AUROC=0.743  (S1 val-loss=0.6991)
2026-07-05 09:57:16,194 | [SIFT-DBT] | INFO | candidates.f_swin_sift_dbt.hybrid_trainer | ============================================================
2026-07-05 09:57:16,194 | [SIFT-DBT] | INFO | candidates.f_swin_sift_dbt.hybrid_trainer | === Fold 04/30 | train: 25 subj | test: 12 subj ===
2026-07-05 09:57:16,196 | [SIFT-DBT] | INFO | candidates.f_swin_sift_dbt.hybrid_trainer | Stage 1 fold 4 — flat windows: train 5597 (subj=22)  val 793 (subj=3)
2026-07-05 09:57:16,472 | [SIFT-DBT] | INFO | httpx | HTTP Request: HEAD https://huggingface.co/microsoft/swin-tiny-patch4-window7-224/resolve/main/config.json "HTTP/1.1 307 Temporary Redirect"
2026-07-05 09:57:16,488 | [SIFT-DBT] | INFO | httpx | HTTP Request: HEAD https://huggingface.co/api/resolve-cache/models/microsoft/swin-tiny-patch4-window7-224/d00d478bfaf1f417d34a1186673ad4b4be264c51/config.json "HTTP/1.1 200 OK"
2026-07-05 09:57:16,747 | [SIFT-DBT] | INFO | httpx | HTTP Request: HEAD https://huggingface.co/microsoft/swin-tiny-patch4-window7-224/resolve/main/model.safetensors "HTTP/1.1 302 Found"
2026-07-05 09:57:17,280 | [SIFT-DBT] | INFO | candidates.f_swin_sift_dbt.model_trainers.stage1_trainer | Stage 1 CE weights — HC: 1.349  MCI: 0.795
2026-07-05 09:58:00,927 | [SIFT-DBT] | INFO | candidates.f_swin_sift_dbt.model_trainers.stage1_trainer | S1-Ep [001/50] T-Loss: 0.6692  T-Acc:  58.7%  V-Loss: 0.7936  V-Acc:  44.8%  LR: 1.00e-05
2026-07-05 09:58:44,112 | [SIFT-DBT] | INFO | candidates.f_swin_sift_dbt.model_trainers.stage1_trainer | S1-Ep [002/50] T-Loss: 0.6529  T-Acc:  60.6%  V-Loss: 0.8280  V-Acc:  46.3%  LR: 2.00e-05
2026-07-05 09:59:27,101 | [SIFT-DBT] | INFO | candidates.f_swin_sift_dbt.model_trainers.stage1_trainer | S1-Ep [003/50] T-Loss: 0.6311  T-Acc:  63.7%  V-Loss: 0.7720  V-Acc:  52.0%  LR: 3.00e-05
2026-07-05 10:00:12,427 | [SIFT-DBT] | INFO | candidates.f_swin_sift_dbt.model_trainers.stage1_trainer | S1-Ep [004/50] T-Loss: 0.6190  T-Acc:  65.2%  V-Loss: 0.7700  V-Acc:  49.3%  LR: 4.00e-05
2026-07-05 10:00:57,181 | [SIFT-DBT] | INFO | candidates.f_swin_sift_dbt.model_trainers.stage1_trainer | S1-Ep [005/50] T-Loss: 0.5982  T-Acc:  66.7%  V-Loss: 0.8624  V-Acc:  46.2%  LR: 5.00e-05
2026-07-05 10:01:40,197 | [SIFT-DBT] | INFO | candidates.f_swin_sift_dbt.model_trainers.stage1_trainer | S1-Ep [006/50] T-Loss: 0.5364  T-Acc:  72.1%  V-Loss: 1.0982  V-Acc:  42.2%  LR: 5.00e-05
2026-07-05 10:02:23,240 | [SIFT-DBT] | INFO | candidates.f_swin_sift_dbt.model_trainers.stage1_trainer | S1-Ep [007/50] T-Loss: 0.4464  T-Acc:  78.1%  V-Loss: 1.5504  V-Acc:  37.2%  LR: 5.00e-05
2026-07-05 10:03:06,209 | [SIFT-DBT] | INFO | candidates.f_swin_sift_dbt.model_trainers.stage1_trainer | S1-Ep [008/50] T-Loss: 0.3377  T-Acc:  84.9%  V-Loss: 1.6009  V-Acc:  44.3%  LR: 5.00e-05
2026-07-05 10:03:49,186 | [SIFT-DBT] | INFO | candidates.f_swin_sift_dbt.model_trainers.stage1_trainer | S1-Ep [009/50] T-Loss: 0.2428  T-Acc:  89.8%  V-Loss: 2.2201  V-Acc:  43.9%  LR: 5.00e-05
2026-07-05 10:04:32,173 | [SIFT-DBT] | INFO | candidates.f_swin_sift_dbt.model_trainers.stage1_trainer | S1-Ep [010/50] T-Loss: 0.1795  T-Acc:  92.8%  V-Loss: 3.0227  V-Acc:  40.5%  LR: 5.00e-05
2026-07-05 10:05:15,139 | [SIFT-DBT] | INFO | candidates.f_swin_sift_dbt.model_trainers.stage1_trainer | S1-Ep [011/50] T-Loss: 0.1397  T-Acc:  94.9%  V-Loss: 3.7238  V-Acc:  42.1%  LR: 5.00e-05
2026-07-05 10:05:58,131 | [SIFT-DBT] | INFO | candidates.f_swin_sift_dbt.model_trainers.stage1_trainer | S1-Ep [012/50] T-Loss: 0.1383  T-Acc:  95.0%  V-Loss: 2.8158  V-Acc:  42.7%  LR: 5.00e-05
2026-07-05 10:06:41,112 | [SIFT-DBT] | INFO | candidates.f_swin_sift_dbt.model_trainers.stage1_trainer | S1-Ep [013/50] T-Loss: 0.0459  T-Acc:  98.4%  V-Loss: 5.0439  V-Acc:  42.1%  LR: 1.00e-05
2026-07-05 10:07:24,068 | [SIFT-DBT] | INFO | candidates.f_swin_sift_dbt.model_trainers.stage1_trainer | S1-Ep [014/50] T-Loss: 0.0398  T-Acc:  98.9%  V-Loss: 4.9333  V-Acc:  43.5%  LR: 1.00e-05
2026-07-05 10:07:24,069 | [SIFT-DBT] | INFO | candidates.f_swin_sift_dbt.model_trainers.stage1_trainer | Stage 1 early stop — best val loss 0.7700 at epoch 4
2026-07-05 10:07:24,069 | [SIFT-DBT] | INFO | candidates.f_swin_sift_dbt.model_trainers.stage1_trainer | Stage 1 done. Best val loss: 0.7700 (epoch 4)
2026-07-05 10:07:24,226 | [SIFT-DBT] | INFO | candidates.f_swin_sift_dbt.hybrid_trainer | Stage 2 fold 4 — bundles: train 25 (subj=25)  test 12 (subj=12)
2026-07-05 10:07:24,601 | [SIFT-DBT] | INFO | httpx | HTTP Request: HEAD https://huggingface.co/microsoft/swin-tiny-patch4-window7-224/resolve/main/config.json "HTTP/1.1 307 Temporary Redirect"
2026-07-05 10:07:24,617 | [SIFT-DBT] | INFO | httpx | HTTP Request: HEAD https://huggingface.co/api/resolve-cache/models/microsoft/swin-tiny-patch4-window7-224/d00d478bfaf1f417d34a1186673ad4b4be264c51/config.json "HTTP/1.1 200 OK"
2026-07-05 10:07:24,909 | [SIFT-DBT] | INFO | httpx | HTTP Request: HEAD https://huggingface.co/microsoft/swin-tiny-patch4-window7-224/resolve/main/model.safetensors "HTTP/1.1 302 Found"
2026-07-05 10:07:25,459 | [SIFT-DBT] | INFO | candidates.f_swin_sift_dbt.model_trainers.stage2_trainer | Stage 2 trainable params: 0.074 M  |  frozen: 27.519 M
2026-07-05 10:07:25,460 | [SIFT-DBT] | INFO | candidates.f_swin_sift_dbt.model_trainers.stage2_trainer | Stage 2 CE weights — HC: 1.389  MCI: 0.781
2026-07-05 10:07:48,967 | [SIFT-DBT] | INFO | candidates.f_swin_sift_dbt.model_trainers.stage2_trainer | S2-Ep [001/500] T-Acc:  64.0%  V-Acc:  58.3%  V-AUROC: 0.8000  LR: 2.00e-05
2026-07-05 10:08:11,325 | [SIFT-DBT] | INFO | candidates.f_swin_sift_dbt.model_trainers.stage2_trainer | S2-Ep [002/500] T-Acc:  64.0%  V-Acc:  58.3%  V-AUROC: 0.8000  LR: 4.00e-05
2026-07-05 10:08:33,497 | [SIFT-DBT] | INFO | candidates.f_swin_sift_dbt.model_trainers.stage2_trainer | S2-Ep [003/500] T-Acc:  64.0%  V-Acc:  58.3%  V-AUROC: 0.8000  LR: 6.00e-05
2026-07-05 10:08:55,633 | [SIFT-DBT] | INFO | candidates.f_swin_sift_dbt.model_trainers.stage2_trainer | S2-Ep [004/500] T-Acc:  88.0%  V-Acc:  58.3%  V-AUROC: 0.8000  LR: 8.00e-05
2026-07-05 10:09:17,770 | [SIFT-DBT] | INFO | candidates.f_swin_sift_dbt.model_trainers.stage2_trainer | S2-Ep [005/500] T-Acc:  92.0%  V-Acc:  66.7%  V-AUROC: 0.8000  LR: 1.00e-04
2026-07-05 10:09:40,214 | [SIFT-DBT] | INFO | candidates.f_swin_sift_dbt.model_trainers.stage2_trainer | S2-Ep [006/500] T-Acc:  92.0%  V-Acc:  66.7%  V-AUROC: 0.8000  LR: 1.00e-04
2026-07-05 10:10:02,645 | [SIFT-DBT] | INFO | candidates.f_swin_sift_dbt.model_trainers.stage2_trainer | S2-Ep [007/500] T-Acc:  92.0%  V-Acc:  75.0%  V-AUROC: 0.8000  LR: 1.00e-04
2026-07-05 10:10:24,797 | [SIFT-DBT] | INFO | candidates.f_swin_sift_dbt.model_trainers.stage2_trainer | S2-Ep [008/500] T-Acc:  92.0%  V-Acc:  91.7%  V-AUROC: 0.8000  LR: 1.00e-04
2026-07-05 10:10:47,235 | [SIFT-DBT] | INFO | candidates.f_swin_sift_dbt.model_trainers.stage2_trainer | S2-Ep [009/500] T-Acc:  92.0%  V-Acc:  83.3%  V-AUROC: 0.8000  LR: 1.00e-04
2026-07-05 10:11:09,383 | [SIFT-DBT] | INFO | candidates.f_swin_sift_dbt.model_trainers.stage2_trainer | S2-Ep [010/500] T-Acc:  96.0%  V-Acc:  66.7%  V-AUROC: 0.8000  LR: 1.00e-04
2026-07-05 10:11:31,572 | [SIFT-DBT] | INFO | candidates.f_swin_sift_dbt.model_trainers.stage2_trainer | S2-Ep [011/500] T-Acc:  96.0%  V-Acc:  66.7%  V-AUROC: 0.8000  LR: 1.00e-04
2026-07-05 10:11:53,754 | [SIFT-DBT] | INFO | candidates.f_swin_sift_dbt.model_trainers.stage2_trainer | S2-Ep [012/500] T-Acc:  96.0%  V-Acc:  66.7%  V-AUROC: 0.8000  LR: 1.00e-04
2026-07-05 10:12:15,920 | [SIFT-DBT] | INFO | candidates.f_swin_sift_dbt.model_trainers.stage2_trainer | S2-Ep [013/500] T-Acc:  96.0%  V-Acc:  66.7%  V-AUROC: 0.8000  LR: 1.00e-04
2026-07-05 10:12:38,126 | [SIFT-DBT] | INFO | candidates.f_swin_sift_dbt.model_trainers.stage2_trainer | S2-Ep [014/500] T-Acc:  96.0%  V-Acc:  66.7%  V-AUROC: 0.8000  LR: 1.00e-04
2026-07-05 10:13:00,263 | [SIFT-DBT] | INFO | candidates.f_swin_sift_dbt.model_trainers.stage2_trainer | S2-Ep [015/500] T-Acc:  92.0%  V-Acc:  66.7%  V-AUROC: 0.8000  LR: 1.00e-04
2026-07-05 10:13:22,398 | [SIFT-DBT] | INFO | candidates.f_swin_sift_dbt.model_trainers.stage2_trainer | S2-Ep [016/500] T-Acc:  96.0%  V-Acc:  66.7%  V-AUROC: 0.8000  LR: 1.00e-04
2026-07-05 10:13:44,538 | [SIFT-DBT] | INFO | candidates.f_swin_sift_dbt.model_trainers.stage2_trainer | S2-Ep [017/500] T-Acc:  96.0%  V-Acc:  66.7%  V-AUROC: 0.8000  LR: 1.00e-04
2026-07-05 10:14:06,663 | [SIFT-DBT] | INFO | candidates.f_swin_sift_dbt.model_trainers.stage2_trainer | S2-Ep [018/500] T-Acc:  96.0%  V-Acc:  66.7%  V-AUROC: 0.8000  LR: 2.00e-05
2026-07-05 10:14:28,804 | [SIFT-DBT] | INFO | candidates.f_swin_sift_dbt.model_trainers.stage2_trainer | S2-Ep [019/500] T-Acc:  96.0%  V-Acc:  66.7%  V-AUROC: 0.8000  LR: 2.00e-05
2026-07-05 10:14:50,941 | [SIFT-DBT] | INFO | candidates.f_swin_sift_dbt.model_trainers.stage2_trainer | S2-Ep [020/500] T-Acc:  96.0%  V-Acc:  66.7%  V-AUROC: 0.8000  LR: 2.00e-05
2026-07-05 10:15:13,074 | [SIFT-DBT] | INFO | candidates.f_swin_sift_dbt.model_trainers.stage2_trainer | S2-Ep [021/500] T-Acc:  96.0%  V-Acc:  66.7%  V-AUROC: 0.8000  LR: 2.00e-05
2026-07-05 10:15:35,208 | [SIFT-DBT] | INFO | candidates.f_swin_sift_dbt.model_trainers.stage2_trainer | S2-Ep [022/500] T-Acc:  96.0%  V-Acc:  66.7%  V-AUROC: 0.8000  LR: 2.00e-05
2026-07-05 10:15:57,411 | [SIFT-DBT] | INFO | candidates.f_swin_sift_dbt.model_trainers.stage2_trainer | S2-Ep [023/500] T-Acc:  96.0%  V-Acc:  66.7%  V-AUROC: 0.8000  LR: 2.00e-05
2026-07-05 10:16:19,544 | [SIFT-DBT] | INFO | candidates.f_swin_sift_dbt.model_trainers.stage2_trainer | S2-Ep [024/500] T-Acc:  96.0%  V-Acc:  58.3%  V-AUROC: 0.8000  LR: 2.00e-05
2026-07-05 10:16:41,678 | [SIFT-DBT] | INFO | candidates.f_swin_sift_dbt.model_trainers.stage2_trainer | S2-Ep [025/500] T-Acc:  96.0%  V-Acc:  58.3%  V-AUROC: 0.8000  LR: 2.00e-05
2026-07-05 10:17:03,844 | [SIFT-DBT] | INFO | candidates.f_swin_sift_dbt.model_trainers.stage2_trainer | S2-Ep [026/500] T-Acc:  96.0%  V-Acc:  58.3%  V-AUROC: 0.8000  LR: 2.00e-05
2026-07-05 10:17:26,029 | [SIFT-DBT] | INFO | candidates.f_swin_sift_dbt.model_trainers.stage2_trainer | S2-Ep [027/500] T-Acc:  96.0%  V-Acc:  58.3%  V-AUROC: 0.8000  LR: 2.00e-05
2026-07-05 10:17:48,480 | [SIFT-DBT] | INFO | candidates.f_swin_sift_dbt.model_trainers.stage2_trainer | S2-Ep [028/500] T-Acc:  96.0%  V-Acc:  58.3%  V-AUROC: 0.8000  LR: 2.00e-05
2026-07-05 10:18:10,699 | [SIFT-DBT] | INFO | candidates.f_swin_sift_dbt.model_trainers.stage2_trainer | S2-Ep [029/500] T-Acc:  96.0%  V-Acc:  58.3%  V-AUROC: 0.8000  LR: 4.00e-06
2026-07-05 10:18:32,835 | [SIFT-DBT] | INFO | candidates.f_swin_sift_dbt.model_trainers.stage2_trainer | S2-Ep [030/500] T-Acc:  96.0%  V-Acc:  58.3%  V-AUROC: 0.8000  LR: 4.00e-06
2026-07-05 10:18:54,953 | [SIFT-DBT] | INFO | candidates.f_swin_sift_dbt.model_trainers.stage2_trainer | S2-Ep [031/500] T-Acc:  96.0%  V-Acc:  58.3%  V-AUROC: 0.8000  LR: 4.00e-06
2026-07-05 10:18:54,954 | [SIFT-DBT] | INFO | candidates.f_swin_sift_dbt.model_trainers.stage2_trainer | Stage 2 early stop — best AUROC 0.8000 at epoch 1
2026-07-05 10:18:55,104 | [SIFT-DBT] | INFO | candidates.f_swin_sift_dbt.model_trainers.stage2_trainer | Restored best-AUROC Stage 2 state (epoch 1, AUROC 0.8000)
2026-07-05 10:18:55,105 | [SIFT-DBT] | INFO | candidates.f_swin_sift_dbt.model_trainers.stage2_trainer | Stage 2 done. Best val AUROC: 0.8000 (epoch 1)
2026-07-05 10:19:10,285 | [SIFT-DBT] | INFO | candidates.f_swin_sift_dbt.hybrid_trainer | -> Fold 04 Result | Acc=0.583  Sens=1.000  Spec=0.000  AUROC=0.800  (S1 val-loss=0.7700)
2026-07-05 10:19:10,286 | [SIFT-DBT] | INFO | candidates.f_swin_sift_dbt.hybrid_trainer | ============================================================
2026-07-05 10:19:10,286 | [SIFT-DBT] | INFO | candidates.f_swin_sift_dbt.hybrid_trainer | === Fold 05/30 | train: 25 subj | test: 12 subj ===
2026-07-05 10:19:10,289 | [SIFT-DBT] | INFO | candidates.f_swin_sift_dbt.hybrid_trainer | Stage 1 fold 5 — flat windows: train 5419 (subj=22)  val 786 (subj=3)
2026-07-05 10:19:10,587 | [SIFT-DBT] | INFO | httpx | HTTP Request: HEAD https://huggingface.co/microsoft/swin-tiny-patch4-window7-224/resolve/main/config.json "HTTP/1.1 307 Temporary Redirect"
2026-07-05 10:19:10,604 | [SIFT-DBT] | INFO | httpx | HTTP Request: HEAD https://huggingface.co/api/resolve-cache/models/microsoft/swin-tiny-patch4-window7-224/d00d478bfaf1f417d34a1186673ad4b4be264c51/config.json "HTTP/1.1 200 OK"
2026-07-05 10:19:10,899 | [SIFT-DBT] | INFO | httpx | HTTP Request: HEAD https://huggingface.co/microsoft/swin-tiny-patch4-window7-224/resolve/main/model.safetensors "HTTP/1.1 302 Found"
2026-07-05 10:19:11,400 | [SIFT-DBT] | INFO | candidates.f_swin_sift_dbt.model_trainers.stage1_trainer | Stage 1 CE weights — HC: 1.360  MCI: 0.791
2026-07-05 10:19:53,812 | [SIFT-DBT] | INFO | candidates.f_swin_sift_dbt.model_trainers.stage1_trainer | S1-Ep [001/50] T-Loss: 0.6826  T-Acc:  55.8%  V-Loss: 0.6996  V-Acc:  52.9%  LR: 1.00e-05
2026-07-05 10:20:35,769 | [SIFT-DBT] | INFO | candidates.f_swin_sift_dbt.model_trainers.stage1_trainer | S1-Ep [002/50] T-Loss: 0.6533  T-Acc:  62.1%  V-Loss: 0.8148  V-Acc:  45.3%  LR: 2.00e-05
2026-07-05 10:21:17,483 | [SIFT-DBT] | INFO | candidates.f_swin_sift_dbt.model_trainers.stage1_trainer | S1-Ep [003/50] T-Loss: 0.6273  T-Acc:  64.8%  V-Loss: 0.8189  V-Acc:  41.5%  LR: 3.00e-05
2026-07-05 10:21:59,227 | [SIFT-DBT] | INFO | candidates.f_swin_sift_dbt.model_trainers.stage1_trainer | S1-Ep [004/50] T-Loss: 0.6203  T-Acc:  66.0%  V-Loss: 0.8081  V-Acc:  47.5%  LR: 4.00e-05
2026-07-05 10:22:40,962 | [SIFT-DBT] | INFO | candidates.f_swin_sift_dbt.model_trainers.stage1_trainer | S1-Ep [005/50] T-Loss: 0.5701  T-Acc:  70.6%  V-Loss: 0.8621  V-Acc:  50.0%  LR: 5.00e-05
2026-07-05 10:23:22,739 | [SIFT-DBT] | INFO | candidates.f_swin_sift_dbt.model_trainers.stage1_trainer | S1-Ep [006/50] T-Loss: 0.4958  T-Acc:  76.5%  V-Loss: 0.9160  V-Acc:  52.4%  LR: 5.00e-05
2026-07-05 10:24:04,443 | [SIFT-DBT] | INFO | candidates.f_swin_sift_dbt.model_trainers.stage1_trainer | S1-Ep [007/50] T-Loss: 0.3656  T-Acc:  84.4%  V-Loss: 1.2489  V-Acc:  49.5%  LR: 5.00e-05
2026-07-05 10:24:46,200 | [SIFT-DBT] | INFO | candidates.f_swin_sift_dbt.model_trainers.stage1_trainer | S1-Ep [008/50] T-Loss: 0.2477  T-Acc:  90.1%  V-Loss: 1.5173  V-Acc:  52.0%  LR: 5.00e-05
2026-07-05 10:25:27,933 | [SIFT-DBT] | INFO | candidates.f_swin_sift_dbt.model_trainers.stage1_trainer | S1-Ep [009/50] T-Loss: 0.1779  T-Acc:  93.1%  V-Loss: 2.0451  V-Acc:  54.8%  LR: 5.00e-05
2026-07-05 10:26:09,685 | [SIFT-DBT] | INFO | candidates.f_swin_sift_dbt.model_trainers.stage1_trainer | S1-Ep [010/50] T-Loss: 0.1460  T-Acc:  94.5%  V-Loss: 1.9126  V-Acc:  46.1%  LR: 5.00e-05
2026-07-05 10:26:51,426 | [SIFT-DBT] | INFO | candidates.f_swin_sift_dbt.model_trainers.stage1_trainer | S1-Ep [011/50] T-Loss: 0.1267  T-Acc:  95.3%  V-Loss: 2.6114  V-Acc:  52.0%  LR: 5.00e-05
2026-07-05 10:26:51,426 | [SIFT-DBT] | INFO | candidates.f_swin_sift_dbt.model_trainers.stage1_trainer | Stage 1 early stop — best val loss 0.6996 at epoch 1
2026-07-05 10:26:51,426 | [SIFT-DBT] | INFO | candidates.f_swin_sift_dbt.model_trainers.stage1_trainer | Stage 1 done. Best val loss: 0.6996 (epoch 1)
2026-07-05 10:26:51,583 | [SIFT-DBT] | INFO | candidates.f_swin_sift_dbt.hybrid_trainer | Stage 2 fold 5 — bundles: train 25 (subj=25)  test 12 (subj=12)
2026-07-05 10:26:51,828 | [SIFT-DBT] | INFO | httpx | HTTP Request: HEAD https://huggingface.co/microsoft/swin-tiny-patch4-window7-224/resolve/main/config.json "HTTP/1.1 307 Temporary Redirect"
2026-07-05 10:26:51,844 | [SIFT-DBT] | INFO | httpx | HTTP Request: HEAD https://huggingface.co/api/resolve-cache/models/microsoft/swin-tiny-patch4-window7-224/d00d478bfaf1f417d34a1186673ad4b4be264c51/config.json "HTTP/1.1 200 OK"
2026-07-05 10:26:52,111 | [SIFT-DBT] | INFO | httpx | HTTP Request: HEAD https://huggingface.co/microsoft/swin-tiny-patch4-window7-224/resolve/main/model.safetensors "HTTP/1.1 302 Found"
2026-07-05 10:26:52,544 | [SIFT-DBT] | INFO | candidates.f_swin_sift_dbt.model_trainers.stage2_trainer | Stage 2 trainable params: 0.074 M  |  frozen: 27.519 M
2026-07-05 10:26:52,545 | [SIFT-DBT] | INFO | candidates.f_swin_sift_dbt.model_trainers.stage2_trainer | Stage 2 CE weights — HC: 1.562  MCI: 0.735
2026-07-05 10:27:16,204 | [SIFT-DBT] | INFO | candidates.f_swin_sift_dbt.model_trainers.stage2_trainer | S2-Ep [001/500] T-Acc:  96.0%  V-Acc:  50.0%  V-AUROC: 0.7500  LR: 2.00e-05
2026-07-05 10:27:38,594 | [SIFT-DBT] | INFO | candidates.f_swin_sift_dbt.model_trainers.stage2_trainer | S2-Ep [002/500] T-Acc:  96.0%  V-Acc:  50.0%  V-AUROC: 0.7500  LR: 4.00e-05
2026-07-05 10:28:00,742 | [SIFT-DBT] | INFO | candidates.f_swin_sift_dbt.model_trainers.stage2_trainer | S2-Ep [003/500] T-Acc:  96.0%  V-Acc:  50.0%  V-AUROC: 0.7500  LR: 6.00e-05
2026-07-05 10:28:22,956 | [SIFT-DBT] | INFO | candidates.f_swin_sift_dbt.model_trainers.stage2_trainer | S2-Ep [004/500] T-Acc:  96.0%  V-Acc:  50.0%  V-AUROC: 0.7500  LR: 8.00e-05
2026-07-05 10:28:45,087 | [SIFT-DBT] | INFO | candidates.f_swin_sift_dbt.model_trainers.stage2_trainer | S2-Ep [005/500] T-Acc:  96.0%  V-Acc:  50.0%  V-AUROC: 0.7500  LR: 1.00e-04
2026-07-05 10:29:07,241 | [SIFT-DBT] | INFO | candidates.f_swin_sift_dbt.model_trainers.stage2_trainer | S2-Ep [006/500] T-Acc:  96.0%  V-Acc:  50.0%  V-AUROC: 0.7500  LR: 1.00e-04
2026-07-05 10:29:29,389 | [SIFT-DBT] | INFO | candidates.f_swin_sift_dbt.model_trainers.stage2_trainer | S2-Ep [007/500] T-Acc:  96.0%  V-Acc:  41.7%  V-AUROC: 0.7500  LR: 1.00e-04
2026-07-05 10:29:51,586 | [SIFT-DBT] | INFO | candidates.f_swin_sift_dbt.model_trainers.stage2_trainer | S2-Ep [008/500] T-Acc:  96.0%  V-Acc:  41.7%  V-AUROC: 0.7500  LR: 1.00e-04
2026-07-05 10:30:13,731 | [SIFT-DBT] | INFO | candidates.f_swin_sift_dbt.model_trainers.stage2_trainer | S2-Ep [009/500] T-Acc:  92.0%  V-Acc:  41.7%  V-AUROC: 0.7500  LR: 1.00e-04
2026-07-05 10:30:35,871 | [SIFT-DBT] | INFO | candidates.f_swin_sift_dbt.model_trainers.stage2_trainer | S2-Ep [010/500] T-Acc:  92.0%  V-Acc:  41.7%  V-AUROC: 0.7500  LR: 1.00e-04
2026-07-05 10:30:58,027 | [SIFT-DBT] | INFO | candidates.f_swin_sift_dbt.model_trainers.stage2_trainer | S2-Ep [011/500] T-Acc:  92.0%  V-Acc:  41.7%  V-AUROC: 0.7500  LR: 1.00e-04
2026-07-05 10:31:20,180 | [SIFT-DBT] | INFO | candidates.f_swin_sift_dbt.model_trainers.stage2_trainer | S2-Ep [012/500] T-Acc:  92.0%  V-Acc:  41.7%  V-AUROC: 0.7500  LR: 1.00e-04
2026-07-05 10:31:42,353 | [SIFT-DBT] | INFO | candidates.f_swin_sift_dbt.model_trainers.stage2_trainer | S2-Ep [013/500] T-Acc:  92.0%  V-Acc:  41.7%  V-AUROC: 0.7500  LR: 1.00e-04
2026-07-05 10:32:04,481 | [SIFT-DBT] | INFO | candidates.f_swin_sift_dbt.model_trainers.stage2_trainer | S2-Ep [014/500] T-Acc:  92.0%  V-Acc:  41.7%  V-AUROC: 0.7222  LR: 1.00e-04
2026-07-05 10:32:26,632 | [SIFT-DBT] | INFO | candidates.f_swin_sift_dbt.model_trainers.stage2_trainer | S2-Ep [015/500] T-Acc:  96.0%  V-Acc:  41.7%  V-AUROC: 0.7222  LR: 1.00e-04
2026-07-05 10:32:48,801 | [SIFT-DBT] | INFO | candidates.f_swin_sift_dbt.model_trainers.stage2_trainer | S2-Ep [016/500] T-Acc:  92.0%  V-Acc:  41.7%  V-AUROC: 0.7222  LR: 1.00e-04
2026-07-05 10:33:10,946 | [SIFT-DBT] | INFO | candidates.f_swin_sift_dbt.model_trainers.stage2_trainer | S2-Ep [017/500] T-Acc:  96.0%  V-Acc:  41.7%  V-AUROC: 0.7222  LR: 1.00e-04
2026-07-05 10:33:33,215 | [SIFT-DBT] | INFO | candidates.f_swin_sift_dbt.model_trainers.stage2_trainer | S2-Ep [018/500] T-Acc:  92.0%  V-Acc:  41.7%  V-AUROC: 0.7222  LR: 2.00e-05
2026-07-05 10:33:55,349 | [SIFT-DBT] | INFO | candidates.f_swin_sift_dbt.model_trainers.stage2_trainer | S2-Ep [019/500] T-Acc:  96.0%  V-Acc:  41.7%  V-AUROC: 0.7222  LR: 2.00e-05
2026-07-05 10:34:17,473 | [SIFT-DBT] | INFO | candidates.f_swin_sift_dbt.model_trainers.stage2_trainer | S2-Ep [020/500] T-Acc:  96.0%  V-Acc:  41.7%  V-AUROC: 0.7222  LR: 2.00e-05
2026-07-05 10:34:39,650 | [SIFT-DBT] | INFO | candidates.f_swin_sift_dbt.model_trainers.stage2_trainer | S2-Ep [021/500] T-Acc:  96.0%  V-Acc:  41.7%  V-AUROC: 0.6944  LR: 2.00e-05
2026-07-05 10:35:02,074 | [SIFT-DBT] | INFO | candidates.f_swin_sift_dbt.model_trainers.stage2_trainer | S2-Ep [022/500] T-Acc:  96.0%  V-Acc:  41.7%  V-AUROC: 0.6944  LR: 2.00e-05
2026-07-05 10:35:24,214 | [SIFT-DBT] | INFO | candidates.f_swin_sift_dbt.model_trainers.stage2_trainer | S2-Ep [023/500] T-Acc:  96.0%  V-Acc:  41.7%  V-AUROC: 0.6944  LR: 2.00e-05
2026-07-05 10:35:46,390 | [SIFT-DBT] | INFO | candidates.f_swin_sift_dbt.model_trainers.stage2_trainer | S2-Ep [024/500] T-Acc:  92.0%  V-Acc:  41.7%  V-AUROC: 0.6944  LR: 2.00e-05
2026-07-05 10:36:08,536 | [SIFT-DBT] | INFO | candidates.f_swin_sift_dbt.model_trainers.stage2_trainer | S2-Ep [025/500] T-Acc:  96.0%  V-Acc:  41.7%  V-AUROC: 0.6944  LR: 2.00e-05
2026-07-05 10:36:30,696 | [SIFT-DBT] | INFO | candidates.f_swin_sift_dbt.model_trainers.stage2_trainer | S2-Ep [026/500] T-Acc:  96.0%  V-Acc:  41.7%  V-AUROC: 0.6944  LR: 2.00e-05
2026-07-05 10:36:52,845 | [SIFT-DBT] | INFO | candidates.f_swin_sift_dbt.model_trainers.stage2_trainer | S2-Ep [027/500] T-Acc:  92.0%  V-Acc:  41.7%  V-AUROC: 0.6944  LR: 2.00e-05
2026-07-05 10:37:14,987 | [SIFT-DBT] | INFO | candidates.f_swin_sift_dbt.model_trainers.stage2_trainer | S2-Ep [028/500] T-Acc:  96.0%  V-Acc:  41.7%  V-AUROC: 0.6944  LR: 2.00e-05
2026-07-05 10:37:37,118 | [SIFT-DBT] | INFO | candidates.f_swin_sift_dbt.model_trainers.stage2_trainer | S2-Ep [029/500] T-Acc:  92.0%  V-Acc:  41.7%  V-AUROC: 0.6944  LR: 4.00e-06
2026-07-05 10:37:59,272 | [SIFT-DBT] | INFO | candidates.f_swin_sift_dbt.model_trainers.stage2_trainer | S2-Ep [030/500] T-Acc:  96.0%  V-Acc:  41.7%  V-AUROC: 0.6944  LR: 4.00e-06
2026-07-05 10:38:21,422 | [SIFT-DBT] | INFO | candidates.f_swin_sift_dbt.model_trainers.stage2_trainer | S2-Ep [031/500] T-Acc:  96.0%  V-Acc:  41.7%  V-AUROC: 0.6944  LR: 4.00e-06
2026-07-05 10:38:21,423 | [SIFT-DBT] | INFO | candidates.f_swin_sift_dbt.model_trainers.stage2_trainer | Stage 2 early stop — best AUROC 0.7500 at epoch 1
2026-07-05 10:38:21,604 | [SIFT-DBT] | INFO | candidates.f_swin_sift_dbt.model_trainers.stage2_trainer | Restored best-AUROC Stage 2 state (epoch 1, AUROC 0.7500)
2026-07-05 10:38:21,604 | [SIFT-DBT] | INFO | candidates.f_swin_sift_dbt.model_trainers.stage2_trainer | Stage 2 done. Best val AUROC: 0.7500 (epoch 1)
2026-07-05 10:38:37,661 | [SIFT-DBT] | INFO | candidates.f_swin_sift_dbt.hybrid_trainer | -> Fold 05 Result | Acc=0.500  Sens=1.000  Spec=0.000  AUROC=0.750  (S1 val-loss=0.6996)
2026-07-05 10:38:37,662 | [SIFT-DBT] | INFO | candidates.f_swin_sift_dbt.hybrid_trainer | ============================================================
2026-07-05 10:38:37,662 | [SIFT-DBT] | INFO | candidates.f_swin_sift_dbt.hybrid_trainer | === Fold 06/30 | train: 25 subj | test: 12 subj ===
2026-07-05 10:38:37,664 | [SIFT-DBT] | INFO | candidates.f_swin_sift_dbt.hybrid_trainer | Stage 1 fold 6 — flat windows: train 5598 (subj=22)  val 824 (subj=3)
2026-07-05 10:38:38,132 | [SIFT-DBT] | INFO | httpx | HTTP Request: HEAD https://huggingface.co/microsoft/swin-tiny-patch4-window7-224/resolve/main/config.json "HTTP/1.1 307 Temporary Redirect"
2026-07-05 10:38:38,148 | [SIFT-DBT] | INFO | httpx | HTTP Request: HEAD https://huggingface.co/api/resolve-cache/models/microsoft/swin-tiny-patch4-window7-224/d00d478bfaf1f417d34a1186673ad4b4be264c51/config.json "HTTP/1.1 200 OK"
2026-07-05 10:38:38,434 | [SIFT-DBT] | INFO | httpx | HTTP Request: HEAD https://huggingface.co/microsoft/swin-tiny-patch4-window7-224/resolve/main/model.safetensors "HTTP/1.1 302 Found"
2026-07-05 10:38:39,011 | [SIFT-DBT] | INFO | candidates.f_swin_sift_dbt.model_trainers.stage1_trainer | Stage 1 CE weights — HC: 1.181  MCI: 0.867
2026-07-05 10:39:22,860 | [SIFT-DBT] | INFO | candidates.f_swin_sift_dbt.model_trainers.stage1_trainer | S1-Ep [001/50] T-Loss: 0.6578  T-Acc:  59.5%  V-Loss: 0.7342  V-Acc:  57.6%  LR: 1.00e-05
2026-07-05 10:40:06,189 | [SIFT-DBT] | INFO | candidates.f_swin_sift_dbt.model_trainers.stage1_trainer | S1-Ep [002/50] T-Loss: 0.6465  T-Acc:  60.9%  V-Loss: 0.8523  V-Acc:  46.7%  LR: 2.00e-05
2026-07-05 10:40:49,290 | [SIFT-DBT] | INFO | candidates.f_swin_sift_dbt.model_trainers.stage1_trainer | S1-Ep [003/50] T-Loss: 0.6236  T-Acc:  63.9%  V-Loss: 0.7705  V-Acc:  47.6%  LR: 3.00e-05
2026-07-05 10:41:32,369 | [SIFT-DBT] | INFO | candidates.f_swin_sift_dbt.model_trainers.stage1_trainer | S1-Ep [004/50] T-Loss: 0.6046  T-Acc:  65.7%  V-Loss: 1.2442  V-Acc:  43.9%  LR: 4.00e-05
2026-07-05 10:42:15,491 | [SIFT-DBT] | INFO | candidates.f_swin_sift_dbt.model_trainers.stage1_trainer | S1-Ep [005/50] T-Loss: 0.5744  T-Acc:  68.5%  V-Loss: 0.8202  V-Acc:  56.4%  LR: 5.00e-05
2026-07-05 10:42:58,590 | [SIFT-DBT] | INFO | candidates.f_swin_sift_dbt.model_trainers.stage1_trainer | S1-Ep [006/50] T-Loss: 0.5142  T-Acc:  73.3%  V-Loss: 0.9474  V-Acc:  52.1%  LR: 5.00e-05
2026-07-05 10:43:41,679 | [SIFT-DBT] | INFO | candidates.f_swin_sift_dbt.model_trainers.stage1_trainer | S1-Ep [007/50] T-Loss: 0.4278  T-Acc:  79.4%  V-Loss: 1.0189  V-Acc:  51.2%  LR: 5.00e-05
2026-07-05 10:44:24,803 | [SIFT-DBT] | INFO | candidates.f_swin_sift_dbt.model_trainers.stage1_trainer | S1-Ep [008/50] T-Loss: 0.3385  T-Acc:  85.0%  V-Loss: 1.2702  V-Acc:  42.1%  LR: 5.00e-05
2026-07-05 10:45:07,913 | [SIFT-DBT] | INFO | candidates.f_swin_sift_dbt.model_trainers.stage1_trainer | S1-Ep [009/50] T-Loss: 0.2646  T-Acc:  89.1%  V-Loss: 1.6833  V-Acc:  41.5%  LR: 5.00e-05
2026-07-05 10:45:51,035 | [SIFT-DBT] | INFO | candidates.f_swin_sift_dbt.model_trainers.stage1_trainer | S1-Ep [010/50] T-Loss: 0.1996  T-Acc:  92.4%  V-Loss: 1.9588  V-Acc:  46.4%  LR: 5.00e-05
2026-07-05 10:46:34,160 | [SIFT-DBT] | INFO | candidates.f_swin_sift_dbt.model_trainers.stage1_trainer | S1-Ep [011/50] T-Loss: 0.1594  T-Acc:  94.3%  V-Loss: 2.1225  V-Acc:  50.4%  LR: 5.00e-05
2026-07-05 10:46:34,161 | [SIFT-DBT] | INFO | candidates.f_swin_sift_dbt.model_trainers.stage1_trainer | Stage 1 early stop — best val loss 0.7342 at epoch 1
2026-07-05 10:46:34,161 | [SIFT-DBT] | INFO | candidates.f_swin_sift_dbt.model_trainers.stage1_trainer | Stage 1 done. Best val loss: 0.7342 (epoch 1)
2026-07-05 10:46:34,321 | [SIFT-DBT] | INFO | candidates.f_swin_sift_dbt.hybrid_trainer | Stage 2 fold 6 — bundles: train 25 (subj=25)  test 12 (subj=12)
2026-07-05 10:46:34,624 | [SIFT-DBT] | INFO | httpx | HTTP Request: HEAD https://huggingface.co/microsoft/swin-tiny-patch4-window7-224/resolve/main/config.json "HTTP/1.1 307 Temporary Redirect"
2026-07-05 10:46:34,641 | [SIFT-DBT] | INFO | httpx | HTTP Request: HEAD https://huggingface.co/api/resolve-cache/models/microsoft/swin-tiny-patch4-window7-224/d00d478bfaf1f417d34a1186673ad4b4be264c51/config.json "HTTP/1.1 200 OK"
2026-07-05 10:46:34,919 | [SIFT-DBT] | INFO | httpx | HTTP Request: HEAD https://huggingface.co/microsoft/swin-tiny-patch4-window7-224/resolve/main/model.safetensors "HTTP/1.1 302 Found"
2026-07-05 10:46:35,453 | [SIFT-DBT] | INFO | candidates.f_swin_sift_dbt.model_trainers.stage2_trainer | Stage 2 trainable params: 0.074 M  |  frozen: 27.519 M
2026-07-05 10:46:35,455 | [SIFT-DBT] | INFO | candidates.f_swin_sift_dbt.model_trainers.stage2_trainer | Stage 2 CE weights — HC: 1.250  MCI: 0.833
2026-07-05 10:46:59,199 | [SIFT-DBT] | INFO | candidates.f_swin_sift_dbt.model_trainers.stage2_trainer | S2-Ep [001/500] T-Acc:  28.0%  V-Acc:  33.3%  V-AUROC: 0.3125  LR: 2.00e-05
2026-07-05 10:47:21,578 | [SIFT-DBT] | INFO | candidates.f_swin_sift_dbt.model_trainers.stage2_trainer | S2-Ep [002/500] T-Acc:  48.0%  V-Acc:  33.3%  V-AUROC: 0.4375  LR: 4.00e-05
2026-07-05 10:47:45,931 | [SIFT-DBT] | INFO | candidates.f_swin_sift_dbt.model_trainers.stage2_trainer | S2-Ep [003/500] T-Acc:  60.0%  V-Acc:  33.3%  V-AUROC: 0.4688  LR: 6.00e-05
2026-07-05 10:48:09,619 | [SIFT-DBT] | INFO | candidates.f_swin_sift_dbt.model_trainers.stage2_trainer | S2-Ep [004/500] T-Acc:  96.0%  V-Acc:  25.0%  V-AUROC: 0.4688  LR: 8.00e-05
2026-07-05 10:48:31,752 | [SIFT-DBT] | INFO | candidates.f_swin_sift_dbt.model_trainers.stage2_trainer | S2-Ep [005/500] T-Acc:  96.0%  V-Acc:  33.3%  V-AUROC: 0.5312  LR: 1.00e-04
2026-07-05 10:48:55,171 | [SIFT-DBT] | INFO | candidates.f_swin_sift_dbt.model_trainers.stage2_trainer | S2-Ep [006/500] T-Acc:  96.0%  V-Acc:  66.7%  V-AUROC: 0.5312  LR: 1.00e-04
2026-07-05 10:49:17,664 | [SIFT-DBT] | INFO | candidates.f_swin_sift_dbt.model_trainers.stage2_trainer | S2-Ep [007/500] T-Acc:  96.0%  V-Acc:  66.7%  V-AUROC: 0.5312  LR: 1.00e-04
2026-07-05 10:49:39,816 | [SIFT-DBT] | INFO | candidates.f_swin_sift_dbt.model_trainers.stage2_trainer | S2-Ep [008/500] T-Acc:  96.0%  V-Acc:  66.7%  V-AUROC: 0.5312  LR: 1.00e-04
2026-07-05 10:50:01,953 | [SIFT-DBT] | INFO | candidates.f_swin_sift_dbt.model_trainers.stage2_trainer | S2-Ep [009/500] T-Acc:  96.0%  V-Acc:  66.7%  V-AUROC: 0.5312  LR: 1.00e-04
2026-07-05 10:50:24,099 | [SIFT-DBT] | INFO | candidates.f_swin_sift_dbt.model_trainers.stage2_trainer | S2-Ep [010/500] T-Acc:  96.0%  V-Acc:  75.0%  V-AUROC: 0.5312  LR: 1.00e-04
2026-07-05 10:50:46,230 | [SIFT-DBT] | INFO | candidates.f_swin_sift_dbt.model_trainers.stage2_trainer | S2-Ep [011/500] T-Acc:  96.0%  V-Acc:  75.0%  V-AUROC: 0.5312  LR: 1.00e-04
2026-07-05 10:51:08,370 | [SIFT-DBT] | INFO | candidates.f_swin_sift_dbt.model_trainers.stage2_trainer | S2-Ep [012/500] T-Acc:  96.0%  V-Acc:  83.3%  V-AUROC: 0.5312  LR: 1.00e-04
2026-07-05 10:51:30,523 | [SIFT-DBT] | INFO | candidates.f_swin_sift_dbt.model_trainers.stage2_trainer | S2-Ep [013/500] T-Acc:  96.0%  V-Acc:  75.0%  V-AUROC: 0.5312  LR: 1.00e-04
2026-07-05 10:51:52,731 | [SIFT-DBT] | INFO | candidates.f_swin_sift_dbt.model_trainers.stage2_trainer | S2-Ep [014/500] T-Acc:  96.0%  V-Acc:  75.0%  V-AUROC: 0.5312  LR: 1.00e-04
2026-07-05 10:52:14,894 | [SIFT-DBT] | INFO | candidates.f_swin_sift_dbt.model_trainers.stage2_trainer | S2-Ep [015/500] T-Acc:  96.0%  V-Acc:  66.7%  V-AUROC: 0.5312  LR: 1.00e-04
2026-07-05 10:52:37,347 | [SIFT-DBT] | INFO | candidates.f_swin_sift_dbt.model_trainers.stage2_trainer | S2-Ep [016/500] T-Acc:  96.0%  V-Acc:  66.7%  V-AUROC: 0.5312  LR: 1.00e-04
2026-07-05 10:52:59,472 | [SIFT-DBT] | INFO | candidates.f_swin_sift_dbt.model_trainers.stage2_trainer | S2-Ep [017/500] T-Acc:  96.0%  V-Acc:  66.7%  V-AUROC: 0.5312  LR: 1.00e-04
2026-07-05 10:53:21,609 | [SIFT-DBT] | INFO | candidates.f_swin_sift_dbt.model_trainers.stage2_trainer | S2-Ep [018/500] T-Acc:  96.0%  V-Acc:  66.7%  V-AUROC: 0.5312  LR: 2.00e-05
2026-07-05 10:53:44,024 | [SIFT-DBT] | INFO | candidates.f_swin_sift_dbt.model_trainers.stage2_trainer | S2-Ep [019/500] T-Acc:  92.0%  V-Acc:  66.7%  V-AUROC: 0.5312  LR: 2.00e-05
2026-07-05 10:54:06,170 | [SIFT-DBT] | INFO | candidates.f_swin_sift_dbt.model_trainers.stage2_trainer | S2-Ep [020/500] T-Acc:  92.0%  V-Acc:  66.7%  V-AUROC: 0.5312  LR: 2.00e-05
2026-07-05 10:54:28,372 | [SIFT-DBT] | INFO | candidates.f_swin_sift_dbt.model_trainers.stage2_trainer | S2-Ep [021/500] T-Acc:  96.0%  V-Acc:  66.7%  V-AUROC: 0.5312  LR: 2.00e-05
2026-07-05 10:54:50,531 | [SIFT-DBT] | INFO | candidates.f_swin_sift_dbt.model_trainers.stage2_trainer | S2-Ep [022/500] T-Acc:  96.0%  V-Acc:  66.7%  V-AUROC: 0.5312  LR: 2.00e-05
2026-07-05 10:55:12,673 | [SIFT-DBT] | INFO | candidates.f_swin_sift_dbt.model_trainers.stage2_trainer | S2-Ep [023/500] T-Acc:  92.0%  V-Acc:  66.7%  V-AUROC: 0.5312  LR: 2.00e-05
2026-07-05 10:55:34,812 | [SIFT-DBT] | INFO | candidates.f_swin_sift_dbt.model_trainers.stage2_trainer | S2-Ep [024/500] T-Acc:  96.0%  V-Acc:  66.7%  V-AUROC: 0.5312  LR: 2.00e-05
2026-07-05 10:55:56,945 | [SIFT-DBT] | INFO | candidates.f_swin_sift_dbt.model_trainers.stage2_trainer | S2-Ep [025/500] T-Acc:  92.0%  V-Acc:  66.7%  V-AUROC: 0.5312  LR: 2.00e-05
2026-07-05 10:56:19,099 | [SIFT-DBT] | INFO | candidates.f_swin_sift_dbt.model_trainers.stage2_trainer | S2-Ep [026/500] T-Acc:  96.0%  V-Acc:  66.7%  V-AUROC: 0.5312  LR: 2.00e-05
2026-07-05 10:56:41,241 | [SIFT-DBT] | INFO | candidates.f_swin_sift_dbt.model_trainers.stage2_trainer | S2-Ep [027/500] T-Acc:  96.0%  V-Acc:  66.7%  V-AUROC: 0.5312  LR: 2.00e-05
2026-07-05 10:57:03,412 | [SIFT-DBT] | INFO | candidates.f_swin_sift_dbt.model_trainers.stage2_trainer | S2-Ep [028/500] T-Acc:  96.0%  V-Acc:  66.7%  V-AUROC: 0.5312  LR: 2.00e-05
2026-07-05 10:57:25,548 | [SIFT-DBT] | INFO | candidates.f_swin_sift_dbt.model_trainers.stage2_trainer | S2-Ep [029/500] T-Acc:  96.0%  V-Acc:  66.7%  V-AUROC: 0.5312  LR: 4.00e-06
2026-07-05 10:57:47,694 | [SIFT-DBT] | INFO | candidates.f_swin_sift_dbt.model_trainers.stage2_trainer | S2-Ep [030/500] T-Acc:  92.0%  V-Acc:  66.7%  V-AUROC: 0.5312  LR: 4.00e-06
2026-07-05 10:58:09,833 | [SIFT-DBT] | INFO | candidates.f_swin_sift_dbt.model_trainers.stage2_trainer | S2-Ep [031/500] T-Acc:  96.0%  V-Acc:  66.7%  V-AUROC: 0.5312  LR: 4.00e-06
2026-07-05 10:58:31,982 | [SIFT-DBT] | INFO | candidates.f_swin_sift_dbt.model_trainers.stage2_trainer | S2-Ep [032/500] T-Acc:  96.0%  V-Acc:  66.7%  V-AUROC: 0.5312  LR: 4.00e-06
2026-07-05 10:58:54,132 | [SIFT-DBT] | INFO | candidates.f_swin_sift_dbt.model_trainers.stage2_trainer | S2-Ep [033/500] T-Acc:  96.0%  V-Acc:  66.7%  V-AUROC: 0.5312  LR: 4.00e-06
2026-07-05 10:59:16,271 | [SIFT-DBT] | INFO | candidates.f_swin_sift_dbt.model_trainers.stage2_trainer | S2-Ep [034/500] T-Acc:  92.0%  V-Acc:  66.7%  V-AUROC: 0.5312  LR: 4.00e-06
2026-07-05 10:59:38,469 | [SIFT-DBT] | INFO | candidates.f_swin_sift_dbt.model_trainers.stage2_trainer | S2-Ep [035/500] T-Acc:  96.0%  V-Acc:  66.7%  V-AUROC: 0.5312  LR: 4.00e-06
2026-07-05 10:59:38,470 | [SIFT-DBT] | INFO | candidates.f_swin_sift_dbt.model_trainers.stage2_trainer | Stage 2 early stop — best AUROC 0.5312 at epoch 5
2026-07-05 10:59:38,613 | [SIFT-DBT] | INFO | candidates.f_swin_sift_dbt.model_trainers.stage2_trainer | Restored best-AUROC Stage 2 state (epoch 5, AUROC 0.5312)
2026-07-05 10:59:38,614 | [SIFT-DBT] | INFO | candidates.f_swin_sift_dbt.model_trainers.stage2_trainer | Stage 2 done. Best val AUROC: 0.5312 (epoch 5)
2026-07-05 10:59:53,748 | [SIFT-DBT] | INFO | candidates.f_swin_sift_dbt.hybrid_trainer | -> Fold 06 Result | Acc=0.333  Sens=0.250  Spec=0.500  AUROC=0.531  (S1 val-loss=0.7342)
2026-07-05 10:59:53,749 | [SIFT-DBT] | INFO | candidates.f_swin_sift_dbt.hybrid_trainer | ============================================================
2026-07-05 10:59:53,749 | [SIFT-DBT] | INFO | candidates.f_swin_sift_dbt.hybrid_trainer | === Fold 07/30 | train: 25 subj | test: 12 subj ===
2026-07-05 10:59:53,751 | [SIFT-DBT] | INFO | candidates.f_swin_sift_dbt.hybrid_trainer | Stage 1 fold 7 — flat windows: train 5602 (subj=22)  val 798 (subj=3)
2026-07-05 10:59:54,002 | [SIFT-DBT] | INFO | httpx | HTTP Request: HEAD https://huggingface.co/microsoft/swin-tiny-patch4-window7-224/resolve/main/config.json "HTTP/1.1 307 Temporary Redirect"
2026-07-05 10:59:54,016 | [SIFT-DBT] | INFO | httpx | HTTP Request: HEAD https://huggingface.co/api/resolve-cache/models/microsoft/swin-tiny-patch4-window7-224/d00d478bfaf1f417d34a1186673ad4b4be264c51/config.json "HTTP/1.1 200 OK"
2026-07-05 10:59:54,285 | [SIFT-DBT] | INFO | httpx | HTTP Request: HEAD https://huggingface.co/microsoft/swin-tiny-patch4-window7-224/resolve/main/model.safetensors "HTTP/1.1 302 Found"
2026-07-05 10:59:55,070 | [SIFT-DBT] | INFO | candidates.f_swin_sift_dbt.model_trainers.stage1_trainer | Stage 1 CE weights — HC: 1.360  MCI: 0.791
2026-07-05 11:00:38,884 | [SIFT-DBT] | INFO | candidates.f_swin_sift_dbt.model_trainers.stage1_trainer | S1-Ep [001/50] T-Loss: 0.6632  T-Acc:  60.4%  V-Loss: 0.6700  V-Acc:  58.6%  LR: 1.00e-05
2026-07-05 11:01:22,285 | [SIFT-DBT] | INFO | candidates.f_swin_sift_dbt.model_trainers.stage1_trainer | S1-Ep [002/50] T-Loss: 0.6511  T-Acc:  62.0%  V-Loss: 0.7236  V-Acc:  52.9%  LR: 2.00e-05
2026-07-05 11:02:05,475 | [SIFT-DBT] | INFO | candidates.f_swin_sift_dbt.model_trainers.stage1_trainer | S1-Ep [003/50] T-Loss: 0.6220  T-Acc:  64.7%  V-Loss: 0.8080  V-Acc:  45.1%  LR: 3.00e-05
2026-07-05 11:02:48,662 | [SIFT-DBT] | INFO | candidates.f_swin_sift_dbt.model_trainers.stage1_trainer | S1-Ep [004/50] T-Loss: 0.6002  T-Acc:  67.2%  V-Loss: 0.7689  V-Acc:  47.7%  LR: 4.00e-05
2026-07-05 11:03:31,872 | [SIFT-DBT] | INFO | candidates.f_swin_sift_dbt.model_trainers.stage1_trainer | S1-Ep [005/50] T-Loss: 0.5655  T-Acc:  70.6%  V-Loss: 0.9584  V-Acc:  54.5%  LR: 5.00e-05
2026-07-05 11:04:15,068 | [SIFT-DBT] | INFO | candidates.f_swin_sift_dbt.model_trainers.stage1_trainer | S1-Ep [006/50] T-Loss: 0.4997  T-Acc:  75.0%  V-Loss: 0.9202  V-Acc:  54.5%  LR: 5.00e-05
2026-07-05 11:04:58,319 | [SIFT-DBT] | INFO | candidates.f_swin_sift_dbt.model_trainers.stage1_trainer | S1-Ep [007/50] T-Loss: 0.4112  T-Acc:  81.2%  V-Loss: 1.1133  V-Acc:  53.4%  LR: 5.00e-05
2026-07-05 11:05:41,494 | [SIFT-DBT] | INFO | candidates.f_swin_sift_dbt.model_trainers.stage1_trainer | S1-Ep [008/50] T-Loss: 0.3107  T-Acc:  86.2%  V-Loss: 1.6607  V-Acc:  60.3%  LR: 5.00e-05
2026-07-05 11:06:24,690 | [SIFT-DBT] | INFO | candidates.f_swin_sift_dbt.model_trainers.stage1_trainer | S1-Ep [009/50] T-Loss: 0.2437  T-Acc:  90.2%  V-Loss: 1.8502  V-Acc:  55.6%  LR: 5.00e-05
2026-07-05 11:07:07,900 | [SIFT-DBT] | INFO | candidates.f_swin_sift_dbt.model_trainers.stage1_trainer | S1-Ep [010/50] T-Loss: 0.1856  T-Acc:  92.7%  V-Loss: 2.0398  V-Acc:  53.1%  LR: 5.00e-05
2026-07-05 11:07:51,107 | [SIFT-DBT] | INFO | candidates.f_swin_sift_dbt.model_trainers.stage1_trainer | S1-Ep [011/50] T-Loss: 0.1637  T-Acc:  93.9%  V-Loss: 2.4491  V-Acc:  55.9%  LR: 5.00e-05
2026-07-05 11:07:51,108 | [SIFT-DBT] | INFO | candidates.f_swin_sift_dbt.model_trainers.stage1_trainer | Stage 1 early stop — best val loss 0.6700 at epoch 1
2026-07-05 11:07:51,108 | [SIFT-DBT] | INFO | candidates.f_swin_sift_dbt.model_trainers.stage1_trainer | Stage 1 done. Best val loss: 0.6700 (epoch 1)
2026-07-05 11:07:51,266 | [SIFT-DBT] | INFO | candidates.f_swin_sift_dbt.hybrid_trainer | Stage 2 fold 7 — bundles: train 25 (subj=25)  test 12 (subj=12)
2026-07-05 11:07:51,647 | [SIFT-DBT] | INFO | httpx | HTTP Request: HEAD https://huggingface.co/microsoft/swin-tiny-patch4-window7-224/resolve/main/config.json "HTTP/1.1 307 Temporary Redirect"
2026-07-05 11:07:51,665 | [SIFT-DBT] | INFO | httpx | HTTP Request: HEAD https://huggingface.co/api/resolve-cache/models/microsoft/swin-tiny-patch4-window7-224/d00d478bfaf1f417d34a1186673ad4b4be264c51/config.json "HTTP/1.1 200 OK"
2026-07-05 11:07:51,955 | [SIFT-DBT] | INFO | httpx | HTTP Request: HEAD https://huggingface.co/microsoft/swin-tiny-patch4-window7-224/resolve/main/model.safetensors "HTTP/1.1 302 Found"
2026-07-05 11:07:52,576 | [SIFT-DBT] | INFO | candidates.f_swin_sift_dbt.model_trainers.stage2_trainer | Stage 2 trainable params: 0.074 M  |  frozen: 27.519 M
2026-07-05 11:07:52,578 | [SIFT-DBT] | INFO | candidates.f_swin_sift_dbt.model_trainers.stage2_trainer | Stage 2 CE weights — HC: 1.562  MCI: 0.735
2026-07-05 11:08:16,100 | [SIFT-DBT] | INFO | candidates.f_swin_sift_dbt.model_trainers.stage2_trainer | S2-Ep [001/500] T-Acc:  68.0%  V-Acc:  50.0%  V-AUROC: 0.5556  LR: 2.00e-05
2026-07-05 11:08:38,742 | [SIFT-DBT] | INFO | candidates.f_swin_sift_dbt.model_trainers.stage2_trainer | S2-Ep [002/500] T-Acc:  68.0%  V-Acc:  50.0%  V-AUROC: 0.5556  LR: 4.00e-05
2026-07-05 11:09:00,888 | [SIFT-DBT] | INFO | candidates.f_swin_sift_dbt.model_trainers.stage2_trainer | S2-Ep [003/500] T-Acc:  68.0%  V-Acc:  50.0%  V-AUROC: 0.5556  LR: 6.00e-05
2026-07-05 11:09:23,316 | [SIFT-DBT] | INFO | candidates.f_swin_sift_dbt.model_trainers.stage2_trainer | S2-Ep [004/500] T-Acc:  68.0%  V-Acc:  50.0%  V-AUROC: 0.5833  LR: 8.00e-05
2026-07-05 11:09:47,328 | [SIFT-DBT] | INFO | candidates.f_swin_sift_dbt.model_trainers.stage2_trainer | S2-Ep [005/500] T-Acc:  88.0%  V-Acc:  50.0%  V-AUROC: 0.5833  LR: 1.00e-04
2026-07-05 11:10:09,535 | [SIFT-DBT] | INFO | candidates.f_swin_sift_dbt.model_trainers.stage2_trainer | S2-Ep [006/500] T-Acc:  96.0%  V-Acc:  50.0%  V-AUROC: 0.5833  LR: 1.00e-04
2026-07-05 11:10:31,675 | [SIFT-DBT] | INFO | candidates.f_swin_sift_dbt.model_trainers.stage2_trainer | S2-Ep [007/500] T-Acc:  96.0%  V-Acc:  50.0%  V-AUROC: 0.5833  LR: 1.00e-04
2026-07-05 11:10:53,804 | [SIFT-DBT] | INFO | candidates.f_swin_sift_dbt.model_trainers.stage2_trainer | S2-Ep [008/500] T-Acc:  96.0%  V-Acc:  50.0%  V-AUROC: 0.5833  LR: 1.00e-04
2026-07-05 11:11:15,933 | [SIFT-DBT] | INFO | candidates.f_swin_sift_dbt.model_trainers.stage2_trainer | S2-Ep [009/500] T-Acc:  96.0%  V-Acc:  50.0%  V-AUROC: 0.5833  LR: 1.00e-04
2026-07-05 11:11:38,074 | [SIFT-DBT] | INFO | candidates.f_swin_sift_dbt.model_trainers.stage2_trainer | S2-Ep [010/500] T-Acc:  96.0%  V-Acc:  50.0%  V-AUROC: 0.5833  LR: 1.00e-04
2026-07-05 11:12:00,217 | [SIFT-DBT] | INFO | candidates.f_swin_sift_dbt.model_trainers.stage2_trainer | S2-Ep [011/500] T-Acc:  96.0%  V-Acc:  50.0%  V-AUROC: 0.5833  LR: 1.00e-04
2026-07-05 11:12:22,343 | [SIFT-DBT] | INFO | candidates.f_swin_sift_dbt.model_trainers.stage2_trainer | S2-Ep [012/500] T-Acc:  96.0%  V-Acc:  50.0%  V-AUROC: 0.5833  LR: 1.00e-04
2026-07-05 11:12:44,762 | [SIFT-DBT] | INFO | candidates.f_swin_sift_dbt.model_trainers.stage2_trainer | S2-Ep [013/500] T-Acc:  96.0%  V-Acc:  50.0%  V-AUROC: 0.5833  LR: 1.00e-04
2026-07-05 11:13:06,945 | [SIFT-DBT] | INFO | candidates.f_swin_sift_dbt.model_trainers.stage2_trainer | S2-Ep [014/500] T-Acc:  96.0%  V-Acc:  50.0%  V-AUROC: 0.5833  LR: 1.00e-04
2026-07-05 11:13:29,093 | [SIFT-DBT] | INFO | candidates.f_swin_sift_dbt.model_trainers.stage2_trainer | S2-Ep [015/500] T-Acc:  96.0%  V-Acc:  41.7%  V-AUROC: 0.5833  LR: 1.00e-04
2026-07-05 11:13:51,248 | [SIFT-DBT] | INFO | candidates.f_swin_sift_dbt.model_trainers.stage2_trainer | S2-Ep [016/500] T-Acc:  96.0%  V-Acc:  41.7%  V-AUROC: 0.5833  LR: 1.00e-04
2026-07-05 11:14:13,377 | [SIFT-DBT] | INFO | candidates.f_swin_sift_dbt.model_trainers.stage2_trainer | S2-Ep [017/500] T-Acc:  96.0%  V-Acc:  41.7%  V-AUROC: 0.5833  LR: 1.00e-04
2026-07-05 11:14:35,520 | [SIFT-DBT] | INFO | candidates.f_swin_sift_dbt.model_trainers.stage2_trainer | S2-Ep [018/500] T-Acc:  96.0%  V-Acc:  41.7%  V-AUROC: 0.5833  LR: 2.00e-05
2026-07-05 11:14:57,666 | [SIFT-DBT] | INFO | candidates.f_swin_sift_dbt.model_trainers.stage2_trainer | S2-Ep [019/500] T-Acc:  96.0%  V-Acc:  41.7%  V-AUROC: 0.5833  LR: 2.00e-05
2026-07-05 11:15:19,860 | [SIFT-DBT] | INFO | candidates.f_swin_sift_dbt.model_trainers.stage2_trainer | S2-Ep [020/500] T-Acc:  96.0%  V-Acc:  41.7%  V-AUROC: 0.5833  LR: 2.00e-05
2026-07-05 11:15:42,010 | [SIFT-DBT] | INFO | candidates.f_swin_sift_dbt.model_trainers.stage2_trainer | S2-Ep [021/500] T-Acc:  96.0%  V-Acc:  41.7%  V-AUROC: 0.5833  LR: 2.00e-05
2026-07-05 11:16:04,167 | [SIFT-DBT] | INFO | candidates.f_swin_sift_dbt.model_trainers.stage2_trainer | S2-Ep [022/500] T-Acc:  96.0%  V-Acc:  41.7%  V-AUROC: 0.5833  LR: 2.00e-05
2026-07-05 11:16:26,300 | [SIFT-DBT] | INFO | candidates.f_swin_sift_dbt.model_trainers.stage2_trainer | S2-Ep [023/500] T-Acc:  96.0%  V-Acc:  41.7%  V-AUROC: 0.5833  LR: 2.00e-05
2026-07-05 11:16:48,423 | [SIFT-DBT] | INFO | candidates.f_swin_sift_dbt.model_trainers.stage2_trainer | S2-Ep [024/500] T-Acc:  96.0%  V-Acc:  41.7%  V-AUROC: 0.5833  LR: 2.00e-05
2026-07-05 11:17:10,583 | [SIFT-DBT] | INFO | candidates.f_swin_sift_dbt.model_trainers.stage2_trainer | S2-Ep [025/500] T-Acc:  96.0%  V-Acc:  41.7%  V-AUROC: 0.5833  LR: 2.00e-05
2026-07-05 11:17:32,712 | [SIFT-DBT] | INFO | candidates.f_swin_sift_dbt.model_trainers.stage2_trainer | S2-Ep [026/500] T-Acc:  96.0%  V-Acc:  41.7%  V-AUROC: 0.5833  LR: 2.00e-05
2026-07-05 11:17:54,845 | [SIFT-DBT] | INFO | candidates.f_swin_sift_dbt.model_trainers.stage2_trainer | S2-Ep [027/500] T-Acc:  96.0%  V-Acc:  41.7%  V-AUROC: 0.5833  LR: 2.00e-05
2026-07-05 11:18:17,252 | [SIFT-DBT] | INFO | candidates.f_swin_sift_dbt.model_trainers.stage2_trainer | S2-Ep [028/500] T-Acc:  96.0%  V-Acc:  41.7%  V-AUROC: 0.5833  LR: 2.00e-05
2026-07-05 11:18:39,408 | [SIFT-DBT] | INFO | candidates.f_swin_sift_dbt.model_trainers.stage2_trainer | S2-Ep [029/500] T-Acc:  96.0%  V-Acc:  41.7%  V-AUROC: 0.5833  LR: 4.00e-06
2026-07-05 11:19:01,542 | [SIFT-DBT] | INFO | candidates.f_swin_sift_dbt.model_trainers.stage2_trainer | S2-Ep [030/500] T-Acc:  96.0%  V-Acc:  41.7%  V-AUROC: 0.5833  LR: 4.00e-06
2026-07-05 11:19:23,683 | [SIFT-DBT] | INFO | candidates.f_swin_sift_dbt.model_trainers.stage2_trainer | S2-Ep [031/500] T-Acc:  96.0%  V-Acc:  41.7%  V-AUROC: 0.5833  LR: 4.00e-06
2026-07-05 11:19:45,834 | [SIFT-DBT] | INFO | candidates.f_swin_sift_dbt.model_trainers.stage2_trainer | S2-Ep [032/500] T-Acc:  96.0%  V-Acc:  41.7%  V-AUROC: 0.5833  LR: 4.00e-06
2026-07-05 11:20:07,993 | [SIFT-DBT] | INFO | candidates.f_swin_sift_dbt.model_trainers.stage2_trainer | S2-Ep [033/500] T-Acc:  96.0%  V-Acc:  41.7%  V-AUROC: 0.5833  LR: 4.00e-06
2026-07-05 11:20:30,202 | [SIFT-DBT] | INFO | candidates.f_swin_sift_dbt.model_trainers.stage2_trainer | S2-Ep [034/500] T-Acc:  96.0%  V-Acc:  41.7%  V-AUROC: 0.5833  LR: 4.00e-06
2026-07-05 11:20:30,202 | [SIFT-DBT] | INFO | candidates.f_swin_sift_dbt.model_trainers.stage2_trainer | Stage 2 early stop — best AUROC 0.5833 at epoch 4
2026-07-05 11:20:30,338 | [SIFT-DBT] | INFO | candidates.f_swin_sift_dbt.model_trainers.stage2_trainer | Restored best-AUROC Stage 2 state (epoch 4, AUROC 0.5833)
2026-07-05 11:20:30,339 | [SIFT-DBT] | INFO | candidates.f_swin_sift_dbt.model_trainers.stage2_trainer | Stage 2 done. Best val AUROC: 0.5833 (epoch 4)
2026-07-05 11:20:45,464 | [SIFT-DBT] | INFO | candidates.f_swin_sift_dbt.hybrid_trainer | -> Fold 07 Result | Acc=0.500  Sens=1.000  Spec=0.000  AUROC=0.583  (S1 val-loss=0.6700)
2026-07-05 11:20:45,465 | [SIFT-DBT] | INFO | candidates.f_swin_sift_dbt.hybrid_trainer | ============================================================
2026-07-05 11:20:45,465 | [SIFT-DBT] | INFO | candidates.f_swin_sift_dbt.hybrid_trainer | === Fold 08/30 | train: 25 subj | test: 12 subj ===
2026-07-05 11:20:45,467 | [SIFT-DBT] | INFO | candidates.f_swin_sift_dbt.hybrid_trainer | Stage 1 fold 8 — flat windows: train 5660 (subj=22)  val 856 (subj=3)
2026-07-05 11:20:45,716 | [SIFT-DBT] | INFO | httpx | HTTP Request: HEAD https://huggingface.co/microsoft/swin-tiny-patch4-window7-224/resolve/main/config.json "HTTP/1.1 307 Temporary Redirect"
2026-07-05 11:20:45,732 | [SIFT-DBT] | INFO | httpx | HTTP Request: HEAD https://huggingface.co/api/resolve-cache/models/microsoft/swin-tiny-patch4-window7-224/d00d478bfaf1f417d34a1186673ad4b4be264c51/config.json "HTTP/1.1 200 OK"
2026-07-05 11:20:45,999 | [SIFT-DBT] | INFO | httpx | HTTP Request: HEAD https://huggingface.co/microsoft/swin-tiny-patch4-window7-224/resolve/main/model.safetensors "HTTP/1.1 302 Found"
2026-07-05 11:20:46,544 | [SIFT-DBT] | INFO | candidates.f_swin_sift_dbt.model_trainers.stage1_trainer | Stage 1 CE weights — HC: 1.387  MCI: 0.782
2026-07-05 11:21:30,786 | [SIFT-DBT] | INFO | candidates.f_swin_sift_dbt.model_trainers.stage1_trainer | S1-Ep [001/50] T-Loss: 0.6507  T-Acc:  61.7%  V-Loss: 0.7374  V-Acc:  55.4%  LR: 1.00e-05
2026-07-05 11:22:14,672 | [SIFT-DBT] | INFO | candidates.f_swin_sift_dbt.model_trainers.stage1_trainer | S1-Ep [002/50] T-Loss: 0.6180  T-Acc:  65.6%  V-Loss: 0.6832  V-Acc:  64.4%  LR: 2.00e-05
2026-07-05 11:22:59,945 | [SIFT-DBT] | INFO | candidates.f_swin_sift_dbt.model_trainers.stage1_trainer | S1-Ep [003/50] T-Loss: 0.6123  T-Acc:  66.2%  V-Loss: 0.8337  V-Acc:  48.8%  LR: 3.00e-05
2026-07-05 11:23:43,575 | [SIFT-DBT] | INFO | candidates.f_swin_sift_dbt.model_trainers.stage1_trainer | S1-Ep [004/50] T-Loss: 0.6045  T-Acc:  67.1%  V-Loss: 0.7211  V-Acc:  59.8%  LR: 4.00e-05
2026-07-05 11:24:27,219 | [SIFT-DBT] | INFO | candidates.f_swin_sift_dbt.model_trainers.stage1_trainer | S1-Ep [005/50] T-Loss: 0.5854  T-Acc:  68.4%  V-Loss: 0.8839  V-Acc:  50.7%  LR: 5.00e-05
2026-07-05 11:25:10,857 | [SIFT-DBT] | INFO | candidates.f_swin_sift_dbt.model_trainers.stage1_trainer | S1-Ep [006/50] T-Loss: 0.5108  T-Acc:  74.8%  V-Loss: 1.1805  V-Acc:  45.6%  LR: 5.00e-05
2026-07-05 11:25:54,537 | [SIFT-DBT] | INFO | candidates.f_swin_sift_dbt.model_trainers.stage1_trainer | S1-Ep [007/50] T-Loss: 0.4017  T-Acc:  81.2%  V-Loss: 1.2671  V-Acc:  48.6%  LR: 5.00e-05
2026-07-05 11:26:38,165 | [SIFT-DBT] | INFO | candidates.f_swin_sift_dbt.model_trainers.stage1_trainer | S1-Ep [008/50] T-Loss: 0.2984  T-Acc:  87.5%  V-Loss: 1.2936  V-Acc:  54.0%  LR: 5.00e-05
2026-07-05 11:27:21,805 | [SIFT-DBT] | INFO | candidates.f_swin_sift_dbt.model_trainers.stage1_trainer | S1-Ep [009/50] T-Loss: 0.2131  T-Acc:  91.7%  V-Loss: 1.8895  V-Acc:  48.4%  LR: 5.00e-05
2026-07-05 11:28:05,437 | [SIFT-DBT] | INFO | candidates.f_swin_sift_dbt.model_trainers.stage1_trainer | S1-Ep [010/50] T-Loss: 0.1787  T-Acc:  93.1%  V-Loss: 1.8064  V-Acc:  48.6%  LR: 5.00e-05
2026-07-05 11:28:49,075 | [SIFT-DBT] | INFO | candidates.f_swin_sift_dbt.model_trainers.stage1_trainer | S1-Ep [011/50] T-Loss: 0.1473  T-Acc:  94.4%  V-Loss: 3.1272  V-Acc:  41.7%  LR: 5.00e-05
2026-07-05 11:29:32,705 | [SIFT-DBT] | INFO | candidates.f_swin_sift_dbt.model_trainers.stage1_trainer | S1-Ep [012/50] T-Loss: 0.1193  T-Acc:  95.7%  V-Loss: 3.4087  V-Acc:  41.4%  LR: 5.00e-05
2026-07-05 11:29:32,706 | [SIFT-DBT] | INFO | candidates.f_swin_sift_dbt.model_trainers.stage1_trainer | Stage 1 early stop — best val loss 0.6832 at epoch 2
2026-07-05 11:29:32,706 | [SIFT-DBT] | INFO | candidates.f_swin_sift_dbt.model_trainers.stage1_trainer | Stage 1 done. Best val loss: 0.6832 (epoch 2)
2026-07-05 11:29:32,864 | [SIFT-DBT] | INFO | candidates.f_swin_sift_dbt.hybrid_trainer | Stage 2 fold 8 — bundles: train 25 (subj=25)  test 12 (subj=12)
2026-07-05 11:29:33,235 | [SIFT-DBT] | INFO | httpx | HTTP Request: HEAD https://huggingface.co/microsoft/swin-tiny-patch4-window7-224/resolve/main/config.json "HTTP/1.1 307 Temporary Redirect"
2026-07-05 11:29:33,251 | [SIFT-DBT] | INFO | httpx | HTTP Request: HEAD https://huggingface.co/api/resolve-cache/models/microsoft/swin-tiny-patch4-window7-224/d00d478bfaf1f417d34a1186673ad4b4be264c51/config.json "HTTP/1.1 200 OK"
2026-07-05 11:29:33,554 | [SIFT-DBT] | INFO | httpx | HTTP Request: HEAD https://huggingface.co/microsoft/swin-tiny-patch4-window7-224/resolve/main/model.safetensors "HTTP/1.1 302 Found"
2026-07-05 11:29:34,097 | [SIFT-DBT] | INFO | candidates.f_swin_sift_dbt.model_trainers.stage2_trainer | Stage 2 trainable params: 0.074 M  |  frozen: 27.519 M
2026-07-05 11:29:34,098 | [SIFT-DBT] | INFO | candidates.f_swin_sift_dbt.model_trainers.stage2_trainer | Stage 2 CE weights — HC: 1.389  MCI: 0.781
2026-07-05 11:29:57,343 | [SIFT-DBT] | INFO | candidates.f_swin_sift_dbt.model_trainers.stage2_trainer | S2-Ep [001/500] T-Acc:  88.0%  V-Acc:  41.7%  V-AUROC: 0.4571  LR: 2.00e-05
2026-07-05 11:30:19,719 | [SIFT-DBT] | INFO | candidates.f_swin_sift_dbt.model_trainers.stage2_trainer | S2-Ep [002/500] T-Acc:  96.0%  V-Acc:  58.3%  V-AUROC: 0.4857  LR: 4.00e-05
2026-07-05 11:30:44,941 | [SIFT-DBT] | INFO | candidates.f_swin_sift_dbt.model_trainers.stage2_trainer | S2-Ep [003/500] T-Acc:  92.0%  V-Acc:  50.0%  V-AUROC: 0.5143  LR: 6.00e-05
2026-07-05 11:31:09,404 | [SIFT-DBT] | INFO | candidates.f_swin_sift_dbt.model_trainers.stage2_trainer | S2-Ep [004/500] T-Acc:  92.0%  V-Acc:  50.0%  V-AUROC: 0.5143  LR: 8.00e-05
2026-07-05 11:31:31,540 | [SIFT-DBT] | INFO | candidates.f_swin_sift_dbt.model_trainers.stage2_trainer | S2-Ep [005/500] T-Acc:  92.0%  V-Acc:  50.0%  V-AUROC: 0.5143  LR: 1.00e-04
2026-07-05 11:31:53,684 | [SIFT-DBT] | INFO | candidates.f_swin_sift_dbt.model_trainers.stage2_trainer | S2-Ep [006/500] T-Acc:  92.0%  V-Acc:  50.0%  V-AUROC: 0.5143  LR: 1.00e-04
2026-07-05 11:32:15,808 | [SIFT-DBT] | INFO | candidates.f_swin_sift_dbt.model_trainers.stage2_trainer | S2-Ep [007/500] T-Acc:  92.0%  V-Acc:  50.0%  V-AUROC: 0.5429  LR: 1.00e-04
2026-07-05 11:32:40,313 | [SIFT-DBT] | INFO | candidates.f_swin_sift_dbt.model_trainers.stage2_trainer | S2-Ep [008/500] T-Acc:  92.0%  V-Acc:  50.0%  V-AUROC: 0.5429  LR: 1.00e-04
2026-07-05 11:33:02,695 | [SIFT-DBT] | INFO | candidates.f_swin_sift_dbt.model_trainers.stage2_trainer | S2-Ep [009/500] T-Acc:  92.0%  V-Acc:  50.0%  V-AUROC: 0.5429  LR: 1.00e-04
2026-07-05 11:33:24,814 | [SIFT-DBT] | INFO | candidates.f_swin_sift_dbt.model_trainers.stage2_trainer | S2-Ep [010/500] T-Acc:  92.0%  V-Acc:  50.0%  V-AUROC: 0.5143  LR: 1.00e-04
2026-07-05 11:33:46,938 | [SIFT-DBT] | INFO | candidates.f_swin_sift_dbt.model_trainers.stage2_trainer | S2-Ep [011/500] T-Acc:  92.0%  V-Acc:  58.3%  V-AUROC: 0.5143  LR: 1.00e-04
2026-07-05 11:34:09,062 | [SIFT-DBT] | INFO | candidates.f_swin_sift_dbt.model_trainers.stage2_trainer | S2-Ep [012/500] T-Acc:  96.0%  V-Acc:  58.3%  V-AUROC: 0.5143  LR: 1.00e-04
2026-07-05 11:34:31,175 | [SIFT-DBT] | INFO | candidates.f_swin_sift_dbt.model_trainers.stage2_trainer | S2-Ep [013/500] T-Acc:  92.0%  V-Acc:  41.7%  V-AUROC: 0.5143  LR: 1.00e-04
2026-07-05 11:34:53,375 | [SIFT-DBT] | INFO | candidates.f_swin_sift_dbt.model_trainers.stage2_trainer | S2-Ep [014/500] T-Acc:  96.0%  V-Acc:  50.0%  V-AUROC: 0.5143  LR: 1.00e-04
2026-07-05 11:35:15,508 | [SIFT-DBT] | INFO | candidates.f_swin_sift_dbt.model_trainers.stage2_trainer | S2-Ep [015/500] T-Acc:  96.0%  V-Acc:  50.0%  V-AUROC: 0.5143  LR: 1.00e-04
2026-07-05 11:35:37,626 | [SIFT-DBT] | INFO | candidates.f_swin_sift_dbt.model_trainers.stage2_trainer | S2-Ep [016/500] T-Acc:  96.0%  V-Acc:  58.3%  V-AUROC: 0.5143  LR: 1.00e-04
2026-07-05 11:35:59,757 | [SIFT-DBT] | INFO | candidates.f_swin_sift_dbt.model_trainers.stage2_trainer | S2-Ep [017/500] T-Acc:  96.0%  V-Acc:  50.0%  V-AUROC: 0.5143  LR: 1.00e-04
2026-07-05 11:36:21,951 | [SIFT-DBT] | INFO | candidates.f_swin_sift_dbt.model_trainers.stage2_trainer | S2-Ep [018/500] T-Acc:  96.0%  V-Acc:  50.0%  V-AUROC: 0.5143  LR: 1.00e-04
2026-07-05 11:36:44,338 | [SIFT-DBT] | INFO | candidates.f_swin_sift_dbt.model_trainers.stage2_trainer | S2-Ep [019/500] T-Acc:  96.0%  V-Acc:  50.0%  V-AUROC: 0.5143  LR: 2.00e-05
2026-07-05 11:37:06,486 | [SIFT-DBT] | INFO | candidates.f_swin_sift_dbt.model_trainers.stage2_trainer | S2-Ep [020/500] T-Acc:  96.0%  V-Acc:  50.0%  V-AUROC: 0.5143  LR: 2.00e-05
2026-07-05 11:37:28,652 | [SIFT-DBT] | INFO | candidates.f_swin_sift_dbt.model_trainers.stage2_trainer | S2-Ep [021/500] T-Acc:  96.0%  V-Acc:  50.0%  V-AUROC: 0.5143  LR: 2.00e-05
2026-07-05 11:37:50,831 | [SIFT-DBT] | INFO | candidates.f_swin_sift_dbt.model_trainers.stage2_trainer | S2-Ep [022/500] T-Acc:  96.0%  V-Acc:  50.0%  V-AUROC: 0.5143  LR: 2.00e-05
2026-07-05 11:38:12,955 | [SIFT-DBT] | INFO | candidates.f_swin_sift_dbt.model_trainers.stage2_trainer | S2-Ep [023/500] T-Acc:  96.0%  V-Acc:  50.0%  V-AUROC: 0.5143  LR: 2.00e-05
2026-07-05 11:38:35,081 | [SIFT-DBT] | INFO | candidates.f_swin_sift_dbt.model_trainers.stage2_trainer | S2-Ep [024/500] T-Acc:  96.0%  V-Acc:  50.0%  V-AUROC: 0.5143  LR: 2.00e-05
2026-07-05 11:38:57,217 | [SIFT-DBT] | INFO | candidates.f_swin_sift_dbt.model_trainers.stage2_trainer | S2-Ep [025/500] T-Acc:  96.0%  V-Acc:  50.0%  V-AUROC: 0.5143  LR: 2.00e-05
2026-07-05 11:39:19,361 | [SIFT-DBT] | INFO | candidates.f_swin_sift_dbt.model_trainers.stage2_trainer | S2-Ep [026/500] T-Acc:  96.0%  V-Acc:  50.0%  V-AUROC: 0.5143  LR: 2.00e-05
2026-07-05 11:39:41,481 | [SIFT-DBT] | INFO | candidates.f_swin_sift_dbt.model_trainers.stage2_trainer | S2-Ep [027/500] T-Acc:  96.0%  V-Acc:  50.0%  V-AUROC: 0.5429  LR: 2.00e-05
2026-07-05 11:40:03,713 | [SIFT-DBT] | INFO | candidates.f_swin_sift_dbt.model_trainers.stage2_trainer | S2-Ep [028/500] T-Acc:  96.0%  V-Acc:  50.0%  V-AUROC: 0.5429  LR: 2.00e-05
2026-07-05 11:40:25,832 | [SIFT-DBT] | INFO | candidates.f_swin_sift_dbt.model_trainers.stage2_trainer | S2-Ep [029/500] T-Acc:  96.0%  V-Acc:  50.0%  V-AUROC: 0.5429  LR: 2.00e-05
2026-07-05 11:40:47,959 | [SIFT-DBT] | INFO | candidates.f_swin_sift_dbt.model_trainers.stage2_trainer | S2-Ep [030/500] T-Acc:  96.0%  V-Acc:  50.0%  V-AUROC: 0.5429  LR: 4.00e-06
2026-07-05 11:41:10,106 | [SIFT-DBT] | INFO | candidates.f_swin_sift_dbt.model_trainers.stage2_trainer | S2-Ep [031/500] T-Acc:  96.0%  V-Acc:  50.0%  V-AUROC: 0.5429  LR: 4.00e-06
2026-07-05 11:41:32,318 | [SIFT-DBT] | INFO | candidates.f_swin_sift_dbt.model_trainers.stage2_trainer | S2-Ep [032/500] T-Acc:  96.0%  V-Acc:  50.0%  V-AUROC: 0.5429  LR: 4.00e-06
2026-07-05 11:41:54,474 | [SIFT-DBT] | INFO | candidates.f_swin_sift_dbt.model_trainers.stage2_trainer | S2-Ep [033/500] T-Acc:  96.0%  V-Acc:  50.0%  V-AUROC: 0.5429  LR: 4.00e-06
2026-07-05 11:42:16,609 | [SIFT-DBT] | INFO | candidates.f_swin_sift_dbt.model_trainers.stage2_trainer | S2-Ep [034/500] T-Acc:  96.0%  V-Acc:  50.0%  V-AUROC: 0.5429  LR: 4.00e-06
2026-07-05 11:42:38,730 | [SIFT-DBT] | INFO | candidates.f_swin_sift_dbt.model_trainers.stage2_trainer | S2-Ep [035/500] T-Acc:  96.0%  V-Acc:  50.0%  V-AUROC: 0.5429  LR: 4.00e-06
2026-07-05 11:43:00,864 | [SIFT-DBT] | INFO | candidates.f_swin_sift_dbt.model_trainers.stage2_trainer | S2-Ep [036/500] T-Acc:  96.0%  V-Acc:  50.0%  V-AUROC: 0.5429  LR: 4.00e-06
2026-07-05 11:43:23,025 | [SIFT-DBT] | INFO | candidates.f_swin_sift_dbt.model_trainers.stage2_trainer | S2-Ep [037/500] T-Acc:  96.0%  V-Acc:  50.0%  V-AUROC: 0.5429  LR: 4.00e-06
2026-07-05 11:43:23,025 | [SIFT-DBT] | INFO | candidates.f_swin_sift_dbt.model_trainers.stage2_trainer | Stage 2 early stop — best AUROC 0.5429 at epoch 7
2026-07-05 11:43:23,176 | [SIFT-DBT] | INFO | candidates.f_swin_sift_dbt.model_trainers.stage2_trainer | Restored best-AUROC Stage 2 state (epoch 7, AUROC 0.5429)
2026-07-05 11:43:23,177 | [SIFT-DBT] | INFO | candidates.f_swin_sift_dbt.model_trainers.stage2_trainer | Stage 2 done. Best val AUROC: 0.5429 (epoch 7)
2026-07-05 11:43:37,562 | [SIFT-DBT] | INFO | candidates.f_swin_sift_dbt.hybrid_trainer | -> Fold 08 Result | Acc=0.500  Sens=0.857  Spec=0.000  AUROC=0.543  (S1 val-loss=0.6832)
2026-07-05 11:43:37,563 | [SIFT-DBT] | INFO | candidates.f_swin_sift_dbt.hybrid_trainer | ============================================================
2026-07-05 11:43:37,563 | [SIFT-DBT] | INFO | candidates.f_swin_sift_dbt.hybrid_trainer | === Fold 09/30 | train: 25 subj | test: 12 subj ===
2026-07-05 11:43:37,565 | [SIFT-DBT] | INFO | candidates.f_swin_sift_dbt.hybrid_trainer | Stage 1 fold 9 — flat windows: train 5433 (subj=22)  val 775 (subj=3)
2026-07-05 11:43:37,933 | [SIFT-DBT] | INFO | httpx | HTTP Request: HEAD https://huggingface.co/microsoft/swin-tiny-patch4-window7-224/resolve/main/config.json "HTTP/1.1 307 Temporary Redirect"
2026-07-05 11:43:37,949 | [SIFT-DBT] | INFO | httpx | HTTP Request: HEAD https://huggingface.co/api/resolve-cache/models/microsoft/swin-tiny-patch4-window7-224/d00d478bfaf1f417d34a1186673ad4b4be264c51/config.json "HTTP/1.1 200 OK"
2026-07-05 11:43:38,225 | [SIFT-DBT] | INFO | httpx | HTTP Request: HEAD https://huggingface.co/microsoft/swin-tiny-patch4-window7-224/resolve/main/model.safetensors "HTTP/1.1 302 Found"
2026-07-05 11:43:38,774 | [SIFT-DBT] | INFO | candidates.f_swin_sift_dbt.model_trainers.stage1_trainer | Stage 1 CE weights — HC: 1.363  MCI: 0.790
2026-07-05 11:44:21,309 | [SIFT-DBT] | INFO | candidates.f_swin_sift_dbt.model_trainers.stage1_trainer | S1-Ep [001/50] T-Loss: 0.6707  T-Acc:  57.7%  V-Loss: 0.6732  V-Acc:  56.0%  LR: 1.00e-05
2026-07-05 11:45:03,369 | [SIFT-DBT] | INFO | candidates.f_swin_sift_dbt.model_trainers.stage1_trainer | S1-Ep [002/50] T-Loss: 0.6465  T-Acc:  62.3%  V-Loss: 0.6976  V-Acc:  53.8%  LR: 2.00e-05
2026-07-05 11:45:45,173 | [SIFT-DBT] | INFO | candidates.f_swin_sift_dbt.model_trainers.stage1_trainer | S1-Ep [003/50] T-Loss: 0.6309  T-Acc:  63.2%  V-Loss: 0.6906  V-Acc:  56.3%  LR: 3.00e-05
2026-07-05 11:46:27,030 | [SIFT-DBT] | INFO | candidates.f_swin_sift_dbt.model_trainers.stage1_trainer | S1-Ep [004/50] T-Loss: 0.6123  T-Acc:  65.8%  V-Loss: 0.7848  V-Acc:  53.7%  LR: 4.00e-05
2026-07-05 11:47:08,862 | [SIFT-DBT] | INFO | candidates.f_swin_sift_dbt.model_trainers.stage1_trainer | S1-Ep [005/50] T-Loss: 0.5892  T-Acc:  68.1%  V-Loss: 0.7551  V-Acc:  54.1%  LR: 5.00e-05
2026-07-05 11:47:50,669 | [SIFT-DBT] | INFO | candidates.f_swin_sift_dbt.model_trainers.stage1_trainer | S1-Ep [006/50] T-Loss: 0.5238  T-Acc:  73.6%  V-Loss: 0.7290  V-Acc:  54.1%  LR: 5.00e-05
2026-07-05 11:48:32,499 | [SIFT-DBT] | INFO | candidates.f_swin_sift_dbt.model_trainers.stage1_trainer | S1-Ep [007/50] T-Loss: 0.4257  T-Acc:  80.1%  V-Loss: 0.9941  V-Acc:  56.0%  LR: 5.00e-05
2026-07-05 11:49:14,323 | [SIFT-DBT] | INFO | candidates.f_swin_sift_dbt.model_trainers.stage1_trainer | S1-Ep [008/50] T-Loss: 0.3144  T-Acc:  86.9%  V-Loss: 1.2176  V-Acc:  53.4%  LR: 5.00e-05
2026-07-05 11:49:56,141 | [SIFT-DBT] | INFO | candidates.f_swin_sift_dbt.model_trainers.stage1_trainer | S1-Ep [009/50] T-Loss: 0.2201  T-Acc:  91.6%  V-Loss: 1.2870  V-Acc:  51.4%  LR: 5.00e-05
2026-07-05 11:50:37,993 | [SIFT-DBT] | INFO | candidates.f_swin_sift_dbt.model_trainers.stage1_trainer | S1-Ep [010/50] T-Loss: 0.1654  T-Acc:  93.9%  V-Loss: 1.8869  V-Acc:  50.8%  LR: 5.00e-05
2026-07-05 11:51:19,813 | [SIFT-DBT] | INFO | candidates.f_swin_sift_dbt.model_trainers.stage1_trainer | S1-Ep [011/50] T-Loss: 0.1349  T-Acc:  95.0%  V-Loss: 2.2297  V-Acc:  52.8%  LR: 5.00e-05
2026-07-05 11:51:19,814 | [SIFT-DBT] | INFO | candidates.f_swin_sift_dbt.model_trainers.stage1_trainer | Stage 1 early stop — best val loss 0.6732 at epoch 1
2026-07-05 11:51:19,814 | [SIFT-DBT] | INFO | candidates.f_swin_sift_dbt.model_trainers.stage1_trainer | Stage 1 done. Best val loss: 0.6732 (epoch 1)
2026-07-05 11:51:19,967 | [SIFT-DBT] | INFO | candidates.f_swin_sift_dbt.hybrid_trainer | Stage 2 fold 9 — bundles: train 25 (subj=25)  test 12 (subj=12)
2026-07-05 11:51:20,221 | [SIFT-DBT] | INFO | httpx | HTTP Request: HEAD https://huggingface.co/microsoft/swin-tiny-patch4-window7-224/resolve/main/config.json "HTTP/1.1 307 Temporary Redirect"
2026-07-05 11:51:20,236 | [SIFT-DBT] | INFO | httpx | HTTP Request: HEAD https://huggingface.co/api/resolve-cache/models/microsoft/swin-tiny-patch4-window7-224/d00d478bfaf1f417d34a1186673ad4b4be264c51/config.json "HTTP/1.1 200 OK"
2026-07-05 11:51:20,516 | [SIFT-DBT] | INFO | httpx | HTTP Request: HEAD https://huggingface.co/microsoft/swin-tiny-patch4-window7-224/resolve/main/model.safetensors "HTTP/1.1 302 Found"
2026-07-05 11:51:21,043 | [SIFT-DBT] | INFO | candidates.f_swin_sift_dbt.model_trainers.stage2_trainer | Stage 2 trainable params: 0.074 M  |  frozen: 27.519 M
2026-07-05 11:51:21,044 | [SIFT-DBT] | INFO | candidates.f_swin_sift_dbt.model_trainers.stage2_trainer | Stage 2 CE weights — HC: 1.562  MCI: 0.735
2026-07-05 11:51:44,747 | [SIFT-DBT] | INFO | candidates.f_swin_sift_dbt.model_trainers.stage2_trainer | S2-Ep [001/500] T-Acc:  32.0%  V-Acc:  50.0%  V-AUROC: 0.3333  LR: 2.00e-05
2026-07-05 11:52:07,242 | [SIFT-DBT] | INFO | candidates.f_swin_sift_dbt.model_trainers.stage2_trainer | S2-Ep [002/500] T-Acc:  32.0%  V-Acc:  50.0%  V-AUROC: 0.5278  LR: 4.00e-05
2026-07-05 11:52:32,026 | [SIFT-DBT] | INFO | candidates.f_swin_sift_dbt.model_trainers.stage2_trainer | S2-Ep [003/500] T-Acc:  52.0%  V-Acc:  50.0%  V-AUROC: 0.5833  LR: 6.00e-05
2026-07-05 11:52:55,880 | [SIFT-DBT] | INFO | candidates.f_swin_sift_dbt.model_trainers.stage2_trainer | S2-Ep [004/500] T-Acc:  88.0%  V-Acc:  50.0%  V-AUROC: 0.5833  LR: 8.00e-05
2026-07-05 11:53:18,040 | [SIFT-DBT] | INFO | candidates.f_swin_sift_dbt.model_trainers.stage2_trainer | S2-Ep [005/500] T-Acc: 100.0%  V-Acc:  41.7%  V-AUROC: 0.5556  LR: 1.00e-04
2026-07-05 11:53:40,178 | [SIFT-DBT] | INFO | candidates.f_swin_sift_dbt.model_trainers.stage2_trainer | S2-Ep [006/500] T-Acc:  96.0%  V-Acc:  50.0%  V-AUROC: 0.5556  LR: 1.00e-04
2026-07-05 11:54:02,310 | [SIFT-DBT] | INFO | candidates.f_swin_sift_dbt.model_trainers.stage2_trainer | S2-Ep [007/500] T-Acc:  96.0%  V-Acc:  41.7%  V-AUROC: 0.5556  LR: 1.00e-04
2026-07-05 11:54:24,463 | [SIFT-DBT] | INFO | candidates.f_swin_sift_dbt.model_trainers.stage2_trainer | S2-Ep [008/500] T-Acc:  96.0%  V-Acc:  50.0%  V-AUROC: 0.5556  LR: 1.00e-04
2026-07-05 11:54:46,603 | [SIFT-DBT] | INFO | candidates.f_swin_sift_dbt.model_trainers.stage2_trainer | S2-Ep [009/500] T-Acc:  96.0%  V-Acc:  50.0%  V-AUROC: 0.5556  LR: 1.00e-04
2026-07-05 11:55:08,862 | [SIFT-DBT] | INFO | candidates.f_swin_sift_dbt.model_trainers.stage2_trainer | S2-Ep [010/500] T-Acc:  96.0%  V-Acc:  50.0%  V-AUROC: 0.5556  LR: 1.00e-04
2026-07-05 11:55:31,004 | [SIFT-DBT] | INFO | candidates.f_swin_sift_dbt.model_trainers.stage2_trainer | S2-Ep [011/500] T-Acc:  96.0%  V-Acc:  50.0%  V-AUROC: 0.5556  LR: 1.00e-04
2026-07-05 11:55:53,170 | [SIFT-DBT] | INFO | candidates.f_swin_sift_dbt.model_trainers.stage2_trainer | S2-Ep [012/500] T-Acc:  96.0%  V-Acc:  50.0%  V-AUROC: 0.5556  LR: 1.00e-04
2026-07-05 11:56:15,345 | [SIFT-DBT] | INFO | candidates.f_swin_sift_dbt.model_trainers.stage2_trainer | S2-Ep [013/500] T-Acc:  96.0%  V-Acc:  50.0%  V-AUROC: 0.5556  LR: 1.00e-04
2026-07-05 11:56:37,530 | [SIFT-DBT] | INFO | candidates.f_swin_sift_dbt.model_trainers.stage2_trainer | S2-Ep [014/500] T-Acc:  96.0%  V-Acc:  50.0%  V-AUROC: 0.5556  LR: 1.00e-04
2026-07-05 11:56:59,670 | [SIFT-DBT] | INFO | candidates.f_swin_sift_dbt.model_trainers.stage2_trainer | S2-Ep [015/500] T-Acc:  96.0%  V-Acc:  50.0%  V-AUROC: 0.5556  LR: 1.00e-04
2026-07-05 11:57:21,859 | [SIFT-DBT] | INFO | candidates.f_swin_sift_dbt.model_trainers.stage2_trainer | S2-Ep [016/500] T-Acc:  96.0%  V-Acc:  50.0%  V-AUROC: 0.5556  LR: 1.00e-04
2026-07-05 11:57:43,999 | [SIFT-DBT] | INFO | candidates.f_swin_sift_dbt.model_trainers.stage2_trainer | S2-Ep [017/500] T-Acc:  96.0%  V-Acc:  33.3%  V-AUROC: 0.5556  LR: 1.00e-04
2026-07-05 11:58:06,128 | [SIFT-DBT] | INFO | candidates.f_swin_sift_dbt.model_trainers.stage2_trainer | S2-Ep [018/500] T-Acc:  96.0%  V-Acc:  33.3%  V-AUROC: 0.5556  LR: 2.00e-05
2026-07-05 11:58:28,287 | [SIFT-DBT] | INFO | candidates.f_swin_sift_dbt.model_trainers.stage2_trainer | S2-Ep [019/500] T-Acc: 100.0%  V-Acc:  33.3%  V-AUROC: 0.5556  LR: 2.00e-05
2026-07-05 11:58:50,456 | [SIFT-DBT] | INFO | candidates.f_swin_sift_dbt.model_trainers.stage2_trainer | S2-Ep [020/500] T-Acc: 100.0%  V-Acc:  33.3%  V-AUROC: 0.5556  LR: 2.00e-05
2026-07-05 11:59:12,591 | [SIFT-DBT] | INFO | candidates.f_swin_sift_dbt.model_trainers.stage2_trainer | S2-Ep [021/500] T-Acc:  96.0%  V-Acc:  33.3%  V-AUROC: 0.5556  LR: 2.00e-05
2026-07-05 11:59:34,762 | [SIFT-DBT] | INFO | candidates.f_swin_sift_dbt.model_trainers.stage2_trainer | S2-Ep [022/500] T-Acc:  96.0%  V-Acc:  33.3%  V-AUROC: 0.5556  LR: 2.00e-05
2026-07-05 11:59:56,898 | [SIFT-DBT] | INFO | candidates.f_swin_sift_dbt.model_trainers.stage2_trainer | S2-Ep [023/500] T-Acc:  96.0%  V-Acc:  33.3%  V-AUROC: 0.5556  LR: 2.00e-05
2026-07-05 12:00:19,099 | [SIFT-DBT] | INFO | candidates.f_swin_sift_dbt.model_trainers.stage2_trainer | S2-Ep [024/500] T-Acc: 100.0%  V-Acc:  33.3%  V-AUROC: 0.5556  LR: 2.00e-05
2026-07-05 12:00:41,250 | [SIFT-DBT] | INFO | candidates.f_swin_sift_dbt.model_trainers.stage2_trainer | S2-Ep [025/500] T-Acc:  96.0%  V-Acc:  33.3%  V-AUROC: 0.5556  LR: 2.00e-05
2026-07-05 12:01:03,387 | [SIFT-DBT] | INFO | candidates.f_swin_sift_dbt.model_trainers.stage2_trainer | S2-Ep [026/500] T-Acc:  96.0%  V-Acc:  33.3%  V-AUROC: 0.5556  LR: 2.00e-05
2026-07-05 12:01:25,529 | [SIFT-DBT] | INFO | candidates.f_swin_sift_dbt.model_trainers.stage2_trainer | S2-Ep [027/500] T-Acc:  96.0%  V-Acc:  33.3%  V-AUROC: 0.5556  LR: 2.00e-05
2026-07-05 12:01:47,752 | [SIFT-DBT] | INFO | candidates.f_swin_sift_dbt.model_trainers.stage2_trainer | S2-Ep [028/500] T-Acc:  96.0%  V-Acc:  33.3%  V-AUROC: 0.5556  LR: 2.00e-05
2026-07-05 12:02:09,882 | [SIFT-DBT] | INFO | candidates.f_swin_sift_dbt.model_trainers.stage2_trainer | S2-Ep [029/500] T-Acc: 100.0%  V-Acc:  33.3%  V-AUROC: 0.5556  LR: 4.00e-06
2026-07-05 12:02:32,012 | [SIFT-DBT] | INFO | candidates.f_swin_sift_dbt.model_trainers.stage2_trainer | S2-Ep [030/500] T-Acc:  96.0%  V-Acc:  33.3%  V-AUROC: 0.5556  LR: 4.00e-06
2026-07-05 12:02:54,143 | [SIFT-DBT] | INFO | candidates.f_swin_sift_dbt.model_trainers.stage2_trainer | S2-Ep [031/500] T-Acc: 100.0%  V-Acc:  33.3%  V-AUROC: 0.5556  LR: 4.00e-06
2026-07-05 12:03:16,287 | [SIFT-DBT] | INFO | candidates.f_swin_sift_dbt.model_trainers.stage2_trainer | S2-Ep [032/500] T-Acc:  96.0%  V-Acc:  33.3%  V-AUROC: 0.5556  LR: 4.00e-06
2026-07-05 12:03:38,428 | [SIFT-DBT] | INFO | candidates.f_swin_sift_dbt.model_trainers.stage2_trainer | S2-Ep [033/500] T-Acc:  96.0%  V-Acc:  33.3%  V-AUROC: 0.5556  LR: 4.00e-06
2026-07-05 12:03:38,428 | [SIFT-DBT] | INFO | candidates.f_swin_sift_dbt.model_trainers.stage2_trainer | Stage 2 early stop — best AUROC 0.5833 at epoch 3
2026-07-05 12:03:38,591 | [SIFT-DBT] | INFO | candidates.f_swin_sift_dbt.model_trainers.stage2_trainer | Restored best-AUROC Stage 2 state (epoch 3, AUROC 0.5833)
2026-07-05 12:03:38,592 | [SIFT-DBT] | INFO | candidates.f_swin_sift_dbt.model_trainers.stage2_trainer | Stage 2 done. Best val AUROC: 0.5833 (epoch 3)
2026-07-05 12:03:54,583 | [SIFT-DBT] | INFO | candidates.f_swin_sift_dbt.hybrid_trainer | -> Fold 09 Result | Acc=0.500  Sens=0.000  Spec=1.000  AUROC=0.583  (S1 val-loss=0.6732)
2026-07-05 12:03:54,584 | [SIFT-DBT] | INFO | candidates.f_swin_sift_dbt.hybrid_trainer | ============================================================
2026-07-05 12:03:54,584 | [SIFT-DBT] | INFO | candidates.f_swin_sift_dbt.hybrid_trainer | === Fold 10/30 | train: 25 subj | test: 12 subj ===
2026-07-05 12:03:54,587 | [SIFT-DBT] | INFO | candidates.f_swin_sift_dbt.hybrid_trainer | Stage 1 fold 10 — flat windows: train 5458 (subj=22)  val 843 (subj=3)
2026-07-05 12:03:54,867 | [SIFT-DBT] | INFO | httpx | HTTP Request: HEAD https://huggingface.co/microsoft/swin-tiny-patch4-window7-224/resolve/main/config.json "HTTP/1.1 307 Temporary Redirect"
2026-07-05 12:03:54,884 | [SIFT-DBT] | INFO | httpx | HTTP Request: HEAD https://huggingface.co/api/resolve-cache/models/microsoft/swin-tiny-patch4-window7-224/d00d478bfaf1f417d34a1186673ad4b4be264c51/config.json "HTTP/1.1 200 OK"
2026-07-05 12:03:55,160 | [SIFT-DBT] | INFO | httpx | HTTP Request: HEAD https://huggingface.co/microsoft/swin-tiny-patch4-window7-224/resolve/main/model.safetensors "HTTP/1.1 302 Found"
2026-07-05 12:03:55,709 | [SIFT-DBT] | INFO | candidates.f_swin_sift_dbt.model_trainers.stage1_trainer | Stage 1 CE weights — HC: 1.195  MCI: 0.860
2026-07-05 12:04:38,522 | [SIFT-DBT] | INFO | candidates.f_swin_sift_dbt.model_trainers.stage1_trainer | S1-Ep [001/50] T-Loss: 0.6788  T-Acc:  56.2%  V-Loss: 0.7847  V-Acc:  38.4%  LR: 1.00e-05
2026-07-05 12:05:21,116 | [SIFT-DBT] | INFO | candidates.f_swin_sift_dbt.model_trainers.stage1_trainer | S1-Ep [002/50] T-Loss: 0.6587  T-Acc:  61.4%  V-Loss: 0.7190  V-Acc:  52.2%  LR: 2.00e-05
2026-07-05 12:06:04,923 | [SIFT-DBT] | INFO | candidates.f_swin_sift_dbt.model_trainers.stage1_trainer | S1-Ep [003/50] T-Loss: 0.6337  T-Acc:  64.2%  V-Loss: 1.0221  V-Acc:  35.5%  LR: 3.00e-05
2026-07-05 12:06:47,143 | [SIFT-DBT] | INFO | candidates.f_swin_sift_dbt.model_trainers.stage1_trainer | S1-Ep [004/50] T-Loss: 0.6102  T-Acc:  66.4%  V-Loss: 0.9285  V-Acc:  38.9%  LR: 4.00e-05
2026-07-05 12:07:29,355 | [SIFT-DBT] | INFO | candidates.f_swin_sift_dbt.model_trainers.stage1_trainer | S1-Ep [005/50] T-Loss: 0.5795  T-Acc:  69.9%  V-Loss: 0.8321  V-Acc:  53.3%  LR: 5.00e-05
2026-07-05 12:08:11,550 | [SIFT-DBT] | INFO | candidates.f_swin_sift_dbt.model_trainers.stage1_trainer | S1-Ep [006/50] T-Loss: 0.5056  T-Acc:  75.3%  V-Loss: 1.1800  V-Acc:  38.6%  LR: 5.00e-05
2026-07-05 12:08:53,744 | [SIFT-DBT] | INFO | candidates.f_swin_sift_dbt.model_trainers.stage1_trainer | S1-Ep [007/50] T-Loss: 0.4024  T-Acc:  81.6%  V-Loss: 1.1911  V-Acc:  42.2%  LR: 5.00e-05
2026-07-05 12:09:35,960 | [SIFT-DBT] | INFO | candidates.f_swin_sift_dbt.model_trainers.stage1_trainer | S1-Ep [008/50] T-Loss: 0.2835  T-Acc:  88.5%  V-Loss: 1.4686  V-Acc:  45.0%  LR: 5.00e-05
2026-07-05 12:10:18,174 | [SIFT-DBT] | INFO | candidates.f_swin_sift_dbt.model_trainers.stage1_trainer | S1-Ep [009/50] T-Loss: 0.1878  T-Acc:  92.7%  V-Loss: 1.9169  V-Acc:  43.2%  LR: 5.00e-05
2026-07-05 12:11:00,399 | [SIFT-DBT] | INFO | candidates.f_swin_sift_dbt.model_trainers.stage1_trainer | S1-Ep [010/50] T-Loss: 0.1530  T-Acc:  94.4%  V-Loss: 1.9617  V-Acc:  48.4%  LR: 5.00e-05
2026-07-05 12:11:42,596 | [SIFT-DBT] | INFO | candidates.f_swin_sift_dbt.model_trainers.stage1_trainer | S1-Ep [011/50] T-Loss: 0.1324  T-Acc:  95.1%  V-Loss: 4.3842  V-Acc:  36.5%  LR: 5.00e-05
2026-07-05 12:12:24,803 | [SIFT-DBT] | INFO | candidates.f_swin_sift_dbt.model_trainers.stage1_trainer | S1-Ep [012/50] T-Loss: 0.1247  T-Acc:  95.5%  V-Loss: 3.9220  V-Acc:  36.1%  LR: 5.00e-05
2026-07-05 12:12:24,803 | [SIFT-DBT] | INFO | candidates.f_swin_sift_dbt.model_trainers.stage1_trainer | Stage 1 early stop — best val loss 0.7190 at epoch 2
2026-07-05 12:12:24,804 | [SIFT-DBT] | INFO | candidates.f_swin_sift_dbt.model_trainers.stage1_trainer | Stage 1 done. Best val loss: 0.7190 (epoch 2)
2026-07-05 12:12:24,947 | [SIFT-DBT] | INFO | candidates.f_swin_sift_dbt.hybrid_trainer | Stage 2 fold 10 — bundles: train 25 (subj=25)  test 12 (subj=12)
2026-07-05 12:12:25,196 | [SIFT-DBT] | INFO | httpx | HTTP Request: HEAD https://huggingface.co/microsoft/swin-tiny-patch4-window7-224/resolve/main/config.json "HTTP/1.1 307 Temporary Redirect"
2026-07-05 12:12:25,210 | [SIFT-DBT] | INFO | httpx | HTTP Request: HEAD https://huggingface.co/api/resolve-cache/models/microsoft/swin-tiny-patch4-window7-224/d00d478bfaf1f417d34a1186673ad4b4be264c51/config.json "HTTP/1.1 200 OK"
2026-07-05 12:12:25,467 | [SIFT-DBT] | INFO | httpx | HTTP Request: HEAD https://huggingface.co/microsoft/swin-tiny-patch4-window7-224/resolve/main/model.safetensors "HTTP/1.1 302 Found"
2026-07-05 12:12:25,987 | [SIFT-DBT] | INFO | candidates.f_swin_sift_dbt.model_trainers.stage2_trainer | Stage 2 trainable params: 0.074 M  |  frozen: 27.519 M
2026-07-05 12:12:25,988 | [SIFT-DBT] | INFO | candidates.f_swin_sift_dbt.model_trainers.stage2_trainer | Stage 2 CE weights — HC: 1.250  MCI: 0.833
2026-07-05 12:12:49,875 | [SIFT-DBT] | INFO | candidates.f_swin_sift_dbt.model_trainers.stage2_trainer | S2-Ep [001/500] T-Acc:  64.0%  V-Acc:  50.0%  V-AUROC: 0.8125  LR: 2.00e-05
2026-07-05 12:13:12,533 | [SIFT-DBT] | INFO | candidates.f_swin_sift_dbt.model_trainers.stage2_trainer | S2-Ep [002/500] T-Acc:  88.0%  V-Acc:  75.0%  V-AUROC: 0.8438  LR: 4.00e-05
2026-07-05 12:13:35,754 | [SIFT-DBT] | INFO | candidates.f_swin_sift_dbt.model_trainers.stage2_trainer | S2-Ep [003/500] T-Acc:  92.0%  V-Acc:  83.3%  V-AUROC: 0.8125  LR: 6.00e-05
2026-07-05 12:13:57,944 | [SIFT-DBT] | INFO | candidates.f_swin_sift_dbt.model_trainers.stage2_trainer | S2-Ep [004/500] T-Acc:  92.0%  V-Acc:  66.7%  V-AUROC: 0.8125  LR: 8.00e-05
2026-07-05 12:14:20,081 | [SIFT-DBT] | INFO | candidates.f_swin_sift_dbt.model_trainers.stage2_trainer | S2-Ep [005/500] T-Acc:  92.0%  V-Acc:  66.7%  V-AUROC: 0.8125  LR: 1.00e-04
2026-07-05 12:14:42,249 | [SIFT-DBT] | INFO | candidates.f_swin_sift_dbt.model_trainers.stage2_trainer | S2-Ep [006/500] T-Acc:  92.0%  V-Acc:  66.7%  V-AUROC: 0.8125  LR: 1.00e-04
2026-07-05 12:15:04,664 | [SIFT-DBT] | INFO | candidates.f_swin_sift_dbt.model_trainers.stage2_trainer | S2-Ep [007/500] T-Acc:  92.0%  V-Acc:  66.7%  V-AUROC: 0.8125  LR: 1.00e-04
2026-07-05 12:15:26,803 | [SIFT-DBT] | INFO | candidates.f_swin_sift_dbt.model_trainers.stage2_trainer | S2-Ep [008/500] T-Acc:  92.0%  V-Acc:  66.7%  V-AUROC: 0.8125  LR: 1.00e-04
2026-07-05 12:15:49,278 | [SIFT-DBT] | INFO | candidates.f_swin_sift_dbt.model_trainers.stage2_trainer | S2-Ep [009/500] T-Acc:  92.0%  V-Acc:  75.0%  V-AUROC: 0.8438  LR: 1.00e-04
2026-07-05 12:16:11,466 | [SIFT-DBT] | INFO | candidates.f_swin_sift_dbt.model_trainers.stage2_trainer | S2-Ep [010/500] T-Acc:  92.0%  V-Acc:  75.0%  V-AUROC: 0.8438  LR: 1.00e-04
2026-07-05 12:16:33,644 | [SIFT-DBT] | INFO | candidates.f_swin_sift_dbt.model_trainers.stage2_trainer | S2-Ep [011/500] T-Acc:  88.0%  V-Acc:  83.3%  V-AUROC: 0.8438  LR: 1.00e-04
2026-07-05 12:16:55,787 | [SIFT-DBT] | INFO | candidates.f_swin_sift_dbt.model_trainers.stage2_trainer | S2-Ep [012/500] T-Acc:  92.0%  V-Acc:  66.7%  V-AUROC: 0.8438  LR: 1.00e-04
2026-07-05 12:17:18,214 | [SIFT-DBT] | INFO | candidates.f_swin_sift_dbt.model_trainers.stage2_trainer | S2-Ep [013/500] T-Acc:  92.0%  V-Acc:  75.0%  V-AUROC: 0.8438  LR: 1.00e-04
2026-07-05 12:17:40,435 | [SIFT-DBT] | INFO | candidates.f_swin_sift_dbt.model_trainers.stage2_trainer | S2-Ep [014/500] T-Acc:  92.0%  V-Acc:  75.0%  V-AUROC: 0.8438  LR: 1.00e-04
2026-07-05 12:18:02,733 | [SIFT-DBT] | INFO | candidates.f_swin_sift_dbt.model_trainers.stage2_trainer | S2-Ep [015/500] T-Acc:  92.0%  V-Acc:  75.0%  V-AUROC: 0.8438  LR: 1.00e-04
2026-07-05 12:18:24,886 | [SIFT-DBT] | INFO | candidates.f_swin_sift_dbt.model_trainers.stage2_trainer | S2-Ep [016/500] T-Acc:  92.0%  V-Acc:  75.0%  V-AUROC: 0.8438  LR: 1.00e-04
2026-07-05 12:18:47,071 | [SIFT-DBT] | INFO | candidates.f_swin_sift_dbt.model_trainers.stage2_trainer | S2-Ep [017/500] T-Acc:  92.0%  V-Acc:  75.0%  V-AUROC: 0.8438  LR: 1.00e-04
2026-07-05 12:19:09,222 | [SIFT-DBT] | INFO | candidates.f_swin_sift_dbt.model_trainers.stage2_trainer | S2-Ep [018/500] T-Acc:  92.0%  V-Acc:  75.0%  V-AUROC: 0.8438  LR: 1.00e-04
2026-07-05 12:19:31,381 | [SIFT-DBT] | INFO | candidates.f_swin_sift_dbt.model_trainers.stage2_trainer | S2-Ep [019/500] T-Acc:  92.0%  V-Acc:  75.0%  V-AUROC: 0.8438  LR: 1.00e-04
2026-07-05 12:19:53,534 | [SIFT-DBT] | INFO | candidates.f_swin_sift_dbt.model_trainers.stage2_trainer | S2-Ep [020/500] T-Acc:  92.0%  V-Acc:  66.7%  V-AUROC: 0.8438  LR: 1.00e-04
2026-07-05 12:20:15,677 | [SIFT-DBT] | INFO | candidates.f_swin_sift_dbt.model_trainers.stage2_trainer | S2-Ep [021/500] T-Acc:  92.0%  V-Acc:  66.7%  V-AUROC: 0.8438  LR: 2.00e-05
2026-07-05 12:20:37,850 | [SIFT-DBT] | INFO | candidates.f_swin_sift_dbt.model_trainers.stage2_trainer | S2-Ep [022/500] T-Acc:  92.0%  V-Acc:  66.7%  V-AUROC: 0.8438  LR: 2.00e-05
2026-07-05 12:21:00,101 | [SIFT-DBT] | INFO | candidates.f_swin_sift_dbt.model_trainers.stage2_trainer | S2-Ep [023/500] T-Acc:  92.0%  V-Acc:  66.7%  V-AUROC: 0.8438  LR: 2.00e-05
2026-07-05 12:21:22,272 | [SIFT-DBT] | INFO | candidates.f_swin_sift_dbt.model_trainers.stage2_trainer | S2-Ep [024/500] T-Acc:  96.0%  V-Acc:  66.7%  V-AUROC: 0.8438  LR: 2.00e-05
2026-07-05 12:21:44,428 | [SIFT-DBT] | INFO | candidates.f_swin_sift_dbt.model_trainers.stage2_trainer | S2-Ep [025/500] T-Acc:  92.0%  V-Acc:  66.7%  V-AUROC: 0.8438  LR: 2.00e-05
2026-07-05 12:22:06,578 | [SIFT-DBT] | INFO | candidates.f_swin_sift_dbt.model_trainers.stage2_trainer | S2-Ep [026/500] T-Acc:  92.0%  V-Acc:  66.7%  V-AUROC: 0.8438  LR: 2.00e-05
2026-07-05 12:22:28,740 | [SIFT-DBT] | INFO | candidates.f_swin_sift_dbt.model_trainers.stage2_trainer | S2-Ep [027/500] T-Acc:  92.0%  V-Acc:  66.7%  V-AUROC: 0.8438  LR: 2.00e-05
2026-07-05 12:22:50,898 | [SIFT-DBT] | INFO | candidates.f_swin_sift_dbt.model_trainers.stage2_trainer | S2-Ep [028/500] T-Acc:  92.0%  V-Acc:  66.7%  V-AUROC: 0.8438  LR: 2.00e-05
2026-07-05 12:23:13,066 | [SIFT-DBT] | INFO | candidates.f_swin_sift_dbt.model_trainers.stage2_trainer | S2-Ep [029/500] T-Acc:  92.0%  V-Acc:  66.7%  V-AUROC: 0.8438  LR: 2.00e-05
2026-07-05 12:23:35,210 | [SIFT-DBT] | INFO | candidates.f_swin_sift_dbt.model_trainers.stage2_trainer | S2-Ep [030/500] T-Acc:  92.0%  V-Acc:  66.7%  V-AUROC: 0.8438  LR: 2.00e-05
2026-07-05 12:23:57,356 | [SIFT-DBT] | INFO | candidates.f_swin_sift_dbt.model_trainers.stage2_trainer | S2-Ep [031/500] T-Acc:  92.0%  V-Acc:  58.3%  V-AUROC: 0.8438  LR: 2.00e-05
2026-07-05 12:24:19,510 | [SIFT-DBT] | INFO | candidates.f_swin_sift_dbt.model_trainers.stage2_trainer | S2-Ep [032/500] T-Acc:  96.0%  V-Acc:  66.7%  V-AUROC: 0.8438  LR: 4.00e-06
2026-07-05 12:24:19,511 | [SIFT-DBT] | INFO | candidates.f_swin_sift_dbt.model_trainers.stage2_trainer | Stage 2 early stop — best AUROC 0.8438 at epoch 2
2026-07-05 12:24:19,669 | [SIFT-DBT] | INFO | candidates.f_swin_sift_dbt.model_trainers.stage2_trainer | Restored best-AUROC Stage 2 state (epoch 2, AUROC 0.8438)
2026-07-05 12:24:19,669 | [SIFT-DBT] | INFO | candidates.f_swin_sift_dbt.model_trainers.stage2_trainer | Stage 2 done. Best val AUROC: 0.8438 (epoch 2)
2026-07-05 12:24:35,389 | [SIFT-DBT] | INFO | candidates.f_swin_sift_dbt.hybrid_trainer | -> Fold 10 Result | Acc=0.750  Sens=0.625  Spec=1.000  AUROC=0.844  (S1 val-loss=0.7190)
2026-07-05 12:24:35,390 | [SIFT-DBT] | INFO | candidates.f_swin_sift_dbt.hybrid_trainer | ============================================================
2026-07-05 12:24:35,390 | [SIFT-DBT] | INFO | candidates.f_swin_sift_dbt.hybrid_trainer | === Fold 11/30 | train: 25 subj | test: 12 subj ===
2026-07-05 12:24:35,392 | [SIFT-DBT] | INFO | candidates.f_swin_sift_dbt.hybrid_trainer | Stage 1 fold 11 — flat windows: train 5614 (subj=22)  val 790 (subj=3)
2026-07-05 12:24:35,673 | [SIFT-DBT] | INFO | httpx | HTTP Request: HEAD https://huggingface.co/microsoft/swin-tiny-patch4-window7-224/resolve/main/config.json "HTTP/1.1 307 Temporary Redirect"
2026-07-05 12:24:35,688 | [SIFT-DBT] | INFO | httpx | HTTP Request: HEAD https://huggingface.co/api/resolve-cache/models/microsoft/swin-tiny-patch4-window7-224/d00d478bfaf1f417d34a1186673ad4b4be264c51/config.json "HTTP/1.1 200 OK"
2026-07-05 12:24:35,952 | [SIFT-DBT] | INFO | httpx | HTTP Request: HEAD https://huggingface.co/microsoft/swin-tiny-patch4-window7-224/resolve/main/model.safetensors "HTTP/1.1 302 Found"
2026-07-05 12:24:36,505 | [SIFT-DBT] | INFO | candidates.f_swin_sift_dbt.model_trainers.stage1_trainer | Stage 1 CE weights — HC: 1.378  MCI: 0.785
2026-07-05 12:25:20,277 | [SIFT-DBT] | INFO | candidates.f_swin_sift_dbt.model_trainers.stage1_trainer | S1-Ep [001/50] T-Loss: 0.6294  T-Acc:  63.6%  V-Loss: 0.8733  V-Acc:  45.3%  LR: 1.00e-05
2026-07-05 12:26:03,780 | [SIFT-DBT] | INFO | candidates.f_swin_sift_dbt.model_trainers.stage1_trainer | S1-Ep [002/50] T-Loss: 0.6099  T-Acc:  66.7%  V-Loss: 0.8399  V-Acc:  44.3%  LR: 2.00e-05
2026-07-05 12:26:49,084 | [SIFT-DBT] | INFO | candidates.f_swin_sift_dbt.model_trainers.stage1_trainer | S1-Ep [003/50] T-Loss: 0.5812  T-Acc:  69.6%  V-Loss: 0.9199  V-Acc:  41.3%  LR: 3.00e-05
2026-07-05 12:27:32,273 | [SIFT-DBT] | INFO | candidates.f_swin_sift_dbt.model_trainers.stage1_trainer | S1-Ep [004/50] T-Loss: 0.5432  T-Acc:  72.5%  V-Loss: 0.9034  V-Acc:  43.7%  LR: 4.00e-05
2026-07-05 12:28:15,475 | [SIFT-DBT] | INFO | candidates.f_swin_sift_dbt.model_trainers.stage1_trainer | S1-Ep [005/50] T-Loss: 0.5308  T-Acc:  73.4%  V-Loss: 0.9982  V-Acc:  50.5%  LR: 5.00e-05
2026-07-05 12:28:58,680 | [SIFT-DBT] | INFO | candidates.f_swin_sift_dbt.model_trainers.stage1_trainer | S1-Ep [006/50] T-Loss: 0.4786  T-Acc:  77.3%  V-Loss: 1.0611  V-Acc:  42.5%  LR: 5.00e-05
2026-07-05 12:29:41,882 | [SIFT-DBT] | INFO | candidates.f_swin_sift_dbt.model_trainers.stage1_trainer | S1-Ep [007/50] T-Loss: 0.3691  T-Acc:  84.0%  V-Loss: 1.1781  V-Acc:  45.7%  LR: 5.00e-05
2026-07-05 12:30:25,095 | [SIFT-DBT] | INFO | candidates.f_swin_sift_dbt.model_trainers.stage1_trainer | S1-Ep [008/50] T-Loss: 0.2693  T-Acc:  88.5%  V-Loss: 1.8649  V-Acc:  39.5%  LR: 5.00e-05
2026-07-05 12:31:08,304 | [SIFT-DBT] | INFO | candidates.f_swin_sift_dbt.model_trainers.stage1_trainer | S1-Ep [009/50] T-Loss: 0.1891  T-Acc:  93.1%  V-Loss: 2.1472  V-Acc:  44.4%  LR: 5.00e-05
2026-07-05 12:31:51,605 | [SIFT-DBT] | INFO | candidates.f_swin_sift_dbt.model_trainers.stage1_trainer | S1-Ep [010/50] T-Loss: 0.1610  T-Acc:  94.4%  V-Loss: 2.7512  V-Acc:  41.0%  LR: 5.00e-05
2026-07-05 12:32:34,840 | [SIFT-DBT] | INFO | candidates.f_swin_sift_dbt.model_trainers.stage1_trainer | S1-Ep [011/50] T-Loss: 0.1401  T-Acc:  95.3%  V-Loss: 2.9829  V-Acc:  38.9%  LR: 5.00e-05
2026-07-05 12:33:18,065 | [SIFT-DBT] | INFO | candidates.f_swin_sift_dbt.model_trainers.stage1_trainer | S1-Ep [012/50] T-Loss: 0.1247  T-Acc:  95.8%  V-Loss: 3.2915  V-Acc:  39.7%  LR: 5.00e-05
2026-07-05 12:33:18,065 | [SIFT-DBT] | INFO | candidates.f_swin_sift_dbt.model_trainers.stage1_trainer | Stage 1 early stop — best val loss 0.8399 at epoch 2
2026-07-05 12:33:18,066 | [SIFT-DBT] | INFO | candidates.f_swin_sift_dbt.model_trainers.stage1_trainer | Stage 1 done. Best val loss: 0.8399 (epoch 2)
2026-07-05 12:33:18,200 | [SIFT-DBT] | INFO | candidates.f_swin_sift_dbt.hybrid_trainer | Stage 2 fold 11 — bundles: train 25 (subj=25)  test 12 (subj=12)
2026-07-05 12:33:18,511 | [SIFT-DBT] | INFO | httpx | HTTP Request: HEAD https://huggingface.co/microsoft/swin-tiny-patch4-window7-224/resolve/main/config.json "HTTP/1.1 307 Temporary Redirect"
2026-07-05 12:33:18,536 | [SIFT-DBT] | INFO | httpx | HTTP Request: HEAD https://huggingface.co/api/resolve-cache/models/microsoft/swin-tiny-patch4-window7-224/d00d478bfaf1f417d34a1186673ad4b4be264c51/config.json "HTTP/1.1 200 OK"
2026-07-05 12:33:18,817 | [SIFT-DBT] | INFO | httpx | HTTP Request: HEAD https://huggingface.co/microsoft/swin-tiny-patch4-window7-224/resolve/main/model.safetensors "HTTP/1.1 302 Found"
2026-07-05 12:33:19,358 | [SIFT-DBT] | INFO | candidates.f_swin_sift_dbt.model_trainers.stage2_trainer | Stage 2 trainable params: 0.074 M  |  frozen: 27.519 M
2026-07-05 12:33:19,360 | [SIFT-DBT] | INFO | candidates.f_swin_sift_dbt.model_trainers.stage2_trainer | Stage 2 CE weights — HC: 1.562  MCI: 0.735
2026-07-05 12:33:43,195 | [SIFT-DBT] | INFO | candidates.f_swin_sift_dbt.model_trainers.stage2_trainer | S2-Ep [001/500] T-Acc:  68.0%  V-Acc:  50.0%  V-AUROC: 0.4167  LR: 2.00e-05
2026-07-05 12:34:05,570 | [SIFT-DBT] | INFO | candidates.f_swin_sift_dbt.model_trainers.stage2_trainer | S2-Ep [002/500] T-Acc:  68.0%  V-Acc:  50.0%  V-AUROC: 0.5000  LR: 4.00e-05
2026-07-05 12:34:29,263 | [SIFT-DBT] | INFO | candidates.f_swin_sift_dbt.model_trainers.stage2_trainer | S2-Ep [003/500] T-Acc:  68.0%  V-Acc:  50.0%  V-AUROC: 0.5556  LR: 6.00e-05
2026-07-05 12:34:53,616 | [SIFT-DBT] | INFO | candidates.f_swin_sift_dbt.model_trainers.stage2_trainer | S2-Ep [004/500] T-Acc:  88.0%  V-Acc:  50.0%  V-AUROC: 0.5556  LR: 8.00e-05
2026-07-05 12:35:15,774 | [SIFT-DBT] | INFO | candidates.f_swin_sift_dbt.model_trainers.stage2_trainer | S2-Ep [005/500] T-Acc:  96.0%  V-Acc:  50.0%  V-AUROC: 0.5556  LR: 1.00e-04
2026-07-05 12:35:37,914 | [SIFT-DBT] | INFO | candidates.f_swin_sift_dbt.model_trainers.stage2_trainer | S2-Ep [006/500] T-Acc:  96.0%  V-Acc:  50.0%  V-AUROC: 0.5556  LR: 1.00e-04
2026-07-05 12:36:00,063 | [SIFT-DBT] | INFO | candidates.f_swin_sift_dbt.model_trainers.stage2_trainer | S2-Ep [007/500] T-Acc:  96.0%  V-Acc:  50.0%  V-AUROC: 0.5833  LR: 1.00e-04
2026-07-05 12:36:25,060 | [SIFT-DBT] | INFO | candidates.f_swin_sift_dbt.model_trainers.stage2_trainer | S2-Ep [008/500] T-Acc:  92.0%  V-Acc:  41.7%  V-AUROC: 0.5833  LR: 1.00e-04
2026-07-05 12:36:47,268 | [SIFT-DBT] | INFO | candidates.f_swin_sift_dbt.model_trainers.stage2_trainer | S2-Ep [009/500] T-Acc:  92.0%  V-Acc:  41.7%  V-AUROC: 0.5833  LR: 1.00e-04
2026-07-05 12:37:09,426 | [SIFT-DBT] | INFO | candidates.f_swin_sift_dbt.model_trainers.stage2_trainer | S2-Ep [010/500] T-Acc:  92.0%  V-Acc:  41.7%  V-AUROC: 0.5833  LR: 1.00e-04
2026-07-05 12:37:31,591 | [SIFT-DBT] | INFO | candidates.f_swin_sift_dbt.model_trainers.stage2_trainer | S2-Ep [011/500] T-Acc:  92.0%  V-Acc:  41.7%  V-AUROC: 0.5833  LR: 1.00e-04
2026-07-05 12:37:54,102 | [SIFT-DBT] | INFO | candidates.f_swin_sift_dbt.model_trainers.stage2_trainer | S2-Ep [012/500] T-Acc:  92.0%  V-Acc:  41.7%  V-AUROC: 0.5833  LR: 1.00e-04
2026-07-05 12:38:16,301 | [SIFT-DBT] | INFO | candidates.f_swin_sift_dbt.model_trainers.stage2_trainer | S2-Ep [013/500] T-Acc:  92.0%  V-Acc:  41.7%  V-AUROC: 0.5833  LR: 1.00e-04
2026-07-05 12:38:38,464 | [SIFT-DBT] | INFO | candidates.f_swin_sift_dbt.model_trainers.stage2_trainer | S2-Ep [014/500] T-Acc:  92.0%  V-Acc:  41.7%  V-AUROC: 0.5833  LR: 1.00e-04
2026-07-05 12:39:00,622 | [SIFT-DBT] | INFO | candidates.f_swin_sift_dbt.model_trainers.stage2_trainer | S2-Ep [015/500] T-Acc:  92.0%  V-Acc:  41.7%  V-AUROC: 0.5833  LR: 1.00e-04
2026-07-05 12:39:22,768 | [SIFT-DBT] | INFO | candidates.f_swin_sift_dbt.model_trainers.stage2_trainer | S2-Ep [016/500] T-Acc:  92.0%  V-Acc:  41.7%  V-AUROC: 0.5833  LR: 1.00e-04
2026-07-05 12:39:44,917 | [SIFT-DBT] | INFO | candidates.f_swin_sift_dbt.model_trainers.stage2_trainer | S2-Ep [017/500] T-Acc:  92.0%  V-Acc:  41.7%  V-AUROC: 0.5833  LR: 1.00e-04
2026-07-05 12:40:07,066 | [SIFT-DBT] | INFO | candidates.f_swin_sift_dbt.model_trainers.stage2_trainer | S2-Ep [018/500] T-Acc:  92.0%  V-Acc:  41.7%  V-AUROC: 0.5833  LR: 1.00e-04
2026-07-05 12:40:29,472 | [SIFT-DBT] | INFO | candidates.f_swin_sift_dbt.model_trainers.stage2_trainer | S2-Ep [019/500] T-Acc:  92.0%  V-Acc:  41.7%  V-AUROC: 0.5833  LR: 2.00e-05
2026-07-05 12:40:51,597 | [SIFT-DBT] | INFO | candidates.f_swin_sift_dbt.model_trainers.stage2_trainer | S2-Ep [020/500] T-Acc:  92.0%  V-Acc:  41.7%  V-AUROC: 0.5833  LR: 2.00e-05
2026-07-05 12:41:14,069 | [SIFT-DBT] | INFO | candidates.f_swin_sift_dbt.model_trainers.stage2_trainer | S2-Ep [021/500] T-Acc:  92.0%  V-Acc:  41.7%  V-AUROC: 0.5833  LR: 2.00e-05
2026-07-05 12:41:36,289 | [SIFT-DBT] | INFO | candidates.f_swin_sift_dbt.model_trainers.stage2_trainer | S2-Ep [022/500] T-Acc:  92.0%  V-Acc:  41.7%  V-AUROC: 0.5833  LR: 2.00e-05
2026-07-05 12:41:58,451 | [SIFT-DBT] | INFO | candidates.f_swin_sift_dbt.model_trainers.stage2_trainer | S2-Ep [023/500] T-Acc:  92.0%  V-Acc:  41.7%  V-AUROC: 0.5833  LR: 2.00e-05
2026-07-05 12:42:20,632 | [SIFT-DBT] | INFO | candidates.f_swin_sift_dbt.model_trainers.stage2_trainer | S2-Ep [024/500] T-Acc:  92.0%  V-Acc:  41.7%  V-AUROC: 0.5833  LR: 2.00e-05
2026-07-05 12:42:42,773 | [SIFT-DBT] | INFO | candidates.f_swin_sift_dbt.model_trainers.stage2_trainer | S2-Ep [025/500] T-Acc:  92.0%  V-Acc:  41.7%  V-AUROC: 0.5833  LR: 2.00e-05
2026-07-05 12:43:04,941 | [SIFT-DBT] | INFO | candidates.f_swin_sift_dbt.model_trainers.stage2_trainer | S2-Ep [026/500] T-Acc:  92.0%  V-Acc:  41.7%  V-AUROC: 0.5833  LR: 2.00e-05
2026-07-05 12:43:27,109 | [SIFT-DBT] | INFO | candidates.f_swin_sift_dbt.model_trainers.stage2_trainer | S2-Ep [027/500] T-Acc:  92.0%  V-Acc:  41.7%  V-AUROC: 0.5833  LR: 2.00e-05
2026-07-05 12:43:49,267 | [SIFT-DBT] | INFO | candidates.f_swin_sift_dbt.model_trainers.stage2_trainer | S2-Ep [028/500] T-Acc:  92.0%  V-Acc:  41.7%  V-AUROC: 0.5833  LR: 2.00e-05
2026-07-05 12:44:11,397 | [SIFT-DBT] | INFO | candidates.f_swin_sift_dbt.model_trainers.stage2_trainer | S2-Ep [029/500] T-Acc:  92.0%  V-Acc:  41.7%  V-AUROC: 0.5833  LR: 2.00e-05
2026-07-05 12:44:33,534 | [SIFT-DBT] | INFO | candidates.f_swin_sift_dbt.model_trainers.stage2_trainer | S2-Ep [030/500] T-Acc:  92.0%  V-Acc:  41.7%  V-AUROC: 0.5833  LR: 4.00e-06
2026-07-05 12:44:55,685 | [SIFT-DBT] | INFO | candidates.f_swin_sift_dbt.model_trainers.stage2_trainer | S2-Ep [031/500] T-Acc:  92.0%  V-Acc:  41.7%  V-AUROC: 0.5833  LR: 4.00e-06
2026-07-05 12:45:17,871 | [SIFT-DBT] | INFO | candidates.f_swin_sift_dbt.model_trainers.stage2_trainer | S2-Ep [032/500] T-Acc:  92.0%  V-Acc:  41.7%  V-AUROC: 0.5833  LR: 4.00e-06
2026-07-05 12:45:40,275 | [SIFT-DBT] | INFO | candidates.f_swin_sift_dbt.model_trainers.stage2_trainer | S2-Ep [033/500] T-Acc:  92.0%  V-Acc:  41.7%  V-AUROC: 0.5833  LR: 4.00e-06
2026-07-05 12:46:02,397 | [SIFT-DBT] | INFO | candidates.f_swin_sift_dbt.model_trainers.stage2_trainer | S2-Ep [034/500] T-Acc:  92.0%  V-Acc:  41.7%  V-AUROC: 0.5833  LR: 4.00e-06
2026-07-05 12:46:24,598 | [SIFT-DBT] | INFO | candidates.f_swin_sift_dbt.model_trainers.stage2_trainer | S2-Ep [035/500] T-Acc:  92.0%  V-Acc:  41.7%  V-AUROC: 0.5833  LR: 4.00e-06
2026-07-05 12:46:47,035 | [SIFT-DBT] | INFO | candidates.f_swin_sift_dbt.model_trainers.stage2_trainer | S2-Ep [036/500] T-Acc:  92.0%  V-Acc:  41.7%  V-AUROC: 0.5833  LR: 4.00e-06
2026-07-05 12:47:09,198 | [SIFT-DBT] | INFO | candidates.f_swin_sift_dbt.model_trainers.stage2_trainer | S2-Ep [037/500] T-Acc:  92.0%  V-Acc:  41.7%  V-AUROC: 0.5833  LR: 4.00e-06
2026-07-05 12:47:09,198 | [SIFT-DBT] | INFO | candidates.f_swin_sift_dbt.model_trainers.stage2_trainer | Stage 2 early stop — best AUROC 0.5833 at epoch 7
2026-07-05 12:47:09,337 | [SIFT-DBT] | INFO | candidates.f_swin_sift_dbt.model_trainers.stage2_trainer | Restored best-AUROC Stage 2 state (epoch 7, AUROC 0.5833)
2026-07-05 12:47:09,337 | [SIFT-DBT] | INFO | candidates.f_swin_sift_dbt.model_trainers.stage2_trainer | Stage 2 done. Best val AUROC: 0.5833 (epoch 7)
2026-07-05 12:47:24,698 | [SIFT-DBT] | INFO | candidates.f_swin_sift_dbt.hybrid_trainer | -> Fold 11 Result | Acc=0.500  Sens=1.000  Spec=0.000  AUROC=0.583  (S1 val-loss=0.8399)
2026-07-05 12:47:24,699 | [SIFT-DBT] | INFO | candidates.f_swin_sift_dbt.hybrid_trainer | ============================================================
2026-07-05 12:47:24,699 | [SIFT-DBT] | INFO | candidates.f_swin_sift_dbt.hybrid_trainer | === Fold 12/30 | train: 25 subj | test: 12 subj ===
2026-07-05 12:47:24,701 | [SIFT-DBT] | INFO | candidates.f_swin_sift_dbt.hybrid_trainer | Stage 1 fold 12 — flat windows: train 5524 (subj=22)  val 783 (subj=3)
2026-07-05 12:47:25,184 | [SIFT-DBT] | INFO | httpx | HTTP Request: HEAD https://huggingface.co/microsoft/swin-tiny-patch4-window7-224/resolve/main/config.json "HTTP/1.1 307 Temporary Redirect"
2026-07-05 12:47:25,202 | [SIFT-DBT] | INFO | httpx | HTTP Request: HEAD https://huggingface.co/api/resolve-cache/models/microsoft/swin-tiny-patch4-window7-224/d00d478bfaf1f417d34a1186673ad4b4be264c51/config.json "HTTP/1.1 200 OK"
2026-07-05 12:47:25,489 | [SIFT-DBT] | INFO | httpx | HTTP Request: HEAD https://huggingface.co/microsoft/swin-tiny-patch4-window7-224/resolve/main/model.safetensors "HTTP/1.1 302 Found"
2026-07-05 12:47:26,065 | [SIFT-DBT] | INFO | candidates.f_swin_sift_dbt.model_trainers.stage1_trainer | Stage 1 CE weights — HC: 1.356  MCI: 0.792
2026-07-05 12:48:08,925 | [SIFT-DBT] | INFO | candidates.f_swin_sift_dbt.model_trainers.stage1_trainer | S1-Ep [001/50] T-Loss: 0.6687  T-Acc:  57.3%  V-Loss: 1.1240  V-Acc:  37.8%  LR: 1.00e-05
2026-07-05 12:48:51,680 | [SIFT-DBT] | INFO | candidates.f_swin_sift_dbt.model_trainers.stage1_trainer | S1-Ep [002/50] T-Loss: 0.6506  T-Acc:  60.7%  V-Loss: 0.9827  V-Acc:  31.8%  LR: 2.00e-05
2026-07-05 12:49:36,455 | [SIFT-DBT] | INFO | candidates.f_swin_sift_dbt.model_trainers.stage1_trainer | S1-Ep [003/50] T-Loss: 0.6327  T-Acc:  63.2%  V-Loss: 1.0377  V-Acc:  42.9%  LR: 3.00e-05
2026-07-05 12:50:18,972 | [SIFT-DBT] | INFO | candidates.f_swin_sift_dbt.model_trainers.stage1_trainer | S1-Ep [004/50] T-Loss: 0.6228  T-Acc:  64.9%  V-Loss: 0.9401  V-Acc:  47.4%  LR: 4.00e-05
2026-07-05 12:51:04,027 | [SIFT-DBT] | INFO | candidates.f_swin_sift_dbt.model_trainers.stage1_trainer | S1-Ep [005/50] T-Loss: 0.5884  T-Acc:  68.1%  V-Loss: 1.2336  V-Acc:  45.8%  LR: 5.00e-05
2026-07-05 12:51:46,618 | [SIFT-DBT] | INFO | candidates.f_swin_sift_dbt.model_trainers.stage1_trainer | S1-Ep [006/50] T-Loss: 0.5225  T-Acc:  73.5%  V-Loss: 1.0932  V-Acc:  47.3%  LR: 5.00e-05
2026-07-05 12:52:29,157 | [SIFT-DBT] | INFO | candidates.f_swin_sift_dbt.model_trainers.stage1_trainer | S1-Ep [007/50] T-Loss: 0.4234  T-Acc:  80.5%  V-Loss: 1.6914  V-Acc:  35.2%  LR: 5.00e-05
2026-07-05 12:53:11,703 | [SIFT-DBT] | INFO | candidates.f_swin_sift_dbt.model_trainers.stage1_trainer | S1-Ep [008/50] T-Loss: 0.3263  T-Acc:  85.2%  V-Loss: 1.8802  V-Acc:  45.2%  LR: 5.00e-05
2026-07-05 12:53:54,203 | [SIFT-DBT] | INFO | candidates.f_swin_sift_dbt.model_trainers.stage1_trainer | S1-Ep [009/50] T-Loss: 0.2368  T-Acc:  90.3%  V-Loss: 1.5658  V-Acc:  48.5%  LR: 5.00e-05
2026-07-05 12:54:36,721 | [SIFT-DBT] | INFO | candidates.f_swin_sift_dbt.model_trainers.stage1_trainer | S1-Ep [010/50] T-Loss: 0.1738  T-Acc:  93.1%  V-Loss: 2.1493  V-Acc:  50.7%  LR: 5.00e-05
2026-07-05 12:55:19,243 | [SIFT-DBT] | INFO | candidates.f_swin_sift_dbt.model_trainers.stage1_trainer | S1-Ep [011/50] T-Loss: 0.1439  T-Acc:  94.6%  V-Loss: 2.4160  V-Acc:  45.3%  LR: 5.00e-05
2026-07-05 12:56:01,770 | [SIFT-DBT] | INFO | candidates.f_swin_sift_dbt.model_trainers.stage1_trainer | S1-Ep [012/50] T-Loss: 0.1388  T-Acc:  95.1%  V-Loss: 4.1740  V-Acc:  38.7%  LR: 5.00e-05
2026-07-05 12:56:44,314 | [SIFT-DBT] | INFO | candidates.f_swin_sift_dbt.model_trainers.stage1_trainer | S1-Ep [013/50] T-Loss: 0.0473  T-Acc:  98.3%  V-Loss: 5.1319  V-Acc:  39.8%  LR: 1.00e-05
2026-07-05 12:57:26,837 | [SIFT-DBT] | INFO | candidates.f_swin_sift_dbt.model_trainers.stage1_trainer | S1-Ep [014/50] T-Loss: 0.0277  T-Acc:  99.3%  V-Loss: 5.5204  V-Acc:  43.9%  LR: 1.00e-05
2026-07-05 12:57:26,837 | [SIFT-DBT] | INFO | candidates.f_swin_sift_dbt.model_trainers.stage1_trainer | Stage 1 early stop — best val loss 0.9401 at epoch 4
2026-07-05 12:57:26,838 | [SIFT-DBT] | INFO | candidates.f_swin_sift_dbt.model_trainers.stage1_trainer | Stage 1 done. Best val loss: 0.9401 (epoch 4)
2026-07-05 12:57:26,938 | [SIFT-DBT] | INFO | candidates.f_swin_sift_dbt.hybrid_trainer | Stage 2 fold 12 — bundles: train 25 (subj=25)  test 12 (subj=12)
2026-07-05 12:57:27,196 | [SIFT-DBT] | INFO | httpx | HTTP Request: HEAD https://huggingface.co/microsoft/swin-tiny-patch4-window7-224/resolve/main/config.json "HTTP/1.1 307 Temporary Redirect"
2026-07-05 12:57:27,212 | [SIFT-DBT] | INFO | httpx | HTTP Request: HEAD https://huggingface.co/api/resolve-cache/models/microsoft/swin-tiny-patch4-window7-224/d00d478bfaf1f417d34a1186673ad4b4be264c51/config.json "HTTP/1.1 200 OK"
2026-07-05 12:57:27,473 | [SIFT-DBT] | INFO | httpx | HTTP Request: HEAD https://huggingface.co/microsoft/swin-tiny-patch4-window7-224/resolve/main/model.safetensors "HTTP/1.1 302 Found"
2026-07-05 12:57:27,994 | [SIFT-DBT] | INFO | candidates.f_swin_sift_dbt.model_trainers.stage2_trainer | Stage 2 trainable params: 0.074 M  |  frozen: 27.519 M
2026-07-05 12:57:27,995 | [SIFT-DBT] | INFO | candidates.f_swin_sift_dbt.model_trainers.stage2_trainer | Stage 2 CE weights — HC: 1.389  MCI: 0.781
2026-07-05 12:57:51,619 | [SIFT-DBT] | INFO | candidates.f_swin_sift_dbt.model_trainers.stage2_trainer | S2-Ep [001/500] T-Acc:  80.0%  V-Acc:  58.3%  V-AUROC: 0.7143  LR: 2.00e-05
2026-07-05 12:58:13,975 | [SIFT-DBT] | INFO | candidates.f_swin_sift_dbt.model_trainers.stage2_trainer | S2-Ep [002/500] T-Acc:  92.0%  V-Acc:  58.3%  V-AUROC: 0.7714  LR: 4.00e-05
2026-07-05 12:58:38,962 | [SIFT-DBT] | INFO | candidates.f_swin_sift_dbt.model_trainers.stage2_trainer | S2-Ep [003/500] T-Acc:  92.0%  V-Acc:  66.7%  V-AUROC: 0.7429  LR: 6.00e-05
2026-07-05 12:59:01,105 | [SIFT-DBT] | INFO | candidates.f_swin_sift_dbt.model_trainers.stage2_trainer | S2-Ep [004/500] T-Acc:  96.0%  V-Acc:  66.7%  V-AUROC: 0.7714  LR: 8.00e-05
2026-07-05 12:59:23,559 | [SIFT-DBT] | INFO | candidates.f_swin_sift_dbt.model_trainers.stage2_trainer | S2-Ep [005/500] T-Acc:  92.0%  V-Acc:  66.7%  V-AUROC: 0.7714  LR: 1.00e-04
2026-07-05 12:59:45,708 | [SIFT-DBT] | INFO | candidates.f_swin_sift_dbt.model_trainers.stage2_trainer | S2-Ep [006/500] T-Acc:  96.0%  V-Acc:  66.7%  V-AUROC: 0.7714  LR: 1.00e-04
2026-07-05 13:00:07,854 | [SIFT-DBT] | INFO | candidates.f_swin_sift_dbt.model_trainers.stage2_trainer | S2-Ep [007/500] T-Acc:  96.0%  V-Acc:  66.7%  V-AUROC: 0.7714  LR: 1.00e-04
2026-07-05 13:00:29,999 | [SIFT-DBT] | INFO | candidates.f_swin_sift_dbt.model_trainers.stage2_trainer | S2-Ep [008/500] T-Acc:  96.0%  V-Acc:  75.0%  V-AUROC: 0.7429  LR: 1.00e-04
2026-07-05 13:00:52,149 | [SIFT-DBT] | INFO | candidates.f_swin_sift_dbt.model_trainers.stage2_trainer | S2-Ep [009/500] T-Acc:  92.0%  V-Acc:  75.0%  V-AUROC: 0.7429  LR: 1.00e-04
2026-07-05 13:01:14,299 | [SIFT-DBT] | INFO | candidates.f_swin_sift_dbt.model_trainers.stage2_trainer | S2-Ep [010/500] T-Acc:  92.0%  V-Acc:  75.0%  V-AUROC: 0.7143  LR: 1.00e-04
2026-07-05 13:01:36,545 | [SIFT-DBT] | INFO | candidates.f_swin_sift_dbt.model_trainers.stage2_trainer | S2-Ep [011/500] T-Acc:  92.0%  V-Acc:  75.0%  V-AUROC: 0.7143  LR: 1.00e-04
2026-07-05 13:01:58,749 | [SIFT-DBT] | INFO | candidates.f_swin_sift_dbt.model_trainers.stage2_trainer | S2-Ep [012/500] T-Acc:  92.0%  V-Acc:  75.0%  V-AUROC: 0.7143  LR: 1.00e-04
2026-07-05 13:02:20,901 | [SIFT-DBT] | INFO | candidates.f_swin_sift_dbt.model_trainers.stage2_trainer | S2-Ep [013/500] T-Acc:  92.0%  V-Acc:  75.0%  V-AUROC: 0.7143  LR: 1.00e-04
2026-07-05 13:02:43,059 | [SIFT-DBT] | INFO | candidates.f_swin_sift_dbt.model_trainers.stage2_trainer | S2-Ep [014/500] T-Acc:  92.0%  V-Acc:  75.0%  V-AUROC: 0.7143  LR: 1.00e-04
2026-07-05 13:03:05,222 | [SIFT-DBT] | INFO | candidates.f_swin_sift_dbt.model_trainers.stage2_trainer | S2-Ep [015/500] T-Acc:  92.0%  V-Acc:  75.0%  V-AUROC: 0.7143  LR: 1.00e-04
2026-07-05 13:03:27,361 | [SIFT-DBT] | INFO | candidates.f_swin_sift_dbt.model_trainers.stage2_trainer | S2-Ep [016/500] T-Acc:  92.0%  V-Acc:  66.7%  V-AUROC: 0.7143  LR: 1.00e-04
2026-07-05 13:03:49,513 | [SIFT-DBT] | INFO | candidates.f_swin_sift_dbt.model_trainers.stage2_trainer | S2-Ep [017/500] T-Acc:  92.0%  V-Acc:  75.0%  V-AUROC: 0.7143  LR: 1.00e-04
2026-07-05 13:04:11,675 | [SIFT-DBT] | INFO | candidates.f_swin_sift_dbt.model_trainers.stage2_trainer | S2-Ep [018/500] T-Acc:  92.0%  V-Acc:  75.0%  V-AUROC: 0.7143  LR: 2.00e-05
2026-07-05 13:04:33,815 | [SIFT-DBT] | INFO | candidates.f_swin_sift_dbt.model_trainers.stage2_trainer | S2-Ep [019/500] T-Acc:  92.0%  V-Acc:  75.0%  V-AUROC: 0.7143  LR: 2.00e-05
2026-07-05 13:04:55,955 | [SIFT-DBT] | INFO | candidates.f_swin_sift_dbt.model_trainers.stage2_trainer | S2-Ep [020/500] T-Acc:  92.0%  V-Acc:  75.0%  V-AUROC: 0.7143  LR: 2.00e-05
2026-07-05 13:05:18,094 | [SIFT-DBT] | INFO | candidates.f_swin_sift_dbt.model_trainers.stage2_trainer | S2-Ep [021/500] T-Acc:  92.0%  V-Acc:  75.0%  V-AUROC: 0.7143  LR: 2.00e-05
2026-07-05 13:05:40,237 | [SIFT-DBT] | INFO | candidates.f_swin_sift_dbt.model_trainers.stage2_trainer | S2-Ep [022/500] T-Acc:  96.0%  V-Acc:  75.0%  V-AUROC: 0.7143  LR: 2.00e-05
2026-07-05 13:06:02,385 | [SIFT-DBT] | INFO | candidates.f_swin_sift_dbt.model_trainers.stage2_trainer | S2-Ep [023/500] T-Acc:  92.0%  V-Acc:  75.0%  V-AUROC: 0.7143  LR: 2.00e-05
2026-07-05 13:06:24,523 | [SIFT-DBT] | INFO | candidates.f_swin_sift_dbt.model_trainers.stage2_trainer | S2-Ep [024/500] T-Acc:  92.0%  V-Acc:  75.0%  V-AUROC: 0.7143  LR: 2.00e-05
2026-07-05 13:06:46,755 | [SIFT-DBT] | INFO | candidates.f_swin_sift_dbt.model_trainers.stage2_trainer | S2-Ep [025/500] T-Acc:  92.0%  V-Acc:  66.7%  V-AUROC: 0.7143  LR: 2.00e-05
2026-07-05 13:07:08,904 | [SIFT-DBT] | INFO | candidates.f_swin_sift_dbt.model_trainers.stage2_trainer | S2-Ep [026/500] T-Acc:  96.0%  V-Acc:  66.7%  V-AUROC: 0.7143  LR: 2.00e-05
2026-07-05 13:07:31,050 | [SIFT-DBT] | INFO | candidates.f_swin_sift_dbt.model_trainers.stage2_trainer | S2-Ep [027/500] T-Acc:  92.0%  V-Acc:  66.7%  V-AUROC: 0.7143  LR: 2.00e-05
2026-07-05 13:07:53,201 | [SIFT-DBT] | INFO | candidates.f_swin_sift_dbt.model_trainers.stage2_trainer | S2-Ep [028/500] T-Acc:  96.0%  V-Acc:  66.7%  V-AUROC: 0.7143  LR: 2.00e-05
2026-07-05 13:08:15,364 | [SIFT-DBT] | INFO | candidates.f_swin_sift_dbt.model_trainers.stage2_trainer | S2-Ep [029/500] T-Acc:  92.0%  V-Acc:  66.7%  V-AUROC: 0.7143  LR: 4.00e-06
2026-07-05 13:08:37,507 | [SIFT-DBT] | INFO | candidates.f_swin_sift_dbt.model_trainers.stage2_trainer | S2-Ep [030/500] T-Acc:  92.0%  V-Acc:  66.7%  V-AUROC: 0.7143  LR: 4.00e-06
2026-07-05 13:08:59,653 | [SIFT-DBT] | INFO | candidates.f_swin_sift_dbt.model_trainers.stage2_trainer | S2-Ep [031/500] T-Acc:  96.0%  V-Acc:  66.7%  V-AUROC: 0.7143  LR: 4.00e-06
2026-07-05 13:09:21,795 | [SIFT-DBT] | INFO | candidates.f_swin_sift_dbt.model_trainers.stage2_trainer | S2-Ep [032/500] T-Acc:  96.0%  V-Acc:  66.7%  V-AUROC: 0.7143  LR: 4.00e-06
2026-07-05 13:09:21,795 | [SIFT-DBT] | INFO | candidates.f_swin_sift_dbt.model_trainers.stage2_trainer | Stage 2 early stop — best AUROC 0.7714 at epoch 2
2026-07-05 13:09:21,949 | [SIFT-DBT] | INFO | candidates.f_swin_sift_dbt.model_trainers.stage2_trainer | Restored best-AUROC Stage 2 state (epoch 2, AUROC 0.7714)
2026-07-05 13:09:21,949 | [SIFT-DBT] | INFO | candidates.f_swin_sift_dbt.model_trainers.stage2_trainer | Stage 2 done. Best val AUROC: 0.7714 (epoch 2)
2026-07-05 13:09:37,332 | [SIFT-DBT] | INFO | candidates.f_swin_sift_dbt.hybrid_trainer | -> Fold 12 Result | Acc=0.583  Sens=1.000  Spec=0.000  AUROC=0.771  (S1 val-loss=0.9401)
2026-07-05 13:09:37,333 | [SIFT-DBT] | INFO | candidates.f_swin_sift_dbt.hybrid_trainer | ============================================================
2026-07-05 13:09:37,333 | [SIFT-DBT] | INFO | candidates.f_swin_sift_dbt.hybrid_trainer | === Fold 13/30 | train: 25 subj | test: 12 subj ===
2026-07-05 13:09:37,335 | [SIFT-DBT] | INFO | candidates.f_swin_sift_dbt.hybrid_trainer | Stage 1 fold 13 — flat windows: train 5456 (subj=22)  val 775 (subj=3)
2026-07-05 13:09:37,591 | [SIFT-DBT] | INFO | httpx | HTTP Request: HEAD https://huggingface.co/microsoft/swin-tiny-patch4-window7-224/resolve/main/config.json "HTTP/1.1 307 Temporary Redirect"
2026-07-05 13:09:37,608 | [SIFT-DBT] | INFO | httpx | HTTP Request: HEAD https://huggingface.co/api/resolve-cache/models/microsoft/swin-tiny-patch4-window7-224/d00d478bfaf1f417d34a1186673ad4b4be264c51/config.json "HTTP/1.1 200 OK"
2026-07-05 13:09:37,862 | [SIFT-DBT] | INFO | httpx | HTTP Request: HEAD https://huggingface.co/microsoft/swin-tiny-patch4-window7-224/resolve/main/model.safetensors "HTTP/1.1 302 Found"
2026-07-05 13:09:38,356 | [SIFT-DBT] | INFO | candidates.f_swin_sift_dbt.model_trainers.stage1_trainer | Stage 1 CE weights — HC: 1.539  MCI: 0.741
2026-07-05 13:10:20,771 | [SIFT-DBT] | INFO | candidates.f_swin_sift_dbt.model_trainers.stage1_trainer | S1-Ep [001/50] T-Loss: 0.6733  T-Acc:  58.4%  V-Loss: 0.6657  V-Acc:  61.2%  LR: 1.00e-05
2026-07-05 13:11:03,074 | [SIFT-DBT] | INFO | candidates.f_swin_sift_dbt.model_trainers.stage1_trainer | S1-Ep [002/50] T-Loss: 0.6629  T-Acc:  61.5%  V-Loss: 0.7014  V-Acc:  52.3%  LR: 2.00e-05
2026-07-05 13:11:45,228 | [SIFT-DBT] | INFO | candidates.f_swin_sift_dbt.model_trainers.stage1_trainer | S1-Ep [003/50] T-Loss: 0.6536  T-Acc:  62.1%  V-Loss: 0.7028  V-Acc:  54.6%  LR: 3.00e-05
2026-07-05 13:12:27,317 | [SIFT-DBT] | INFO | candidates.f_swin_sift_dbt.model_trainers.stage1_trainer | S1-Ep [004/50] T-Loss: 0.6314  T-Acc:  64.3%  V-Loss: 0.6686  V-Acc:  58.1%  LR: 4.00e-05
2026-07-05 13:13:09,376 | [SIFT-DBT] | INFO | candidates.f_swin_sift_dbt.model_trainers.stage1_trainer | S1-Ep [005/50] T-Loss: 0.6048  T-Acc:  67.1%  V-Loss: 0.7082  V-Acc:  56.1%  LR: 5.00e-05
2026-07-05 13:13:51,445 | [SIFT-DBT] | INFO | candidates.f_swin_sift_dbt.model_trainers.stage1_trainer | S1-Ep [006/50] T-Loss: 0.5317  T-Acc:  73.8%  V-Loss: 0.8186  V-Acc:  49.9%  LR: 5.00e-05
2026-07-05 13:14:33,494 | [SIFT-DBT] | INFO | candidates.f_swin_sift_dbt.model_trainers.stage1_trainer | S1-Ep [007/50] T-Loss: 0.4233  T-Acc:  80.2%  V-Loss: 0.9687  V-Acc:  57.4%  LR: 5.00e-05
2026-07-05 13:15:15,562 | [SIFT-DBT] | INFO | candidates.f_swin_sift_dbt.model_trainers.stage1_trainer | S1-Ep [008/50] T-Loss: 0.2978  T-Acc:  87.4%  V-Loss: 1.4273  V-Acc:  59.7%  LR: 5.00e-05
2026-07-05 13:15:57,593 | [SIFT-DBT] | INFO | candidates.f_swin_sift_dbt.model_trainers.stage1_trainer | S1-Ep [009/50] T-Loss: 0.2063  T-Acc:  91.9%  V-Loss: 1.6575  V-Acc:  57.2%  LR: 5.00e-05
2026-07-05 13:16:39,656 | [SIFT-DBT] | INFO | candidates.f_swin_sift_dbt.model_trainers.stage1_trainer | S1-Ep [010/50] T-Loss: 0.1769  T-Acc:  93.6%  V-Loss: 1.6841  V-Acc:  59.0%  LR: 5.00e-05
2026-07-05 13:17:21,758 | [SIFT-DBT] | INFO | candidates.f_swin_sift_dbt.model_trainers.stage1_trainer | S1-Ep [011/50] T-Loss: 0.1507  T-Acc:  94.5%  V-Loss: 2.2239  V-Acc:  59.0%  LR: 5.00e-05
2026-07-05 13:17:21,758 | [SIFT-DBT] | INFO | candidates.f_swin_sift_dbt.model_trainers.stage1_trainer | Stage 1 early stop — best val loss 0.6657 at epoch 1
2026-07-05 13:17:21,758 | [SIFT-DBT] | INFO | candidates.f_swin_sift_dbt.model_trainers.stage1_trainer | Stage 1 done. Best val loss: 0.6657 (epoch 1)
2026-07-05 13:17:21,857 | [SIFT-DBT] | INFO | candidates.f_swin_sift_dbt.hybrid_trainer | Stage 2 fold 13 — bundles: train 25 (subj=25)  test 12 (subj=12)
2026-07-05 13:17:22,139 | [SIFT-DBT] | INFO | httpx | HTTP Request: HEAD https://huggingface.co/microsoft/swin-tiny-patch4-window7-224/resolve/main/config.json "HTTP/1.1 307 Temporary Redirect"
2026-07-05 13:17:22,153 | [SIFT-DBT] | INFO | httpx | HTTP Request: HEAD https://huggingface.co/api/resolve-cache/models/microsoft/swin-tiny-patch4-window7-224/d00d478bfaf1f417d34a1186673ad4b4be264c51/config.json "HTTP/1.1 200 OK"
2026-07-05 13:17:22,401 | [SIFT-DBT] | INFO | httpx | HTTP Request: HEAD https://huggingface.co/microsoft/swin-tiny-patch4-window7-224/resolve/main/model.safetensors "HTTP/1.1 302 Found"
2026-07-05 13:17:22,924 | [SIFT-DBT] | INFO | candidates.f_swin_sift_dbt.model_trainers.stage2_trainer | Stage 2 trainable params: 0.074 M  |  frozen: 27.519 M
2026-07-05 13:17:22,925 | [SIFT-DBT] | INFO | candidates.f_swin_sift_dbt.model_trainers.stage2_trainer | Stage 2 CE weights — HC: 1.786  MCI: 0.694
2026-07-05 13:17:46,103 | [SIFT-DBT] | INFO | candidates.f_swin_sift_dbt.model_trainers.stage2_trainer | S2-Ep [001/500] T-Acc:  32.0%  V-Acc:  58.3%  V-AUROC: 0.6000  LR: 2.00e-05
2026-07-05 13:18:08,452 | [SIFT-DBT] | INFO | candidates.f_swin_sift_dbt.model_trainers.stage2_trainer | S2-Ep [002/500] T-Acc:  56.0%  V-Acc:  58.3%  V-AUROC: 0.6571  LR: 4.00e-05
2026-07-05 13:18:34,193 | [SIFT-DBT] | INFO | candidates.f_swin_sift_dbt.model_trainers.stage2_trainer | S2-Ep [003/500] T-Acc:  96.0%  V-Acc:  66.7%  V-AUROC: 0.6286  LR: 6.00e-05
2026-07-05 13:18:56,351 | [SIFT-DBT] | INFO | candidates.f_swin_sift_dbt.model_trainers.stage2_trainer | S2-Ep [004/500] T-Acc:  96.0%  V-Acc:  58.3%  V-AUROC: 0.6286  LR: 8.00e-05
2026-07-05 13:19:18,495 | [SIFT-DBT] | INFO | candidates.f_swin_sift_dbt.model_trainers.stage2_trainer | S2-Ep [005/500] T-Acc:  96.0%  V-Acc:  41.7%  V-AUROC: 0.6286  LR: 1.00e-04
2026-07-05 13:19:40,724 | [SIFT-DBT] | INFO | candidates.f_swin_sift_dbt.model_trainers.stage2_trainer | S2-Ep [006/500] T-Acc:  96.0%  V-Acc:  41.7%  V-AUROC: 0.6286  LR: 1.00e-04
2026-07-05 13:20:02,864 | [SIFT-DBT] | INFO | candidates.f_swin_sift_dbt.model_trainers.stage2_trainer | S2-Ep [007/500] T-Acc:  96.0%  V-Acc:  41.7%  V-AUROC: 0.6286  LR: 1.00e-04
2026-07-05 13:20:24,993 | [SIFT-DBT] | INFO | candidates.f_swin_sift_dbt.model_trainers.stage2_trainer | S2-Ep [008/500] T-Acc:  96.0%  V-Acc:  41.7%  V-AUROC: 0.6286  LR: 1.00e-04
2026-07-05 13:20:47,154 | [SIFT-DBT] | INFO | candidates.f_swin_sift_dbt.model_trainers.stage2_trainer | S2-Ep [009/500] T-Acc:  96.0%  V-Acc:  41.7%  V-AUROC: 0.6286  LR: 1.00e-04
2026-07-05 13:21:09,305 | [SIFT-DBT] | INFO | candidates.f_swin_sift_dbt.model_trainers.stage2_trainer | S2-Ep [010/500] T-Acc:  96.0%  V-Acc:  41.7%  V-AUROC: 0.6286  LR: 1.00e-04
2026-07-05 13:21:31,446 | [SIFT-DBT] | INFO | candidates.f_swin_sift_dbt.model_trainers.stage2_trainer | S2-Ep [011/500] T-Acc:  96.0%  V-Acc:  41.7%  V-AUROC: 0.6286  LR: 1.00e-04
2026-07-05 13:21:53,658 | [SIFT-DBT] | INFO | candidates.f_swin_sift_dbt.model_trainers.stage2_trainer | S2-Ep [012/500] T-Acc:  96.0%  V-Acc:  41.7%  V-AUROC: 0.6571  LR: 1.00e-04
2026-07-05 13:22:15,830 | [SIFT-DBT] | INFO | candidates.f_swin_sift_dbt.model_trainers.stage2_trainer | S2-Ep [013/500] T-Acc:  96.0%  V-Acc:  41.7%  V-AUROC: 0.6571  LR: 1.00e-04
2026-07-05 13:22:37,964 | [SIFT-DBT] | INFO | candidates.f_swin_sift_dbt.model_trainers.stage2_trainer | S2-Ep [014/500] T-Acc:  96.0%  V-Acc:  41.7%  V-AUROC: 0.6571  LR: 1.00e-04
2026-07-05 13:23:00,113 | [SIFT-DBT] | INFO | candidates.f_swin_sift_dbt.model_trainers.stage2_trainer | S2-Ep [015/500] T-Acc:  96.0%  V-Acc:  41.7%  V-AUROC: 0.6571  LR: 1.00e-04
2026-07-05 13:23:22,263 | [SIFT-DBT] | INFO | candidates.f_swin_sift_dbt.model_trainers.stage2_trainer | S2-Ep [016/500] T-Acc:  96.0%  V-Acc:  41.7%  V-AUROC: 0.6571  LR: 1.00e-04
2026-07-05 13:23:44,413 | [SIFT-DBT] | INFO | candidates.f_swin_sift_dbt.model_trainers.stage2_trainer | S2-Ep [017/500] T-Acc:  96.0%  V-Acc:  41.7%  V-AUROC: 0.6571  LR: 1.00e-04
2026-07-05 13:24:06,565 | [SIFT-DBT] | INFO | candidates.f_swin_sift_dbt.model_trainers.stage2_trainer | S2-Ep [018/500] T-Acc:  96.0%  V-Acc:  41.7%  V-AUROC: 0.6571  LR: 1.00e-04
2026-07-05 13:24:29,005 | [SIFT-DBT] | INFO | candidates.f_swin_sift_dbt.model_trainers.stage2_trainer | S2-Ep [019/500] T-Acc:  96.0%  V-Acc:  41.7%  V-AUROC: 0.6571  LR: 1.00e-04
2026-07-05 13:24:51,161 | [SIFT-DBT] | INFO | candidates.f_swin_sift_dbt.model_trainers.stage2_trainer | S2-Ep [020/500] T-Acc:  96.0%  V-Acc:  50.0%  V-AUROC: 0.6571  LR: 1.00e-04
2026-07-05 13:25:13,327 | [SIFT-DBT] | INFO | candidates.f_swin_sift_dbt.model_trainers.stage2_trainer | S2-Ep [021/500] T-Acc:  96.0%  V-Acc:  41.7%  V-AUROC: 0.6571  LR: 1.00e-04
2026-07-05 13:25:35,492 | [SIFT-DBT] | INFO | candidates.f_swin_sift_dbt.model_trainers.stage2_trainer | S2-Ep [022/500] T-Acc:  96.0%  V-Acc:  41.7%  V-AUROC: 0.6571  LR: 1.00e-04
2026-07-05 13:25:57,634 | [SIFT-DBT] | INFO | candidates.f_swin_sift_dbt.model_trainers.stage2_trainer | S2-Ep [023/500] T-Acc:  96.0%  V-Acc:  41.7%  V-AUROC: 0.6571  LR: 1.00e-04
2026-07-05 13:26:19,855 | [SIFT-DBT] | INFO | candidates.f_swin_sift_dbt.model_trainers.stage2_trainer | S2-Ep [024/500] T-Acc:  96.0%  V-Acc:  41.7%  V-AUROC: 0.6571  LR: 2.00e-05
2026-07-05 13:26:42,006 | [SIFT-DBT] | INFO | candidates.f_swin_sift_dbt.model_trainers.stage2_trainer | S2-Ep [025/500] T-Acc:  96.0%  V-Acc:  41.7%  V-AUROC: 0.6571  LR: 2.00e-05
2026-07-05 13:27:04,239 | [SIFT-DBT] | INFO | candidates.f_swin_sift_dbt.model_trainers.stage2_trainer | S2-Ep [026/500] T-Acc:  96.0%  V-Acc:  41.7%  V-AUROC: 0.6571  LR: 2.00e-05
2026-07-05 13:27:26,397 | [SIFT-DBT] | INFO | candidates.f_swin_sift_dbt.model_trainers.stage2_trainer | S2-Ep [027/500] T-Acc:  96.0%  V-Acc:  50.0%  V-AUROC: 0.6571  LR: 2.00e-05
2026-07-05 13:27:48,622 | [SIFT-DBT] | INFO | candidates.f_swin_sift_dbt.model_trainers.stage2_trainer | S2-Ep [028/500] T-Acc:  96.0%  V-Acc:  50.0%  V-AUROC: 0.6571  LR: 2.00e-05
2026-07-05 13:28:10,774 | [SIFT-DBT] | INFO | candidates.f_swin_sift_dbt.model_trainers.stage2_trainer | S2-Ep [029/500] T-Acc:  96.0%  V-Acc:  50.0%  V-AUROC: 0.6571  LR: 2.00e-05
2026-07-05 13:28:32,950 | [SIFT-DBT] | INFO | candidates.f_swin_sift_dbt.model_trainers.stage2_trainer | S2-Ep [030/500] T-Acc:  96.0%  V-Acc:  50.0%  V-AUROC: 0.6571  LR: 2.00e-05
2026-07-05 13:28:55,091 | [SIFT-DBT] | INFO | candidates.f_swin_sift_dbt.model_trainers.stage2_trainer | S2-Ep [031/500] T-Acc:  96.0%  V-Acc:  50.0%  V-AUROC: 0.6571  LR: 2.00e-05
2026-07-05 13:29:17,302 | [SIFT-DBT] | INFO | candidates.f_swin_sift_dbt.model_trainers.stage2_trainer | S2-Ep [032/500] T-Acc:  96.0%  V-Acc:  50.0%  V-AUROC: 0.6571  LR: 2.00e-05
2026-07-05 13:29:17,303 | [SIFT-DBT] | INFO | candidates.f_swin_sift_dbt.model_trainers.stage2_trainer | Stage 2 early stop — best AUROC 0.6571 at epoch 2
2026-07-05 13:29:17,469 | [SIFT-DBT] | INFO | candidates.f_swin_sift_dbt.model_trainers.stage2_trainer | Restored best-AUROC Stage 2 state (epoch 2, AUROC 0.6571)
2026-07-05 13:29:17,469 | [SIFT-DBT] | INFO | candidates.f_swin_sift_dbt.model_trainers.stage2_trainer | Stage 2 done. Best val AUROC: 0.6571 (epoch 2)
2026-07-05 13:29:33,229 | [SIFT-DBT] | INFO | candidates.f_swin_sift_dbt.hybrid_trainer | -> Fold 13 Result | Acc=0.583  Sens=0.200  Spec=0.857  AUROC=0.657  (S1 val-loss=0.6657)
2026-07-05 13:29:33,230 | [SIFT-DBT] | INFO | candidates.f_swin_sift_dbt.hybrid_trainer | ============================================================
2026-07-05 13:29:33,230 | [SIFT-DBT] | INFO | candidates.f_swin_sift_dbt.hybrid_trainer | === Fold 14/30 | train: 25 subj | test: 12 subj ===
2026-07-05 13:29:33,233 | [SIFT-DBT] | INFO | candidates.f_swin_sift_dbt.hybrid_trainer | Stage 1 fold 14 — flat windows: train 5373 (subj=22)  val 802 (subj=3)
2026-07-05 13:29:33,494 | [SIFT-DBT] | INFO | httpx | HTTP Request: HEAD https://huggingface.co/microsoft/swin-tiny-patch4-window7-224/resolve/main/config.json "HTTP/1.1 307 Temporary Redirect"
2026-07-05 13:29:33,511 | [SIFT-DBT] | INFO | httpx | HTTP Request: HEAD https://huggingface.co/api/resolve-cache/models/microsoft/swin-tiny-patch4-window7-224/d00d478bfaf1f417d34a1186673ad4b4be264c51/config.json "HTTP/1.1 200 OK"
2026-07-05 13:29:33,771 | [SIFT-DBT] | INFO | httpx | HTTP Request: HEAD https://huggingface.co/microsoft/swin-tiny-patch4-window7-224/resolve/main/model.safetensors "HTTP/1.1 302 Found"
2026-07-05 13:29:34,202 | [SIFT-DBT] | INFO | candidates.f_swin_sift_dbt.model_trainers.stage1_trainer | Stage 1 CE weights — HC: 1.371  MCI: 0.787
2026-07-05 13:30:15,941 | [SIFT-DBT] | INFO | candidates.f_swin_sift_dbt.model_trainers.stage1_trainer | S1-Ep [001/50] T-Loss: 0.6783  T-Acc:  56.2%  V-Loss: 0.6443  V-Acc:  64.2%  LR: 1.00e-05
2026-07-05 13:30:57,621 | [SIFT-DBT] | INFO | candidates.f_swin_sift_dbt.model_trainers.stage1_trainer | S1-Ep [002/50] T-Loss: 0.6647  T-Acc:  58.6%  V-Loss: 0.6997  V-Acc:  51.7%  LR: 2.00e-05
2026-07-05 13:31:39,097 | [SIFT-DBT] | INFO | candidates.f_swin_sift_dbt.model_trainers.stage1_trainer | S1-Ep [003/50] T-Loss: 0.6512  T-Acc:  60.8%  V-Loss: 0.6662  V-Acc:  62.0%  LR: 3.00e-05
2026-07-05 13:32:20,589 | [SIFT-DBT] | INFO | candidates.f_swin_sift_dbt.model_trainers.stage1_trainer | S1-Ep [004/50] T-Loss: 0.6268  T-Acc:  64.2%  V-Loss: 0.7322  V-Acc:  50.0%  LR: 4.00e-05
2026-07-05 13:33:01,985 | [SIFT-DBT] | INFO | candidates.f_swin_sift_dbt.model_trainers.stage1_trainer | S1-Ep [005/50] T-Loss: 0.6012  T-Acc:  66.7%  V-Loss: 0.7961  V-Acc:  46.4%  LR: 5.00e-05
2026-07-05 13:33:43,417 | [SIFT-DBT] | INFO | candidates.f_swin_sift_dbt.model_trainers.stage1_trainer | S1-Ep [006/50] T-Loss: 0.5580  T-Acc:  71.2%  V-Loss: 0.8389  V-Acc:  53.6%  LR: 5.00e-05
2026-07-05 13:34:24,862 | [SIFT-DBT] | INFO | candidates.f_swin_sift_dbt.model_trainers.stage1_trainer | S1-Ep [007/50] T-Loss: 0.4587  T-Acc:  77.5%  V-Loss: 1.0016  V-Acc:  48.8%  LR: 5.00e-05
2026-07-05 13:35:06,299 | [SIFT-DBT] | INFO | candidates.f_swin_sift_dbt.model_trainers.stage1_trainer | S1-Ep [008/50] T-Loss: 0.3705  T-Acc:  83.0%  V-Loss: 1.1796  V-Acc:  50.9%  LR: 5.00e-05
2026-07-05 13:35:47,754 | [SIFT-DBT] | INFO | candidates.f_swin_sift_dbt.model_trainers.stage1_trainer | S1-Ep [009/50] T-Loss: 0.2654  T-Acc:  89.2%  V-Loss: 1.3211  V-Acc:  55.6%  LR: 5.00e-05
2026-07-05 13:36:29,210 | [SIFT-DBT] | INFO | candidates.f_swin_sift_dbt.model_trainers.stage1_trainer | S1-Ep [010/50] T-Loss: 0.2129  T-Acc:  91.6%  V-Loss: 1.5859  V-Acc:  56.2%  LR: 5.00e-05
2026-07-05 13:37:10,660 | [SIFT-DBT] | INFO | candidates.f_swin_sift_dbt.model_trainers.stage1_trainer | S1-Ep [011/50] T-Loss: 0.1798  T-Acc:  93.5%  V-Loss: 1.3838  V-Acc:  56.6%  LR: 5.00e-05
2026-07-05 13:37:10,661 | [SIFT-DBT] | INFO | candidates.f_swin_sift_dbt.model_trainers.stage1_trainer | Stage 1 early stop — best val loss 0.6443 at epoch 1
2026-07-05 13:37:10,661 | [SIFT-DBT] | INFO | candidates.f_swin_sift_dbt.model_trainers.stage1_trainer | Stage 1 done. Best val loss: 0.6443 (epoch 1)
2026-07-05 13:37:10,749 | [SIFT-DBT] | INFO | candidates.f_swin_sift_dbt.hybrid_trainer | Stage 2 fold 14 — bundles: train 25 (subj=25)  test 12 (subj=12)
2026-07-05 13:37:11,121 | [SIFT-DBT] | INFO | httpx | HTTP Request: HEAD https://huggingface.co/microsoft/swin-tiny-patch4-window7-224/resolve/main/config.json "HTTP/1.1 307 Temporary Redirect"
2026-07-05 13:37:11,138 | [SIFT-DBT] | INFO | httpx | HTTP Request: HEAD https://huggingface.co/api/resolve-cache/models/microsoft/swin-tiny-patch4-window7-224/d00d478bfaf1f417d34a1186673ad4b4be264c51/config.json "HTTP/1.1 200 OK"
2026-07-05 13:37:11,377 | [SIFT-DBT] | INFO | httpx | HTTP Request: HEAD https://huggingface.co/microsoft/swin-tiny-patch4-window7-224/resolve/main/model.safetensors "HTTP/1.1 302 Found"
2026-07-05 13:37:11,910 | [SIFT-DBT] | INFO | candidates.f_swin_sift_dbt.model_trainers.stage2_trainer | Stage 2 trainable params: 0.074 M  |  frozen: 27.519 M
2026-07-05 13:37:11,911 | [SIFT-DBT] | INFO | candidates.f_swin_sift_dbt.model_trainers.stage2_trainer | Stage 2 CE weights — HC: 1.562  MCI: 0.735
2026-07-05 13:37:35,068 | [SIFT-DBT] | INFO | candidates.f_swin_sift_dbt.model_trainers.stage2_trainer | S2-Ep [001/500] T-Acc:  32.0%  V-Acc:  50.0%  V-AUROC: 0.6389  LR: 2.00e-05
2026-07-05 13:37:57,538 | [SIFT-DBT] | INFO | candidates.f_swin_sift_dbt.model_trainers.stage2_trainer | S2-Ep [002/500] T-Acc:  32.0%  V-Acc:  50.0%  V-AUROC: 0.6389  LR: 4.00e-05
2026-07-05 13:38:19,709 | [SIFT-DBT] | INFO | candidates.f_swin_sift_dbt.model_trainers.stage2_trainer | S2-Ep [003/500] T-Acc:  32.0%  V-Acc:  50.0%  V-AUROC: 0.6667  LR: 6.00e-05
2026-07-05 13:38:43,907 | [SIFT-DBT] | INFO | candidates.f_swin_sift_dbt.model_trainers.stage2_trainer | S2-Ep [004/500] T-Acc:  56.0%  V-Acc:  50.0%  V-AUROC: 0.6667  LR: 8.00e-05
2026-07-05 13:39:06,067 | [SIFT-DBT] | INFO | candidates.f_swin_sift_dbt.model_trainers.stage2_trainer | S2-Ep [005/500] T-Acc:  88.0%  V-Acc:  50.0%  V-AUROC: 0.6667  LR: 1.00e-04
2026-07-05 13:39:28,223 | [SIFT-DBT] | INFO | candidates.f_swin_sift_dbt.model_trainers.stage2_trainer | S2-Ep [006/500] T-Acc:  96.0%  V-Acc:  75.0%  V-AUROC: 0.6667  LR: 1.00e-04
2026-07-05 13:39:50,442 | [SIFT-DBT] | INFO | candidates.f_swin_sift_dbt.model_trainers.stage2_trainer | S2-Ep [007/500] T-Acc:  92.0%  V-Acc:  75.0%  V-AUROC: 0.6667  LR: 1.00e-04
2026-07-05 13:40:12,582 | [SIFT-DBT] | INFO | candidates.f_swin_sift_dbt.model_trainers.stage2_trainer | S2-Ep [008/500] T-Acc:  92.0%  V-Acc:  66.7%  V-AUROC: 0.6667  LR: 1.00e-04
2026-07-05 13:40:34,722 | [SIFT-DBT] | INFO | candidates.f_swin_sift_dbt.model_trainers.stage2_trainer | S2-Ep [009/500] T-Acc:  96.0%  V-Acc:  50.0%  V-AUROC: 0.6667  LR: 1.00e-04
2026-07-05 13:40:56,889 | [SIFT-DBT] | INFO | candidates.f_swin_sift_dbt.model_trainers.stage2_trainer | S2-Ep [010/500] T-Acc:  96.0%  V-Acc:  41.7%  V-AUROC: 0.6667  LR: 1.00e-04
2026-07-05 13:41:19,045 | [SIFT-DBT] | INFO | candidates.f_swin_sift_dbt.model_trainers.stage2_trainer | S2-Ep [011/500] T-Acc:  96.0%  V-Acc:  41.7%  V-AUROC: 0.6667  LR: 1.00e-04
2026-07-05 13:41:41,178 | [SIFT-DBT] | INFO | candidates.f_swin_sift_dbt.model_trainers.stage2_trainer | S2-Ep [012/500] T-Acc:  96.0%  V-Acc:  41.7%  V-AUROC: 0.6667  LR: 1.00e-04
2026-07-05 13:42:03,334 | [SIFT-DBT] | INFO | candidates.f_swin_sift_dbt.model_trainers.stage2_trainer | S2-Ep [013/500] T-Acc:  96.0%  V-Acc:  41.7%  V-AUROC: 0.6667  LR: 1.00e-04
2026-07-05 13:42:25,579 | [SIFT-DBT] | INFO | candidates.f_swin_sift_dbt.model_trainers.stage2_trainer | S2-Ep [014/500] T-Acc:  96.0%  V-Acc:  41.7%  V-AUROC: 0.6667  LR: 1.00e-04
2026-07-05 13:42:47,744 | [SIFT-DBT] | INFO | candidates.f_swin_sift_dbt.model_trainers.stage2_trainer | S2-Ep [015/500] T-Acc:  96.0%  V-Acc:  41.7%  V-AUROC: 0.6667  LR: 1.00e-04
2026-07-05 13:43:09,901 | [SIFT-DBT] | INFO | candidates.f_swin_sift_dbt.model_trainers.stage2_trainer | S2-Ep [016/500] T-Acc:  96.0%  V-Acc:  41.7%  V-AUROC: 0.6667  LR: 1.00e-04
2026-07-05 13:43:32,035 | [SIFT-DBT] | INFO | candidates.f_swin_sift_dbt.model_trainers.stage2_trainer | S2-Ep [017/500] T-Acc:  96.0%  V-Acc:  41.7%  V-AUROC: 0.6667  LR: 1.00e-04
2026-07-05 13:43:54,174 | [SIFT-DBT] | INFO | candidates.f_swin_sift_dbt.model_trainers.stage2_trainer | S2-Ep [018/500] T-Acc:  96.0%  V-Acc:  41.7%  V-AUROC: 0.6667  LR: 2.00e-05
2026-07-05 13:44:16,337 | [SIFT-DBT] | INFO | candidates.f_swin_sift_dbt.model_trainers.stage2_trainer | S2-Ep [019/500] T-Acc:  96.0%  V-Acc:  41.7%  V-AUROC: 0.6667  LR: 2.00e-05
2026-07-05 13:44:38,474 | [SIFT-DBT] | INFO | candidates.f_swin_sift_dbt.model_trainers.stage2_trainer | S2-Ep [020/500] T-Acc:  96.0%  V-Acc:  41.7%  V-AUROC: 0.6667  LR: 2.00e-05
2026-07-05 13:45:00,630 | [SIFT-DBT] | INFO | candidates.f_swin_sift_dbt.model_trainers.stage2_trainer | S2-Ep [021/500] T-Acc:  96.0%  V-Acc:  41.7%  V-AUROC: 0.6667  LR: 2.00e-05
2026-07-05 13:45:22,770 | [SIFT-DBT] | INFO | candidates.f_swin_sift_dbt.model_trainers.stage2_trainer | S2-Ep [022/500] T-Acc:  96.0%  V-Acc:  41.7%  V-AUROC: 0.6667  LR: 2.00e-05
2026-07-05 13:45:44,950 | [SIFT-DBT] | INFO | candidates.f_swin_sift_dbt.model_trainers.stage2_trainer | S2-Ep [023/500] T-Acc:  96.0%  V-Acc:  41.7%  V-AUROC: 0.6667  LR: 2.00e-05
2026-07-05 13:46:07,089 | [SIFT-DBT] | INFO | candidates.f_swin_sift_dbt.model_trainers.stage2_trainer | S2-Ep [024/500] T-Acc:  96.0%  V-Acc:  41.7%  V-AUROC: 0.6667  LR: 2.00e-05
2026-07-05 13:46:29,226 | [SIFT-DBT] | INFO | candidates.f_swin_sift_dbt.model_trainers.stage2_trainer | S2-Ep [025/500] T-Acc:  96.0%  V-Acc:  41.7%  V-AUROC: 0.6667  LR: 2.00e-05
2026-07-05 13:46:51,364 | [SIFT-DBT] | INFO | candidates.f_swin_sift_dbt.model_trainers.stage2_trainer | S2-Ep [026/500] T-Acc:  96.0%  V-Acc:  41.7%  V-AUROC: 0.6667  LR: 2.00e-05
2026-07-05 13:47:13,510 | [SIFT-DBT] | INFO | candidates.f_swin_sift_dbt.model_trainers.stage2_trainer | S2-Ep [027/500] T-Acc:  96.0%  V-Acc:  41.7%  V-AUROC: 0.6667  LR: 2.00e-05
2026-07-05 13:47:35,703 | [SIFT-DBT] | INFO | candidates.f_swin_sift_dbt.model_trainers.stage2_trainer | S2-Ep [028/500] T-Acc:  96.0%  V-Acc:  41.7%  V-AUROC: 0.6667  LR: 2.00e-05
2026-07-05 13:47:57,842 | [SIFT-DBT] | INFO | candidates.f_swin_sift_dbt.model_trainers.stage2_trainer | S2-Ep [029/500] T-Acc:  96.0%  V-Acc:  41.7%  V-AUROC: 0.6667  LR: 4.00e-06
2026-07-05 13:48:20,029 | [SIFT-DBT] | INFO | candidates.f_swin_sift_dbt.model_trainers.stage2_trainer | S2-Ep [030/500] T-Acc:  96.0%  V-Acc:  41.7%  V-AUROC: 0.6667  LR: 4.00e-06
2026-07-05 13:48:42,179 | [SIFT-DBT] | INFO | candidates.f_swin_sift_dbt.model_trainers.stage2_trainer | S2-Ep [031/500] T-Acc:  96.0%  V-Acc:  41.7%  V-AUROC: 0.6667  LR: 4.00e-06
2026-07-05 13:49:04,320 | [SIFT-DBT] | INFO | candidates.f_swin_sift_dbt.model_trainers.stage2_trainer | S2-Ep [032/500] T-Acc:  96.0%  V-Acc:  41.7%  V-AUROC: 0.6667  LR: 4.00e-06
2026-07-05 13:49:26,452 | [SIFT-DBT] | INFO | candidates.f_swin_sift_dbt.model_trainers.stage2_trainer | S2-Ep [033/500] T-Acc:  96.0%  V-Acc:  41.7%  V-AUROC: 0.6667  LR: 4.00e-06
2026-07-05 13:49:26,452 | [SIFT-DBT] | INFO | candidates.f_swin_sift_dbt.model_trainers.stage2_trainer | Stage 2 early stop — best AUROC 0.6667 at epoch 3
2026-07-05 13:49:26,626 | [SIFT-DBT] | INFO | candidates.f_swin_sift_dbt.model_trainers.stage2_trainer | Restored best-AUROC Stage 2 state (epoch 3, AUROC 0.6667)
2026-07-05 13:49:26,626 | [SIFT-DBT] | INFO | candidates.f_swin_sift_dbt.model_trainers.stage2_trainer | Stage 2 done. Best val AUROC: 0.6667 (epoch 3)
2026-07-05 13:49:42,752 | [SIFT-DBT] | INFO | candidates.f_swin_sift_dbt.hybrid_trainer | -> Fold 14 Result | Acc=0.500  Sens=0.000  Spec=1.000  AUROC=0.667  (S1 val-loss=0.6443)
2026-07-05 13:49:42,753 | [SIFT-DBT] | INFO | candidates.f_swin_sift_dbt.hybrid_trainer | ============================================================
2026-07-05 13:49:42,753 | [SIFT-DBT] | INFO | candidates.f_swin_sift_dbt.hybrid_trainer | === Fold 15/30 | train: 25 subj | test: 12 subj ===
2026-07-05 13:49:42,756 | [SIFT-DBT] | INFO | candidates.f_swin_sift_dbt.hybrid_trainer | Stage 1 fold 15 — flat windows: train 5504 (subj=22)  val 834 (subj=3)
2026-07-05 13:49:43,295 | [SIFT-DBT] | INFO | httpx | HTTP Request: HEAD https://huggingface.co/microsoft/swin-tiny-patch4-window7-224/resolve/main/config.json "HTTP/1.1 307 Temporary Redirect"
2026-07-05 13:49:43,317 | [SIFT-DBT] | INFO | httpx | HTTP Request: HEAD https://huggingface.co/api/resolve-cache/models/microsoft/swin-tiny-patch4-window7-224/d00d478bfaf1f417d34a1186673ad4b4be264c51/config.json "HTTP/1.1 200 OK"
2026-07-05 13:49:43,607 | [SIFT-DBT] | INFO | httpx | HTTP Request: HEAD https://huggingface.co/microsoft/swin-tiny-patch4-window7-224/resolve/main/model.safetensors "HTTP/1.1 302 Found"
2026-07-05 13:49:44,161 | [SIFT-DBT] | INFO | candidates.f_swin_sift_dbt.model_trainers.stage1_trainer | Stage 1 CE weights — HC: 1.213  MCI: 0.851
2026-07-05 13:50:26,846 | [SIFT-DBT] | INFO | candidates.f_swin_sift_dbt.model_trainers.stage1_trainer | S1-Ep [001/50] T-Loss: 0.6803  T-Acc:  55.1%  V-Loss: 0.6838  V-Acc:  54.1%  LR: 1.00e-05
2026-07-05 13:51:09,527 | [SIFT-DBT] | INFO | candidates.f_swin_sift_dbt.model_trainers.stage1_trainer | S1-Ep [002/50] T-Loss: 0.6569  T-Acc:  60.9%  V-Loss: 0.8805  V-Acc:  36.3%  LR: 2.00e-05
2026-07-05 13:51:51,989 | [SIFT-DBT] | INFO | candidates.f_swin_sift_dbt.model_trainers.stage1_trainer | S1-Ep [003/50] T-Loss: 0.6386  T-Acc:  64.3%  V-Loss: 0.8073  V-Acc:  45.6%  LR: 3.00e-05
2026-07-05 13:52:34,517 | [SIFT-DBT] | INFO | candidates.f_swin_sift_dbt.model_trainers.stage1_trainer | S1-Ep [004/50] T-Loss: 0.6182  T-Acc:  66.1%  V-Loss: 0.8889  V-Acc:  38.0%  LR: 4.00e-05
2026-07-05 13:53:16,972 | [SIFT-DBT] | INFO | candidates.f_swin_sift_dbt.model_trainers.stage1_trainer | S1-Ep [005/50] T-Loss: 0.5835  T-Acc:  68.9%  V-Loss: 0.9204  V-Acc:  42.9%  LR: 5.00e-05
2026-07-05 13:53:59,449 | [SIFT-DBT] | INFO | candidates.f_swin_sift_dbt.model_trainers.stage1_trainer | S1-Ep [006/50] T-Loss: 0.4999  T-Acc:  75.9%  V-Loss: 1.3332  V-Acc:  36.1%  LR: 5.00e-05
2026-07-05 13:54:41,928 | [SIFT-DBT] | INFO | candidates.f_swin_sift_dbt.model_trainers.stage1_trainer | S1-Ep [007/50] T-Loss: 0.3934  T-Acc:  82.3%  V-Loss: 1.4488  V-Acc:  40.8%  LR: 5.00e-05
2026-07-05 13:55:24,367 | [SIFT-DBT] | INFO | candidates.f_swin_sift_dbt.model_trainers.stage1_trainer | S1-Ep [008/50] T-Loss: 0.2624  T-Acc:  89.4%  V-Loss: 1.6781  V-Acc:  45.0%  LR: 5.00e-05
2026-07-05 13:56:06,808 | [SIFT-DBT] | INFO | candidates.f_swin_sift_dbt.model_trainers.stage1_trainer | S1-Ep [009/50] T-Loss: 0.1999  T-Acc:  92.5%  V-Loss: 1.6348  V-Acc:  49.2%  LR: 5.00e-05
2026-07-05 13:56:49,272 | [SIFT-DBT] | INFO | candidates.f_swin_sift_dbt.model_trainers.stage1_trainer | S1-Ep [010/50] T-Loss: 0.1582  T-Acc:  94.2%  V-Loss: 2.3114  V-Acc:  45.1%  LR: 5.00e-05
2026-07-05 13:57:31,745 | [SIFT-DBT] | INFO | candidates.f_swin_sift_dbt.model_trainers.stage1_trainer | S1-Ep [011/50] T-Loss: 0.1371  T-Acc:  94.8%  V-Loss: 2.1164  V-Acc:  47.2%  LR: 5.00e-05
2026-07-05 13:57:31,745 | [SIFT-DBT] | INFO | candidates.f_swin_sift_dbt.model_trainers.stage1_trainer | Stage 1 early stop — best val loss 0.6838 at epoch 1
2026-07-05 13:57:31,746 | [SIFT-DBT] | INFO | candidates.f_swin_sift_dbt.model_trainers.stage1_trainer | Stage 1 done. Best val loss: 0.6838 (epoch 1)
2026-07-05 13:57:31,827 | [SIFT-DBT] | INFO | candidates.f_swin_sift_dbt.hybrid_trainer | Stage 2 fold 15 — bundles: train 25 (subj=25)  test 12 (subj=12)
2026-07-05 13:57:32,082 | [SIFT-DBT] | INFO | httpx | HTTP Request: HEAD https://huggingface.co/microsoft/swin-tiny-patch4-window7-224/resolve/main/config.json "HTTP/1.1 307 Temporary Redirect"
2026-07-05 13:57:32,098 | [SIFT-DBT] | INFO | httpx | HTTP Request: HEAD https://huggingface.co/api/resolve-cache/models/microsoft/swin-tiny-patch4-window7-224/d00d478bfaf1f417d34a1186673ad4b4be264c51/config.json "HTTP/1.1 200 OK"
2026-07-05 13:57:32,339 | [SIFT-DBT] | INFO | httpx | HTTP Request: HEAD https://huggingface.co/microsoft/swin-tiny-patch4-window7-224/resolve/main/model.safetensors "HTTP/1.1 302 Found"
2026-07-05 13:57:32,854 | [SIFT-DBT] | INFO | candidates.f_swin_sift_dbt.model_trainers.stage2_trainer | Stage 2 trainable params: 0.074 M  |  frozen: 27.519 M
2026-07-05 13:57:32,855 | [SIFT-DBT] | INFO | candidates.f_swin_sift_dbt.model_trainers.stage2_trainer | Stage 2 CE weights — HC: 1.250  MCI: 0.833
2026-07-05 13:57:55,859 | [SIFT-DBT] | INFO | candidates.f_swin_sift_dbt.model_trainers.stage2_trainer | S2-Ep [001/500] T-Acc:   4.0%  V-Acc:  58.3%  V-AUROC: 0.6562  LR: 2.00e-05
2026-07-05 13:58:18,303 | [SIFT-DBT] | INFO | candidates.f_swin_sift_dbt.model_trainers.stage2_trainer | S2-Ep [002/500] T-Acc:   4.0%  V-Acc:  50.0%  V-AUROC: 1.0000  LR: 4.00e-05
2026-07-05 13:58:42,679 | [SIFT-DBT] | INFO | candidates.f_swin_sift_dbt.model_trainers.stage2_trainer | S2-Ep [003/500] T-Acc:  64.0%  V-Acc:  58.3%  V-AUROC: 0.9375  LR: 6.00e-05
2026-07-05 13:59:04,820 | [SIFT-DBT] | INFO | candidates.f_swin_sift_dbt.model_trainers.stage2_trainer | S2-Ep [004/500] T-Acc:  92.0%  V-Acc:  91.7%  V-AUROC: 0.9375  LR: 8.00e-05
2026-07-05 13:59:27,276 | [SIFT-DBT] | INFO | candidates.f_swin_sift_dbt.model_trainers.stage2_trainer | S2-Ep [005/500] T-Acc:  88.0%  V-Acc:  83.3%  V-AUROC: 0.9375  LR: 1.00e-04
2026-07-05 13:59:49,399 | [SIFT-DBT] | INFO | candidates.f_swin_sift_dbt.model_trainers.stage2_trainer | S2-Ep [006/500] T-Acc:  92.0%  V-Acc:  83.3%  V-AUROC: 0.9375  LR: 1.00e-04
2026-07-05 14:00:11,533 | [SIFT-DBT] | INFO | candidates.f_swin_sift_dbt.model_trainers.stage2_trainer | S2-Ep [007/500] T-Acc:  92.0%  V-Acc:  83.3%  V-AUROC: 0.9375  LR: 1.00e-04
2026-07-05 14:00:33,940 | [SIFT-DBT] | INFO | candidates.f_swin_sift_dbt.model_trainers.stage2_trainer | S2-Ep [008/500] T-Acc:  92.0%  V-Acc:  91.7%  V-AUROC: 0.9375  LR: 1.00e-04
2026-07-05 14:00:56,086 | [SIFT-DBT] | INFO | candidates.f_swin_sift_dbt.model_trainers.stage2_trainer | S2-Ep [009/500] T-Acc:  96.0%  V-Acc:  91.7%  V-AUROC: 0.9375  LR: 1.00e-04
2026-07-05 14:01:18,214 | [SIFT-DBT] | INFO | candidates.f_swin_sift_dbt.model_trainers.stage2_trainer | S2-Ep [010/500] T-Acc:  88.0%  V-Acc:  83.3%  V-AUROC: 0.9375  LR: 1.00e-04
2026-07-05 14:01:40,365 | [SIFT-DBT] | INFO | candidates.f_swin_sift_dbt.model_trainers.stage2_trainer | S2-Ep [011/500] T-Acc:  92.0%  V-Acc:  83.3%  V-AUROC: 0.9375  LR: 1.00e-04
2026-07-05 14:02:02,535 | [SIFT-DBT] | INFO | candidates.f_swin_sift_dbt.model_trainers.stage2_trainer | S2-Ep [012/500] T-Acc:  92.0%  V-Acc:  91.7%  V-AUROC: 0.9062  LR: 1.00e-04
2026-07-05 14:02:24,677 | [SIFT-DBT] | INFO | candidates.f_swin_sift_dbt.model_trainers.stage2_trainer | S2-Ep [013/500] T-Acc:  92.0%  V-Acc:  91.7%  V-AUROC: 0.9062  LR: 1.00e-04
2026-07-05 14:02:46,866 | [SIFT-DBT] | INFO | candidates.f_swin_sift_dbt.model_trainers.stage2_trainer | S2-Ep [014/500] T-Acc:  92.0%  V-Acc:  91.7%  V-AUROC: 0.8750  LR: 1.00e-04
2026-07-05 14:03:08,992 | [SIFT-DBT] | INFO | candidates.f_swin_sift_dbt.model_trainers.stage2_trainer | S2-Ep [015/500] T-Acc:  92.0%  V-Acc:  91.7%  V-AUROC: 0.8438  LR: 1.00e-04
2026-07-05 14:03:31,139 | [SIFT-DBT] | INFO | candidates.f_swin_sift_dbt.model_trainers.stage2_trainer | S2-Ep [016/500] T-Acc:  92.0%  V-Acc:  83.3%  V-AUROC: 0.8438  LR: 1.00e-04
2026-07-05 14:03:53,274 | [SIFT-DBT] | INFO | candidates.f_swin_sift_dbt.model_trainers.stage2_trainer | S2-Ep [017/500] T-Acc:  92.0%  V-Acc:  83.3%  V-AUROC: 0.8438  LR: 1.00e-04
2026-07-05 14:04:15,421 | [SIFT-DBT] | INFO | candidates.f_swin_sift_dbt.model_trainers.stage2_trainer | S2-Ep [018/500] T-Acc:  92.0%  V-Acc:  83.3%  V-AUROC: 0.8438  LR: 2.00e-05
2026-07-05 14:04:37,543 | [SIFT-DBT] | INFO | candidates.f_swin_sift_dbt.model_trainers.stage2_trainer | S2-Ep [019/500] T-Acc:  92.0%  V-Acc:  83.3%  V-AUROC: 0.8438  LR: 2.00e-05
2026-07-05 14:04:59,670 | [SIFT-DBT] | INFO | candidates.f_swin_sift_dbt.model_trainers.stage2_trainer | S2-Ep [020/500] T-Acc:  92.0%  V-Acc:  83.3%  V-AUROC: 0.8438  LR: 2.00e-05
2026-07-05 14:05:21,790 | [SIFT-DBT] | INFO | candidates.f_swin_sift_dbt.model_trainers.stage2_trainer | S2-Ep [021/500] T-Acc:  96.0%  V-Acc:  83.3%  V-AUROC: 0.8438  LR: 2.00e-05
2026-07-05 14:05:43,910 | [SIFT-DBT] | INFO | candidates.f_swin_sift_dbt.model_trainers.stage2_trainer | S2-Ep [022/500] T-Acc:  96.0%  V-Acc:  83.3%  V-AUROC: 0.8438  LR: 2.00e-05
2026-07-05 14:06:06,047 | [SIFT-DBT] | INFO | candidates.f_swin_sift_dbt.model_trainers.stage2_trainer | S2-Ep [023/500] T-Acc:  92.0%  V-Acc:  83.3%  V-AUROC: 0.8438  LR: 2.00e-05
2026-07-05 14:06:28,207 | [SIFT-DBT] | INFO | candidates.f_swin_sift_dbt.model_trainers.stage2_trainer | S2-Ep [024/500] T-Acc:  92.0%  V-Acc:  83.3%  V-AUROC: 0.8438  LR: 2.00e-05
2026-07-05 14:06:50,323 | [SIFT-DBT] | INFO | candidates.f_swin_sift_dbt.model_trainers.stage2_trainer | S2-Ep [025/500] T-Acc:  96.0%  V-Acc:  83.3%  V-AUROC: 0.8438  LR: 2.00e-05
2026-07-05 14:07:12,457 | [SIFT-DBT] | INFO | candidates.f_swin_sift_dbt.model_trainers.stage2_trainer | S2-Ep [026/500] T-Acc:  96.0%  V-Acc:  66.7%  V-AUROC: 0.8438  LR: 2.00e-05
2026-07-05 14:07:34,581 | [SIFT-DBT] | INFO | candidates.f_swin_sift_dbt.model_trainers.stage2_trainer | S2-Ep [027/500] T-Acc:  88.0%  V-Acc:  66.7%  V-AUROC: 0.8438  LR: 2.00e-05
2026-07-05 14:07:56,772 | [SIFT-DBT] | INFO | candidates.f_swin_sift_dbt.model_trainers.stage2_trainer | S2-Ep [028/500] T-Acc:  92.0%  V-Acc:  66.7%  V-AUROC: 0.8438  LR: 2.00e-05
2026-07-05 14:08:18,894 | [SIFT-DBT] | INFO | candidates.f_swin_sift_dbt.model_trainers.stage2_trainer | S2-Ep [029/500] T-Acc:  96.0%  V-Acc:  66.7%  V-AUROC: 0.8438  LR: 4.00e-06
2026-07-05 14:08:41,029 | [SIFT-DBT] | INFO | candidates.f_swin_sift_dbt.model_trainers.stage2_trainer | S2-Ep [030/500] T-Acc:  92.0%  V-Acc:  66.7%  V-AUROC: 0.8438  LR: 4.00e-06
2026-07-05 14:09:03,170 | [SIFT-DBT] | INFO | candidates.f_swin_sift_dbt.model_trainers.stage2_trainer | S2-Ep [031/500] T-Acc:  92.0%  V-Acc:  66.7%  V-AUROC: 0.8438  LR: 4.00e-06
2026-07-05 14:09:25,298 | [SIFT-DBT] | INFO | candidates.f_swin_sift_dbt.model_trainers.stage2_trainer | S2-Ep [032/500] T-Acc:  92.0%  V-Acc:  66.7%  V-AUROC: 0.8438  LR: 4.00e-06
2026-07-05 14:09:25,298 | [SIFT-DBT] | INFO | candidates.f_swin_sift_dbt.model_trainers.stage2_trainer | Stage 2 early stop — best AUROC 1.0000 at epoch 2
2026-07-05 14:09:25,458 | [SIFT-DBT] | INFO | candidates.f_swin_sift_dbt.model_trainers.stage2_trainer | Restored best-AUROC Stage 2 state (epoch 2, AUROC 1.0000)
2026-07-05 14:09:25,459 | [SIFT-DBT] | INFO | candidates.f_swin_sift_dbt.model_trainers.stage2_trainer | Stage 2 done. Best val AUROC: 1.0000 (epoch 2)
2026-07-05 14:09:40,744 | [SIFT-DBT] | INFO | candidates.f_swin_sift_dbt.hybrid_trainer | -> Fold 15 Result | Acc=0.500  Sens=0.250  Spec=1.000  AUROC=1.000  (S1 val-loss=0.6838)
2026-07-05 14:09:40,744 | [SIFT-DBT] | INFO | candidates.f_swin_sift_dbt.hybrid_trainer | ============================================================
2026-07-05 14:09:40,744 | [SIFT-DBT] | INFO | candidates.f_swin_sift_dbt.hybrid_trainer | === Fold 16/30 | train: 25 subj | test: 12 subj ===
2026-07-05 14:09:40,747 | [SIFT-DBT] | INFO | candidates.f_swin_sift_dbt.hybrid_trainer | Stage 1 fold 16 — flat windows: train 5485 (subj=22)  val 760 (subj=3)
2026-07-05 14:09:41,235 | [SIFT-DBT] | INFO | httpx | HTTP Request: HEAD https://huggingface.co/microsoft/swin-tiny-patch4-window7-224/resolve/main/config.json "HTTP/1.1 307 Temporary Redirect"
2026-07-05 14:09:41,250 | [SIFT-DBT] | INFO | httpx | HTTP Request: HEAD https://huggingface.co/api/resolve-cache/models/microsoft/swin-tiny-patch4-window7-224/d00d478bfaf1f417d34a1186673ad4b4be264c51/config.json "HTTP/1.1 200 OK"
2026-07-05 14:09:41,533 | [SIFT-DBT] | INFO | httpx | HTTP Request: HEAD https://huggingface.co/microsoft/swin-tiny-patch4-window7-224/resolve/main/model.safetensors "HTTP/1.1 302 Found"
2026-07-05 14:09:42,107 | [SIFT-DBT] | INFO | candidates.f_swin_sift_dbt.model_trainers.stage1_trainer | Stage 1 CE weights — HC: 1.365  MCI: 0.789
2026-07-05 14:10:24,513 | [SIFT-DBT] | INFO | candidates.f_swin_sift_dbt.model_trainers.stage1_trainer | S1-Ep [001/50] T-Loss: 0.6598  T-Acc:  59.6%  V-Loss: 0.6440  V-Acc:  60.8%  LR: 1.00e-05
2026-07-05 14:11:06,908 | [SIFT-DBT] | INFO | candidates.f_swin_sift_dbt.model_trainers.stage1_trainer | S1-Ep [002/50] T-Loss: 0.6400  T-Acc:  63.5%  V-Loss: 0.6361  V-Acc:  64.7%  LR: 2.00e-05
2026-07-05 14:11:51,018 | [SIFT-DBT] | INFO | candidates.f_swin_sift_dbt.model_trainers.stage1_trainer | S1-Ep [003/50] T-Loss: 0.6113  T-Acc:  66.8%  V-Loss: 0.6294  V-Acc:  64.3%  LR: 3.00e-05
2026-07-05 14:12:36,084 | [SIFT-DBT] | INFO | candidates.f_swin_sift_dbt.model_trainers.stage1_trainer | S1-Ep [004/50] T-Loss: 0.5923  T-Acc:  68.7%  V-Loss: 0.8606  V-Acc:  46.7%  LR: 4.00e-05
2026-07-05 14:13:18,297 | [SIFT-DBT] | INFO | candidates.f_swin_sift_dbt.model_trainers.stage1_trainer | S1-Ep [005/50] T-Loss: 0.5708  T-Acc:  69.8%  V-Loss: 0.7229  V-Acc:  57.5%  LR: 5.00e-05
2026-07-05 14:14:00,475 | [SIFT-DBT] | INFO | candidates.f_swin_sift_dbt.model_trainers.stage1_trainer | S1-Ep [006/50] T-Loss: 0.5001  T-Acc:  75.5%  V-Loss: 0.6426  V-Acc:  63.6%  LR: 5.00e-05
2026-07-05 14:14:42,653 | [SIFT-DBT] | INFO | candidates.f_swin_sift_dbt.model_trainers.stage1_trainer | S1-Ep [007/50] T-Loss: 0.4155  T-Acc:  80.5%  V-Loss: 0.7761  V-Acc:  60.5%  LR: 5.00e-05
2026-07-05 14:15:24,843 | [SIFT-DBT] | INFO | candidates.f_swin_sift_dbt.model_trainers.stage1_trainer | S1-Ep [008/50] T-Loss: 0.3195  T-Acc:  86.0%  V-Loss: 0.9503  V-Acc:  61.1%  LR: 5.00e-05
2026-07-05 14:16:07,000 | [SIFT-DBT] | INFO | candidates.f_swin_sift_dbt.model_trainers.stage1_trainer | S1-Ep [009/50] T-Loss: 0.2219  T-Acc:  90.7%  V-Loss: 1.4654  V-Acc:  56.2%  LR: 5.00e-05
2026-07-05 14:16:49,176 | [SIFT-DBT] | INFO | candidates.f_swin_sift_dbt.model_trainers.stage1_trainer | S1-Ep [010/50] T-Loss: 0.1803  T-Acc:  93.0%  V-Loss: 1.4668  V-Acc:  59.3%  LR: 5.00e-05
2026-07-05 14:17:31,347 | [SIFT-DBT] | INFO | candidates.f_swin_sift_dbt.model_trainers.stage1_trainer | S1-Ep [011/50] T-Loss: 0.1481  T-Acc:  94.4%  V-Loss: 1.5160  V-Acc:  62.4%  LR: 5.00e-05
2026-07-05 14:18:13,531 | [SIFT-DBT] | INFO | candidates.f_swin_sift_dbt.model_trainers.stage1_trainer | S1-Ep [012/50] T-Loss: 0.1370  T-Acc:  94.7%  V-Loss: 1.5430  V-Acc:  61.7%  LR: 5.00e-05
2026-07-05 14:18:55,743 | [SIFT-DBT] | INFO | candidates.f_swin_sift_dbt.model_trainers.stage1_trainer | S1-Ep [013/50] T-Loss: 0.0583  T-Acc:  98.0%  V-Loss: 2.5408  V-Acc:  61.1%  LR: 1.00e-05
2026-07-05 14:18:55,744 | [SIFT-DBT] | INFO | candidates.f_swin_sift_dbt.model_trainers.stage1_trainer | Stage 1 early stop — best val loss 0.6294 at epoch 3
2026-07-05 14:18:55,744 | [SIFT-DBT] | INFO | candidates.f_swin_sift_dbt.model_trainers.stage1_trainer | Stage 1 done. Best val loss: 0.6294 (epoch 3)
2026-07-05 14:18:55,823 | [SIFT-DBT] | INFO | candidates.f_swin_sift_dbt.hybrid_trainer | Stage 2 fold 16 — bundles: train 25 (subj=25)  test 12 (subj=12)
2026-07-05 14:18:56,197 | [SIFT-DBT] | INFO | httpx | HTTP Request: HEAD https://huggingface.co/microsoft/swin-tiny-patch4-window7-224/resolve/main/config.json "HTTP/1.1 307 Temporary Redirect"
2026-07-05 14:18:56,211 | [SIFT-DBT] | INFO | httpx | HTTP Request: HEAD https://huggingface.co/api/resolve-cache/models/microsoft/swin-tiny-patch4-window7-224/d00d478bfaf1f417d34a1186673ad4b4be264c51/config.json "HTTP/1.1 200 OK"
2026-07-05 14:18:56,454 | [SIFT-DBT] | INFO | httpx | HTTP Request: HEAD https://huggingface.co/microsoft/swin-tiny-patch4-window7-224/resolve/main/model.safetensors "HTTP/1.1 302 Found"
2026-07-05 14:18:56,981 | [SIFT-DBT] | INFO | candidates.f_swin_sift_dbt.model_trainers.stage2_trainer | Stage 2 trainable params: 0.074 M  |  frozen: 27.519 M
2026-07-05 14:18:56,982 | [SIFT-DBT] | INFO | candidates.f_swin_sift_dbt.model_trainers.stage2_trainer | Stage 2 CE weights — HC: 1.562  MCI: 0.735
2026-07-05 14:19:20,245 | [SIFT-DBT] | INFO | candidates.f_swin_sift_dbt.model_trainers.stage2_trainer | S2-Ep [001/500] T-Acc:  92.0%  V-Acc:  33.3%  V-AUROC: 0.4722  LR: 2.00e-05
2026-07-05 14:19:42,601 | [SIFT-DBT] | INFO | candidates.f_swin_sift_dbt.model_trainers.stage2_trainer | S2-Ep [002/500] T-Acc: 100.0%  V-Acc:  33.3%  V-AUROC: 0.4722  LR: 4.00e-05
2026-07-05 14:20:04,728 | [SIFT-DBT] | INFO | candidates.f_swin_sift_dbt.model_trainers.stage2_trainer | S2-Ep [003/500] T-Acc:  96.0%  V-Acc:  41.7%  V-AUROC: 0.4444  LR: 6.00e-05
2026-07-05 14:20:26,880 | [SIFT-DBT] | INFO | candidates.f_swin_sift_dbt.model_trainers.stage2_trainer | S2-Ep [004/500] T-Acc: 100.0%  V-Acc:  41.7%  V-AUROC: 0.4444  LR: 8.00e-05
2026-07-05 14:20:48,991 | [SIFT-DBT] | INFO | candidates.f_swin_sift_dbt.model_trainers.stage2_trainer | S2-Ep [005/500] T-Acc:  96.0%  V-Acc:  41.7%  V-AUROC: 0.4444  LR: 1.00e-04
2026-07-05 14:21:11,111 | [SIFT-DBT] | INFO | candidates.f_swin_sift_dbt.model_trainers.stage2_trainer | S2-Ep [006/500] T-Acc:  96.0%  V-Acc:  41.7%  V-AUROC: 0.4444  LR: 1.00e-04
2026-07-05 14:21:33,239 | [SIFT-DBT] | INFO | candidates.f_swin_sift_dbt.model_trainers.stage2_trainer | S2-Ep [007/500] T-Acc:  96.0%  V-Acc:  41.7%  V-AUROC: 0.4444  LR: 1.00e-04
2026-07-05 14:21:55,380 | [SIFT-DBT] | INFO | candidates.f_swin_sift_dbt.model_trainers.stage2_trainer | S2-Ep [008/500] T-Acc:  96.0%  V-Acc:  41.7%  V-AUROC: 0.4444  LR: 1.00e-04
2026-07-05 14:22:17,507 | [SIFT-DBT] | INFO | candidates.f_swin_sift_dbt.model_trainers.stage2_trainer | S2-Ep [009/500] T-Acc:  96.0%  V-Acc:  41.7%  V-AUROC: 0.4167  LR: 1.00e-04
2026-07-05 14:22:39,663 | [SIFT-DBT] | INFO | candidates.f_swin_sift_dbt.model_trainers.stage2_trainer | S2-Ep [010/500] T-Acc:  96.0%  V-Acc:  41.7%  V-AUROC: 0.4167  LR: 1.00e-04
2026-07-05 14:23:01,790 | [SIFT-DBT] | INFO | candidates.f_swin_sift_dbt.model_trainers.stage2_trainer | S2-Ep [011/500] T-Acc: 100.0%  V-Acc:  33.3%  V-AUROC: 0.4167  LR: 1.00e-04
2026-07-05 14:23:24,019 | [SIFT-DBT] | INFO | candidates.f_swin_sift_dbt.model_trainers.stage2_trainer | S2-Ep [012/500] T-Acc: 100.0%  V-Acc:  33.3%  V-AUROC: 0.4167  LR: 1.00e-04
2026-07-05 14:23:46,212 | [SIFT-DBT] | INFO | candidates.f_swin_sift_dbt.model_trainers.stage2_trainer | S2-Ep [013/500] T-Acc: 100.0%  V-Acc:  33.3%  V-AUROC: 0.4167  LR: 1.00e-04
2026-07-05 14:24:08,353 | [SIFT-DBT] | INFO | candidates.f_swin_sift_dbt.model_trainers.stage2_trainer | S2-Ep [014/500] T-Acc: 100.0%  V-Acc:  33.3%  V-AUROC: 0.4167  LR: 1.00e-04
2026-07-05 14:24:30,466 | [SIFT-DBT] | INFO | candidates.f_swin_sift_dbt.model_trainers.stage2_trainer | S2-Ep [015/500] T-Acc: 100.0%  V-Acc:  33.3%  V-AUROC: 0.4167  LR: 1.00e-04
2026-07-05 14:24:52,604 | [SIFT-DBT] | INFO | candidates.f_swin_sift_dbt.model_trainers.stage2_trainer | S2-Ep [016/500] T-Acc: 100.0%  V-Acc:  33.3%  V-AUROC: 0.4167  LR: 1.00e-04
2026-07-05 14:25:14,753 | [SIFT-DBT] | INFO | candidates.f_swin_sift_dbt.model_trainers.stage2_trainer | S2-Ep [017/500] T-Acc: 100.0%  V-Acc:  33.3%  V-AUROC: 0.4167  LR: 1.00e-04
2026-07-05 14:25:36,887 | [SIFT-DBT] | INFO | candidates.f_swin_sift_dbt.model_trainers.stage2_trainer | S2-Ep [018/500] T-Acc: 100.0%  V-Acc:  33.3%  V-AUROC: 0.4167  LR: 2.00e-05
2026-07-05 14:25:59,067 | [SIFT-DBT] | INFO | candidates.f_swin_sift_dbt.model_trainers.stage2_trainer | S2-Ep [019/500] T-Acc: 100.0%  V-Acc:  33.3%  V-AUROC: 0.4167  LR: 2.00e-05
2026-07-05 14:26:21,194 | [SIFT-DBT] | INFO | candidates.f_swin_sift_dbt.model_trainers.stage2_trainer | S2-Ep [020/500] T-Acc: 100.0%  V-Acc:  33.3%  V-AUROC: 0.4167  LR: 2.00e-05
2026-07-05 14:26:43,404 | [SIFT-DBT] | INFO | candidates.f_swin_sift_dbt.model_trainers.stage2_trainer | S2-Ep [021/500] T-Acc: 100.0%  V-Acc:  33.3%  V-AUROC: 0.4167  LR: 2.00e-05
2026-07-05 14:27:05,580 | [SIFT-DBT] | INFO | candidates.f_swin_sift_dbt.model_trainers.stage2_trainer | S2-Ep [022/500] T-Acc: 100.0%  V-Acc:  33.3%  V-AUROC: 0.4167  LR: 2.00e-05
2026-07-05 14:27:27,703 | [SIFT-DBT] | INFO | candidates.f_swin_sift_dbt.model_trainers.stage2_trainer | S2-Ep [023/500] T-Acc: 100.0%  V-Acc:  33.3%  V-AUROC: 0.4167  LR: 2.00e-05
2026-07-05 14:27:49,820 | [SIFT-DBT] | INFO | candidates.f_swin_sift_dbt.model_trainers.stage2_trainer | S2-Ep [024/500] T-Acc: 100.0%  V-Acc:  33.3%  V-AUROC: 0.4167  LR: 2.00e-05
2026-07-05 14:28:12,019 | [SIFT-DBT] | INFO | candidates.f_swin_sift_dbt.model_trainers.stage2_trainer | S2-Ep [025/500] T-Acc: 100.0%  V-Acc:  33.3%  V-AUROC: 0.4167  LR: 2.00e-05
2026-07-05 14:28:34,224 | [SIFT-DBT] | INFO | candidates.f_swin_sift_dbt.model_trainers.stage2_trainer | S2-Ep [026/500] T-Acc: 100.0%  V-Acc:  33.3%  V-AUROC: 0.4167  LR: 2.00e-05
2026-07-05 14:28:56,351 | [SIFT-DBT] | INFO | candidates.f_swin_sift_dbt.model_trainers.stage2_trainer | S2-Ep [027/500] T-Acc: 100.0%  V-Acc:  33.3%  V-AUROC: 0.4167  LR: 2.00e-05
2026-07-05 14:29:18,471 | [SIFT-DBT] | INFO | candidates.f_swin_sift_dbt.model_trainers.stage2_trainer | S2-Ep [028/500] T-Acc: 100.0%  V-Acc:  33.3%  V-AUROC: 0.4167  LR: 2.00e-05
2026-07-05 14:29:40,586 | [SIFT-DBT] | INFO | candidates.f_swin_sift_dbt.model_trainers.stage2_trainer | S2-Ep [029/500] T-Acc: 100.0%  V-Acc:  33.3%  V-AUROC: 0.4167  LR: 4.00e-06
2026-07-05 14:30:02,709 | [SIFT-DBT] | INFO | candidates.f_swin_sift_dbt.model_trainers.stage2_trainer | S2-Ep [030/500] T-Acc: 100.0%  V-Acc:  33.3%  V-AUROC: 0.4167  LR: 4.00e-06
2026-07-05 14:30:24,835 | [SIFT-DBT] | INFO | candidates.f_swin_sift_dbt.model_trainers.stage2_trainer | S2-Ep [031/500] T-Acc: 100.0%  V-Acc:  33.3%  V-AUROC: 0.4167  LR: 4.00e-06
2026-07-05 14:30:24,835 | [SIFT-DBT] | INFO | candidates.f_swin_sift_dbt.model_trainers.stage2_trainer | Stage 2 early stop — best AUROC 0.4722 at epoch 1
2026-07-05 14:30:24,974 | [SIFT-DBT] | INFO | candidates.f_swin_sift_dbt.model_trainers.stage2_trainer | Restored best-AUROC Stage 2 state (epoch 1, AUROC 0.4722)
2026-07-05 14:30:24,975 | [SIFT-DBT] | INFO | candidates.f_swin_sift_dbt.model_trainers.stage2_trainer | Stage 2 done. Best val AUROC: 0.4722 (epoch 1)
2026-07-05 14:30:40,687 | [SIFT-DBT] | INFO | candidates.f_swin_sift_dbt.hybrid_trainer | -> Fold 16 Result | Acc=0.333  Sens=0.667  Spec=0.000  AUROC=0.472  (S1 val-loss=0.6294)
2026-07-05 14:30:40,687 | [SIFT-DBT] | INFO | candidates.f_swin_sift_dbt.hybrid_trainer | ============================================================
2026-07-05 14:30:40,687 | [SIFT-DBT] | INFO | candidates.f_swin_sift_dbt.hybrid_trainer | === Fold 17/30 | train: 25 subj | test: 12 subj ===
2026-07-05 14:30:40,690 | [SIFT-DBT] | INFO | candidates.f_swin_sift_dbt.hybrid_trainer | Stage 1 fold 17 — flat windows: train 5415 (subj=22)  val 752 (subj=3)
2026-07-05 14:30:40,950 | [SIFT-DBT] | INFO | httpx | HTTP Request: HEAD https://huggingface.co/microsoft/swin-tiny-patch4-window7-224/resolve/main/config.json "HTTP/1.1 307 Temporary Redirect"
2026-07-05 14:30:40,966 | [SIFT-DBT] | INFO | httpx | HTTP Request: HEAD https://huggingface.co/api/resolve-cache/models/microsoft/swin-tiny-patch4-window7-224/d00d478bfaf1f417d34a1186673ad4b4be264c51/config.json "HTTP/1.1 200 OK"
2026-07-05 14:30:41,228 | [SIFT-DBT] | INFO | httpx | HTTP Request: HEAD https://huggingface.co/microsoft/swin-tiny-patch4-window7-224/resolve/main/model.safetensors "HTTP/1.1 302 Found"
2026-07-05 14:30:41,750 | [SIFT-DBT] | INFO | candidates.f_swin_sift_dbt.model_trainers.stage1_trainer | Stage 1 CE weights — HC: 1.372  MCI: 0.787
2026-07-05 14:31:23,675 | [SIFT-DBT] | INFO | candidates.f_swin_sift_dbt.model_trainers.stage1_trainer | S1-Ep [001/50] T-Loss: 0.6828  T-Acc:  55.9%  V-Loss: 0.6729  V-Acc:  57.0%  LR: 1.00e-05
2026-07-05 14:32:05,632 | [SIFT-DBT] | INFO | candidates.f_swin_sift_dbt.model_trainers.stage1_trainer | S1-Ep [002/50] T-Loss: 0.6659  T-Acc:  60.4%  V-Loss: 0.7488  V-Acc:  44.7%  LR: 2.00e-05
2026-07-05 14:32:47,339 | [SIFT-DBT] | INFO | candidates.f_swin_sift_dbt.model_trainers.stage1_trainer | S1-Ep [003/50] T-Loss: 0.6505  T-Acc:  61.7%  V-Loss: 0.6949  V-Acc:  53.7%  LR: 3.00e-05
2026-07-05 14:33:29,112 | [SIFT-DBT] | INFO | candidates.f_swin_sift_dbt.model_trainers.stage1_trainer | S1-Ep [004/50] T-Loss: 0.6284  T-Acc:  63.5%  V-Loss: 0.7175  V-Acc:  51.6%  LR: 4.00e-05
2026-07-05 14:34:10,807 | [SIFT-DBT] | INFO | candidates.f_swin_sift_dbt.model_trainers.stage1_trainer | S1-Ep [005/50] T-Loss: 0.6050  T-Acc:  66.6%  V-Loss: 0.6780  V-Acc:  58.2%  LR: 5.00e-05
2026-07-05 14:34:52,503 | [SIFT-DBT] | INFO | candidates.f_swin_sift_dbt.model_trainers.stage1_trainer | S1-Ep [006/50] T-Loss: 0.5428  T-Acc:  72.2%  V-Loss: 0.7322  V-Acc:  57.2%  LR: 5.00e-05
2026-07-05 14:35:34,208 | [SIFT-DBT] | INFO | candidates.f_swin_sift_dbt.model_trainers.stage1_trainer | S1-Ep [007/50] T-Loss: 0.4554  T-Acc:  77.5%  V-Loss: 0.8941  V-Acc:  50.5%  LR: 5.00e-05
2026-07-05 14:36:15,869 | [SIFT-DBT] | INFO | candidates.f_swin_sift_dbt.model_trainers.stage1_trainer | S1-Ep [008/50] T-Loss: 0.3505  T-Acc:  84.1%  V-Loss: 0.9916  V-Acc:  55.2%  LR: 5.00e-05
2026-07-05 14:36:57,564 | [SIFT-DBT] | INFO | candidates.f_swin_sift_dbt.model_trainers.stage1_trainer | S1-Ep [009/50] T-Loss: 0.2450  T-Acc:  90.2%  V-Loss: 1.1546  V-Acc:  56.0%  LR: 5.00e-05
2026-07-05 14:37:39,256 | [SIFT-DBT] | INFO | candidates.f_swin_sift_dbt.model_trainers.stage1_trainer | S1-Ep [010/50] T-Loss: 0.1890  T-Acc:  92.5%  V-Loss: 1.5184  V-Acc:  55.2%  LR: 5.00e-05
2026-07-05 14:38:20,946 | [SIFT-DBT] | INFO | candidates.f_swin_sift_dbt.model_trainers.stage1_trainer | S1-Ep [011/50] T-Loss: 0.1680  T-Acc:  93.6%  V-Loss: 1.4587  V-Acc:  57.6%  LR: 5.00e-05
2026-07-05 14:38:20,947 | [SIFT-DBT] | INFO | candidates.f_swin_sift_dbt.model_trainers.stage1_trainer | Stage 1 early stop — best val loss 0.6729 at epoch 1
2026-07-05 14:38:20,947 | [SIFT-DBT] | INFO | candidates.f_swin_sift_dbt.model_trainers.stage1_trainer | Stage 1 done. Best val loss: 0.6729 (epoch 1)
2026-07-05 14:38:21,023 | [SIFT-DBT] | INFO | candidates.f_swin_sift_dbt.hybrid_trainer | Stage 2 fold 17 — bundles: train 25 (subj=25)  test 12 (subj=12)
2026-07-05 14:38:21,402 | [SIFT-DBT] | INFO | httpx | HTTP Request: HEAD https://huggingface.co/microsoft/swin-tiny-patch4-window7-224/resolve/main/config.json "HTTP/1.1 307 Temporary Redirect"
2026-07-05 14:38:21,421 | [SIFT-DBT] | INFO | httpx | HTTP Request: HEAD https://huggingface.co/api/resolve-cache/models/microsoft/swin-tiny-patch4-window7-224/d00d478bfaf1f417d34a1186673ad4b4be264c51/config.json "HTTP/1.1 200 OK"
2026-07-05 14:38:21,749 | [SIFT-DBT] | INFO | httpx | HTTP Request: HEAD https://huggingface.co/microsoft/swin-tiny-patch4-window7-224/resolve/main/model.safetensors "HTTP/1.1 302 Found"
2026-07-05 14:38:22,367 | [SIFT-DBT] | INFO | candidates.f_swin_sift_dbt.model_trainers.stage2_trainer | Stage 2 trainable params: 0.074 M  |  frozen: 27.519 M
2026-07-05 14:38:22,369 | [SIFT-DBT] | INFO | candidates.f_swin_sift_dbt.model_trainers.stage2_trainer | Stage 2 CE weights — HC: 1.562  MCI: 0.735
2026-07-05 14:38:45,649 | [SIFT-DBT] | INFO | candidates.f_swin_sift_dbt.model_trainers.stage2_trainer | S2-Ep [001/500] T-Acc:  68.0%  V-Acc:  50.0%  V-AUROC: 0.3056  LR: 2.00e-05
2026-07-05 14:39:08,087 | [SIFT-DBT] | INFO | candidates.f_swin_sift_dbt.model_trainers.stage2_trainer | S2-Ep [002/500] T-Acc:  68.0%  V-Acc:  50.0%  V-AUROC: 0.6389  LR: 4.00e-05
2026-07-05 14:39:31,769 | [SIFT-DBT] | INFO | candidates.f_swin_sift_dbt.model_trainers.stage2_trainer | S2-Ep [003/500] T-Acc:  72.0%  V-Acc:  50.0%  V-AUROC: 0.7222  LR: 6.00e-05
2026-07-05 14:39:56,268 | [SIFT-DBT] | INFO | candidates.f_swin_sift_dbt.model_trainers.stage2_trainer | S2-Ep [004/500] T-Acc:  88.0%  V-Acc:  50.0%  V-AUROC: 0.7500  LR: 8.00e-05
2026-07-05 14:40:21,006 | [SIFT-DBT] | INFO | candidates.f_swin_sift_dbt.model_trainers.stage2_trainer | S2-Ep [005/500] T-Acc:  96.0%  V-Acc:  50.0%  V-AUROC: 0.8056  LR: 1.00e-04
2026-07-05 14:40:45,251 | [SIFT-DBT] | INFO | candidates.f_swin_sift_dbt.model_trainers.stage2_trainer | S2-Ep [006/500] T-Acc:  96.0%  V-Acc:  50.0%  V-AUROC: 0.8056  LR: 1.00e-04
2026-07-05 14:41:07,375 | [SIFT-DBT] | INFO | candidates.f_swin_sift_dbt.model_trainers.stage2_trainer | S2-Ep [007/500] T-Acc:  96.0%  V-Acc:  50.0%  V-AUROC: 0.8056  LR: 1.00e-04
2026-07-05 14:41:29,517 | [SIFT-DBT] | INFO | candidates.f_swin_sift_dbt.model_trainers.stage2_trainer | S2-Ep [008/500] T-Acc:  96.0%  V-Acc:  50.0%  V-AUROC: 0.8056  LR: 1.00e-04
2026-07-05 14:41:51,702 | [SIFT-DBT] | INFO | candidates.f_swin_sift_dbt.model_trainers.stage2_trainer | S2-Ep [009/500] T-Acc:  96.0%  V-Acc:  50.0%  V-AUROC: 0.8056  LR: 1.00e-04
2026-07-05 14:42:13,845 | [SIFT-DBT] | INFO | candidates.f_swin_sift_dbt.model_trainers.stage2_trainer | S2-Ep [010/500] T-Acc:  96.0%  V-Acc:  50.0%  V-AUROC: 0.8056  LR: 1.00e-04
2026-07-05 14:42:35,980 | [SIFT-DBT] | INFO | candidates.f_swin_sift_dbt.model_trainers.stage2_trainer | S2-Ep [011/500] T-Acc:  96.0%  V-Acc:  50.0%  V-AUROC: 0.8056  LR: 1.00e-04
2026-07-05 14:42:58,115 | [SIFT-DBT] | INFO | candidates.f_swin_sift_dbt.model_trainers.stage2_trainer | S2-Ep [012/500] T-Acc:  96.0%  V-Acc:  50.0%  V-AUROC: 0.8056  LR: 1.00e-04
2026-07-05 14:43:20,251 | [SIFT-DBT] | INFO | candidates.f_swin_sift_dbt.model_trainers.stage2_trainer | S2-Ep [013/500] T-Acc:  96.0%  V-Acc:  50.0%  V-AUROC: 0.8056  LR: 1.00e-04
2026-07-05 14:43:42,478 | [SIFT-DBT] | INFO | candidates.f_swin_sift_dbt.model_trainers.stage2_trainer | S2-Ep [014/500] T-Acc:  96.0%  V-Acc:  50.0%  V-AUROC: 0.8056  LR: 1.00e-04
2026-07-05 14:44:04,622 | [SIFT-DBT] | INFO | candidates.f_swin_sift_dbt.model_trainers.stage2_trainer | S2-Ep [015/500] T-Acc:  96.0%  V-Acc:  50.0%  V-AUROC: 0.8056  LR: 1.00e-04
2026-07-05 14:44:26,852 | [SIFT-DBT] | INFO | candidates.f_swin_sift_dbt.model_trainers.stage2_trainer | S2-Ep [016/500] T-Acc:  96.0%  V-Acc:  50.0%  V-AUROC: 0.8056  LR: 1.00e-04
2026-07-05 14:44:48,974 | [SIFT-DBT] | INFO | candidates.f_swin_sift_dbt.model_trainers.stage2_trainer | S2-Ep [017/500] T-Acc:  96.0%  V-Acc:  50.0%  V-AUROC: 0.8056  LR: 1.00e-04
2026-07-05 14:45:11,103 | [SIFT-DBT] | INFO | candidates.f_swin_sift_dbt.model_trainers.stage2_trainer | S2-Ep [018/500] T-Acc:  96.0%  V-Acc:  50.0%  V-AUROC: 0.8056  LR: 2.00e-05
2026-07-05 14:45:33,224 | [SIFT-DBT] | INFO | candidates.f_swin_sift_dbt.model_trainers.stage2_trainer | S2-Ep [019/500] T-Acc:  96.0%  V-Acc:  50.0%  V-AUROC: 0.8056  LR: 2.00e-05
2026-07-05 14:45:55,339 | [SIFT-DBT] | INFO | candidates.f_swin_sift_dbt.model_trainers.stage2_trainer | S2-Ep [020/500] T-Acc:  96.0%  V-Acc:  50.0%  V-AUROC: 0.8056  LR: 2.00e-05
2026-07-05 14:46:17,513 | [SIFT-DBT] | INFO | candidates.f_swin_sift_dbt.model_trainers.stage2_trainer | S2-Ep [021/500] T-Acc: 100.0%  V-Acc:  50.0%  V-AUROC: 0.8056  LR: 2.00e-05
2026-07-05 14:46:39,681 | [SIFT-DBT] | INFO | candidates.f_swin_sift_dbt.model_trainers.stage2_trainer | S2-Ep [022/500] T-Acc:  96.0%  V-Acc:  50.0%  V-AUROC: 0.8056  LR: 2.00e-05
2026-07-05 14:47:01,829 | [SIFT-DBT] | INFO | candidates.f_swin_sift_dbt.model_trainers.stage2_trainer | S2-Ep [023/500] T-Acc: 100.0%  V-Acc:  50.0%  V-AUROC: 0.8056  LR: 2.00e-05
2026-07-05 14:47:23,951 | [SIFT-DBT] | INFO | candidates.f_swin_sift_dbt.model_trainers.stage2_trainer | S2-Ep [024/500] T-Acc:  96.0%  V-Acc:  50.0%  V-AUROC: 0.8056  LR: 2.00e-05
2026-07-05 14:47:46,068 | [SIFT-DBT] | INFO | candidates.f_swin_sift_dbt.model_trainers.stage2_trainer | S2-Ep [025/500] T-Acc:  96.0%  V-Acc:  50.0%  V-AUROC: 0.8056  LR: 2.00e-05
2026-07-05 14:48:08,201 | [SIFT-DBT] | INFO | candidates.f_swin_sift_dbt.model_trainers.stage2_trainer | S2-Ep [026/500] T-Acc: 100.0%  V-Acc:  50.0%  V-AUROC: 0.8056  LR: 2.00e-05
2026-07-05 14:48:30,400 | [SIFT-DBT] | INFO | candidates.f_swin_sift_dbt.model_trainers.stage2_trainer | S2-Ep [027/500] T-Acc:  96.0%  V-Acc:  50.0%  V-AUROC: 0.8056  LR: 2.00e-05
2026-07-05 14:48:52,569 | [SIFT-DBT] | INFO | candidates.f_swin_sift_dbt.model_trainers.stage2_trainer | S2-Ep [028/500] T-Acc: 100.0%  V-Acc:  50.0%  V-AUROC: 0.8056  LR: 2.00e-05
2026-07-05 14:49:14,718 | [SIFT-DBT] | INFO | candidates.f_swin_sift_dbt.model_trainers.stage2_trainer | S2-Ep [029/500] T-Acc:  96.0%  V-Acc:  50.0%  V-AUROC: 0.8056  LR: 4.00e-06
2026-07-05 14:49:36,851 | [SIFT-DBT] | INFO | candidates.f_swin_sift_dbt.model_trainers.stage2_trainer | S2-Ep [030/500] T-Acc:  96.0%  V-Acc:  50.0%  V-AUROC: 0.8056  LR: 4.00e-06
2026-07-05 14:49:59,015 | [SIFT-DBT] | INFO | candidates.f_swin_sift_dbt.model_trainers.stage2_trainer | S2-Ep [031/500] T-Acc:  96.0%  V-Acc:  50.0%  V-AUROC: 0.8056  LR: 4.00e-06
2026-07-05 14:50:21,139 | [SIFT-DBT] | INFO | candidates.f_swin_sift_dbt.model_trainers.stage2_trainer | S2-Ep [032/500] T-Acc:  96.0%  V-Acc:  50.0%  V-AUROC: 0.8056  LR: 4.00e-06
2026-07-05 14:50:43,284 | [SIFT-DBT] | INFO | candidates.f_swin_sift_dbt.model_trainers.stage2_trainer | S2-Ep [033/500] T-Acc: 100.0%  V-Acc:  50.0%  V-AUROC: 0.8056  LR: 4.00e-06
2026-07-05 14:51:05,410 | [SIFT-DBT] | INFO | candidates.f_swin_sift_dbt.model_trainers.stage2_trainer | S2-Ep [034/500] T-Acc: 100.0%  V-Acc:  50.0%  V-AUROC: 0.8056  LR: 4.00e-06
2026-07-05 14:51:27,614 | [SIFT-DBT] | INFO | candidates.f_swin_sift_dbt.model_trainers.stage2_trainer | S2-Ep [035/500] T-Acc: 100.0%  V-Acc:  50.0%  V-AUROC: 0.8056  LR: 4.00e-06
2026-07-05 14:51:27,615 | [SIFT-DBT] | INFO | candidates.f_swin_sift_dbt.model_trainers.stage2_trainer | Stage 2 early stop — best AUROC 0.8056 at epoch 5
2026-07-05 14:51:27,785 | [SIFT-DBT] | INFO | candidates.f_swin_sift_dbt.model_trainers.stage2_trainer | Restored best-AUROC Stage 2 state (epoch 5, AUROC 0.8056)
2026-07-05 14:51:27,786 | [SIFT-DBT] | INFO | candidates.f_swin_sift_dbt.model_trainers.stage2_trainer | Stage 2 done. Best val AUROC: 0.8056 (epoch 5)
2026-07-05 14:51:43,855 | [SIFT-DBT] | INFO | candidates.f_swin_sift_dbt.hybrid_trainer | -> Fold 17 Result | Acc=0.500  Sens=1.000  Spec=0.000  AUROC=0.806  (S1 val-loss=0.6729)
2026-07-05 14:51:43,855 | [SIFT-DBT] | INFO | candidates.f_swin_sift_dbt.hybrid_trainer | ============================================================
2026-07-05 14:51:43,856 | [SIFT-DBT] | INFO | candidates.f_swin_sift_dbt.hybrid_trainer | === Fold 18/30 | train: 25 subj | test: 12 subj ===
2026-07-05 14:51:43,858 | [SIFT-DBT] | INFO | candidates.f_swin_sift_dbt.hybrid_trainer | Stage 1 fold 18 — flat windows: train 5737 (subj=22)  val 824 (subj=3)
2026-07-05 14:51:44,446 | [SIFT-DBT] | INFO | httpx | HTTP Request: HEAD https://huggingface.co/microsoft/swin-tiny-patch4-window7-224/resolve/main/config.json "HTTP/1.1 307 Temporary Redirect"
2026-07-05 14:51:44,463 | [SIFT-DBT] | INFO | httpx | HTTP Request: HEAD https://huggingface.co/api/resolve-cache/models/microsoft/swin-tiny-patch4-window7-224/d00d478bfaf1f417d34a1186673ad4b4be264c51/config.json "HTTP/1.1 200 OK"
2026-07-05 14:51:44,746 | [SIFT-DBT] | INFO | httpx | HTTP Request: HEAD https://huggingface.co/microsoft/swin-tiny-patch4-window7-224/resolve/main/model.safetensors "HTTP/1.1 302 Found"
2026-07-05 14:51:45,298 | [SIFT-DBT] | INFO | candidates.f_swin_sift_dbt.model_trainers.stage1_trainer | Stage 1 CE weights — HC: 0.904  MCI: 1.119
2026-07-05 14:52:29,707 | [SIFT-DBT] | INFO | candidates.f_swin_sift_dbt.model_trainers.stage1_trainer | S1-Ep [001/50] T-Loss: 0.6772  T-Acc:  58.3%  V-Loss: 0.7127  V-Acc:  50.4%  LR: 1.00e-05
2026-07-05 14:53:14,146 | [SIFT-DBT] | INFO | candidates.f_swin_sift_dbt.model_trainers.stage1_trainer | S1-Ep [002/50] T-Loss: 0.6518  T-Acc:  61.7%  V-Loss: 0.8321  V-Acc:  44.5%  LR: 2.00e-05
2026-07-05 14:53:58,413 | [SIFT-DBT] | INFO | candidates.f_swin_sift_dbt.model_trainers.stage1_trainer | S1-Ep [003/50] T-Loss: 0.6379  T-Acc:  63.8%  V-Loss: 0.8959  V-Acc:  49.8%  LR: 3.00e-05
2026-07-05 14:54:42,632 | [SIFT-DBT] | INFO | candidates.f_swin_sift_dbt.model_trainers.stage1_trainer | S1-Ep [004/50] T-Loss: 0.6198  T-Acc:  65.9%  V-Loss: 0.7971  V-Acc:  45.8%  LR: 4.00e-05
2026-07-05 14:55:26,821 | [SIFT-DBT] | INFO | candidates.f_swin_sift_dbt.model_trainers.stage1_trainer | S1-Ep [005/50] T-Loss: 0.5960  T-Acc:  67.4%  V-Loss: 0.8305  V-Acc:  45.6%  LR: 5.00e-05
2026-07-05 14:56:11,032 | [SIFT-DBT] | INFO | candidates.f_swin_sift_dbt.model_trainers.stage1_trainer | S1-Ep [006/50] T-Loss: 0.5365  T-Acc:  73.6%  V-Loss: 0.9207  V-Acc:  46.8%  LR: 5.00e-05
2026-07-05 14:56:55,241 | [SIFT-DBT] | INFO | candidates.f_swin_sift_dbt.model_trainers.stage1_trainer | S1-Ep [007/50] T-Loss: 0.4290  T-Acc:  80.7%  V-Loss: 0.8755  V-Acc:  54.4%  LR: 5.00e-05
2026-07-05 14:57:39,457 | [SIFT-DBT] | INFO | candidates.f_swin_sift_dbt.model_trainers.stage1_trainer | S1-Ep [008/50] T-Loss: 0.3169  T-Acc:  86.7%  V-Loss: 1.1114  V-Acc:  51.9%  LR: 5.00e-05
2026-07-05 14:58:23,649 | [SIFT-DBT] | INFO | candidates.f_swin_sift_dbt.model_trainers.stage1_trainer | S1-Ep [009/50] T-Loss: 0.2368  T-Acc:  90.3%  V-Loss: 1.7992  V-Acc:  47.3%  LR: 5.00e-05
2026-07-05 14:59:07,862 | [SIFT-DBT] | INFO | candidates.f_swin_sift_dbt.model_trainers.stage1_trainer | S1-Ep [010/50] T-Loss: 0.1607  T-Acc:  93.6%  V-Loss: 2.0909  V-Acc:  50.8%  LR: 5.00e-05
2026-07-05 14:59:52,036 | [SIFT-DBT] | INFO | candidates.f_swin_sift_dbt.model_trainers.stage1_trainer | S1-Ep [011/50] T-Loss: 0.1479  T-Acc:  94.4%  V-Loss: 1.8869  V-Acc:  48.2%  LR: 5.00e-05
2026-07-05 14:59:52,037 | [SIFT-DBT] | INFO | candidates.f_swin_sift_dbt.model_trainers.stage1_trainer | Stage 1 early stop — best val loss 0.7127 at epoch 1
2026-07-05 14:59:52,037 | [SIFT-DBT] | INFO | candidates.f_swin_sift_dbt.model_trainers.stage1_trainer | Stage 1 done. Best val loss: 0.7127 (epoch 1)
2026-07-05 14:59:52,117 | [SIFT-DBT] | INFO | candidates.f_swin_sift_dbt.hybrid_trainer | Stage 2 fold 18 — bundles: train 25 (subj=25)  test 12 (subj=12)
2026-07-05 14:59:52,375 | [SIFT-DBT] | INFO | httpx | HTTP Request: HEAD https://huggingface.co/microsoft/swin-tiny-patch4-window7-224/resolve/main/config.json "HTTP/1.1 307 Temporary Redirect"
2026-07-05 14:59:52,391 | [SIFT-DBT] | INFO | httpx | HTTP Request: HEAD https://huggingface.co/api/resolve-cache/models/microsoft/swin-tiny-patch4-window7-224/d00d478bfaf1f417d34a1186673ad4b4be264c51/config.json "HTTP/1.1 200 OK"
2026-07-05 14:59:52,667 | [SIFT-DBT] | INFO | httpx | HTTP Request: HEAD https://huggingface.co/microsoft/swin-tiny-patch4-window7-224/resolve/main/model.safetensors "HTTP/1.1 302 Found"
2026-07-05 14:59:53,207 | [SIFT-DBT] | INFO | candidates.f_swin_sift_dbt.model_trainers.stage2_trainer | Stage 2 trainable params: 0.074 M  |  frozen: 27.519 M
2026-07-05 14:59:53,207 | [SIFT-DBT] | INFO | candidates.f_swin_sift_dbt.model_trainers.stage2_trainer | Stage 2 CE weights — HC: 0.962  MCI: 1.042
2026-07-05 15:00:15,869 | [SIFT-DBT] | INFO | candidates.f_swin_sift_dbt.model_trainers.stage2_trainer | S2-Ep [001/500] T-Acc:  48.0%  V-Acc:  91.7%  V-AUROC: 0.1818  LR: 2.00e-05
2026-07-05 15:00:38,218 | [SIFT-DBT] | INFO | candidates.f_swin_sift_dbt.model_trainers.stage2_trainer | S2-Ep [002/500] T-Acc:  48.0%  V-Acc:  91.7%  V-AUROC: 0.6364  LR: 4.00e-05
2026-07-05 15:01:02,934 | [SIFT-DBT] | INFO | candidates.f_swin_sift_dbt.model_trainers.stage2_trainer | S2-Ep [003/500] T-Acc:  48.0%  V-Acc:  91.7%  V-AUROC: 0.8182  LR: 6.00e-05
2026-07-05 15:01:27,291 | [SIFT-DBT] | INFO | candidates.f_swin_sift_dbt.model_trainers.stage2_trainer | S2-Ep [004/500] T-Acc:  92.0%  V-Acc:  91.7%  V-AUROC: 0.8182  LR: 8.00e-05
2026-07-05 15:01:49,422 | [SIFT-DBT] | INFO | candidates.f_swin_sift_dbt.model_trainers.stage2_trainer | S2-Ep [005/500] T-Acc:  92.0%  V-Acc:  91.7%  V-AUROC: 0.8182  LR: 1.00e-04
2026-07-05 15:02:11,588 | [SIFT-DBT] | INFO | candidates.f_swin_sift_dbt.model_trainers.stage2_trainer | S2-Ep [006/500] T-Acc:  92.0%  V-Acc:  83.3%  V-AUROC: 0.8182  LR: 1.00e-04
2026-07-05 15:02:33,746 | [SIFT-DBT] | INFO | candidates.f_swin_sift_dbt.model_trainers.stage2_trainer | S2-Ep [007/500] T-Acc:  92.0%  V-Acc:  83.3%  V-AUROC: 0.8182  LR: 1.00e-04
2026-07-05 15:02:55,858 | [SIFT-DBT] | INFO | candidates.f_swin_sift_dbt.model_trainers.stage2_trainer | S2-Ep [008/500] T-Acc:  88.0%  V-Acc:  83.3%  V-AUROC: 0.8182  LR: 1.00e-04
2026-07-05 15:03:17,999 | [SIFT-DBT] | INFO | candidates.f_swin_sift_dbt.model_trainers.stage2_trainer | S2-Ep [009/500] T-Acc:  92.0%  V-Acc:  75.0%  V-AUROC: 0.8182  LR: 1.00e-04
2026-07-05 15:03:40,132 | [SIFT-DBT] | INFO | candidates.f_swin_sift_dbt.model_trainers.stage2_trainer | S2-Ep [010/500] T-Acc:  88.0%  V-Acc:  75.0%  V-AUROC: 0.8182  LR: 1.00e-04
2026-07-05 15:04:02,335 | [SIFT-DBT] | INFO | candidates.f_swin_sift_dbt.model_trainers.stage2_trainer | S2-Ep [011/500] T-Acc:  92.0%  V-Acc:  75.0%  V-AUROC: 0.8182  LR: 1.00e-04
2026-07-05 15:04:24,449 | [SIFT-DBT] | INFO | candidates.f_swin_sift_dbt.model_trainers.stage2_trainer | S2-Ep [012/500] T-Acc:  92.0%  V-Acc:  75.0%  V-AUROC: 0.8182  LR: 1.00e-04
2026-07-05 15:04:46,574 | [SIFT-DBT] | INFO | candidates.f_swin_sift_dbt.model_trainers.stage2_trainer | S2-Ep [013/500] T-Acc:  92.0%  V-Acc:  83.3%  V-AUROC: 0.8182  LR: 1.00e-04
2026-07-05 15:05:08,685 | [SIFT-DBT] | INFO | candidates.f_swin_sift_dbt.model_trainers.stage2_trainer | S2-Ep [014/500] T-Acc:  92.0%  V-Acc:  83.3%  V-AUROC: 0.8182  LR: 1.00e-04
2026-07-05 15:05:30,860 | [SIFT-DBT] | INFO | candidates.f_swin_sift_dbt.model_trainers.stage2_trainer | S2-Ep [015/500] T-Acc:  92.0%  V-Acc:  83.3%  V-AUROC: 0.8182  LR: 1.00e-04
2026-07-05 15:05:52,975 | [SIFT-DBT] | INFO | candidates.f_swin_sift_dbt.model_trainers.stage2_trainer | S2-Ep [016/500] T-Acc:  92.0%  V-Acc:  83.3%  V-AUROC: 0.8182  LR: 1.00e-04
2026-07-05 15:06:15,130 | [SIFT-DBT] | INFO | candidates.f_swin_sift_dbt.model_trainers.stage2_trainer | S2-Ep [017/500] T-Acc:  92.0%  V-Acc:  75.0%  V-AUROC: 0.8182  LR: 1.00e-04
2026-07-05 15:06:37,271 | [SIFT-DBT] | INFO | candidates.f_swin_sift_dbt.model_trainers.stage2_trainer | S2-Ep [018/500] T-Acc:  96.0%  V-Acc:  75.0%  V-AUROC: 0.8182  LR: 2.00e-05
2026-07-05 15:06:59,429 | [SIFT-DBT] | INFO | candidates.f_swin_sift_dbt.model_trainers.stage2_trainer | S2-Ep [019/500] T-Acc:  96.0%  V-Acc:  75.0%  V-AUROC: 0.8182  LR: 2.00e-05
2026-07-05 15:07:21,547 | [SIFT-DBT] | INFO | candidates.f_swin_sift_dbt.model_trainers.stage2_trainer | S2-Ep [020/500] T-Acc:  96.0%  V-Acc:  75.0%  V-AUROC: 0.8182  LR: 2.00e-05
2026-07-05 15:07:43,658 | [SIFT-DBT] | INFO | candidates.f_swin_sift_dbt.model_trainers.stage2_trainer | S2-Ep [021/500] T-Acc:  96.0%  V-Acc:  75.0%  V-AUROC: 0.8182  LR: 2.00e-05
2026-07-05 15:08:05,782 | [SIFT-DBT] | INFO | candidates.f_swin_sift_dbt.model_trainers.stage2_trainer | S2-Ep [022/500] T-Acc:  96.0%  V-Acc:  75.0%  V-AUROC: 0.8182  LR: 2.00e-05
2026-07-05 15:08:27,930 | [SIFT-DBT] | INFO | candidates.f_swin_sift_dbt.model_trainers.stage2_trainer | S2-Ep [023/500] T-Acc:  96.0%  V-Acc:  75.0%  V-AUROC: 0.8182  LR: 2.00e-05
2026-07-05 15:08:50,059 | [SIFT-DBT] | INFO | candidates.f_swin_sift_dbt.model_trainers.stage2_trainer | S2-Ep [024/500] T-Acc:  96.0%  V-Acc:  75.0%  V-AUROC: 0.8182  LR: 2.00e-05
2026-07-05 15:09:12,275 | [SIFT-DBT] | INFO | candidates.f_swin_sift_dbt.model_trainers.stage2_trainer | S2-Ep [025/500] T-Acc:  96.0%  V-Acc:  75.0%  V-AUROC: 0.8182  LR: 2.00e-05
2026-07-05 15:09:34,406 | [SIFT-DBT] | INFO | candidates.f_swin_sift_dbt.model_trainers.stage2_trainer | S2-Ep [026/500] T-Acc:  96.0%  V-Acc:  75.0%  V-AUROC: 0.8182  LR: 2.00e-05
2026-07-05 15:09:56,531 | [SIFT-DBT] | INFO | candidates.f_swin_sift_dbt.model_trainers.stage2_trainer | S2-Ep [027/500] T-Acc:  96.0%  V-Acc:  75.0%  V-AUROC: 0.8182  LR: 2.00e-05
2026-07-05 15:10:18,682 | [SIFT-DBT] | INFO | candidates.f_swin_sift_dbt.model_trainers.stage2_trainer | S2-Ep [028/500] T-Acc:  96.0%  V-Acc:  75.0%  V-AUROC: 0.8182  LR: 2.00e-05
2026-07-05 15:10:40,810 | [SIFT-DBT] | INFO | candidates.f_swin_sift_dbt.model_trainers.stage2_trainer | S2-Ep [029/500] T-Acc:  96.0%  V-Acc:  75.0%  V-AUROC: 0.8182  LR: 4.00e-06
2026-07-05 15:11:02,931 | [SIFT-DBT] | INFO | candidates.f_swin_sift_dbt.model_trainers.stage2_trainer | S2-Ep [030/500] T-Acc:  96.0%  V-Acc:  75.0%  V-AUROC: 0.8182  LR: 4.00e-06
2026-07-05 15:11:25,047 | [SIFT-DBT] | INFO | candidates.f_swin_sift_dbt.model_trainers.stage2_trainer | S2-Ep [031/500] T-Acc:  96.0%  V-Acc:  75.0%  V-AUROC: 0.8182  LR: 4.00e-06
2026-07-05 15:11:47,238 | [SIFT-DBT] | INFO | candidates.f_swin_sift_dbt.model_trainers.stage2_trainer | S2-Ep [032/500] T-Acc:  96.0%  V-Acc:  75.0%  V-AUROC: 0.8182  LR: 4.00e-06
2026-07-05 15:12:09,407 | [SIFT-DBT] | INFO | candidates.f_swin_sift_dbt.model_trainers.stage2_trainer | S2-Ep [033/500] T-Acc:  96.0%  V-Acc:  75.0%  V-AUROC: 0.8182  LR: 4.00e-06
2026-07-05 15:12:09,407 | [SIFT-DBT] | INFO | candidates.f_swin_sift_dbt.model_trainers.stage2_trainer | Stage 2 early stop — best AUROC 0.8182 at epoch 3
2026-07-05 15:12:09,574 | [SIFT-DBT] | INFO | candidates.f_swin_sift_dbt.model_trainers.stage2_trainer | Restored best-AUROC Stage 2 state (epoch 3, AUROC 0.8182)
2026-07-05 15:12:09,574 | [SIFT-DBT] | INFO | candidates.f_swin_sift_dbt.model_trainers.stage2_trainer | Stage 2 done. Best val AUROC: 0.8182 (epoch 3)
2026-07-05 15:12:24,052 | [SIFT-DBT] | INFO | candidates.f_swin_sift_dbt.hybrid_trainer | -> Fold 18 Result | Acc=0.917  Sens=1.000  Spec=0.000  AUROC=0.818  (S1 val-loss=0.7127)
2026-07-05 15:12:24,053 | [SIFT-DBT] | INFO | candidates.f_swin_sift_dbt.hybrid_trainer | ============================================================
2026-07-05 15:12:24,053 | [SIFT-DBT] | INFO | candidates.f_swin_sift_dbt.hybrid_trainer | === Fold 19/30 | train: 25 subj | test: 12 subj ===
2026-07-05 15:12:24,055 | [SIFT-DBT] | INFO | candidates.f_swin_sift_dbt.hybrid_trainer | Stage 1 fold 19 — flat windows: train 5546 (subj=22)  val 834 (subj=3)
2026-07-05 15:12:24,341 | [SIFT-DBT] | INFO | httpx | HTTP Request: HEAD https://huggingface.co/microsoft/swin-tiny-patch4-window7-224/resolve/main/config.json "HTTP/1.1 307 Temporary Redirect"
2026-07-05 15:12:24,358 | [SIFT-DBT] | INFO | httpx | HTTP Request: HEAD https://huggingface.co/api/resolve-cache/models/microsoft/swin-tiny-patch4-window7-224/d00d478bfaf1f417d34a1186673ad4b4be264c51/config.json "HTTP/1.1 200 OK"
2026-07-05 15:12:24,642 | [SIFT-DBT] | INFO | httpx | HTTP Request: HEAD https://huggingface.co/microsoft/swin-tiny-patch4-window7-224/resolve/main/model.safetensors "HTTP/1.1 302 Found"
2026-07-05 15:12:25,229 | [SIFT-DBT] | INFO | candidates.f_swin_sift_dbt.model_trainers.stage1_trainer | Stage 1 CE weights — HC: 1.225  MCI: 0.845
2026-07-05 15:13:08,285 | [SIFT-DBT] | INFO | candidates.f_swin_sift_dbt.model_trainers.stage1_trainer | S1-Ep [001/50] T-Loss: 0.6710  T-Acc:  58.7%  V-Loss: 0.7606  V-Acc:  44.2%  LR: 1.00e-05
2026-07-05 15:13:51,430 | [SIFT-DBT] | INFO | candidates.f_swin_sift_dbt.model_trainers.stage1_trainer | S1-Ep [002/50] T-Loss: 0.6416  T-Acc:  63.5%  V-Loss: 0.6971  V-Acc:  53.8%  LR: 2.00e-05
2026-07-05 15:14:35,102 | [SIFT-DBT] | INFO | candidates.f_swin_sift_dbt.model_trainers.stage1_trainer | S1-Ep [003/50] T-Loss: 0.6272  T-Acc:  65.0%  V-Loss: 0.9496  V-Acc:  37.6%  LR: 3.00e-05
2026-07-05 15:15:17,984 | [SIFT-DBT] | INFO | candidates.f_swin_sift_dbt.model_trainers.stage1_trainer | S1-Ep [004/50] T-Loss: 0.6034  T-Acc:  67.9%  V-Loss: 0.8885  V-Acc:  40.6%  LR: 4.00e-05
2026-07-05 15:16:00,841 | [SIFT-DBT] | INFO | candidates.f_swin_sift_dbt.model_trainers.stage1_trainer | S1-Ep [005/50] T-Loss: 0.5711  T-Acc:  70.1%  V-Loss: 0.8277  V-Acc:  48.1%  LR: 5.00e-05
2026-07-05 15:16:43,690 | [SIFT-DBT] | INFO | candidates.f_swin_sift_dbt.model_trainers.stage1_trainer | S1-Ep [006/50] T-Loss: 0.5104  T-Acc:  75.1%  V-Loss: 0.7290  V-Acc:  56.1%  LR: 5.00e-05
2026-07-05 15:17:26,581 | [SIFT-DBT] | INFO | candidates.f_swin_sift_dbt.model_trainers.stage1_trainer | S1-Ep [007/50] T-Loss: 0.4190  T-Acc:  80.1%  V-Loss: 1.2831  V-Acc:  39.1%  LR: 5.00e-05
2026-07-05 15:18:09,422 | [SIFT-DBT] | INFO | candidates.f_swin_sift_dbt.model_trainers.stage1_trainer | S1-Ep [008/50] T-Loss: 0.2899  T-Acc:  87.7%  V-Loss: 1.8883  V-Acc:  40.6%  LR: 5.00e-05
2026-07-05 15:18:52,304 | [SIFT-DBT] | INFO | candidates.f_swin_sift_dbt.model_trainers.stage1_trainer | S1-Ep [009/50] T-Loss: 0.2092  T-Acc:  91.7%  V-Loss: 2.9852  V-Acc:  36.3%  LR: 5.00e-05
2026-07-05 15:19:35,213 | [SIFT-DBT] | INFO | candidates.f_swin_sift_dbt.model_trainers.stage1_trainer | S1-Ep [010/50] T-Loss: 0.1591  T-Acc:  94.0%  V-Loss: 2.2005  V-Acc:  47.2%  LR: 5.00e-05
2026-07-05 15:20:18,047 | [SIFT-DBT] | INFO | candidates.f_swin_sift_dbt.model_trainers.stage1_trainer | S1-Ep [011/50] T-Loss: 0.1509  T-Acc:  94.2%  V-Loss: 2.2342  V-Acc:  48.2%  LR: 5.00e-05
2026-07-05 15:21:00,889 | [SIFT-DBT] | INFO | candidates.f_swin_sift_dbt.model_trainers.stage1_trainer | S1-Ep [012/50] T-Loss: 0.1269  T-Acc:  95.3%  V-Loss: 2.8129  V-Acc:  44.2%  LR: 5.00e-05
2026-07-05 15:21:00,889 | [SIFT-DBT] | INFO | candidates.f_swin_sift_dbt.model_trainers.stage1_trainer | Stage 1 early stop — best val loss 0.6971 at epoch 2
2026-07-05 15:21:00,890 | [SIFT-DBT] | INFO | candidates.f_swin_sift_dbt.model_trainers.stage1_trainer | Stage 1 done. Best val loss: 0.6971 (epoch 2)
2026-07-05 15:21:00,966 | [SIFT-DBT] | INFO | candidates.f_swin_sift_dbt.hybrid_trainer | Stage 2 fold 19 — bundles: train 25 (subj=25)  test 12 (subj=12)
2026-07-05 15:21:01,229 | [SIFT-DBT] | INFO | httpx | HTTP Request: HEAD https://huggingface.co/microsoft/swin-tiny-patch4-window7-224/resolve/main/config.json "HTTP/1.1 307 Temporary Redirect"
2026-07-05 15:21:01,245 | [SIFT-DBT] | INFO | httpx | HTTP Request: HEAD https://huggingface.co/api/resolve-cache/models/microsoft/swin-tiny-patch4-window7-224/d00d478bfaf1f417d34a1186673ad4b4be264c51/config.json "HTTP/1.1 200 OK"
2026-07-05 15:21:01,523 | [SIFT-DBT] | INFO | httpx | HTTP Request: HEAD https://huggingface.co/microsoft/swin-tiny-patch4-window7-224/resolve/main/model.safetensors "HTTP/1.1 302 Found"
2026-07-05 15:21:02,062 | [SIFT-DBT] | INFO | candidates.f_swin_sift_dbt.model_trainers.stage2_trainer | Stage 2 trainable params: 0.074 M  |  frozen: 27.519 M
2026-07-05 15:21:02,063 | [SIFT-DBT] | INFO | candidates.f_swin_sift_dbt.model_trainers.stage2_trainer | Stage 2 CE weights — HC: 1.250  MCI: 0.833
2026-07-05 15:21:24,782 | [SIFT-DBT] | INFO | candidates.f_swin_sift_dbt.model_trainers.stage2_trainer | S2-Ep [001/500] T-Acc:  92.0%  V-Acc:  66.7%  V-AUROC: 0.8750  LR: 2.00e-05
2026-07-05 15:21:47,608 | [SIFT-DBT] | INFO | candidates.f_swin_sift_dbt.model_trainers.stage2_trainer | S2-Ep [002/500] T-Acc:  92.0%  V-Acc:  66.7%  V-AUROC: 0.8750  LR: 4.00e-05
2026-07-05 15:22:09,752 | [SIFT-DBT] | INFO | candidates.f_swin_sift_dbt.model_trainers.stage2_trainer | S2-Ep [003/500] T-Acc:  92.0%  V-Acc:  75.0%  V-AUROC: 0.8438  LR: 6.00e-05
2026-07-05 15:22:31,995 | [SIFT-DBT] | INFO | candidates.f_swin_sift_dbt.model_trainers.stage2_trainer | S2-Ep [004/500] T-Acc:  92.0%  V-Acc:  75.0%  V-AUROC: 0.8438  LR: 8.00e-05
2026-07-05 15:22:54,176 | [SIFT-DBT] | INFO | candidates.f_swin_sift_dbt.model_trainers.stage2_trainer | S2-Ep [005/500] T-Acc:  92.0%  V-Acc:  75.0%  V-AUROC: 0.8438  LR: 1.00e-04
2026-07-05 15:23:16,326 | [SIFT-DBT] | INFO | candidates.f_swin_sift_dbt.model_trainers.stage2_trainer | S2-Ep [006/500] T-Acc:  92.0%  V-Acc:  75.0%  V-AUROC: 0.8438  LR: 1.00e-04
2026-07-05 15:23:38,499 | [SIFT-DBT] | INFO | candidates.f_swin_sift_dbt.model_trainers.stage2_trainer | S2-Ep [007/500] T-Acc:  92.0%  V-Acc:  75.0%  V-AUROC: 0.8438  LR: 1.00e-04
2026-07-05 15:24:00,739 | [SIFT-DBT] | INFO | candidates.f_swin_sift_dbt.model_trainers.stage2_trainer | S2-Ep [008/500] T-Acc:  92.0%  V-Acc:  75.0%  V-AUROC: 0.8438  LR: 1.00e-04
2026-07-05 15:24:22,945 | [SIFT-DBT] | INFO | candidates.f_swin_sift_dbt.model_trainers.stage2_trainer | S2-Ep [009/500] T-Acc:  92.0%  V-Acc:  75.0%  V-AUROC: 0.8438  LR: 1.00e-04
2026-07-05 15:24:45,126 | [SIFT-DBT] | INFO | candidates.f_swin_sift_dbt.model_trainers.stage2_trainer | S2-Ep [010/500] T-Acc:  92.0%  V-Acc:  66.7%  V-AUROC: 0.8438  LR: 1.00e-04
2026-07-05 15:25:07,278 | [SIFT-DBT] | INFO | candidates.f_swin_sift_dbt.model_trainers.stage2_trainer | S2-Ep [011/500] T-Acc:  92.0%  V-Acc:  66.7%  V-AUROC: 0.8438  LR: 1.00e-04
2026-07-05 15:25:29,415 | [SIFT-DBT] | INFO | candidates.f_swin_sift_dbt.model_trainers.stage2_trainer | S2-Ep [012/500] T-Acc:  92.0%  V-Acc:  66.7%  V-AUROC: 0.8438  LR: 1.00e-04
2026-07-05 15:25:51,564 | [SIFT-DBT] | INFO | candidates.f_swin_sift_dbt.model_trainers.stage2_trainer | S2-Ep [013/500] T-Acc:  92.0%  V-Acc:  83.3%  V-AUROC: 0.8125  LR: 1.00e-04
2026-07-05 15:26:13,716 | [SIFT-DBT] | INFO | candidates.f_swin_sift_dbt.model_trainers.stage2_trainer | S2-Ep [014/500] T-Acc:  92.0%  V-Acc:  83.3%  V-AUROC: 0.8125  LR: 1.00e-04
2026-07-05 15:26:35,880 | [SIFT-DBT] | INFO | candidates.f_swin_sift_dbt.model_trainers.stage2_trainer | S2-Ep [015/500] T-Acc:  92.0%  V-Acc:  75.0%  V-AUROC: 0.7812  LR: 1.00e-04
2026-07-05 15:26:58,363 | [SIFT-DBT] | INFO | candidates.f_swin_sift_dbt.model_trainers.stage2_trainer | S2-Ep [016/500] T-Acc:  92.0%  V-Acc:  66.7%  V-AUROC: 0.7812  LR: 1.00e-04
2026-07-05 15:27:20,520 | [SIFT-DBT] | INFO | candidates.f_swin_sift_dbt.model_trainers.stage2_trainer | S2-Ep [017/500] T-Acc:  92.0%  V-Acc:  50.0%  V-AUROC: 0.7812  LR: 1.00e-04
2026-07-05 15:27:42,681 | [SIFT-DBT] | INFO | candidates.f_swin_sift_dbt.model_trainers.stage2_trainer | S2-Ep [018/500] T-Acc:  96.0%  V-Acc:  50.0%  V-AUROC: 0.7812  LR: 2.00e-05
2026-07-05 15:28:04,870 | [SIFT-DBT] | INFO | candidates.f_swin_sift_dbt.model_trainers.stage2_trainer | S2-Ep [019/500] T-Acc:  96.0%  V-Acc:  50.0%  V-AUROC: 0.7812  LR: 2.00e-05
2026-07-05 15:28:27,056 | [SIFT-DBT] | INFO | candidates.f_swin_sift_dbt.model_trainers.stage2_trainer | S2-Ep [020/500] T-Acc:  92.0%  V-Acc:  58.3%  V-AUROC: 0.7812  LR: 2.00e-05
2026-07-05 15:28:49,489 | [SIFT-DBT] | INFO | candidates.f_swin_sift_dbt.model_trainers.stage2_trainer | S2-Ep [021/500] T-Acc:  96.0%  V-Acc:  58.3%  V-AUROC: 0.7812  LR: 2.00e-05
2026-07-05 15:29:11,688 | [SIFT-DBT] | INFO | candidates.f_swin_sift_dbt.model_trainers.stage2_trainer | S2-Ep [022/500] T-Acc:  96.0%  V-Acc:  58.3%  V-AUROC: 0.7812  LR: 2.00e-05
2026-07-05 15:29:33,841 | [SIFT-DBT] | INFO | candidates.f_swin_sift_dbt.model_trainers.stage2_trainer | S2-Ep [023/500] T-Acc:  96.0%  V-Acc:  58.3%  V-AUROC: 0.7812  LR: 2.00e-05
2026-07-05 15:29:55,986 | [SIFT-DBT] | INFO | candidates.f_swin_sift_dbt.model_trainers.stage2_trainer | S2-Ep [024/500] T-Acc:  96.0%  V-Acc:  58.3%  V-AUROC: 0.7812  LR: 2.00e-05
2026-07-05 15:30:18,143 | [SIFT-DBT] | INFO | candidates.f_swin_sift_dbt.model_trainers.stage2_trainer | S2-Ep [025/500] T-Acc:  96.0%  V-Acc:  58.3%  V-AUROC: 0.7812  LR: 2.00e-05
2026-07-05 15:30:40,293 | [SIFT-DBT] | INFO | candidates.f_swin_sift_dbt.model_trainers.stage2_trainer | S2-Ep [026/500] T-Acc:  96.0%  V-Acc:  58.3%  V-AUROC: 0.7812  LR: 2.00e-05
2026-07-05 15:31:02,430 | [SIFT-DBT] | INFO | candidates.f_swin_sift_dbt.model_trainers.stage2_trainer | S2-Ep [027/500] T-Acc: 100.0%  V-Acc:  58.3%  V-AUROC: 0.7812  LR: 2.00e-05
2026-07-05 15:31:24,584 | [SIFT-DBT] | INFO | candidates.f_swin_sift_dbt.model_trainers.stage2_trainer | S2-Ep [028/500] T-Acc: 100.0%  V-Acc:  50.0%  V-AUROC: 0.7812  LR: 2.00e-05
2026-07-05 15:31:46,741 | [SIFT-DBT] | INFO | candidates.f_swin_sift_dbt.model_trainers.stage2_trainer | S2-Ep [029/500] T-Acc:  96.0%  V-Acc:  50.0%  V-AUROC: 0.7812  LR: 4.00e-06
2026-07-05 15:32:08,893 | [SIFT-DBT] | INFO | candidates.f_swin_sift_dbt.model_trainers.stage2_trainer | S2-Ep [030/500] T-Acc: 100.0%  V-Acc:  50.0%  V-AUROC: 0.7812  LR: 4.00e-06
2026-07-05 15:32:31,039 | [SIFT-DBT] | INFO | candidates.f_swin_sift_dbt.model_trainers.stage2_trainer | S2-Ep [031/500] T-Acc:  96.0%  V-Acc:  50.0%  V-AUROC: 0.7812  LR: 4.00e-06
2026-07-05 15:32:31,039 | [SIFT-DBT] | INFO | candidates.f_swin_sift_dbt.model_trainers.stage2_trainer | Stage 2 early stop — best AUROC 0.8750 at epoch 1
2026-07-05 15:32:31,192 | [SIFT-DBT] | INFO | candidates.f_swin_sift_dbt.model_trainers.stage2_trainer | Restored best-AUROC Stage 2 state (epoch 1, AUROC 0.8750)
2026-07-05 15:32:31,193 | [SIFT-DBT] | INFO | candidates.f_swin_sift_dbt.model_trainers.stage2_trainer | Stage 2 done. Best val AUROC: 0.8750 (epoch 1)
2026-07-05 15:32:46,251 | [SIFT-DBT] | INFO | candidates.f_swin_sift_dbt.hybrid_trainer | -> Fold 19 Result | Acc=0.667  Sens=1.000  Spec=0.000  AUROC=0.875  (S1 val-loss=0.6971)
2026-07-05 15:32:46,252 | [SIFT-DBT] | INFO | candidates.f_swin_sift_dbt.hybrid_trainer | ============================================================
2026-07-05 15:32:46,252 | [SIFT-DBT] | INFO | candidates.f_swin_sift_dbt.hybrid_trainer | === Fold 20/30 | train: 25 subj | test: 12 subj ===
2026-07-05 15:32:46,255 | [SIFT-DBT] | INFO | candidates.f_swin_sift_dbt.hybrid_trainer | Stage 1 fold 20 — flat windows: train 5637 (subj=22)  val 820 (subj=3)
2026-07-05 15:32:46,525 | [SIFT-DBT] | INFO | httpx | HTTP Request: HEAD https://huggingface.co/microsoft/swin-tiny-patch4-window7-224/resolve/main/config.json "HTTP/1.1 307 Temporary Redirect"
2026-07-05 15:32:46,541 | [SIFT-DBT] | INFO | httpx | HTTP Request: HEAD https://huggingface.co/api/resolve-cache/models/microsoft/swin-tiny-patch4-window7-224/d00d478bfaf1f417d34a1186673ad4b4be264c51/config.json "HTTP/1.1 200 OK"
2026-07-05 15:32:46,803 | [SIFT-DBT] | INFO | httpx | HTTP Request: HEAD https://huggingface.co/microsoft/swin-tiny-patch4-window7-224/resolve/main/model.safetensors "HTTP/1.1 302 Found"
2026-07-05 15:32:47,301 | [SIFT-DBT] | INFO | candidates.f_swin_sift_dbt.model_trainers.stage1_trainer | Stage 1 CE weights — HC: 1.107  MCI: 0.912
2026-07-05 15:33:30,991 | [SIFT-DBT] | INFO | candidates.f_swin_sift_dbt.model_trainers.stage1_trainer | S1-Ep [001/50] T-Loss: 0.6828  T-Acc:  55.8%  V-Loss: 0.6578  V-Acc:  61.5%  LR: 1.00e-05
2026-07-05 15:34:14,808 | [SIFT-DBT] | INFO | candidates.f_swin_sift_dbt.model_trainers.stage1_trainer | S1-Ep [002/50] T-Loss: 0.6583  T-Acc:  61.1%  V-Loss: 0.6659  V-Acc:  61.7%  LR: 2.00e-05
2026-07-05 15:34:58,292 | [SIFT-DBT] | INFO | candidates.f_swin_sift_dbt.model_trainers.stage1_trainer | S1-Ep [003/50] T-Loss: 0.6447  T-Acc:  62.9%  V-Loss: 0.6953  V-Acc:  55.6%  LR: 3.00e-05
2026-07-05 15:35:41,806 | [SIFT-DBT] | INFO | candidates.f_swin_sift_dbt.model_trainers.stage1_trainer | S1-Ep [004/50] T-Loss: 0.6270  T-Acc:  65.6%  V-Loss: 0.7161  V-Acc:  60.5%  LR: 4.00e-05
2026-07-05 15:36:25,339 | [SIFT-DBT] | INFO | candidates.f_swin_sift_dbt.model_trainers.stage1_trainer | S1-Ep [005/50] T-Loss: 0.5786  T-Acc:  69.8%  V-Loss: 1.0949  V-Acc:  40.7%  LR: 5.00e-05
2026-07-05 15:37:08,890 | [SIFT-DBT] | INFO | candidates.f_swin_sift_dbt.model_trainers.stage1_trainer | S1-Ep [006/50] T-Loss: 0.5185  T-Acc:  74.3%  V-Loss: 0.7899  V-Acc:  53.9%  LR: 5.00e-05
2026-07-05 15:37:52,397 | [SIFT-DBT] | INFO | candidates.f_swin_sift_dbt.model_trainers.stage1_trainer | S1-Ep [007/50] T-Loss: 0.4125  T-Acc:  81.1%  V-Loss: 1.0194  V-Acc:  54.0%  LR: 5.00e-05
2026-07-05 15:38:35,900 | [SIFT-DBT] | INFO | candidates.f_swin_sift_dbt.model_trainers.stage1_trainer | S1-Ep [008/50] T-Loss: 0.2909  T-Acc:  88.0%  V-Loss: 1.1680  V-Acc:  55.1%  LR: 5.00e-05
2026-07-05 15:39:19,424 | [SIFT-DBT] | INFO | candidates.f_swin_sift_dbt.model_trainers.stage1_trainer | S1-Ep [009/50] T-Loss: 0.2015  T-Acc:  91.7%  V-Loss: 1.8075  V-Acc:  52.0%  LR: 5.00e-05
2026-07-05 15:40:02,978 | [SIFT-DBT] | INFO | candidates.f_swin_sift_dbt.model_trainers.stage1_trainer | S1-Ep [010/50] T-Loss: 0.1551  T-Acc:  94.1%  V-Loss: 2.7945  V-Acc:  40.2%  LR: 5.00e-05
2026-07-05 15:40:46,475 | [SIFT-DBT] | INFO | candidates.f_swin_sift_dbt.model_trainers.stage1_trainer | S1-Ep [011/50] T-Loss: 0.1357  T-Acc:  94.9%  V-Loss: 2.7096  V-Acc:  45.2%  LR: 5.00e-05
2026-07-05 15:40:46,476 | [SIFT-DBT] | INFO | candidates.f_swin_sift_dbt.model_trainers.stage1_trainer | Stage 1 early stop — best val loss 0.6578 at epoch 1
2026-07-05 15:40:46,476 | [SIFT-DBT] | INFO | candidates.f_swin_sift_dbt.model_trainers.stage1_trainer | Stage 1 done. Best val loss: 0.6578 (epoch 1)
2026-07-05 15:40:46,557 | [SIFT-DBT] | INFO | candidates.f_swin_sift_dbt.hybrid_trainer | Stage 2 fold 20 — bundles: train 25 (subj=25)  test 12 (subj=12)
2026-07-05 15:40:46,849 | [SIFT-DBT] | INFO | httpx | HTTP Request: HEAD https://huggingface.co/microsoft/swin-tiny-patch4-window7-224/resolve/main/config.json "HTTP/1.1 307 Temporary Redirect"
2026-07-05 15:40:46,868 | [SIFT-DBT] | INFO | httpx | HTTP Request: HEAD https://huggingface.co/api/resolve-cache/models/microsoft/swin-tiny-patch4-window7-224/d00d478bfaf1f417d34a1186673ad4b4be264c51/config.json "HTTP/1.1 200 OK"
2026-07-05 15:40:47,147 | [SIFT-DBT] | INFO | httpx | HTTP Request: HEAD https://huggingface.co/microsoft/swin-tiny-patch4-window7-224/resolve/main/model.safetensors "HTTP/1.1 302 Found"
2026-07-05 15:40:47,912 | [SIFT-DBT] | INFO | candidates.f_swin_sift_dbt.model_trainers.stage2_trainer | Stage 2 trainable params: 0.074 M  |  frozen: 27.519 M
2026-07-05 15:40:47,914 | [SIFT-DBT] | INFO | candidates.f_swin_sift_dbt.model_trainers.stage2_trainer | Stage 2 CE weights — HC: 1.136  MCI: 0.893
2026-07-05 15:41:10,904 | [SIFT-DBT] | INFO | candidates.f_swin_sift_dbt.model_trainers.stage2_trainer | S2-Ep [001/500] T-Acc:  56.0%  V-Acc:  25.0%  V-AUROC: 0.8519  LR: 2.00e-05
2026-07-05 15:41:33,543 | [SIFT-DBT] | INFO | candidates.f_swin_sift_dbt.model_trainers.stage2_trainer | S2-Ep [002/500] T-Acc:  64.0%  V-Acc:  25.0%  V-AUROC: 0.8148  LR: 4.00e-05
2026-07-05 15:41:55,959 | [SIFT-DBT] | INFO | candidates.f_swin_sift_dbt.model_trainers.stage2_trainer | S2-Ep [003/500] T-Acc:  96.0%  V-Acc:  25.0%  V-AUROC: 0.8519  LR: 6.00e-05
2026-07-05 15:42:18,090 | [SIFT-DBT] | INFO | candidates.f_swin_sift_dbt.model_trainers.stage2_trainer | S2-Ep [004/500] T-Acc:  96.0%  V-Acc:  33.3%  V-AUROC: 0.8148  LR: 8.00e-05
2026-07-05 15:42:40,258 | [SIFT-DBT] | INFO | candidates.f_swin_sift_dbt.model_trainers.stage2_trainer | S2-Ep [005/500] T-Acc:  96.0%  V-Acc:  66.7%  V-AUROC: 0.7778  LR: 1.00e-04
2026-07-05 15:43:02,370 | [SIFT-DBT] | INFO | candidates.f_swin_sift_dbt.model_trainers.stage2_trainer | S2-Ep [006/500] T-Acc:  92.0%  V-Acc:  75.0%  V-AUROC: 0.7778  LR: 1.00e-04
2026-07-05 15:43:24,530 | [SIFT-DBT] | INFO | candidates.f_swin_sift_dbt.model_trainers.stage2_trainer | S2-Ep [007/500] T-Acc:  96.0%  V-Acc:  75.0%  V-AUROC: 0.8148  LR: 1.00e-04
2026-07-05 15:43:46,673 | [SIFT-DBT] | INFO | candidates.f_swin_sift_dbt.model_trainers.stage2_trainer | S2-Ep [008/500] T-Acc:  96.0%  V-Acc:  66.7%  V-AUROC: 0.8148  LR: 1.00e-04
2026-07-05 15:44:08,834 | [SIFT-DBT] | INFO | candidates.f_swin_sift_dbt.model_trainers.stage2_trainer | S2-Ep [009/500] T-Acc:  92.0%  V-Acc:  66.7%  V-AUROC: 0.8148  LR: 1.00e-04
2026-07-05 15:44:31,060 | [SIFT-DBT] | INFO | candidates.f_swin_sift_dbt.model_trainers.stage2_trainer | S2-Ep [010/500] T-Acc:  92.0%  V-Acc:  66.7%  V-AUROC: 0.7778  LR: 1.00e-04
2026-07-05 15:44:53,238 | [SIFT-DBT] | INFO | candidates.f_swin_sift_dbt.model_trainers.stage2_trainer | S2-Ep [011/500] T-Acc:  92.0%  V-Acc:  66.7%  V-AUROC: 0.7407  LR: 1.00e-04
2026-07-05 15:45:15,362 | [SIFT-DBT] | INFO | candidates.f_swin_sift_dbt.model_trainers.stage2_trainer | S2-Ep [012/500] T-Acc:  92.0%  V-Acc:  66.7%  V-AUROC: 0.6667  LR: 1.00e-04
2026-07-05 15:45:37,483 | [SIFT-DBT] | INFO | candidates.f_swin_sift_dbt.model_trainers.stage2_trainer | S2-Ep [013/500] T-Acc:  92.0%  V-Acc:  75.0%  V-AUROC: 0.6667  LR: 1.00e-04
2026-07-05 15:45:59,600 | [SIFT-DBT] | INFO | candidates.f_swin_sift_dbt.model_trainers.stage2_trainer | S2-Ep [014/500] T-Acc:  92.0%  V-Acc:  75.0%  V-AUROC: 0.6667  LR: 1.00e-04
2026-07-05 15:46:22,000 | [SIFT-DBT] | INFO | candidates.f_swin_sift_dbt.model_trainers.stage2_trainer | S2-Ep [015/500] T-Acc:  92.0%  V-Acc:  66.7%  V-AUROC: 0.7037  LR: 1.00e-04
2026-07-05 15:46:44,122 | [SIFT-DBT] | INFO | candidates.f_swin_sift_dbt.model_trainers.stage2_trainer | S2-Ep [016/500] T-Acc:  92.0%  V-Acc:  66.7%  V-AUROC: 0.7037  LR: 1.00e-04
2026-07-05 15:47:06,288 | [SIFT-DBT] | INFO | candidates.f_swin_sift_dbt.model_trainers.stage2_trainer | S2-Ep [017/500] T-Acc:  96.0%  V-Acc:  58.3%  V-AUROC: 0.6667  LR: 1.00e-04
2026-07-05 15:47:28,409 | [SIFT-DBT] | INFO | candidates.f_swin_sift_dbt.model_trainers.stage2_trainer | S2-Ep [018/500] T-Acc:  96.0%  V-Acc:  58.3%  V-AUROC: 0.6667  LR: 1.00e-04
2026-07-05 15:47:50,564 | [SIFT-DBT] | INFO | candidates.f_swin_sift_dbt.model_trainers.stage2_trainer | S2-Ep [019/500] T-Acc:  96.0%  V-Acc:  58.3%  V-AUROC: 0.6667  LR: 2.00e-05
2026-07-05 15:48:12,684 | [SIFT-DBT] | INFO | candidates.f_swin_sift_dbt.model_trainers.stage2_trainer | S2-Ep [020/500] T-Acc:  96.0%  V-Acc:  58.3%  V-AUROC: 0.6667  LR: 2.00e-05
2026-07-05 15:48:34,814 | [SIFT-DBT] | INFO | candidates.f_swin_sift_dbt.model_trainers.stage2_trainer | S2-Ep [021/500] T-Acc:  96.0%  V-Acc:  58.3%  V-AUROC: 0.6667  LR: 2.00e-05
2026-07-05 15:48:56,943 | [SIFT-DBT] | INFO | candidates.f_swin_sift_dbt.model_trainers.stage2_trainer | S2-Ep [022/500] T-Acc:  96.0%  V-Acc:  58.3%  V-AUROC: 0.6667  LR: 2.00e-05
2026-07-05 15:49:19,193 | [SIFT-DBT] | INFO | candidates.f_swin_sift_dbt.model_trainers.stage2_trainer | S2-Ep [023/500] T-Acc:  96.0%  V-Acc:  50.0%  V-AUROC: 0.6667  LR: 2.00e-05
2026-07-05 15:49:41,671 | [SIFT-DBT] | INFO | candidates.f_swin_sift_dbt.model_trainers.stage2_trainer | S2-Ep [024/500] T-Acc:  96.0%  V-Acc:  50.0%  V-AUROC: 0.6667  LR: 2.00e-05
2026-07-05 15:50:03,785 | [SIFT-DBT] | INFO | candidates.f_swin_sift_dbt.model_trainers.stage2_trainer | S2-Ep [025/500] T-Acc:  96.0%  V-Acc:  58.3%  V-AUROC: 0.6667  LR: 2.00e-05
2026-07-05 15:50:25,901 | [SIFT-DBT] | INFO | candidates.f_swin_sift_dbt.model_trainers.stage2_trainer | S2-Ep [026/500] T-Acc:  92.0%  V-Acc:  58.3%  V-AUROC: 0.6667  LR: 2.00e-05
2026-07-05 15:50:48,071 | [SIFT-DBT] | INFO | candidates.f_swin_sift_dbt.model_trainers.stage2_trainer | S2-Ep [027/500] T-Acc:  96.0%  V-Acc:  58.3%  V-AUROC: 0.6667  LR: 2.00e-05
2026-07-05 15:51:10,209 | [SIFT-DBT] | INFO | candidates.f_swin_sift_dbt.model_trainers.stage2_trainer | S2-Ep [028/500] T-Acc:  96.0%  V-Acc:  58.3%  V-AUROC: 0.6667  LR: 2.00e-05
2026-07-05 15:51:32,358 | [SIFT-DBT] | INFO | candidates.f_swin_sift_dbt.model_trainers.stage2_trainer | S2-Ep [029/500] T-Acc:  96.0%  V-Acc:  58.3%  V-AUROC: 0.6667  LR: 2.00e-05
2026-07-05 15:51:54,516 | [SIFT-DBT] | INFO | candidates.f_swin_sift_dbt.model_trainers.stage2_trainer | S2-Ep [030/500] T-Acc:  96.0%  V-Acc:  58.3%  V-AUROC: 0.6667  LR: 4.00e-06
2026-07-05 15:52:16,668 | [SIFT-DBT] | INFO | candidates.f_swin_sift_dbt.model_trainers.stage2_trainer | S2-Ep [031/500] T-Acc:  96.0%  V-Acc:  58.3%  V-AUROC: 0.6667  LR: 4.00e-06
2026-07-05 15:52:16,668 | [SIFT-DBT] | INFO | candidates.f_swin_sift_dbt.model_trainers.stage2_trainer | Stage 2 early stop — best AUROC 0.8519 at epoch 1
2026-07-05 15:52:16,840 | [SIFT-DBT] | INFO | candidates.f_swin_sift_dbt.model_trainers.stage2_trainer | Restored best-AUROC Stage 2 state (epoch 1, AUROC 0.8519)
2026-07-05 15:52:16,841 | [SIFT-DBT] | INFO | candidates.f_swin_sift_dbt.model_trainers.stage2_trainer | Stage 2 done. Best val AUROC: 0.8519 (epoch 1)
2026-07-05 15:52:31,649 | [SIFT-DBT] | INFO | candidates.f_swin_sift_dbt.hybrid_trainer | -> Fold 20 Result | Acc=0.250  Sens=0.000  Spec=1.000  AUROC=0.852  (S1 val-loss=0.6578)
2026-07-05 15:52:31,649 | [SIFT-DBT] | INFO | candidates.f_swin_sift_dbt.hybrid_trainer | ============================================================
2026-07-05 15:52:31,650 | [SIFT-DBT] | INFO | candidates.f_swin_sift_dbt.hybrid_trainer | === Fold 21/30 | train: 25 subj | test: 12 subj ===
2026-07-05 15:52:31,652 | [SIFT-DBT] | INFO | candidates.f_swin_sift_dbt.hybrid_trainer | Stage 1 fold 21 — flat windows: train 5541 (subj=22)  val 767 (subj=3)
2026-07-05 15:52:32,128 | [SIFT-DBT] | INFO | httpx | HTTP Request: HEAD https://huggingface.co/microsoft/swin-tiny-patch4-window7-224/resolve/main/config.json "HTTP/1.1 307 Temporary Redirect"
2026-07-05 15:52:32,146 | [SIFT-DBT] | INFO | httpx | HTTP Request: HEAD https://huggingface.co/api/resolve-cache/models/microsoft/swin-tiny-patch4-window7-224/d00d478bfaf1f417d34a1186673ad4b4be264c51/config.json "HTTP/1.1 200 OK"
2026-07-05 15:52:32,434 | [SIFT-DBT] | INFO | httpx | HTTP Request: HEAD https://huggingface.co/microsoft/swin-tiny-patch4-window7-224/resolve/main/model.safetensors "HTTP/1.1 302 Found"
2026-07-05 15:52:32,985 | [SIFT-DBT] | INFO | candidates.f_swin_sift_dbt.model_trainers.stage1_trainer | Stage 1 CE weights — HC: 1.362  MCI: 0.790
2026-07-05 15:53:15,851 | [SIFT-DBT] | INFO | candidates.f_swin_sift_dbt.model_trainers.stage1_trainer | S1-Ep [001/50] T-Loss: 0.6766  T-Acc:  56.9%  V-Loss: 0.6890  V-Acc:  58.5%  LR: 1.00e-05
2026-07-05 15:53:58,769 | [SIFT-DBT] | INFO | candidates.f_swin_sift_dbt.model_trainers.stage1_trainer | S1-Ep [002/50] T-Loss: 0.6609  T-Acc:  61.1%  V-Loss: 0.7948  V-Acc:  46.2%  LR: 2.00e-05
2026-07-05 15:54:41,496 | [SIFT-DBT] | INFO | candidates.f_swin_sift_dbt.model_trainers.stage1_trainer | S1-Ep [003/50] T-Loss: 0.6502  T-Acc:  61.9%  V-Loss: 0.7114  V-Acc:  52.4%  LR: 3.00e-05
2026-07-05 15:55:24,179 | [SIFT-DBT] | INFO | candidates.f_swin_sift_dbt.model_trainers.stage1_trainer | S1-Ep [004/50] T-Loss: 0.6187  T-Acc:  65.8%  V-Loss: 0.7232  V-Acc:  53.1%  LR: 4.00e-05
2026-07-05 15:56:06,834 | [SIFT-DBT] | INFO | candidates.f_swin_sift_dbt.model_trainers.stage1_trainer | S1-Ep [005/50] T-Loss: 0.5954  T-Acc:  68.4%  V-Loss: 0.8904  V-Acc:  49.3%  LR: 5.00e-05
2026-07-05 15:56:49,497 | [SIFT-DBT] | INFO | candidates.f_swin_sift_dbt.model_trainers.stage1_trainer | S1-Ep [006/50] T-Loss: 0.5406  T-Acc:  73.4%  V-Loss: 1.0064  V-Acc:  49.3%  LR: 5.00e-05
2026-07-05 15:57:32,173 | [SIFT-DBT] | INFO | candidates.f_swin_sift_dbt.model_trainers.stage1_trainer | S1-Ep [007/50] T-Loss: 0.4167  T-Acc:  81.6%  V-Loss: 1.1071  V-Acc:  48.2%  LR: 5.00e-05
2026-07-05 15:58:14,829 | [SIFT-DBT] | INFO | candidates.f_swin_sift_dbt.model_trainers.stage1_trainer | S1-Ep [008/50] T-Loss: 0.2893  T-Acc:  88.3%  V-Loss: 1.5539  V-Acc:  49.4%  LR: 5.00e-05
2026-07-05 15:58:57,503 | [SIFT-DBT] | INFO | candidates.f_swin_sift_dbt.model_trainers.stage1_trainer | S1-Ep [009/50] T-Loss: 0.2434  T-Acc:  90.4%  V-Loss: 1.4704  V-Acc:  50.1%  LR: 5.00e-05
2026-07-05 15:59:40,184 | [SIFT-DBT] | INFO | candidates.f_swin_sift_dbt.model_trainers.stage1_trainer | S1-Ep [010/50] T-Loss: 0.1626  T-Acc:  94.2%  V-Loss: 1.9908  V-Acc:  48.5%  LR: 5.00e-05
2026-07-05 16:00:22,868 | [SIFT-DBT] | INFO | candidates.f_swin_sift_dbt.model_trainers.stage1_trainer | S1-Ep [011/50] T-Loss: 0.1451  T-Acc:  94.8%  V-Loss: 2.6505  V-Acc:  49.5%  LR: 5.00e-05
2026-07-05 16:00:22,868 | [SIFT-DBT] | INFO | candidates.f_swin_sift_dbt.model_trainers.stage1_trainer | Stage 1 early stop — best val loss 0.6890 at epoch 1
2026-07-05 16:00:22,868 | [SIFT-DBT] | INFO | candidates.f_swin_sift_dbt.model_trainers.stage1_trainer | Stage 1 done. Best val loss: 0.6890 (epoch 1)
2026-07-05 16:00:22,951 | [SIFT-DBT] | INFO | candidates.f_swin_sift_dbt.hybrid_trainer | Stage 2 fold 21 — bundles: train 25 (subj=25)  test 12 (subj=12)
2026-07-05 16:00:23,216 | [SIFT-DBT] | INFO | httpx | HTTP Request: HEAD https://huggingface.co/microsoft/swin-tiny-patch4-window7-224/resolve/main/config.json "HTTP/1.1 307 Temporary Redirect"
2026-07-05 16:00:23,232 | [SIFT-DBT] | INFO | httpx | HTTP Request: HEAD https://huggingface.co/api/resolve-cache/models/microsoft/swin-tiny-patch4-window7-224/d00d478bfaf1f417d34a1186673ad4b4be264c51/config.json "HTTP/1.1 200 OK"
2026-07-05 16:00:23,498 | [SIFT-DBT] | INFO | httpx | HTTP Request: HEAD https://huggingface.co/microsoft/swin-tiny-patch4-window7-224/resolve/main/model.safetensors "HTTP/1.1 302 Found"
2026-07-05 16:00:24,037 | [SIFT-DBT] | INFO | candidates.f_swin_sift_dbt.model_trainers.stage2_trainer | Stage 2 trainable params: 0.074 M  |  frozen: 27.519 M
2026-07-05 16:00:24,038 | [SIFT-DBT] | INFO | candidates.f_swin_sift_dbt.model_trainers.stage2_trainer | Stage 2 CE weights — HC: 1.562  MCI: 0.735
2026-07-05 16:00:46,606 | [SIFT-DBT] | INFO | candidates.f_swin_sift_dbt.model_trainers.stage2_trainer | S2-Ep [001/500] T-Acc:  96.0%  V-Acc:  50.0%  V-AUROC: 0.6944  LR: 2.00e-05
2026-07-05 16:01:09,043 | [SIFT-DBT] | INFO | candidates.f_swin_sift_dbt.model_trainers.stage2_trainer | S2-Ep [002/500] T-Acc:  96.0%  V-Acc:  50.0%  V-AUROC: 0.6944  LR: 4.00e-05
2026-07-05 16:01:31,398 | [SIFT-DBT] | INFO | candidates.f_swin_sift_dbt.model_trainers.stage2_trainer | S2-Ep [003/500] T-Acc:  96.0%  V-Acc:  50.0%  V-AUROC: 0.6944  LR: 6.00e-05
2026-07-05 16:01:53,497 | [SIFT-DBT] | INFO | candidates.f_swin_sift_dbt.model_trainers.stage2_trainer | S2-Ep [004/500] T-Acc:  96.0%  V-Acc:  50.0%  V-AUROC: 0.7222  LR: 8.00e-05
2026-07-05 16:02:16,815 | [SIFT-DBT] | INFO | candidates.f_swin_sift_dbt.model_trainers.stage2_trainer | S2-Ep [005/500] T-Acc:  96.0%  V-Acc:  50.0%  V-AUROC: 0.7222  LR: 1.00e-04
2026-07-05 16:02:38,940 | [SIFT-DBT] | INFO | candidates.f_swin_sift_dbt.model_trainers.stage2_trainer | S2-Ep [006/500] T-Acc:  96.0%  V-Acc:  50.0%  V-AUROC: 0.7222  LR: 1.00e-04
2026-07-05 16:03:01,034 | [SIFT-DBT] | INFO | candidates.f_swin_sift_dbt.model_trainers.stage2_trainer | S2-Ep [007/500] T-Acc:  96.0%  V-Acc:  50.0%  V-AUROC: 0.7222  LR: 1.00e-04
2026-07-05 16:03:23,398 | [SIFT-DBT] | INFO | candidates.f_swin_sift_dbt.model_trainers.stage2_trainer | S2-Ep [008/500] T-Acc:  96.0%  V-Acc:  50.0%  V-AUROC: 0.7222  LR: 1.00e-04
2026-07-05 16:03:45,473 | [SIFT-DBT] | INFO | candidates.f_swin_sift_dbt.model_trainers.stage2_trainer | S2-Ep [009/500] T-Acc:  96.0%  V-Acc:  50.0%  V-AUROC: 0.7222  LR: 1.00e-04
2026-07-05 16:04:07,590 | [SIFT-DBT] | INFO | candidates.f_swin_sift_dbt.model_trainers.stage2_trainer | S2-Ep [010/500] T-Acc:  96.0%  V-Acc:  50.0%  V-AUROC: 0.7222  LR: 1.00e-04
2026-07-05 16:04:29,779 | [SIFT-DBT] | INFO | candidates.f_swin_sift_dbt.model_trainers.stage2_trainer | S2-Ep [011/500] T-Acc:  96.0%  V-Acc:  50.0%  V-AUROC: 0.7222  LR: 1.00e-04
2026-07-05 16:04:51,869 | [SIFT-DBT] | INFO | candidates.f_swin_sift_dbt.model_trainers.stage2_trainer | S2-Ep [012/500] T-Acc:  96.0%  V-Acc:  50.0%  V-AUROC: 0.7222  LR: 1.00e-04
2026-07-05 16:05:13,973 | [SIFT-DBT] | INFO | candidates.f_swin_sift_dbt.model_trainers.stage2_trainer | S2-Ep [013/500] T-Acc:  96.0%  V-Acc:  50.0%  V-AUROC: 0.7222  LR: 1.00e-04
2026-07-05 16:05:36,090 | [SIFT-DBT] | INFO | candidates.f_swin_sift_dbt.model_trainers.stage2_trainer | S2-Ep [014/500] T-Acc:  96.0%  V-Acc:  50.0%  V-AUROC: 0.7222  LR: 1.00e-04
2026-07-05 16:05:58,179 | [SIFT-DBT] | INFO | candidates.f_swin_sift_dbt.model_trainers.stage2_trainer | S2-Ep [015/500] T-Acc:  96.0%  V-Acc:  50.0%  V-AUROC: 0.7222  LR: 1.00e-04
2026-07-05 16:06:20,269 | [SIFT-DBT] | INFO | candidates.f_swin_sift_dbt.model_trainers.stage2_trainer | S2-Ep [016/500] T-Acc:  96.0%  V-Acc:  50.0%  V-AUROC: 0.7222  LR: 1.00e-04
2026-07-05 16:06:42,382 | [SIFT-DBT] | INFO | candidates.f_swin_sift_dbt.model_trainers.stage2_trainer | S2-Ep [017/500] T-Acc:  96.0%  V-Acc:  41.7%  V-AUROC: 0.7500  LR: 1.00e-04
2026-07-05 16:07:06,196 | [SIFT-DBT] | INFO | candidates.f_swin_sift_dbt.model_trainers.stage2_trainer | S2-Ep [018/500] T-Acc:  92.0%  V-Acc:  41.7%  V-AUROC: 0.7500  LR: 1.00e-04
2026-07-05 16:07:28,282 | [SIFT-DBT] | INFO | candidates.f_swin_sift_dbt.model_trainers.stage2_trainer | S2-Ep [019/500] T-Acc:  92.0%  V-Acc:  41.7%  V-AUROC: 0.7500  LR: 1.00e-04
2026-07-05 16:07:50,434 | [SIFT-DBT] | INFO | candidates.f_swin_sift_dbt.model_trainers.stage2_trainer | S2-Ep [020/500] T-Acc:  92.0%  V-Acc:  41.7%  V-AUROC: 0.7500  LR: 1.00e-04
2026-07-05 16:08:12,534 | [SIFT-DBT] | INFO | candidates.f_swin_sift_dbt.model_trainers.stage2_trainer | S2-Ep [021/500] T-Acc:  92.0%  V-Acc:  41.7%  V-AUROC: 0.8056  LR: 1.00e-04
2026-07-05 16:08:35,788 | [SIFT-DBT] | INFO | candidates.f_swin_sift_dbt.model_trainers.stage2_trainer | S2-Ep [022/500] T-Acc:  96.0%  V-Acc:  41.7%  V-AUROC: 0.8056  LR: 1.00e-04
2026-07-05 16:08:57,873 | [SIFT-DBT] | INFO | candidates.f_swin_sift_dbt.model_trainers.stage2_trainer | S2-Ep [023/500] T-Acc:  96.0%  V-Acc:  41.7%  V-AUROC: 0.8333  LR: 1.00e-04
2026-07-05 16:09:21,193 | [SIFT-DBT] | INFO | candidates.f_swin_sift_dbt.model_trainers.stage2_trainer | S2-Ep [024/500] T-Acc:  96.0%  V-Acc:  41.7%  V-AUROC: 0.8333  LR: 1.00e-04
2026-07-05 16:09:43,342 | [SIFT-DBT] | INFO | candidates.f_swin_sift_dbt.model_trainers.stage2_trainer | S2-Ep [025/500] T-Acc:  92.0%  V-Acc:  41.7%  V-AUROC: 0.8333  LR: 1.00e-04
2026-07-05 16:10:05,457 | [SIFT-DBT] | INFO | candidates.f_swin_sift_dbt.model_trainers.stage2_trainer | S2-Ep [026/500] T-Acc:  92.0%  V-Acc:  41.7%  V-AUROC: 0.8333  LR: 1.00e-04
2026-07-05 16:10:27,582 | [SIFT-DBT] | INFO | candidates.f_swin_sift_dbt.model_trainers.stage2_trainer | S2-Ep [027/500] T-Acc:  92.0%  V-Acc:  41.7%  V-AUROC: 0.8333  LR: 1.00e-04
2026-07-05 16:10:49,673 | [SIFT-DBT] | INFO | candidates.f_swin_sift_dbt.model_trainers.stage2_trainer | S2-Ep [028/500] T-Acc:  92.0%  V-Acc:  50.0%  V-AUROC: 0.8333  LR: 1.00e-04
2026-07-05 16:11:11,785 | [SIFT-DBT] | INFO | candidates.f_swin_sift_dbt.model_trainers.stage2_trainer | S2-Ep [029/500] T-Acc:  92.0%  V-Acc:  50.0%  V-AUROC: 0.8333  LR: 1.00e-04
2026-07-05 16:11:33,953 | [SIFT-DBT] | INFO | candidates.f_swin_sift_dbt.model_trainers.stage2_trainer | S2-Ep [030/500] T-Acc:  96.0%  V-Acc:  50.0%  V-AUROC: 0.8333  LR: 1.00e-04
2026-07-05 16:11:56,065 | [SIFT-DBT] | INFO | candidates.f_swin_sift_dbt.model_trainers.stage2_trainer | S2-Ep [031/500] T-Acc:  96.0%  V-Acc:  50.0%  V-AUROC: 0.8333  LR: 1.00e-04
2026-07-05 16:12:18,181 | [SIFT-DBT] | INFO | candidates.f_swin_sift_dbt.model_trainers.stage2_trainer | S2-Ep [032/500] T-Acc:  92.0%  V-Acc:  50.0%  V-AUROC: 0.8333  LR: 1.00e-04
2026-07-05 16:12:40,294 | [SIFT-DBT] | INFO | candidates.f_swin_sift_dbt.model_trainers.stage2_trainer | S2-Ep [033/500] T-Acc:  96.0%  V-Acc:  50.0%  V-AUROC: 0.8333  LR: 1.00e-04
2026-07-05 16:13:02,385 | [SIFT-DBT] | INFO | candidates.f_swin_sift_dbt.model_trainers.stage2_trainer | S2-Ep [034/500] T-Acc:  92.0%  V-Acc:  50.0%  V-AUROC: 0.8333  LR: 1.00e-04
2026-07-05 16:13:24,464 | [SIFT-DBT] | INFO | candidates.f_swin_sift_dbt.model_trainers.stage2_trainer | S2-Ep [035/500] T-Acc:  92.0%  V-Acc:  50.0%  V-AUROC: 0.8333  LR: 2.00e-05
2026-07-05 16:13:46,560 | [SIFT-DBT] | INFO | candidates.f_swin_sift_dbt.model_trainers.stage2_trainer | S2-Ep [036/500] T-Acc:  96.0%  V-Acc:  50.0%  V-AUROC: 0.8333  LR: 2.00e-05
2026-07-05 16:14:08,647 | [SIFT-DBT] | INFO | candidates.f_swin_sift_dbt.model_trainers.stage2_trainer | S2-Ep [037/500] T-Acc:  92.0%  V-Acc:  50.0%  V-AUROC: 0.8333  LR: 2.00e-05
2026-07-05 16:14:30,819 | [SIFT-DBT] | INFO | candidates.f_swin_sift_dbt.model_trainers.stage2_trainer | S2-Ep [038/500] T-Acc:  96.0%  V-Acc:  50.0%  V-AUROC: 0.8333  LR: 2.00e-05
2026-07-05 16:14:52,967 | [SIFT-DBT] | INFO | candidates.f_swin_sift_dbt.model_trainers.stage2_trainer | S2-Ep [039/500] T-Acc:  92.0%  V-Acc:  50.0%  V-AUROC: 0.8333  LR: 2.00e-05
2026-07-05 16:15:15,059 | [SIFT-DBT] | INFO | candidates.f_swin_sift_dbt.model_trainers.stage2_trainer | S2-Ep [040/500] T-Acc:  92.0%  V-Acc:  50.0%  V-AUROC: 0.8333  LR: 2.00e-05
2026-07-05 16:15:37,183 | [SIFT-DBT] | INFO | candidates.f_swin_sift_dbt.model_trainers.stage2_trainer | S2-Ep [041/500] T-Acc:  92.0%  V-Acc:  50.0%  V-AUROC: 0.8333  LR: 2.00e-05
2026-07-05 16:15:59,282 | [SIFT-DBT] | INFO | candidates.f_swin_sift_dbt.model_trainers.stage2_trainer | S2-Ep [042/500] T-Acc:  92.0%  V-Acc:  50.0%  V-AUROC: 0.8333  LR: 2.00e-05
2026-07-05 16:16:21,368 | [SIFT-DBT] | INFO | candidates.f_swin_sift_dbt.model_trainers.stage2_trainer | S2-Ep [043/500] T-Acc:  92.0%  V-Acc:  50.0%  V-AUROC: 0.8333  LR: 2.00e-05
2026-07-05 16:16:43,466 | [SIFT-DBT] | INFO | candidates.f_swin_sift_dbt.model_trainers.stage2_trainer | S2-Ep [044/500] T-Acc:  92.0%  V-Acc:  50.0%  V-AUROC: 0.8333  LR: 2.00e-05
2026-07-05 16:17:05,608 | [SIFT-DBT] | INFO | candidates.f_swin_sift_dbt.model_trainers.stage2_trainer | S2-Ep [045/500] T-Acc:  92.0%  V-Acc:  50.0%  V-AUROC: 0.8333  LR: 2.00e-05
2026-07-05 16:17:27,708 | [SIFT-DBT] | INFO | candidates.f_swin_sift_dbt.model_trainers.stage2_trainer | S2-Ep [046/500] T-Acc:  92.0%  V-Acc:  50.0%  V-AUROC: 0.8333  LR: 4.00e-06
2026-07-05 16:17:49,818 | [SIFT-DBT] | INFO | candidates.f_swin_sift_dbt.model_trainers.stage2_trainer | S2-Ep [047/500] T-Acc:  92.0%  V-Acc:  50.0%  V-AUROC: 0.8333  LR: 4.00e-06
2026-07-05 16:18:11,917 | [SIFT-DBT] | INFO | candidates.f_swin_sift_dbt.model_trainers.stage2_trainer | S2-Ep [048/500] T-Acc:  96.0%  V-Acc:  50.0%  V-AUROC: 0.8333  LR: 4.00e-06
2026-07-05 16:18:34,044 | [SIFT-DBT] | INFO | candidates.f_swin_sift_dbt.model_trainers.stage2_trainer | S2-Ep [049/500] T-Acc:  96.0%  V-Acc:  50.0%  V-AUROC: 0.8333  LR: 4.00e-06
2026-07-05 16:18:56,176 | [SIFT-DBT] | INFO | candidates.f_swin_sift_dbt.model_trainers.stage2_trainer | S2-Ep [050/500] T-Acc:  96.0%  V-Acc:  50.0%  V-AUROC: 0.8333  LR: 4.00e-06
2026-07-05 16:19:18,278 | [SIFT-DBT] | INFO | candidates.f_swin_sift_dbt.model_trainers.stage2_trainer | S2-Ep [051/500] T-Acc:  92.0%  V-Acc:  50.0%  V-AUROC: 0.8333  LR: 4.00e-06
2026-07-05 16:19:40,460 | [SIFT-DBT] | INFO | candidates.f_swin_sift_dbt.model_trainers.stage2_trainer | S2-Ep [052/500] T-Acc:  92.0%  V-Acc:  50.0%  V-AUROC: 0.8333  LR: 4.00e-06
2026-07-05 16:20:02,551 | [SIFT-DBT] | INFO | candidates.f_swin_sift_dbt.model_trainers.stage2_trainer | S2-Ep [053/500] T-Acc:  92.0%  V-Acc:  50.0%  V-AUROC: 0.8333  LR: 4.00e-06
2026-07-05 16:20:02,551 | [SIFT-DBT] | INFO | candidates.f_swin_sift_dbt.model_trainers.stage2_trainer | Stage 2 early stop — best AUROC 0.8333 at epoch 23
2026-07-05 16:20:02,710 | [SIFT-DBT] | INFO | candidates.f_swin_sift_dbt.model_trainers.stage2_trainer | Restored best-AUROC Stage 2 state (epoch 23, AUROC 0.8333)
2026-07-05 16:20:02,710 | [SIFT-DBT] | INFO | candidates.f_swin_sift_dbt.model_trainers.stage2_trainer | Stage 2 done. Best val AUROC: 0.8333 (epoch 23)
2026-07-05 16:20:17,895 | [SIFT-DBT] | INFO | candidates.f_swin_sift_dbt.hybrid_trainer | -> Fold 21 Result | Acc=0.417  Sens=0.833  Spec=0.000  AUROC=0.833  (S1 val-loss=0.6890)
2026-07-05 16:20:17,896 | [SIFT-DBT] | INFO | candidates.f_swin_sift_dbt.hybrid_trainer | ============================================================
2026-07-05 16:20:17,896 | [SIFT-DBT] | INFO | candidates.f_swin_sift_dbt.hybrid_trainer | === Fold 22/30 | train: 25 subj | test: 12 subj ===
2026-07-05 16:20:17,898 | [SIFT-DBT] | INFO | candidates.f_swin_sift_dbt.hybrid_trainer | Stage 1 fold 22 — flat windows: train 5496 (subj=22)  val 760 (subj=3)
2026-07-05 16:20:18,149 | [SIFT-DBT] | INFO | httpx | HTTP Request: HEAD https://huggingface.co/microsoft/swin-tiny-patch4-window7-224/resolve/main/config.json "HTTP/1.1 307 Temporary Redirect"
2026-07-05 16:20:18,165 | [SIFT-DBT] | INFO | httpx | HTTP Request: HEAD https://huggingface.co/api/resolve-cache/models/microsoft/swin-tiny-patch4-window7-224/d00d478bfaf1f417d34a1186673ad4b4be264c51/config.json "HTTP/1.1 200 OK"
2026-07-05 16:20:18,440 | [SIFT-DBT] | INFO | httpx | HTTP Request: HEAD https://huggingface.co/microsoft/swin-tiny-patch4-window7-224/resolve/main/model.safetensors "HTTP/1.1 302 Found"
2026-07-05 16:20:18,855 | [SIFT-DBT] | INFO | candidates.f_swin_sift_dbt.model_trainers.stage1_trainer | Stage 1 CE weights — HC: 1.366  MCI: 0.789
2026-07-05 16:21:01,188 | [SIFT-DBT] | INFO | candidates.f_swin_sift_dbt.model_trainers.stage1_trainer | S1-Ep [001/50] T-Loss: 0.6769  T-Acc:  56.6%  V-Loss: 0.7642  V-Acc:  45.4%  LR: 1.00e-05
2026-07-05 16:21:43,596 | [SIFT-DBT] | INFO | candidates.f_swin_sift_dbt.model_trainers.stage1_trainer | S1-Ep [002/50] T-Loss: 0.6577  T-Acc:  60.6%  V-Loss: 0.7547  V-Acc:  47.8%  LR: 2.00e-05
2026-07-05 16:22:27,190 | [SIFT-DBT] | INFO | candidates.f_swin_sift_dbt.model_trainers.stage1_trainer | S1-Ep [003/50] T-Loss: 0.6286  T-Acc:  63.4%  V-Loss: 0.8088  V-Acc:  52.1%  LR: 3.00e-05
2026-07-05 16:23:09,376 | [SIFT-DBT] | INFO | candidates.f_swin_sift_dbt.model_trainers.stage1_trainer | S1-Ep [004/50] T-Loss: 0.6201  T-Acc:  64.3%  V-Loss: 0.7620  V-Acc:  54.3%  LR: 4.00e-05
2026-07-05 16:23:51,576 | [SIFT-DBT] | INFO | candidates.f_swin_sift_dbt.model_trainers.stage1_trainer | S1-Ep [005/50] T-Loss: 0.5968  T-Acc:  68.3%  V-Loss: 0.8692  V-Acc:  49.9%  LR: 5.00e-05
2026-07-05 16:24:33,794 | [SIFT-DBT] | INFO | candidates.f_swin_sift_dbt.model_trainers.stage1_trainer | S1-Ep [006/50] T-Loss: 0.5416  T-Acc:  72.9%  V-Loss: 0.6624  V-Acc:  64.6%  LR: 5.00e-05
2026-07-05 16:25:17,089 | [SIFT-DBT] | INFO | candidates.f_swin_sift_dbt.model_trainers.stage1_trainer | S1-Ep [007/50] T-Loss: 0.4442  T-Acc:  79.4%  V-Loss: 1.5234  V-Acc:  37.1%  LR: 5.00e-05
2026-07-05 16:25:59,278 | [SIFT-DBT] | INFO | candidates.f_swin_sift_dbt.model_trainers.stage1_trainer | S1-Ep [008/50] T-Loss: 0.3366  T-Acc:  85.2%  V-Loss: 1.7236  V-Acc:  38.0%  LR: 5.00e-05
2026-07-05 16:26:41,501 | [SIFT-DBT] | INFO | candidates.f_swin_sift_dbt.model_trainers.stage1_trainer | S1-Ep [009/50] T-Loss: 0.2104  T-Acc:  91.4%  V-Loss: 1.8318  V-Acc:  47.2%  LR: 5.00e-05
2026-07-05 16:27:23,685 | [SIFT-DBT] | INFO | candidates.f_swin_sift_dbt.model_trainers.stage1_trainer | S1-Ep [010/50] T-Loss: 0.1669  T-Acc:  93.4%  V-Loss: 3.6743  V-Acc:  38.7%  LR: 5.00e-05
2026-07-05 16:28:05,877 | [SIFT-DBT] | INFO | candidates.f_swin_sift_dbt.model_trainers.stage1_trainer | S1-Ep [011/50] T-Loss: 0.1491  T-Acc:  94.4%  V-Loss: 2.7877  V-Acc:  42.5%  LR: 5.00e-05
2026-07-05 16:28:48,056 | [SIFT-DBT] | INFO | candidates.f_swin_sift_dbt.model_trainers.stage1_trainer | S1-Ep [012/50] T-Loss: 0.1524  T-Acc:  94.8%  V-Loss: 3.6624  V-Acc:  37.8%  LR: 5.00e-05
2026-07-05 16:29:30,243 | [SIFT-DBT] | INFO | candidates.f_swin_sift_dbt.model_trainers.stage1_trainer | S1-Ep [013/50] T-Loss: 0.0470  T-Acc:  98.6%  V-Loss: 4.3470  V-Acc:  46.2%  LR: 1.00e-05
2026-07-05 16:30:12,466 | [SIFT-DBT] | INFO | candidates.f_swin_sift_dbt.model_trainers.stage1_trainer | S1-Ep [014/50] T-Loss: 0.0282  T-Acc:  99.2%  V-Loss: 5.3684  V-Acc:  46.3%  LR: 1.00e-05
2026-07-05 16:30:54,640 | [SIFT-DBT] | INFO | candidates.f_swin_sift_dbt.model_trainers.stage1_trainer | S1-Ep [015/50] T-Loss: 0.0279  T-Acc:  99.2%  V-Loss: 6.1708  V-Acc:  44.6%  LR: 1.00e-05
2026-07-05 16:31:36,839 | [SIFT-DBT] | INFO | candidates.f_swin_sift_dbt.model_trainers.stage1_trainer | S1-Ep [016/50] T-Loss: 0.0337  T-Acc:  99.3%  V-Loss: 6.8516  V-Acc:  42.8%  LR: 1.00e-05
2026-07-05 16:31:36,839 | [SIFT-DBT] | INFO | candidates.f_swin_sift_dbt.model_trainers.stage1_trainer | Stage 1 early stop — best val loss 0.6624 at epoch 6
2026-07-05 16:31:36,839 | [SIFT-DBT] | INFO | candidates.f_swin_sift_dbt.model_trainers.stage1_trainer | Stage 1 done. Best val loss: 0.6624 (epoch 6)
2026-07-05 16:31:36,919 | [SIFT-DBT] | INFO | candidates.f_swin_sift_dbt.hybrid_trainer | Stage 2 fold 22 — bundles: train 25 (subj=25)  test 12 (subj=12)
2026-07-05 16:31:37,210 | [SIFT-DBT] | INFO | httpx | HTTP Request: HEAD https://huggingface.co/microsoft/swin-tiny-patch4-window7-224/resolve/main/config.json "HTTP/1.1 307 Temporary Redirect"
2026-07-05 16:31:37,227 | [SIFT-DBT] | INFO | httpx | HTTP Request: HEAD https://huggingface.co/api/resolve-cache/models/microsoft/swin-tiny-patch4-window7-224/d00d478bfaf1f417d34a1186673ad4b4be264c51/config.json "HTTP/1.1 200 OK"
2026-07-05 16:31:37,514 | [SIFT-DBT] | INFO | httpx | HTTP Request: HEAD https://huggingface.co/microsoft/swin-tiny-patch4-window7-224/resolve/main/model.safetensors "HTTP/1.1 302 Found"
2026-07-05 16:31:38,060 | [SIFT-DBT] | INFO | candidates.f_swin_sift_dbt.model_trainers.stage2_trainer | Stage 2 trainable params: 0.074 M  |  frozen: 27.519 M
2026-07-05 16:31:38,061 | [SIFT-DBT] | INFO | candidates.f_swin_sift_dbt.model_trainers.stage2_trainer | Stage 2 CE weights — HC: 1.389  MCI: 0.781
2026-07-05 16:32:00,575 | [SIFT-DBT] | INFO | candidates.f_swin_sift_dbt.model_trainers.stage2_trainer | S2-Ep [001/500] T-Acc:  32.0%  V-Acc:  41.7%  V-AUROC: 0.3429  LR: 2.00e-05
2026-07-05 16:32:22,956 | [SIFT-DBT] | INFO | candidates.f_swin_sift_dbt.model_trainers.stage2_trainer | S2-Ep [002/500] T-Acc:  72.0%  V-Acc:  50.0%  V-AUROC: 0.5714  LR: 4.00e-05
2026-07-05 16:32:46,065 | [SIFT-DBT] | INFO | candidates.f_swin_sift_dbt.model_trainers.stage2_trainer | S2-Ep [003/500] T-Acc:  88.0%  V-Acc:  66.7%  V-AUROC: 0.7143  LR: 6.00e-05
2026-07-05 16:33:09,585 | [SIFT-DBT] | INFO | candidates.f_swin_sift_dbt.model_trainers.stage2_trainer | S2-Ep [004/500] T-Acc:  92.0%  V-Acc:  66.7%  V-AUROC: 0.7143  LR: 8.00e-05
2026-07-05 16:33:31,723 | [SIFT-DBT] | INFO | candidates.f_swin_sift_dbt.model_trainers.stage2_trainer | S2-Ep [005/500] T-Acc:  96.0%  V-Acc:  75.0%  V-AUROC: 0.7429  LR: 1.00e-04
2026-07-05 16:33:54,914 | [SIFT-DBT] | INFO | candidates.f_swin_sift_dbt.model_trainers.stage2_trainer | S2-Ep [006/500] T-Acc:  96.0%  V-Acc:  66.7%  V-AUROC: 0.7429  LR: 1.00e-04
2026-07-05 16:34:17,066 | [SIFT-DBT] | INFO | candidates.f_swin_sift_dbt.model_trainers.stage2_trainer | S2-Ep [007/500] T-Acc:  96.0%  V-Acc:  66.7%  V-AUROC: 0.6857  LR: 1.00e-04
2026-07-05 16:34:39,187 | [SIFT-DBT] | INFO | candidates.f_swin_sift_dbt.model_trainers.stage2_trainer | S2-Ep [008/500] T-Acc:  96.0%  V-Acc:  50.0%  V-AUROC: 0.6857  LR: 1.00e-04
2026-07-05 16:35:01,309 | [SIFT-DBT] | INFO | candidates.f_swin_sift_dbt.model_trainers.stage2_trainer | S2-Ep [009/500] T-Acc:  96.0%  V-Acc:  66.7%  V-AUROC: 0.6857  LR: 1.00e-04
2026-07-05 16:35:23,435 | [SIFT-DBT] | INFO | candidates.f_swin_sift_dbt.model_trainers.stage2_trainer | S2-Ep [010/500] T-Acc:  96.0%  V-Acc:  58.3%  V-AUROC: 0.6857  LR: 1.00e-04
2026-07-05 16:35:45,567 | [SIFT-DBT] | INFO | candidates.f_swin_sift_dbt.model_trainers.stage2_trainer | S2-Ep [011/500] T-Acc:  96.0%  V-Acc:  58.3%  V-AUROC: 0.6857  LR: 1.00e-04
2026-07-05 16:36:07,967 | [SIFT-DBT] | INFO | candidates.f_swin_sift_dbt.model_trainers.stage2_trainer | S2-Ep [012/500] T-Acc: 100.0%  V-Acc:  58.3%  V-AUROC: 0.6857  LR: 1.00e-04
2026-07-05 16:36:30,144 | [SIFT-DBT] | INFO | candidates.f_swin_sift_dbt.model_trainers.stage2_trainer | S2-Ep [013/500] T-Acc:  96.0%  V-Acc:  50.0%  V-AUROC: 0.6571  LR: 1.00e-04
2026-07-05 16:36:52,574 | [SIFT-DBT] | INFO | candidates.f_swin_sift_dbt.model_trainers.stage2_trainer | S2-Ep [014/500] T-Acc: 100.0%  V-Acc:  50.0%  V-AUROC: 0.6857  LR: 1.00e-04
2026-07-05 16:37:14,695 | [SIFT-DBT] | INFO | candidates.f_swin_sift_dbt.model_trainers.stage2_trainer | S2-Ep [015/500] T-Acc:  96.0%  V-Acc:  50.0%  V-AUROC: 0.6857  LR: 1.00e-04
2026-07-05 16:37:36,859 | [SIFT-DBT] | INFO | candidates.f_swin_sift_dbt.model_trainers.stage2_trainer | S2-Ep [016/500] T-Acc: 100.0%  V-Acc:  50.0%  V-AUROC: 0.7143  LR: 1.00e-04
2026-07-05 16:37:58,974 | [SIFT-DBT] | INFO | candidates.f_swin_sift_dbt.model_trainers.stage2_trainer | S2-Ep [017/500] T-Acc:  96.0%  V-Acc:  50.0%  V-AUROC: 0.7143  LR: 1.00e-04
2026-07-05 16:38:21,086 | [SIFT-DBT] | INFO | candidates.f_swin_sift_dbt.model_trainers.stage2_trainer | S2-Ep [018/500] T-Acc:  96.0%  V-Acc:  50.0%  V-AUROC: 0.7143  LR: 2.00e-05
2026-07-05 16:38:43,205 | [SIFT-DBT] | INFO | candidates.f_swin_sift_dbt.model_trainers.stage2_trainer | S2-Ep [019/500] T-Acc:  96.0%  V-Acc:  50.0%  V-AUROC: 0.7143  LR: 2.00e-05
2026-07-05 16:39:05,382 | [SIFT-DBT] | INFO | candidates.f_swin_sift_dbt.model_trainers.stage2_trainer | S2-Ep [020/500] T-Acc: 100.0%  V-Acc:  50.0%  V-AUROC: 0.7143  LR: 2.00e-05
2026-07-05 16:39:27,521 | [SIFT-DBT] | INFO | candidates.f_swin_sift_dbt.model_trainers.stage2_trainer | S2-Ep [021/500] T-Acc:  96.0%  V-Acc:  50.0%  V-AUROC: 0.7143  LR: 2.00e-05
2026-07-05 16:39:49,701 | [SIFT-DBT] | INFO | candidates.f_swin_sift_dbt.model_trainers.stage2_trainer | S2-Ep [022/500] T-Acc: 100.0%  V-Acc:  50.0%  V-AUROC: 0.7143  LR: 2.00e-05
2026-07-05 16:40:11,907 | [SIFT-DBT] | INFO | candidates.f_swin_sift_dbt.model_trainers.stage2_trainer | S2-Ep [023/500] T-Acc:  96.0%  V-Acc:  50.0%  V-AUROC: 0.7143  LR: 2.00e-05
2026-07-05 16:40:34,061 | [SIFT-DBT] | INFO | candidates.f_swin_sift_dbt.model_trainers.stage2_trainer | S2-Ep [024/500] T-Acc:  96.0%  V-Acc:  50.0%  V-AUROC: 0.7143  LR: 2.00e-05
2026-07-05 16:40:56,226 | [SIFT-DBT] | INFO | candidates.f_swin_sift_dbt.model_trainers.stage2_trainer | S2-Ep [025/500] T-Acc: 100.0%  V-Acc:  50.0%  V-AUROC: 0.7143  LR: 2.00e-05
2026-07-05 16:41:18,349 | [SIFT-DBT] | INFO | candidates.f_swin_sift_dbt.model_trainers.stage2_trainer | S2-Ep [026/500] T-Acc:  96.0%  V-Acc:  50.0%  V-AUROC: 0.7143  LR: 2.00e-05
2026-07-05 16:41:40,494 | [SIFT-DBT] | INFO | candidates.f_swin_sift_dbt.model_trainers.stage2_trainer | S2-Ep [027/500] T-Acc: 100.0%  V-Acc:  50.0%  V-AUROC: 0.7143  LR: 2.00e-05
2026-07-05 16:42:02,707 | [SIFT-DBT] | INFO | candidates.f_swin_sift_dbt.model_trainers.stage2_trainer | S2-Ep [028/500] T-Acc:  96.0%  V-Acc:  50.0%  V-AUROC: 0.6857  LR: 2.00e-05
2026-07-05 16:42:24,882 | [SIFT-DBT] | INFO | candidates.f_swin_sift_dbt.model_trainers.stage2_trainer | S2-Ep [029/500] T-Acc: 100.0%  V-Acc:  50.0%  V-AUROC: 0.6857  LR: 4.00e-06
2026-07-05 16:42:47,012 | [SIFT-DBT] | INFO | candidates.f_swin_sift_dbt.model_trainers.stage2_trainer | S2-Ep [030/500] T-Acc:  96.0%  V-Acc:  50.0%  V-AUROC: 0.6857  LR: 4.00e-06
2026-07-05 16:43:09,136 | [SIFT-DBT] | INFO | candidates.f_swin_sift_dbt.model_trainers.stage2_trainer | S2-Ep [031/500] T-Acc: 100.0%  V-Acc:  50.0%  V-AUROC: 0.6857  LR: 4.00e-06
2026-07-05 16:43:31,243 | [SIFT-DBT] | INFO | candidates.f_swin_sift_dbt.model_trainers.stage2_trainer | S2-Ep [032/500] T-Acc: 100.0%  V-Acc:  58.3%  V-AUROC: 0.6857  LR: 4.00e-06
2026-07-05 16:43:53,363 | [SIFT-DBT] | INFO | candidates.f_swin_sift_dbt.model_trainers.stage2_trainer | S2-Ep [033/500] T-Acc:  96.0%  V-Acc:  58.3%  V-AUROC: 0.6857  LR: 4.00e-06
2026-07-05 16:44:15,490 | [SIFT-DBT] | INFO | candidates.f_swin_sift_dbt.model_trainers.stage2_trainer | S2-Ep [034/500] T-Acc: 100.0%  V-Acc:  58.3%  V-AUROC: 0.6857  LR: 4.00e-06
2026-07-05 16:44:37,614 | [SIFT-DBT] | INFO | candidates.f_swin_sift_dbt.model_trainers.stage2_trainer | S2-Ep [035/500] T-Acc: 100.0%  V-Acc:  58.3%  V-AUROC: 0.6857  LR: 4.00e-06
2026-07-05 16:44:37,615 | [SIFT-DBT] | INFO | candidates.f_swin_sift_dbt.model_trainers.stage2_trainer | Stage 2 early stop — best AUROC 0.7429 at epoch 5
2026-07-05 16:44:37,786 | [SIFT-DBT] | INFO | candidates.f_swin_sift_dbt.model_trainers.stage2_trainer | Restored best-AUROC Stage 2 state (epoch 5, AUROC 0.7429)
2026-07-05 16:44:37,786 | [SIFT-DBT] | INFO | candidates.f_swin_sift_dbt.model_trainers.stage2_trainer | Stage 2 done. Best val AUROC: 0.7429 (epoch 5)
2026-07-05 16:44:53,254 | [SIFT-DBT] | INFO | candidates.f_swin_sift_dbt.hybrid_trainer | -> Fold 22 Result | Acc=0.750  Sens=1.000  Spec=0.400  AUROC=0.743  (S1 val-loss=0.6624)
2026-07-05 16:44:53,255 | [SIFT-DBT] | INFO | candidates.f_swin_sift_dbt.hybrid_trainer | ============================================================
2026-07-05 16:44:53,255 | [SIFT-DBT] | INFO | candidates.f_swin_sift_dbt.hybrid_trainer | === Fold 23/30 | train: 25 subj | test: 12 subj ===
2026-07-05 16:44:53,258 | [SIFT-DBT] | INFO | candidates.f_swin_sift_dbt.hybrid_trainer | Stage 1 fold 23 — flat windows: train 5542 (subj=22)  val 783 (subj=3)
2026-07-05 16:44:53,518 | [SIFT-DBT] | INFO | httpx | HTTP Request: HEAD https://huggingface.co/microsoft/swin-tiny-patch4-window7-224/resolve/main/config.json "HTTP/1.1 307 Temporary Redirect"
2026-07-05 16:44:53,534 | [SIFT-DBT] | INFO | httpx | HTTP Request: HEAD https://huggingface.co/api/resolve-cache/models/microsoft/swin-tiny-patch4-window7-224/d00d478bfaf1f417d34a1186673ad4b4be264c51/config.json "HTTP/1.1 200 OK"
2026-07-05 16:44:53,793 | [SIFT-DBT] | INFO | httpx | HTTP Request: HEAD https://huggingface.co/microsoft/swin-tiny-patch4-window7-224/resolve/main/model.safetensors "HTTP/1.1 302 Found"
2026-07-05 16:44:54,174 | [SIFT-DBT] | INFO | candidates.f_swin_sift_dbt.model_trainers.stage1_trainer | Stage 1 CE weights — HC: 1.341  MCI: 0.797
2026-07-05 16:45:37,118 | [SIFT-DBT] | INFO | candidates.f_swin_sift_dbt.model_trainers.stage1_trainer | S1-Ep [001/50] T-Loss: 0.6706  T-Acc:  59.0%  V-Loss: 0.9124  V-Acc:  39.2%  LR: 1.00e-05
2026-07-05 16:46:20,028 | [SIFT-DBT] | INFO | candidates.f_swin_sift_dbt.model_trainers.stage1_trainer | S1-Ep [002/50] T-Loss: 0.6452  T-Acc:  63.3%  V-Loss: 0.8481  V-Acc:  44.1%  LR: 2.00e-05
2026-07-05 16:47:04,059 | [SIFT-DBT] | INFO | candidates.f_swin_sift_dbt.model_trainers.stage1_trainer | S1-Ep [003/50] T-Loss: 0.6252  T-Acc:  65.0%  V-Loss: 0.7818  V-Acc:  51.2%  LR: 3.00e-05
2026-07-05 16:47:47,895 | [SIFT-DBT] | INFO | candidates.f_swin_sift_dbt.model_trainers.stage1_trainer | S1-Ep [004/50] T-Loss: 0.5976  T-Acc:  68.0%  V-Loss: 1.0448  V-Acc:  40.1%  LR: 4.00e-05
2026-07-05 16:48:30,621 | [SIFT-DBT] | INFO | candidates.f_swin_sift_dbt.model_trainers.stage1_trainer | S1-Ep [005/50] T-Loss: 0.5824  T-Acc:  68.7%  V-Loss: 0.8030  V-Acc:  50.2%  LR: 5.00e-05
2026-07-05 16:49:13,330 | [SIFT-DBT] | INFO | candidates.f_swin_sift_dbt.model_trainers.stage1_trainer | S1-Ep [006/50] T-Loss: 0.5464  T-Acc:  71.8%  V-Loss: 0.8683  V-Acc:  54.4%  LR: 5.00e-05
2026-07-05 16:49:56,039 | [SIFT-DBT] | INFO | candidates.f_swin_sift_dbt.model_trainers.stage1_trainer | S1-Ep [007/50] T-Loss: 0.4525  T-Acc:  78.4%  V-Loss: 2.0710  V-Acc:  36.4%  LR: 5.00e-05
2026-07-05 16:50:38,747 | [SIFT-DBT] | INFO | candidates.f_swin_sift_dbt.model_trainers.stage1_trainer | S1-Ep [008/50] T-Loss: 0.3580  T-Acc:  83.5%  V-Loss: 1.4022  V-Acc:  47.6%  LR: 5.00e-05
2026-07-05 16:51:21,457 | [SIFT-DBT] | INFO | candidates.f_swin_sift_dbt.model_trainers.stage1_trainer | S1-Ep [009/50] T-Loss: 0.2434  T-Acc:  90.1%  V-Loss: 1.7991  V-Acc:  47.8%  LR: 5.00e-05
2026-07-05 16:52:04,140 | [SIFT-DBT] | INFO | candidates.f_swin_sift_dbt.model_trainers.stage1_trainer | S1-Ep [010/50] T-Loss: 0.2014  T-Acc:  92.3%  V-Loss: 2.3996  V-Acc:  45.5%  LR: 5.00e-05
2026-07-05 16:52:46,893 | [SIFT-DBT] | INFO | candidates.f_swin_sift_dbt.model_trainers.stage1_trainer | S1-Ep [011/50] T-Loss: 0.1414  T-Acc:  94.7%  V-Loss: 3.3327  V-Acc:  41.8%  LR: 5.00e-05
2026-07-05 16:53:29,605 | [SIFT-DBT] | INFO | candidates.f_swin_sift_dbt.model_trainers.stage1_trainer | S1-Ep [012/50] T-Loss: 0.1483  T-Acc:  94.8%  V-Loss: 3.7130  V-Acc:  40.1%  LR: 5.00e-05
2026-07-05 16:54:12,328 | [SIFT-DBT] | INFO | candidates.f_swin_sift_dbt.model_trainers.stage1_trainer | S1-Ep [013/50] T-Loss: 0.0434  T-Acc:  98.6%  V-Loss: 5.0580  V-Acc:  41.9%  LR: 1.00e-05
2026-07-05 16:54:12,329 | [SIFT-DBT] | INFO | candidates.f_swin_sift_dbt.model_trainers.stage1_trainer | Stage 1 early stop — best val loss 0.7818 at epoch 3
2026-07-05 16:54:12,329 | [SIFT-DBT] | INFO | candidates.f_swin_sift_dbt.model_trainers.stage1_trainer | Stage 1 done. Best val loss: 0.7818 (epoch 3)
2026-07-05 16:54:12,406 | [SIFT-DBT] | INFO | candidates.f_swin_sift_dbt.hybrid_trainer | Stage 2 fold 23 — bundles: train 25 (subj=25)  test 12 (subj=12)
2026-07-05 16:54:12,771 | [SIFT-DBT] | INFO | httpx | HTTP Request: HEAD https://huggingface.co/microsoft/swin-tiny-patch4-window7-224/resolve/main/config.json "HTTP/1.1 307 Temporary Redirect"
2026-07-05 16:54:12,789 | [SIFT-DBT] | INFO | httpx | HTTP Request: HEAD https://huggingface.co/api/resolve-cache/models/microsoft/swin-tiny-patch4-window7-224/d00d478bfaf1f417d34a1186673ad4b4be264c51/config.json "HTTP/1.1 200 OK"
2026-07-05 16:54:13,080 | [SIFT-DBT] | INFO | httpx | HTTP Request: HEAD https://huggingface.co/microsoft/swin-tiny-patch4-window7-224/resolve/main/model.safetensors "HTTP/1.1 302 Found"
2026-07-05 16:54:13,613 | [SIFT-DBT] | INFO | candidates.f_swin_sift_dbt.model_trainers.stage2_trainer | Stage 2 trainable params: 0.074 M  |  frozen: 27.519 M
2026-07-05 16:54:13,614 | [SIFT-DBT] | INFO | candidates.f_swin_sift_dbt.model_trainers.stage2_trainer | Stage 2 CE weights — HC: 1.389  MCI: 0.781
2026-07-05 16:54:35,864 | [SIFT-DBT] | INFO | candidates.f_swin_sift_dbt.model_trainers.stage2_trainer | S2-Ep [001/500] T-Acc:  36.0%  V-Acc:  41.7%  V-AUROC: 0.3143  LR: 2.00e-05
2026-07-05 16:54:58,226 | [SIFT-DBT] | INFO | candidates.f_swin_sift_dbt.model_trainers.stage2_trainer | S2-Ep [002/500] T-Acc:  36.0%  V-Acc:  41.7%  V-AUROC: 0.4286  LR: 4.00e-05
2026-07-05 16:55:22,864 | [SIFT-DBT] | INFO | candidates.f_swin_sift_dbt.model_trainers.stage2_trainer | S2-Ep [003/500] T-Acc:  36.0%  V-Acc:  41.7%  V-AUROC: 0.6000  LR: 6.00e-05
2026-07-05 16:55:46,583 | [SIFT-DBT] | INFO | candidates.f_swin_sift_dbt.model_trainers.stage2_trainer | S2-Ep [004/500] T-Acc:  44.0%  V-Acc:  41.7%  V-AUROC: 0.6286  LR: 8.00e-05
2026-07-05 16:56:09,586 | [SIFT-DBT] | INFO | candidates.f_swin_sift_dbt.model_trainers.stage2_trainer | S2-Ep [005/500] T-Acc:  92.0%  V-Acc:  50.0%  V-AUROC: 0.6286  LR: 1.00e-04
2026-07-05 16:56:31,709 | [SIFT-DBT] | INFO | candidates.f_swin_sift_dbt.model_trainers.stage2_trainer | S2-Ep [006/500] T-Acc:  92.0%  V-Acc:  58.3%  V-AUROC: 0.6286  LR: 1.00e-04
2026-07-05 16:56:53,830 | [SIFT-DBT] | INFO | candidates.f_swin_sift_dbt.model_trainers.stage2_trainer | S2-Ep [007/500] T-Acc:  96.0%  V-Acc:  58.3%  V-AUROC: 0.6286  LR: 1.00e-04
2026-07-05 16:57:16,087 | [SIFT-DBT] | INFO | candidates.f_swin_sift_dbt.model_trainers.stage2_trainer | S2-Ep [008/500] T-Acc:  96.0%  V-Acc:  58.3%  V-AUROC: 0.6286  LR: 1.00e-04
2026-07-05 16:57:38,218 | [SIFT-DBT] | INFO | candidates.f_swin_sift_dbt.model_trainers.stage2_trainer | S2-Ep [009/500] T-Acc:  96.0%  V-Acc:  58.3%  V-AUROC: 0.6286  LR: 1.00e-04
2026-07-05 16:58:00,351 | [SIFT-DBT] | INFO | candidates.f_swin_sift_dbt.model_trainers.stage2_trainer | S2-Ep [010/500] T-Acc:  96.0%  V-Acc:  58.3%  V-AUROC: 0.6286  LR: 1.00e-04
2026-07-05 16:58:22,481 | [SIFT-DBT] | INFO | candidates.f_swin_sift_dbt.model_trainers.stage2_trainer | S2-Ep [011/500] T-Acc:  92.0%  V-Acc:  50.0%  V-AUROC: 0.6286  LR: 1.00e-04
2026-07-05 16:58:44,604 | [SIFT-DBT] | INFO | candidates.f_swin_sift_dbt.model_trainers.stage2_trainer | S2-Ep [012/500] T-Acc:  92.0%  V-Acc:  58.3%  V-AUROC: 0.6286  LR: 1.00e-04
2026-07-05 16:59:06,729 | [SIFT-DBT] | INFO | candidates.f_swin_sift_dbt.model_trainers.stage2_trainer | S2-Ep [013/500] T-Acc:  92.0%  V-Acc:  50.0%  V-AUROC: 0.6286  LR: 1.00e-04
2026-07-05 16:59:28,851 | [SIFT-DBT] | INFO | candidates.f_swin_sift_dbt.model_trainers.stage2_trainer | S2-Ep [014/500] T-Acc:  92.0%  V-Acc:  50.0%  V-AUROC: 0.6286  LR: 1.00e-04
2026-07-05 16:59:50,987 | [SIFT-DBT] | INFO | candidates.f_swin_sift_dbt.model_trainers.stage2_trainer | S2-Ep [015/500] T-Acc:  92.0%  V-Acc:  50.0%  V-AUROC: 0.6286  LR: 1.00e-04
2026-07-05 17:00:13,133 | [SIFT-DBT] | INFO | candidates.f_swin_sift_dbt.model_trainers.stage2_trainer | S2-Ep [016/500] T-Acc:  92.0%  V-Acc:  50.0%  V-AUROC: 0.6286  LR: 1.00e-04
2026-07-05 17:00:35,320 | [SIFT-DBT] | INFO | candidates.f_swin_sift_dbt.model_trainers.stage2_trainer | S2-Ep [017/500] T-Acc:  92.0%  V-Acc:  50.0%  V-AUROC: 0.6286  LR: 1.00e-04
2026-07-05 17:00:57,466 | [SIFT-DBT] | INFO | candidates.f_swin_sift_dbt.model_trainers.stage2_trainer | S2-Ep [018/500] T-Acc:  92.0%  V-Acc:  50.0%  V-AUROC: 0.6286  LR: 2.00e-05
2026-07-05 17:01:19,658 | [SIFT-DBT] | INFO | candidates.f_swin_sift_dbt.model_trainers.stage2_trainer | S2-Ep [019/500] T-Acc:  92.0%  V-Acc:  50.0%  V-AUROC: 0.6286  LR: 2.00e-05
2026-07-05 17:01:41,785 | [SIFT-DBT] | INFO | candidates.f_swin_sift_dbt.model_trainers.stage2_trainer | S2-Ep [020/500] T-Acc:  92.0%  V-Acc:  50.0%  V-AUROC: 0.6286  LR: 2.00e-05
2026-07-05 17:02:03,968 | [SIFT-DBT] | INFO | candidates.f_swin_sift_dbt.model_trainers.stage2_trainer | S2-Ep [021/500] T-Acc:  92.0%  V-Acc:  50.0%  V-AUROC: 0.6286  LR: 2.00e-05
2026-07-05 17:02:26,094 | [SIFT-DBT] | INFO | candidates.f_swin_sift_dbt.model_trainers.stage2_trainer | S2-Ep [022/500] T-Acc:  92.0%  V-Acc:  50.0%  V-AUROC: 0.6286  LR: 2.00e-05
2026-07-05 17:02:48,216 | [SIFT-DBT] | INFO | candidates.f_swin_sift_dbt.model_trainers.stage2_trainer | S2-Ep [023/500] T-Acc:  92.0%  V-Acc:  50.0%  V-AUROC: 0.6286  LR: 2.00e-05
2026-07-05 17:03:10,390 | [SIFT-DBT] | INFO | candidates.f_swin_sift_dbt.model_trainers.stage2_trainer | S2-Ep [024/500] T-Acc:  92.0%  V-Acc:  50.0%  V-AUROC: 0.6286  LR: 2.00e-05
2026-07-05 17:03:32,544 | [SIFT-DBT] | INFO | candidates.f_swin_sift_dbt.model_trainers.stage2_trainer | S2-Ep [025/500] T-Acc:  92.0%  V-Acc:  50.0%  V-AUROC: 0.6286  LR: 2.00e-05
2026-07-05 17:03:54,712 | [SIFT-DBT] | INFO | candidates.f_swin_sift_dbt.model_trainers.stage2_trainer | S2-Ep [026/500] T-Acc:  92.0%  V-Acc:  50.0%  V-AUROC: 0.6286  LR: 2.00e-05
2026-07-05 17:04:16,858 | [SIFT-DBT] | INFO | candidates.f_swin_sift_dbt.model_trainers.stage2_trainer | S2-Ep [027/500] T-Acc:  92.0%  V-Acc:  50.0%  V-AUROC: 0.6286  LR: 2.00e-05
2026-07-05 17:04:38,975 | [SIFT-DBT] | INFO | candidates.f_swin_sift_dbt.model_trainers.stage2_trainer | S2-Ep [028/500] T-Acc:  92.0%  V-Acc:  50.0%  V-AUROC: 0.6286  LR: 2.00e-05
2026-07-05 17:05:01,102 | [SIFT-DBT] | INFO | candidates.f_swin_sift_dbt.model_trainers.stage2_trainer | S2-Ep [029/500] T-Acc:  92.0%  V-Acc:  50.0%  V-AUROC: 0.6286  LR: 4.00e-06
2026-07-05 17:05:23,258 | [SIFT-DBT] | INFO | candidates.f_swin_sift_dbt.model_trainers.stage2_trainer | S2-Ep [030/500] T-Acc:  92.0%  V-Acc:  50.0%  V-AUROC: 0.6286  LR: 4.00e-06
2026-07-05 17:05:45,413 | [SIFT-DBT] | INFO | candidates.f_swin_sift_dbt.model_trainers.stage2_trainer | S2-Ep [031/500] T-Acc:  92.0%  V-Acc:  50.0%  V-AUROC: 0.6286  LR: 4.00e-06
2026-07-05 17:06:07,545 | [SIFT-DBT] | INFO | candidates.f_swin_sift_dbt.model_trainers.stage2_trainer | S2-Ep [032/500] T-Acc:  92.0%  V-Acc:  50.0%  V-AUROC: 0.6286  LR: 4.00e-06
2026-07-05 17:06:29,958 | [SIFT-DBT] | INFO | candidates.f_swin_sift_dbt.model_trainers.stage2_trainer | S2-Ep [033/500] T-Acc:  92.0%  V-Acc:  50.0%  V-AUROC: 0.6286  LR: 4.00e-06
2026-07-05 17:06:52,082 | [SIFT-DBT] | INFO | candidates.f_swin_sift_dbt.model_trainers.stage2_trainer | S2-Ep [034/500] T-Acc:  92.0%  V-Acc:  50.0%  V-AUROC: 0.6286  LR: 4.00e-06
2026-07-05 17:06:52,082 | [SIFT-DBT] | INFO | candidates.f_swin_sift_dbt.model_trainers.stage2_trainer | Stage 2 early stop — best AUROC 0.6286 at epoch 4
2026-07-05 17:06:52,241 | [SIFT-DBT] | INFO | candidates.f_swin_sift_dbt.model_trainers.stage2_trainer | Restored best-AUROC Stage 2 state (epoch 4, AUROC 0.6286)
2026-07-05 17:06:52,241 | [SIFT-DBT] | INFO | candidates.f_swin_sift_dbt.model_trainers.stage2_trainer | Stage 2 done. Best val AUROC: 0.6286 (epoch 4)
2026-07-05 17:07:07,510 | [SIFT-DBT] | INFO | candidates.f_swin_sift_dbt.hybrid_trainer | -> Fold 23 Result | Acc=0.417  Sens=0.000  Spec=1.000  AUROC=0.629  (S1 val-loss=0.7818)
2026-07-05 17:07:07,511 | [SIFT-DBT] | INFO | candidates.f_swin_sift_dbt.hybrid_trainer | ============================================================
2026-07-05 17:07:07,511 | [SIFT-DBT] | INFO | candidates.f_swin_sift_dbt.hybrid_trainer | === Fold 24/30 | train: 25 subj | test: 12 subj ===
2026-07-05 17:07:07,514 | [SIFT-DBT] | INFO | candidates.f_swin_sift_dbt.hybrid_trainer | Stage 1 fold 24 — flat windows: train 5530 (subj=22)  val 839 (subj=3)
2026-07-05 17:07:07,796 | [SIFT-DBT] | INFO | httpx | HTTP Request: HEAD https://huggingface.co/microsoft/swin-tiny-patch4-window7-224/resolve/main/config.json "HTTP/1.1 307 Temporary Redirect"
2026-07-05 17:07:07,812 | [SIFT-DBT] | INFO | httpx | HTTP Request: HEAD https://huggingface.co/api/resolve-cache/models/microsoft/swin-tiny-patch4-window7-224/d00d478bfaf1f417d34a1186673ad4b4be264c51/config.json "HTTP/1.1 200 OK"
2026-07-05 17:07:08,080 | [SIFT-DBT] | INFO | httpx | HTTP Request: HEAD https://huggingface.co/microsoft/swin-tiny-patch4-window7-224/resolve/main/model.safetensors "HTTP/1.1 302 Found"
2026-07-05 17:07:08,614 | [SIFT-DBT] | INFO | candidates.f_swin_sift_dbt.model_trainers.stage1_trainer | Stage 1 CE weights — HC: 1.371  MCI: 0.787
2026-07-05 17:07:51,483 | [SIFT-DBT] | INFO | candidates.f_swin_sift_dbt.model_trainers.stage1_trainer | S1-Ep [001/50] T-Loss: 0.6643  T-Acc:  59.9%  V-Loss: 0.7183  V-Acc:  62.3%  LR: 1.00e-05
2026-07-05 17:08:34,374 | [SIFT-DBT] | INFO | candidates.f_swin_sift_dbt.model_trainers.stage1_trainer | S1-Ep [002/50] T-Loss: 0.6223  T-Acc:  65.9%  V-Loss: 0.8704  V-Acc:  44.8%  LR: 2.00e-05
2026-07-05 17:09:17,048 | [SIFT-DBT] | INFO | candidates.f_swin_sift_dbt.model_trainers.stage1_trainer | S1-Ep [003/50] T-Loss: 0.5932  T-Acc:  69.0%  V-Loss: 1.0708  V-Acc:  32.1%  LR: 3.00e-05
2026-07-05 17:09:59,761 | [SIFT-DBT] | INFO | candidates.f_swin_sift_dbt.model_trainers.stage1_trainer | S1-Ep [004/50] T-Loss: 0.5711  T-Acc:  69.6%  V-Loss: 0.9696  V-Acc:  34.9%  LR: 4.00e-05
2026-07-05 17:10:42,439 | [SIFT-DBT] | INFO | candidates.f_swin_sift_dbt.model_trainers.stage1_trainer | S1-Ep [005/50] T-Loss: 0.5562  T-Acc:  71.4%  V-Loss: 1.0964  V-Acc:  31.1%  LR: 5.00e-05
2026-07-05 17:11:25,121 | [SIFT-DBT] | INFO | candidates.f_swin_sift_dbt.model_trainers.stage1_trainer | S1-Ep [006/50] T-Loss: 0.4959  T-Acc:  75.5%  V-Loss: 0.9926  V-Acc:  36.0%  LR: 5.00e-05
2026-07-05 17:12:07,832 | [SIFT-DBT] | INFO | candidates.f_swin_sift_dbt.model_trainers.stage1_trainer | S1-Ep [007/50] T-Loss: 0.4014  T-Acc:  81.7%  V-Loss: 1.3674  V-Acc:  40.5%  LR: 5.00e-05
2026-07-05 17:12:50,542 | [SIFT-DBT] | INFO | candidates.f_swin_sift_dbt.model_trainers.stage1_trainer | S1-Ep [008/50] T-Loss: 0.2906  T-Acc:  87.9%  V-Loss: 1.6807  V-Acc:  38.7%  LR: 5.00e-05
2026-07-05 17:13:33,245 | [SIFT-DBT] | INFO | candidates.f_swin_sift_dbt.model_trainers.stage1_trainer | S1-Ep [009/50] T-Loss: 0.2052  T-Acc:  91.4%  V-Loss: 2.7211  V-Acc:  33.8%  LR: 5.00e-05
2026-07-05 17:14:15,917 | [SIFT-DBT] | INFO | candidates.f_swin_sift_dbt.model_trainers.stage1_trainer | S1-Ep [010/50] T-Loss: 0.1823  T-Acc:  93.2%  V-Loss: 2.7299  V-Acc:  35.0%  LR: 5.00e-05
2026-07-05 17:14:58,583 | [SIFT-DBT] | INFO | candidates.f_swin_sift_dbt.model_trainers.stage1_trainer | S1-Ep [011/50] T-Loss: 0.1511  T-Acc:  94.6%  V-Loss: 2.8183  V-Acc:  36.6%  LR: 5.00e-05
2026-07-05 17:14:58,584 | [SIFT-DBT] | INFO | candidates.f_swin_sift_dbt.model_trainers.stage1_trainer | Stage 1 early stop — best val loss 0.7183 at epoch 1
2026-07-05 17:14:58,584 | [SIFT-DBT] | INFO | candidates.f_swin_sift_dbt.model_trainers.stage1_trainer | Stage 1 done. Best val loss: 0.7183 (epoch 1)
2026-07-05 17:14:58,661 | [SIFT-DBT] | INFO | candidates.f_swin_sift_dbt.hybrid_trainer | Stage 2 fold 24 — bundles: train 25 (subj=25)  test 12 (subj=12)
2026-07-05 17:14:59,032 | [SIFT-DBT] | INFO | httpx | HTTP Request: HEAD https://huggingface.co/microsoft/swin-tiny-patch4-window7-224/resolve/main/config.json "HTTP/1.1 307 Temporary Redirect"
2026-07-05 17:14:59,049 | [SIFT-DBT] | INFO | httpx | HTTP Request: HEAD https://huggingface.co/api/resolve-cache/models/microsoft/swin-tiny-patch4-window7-224/d00d478bfaf1f417d34a1186673ad4b4be264c51/config.json "HTTP/1.1 200 OK"
2026-07-05 17:14:59,329 | [SIFT-DBT] | INFO | httpx | HTTP Request: HEAD https://huggingface.co/microsoft/swin-tiny-patch4-window7-224/resolve/main/model.safetensors "HTTP/1.1 302 Found"
2026-07-05 17:14:59,878 | [SIFT-DBT] | INFO | candidates.f_swin_sift_dbt.model_trainers.stage2_trainer | Stage 2 trainable params: 0.074 M  |  frozen: 27.519 M
2026-07-05 17:14:59,879 | [SIFT-DBT] | INFO | candidates.f_swin_sift_dbt.model_trainers.stage2_trainer | Stage 2 CE weights — HC: 1.389  MCI: 0.781
2026-07-05 17:15:22,269 | [SIFT-DBT] | INFO | candidates.f_swin_sift_dbt.model_trainers.stage2_trainer | S2-Ep [001/500] T-Acc:  36.0%  V-Acc:  41.7%  V-AUROC: 0.3714  LR: 2.00e-05
2026-07-05 17:15:44,846 | [SIFT-DBT] | INFO | candidates.f_swin_sift_dbt.model_trainers.stage2_trainer | S2-Ep [002/500] T-Acc:  36.0%  V-Acc:  41.7%  V-AUROC: 0.4000  LR: 4.00e-05
2026-07-05 17:16:08,427 | [SIFT-DBT] | INFO | candidates.f_swin_sift_dbt.model_trainers.stage2_trainer | S2-Ep [003/500] T-Acc:  36.0%  V-Acc:  41.7%  V-AUROC: 0.4571  LR: 6.00e-05
2026-07-05 17:16:32,947 | [SIFT-DBT] | INFO | candidates.f_swin_sift_dbt.model_trainers.stage2_trainer | S2-Ep [004/500] T-Acc:  64.0%  V-Acc:  50.0%  V-AUROC: 0.4857  LR: 8.00e-05
2026-07-05 17:16:56,418 | [SIFT-DBT] | INFO | candidates.f_swin_sift_dbt.model_trainers.stage2_trainer | S2-Ep [005/500] T-Acc:  88.0%  V-Acc:  66.7%  V-AUROC: 0.4857  LR: 1.00e-04
2026-07-05 17:17:18,523 | [SIFT-DBT] | INFO | candidates.f_swin_sift_dbt.model_trainers.stage2_trainer | S2-Ep [006/500] T-Acc:  88.0%  V-Acc:  58.3%  V-AUROC: 0.4857  LR: 1.00e-04
2026-07-05 17:17:40,636 | [SIFT-DBT] | INFO | candidates.f_swin_sift_dbt.model_trainers.stage2_trainer | S2-Ep [007/500] T-Acc:  88.0%  V-Acc:  58.3%  V-AUROC: 0.4857  LR: 1.00e-04
2026-07-05 17:18:02,720 | [SIFT-DBT] | INFO | candidates.f_swin_sift_dbt.model_trainers.stage2_trainer | S2-Ep [008/500] T-Acc:  92.0%  V-Acc:  58.3%  V-AUROC: 0.4857  LR: 1.00e-04
2026-07-05 17:18:24,790 | [SIFT-DBT] | INFO | candidates.f_swin_sift_dbt.model_trainers.stage2_trainer | S2-Ep [009/500] T-Acc:  92.0%  V-Acc:  58.3%  V-AUROC: 0.4857  LR: 1.00e-04
2026-07-05 17:18:46,871 | [SIFT-DBT] | INFO | candidates.f_swin_sift_dbt.model_trainers.stage2_trainer | S2-Ep [010/500] T-Acc:  92.0%  V-Acc:  58.3%  V-AUROC: 0.4857  LR: 1.00e-04
2026-07-05 17:19:09,225 | [SIFT-DBT] | INFO | candidates.f_swin_sift_dbt.model_trainers.stage2_trainer | S2-Ep [011/500] T-Acc:  92.0%  V-Acc:  58.3%  V-AUROC: 0.4857  LR: 1.00e-04
2026-07-05 17:19:31,289 | [SIFT-DBT] | INFO | candidates.f_swin_sift_dbt.model_trainers.stage2_trainer | S2-Ep [012/500] T-Acc:  92.0%  V-Acc:  58.3%  V-AUROC: 0.4857  LR: 1.00e-04
2026-07-05 17:19:53,362 | [SIFT-DBT] | INFO | candidates.f_swin_sift_dbt.model_trainers.stage2_trainer | S2-Ep [013/500] T-Acc:  92.0%  V-Acc:  58.3%  V-AUROC: 0.4857  LR: 1.00e-04
2026-07-05 17:20:15,451 | [SIFT-DBT] | INFO | candidates.f_swin_sift_dbt.model_trainers.stage2_trainer | S2-Ep [014/500] T-Acc:  92.0%  V-Acc:  58.3%  V-AUROC: 0.4857  LR: 1.00e-04
2026-07-05 17:20:37,503 | [SIFT-DBT] | INFO | candidates.f_swin_sift_dbt.model_trainers.stage2_trainer | S2-Ep [015/500] T-Acc:  88.0%  V-Acc:  58.3%  V-AUROC: 0.4857  LR: 1.00e-04
2026-07-05 17:20:59,562 | [SIFT-DBT] | INFO | candidates.f_swin_sift_dbt.model_trainers.stage2_trainer | S2-Ep [016/500] T-Acc:  88.0%  V-Acc:  58.3%  V-AUROC: 0.4857  LR: 1.00e-04
2026-07-05 17:21:21,653 | [SIFT-DBT] | INFO | candidates.f_swin_sift_dbt.model_trainers.stage2_trainer | S2-Ep [017/500] T-Acc:  88.0%  V-Acc:  58.3%  V-AUROC: 0.4571  LR: 1.00e-04
2026-07-05 17:21:43,721 | [SIFT-DBT] | INFO | candidates.f_swin_sift_dbt.model_trainers.stage2_trainer | S2-Ep [018/500] T-Acc:  92.0%  V-Acc:  58.3%  V-AUROC: 0.4571  LR: 2.00e-05
2026-07-05 17:22:05,842 | [SIFT-DBT] | INFO | candidates.f_swin_sift_dbt.model_trainers.stage2_trainer | S2-Ep [019/500] T-Acc:  92.0%  V-Acc:  58.3%  V-AUROC: 0.4571  LR: 2.00e-05
2026-07-05 17:22:27,895 | [SIFT-DBT] | INFO | candidates.f_swin_sift_dbt.model_trainers.stage2_trainer | S2-Ep [020/500] T-Acc:  88.0%  V-Acc:  58.3%  V-AUROC: 0.4571  LR: 2.00e-05
2026-07-05 17:22:49,949 | [SIFT-DBT] | INFO | candidates.f_swin_sift_dbt.model_trainers.stage2_trainer | S2-Ep [021/500] T-Acc:  88.0%  V-Acc:  58.3%  V-AUROC: 0.4571  LR: 2.00e-05
2026-07-05 17:23:12,000 | [SIFT-DBT] | INFO | candidates.f_swin_sift_dbt.model_trainers.stage2_trainer | S2-Ep [022/500] T-Acc:  88.0%  V-Acc:  58.3%  V-AUROC: 0.4571  LR: 2.00e-05
2026-07-05 17:23:34,061 | [SIFT-DBT] | INFO | candidates.f_swin_sift_dbt.model_trainers.stage2_trainer | S2-Ep [023/500] T-Acc:  88.0%  V-Acc:  58.3%  V-AUROC: 0.4571  LR: 2.00e-05
2026-07-05 17:23:56,116 | [SIFT-DBT] | INFO | candidates.f_swin_sift_dbt.model_trainers.stage2_trainer | S2-Ep [024/500] T-Acc:  88.0%  V-Acc:  58.3%  V-AUROC: 0.4571  LR: 2.00e-05
2026-07-05 17:24:18,175 | [SIFT-DBT] | INFO | candidates.f_swin_sift_dbt.model_trainers.stage2_trainer | S2-Ep [025/500] T-Acc:  88.0%  V-Acc:  58.3%  V-AUROC: 0.4571  LR: 2.00e-05
2026-07-05 17:24:40,254 | [SIFT-DBT] | INFO | candidates.f_swin_sift_dbt.model_trainers.stage2_trainer | S2-Ep [026/500] T-Acc:  88.0%  V-Acc:  50.0%  V-AUROC: 0.4571  LR: 2.00e-05
2026-07-05 17:25:02,359 | [SIFT-DBT] | INFO | candidates.f_swin_sift_dbt.model_trainers.stage2_trainer | S2-Ep [027/500] T-Acc:  88.0%  V-Acc:  50.0%  V-AUROC: 0.4571  LR: 2.00e-05
2026-07-05 17:25:24,425 | [SIFT-DBT] | INFO | candidates.f_swin_sift_dbt.model_trainers.stage2_trainer | S2-Ep [028/500] T-Acc:  88.0%  V-Acc:  50.0%  V-AUROC: 0.4571  LR: 2.00e-05
2026-07-05 17:25:46,483 | [SIFT-DBT] | INFO | candidates.f_swin_sift_dbt.model_trainers.stage2_trainer | S2-Ep [029/500] T-Acc:  88.0%  V-Acc:  50.0%  V-AUROC: 0.4571  LR: 4.00e-06
2026-07-05 17:26:08,561 | [SIFT-DBT] | INFO | candidates.f_swin_sift_dbt.model_trainers.stage2_trainer | S2-Ep [030/500] T-Acc:  88.0%  V-Acc:  50.0%  V-AUROC: 0.4571  LR: 4.00e-06
2026-07-05 17:26:30,655 | [SIFT-DBT] | INFO | candidates.f_swin_sift_dbt.model_trainers.stage2_trainer | S2-Ep [031/500] T-Acc:  88.0%  V-Acc:  50.0%  V-AUROC: 0.4571  LR: 4.00e-06
2026-07-05 17:26:52,764 | [SIFT-DBT] | INFO | candidates.f_swin_sift_dbt.model_trainers.stage2_trainer | S2-Ep [032/500] T-Acc:  88.0%  V-Acc:  50.0%  V-AUROC: 0.4571  LR: 4.00e-06
2026-07-05 17:27:14,882 | [SIFT-DBT] | INFO | candidates.f_swin_sift_dbt.model_trainers.stage2_trainer | S2-Ep [033/500] T-Acc:  88.0%  V-Acc:  50.0%  V-AUROC: 0.4571  LR: 4.00e-06
2026-07-05 17:27:36,957 | [SIFT-DBT] | INFO | candidates.f_swin_sift_dbt.model_trainers.stage2_trainer | S2-Ep [034/500] T-Acc:  88.0%  V-Acc:  50.0%  V-AUROC: 0.4571  LR: 4.00e-06
2026-07-05 17:27:36,957 | [SIFT-DBT] | INFO | candidates.f_swin_sift_dbt.model_trainers.stage2_trainer | Stage 2 early stop — best AUROC 0.4857 at epoch 4
2026-07-05 17:27:37,123 | [SIFT-DBT] | INFO | candidates.f_swin_sift_dbt.model_trainers.stage2_trainer | Restored best-AUROC Stage 2 state (epoch 4, AUROC 0.4857)
2026-07-05 17:27:37,123 | [SIFT-DBT] | INFO | candidates.f_swin_sift_dbt.model_trainers.stage2_trainer | Stage 2 done. Best val AUROC: 0.4857 (epoch 4)
2026-07-05 17:27:51,987 | [SIFT-DBT] | INFO | candidates.f_swin_sift_dbt.hybrid_trainer | -> Fold 24 Result | Acc=0.500  Sens=0.143  Spec=1.000  AUROC=0.486  (S1 val-loss=0.7183)
2026-07-05 17:27:51,988 | [SIFT-DBT] | INFO | candidates.f_swin_sift_dbt.hybrid_trainer | ============================================================
2026-07-05 17:27:51,988 | [SIFT-DBT] | INFO | candidates.f_swin_sift_dbt.hybrid_trainer | === Fold 25/30 | train: 25 subj | test: 12 subj ===
2026-07-05 17:27:51,990 | [SIFT-DBT] | INFO | candidates.f_swin_sift_dbt.hybrid_trainer | Stage 1 fold 25 — flat windows: train 5471 (subj=22)  val 834 (subj=3)
2026-07-05 17:27:52,241 | [SIFT-DBT] | INFO | httpx | HTTP Request: HEAD https://huggingface.co/microsoft/swin-tiny-patch4-window7-224/resolve/main/config.json "HTTP/1.1 307 Temporary Redirect"
2026-07-05 17:27:52,259 | [SIFT-DBT] | INFO | httpx | HTTP Request: HEAD https://huggingface.co/api/resolve-cache/models/microsoft/swin-tiny-patch4-window7-224/d00d478bfaf1f417d34a1186673ad4b4be264c51/config.json "HTTP/1.1 200 OK"
2026-07-05 17:27:52,516 | [SIFT-DBT] | INFO | httpx | HTTP Request: HEAD https://huggingface.co/microsoft/swin-tiny-patch4-window7-224/resolve/main/model.safetensors "HTTP/1.1 302 Found"
2026-07-05 17:27:52,959 | [SIFT-DBT] | INFO | candidates.f_swin_sift_dbt.model_trainers.stage1_trainer | Stage 1 CE weights — HC: 1.201  MCI: 0.857
2026-07-05 17:28:35,238 | [SIFT-DBT] | INFO | candidates.f_swin_sift_dbt.model_trainers.stage1_trainer | S1-Ep [001/50] T-Loss: 0.6668  T-Acc:  58.4%  V-Loss: 0.7121  V-Acc:  53.7%  LR: 1.00e-05
2026-07-05 17:29:17,595 | [SIFT-DBT] | INFO | candidates.f_swin_sift_dbt.model_trainers.stage1_trainer | S1-Ep [002/50] T-Loss: 0.6593  T-Acc:  60.6%  V-Loss: 0.6815  V-Acc:  56.7%  LR: 2.00e-05
2026-07-05 17:30:02,190 | [SIFT-DBT] | INFO | candidates.f_swin_sift_dbt.model_trainers.stage1_trainer | S1-Ep [003/50] T-Loss: 0.6295  T-Acc:  64.6%  V-Loss: 0.8450  V-Acc:  46.5%  LR: 3.00e-05
2026-07-05 17:30:44,321 | [SIFT-DBT] | INFO | candidates.f_swin_sift_dbt.model_trainers.stage1_trainer | S1-Ep [004/50] T-Loss: 0.6037  T-Acc:  67.6%  V-Loss: 0.8610  V-Acc:  46.8%  LR: 4.00e-05
2026-07-05 17:31:26,447 | [SIFT-DBT] | INFO | candidates.f_swin_sift_dbt.model_trainers.stage1_trainer | S1-Ep [005/50] T-Loss: 0.5830  T-Acc:  68.8%  V-Loss: 0.8627  V-Acc:  52.2%  LR: 5.00e-05
2026-07-05 17:32:08,621 | [SIFT-DBT] | INFO | candidates.f_swin_sift_dbt.model_trainers.stage1_trainer | S1-Ep [006/50] T-Loss: 0.5271  T-Acc:  73.9%  V-Loss: 1.4843  V-Acc:  38.1%  LR: 5.00e-05
2026-07-05 17:32:50,735 | [SIFT-DBT] | INFO | candidates.f_swin_sift_dbt.model_trainers.stage1_trainer | S1-Ep [007/50] T-Loss: 0.4313  T-Acc:  80.0%  V-Loss: 1.3069  V-Acc:  49.2%  LR: 5.00e-05
2026-07-05 17:33:32,865 | [SIFT-DBT] | INFO | candidates.f_swin_sift_dbt.model_trainers.stage1_trainer | S1-Ep [008/50] T-Loss: 0.3016  T-Acc:  87.1%  V-Loss: 0.9738  V-Acc:  63.5%  LR: 5.00e-05
2026-07-05 17:34:14,980 | [SIFT-DBT] | INFO | candidates.f_swin_sift_dbt.model_trainers.stage1_trainer | S1-Ep [009/50] T-Loss: 0.2244  T-Acc:  90.8%  V-Loss: 2.1581  V-Acc:  50.4%  LR: 5.00e-05
2026-07-05 17:34:57,089 | [SIFT-DBT] | INFO | candidates.f_swin_sift_dbt.model_trainers.stage1_trainer | S1-Ep [010/50] T-Loss: 0.1716  T-Acc:  93.4%  V-Loss: 2.5176  V-Acc:  39.9%  LR: 5.00e-05
2026-07-05 17:35:39,180 | [SIFT-DBT] | INFO | candidates.f_swin_sift_dbt.model_trainers.stage1_trainer | S1-Ep [011/50] T-Loss: 0.1342  T-Acc:  95.4%  V-Loss: 3.1437  V-Acc:  47.4%  LR: 5.00e-05
2026-07-05 17:36:21,333 | [SIFT-DBT] | INFO | candidates.f_swin_sift_dbt.model_trainers.stage1_trainer | S1-Ep [012/50] T-Loss: 0.1198  T-Acc:  95.4%  V-Loss: 3.2844  V-Acc:  41.7%  LR: 5.00e-05
2026-07-05 17:36:21,333 | [SIFT-DBT] | INFO | candidates.f_swin_sift_dbt.model_trainers.stage1_trainer | Stage 1 early stop — best val loss 0.6815 at epoch 2
2026-07-05 17:36:21,333 | [SIFT-DBT] | INFO | candidates.f_swin_sift_dbt.model_trainers.stage1_trainer | Stage 1 done. Best val loss: 0.6815 (epoch 2)
2026-07-05 17:36:21,409 | [SIFT-DBT] | INFO | candidates.f_swin_sift_dbt.hybrid_trainer | Stage 2 fold 25 — bundles: train 25 (subj=25)  test 12 (subj=12)
2026-07-05 17:36:21,761 | [SIFT-DBT] | INFO | httpx | HTTP Request: HEAD https://huggingface.co/microsoft/swin-tiny-patch4-window7-224/resolve/main/config.json "HTTP/1.1 307 Temporary Redirect"
2026-07-05 17:36:21,777 | [SIFT-DBT] | INFO | httpx | HTTP Request: HEAD https://huggingface.co/api/resolve-cache/models/microsoft/swin-tiny-patch4-window7-224/d00d478bfaf1f417d34a1186673ad4b4be264c51/config.json "HTTP/1.1 200 OK"
2026-07-05 17:36:22,067 | [SIFT-DBT] | INFO | httpx | HTTP Request: HEAD https://huggingface.co/microsoft/swin-tiny-patch4-window7-224/resolve/main/model.safetensors "HTTP/1.1 302 Found"
2026-07-05 17:36:22,603 | [SIFT-DBT] | INFO | candidates.f_swin_sift_dbt.model_trainers.stage2_trainer | Stage 2 trainable params: 0.074 M  |  frozen: 27.519 M
2026-07-05 17:36:22,604 | [SIFT-DBT] | INFO | candidates.f_swin_sift_dbt.model_trainers.stage2_trainer | Stage 2 CE weights — HC: 1.250  MCI: 0.833
2026-07-05 17:36:45,560 | [SIFT-DBT] | INFO | candidates.f_swin_sift_dbt.model_trainers.stage2_trainer | S2-Ep [001/500] T-Acc:  92.0%  V-Acc:  75.0%  V-AUROC: 0.7188  LR: 2.00e-05
2026-07-05 17:37:07,963 | [SIFT-DBT] | INFO | candidates.f_swin_sift_dbt.model_trainers.stage2_trainer | S2-Ep [002/500] T-Acc:  92.0%  V-Acc:  66.7%  V-AUROC: 0.7812  LR: 4.00e-05
2026-07-05 17:37:32,607 | [SIFT-DBT] | INFO | candidates.f_swin_sift_dbt.model_trainers.stage2_trainer | S2-Ep [003/500] T-Acc:  92.0%  V-Acc:  66.7%  V-AUROC: 0.7812  LR: 6.00e-05
2026-07-05 17:37:54,714 | [SIFT-DBT] | INFO | candidates.f_swin_sift_dbt.model_trainers.stage2_trainer | S2-Ep [004/500] T-Acc:  92.0%  V-Acc:  75.0%  V-AUROC: 0.7812  LR: 8.00e-05
2026-07-05 17:38:16,844 | [SIFT-DBT] | INFO | candidates.f_swin_sift_dbt.model_trainers.stage2_trainer | S2-Ep [005/500] T-Acc:  92.0%  V-Acc:  75.0%  V-AUROC: 0.7812  LR: 1.00e-04
2026-07-05 17:38:38,977 | [SIFT-DBT] | INFO | candidates.f_swin_sift_dbt.model_trainers.stage2_trainer | S2-Ep [006/500] T-Acc:  92.0%  V-Acc:  75.0%  V-AUROC: 0.7812  LR: 1.00e-04
2026-07-05 17:39:01,076 | [SIFT-DBT] | INFO | candidates.f_swin_sift_dbt.model_trainers.stage2_trainer | S2-Ep [007/500] T-Acc:  92.0%  V-Acc:  66.7%  V-AUROC: 0.7812  LR: 1.00e-04
2026-07-05 17:39:23,233 | [SIFT-DBT] | INFO | candidates.f_swin_sift_dbt.model_trainers.stage2_trainer | S2-Ep [008/500] T-Acc:  92.0%  V-Acc:  66.7%  V-AUROC: 0.7812  LR: 1.00e-04
2026-07-05 17:39:45,342 | [SIFT-DBT] | INFO | candidates.f_swin_sift_dbt.model_trainers.stage2_trainer | S2-Ep [009/500] T-Acc:  92.0%  V-Acc:  66.7%  V-AUROC: 0.7812  LR: 1.00e-04
2026-07-05 17:40:07,445 | [SIFT-DBT] | INFO | candidates.f_swin_sift_dbt.model_trainers.stage2_trainer | S2-Ep [010/500] T-Acc:  92.0%  V-Acc:  58.3%  V-AUROC: 0.7812  LR: 1.00e-04
2026-07-05 17:40:29,572 | [SIFT-DBT] | INFO | candidates.f_swin_sift_dbt.model_trainers.stage2_trainer | S2-Ep [011/500] T-Acc:  92.0%  V-Acc:  58.3%  V-AUROC: 0.7812  LR: 1.00e-04
2026-07-05 17:40:51,699 | [SIFT-DBT] | INFO | candidates.f_swin_sift_dbt.model_trainers.stage2_trainer | S2-Ep [012/500] T-Acc:  92.0%  V-Acc:  58.3%  V-AUROC: 0.7812  LR: 1.00e-04
2026-07-05 17:41:13,832 | [SIFT-DBT] | INFO | candidates.f_swin_sift_dbt.model_trainers.stage2_trainer | S2-Ep [013/500] T-Acc:  96.0%  V-Acc:  58.3%  V-AUROC: 0.7812  LR: 1.00e-04
2026-07-05 17:41:35,967 | [SIFT-DBT] | INFO | candidates.f_swin_sift_dbt.model_trainers.stage2_trainer | S2-Ep [014/500] T-Acc:  92.0%  V-Acc:  66.7%  V-AUROC: 0.7812  LR: 1.00e-04
2026-07-05 17:41:58,087 | [SIFT-DBT] | INFO | candidates.f_swin_sift_dbt.model_trainers.stage2_trainer | S2-Ep [015/500] T-Acc:  96.0%  V-Acc:  66.7%  V-AUROC: 0.7812  LR: 1.00e-04
2026-07-05 17:42:20,247 | [SIFT-DBT] | INFO | candidates.f_swin_sift_dbt.model_trainers.stage2_trainer | S2-Ep [016/500] T-Acc:  92.0%  V-Acc:  75.0%  V-AUROC: 0.7812  LR: 1.00e-04
2026-07-05 17:42:42,359 | [SIFT-DBT] | INFO | candidates.f_swin_sift_dbt.model_trainers.stage2_trainer | S2-Ep [017/500] T-Acc:  96.0%  V-Acc:  75.0%  V-AUROC: 0.7812  LR: 1.00e-04
2026-07-05 17:43:04,481 | [SIFT-DBT] | INFO | candidates.f_swin_sift_dbt.model_trainers.stage2_trainer | S2-Ep [018/500] T-Acc:  96.0%  V-Acc:  75.0%  V-AUROC: 0.7812  LR: 2.00e-05
2026-07-05 17:43:26,604 | [SIFT-DBT] | INFO | candidates.f_swin_sift_dbt.model_trainers.stage2_trainer | S2-Ep [019/500] T-Acc:  96.0%  V-Acc:  75.0%  V-AUROC: 0.7812  LR: 2.00e-05
2026-07-05 17:43:48,712 | [SIFT-DBT] | INFO | candidates.f_swin_sift_dbt.model_trainers.stage2_trainer | S2-Ep [020/500] T-Acc:  96.0%  V-Acc:  66.7%  V-AUROC: 0.7812  LR: 2.00e-05
2026-07-05 17:44:10,850 | [SIFT-DBT] | INFO | candidates.f_swin_sift_dbt.model_trainers.stage2_trainer | S2-Ep [021/500] T-Acc:  96.0%  V-Acc:  66.7%  V-AUROC: 0.7812  LR: 2.00e-05
2026-07-05 17:44:32,966 | [SIFT-DBT] | INFO | candidates.f_swin_sift_dbt.model_trainers.stage2_trainer | S2-Ep [022/500] T-Acc:  96.0%  V-Acc:  66.7%  V-AUROC: 0.7812  LR: 2.00e-05
2026-07-05 17:44:55,076 | [SIFT-DBT] | INFO | candidates.f_swin_sift_dbt.model_trainers.stage2_trainer | S2-Ep [023/500] T-Acc:  96.0%  V-Acc:  66.7%  V-AUROC: 0.7812  LR: 2.00e-05
2026-07-05 17:45:17,194 | [SIFT-DBT] | INFO | candidates.f_swin_sift_dbt.model_trainers.stage2_trainer | S2-Ep [024/500] T-Acc:  96.0%  V-Acc:  66.7%  V-AUROC: 0.7812  LR: 2.00e-05
2026-07-05 17:45:39,325 | [SIFT-DBT] | INFO | candidates.f_swin_sift_dbt.model_trainers.stage2_trainer | S2-Ep [025/500] T-Acc:  96.0%  V-Acc:  66.7%  V-AUROC: 0.7812  LR: 2.00e-05
2026-07-05 17:46:01,468 | [SIFT-DBT] | INFO | candidates.f_swin_sift_dbt.model_trainers.stage2_trainer | S2-Ep [026/500] T-Acc:  96.0%  V-Acc:  66.7%  V-AUROC: 0.7812  LR: 2.00e-05
2026-07-05 17:46:23,625 | [SIFT-DBT] | INFO | candidates.f_swin_sift_dbt.model_trainers.stage2_trainer | S2-Ep [027/500] T-Acc:  96.0%  V-Acc:  66.7%  V-AUROC: 0.7812  LR: 2.00e-05
2026-07-05 17:46:45,735 | [SIFT-DBT] | INFO | candidates.f_swin_sift_dbt.model_trainers.stage2_trainer | S2-Ep [028/500] T-Acc:  96.0%  V-Acc:  66.7%  V-AUROC: 0.7812  LR: 2.00e-05
2026-07-05 17:47:07,910 | [SIFT-DBT] | INFO | candidates.f_swin_sift_dbt.model_trainers.stage2_trainer | S2-Ep [029/500] T-Acc:  96.0%  V-Acc:  66.7%  V-AUROC: 0.7812  LR: 4.00e-06
2026-07-05 17:47:30,043 | [SIFT-DBT] | INFO | candidates.f_swin_sift_dbt.model_trainers.stage2_trainer | S2-Ep [030/500] T-Acc:  96.0%  V-Acc:  66.7%  V-AUROC: 0.7812  LR: 4.00e-06
2026-07-05 17:47:52,137 | [SIFT-DBT] | INFO | candidates.f_swin_sift_dbt.model_trainers.stage2_trainer | S2-Ep [031/500] T-Acc:  96.0%  V-Acc:  66.7%  V-AUROC: 0.7812  LR: 4.00e-06
2026-07-05 17:48:14,240 | [SIFT-DBT] | INFO | candidates.f_swin_sift_dbt.model_trainers.stage2_trainer | S2-Ep [032/500] T-Acc:  96.0%  V-Acc:  66.7%  V-AUROC: 0.7812  LR: 4.00e-06
2026-07-05 17:48:14,240 | [SIFT-DBT] | INFO | candidates.f_swin_sift_dbt.model_trainers.stage2_trainer | Stage 2 early stop — best AUROC 0.7812 at epoch 2
2026-07-05 17:48:14,396 | [SIFT-DBT] | INFO | candidates.f_swin_sift_dbt.model_trainers.stage2_trainer | Restored best-AUROC Stage 2 state (epoch 2, AUROC 0.7812)
2026-07-05 17:48:14,397 | [SIFT-DBT] | INFO | candidates.f_swin_sift_dbt.model_trainers.stage2_trainer | Stage 2 done. Best val AUROC: 0.7812 (epoch 2)
2026-07-05 17:48:29,592 | [SIFT-DBT] | INFO | candidates.f_swin_sift_dbt.hybrid_trainer | -> Fold 25 Result | Acc=0.667  Sens=1.000  Spec=0.000  AUROC=0.781  (S1 val-loss=0.6815)
2026-07-05 17:48:29,593 | [SIFT-DBT] | INFO | candidates.f_swin_sift_dbt.hybrid_trainer | ============================================================
2026-07-05 17:48:29,593 | [SIFT-DBT] | INFO | candidates.f_swin_sift_dbt.hybrid_trainer | === Fold 26/30 | train: 25 subj | test: 12 subj ===
2026-07-05 17:48:29,595 | [SIFT-DBT] | INFO | candidates.f_swin_sift_dbt.hybrid_trainer | Stage 1 fold 26 — flat windows: train 5315 (subj=22)  val 790 (subj=3)
2026-07-05 17:48:29,845 | [SIFT-DBT] | INFO | httpx | HTTP Request: HEAD https://huggingface.co/microsoft/swin-tiny-patch4-window7-224/resolve/main/config.json "HTTP/1.1 307 Temporary Redirect"
2026-07-05 17:48:29,861 | [SIFT-DBT] | INFO | httpx | HTTP Request: HEAD https://huggingface.co/api/resolve-cache/models/microsoft/swin-tiny-patch4-window7-224/d00d478bfaf1f417d34a1186673ad4b4be264c51/config.json "HTTP/1.1 200 OK"
2026-07-05 17:48:30,121 | [SIFT-DBT] | INFO | httpx | HTTP Request: HEAD https://huggingface.co/microsoft/swin-tiny-patch4-window7-224/resolve/main/model.safetensors "HTTP/1.1 302 Found"
2026-07-05 17:48:30,537 | [SIFT-DBT] | INFO | candidates.f_swin_sift_dbt.model_trainers.stage1_trainer | Stage 1 CE weights — HC: 1.364  MCI: 0.789
2026-07-05 17:49:11,784 | [SIFT-DBT] | INFO | candidates.f_swin_sift_dbt.model_trainers.stage1_trainer | S1-Ep [001/50] T-Loss: 0.6787  T-Acc:  56.4%  V-Loss: 0.7047  V-Acc:  50.9%  LR: 1.00e-05
2026-07-05 17:49:53,083 | [SIFT-DBT] | INFO | candidates.f_swin_sift_dbt.model_trainers.stage1_trainer | S1-Ep [002/50] T-Loss: 0.6561  T-Acc:  61.1%  V-Loss: 0.7664  V-Acc:  43.7%  LR: 2.00e-05
2026-07-05 17:50:34,157 | [SIFT-DBT] | INFO | candidates.f_swin_sift_dbt.model_trainers.stage1_trainer | S1-Ep [003/50] T-Loss: 0.6343  T-Acc:  63.7%  V-Loss: 0.8044  V-Acc:  40.8%  LR: 3.00e-05
2026-07-05 17:51:15,228 | [SIFT-DBT] | INFO | candidates.f_swin_sift_dbt.model_trainers.stage1_trainer | S1-Ep [004/50] T-Loss: 0.5965  T-Acc:  68.4%  V-Loss: 0.7203  V-Acc:  53.7%  LR: 4.00e-05
2026-07-05 17:51:56,322 | [SIFT-DBT] | INFO | candidates.f_swin_sift_dbt.model_trainers.stage1_trainer | S1-Ep [005/50] T-Loss: 0.5585  T-Acc:  70.8%  V-Loss: 0.8972  V-Acc:  50.1%  LR: 5.00e-05
2026-07-05 17:52:37,388 | [SIFT-DBT] | INFO | candidates.f_swin_sift_dbt.model_trainers.stage1_trainer | S1-Ep [006/50] T-Loss: 0.4629  T-Acc:  78.4%  V-Loss: 1.1755  V-Acc:  47.8%  LR: 5.00e-05
2026-07-05 17:53:18,445 | [SIFT-DBT] | INFO | candidates.f_swin_sift_dbt.model_trainers.stage1_trainer | S1-Ep [007/50] T-Loss: 0.3525  T-Acc:  84.6%  V-Loss: 1.2630  V-Acc:  52.8%  LR: 5.00e-05
2026-07-05 17:53:59,485 | [SIFT-DBT] | INFO | candidates.f_swin_sift_dbt.model_trainers.stage1_trainer | S1-Ep [008/50] T-Loss: 0.2267  T-Acc:  91.0%  V-Loss: 1.7934  V-Acc:  47.3%  LR: 5.00e-05
2026-07-05 17:54:40,545 | [SIFT-DBT] | INFO | candidates.f_swin_sift_dbt.model_trainers.stage1_trainer | S1-Ep [009/50] T-Loss: 0.1621  T-Acc:  93.8%  V-Loss: 1.9495  V-Acc:  50.1%  LR: 5.00e-05
2026-07-05 17:55:21,598 | [SIFT-DBT] | INFO | candidates.f_swin_sift_dbt.model_trainers.stage1_trainer | S1-Ep [010/50] T-Loss: 0.1446  T-Acc:  94.5%  V-Loss: 2.1457  V-Acc:  50.0%  LR: 5.00e-05
2026-07-05 17:56:02,649 | [SIFT-DBT] | INFO | candidates.f_swin_sift_dbt.model_trainers.stage1_trainer | S1-Ep [011/50] T-Loss: 0.1180  T-Acc:  95.8%  V-Loss: 2.1620  V-Acc:  46.5%  LR: 5.00e-05
2026-07-05 17:56:02,649 | [SIFT-DBT] | INFO | candidates.f_swin_sift_dbt.model_trainers.stage1_trainer | Stage 1 early stop — best val loss 0.7047 at epoch 1
2026-07-05 17:56:02,650 | [SIFT-DBT] | INFO | candidates.f_swin_sift_dbt.model_trainers.stage1_trainer | Stage 1 done. Best val loss: 0.7047 (epoch 1)
2026-07-05 17:56:02,731 | [SIFT-DBT] | INFO | candidates.f_swin_sift_dbt.hybrid_trainer | Stage 2 fold 26 — bundles: train 25 (subj=25)  test 12 (subj=12)
2026-07-05 17:56:03,329 | [SIFT-DBT] | INFO | httpx | HTTP Request: HEAD https://huggingface.co/microsoft/swin-tiny-patch4-window7-224/resolve/main/config.json "HTTP/1.1 307 Temporary Redirect"
2026-07-05 17:56:03,349 | [SIFT-DBT] | INFO | httpx | HTTP Request: HEAD https://huggingface.co/api/resolve-cache/models/microsoft/swin-tiny-patch4-window7-224/d00d478bfaf1f417d34a1186673ad4b4be264c51/config.json "HTTP/1.1 200 OK"
2026-07-05 17:56:03,632 | [SIFT-DBT] | INFO | httpx | HTTP Request: HEAD https://huggingface.co/microsoft/swin-tiny-patch4-window7-224/resolve/main/model.safetensors "HTTP/1.1 302 Found"
2026-07-05 17:56:04,479 | [SIFT-DBT] | INFO | candidates.f_swin_sift_dbt.model_trainers.stage2_trainer | Stage 2 trainable params: 0.074 M  |  frozen: 27.519 M
2026-07-05 17:56:04,480 | [SIFT-DBT] | INFO | candidates.f_swin_sift_dbt.model_trainers.stage2_trainer | Stage 2 CE weights — HC: 1.562  MCI: 0.735
2026-07-05 17:56:27,223 | [SIFT-DBT] | INFO | candidates.f_swin_sift_dbt.model_trainers.stage2_trainer | S2-Ep [001/500] T-Acc:  32.0%  V-Acc:  50.0%  V-AUROC: 0.6389  LR: 2.00e-05
2026-07-05 17:56:49,609 | [SIFT-DBT] | INFO | candidates.f_swin_sift_dbt.model_trainers.stage2_trainer | S2-Ep [002/500] T-Acc:  32.0%  V-Acc:  50.0%  V-AUROC: 0.6389  LR: 4.00e-05
2026-07-05 17:57:11,781 | [SIFT-DBT] | INFO | candidates.f_swin_sift_dbt.model_trainers.stage2_trainer | S2-Ep [003/500] T-Acc:  52.0%  V-Acc:  50.0%  V-AUROC: 0.6389  LR: 6.00e-05
2026-07-05 17:57:33,889 | [SIFT-DBT] | INFO | candidates.f_swin_sift_dbt.model_trainers.stage2_trainer | S2-Ep [004/500] T-Acc:  92.0%  V-Acc:  58.3%  V-AUROC: 0.6389  LR: 8.00e-05
2026-07-05 17:57:55,996 | [SIFT-DBT] | INFO | candidates.f_swin_sift_dbt.model_trainers.stage2_trainer | S2-Ep [005/500] T-Acc:  92.0%  V-Acc:  58.3%  V-AUROC: 0.6389  LR: 1.00e-04
2026-07-05 17:58:18,117 | [SIFT-DBT] | INFO | candidates.f_swin_sift_dbt.model_trainers.stage2_trainer | S2-Ep [006/500] T-Acc:  96.0%  V-Acc:  58.3%  V-AUROC: 0.6111  LR: 1.00e-04
2026-07-05 17:58:40,233 | [SIFT-DBT] | INFO | candidates.f_swin_sift_dbt.model_trainers.stage2_trainer | S2-Ep [007/500] T-Acc:  96.0%  V-Acc:  58.3%  V-AUROC: 0.6111  LR: 1.00e-04
2026-07-05 17:59:02,389 | [SIFT-DBT] | INFO | candidates.f_swin_sift_dbt.model_trainers.stage2_trainer | S2-Ep [008/500] T-Acc:  96.0%  V-Acc:  58.3%  V-AUROC: 0.6389  LR: 1.00e-04
2026-07-05 17:59:24,501 | [SIFT-DBT] | INFO | candidates.f_swin_sift_dbt.model_trainers.stage2_trainer | S2-Ep [009/500] T-Acc:  92.0%  V-Acc:  66.7%  V-AUROC: 0.6389  LR: 1.00e-04
2026-07-05 17:59:46,638 | [SIFT-DBT] | INFO | candidates.f_swin_sift_dbt.model_trainers.stage2_trainer | S2-Ep [010/500] T-Acc:  92.0%  V-Acc:  66.7%  V-AUROC: 0.6389  LR: 1.00e-04
2026-07-05 18:00:08,798 | [SIFT-DBT] | INFO | candidates.f_swin_sift_dbt.model_trainers.stage2_trainer | S2-Ep [011/500] T-Acc:  92.0%  V-Acc:  58.3%  V-AUROC: 0.6389  LR: 1.00e-04
2026-07-05 18:00:30,915 | [SIFT-DBT] | INFO | candidates.f_swin_sift_dbt.model_trainers.stage2_trainer | S2-Ep [012/500] T-Acc:  92.0%  V-Acc:  58.3%  V-AUROC: 0.6389  LR: 1.00e-04
2026-07-05 18:00:53,038 | [SIFT-DBT] | INFO | candidates.f_swin_sift_dbt.model_trainers.stage2_trainer | S2-Ep [013/500] T-Acc:  92.0%  V-Acc:  58.3%  V-AUROC: 0.6389  LR: 1.00e-04
2026-07-05 18:01:15,147 | [SIFT-DBT] | INFO | candidates.f_swin_sift_dbt.model_trainers.stage2_trainer | S2-Ep [014/500] T-Acc:  92.0%  V-Acc:  58.3%  V-AUROC: 0.6389  LR: 1.00e-04
2026-07-05 18:01:37,264 | [SIFT-DBT] | INFO | candidates.f_swin_sift_dbt.model_trainers.stage2_trainer | S2-Ep [015/500] T-Acc:  92.0%  V-Acc:  50.0%  V-AUROC: 0.6389  LR: 1.00e-04
2026-07-05 18:01:59,432 | [SIFT-DBT] | INFO | candidates.f_swin_sift_dbt.model_trainers.stage2_trainer | S2-Ep [016/500] T-Acc:  92.0%  V-Acc:  50.0%  V-AUROC: 0.6389  LR: 1.00e-04
2026-07-05 18:02:21,559 | [SIFT-DBT] | INFO | candidates.f_swin_sift_dbt.model_trainers.stage2_trainer | S2-Ep [017/500] T-Acc:  92.0%  V-Acc:  50.0%  V-AUROC: 0.6389  LR: 1.00e-04
2026-07-05 18:02:43,675 | [SIFT-DBT] | INFO | candidates.f_swin_sift_dbt.model_trainers.stage2_trainer | S2-Ep [018/500] T-Acc:  92.0%  V-Acc:  50.0%  V-AUROC: 0.6389  LR: 1.00e-04
2026-07-05 18:03:05,786 | [SIFT-DBT] | INFO | candidates.f_swin_sift_dbt.model_trainers.stage2_trainer | S2-Ep [019/500] T-Acc:  92.0%  V-Acc:  50.0%  V-AUROC: 0.6389  LR: 1.00e-04
2026-07-05 18:03:27,899 | [SIFT-DBT] | INFO | candidates.f_swin_sift_dbt.model_trainers.stage2_trainer | S2-Ep [020/500] T-Acc:  92.0%  V-Acc:  58.3%  V-AUROC: 0.6389  LR: 2.00e-05
2026-07-05 18:03:50,005 | [SIFT-DBT] | INFO | candidates.f_swin_sift_dbt.model_trainers.stage2_trainer | S2-Ep [021/500] T-Acc:  92.0%  V-Acc:  58.3%  V-AUROC: 0.6389  LR: 2.00e-05
2026-07-05 18:04:12,120 | [SIFT-DBT] | INFO | candidates.f_swin_sift_dbt.model_trainers.stage2_trainer | S2-Ep [022/500] T-Acc:  92.0%  V-Acc:  58.3%  V-AUROC: 0.6389  LR: 2.00e-05
2026-07-05 18:04:34,242 | [SIFT-DBT] | INFO | candidates.f_swin_sift_dbt.model_trainers.stage2_trainer | S2-Ep [023/500] T-Acc:  92.0%  V-Acc:  58.3%  V-AUROC: 0.6389  LR: 2.00e-05
2026-07-05 18:04:56,357 | [SIFT-DBT] | INFO | candidates.f_swin_sift_dbt.model_trainers.stage2_trainer | S2-Ep [024/500] T-Acc:  92.0%  V-Acc:  58.3%  V-AUROC: 0.6389  LR: 2.00e-05
2026-07-05 18:05:18,486 | [SIFT-DBT] | INFO | candidates.f_swin_sift_dbt.model_trainers.stage2_trainer | S2-Ep [025/500] T-Acc:  92.0%  V-Acc:  58.3%  V-AUROC: 0.6389  LR: 2.00e-05
2026-07-05 18:05:40,614 | [SIFT-DBT] | INFO | candidates.f_swin_sift_dbt.model_trainers.stage2_trainer | S2-Ep [026/500] T-Acc:  92.0%  V-Acc:  58.3%  V-AUROC: 0.6389  LR: 2.00e-05
2026-07-05 18:06:02,734 | [SIFT-DBT] | INFO | candidates.f_swin_sift_dbt.model_trainers.stage2_trainer | S2-Ep [027/500] T-Acc:  92.0%  V-Acc:  58.3%  V-AUROC: 0.6389  LR: 2.00e-05
2026-07-05 18:06:24,855 | [SIFT-DBT] | INFO | candidates.f_swin_sift_dbt.model_trainers.stage2_trainer | S2-Ep [028/500] T-Acc:  92.0%  V-Acc:  58.3%  V-AUROC: 0.6667  LR: 2.00e-05
2026-07-05 18:06:49,111 | [SIFT-DBT] | INFO | candidates.f_swin_sift_dbt.model_trainers.stage2_trainer | S2-Ep [029/500] T-Acc:  92.0%  V-Acc:  58.3%  V-AUROC: 0.6667  LR: 2.00e-05
2026-07-05 18:07:11,291 | [SIFT-DBT] | INFO | candidates.f_swin_sift_dbt.model_trainers.stage2_trainer | S2-Ep [030/500] T-Acc:  92.0%  V-Acc:  58.3%  V-AUROC: 0.6667  LR: 2.00e-05
2026-07-05 18:07:33,405 | [SIFT-DBT] | INFO | candidates.f_swin_sift_dbt.model_trainers.stage2_trainer | S2-Ep [031/500] T-Acc:  92.0%  V-Acc:  58.3%  V-AUROC: 0.6667  LR: 2.00e-05
2026-07-05 18:07:55,512 | [SIFT-DBT] | INFO | candidates.f_swin_sift_dbt.model_trainers.stage2_trainer | S2-Ep [032/500] T-Acc:  92.0%  V-Acc:  58.3%  V-AUROC: 0.6667  LR: 2.00e-05
2026-07-05 18:08:17,653 | [SIFT-DBT] | INFO | candidates.f_swin_sift_dbt.model_trainers.stage2_trainer | S2-Ep [033/500] T-Acc:  92.0%  V-Acc:  58.3%  V-AUROC: 0.6667  LR: 2.00e-05
2026-07-05 18:08:39,822 | [SIFT-DBT] | INFO | candidates.f_swin_sift_dbt.model_trainers.stage2_trainer | S2-Ep [034/500] T-Acc:  92.0%  V-Acc:  58.3%  V-AUROC: 0.6667  LR: 2.00e-05
2026-07-05 18:09:02,004 | [SIFT-DBT] | INFO | candidates.f_swin_sift_dbt.model_trainers.stage2_trainer | S2-Ep [035/500] T-Acc:  92.0%  V-Acc:  58.3%  V-AUROC: 0.6667  LR: 2.00e-05
2026-07-05 18:09:24,138 | [SIFT-DBT] | INFO | candidates.f_swin_sift_dbt.model_trainers.stage2_trainer | S2-Ep [036/500] T-Acc:  92.0%  V-Acc:  58.3%  V-AUROC: 0.6667  LR: 2.00e-05
2026-07-05 18:09:46,249 | [SIFT-DBT] | INFO | candidates.f_swin_sift_dbt.model_trainers.stage2_trainer | S2-Ep [037/500] T-Acc:  92.0%  V-Acc:  58.3%  V-AUROC: 0.6667  LR: 2.00e-05
2026-07-05 18:10:08,365 | [SIFT-DBT] | INFO | candidates.f_swin_sift_dbt.model_trainers.stage2_trainer | S2-Ep [038/500] T-Acc:  92.0%  V-Acc:  58.3%  V-AUROC: 0.6667  LR: 2.00e-05
2026-07-05 18:10:30,510 | [SIFT-DBT] | INFO | candidates.f_swin_sift_dbt.model_trainers.stage2_trainer | S2-Ep [039/500] T-Acc:  96.0%  V-Acc:  58.3%  V-AUROC: 0.6667  LR: 2.00e-05
2026-07-05 18:10:52,644 | [SIFT-DBT] | INFO | candidates.f_swin_sift_dbt.model_trainers.stage2_trainer | S2-Ep [040/500] T-Acc:  92.0%  V-Acc:  58.3%  V-AUROC: 0.6667  LR: 4.00e-06
2026-07-05 18:11:14,752 | [SIFT-DBT] | INFO | candidates.f_swin_sift_dbt.model_trainers.stage2_trainer | S2-Ep [041/500] T-Acc:  92.0%  V-Acc:  58.3%  V-AUROC: 0.6667  LR: 4.00e-06
2026-07-05 18:11:36,861 | [SIFT-DBT] | INFO | candidates.f_swin_sift_dbt.model_trainers.stage2_trainer | S2-Ep [042/500] T-Acc:  92.0%  V-Acc:  58.3%  V-AUROC: 0.6667  LR: 4.00e-06
2026-07-05 18:11:58,984 | [SIFT-DBT] | INFO | candidates.f_swin_sift_dbt.model_trainers.stage2_trainer | S2-Ep [043/500] T-Acc:  92.0%  V-Acc:  58.3%  V-AUROC: 0.6667  LR: 4.00e-06
2026-07-05 18:12:21,174 | [SIFT-DBT] | INFO | candidates.f_swin_sift_dbt.model_trainers.stage2_trainer | S2-Ep [044/500] T-Acc:  92.0%  V-Acc:  58.3%  V-AUROC: 0.6667  LR: 4.00e-06
2026-07-05 18:12:43,328 | [SIFT-DBT] | INFO | candidates.f_swin_sift_dbt.model_trainers.stage2_trainer | S2-Ep [045/500] T-Acc:  92.0%  V-Acc:  58.3%  V-AUROC: 0.6667  LR: 4.00e-06
2026-07-05 18:13:05,439 | [SIFT-DBT] | INFO | candidates.f_swin_sift_dbt.model_trainers.stage2_trainer | S2-Ep [046/500] T-Acc:  92.0%  V-Acc:  58.3%  V-AUROC: 0.6667  LR: 4.00e-06
2026-07-05 18:13:27,548 | [SIFT-DBT] | INFO | candidates.f_swin_sift_dbt.model_trainers.stage2_trainer | S2-Ep [047/500] T-Acc:  92.0%  V-Acc:  58.3%  V-AUROC: 0.6667  LR: 4.00e-06
2026-07-05 18:13:49,670 | [SIFT-DBT] | INFO | candidates.f_swin_sift_dbt.model_trainers.stage2_trainer | S2-Ep [048/500] T-Acc:  92.0%  V-Acc:  58.3%  V-AUROC: 0.6667  LR: 4.00e-06
2026-07-05 18:14:11,804 | [SIFT-DBT] | INFO | candidates.f_swin_sift_dbt.model_trainers.stage2_trainer | S2-Ep [049/500] T-Acc:  92.0%  V-Acc:  58.3%  V-AUROC: 0.6667  LR: 4.00e-06
2026-07-05 18:14:33,934 | [SIFT-DBT] | INFO | candidates.f_swin_sift_dbt.model_trainers.stage2_trainer | S2-Ep [050/500] T-Acc:  92.0%  V-Acc:  58.3%  V-AUROC: 0.6667  LR: 4.00e-06
2026-07-05 18:14:56,060 | [SIFT-DBT] | INFO | candidates.f_swin_sift_dbt.model_trainers.stage2_trainer | S2-Ep [051/500] T-Acc:  92.0%  V-Acc:  58.3%  V-AUROC: 0.6667  LR: 1.00e-06
2026-07-05 18:15:18,201 | [SIFT-DBT] | INFO | candidates.f_swin_sift_dbt.model_trainers.stage2_trainer | S2-Ep [052/500] T-Acc:  92.0%  V-Acc:  58.3%  V-AUROC: 0.6667  LR: 1.00e-06
2026-07-05 18:15:40,321 | [SIFT-DBT] | INFO | candidates.f_swin_sift_dbt.model_trainers.stage2_trainer | S2-Ep [053/500] T-Acc:  92.0%  V-Acc:  58.3%  V-AUROC: 0.6667  LR: 1.00e-06
2026-07-05 18:16:02,517 | [SIFT-DBT] | INFO | candidates.f_swin_sift_dbt.model_trainers.stage2_trainer | S2-Ep [054/500] T-Acc:  92.0%  V-Acc:  58.3%  V-AUROC: 0.6667  LR: 1.00e-06
2026-07-05 18:16:24,635 | [SIFT-DBT] | INFO | candidates.f_swin_sift_dbt.model_trainers.stage2_trainer | S2-Ep [055/500] T-Acc:  92.0%  V-Acc:  58.3%  V-AUROC: 0.6667  LR: 1.00e-06
2026-07-05 18:16:46,778 | [SIFT-DBT] | INFO | candidates.f_swin_sift_dbt.model_trainers.stage2_trainer | S2-Ep [056/500] T-Acc:  92.0%  V-Acc:  58.3%  V-AUROC: 0.6667  LR: 1.00e-06
2026-07-05 18:17:08,993 | [SIFT-DBT] | INFO | candidates.f_swin_sift_dbt.model_trainers.stage2_trainer | S2-Ep [057/500] T-Acc:  92.0%  V-Acc:  58.3%  V-AUROC: 0.6667  LR: 1.00e-06
2026-07-05 18:17:31,138 | [SIFT-DBT] | INFO | candidates.f_swin_sift_dbt.model_trainers.stage2_trainer | S2-Ep [058/500] T-Acc:  92.0%  V-Acc:  58.3%  V-AUROC: 0.6667  LR: 1.00e-06
2026-07-05 18:17:31,139 | [SIFT-DBT] | INFO | candidates.f_swin_sift_dbt.model_trainers.stage2_trainer | Stage 2 early stop — best AUROC 0.6667 at epoch 28
2026-07-05 18:17:31,320 | [SIFT-DBT] | INFO | candidates.f_swin_sift_dbt.model_trainers.stage2_trainer | Restored best-AUROC Stage 2 state (epoch 28, AUROC 0.6667)
2026-07-05 18:17:31,320 | [SIFT-DBT] | INFO | candidates.f_swin_sift_dbt.model_trainers.stage2_trainer | Stage 2 done. Best val AUROC: 0.6667 (epoch 28)
2026-07-05 18:17:47,570 | [SIFT-DBT] | INFO | candidates.f_swin_sift_dbt.hybrid_trainer | -> Fold 26 Result | Acc=0.583  Sens=0.833  Spec=0.333  AUROC=0.667  (S1 val-loss=0.7047)
2026-07-05 18:17:47,570 | [SIFT-DBT] | INFO | candidates.f_swin_sift_dbt.hybrid_trainer | ============================================================
2026-07-05 18:17:47,571 | [SIFT-DBT] | INFO | candidates.f_swin_sift_dbt.hybrid_trainer | === Fold 27/30 | train: 25 subj | test: 12 subj ===
2026-07-05 18:17:47,573 | [SIFT-DBT] | INFO | candidates.f_swin_sift_dbt.hybrid_trainer | Stage 1 fold 27 — flat windows: train 5534 (subj=22)  val 830 (subj=3)
2026-07-05 18:17:47,864 | [SIFT-DBT] | INFO | httpx | HTTP Request: HEAD https://huggingface.co/microsoft/swin-tiny-patch4-window7-224/resolve/main/config.json "HTTP/1.1 307 Temporary Redirect"
2026-07-05 18:17:47,879 | [SIFT-DBT] | INFO | httpx | HTTP Request: HEAD https://huggingface.co/api/resolve-cache/models/microsoft/swin-tiny-patch4-window7-224/d00d478bfaf1f417d34a1186673ad4b4be264c51/config.json "HTTP/1.1 200 OK"
2026-07-05 18:17:48,173 | [SIFT-DBT] | INFO | httpx | HTTP Request: HEAD https://huggingface.co/microsoft/swin-tiny-patch4-window7-224/resolve/main/model.safetensors "HTTP/1.1 302 Found"
2026-07-05 18:17:48,713 | [SIFT-DBT] | INFO | candidates.f_swin_sift_dbt.model_trainers.stage1_trainer | Stage 1 CE weights — HC: 1.370  MCI: 0.787
2026-07-05 18:18:31,539 | [SIFT-DBT] | INFO | candidates.f_swin_sift_dbt.model_trainers.stage1_trainer | S1-Ep [001/50] T-Loss: 0.6649  T-Acc:  59.9%  V-Loss: 0.9129  V-Acc:  31.4%  LR: 1.00e-05
2026-07-05 18:19:14,410 | [SIFT-DBT] | INFO | candidates.f_swin_sift_dbt.model_trainers.stage1_trainer | S1-Ep [002/50] T-Loss: 0.6337  T-Acc:  63.6%  V-Loss: 0.7325  V-Acc:  54.1%  LR: 2.00e-05
2026-07-05 18:19:58,906 | [SIFT-DBT] | INFO | candidates.f_swin_sift_dbt.model_trainers.stage1_trainer | S1-Ep [003/50] T-Loss: 0.6299  T-Acc:  63.6%  V-Loss: 1.0261  V-Acc:  34.1%  LR: 3.00e-05
2026-07-05 18:20:41,542 | [SIFT-DBT] | INFO | candidates.f_swin_sift_dbt.model_trainers.stage1_trainer | S1-Ep [004/50] T-Loss: 0.6022  T-Acc:  66.3%  V-Loss: 1.0182  V-Acc:  36.4%  LR: 4.00e-05
2026-07-05 18:21:24,182 | [SIFT-DBT] | INFO | candidates.f_swin_sift_dbt.model_trainers.stage1_trainer | S1-Ep [005/50] T-Loss: 0.5710  T-Acc:  69.7%  V-Loss: 0.8718  V-Acc:  44.6%  LR: 5.00e-05
2026-07-05 18:22:06,884 | [SIFT-DBT] | INFO | candidates.f_swin_sift_dbt.model_trainers.stage1_trainer | S1-Ep [006/50] T-Loss: 0.5056  T-Acc:  74.9%  V-Loss: 1.7415  V-Acc:  31.1%  LR: 5.00e-05
2026-07-05 18:22:49,522 | [SIFT-DBT] | INFO | candidates.f_swin_sift_dbt.model_trainers.stage1_trainer | S1-Ep [007/50] T-Loss: 0.3976  T-Acc:  81.7%  V-Loss: 1.4541  V-Acc:  38.0%  LR: 5.00e-05
2026-07-05 18:23:32,185 | [SIFT-DBT] | INFO | candidates.f_swin_sift_dbt.model_trainers.stage1_trainer | S1-Ep [008/50] T-Loss: 0.2940  T-Acc:  86.8%  V-Loss: 2.0591  V-Acc:  41.0%  LR: 5.00e-05
2026-07-05 18:24:14,850 | [SIFT-DBT] | INFO | candidates.f_swin_sift_dbt.model_trainers.stage1_trainer | S1-Ep [009/50] T-Loss: 0.2168  T-Acc:  91.3%  V-Loss: 2.6732  V-Acc:  36.5%  LR: 5.00e-05
2026-07-05 18:24:57,507 | [SIFT-DBT] | INFO | candidates.f_swin_sift_dbt.model_trainers.stage1_trainer | S1-Ep [010/50] T-Loss: 0.1712  T-Acc:  93.6%  V-Loss: 2.7127  V-Acc:  38.1%  LR: 5.00e-05
2026-07-05 18:25:40,157 | [SIFT-DBT] | INFO | candidates.f_swin_sift_dbt.model_trainers.stage1_trainer | S1-Ep [011/50] T-Loss: 0.1516  T-Acc:  94.2%  V-Loss: 3.2058  V-Acc:  36.6%  LR: 5.00e-05
2026-07-05 18:26:22,800 | [SIFT-DBT] | INFO | candidates.f_swin_sift_dbt.model_trainers.stage1_trainer | S1-Ep [012/50] T-Loss: 0.1268  T-Acc:  95.6%  V-Loss: 3.6519  V-Acc:  39.9%  LR: 5.00e-05
2026-07-05 18:26:22,801 | [SIFT-DBT] | INFO | candidates.f_swin_sift_dbt.model_trainers.stage1_trainer | Stage 1 early stop — best val loss 0.7325 at epoch 2
2026-07-05 18:26:22,801 | [SIFT-DBT] | INFO | candidates.f_swin_sift_dbt.model_trainers.stage1_trainer | Stage 1 done. Best val loss: 0.7325 (epoch 2)
2026-07-05 18:26:22,882 | [SIFT-DBT] | INFO | candidates.f_swin_sift_dbt.hybrid_trainer | Stage 2 fold 27 — bundles: train 25 (subj=25)  test 12 (subj=12)
2026-07-05 18:26:23,184 | [SIFT-DBT] | INFO | httpx | HTTP Request: HEAD https://huggingface.co/microsoft/swin-tiny-patch4-window7-224/resolve/main/config.json "HTTP/1.1 307 Temporary Redirect"
2026-07-05 18:26:23,201 | [SIFT-DBT] | INFO | httpx | HTTP Request: HEAD https://huggingface.co/api/resolve-cache/models/microsoft/swin-tiny-patch4-window7-224/d00d478bfaf1f417d34a1186673ad4b4be264c51/config.json "HTTP/1.1 200 OK"
2026-07-05 18:26:23,489 | [SIFT-DBT] | INFO | httpx | HTTP Request: HEAD https://huggingface.co/microsoft/swin-tiny-patch4-window7-224/resolve/main/model.safetensors "HTTP/1.1 302 Found"
2026-07-05 18:26:24,054 | [SIFT-DBT] | INFO | candidates.f_swin_sift_dbt.model_trainers.stage2_trainer | Stage 2 trainable params: 0.074 M  |  frozen: 27.519 M
2026-07-05 18:26:24,056 | [SIFT-DBT] | INFO | candidates.f_swin_sift_dbt.model_trainers.stage2_trainer | Stage 2 CE weights — HC: 1.389  MCI: 0.781
2026-07-05 18:26:46,657 | [SIFT-DBT] | INFO | candidates.f_swin_sift_dbt.model_trainers.stage2_trainer | S2-Ep [001/500] T-Acc:  64.0%  V-Acc:  58.3%  V-AUROC: 0.6857  LR: 2.00e-05
2026-07-05 18:27:09,386 | [SIFT-DBT] | INFO | candidates.f_swin_sift_dbt.model_trainers.stage2_trainer | S2-Ep [002/500] T-Acc:  72.0%  V-Acc:  58.3%  V-AUROC: 0.7429  LR: 4.00e-05
2026-07-05 18:27:34,300 | [SIFT-DBT] | INFO | candidates.f_swin_sift_dbt.model_trainers.stage2_trainer | S2-Ep [003/500] T-Acc:  92.0%  V-Acc:  58.3%  V-AUROC: 0.7429  LR: 6.00e-05
2026-07-05 18:27:56,397 | [SIFT-DBT] | INFO | candidates.f_swin_sift_dbt.model_trainers.stage2_trainer | S2-Ep [004/500] T-Acc:  92.0%  V-Acc:  58.3%  V-AUROC: 0.7429  LR: 8.00e-05
2026-07-05 18:28:18,758 | [SIFT-DBT] | INFO | candidates.f_swin_sift_dbt.model_trainers.stage2_trainer | S2-Ep [005/500] T-Acc:  92.0%  V-Acc:  58.3%  V-AUROC: 0.7429  LR: 1.00e-04
2026-07-05 18:28:41,135 | [SIFT-DBT] | INFO | candidates.f_swin_sift_dbt.model_trainers.stage2_trainer | S2-Ep [006/500] T-Acc:  92.0%  V-Acc:  58.3%  V-AUROC: 0.7429  LR: 1.00e-04
2026-07-05 18:29:03,504 | [SIFT-DBT] | INFO | candidates.f_swin_sift_dbt.model_trainers.stage2_trainer | S2-Ep [007/500] T-Acc:  92.0%  V-Acc:  58.3%  V-AUROC: 0.7429  LR: 1.00e-04
2026-07-05 18:29:25,605 | [SIFT-DBT] | INFO | candidates.f_swin_sift_dbt.model_trainers.stage2_trainer | S2-Ep [008/500] T-Acc:  92.0%  V-Acc:  58.3%  V-AUROC: 0.7143  LR: 1.00e-04
2026-07-05 18:29:47,695 | [SIFT-DBT] | INFO | candidates.f_swin_sift_dbt.model_trainers.stage2_trainer | S2-Ep [009/500] T-Acc:  92.0%  V-Acc:  58.3%  V-AUROC: 0.6857  LR: 1.00e-04
2026-07-05 18:30:09,789 | [SIFT-DBT] | INFO | candidates.f_swin_sift_dbt.model_trainers.stage2_trainer | S2-Ep [010/500] T-Acc:  92.0%  V-Acc:  58.3%  V-AUROC: 0.6857  LR: 1.00e-04
2026-07-05 18:30:31,882 | [SIFT-DBT] | INFO | candidates.f_swin_sift_dbt.model_trainers.stage2_trainer | S2-Ep [011/500] T-Acc:  92.0%  V-Acc:  66.7%  V-AUROC: 0.6857  LR: 1.00e-04
2026-07-05 18:30:53,986 | [SIFT-DBT] | INFO | candidates.f_swin_sift_dbt.model_trainers.stage2_trainer | S2-Ep [012/500] T-Acc:  92.0%  V-Acc:  75.0%  V-AUROC: 0.6286  LR: 1.00e-04
2026-07-05 18:31:16,115 | [SIFT-DBT] | INFO | candidates.f_swin_sift_dbt.model_trainers.stage2_trainer | S2-Ep [013/500] T-Acc:  92.0%  V-Acc:  66.7%  V-AUROC: 0.6286  LR: 1.00e-04
2026-07-05 18:31:38,239 | [SIFT-DBT] | INFO | candidates.f_swin_sift_dbt.model_trainers.stage2_trainer | S2-Ep [014/500] T-Acc: 100.0%  V-Acc:  66.7%  V-AUROC: 0.6286  LR: 1.00e-04
2026-07-05 18:32:00,423 | [SIFT-DBT] | INFO | candidates.f_swin_sift_dbt.model_trainers.stage2_trainer | S2-Ep [015/500] T-Acc:  96.0%  V-Acc:  66.7%  V-AUROC: 0.6000  LR: 1.00e-04
2026-07-05 18:32:22,852 | [SIFT-DBT] | INFO | candidates.f_swin_sift_dbt.model_trainers.stage2_trainer | S2-Ep [016/500] T-Acc:  92.0%  V-Acc:  50.0%  V-AUROC: 0.6000  LR: 1.00e-04
2026-07-05 18:32:44,950 | [SIFT-DBT] | INFO | candidates.f_swin_sift_dbt.model_trainers.stage2_trainer | S2-Ep [017/500] T-Acc:  96.0%  V-Acc:  50.0%  V-AUROC: 0.5714  LR: 1.00e-04
2026-07-05 18:33:07,061 | [SIFT-DBT] | INFO | candidates.f_swin_sift_dbt.model_trainers.stage2_trainer | S2-Ep [018/500] T-Acc:  96.0%  V-Acc:  50.0%  V-AUROC: 0.5714  LR: 2.00e-05
2026-07-05 18:33:29,165 | [SIFT-DBT] | INFO | candidates.f_swin_sift_dbt.model_trainers.stage2_trainer | S2-Ep [019/500] T-Acc:  96.0%  V-Acc:  50.0%  V-AUROC: 0.5714  LR: 2.00e-05
2026-07-05 18:33:51,279 | [SIFT-DBT] | INFO | candidates.f_swin_sift_dbt.model_trainers.stage2_trainer | S2-Ep [020/500] T-Acc:  96.0%  V-Acc:  50.0%  V-AUROC: 0.5714  LR: 2.00e-05
2026-07-05 18:34:13,374 | [SIFT-DBT] | INFO | candidates.f_swin_sift_dbt.model_trainers.stage2_trainer | S2-Ep [021/500] T-Acc:  96.0%  V-Acc:  50.0%  V-AUROC: 0.5714  LR: 2.00e-05
2026-07-05 18:34:35,479 | [SIFT-DBT] | INFO | candidates.f_swin_sift_dbt.model_trainers.stage2_trainer | S2-Ep [022/500] T-Acc:  96.0%  V-Acc:  50.0%  V-AUROC: 0.5714  LR: 2.00e-05
2026-07-05 18:34:57,603 | [SIFT-DBT] | INFO | candidates.f_swin_sift_dbt.model_trainers.stage2_trainer | S2-Ep [023/500] T-Acc:  96.0%  V-Acc:  50.0%  V-AUROC: 0.5714  LR: 2.00e-05
2026-07-05 18:35:19,733 | [SIFT-DBT] | INFO | candidates.f_swin_sift_dbt.model_trainers.stage2_trainer | S2-Ep [024/500] T-Acc:  96.0%  V-Acc:  50.0%  V-AUROC: 0.5714  LR: 2.00e-05
2026-07-05 18:35:41,858 | [SIFT-DBT] | INFO | candidates.f_swin_sift_dbt.model_trainers.stage2_trainer | S2-Ep [025/500] T-Acc:  96.0%  V-Acc:  50.0%  V-AUROC: 0.5714  LR: 2.00e-05
2026-07-05 18:36:03,964 | [SIFT-DBT] | INFO | candidates.f_swin_sift_dbt.model_trainers.stage2_trainer | S2-Ep [026/500] T-Acc:  96.0%  V-Acc:  50.0%  V-AUROC: 0.5429  LR: 2.00e-05
2026-07-05 18:36:26,063 | [SIFT-DBT] | INFO | candidates.f_swin_sift_dbt.model_trainers.stage2_trainer | S2-Ep [027/500] T-Acc:  96.0%  V-Acc:  50.0%  V-AUROC: 0.5429  LR: 2.00e-05
2026-07-05 18:36:48,247 | [SIFT-DBT] | INFO | candidates.f_swin_sift_dbt.model_trainers.stage2_trainer | S2-Ep [028/500] T-Acc:  96.0%  V-Acc:  50.0%  V-AUROC: 0.5429  LR: 2.00e-05
2026-07-05 18:37:10,430 | [SIFT-DBT] | INFO | candidates.f_swin_sift_dbt.model_trainers.stage2_trainer | S2-Ep [029/500] T-Acc:  96.0%  V-Acc:  50.0%  V-AUROC: 0.5429  LR: 4.00e-06
2026-07-05 18:37:32,556 | [SIFT-DBT] | INFO | candidates.f_swin_sift_dbt.model_trainers.stage2_trainer | S2-Ep [030/500] T-Acc:  96.0%  V-Acc:  50.0%  V-AUROC: 0.5429  LR: 4.00e-06
2026-07-05 18:37:54,658 | [SIFT-DBT] | INFO | candidates.f_swin_sift_dbt.model_trainers.stage2_trainer | S2-Ep [031/500] T-Acc:  96.0%  V-Acc:  50.0%  V-AUROC: 0.5429  LR: 4.00e-06
2026-07-05 18:38:16,798 | [SIFT-DBT] | INFO | candidates.f_swin_sift_dbt.model_trainers.stage2_trainer | S2-Ep [032/500] T-Acc: 100.0%  V-Acc:  50.0%  V-AUROC: 0.5429  LR: 4.00e-06
2026-07-05 18:38:16,799 | [SIFT-DBT] | INFO | candidates.f_swin_sift_dbt.model_trainers.stage2_trainer | Stage 2 early stop — best AUROC 0.7429 at epoch 2
2026-07-05 18:38:16,966 | [SIFT-DBT] | INFO | candidates.f_swin_sift_dbt.model_trainers.stage2_trainer | Restored best-AUROC Stage 2 state (epoch 2, AUROC 0.7429)
2026-07-05 18:38:16,967 | [SIFT-DBT] | INFO | candidates.f_swin_sift_dbt.model_trainers.stage2_trainer | Stage 2 done. Best val AUROC: 0.7429 (epoch 2)
2026-07-05 18:38:32,171 | [SIFT-DBT] | INFO | candidates.f_swin_sift_dbt.hybrid_trainer | -> Fold 27 Result | Acc=0.583  Sens=1.000  Spec=0.000  AUROC=0.743  (S1 val-loss=0.7325)
2026-07-05 18:38:32,172 | [SIFT-DBT] | INFO | candidates.f_swin_sift_dbt.hybrid_trainer | ============================================================
2026-07-05 18:38:32,172 | [SIFT-DBT] | INFO | candidates.f_swin_sift_dbt.hybrid_trainer | === Fold 28/30 | train: 25 subj | test: 12 subj ===
2026-07-05 18:38:32,175 | [SIFT-DBT] | INFO | candidates.f_swin_sift_dbt.hybrid_trainer | Stage 1 fold 28 — flat windows: train 5569 (subj=22)  val 849 (subj=3)
2026-07-05 18:38:32,425 | [SIFT-DBT] | INFO | httpx | HTTP Request: HEAD https://huggingface.co/microsoft/swin-tiny-patch4-window7-224/resolve/main/config.json "HTTP/1.1 307 Temporary Redirect"
2026-07-05 18:38:32,442 | [SIFT-DBT] | INFO | httpx | HTTP Request: HEAD https://huggingface.co/api/resolve-cache/models/microsoft/swin-tiny-patch4-window7-224/d00d478bfaf1f417d34a1186673ad4b4be264c51/config.json "HTTP/1.1 200 OK"
2026-07-05 18:38:32,712 | [SIFT-DBT] | INFO | httpx | HTTP Request: HEAD https://huggingface.co/microsoft/swin-tiny-patch4-window7-224/resolve/main/model.safetensors "HTTP/1.1 302 Found"
2026-07-05 18:38:33,234 | [SIFT-DBT] | INFO | candidates.f_swin_sift_dbt.model_trainers.stage1_trainer | Stage 1 CE weights — HC: 1.350  MCI: 0.794
2026-07-05 18:39:16,454 | [SIFT-DBT] | INFO | candidates.f_swin_sift_dbt.model_trainers.stage1_trainer | S1-Ep [001/50] T-Loss: 0.6694  T-Acc:  57.6%  V-Loss: 0.6951  V-Acc:  59.6%  LR: 1.00e-05
2026-07-05 18:39:59,653 | [SIFT-DBT] | INFO | candidates.f_swin_sift_dbt.model_trainers.stage1_trainer | S1-Ep [002/50] T-Loss: 0.6345  T-Acc:  63.2%  V-Loss: 0.8891  V-Acc:  41.1%  LR: 2.00e-05
2026-07-05 18:40:42,624 | [SIFT-DBT] | INFO | candidates.f_swin_sift_dbt.model_trainers.stage1_trainer | S1-Ep [003/50] T-Loss: 0.6241  T-Acc:  64.6%  V-Loss: 0.7321  V-Acc:  58.0%  LR: 3.00e-05
2026-07-05 18:41:25,602 | [SIFT-DBT] | INFO | candidates.f_swin_sift_dbt.model_trainers.stage1_trainer | S1-Ep [004/50] T-Loss: 0.6089  T-Acc:  66.6%  V-Loss: 0.7222  V-Acc:  62.8%  LR: 4.00e-05
2026-07-05 18:42:08,637 | [SIFT-DBT] | INFO | candidates.f_swin_sift_dbt.model_trainers.stage1_trainer | S1-Ep [005/50] T-Loss: 0.5863  T-Acc:  68.5%  V-Loss: 0.6556  V-Acc:  67.5%  LR: 5.00e-05
2026-07-05 18:42:53,944 | [SIFT-DBT] | INFO | candidates.f_swin_sift_dbt.model_trainers.stage1_trainer | S1-Ep [006/50] T-Loss: 0.5434  T-Acc:  71.6%  V-Loss: 1.1819  V-Acc:  42.4%  LR: 5.00e-05
2026-07-05 18:43:36,939 | [SIFT-DBT] | INFO | candidates.f_swin_sift_dbt.model_trainers.stage1_trainer | S1-Ep [007/50] T-Loss: 0.4711  T-Acc:  76.4%  V-Loss: 0.9946  V-Acc:  51.5%  LR: 5.00e-05
2026-07-05 18:44:19,986 | [SIFT-DBT] | INFO | candidates.f_swin_sift_dbt.model_trainers.stage1_trainer | S1-Ep [008/50] T-Loss: 0.3710  T-Acc:  83.6%  V-Loss: 1.5998  V-Acc:  41.0%  LR: 5.00e-05
2026-07-05 18:45:03,047 | [SIFT-DBT] | INFO | candidates.f_swin_sift_dbt.model_trainers.stage1_trainer | S1-Ep [009/50] T-Loss: 0.2903  T-Acc:  87.2%  V-Loss: 1.5663  V-Acc:  49.4%  LR: 5.00e-05
2026-07-05 18:45:46,116 | [SIFT-DBT] | INFO | candidates.f_swin_sift_dbt.model_trainers.stage1_trainer | S1-Ep [010/50] T-Loss: 0.2042  T-Acc:  92.0%  V-Loss: 1.6780  V-Acc:  48.2%  LR: 5.00e-05
2026-07-05 18:46:29,165 | [SIFT-DBT] | INFO | candidates.f_swin_sift_dbt.model_trainers.stage1_trainer | S1-Ep [011/50] T-Loss: 0.1601  T-Acc:  93.9%  V-Loss: 1.7502  V-Acc:  51.0%  LR: 5.00e-05
2026-07-05 18:47:12,191 | [SIFT-DBT] | INFO | candidates.f_swin_sift_dbt.model_trainers.stage1_trainer | S1-Ep [012/50] T-Loss: 0.1404  T-Acc:  94.8%  V-Loss: 2.9061  V-Acc:  36.4%  LR: 5.00e-05
2026-07-05 18:47:55,260 | [SIFT-DBT] | INFO | candidates.f_swin_sift_dbt.model_trainers.stage1_trainer | S1-Ep [013/50] T-Loss: 0.1109  T-Acc:  96.0%  V-Loss: 3.2805  V-Acc:  43.2%  LR: 5.00e-05
2026-07-05 18:48:38,270 | [SIFT-DBT] | INFO | candidates.f_swin_sift_dbt.model_trainers.stage1_trainer | S1-Ep [014/50] T-Loss: 0.0459  T-Acc:  98.5%  V-Loss: 4.6835  V-Acc:  43.7%  LR: 1.00e-05
2026-07-05 18:49:21,286 | [SIFT-DBT] | INFO | candidates.f_swin_sift_dbt.model_trainers.stage1_trainer | S1-Ep [015/50] T-Loss: 0.0336  T-Acc:  99.2%  V-Loss: 5.2053  V-Acc:  45.8%  LR: 1.00e-05
2026-07-05 18:49:21,286 | [SIFT-DBT] | INFO | candidates.f_swin_sift_dbt.model_trainers.stage1_trainer | Stage 1 early stop — best val loss 0.6556 at epoch 5
2026-07-05 18:49:21,287 | [SIFT-DBT] | INFO | candidates.f_swin_sift_dbt.model_trainers.stage1_trainer | Stage 1 done. Best val loss: 0.6556 (epoch 5)
2026-07-05 18:49:21,362 | [SIFT-DBT] | INFO | candidates.f_swin_sift_dbt.hybrid_trainer | Stage 2 fold 28 — bundles: train 25 (subj=25)  test 12 (subj=12)
2026-07-05 18:49:21,644 | [SIFT-DBT] | INFO | httpx | HTTP Request: HEAD https://huggingface.co/microsoft/swin-tiny-patch4-window7-224/resolve/main/config.json "HTTP/1.1 307 Temporary Redirect"
2026-07-05 18:49:21,661 | [SIFT-DBT] | INFO | httpx | HTTP Request: HEAD https://huggingface.co/api/resolve-cache/models/microsoft/swin-tiny-patch4-window7-224/d00d478bfaf1f417d34a1186673ad4b4be264c51/config.json "HTTP/1.1 200 OK"
2026-07-05 18:49:21,953 | [SIFT-DBT] | INFO | httpx | HTTP Request: HEAD https://huggingface.co/microsoft/swin-tiny-patch4-window7-224/resolve/main/model.safetensors "HTTP/1.1 302 Found"
2026-07-05 18:49:22,483 | [SIFT-DBT] | INFO | candidates.f_swin_sift_dbt.model_trainers.stage2_trainer | Stage 2 trainable params: 0.074 M  |  frozen: 27.519 M
2026-07-05 18:49:22,484 | [SIFT-DBT] | INFO | candidates.f_swin_sift_dbt.model_trainers.stage2_trainer | Stage 2 CE weights — HC: 1.389  MCI: 0.781
2026-07-05 18:49:45,058 | [SIFT-DBT] | INFO | candidates.f_swin_sift_dbt.model_trainers.stage2_trainer | S2-Ep [001/500] T-Acc:  16.0%  V-Acc:  41.7%  V-AUROC: 0.5714  LR: 2.00e-05
2026-07-05 18:50:07,452 | [SIFT-DBT] | INFO | candidates.f_swin_sift_dbt.model_trainers.stage2_trainer | S2-Ep [002/500] T-Acc:  60.0%  V-Acc:  50.0%  V-AUROC: 0.6286  LR: 4.00e-05
2026-07-05 18:50:31,684 | [SIFT-DBT] | INFO | candidates.f_swin_sift_dbt.model_trainers.stage2_trainer | S2-Ep [003/500] T-Acc:  96.0%  V-Acc:  83.3%  V-AUROC: 0.6286  LR: 6.00e-05
2026-07-05 18:50:53,814 | [SIFT-DBT] | INFO | candidates.f_swin_sift_dbt.model_trainers.stage2_trainer | S2-Ep [004/500] T-Acc:  96.0%  V-Acc:  58.3%  V-AUROC: 0.6286  LR: 8.00e-05
2026-07-05 18:51:15,932 | [SIFT-DBT] | INFO | candidates.f_swin_sift_dbt.model_trainers.stage2_trainer | S2-Ep [005/500] T-Acc: 100.0%  V-Acc:  58.3%  V-AUROC: 0.6000  LR: 1.00e-04
2026-07-05 18:51:38,040 | [SIFT-DBT] | INFO | candidates.f_swin_sift_dbt.model_trainers.stage2_trainer | S2-Ep [006/500] T-Acc:  92.0%  V-Acc:  58.3%  V-AUROC: 0.6000  LR: 1.00e-04
2026-07-05 18:52:00,160 | [SIFT-DBT] | INFO | candidates.f_swin_sift_dbt.model_trainers.stage2_trainer | S2-Ep [007/500] T-Acc:  96.0%  V-Acc:  58.3%  V-AUROC: 0.6000  LR: 1.00e-04
2026-07-05 18:52:22,350 | [SIFT-DBT] | INFO | candidates.f_swin_sift_dbt.model_trainers.stage2_trainer | S2-Ep [008/500] T-Acc:  92.0%  V-Acc:  58.3%  V-AUROC: 0.6000  LR: 1.00e-04
2026-07-05 18:52:44,465 | [SIFT-DBT] | INFO | candidates.f_swin_sift_dbt.model_trainers.stage2_trainer | S2-Ep [009/500] T-Acc:  96.0%  V-Acc:  58.3%  V-AUROC: 0.6000  LR: 1.00e-04
2026-07-05 18:53:06,569 | [SIFT-DBT] | INFO | candidates.f_swin_sift_dbt.model_trainers.stage2_trainer | S2-Ep [010/500] T-Acc:  92.0%  V-Acc:  75.0%  V-AUROC: 0.6000  LR: 1.00e-04
2026-07-05 18:53:28,674 | [SIFT-DBT] | INFO | candidates.f_swin_sift_dbt.model_trainers.stage2_trainer | S2-Ep [011/500] T-Acc:  96.0%  V-Acc:  83.3%  V-AUROC: 0.6286  LR: 1.00e-04
2026-07-05 18:53:50,781 | [SIFT-DBT] | INFO | candidates.f_swin_sift_dbt.model_trainers.stage2_trainer | S2-Ep [012/500] T-Acc:  96.0%  V-Acc:  75.0%  V-AUROC: 0.6286  LR: 1.00e-04
2026-07-05 18:54:12,883 | [SIFT-DBT] | INFO | candidates.f_swin_sift_dbt.model_trainers.stage2_trainer | S2-Ep [013/500] T-Acc:  96.0%  V-Acc:  75.0%  V-AUROC: 0.6286  LR: 1.00e-04
2026-07-05 18:54:35,271 | [SIFT-DBT] | INFO | candidates.f_swin_sift_dbt.model_trainers.stage2_trainer | S2-Ep [014/500] T-Acc:  96.0%  V-Acc:  66.7%  V-AUROC: 0.6000  LR: 1.00e-04
2026-07-05 18:54:57,411 | [SIFT-DBT] | INFO | candidates.f_swin_sift_dbt.model_trainers.stage2_trainer | S2-Ep [015/500] T-Acc: 100.0%  V-Acc:  58.3%  V-AUROC: 0.6286  LR: 1.00e-04
2026-07-05 18:55:19,540 | [SIFT-DBT] | INFO | candidates.f_swin_sift_dbt.model_trainers.stage2_trainer | S2-Ep [016/500] T-Acc:  96.0%  V-Acc:  66.7%  V-AUROC: 0.6286  LR: 1.00e-04
2026-07-05 18:55:41,703 | [SIFT-DBT] | INFO | candidates.f_swin_sift_dbt.model_trainers.stage2_trainer | S2-Ep [017/500] T-Acc:  96.0%  V-Acc:  66.7%  V-AUROC: 0.5714  LR: 1.00e-04
2026-07-05 18:56:03,871 | [SIFT-DBT] | INFO | candidates.f_swin_sift_dbt.model_trainers.stage2_trainer | S2-Ep [018/500] T-Acc: 100.0%  V-Acc:  58.3%  V-AUROC: 0.5429  LR: 1.00e-04
2026-07-05 18:56:26,013 | [SIFT-DBT] | INFO | candidates.f_swin_sift_dbt.model_trainers.stage2_trainer | S2-Ep [019/500] T-Acc: 100.0%  V-Acc:  58.3%  V-AUROC: 0.5429  LR: 1.00e-04
2026-07-05 18:56:48,147 | [SIFT-DBT] | INFO | candidates.f_swin_sift_dbt.model_trainers.stage2_trainer | S2-Ep [020/500] T-Acc:  96.0%  V-Acc:  50.0%  V-AUROC: 0.5429  LR: 1.00e-04
2026-07-05 18:57:10,337 | [SIFT-DBT] | INFO | candidates.f_swin_sift_dbt.model_trainers.stage2_trainer | S2-Ep [021/500] T-Acc: 100.0%  V-Acc:  50.0%  V-AUROC: 0.5429  LR: 1.00e-04
2026-07-05 18:57:32,445 | [SIFT-DBT] | INFO | candidates.f_swin_sift_dbt.model_trainers.stage2_trainer | S2-Ep [022/500] T-Acc: 100.0%  V-Acc:  50.0%  V-AUROC: 0.5429  LR: 1.00e-04
2026-07-05 18:57:54,559 | [SIFT-DBT] | INFO | candidates.f_swin_sift_dbt.model_trainers.stage2_trainer | S2-Ep [023/500] T-Acc: 100.0%  V-Acc:  50.0%  V-AUROC: 0.5429  LR: 2.00e-05
2026-07-05 18:58:17,076 | [SIFT-DBT] | INFO | candidates.f_swin_sift_dbt.model_trainers.stage2_trainer | S2-Ep [024/500] T-Acc: 100.0%  V-Acc:  50.0%  V-AUROC: 0.5429  LR: 2.00e-05
2026-07-05 18:58:39,204 | [SIFT-DBT] | INFO | candidates.f_swin_sift_dbt.model_trainers.stage2_trainer | S2-Ep [025/500] T-Acc: 100.0%  V-Acc:  50.0%  V-AUROC: 0.5429  LR: 2.00e-05
2026-07-05 18:59:01,313 | [SIFT-DBT] | INFO | candidates.f_swin_sift_dbt.model_trainers.stage2_trainer | S2-Ep [026/500] T-Acc: 100.0%  V-Acc:  50.0%  V-AUROC: 0.5429  LR: 2.00e-05
2026-07-05 18:59:23,487 | [SIFT-DBT] | INFO | candidates.f_swin_sift_dbt.model_trainers.stage2_trainer | S2-Ep [027/500] T-Acc: 100.0%  V-Acc:  50.0%  V-AUROC: 0.5429  LR: 2.00e-05
2026-07-05 18:59:45,689 | [SIFT-DBT] | INFO | candidates.f_swin_sift_dbt.model_trainers.stage2_trainer | S2-Ep [028/500] T-Acc: 100.0%  V-Acc:  50.0%  V-AUROC: 0.5429  LR: 2.00e-05
2026-07-05 19:00:07,785 | [SIFT-DBT] | INFO | candidates.f_swin_sift_dbt.model_trainers.stage2_trainer | S2-Ep [029/500] T-Acc: 100.0%  V-Acc:  50.0%  V-AUROC: 0.5429  LR: 2.00e-05
2026-07-05 19:00:29,890 | [SIFT-DBT] | INFO | candidates.f_swin_sift_dbt.model_trainers.stage2_trainer | S2-Ep [030/500] T-Acc: 100.0%  V-Acc:  50.0%  V-AUROC: 0.5429  LR: 2.00e-05
2026-07-05 19:00:52,027 | [SIFT-DBT] | INFO | candidates.f_swin_sift_dbt.model_trainers.stage2_trainer | S2-Ep [031/500] T-Acc: 100.0%  V-Acc:  50.0%  V-AUROC: 0.5429  LR: 2.00e-05
2026-07-05 19:01:14,131 | [SIFT-DBT] | INFO | candidates.f_swin_sift_dbt.model_trainers.stage2_trainer | S2-Ep [032/500] T-Acc: 100.0%  V-Acc:  50.0%  V-AUROC: 0.5429  LR: 2.00e-05
2026-07-05 19:01:14,131 | [SIFT-DBT] | INFO | candidates.f_swin_sift_dbt.model_trainers.stage2_trainer | Stage 2 early stop — best AUROC 0.6286 at epoch 2
2026-07-05 19:01:14,286 | [SIFT-DBT] | INFO | candidates.f_swin_sift_dbt.model_trainers.stage2_trainer | Restored best-AUROC Stage 2 state (epoch 2, AUROC 0.6286)
2026-07-05 19:01:14,287 | [SIFT-DBT] | INFO | candidates.f_swin_sift_dbt.model_trainers.stage2_trainer | Stage 2 done. Best val AUROC: 0.6286 (epoch 2)
2026-07-05 19:01:28,961 | [SIFT-DBT] | INFO | candidates.f_swin_sift_dbt.hybrid_trainer | -> Fold 28 Result | Acc=0.500  Sens=0.429  Spec=0.600  AUROC=0.629  (S1 val-loss=0.6556)
2026-07-05 19:01:28,962 | [SIFT-DBT] | INFO | candidates.f_swin_sift_dbt.hybrid_trainer | ============================================================
2026-07-05 19:01:28,962 | [SIFT-DBT] | INFO | candidates.f_swin_sift_dbt.hybrid_trainer | === Fold 29/30 | train: 25 subj | test: 12 subj ===
2026-07-05 19:01:28,965 | [SIFT-DBT] | INFO | candidates.f_swin_sift_dbt.hybrid_trainer | Stage 1 fold 29 — flat windows: train 5616 (subj=22)  val 820 (subj=3)
2026-07-05 19:01:29,344 | [SIFT-DBT] | INFO | httpx | HTTP Request: HEAD https://huggingface.co/microsoft/swin-tiny-patch4-window7-224/resolve/main/config.json "HTTP/1.1 307 Temporary Redirect"
2026-07-05 19:01:29,360 | [SIFT-DBT] | INFO | httpx | HTTP Request: HEAD https://huggingface.co/api/resolve-cache/models/microsoft/swin-tiny-patch4-window7-224/d00d478bfaf1f417d34a1186673ad4b4be264c51/config.json "HTTP/1.1 200 OK"
2026-07-05 19:01:29,643 | [SIFT-DBT] | INFO | httpx | HTTP Request: HEAD https://huggingface.co/microsoft/swin-tiny-patch4-window7-224/resolve/main/model.safetensors "HTTP/1.1 302 Found"
2026-07-05 19:01:30,164 | [SIFT-DBT] | INFO | candidates.f_swin_sift_dbt.model_trainers.stage1_trainer | Stage 1 CE weights — HC: 0.990  MCI: 1.010
2026-07-05 19:02:13,712 | [SIFT-DBT] | INFO | candidates.f_swin_sift_dbt.model_trainers.stage1_trainer | S1-Ep [001/50] T-Loss: 0.6893  T-Acc:  53.3%  V-Loss: 0.8069  V-Acc:  32.7%  LR: 1.00e-05
2026-07-05 19:02:57,209 | [SIFT-DBT] | INFO | candidates.f_swin_sift_dbt.model_trainers.stage1_trainer | S1-Ep [002/50] T-Loss: 0.6732  T-Acc:  57.9%  V-Loss: 0.8711  V-Acc:  33.8%  LR: 2.00e-05
2026-07-05 19:03:40,496 | [SIFT-DBT] | INFO | candidates.f_swin_sift_dbt.model_trainers.stage1_trainer | S1-Ep [003/50] T-Loss: 0.6583  T-Acc:  60.6%  V-Loss: 0.6071  V-Acc:  72.8%  LR: 3.00e-05
2026-07-05 19:04:25,463 | [SIFT-DBT] | INFO | candidates.f_swin_sift_dbt.model_trainers.stage1_trainer | S1-Ep [004/50] T-Loss: 0.6515  T-Acc:  62.3%  V-Loss: 0.9285  V-Acc:  36.2%  LR: 4.00e-05
2026-07-05 19:05:08,743 | [SIFT-DBT] | INFO | candidates.f_swin_sift_dbt.model_trainers.stage1_trainer | S1-Ep [005/50] T-Loss: 0.6077  T-Acc:  67.2%  V-Loss: 0.7674  V-Acc:  52.1%  LR: 5.00e-05
2026-07-05 19:05:52,048 | [SIFT-DBT] | INFO | candidates.f_swin_sift_dbt.model_trainers.stage1_trainer | S1-Ep [006/50] T-Loss: 0.5343  T-Acc:  73.4%  V-Loss: 0.9838  V-Acc:  47.3%  LR: 5.00e-05
2026-07-05 19:06:35,313 | [SIFT-DBT] | INFO | candidates.f_swin_sift_dbt.model_trainers.stage1_trainer | S1-Ep [007/50] T-Loss: 0.4117  T-Acc:  80.7%  V-Loss: 1.2218  V-Acc:  42.4%  LR: 5.00e-05
2026-07-05 19:07:18,629 | [SIFT-DBT] | INFO | candidates.f_swin_sift_dbt.model_trainers.stage1_trainer | S1-Ep [008/50] T-Loss: 0.2874  T-Acc:  87.9%  V-Loss: 2.0587  V-Acc:  43.9%  LR: 5.00e-05
2026-07-05 19:08:01,908 | [SIFT-DBT] | INFO | candidates.f_swin_sift_dbt.model_trainers.stage1_trainer | S1-Ep [009/50] T-Loss: 0.2208  T-Acc:  91.3%  V-Loss: 1.7651  V-Acc:  43.4%  LR: 5.00e-05
2026-07-05 19:08:45,179 | [SIFT-DBT] | INFO | candidates.f_swin_sift_dbt.model_trainers.stage1_trainer | S1-Ep [010/50] T-Loss: 0.1442  T-Acc:  94.5%  V-Loss: 1.8330  V-Acc:  50.0%  LR: 5.00e-05
2026-07-05 19:09:28,430 | [SIFT-DBT] | INFO | candidates.f_swin_sift_dbt.model_trainers.stage1_trainer | S1-Ep [011/50] T-Loss: 0.1483  T-Acc:  94.5%  V-Loss: 2.6763  V-Acc:  41.0%  LR: 5.00e-05
2026-07-05 19:10:11,700 | [SIFT-DBT] | INFO | candidates.f_swin_sift_dbt.model_trainers.stage1_trainer | S1-Ep [012/50] T-Loss: 0.1206  T-Acc:  95.5%  V-Loss: 2.5035  V-Acc:  43.0%  LR: 5.00e-05
2026-07-05 19:10:54,971 | [SIFT-DBT] | INFO | candidates.f_swin_sift_dbt.model_trainers.stage1_trainer | S1-Ep [013/50] T-Loss: 0.0425  T-Acc:  98.5%  V-Loss: 3.9512  V-Acc:  46.6%  LR: 1.00e-05
2026-07-05 19:10:54,971 | [SIFT-DBT] | INFO | candidates.f_swin_sift_dbt.model_trainers.stage1_trainer | Stage 1 early stop — best val loss 0.6071 at epoch 3
2026-07-05 19:10:54,971 | [SIFT-DBT] | INFO | candidates.f_swin_sift_dbt.model_trainers.stage1_trainer | Stage 1 done. Best val loss: 0.6071 (epoch 3)
2026-07-05 19:10:55,050 | [SIFT-DBT] | INFO | candidates.f_swin_sift_dbt.hybrid_trainer | Stage 2 fold 29 — bundles: train 25 (subj=25)  test 12 (subj=12)
2026-07-05 19:10:55,435 | [SIFT-DBT] | INFO | httpx | HTTP Request: HEAD https://huggingface.co/microsoft/swin-tiny-patch4-window7-224/resolve/main/config.json "HTTP/1.1 307 Temporary Redirect"
2026-07-05 19:10:55,454 | [SIFT-DBT] | INFO | httpx | HTTP Request: HEAD https://huggingface.co/api/resolve-cache/models/microsoft/swin-tiny-patch4-window7-224/d00d478bfaf1f417d34a1186673ad4b4be264c51/config.json "HTTP/1.1 200 OK"
2026-07-05 19:10:55,745 | [SIFT-DBT] | INFO | httpx | HTTP Request: HEAD https://huggingface.co/microsoft/swin-tiny-patch4-window7-224/resolve/main/model.safetensors "HTTP/1.1 302 Found"
2026-07-05 19:10:56,357 | [SIFT-DBT] | INFO | candidates.f_swin_sift_dbt.model_trainers.stage2_trainer | Stage 2 trainable params: 0.074 M  |  frozen: 27.519 M
2026-07-05 19:10:56,359 | [SIFT-DBT] | INFO | candidates.f_swin_sift_dbt.model_trainers.stage2_trainer | Stage 2 CE weights — HC: 1.042  MCI: 0.962
2026-07-05 19:11:18,596 | [SIFT-DBT] | INFO | candidates.f_swin_sift_dbt.model_trainers.stage2_trainer | S2-Ep [001/500] T-Acc:  72.0%  V-Acc:  25.0%  V-AUROC: 0.2500  LR: 2.00e-05
2026-07-05 19:11:41,082 | [SIFT-DBT] | INFO | candidates.f_swin_sift_dbt.model_trainers.stage2_trainer | S2-Ep [002/500] T-Acc:  88.0%  V-Acc:  58.3%  V-AUROC: 0.1500  LR: 4.00e-05
2026-07-05 19:12:03,197 | [SIFT-DBT] | INFO | candidates.f_swin_sift_dbt.model_trainers.stage2_trainer | S2-Ep [003/500] T-Acc:  92.0%  V-Acc:  75.0%  V-AUROC: 0.1000  LR: 6.00e-05
2026-07-05 19:12:25,421 | [SIFT-DBT] | INFO | candidates.f_swin_sift_dbt.model_trainers.stage2_trainer | S2-Ep [004/500] T-Acc:  88.0%  V-Acc:  83.3%  V-AUROC: 0.1000  LR: 8.00e-05
2026-07-05 19:12:47,541 | [SIFT-DBT] | INFO | candidates.f_swin_sift_dbt.model_trainers.stage2_trainer | S2-Ep [005/500] T-Acc:  88.0%  V-Acc:  83.3%  V-AUROC: 0.1000  LR: 1.00e-04
2026-07-05 19:13:09,655 | [SIFT-DBT] | INFO | candidates.f_swin_sift_dbt.model_trainers.stage2_trainer | S2-Ep [006/500] T-Acc:  92.0%  V-Acc:  83.3%  V-AUROC: 0.1000  LR: 1.00e-04
2026-07-05 19:13:31,767 | [SIFT-DBT] | INFO | candidates.f_swin_sift_dbt.model_trainers.stage2_trainer | S2-Ep [007/500] T-Acc:  92.0%  V-Acc:  75.0%  V-AUROC: 0.1000  LR: 1.00e-04
2026-07-05 19:13:53,896 | [SIFT-DBT] | INFO | candidates.f_swin_sift_dbt.model_trainers.stage2_trainer | S2-Ep [008/500] T-Acc:  92.0%  V-Acc:  66.7%  V-AUROC: 0.1000  LR: 1.00e-04
2026-07-05 19:14:16,062 | [SIFT-DBT] | INFO | candidates.f_swin_sift_dbt.model_trainers.stage2_trainer | S2-Ep [009/500] T-Acc:  92.0%  V-Acc:  58.3%  V-AUROC: 0.1000  LR: 1.00e-04
2026-07-05 19:14:38,489 | [SIFT-DBT] | INFO | candidates.f_swin_sift_dbt.model_trainers.stage2_trainer | S2-Ep [010/500] T-Acc:  88.0%  V-Acc:  58.3%  V-AUROC: 0.1000  LR: 1.00e-04
2026-07-05 19:15:00,657 | [SIFT-DBT] | INFO | candidates.f_swin_sift_dbt.model_trainers.stage2_trainer | S2-Ep [011/500] T-Acc:  88.0%  V-Acc:  58.3%  V-AUROC: 0.1000  LR: 1.00e-04
2026-07-05 19:15:22,830 | [SIFT-DBT] | INFO | candidates.f_swin_sift_dbt.model_trainers.stage2_trainer | S2-Ep [012/500] T-Acc:  88.0%  V-Acc:  58.3%  V-AUROC: 0.1000  LR: 1.00e-04
2026-07-05 19:15:44,945 | [SIFT-DBT] | INFO | candidates.f_swin_sift_dbt.model_trainers.stage2_trainer | S2-Ep [013/500] T-Acc:  92.0%  V-Acc:  41.7%  V-AUROC: 0.1000  LR: 1.00e-04
2026-07-05 19:16:07,059 | [SIFT-DBT] | INFO | candidates.f_swin_sift_dbt.model_trainers.stage2_trainer | S2-Ep [014/500] T-Acc:  92.0%  V-Acc:  16.7%  V-AUROC: 0.1000  LR: 1.00e-04
2026-07-05 19:16:29,208 | [SIFT-DBT] | INFO | candidates.f_swin_sift_dbt.model_trainers.stage2_trainer | S2-Ep [015/500] T-Acc:  96.0%  V-Acc:  16.7%  V-AUROC: 0.1000  LR: 1.00e-04
2026-07-05 19:16:51,330 | [SIFT-DBT] | INFO | candidates.f_swin_sift_dbt.model_trainers.stage2_trainer | S2-Ep [016/500] T-Acc:  96.0%  V-Acc:   8.3%  V-AUROC: 0.1000  LR: 1.00e-04
2026-07-05 19:17:13,526 | [SIFT-DBT] | INFO | candidates.f_swin_sift_dbt.model_trainers.stage2_trainer | S2-Ep [017/500] T-Acc:  96.0%  V-Acc:   8.3%  V-AUROC: 0.1000  LR: 1.00e-04
2026-07-05 19:17:35,668 | [SIFT-DBT] | INFO | candidates.f_swin_sift_dbt.model_trainers.stage2_trainer | S2-Ep [018/500] T-Acc:  96.0%  V-Acc:   8.3%  V-AUROC: 0.1000  LR: 2.00e-05
2026-07-05 19:17:57,799 | [SIFT-DBT] | INFO | candidates.f_swin_sift_dbt.model_trainers.stage2_trainer | S2-Ep [019/500] T-Acc:  96.0%  V-Acc:   8.3%  V-AUROC: 0.1000  LR: 2.00e-05
2026-07-05 19:18:19,918 | [SIFT-DBT] | INFO | candidates.f_swin_sift_dbt.model_trainers.stage2_trainer | S2-Ep [020/500] T-Acc:  96.0%  V-Acc:   8.3%  V-AUROC: 0.1000  LR: 2.00e-05
2026-07-05 19:18:42,045 | [SIFT-DBT] | INFO | candidates.f_swin_sift_dbt.model_trainers.stage2_trainer | S2-Ep [021/500] T-Acc:  96.0%  V-Acc:   8.3%  V-AUROC: 0.1000  LR: 2.00e-05
2026-07-05 19:19:04,254 | [SIFT-DBT] | INFO | candidates.f_swin_sift_dbt.model_trainers.stage2_trainer | S2-Ep [022/500] T-Acc:  96.0%  V-Acc:   8.3%  V-AUROC: 0.1000  LR: 2.00e-05
2026-07-05 19:19:26,373 | [SIFT-DBT] | INFO | candidates.f_swin_sift_dbt.model_trainers.stage2_trainer | S2-Ep [023/500] T-Acc:  96.0%  V-Acc:   8.3%  V-AUROC: 0.1000  LR: 2.00e-05
2026-07-05 19:19:48,517 | [SIFT-DBT] | INFO | candidates.f_swin_sift_dbt.model_trainers.stage2_trainer | S2-Ep [024/500] T-Acc:  96.0%  V-Acc:   8.3%  V-AUROC: 0.1000  LR: 2.00e-05
2026-07-05 19:20:10,660 | [SIFT-DBT] | INFO | candidates.f_swin_sift_dbt.model_trainers.stage2_trainer | S2-Ep [025/500] T-Acc:  96.0%  V-Acc:  16.7%  V-AUROC: 0.1000  LR: 2.00e-05
2026-07-05 19:20:32,783 | [SIFT-DBT] | INFO | candidates.f_swin_sift_dbt.model_trainers.stage2_trainer | S2-Ep [026/500] T-Acc:  96.0%  V-Acc:  16.7%  V-AUROC: 0.1000  LR: 2.00e-05
2026-07-05 19:20:54,943 | [SIFT-DBT] | INFO | candidates.f_swin_sift_dbt.model_trainers.stage2_trainer | S2-Ep [027/500] T-Acc:  96.0%  V-Acc:   8.3%  V-AUROC: 0.1000  LR: 2.00e-05
2026-07-05 19:21:17,068 | [SIFT-DBT] | INFO | candidates.f_swin_sift_dbt.model_trainers.stage2_trainer | S2-Ep [028/500] T-Acc:  96.0%  V-Acc:   8.3%  V-AUROC: 0.1000  LR: 2.00e-05
2026-07-05 19:21:39,190 | [SIFT-DBT] | INFO | candidates.f_swin_sift_dbt.model_trainers.stage2_trainer | S2-Ep [029/500] T-Acc:  96.0%  V-Acc:  16.7%  V-AUROC: 0.1000  LR: 4.00e-06
2026-07-05 19:22:01,382 | [SIFT-DBT] | INFO | candidates.f_swin_sift_dbt.model_trainers.stage2_trainer | S2-Ep [030/500] T-Acc:  96.0%  V-Acc:  16.7%  V-AUROC: 0.1000  LR: 4.00e-06
2026-07-05 19:22:23,563 | [SIFT-DBT] | INFO | candidates.f_swin_sift_dbt.model_trainers.stage2_trainer | S2-Ep [031/500] T-Acc:  96.0%  V-Acc:  16.7%  V-AUROC: 0.1000  LR: 4.00e-06
2026-07-05 19:22:23,563 | [SIFT-DBT] | INFO | candidates.f_swin_sift_dbt.model_trainers.stage2_trainer | Stage 2 early stop — best AUROC 0.2500 at epoch 1
2026-07-05 19:22:23,731 | [SIFT-DBT] | INFO | candidates.f_swin_sift_dbt.model_trainers.stage2_trainer | Restored best-AUROC Stage 2 state (epoch 1, AUROC 0.2500)
2026-07-05 19:22:23,731 | [SIFT-DBT] | INFO | candidates.f_swin_sift_dbt.model_trainers.stage2_trainer | Stage 2 done. Best val AUROC: 0.2500 (epoch 1)
2026-07-05 19:22:38,241 | [SIFT-DBT] | INFO | candidates.f_swin_sift_dbt.hybrid_trainer | -> Fold 29 Result | Acc=0.250  Sens=0.100  Spec=1.000  AUROC=0.250  (S1 val-loss=0.6071)
2026-07-05 19:22:38,242 | [SIFT-DBT] | INFO | candidates.f_swin_sift_dbt.hybrid_trainer | ============================================================
2026-07-05 19:22:38,242 | [SIFT-DBT] | INFO | candidates.f_swin_sift_dbt.hybrid_trainer | === Fold 30/30 | train: 25 subj | test: 12 subj ===
2026-07-05 19:22:38,245 | [SIFT-DBT] | INFO | candidates.f_swin_sift_dbt.hybrid_trainer | Stage 1 fold 30 — flat windows: train 5630 (subj=22)  val 816 (subj=3)
2026-07-05 19:22:38,532 | [SIFT-DBT] | INFO | httpx | HTTP Request: HEAD https://huggingface.co/microsoft/swin-tiny-patch4-window7-224/resolve/main/config.json "HTTP/1.1 307 Temporary Redirect"
2026-07-05 19:22:38,547 | [SIFT-DBT] | INFO | httpx | HTTP Request: HEAD https://huggingface.co/api/resolve-cache/models/microsoft/swin-tiny-patch4-window7-224/d00d478bfaf1f417d34a1186673ad4b4be264c51/config.json "HTTP/1.1 200 OK"
2026-07-05 19:22:38,818 | [SIFT-DBT] | INFO | httpx | HTTP Request: HEAD https://huggingface.co/microsoft/swin-tiny-patch4-window7-224/resolve/main/model.safetensors "HTTP/1.1 302 Found"
2026-07-05 19:22:39,317 | [SIFT-DBT] | INFO | candidates.f_swin_sift_dbt.model_trainers.stage1_trainer | Stage 1 CE weights — HC: 1.087  MCI: 0.926
2026-07-05 19:23:22,728 | [SIFT-DBT] | INFO | candidates.f_swin_sift_dbt.model_trainers.stage1_trainer | S1-Ep [001/50] T-Loss: 0.6881  T-Acc:  53.9%  V-Loss: 0.7024  V-Acc:  50.2%  LR: 1.00e-05
2026-07-05 19:24:06,206 | [SIFT-DBT] | INFO | candidates.f_swin_sift_dbt.model_trainers.stage1_trainer | S1-Ep [002/50] T-Loss: 0.6830  T-Acc:  56.4%  V-Loss: 0.7373  V-Acc:  41.1%  LR: 2.00e-05
2026-07-05 19:24:49,466 | [SIFT-DBT] | INFO | candidates.f_swin_sift_dbt.model_trainers.stage1_trainer | S1-Ep [003/50] T-Loss: 0.6671  T-Acc:  58.9%  V-Loss: 0.7069  V-Acc:  53.3%  LR: 3.00e-05
2026-07-05 19:25:32,691 | [SIFT-DBT] | INFO | candidates.f_swin_sift_dbt.model_trainers.stage1_trainer | S1-Ep [004/50] T-Loss: 0.6397  T-Acc:  62.3%  V-Loss: 0.7947  V-Acc:  42.6%  LR: 4.00e-05
2026-07-05 19:26:15,974 | [SIFT-DBT] | INFO | candidates.f_swin_sift_dbt.model_trainers.stage1_trainer | S1-Ep [005/50] T-Loss: 0.6118  T-Acc:  66.2%  V-Loss: 0.8636  V-Acc:  40.2%  LR: 5.00e-05
2026-07-05 19:26:59,274 | [SIFT-DBT] | INFO | candidates.f_swin_sift_dbt.model_trainers.stage1_trainer | S1-Ep [006/50] T-Loss: 0.5842  T-Acc:  69.0%  V-Loss: 0.8107  V-Acc:  48.4%  LR: 5.00e-05
2026-07-05 19:27:42,520 | [SIFT-DBT] | INFO | candidates.f_swin_sift_dbt.model_trainers.stage1_trainer | S1-Ep [007/50] T-Loss: 0.4772  T-Acc:  77.0%  V-Loss: 0.9614  V-Acc:  51.6%  LR: 5.00e-05
2026-07-05 19:28:25,751 | [SIFT-DBT] | INFO | candidates.f_swin_sift_dbt.model_trainers.stage1_trainer | S1-Ep [008/50] T-Loss: 0.3629  T-Acc:  84.4%  V-Loss: 1.0299  V-Acc:  54.8%  LR: 5.00e-05
2026-07-05 19:29:08,986 | [SIFT-DBT] | INFO | candidates.f_swin_sift_dbt.model_trainers.stage1_trainer | S1-Ep [009/50] T-Loss: 0.2725  T-Acc:  89.3%  V-Loss: 1.1598  V-Acc:  59.6%  LR: 5.00e-05
2026-07-05 19:29:52,242 | [SIFT-DBT] | INFO | candidates.f_swin_sift_dbt.model_trainers.stage1_trainer | S1-Ep [010/50] T-Loss: 0.1849  T-Acc:  92.7%  V-Loss: 1.8214  V-Acc:  49.0%  LR: 5.00e-05
2026-07-05 19:30:35,493 | [SIFT-DBT] | INFO | candidates.f_swin_sift_dbt.model_trainers.stage1_trainer | S1-Ep [011/50] T-Loss: 0.1535  T-Acc:  94.1%  V-Loss: 1.6444  V-Acc:  61.8%  LR: 5.00e-05
2026-07-05 19:30:35,493 | [SIFT-DBT] | INFO | candidates.f_swin_sift_dbt.model_trainers.stage1_trainer | Stage 1 early stop — best val loss 0.7024 at epoch 1
2026-07-05 19:30:35,494 | [SIFT-DBT] | INFO | candidates.f_swin_sift_dbt.model_trainers.stage1_trainer | Stage 1 done. Best val loss: 0.7024 (epoch 1)
2026-07-05 19:30:35,570 | [SIFT-DBT] | INFO | candidates.f_swin_sift_dbt.hybrid_trainer | Stage 2 fold 30 — bundles: train 25 (subj=25)  test 12 (subj=12)
2026-07-05 19:30:35,863 | [SIFT-DBT] | INFO | httpx | HTTP Request: HEAD https://huggingface.co/microsoft/swin-tiny-patch4-window7-224/resolve/main/config.json "HTTP/1.1 307 Temporary Redirect"
2026-07-05 19:30:35,880 | [SIFT-DBT] | INFO | httpx | HTTP Request: HEAD https://huggingface.co/api/resolve-cache/models/microsoft/swin-tiny-patch4-window7-224/d00d478bfaf1f417d34a1186673ad4b4be264c51/config.json "HTTP/1.1 200 OK"
2026-07-05 19:30:36,160 | [SIFT-DBT] | INFO | httpx | HTTP Request: HEAD https://huggingface.co/microsoft/swin-tiny-patch4-window7-224/resolve/main/model.safetensors "HTTP/1.1 302 Found"
2026-07-05 19:30:36,696 | [SIFT-DBT] | INFO | candidates.f_swin_sift_dbt.model_trainers.stage2_trainer | Stage 2 trainable params: 0.074 M  |  frozen: 27.519 M
2026-07-05 19:30:36,697 | [SIFT-DBT] | INFO | candidates.f_swin_sift_dbt.model_trainers.stage2_trainer | Stage 2 CE weights — HC: 1.136  MCI: 0.893
2026-07-05 19:30:58,968 | [SIFT-DBT] | INFO | candidates.f_swin_sift_dbt.model_trainers.stage2_trainer | S2-Ep [001/500] T-Acc:   4.0%  V-Acc:  25.0%  V-AUROC: 0.3704  LR: 2.00e-05
2026-07-05 19:31:21,367 | [SIFT-DBT] | INFO | candidates.f_swin_sift_dbt.model_trainers.stage2_trainer | S2-Ep [002/500] T-Acc:  24.0%  V-Acc:  25.0%  V-AUROC: 0.4074  LR: 4.00e-05
2026-07-05 19:31:46,031 | [SIFT-DBT] | INFO | candidates.f_swin_sift_dbt.model_trainers.stage2_trainer | S2-Ep [003/500] T-Acc:  56.0%  V-Acc:  25.0%  V-AUROC: 0.4444  LR: 6.00e-05
2026-07-05 19:32:09,281 | [SIFT-DBT] | INFO | candidates.f_swin_sift_dbt.model_trainers.stage2_trainer | S2-Ep [004/500] T-Acc:  92.0%  V-Acc:  25.0%  V-AUROC: 0.5926  LR: 8.00e-05
2026-07-05 19:32:32,754 | [SIFT-DBT] | INFO | candidates.f_swin_sift_dbt.model_trainers.stage2_trainer | S2-Ep [005/500] T-Acc:  96.0%  V-Acc:  25.0%  V-AUROC: 0.6296  LR: 1.00e-04
2026-07-05 19:32:56,253 | [SIFT-DBT] | INFO | candidates.f_swin_sift_dbt.model_trainers.stage2_trainer | S2-Ep [006/500] T-Acc:  96.0%  V-Acc:  25.0%  V-AUROC: 0.6296  LR: 1.00e-04
2026-07-05 19:33:18,358 | [SIFT-DBT] | INFO | candidates.f_swin_sift_dbt.model_trainers.stage2_trainer | S2-Ep [007/500] T-Acc:  96.0%  V-Acc:  25.0%  V-AUROC: 0.6296  LR: 1.00e-04
2026-07-05 19:33:40,471 | [SIFT-DBT] | INFO | candidates.f_swin_sift_dbt.model_trainers.stage2_trainer | S2-Ep [008/500] T-Acc:  96.0%  V-Acc:  25.0%  V-AUROC: 0.6296  LR: 1.00e-04
2026-07-05 19:34:02,628 | [SIFT-DBT] | INFO | candidates.f_swin_sift_dbt.model_trainers.stage2_trainer | S2-Ep [009/500] T-Acc:  96.0%  V-Acc:  25.0%  V-AUROC: 0.6296  LR: 1.00e-04
2026-07-05 19:34:24,788 | [SIFT-DBT] | INFO | candidates.f_swin_sift_dbt.model_trainers.stage2_trainer | S2-Ep [010/500] T-Acc:  96.0%  V-Acc:  25.0%  V-AUROC: 0.6296  LR: 1.00e-04
2026-07-05 19:34:46,914 | [SIFT-DBT] | INFO | candidates.f_swin_sift_dbt.model_trainers.stage2_trainer | S2-Ep [011/500] T-Acc:  96.0%  V-Acc:  25.0%  V-AUROC: 0.6296  LR: 1.00e-04
2026-07-05 19:35:09,039 | [SIFT-DBT] | INFO | candidates.f_swin_sift_dbt.model_trainers.stage2_trainer | S2-Ep [012/500] T-Acc:  96.0%  V-Acc:  41.7%  V-AUROC: 0.6296  LR: 1.00e-04
2026-07-05 19:35:31,179 | [SIFT-DBT] | INFO | candidates.f_swin_sift_dbt.model_trainers.stage2_trainer | S2-Ep [013/500] T-Acc:  96.0%  V-Acc:  41.7%  V-AUROC: 0.6296  LR: 1.00e-04
2026-07-05 19:35:53,302 | [SIFT-DBT] | INFO | candidates.f_swin_sift_dbt.model_trainers.stage2_trainer | S2-Ep [014/500] T-Acc:  96.0%  V-Acc:  41.7%  V-AUROC: 0.6296  LR: 1.00e-04
2026-07-05 19:36:15,471 | [SIFT-DBT] | INFO | candidates.f_swin_sift_dbt.model_trainers.stage2_trainer | S2-Ep [015/500] T-Acc: 100.0%  V-Acc:  50.0%  V-AUROC: 0.6296  LR: 1.00e-04
2026-07-05 19:36:37,582 | [SIFT-DBT] | INFO | candidates.f_swin_sift_dbt.model_trainers.stage2_trainer | S2-Ep [016/500] T-Acc: 100.0%  V-Acc:  50.0%  V-AUROC: 0.6296  LR: 1.00e-04
2026-07-05 19:36:59,764 | [SIFT-DBT] | INFO | candidates.f_swin_sift_dbt.model_trainers.stage2_trainer | S2-Ep [017/500] T-Acc: 100.0%  V-Acc:  41.7%  V-AUROC: 0.6296  LR: 1.00e-04
2026-07-05 19:37:21,873 | [SIFT-DBT] | INFO | candidates.f_swin_sift_dbt.model_trainers.stage2_trainer | S2-Ep [018/500] T-Acc:  96.0%  V-Acc:  41.7%  V-AUROC: 0.6296  LR: 2.00e-05
2026-07-05 19:37:44,025 | [SIFT-DBT] | INFO | candidates.f_swin_sift_dbt.model_trainers.stage2_trainer | S2-Ep [019/500] T-Acc:  96.0%  V-Acc:  41.7%  V-AUROC: 0.6296  LR: 2.00e-05
2026-07-05 19:38:06,175 | [SIFT-DBT] | INFO | candidates.f_swin_sift_dbt.model_trainers.stage2_trainer | S2-Ep [020/500] T-Acc: 100.0%  V-Acc:  41.7%  V-AUROC: 0.6296  LR: 2.00e-05
2026-07-05 19:38:28,347 | [SIFT-DBT] | INFO | candidates.f_swin_sift_dbt.model_trainers.stage2_trainer | S2-Ep [021/500] T-Acc:  96.0%  V-Acc:  41.7%  V-AUROC: 0.6296  LR: 2.00e-05
2026-07-05 19:38:50,518 | [SIFT-DBT] | INFO | candidates.f_swin_sift_dbt.model_trainers.stage2_trainer | S2-Ep [022/500] T-Acc: 100.0%  V-Acc:  41.7%  V-AUROC: 0.6296  LR: 2.00e-05
2026-07-05 19:39:12,923 | [SIFT-DBT] | INFO | candidates.f_swin_sift_dbt.model_trainers.stage2_trainer | S2-Ep [023/500] T-Acc:  96.0%  V-Acc:  41.7%  V-AUROC: 0.6296  LR: 2.00e-05
2026-07-05 19:39:35,028 | [SIFT-DBT] | INFO | candidates.f_swin_sift_dbt.model_trainers.stage2_trainer | S2-Ep [024/500] T-Acc: 100.0%  V-Acc:  41.7%  V-AUROC: 0.6296  LR: 2.00e-05
2026-07-05 19:39:57,125 | [SIFT-DBT] | INFO | candidates.f_swin_sift_dbt.model_trainers.stage2_trainer | S2-Ep [025/500] T-Acc: 100.0%  V-Acc:  41.7%  V-AUROC: 0.6296  LR: 2.00e-05
2026-07-05 19:40:19,225 | [SIFT-DBT] | INFO | candidates.f_swin_sift_dbt.model_trainers.stage2_trainer | S2-Ep [026/500] T-Acc: 100.0%  V-Acc:  41.7%  V-AUROC: 0.6667  LR: 2.00e-05
2026-07-05 19:40:42,535 | [SIFT-DBT] | INFO | candidates.f_swin_sift_dbt.model_trainers.stage2_trainer | S2-Ep [027/500] T-Acc: 100.0%  V-Acc:  41.7%  V-AUROC: 0.6667  LR: 2.00e-05
2026-07-05 19:41:04,643 | [SIFT-DBT] | INFO | candidates.f_swin_sift_dbt.model_trainers.stage2_trainer | S2-Ep [028/500] T-Acc: 100.0%  V-Acc:  41.7%  V-AUROC: 0.6667  LR: 2.00e-05
2026-07-05 19:41:26,741 | [SIFT-DBT] | INFO | candidates.f_swin_sift_dbt.model_trainers.stage2_trainer | S2-Ep [029/500] T-Acc:  96.0%  V-Acc:  41.7%  V-AUROC: 0.6667  LR: 2.00e-05
2026-07-05 19:41:48,899 | [SIFT-DBT] | INFO | candidates.f_swin_sift_dbt.model_trainers.stage2_trainer | S2-Ep [030/500] T-Acc:  96.0%  V-Acc:  41.7%  V-AUROC: 0.6667  LR: 2.00e-05
2026-07-05 19:42:11,004 | [SIFT-DBT] | INFO | candidates.f_swin_sift_dbt.model_trainers.stage2_trainer | S2-Ep [031/500] T-Acc:  96.0%  V-Acc:  41.7%  V-AUROC: 0.6667  LR: 2.00e-05
2026-07-05 19:42:33,168 | [SIFT-DBT] | INFO | candidates.f_swin_sift_dbt.model_trainers.stage2_trainer | S2-Ep [032/500] T-Acc:  96.0%  V-Acc:  41.7%  V-AUROC: 0.6667  LR: 2.00e-05
2026-07-05 19:42:55,279 | [SIFT-DBT] | INFO | candidates.f_swin_sift_dbt.model_trainers.stage2_trainer | S2-Ep [033/500] T-Acc: 100.0%  V-Acc:  41.7%  V-AUROC: 0.6667  LR: 2.00e-05
2026-07-05 19:43:17,377 | [SIFT-DBT] | INFO | candidates.f_swin_sift_dbt.model_trainers.stage2_trainer | S2-Ep [034/500] T-Acc: 100.0%  V-Acc:  41.7%  V-AUROC: 0.6667  LR: 2.00e-05
2026-07-05 19:43:39,551 | [SIFT-DBT] | INFO | candidates.f_swin_sift_dbt.model_trainers.stage2_trainer | S2-Ep [035/500] T-Acc: 100.0%  V-Acc:  41.7%  V-AUROC: 0.6667  LR: 2.00e-05
2026-07-05 19:44:01,663 | [SIFT-DBT] | INFO | candidates.f_swin_sift_dbt.model_trainers.stage2_trainer | S2-Ep [036/500] T-Acc:  96.0%  V-Acc:  41.7%  V-AUROC: 0.6667  LR: 2.00e-05
2026-07-05 19:44:23,795 | [SIFT-DBT] | INFO | candidates.f_swin_sift_dbt.model_trainers.stage2_trainer | S2-Ep [037/500] T-Acc: 100.0%  V-Acc:  41.7%  V-AUROC: 0.6667  LR: 2.00e-05
2026-07-05 19:44:45,946 | [SIFT-DBT] | INFO | candidates.f_swin_sift_dbt.model_trainers.stage2_trainer | S2-Ep [038/500] T-Acc: 100.0%  V-Acc:  41.7%  V-AUROC: 0.6667  LR: 4.00e-06
2026-07-05 19:45:08,052 | [SIFT-DBT] | INFO | candidates.f_swin_sift_dbt.model_trainers.stage2_trainer | S2-Ep [039/500] T-Acc:  96.0%  V-Acc:  41.7%  V-AUROC: 0.6667  LR: 4.00e-06
2026-07-05 19:45:30,154 | [SIFT-DBT] | INFO | candidates.f_swin_sift_dbt.model_trainers.stage2_trainer | S2-Ep [040/500] T-Acc: 100.0%  V-Acc:  41.7%  V-AUROC: 0.6667  LR: 4.00e-06
2026-07-05 19:45:52,253 | [SIFT-DBT] | INFO | candidates.f_swin_sift_dbt.model_trainers.stage2_trainer | S2-Ep [041/500] T-Acc: 100.0%  V-Acc:  41.7%  V-AUROC: 0.6667  LR: 4.00e-06
2026-07-05 19:46:14,388 | [SIFT-DBT] | INFO | candidates.f_swin_sift_dbt.model_trainers.stage2_trainer | S2-Ep [042/500] T-Acc: 100.0%  V-Acc:  41.7%  V-AUROC: 0.6667  LR: 4.00e-06
2026-07-05 19:46:36,550 | [SIFT-DBT] | INFO | candidates.f_swin_sift_dbt.model_trainers.stage2_trainer | S2-Ep [043/500] T-Acc: 100.0%  V-Acc:  41.7%  V-AUROC: 0.6667  LR: 4.00e-06
2026-07-05 19:46:58,660 | [SIFT-DBT] | INFO | candidates.f_swin_sift_dbt.model_trainers.stage2_trainer | S2-Ep [044/500] T-Acc: 100.0%  V-Acc:  41.7%  V-AUROC: 0.6667  LR: 4.00e-06
2026-07-05 19:47:20,776 | [SIFT-DBT] | INFO | candidates.f_swin_sift_dbt.model_trainers.stage2_trainer | S2-Ep [045/500] T-Acc: 100.0%  V-Acc:  41.7%  V-AUROC: 0.6667  LR: 4.00e-06
2026-07-05 19:47:42,947 | [SIFT-DBT] | INFO | candidates.f_swin_sift_dbt.model_trainers.stage2_trainer | S2-Ep [046/500] T-Acc:  96.0%  V-Acc:  41.7%  V-AUROC: 0.6667  LR: 4.00e-06
2026-07-05 19:48:05,052 | [SIFT-DBT] | INFO | candidates.f_swin_sift_dbt.model_trainers.stage2_trainer | S2-Ep [047/500] T-Acc:  96.0%  V-Acc:  41.7%  V-AUROC: 0.6667  LR: 4.00e-06
2026-07-05 19:48:27,155 | [SIFT-DBT] | INFO | candidates.f_swin_sift_dbt.model_trainers.stage2_trainer | S2-Ep [048/500] T-Acc: 100.0%  V-Acc:  41.7%  V-AUROC: 0.6667  LR: 4.00e-06
2026-07-05 19:48:49,256 | [SIFT-DBT] | INFO | candidates.f_swin_sift_dbt.model_trainers.stage2_trainer | S2-Ep [049/500] T-Acc:  96.0%  V-Acc:  41.7%  V-AUROC: 0.6667  LR: 1.00e-06
2026-07-05 19:49:11,411 | [SIFT-DBT] | INFO | candidates.f_swin_sift_dbt.model_trainers.stage2_trainer | S2-Ep [050/500] T-Acc: 100.0%  V-Acc:  41.7%  V-AUROC: 0.6667  LR: 1.00e-06
2026-07-05 19:49:33,528 | [SIFT-DBT] | INFO | candidates.f_swin_sift_dbt.model_trainers.stage2_trainer | S2-Ep [051/500] T-Acc:  96.0%  V-Acc:  41.7%  V-AUROC: 0.6667  LR: 1.00e-06
2026-07-05 19:49:55,640 | [SIFT-DBT] | INFO | candidates.f_swin_sift_dbt.model_trainers.stage2_trainer | S2-Ep [052/500] T-Acc:  96.0%  V-Acc:  41.7%  V-AUROC: 0.6667  LR: 1.00e-06
2026-07-05 19:50:17,763 | [SIFT-DBT] | INFO | candidates.f_swin_sift_dbt.model_trainers.stage2_trainer | S2-Ep [053/500] T-Acc:  96.0%  V-Acc:  41.7%  V-AUROC: 0.6667  LR: 1.00e-06
2026-07-05 19:50:39,876 | [SIFT-DBT] | INFO | candidates.f_swin_sift_dbt.model_trainers.stage2_trainer | S2-Ep [054/500] T-Acc: 100.0%  V-Acc:  41.7%  V-AUROC: 0.6667  LR: 1.00e-06
2026-07-05 19:51:02,027 | [SIFT-DBT] | INFO | candidates.f_swin_sift_dbt.model_trainers.stage2_trainer | S2-Ep [055/500] T-Acc: 100.0%  V-Acc:  41.7%  V-AUROC: 0.6667  LR: 1.00e-06
2026-07-05 19:51:24,167 | [SIFT-DBT] | INFO | candidates.f_swin_sift_dbt.model_trainers.stage2_trainer | S2-Ep [056/500] T-Acc:  96.0%  V-Acc:  41.7%  V-AUROC: 0.6667  LR: 1.00e-06
2026-07-05 19:51:24,168 | [SIFT-DBT] | INFO | candidates.f_swin_sift_dbt.model_trainers.stage2_trainer | Stage 2 early stop — best AUROC 0.6667 at epoch 26
2026-07-05 19:51:24,336 | [SIFT-DBT] | INFO | candidates.f_swin_sift_dbt.model_trainers.stage2_trainer | Restored best-AUROC Stage 2 state (epoch 26, AUROC 0.6667)
2026-07-05 19:51:24,337 | [SIFT-DBT] | INFO | candidates.f_swin_sift_dbt.model_trainers.stage2_trainer | Stage 2 done. Best val AUROC: 0.6667 (epoch 26)
2026-07-05 19:51:38,944 | [SIFT-DBT] | INFO | candidates.f_swin_sift_dbt.hybrid_trainer | -> Fold 30 Result | Acc=0.417  Sens=0.222  Spec=1.000  AUROC=0.630  (S1 val-loss=0.7024)
2026-07-05 19:51:38,945 | [SIFT-DBT] | INFO | candidates.f_swin_sift_dbt.hybrid_trainer | ============================================================
2026-07-05 19:51:38,945 | [SIFT-DBT] | INFO | candidates.f_swin_sift_dbt.hybrid_trainer |   Hybrid SIFT-DBT MC-CV Results (30 folds)
2026-07-05 19:51:38,945 | [SIFT-DBT] | INFO | candidates.f_swin_sift_dbt.hybrid_trainer |   Accuracy    : 0.531 ± 0.142
2026-07-05 19:51:38,945 | [SIFT-DBT] | INFO | candidates.f_swin_sift_dbt.hybrid_trainer |   Sensitivity : 0.604 ± 0.398
2026-07-05 19:51:38,946 | [SIFT-DBT] | INFO | candidates.f_swin_sift_dbt.hybrid_trainer |   Specificity : 0.448 ± 0.453
2026-07-05 19:51:38,946 | [SIFT-DBT] | INFO | candidates.f_swin_sift_dbt.hybrid_trainer |   AUROC       : 0.699 ± 0.152
2026-07-05 19:51:38,946 | [SIFT-DBT] | INFO | candidates.f_swin_sift_dbt.hybrid_trainer | ============================================================
